label,team1,team2,seed,winner,end_reason,duration_secs
Mage+Warrior_vs_Warrior+Mage#as87Mage,Mage+Warrior,Warrior+Mage,0,draw,kill,27.17
Mage+Warrior_vs_Warrior+Mage#as87Mage,Mage+Warrior,Warrior+Mage,1,draw,kill,27.17
Mage+Warrior_vs_Warrior+Rogue#as87Mage,Mage+Warrior,Warrior+Rogue,0,team1,kill,21.00
Mage+Warrior_vs_Warrior+Rogue#as87Mage,Mage+Warrior,Warrior+Rogue,1,team2,kill,24.08
Mage+Warrior_vs_Warrior+Priest#as87Mage,Mage+Warrior,Warrior+Priest,0,team1,kill,25.70
Mage+Warrior_vs_Warrior+Priest#as87Mage,Mage+Warrior,Warrior+Priest,1,team1,kill,26.32
Mage+Warrior_vs_Warrior+Warlock#as87Mage,Mage+Warrior,Warrior+Warlock,0,team1,kill,26.90
Mage+Warrior_vs_Warrior+Warlock#as87Mage,Mage+Warrior,Warrior+Warlock,1,team1,kill,26.90
Mage+Warrior_vs_Warrior+Paladin#as87Mage,Mage+Warrior,Warrior+Paladin,0,team2,kill,41.85
Mage+Warrior_vs_Warrior+Paladin#as87Mage,Mage+Warrior,Warrior+Paladin,1,team2,kill,42.62
Mage+Warrior_vs_Warrior+Hunter#as87Mage,Mage+Warrior,Warrior+Hunter,0,team1,kill,25.63
Mage+Warrior_vs_Warrior+Hunter#as87Mage,Mage+Warrior,Warrior+Hunter,1,team1,kill,24.23
Mage+Warrior_vs_Warrior+Shaman#as87Mage,Mage+Warrior,Warrior+Shaman,0,team2,kill,22.07
Mage+Warrior_vs_Warrior+Shaman#as87Mage,Mage+Warrior,Warrior+Shaman,1,team2,kill,22.07
Mage+Warrior_vs_Mage+Rogue#as87Mage,Mage+Warrior,Mage+Rogue,0,team1,kill,16.50
Mage+Warrior_vs_Mage+Rogue#as87Mage,Mage+Warrior,Mage+Rogue,1,team1,kill,16.50
Mage+Warrior_vs_Mage+Priest#as87Mage,Mage+Warrior,Mage+Priest,0,team2,kill,19.03
Mage+Warrior_vs_Mage+Priest#as87Mage,Mage+Warrior,Mage+Priest,1,team2,kill,20.58
Mage+Warrior_vs_Mage+Warlock#as87Mage,Mage+Warrior,Mage+Warlock,0,team2,kill,14.22
Mage+Warrior_vs_Mage+Warlock#as87Mage,Mage+Warrior,Mage+Warlock,1,team2,kill,15.43
Mage+Warrior_vs_Mage+Paladin#as87Mage,Mage+Warrior,Mage+Paladin,0,team2,kill,23.58
Mage+Warrior_vs_Mage+Paladin#as87Mage,Mage+Warrior,Mage+Paladin,1,team2,kill,28.15
Mage+Warrior_vs_Mage+Hunter#as87Mage,Mage+Warrior,Mage+Hunter,0,team1,kill,21.15
Mage+Warrior_vs_Mage+Hunter#as87Mage,Mage+Warrior,Mage+Hunter,1,team1,kill,21.47
Mage+Warrior_vs_Mage+Shaman#as87Mage,Mage+Warrior,Mage+Shaman,0,team2,kill,26.65
Mage+Warrior_vs_Mage+Shaman#as87Mage,Mage+Warrior,Mage+Shaman,1,team2,kill,13.35
Mage+Warrior_vs_Rogue+Priest#as87Mage,Mage+Warrior,Rogue+Priest,0,team1,kill,18.85
Mage+Warrior_vs_Rogue+Priest#as87Mage,Mage+Warrior,Rogue+Priest,1,team1,kill,23.58
Mage+Warrior_vs_Rogue+Warlock#as87Mage,Mage+Warrior,Rogue+Warlock,0,team2,kill,22.17
Mage+Warrior_vs_Rogue+Warlock#as87Mage,Mage+Warrior,Rogue+Warlock,1,team2,kill,24.50
Mage+Warrior_vs_Rogue+Paladin#as87Mage,Mage+Warrior,Rogue+Paladin,0,team2,kill,32.48
Mage+Warrior_vs_Rogue+Paladin#as87Mage,Mage+Warrior,Rogue+Paladin,1,team2,kill,33.05
Mage+Warrior_vs_Rogue+Hunter#as87Mage,Mage+Warrior,Rogue+Hunter,0,team1,kill,30.45
Mage+Warrior_vs_Rogue+Hunter#as87Mage,Mage+Warrior,Rogue+Hunter,1,team2,kill,29.00
Mage+Warrior_vs_Rogue+Shaman#as87Mage,Mage+Warrior,Rogue+Shaman,0,team1,kill,23.23
Mage+Warrior_vs_Rogue+Shaman#as87Mage,Mage+Warrior,Rogue+Shaman,1,team2,kill,26.35
Mage+Warrior_vs_Priest+Warlock#as87Mage,Mage+Warrior,Priest+Warlock,0,team2,kill,29.43
Mage+Warrior_vs_Priest+Warlock#as87Mage,Mage+Warrior,Priest+Warlock,1,team2,kill,29.80
Mage+Warrior_vs_Priest+Hunter#as87Mage,Mage+Warrior,Priest+Hunter,0,team2,kill,40.92
Mage+Warrior_vs_Priest+Hunter#as87Mage,Mage+Warrior,Priest+Hunter,1,team2,kill,40.92
Mage+Warrior_vs_Warlock+Paladin#as87Mage,Mage+Warrior,Warlock+Paladin,0,team2,kill,40.77
Mage+Warrior_vs_Warlock+Paladin#as87Mage,Mage+Warrior,Warlock+Paladin,1,team1,kill,40.08
Mage+Warrior_vs_Warlock+Hunter#as87Mage,Mage+Warrior,Warlock+Hunter,0,team1,kill,23.70
Mage+Warrior_vs_Warlock+Hunter#as87Mage,Mage+Warrior,Warlock+Hunter,1,team1,kill,19.95
Mage+Warrior_vs_Warlock+Shaman#as87Mage,Mage+Warrior,Warlock+Shaman,0,team2,kill,32.78
Mage+Warrior_vs_Warlock+Shaman#as87Mage,Mage+Warrior,Warlock+Shaman,1,team2,kill,25.23
Mage+Warrior_vs_Paladin+Hunter#as87Mage,Mage+Warrior,Paladin+Hunter,0,team2,kill,41.25
Mage+Warrior_vs_Paladin+Hunter#as87Mage,Mage+Warrior,Paladin+Hunter,1,team2,kill,41.08
Mage+Warrior_vs_Hunter+Shaman#as87Mage,Mage+Warrior,Hunter+Shaman,0,team1,kill,35.93
Mage+Warrior_vs_Hunter+Shaman#as87Mage,Mage+Warrior,Hunter+Shaman,1,team1,kill,34.38
Mage+Rogue_vs_Warrior+Mage#as87Mage,Mage+Rogue,Warrior+Mage,0,team2,kill,23.42
Mage+Rogue_vs_Warrior+Mage#as87Mage,Mage+Rogue,Warrior+Mage,1,team2,kill,23.42
Mage+Rogue_vs_Warrior+Rogue#as87Mage,Mage+Rogue,Warrior+Rogue,0,team1,kill,16.50
Mage+Rogue_vs_Warrior+Rogue#as87Mage,Mage+Rogue,Warrior+Rogue,1,team1,kill,21.08
Mage+Rogue_vs_Warrior+Priest#as87Mage,Mage+Rogue,Warrior+Priest,0,team1,kill,20.32
Mage+Rogue_vs_Warrior+Priest#as87Mage,Mage+Rogue,Warrior+Priest,1,team1,kill,19.63
Mage+Rogue_vs_Warrior+Warlock#as87Mage,Mage+Rogue,Warrior+Warlock,0,team1,kill,17.93
Mage+Rogue_vs_Warrior+Warlock#as87Mage,Mage+Rogue,Warrior+Warlock,1,team1,kill,15.67
Mage+Rogue_vs_Warrior+Paladin#as87Mage,Mage+Rogue,Warrior+Paladin,0,team1,kill,36.72
Mage+Rogue_vs_Warrior+Paladin#as87Mage,Mage+Rogue,Warrior+Paladin,1,team1,kill,39.88
Mage+Rogue_vs_Warrior+Hunter#as87Mage,Mage+Rogue,Warrior+Hunter,0,team2,kill,27.98
Mage+Rogue_vs_Warrior+Hunter#as87Mage,Mage+Rogue,Warrior+Hunter,1,team2,kill,29.55
Mage+Rogue_vs_Warrior+Shaman#as87Mage,Mage+Rogue,Warrior+Shaman,0,team1,kill,18.38
Mage+Rogue_vs_Warrior+Shaman#as87Mage,Mage+Rogue,Warrior+Shaman,1,team1,kill,19.90
Mage+Rogue_vs_Mage+Rogue#as87Mage,Mage+Rogue,Mage+Rogue,0,team1,kill,21.97
Mage+Rogue_vs_Mage+Rogue#as87Mage,Mage+Rogue,Mage+Rogue,1,team2,kill,24.73
Mage+Rogue_vs_Mage+Priest#as87Mage,Mage+Rogue,Mage+Priest,0,team2,kill,15.73
Mage+Rogue_vs_Mage+Priest#as87Mage,Mage+Rogue,Mage+Priest,1,team2,kill,15.73
Mage+Rogue_vs_Mage+Warlock#as87Mage,Mage+Rogue,Mage+Warlock,0,team2,kill,17.17
Mage+Rogue_vs_Mage+Warlock#as87Mage,Mage+Rogue,Mage+Warlock,1,team2,kill,17.13
Mage+Rogue_vs_Mage+Paladin#as87Mage,Mage+Rogue,Mage+Paladin,0,team2,kill,24.05
Mage+Rogue_vs_Mage+Paladin#as87Mage,Mage+Rogue,Mage+Paladin,1,team2,kill,29.62
Mage+Rogue_vs_Mage+Hunter#as87Mage,Mage+Rogue,Mage+Hunter,0,team2,kill,17.05
Mage+Rogue_vs_Mage+Hunter#as87Mage,Mage+Rogue,Mage+Hunter,1,team2,kill,17.87
Mage+Rogue_vs_Mage+Shaman#as87Mage,Mage+Rogue,Mage+Shaman,0,team2,kill,15.78
Mage+Rogue_vs_Mage+Shaman#as87Mage,Mage+Rogue,Mage+Shaman,1,team2,kill,15.78
Mage+Rogue_vs_Rogue+Priest#as87Mage,Mage+Rogue,Rogue+Priest,0,team1,kill,21.80
Mage+Rogue_vs_Rogue+Priest#as87Mage,Mage+Rogue,Rogue+Priest,1,team1,kill,23.32
Mage+Rogue_vs_Rogue+Warlock#as87Mage,Mage+Rogue,Rogue+Warlock,0,team2,kill,22.82
Mage+Rogue_vs_Rogue+Warlock#as87Mage,Mage+Rogue,Rogue+Warlock,1,team1,kill,24.18
Mage+Rogue_vs_Rogue+Paladin#as87Mage,Mage+Rogue,Rogue+Paladin,0,team2,kill,32.70
Mage+Rogue_vs_Rogue+Paladin#as87Mage,Mage+Rogue,Rogue+Paladin,1,team2,kill,32.20
Mage+Rogue_vs_Rogue+Hunter#as87Mage,Mage+Rogue,Rogue+Hunter,0,team2,kill,23.70
Mage+Rogue_vs_Rogue+Hunter#as87Mage,Mage+Rogue,Rogue+Hunter,1,team2,kill,31.18
Mage+Rogue_vs_Rogue+Shaman#as87Mage,Mage+Rogue,Rogue+Shaman,0,team1,kill,23.73
Mage+Rogue_vs_Rogue+Shaman#as87Mage,Mage+Rogue,Rogue+Shaman,1,team2,kill,22.93
Mage+Rogue_vs_Priest+Warlock#as87Mage,Mage+Rogue,Priest+Warlock,0,team2,kill,37.72
Mage+Rogue_vs_Priest+Warlock#as87Mage,Mage+Rogue,Priest+Warlock,1,team2,kill,36.18
Mage+Rogue_vs_Priest+Hunter#as87Mage,Mage+Rogue,Priest+Hunter,0,team2,kill,44.62
Mage+Rogue_vs_Priest+Hunter#as87Mage,Mage+Rogue,Priest+Hunter,1,team2,kill,46.03
Mage+Rogue_vs_Warlock+Paladin#as87Mage,Mage+Rogue,Warlock+Paladin,0,team1,kill,28.45
Mage+Rogue_vs_Warlock+Paladin#as87Mage,Mage+Rogue,Warlock+Paladin,1,team1,kill,31.62
Mage+Rogue_vs_Warlock+Hunter#as87Mage,Mage+Rogue,Warlock+Hunter,0,team2,kill,23.95
Mage+Rogue_vs_Warlock+Hunter#as87Mage,Mage+Rogue,Warlock+Hunter,1,team2,kill,32.85
Mage+Rogue_vs_Warlock+Shaman#as87Mage,Mage+Rogue,Warlock+Shaman,0,team1,kill,22.50
Mage+Rogue_vs_Warlock+Shaman#as87Mage,Mage+Rogue,Warlock+Shaman,1,team1,kill,28.02
Mage+Rogue_vs_Paladin+Hunter#as87Mage,Mage+Rogue,Paladin+Hunter,0,team2,kill,53.70
Mage+Rogue_vs_Paladin+Hunter#as87Mage,Mage+Rogue,Paladin+Hunter,1,team2,kill,64.87
Mage+Rogue_vs_Hunter+Shaman#as87Mage,Mage+Rogue,Hunter+Shaman,0,team1,kill,28.68
Mage+Rogue_vs_Hunter+Shaman#as87Mage,Mage+Rogue,Hunter+Shaman,1,team1,kill,27.95
Mage+Priest_vs_Warrior+Mage#as87Mage,Mage+Priest,Warrior+Mage,0,team1,kill,20.67
Mage+Priest_vs_Warrior+Mage#as87Mage,Mage+Priest,Warrior+Mage,1,team1,kill,15.25
Mage+Priest_vs_Warrior+Rogue#as87Mage,Mage+Priest,Warrior+Rogue,0,team2,kill,35.52
Mage+Priest_vs_Warrior+Rogue#as87Mage,Mage+Priest,Warrior+Rogue,1,team1,kill,24.77
Mage+Priest_vs_Warrior+Priest#as87Mage,Mage+Priest,Warrior+Priest,0,team1,kill,33.42
Mage+Priest_vs_Warrior+Priest#as87Mage,Mage+Priest,Warrior+Priest,1,team1,kill,36.58
Mage+Priest_vs_Warrior+Warlock#as87Mage,Mage+Priest,Warrior+Warlock,0,team1,kill,29.67
Mage+Priest_vs_Warrior+Warlock#as87Mage,Mage+Priest,Warrior+Warlock,1,team1,kill,29.78
Mage+Priest_vs_Warrior+Paladin#as87Mage,Mage+Priest,Warrior+Paladin,0,team1,kill,44.75
Mage+Priest_vs_Warrior+Paladin#as87Mage,Mage+Priest,Warrior+Paladin,1,team1,kill,51.63
Mage+Priest_vs_Warrior+Hunter#as87Mage,Mage+Priest,Warrior+Hunter,0,team1,kill,26.85
Mage+Priest_vs_Warrior+Hunter#as87Mage,Mage+Priest,Warrior+Hunter,1,team1,kill,28.43
Mage+Priest_vs_Warrior+Shaman#as87Mage,Mage+Priest,Warrior+Shaman,0,team1,kill,36.92
Mage+Priest_vs_Warrior+Shaman#as87Mage,Mage+Priest,Warrior+Shaman,1,team1,kill,25.85
Mage+Priest_vs_Mage+Rogue#as87Mage,Mage+Priest,Mage+Rogue,0,team1,kill,15.73
Mage+Priest_vs_Mage+Rogue#as87Mage,Mage+Priest,Mage+Rogue,1,team1,kill,15.73
Mage+Priest_vs_Mage+Priest#as87Mage,Mage+Priest,Mage+Priest,0,team1,kill,36.65
Mage+Priest_vs_Mage+Priest#as87Mage,Mage+Priest,Mage+Priest,1,team1,kill,37.65
Mage+Priest_vs_Mage+Warlock#as87Mage,Mage+Priest,Mage+Warlock,0,team1,kill,23.90
Mage+Priest_vs_Mage+Warlock#as87Mage,Mage+Priest,Mage+Warlock,1,team1,kill,26.15
Mage+Priest_vs_Mage+Paladin#as87Mage,Mage+Priest,Mage+Paladin,0,team1,kill,74.88
Mage+Priest_vs_Mage+Paladin#as87Mage,Mage+Priest,Mage+Paladin,1,team2,kill,57.93
Mage+Priest_vs_Mage+Hunter#as87Mage,Mage+Priest,Mage+Hunter,0,team1,kill,22.32
Mage+Priest_vs_Mage+Hunter#as87Mage,Mage+Priest,Mage+Hunter,1,team1,kill,22.57
Mage+Priest_vs_Mage+Shaman#as87Mage,Mage+Priest,Mage+Shaman,0,team1,kill,65.27
Mage+Priest_vs_Mage+Shaman#as87Mage,Mage+Priest,Mage+Shaman,1,team1,kill,27.75
Mage+Priest_vs_Rogue+Priest#as87Mage,Mage+Priest,Rogue+Priest,0,team1,kill,43.55
Mage+Priest_vs_Rogue+Priest#as87Mage,Mage+Priest,Rogue+Priest,1,team1,kill,43.55
Mage+Priest_vs_Rogue+Warlock#as87Mage,Mage+Priest,Rogue+Warlock,0,team1,kill,33.60
Mage+Priest_vs_Rogue+Warlock#as87Mage,Mage+Priest,Rogue+Warlock,1,team1,kill,40.17
Mage+Priest_vs_Rogue+Paladin#as87Mage,Mage+Priest,Rogue+Paladin,0,team1,kill,49.52
Mage+Priest_vs_Rogue+Paladin#as87Mage,Mage+Priest,Rogue+Paladin,1,team1,kill,38.58
Mage+Priest_vs_Rogue+Hunter#as87Mage,Mage+Priest,Rogue+Hunter,0,team1,kill,24.45
Mage+Priest_vs_Rogue+Hunter#as87Mage,Mage+Priest,Rogue+Hunter,1,team1,kill,24.30
Mage+Priest_vs_Rogue+Shaman#as87Mage,Mage+Priest,Rogue+Shaman,0,team2,kill,24.10
Mage+Priest_vs_Rogue+Shaman#as87Mage,Mage+Priest,Rogue+Shaman,1,team1,kill,28.05
Mage+Priest_vs_Priest+Warlock#as87Mage,Mage+Priest,Priest+Warlock,0,team2,kill,65.38
Mage+Priest_vs_Priest+Warlock#as87Mage,Mage+Priest,Priest+Warlock,1,team2,kill,36.25
Mage+Priest_vs_Priest+Hunter#as87Mage,Mage+Priest,Priest+Hunter,0,team2,kill,54.83
Mage+Priest_vs_Priest+Hunter#as87Mage,Mage+Priest,Priest+Hunter,1,team2,kill,56.62
Mage+Priest_vs_Warlock+Paladin#as87Mage,Mage+Priest,Warlock+Paladin,0,team1,kill,86.32
Mage+Priest_vs_Warlock+Paladin#as87Mage,Mage+Priest,Warlock+Paladin,1,team1,kill,158.42
Mage+Priest_vs_Warlock+Hunter#as87Mage,Mage+Priest,Warlock+Hunter,0,team1,kill,24.30
Mage+Priest_vs_Warlock+Hunter#as87Mage,Mage+Priest,Warlock+Hunter,1,team1,kill,24.35
Mage+Priest_vs_Warlock+Shaman#as87Mage,Mage+Priest,Warlock+Shaman,0,team1,kill,19.37
Mage+Priest_vs_Warlock+Shaman#as87Mage,Mage+Priest,Warlock+Shaman,1,team1,kill,20.95
Mage+Priest_vs_Paladin+Hunter#as87Mage,Mage+Priest,Paladin+Hunter,0,team1,kill,74.17
Mage+Priest_vs_Paladin+Hunter#as87Mage,Mage+Priest,Paladin+Hunter,1,team1,kill,34.17
Mage+Priest_vs_Hunter+Shaman#as87Mage,Mage+Priest,Hunter+Shaman,0,team1,kill,26.70
Mage+Priest_vs_Hunter+Shaman#as87Mage,Mage+Priest,Hunter+Shaman,1,team1,kill,20.80
Mage+Warlock_vs_Warrior+Mage#as87Mage,Mage+Warlock,Warrior+Mage,0,team1,kill,17.47
Mage+Warlock_vs_Warrior+Mage#as87Mage,Mage+Warlock,Warrior+Mage,1,team1,kill,19.28
Mage+Warlock_vs_Warrior+Rogue#as87Mage,Mage+Warlock,Warrior+Rogue,0,team2,kill,23.07
Mage+Warlock_vs_Warrior+Rogue#as87Mage,Mage+Warlock,Warrior+Rogue,1,team1,kill,20.58
Mage+Warlock_vs_Warrior+Priest#as87Mage,Mage+Warlock,Warrior+Priest,0,team2,kill,28.73
Mage+Warlock_vs_Warrior+Priest#as87Mage,Mage+Warlock,Warrior+Priest,1,team1,kill,35.75
Mage+Warlock_vs_Warrior+Warlock#as87Mage,Mage+Warlock,Warrior+Warlock,0,team1,kill,18.93
Mage+Warlock_vs_Warrior+Warlock#as87Mage,Mage+Warlock,Warrior+Warlock,1,team1,kill,16.42
Mage+Warlock_vs_Warrior+Paladin#as87Mage,Mage+Warlock,Warrior+Paladin,0,team2,kill,30.95
Mage+Warlock_vs_Warrior+Paladin#as87Mage,Mage+Warlock,Warrior+Paladin,1,team2,kill,74.23
Mage+Warlock_vs_Warrior+Hunter#as87Mage,Mage+Warlock,Warrior+Hunter,0,team1,kill,19.78
Mage+Warlock_vs_Warrior+Hunter#as87Mage,Mage+Warlock,Warrior+Hunter,1,team1,kill,21.23
Mage+Warlock_vs_Warrior+Shaman#as87Mage,Mage+Warlock,Warrior+Shaman,0,team1,kill,32.22
Mage+Warlock_vs_Warrior+Shaman#as87Mage,Mage+Warlock,Warrior+Shaman,1,team1,kill,32.37
Mage+Warlock_vs_Mage+Rogue#as87Mage,Mage+Warlock,Mage+Rogue,0,team1,kill,17.38
Mage+Warlock_vs_Mage+Rogue#as87Mage,Mage+Warlock,Mage+Rogue,1,team1,kill,17.42
Mage+Warlock_vs_Mage+Priest#as87Mage,Mage+Warlock,Mage+Priest,0,team2,kill,20.43
Mage+Warlock_vs_Mage+Priest#as87Mage,Mage+Warlock,Mage+Priest,1,team2,kill,24.45
Mage+Warlock_vs_Mage+Warlock#as87Mage,Mage+Warlock,Mage+Warlock,0,draw,kill,18.77
Mage+Warlock_vs_Mage+Warlock#as87Mage,Mage+Warlock,Mage+Warlock,1,team2,kill,16.75
Mage+Warlock_vs_Mage+Paladin#as87Mage,Mage+Warlock,Mage+Paladin,0,team1,kill,47.33
Mage+Warlock_vs_Mage+Paladin#as87Mage,Mage+Warlock,Mage+Paladin,1,team1,kill,58.23
Mage+Warlock_vs_Mage+Hunter#as87Mage,Mage+Warlock,Mage+Hunter,0,team1,kill,15.23
Mage+Warlock_vs_Mage+Hunter#as87Mage,Mage+Warlock,Mage+Hunter,1,team1,kill,15.23
Mage+Warlock_vs_Mage+Shaman#as87Mage,Mage+Warlock,Mage+Shaman,0,team2,kill,20.02
Mage+Warlock_vs_Mage+Shaman#as87Mage,Mage+Warlock,Mage+Shaman,1,team2,kill,25.10
Mage+Warlock_vs_Rogue+Priest#as87Mage,Mage+Warlock,Rogue+Priest,0,team2,kill,33.80
Mage+Warlock_vs_Rogue+Priest#as87Mage,Mage+Warlock,Rogue+Priest,1,team2,kill,28.20
Mage+Warlock_vs_Rogue+Warlock#as87Mage,Mage+Warlock,Rogue+Warlock,0,team1,kill,26.85
Mage+Warlock_vs_Rogue+Warlock#as87Mage,Mage+Warlock,Rogue+Warlock,1,team1,kill,25.23
Mage+Warlock_vs_Rogue+Paladin#as87Mage,Mage+Warlock,Rogue+Paladin,0,team2,kill,59.22
Mage+Warlock_vs_Rogue+Paladin#as87Mage,Mage+Warlock,Rogue+Paladin,1,team2,kill,36.65
Mage+Warlock_vs_Rogue+Hunter#as87Mage,Mage+Warlock,Rogue+Hunter,0,team1,kill,21.95
Mage+Warlock_vs_Rogue+Hunter#as87Mage,Mage+Warlock,Rogue+Hunter,1,team1,kill,23.22
Mage+Warlock_vs_Rogue+Shaman#as87Mage,Mage+Warlock,Rogue+Shaman,0,team2,kill,28.08
Mage+Warlock_vs_Rogue+Shaman#as87Mage,Mage+Warlock,Rogue+Shaman,1,team2,kill,25.70
Mage+Warlock_vs_Priest+Warlock#as87Mage,Mage+Warlock,Priest+Warlock,0,team1,kill,22.80
Mage+Warlock_vs_Priest+Warlock#as87Mage,Mage+Warlock,Priest+Warlock,1,team1,kill,23.60
Mage+Warlock_vs_Priest+Hunter#as87Mage,Mage+Warlock,Priest+Hunter,0,team1,kill,17.43
Mage+Warlock_vs_Priest+Hunter#as87Mage,Mage+Warlock,Priest+Hunter,1,team1,kill,19.27
Mage+Warlock_vs_Warlock+Paladin#as87Mage,Mage+Warlock,Warlock+Paladin,0,team1,kill,40.80
Mage+Warlock_vs_Warlock+Paladin#as87Mage,Mage+Warlock,Warlock+Paladin,1,team1,kill,44.43
Mage+Warlock_vs_Warlock+Hunter#as87Mage,Mage+Warlock,Warlock+Hunter,0,team1,kill,18.48
Mage+Warlock_vs_Warlock+Hunter#as87Mage,Mage+Warlock,Warlock+Hunter,1,team1,kill,18.48
Mage+Warlock_vs_Warlock+Shaman#as87Mage,Mage+Warlock,Warlock+Shaman,0,team1,kill,21.72
Mage+Warlock_vs_Warlock+Shaman#as87Mage,Mage+Warlock,Warlock+Shaman,1,team1,kill,24.50
Mage+Warlock_vs_Paladin+Hunter#as87Mage,Mage+Warlock,Paladin+Hunter,0,team1,kill,34.85
Mage+Warlock_vs_Paladin+Hunter#as87Mage,Mage+Warlock,Paladin+Hunter,1,team1,kill,44.18
Mage+Warlock_vs_Hunter+Shaman#as87Mage,Mage+Warlock,Hunter+Shaman,0,team1,kill,30.73
Mage+Warlock_vs_Hunter+Shaman#as87Mage,Mage+Warlock,Hunter+Shaman,1,team1,kill,31.72
Mage+Paladin_vs_Warrior+Mage#as87Mage,Mage+Paladin,Warrior+Mage,0,team1,kill,15.25
Mage+Paladin_vs_Warrior+Mage#as87Mage,Mage+Paladin,Warrior+Mage,1,team1,kill,19.18
Mage+Paladin_vs_Warrior+Rogue#as87Mage,Mage+Paladin,Warrior+Rogue,0,team1,kill,24.10
Mage+Paladin_vs_Warrior+Rogue#as87Mage,Mage+Paladin,Warrior+Rogue,1,team1,kill,25.22
Mage+Paladin_vs_Warrior+Priest#as87Mage,Mage+Paladin,Warrior+Priest,0,team1,kill,44.70
Mage+Paladin_vs_Warrior+Priest#as87Mage,Mage+Paladin,Warrior+Priest,1,team1,kill,79.84
Mage+Paladin_vs_Warrior+Warlock#as87Mage,Mage+Paladin,Warrior+Warlock,0,team1,kill,35.72
Mage+Paladin_vs_Warrior+Warlock#as87Mage,Mage+Paladin,Warrior+Warlock,1,team1,kill,33.05
Mage+Paladin_vs_Warrior+Paladin#as87Mage,Mage+Paladin,Warrior+Paladin,0,team2,kill,63.63
Mage+Paladin_vs_Warrior+Paladin#as87Mage,Mage+Paladin,Warrior+Paladin,1,team1,kill,97.09
Mage+Paladin_vs_Warrior+Hunter#as87Mage,Mage+Paladin,Warrior+Hunter,0,team1,kill,30.18
Mage+Paladin_vs_Warrior+Hunter#as87Mage,Mage+Paladin,Warrior+Hunter,1,team1,kill,30.27
Mage+Paladin_vs_Warrior+Shaman#as87Mage,Mage+Paladin,Warrior+Shaman,0,team1,kill,43.73
Mage+Paladin_vs_Warrior+Shaman#as87Mage,Mage+Paladin,Warrior+Shaman,1,team1,kill,39.65
Mage+Paladin_vs_Mage+Rogue#as87Mage,Mage+Paladin,Mage+Rogue,0,team1,kill,34.22
Mage+Paladin_vs_Mage+Rogue#as87Mage,Mage+Paladin,Mage+Rogue,1,team1,kill,29.62
Mage+Paladin_vs_Mage+Priest#as87Mage,Mage+Paladin,Mage+Priest,0,team2,kill,64.33
Mage+Paladin_vs_Mage+Priest#as87Mage,Mage+Paladin,Mage+Priest,1,team1,kill,55.03
Mage+Paladin_vs_Mage+Warlock#as87Mage,Mage+Paladin,Mage+Warlock,0,team2,kill,46.10
Mage+Paladin_vs_Mage+Warlock#as87Mage,Mage+Paladin,Mage+Warlock,1,team2,kill,47.17
Mage+Paladin_vs_Mage+Paladin#as87Mage,Mage+Paladin,Mage+Paladin,0,team1,kill,190.55
Mage+Paladin_vs_Mage+Paladin#as87Mage,Mage+Paladin,Mage+Paladin,1,team2,kill,181.55
Mage+Paladin_vs_Mage+Hunter#as87Mage,Mage+Paladin,Mage+Hunter,0,team1,kill,27.13
Mage+Paladin_vs_Mage+Hunter#as87Mage,Mage+Paladin,Mage+Hunter,1,team1,kill,27.13
Mage+Paladin_vs_Mage+Shaman#as87Mage,Mage+Paladin,Mage+Shaman,0,team1,kill,25.03
Mage+Paladin_vs_Mage+Shaman#as87Mage,Mage+Paladin,Mage+Shaman,1,team1,kill,32.28
Mage+Paladin_vs_Rogue+Priest#as87Mage,Mage+Paladin,Rogue+Priest,0,team2,kill,78.27
Mage+Paladin_vs_Rogue+Priest#as87Mage,Mage+Paladin,Rogue+Priest,1,team2,kill,74.87
Mage+Paladin_vs_Rogue+Warlock#as87Mage,Mage+Paladin,Rogue+Warlock,0,team1,kill,25.85
Mage+Paladin_vs_Rogue+Warlock#as87Mage,Mage+Paladin,Rogue+Warlock,1,team1,kill,42.30
Mage+Paladin_vs_Rogue+Paladin#as87Mage,Mage+Paladin,Rogue+Paladin,0,team2,kill,97.02
Mage+Paladin_vs_Rogue+Paladin#as87Mage,Mage+Paladin,Rogue+Paladin,1,team2,kill,97.72
Mage+Paladin_vs_Rogue+Hunter#as87Mage,Mage+Paladin,Rogue+Hunter,0,team1,kill,34.77
Mage+Paladin_vs_Rogue+Hunter#as87Mage,Mage+Paladin,Rogue+Hunter,1,team1,kill,33.13
Mage+Paladin_vs_Rogue+Shaman#as87Mage,Mage+Paladin,Rogue+Shaman,0,team1,kill,46.92
Mage+Paladin_vs_Rogue+Shaman#as87Mage,Mage+Paladin,Rogue+Shaman,1,team1,kill,35.30
Mage+Paladin_vs_Priest+Warlock#as87Mage,Mage+Paladin,Priest+Warlock,0,team2,kill,69.40
Mage+Paladin_vs_Priest+Warlock#as87Mage,Mage+Paladin,Priest+Warlock,1,team1,kill,67.30
Mage+Paladin_vs_Priest+Hunter#as87Mage,Mage+Paladin,Priest+Hunter,0,team1,kill,75.72
Mage+Paladin_vs_Priest+Hunter#as87Mage,Mage+Paladin,Priest+Hunter,1,team1,kill,93.86
Mage+Paladin_vs_Warlock+Paladin#as87Mage,Mage+Paladin,Warlock+Paladin,0,team2,kill,149.02
Mage+Paladin_vs_Warlock+Paladin#as87Mage,Mage+Paladin,Warlock+Paladin,1,team1,kill,156.14
Mage+Paladin_vs_Warlock+Hunter#as87Mage,Mage+Paladin,Warlock+Hunter,0,team1,kill,29.42
Mage+Paladin_vs_Warlock+Hunter#as87Mage,Mage+Paladin,Warlock+Hunter,1,team1,kill,28.67
Mage+Paladin_vs_Warlock+Shaman#as87Mage,Mage+Paladin,Warlock+Shaman,0,team1,kill,31.50
Mage+Paladin_vs_Warlock+Shaman#as87Mage,Mage+Paladin,Warlock+Shaman,1,team1,kill,28.45
Mage+Paladin_vs_Paladin+Hunter#as87Mage,Mage+Paladin,Paladin+Hunter,0,team1,kill,44.17
Mage+Paladin_vs_Paladin+Hunter#as87Mage,Mage+Paladin,Paladin+Hunter,1,team1,kill,27.47
Mage+Paladin_vs_Hunter+Shaman#as87Mage,Mage+Paladin,Hunter+Shaman,0,team1,kill,27.27
Mage+Paladin_vs_Hunter+Shaman#as87Mage,Mage+Paladin,Hunter+Shaman,1,team1,kill,32.85
Mage+Hunter_vs_Warrior+Mage#as87Mage,Mage+Hunter,Warrior+Mage,0,team1,kill,17.85
Mage+Hunter_vs_Warrior+Mage#as87Mage,Mage+Hunter,Warrior+Mage,1,team1,kill,19.37
Mage+Hunter_vs_Warrior+Rogue#as87Mage,Mage+Hunter,Warrior+Rogue,0,team1,kill,16.43
Mage+Hunter_vs_Warrior+Rogue#as87Mage,Mage+Hunter,Warrior+Rogue,1,team1,kill,16.43
Mage+Hunter_vs_Warrior+Priest#as87Mage,Mage+Hunter,Warrior+Priest,0,team1,kill,38.30
Mage+Hunter_vs_Warrior+Priest#as87Mage,Mage+Hunter,Warrior+Priest,1,team1,kill,32.40
Mage+Hunter_vs_Warrior+Warlock#as87Mage,Mage+Hunter,Warrior+Warlock,0,team1,kill,20.95
Mage+Hunter_vs_Warrior+Warlock#as87Mage,Mage+Hunter,Warrior+Warlock,1,team1,kill,20.95
Mage+Hunter_vs_Warrior+Paladin#as87Mage,Mage+Hunter,Warrior+Paladin,0,team2,kill,79.05
Mage+Hunter_vs_Warrior+Paladin#as87Mage,Mage+Hunter,Warrior+Paladin,1,team2,kill,78.97
Mage+Hunter_vs_Warrior+Hunter#as87Mage,Mage+Hunter,Warrior+Hunter,0,team2,kill,19.55
Mage+Hunter_vs_Warrior+Hunter#as87Mage,Mage+Hunter,Warrior+Hunter,1,team2,kill,19.77
Mage+Hunter_vs_Warrior+Shaman#as87Mage,Mage+Hunter,Warrior+Shaman,0,team1,kill,28.17
Mage+Hunter_vs_Warrior+Shaman#as87Mage,Mage+Hunter,Warrior+Shaman,1,team1,kill,34.58
Mage+Hunter_vs_Mage+Rogue#as87Mage,Mage+Hunter,Mage+Rogue,0,team1,kill,17.05
Mage+Hunter_vs_Mage+Rogue#as87Mage,Mage+Hunter,Mage+Rogue,1,team1,kill,17.87
Mage+Hunter_vs_Mage+Priest#as87Mage,Mage+Hunter,Mage+Priest,0,team2,kill,21.07
Mage+Hunter_vs_Mage+Priest#as87Mage,Mage+Hunter,Mage+Priest,1,team2,kill,21.25
Mage+Hunter_vs_Mage+Warlock#as87Mage,Mage+Hunter,Mage+Warlock,0,team2,kill,15.23
Mage+Hunter_vs_Mage+Warlock#as87Mage,Mage+Hunter,Mage+Warlock,1,team2,kill,15.23
Mage+Hunter_vs_Mage+Paladin#as87Mage,Mage+Hunter,Mage+Paladin,0,team2,kill,27.53
Mage+Hunter_vs_Mage+Paladin#as87Mage,Mage+Hunter,Mage+Paladin,1,team2,kill,27.32
Mage+Hunter_vs_Mage+Hunter#as87Mage,Mage+Hunter,Mage+Hunter,0,team2,kill,13.48
Mage+Hunter_vs_Mage+Hunter#as87Mage,Mage+Hunter,Mage+Hunter,1,team1,kill,16.00
Mage+Hunter_vs_Mage+Shaman#as87Mage,Mage+Hunter,Mage+Shaman,0,team2,kill,21.53
Mage+Hunter_vs_Mage+Shaman#as87Mage,Mage+Hunter,Mage+Shaman,1,team1,kill,15.68
Mage+Hunter_vs_Rogue+Priest#as87Mage,Mage+Hunter,Rogue+Priest,0,team1,kill,70.23
Mage+Hunter_vs_Rogue+Priest#as87Mage,Mage+Hunter,Rogue+Priest,1,team2,kill,34.47
Mage+Hunter_vs_Rogue+Warlock#as87Mage,Mage+Hunter,Rogue+Warlock,0,team1,kill,21.35
Mage+Hunter_vs_Rogue+Warlock#as87Mage,Mage+Hunter,Rogue+Warlock,1,team1,kill,20.13
Mage+Hunter_vs_Rogue+Paladin#as87Mage,Mage+Hunter,Rogue+Paladin,0,team2,kill,48.97
Mage+Hunter_vs_Rogue+Paladin#as87Mage,Mage+Hunter,Rogue+Paladin,1,team2,kill,53.33
Mage+Hunter_vs_Rogue+Hunter#as87Mage,Mage+Hunter,Rogue+Hunter,0,team1,kill,17.40
Mage+Hunter_vs_Rogue+Hunter#as87Mage,Mage+Hunter,Rogue+Hunter,1,team1,kill,17.40
Mage+Hunter_vs_Rogue+Shaman#as87Mage,Mage+Hunter,Rogue+Shaman,0,team1,kill,17.72
Mage+Hunter_vs_Rogue+Shaman#as87Mage,Mage+Hunter,Rogue+Shaman,1,team1,kill,17.72
Mage+Hunter_vs_Priest+Warlock#as87Mage,Mage+Hunter,Priest+Warlock,0,team2,kill,31.65
Mage+Hunter_vs_Priest+Warlock#as87Mage,Mage+Hunter,Priest+Warlock,1,team2,kill,31.65
Mage+Hunter_vs_Priest+Hunter#as87Mage,Mage+Hunter,Priest+Hunter,0,team1,kill,25.02
Mage+Hunter_vs_Priest+Hunter#as87Mage,Mage+Hunter,Priest+Hunter,1,team1,kill,14.65
Mage+Hunter_vs_Warlock+Paladin#as87Mage,Mage+Hunter,Warlock+Paladin,0,team2,kill,34.92
Mage+Hunter_vs_Warlock+Paladin#as87Mage,Mage+Hunter,Warlock+Paladin,1,team2,kill,32.93
Mage+Hunter_vs_Warlock+Hunter#as87Mage,Mage+Hunter,Warlock+Hunter,0,team1,kill,17.67
Mage+Hunter_vs_Warlock+Hunter#as87Mage,Mage+Hunter,Warlock+Hunter,1,team1,kill,17.28
Mage+Hunter_vs_Warlock+Shaman#as87Mage,Mage+Hunter,Warlock+Shaman,0,team2,kill,18.55
Mage+Hunter_vs_Warlock+Shaman#as87Mage,Mage+Hunter,Warlock+Shaman,1,team2,kill,25.15
Mage+Hunter_vs_Paladin+Hunter#as87Mage,Mage+Hunter,Paladin+Hunter,0,team2,kill,32.45
Mage+Hunter_vs_Paladin+Hunter#as87Mage,Mage+Hunter,Paladin+Hunter,1,team2,kill,46.67
Mage+Hunter_vs_Hunter+Shaman#as87Mage,Mage+Hunter,Hunter+Shaman,0,team1,kill,21.60
Mage+Hunter_vs_Hunter+Shaman#as87Mage,Mage+Hunter,Hunter+Shaman,1,team1,kill,16.52
Mage+Shaman_vs_Warrior+Mage#as87Mage,Mage+Shaman,Warrior+Mage,0,team1,kill,15.17
Mage+Shaman_vs_Warrior+Mage#as87Mage,Mage+Shaman,Warrior+Mage,1,team1,kill,15.17
Mage+Shaman_vs_Warrior+Rogue#as87Mage,Mage+Shaman,Warrior+Rogue,0,team1,kill,16.57
Mage+Shaman_vs_Warrior+Rogue#as87Mage,Mage+Shaman,Warrior+Rogue,1,team1,kill,15.83
Mage+Shaman_vs_Warrior+Priest#as87Mage,Mage+Shaman,Warrior+Priest,0,team1,kill,26.37
Mage+Shaman_vs_Warrior+Priest#as87Mage,Mage+Shaman,Warrior+Priest,1,team1,kill,33.80
Mage+Shaman_vs_Warrior+Warlock#as87Mage,Mage+Shaman,Warrior+Warlock,0,team1,kill,29.53
Mage+Shaman_vs_Warrior+Warlock#as87Mage,Mage+Shaman,Warrior+Warlock,1,team1,kill,31.18
Mage+Shaman_vs_Warrior+Paladin#as87Mage,Mage+Shaman,Warrior+Paladin,0,team1,kill,29.15
Mage+Shaman_vs_Warrior+Paladin#as87Mage,Mage+Shaman,Warrior+Paladin,1,team1,kill,28.85
Mage+Shaman_vs_Warrior+Hunter#as87Mage,Mage+Shaman,Warrior+Hunter,0,team1,kill,16.52
Mage+Shaman_vs_Warrior+Hunter#as87Mage,Mage+Shaman,Warrior+Hunter,1,team1,kill,14.57
Mage+Shaman_vs_Warrior+Shaman#as87Mage,Mage+Shaman,Warrior+Shaman,0,team1,kill,16.22
Mage+Shaman_vs_Warrior+Shaman#as87Mage,Mage+Shaman,Warrior+Shaman,1,team1,kill,16.28
Mage+Shaman_vs_Mage+Rogue#as87Mage,Mage+Shaman,Mage+Rogue,0,team1,kill,15.70
Mage+Shaman_vs_Mage+Rogue#as87Mage,Mage+Shaman,Mage+Rogue,1,team1,kill,15.73
Mage+Shaman_vs_Mage+Priest#as87Mage,Mage+Shaman,Mage+Priest,0,team2,kill,27.65
Mage+Shaman_vs_Mage+Priest#as87Mage,Mage+Shaman,Mage+Priest,1,team2,kill,40.65
Mage+Shaman_vs_Mage+Warlock#as87Mage,Mage+Shaman,Mage+Warlock,0,team1,kill,24.48
Mage+Shaman_vs_Mage+Warlock#as87Mage,Mage+Shaman,Mage+Warlock,1,team1,kill,24.47
Mage+Shaman_vs_Mage+Paladin#as87Mage,Mage+Shaman,Mage+Paladin,0,team2,kill,25.03
Mage+Shaman_vs_Mage+Paladin#as87Mage,Mage+Shaman,Mage+Paladin,1,team2,kill,32.28
Mage+Shaman_vs_Mage+Hunter#as87Mage,Mage+Shaman,Mage+Hunter,0,team1,kill,21.43
Mage+Shaman_vs_Mage+Hunter#as87Mage,Mage+Shaman,Mage+Hunter,1,team2,kill,15.68
Mage+Shaman_vs_Mage+Shaman#as87Mage,Mage+Shaman,Mage+Shaman,0,draw,kill,99.36
Mage+Shaman_vs_Mage+Shaman#as87Mage,Mage+Shaman,Mage+Shaman,1,team2,kill,14.83
Mage+Shaman_vs_Rogue+Priest#as87Mage,Mage+Shaman,Rogue+Priest,0,team1,kill,38.98
Mage+Shaman_vs_Rogue+Priest#as87Mage,Mage+Shaman,Rogue+Priest,1,team2,kill,54.73
Mage+Shaman_vs_Rogue+Warlock#as87Mage,Mage+Shaman,Rogue+Warlock,0,team1,kill,22.87
Mage+Shaman_vs_Rogue+Warlock#as87Mage,Mage+Shaman,Rogue+Warlock,1,team1,kill,28.17
Mage+Shaman_vs_Rogue+Paladin#as87Mage,Mage+Shaman,Rogue+Paladin,0,team1,kill,46.70
Mage+Shaman_vs_Rogue+Paladin#as87Mage,Mage+Shaman,Rogue+Paladin,1,team1,kill,42.33
Mage+Shaman_vs_Rogue+Hunter#as87Mage,Mage+Shaman,Rogue+Hunter,0,team1,kill,18.03
Mage+Shaman_vs_Rogue+Hunter#as87Mage,Mage+Shaman,Rogue+Hunter,1,team1,kill,13.53
Mage+Shaman_vs_Rogue+Shaman#as87Mage,Mage+Shaman,Rogue+Shaman,0,team2,kill,49.42
Mage+Shaman_vs_Rogue+Shaman#as87Mage,Mage+Shaman,Rogue+Shaman,1,team1,kill,42.03
Mage+Shaman_vs_Priest+Warlock#as87Mage,Mage+Shaman,Priest+Warlock,0,team1,kill,31.20
Mage+Shaman_vs_Priest+Warlock#as87Mage,Mage+Shaman,Priest+Warlock,1,team1,kill,29.15
Mage+Shaman_vs_Priest+Hunter#as87Mage,Mage+Shaman,Priest+Hunter,0,team1,kill,24.63
Mage+Shaman_vs_Priest+Hunter#as87Mage,Mage+Shaman,Priest+Hunter,1,team1,kill,19.60
Mage+Shaman_vs_Warlock+Paladin#as87Mage,Mage+Shaman,Warlock+Paladin,0,team2,kill,30.48
Mage+Shaman_vs_Warlock+Paladin#as87Mage,Mage+Shaman,Warlock+Paladin,1,team1,kill,27.52
Mage+Shaman_vs_Warlock+Hunter#as87Mage,Mage+Shaman,Warlock+Hunter,0,team1,kill,13.15
Mage+Shaman_vs_Warlock+Hunter#as87Mage,Mage+Shaman,Warlock+Hunter,1,team1,kill,16.90
Mage+Shaman_vs_Warlock+Shaman#as87Mage,Mage+Shaman,Warlock+Shaman,0,team1,kill,13.27
Mage+Shaman_vs_Warlock+Shaman#as87Mage,Mage+Shaman,Warlock+Shaman,1,team1,kill,16.40
Mage+Shaman_vs_Paladin+Hunter#as87Mage,Mage+Shaman,Paladin+Hunter,0,team1,kill,30.03
Mage+Shaman_vs_Paladin+Hunter#as87Mage,Mage+Shaman,Paladin+Hunter,1,team1,kill,27.03
Mage+Shaman_vs_Hunter+Shaman#as87Mage,Mage+Shaman,Hunter+Shaman,0,team1,kill,11.67
Mage+Shaman_vs_Hunter+Shaman#as87Mage,Mage+Shaman,Hunter+Shaman,1,team1,kill,14.70
Warlock+Warrior_vs_Warrior+Mage#as87Warlock,Warlock+Warrior,Warrior+Mage,0,team2,kill,25.37
Warlock+Warrior_vs_Warrior+Mage#as87Warlock,Warlock+Warrior,Warrior+Mage,1,team2,kill,26.88
Warlock+Warrior_vs_Warrior+Rogue#as87Warlock,Warlock+Warrior,Warrior+Rogue,0,team1,kill,27.10
Warlock+Warrior_vs_Warrior+Rogue#as87Warlock,Warlock+Warrior,Warrior+Rogue,1,team2,kill,21.42
Warlock+Warrior_vs_Warrior+Priest#as87Warlock,Warlock+Warrior,Warrior+Priest,0,team1,kill,20.80
Warlock+Warrior_vs_Warrior+Priest#as87Warlock,Warlock+Warrior,Warrior+Priest,1,team1,kill,23.67
Warlock+Warrior_vs_Warrior+Warlock#as87Warlock,Warlock+Warrior,Warrior+Warlock,0,team2,kill,22.70
Warlock+Warrior_vs_Warrior+Warlock#as87Warlock,Warlock+Warrior,Warrior+Warlock,1,team1,kill,26.73
Warlock+Warrior_vs_Warrior+Paladin#as87Warlock,Warlock+Warrior,Warrior+Paladin,0,team1,kill,69.78
Warlock+Warrior_vs_Warrior+Paladin#as87Warlock,Warlock+Warrior,Warrior+Paladin,1,team1,kill,49.07
Warlock+Warrior_vs_Warrior+Hunter#as87Warlock,Warlock+Warrior,Warrior+Hunter,0,team2,kill,34.62
Warlock+Warrior_vs_Warrior+Hunter#as87Warlock,Warlock+Warrior,Warrior+Hunter,1,team1,kill,40.20
Warlock+Warrior_vs_Warrior+Shaman#as87Warlock,Warlock+Warrior,Warrior+Shaman,0,team2,kill,29.75
Warlock+Warrior_vs_Warrior+Shaman#as87Warlock,Warlock+Warrior,Warrior+Shaman,1,team2,kill,32.78
Warlock+Warrior_vs_Mage+Rogue#as87Warlock,Warlock+Warrior,Mage+Rogue,0,team1,kill,26.80
Warlock+Warrior_vs_Mage+Rogue#as87Warlock,Warlock+Warrior,Mage+Rogue,1,team1,kill,28.25
Warlock+Warrior_vs_Mage+Priest#as87Warlock,Warlock+Warrior,Mage+Priest,0,team2,kill,25.55
Warlock+Warrior_vs_Mage+Priest#as87Warlock,Warlock+Warrior,Mage+Priest,1,team2,kill,23.47
Warlock+Warrior_vs_Mage+Warlock#as87Warlock,Warlock+Warrior,Mage+Warlock,0,team2,kill,17.83
Warlock+Warrior_vs_Mage+Warlock#as87Warlock,Warlock+Warrior,Mage+Warlock,1,team2,kill,17.87
Warlock+Warrior_vs_Mage+Paladin#as87Warlock,Warlock+Warrior,Mage+Paladin,0,team2,kill,28.65
Warlock+Warrior_vs_Mage+Paladin#as87Warlock,Warlock+Warrior,Mage+Paladin,1,team2,kill,25.62
Warlock+Warrior_vs_Mage+Hunter#as87Warlock,Warlock+Warrior,Mage+Hunter,0,team2,kill,24.17
Warlock+Warrior_vs_Mage+Hunter#as87Warlock,Warlock+Warrior,Mage+Hunter,1,team2,kill,24.17
Warlock+Warrior_vs_Mage+Shaman#as87Warlock,Warlock+Warrior,Mage+Shaman,0,team2,kill,24.65
Warlock+Warrior_vs_Mage+Shaman#as87Warlock,Warlock+Warrior,Mage+Shaman,1,team2,kill,22.92
Warlock+Warrior_vs_Rogue+Priest#as87Warlock,Warlock+Warrior,Rogue+Priest,0,team2,kill,26.15
Warlock+Warrior_vs_Rogue+Priest#as87Warlock,Warlock+Warrior,Rogue+Priest,1,team2,kill,25.98
Warlock+Warrior_vs_Rogue+Warlock#as87Warlock,Warlock+Warrior,Rogue+Warlock,0,team1,kill,24.97
Warlock+Warrior_vs_Rogue+Warlock#as87Warlock,Warlock+Warrior,Rogue+Warlock,1,team2,kill,27.02
Warlock+Warrior_vs_Rogue+Paladin#as87Warlock,Warlock+Warrior,Rogue+Paladin,0,team2,kill,31.35
Warlock+Warrior_vs_Rogue+Paladin#as87Warlock,Warlock+Warrior,Rogue+Paladin,1,team2,kill,37.13
Warlock+Warrior_vs_Rogue+Hunter#as87Warlock,Warlock+Warrior,Rogue+Hunter,0,team2,kill,30.60
Warlock+Warrior_vs_Rogue+Hunter#as87Warlock,Warlock+Warrior,Rogue+Hunter,1,team2,kill,28.78
Warlock+Warrior_vs_Rogue+Shaman#as87Warlock,Warlock+Warrior,Rogue+Shaman,0,team2,kill,22.73
Warlock+Warrior_vs_Rogue+Shaman#as87Warlock,Warlock+Warrior,Rogue+Shaman,1,team2,kill,22.73
Warlock+Warrior_vs_Priest+Warlock#as87Warlock,Warlock+Warrior,Priest+Warlock,0,team2,kill,41.17
Warlock+Warrior_vs_Priest+Warlock#as87Warlock,Warlock+Warrior,Priest+Warlock,1,team2,kill,32.75
Warlock+Warrior_vs_Priest+Hunter#as87Warlock,Warlock+Warrior,Priest+Hunter,0,team1,kill,33.65
Warlock+Warrior_vs_Priest+Hunter#as87Warlock,Warlock+Warrior,Priest+Hunter,1,team1,kill,33.70
Warlock+Warrior_vs_Warlock+Paladin#as87Warlock,Warlock+Warrior,Warlock+Paladin,0,team1,kill,49.05
Warlock+Warrior_vs_Warlock+Paladin#as87Warlock,Warlock+Warrior,Warlock+Paladin,1,team2,kill,34.40
Warlock+Warrior_vs_Warlock+Hunter#as87Warlock,Warlock+Warrior,Warlock+Hunter,0,team2,kill,27.62
Warlock+Warrior_vs_Warlock+Hunter#as87Warlock,Warlock+Warrior,Warlock+Hunter,1,team2,kill,28.90
Warlock+Warrior_vs_Warlock+Shaman#as87Warlock,Warlock+Warrior,Warlock+Shaman,0,team2,kill,18.28
Warlock+Warrior_vs_Warlock+Shaman#as87Warlock,Warlock+Warrior,Warlock+Shaman,1,team2,kill,18.18
Warlock+Warrior_vs_Paladin+Hunter#as87Warlock,Warlock+Warrior,Paladin+Hunter,0,team2,kill,29.53
Warlock+Warrior_vs_Paladin+Hunter#as87Warlock,Warlock+Warrior,Paladin+Hunter,1,team2,kill,37.17
Warlock+Warrior_vs_Hunter+Shaman#as87Warlock,Warlock+Warrior,Hunter+Shaman,0,team2,kill,18.08
Warlock+Warrior_vs_Hunter+Shaman#as87Warlock,Warlock+Warrior,Hunter+Shaman,1,team2,kill,20.03
Warlock+Mage_vs_Warrior+Mage#as87Warlock,Warlock+Mage,Warrior+Mage,0,team1,kill,16.05
Warlock+Mage_vs_Warrior+Mage#as87Warlock,Warlock+Mage,Warrior+Mage,1,team1,kill,16.13
Warlock+Mage_vs_Warrior+Rogue#as87Warlock,Warlock+Mage,Warrior+Rogue,0,team1,kill,20.55
Warlock+Mage_vs_Warrior+Rogue#as87Warlock,Warlock+Mage,Warrior+Rogue,1,team1,kill,21.93
Warlock+Mage_vs_Warrior+Priest#as87Warlock,Warlock+Mage,Warrior+Priest,0,team1,kill,19.82
Warlock+Mage_vs_Warrior+Priest#as87Warlock,Warlock+Mage,Warrior+Priest,1,team1,kill,17.08
Warlock+Mage_vs_Warrior+Warlock#as87Warlock,Warlock+Mage,Warrior+Warlock,0,team1,kill,17.83
Warlock+Mage_vs_Warrior+Warlock#as87Warlock,Warlock+Mage,Warrior+Warlock,1,team1,kill,17.97
Warlock+Mage_vs_Warrior+Paladin#as87Warlock,Warlock+Mage,Warrior+Paladin,0,team2,kill,44.85
Warlock+Mage_vs_Warrior+Paladin#as87Warlock,Warlock+Mage,Warrior+Paladin,1,team1,kill,32.73
Warlock+Mage_vs_Warrior+Hunter#as87Warlock,Warlock+Mage,Warrior+Hunter,0,team1,kill,16.93
Warlock+Mage_vs_Warrior+Hunter#as87Warlock,Warlock+Mage,Warrior+Hunter,1,team1,kill,16.13
Warlock+Mage_vs_Warrior+Shaman#as87Warlock,Warlock+Mage,Warrior+Shaman,0,team1,kill,17.37
Warlock+Mage_vs_Warrior+Shaman#as87Warlock,Warlock+Mage,Warrior+Shaman,1,team1,kill,15.85
Warlock+Mage_vs_Mage+Rogue#as87Warlock,Warlock+Mage,Mage+Rogue,0,team1,kill,28.07
Warlock+Mage_vs_Mage+Rogue#as87Warlock,Warlock+Mage,Mage+Rogue,1,team1,kill,19.08
Warlock+Mage_vs_Mage+Priest#as87Warlock,Warlock+Mage,Mage+Priest,0,team1,kill,23.82
Warlock+Mage_vs_Mage+Priest#as87Warlock,Warlock+Mage,Mage+Priest,1,team1,kill,21.05
Warlock+Mage_vs_Mage+Warlock#as87Warlock,Warlock+Mage,Mage+Warlock,0,draw,kill,19.62
Warlock+Mage_vs_Mage+Warlock#as87Warlock,Warlock+Mage,Mage+Warlock,1,draw,kill,18.10
Warlock+Mage_vs_Mage+Paladin#as87Warlock,Warlock+Mage,Mage+Paladin,0,team2,kill,27.15
Warlock+Mage_vs_Mage+Paladin#as87Warlock,Warlock+Mage,Mage+Paladin,1,team2,kill,25.63
Warlock+Mage_vs_Mage+Hunter#as87Warlock,Warlock+Mage,Mage+Hunter,0,team1,kill,16.65
Warlock+Mage_vs_Mage+Hunter#as87Warlock,Warlock+Mage,Mage+Hunter,1,team1,kill,16.52
Warlock+Mage_vs_Mage+Shaman#as87Warlock,Warlock+Mage,Mage+Shaman,0,team1,kill,18.03
Warlock+Mage_vs_Mage+Shaman#as87Warlock,Warlock+Mage,Mage+Shaman,1,team2,kill,19.62
Warlock+Mage_vs_Rogue+Priest#as87Warlock,Warlock+Mage,Rogue+Priest,0,team2,kill,38.58
Warlock+Mage_vs_Rogue+Priest#as87Warlock,Warlock+Mage,Rogue+Priest,1,team2,kill,26.63
Warlock+Mage_vs_Rogue+Warlock#as87Warlock,Warlock+Mage,Rogue+Warlock,0,team1,kill,17.20
Warlock+Mage_vs_Rogue+Warlock#as87Warlock,Warlock+Mage,Rogue+Warlock,1,team1,kill,15.82
Warlock+Mage_vs_Rogue+Paladin#as87Warlock,Warlock+Mage,Rogue+Paladin,0,team1,kill,35.58
Warlock+Mage_vs_Rogue+Paladin#as87Warlock,Warlock+Mage,Rogue+Paladin,1,team2,kill,43.53
Warlock+Mage_vs_Rogue+Hunter#as87Warlock,Warlock+Mage,Rogue+Hunter,0,team1,kill,18.12
Warlock+Mage_vs_Rogue+Hunter#as87Warlock,Warlock+Mage,Rogue+Hunter,1,team1,kill,17.33
Warlock+Mage_vs_Rogue+Shaman#as87Warlock,Warlock+Mage,Rogue+Shaman,0,team1,kill,21.87
Warlock+Mage_vs_Rogue+Shaman#as87Warlock,Warlock+Mage,Rogue+Shaman,1,team2,kill,34.92
Warlock+Mage_vs_Priest+Warlock#as87Warlock,Warlock+Mage,Priest+Warlock,0,team1,kill,21.33
Warlock+Mage_vs_Priest+Warlock#as87Warlock,Warlock+Mage,Priest+Warlock,1,team1,kill,27.42
Warlock+Mage_vs_Priest+Hunter#as87Warlock,Warlock+Mage,Priest+Hunter,0,team2,kill,30.32
Warlock+Mage_vs_Priest+Hunter#as87Warlock,Warlock+Mage,Priest+Hunter,1,team1,kill,22.68
Warlock+Mage_vs_Warlock+Paladin#as87Warlock,Warlock+Mage,Warlock+Paladin,0,team1,kill,35.22
Warlock+Mage_vs_Warlock+Paladin#as87Warlock,Warlock+Mage,Warlock+Paladin,1,team2,kill,61.78
Warlock+Mage_vs_Warlock+Hunter#as87Warlock,Warlock+Mage,Warlock+Hunter,0,team1,kill,18.08
Warlock+Mage_vs_Warlock+Hunter#as87Warlock,Warlock+Mage,Warlock+Hunter,1,team1,kill,18.28
Warlock+Mage_vs_Warlock+Shaman#as87Warlock,Warlock+Mage,Warlock+Shaman,0,team1,kill,29.42
Warlock+Mage_vs_Warlock+Shaman#as87Warlock,Warlock+Mage,Warlock+Shaman,1,team1,kill,16.17
Warlock+Mage_vs_Paladin+Hunter#as87Warlock,Warlock+Mage,Paladin+Hunter,0,team2,kill,41.05
Warlock+Mage_vs_Paladin+Hunter#as87Warlock,Warlock+Mage,Paladin+Hunter,1,team2,kill,58.22
Warlock+Mage_vs_Hunter+Shaman#as87Warlock,Warlock+Mage,Hunter+Shaman,0,team1,kill,15.92
Warlock+Mage_vs_Hunter+Shaman#as87Warlock,Warlock+Mage,Hunter+Shaman,1,team1,kill,15.82
Warlock+Rogue_vs_Warrior+Mage#as87Warlock,Warlock+Rogue,Warrior+Mage,0,team1,kill,22.00
Warlock+Rogue_vs_Warrior+Mage#as87Warlock,Warlock+Rogue,Warrior+Mage,1,team1,kill,22.17
Warlock+Rogue_vs_Warrior+Rogue#as87Warlock,Warlock+Rogue,Warrior+Rogue,0,team1,kill,20.97
Warlock+Rogue_vs_Warrior+Rogue#as87Warlock,Warlock+Rogue,Warrior+Rogue,1,team2,kill,21.08
Warlock+Rogue_vs_Warrior+Priest#as87Warlock,Warlock+Rogue,Warrior+Priest,0,team1,kill,25.40
Warlock+Rogue_vs_Warrior+Priest#as87Warlock,Warlock+Rogue,Warrior+Priest,1,team1,kill,22.28
Warlock+Rogue_vs_Warrior+Warlock#as87Warlock,Warlock+Rogue,Warrior+Warlock,0,team1,kill,24.30
Warlock+Rogue_vs_Warrior+Warlock#as87Warlock,Warlock+Rogue,Warrior+Warlock,1,team1,kill,24.28
Warlock+Rogue_vs_Warrior+Paladin#as87Warlock,Warlock+Rogue,Warrior+Paladin,0,team1,kill,47.03
Warlock+Rogue_vs_Warrior+Paladin#as87Warlock,Warlock+Rogue,Warrior+Paladin,1,team1,kill,52.13
Warlock+Rogue_vs_Warrior+Hunter#as87Warlock,Warlock+Rogue,Warrior+Hunter,0,team1,kill,23.98
Warlock+Rogue_vs_Warrior+Hunter#as87Warlock,Warlock+Rogue,Warrior+Hunter,1,team1,kill,24.78
Warlock+Rogue_vs_Warrior+Shaman#as87Warlock,Warlock+Rogue,Warrior+Shaman,0,team1,kill,24.95
Warlock+Rogue_vs_Warrior+Shaman#as87Warlock,Warlock+Rogue,Warrior+Shaman,1,team2,kill,33.67
Warlock+Rogue_vs_Mage+Rogue#as87Warlock,Warlock+Rogue,Mage+Rogue,0,team1,kill,22.83
Warlock+Rogue_vs_Mage+Rogue#as87Warlock,Warlock+Rogue,Mage+Rogue,1,team2,kill,24.17
Warlock+Rogue_vs_Mage+Priest#as87Warlock,Warlock+Rogue,Mage+Priest,0,team2,kill,18.12
Warlock+Rogue_vs_Mage+Priest#as87Warlock,Warlock+Rogue,Mage+Priest,1,team2,kill,17.45
Warlock+Rogue_vs_Mage+Warlock#as87Warlock,Warlock+Rogue,Mage+Warlock,0,team2,kill,17.20
Warlock+Rogue_vs_Mage+Warlock#as87Warlock,Warlock+Rogue,Mage+Warlock,1,team2,kill,15.82
Warlock+Rogue_vs_Mage+Paladin#as87Warlock,Warlock+Rogue,Mage+Paladin,0,team2,kill,21.97
Warlock+Rogue_vs_Mage+Paladin#as87Warlock,Warlock+Rogue,Mage+Paladin,1,team2,kill,21.90
Warlock+Rogue_vs_Mage+Hunter#as87Warlock,Warlock+Rogue,Mage+Hunter,0,team2,kill,20.92
Warlock+Rogue_vs_Mage+Hunter#as87Warlock,Warlock+Rogue,Mage+Hunter,1,team2,kill,21.27
Warlock+Rogue_vs_Mage+Shaman#as87Warlock,Warlock+Rogue,Mage+Shaman,0,team2,kill,18.28
Warlock+Rogue_vs_Mage+Shaman#as87Warlock,Warlock+Rogue,Mage+Shaman,1,team2,kill,18.28
Warlock+Rogue_vs_Rogue+Priest#as87Warlock,Warlock+Rogue,Rogue+Priest,0,team2,kill,26.43
Warlock+Rogue_vs_Rogue+Priest#as87Warlock,Warlock+Rogue,Rogue+Priest,1,team1,kill,25.35
Warlock+Rogue_vs_Rogue+Warlock#as87Warlock,Warlock+Rogue,Rogue+Warlock,0,team2,kill,24.32
Warlock+Rogue_vs_Rogue+Warlock#as87Warlock,Warlock+Rogue,Rogue+Warlock,1,team1,kill,24.33
Warlock+Rogue_vs_Rogue+Paladin#as87Warlock,Warlock+Rogue,Rogue+Paladin,0,team2,kill,27.20
Warlock+Rogue_vs_Rogue+Paladin#as87Warlock,Warlock+Rogue,Rogue+Paladin,1,team2,kill,28.37
Warlock+Rogue_vs_Rogue+Hunter#as87Warlock,Warlock+Rogue,Rogue+Hunter,0,team1,kill,28.83
Warlock+Rogue_vs_Rogue+Hunter#as87Warlock,Warlock+Rogue,Rogue+Hunter,1,team1,kill,26.43
Warlock+Rogue_vs_Rogue+Shaman#as87Warlock,Warlock+Rogue,Rogue+Shaman,0,team2,kill,23.85
Warlock+Rogue_vs_Rogue+Shaman#as87Warlock,Warlock+Rogue,Rogue+Shaman,1,team2,kill,26.97
Warlock+Rogue_vs_Priest+Warlock#as87Warlock,Warlock+Rogue,Priest+Warlock,0,team2,kill,37.45
Warlock+Rogue_vs_Priest+Warlock#as87Warlock,Warlock+Rogue,Priest+Warlock,1,team1,kill,30.82
Warlock+Rogue_vs_Priest+Hunter#as87Warlock,Warlock+Rogue,Priest+Hunter,0,team2,kill,40.50
Warlock+Rogue_vs_Priest+Hunter#as87Warlock,Warlock+Rogue,Priest+Hunter,1,team2,kill,38.30
Warlock+Rogue_vs_Warlock+Paladin#as87Warlock,Warlock+Rogue,Warlock+Paladin,0,team2,kill,55.47
Warlock+Rogue_vs_Warlock+Paladin#as87Warlock,Warlock+Rogue,Warlock+Paladin,1,team2,kill,42.98
Warlock+Rogue_vs_Warlock+Hunter#as87Warlock,Warlock+Rogue,Warlock+Hunter,0,team2,kill,29.28
Warlock+Rogue_vs_Warlock+Hunter#as87Warlock,Warlock+Rogue,Warlock+Hunter,1,team2,kill,20.33
Warlock+Rogue_vs_Warlock+Shaman#as87Warlock,Warlock+Rogue,Warlock+Shaman,0,team2,kill,23.83
Warlock+Rogue_vs_Warlock+Shaman#as87Warlock,Warlock+Rogue,Warlock+Shaman,1,team2,kill,23.30
Warlock+Rogue_vs_Paladin+Hunter#as87Warlock,Warlock+Rogue,Paladin+Hunter,0,team2,kill,36.22
Warlock+Rogue_vs_Paladin+Hunter#as87Warlock,Warlock+Rogue,Paladin+Hunter,1,team2,kill,36.30
Warlock+Rogue_vs_Hunter+Shaman#as87Warlock,Warlock+Rogue,Hunter+Shaman,0,team2,kill,23.68
Warlock+Rogue_vs_Hunter+Shaman#as87Warlock,Warlock+Rogue,Hunter+Shaman,1,team2,kill,28.62
Warlock+Priest_vs_Warrior+Mage#as87Warlock,Warlock+Priest,Warrior+Mage,0,team1,kill,29.43
Warlock+Priest_vs_Warrior+Mage#as87Warlock,Warlock+Priest,Warrior+Mage,1,team1,kill,29.80
Warlock+Priest_vs_Warrior+Rogue#as87Warlock,Warlock+Priest,Warrior+Rogue,0,team1,kill,25.63
Warlock+Priest_vs_Warrior+Rogue#as87Warlock,Warlock+Priest,Warrior+Rogue,1,team1,kill,25.90
Warlock+Priest_vs_Warrior+Priest#as87Warlock,Warlock+Priest,Warrior+Priest,0,team1,kill,51.47
Warlock+Priest_vs_Warrior+Priest#as87Warlock,Warlock+Priest,Warrior+Priest,1,team1,kill,40.17
Warlock+Priest_vs_Warrior+Warlock#as87Warlock,Warlock+Priest,Warrior+Warlock,0,team1,kill,37.53
Warlock+Priest_vs_Warrior+Warlock#as87Warlock,Warlock+Priest,Warrior+Warlock,1,team1,kill,43.55
Warlock+Priest_vs_Warrior+Paladin#as87Warlock,Warlock+Priest,Warrior+Paladin,0,team2,kill,43.02
Warlock+Priest_vs_Warrior+Paladin#as87Warlock,Warlock+Priest,Warrior+Paladin,1,team2,kill,51.03
Warlock+Priest_vs_Warrior+Hunter#as87Warlock,Warlock+Priest,Warrior+Hunter,0,team1,kill,32.87
Warlock+Priest_vs_Warrior+Hunter#as87Warlock,Warlock+Priest,Warrior+Hunter,1,team2,kill,33.58
Warlock+Priest_vs_Warrior+Shaman#as87Warlock,Warlock+Priest,Warrior+Shaman,0,team2,kill,41.07
Warlock+Priest_vs_Warrior+Shaman#as87Warlock,Warlock+Priest,Warrior+Shaman,1,team1,kill,61.60
Warlock+Priest_vs_Mage+Rogue#as87Warlock,Warlock+Priest,Mage+Rogue,0,team2,kill,39.92
Warlock+Priest_vs_Mage+Rogue#as87Warlock,Warlock+Priest,Mage+Rogue,1,team2,kill,52.58
Warlock+Priest_vs_Mage+Priest#as87Warlock,Warlock+Priest,Mage+Priest,0,team2,kill,54.62
Warlock+Priest_vs_Mage+Priest#as87Warlock,Warlock+Priest,Mage+Priest,1,team2,kill,63.08
Warlock+Priest_vs_Mage+Warlock#as87Warlock,Warlock+Priest,Mage+Warlock,0,team2,kill,24.28
Warlock+Priest_vs_Mage+Warlock#as87Warlock,Warlock+Priest,Mage+Warlock,1,team2,kill,35.03
Warlock+Priest_vs_Mage+Paladin#as87Warlock,Warlock+Priest,Mage+Paladin,0,team1,kill,64.13
Warlock+Priest_vs_Mage+Paladin#as87Warlock,Warlock+Priest,Mage+Paladin,1,team1,kill,82.49
Warlock+Priest_vs_Mage+Hunter#as87Warlock,Warlock+Priest,Mage+Hunter,0,team1,kill,27.10
Warlock+Priest_vs_Mage+Hunter#as87Warlock,Warlock+Priest,Mage+Hunter,1,team1,kill,28.20
Warlock+Priest_vs_Mage+Shaman#as87Warlock,Warlock+Priest,Mage+Shaman,0,team2,kill,45.50
Warlock+Priest_vs_Mage+Shaman#as87Warlock,Warlock+Priest,Mage+Shaman,1,team2,kill,41.20
Warlock+Priest_vs_Rogue+Priest#as87Warlock,Warlock+Priest,Rogue+Priest,0,team1,kill,40.55
Warlock+Priest_vs_Rogue+Priest#as87Warlock,Warlock+Priest,Rogue+Priest,1,team1,kill,45.85
Warlock+Priest_vs_Rogue+Warlock#as87Warlock,Warlock+Priest,Rogue+Warlock,0,team1,kill,32.67
Warlock+Priest_vs_Rogue+Warlock#as87Warlock,Warlock+Priest,Rogue+Warlock,1,team1,kill,40.95
Warlock+Priest_vs_Rogue+Paladin#as87Warlock,Warlock+Priest,Rogue+Paladin,0,team1,kill,177.62
Warlock+Priest_vs_Rogue+Paladin#as87Warlock,Warlock+Priest,Rogue+Paladin,1,team1,kill,65.82
Warlock+Priest_vs_Rogue+Hunter#as87Warlock,Warlock+Priest,Rogue+Hunter,0,team1,kill,33.95
Warlock+Priest_vs_Rogue+Hunter#as87Warlock,Warlock+Priest,Rogue+Hunter,1,team1,kill,36.53
Warlock+Priest_vs_Rogue+Shaman#as87Warlock,Warlock+Priest,Rogue+Shaman,0,team1,kill,51.98
Warlock+Priest_vs_Rogue+Shaman#as87Warlock,Warlock+Priest,Rogue+Shaman,1,team2,kill,53.98
Warlock+Priest_vs_Priest+Warlock#as87Warlock,Warlock+Priest,Priest+Warlock,0,team1,kill,40.77
Warlock+Priest_vs_Priest+Warlock#as87Warlock,Warlock+Priest,Priest+Warlock,1,team1,kill,58.08
Warlock+Priest_vs_Priest+Hunter#as87Warlock,Warlock+Priest,Priest+Hunter,0,team1,kill,49.38
Warlock+Priest_vs_Priest+Hunter#as87Warlock,Warlock+Priest,Priest+Hunter,1,team1,kill,53.43
Warlock+Priest_vs_Warlock+Paladin#as87Warlock,Warlock+Priest,Warlock+Paladin,0,team2,kill,61.43
Warlock+Priest_vs_Warlock+Paladin#as87Warlock,Warlock+Priest,Warlock+Paladin,1,team1,kill,95.46
Warlock+Priest_vs_Warlock+Hunter#as87Warlock,Warlock+Priest,Warlock+Hunter,0,team1,kill,38.88
Warlock+Priest_vs_Warlock+Hunter#as87Warlock,Warlock+Priest,Warlock+Hunter,1,team1,kill,34.93
Warlock+Priest_vs_Warlock+Shaman#as87Warlock,Warlock+Priest,Warlock+Shaman,0,team1,kill,79.85
Warlock+Priest_vs_Warlock+Shaman#as87Warlock,Warlock+Priest,Warlock+Shaman,1,team2,kill,46.53
Warlock+Priest_vs_Paladin+Hunter#as87Warlock,Warlock+Priest,Paladin+Hunter,0,team1,kill,72.88
Warlock+Priest_vs_Paladin+Hunter#as87Warlock,Warlock+Priest,Paladin+Hunter,1,team1,kill,54.83
Warlock+Priest_vs_Hunter+Shaman#as87Warlock,Warlock+Priest,Hunter+Shaman,0,team1,kill,62.53
Warlock+Priest_vs_Hunter+Shaman#as87Warlock,Warlock+Priest,Hunter+Shaman,1,team1,kill,57.65
Warlock+Paladin_vs_Warrior+Mage#as87Warlock,Warlock+Paladin,Warrior+Mage,0,team1,kill,34.63
Warlock+Paladin_vs_Warrior+Mage#as87Warlock,Warlock+Paladin,Warrior+Mage,1,team1,kill,37.27
Warlock+Paladin_vs_Warrior+Rogue#as87Warlock,Warlock+Paladin,Warrior+Rogue,0,team1,kill,30.00
Warlock+Paladin_vs_Warrior+Rogue#as87Warlock,Warlock+Paladin,Warrior+Rogue,1,team1,kill,30.60
Warlock+Paladin_vs_Warrior+Priest#as87Warlock,Warlock+Paladin,Warrior+Priest,0,team2,kill,65.48
Warlock+Paladin_vs_Warrior+Priest#as87Warlock,Warlock+Paladin,Warrior+Priest,1,team2,kill,68.02
Warlock+Paladin_vs_Warrior+Warlock#as87Warlock,Warlock+Paladin,Warrior+Warlock,0,team1,kill,52.57
Warlock+Paladin_vs_Warrior+Warlock#as87Warlock,Warlock+Paladin,Warrior+Warlock,1,team1,kill,63.00
Warlock+Paladin_vs_Warrior+Paladin#as87Warlock,Warlock+Paladin,Warrior+Paladin,0,team1,kill,116.14
Warlock+Paladin_vs_Warrior+Paladin#as87Warlock,Warlock+Paladin,Warrior+Paladin,1,team2,kill,64.72
Warlock+Paladin_vs_Warrior+Hunter#as87Warlock,Warlock+Paladin,Warrior+Hunter,0,team1,kill,39.27
Warlock+Paladin_vs_Warrior+Hunter#as87Warlock,Warlock+Paladin,Warrior+Hunter,1,team1,kill,33.02
Warlock+Paladin_vs_Warrior+Shaman#as87Warlock,Warlock+Paladin,Warrior+Shaman,0,team2,kill,47.60
Warlock+Paladin_vs_Warrior+Shaman#as87Warlock,Warlock+Paladin,Warrior+Shaman,1,team1,kill,86.77
Warlock+Paladin_vs_Mage+Rogue#as87Warlock,Warlock+Paladin,Mage+Rogue,0,team1,kill,35.35
Warlock+Paladin_vs_Mage+Rogue#as87Warlock,Warlock+Paladin,Mage+Rogue,1,team2,kill,28.53
Warlock+Paladin_vs_Mage+Priest#as87Warlock,Warlock+Paladin,Mage+Priest,0,team1,kill,77.69
Warlock+Paladin_vs_Mage+Priest#as87Warlock,Warlock+Paladin,Mage+Priest,1,team1,kill,74.72
Warlock+Paladin_vs_Mage+Warlock#as87Warlock,Warlock+Paladin,Mage+Warlock,0,team2,kill,40.88
Warlock+Paladin_vs_Mage+Warlock#as87Warlock,Warlock+Paladin,Mage+Warlock,1,team2,kill,43.78
Warlock+Paladin_vs_Mage+Paladin#as87Warlock,Warlock+Paladin,Mage+Paladin,0,team2,kill,138.71
Warlock+Paladin_vs_Mage+Paladin#as87Warlock,Warlock+Paladin,Mage+Paladin,1,team1,kill,85.32
Warlock+Paladin_vs_Mage+Hunter#as87Warlock,Warlock+Paladin,Mage+Hunter,0,team1,kill,33.55
Warlock+Paladin_vs_Mage+Hunter#as87Warlock,Warlock+Paladin,Mage+Hunter,1,team1,kill,36.55
Warlock+Paladin_vs_Mage+Shaman#as87Warlock,Warlock+Paladin,Mage+Shaman,0,team1,kill,66.27
Warlock+Paladin_vs_Mage+Shaman#as87Warlock,Warlock+Paladin,Mage+Shaman,1,team2,kill,34.57
Warlock+Paladin_vs_Rogue+Priest#as87Warlock,Warlock+Paladin,Rogue+Priest,0,team2,kill,74.27
Warlock+Paladin_vs_Rogue+Priest#as87Warlock,Warlock+Paladin,Rogue+Priest,1,team2,kill,71.37
Warlock+Paladin_vs_Rogue+Warlock#as87Warlock,Warlock+Paladin,Rogue+Warlock,0,team2,kill,51.78
Warlock+Paladin_vs_Rogue+Warlock#as87Warlock,Warlock+Paladin,Rogue+Warlock,1,team2,kill,47.95
Warlock+Paladin_vs_Rogue+Paladin#as87Warlock,Warlock+Paladin,Rogue+Paladin,0,team2,kill,142.98
Warlock+Paladin_vs_Rogue+Paladin#as87Warlock,Warlock+Paladin,Rogue+Paladin,1,team2,kill,71.55
Warlock+Paladin_vs_Rogue+Hunter#as87Warlock,Warlock+Paladin,Rogue+Hunter,0,team1,kill,39.80
Warlock+Paladin_vs_Rogue+Hunter#as87Warlock,Warlock+Paladin,Rogue+Hunter,1,team1,kill,38.93
Warlock+Paladin_vs_Rogue+Shaman#as87Warlock,Warlock+Paladin,Rogue+Shaman,0,team2,kill,66.25
Warlock+Paladin_vs_Rogue+Shaman#as87Warlock,Warlock+Paladin,Rogue+Shaman,1,team2,kill,47.88
Warlock+Paladin_vs_Priest+Warlock#as87Warlock,Warlock+Paladin,Priest+Warlock,0,team1,kill,52.68
Warlock+Paladin_vs_Priest+Warlock#as87Warlock,Warlock+Paladin,Priest+Warlock,1,team1,kill,58.08
Warlock+Paladin_vs_Priest+Hunter#as87Warlock,Warlock+Paladin,Priest+Hunter,0,team1,kill,59.88
Warlock+Paladin_vs_Priest+Hunter#as87Warlock,Warlock+Paladin,Priest+Hunter,1,team1,kill,58.23
Warlock+Paladin_vs_Warlock+Paladin#as87Warlock,Warlock+Paladin,Warlock+Paladin,0,team2,kill,81.24
Warlock+Paladin_vs_Warlock+Paladin#as87Warlock,Warlock+Paladin,Warlock+Paladin,1,team1,kill,147.77
Warlock+Paladin_vs_Warlock+Hunter#as87Warlock,Warlock+Paladin,Warlock+Hunter,0,team1,kill,43.52
Warlock+Paladin_vs_Warlock+Hunter#as87Warlock,Warlock+Paladin,Warlock+Hunter,1,team1,kill,70.02
Warlock+Paladin_vs_Warlock+Shaman#as87Warlock,Warlock+Paladin,Warlock+Shaman,0,team1,kill,138.26
Warlock+Paladin_vs_Warlock+Shaman#as87Warlock,Warlock+Paladin,Warlock+Shaman,1,team2,kill,41.83
Warlock+Paladin_vs_Paladin+Hunter#as87Warlock,Warlock+Paladin,Paladin+Hunter,0,team1,kill,149.76
Warlock+Paladin_vs_Paladin+Hunter#as87Warlock,Warlock+Paladin,Paladin+Hunter,1,team1,kill,85.19
Warlock+Paladin_vs_Hunter+Shaman#as87Warlock,Warlock+Paladin,Hunter+Shaman,0,team1,kill,51.32
Warlock+Paladin_vs_Hunter+Shaman#as87Warlock,Warlock+Paladin,Hunter+Shaman,1,team1,kill,47.83
Warlock+Hunter_vs_Warrior+Mage#as87Warlock,Warlock+Hunter,Warrior+Mage,0,team2,kill,21.77
Warlock+Hunter_vs_Warrior+Mage#as87Warlock,Warlock+Hunter,Warrior+Mage,1,team2,kill,20.82
Warlock+Hunter_vs_Warrior+Rogue#as87Warlock,Warlock+Hunter,Warrior+Rogue,0,team1,kill,20.08
Warlock+Hunter_vs_Warrior+Rogue#as87Warlock,Warlock+Hunter,Warrior+Rogue,1,team1,kill,23.85
Warlock+Hunter_vs_Warrior+Priest#as87Warlock,Warlock+Hunter,Warrior+Priest,0,team1,kill,30.85
Warlock+Hunter_vs_Warrior+Priest#as87Warlock,Warlock+Hunter,Warrior+Priest,1,team2,kill,42.18
Warlock+Hunter_vs_Warrior+Warlock#as87Warlock,Warlock+Hunter,Warrior+Warlock,0,team1,kill,22.92
Warlock+Hunter_vs_Warrior+Warlock#as87Warlock,Warlock+Hunter,Warrior+Warlock,1,team2,kill,27.17
Warlock+Hunter_vs_Warrior+Paladin#as87Warlock,Warlock+Hunter,Warrior+Paladin,0,team2,kill,42.62
Warlock+Hunter_vs_Warrior+Paladin#as87Warlock,Warlock+Hunter,Warrior+Paladin,1,team2,kill,32.97
Warlock+Hunter_vs_Warrior+Hunter#as87Warlock,Warlock+Hunter,Warrior+Hunter,0,team1,kill,18.23
Warlock+Hunter_vs_Warrior+Hunter#as87Warlock,Warlock+Hunter,Warrior+Hunter,1,team1,kill,21.03
Warlock+Hunter_vs_Warrior+Shaman#as87Warlock,Warlock+Hunter,Warrior+Shaman,0,team2,kill,38.62
Warlock+Hunter_vs_Warrior+Shaman#as87Warlock,Warlock+Hunter,Warrior+Shaman,1,team2,kill,32.48
Warlock+Hunter_vs_Mage+Rogue#as87Warlock,Warlock+Hunter,Mage+Rogue,0,team2,kill,38.67
Warlock+Hunter_vs_Mage+Rogue#as87Warlock,Warlock+Hunter,Mage+Rogue,1,team2,kill,33.65
Warlock+Hunter_vs_Mage+Priest#as87Warlock,Warlock+Hunter,Mage+Priest,0,team2,kill,24.33
Warlock+Hunter_vs_Mage+Priest#as87Warlock,Warlock+Hunter,Mage+Priest,1,team2,kill,24.43
Warlock+Hunter_vs_Mage+Warlock#as87Warlock,Warlock+Hunter,Mage+Warlock,0,team2,kill,18.48
Warlock+Hunter_vs_Mage+Warlock#as87Warlock,Warlock+Hunter,Mage+Warlock,1,team2,kill,18.48
Warlock+Hunter_vs_Mage+Paladin#as87Warlock,Warlock+Hunter,Mage+Paladin,0,team2,kill,22.17
Warlock+Hunter_vs_Mage+Paladin#as87Warlock,Warlock+Hunter,Mage+Paladin,1,team2,kill,29.42
Warlock+Hunter_vs_Mage+Hunter#as87Warlock,Warlock+Hunter,Mage+Hunter,0,team2,kill,17.67
Warlock+Hunter_vs_Mage+Hunter#as87Warlock,Warlock+Hunter,Mage+Hunter,1,team2,kill,17.63
Warlock+Hunter_vs_Mage+Shaman#as87Warlock,Warlock+Hunter,Mage+Shaman,0,team2,kill,13.15
Warlock+Hunter_vs_Mage+Shaman#as87Warlock,Warlock+Hunter,Mage+Shaman,1,team2,kill,16.73
Warlock+Hunter_vs_Rogue+Priest#as87Warlock,Warlock+Hunter,Rogue+Priest,0,team2,kill,48.48
Warlock+Hunter_vs_Rogue+Priest#as87Warlock,Warlock+Hunter,Rogue+Priest,1,team2,kill,41.88
Warlock+Hunter_vs_Rogue+Warlock#as87Warlock,Warlock+Hunter,Rogue+Warlock,0,team1,kill,21.53
Warlock+Hunter_vs_Rogue+Warlock#as87Warlock,Warlock+Hunter,Rogue+Warlock,1,team1,kill,20.43
Warlock+Hunter_vs_Rogue+Paladin#as87Warlock,Warlock+Hunter,Rogue+Paladin,0,team2,kill,81.12
Warlock+Hunter_vs_Rogue+Paladin#as87Warlock,Warlock+Hunter,Rogue+Paladin,1,team2,kill,72.62
Warlock+Hunter_vs_Rogue+Hunter#as87Warlock,Warlock+Hunter,Rogue+Hunter,0,team1,kill,21.03
Warlock+Hunter_vs_Rogue+Hunter#as87Warlock,Warlock+Hunter,Rogue+Hunter,1,team1,kill,20.92
Warlock+Hunter_vs_Rogue+Shaman#as87Warlock,Warlock+Hunter,Rogue+Shaman,0,team1,kill,37.77
Warlock+Hunter_vs_Rogue+Shaman#as87Warlock,Warlock+Hunter,Rogue+Shaman,1,team2,kill,51.43
Warlock+Hunter_vs_Priest+Warlock#as87Warlock,Warlock+Hunter,Priest+Warlock,0,team2,kill,34.88
Warlock+Hunter_vs_Priest+Warlock#as87Warlock,Warlock+Hunter,Priest+Warlock,1,team1,kill,26.47
Warlock+Hunter_vs_Priest+Hunter#as87Warlock,Warlock+Hunter,Priest+Hunter,0,team2,kill,33.00
Warlock+Hunter_vs_Priest+Hunter#as87Warlock,Warlock+Hunter,Priest+Hunter,1,team2,kill,31.90
Warlock+Hunter_vs_Warlock+Paladin#as87Warlock,Warlock+Hunter,Warlock+Paladin,0,team2,kill,42.33
Warlock+Hunter_vs_Warlock+Paladin#as87Warlock,Warlock+Hunter,Warlock+Paladin,1,team2,kill,61.47
Warlock+Hunter_vs_Warlock+Hunter#as87Warlock,Warlock+Hunter,Warlock+Hunter,0,team1,kill,23.32
Warlock+Hunter_vs_Warlock+Hunter#as87Warlock,Warlock+Hunter,Warlock+Hunter,1,draw,kill,24.00
Warlock+Hunter_vs_Warlock+Shaman#as87Warlock,Warlock+Hunter,Warlock+Shaman,0,team2,kill,20.48
Warlock+Hunter_vs_Warlock+Shaman#as87Warlock,Warlock+Hunter,Warlock+Shaman,1,team2,kill,20.58
Warlock+Hunter_vs_Paladin+Hunter#as87Warlock,Warlock+Hunter,Paladin+Hunter,0,team2,kill,35.30
Warlock+Hunter_vs_Paladin+Hunter#as87Warlock,Warlock+Hunter,Paladin+Hunter,1,team1,kill,44.72
Warlock+Hunter_vs_Hunter+Shaman#as87Warlock,Warlock+Hunter,Hunter+Shaman,0,team2,kill,24.15
Warlock+Hunter_vs_Hunter+Shaman#as87Warlock,Warlock+Hunter,Hunter+Shaman,1,team2,kill,25.67
Warlock+Shaman_vs_Warrior+Mage#as87Warlock,Warlock+Shaman,Warrior+Mage,0,team1,kill,26.62
Warlock+Shaman_vs_Warrior+Mage#as87Warlock,Warlock+Shaman,Warrior+Mage,1,team1,kill,23.60
Warlock+Shaman_vs_Warrior+Rogue#as87Warlock,Warlock+Shaman,Warrior+Rogue,0,team1,kill,20.00
Warlock+Shaman_vs_Warrior+Rogue#as87Warlock,Warlock+Shaman,Warrior+Rogue,1,team1,kill,18.38
Warlock+Shaman_vs_Warrior+Priest#as87Warlock,Warlock+Shaman,Warrior+Priest,0,team1,kill,19.22
Warlock+Shaman_vs_Warrior+Priest#as87Warlock,Warlock+Shaman,Warrior+Priest,1,team1,kill,35.97
Warlock+Shaman_vs_Warrior+Warlock#as87Warlock,Warlock+Shaman,Warrior+Warlock,0,team1,kill,23.43
Warlock+Shaman_vs_Warrior+Warlock#as87Warlock,Warlock+Shaman,Warrior+Warlock,1,team1,kill,31.42
Warlock+Shaman_vs_Warrior+Paladin#as87Warlock,Warlock+Shaman,Warrior+Paladin,0,team2,kill,36.93
Warlock+Shaman_vs_Warrior+Paladin#as87Warlock,Warlock+Shaman,Warrior+Paladin,1,team1,kill,40.17
Warlock+Shaman_vs_Warrior+Hunter#as87Warlock,Warlock+Shaman,Warrior+Hunter,0,team1,kill,18.03
Warlock+Shaman_vs_Warrior+Hunter#as87Warlock,Warlock+Shaman,Warrior+Hunter,1,team1,kill,19.25
Warlock+Shaman_vs_Warrior+Shaman#as87Warlock,Warlock+Shaman,Warrior+Shaman,0,team2,kill,43.63
Warlock+Shaman_vs_Warrior+Shaman#as87Warlock,Warlock+Shaman,Warrior+Shaman,1,team2,kill,49.23
Warlock+Shaman_vs_Mage+Rogue#as87Warlock,Warlock+Shaman,Mage+Rogue,0,team2,kill,20.67
Warlock+Shaman_vs_Mage+Rogue#as87Warlock,Warlock+Shaman,Mage+Rogue,1,team2,kill,25.60
Warlock+Shaman_vs_Mage+Priest#as87Warlock,Warlock+Shaman,Mage+Priest,0,team1,kill,71.08
Warlock+Shaman_vs_Mage+Priest#as87Warlock,Warlock+Shaman,Mage+Priest,1,team2,kill,42.52
Warlock+Shaman_vs_Mage+Warlock#as87Warlock,Warlock+Shaman,Mage+Warlock,0,team2,kill,34.87
Warlock+Shaman_vs_Mage+Warlock#as87Warlock,Warlock+Shaman,Mage+Warlock,1,team2,kill,21.58
Warlock+Shaman_vs_Mage+Paladin#as87Warlock,Warlock+Shaman,Mage+Paladin,0,team2,kill,54.75
Warlock+Shaman_vs_Mage+Paladin#as87Warlock,Warlock+Shaman,Mage+Paladin,1,team2,kill,33.30
Warlock+Shaman_vs_Mage+Hunter#as87Warlock,Warlock+Shaman,Mage+Hunter,0,team1,kill,17.70
Warlock+Shaman_vs_Mage+Hunter#as87Warlock,Warlock+Shaman,Mage+Hunter,1,team1,kill,25.15
Warlock+Shaman_vs_Mage+Shaman#as87Warlock,Warlock+Shaman,Mage+Shaman,0,team2,kill,17.23
Warlock+Shaman_vs_Mage+Shaman#as87Warlock,Warlock+Shaman,Mage+Shaman,1,team2,kill,28.83
Warlock+Shaman_vs_Rogue+Priest#as87Warlock,Warlock+Shaman,Rogue+Priest,0,team2,kill,35.35
Warlock+Shaman_vs_Rogue+Priest#as87Warlock,Warlock+Shaman,Rogue+Priest,1,team2,kill,30.92
Warlock+Shaman_vs_Rogue+Warlock#as87Warlock,Warlock+Shaman,Rogue+Warlock,0,team1,kill,21.72
Warlock+Shaman_vs_Rogue+Warlock#as87Warlock,Warlock+Shaman,Rogue+Warlock,1,team1,kill,21.02
Warlock+Shaman_vs_Rogue+Paladin#as87Warlock,Warlock+Shaman,Rogue+Paladin,0,team2,kill,58.00
Warlock+Shaman_vs_Rogue+Paladin#as87Warlock,Warlock+Shaman,Rogue+Paladin,1,team1,kill,61.83
Warlock+Shaman_vs_Rogue+Hunter#as87Warlock,Warlock+Shaman,Rogue+Hunter,0,team1,kill,19.00
Warlock+Shaman_vs_Rogue+Hunter#as87Warlock,Warlock+Shaman,Rogue+Hunter,1,team1,kill,18.52
Warlock+Shaman_vs_Rogue+Shaman#as87Warlock,Warlock+Shaman,Rogue+Shaman,0,team2,kill,47.80
Warlock+Shaman_vs_Rogue+Shaman#as87Warlock,Warlock+Shaman,Rogue+Shaman,1,team2,kill,48.50
Warlock+Shaman_vs_Priest+Warlock#as87Warlock,Warlock+Shaman,Priest+Warlock,0,team1,kill,36.28
Warlock+Shaman_vs_Priest+Warlock#as87Warlock,Warlock+Shaman,Priest+Warlock,1,team1,kill,47.52
Warlock+Shaman_vs_Priest+Hunter#as87Warlock,Warlock+Shaman,Priest+Hunter,0,team1,kill,37.28
Warlock+Shaman_vs_Priest+Hunter#as87Warlock,Warlock+Shaman,Priest+Hunter,1,team1,kill,27.12
Warlock+Shaman_vs_Warlock+Paladin#as87Warlock,Warlock+Shaman,Warlock+Paladin,0,team2,kill,47.78
Warlock+Shaman_vs_Warlock+Paladin#as87Warlock,Warlock+Shaman,Warlock+Paladin,1,team1,kill,40.80
Warlock+Shaman_vs_Warlock+Hunter#as87Warlock,Warlock+Shaman,Warlock+Hunter,0,team1,kill,20.18
Warlock+Shaman_vs_Warlock+Hunter#as87Warlock,Warlock+Shaman,Warlock+Hunter,1,team1,kill,20.43
Warlock+Shaman_vs_Warlock+Shaman#as87Warlock,Warlock+Shaman,Warlock+Shaman,0,team1,kill,26.53
Warlock+Shaman_vs_Warlock+Shaman#as87Warlock,Warlock+Shaman,Warlock+Shaman,1,team1,kill,55.18
Warlock+Shaman_vs_Paladin+Hunter#as87Warlock,Warlock+Shaman,Paladin+Hunter,0,team1,kill,72.58
Warlock+Shaman_vs_Paladin+Hunter#as87Warlock,Warlock+Shaman,Paladin+Hunter,1,team1,kill,63.17
Warlock+Shaman_vs_Hunter+Shaman#as87Warlock,Warlock+Shaman,Hunter+Shaman,0,team1,kill,46.47
Warlock+Shaman_vs_Hunter+Shaman#as87Warlock,Warlock+Shaman,Hunter+Shaman,1,team1,kill,31.83
Priest+Warrior_vs_Warrior+Mage#as87Priest,Priest+Warrior,Warrior+Mage,0,team2,kill,19.07
Priest+Warrior_vs_Warrior+Mage#as87Priest,Priest+Warrior,Warrior+Mage,1,team2,kill,21.15
Priest+Warrior_vs_Warrior+Rogue#as87Priest,Priest+Warrior,Warrior+Rogue,0,team2,kill,25.40
Priest+Warrior_vs_Warrior+Rogue#as87Priest,Priest+Warrior,Warrior+Rogue,1,team2,kill,22.92
Priest+Warrior_vs_Warrior+Priest#as87Priest,Priest+Warrior,Warrior+Priest,0,team2,kill,42.68
Priest+Warrior_vs_Warrior+Priest#as87Priest,Priest+Warrior,Warrior+Priest,1,team1,kill,47.12
Priest+Warrior_vs_Warrior+Warlock#as87Priest,Priest+Warrior,Warrior+Warlock,0,team2,kill,27.42
Priest+Warrior_vs_Warrior+Warlock#as87Priest,Priest+Warrior,Warrior+Warlock,1,team2,kill,26.02
Priest+Warrior_vs_Warrior+Paladin#as87Priest,Priest+Warrior,Warrior+Paladin,0,team2,kill,27.65
Priest+Warrior_vs_Warrior+Paladin#as87Priest,Priest+Warrior,Warrior+Paladin,1,team2,kill,27.43
Priest+Warrior_vs_Warrior+Hunter#as87Priest,Priest+Warrior,Warrior+Hunter,0,team2,kill,34.55
Priest+Warrior_vs_Warrior+Hunter#as87Priest,Priest+Warrior,Warrior+Hunter,1,team2,kill,36.37
Priest+Warrior_vs_Warrior+Shaman#as87Priest,Priest+Warrior,Warrior+Shaman,0,team2,kill,31.17
Priest+Warrior_vs_Warrior+Shaman#as87Priest,Priest+Warrior,Warrior+Shaman,1,team2,kill,33.43
Priest+Warrior_vs_Mage+Rogue#as87Priest,Priest+Warrior,Mage+Rogue,0,team2,kill,42.82
Priest+Warrior_vs_Mage+Rogue#as87Priest,Priest+Warrior,Mage+Rogue,1,team2,kill,34.30
Priest+Warrior_vs_Mage+Priest#as87Priest,Priest+Warrior,Mage+Priest,0,team1,kill,52.37
Priest+Warrior_vs_Mage+Priest#as87Priest,Priest+Warrior,Mage+Priest,1,team2,kill,24.30
Priest+Warrior_vs_Mage+Warlock#as87Priest,Priest+Warrior,Mage+Warlock,0,team2,kill,19.33
Priest+Warrior_vs_Mage+Warlock#as87Priest,Priest+Warrior,Mage+Warlock,1,team2,kill,17.75
Priest+Warrior_vs_Mage+Paladin#as87Priest,Priest+Warrior,Mage+Paladin,0,team1,kill,80.10
Priest+Warrior_vs_Mage+Paladin#as87Priest,Priest+Warrior,Mage+Paladin,1,team1,kill,72.12
Priest+Warrior_vs_Mage+Hunter#as87Priest,Priest+Warrior,Mage+Hunter,0,team2,kill,36.25
Priest+Warrior_vs_Mage+Hunter#as87Priest,Priest+Warrior,Mage+Hunter,1,team2,kill,45.13
Priest+Warrior_vs_Mage+Shaman#as87Priest,Priest+Warrior,Mage+Shaman,0,team2,kill,22.38
Priest+Warrior_vs_Mage+Shaman#as87Priest,Priest+Warrior,Mage+Shaman,1,team2,kill,19.60
Priest+Warrior_vs_Rogue+Priest#as87Priest,Priest+Warrior,Rogue+Priest,0,team2,kill,32.60
Priest+Warrior_vs_Rogue+Priest#as87Priest,Priest+Warrior,Rogue+Priest,1,team2,kill,30.40
Priest+Warrior_vs_Rogue+Warlock#as87Priest,Priest+Warrior,Rogue+Warlock,0,team2,kill,27.40
Priest+Warrior_vs_Rogue+Warlock#as87Priest,Priest+Warrior,Rogue+Warlock,1,team2,kill,22.15
Priest+Warrior_vs_Rogue+Paladin#as87Priest,Priest+Warrior,Rogue+Paladin,0,team2,kill,29.98
Priest+Warrior_vs_Rogue+Paladin#as87Priest,Priest+Warrior,Rogue+Paladin,1,team2,kill,32.07
Priest+Warrior_vs_Rogue+Hunter#as87Priest,Priest+Warrior,Rogue+Hunter,0,team2,kill,31.20
Priest+Warrior_vs_Rogue+Hunter#as87Priest,Priest+Warrior,Rogue+Hunter,1,team2,kill,28.78
Priest+Warrior_vs_Rogue+Shaman#as87Priest,Priest+Warrior,Rogue+Shaman,0,team2,kill,24.62
Priest+Warrior_vs_Rogue+Shaman#as87Priest,Priest+Warrior,Rogue+Shaman,1,team2,kill,24.62
Priest+Warrior_vs_Priest+Warlock#as87Priest,Priest+Warrior,Priest+Warlock,0,team1,kill,42.18
Priest+Warrior_vs_Priest+Warlock#as87Priest,Priest+Warrior,Priest+Warlock,1,team1,kill,39.55
Priest+Warrior_vs_Priest+Hunter#as87Priest,Priest+Warrior,Priest+Hunter,0,team2,kill,58.83
Priest+Warrior_vs_Priest+Hunter#as87Priest,Priest+Warrior,Priest+Hunter,1,team2,kill,59.92
Priest+Warrior_vs_Warlock+Paladin#as87Priest,Priest+Warrior,Warlock+Paladin,0,team1,kill,74.37
Priest+Warrior_vs_Warlock+Paladin#as87Priest,Priest+Warrior,Warlock+Paladin,1,team1,kill,61.58
Priest+Warrior_vs_Warlock+Hunter#as87Priest,Priest+Warrior,Warlock+Hunter,0,team2,kill,45.37
Priest+Warrior_vs_Warlock+Hunter#as87Priest,Priest+Warrior,Warlock+Hunter,1,team2,kill,50.18
Priest+Warrior_vs_Warlock+Shaman#as87Priest,Priest+Warrior,Warlock+Shaman,0,team2,kill,19.30
Priest+Warrior_vs_Warlock+Shaman#as87Priest,Priest+Warrior,Warlock+Shaman,1,team2,kill,39.78
Priest+Warrior_vs_Paladin+Hunter#as87Priest,Priest+Warrior,Paladin+Hunter,0,team2,kill,73.93
Priest+Warrior_vs_Paladin+Hunter#as87Priest,Priest+Warrior,Paladin+Hunter,1,team1,kill,104.57
Priest+Warrior_vs_Hunter+Shaman#as87Priest,Priest+Warrior,Hunter+Shaman,0,team2,kill,77.99
Priest+Warrior_vs_Hunter+Shaman#as87Priest,Priest+Warrior,Hunter+Shaman,1,team1,kill,65.02
Priest+Mage_vs_Warrior+Mage#as87Priest,Priest+Mage,Warrior+Mage,0,team1,kill,23.58
Priest+Mage_vs_Warrior+Mage#as87Priest,Priest+Mage,Warrior+Mage,1,team1,kill,27.95
Priest+Mage_vs_Warrior+Rogue#as87Priest,Priest+Mage,Warrior+Rogue,0,team1,kill,28.83
Priest+Mage_vs_Warrior+Rogue#as87Priest,Priest+Mage,Warrior+Rogue,1,team1,kill,28.85
Priest+Mage_vs_Warrior+Priest#as87Priest,Priest+Mage,Warrior+Priest,0,team2,kill,49.95
Priest+Mage_vs_Warrior+Priest#as87Priest,Priest+Mage,Warrior+Priest,1,team2,kill,46.93
Priest+Mage_vs_Warrior+Warlock#as87Priest,Priest+Mage,Warrior+Warlock,0,team1,kill,26.10
Priest+Mage_vs_Warrior+Warlock#as87Priest,Priest+Mage,Warrior+Warlock,1,team1,kill,24.17
Priest+Mage_vs_Warrior+Paladin#as87Priest,Priest+Mage,Warrior+Paladin,0,team2,kill,32.13
Priest+Mage_vs_Warrior+Paladin#as87Priest,Priest+Mage,Warrior+Paladin,1,team2,kill,63.93
Priest+Mage_vs_Warrior+Hunter#as87Priest,Priest+Mage,Warrior+Hunter,0,team1,kill,23.20
Priest+Mage_vs_Warrior+Hunter#as87Priest,Priest+Mage,Warrior+Hunter,1,team1,kill,22.52
Priest+Mage_vs_Warrior+Shaman#as87Priest,Priest+Mage,Warrior+Shaman,0,team1,kill,26.30
Priest+Mage_vs_Warrior+Shaman#as87Priest,Priest+Mage,Warrior+Shaman,1,team1,kill,25.23
Priest+Mage_vs_Mage+Rogue#as87Priest,Priest+Mage,Mage+Rogue,0,team2,kill,35.20
Priest+Mage_vs_Mage+Rogue#as87Priest,Priest+Mage,Mage+Rogue,1,team1,kill,25.25
Priest+Mage_vs_Mage+Priest#as87Priest,Priest+Mage,Mage+Priest,0,team1,kill,31.73
Priest+Mage_vs_Mage+Priest#as87Priest,Priest+Mage,Mage+Priest,1,team2,kill,51.77
Priest+Mage_vs_Mage+Warlock#as87Priest,Priest+Mage,Mage+Warlock,0,team2,kill,22.55
Priest+Mage_vs_Mage+Warlock#as87Priest,Priest+Mage,Mage+Warlock,1,team2,kill,18.03
Priest+Mage_vs_Mage+Paladin#as87Priest,Priest+Mage,Mage+Paladin,0,team2,kill,23.97
Priest+Mage_vs_Mage+Paladin#as87Priest,Priest+Mage,Mage+Paladin,1,team2,kill,22.37
Priest+Mage_vs_Mage+Hunter#as87Priest,Priest+Mage,Mage+Hunter,0,team1,kill,17.38
Priest+Mage_vs_Mage+Hunter#as87Priest,Priest+Mage,Mage+Hunter,1,team1,kill,18.47
Priest+Mage_vs_Mage+Shaman#as87Priest,Priest+Mage,Mage+Shaman,0,team1,kill,27.25
Priest+Mage_vs_Mage+Shaman#as87Priest,Priest+Mage,Mage+Shaman,1,team1,kill,24.27
Priest+Mage_vs_Rogue+Priest#as87Priest,Priest+Mage,Rogue+Priest,0,team2,kill,36.78
Priest+Mage_vs_Rogue+Priest#as87Priest,Priest+Mage,Rogue+Priest,1,team1,kill,36.10
Priest+Mage_vs_Rogue+Warlock#as87Priest,Priest+Mage,Rogue+Warlock,0,team1,kill,17.17
Priest+Mage_vs_Rogue+Warlock#as87Priest,Priest+Mage,Rogue+Warlock,1,team1,kill,20.50
Priest+Mage_vs_Rogue+Paladin#as87Priest,Priest+Mage,Rogue+Paladin,0,team1,kill,54.17
Priest+Mage_vs_Rogue+Paladin#as87Priest,Priest+Mage,Rogue+Paladin,1,team2,kill,37.02
Priest+Mage_vs_Rogue+Hunter#as87Priest,Priest+Mage,Rogue+Hunter,0,team1,kill,17.03
Priest+Mage_vs_Rogue+Hunter#as87Priest,Priest+Mage,Rogue+Hunter,1,team1,kill,18.12
Priest+Mage_vs_Rogue+Shaman#as87Priest,Priest+Mage,Rogue+Shaman,0,team2,kill,26.15
Priest+Mage_vs_Rogue+Shaman#as87Priest,Priest+Mage,Rogue+Shaman,1,team1,kill,37.50
Priest+Mage_vs_Priest+Warlock#as87Priest,Priest+Mage,Priest+Warlock,0,team1,kill,119.61
Priest+Mage_vs_Priest+Warlock#as87Priest,Priest+Mage,Priest+Warlock,1,team2,kill,63.72
Priest+Mage_vs_Priest+Hunter#as87Priest,Priest+Mage,Priest+Hunter,0,team1,kill,34.27
Priest+Mage_vs_Priest+Hunter#as87Priest,Priest+Mage,Priest+Hunter,1,team1,kill,58.50
Priest+Mage_vs_Warlock+Paladin#as87Priest,Priest+Mage,Warlock+Paladin,0,team1,kill,132.80
Priest+Mage_vs_Warlock+Paladin#as87Priest,Priest+Mage,Warlock+Paladin,1,team2,kill,43.70
Priest+Mage_vs_Warlock+Hunter#as87Priest,Priest+Mage,Warlock+Hunter,0,team1,kill,27.33
Priest+Mage_vs_Warlock+Hunter#as87Priest,Priest+Mage,Warlock+Hunter,1,team1,kill,25.72
Priest+Mage_vs_Warlock+Shaman#as87Priest,Priest+Mage,Warlock+Shaman,0,team1,kill,26.80
Priest+Mage_vs_Warlock+Shaman#as87Priest,Priest+Mage,Warlock+Shaman,1,team1,kill,25.70
Priest+Mage_vs_Paladin+Hunter#as87Priest,Priest+Mage,Paladin+Hunter,0,team1,kill,74.72
Priest+Mage_vs_Paladin+Hunter#as87Priest,Priest+Mage,Paladin+Hunter,1,team1,kill,117.01
Priest+Mage_vs_Hunter+Shaman#as87Priest,Priest+Mage,Hunter+Shaman,0,team1,kill,24.28
Priest+Mage_vs_Hunter+Shaman#as87Priest,Priest+Mage,Hunter+Shaman,1,team1,kill,25.50
Priest+Rogue_vs_Warrior+Mage#as87Priest,Priest+Rogue,Warrior+Mage,0,team2,kill,18.87
Priest+Rogue_vs_Warrior+Mage#as87Priest,Priest+Rogue,Warrior+Mage,1,team2,kill,23.62
Priest+Rogue_vs_Warrior+Rogue#as87Priest,Priest+Rogue,Warrior+Rogue,0,team1,kill,24.85
Priest+Rogue_vs_Warrior+Rogue#as87Priest,Priest+Rogue,Warrior+Rogue,1,team2,kill,25.88
Priest+Rogue_vs_Warrior+Priest#as87Priest,Priest+Rogue,Warrior+Priest,0,team2,kill,32.12
Priest+Rogue_vs_Warrior+Priest#as87Priest,Priest+Rogue,Warrior+Priest,1,team2,kill,32.40
Priest+Rogue_vs_Warrior+Warlock#as87Priest,Priest+Rogue,Warrior+Warlock,0,team1,kill,25.97
Priest+Rogue_vs_Warrior+Warlock#as87Priest,Priest+Rogue,Warrior+Warlock,1,team1,kill,26.10
Priest+Rogue_vs_Warrior+Paladin#as87Priest,Priest+Rogue,Warrior+Paladin,0,team2,kill,39.63
Priest+Rogue_vs_Warrior+Paladin#as87Priest,Priest+Rogue,Warrior+Paladin,1,team1,kill,64.58
Priest+Rogue_vs_Warrior+Hunter#as87Priest,Priest+Rogue,Warrior+Hunter,0,team2,kill,34.07
Priest+Rogue_vs_Warrior+Hunter#as87Priest,Priest+Rogue,Warrior+Hunter,1,team1,kill,33.37
Priest+Rogue_vs_Warrior+Shaman#as87Priest,Priest+Rogue,Warrior+Shaman,0,team2,kill,36.25
Priest+Rogue_vs_Warrior+Shaman#as87Priest,Priest+Rogue,Warrior+Shaman,1,team1,kill,29.53
Priest+Rogue_vs_Mage+Rogue#as87Priest,Priest+Rogue,Mage+Rogue,0,team2,kill,21.78
Priest+Rogue_vs_Mage+Rogue#as87Priest,Priest+Rogue,Mage+Rogue,1,team2,kill,23.70
Priest+Rogue_vs_Mage+Priest#as87Priest,Priest+Rogue,Mage+Priest,0,team1,kill,40.68
Priest+Rogue_vs_Mage+Priest#as87Priest,Priest+Rogue,Mage+Priest,1,team1,kill,36.88
Priest+Rogue_vs_Mage+Warlock#as87Priest,Priest+Rogue,Mage+Warlock,0,team1,kill,36.30
Priest+Rogue_vs_Mage+Warlock#as87Priest,Priest+Rogue,Mage+Warlock,1,team1,kill,31.57
Priest+Rogue_vs_Mage+Paladin#as87Priest,Priest+Rogue,Mage+Paladin,0,team2,kill,58.92
Priest+Rogue_vs_Mage+Paladin#as87Priest,Priest+Rogue,Mage+Paladin,1,team2,kill,64.43
Priest+Rogue_vs_Mage+Hunter#as87Priest,Priest+Rogue,Mage+Hunter,0,team2,kill,42.33
Priest+Rogue_vs_Mage+Hunter#as87Priest,Priest+Rogue,Mage+Hunter,1,team1,kill,41.90
Priest+Rogue_vs_Mage+Shaman#as87Priest,Priest+Rogue,Mage+Shaman,0,team2,kill,32.85
Priest+Rogue_vs_Mage+Shaman#as87Priest,Priest+Rogue,Mage+Shaman,1,team2,kill,30.37
Priest+Rogue_vs_Rogue+Priest#as87Priest,Priest+Rogue,Rogue+Priest,0,team1,kill,32.90
Priest+Rogue_vs_Rogue+Priest#as87Priest,Priest+Rogue,Rogue+Priest,1,team2,kill,27.67
Priest+Rogue_vs_Rogue+Warlock#as87Priest,Priest+Rogue,Rogue+Warlock,0,team1,kill,26.45
Priest+Rogue_vs_Rogue+Warlock#as87Priest,Priest+Rogue,Rogue+Warlock,1,team2,kill,25.40
Priest+Rogue_vs_Rogue+Paladin#as87Priest,Priest+Rogue,Rogue+Paladin,0,team2,kill,34.03
Priest+Rogue_vs_Rogue+Paladin#as87Priest,Priest+Rogue,Rogue+Paladin,1,team2,kill,33.93
Priest+Rogue_vs_Rogue+Hunter#as87Priest,Priest+Rogue,Rogue+Hunter,0,team1,kill,34.05
Priest+Rogue_vs_Rogue+Hunter#as87Priest,Priest+Rogue,Rogue+Hunter,1,team2,kill,32.25
Priest+Rogue_vs_Rogue+Shaman#as87Priest,Priest+Rogue,Rogue+Shaman,0,team2,kill,27.60
Priest+Rogue_vs_Rogue+Shaman#as87Priest,Priest+Rogue,Rogue+Shaman,1,team2,kill,27.22
Priest+Rogue_vs_Priest+Warlock#as87Priest,Priest+Rogue,Priest+Warlock,0,team1,kill,56.95
Priest+Rogue_vs_Priest+Warlock#as87Priest,Priest+Rogue,Priest+Warlock,1,team1,kill,52.93
Priest+Rogue_vs_Priest+Hunter#as87Priest,Priest+Rogue,Priest+Hunter,0,team1,kill,67.57
Priest+Rogue_vs_Priest+Hunter#as87Priest,Priest+Rogue,Priest+Hunter,1,team1,kill,50.22
Priest+Rogue_vs_Warlock+Paladin#as87Priest,Priest+Rogue,Warlock+Paladin,0,team2,kill,41.87
Priest+Rogue_vs_Warlock+Paladin#as87Priest,Priest+Rogue,Warlock+Paladin,1,team2,kill,50.63
Priest+Rogue_vs_Warlock+Hunter#as87Priest,Priest+Rogue,Warlock+Hunter,0,team1,kill,33.38
Priest+Rogue_vs_Warlock+Hunter#as87Priest,Priest+Rogue,Warlock+Hunter,1,team2,kill,37.12
Priest+Rogue_vs_Warlock+Shaman#as87Priest,Priest+Rogue,Warlock+Shaman,0,team2,kill,36.20
Priest+Rogue_vs_Warlock+Shaman#as87Priest,Priest+Rogue,Warlock+Shaman,1,team2,kill,34.80
Priest+Rogue_vs_Paladin+Hunter#as87Priest,Priest+Rogue,Paladin+Hunter,0,team1,kill,79.17
Priest+Rogue_vs_Paladin+Hunter#as87Priest,Priest+Rogue,Paladin+Hunter,1,team1,kill,86.40
Priest+Rogue_vs_Hunter+Shaman#as87Priest,Priest+Rogue,Hunter+Shaman,0,team1,kill,39.58
Priest+Rogue_vs_Hunter+Shaman#as87Priest,Priest+Rogue,Hunter+Shaman,1,team1,kill,71.82
Priest+Warlock_vs_Warrior+Mage#as87Priest,Priest+Warlock,Warrior+Mage,0,team2,kill,21.07
Priest+Warlock_vs_Warrior+Mage#as87Priest,Priest+Warlock,Warrior+Mage,1,team2,kill,21.05
Priest+Warlock_vs_Warrior+Rogue#as87Priest,Priest+Warlock,Warrior+Rogue,0,team1,kill,32.15
Priest+Warlock_vs_Warrior+Rogue#as87Priest,Priest+Warlock,Warrior+Rogue,1,team1,kill,32.90
Priest+Warlock_vs_Warrior+Priest#as87Priest,Priest+Warlock,Warrior+Priest,0,team2,kill,41.65
Priest+Warlock_vs_Warrior+Priest#as87Priest,Priest+Warlock,Warrior+Priest,1,team2,kill,44.70
Priest+Warlock_vs_Warrior+Warlock#as87Priest,Priest+Warlock,Warrior+Warlock,0,team2,kill,26.55
Priest+Warlock_vs_Warrior+Warlock#as87Priest,Priest+Warlock,Warrior+Warlock,1,team2,kill,27.52
Priest+Warlock_vs_Warrior+Paladin#as87Priest,Priest+Warlock,Warrior+Paladin,0,team2,kill,40.27
Priest+Warlock_vs_Warrior+Paladin#as87Priest,Priest+Warlock,Warrior+Paladin,1,team2,kill,41.98
Priest+Warlock_vs_Warrior+Hunter#as87Priest,Priest+Warlock,Warrior+Hunter,0,team1,kill,24.78
Priest+Warlock_vs_Warrior+Hunter#as87Priest,Priest+Warlock,Warrior+Hunter,1,team1,kill,27.63
Priest+Warlock_vs_Warrior+Shaman#as87Priest,Priest+Warlock,Warrior+Shaman,0,team2,kill,46.08
Priest+Warlock_vs_Warrior+Shaman#as87Priest,Priest+Warlock,Warrior+Shaman,1,team2,kill,42.45
Priest+Warlock_vs_Mage+Rogue#as87Priest,Priest+Warlock,Mage+Rogue,0,team1,kill,39.20
Priest+Warlock_vs_Mage+Rogue#as87Priest,Priest+Warlock,Mage+Rogue,1,team1,kill,36.18
Priest+Warlock_vs_Mage+Priest#as87Priest,Priest+Warlock,Mage+Priest,0,team1,kill,65.05
Priest+Warlock_vs_Mage+Priest#as87Priest,Priest+Warlock,Mage+Priest,1,team1,kill,41.32
Priest+Warlock_vs_Mage+Warlock#as87Priest,Priest+Warlock,Mage+Warlock,0,team2,kill,22.08
Priest+Warlock_vs_Mage+Warlock#as87Priest,Priest+Warlock,Mage+Warlock,1,team2,kill,23.60
Priest+Warlock_vs_Mage+Paladin#as87Priest,Priest+Warlock,Mage+Paladin,0,team1,kill,69.17
Priest+Warlock_vs_Mage+Paladin#as87Priest,Priest+Warlock,Mage+Paladin,1,team1,kill,81.92
Priest+Warlock_vs_Mage+Hunter#as87Priest,Priest+Warlock,Mage+Hunter,0,team1,kill,31.65
Priest+Warlock_vs_Mage+Hunter#as87Priest,Priest+Warlock,Mage+Hunter,1,team1,kill,31.65
Priest+Warlock_vs_Mage+Shaman#as87Priest,Priest+Warlock,Mage+Shaman,0,team2,kill,36.22
Priest+Warlock_vs_Mage+Shaman#as87Priest,Priest+Warlock,Mage+Shaman,1,team2,kill,36.55
Priest+Warlock_vs_Rogue+Priest#as87Priest,Priest+Warlock,Rogue+Priest,0,team2,kill,32.73
Priest+Warlock_vs_Rogue+Priest#as87Priest,Priest+Warlock,Rogue+Priest,1,team2,kill,29.55
Priest+Warlock_vs_Rogue+Warlock#as87Priest,Priest+Warlock,Rogue+Warlock,0,team2,kill,30.38
Priest+Warlock_vs_Rogue+Warlock#as87Priest,Priest+Warlock,Rogue+Warlock,1,team2,kill,25.15
Priest+Warlock_vs_Rogue+Paladin#as87Priest,Priest+Warlock,Rogue+Paladin,0,team2,kill,34.22
Priest+Warlock_vs_Rogue+Paladin#as87Priest,Priest+Warlock,Rogue+Paladin,1,team2,kill,34.40
Priest+Warlock_vs_Rogue+Hunter#as87Priest,Priest+Warlock,Rogue+Hunter,0,team1,kill,33.73
Priest+Warlock_vs_Rogue+Hunter#as87Priest,Priest+Warlock,Rogue+Hunter,1,team1,kill,28.02
Priest+Warlock_vs_Rogue+Shaman#as87Priest,Priest+Warlock,Rogue+Shaman,0,team2,kill,22.12
Priest+Warlock_vs_Rogue+Shaman#as87Priest,Priest+Warlock,Rogue+Shaman,1,team2,kill,29.27
Priest+Warlock_vs_Priest+Warlock#as87Priest,Priest+Warlock,Priest+Warlock,0,team2,kill,80.22
Priest+Warlock_vs_Priest+Warlock#as87Priest,Priest+Warlock,Priest+Warlock,1,team2,kill,81.22
Priest+Warlock_vs_Priest+Hunter#as87Priest,Priest+Warlock,Priest+Hunter,0,team1,kill,51.32
Priest+Warlock_vs_Priest+Hunter#as87Priest,Priest+Warlock,Priest+Hunter,1,team1,kill,54.37
Priest+Warlock_vs_Warlock+Paladin#as87Priest,Priest+Warlock,Warlock+Paladin,0,team1,kill,158.82
Priest+Warlock_vs_Warlock+Paladin#as87Priest,Priest+Warlock,Warlock+Paladin,1,team2,kill,91.52
Priest+Warlock_vs_Warlock+Hunter#as87Priest,Priest+Warlock,Warlock+Hunter,0,team1,kill,34.47
Priest+Warlock_vs_Warlock+Hunter#as87Priest,Priest+Warlock,Warlock+Hunter,1,team1,kill,48.38
Priest+Warlock_vs_Warlock+Shaman#as87Priest,Priest+Warlock,Warlock+Shaman,0,team2,kill,45.05
Priest+Warlock_vs_Warlock+Shaman#as87Priest,Priest+Warlock,Warlock+Shaman,1,team2,kill,42.07
Priest+Warlock_vs_Paladin+Hunter#as87Priest,Priest+Warlock,Paladin+Hunter,0,team1,kill,82.75
Priest+Warlock_vs_Paladin+Hunter#as87Priest,Priest+Warlock,Paladin+Hunter,1,team1,kill,62.40
Priest+Warlock_vs_Hunter+Shaman#as87Priest,Priest+Warlock,Hunter+Shaman,0,team2,kill,49.93
Priest+Warlock_vs_Hunter+Shaman#as87Priest,Priest+Warlock,Hunter+Shaman,1,team2,kill,48.67
Priest+Paladin_vs_Warrior+Mage#as87Priest,Priest+Paladin,Warrior+Mage,0,team1,kill,49.52
Priest+Paladin_vs_Warrior+Mage#as87Priest,Priest+Paladin,Warrior+Mage,1,team1,kill,49.77
Priest+Paladin_vs_Warrior+Rogue#as87Priest,Priest+Paladin,Warrior+Rogue,0,team2,kill,66.85
Priest+Paladin_vs_Warrior+Rogue#as87Priest,Priest+Paladin,Warrior+Rogue,1,team2,kill,66.25
Priest+Paladin_vs_Warrior+Priest#as87Priest,Priest+Paladin,Warrior+Priest,0,team2,kill,67.77
Priest+Paladin_vs_Warrior+Priest#as87Priest,Priest+Paladin,Warrior+Priest,1,team2,kill,71.40
Priest+Paladin_vs_Warrior+Warlock#as87Priest,Priest+Paladin,Warrior+Warlock,0,team2,kill,59.72
Priest+Paladin_vs_Warrior+Warlock#as87Priest,Priest+Paladin,Warrior+Warlock,1,team2,kill,54.55
Priest+Paladin_vs_Warrior+Paladin#as87Priest,Priest+Paladin,Warrior+Paladin,0,team2,kill,71.75
Priest+Paladin_vs_Warrior+Paladin#as87Priest,Priest+Paladin,Warrior+Paladin,1,team2,kill,71.87
Priest+Paladin_vs_Warrior+Hunter#as87Priest,Priest+Paladin,Warrior+Hunter,0,team1,kill,81.64
Priest+Paladin_vs_Warrior+Hunter#as87Priest,Priest+Paladin,Warrior+Hunter,1,team1,kill,85.70
Priest+Paladin_vs_Warrior+Shaman#as87Priest,Priest+Paladin,Warrior+Shaman,0,team2,kill,139.18
Priest+Paladin_vs_Warrior+Shaman#as87Priest,Priest+Paladin,Warrior+Shaman,1,team2,kill,82.59
Priest+Paladin_vs_Mage+Rogue#as87Priest,Priest+Paladin,Mage+Rogue,0,team2,kill,77.65
Priest+Paladin_vs_Mage+Rogue#as87Priest,Priest+Paladin,Mage+Rogue,1,team2,kill,49.78
Priest+Paladin_vs_Mage+Priest#as87Priest,Priest+Paladin,Mage+Priest,0,team2,kill,111.98
Priest+Paladin_vs_Mage+Priest#as87Priest,Priest+Paladin,Mage+Priest,1,team2,kill,180.78
Priest+Paladin_vs_Mage+Warlock#as87Priest,Priest+Paladin,Mage+Warlock,0,team2,kill,40.22
Priest+Paladin_vs_Mage+Warlock#as87Priest,Priest+Paladin,Mage+Warlock,1,team2,kill,53.97
Priest+Paladin_vs_Mage+Paladin#as87Priest,Priest+Paladin,Mage+Paladin,0,team2,kill,165.60
Priest+Paladin_vs_Mage+Paladin#as87Priest,Priest+Paladin,Mage+Paladin,1,team2,kill,165.85
Priest+Paladin_vs_Mage+Hunter#as87Priest,Priest+Paladin,Mage+Hunter,0,team2,kill,54.17
Priest+Paladin_vs_Mage+Hunter#as87Priest,Priest+Paladin,Mage+Hunter,1,team2,kill,74.43
Priest+Paladin_vs_Mage+Shaman#as87Priest,Priest+Paladin,Mage+Shaman,0,team2,kill,55.20
Priest+Paladin_vs_Mage+Shaman#as87Priest,Priest+Paladin,Mage+Shaman,1,team2,kill,76.40
Priest+Paladin_vs_Rogue+Priest#as87Priest,Priest+Paladin,Rogue+Priest,0,team2,kill,86.97
Priest+Paladin_vs_Rogue+Priest#as87Priest,Priest+Paladin,Rogue+Priest,1,team2,kill,81.97
Priest+Paladin_vs_Rogue+Warlock#as87Priest,Priest+Paladin,Rogue+Warlock,0,team2,kill,49.25
Priest+Paladin_vs_Rogue+Warlock#as87Priest,Priest+Paladin,Rogue+Warlock,1,team2,kill,62.90
Priest+Paladin_vs_Rogue+Paladin#as87Priest,Priest+Paladin,Rogue+Paladin,0,team2,kill,92.12
Priest+Paladin_vs_Rogue+Paladin#as87Priest,Priest+Paladin,Rogue+Paladin,1,team2,kill,77.74
Priest+Paladin_vs_Rogue+Hunter#as87Priest,Priest+Paladin,Rogue+Hunter,0,team2,kill,63.57
Priest+Paladin_vs_Rogue+Hunter#as87Priest,Priest+Paladin,Rogue+Hunter,1,team2,kill,71.78
Priest+Paladin_vs_Rogue+Shaman#as87Priest,Priest+Paladin,Rogue+Shaman,0,team2,kill,78.75
Priest+Paladin_vs_Rogue+Shaman#as87Priest,Priest+Paladin,Rogue+Shaman,1,team2,kill,66.80
Priest+Paladin_vs_Priest+Warlock#as87Priest,Priest+Paladin,Priest+Warlock,0,team2,kill,57.27
Priest+Paladin_vs_Priest+Warlock#as87Priest,Priest+Paladin,Priest+Warlock,1,team2,kill,70.53
Priest+Paladin_vs_Priest+Hunter#as87Priest,Priest+Paladin,Priest+Hunter,0,team2,kill,98.37
Priest+Paladin_vs_Priest+Hunter#as87Priest,Priest+Paladin,Priest+Hunter,1,team2,kill,120.49
Priest+Paladin_vs_Warlock+Paladin#as87Priest,Priest+Paladin,Warlock+Paladin,0,team2,kill,118.61
Priest+Paladin_vs_Warlock+Paladin#as87Priest,Priest+Paladin,Warlock+Paladin,1,team2,kill,119.88
Priest+Paladin_vs_Warlock+Hunter#as87Priest,Priest+Paladin,Warlock+Hunter,0,team2,kill,76.29
Priest+Paladin_vs_Warlock+Hunter#as87Priest,Priest+Paladin,Warlock+Hunter,1,team1,kill,85.85
Priest+Paladin_vs_Warlock+Shaman#as87Priest,Priest+Paladin,Warlock+Shaman,0,team2,kill,142.88
Priest+Paladin_vs_Warlock+Shaman#as87Priest,Priest+Paladin,Warlock+Shaman,1,team2,kill,85.80
Priest+Paladin_vs_Paladin+Hunter#as87Priest,Priest+Paladin,Paladin+Hunter,0,team2,kill,150.39
Priest+Paladin_vs_Paladin+Hunter#as87Priest,Priest+Paladin,Paladin+Hunter,1,team2,kill,183.22
Priest+Paladin_vs_Hunter+Shaman#as87Priest,Priest+Paladin,Hunter+Shaman,0,team2,kill,82.80
Priest+Paladin_vs_Hunter+Shaman#as87Priest,Priest+Paladin,Hunter+Shaman,1,team2,kill,89.34
Priest+Hunter_vs_Warrior+Mage#as87Priest,Priest+Hunter,Warrior+Mage,0,team2,kill,25.55
Priest+Hunter_vs_Warrior+Mage#as87Priest,Priest+Hunter,Warrior+Mage,1,team2,kill,30.90
Priest+Hunter_vs_Warrior+Rogue#as87Priest,Priest+Hunter,Warrior+Rogue,0,team1,kill,22.35
Priest+Hunter_vs_Warrior+Rogue#as87Priest,Priest+Hunter,Warrior+Rogue,1,team1,kill,23.55
Priest+Hunter_vs_Warrior+Priest#as87Priest,Priest+Hunter,Warrior+Priest,0,team2,kill,67.38
Priest+Hunter_vs_Warrior+Priest#as87Priest,Priest+Hunter,Warrior+Priest,1,team2,kill,62.55
Priest+Hunter_vs_Warrior+Warlock#as87Priest,Priest+Hunter,Warrior+Warlock,0,team1,kill,27.40
Priest+Hunter_vs_Warrior+Warlock#as87Priest,Priest+Hunter,Warrior+Warlock,1,team1,kill,27.90
Priest+Hunter_vs_Warrior+Paladin#as87Priest,Priest+Hunter,Warrior+Paladin,0,team1,kill,79.54
Priest+Hunter_vs_Warrior+Paladin#as87Priest,Priest+Hunter,Warrior+Paladin,1,team2,kill,80.79
Priest+Hunter_vs_Warrior+Hunter#as87Priest,Priest+Hunter,Warrior+Hunter,0,team1,kill,27.37
Priest+Hunter_vs_Warrior+Hunter#as87Priest,Priest+Hunter,Warrior+Hunter,1,team1,kill,27.95
Priest+Hunter_vs_Warrior+Shaman#as87Priest,Priest+Hunter,Warrior+Shaman,0,team2,kill,47.37
Priest+Hunter_vs_Warrior+Shaman#as87Priest,Priest+Hunter,Warrior+Shaman,1,team1,kill,39.33
Priest+Hunter_vs_Mage+Rogue#as87Priest,Priest+Hunter,Mage+Rogue,0,team1,kill,30.80
Priest+Hunter_vs_Mage+Rogue#as87Priest,Priest+Hunter,Mage+Rogue,1,team1,kill,40.55
Priest+Hunter_vs_Mage+Priest#as87Priest,Priest+Hunter,Mage+Priest,0,team1,kill,47.90
Priest+Hunter_vs_Mage+Priest#as87Priest,Priest+Hunter,Mage+Priest,1,team1,kill,56.62
Priest+Hunter_vs_Mage+Warlock#as87Priest,Priest+Hunter,Mage+Warlock,0,team2,kill,17.43
Priest+Hunter_vs_Mage+Warlock#as87Priest,Priest+Hunter,Mage+Warlock,1,team2,kill,19.78
Priest+Hunter_vs_Mage+Paladin#as87Priest,Priest+Hunter,Mage+Paladin,0,team1,kill,82.10
Priest+Hunter_vs_Mage+Paladin#as87Priest,Priest+Hunter,Mage+Paladin,1,team2,kill,102.24
Priest+Hunter_vs_Mage+Hunter#as87Priest,Priest+Hunter,Mage+Hunter,0,team2,kill,25.02
Priest+Hunter_vs_Mage+Hunter#as87Priest,Priest+Hunter,Mage+Hunter,1,team2,kill,14.65
Priest+Hunter_vs_Mage+Shaman#as87Priest,Priest+Hunter,Mage+Shaman,0,team2,kill,24.63
Priest+Hunter_vs_Mage+Shaman#as87Priest,Priest+Hunter,Mage+Shaman,1,team2,kill,35.77
Priest+Hunter_vs_Rogue+Priest#as87Priest,Priest+Hunter,Rogue+Priest,0,team2,kill,41.93
Priest+Hunter_vs_Rogue+Priest#as87Priest,Priest+Hunter,Rogue+Priest,1,team1,kill,64.72
Priest+Hunter_vs_Rogue+Warlock#as87Priest,Priest+Hunter,Rogue+Warlock,0,team1,kill,30.93
Priest+Hunter_vs_Rogue+Warlock#as87Priest,Priest+Hunter,Rogue+Warlock,1,team1,kill,31.48
Priest+Hunter_vs_Rogue+Paladin#as87Priest,Priest+Hunter,Rogue+Paladin,0,team2,kill,78.90
Priest+Hunter_vs_Rogue+Paladin#as87Priest,Priest+Hunter,Rogue+Paladin,1,team1,kill,122.01
Priest+Hunter_vs_Rogue+Hunter#as87Priest,Priest+Hunter,Rogue+Hunter,0,team1,kill,20.82
Priest+Hunter_vs_Rogue+Hunter#as87Priest,Priest+Hunter,Rogue+Hunter,1,team1,kill,20.80
Priest+Hunter_vs_Rogue+Shaman#as87Priest,Priest+Hunter,Rogue+Shaman,0,team2,kill,43.72
Priest+Hunter_vs_Rogue+Shaman#as87Priest,Priest+Hunter,Rogue+Shaman,1,team2,kill,41.82
Priest+Hunter_vs_Priest+Warlock#as87Priest,Priest+Hunter,Priest+Warlock,0,team2,kill,51.32
Priest+Hunter_vs_Priest+Warlock#as87Priest,Priest+Hunter,Priest+Warlock,1,team2,kill,54.37
Priest+Hunter_vs_Priest+Hunter#as87Priest,Priest+Hunter,Priest+Hunter,0,team1,kill,55.67
Priest+Hunter_vs_Priest+Hunter#as87Priest,Priest+Hunter,Priest+Hunter,1,team1,kill,46.18
Priest+Hunter_vs_Warlock+Paladin#as87Priest,Priest+Hunter,Warlock+Paladin,0,team2,kill,50.63
Priest+Hunter_vs_Warlock+Paladin#as87Priest,Priest+Hunter,Warlock+Paladin,1,team2,kill,60.02
Priest+Hunter_vs_Warlock+Hunter#as87Priest,Priest+Hunter,Warlock+Hunter,0,team2,kill,26.42
Priest+Hunter_vs_Warlock+Hunter#as87Priest,Priest+Hunter,Warlock+Hunter,1,team1,kill,30.10
Priest+Hunter_vs_Warlock+Shaman#as87Priest,Priest+Hunter,Warlock+Shaman,0,team2,kill,40.88
Priest+Hunter_vs_Warlock+Shaman#as87Priest,Priest+Hunter,Warlock+Shaman,1,team2,kill,34.53
Priest+Hunter_vs_Paladin+Hunter#as87Priest,Priest+Hunter,Paladin+Hunter,0,team2,kill,57.68
Priest+Hunter_vs_Paladin+Hunter#as87Priest,Priest+Hunter,Paladin+Hunter,1,team2,kill,61.30
Priest+Hunter_vs_Hunter+Shaman#as87Priest,Priest+Hunter,Hunter+Shaman,0,team2,kill,35.73
Priest+Hunter_vs_Hunter+Shaman#as87Priest,Priest+Hunter,Hunter+Shaman,1,team2,kill,38.02
Priest+Shaman_vs_Warrior+Mage#as87Priest,Priest+Shaman,Warrior+Mage,0,team2,kill,24.10
Priest+Shaman_vs_Warrior+Mage#as87Priest,Priest+Shaman,Warrior+Mage,1,team2,kill,20.08
Priest+Shaman_vs_Warrior+Rogue#as87Priest,Priest+Shaman,Warrior+Rogue,0,team1,kill,30.10
Priest+Shaman_vs_Warrior+Rogue#as87Priest,Priest+Shaman,Warrior+Rogue,1,team1,kill,27.10
Priest+Shaman_vs_Warrior+Priest#as87Priest,Priest+Shaman,Warrior+Priest,0,team2,kill,54.30
Priest+Shaman_vs_Warrior+Priest#as87Priest,Priest+Shaman,Warrior+Priest,1,team1,kill,30.17
Priest+Shaman_vs_Warrior+Warlock#as87Priest,Priest+Shaman,Warrior+Warlock,0,team1,kill,29.83
Priest+Shaman_vs_Warrior+Warlock#as87Priest,Priest+Shaman,Warrior+Warlock,1,team1,kill,27.15
Priest+Shaman_vs_Warrior+Paladin#as87Priest,Priest+Shaman,Warrior+Paladin,0,team2,kill,62.52
Priest+Shaman_vs_Warrior+Paladin#as87Priest,Priest+Shaman,Warrior+Paladin,1,team2,kill,53.73
Priest+Shaman_vs_Warrior+Hunter#as87Priest,Priest+Shaman,Warrior+Hunter,0,team1,kill,19.60
Priest+Shaman_vs_Warrior+Hunter#as87Priest,Priest+Shaman,Warrior+Hunter,1,team1,kill,19.60
Priest+Shaman_vs_Warrior+Shaman#as87Priest,Priest+Shaman,Warrior+Shaman,0,team2,kill,51.10
Priest+Shaman_vs_Warrior+Shaman#as87Priest,Priest+Shaman,Warrior+Shaman,1,team1,kill,22.97
Priest+Shaman_vs_Mage+Rogue#as87Priest,Priest+Shaman,Mage+Rogue,0,team2,kill,35.55
Priest+Shaman_vs_Mage+Rogue#as87Priest,Priest+Shaman,Mage+Rogue,1,team2,kill,52.77
Priest+Shaman_vs_Mage+Priest#as87Priest,Priest+Shaman,Mage+Priest,0,team2,kill,100.82
Priest+Shaman_vs_Mage+Priest#as87Priest,Priest+Shaman,Mage+Priest,1,team2,kill,54.78
Priest+Shaman_vs_Mage+Warlock#as87Priest,Priest+Shaman,Mage+Warlock,0,team1,kill,51.23
Priest+Shaman_vs_Mage+Warlock#as87Priest,Priest+Shaman,Mage+Warlock,1,team2,kill,30.73
Priest+Shaman_vs_Mage+Paladin#as87Priest,Priest+Shaman,Mage+Paladin,0,team2,kill,38.52
Priest+Shaman_vs_Mage+Paladin#as87Priest,Priest+Shaman,Mage+Paladin,1,team2,kill,78.47
Priest+Shaman_vs_Mage+Hunter#as87Priest,Priest+Shaman,Mage+Hunter,0,team1,kill,40.28
Priest+Shaman_vs_Mage+Hunter#as87Priest,Priest+Shaman,Mage+Hunter,1,team1,kill,40.28
Priest+Shaman_vs_Mage+Shaman#as87Priest,Priest+Shaman,Mage+Shaman,0,team2,kill,29.85
Priest+Shaman_vs_Mage+Shaman#as87Priest,Priest+Shaman,Mage+Shaman,1,team2,kill,28.72
Priest+Shaman_vs_Rogue+Priest#as87Priest,Priest+Shaman,Rogue+Priest,0,team1,kill,63.57
Priest+Shaman_vs_Rogue+Priest#as87Priest,Priest+Shaman,Rogue+Priest,1,team2,kill,63.13
Priest+Shaman_vs_Rogue+Warlock#as87Priest,Priest+Shaman,Rogue+Warlock,0,team1,kill,31.47
Priest+Shaman_vs_Rogue+Warlock#as87Priest,Priest+Shaman,Rogue+Warlock,1,team1,kill,31.73
Priest+Shaman_vs_Rogue+Paladin#as87Priest,Priest+Shaman,Rogue+Paladin,0,team2,kill,62.27
Priest+Shaman_vs_Rogue+Paladin#as87Priest,Priest+Shaman,Rogue+Paladin,1,team2,kill,72.28
Priest+Shaman_vs_Rogue+Hunter#as87Priest,Priest+Shaman,Rogue+Hunter,0,team1,kill,19.60
Priest+Shaman_vs_Rogue+Hunter#as87Priest,Priest+Shaman,Rogue+Hunter,1,team1,kill,19.05
Priest+Shaman_vs_Rogue+Shaman#as87Priest,Priest+Shaman,Rogue+Shaman,0,team2,kill,29.98
Priest+Shaman_vs_Rogue+Shaman#as87Priest,Priest+Shaman,Rogue+Shaman,1,team2,kill,29.10
Priest+Shaman_vs_Priest+Warlock#as87Priest,Priest+Shaman,Priest+Warlock,0,team1,kill,82.82
Priest+Shaman_vs_Priest+Warlock#as87Priest,Priest+Shaman,Priest+Warlock,1,team1,kill,95.62
Priest+Shaman_vs_Priest+Hunter#as87Priest,Priest+Shaman,Priest+Hunter,0,team2,kill,68.00
Priest+Shaman_vs_Priest+Hunter#as87Priest,Priest+Shaman,Priest+Hunter,1,team1,kill,77.59
Priest+Shaman_vs_Warlock+Paladin#as87Priest,Priest+Shaman,Warlock+Paladin,0,team2,kill,83.29
Priest+Shaman_vs_Warlock+Paladin#as87Priest,Priest+Shaman,Warlock+Paladin,1,team2,kill,111.01
Priest+Shaman_vs_Warlock+Hunter#as87Priest,Priest+Shaman,Warlock+Hunter,0,team1,kill,24.78
Priest+Shaman_vs_Warlock+Hunter#as87Priest,Priest+Shaman,Warlock+Hunter,1,team1,kill,32.15
Priest+Shaman_vs_Warlock+Shaman#as87Priest,Priest+Shaman,Warlock+Shaman,0,team2,kill,70.53
Priest+Shaman_vs_Warlock+Shaman#as87Priest,Priest+Shaman,Warlock+Shaman,1,team2,kill,73.52
Priest+Shaman_vs_Paladin+Hunter#as87Priest,Priest+Shaman,Paladin+Hunter,0,team2,kill,102.16
Priest+Shaman_vs_Paladin+Hunter#as87Priest,Priest+Shaman,Paladin+Hunter,1,team1,kill,165.17
Priest+Shaman_vs_Hunter+Shaman#as87Priest,Priest+Shaman,Hunter+Shaman,0,team2,kill,77.45
Priest+Shaman_vs_Hunter+Shaman#as87Priest,Priest+Shaman,Hunter+Shaman,1,team2,kill,69.85
Warrior+Rogue_vs_Warrior+Rogue#as87Control,Warrior+Rogue,Warrior+Rogue,0,team1,kill,23.03
Warrior+Rogue_vs_Warrior+Rogue#as87Control,Warrior+Rogue,Warrior+Rogue,1,draw,kill,23.03
Warrior+Rogue_vs_Warrior+Rogue#as87Control,Warrior+Rogue,Warrior+Rogue,2,team1,kill,24.80
Warrior+Rogue_vs_Warrior+Rogue#as87Control,Warrior+Rogue,Warrior+Rogue,3,team1,kill,23.03
Warrior+Rogue_vs_Warrior+Rogue#as87Control,Warrior+Rogue,Warrior+Rogue,4,team2,kill,23.03
Warrior+Rogue_vs_Warrior+Rogue#as87Control,Warrior+Rogue,Warrior+Rogue,5,team1,kill,23.03
Warrior+Rogue_vs_Warrior+Rogue#as87Control,Warrior+Rogue,Warrior+Rogue,6,team1,kill,23.03
Warrior+Rogue_vs_Warrior+Rogue#as87Control,Warrior+Rogue,Warrior+Rogue,7,team1,kill,21.03
Warrior+Rogue_vs_Warrior+Rogue#as87Control,Warrior+Rogue,Warrior+Rogue,8,team1,kill,24.13
Warrior+Rogue_vs_Warrior+Rogue#as87Control,Warrior+Rogue,Warrior+Rogue,9,draw,kill,23.03
Warrior+Rogue_vs_Warrior+Rogue#as87Control,Warrior+Rogue,Warrior+Rogue,10,team2,kill,23.03
Warrior+Rogue_vs_Warrior+Rogue#as87Control,Warrior+Rogue,Warrior+Rogue,11,draw,kill,25.03
Warrior+Rogue_vs_Warrior+Rogue#as87Control,Warrior+Rogue,Warrior+Rogue,12,draw,kill,23.03
Warrior+Rogue_vs_Warrior+Rogue#as87Control,Warrior+Rogue,Warrior+Rogue,13,team1,kill,21.03
Warrior+Rogue_vs_Warrior+Rogue#as87Control,Warrior+Rogue,Warrior+Rogue,14,draw,kill,23.03
Warrior+Rogue_vs_Warrior+Rogue#as87Control,Warrior+Rogue,Warrior+Rogue,15,draw,kill,23.03
Warrior+Rogue_vs_Warrior+Rogue#as87Control,Warrior+Rogue,Warrior+Rogue,16,team1,kill,23.03
Warrior+Rogue_vs_Warrior+Rogue#as87Control,Warrior+Rogue,Warrior+Rogue,17,team2,kill,19.03
Warrior+Rogue_vs_Warrior+Rogue#as87Control,Warrior+Rogue,Warrior+Rogue,18,draw,kill,23.03
Warrior+Rogue_vs_Warrior+Rogue#as87Control,Warrior+Rogue,Warrior+Rogue,19,draw,kill,23.03
Warrior+Rogue_vs_Warrior+Paladin#as87Control,Warrior+Rogue,Warrior+Paladin,0,team2,kill,21.10
Warrior+Rogue_vs_Warrior+Paladin#as87Control,Warrior+Rogue,Warrior+Paladin,1,team2,kill,20.62
Warrior+Rogue_vs_Warrior+Paladin#as87Control,Warrior+Rogue,Warrior+Paladin,2,team1,kill,53.33
Warrior+Rogue_vs_Warrior+Paladin#as87Control,Warrior+Rogue,Warrior+Paladin,3,team1,kill,67.72
Warrior+Rogue_vs_Warrior+Paladin#as87Control,Warrior+Rogue,Warrior+Paladin,4,team2,kill,25.67
Warrior+Rogue_vs_Warrior+Paladin#as87Control,Warrior+Rogue,Warrior+Paladin,5,team2,kill,19.60
Warrior+Rogue_vs_Warrior+Paladin#as87Control,Warrior+Rogue,Warrior+Paladin,6,team2,kill,25.67
Warrior+Rogue_vs_Warrior+Paladin#as87Control,Warrior+Rogue,Warrior+Paladin,7,team2,kill,28.30
Warrior+Rogue_vs_Warrior+Paladin#as87Control,Warrior+Rogue,Warrior+Paladin,8,team2,kill,25.08
Warrior+Rogue_vs_Warrior+Paladin#as87Control,Warrior+Rogue,Warrior+Paladin,9,team2,kill,25.67
Warrior+Rogue_vs_Warrior+Paladin#as87Control,Warrior+Rogue,Warrior+Paladin,10,team1,kill,52.05
Warrior+Rogue_vs_Warrior+Paladin#as87Control,Warrior+Rogue,Warrior+Paladin,11,team1,kill,53.35
Warrior+Rogue_vs_Warrior+Paladin#as87Control,Warrior+Rogue,Warrior+Paladin,12,team1,kill,57.58
Warrior+Rogue_vs_Warrior+Paladin#as87Control,Warrior+Rogue,Warrior+Paladin,13,team2,kill,25.67
Warrior+Rogue_vs_Warrior+Paladin#as87Control,Warrior+Rogue,Warrior+Paladin,14,team2,kill,25.67
Warrior+Rogue_vs_Warrior+Paladin#as87Control,Warrior+Rogue,Warrior+Paladin,15,team2,kill,66.45
Warrior+Rogue_vs_Warrior+Paladin#as87Control,Warrior+Rogue,Warrior+Paladin,16,team2,kill,25.67
Warrior+Rogue_vs_Warrior+Paladin#as87Control,Warrior+Rogue,Warrior+Paladin,17,team2,kill,25.67
Warrior+Rogue_vs_Warrior+Paladin#as87Control,Warrior+Rogue,Warrior+Paladin,18,team2,kill,25.67
Warrior+Rogue_vs_Warrior+Paladin#as87Control,Warrior+Rogue,Warrior+Paladin,19,team2,kill,25.67
Warrior+Rogue_vs_Warrior+Hunter#as87Control,Warrior+Rogue,Warrior+Hunter,0,team2,kill,23.72
Warrior+Rogue_vs_Warrior+Hunter#as87Control,Warrior+Rogue,Warrior+Hunter,1,team2,kill,20.78
Warrior+Rogue_vs_Warrior+Hunter#as87Control,Warrior+Rogue,Warrior+Hunter,2,team2,kill,22.60
Warrior+Rogue_vs_Warrior+Hunter#as87Control,Warrior+Rogue,Warrior+Hunter,3,team2,kill,23.72
Warrior+Rogue_vs_Warrior+Hunter#as87Control,Warrior+Rogue,Warrior+Hunter,4,team2,kill,20.78
Warrior+Rogue_vs_Warrior+Hunter#as87Control,Warrior+Rogue,Warrior+Hunter,5,team2,kill,20.78
Warrior+Rogue_vs_Warrior+Hunter#as87Control,Warrior+Rogue,Warrior+Hunter,6,team2,kill,23.72
Warrior+Rogue_vs_Warrior+Hunter#as87Control,Warrior+Rogue,Warrior+Hunter,7,team2,kill,24.40
Warrior+Rogue_vs_Warrior+Hunter#as87Control,Warrior+Rogue,Warrior+Hunter,8,team2,kill,20.78
Warrior+Rogue_vs_Warrior+Hunter#as87Control,Warrior+Rogue,Warrior+Hunter,9,team2,kill,24.83
Warrior+Rogue_vs_Warrior+Hunter#as87Control,Warrior+Rogue,Warrior+Hunter,10,team2,kill,24.83
Warrior+Rogue_vs_Warrior+Hunter#as87Control,Warrior+Rogue,Warrior+Hunter,11,team2,kill,24.83
Warrior+Rogue_vs_Warrior+Hunter#as87Control,Warrior+Rogue,Warrior+Hunter,12,team2,kill,24.83
Warrior+Rogue_vs_Warrior+Hunter#as87Control,Warrior+Rogue,Warrior+Hunter,13,team2,kill,24.83
Warrior+Rogue_vs_Warrior+Hunter#as87Control,Warrior+Rogue,Warrior+Hunter,14,team2,kill,20.78
Warrior+Rogue_vs_Warrior+Hunter#as87Control,Warrior+Rogue,Warrior+Hunter,15,team2,kill,22.53
Warrior+Rogue_vs_Warrior+Hunter#as87Control,Warrior+Rogue,Warrior+Hunter,16,team2,kill,22.40
Warrior+Rogue_vs_Warrior+Hunter#as87Control,Warrior+Rogue,Warrior+Hunter,17,team2,kill,24.83
Warrior+Rogue_vs_Warrior+Hunter#as87Control,Warrior+Rogue,Warrior+Hunter,18,team2,kill,24.83
Warrior+Rogue_vs_Warrior+Hunter#as87Control,Warrior+Rogue,Warrior+Hunter,19,team2,kill,23.72
Warrior+Rogue_vs_Warrior+Shaman#as87Control,Warrior+Rogue,Warrior+Shaman,0,team2,kill,18.50
Warrior+Rogue_vs_Warrior+Shaman#as87Control,Warrior+Rogue,Warrior+Shaman,1,team1,kill,18.23
Warrior+Rogue_vs_Warrior+Shaman#as87Control,Warrior+Rogue,Warrior+Shaman,2,team1,kill,20.75
Warrior+Rogue_vs_Warrior+Shaman#as87Control,Warrior+Rogue,Warrior+Shaman,3,team2,kill,19.60
Warrior+Rogue_vs_Warrior+Shaman#as87Control,Warrior+Rogue,Warrior+Shaman,4,team2,kill,19.60
Warrior+Rogue_vs_Warrior+Shaman#as87Control,Warrior+Rogue,Warrior+Shaman,5,team1,kill,19.42
Warrior+Rogue_vs_Warrior+Shaman#as87Control,Warrior+Rogue,Warrior+Shaman,6,team1,kill,19.42
Warrior+Rogue_vs_Warrior+Shaman#as87Control,Warrior+Rogue,Warrior+Shaman,7,team2,kill,19.60
Warrior+Rogue_vs_Warrior+Shaman#as87Control,Warrior+Rogue,Warrior+Shaman,8,team2,kill,21.10
Warrior+Rogue_vs_Warrior+Shaman#as87Control,Warrior+Rogue,Warrior+Shaman,9,team2,kill,19.60
Warrior+Rogue_vs_Warrior+Shaman#as87Control,Warrior+Rogue,Warrior+Shaman,10,team2,kill,19.60
Warrior+Rogue_vs_Warrior+Shaman#as87Control,Warrior+Rogue,Warrior+Shaman,11,team2,kill,19.60
Warrior+Rogue_vs_Warrior+Shaman#as87Control,Warrior+Rogue,Warrior+Shaman,12,team2,kill,19.60
Warrior+Rogue_vs_Warrior+Shaman#as87Control,Warrior+Rogue,Warrior+Shaman,13,team1,kill,20.08
Warrior+Rogue_vs_Warrior+Shaman#as87Control,Warrior+Rogue,Warrior+Shaman,14,team2,kill,19.60
Warrior+Rogue_vs_Warrior+Shaman#as87Control,Warrior+Rogue,Warrior+Shaman,15,team2,kill,19.50
Warrior+Rogue_vs_Warrior+Shaman#as87Control,Warrior+Rogue,Warrior+Shaman,16,team1,kill,17.03
Warrior+Rogue_vs_Warrior+Shaman#as87Control,Warrior+Rogue,Warrior+Shaman,17,team1,kill,19.42
Warrior+Rogue_vs_Warrior+Shaman#as87Control,Warrior+Rogue,Warrior+Shaman,18,team1,kill,20.08
Warrior+Rogue_vs_Warrior+Shaman#as87Control,Warrior+Rogue,Warrior+Shaman,19,team2,kill,19.60
Warrior+Rogue_vs_Rogue+Paladin#as87Control,Warrior+Rogue,Rogue+Paladin,0,team1,kill,41.73
Warrior+Rogue_vs_Rogue+Paladin#as87Control,Warrior+Rogue,Rogue+Paladin,1,team1,kill,44.48
Warrior+Rogue_vs_Rogue+Paladin#as87Control,Warrior+Rogue,Rogue+Paladin,2,team1,kill,42.77
Warrior+Rogue_vs_Rogue+Paladin#as87Control,Warrior+Rogue,Rogue+Paladin,3,team1,kill,42.80
Warrior+Rogue_vs_Rogue+Paladin#as87Control,Warrior+Rogue,Rogue+Paladin,4,team1,kill,43.48
Warrior+Rogue_vs_Rogue+Paladin#as87Control,Warrior+Rogue,Rogue+Paladin,5,team1,kill,44.35
Warrior+Rogue_vs_Rogue+Paladin#as87Control,Warrior+Rogue,Rogue+Paladin,6,team1,kill,52.62
Warrior+Rogue_vs_Rogue+Paladin#as87Control,Warrior+Rogue,Rogue+Paladin,7,team1,kill,44.53
Warrior+Rogue_vs_Rogue+Paladin#as87Control,Warrior+Rogue,Rogue+Paladin,8,team1,kill,43.40
Warrior+Rogue_vs_Rogue+Paladin#as87Control,Warrior+Rogue,Rogue+Paladin,9,team1,kill,44.10
Warrior+Rogue_vs_Rogue+Paladin#as87Control,Warrior+Rogue,Rogue+Paladin,10,team1,kill,41.50
Warrior+Rogue_vs_Rogue+Paladin#as87Control,Warrior+Rogue,Rogue+Paladin,11,team1,kill,44.97
Warrior+Rogue_vs_Rogue+Paladin#as87Control,Warrior+Rogue,Rogue+Paladin,12,team1,kill,45.22
Warrior+Rogue_vs_Rogue+Paladin#as87Control,Warrior+Rogue,Rogue+Paladin,13,team1,kill,44.68
Warrior+Rogue_vs_Rogue+Paladin#as87Control,Warrior+Rogue,Rogue+Paladin,14,team1,kill,42.82
Warrior+Rogue_vs_Rogue+Paladin#as87Control,Warrior+Rogue,Rogue+Paladin,15,team1,kill,45.47
Warrior+Rogue_vs_Rogue+Paladin#as87Control,Warrior+Rogue,Rogue+Paladin,16,team1,kill,41.57
Warrior+Rogue_vs_Rogue+Paladin#as87Control,Warrior+Rogue,Rogue+Paladin,17,team1,kill,37.52
Warrior+Rogue_vs_Rogue+Paladin#as87Control,Warrior+Rogue,Rogue+Paladin,18,team1,kill,42.43
Warrior+Rogue_vs_Rogue+Paladin#as87Control,Warrior+Rogue,Rogue+Paladin,19,team1,kill,44.52
Warrior+Rogue_vs_Rogue+Hunter#as87Control,Warrior+Rogue,Rogue+Hunter,0,team2,kill,22.22
Warrior+Rogue_vs_Rogue+Hunter#as87Control,Warrior+Rogue,Rogue+Hunter,1,team2,kill,20.98
Warrior+Rogue_vs_Rogue+Hunter#as87Control,Warrior+Rogue,Rogue+Hunter,2,team2,kill,22.22
Warrior+Rogue_vs_Rogue+Hunter#as87Control,Warrior+Rogue,Rogue+Hunter,3,team2,kill,22.22
Warrior+Rogue_vs_Rogue+Hunter#as87Control,Warrior+Rogue,Rogue+Hunter,4,team2,kill,22.50
Warrior+Rogue_vs_Rogue+Hunter#as87Control,Warrior+Rogue,Rogue+Hunter,5,team2,kill,21.08
Warrior+Rogue_vs_Rogue+Hunter#as87Control,Warrior+Rogue,Rogue+Hunter,6,team2,kill,20.47
Warrior+Rogue_vs_Rogue+Hunter#as87Control,Warrior+Rogue,Rogue+Hunter,7,team2,kill,20.45
Warrior+Rogue_vs_Rogue+Hunter#as87Control,Warrior+Rogue,Rogue+Hunter,8,team2,kill,22.22
Warrior+Rogue_vs_Rogue+Hunter#as87Control,Warrior+Rogue,Rogue+Hunter,9,team2,kill,22.50
Warrior+Rogue_vs_Rogue+Hunter#as87Control,Warrior+Rogue,Rogue+Hunter,10,team2,kill,22.38
Warrior+Rogue_vs_Rogue+Hunter#as87Control,Warrior+Rogue,Rogue+Hunter,11,team2,kill,21.25
Warrior+Rogue_vs_Rogue+Hunter#as87Control,Warrior+Rogue,Rogue+Hunter,12,team2,kill,20.95
Warrior+Rogue_vs_Rogue+Hunter#as87Control,Warrior+Rogue,Rogue+Hunter,13,team2,kill,21.22
Warrior+Rogue_vs_Rogue+Hunter#as87Control,Warrior+Rogue,Rogue+Hunter,14,team2,kill,21.50
Warrior+Rogue_vs_Rogue+Hunter#as87Control,Warrior+Rogue,Rogue+Hunter,15,team2,kill,20.95
Warrior+Rogue_vs_Rogue+Hunter#as87Control,Warrior+Rogue,Rogue+Hunter,16,team2,kill,21.23
Warrior+Rogue_vs_Rogue+Hunter#as87Control,Warrior+Rogue,Rogue+Hunter,17,team2,kill,21.90
Warrior+Rogue_vs_Rogue+Hunter#as87Control,Warrior+Rogue,Rogue+Hunter,18,team2,kill,22.22
Warrior+Rogue_vs_Rogue+Hunter#as87Control,Warrior+Rogue,Rogue+Hunter,19,team2,kill,21.23
Warrior+Rogue_vs_Rogue+Shaman#as87Control,Warrior+Rogue,Rogue+Shaman,0,team2,kill,18.57
Warrior+Rogue_vs_Rogue+Shaman#as87Control,Warrior+Rogue,Rogue+Shaman,1,team2,kill,18.57
Warrior+Rogue_vs_Rogue+Shaman#as87Control,Warrior+Rogue,Rogue+Shaman,2,team2,kill,19.05
Warrior+Rogue_vs_Rogue+Shaman#as87Control,Warrior+Rogue,Rogue+Shaman,3,team2,kill,18.57
Warrior+Rogue_vs_Rogue+Shaman#as87Control,Warrior+Rogue,Rogue+Shaman,4,team2,kill,20.42
Warrior+Rogue_vs_Rogue+Shaman#as87Control,Warrior+Rogue,Rogue+Shaman,5,team2,kill,20.42
Warrior+Rogue_vs_Rogue+Shaman#as87Control,Warrior+Rogue,Rogue+Shaman,6,team2,kill,19.55
Warrior+Rogue_vs_Rogue+Shaman#as87Control,Warrior+Rogue,Rogue+Shaman,7,team2,kill,20.07
Warrior+Rogue_vs_Rogue+Shaman#as87Control,Warrior+Rogue,Rogue+Shaman,8,team2,kill,20.42
Warrior+Rogue_vs_Rogue+Shaman#as87Control,Warrior+Rogue,Rogue+Shaman,9,team2,kill,20.42
Warrior+Rogue_vs_Rogue+Shaman#as87Control,Warrior+Rogue,Rogue+Shaman,10,team2,kill,21.42
Warrior+Rogue_vs_Rogue+Shaman#as87Control,Warrior+Rogue,Rogue+Shaman,11,team2,kill,20.75
Warrior+Rogue_vs_Rogue+Shaman#as87Control,Warrior+Rogue,Rogue+Shaman,12,team2,kill,20.42
Warrior+Rogue_vs_Rogue+Shaman#as87Control,Warrior+Rogue,Rogue+Shaman,13,team2,kill,21.42
Warrior+Rogue_vs_Rogue+Shaman#as87Control,Warrior+Rogue,Rogue+Shaman,14,team2,kill,20.42
Warrior+Rogue_vs_Rogue+Shaman#as87Control,Warrior+Rogue,Rogue+Shaman,15,team2,kill,18.57
Warrior+Rogue_vs_Rogue+Shaman#as87Control,Warrior+Rogue,Rogue+Shaman,16,team2,kill,18.57
Warrior+Rogue_vs_Rogue+Shaman#as87Control,Warrior+Rogue,Rogue+Shaman,17,team2,kill,20.75
Warrior+Rogue_vs_Rogue+Shaman#as87Control,Warrior+Rogue,Rogue+Shaman,18,team2,kill,20.42
Warrior+Rogue_vs_Rogue+Shaman#as87Control,Warrior+Rogue,Rogue+Shaman,19,team2,kill,18.88
Warrior+Rogue_vs_Paladin+Hunter#as87Control,Warrior+Rogue,Paladin+Hunter,0,team2,kill,26.07
Warrior+Rogue_vs_Paladin+Hunter#as87Control,Warrior+Rogue,Paladin+Hunter,1,team2,kill,41.90
Warrior+Rogue_vs_Paladin+Hunter#as87Control,Warrior+Rogue,Paladin+Hunter,2,team2,kill,27.15
Warrior+Rogue_vs_Paladin+Hunter#as87Control,Warrior+Rogue,Paladin+Hunter,3,team2,kill,27.98
Warrior+Rogue_vs_Paladin+Hunter#as87Control,Warrior+Rogue,Paladin+Hunter,4,team2,kill,26.07
Warrior+Rogue_vs_Paladin+Hunter#as87Control,Warrior+Rogue,Paladin+Hunter,5,team2,kill,40.48
Warrior+Rogue_vs_Paladin+Hunter#as87Control,Warrior+Rogue,Paladin+Hunter,6,team2,kill,27.95
Warrior+Rogue_vs_Paladin+Hunter#as87Control,Warrior+Rogue,Paladin+Hunter,7,team2,kill,27.17
Warrior+Rogue_vs_Paladin+Hunter#as87Control,Warrior+Rogue,Paladin+Hunter,8,team2,kill,27.17
Warrior+Rogue_vs_Paladin+Hunter#as87Control,Warrior+Rogue,Paladin+Hunter,9,team2,kill,47.08
Warrior+Rogue_vs_Paladin+Hunter#as87Control,Warrior+Rogue,Paladin+Hunter,10,team2,kill,27.95
Warrior+Rogue_vs_Paladin+Hunter#as87Control,Warrior+Rogue,Paladin+Hunter,11,team2,kill,43.73
Warrior+Rogue_vs_Paladin+Hunter#as87Control,Warrior+Rogue,Paladin+Hunter,12,team2,kill,40.33
Warrior+Rogue_vs_Paladin+Hunter#as87Control,Warrior+Rogue,Paladin+Hunter,13,team2,kill,27.17
Warrior+Rogue_vs_Paladin+Hunter#as87Control,Warrior+Rogue,Paladin+Hunter,14,team2,kill,27.17
Warrior+Rogue_vs_Paladin+Hunter#as87Control,Warrior+Rogue,Paladin+Hunter,15,team2,kill,27.17
Warrior+Rogue_vs_Paladin+Hunter#as87Control,Warrior+Rogue,Paladin+Hunter,16,team2,kill,27.18
Warrior+Rogue_vs_Paladin+Hunter#as87Control,Warrior+Rogue,Paladin+Hunter,17,team2,kill,47.77
Warrior+Rogue_vs_Paladin+Hunter#as87Control,Warrior+Rogue,Paladin+Hunter,18,team2,kill,27.15
Warrior+Rogue_vs_Paladin+Hunter#as87Control,Warrior+Rogue,Paladin+Hunter,19,team2,kill,44.00
Warrior+Rogue_vs_Hunter+Shaman#as87Control,Warrior+Rogue,Hunter+Shaman,0,team2,kill,15.97
Warrior+Rogue_vs_Hunter+Shaman#as87Control,Warrior+Rogue,Hunter+Shaman,1,team2,kill,15.97
Warrior+Rogue_vs_Hunter+Shaman#as87Control,Warrior+Rogue,Hunter+Shaman,2,team2,kill,15.97
Warrior+Rogue_vs_Hunter+Shaman#as87Control,Warrior+Rogue,Hunter+Shaman,3,team2,kill,15.97
Warrior+Rogue_vs_Hunter+Shaman#as87Control,Warrior+Rogue,Hunter+Shaman,4,team2,kill,13.55
Warrior+Rogue_vs_Hunter+Shaman#as87Control,Warrior+Rogue,Hunter+Shaman,5,team2,kill,15.97
Warrior+Rogue_vs_Hunter+Shaman#as87Control,Warrior+Rogue,Hunter+Shaman,6,team2,kill,15.97
Warrior+Rogue_vs_Hunter+Shaman#as87Control,Warrior+Rogue,Hunter+Shaman,7,team2,kill,13.53
Warrior+Rogue_vs_Hunter+Shaman#as87Control,Warrior+Rogue,Hunter+Shaman,8,team2,kill,13.55
Warrior+Rogue_vs_Hunter+Shaman#as87Control,Warrior+Rogue,Hunter+Shaman,9,team2,kill,13.98
Warrior+Rogue_vs_Hunter+Shaman#as87Control,Warrior+Rogue,Hunter+Shaman,10,team2,kill,15.97
Warrior+Rogue_vs_Hunter+Shaman#as87Control,Warrior+Rogue,Hunter+Shaman,11,team2,kill,15.97
Warrior+Rogue_vs_Hunter+Shaman#as87Control,Warrior+Rogue,Hunter+Shaman,12,team2,kill,13.55
Warrior+Rogue_vs_Hunter+Shaman#as87Control,Warrior+Rogue,Hunter+Shaman,13,team2,kill,13.55
Warrior+Rogue_vs_Hunter+Shaman#as87Control,Warrior+Rogue,Hunter+Shaman,14,team2,kill,15.97
Warrior+Rogue_vs_Hunter+Shaman#as87Control,Warrior+Rogue,Hunter+Shaman,15,team2,kill,15.97
Warrior+Rogue_vs_Hunter+Shaman#as87Control,Warrior+Rogue,Hunter+Shaman,16,team2,kill,15.97
Warrior+Rogue_vs_Hunter+Shaman#as87Control,Warrior+Rogue,Hunter+Shaman,17,team2,kill,15.97
Warrior+Rogue_vs_Hunter+Shaman#as87Control,Warrior+Rogue,Hunter+Shaman,18,team2,kill,15.97
Warrior+Rogue_vs_Hunter+Shaman#as87Control,Warrior+Rogue,Hunter+Shaman,19,team2,kill,15.97
Warrior+Paladin_vs_Warrior+Rogue#as87Control,Warrior+Paladin,Warrior+Rogue,0,team2,kill,47.72
Warrior+Paladin_vs_Warrior+Rogue#as87Control,Warrior+Paladin,Warrior+Rogue,1,team2,kill,54.92
Warrior+Paladin_vs_Warrior+Rogue#as87Control,Warrior+Paladin,Warrior+Rogue,2,team1,kill,25.67
Warrior+Paladin_vs_Warrior+Rogue#as87Control,Warrior+Paladin,Warrior+Rogue,3,team2,kill,62.10
Warrior+Paladin_vs_Warrior+Rogue#as87Control,Warrior+Paladin,Warrior+Rogue,4,team1,kill,25.67
Warrior+Paladin_vs_Warrior+Rogue#as87Control,Warrior+Paladin,Warrior+Rogue,5,team1,kill,21.10
Warrior+Paladin_vs_Warrior+Rogue#as87Control,Warrior+Paladin,Warrior+Rogue,6,team1,kill,25.67
Warrior+Paladin_vs_Warrior+Rogue#as87Control,Warrior+Paladin,Warrior+Rogue,7,team1,kill,25.08
Warrior+Paladin_vs_Warrior+Rogue#as87Control,Warrior+Paladin,Warrior+Rogue,8,team2,kill,55.70
Warrior+Paladin_vs_Warrior+Rogue#as87Control,Warrior+Paladin,Warrior+Rogue,9,team2,kill,53.08
Warrior+Paladin_vs_Warrior+Rogue#as87Control,Warrior+Paladin,Warrior+Rogue,10,team2,kill,52.92
Warrior+Paladin_vs_Warrior+Rogue#as87Control,Warrior+Paladin,Warrior+Rogue,11,team1,kill,25.08
Warrior+Paladin_vs_Warrior+Rogue#as87Control,Warrior+Paladin,Warrior+Rogue,12,team2,kill,64.62
Warrior+Paladin_vs_Warrior+Rogue#as87Control,Warrior+Paladin,Warrior+Rogue,13,team1,kill,25.67
Warrior+Paladin_vs_Warrior+Rogue#as87Control,Warrior+Paladin,Warrior+Rogue,14,team1,kill,22.85
Warrior+Paladin_vs_Warrior+Rogue#as87Control,Warrior+Paladin,Warrior+Rogue,15,team1,kill,21.12
Warrior+Paladin_vs_Warrior+Rogue#as87Control,Warrior+Paladin,Warrior+Rogue,16,team2,kill,31.98
Warrior+Paladin_vs_Warrior+Rogue#as87Control,Warrior+Paladin,Warrior+Rogue,17,team1,kill,25.67
Warrior+Paladin_vs_Warrior+Rogue#as87Control,Warrior+Paladin,Warrior+Rogue,18,team1,kill,21.73
Warrior+Paladin_vs_Warrior+Rogue#as87Control,Warrior+Paladin,Warrior+Rogue,19,team1,kill,25.67
Warrior+Paladin_vs_Warrior+Paladin#as87Control,Warrior+Paladin,Warrior+Paladin,0,team1,kill,98.09
Warrior+Paladin_vs_Warrior+Paladin#as87Control,Warrior+Paladin,Warrior+Paladin,1,team2,kill,68.70
Warrior+Paladin_vs_Warrior+Paladin#as87Control,Warrior+Paladin,Warrior+Paladin,2,team2,kill,152.61
Warrior+Paladin_vs_Warrior+Paladin#as87Control,Warrior+Paladin,Warrior+Paladin,3,team1,kill,160.44
Warrior+Paladin_vs_Warrior+Paladin#as87Control,Warrior+Paladin,Warrior+Paladin,4,team2,kill,154.34
Warrior+Paladin_vs_Warrior+Paladin#as87Control,Warrior+Paladin,Warrior+Paladin,5,team2,kill,61.07
Warrior+Paladin_vs_Warrior+Paladin#as87Control,Warrior+Paladin,Warrior+Paladin,6,team2,kill,161.45
Warrior+Paladin_vs_Warrior+Paladin#as87Control,Warrior+Paladin,Warrior+Paladin,7,draw,kill,156.41
Warrior+Paladin_vs_Warrior+Paladin#as87Control,Warrior+Paladin,Warrior+Paladin,8,team2,kill,64.15
Warrior+Paladin_vs_Warrior+Paladin#as87Control,Warrior+Paladin,Warrior+Paladin,9,team2,kill,64.15
Warrior+Paladin_vs_Warrior+Paladin#as87Control,Warrior+Paladin,Warrior+Paladin,10,team2,kill,61.02
Warrior+Paladin_vs_Warrior+Paladin#as87Control,Warrior+Paladin,Warrior+Paladin,11,team1,kill,72.55
Warrior+Paladin_vs_Warrior+Paladin#as87Control,Warrior+Paladin,Warrior+Paladin,12,team1,kill,156.94
Warrior+Paladin_vs_Warrior+Paladin#as87Control,Warrior+Paladin,Warrior+Paladin,13,team2,kill,116.96
Warrior+Paladin_vs_Warrior+Paladin#as87Control,Warrior+Paladin,Warrior+Paladin,14,team2,kill,154.14
Warrior+Paladin_vs_Warrior+Paladin#as87Control,Warrior+Paladin,Warrior+Paladin,15,team2,kill,98.09
Warrior+Paladin_vs_Warrior+Paladin#as87Control,Warrior+Paladin,Warrior+Paladin,16,team1,kill,161.45
Warrior+Paladin_vs_Warrior+Paladin#as87Control,Warrior+Paladin,Warrior+Paladin,17,team2,kill,157.39
Warrior+Paladin_vs_Warrior+Paladin#as87Control,Warrior+Paladin,Warrior+Paladin,18,team1,kill,159.82
Warrior+Paladin_vs_Warrior+Paladin#as87Control,Warrior+Paladin,Warrior+Paladin,19,team1,kill,165.79
Warrior+Paladin_vs_Warrior+Hunter#as87Control,Warrior+Paladin,Warrior+Hunter,0,team1,kill,43.57
Warrior+Paladin_vs_Warrior+Hunter#as87Control,Warrior+Paladin,Warrior+Hunter,1,team1,kill,42.05
Warrior+Paladin_vs_Warrior+Hunter#as87Control,Warrior+Paladin,Warrior+Hunter,2,team1,kill,42.10
Warrior+Paladin_vs_Warrior+Hunter#as87Control,Warrior+Paladin,Warrior+Hunter,3,team1,kill,42.05
Warrior+Paladin_vs_Warrior+Hunter#as87Control,Warrior+Paladin,Warrior+Hunter,4,team1,kill,43.57
Warrior+Paladin_vs_Warrior+Hunter#as87Control,Warrior+Paladin,Warrior+Hunter,5,team1,kill,43.57
Warrior+Paladin_vs_Warrior+Hunter#as87Control,Warrior+Paladin,Warrior+Hunter,6,team1,kill,42.05
Warrior+Paladin_vs_Warrior+Hunter#as87Control,Warrior+Paladin,Warrior+Hunter,7,team1,kill,42.05
Warrior+Paladin_vs_Warrior+Hunter#as87Control,Warrior+Paladin,Warrior+Hunter,8,team1,kill,42.05
Warrior+Paladin_vs_Warrior+Hunter#as87Control,Warrior+Paladin,Warrior+Hunter,9,team1,kill,42.05
Warrior+Paladin_vs_Warrior+Hunter#as87Control,Warrior+Paladin,Warrior+Hunter,10,team1,kill,42.05
Warrior+Paladin_vs_Warrior+Hunter#as87Control,Warrior+Paladin,Warrior+Hunter,11,team1,kill,42.07
Warrior+Paladin_vs_Warrior+Hunter#as87Control,Warrior+Paladin,Warrior+Hunter,12,team1,kill,42.05
Warrior+Paladin_vs_Warrior+Hunter#as87Control,Warrior+Paladin,Warrior+Hunter,13,team1,kill,43.57
Warrior+Paladin_vs_Warrior+Hunter#as87Control,Warrior+Paladin,Warrior+Hunter,14,team1,kill,42.05
Warrior+Paladin_vs_Warrior+Hunter#as87Control,Warrior+Paladin,Warrior+Hunter,15,team1,kill,43.57
Warrior+Paladin_vs_Warrior+Hunter#as87Control,Warrior+Paladin,Warrior+Hunter,16,team1,kill,42.05
Warrior+Paladin_vs_Warrior+Hunter#as87Control,Warrior+Paladin,Warrior+Hunter,17,team1,kill,56.72
Warrior+Paladin_vs_Warrior+Hunter#as87Control,Warrior+Paladin,Warrior+Hunter,18,team1,kill,44.50
Warrior+Paladin_vs_Warrior+Hunter#as87Control,Warrior+Paladin,Warrior+Hunter,19,team1,kill,42.07
Warrior+Paladin_vs_Warrior+Shaman#as87Control,Warrior+Paladin,Warrior+Shaman,0,team1,kill,61.08
Warrior+Paladin_vs_Warrior+Shaman#as87Control,Warrior+Paladin,Warrior+Shaman,1,team1,kill,97.34
Warrior+Paladin_vs_Warrior+Shaman#as87Control,Warrior+Paladin,Warrior+Shaman,2,team1,kill,65.48
Warrior+Paladin_vs_Warrior+Shaman#as87Control,Warrior+Paladin,Warrior+Shaman,3,team1,kill,37.80
Warrior+Paladin_vs_Warrior+Shaman#as87Control,Warrior+Paladin,Warrior+Shaman,4,team1,kill,37.80
Warrior+Paladin_vs_Warrior+Shaman#as87Control,Warrior+Paladin,Warrior+Shaman,5,team1,kill,38.43
Warrior+Paladin_vs_Warrior+Shaman#as87Control,Warrior+Paladin,Warrior+Shaman,6,team1,kill,37.33
Warrior+Paladin_vs_Warrior+Shaman#as87Control,Warrior+Paladin,Warrior+Shaman,7,team1,kill,39.20
Warrior+Paladin_vs_Warrior+Shaman#as87Control,Warrior+Paladin,Warrior+Shaman,8,team1,kill,116.51
Warrior+Paladin_vs_Warrior+Shaman#as87Control,Warrior+Paladin,Warrior+Shaman,9,team1,kill,38.92
Warrior+Paladin_vs_Warrior+Shaman#as87Control,Warrior+Paladin,Warrior+Shaman,10,team1,kill,66.87
Warrior+Paladin_vs_Warrior+Shaman#as87Control,Warrior+Paladin,Warrior+Shaman,11,team1,kill,45.47
Warrior+Paladin_vs_Warrior+Shaman#as87Control,Warrior+Paladin,Warrior+Shaman,12,team1,kill,41.10
Warrior+Paladin_vs_Warrior+Shaman#as87Control,Warrior+Paladin,Warrior+Shaman,13,team1,kill,38.97
Warrior+Paladin_vs_Warrior+Shaman#as87Control,Warrior+Paladin,Warrior+Shaman,14,team1,kill,60.87
Warrior+Paladin_vs_Warrior+Shaman#as87Control,Warrior+Paladin,Warrior+Shaman,15,team1,kill,37.80
Warrior+Paladin_vs_Warrior+Shaman#as87Control,Warrior+Paladin,Warrior+Shaman,16,team1,kill,37.80
Warrior+Paladin_vs_Warrior+Shaman#as87Control,Warrior+Paladin,Warrior+Shaman,17,team1,kill,42.05
Warrior+Paladin_vs_Warrior+Shaman#as87Control,Warrior+Paladin,Warrior+Shaman,18,team1,kill,37.80
Warrior+Paladin_vs_Warrior+Shaman#as87Control,Warrior+Paladin,Warrior+Shaman,19,team1,kill,37.80
Warrior+Paladin_vs_Rogue+Paladin#as87Control,Warrior+Paladin,Rogue+Paladin,0,team1,kill,102.46
Warrior+Paladin_vs_Rogue+Paladin#as87Control,Warrior+Paladin,Rogue+Paladin,1,team1,kill,56.85
Warrior+Paladin_vs_Rogue+Paladin#as87Control,Warrior+Paladin,Rogue+Paladin,2,team1,kill,64.02
Warrior+Paladin_vs_Rogue+Paladin#as87Control,Warrior+Paladin,Rogue+Paladin,3,team1,kill,64.92
Warrior+Paladin_vs_Rogue+Paladin#as87Control,Warrior+Paladin,Rogue+Paladin,4,team1,kill,59.48
Warrior+Paladin_vs_Rogue+Paladin#as87Control,Warrior+Paladin,Rogue+Paladin,5,team1,kill,66.45
Warrior+Paladin_vs_Rogue+Paladin#as87Control,Warrior+Paladin,Rogue+Paladin,6,team1,kill,60.15
Warrior+Paladin_vs_Rogue+Paladin#as87Control,Warrior+Paladin,Rogue+Paladin,7,team2,kill,128.00
Warrior+Paladin_vs_Rogue+Paladin#as87Control,Warrior+Paladin,Rogue+Paladin,8,team1,kill,62.57
Warrior+Paladin_vs_Rogue+Paladin#as87Control,Warrior+Paladin,Rogue+Paladin,9,team1,kill,59.48
Warrior+Paladin_vs_Rogue+Paladin#as87Control,Warrior+Paladin,Rogue+Paladin,10,team1,kill,64.10
Warrior+Paladin_vs_Rogue+Paladin#as87Control,Warrior+Paladin,Rogue+Paladin,11,team1,kill,53.22
Warrior+Paladin_vs_Rogue+Paladin#as87Control,Warrior+Paladin,Rogue+Paladin,12,team1,kill,60.50
Warrior+Paladin_vs_Rogue+Paladin#as87Control,Warrior+Paladin,Rogue+Paladin,13,team1,kill,64.50
Warrior+Paladin_vs_Rogue+Paladin#as87Control,Warrior+Paladin,Rogue+Paladin,14,team1,kill,55.62
Warrior+Paladin_vs_Rogue+Paladin#as87Control,Warrior+Paladin,Rogue+Paladin,15,team1,kill,58.82
Warrior+Paladin_vs_Rogue+Paladin#as87Control,Warrior+Paladin,Rogue+Paladin,16,team1,kill,53.35
Warrior+Paladin_vs_Rogue+Paladin#as87Control,Warrior+Paladin,Rogue+Paladin,17,team1,kill,56.62
Warrior+Paladin_vs_Rogue+Paladin#as87Control,Warrior+Paladin,Rogue+Paladin,18,team1,kill,61.00
Warrior+Paladin_vs_Rogue+Paladin#as87Control,Warrior+Paladin,Rogue+Paladin,19,team1,kill,69.77
Warrior+Paladin_vs_Rogue+Hunter#as87Control,Warrior+Paladin,Rogue+Hunter,0,team1,kill,43.93
Warrior+Paladin_vs_Rogue+Hunter#as87Control,Warrior+Paladin,Rogue+Hunter,1,team1,kill,43.43
Warrior+Paladin_vs_Rogue+Hunter#as87Control,Warrior+Paladin,Rogue+Hunter,2,team1,kill,41.48
Warrior+Paladin_vs_Rogue+Hunter#as87Control,Warrior+Paladin,Rogue+Hunter,3,team1,kill,43.52
Warrior+Paladin_vs_Rogue+Hunter#as87Control,Warrior+Paladin,Rogue+Hunter,4,team1,kill,44.37
Warrior+Paladin_vs_Rogue+Hunter#as87Control,Warrior+Paladin,Rogue+Hunter,5,team1,kill,126.18
Warrior+Paladin_vs_Rogue+Hunter#as87Control,Warrior+Paladin,Rogue+Hunter,6,team1,kill,46.08
Warrior+Paladin_vs_Rogue+Hunter#as87Control,Warrior+Paladin,Rogue+Hunter,7,team1,kill,45.08
Warrior+Paladin_vs_Rogue+Hunter#as87Control,Warrior+Paladin,Rogue+Hunter,8,team1,kill,43.98
Warrior+Paladin_vs_Rogue+Hunter#as87Control,Warrior+Paladin,Rogue+Hunter,9,team1,kill,59.88
Warrior+Paladin_vs_Rogue+Hunter#as87Control,Warrior+Paladin,Rogue+Hunter,10,team1,kill,125.06
Warrior+Paladin_vs_Rogue+Hunter#as87Control,Warrior+Paladin,Rogue+Hunter,11,team1,kill,42.78
Warrior+Paladin_vs_Rogue+Hunter#as87Control,Warrior+Paladin,Rogue+Hunter,12,team1,kill,55.25
Warrior+Paladin_vs_Rogue+Hunter#as87Control,Warrior+Paladin,Rogue+Hunter,13,team1,kill,44.37
Warrior+Paladin_vs_Rogue+Hunter#as87Control,Warrior+Paladin,Rogue+Hunter,14,team1,kill,55.85
Warrior+Paladin_vs_Rogue+Hunter#as87Control,Warrior+Paladin,Rogue+Hunter,15,team1,kill,54.55
Warrior+Paladin_vs_Rogue+Hunter#as87Control,Warrior+Paladin,Rogue+Hunter,16,team1,kill,54.38
Warrior+Paladin_vs_Rogue+Hunter#as87Control,Warrior+Paladin,Rogue+Hunter,17,team1,kill,54.35
Warrior+Paladin_vs_Rogue+Hunter#as87Control,Warrior+Paladin,Rogue+Hunter,18,team1,kill,43.98
Warrior+Paladin_vs_Rogue+Hunter#as87Control,Warrior+Paladin,Rogue+Hunter,19,team1,kill,36.23
Warrior+Paladin_vs_Rogue+Shaman#as87Control,Warrior+Paladin,Rogue+Shaman,0,team2,kill,29.13
Warrior+Paladin_vs_Rogue+Shaman#as87Control,Warrior+Paladin,Rogue+Shaman,1,team1,kill,56.93
Warrior+Paladin_vs_Rogue+Shaman#as87Control,Warrior+Paladin,Rogue+Shaman,2,team1,kill,44.63
Warrior+Paladin_vs_Rogue+Shaman#as87Control,Warrior+Paladin,Rogue+Shaman,3,team1,kill,44.63
Warrior+Paladin_vs_Rogue+Shaman#as87Control,Warrior+Paladin,Rogue+Shaman,4,team1,kill,44.63
Warrior+Paladin_vs_Rogue+Shaman#as87Control,Warrior+Paladin,Rogue+Shaman,5,team1,kill,56.97
Warrior+Paladin_vs_Rogue+Shaman#as87Control,Warrior+Paladin,Rogue+Shaman,6,team1,kill,54.33
Warrior+Paladin_vs_Rogue+Shaman#as87Control,Warrior+Paladin,Rogue+Shaman,7,team1,kill,56.57
Warrior+Paladin_vs_Rogue+Shaman#as87Control,Warrior+Paladin,Rogue+Shaman,8,team1,kill,58.58
Warrior+Paladin_vs_Rogue+Shaman#as87Control,Warrior+Paladin,Rogue+Shaman,9,team1,kill,31.13
Warrior+Paladin_vs_Rogue+Shaman#as87Control,Warrior+Paladin,Rogue+Shaman,10,team1,kill,44.63
Warrior+Paladin_vs_Rogue+Shaman#as87Control,Warrior+Paladin,Rogue+Shaman,11,team1,kill,38.15
Warrior+Paladin_vs_Rogue+Shaman#as87Control,Warrior+Paladin,Rogue+Shaman,12,team1,kill,43.70
Warrior+Paladin_vs_Rogue+Shaman#as87Control,Warrior+Paladin,Rogue+Shaman,13,team1,kill,63.65
Warrior+Paladin_vs_Rogue+Shaman#as87Control,Warrior+Paladin,Rogue+Shaman,14,team1,kill,38.98
Warrior+Paladin_vs_Rogue+Shaman#as87Control,Warrior+Paladin,Rogue+Shaman,15,team1,kill,44.63
Warrior+Paladin_vs_Rogue+Shaman#as87Control,Warrior+Paladin,Rogue+Shaman,16,team1,kill,45.70
Warrior+Paladin_vs_Rogue+Shaman#as87Control,Warrior+Paladin,Rogue+Shaman,17,team1,kill,50.12
Warrior+Paladin_vs_Rogue+Shaman#as87Control,Warrior+Paladin,Rogue+Shaman,18,team1,kill,43.12
Warrior+Paladin_vs_Rogue+Shaman#as87Control,Warrior+Paladin,Rogue+Shaman,19,team1,kill,44.63
Warrior+Paladin_vs_Paladin+Hunter#as87Control,Warrior+Paladin,Paladin+Hunter,0,team1,kill,86.85
Warrior+Paladin_vs_Paladin+Hunter#as87Control,Warrior+Paladin,Paladin+Hunter,1,team1,kill,78.72
Warrior+Paladin_vs_Paladin+Hunter#as87Control,Warrior+Paladin,Paladin+Hunter,2,team2,kill,95.51
Warrior+Paladin_vs_Paladin+Hunter#as87Control,Warrior+Paladin,Paladin+Hunter,3,team1,kill,88.07
Warrior+Paladin_vs_Paladin+Hunter#as87Control,Warrior+Paladin,Paladin+Hunter,4,team1,kill,75.10
Warrior+Paladin_vs_Paladin+Hunter#as87Control,Warrior+Paladin,Paladin+Hunter,5,team1,kill,116.94
Warrior+Paladin_vs_Paladin+Hunter#as87Control,Warrior+Paladin,Paladin+Hunter,6,team2,kill,139.13
Warrior+Paladin_vs_Paladin+Hunter#as87Control,Warrior+Paladin,Paladin+Hunter,7,team1,kill,95.16
Warrior+Paladin_vs_Paladin+Hunter#as87Control,Warrior+Paladin,Paladin+Hunter,8,team1,kill,118.28
Warrior+Paladin_vs_Paladin+Hunter#as87Control,Warrior+Paladin,Paladin+Hunter,9,team2,kill,152.87
Warrior+Paladin_vs_Paladin+Hunter#as87Control,Warrior+Paladin,Paladin+Hunter,10,team2,kill,182.75
Warrior+Paladin_vs_Paladin+Hunter#as87Control,Warrior+Paladin,Paladin+Hunter,11,team1,kill,96.82
Warrior+Paladin_vs_Paladin+Hunter#as87Control,Warrior+Paladin,Paladin+Hunter,12,team1,kill,117.29
Warrior+Paladin_vs_Paladin+Hunter#as87Control,Warrior+Paladin,Paladin+Hunter,13,team1,kill,78.12
Warrior+Paladin_vs_Paladin+Hunter#as87Control,Warrior+Paladin,Paladin+Hunter,14,team1,kill,84.10
Warrior+Paladin_vs_Paladin+Hunter#as87Control,Warrior+Paladin,Paladin+Hunter,15,team1,kill,123.16
Warrior+Paladin_vs_Paladin+Hunter#as87Control,Warrior+Paladin,Paladin+Hunter,16,team1,kill,116.08
Warrior+Paladin_vs_Paladin+Hunter#as87Control,Warrior+Paladin,Paladin+Hunter,17,team2,kill,188.56
Warrior+Paladin_vs_Paladin+Hunter#as87Control,Warrior+Paladin,Paladin+Hunter,18,team1,kill,119.53
Warrior+Paladin_vs_Paladin+Hunter#as87Control,Warrior+Paladin,Paladin+Hunter,19,team2,kill,188.46
Warrior+Paladin_vs_Hunter+Shaman#as87Control,Warrior+Paladin,Hunter+Shaman,0,team2,kill,79.10
Warrior+Paladin_vs_Hunter+Shaman#as87Control,Warrior+Paladin,Hunter+Shaman,1,team2,kill,89.69
Warrior+Paladin_vs_Hunter+Shaman#as87Control,Warrior+Paladin,Hunter+Shaman,2,team2,kill,88.59
Warrior+Paladin_vs_Hunter+Shaman#as87Control,Warrior+Paladin,Hunter+Shaman,3,team2,kill,59.98
Warrior+Paladin_vs_Hunter+Shaman#as87Control,Warrior+Paladin,Hunter+Shaman,4,team2,kill,81.64
Warrior+Paladin_vs_Hunter+Shaman#as87Control,Warrior+Paladin,Hunter+Shaman,5,team2,kill,74.65
Warrior+Paladin_vs_Hunter+Shaman#as87Control,Warrior+Paladin,Hunter+Shaman,6,team2,kill,82.52
Warrior+Paladin_vs_Hunter+Shaman#as87Control,Warrior+Paladin,Hunter+Shaman,7,team2,kill,65.43
Warrior+Paladin_vs_Hunter+Shaman#as87Control,Warrior+Paladin,Hunter+Shaman,8,team2,kill,89.35
Warrior+Paladin_vs_Hunter+Shaman#as87Control,Warrior+Paladin,Hunter+Shaman,9,team2,kill,80.74
Warrior+Paladin_vs_Hunter+Shaman#as87Control,Warrior+Paladin,Hunter+Shaman,10,team2,kill,61.05
Warrior+Paladin_vs_Hunter+Shaman#as87Control,Warrior+Paladin,Hunter+Shaman,11,team2,kill,84.07
Warrior+Paladin_vs_Hunter+Shaman#as87Control,Warrior+Paladin,Hunter+Shaman,12,team2,kill,82.89
Warrior+Paladin_vs_Hunter+Shaman#as87Control,Warrior+Paladin,Hunter+Shaman,13,team2,kill,90.34
Warrior+Paladin_vs_Hunter+Shaman#as87Control,Warrior+Paladin,Hunter+Shaman,14,team2,kill,80.97
Warrior+Paladin_vs_Hunter+Shaman#as87Control,Warrior+Paladin,Hunter+Shaman,15,team2,kill,78.24
Warrior+Paladin_vs_Hunter+Shaman#as87Control,Warrior+Paladin,Hunter+Shaman,16,team2,kill,125.70
Warrior+Paladin_vs_Hunter+Shaman#as87Control,Warrior+Paladin,Hunter+Shaman,17,team2,kill,59.87
Warrior+Paladin_vs_Hunter+Shaman#as87Control,Warrior+Paladin,Hunter+Shaman,18,team2,kill,78.09
Warrior+Paladin_vs_Hunter+Shaman#as87Control,Warrior+Paladin,Hunter+Shaman,19,team2,kill,61.32
Warrior+Hunter_vs_Warrior+Rogue#as87Control,Warrior+Hunter,Warrior+Rogue,0,team1,kill,23.72
Warrior+Hunter_vs_Warrior+Rogue#as87Control,Warrior+Hunter,Warrior+Rogue,1,team1,kill,20.78
Warrior+Hunter_vs_Warrior+Rogue#as87Control,Warrior+Hunter,Warrior+Rogue,2,team1,kill,22.60
Warrior+Hunter_vs_Warrior+Rogue#as87Control,Warrior+Hunter,Warrior+Rogue,3,team1,kill,23.72
Warrior+Hunter_vs_Warrior+Rogue#as87Control,Warrior+Hunter,Warrior+Rogue,4,team1,kill,20.78
Warrior+Hunter_vs_Warrior+Rogue#as87Control,Warrior+Hunter,Warrior+Rogue,5,team1,kill,20.78
Warrior+Hunter_vs_Warrior+Rogue#as87Control,Warrior+Hunter,Warrior+Rogue,6,team1,kill,23.72
Warrior+Hunter_vs_Warrior+Rogue#as87Control,Warrior+Hunter,Warrior+Rogue,7,team1,kill,24.40
Warrior+Hunter_vs_Warrior+Rogue#as87Control,Warrior+Hunter,Warrior+Rogue,8,team1,kill,20.78
Warrior+Hunter_vs_Warrior+Rogue#as87Control,Warrior+Hunter,Warrior+Rogue,9,team1,kill,24.83
Warrior+Hunter_vs_Warrior+Rogue#as87Control,Warrior+Hunter,Warrior+Rogue,10,team1,kill,24.83
Warrior+Hunter_vs_Warrior+Rogue#as87Control,Warrior+Hunter,Warrior+Rogue,11,team1,kill,24.83
Warrior+Hunter_vs_Warrior+Rogue#as87Control,Warrior+Hunter,Warrior+Rogue,12,team1,kill,24.83
Warrior+Hunter_vs_Warrior+Rogue#as87Control,Warrior+Hunter,Warrior+Rogue,13,team1,kill,24.83
Warrior+Hunter_vs_Warrior+Rogue#as87Control,Warrior+Hunter,Warrior+Rogue,14,team1,kill,20.78
Warrior+Hunter_vs_Warrior+Rogue#as87Control,Warrior+Hunter,Warrior+Rogue,15,team1,kill,22.53
Warrior+Hunter_vs_Warrior+Rogue#as87Control,Warrior+Hunter,Warrior+Rogue,16,team1,kill,22.40
Warrior+Hunter_vs_Warrior+Rogue#as87Control,Warrior+Hunter,Warrior+Rogue,17,team1,kill,24.83
Warrior+Hunter_vs_Warrior+Rogue#as87Control,Warrior+Hunter,Warrior+Rogue,18,team1,kill,24.83
Warrior+Hunter_vs_Warrior+Rogue#as87Control,Warrior+Hunter,Warrior+Rogue,19,team1,kill,23.72
Warrior+Hunter_vs_Warrior+Paladin#as87Control,Warrior+Hunter,Warrior+Paladin,0,team2,kill,43.57
Warrior+Hunter_vs_Warrior+Paladin#as87Control,Warrior+Hunter,Warrior+Paladin,1,team2,kill,42.05
Warrior+Hunter_vs_Warrior+Paladin#as87Control,Warrior+Hunter,Warrior+Paladin,2,team2,kill,31.50
Warrior+Hunter_vs_Warrior+Paladin#as87Control,Warrior+Hunter,Warrior+Paladin,3,team2,kill,42.05
Warrior+Hunter_vs_Warrior+Paladin#as87Control,Warrior+Hunter,Warrior+Paladin,4,team2,kill,42.05
Warrior+Hunter_vs_Warrior+Paladin#as87Control,Warrior+Hunter,Warrior+Paladin,5,team2,kill,42.05
Warrior+Hunter_vs_Warrior+Paladin#as87Control,Warrior+Hunter,Warrior+Paladin,6,team2,kill,42.05
Warrior+Hunter_vs_Warrior+Paladin#as87Control,Warrior+Hunter,Warrior+Paladin,7,team2,kill,42.05
Warrior+Hunter_vs_Warrior+Paladin#as87Control,Warrior+Hunter,Warrior+Paladin,8,team2,kill,43.57
Warrior+Hunter_vs_Warrior+Paladin#as87Control,Warrior+Hunter,Warrior+Paladin,9,team2,kill,42.05
Warrior+Hunter_vs_Warrior+Paladin#as87Control,Warrior+Hunter,Warrior+Paladin,10,team2,kill,42.05
Warrior+Hunter_vs_Warrior+Paladin#as87Control,Warrior+Hunter,Warrior+Paladin,11,team2,kill,43.57
Warrior+Hunter_vs_Warrior+Paladin#as87Control,Warrior+Hunter,Warrior+Paladin,12,team2,kill,43.57
Warrior+Hunter_vs_Warrior+Paladin#as87Control,Warrior+Hunter,Warrior+Paladin,13,team2,kill,42.05
Warrior+Hunter_vs_Warrior+Paladin#as87Control,Warrior+Hunter,Warrior+Paladin,14,team2,kill,42.05
Warrior+Hunter_vs_Warrior+Paladin#as87Control,Warrior+Hunter,Warrior+Paladin,15,team2,kill,43.57
Warrior+Hunter_vs_Warrior+Paladin#as87Control,Warrior+Hunter,Warrior+Paladin,16,team2,kill,44.00
Warrior+Hunter_vs_Warrior+Paladin#as87Control,Warrior+Hunter,Warrior+Paladin,17,team2,kill,43.57
Warrior+Hunter_vs_Warrior+Paladin#as87Control,Warrior+Hunter,Warrior+Paladin,18,team2,kill,42.05
Warrior+Hunter_vs_Warrior+Paladin#as87Control,Warrior+Hunter,Warrior+Paladin,19,team2,kill,42.05
Warrior+Hunter_vs_Warrior+Hunter#as87Control,Warrior+Hunter,Warrior+Hunter,0,team1,kill,19.53
Warrior+Hunter_vs_Warrior+Hunter#as87Control,Warrior+Hunter,Warrior+Hunter,1,team2,kill,19.53
Warrior+Hunter_vs_Warrior+Hunter#as87Control,Warrior+Hunter,Warrior+Hunter,2,team1,kill,18.48
Warrior+Hunter_vs_Warrior+Hunter#as87Control,Warrior+Hunter,Warrior+Hunter,3,team2,kill,19.85
Warrior+Hunter_vs_Warrior+Hunter#as87Control,Warrior+Hunter,Warrior+Hunter,4,team2,kill,20.97
Warrior+Hunter_vs_Warrior+Hunter#as87Control,Warrior+Hunter,Warrior+Hunter,5,team1,kill,18.48
Warrior+Hunter_vs_Warrior+Hunter#as87Control,Warrior+Hunter,Warrior+Hunter,6,team2,kill,17.92
Warrior+Hunter_vs_Warrior+Hunter#as87Control,Warrior+Hunter,Warrior+Hunter,7,team2,kill,21.08
Warrior+Hunter_vs_Warrior+Hunter#as87Control,Warrior+Hunter,Warrior+Hunter,8,team1,kill,15.98
Warrior+Hunter_vs_Warrior+Hunter#as87Control,Warrior+Hunter,Warrior+Hunter,9,team1,kill,19.53
Warrior+Hunter_vs_Warrior+Hunter#as87Control,Warrior+Hunter,Warrior+Hunter,10,team2,kill,20.20
Warrior+Hunter_vs_Warrior+Hunter#as87Control,Warrior+Hunter,Warrior+Hunter,11,team2,kill,18.38
Warrior+Hunter_vs_Warrior+Hunter#as87Control,Warrior+Hunter,Warrior+Hunter,12,team1,kill,20.12
Warrior+Hunter_vs_Warrior+Hunter#as87Control,Warrior+Hunter,Warrior+Hunter,13,team2,kill,16.20
Warrior+Hunter_vs_Warrior+Hunter#as87Control,Warrior+Hunter,Warrior+Hunter,14,team2,kill,19.53
Warrior+Hunter_vs_Warrior+Hunter#as87Control,Warrior+Hunter,Warrior+Hunter,15,team2,kill,20.20
Warrior+Hunter_vs_Warrior+Hunter#as87Control,Warrior+Hunter,Warrior+Hunter,16,team1,kill,15.02
Warrior+Hunter_vs_Warrior+Hunter#as87Control,Warrior+Hunter,Warrior+Hunter,17,team2,kill,20.77
Warrior+Hunter_vs_Warrior+Hunter#as87Control,Warrior+Hunter,Warrior+Hunter,18,draw,kill,19.60
Warrior+Hunter_vs_Warrior+Hunter#as87Control,Warrior+Hunter,Warrior+Hunter,19,team1,kill,17.88
Warrior+Hunter_vs_Warrior+Shaman#as87Control,Warrior+Hunter,Warrior+Shaman,0,team2,kill,37.57
Warrior+Hunter_vs_Warrior+Shaman#as87Control,Warrior+Hunter,Warrior+Shaman,1,team2,kill,36.28
Warrior+Hunter_vs_Warrior+Shaman#as87Control,Warrior+Hunter,Warrior+Shaman,2,team2,kill,41.62
Warrior+Hunter_vs_Warrior+Shaman#as87Control,Warrior+Hunter,Warrior+Shaman,3,team2,kill,35.35
Warrior+Hunter_vs_Warrior+Shaman#as87Control,Warrior+Hunter,Warrior+Shaman,4,team2,kill,62.55
Warrior+Hunter_vs_Warrior+Shaman#as87Control,Warrior+Hunter,Warrior+Shaman,5,team2,kill,38.15
Warrior+Hunter_vs_Warrior+Shaman#as87Control,Warrior+Hunter,Warrior+Shaman,6,team2,kill,36.38
Warrior+Hunter_vs_Warrior+Shaman#as87Control,Warrior+Hunter,Warrior+Shaman,7,team2,kill,38.20
Warrior+Hunter_vs_Warrior+Shaman#as87Control,Warrior+Hunter,Warrior+Shaman,8,team2,kill,33.43
Warrior+Hunter_vs_Warrior+Shaman#as87Control,Warrior+Hunter,Warrior+Shaman,9,team2,kill,36.20
Warrior+Hunter_vs_Warrior+Shaman#as87Control,Warrior+Hunter,Warrior+Shaman,10,team2,kill,41.02
Warrior+Hunter_vs_Warrior+Shaman#as87Control,Warrior+Hunter,Warrior+Shaman,11,team2,kill,31.28
Warrior+Hunter_vs_Warrior+Shaman#as87Control,Warrior+Hunter,Warrior+Shaman,12,team2,kill,32.22
Warrior+Hunter_vs_Warrior+Shaman#as87Control,Warrior+Hunter,Warrior+Shaman,13,team2,kill,35.43
Warrior+Hunter_vs_Warrior+Shaman#as87Control,Warrior+Hunter,Warrior+Shaman,14,team2,kill,36.20
Warrior+Hunter_vs_Warrior+Shaman#as87Control,Warrior+Hunter,Warrior+Shaman,15,team2,kill,36.68
Warrior+Hunter_vs_Warrior+Shaman#as87Control,Warrior+Hunter,Warrior+Shaman,16,team2,kill,30.45
Warrior+Hunter_vs_Warrior+Shaman#as87Control,Warrior+Hunter,Warrior+Shaman,17,team2,kill,30.10
Warrior+Hunter_vs_Warrior+Shaman#as87Control,Warrior+Hunter,Warrior+Shaman,18,team2,kill,39.28
Warrior+Hunter_vs_Warrior+Shaman#as87Control,Warrior+Hunter,Warrior+Shaman,19,team2,kill,35.33
Warrior+Hunter_vs_Rogue+Paladin#as87Control,Warrior+Hunter,Rogue+Paladin,0,team2,kill,56.55
Warrior+Hunter_vs_Rogue+Paladin#as87Control,Warrior+Hunter,Rogue+Paladin,1,team2,kill,65.97
Warrior+Hunter_vs_Rogue+Paladin#as87Control,Warrior+Hunter,Rogue+Paladin,2,team2,kill,64.15
Warrior+Hunter_vs_Rogue+Paladin#as87Control,Warrior+Hunter,Rogue+Paladin,3,team2,kill,62.23
Warrior+Hunter_vs_Rogue+Paladin#as87Control,Warrior+Hunter,Rogue+Paladin,4,team1,kill,38.15
Warrior+Hunter_vs_Rogue+Paladin#as87Control,Warrior+Hunter,Rogue+Paladin,5,team2,kill,62.62
Warrior+Hunter_vs_Rogue+Paladin#as87Control,Warrior+Hunter,Rogue+Paladin,6,team2,kill,45.18
Warrior+Hunter_vs_Rogue+Paladin#as87Control,Warrior+Hunter,Rogue+Paladin,7,team2,kill,73.50
Warrior+Hunter_vs_Rogue+Paladin#as87Control,Warrior+Hunter,Rogue+Paladin,8,team2,kill,65.10
Warrior+Hunter_vs_Rogue+Paladin#as87Control,Warrior+Hunter,Rogue+Paladin,9,team2,kill,64.25
Warrior+Hunter_vs_Rogue+Paladin#as87Control,Warrior+Hunter,Rogue+Paladin,10,team2,kill,44.75
Warrior+Hunter_vs_Rogue+Paladin#as87Control,Warrior+Hunter,Rogue+Paladin,11,team1,kill,36.98
Warrior+Hunter_vs_Rogue+Paladin#as87Control,Warrior+Hunter,Rogue+Paladin,12,team2,kill,54.88
Warrior+Hunter_vs_Rogue+Paladin#as87Control,Warrior+Hunter,Rogue+Paladin,13,team2,kill,49.17
Warrior+Hunter_vs_Rogue+Paladin#as87Control,Warrior+Hunter,Rogue+Paladin,14,team1,kill,38.52
Warrior+Hunter_vs_Rogue+Paladin#as87Control,Warrior+Hunter,Rogue+Paladin,15,team2,kill,61.68
Warrior+Hunter_vs_Rogue+Paladin#as87Control,Warrior+Hunter,Rogue+Paladin,16,team2,kill,65.10
Warrior+Hunter_vs_Rogue+Paladin#as87Control,Warrior+Hunter,Rogue+Paladin,17,team2,kill,64.25
Warrior+Hunter_vs_Rogue+Paladin#as87Control,Warrior+Hunter,Rogue+Paladin,18,team2,kill,73.62
Warrior+Hunter_vs_Rogue+Paladin#as87Control,Warrior+Hunter,Rogue+Paladin,19,team2,kill,48.15
Warrior+Hunter_vs_Rogue+Hunter#as87Control,Warrior+Hunter,Rogue+Hunter,0,team1,kill,22.92
Warrior+Hunter_vs_Rogue+Hunter#as87Control,Warrior+Hunter,Rogue+Hunter,1,team1,kill,22.92
Warrior+Hunter_vs_Rogue+Hunter#as87Control,Warrior+Hunter,Rogue+Hunter,2,team1,kill,22.92
Warrior+Hunter_vs_Rogue+Hunter#as87Control,Warrior+Hunter,Rogue+Hunter,3,team1,kill,21.55
Warrior+Hunter_vs_Rogue+Hunter#as87Control,Warrior+Hunter,Rogue+Hunter,4,team1,kill,23.05
Warrior+Hunter_vs_Rogue+Hunter#as87Control,Warrior+Hunter,Rogue+Hunter,5,team1,kill,19.03
Warrior+Hunter_vs_Rogue+Hunter#as87Control,Warrior+Hunter,Rogue+Hunter,6,team1,kill,22.92
Warrior+Hunter_vs_Rogue+Hunter#as87Control,Warrior+Hunter,Rogue+Hunter,7,team1,kill,19.03
Warrior+Hunter_vs_Rogue+Hunter#as87Control,Warrior+Hunter,Rogue+Hunter,8,team1,kill,25.13
Warrior+Hunter_vs_Rogue+Hunter#as87Control,Warrior+Hunter,Rogue+Hunter,9,team1,kill,22.92
Warrior+Hunter_vs_Rogue+Hunter#as87Control,Warrior+Hunter,Rogue+Hunter,10,team1,kill,22.92
Warrior+Hunter_vs_Rogue+Hunter#as87Control,Warrior+Hunter,Rogue+Hunter,11,team1,kill,24.07
Warrior+Hunter_vs_Rogue+Hunter#as87Control,Warrior+Hunter,Rogue+Hunter,12,team1,kill,25.13
Warrior+Hunter_vs_Rogue+Hunter#as87Control,Warrior+Hunter,Rogue+Hunter,13,team1,kill,22.92
Warrior+Hunter_vs_Rogue+Hunter#as87Control,Warrior+Hunter,Rogue+Hunter,14,team1,kill,25.77
Warrior+Hunter_vs_Rogue+Hunter#as87Control,Warrior+Hunter,Rogue+Hunter,15,team1,kill,19.03
Warrior+Hunter_vs_Rogue+Hunter#as87Control,Warrior+Hunter,Rogue+Hunter,16,team1,kill,26.12
Warrior+Hunter_vs_Rogue+Hunter#as87Control,Warrior+Hunter,Rogue+Hunter,17,team1,kill,22.92
Warrior+Hunter_vs_Rogue+Hunter#as87Control,Warrior+Hunter,Rogue+Hunter,18,team1,kill,22.92
Warrior+Hunter_vs_Rogue+Hunter#as87Control,Warrior+Hunter,Rogue+Hunter,19,team1,kill,25.13
Warrior+Hunter_vs_Rogue+Shaman#as87Control,Warrior+Hunter,Rogue+Shaman,0,team1,kill,35.48
Warrior+Hunter_vs_Rogue+Shaman#as87Control,Warrior+Hunter,Rogue+Shaman,1,team1,kill,27.38
Warrior+Hunter_vs_Rogue+Shaman#as87Control,Warrior+Hunter,Rogue+Shaman,2,team1,kill,29.67
Warrior+Hunter_vs_Rogue+Shaman#as87Control,Warrior+Hunter,Rogue+Shaman,3,team1,kill,36.23
Warrior+Hunter_vs_Rogue+Shaman#as87Control,Warrior+Hunter,Rogue+Shaman,4,team1,kill,29.32
Warrior+Hunter_vs_Rogue+Shaman#as87Control,Warrior+Hunter,Rogue+Shaman,5,team1,kill,32.25
Warrior+Hunter_vs_Rogue+Shaman#as87Control,Warrior+Hunter,Rogue+Shaman,6,team2,kill,51.03
Warrior+Hunter_vs_Rogue+Shaman#as87Control,Warrior+Hunter,Rogue+Shaman,7,team1,kill,38.98
Warrior+Hunter_vs_Rogue+Shaman#as87Control,Warrior+Hunter,Rogue+Shaman,8,team1,kill,37.28
Warrior+Hunter_vs_Rogue+Shaman#as87Control,Warrior+Hunter,Rogue+Shaman,9,team1,kill,35.02
Warrior+Hunter_vs_Rogue+Shaman#as87Control,Warrior+Hunter,Rogue+Shaman,10,team1,kill,31.92
Warrior+Hunter_vs_Rogue+Shaman#as87Control,Warrior+Hunter,Rogue+Shaman,11,team1,kill,28.80
Warrior+Hunter_vs_Rogue+Shaman#as87Control,Warrior+Hunter,Rogue+Shaman,12,team1,kill,34.77
Warrior+Hunter_vs_Rogue+Shaman#as87Control,Warrior+Hunter,Rogue+Shaman,13,team2,kill,48.83
Warrior+Hunter_vs_Rogue+Shaman#as87Control,Warrior+Hunter,Rogue+Shaman,14,team2,kill,51.02
Warrior+Hunter_vs_Rogue+Shaman#as87Control,Warrior+Hunter,Rogue+Shaman,15,team2,kill,54.05
Warrior+Hunter_vs_Rogue+Shaman#as87Control,Warrior+Hunter,Rogue+Shaman,16,team1,kill,49.60
Warrior+Hunter_vs_Rogue+Shaman#as87Control,Warrior+Hunter,Rogue+Shaman,17,team1,kill,37.28
Warrior+Hunter_vs_Rogue+Shaman#as87Control,Warrior+Hunter,Rogue+Shaman,18,team1,kill,37.05
Warrior+Hunter_vs_Rogue+Shaman#as87Control,Warrior+Hunter,Rogue+Shaman,19,team1,kill,57.20
Warrior+Hunter_vs_Paladin+Hunter#as87Control,Warrior+Hunter,Paladin+Hunter,0,team2,kill,48.72
Warrior+Hunter_vs_Paladin+Hunter#as87Control,Warrior+Hunter,Paladin+Hunter,1,team2,kill,60.53
Warrior+Hunter_vs_Paladin+Hunter#as87Control,Warrior+Hunter,Paladin+Hunter,2,team2,kill,68.42
Warrior+Hunter_vs_Paladin+Hunter#as87Control,Warrior+Hunter,Paladin+Hunter,3,team2,kill,46.20
Warrior+Hunter_vs_Paladin+Hunter#as87Control,Warrior+Hunter,Paladin+Hunter,4,team2,kill,34.62
Warrior+Hunter_vs_Paladin+Hunter#as87Control,Warrior+Hunter,Paladin+Hunter,5,team2,kill,62.65
Warrior+Hunter_vs_Paladin+Hunter#as87Control,Warrior+Hunter,Paladin+Hunter,6,team2,kill,46.70
Warrior+Hunter_vs_Paladin+Hunter#as87Control,Warrior+Hunter,Paladin+Hunter,7,team2,kill,47.57
Warrior+Hunter_vs_Paladin+Hunter#as87Control,Warrior+Hunter,Paladin+Hunter,8,team2,kill,66.12
Warrior+Hunter_vs_Paladin+Hunter#as87Control,Warrior+Hunter,Paladin+Hunter,9,team2,kill,49.53
Warrior+Hunter_vs_Paladin+Hunter#as87Control,Warrior+Hunter,Paladin+Hunter,10,team2,kill,46.20
Warrior+Hunter_vs_Paladin+Hunter#as87Control,Warrior+Hunter,Paladin+Hunter,11,team2,kill,63.43
Warrior+Hunter_vs_Paladin+Hunter#as87Control,Warrior+Hunter,Paladin+Hunter,12,team2,kill,61.60
Warrior+Hunter_vs_Paladin+Hunter#as87Control,Warrior+Hunter,Paladin+Hunter,13,team2,kill,46.22
Warrior+Hunter_vs_Paladin+Hunter#as87Control,Warrior+Hunter,Paladin+Hunter,14,team2,kill,62.42
Warrior+Hunter_vs_Paladin+Hunter#as87Control,Warrior+Hunter,Paladin+Hunter,15,team2,kill,46.20
Warrior+Hunter_vs_Paladin+Hunter#as87Control,Warrior+Hunter,Paladin+Hunter,16,team2,kill,34.62
Warrior+Hunter_vs_Paladin+Hunter#as87Control,Warrior+Hunter,Paladin+Hunter,17,team2,kill,46.20
Warrior+Hunter_vs_Paladin+Hunter#as87Control,Warrior+Hunter,Paladin+Hunter,18,team2,kill,46.18
Warrior+Hunter_vs_Paladin+Hunter#as87Control,Warrior+Hunter,Paladin+Hunter,19,team2,kill,59.73
Warrior+Hunter_vs_Hunter+Shaman#as87Control,Warrior+Hunter,Hunter+Shaman,0,team2,kill,17.32
Warrior+Hunter_vs_Hunter+Shaman#as87Control,Warrior+Hunter,Hunter+Shaman,1,team2,kill,17.02
Warrior+Hunter_vs_Hunter+Shaman#as87Control,Warrior+Hunter,Hunter+Shaman,2,team2,kill,17.02
Warrior+Hunter_vs_Hunter+Shaman#as87Control,Warrior+Hunter,Hunter+Shaman,3,team2,kill,17.58
Warrior+Hunter_vs_Hunter+Shaman#as87Control,Warrior+Hunter,Hunter+Shaman,4,team2,kill,14.97
Warrior+Hunter_vs_Hunter+Shaman#as87Control,Warrior+Hunter,Hunter+Shaman,5,team2,kill,14.97
Warrior+Hunter_vs_Hunter+Shaman#as87Control,Warrior+Hunter,Hunter+Shaman,6,team2,kill,17.02
Warrior+Hunter_vs_Hunter+Shaman#as87Control,Warrior+Hunter,Hunter+Shaman,7,team2,kill,17.32
Warrior+Hunter_vs_Hunter+Shaman#as87Control,Warrior+Hunter,Hunter+Shaman,8,team2,kill,17.32
Warrior+Hunter_vs_Hunter+Shaman#as87Control,Warrior+Hunter,Hunter+Shaman,9,team2,kill,17.32
Warrior+Hunter_vs_Hunter+Shaman#as87Control,Warrior+Hunter,Hunter+Shaman,10,team2,kill,17.32
Warrior+Hunter_vs_Hunter+Shaman#as87Control,Warrior+Hunter,Hunter+Shaman,11,team2,kill,17.32
Warrior+Hunter_vs_Hunter+Shaman#as87Control,Warrior+Hunter,Hunter+Shaman,12,team2,kill,17.32
Warrior+Hunter_vs_Hunter+Shaman#as87Control,Warrior+Hunter,Hunter+Shaman,13,team2,kill,13.97
Warrior+Hunter_vs_Hunter+Shaman#as87Control,Warrior+Hunter,Hunter+Shaman,14,team2,kill,17.58
Warrior+Hunter_vs_Hunter+Shaman#as87Control,Warrior+Hunter,Hunter+Shaman,15,team2,kill,17.32
Warrior+Hunter_vs_Hunter+Shaman#as87Control,Warrior+Hunter,Hunter+Shaman,16,team2,kill,17.32
Warrior+Hunter_vs_Hunter+Shaman#as87Control,Warrior+Hunter,Hunter+Shaman,17,team2,kill,17.32
Warrior+Hunter_vs_Hunter+Shaman#as87Control,Warrior+Hunter,Hunter+Shaman,18,team2,kill,17.32
Warrior+Hunter_vs_Hunter+Shaman#as87Control,Warrior+Hunter,Hunter+Shaman,19,team2,kill,16.00
Warrior+Shaman_vs_Warrior+Rogue#as87Control,Warrior+Shaman,Warrior+Rogue,0,team1,kill,18.50
Warrior+Shaman_vs_Warrior+Rogue#as87Control,Warrior+Shaman,Warrior+Rogue,1,team1,kill,19.60
Warrior+Shaman_vs_Warrior+Rogue#as87Control,Warrior+Shaman,Warrior+Rogue,2,team2,kill,19.42
Warrior+Shaman_vs_Warrior+Rogue#as87Control,Warrior+Shaman,Warrior+Rogue,3,team1,kill,19.60
Warrior+Shaman_vs_Warrior+Rogue#as87Control,Warrior+Shaman,Warrior+Rogue,4,team2,kill,18.98
Warrior+Shaman_vs_Warrior+Rogue#as87Control,Warrior+Shaman,Warrior+Rogue,5,team2,kill,20.08
Warrior+Shaman_vs_Warrior+Rogue#as87Control,Warrior+Shaman,Warrior+Rogue,6,team2,kill,20.08
Warrior+Shaman_vs_Warrior+Rogue#as87Control,Warrior+Shaman,Warrior+Rogue,7,team1,kill,18.50
Warrior+Shaman_vs_Warrior+Rogue#as87Control,Warrior+Shaman,Warrior+Rogue,8,team2,kill,20.23
Warrior+Shaman_vs_Warrior+Rogue#as87Control,Warrior+Shaman,Warrior+Rogue,9,team1,kill,19.60
Warrior+Shaman_vs_Warrior+Rogue#as87Control,Warrior+Shaman,Warrior+Rogue,10,team1,kill,19.60
Warrior+Shaman_vs_Warrior+Rogue#as87Control,Warrior+Shaman,Warrior+Rogue,11,team2,kill,21.42
Warrior+Shaman_vs_Warrior+Rogue#as87Control,Warrior+Shaman,Warrior+Rogue,12,team2,kill,20.23
Warrior+Shaman_vs_Warrior+Rogue#as87Control,Warrior+Shaman,Warrior+Rogue,13,team2,kill,20.23
Warrior+Shaman_vs_Warrior+Rogue#as87Control,Warrior+Shaman,Warrior+Rogue,14,team2,kill,22.23
Warrior+Shaman_vs_Warrior+Rogue#as87Control,Warrior+Shaman,Warrior+Rogue,15,team2,kill,19.42
Warrior+Shaman_vs_Warrior+Rogue#as87Control,Warrior+Shaman,Warrior+Rogue,16,team1,kill,19.60
Warrior+Shaman_vs_Warrior+Rogue#as87Control,Warrior+Shaman,Warrior+Rogue,17,team2,kill,19.42
Warrior+Shaman_vs_Warrior+Rogue#as87Control,Warrior+Shaman,Warrior+Rogue,18,team1,kill,19.60
Warrior+Shaman_vs_Warrior+Rogue#as87Control,Warrior+Shaman,Warrior+Rogue,19,team1,kill,19.60
Warrior+Shaman_vs_Warrior+Paladin#as87Control,Warrior+Shaman,Warrior+Paladin,0,team1,kill,141.81
Warrior+Shaman_vs_Warrior+Paladin#as87Control,Warrior+Shaman,Warrior+Paladin,1,team2,kill,37.32
Warrior+Shaman_vs_Warrior+Paladin#as87Control,Warrior+Shaman,Warrior+Paladin,2,team1,kill,38.58
Warrior+Shaman_vs_Warrior+Paladin#as87Control,Warrior+Shaman,Warrior+Paladin,3,team2,kill,37.80
Warrior+Shaman_vs_Warrior+Paladin#as87Control,Warrior+Shaman,Warrior+Paladin,4,team2,kill,41.70
Warrior+Shaman_vs_Warrior+Paladin#as87Control,Warrior+Shaman,Warrior+Paladin,5,team2,kill,37.80
Warrior+Shaman_vs_Warrior+Paladin#as87Control,Warrior+Shaman,Warrior+Paladin,6,team1,kill,44.27
Warrior+Shaman_vs_Warrior+Paladin#as87Control,Warrior+Shaman,Warrior+Paladin,7,team2,kill,37.80
Warrior+Shaman_vs_Warrior+Paladin#as87Control,Warrior+Shaman,Warrior+Paladin,8,team2,kill,37.80
Warrior+Shaman_vs_Warrior+Paladin#as87Control,Warrior+Shaman,Warrior+Paladin,9,team2,kill,37.80
Warrior+Shaman_vs_Warrior+Paladin#as87Control,Warrior+Shaman,Warrior+Paladin,10,team2,kill,37.80
Warrior+Shaman_vs_Warrior+Paladin#as87Control,Warrior+Shaman,Warrior+Paladin,11,team2,kill,38.43
Warrior+Shaman_vs_Warrior+Paladin#as87Control,Warrior+Shaman,Warrior+Paladin,12,team2,kill,39.63
Warrior+Shaman_vs_Warrior+Paladin#as87Control,Warrior+Shaman,Warrior+Paladin,13,team2,kill,37.80
Warrior+Shaman_vs_Warrior+Paladin#as87Control,Warrior+Shaman,Warrior+Paladin,14,team2,kill,37.33
Warrior+Shaman_vs_Warrior+Paladin#as87Control,Warrior+Shaman,Warrior+Paladin,15,team2,kill,38.55
Warrior+Shaman_vs_Warrior+Paladin#as87Control,Warrior+Shaman,Warrior+Paladin,16,team2,kill,36.02
Warrior+Shaman_vs_Warrior+Paladin#as87Control,Warrior+Shaman,Warrior+Paladin,17,team2,kill,43.55
Warrior+Shaman_vs_Warrior+Paladin#as87Control,Warrior+Shaman,Warrior+Paladin,18,team2,kill,37.80
Warrior+Shaman_vs_Warrior+Paladin#as87Control,Warrior+Shaman,Warrior+Paladin,19,team2,kill,39.20
Warrior+Shaman_vs_Warrior+Hunter#as87Control,Warrior+Shaman,Warrior+Hunter,0,team1,kill,30.10
Warrior+Shaman_vs_Warrior+Hunter#as87Control,Warrior+Shaman,Warrior+Hunter,1,team1,kill,36.20
Warrior+Shaman_vs_Warrior+Hunter#as87Control,Warrior+Shaman,Warrior+Hunter,2,team1,kill,36.05
Warrior+Shaman_vs_Warrior+Hunter#as87Control,Warrior+Shaman,Warrior+Hunter,3,team1,kill,38.33
Warrior+Shaman_vs_Warrior+Hunter#as87Control,Warrior+Shaman,Warrior+Hunter,4,team1,kill,36.20
Warrior+Shaman_vs_Warrior+Hunter#as87Control,Warrior+Shaman,Warrior+Hunter,5,team1,kill,36.68
Warrior+Shaman_vs_Warrior+Hunter#as87Control,Warrior+Shaman,Warrior+Hunter,6,team1,kill,36.45
Warrior+Shaman_vs_Warrior+Hunter#as87Control,Warrior+Shaman,Warrior+Hunter,7,team1,kill,26.93
Warrior+Shaman_vs_Warrior+Hunter#as87Control,Warrior+Shaman,Warrior+Hunter,8,team1,kill,29.38
Warrior+Shaman_vs_Warrior+Hunter#as87Control,Warrior+Shaman,Warrior+Hunter,9,team1,kill,35.53
Warrior+Shaman_vs_Warrior+Hunter#as87Control,Warrior+Shaman,Warrior+Hunter,10,team1,kill,37.72
Warrior+Shaman_vs_Warrior+Hunter#as87Control,Warrior+Shaman,Warrior+Hunter,11,team1,kill,36.43
Warrior+Shaman_vs_Warrior+Hunter#as87Control,Warrior+Shaman,Warrior+Hunter,12,team1,kill,35.50
Warrior+Shaman_vs_Warrior+Hunter#as87Control,Warrior+Shaman,Warrior+Hunter,13,team1,kill,41.38
Warrior+Shaman_vs_Warrior+Hunter#as87Control,Warrior+Shaman,Warrior+Hunter,14,team1,kill,36.20
Warrior+Shaman_vs_Warrior+Hunter#as87Control,Warrior+Shaman,Warrior+Hunter,15,team1,kill,32.22
Warrior+Shaman_vs_Warrior+Hunter#as87Control,Warrior+Shaman,Warrior+Hunter,16,team1,kill,65.03
Warrior+Shaman_vs_Warrior+Hunter#as87Control,Warrior+Shaman,Warrior+Hunter,17,team1,kill,39.27
Warrior+Shaman_vs_Warrior+Hunter#as87Control,Warrior+Shaman,Warrior+Hunter,18,team1,kill,37.93
Warrior+Shaman_vs_Warrior+Hunter#as87Control,Warrior+Shaman,Warrior+Hunter,19,team1,kill,36.05
Warrior+Shaman_vs_Warrior+Shaman#as87Control,Warrior+Shaman,Warrior+Shaman,0,team2,kill,133.09
Warrior+Shaman_vs_Warrior+Shaman#as87Control,Warrior+Shaman,Warrior+Shaman,1,team2,kill,68.78
Warrior+Shaman_vs_Warrior+Shaman#as87Control,Warrior+Shaman,Warrior+Shaman,2,team1,kill,19.08
Warrior+Shaman_vs_Warrior+Shaman#as87Control,Warrior+Shaman,Warrior+Shaman,3,team1,kill,15.02
Warrior+Shaman_vs_Warrior+Shaman#as87Control,Warrior+Shaman,Warrior+Shaman,4,team1,kill,61.75
Warrior+Shaman_vs_Warrior+Shaman#as87Control,Warrior+Shaman,Warrior+Shaman,5,team2,kill,17.27
Warrior+Shaman_vs_Warrior+Shaman#as87Control,Warrior+Shaman,Warrior+Shaman,6,team2,kill,96.39
Warrior+Shaman_vs_Warrior+Shaman#as87Control,Warrior+Shaman,Warrior+Shaman,7,team1,kill,102.54
Warrior+Shaman_vs_Warrior+Shaman#as87Control,Warrior+Shaman,Warrior+Shaman,8,team1,kill,25.02
Warrior+Shaman_vs_Warrior+Shaman#as87Control,Warrior+Shaman,Warrior+Shaman,9,draw,kill,160.16
Warrior+Shaman_vs_Warrior+Shaman#as87Control,Warrior+Shaman,Warrior+Shaman,10,team2,kill,29.03
Warrior+Shaman_vs_Warrior+Shaman#as87Control,Warrior+Shaman,Warrior+Shaman,11,team2,kill,157.16
Warrior+Shaman_vs_Warrior+Shaman#as87Control,Warrior+Shaman,Warrior+Shaman,12,team1,kill,45.53
Warrior+Shaman_vs_Warrior+Shaman#as87Control,Warrior+Shaman,Warrior+Shaman,13,team2,kill,23.12
Warrior+Shaman_vs_Warrior+Shaman#as87Control,Warrior+Shaman,Warrior+Shaman,14,team2,kill,156.64
Warrior+Shaman_vs_Warrior+Shaman#as87Control,Warrior+Shaman,Warrior+Shaman,15,team2,kill,19.50
Warrior+Shaman_vs_Warrior+Shaman#as87Control,Warrior+Shaman,Warrior+Shaman,16,team1,kill,14.52
Warrior+Shaman_vs_Warrior+Shaman#as87Control,Warrior+Shaman,Warrior+Shaman,17,team2,kill,30.85
Warrior+Shaman_vs_Warrior+Shaman#as87Control,Warrior+Shaman,Warrior+Shaman,18,draw,kill,155.74
Warrior+Shaman_vs_Warrior+Shaman#as87Control,Warrior+Shaman,Warrior+Shaman,19,team1,kill,19.50
Warrior+Shaman_vs_Rogue+Paladin#as87Control,Warrior+Shaman,Rogue+Paladin,0,team1,kill,65.22
Warrior+Shaman_vs_Rogue+Paladin#as87Control,Warrior+Shaman,Rogue+Paladin,1,team1,kill,59.70
Warrior+Shaman_vs_Rogue+Paladin#as87Control,Warrior+Shaman,Rogue+Paladin,2,team1,kill,46.32
Warrior+Shaman_vs_Rogue+Paladin#as87Control,Warrior+Shaman,Rogue+Paladin,3,team1,kill,42.13
Warrior+Shaman_vs_Rogue+Paladin#as87Control,Warrior+Shaman,Rogue+Paladin,4,team2,kill,49.62
Warrior+Shaman_vs_Rogue+Paladin#as87Control,Warrior+Shaman,Rogue+Paladin,5,team1,kill,49.95
Warrior+Shaman_vs_Rogue+Paladin#as87Control,Warrior+Shaman,Rogue+Paladin,6,team1,kill,45.48
Warrior+Shaman_vs_Rogue+Paladin#as87Control,Warrior+Shaman,Rogue+Paladin,7,team1,kill,64.97
Warrior+Shaman_vs_Rogue+Paladin#as87Control,Warrior+Shaman,Rogue+Paladin,8,team2,kill,47.93
Warrior+Shaman_vs_Rogue+Paladin#as87Control,Warrior+Shaman,Rogue+Paladin,9,team1,kill,57.08
Warrior+Shaman_vs_Rogue+Paladin#as87Control,Warrior+Shaman,Rogue+Paladin,10,team2,kill,51.50
Warrior+Shaman_vs_Rogue+Paladin#as87Control,Warrior+Shaman,Rogue+Paladin,11,team2,kill,51.43
Warrior+Shaman_vs_Rogue+Paladin#as87Control,Warrior+Shaman,Rogue+Paladin,12,team2,kill,47.93
Warrior+Shaman_vs_Rogue+Paladin#as87Control,Warrior+Shaman,Rogue+Paladin,13,team2,kill,49.43
Warrior+Shaman_vs_Rogue+Paladin#as87Control,Warrior+Shaman,Rogue+Paladin,14,team2,kill,48.02
Warrior+Shaman_vs_Rogue+Paladin#as87Control,Warrior+Shaman,Rogue+Paladin,15,team1,kill,51.95
Warrior+Shaman_vs_Rogue+Paladin#as87Control,Warrior+Shaman,Rogue+Paladin,16,team1,kill,52.82
Warrior+Shaman_vs_Rogue+Paladin#as87Control,Warrior+Shaman,Rogue+Paladin,17,team1,kill,138.99
Warrior+Shaman_vs_Rogue+Paladin#as87Control,Warrior+Shaman,Rogue+Paladin,18,team2,kill,47.78
Warrior+Shaman_vs_Rogue+Paladin#as87Control,Warrior+Shaman,Rogue+Paladin,19,team1,kill,67.53
Warrior+Shaman_vs_Rogue+Hunter#as87Control,Warrior+Shaman,Rogue+Hunter,0,team2,kill,43.22
Warrior+Shaman_vs_Rogue+Hunter#as87Control,Warrior+Shaman,Rogue+Hunter,1,team2,kill,42.47
Warrior+Shaman_vs_Rogue+Hunter#as87Control,Warrior+Shaman,Rogue+Hunter,2,team1,kill,33.43
Warrior+Shaman_vs_Rogue+Hunter#as87Control,Warrior+Shaman,Rogue+Hunter,3,team2,kill,44.00
Warrior+Shaman_vs_Rogue+Hunter#as87Control,Warrior+Shaman,Rogue+Hunter,4,team1,kill,30.05
Warrior+Shaman_vs_Rogue+Hunter#as87Control,Warrior+Shaman,Rogue+Hunter,5,team1,kill,35.22
Warrior+Shaman_vs_Rogue+Hunter#as87Control,Warrior+Shaman,Rogue+Hunter,6,team1,kill,40.47
Warrior+Shaman_vs_Rogue+Hunter#as87Control,Warrior+Shaman,Rogue+Hunter,7,team1,kill,28.25
Warrior+Shaman_vs_Rogue+Hunter#as87Control,Warrior+Shaman,Rogue+Hunter,8,team2,kill,41.95
Warrior+Shaman_vs_Rogue+Hunter#as87Control,Warrior+Shaman,Rogue+Hunter,9,team1,kill,39.12
Warrior+Shaman_vs_Rogue+Hunter#as87Control,Warrior+Shaman,Rogue+Hunter,10,team2,kill,51.08
Warrior+Shaman_vs_Rogue+Hunter#as87Control,Warrior+Shaman,Rogue+Hunter,11,team1,kill,31.58
Warrior+Shaman_vs_Rogue+Hunter#as87Control,Warrior+Shaman,Rogue+Hunter,12,team2,kill,39.95
Warrior+Shaman_vs_Rogue+Hunter#as87Control,Warrior+Shaman,Rogue+Hunter,13,team1,kill,43.97
Warrior+Shaman_vs_Rogue+Hunter#as87Control,Warrior+Shaman,Rogue+Hunter,14,team1,kill,39.98
Warrior+Shaman_vs_Rogue+Hunter#as87Control,Warrior+Shaman,Rogue+Hunter,15,team2,kill,43.22
Warrior+Shaman_vs_Rogue+Hunter#as87Control,Warrior+Shaman,Rogue+Hunter,16,team1,kill,34.90
Warrior+Shaman_vs_Rogue+Hunter#as87Control,Warrior+Shaman,Rogue+Hunter,17,team2,kill,46.03
Warrior+Shaman_vs_Rogue+Hunter#as87Control,Warrior+Shaman,Rogue+Hunter,18,team2,kill,44.50
Warrior+Shaman_vs_Rogue+Hunter#as87Control,Warrior+Shaman,Rogue+Hunter,19,team1,kill,35.52
Warrior+Shaman_vs_Rogue+Shaman#as87Control,Warrior+Shaman,Rogue+Shaman,0,team2,kill,19.58
Warrior+Shaman_vs_Rogue+Shaman#as87Control,Warrior+Shaman,Rogue+Shaman,1,team2,kill,24.95
Warrior+Shaman_vs_Rogue+Shaman#as87Control,Warrior+Shaman,Rogue+Shaman,2,team2,kill,30.83
Warrior+Shaman_vs_Rogue+Shaman#as87Control,Warrior+Shaman,Rogue+Shaman,3,team2,kill,27.58
Warrior+Shaman_vs_Rogue+Shaman#as87Control,Warrior+Shaman,Rogue+Shaman,4,team2,kill,28.18
Warrior+Shaman_vs_Rogue+Shaman#as87Control,Warrior+Shaman,Rogue+Shaman,5,team2,kill,28.18
Warrior+Shaman_vs_Rogue+Shaman#as87Control,Warrior+Shaman,Rogue+Shaman,6,team2,kill,28.18
Warrior+Shaman_vs_Rogue+Shaman#as87Control,Warrior+Shaman,Rogue+Shaman,7,team2,kill,28.18
Warrior+Shaman_vs_Rogue+Shaman#as87Control,Warrior+Shaman,Rogue+Shaman,8,team2,kill,19.58
Warrior+Shaman_vs_Rogue+Shaman#as87Control,Warrior+Shaman,Rogue+Shaman,9,team2,kill,28.20
Warrior+Shaman_vs_Rogue+Shaman#as87Control,Warrior+Shaman,Rogue+Shaman,10,team2,kill,28.18
Warrior+Shaman_vs_Rogue+Shaman#as87Control,Warrior+Shaman,Rogue+Shaman,11,team2,kill,29.58
Warrior+Shaman_vs_Rogue+Shaman#as87Control,Warrior+Shaman,Rogue+Shaman,12,team2,kill,17.58
Warrior+Shaman_vs_Rogue+Shaman#as87Control,Warrior+Shaman,Rogue+Shaman,13,team2,kill,28.12
Warrior+Shaman_vs_Rogue+Shaman#as87Control,Warrior+Shaman,Rogue+Shaman,14,team2,kill,20.68
Warrior+Shaman_vs_Rogue+Shaman#as87Control,Warrior+Shaman,Rogue+Shaman,15,team2,kill,27.58
Warrior+Shaman_vs_Rogue+Shaman#as87Control,Warrior+Shaman,Rogue+Shaman,16,team2,kill,28.18
Warrior+Shaman_vs_Rogue+Shaman#as87Control,Warrior+Shaman,Rogue+Shaman,17,team2,kill,27.58
Warrior+Shaman_vs_Rogue+Shaman#as87Control,Warrior+Shaman,Rogue+Shaman,18,team2,kill,30.37
Warrior+Shaman_vs_Rogue+Shaman#as87Control,Warrior+Shaman,Rogue+Shaman,19,team2,kill,24.95
Warrior+Shaman_vs_Paladin+Hunter#as87Control,Warrior+Shaman,Paladin+Hunter,0,team1,kill,62.72
Warrior+Shaman_vs_Paladin+Hunter#as87Control,Warrior+Shaman,Paladin+Hunter,1,team1,kill,62.02
Warrior+Shaman_vs_Paladin+Hunter#as87Control,Warrior+Shaman,Paladin+Hunter,2,team1,kill,63.45
Warrior+Shaman_vs_Paladin+Hunter#as87Control,Warrior+Shaman,Paladin+Hunter,3,team1,kill,64.47
Warrior+Shaman_vs_Paladin+Hunter#as87Control,Warrior+Shaman,Paladin+Hunter,4,team1,kill,61.57
Warrior+Shaman_vs_Paladin+Hunter#as87Control,Warrior+Shaman,Paladin+Hunter,5,team1,kill,63.83
Warrior+Shaman_vs_Paladin+Hunter#as87Control,Warrior+Shaman,Paladin+Hunter,6,team1,kill,61.23
Warrior+Shaman_vs_Paladin+Hunter#as87Control,Warrior+Shaman,Paladin+Hunter,7,team1,kill,62.02
Warrior+Shaman_vs_Paladin+Hunter#as87Control,Warrior+Shaman,Paladin+Hunter,8,team1,kill,60.40
Warrior+Shaman_vs_Paladin+Hunter#as87Control,Warrior+Shaman,Paladin+Hunter,9,team1,kill,67.82
Warrior+Shaman_vs_Paladin+Hunter#as87Control,Warrior+Shaman,Paladin+Hunter,10,team1,kill,66.28
Warrior+Shaman_vs_Paladin+Hunter#as87Control,Warrior+Shaman,Paladin+Hunter,11,team1,kill,67.93
Warrior+Shaman_vs_Paladin+Hunter#as87Control,Warrior+Shaman,Paladin+Hunter,12,team1,kill,67.40
Warrior+Shaman_vs_Paladin+Hunter#as87Control,Warrior+Shaman,Paladin+Hunter,13,team1,kill,61.53
Warrior+Shaman_vs_Paladin+Hunter#as87Control,Warrior+Shaman,Paladin+Hunter,14,team1,kill,66.28
Warrior+Shaman_vs_Paladin+Hunter#as87Control,Warrior+Shaman,Paladin+Hunter,15,team1,kill,64.17
Warrior+Shaman_vs_Paladin+Hunter#as87Control,Warrior+Shaman,Paladin+Hunter,16,team1,kill,70.75
Warrior+Shaman_vs_Paladin+Hunter#as87Control,Warrior+Shaman,Paladin+Hunter,17,team1,kill,68.23
Warrior+Shaman_vs_Paladin+Hunter#as87Control,Warrior+Shaman,Paladin+Hunter,18,team1,kill,63.83
Warrior+Shaman_vs_Paladin+Hunter#as87Control,Warrior+Shaman,Paladin+Hunter,19,team1,kill,71.87
Warrior+Shaman_vs_Hunter+Shaman#as87Control,Warrior+Shaman,Hunter+Shaman,0,team2,kill,50.65
Warrior+Shaman_vs_Hunter+Shaman#as87Control,Warrior+Shaman,Hunter+Shaman,1,team2,kill,22.62
Warrior+Shaman_vs_Hunter+Shaman#as87Control,Warrior+Shaman,Hunter+Shaman,2,team2,kill,45.12
Warrior+Shaman_vs_Hunter+Shaman#as87Control,Warrior+Shaman,Hunter+Shaman,3,team2,kill,45.62
Warrior+Shaman_vs_Hunter+Shaman#as87Control,Warrior+Shaman,Hunter+Shaman,4,team2,kill,15.97
Warrior+Shaman_vs_Hunter+Shaman#as87Control,Warrior+Shaman,Hunter+Shaman,5,team2,kill,46.30
Warrior+Shaman_vs_Hunter+Shaman#as87Control,Warrior+Shaman,Hunter+Shaman,6,team2,kill,23.40
Warrior+Shaman_vs_Hunter+Shaman#as87Control,Warrior+Shaman,Hunter+Shaman,7,team2,kill,35.92
Warrior+Shaman_vs_Hunter+Shaman#as87Control,Warrior+Shaman,Hunter+Shaman,8,team2,kill,35.83
Warrior+Shaman_vs_Hunter+Shaman#as87Control,Warrior+Shaman,Hunter+Shaman,9,team2,kill,38.72
Warrior+Shaman_vs_Hunter+Shaman#as87Control,Warrior+Shaman,Hunter+Shaman,10,team2,kill,46.13
Warrior+Shaman_vs_Hunter+Shaman#as87Control,Warrior+Shaman,Hunter+Shaman,11,team2,kill,45.23
Warrior+Shaman_vs_Hunter+Shaman#as87Control,Warrior+Shaman,Hunter+Shaman,12,team2,kill,38.25
Warrior+Shaman_vs_Hunter+Shaman#as87Control,Warrior+Shaman,Hunter+Shaman,13,team2,kill,46.57
Warrior+Shaman_vs_Hunter+Shaman#as87Control,Warrior+Shaman,Hunter+Shaman,14,team2,kill,29.35
Warrior+Shaman_vs_Hunter+Shaman#as87Control,Warrior+Shaman,Hunter+Shaman,15,team2,kill,40.60
Warrior+Shaman_vs_Hunter+Shaman#as87Control,Warrior+Shaman,Hunter+Shaman,16,team2,kill,47.32
Warrior+Shaman_vs_Hunter+Shaman#as87Control,Warrior+Shaman,Hunter+Shaman,17,team2,kill,46.73
Warrior+Shaman_vs_Hunter+Shaman#as87Control,Warrior+Shaman,Hunter+Shaman,18,team2,kill,38.35
Warrior+Shaman_vs_Hunter+Shaman#as87Control,Warrior+Shaman,Hunter+Shaman,19,team2,kill,45.62
