label,team1,team2,seed,winner,end_reason,duration_secs
Warrior+Priest_vs_Warrior+Mage,Warrior+Priest,Warrior+Mage,0,team1,kill,32.48
Warrior+Priest_vs_Warrior+Mage,Warrior+Priest,Warrior+Mage,1,team1,kill,32.67
Warrior+Priest_vs_Warrior+Mage,Warrior+Priest,Warrior+Mage,2,team1,kill,32.48
Warrior+Priest_vs_Warrior+Mage,Warrior+Priest,Warrior+Mage,3,team2,kill,21.50
Warrior+Priest_vs_Warrior+Mage,Warrior+Priest,Warrior+Mage,4,team1,kill,22.47
Warrior+Priest_vs_Warrior+Mage,Warrior+Priest,Warrior+Mage,5,team1,kill,32.48
Warrior+Priest_vs_Warrior+Mage,Warrior+Priest,Warrior+Mage,6,team1,kill,27.17
Warrior+Priest_vs_Warrior+Mage,Warrior+Priest,Warrior+Mage,7,team1,kill,32.63
Warrior+Priest_vs_Warrior+Mage,Warrior+Priest,Warrior+Mage,8,team1,kill,30.37
Warrior+Priest_vs_Warrior+Mage,Warrior+Priest,Warrior+Mage,9,team2,kill,27.47
Warrior+Priest_vs_Warrior+Mage,Warrior+Priest,Warrior+Mage,10,team1,kill,33.72
Warrior+Priest_vs_Warrior+Mage,Warrior+Priest,Warrior+Mage,11,team1,kill,32.48
Warrior+Priest_vs_Warrior+Mage,Warrior+Priest,Warrior+Mage,12,team2,kill,17.33
Warrior+Priest_vs_Warrior+Mage,Warrior+Priest,Warrior+Mage,13,team1,kill,30.02
Warrior+Priest_vs_Warrior+Mage,Warrior+Priest,Warrior+Mage,14,team1,kill,31.28
Warrior+Priest_vs_Warrior+Mage,Warrior+Priest,Warrior+Mage,15,team2,kill,28.50
Warrior+Priest_vs_Warrior+Mage,Warrior+Priest,Warrior+Mage,16,team1,kill,32.48
Warrior+Priest_vs_Warrior+Mage,Warrior+Priest,Warrior+Mage,17,team2,kill,29.22
Warrior+Priest_vs_Warrior+Mage,Warrior+Priest,Warrior+Mage,18,team1,kill,32.48
Warrior+Priest_vs_Warrior+Mage,Warrior+Priest,Warrior+Mage,19,team1,kill,32.62
Warrior+Priest_vs_Warrior+Mage,Warrior+Priest,Warrior+Mage,20,team2,kill,27.47
Warrior+Priest_vs_Warrior+Mage,Warrior+Priest,Warrior+Mage,21,team1,kill,30.95
Warrior+Priest_vs_Warrior+Mage,Warrior+Priest,Warrior+Mage,22,team2,kill,28.98
Warrior+Priest_vs_Warrior+Mage,Warrior+Priest,Warrior+Mage,23,team1,kill,31.25
Warrior+Priest_vs_Warrior+Mage,Warrior+Priest,Warrior+Mage,24,team1,kill,32.48
Warrior+Priest_vs_Warrior+Mage,Warrior+Priest,Warrior+Mage,25,team1,kill,32.48
Warrior+Priest_vs_Warrior+Mage,Warrior+Priest,Warrior+Mage,26,team2,kill,19.93
Warrior+Priest_vs_Warrior+Mage,Warrior+Priest,Warrior+Mage,27,team1,kill,35.85
Warrior+Priest_vs_Warrior+Mage,Warrior+Priest,Warrior+Mage,28,team1,kill,32.48
Warrior+Priest_vs_Warrior+Mage,Warrior+Priest,Warrior+Mage,29,team1,kill,26.22
Warrior+Priest_vs_Warrior+Mage,Warrior+Priest,Warrior+Mage,30,team1,kill,29.92
Warrior+Priest_vs_Warrior+Mage,Warrior+Priest,Warrior+Mage,31,team1,kill,26.22
Warrior+Priest_vs_Warrior+Mage,Warrior+Priest,Warrior+Mage,32,team2,kill,27.47
Warrior+Priest_vs_Warrior+Mage,Warrior+Priest,Warrior+Mage,33,team2,kill,27.47
Warrior+Priest_vs_Warrior+Mage,Warrior+Priest,Warrior+Mage,34,team2,kill,28.97
Warrior+Priest_vs_Warrior+Mage,Warrior+Priest,Warrior+Mage,35,team2,kill,28.98
Warrior+Priest_vs_Warrior+Mage,Warrior+Priest,Warrior+Mage,36,team2,kill,26.08
Warrior+Priest_vs_Warrior+Mage,Warrior+Priest,Warrior+Mage,37,team1,kill,32.48
Warrior+Priest_vs_Warrior+Mage,Warrior+Priest,Warrior+Mage,38,team2,kill,19.88
Warrior+Priest_vs_Warrior+Mage,Warrior+Priest,Warrior+Mage,39,team1,kill,32.48
Warrior+Priest_vs_Warrior+Mage,Warrior+Priest,Warrior+Mage,40,team1,kill,20.88
Warrior+Priest_vs_Warrior+Mage,Warrior+Priest,Warrior+Mage,41,team2,kill,21.50
Warrior+Priest_vs_Warrior+Mage,Warrior+Priest,Warrior+Mage,42,team1,kill,23.68
Warrior+Priest_vs_Warrior+Mage,Warrior+Priest,Warrior+Mage,43,team2,kill,27.22
Warrior+Priest_vs_Warrior+Mage,Warrior+Priest,Warrior+Mage,44,team1,kill,31.25
Warrior+Priest_vs_Warrior+Mage,Warrior+Priest,Warrior+Mage,45,team2,kill,27.47
Warrior+Priest_vs_Warrior+Mage,Warrior+Priest,Warrior+Mage,46,team2,kill,19.97
Warrior+Priest_vs_Warrior+Mage,Warrior+Priest,Warrior+Mage,47,team1,kill,32.48
Warrior+Priest_vs_Warrior+Mage,Warrior+Priest,Warrior+Mage,48,team2,kill,28.67
Warrior+Priest_vs_Warrior+Mage,Warrior+Priest,Warrior+Mage,49,team1,kill,32.48
Warrior+Priest_vs_Warrior+Mage,Warrior+Priest,Warrior+Mage,50,team1,kill,31.70
Warrior+Priest_vs_Warrior+Mage,Warrior+Priest,Warrior+Mage,51,team1,kill,30.97
Warrior+Priest_vs_Warrior+Mage,Warrior+Priest,Warrior+Mage,52,team2,kill,19.88
Warrior+Priest_vs_Warrior+Mage,Warrior+Priest,Warrior+Mage,53,team1,kill,36.75
Warrior+Priest_vs_Warrior+Mage,Warrior+Priest,Warrior+Mage,54,team1,kill,34.93
Warrior+Priest_vs_Warrior+Mage,Warrior+Priest,Warrior+Mage,55,team1,kill,30.37
Warrior+Priest_vs_Warrior+Mage,Warrior+Priest,Warrior+Mage,56,team2,kill,23.48
Warrior+Priest_vs_Warrior+Mage,Warrior+Priest,Warrior+Mage,57,team1,kill,32.68
Warrior+Priest_vs_Warrior+Mage,Warrior+Priest,Warrior+Mage,58,team1,kill,24.15
Warrior+Priest_vs_Warrior+Mage,Warrior+Priest,Warrior+Mage,59,team2,kill,29.10
Warrior+Priest_vs_Warrior+Mage,Warrior+Priest,Warrior+Mage,60,team1,kill,30.33
Warrior+Priest_vs_Warrior+Mage,Warrior+Priest,Warrior+Mage,61,team2,kill,29.17
Warrior+Priest_vs_Warrior+Mage,Warrior+Priest,Warrior+Mage,62,team2,kill,17.35
Warrior+Priest_vs_Warrior+Mage,Warrior+Priest,Warrior+Mage,63,team1,kill,33.90
Warrior+Priest_vs_Warrior+Mage,Warrior+Priest,Warrior+Mage,64,team1,kill,33.95
Warrior+Priest_vs_Warrior+Mage,Warrior+Priest,Warrior+Mage,65,team2,kill,17.33
Warrior+Priest_vs_Warrior+Mage,Warrior+Priest,Warrior+Mage,66,team1,kill,30.33
Warrior+Priest_vs_Warrior+Mage,Warrior+Priest,Warrior+Mage,67,team1,kill,27.17
Warrior+Priest_vs_Warrior+Mage,Warrior+Priest,Warrior+Mage,68,team1,kill,26.22
Warrior+Priest_vs_Warrior+Mage,Warrior+Priest,Warrior+Mage,69,team2,kill,31.73
Warrior+Priest_vs_Warrior+Mage,Warrior+Priest,Warrior+Mage,70,team2,kill,29.32
Warrior+Priest_vs_Warrior+Mage,Warrior+Priest,Warrior+Mage,71,team1,kill,21.07
Warrior+Priest_vs_Warrior+Mage,Warrior+Priest,Warrior+Mage,72,team2,kill,18.83
Warrior+Priest_vs_Warrior+Mage,Warrior+Priest,Warrior+Mage,73,team2,kill,30.73
Warrior+Priest_vs_Warrior+Mage,Warrior+Priest,Warrior+Mage,74,team2,kill,26.08
Warrior+Priest_vs_Warrior+Mage,Warrior+Priest,Warrior+Mage,75,team1,kill,32.48
Warrior+Priest_vs_Warrior+Mage,Warrior+Priest,Warrior+Mage,76,team1,kill,32.63
Warrior+Priest_vs_Warrior+Mage,Warrior+Priest,Warrior+Mage,77,team2,kill,27.20
Warrior+Priest_vs_Warrior+Mage,Warrior+Priest,Warrior+Mage,78,team2,kill,28.93
Warrior+Priest_vs_Warrior+Mage,Warrior+Priest,Warrior+Mage,79,team2,kill,24.95
Warrior+Priest_vs_Warrior+Mage,Warrior+Priest,Warrior+Mage,80,team1,kill,29.92
Warrior+Priest_vs_Warrior+Mage,Warrior+Priest,Warrior+Mage,81,team1,kill,33.88
Warrior+Priest_vs_Warrior+Mage,Warrior+Priest,Warrior+Mage,82,team2,kill,32.02
Warrior+Priest_vs_Warrior+Mage,Warrior+Priest,Warrior+Mage,83,team2,kill,31.95
Warrior+Priest_vs_Warrior+Mage,Warrior+Priest,Warrior+Mage,84,team1,kill,26.22
Warrior+Priest_vs_Warrior+Mage,Warrior+Priest,Warrior+Mage,85,team2,kill,22.08
Warrior+Priest_vs_Warrior+Mage,Warrior+Priest,Warrior+Mage,86,team1,kill,32.48
Warrior+Priest_vs_Warrior+Mage,Warrior+Priest,Warrior+Mage,87,team1,kill,32.48
Warrior+Priest_vs_Warrior+Mage,Warrior+Priest,Warrior+Mage,88,team1,kill,30.33
Warrior+Priest_vs_Warrior+Mage,Warrior+Priest,Warrior+Mage,89,team2,kill,28.98
Warrior+Priest_vs_Warrior+Mage,Warrior+Priest,Warrior+Mage,90,team2,kill,27.60
Warrior+Priest_vs_Warrior+Mage,Warrior+Priest,Warrior+Mage,91,team1,kill,32.48
Warrior+Priest_vs_Warrior+Mage,Warrior+Priest,Warrior+Mage,92,team1,kill,32.48
Warrior+Priest_vs_Warrior+Mage,Warrior+Priest,Warrior+Mage,93,team1,kill,30.33
Warrior+Priest_vs_Warrior+Mage,Warrior+Priest,Warrior+Mage,94,team1,kill,30.38
Warrior+Priest_vs_Warrior+Mage,Warrior+Priest,Warrior+Mage,95,team1,kill,31.57
Warrior+Priest_vs_Warrior+Mage,Warrior+Priest,Warrior+Mage,96,team1,kill,32.82
Warrior+Priest_vs_Warrior+Mage,Warrior+Priest,Warrior+Mage,97,team1,kill,31.25
Warrior+Priest_vs_Warrior+Mage,Warrior+Priest,Warrior+Mage,98,team2,kill,27.47
Warrior+Priest_vs_Warrior+Mage,Warrior+Priest,Warrior+Mage,99,team1,kill,31.25
Warrior+Priest_vs_Warrior+Rogue,Warrior+Priest,Warrior+Rogue,0,team1,kill,17.52
Warrior+Priest_vs_Warrior+Rogue,Warrior+Priest,Warrior+Rogue,1,team1,kill,24.12
Warrior+Priest_vs_Warrior+Rogue,Warrior+Priest,Warrior+Rogue,2,team2,kill,26.32
Warrior+Priest_vs_Warrior+Rogue,Warrior+Priest,Warrior+Rogue,3,team1,kill,24.23
Warrior+Priest_vs_Warrior+Rogue,Warrior+Priest,Warrior+Rogue,4,team1,kill,19.78
Warrior+Priest_vs_Warrior+Rogue,Warrior+Priest,Warrior+Rogue,5,team1,kill,23.48
Warrior+Priest_vs_Warrior+Rogue,Warrior+Priest,Warrior+Rogue,6,team2,kill,20.08
Warrior+Priest_vs_Warrior+Rogue,Warrior+Priest,Warrior+Rogue,7,team2,kill,24.32
Warrior+Priest_vs_Warrior+Rogue,Warrior+Priest,Warrior+Rogue,8,team1,kill,18.27
Warrior+Priest_vs_Warrior+Rogue,Warrior+Priest,Warrior+Rogue,9,team2,kill,24.32
Warrior+Priest_vs_Warrior+Rogue,Warrior+Priest,Warrior+Rogue,10,team1,kill,23.48
Warrior+Priest_vs_Warrior+Rogue,Warrior+Priest,Warrior+Rogue,11,team1,kill,22.37
Warrior+Priest_vs_Warrior+Rogue,Warrior+Priest,Warrior+Rogue,12,team2,kill,18.32
Warrior+Priest_vs_Warrior+Rogue,Warrior+Priest,Warrior+Rogue,13,team1,kill,23.48
Warrior+Priest_vs_Warrior+Rogue,Warrior+Priest,Warrior+Rogue,14,team1,kill,24.12
Warrior+Priest_vs_Warrior+Rogue,Warrior+Priest,Warrior+Rogue,15,team1,kill,23.48
Warrior+Priest_vs_Warrior+Rogue,Warrior+Priest,Warrior+Rogue,16,team1,kill,25.32
Warrior+Priest_vs_Warrior+Rogue,Warrior+Priest,Warrior+Rogue,17,team1,kill,20.73
Warrior+Priest_vs_Warrior+Rogue,Warrior+Priest,Warrior+Rogue,18,team1,kill,20.37
Warrior+Priest_vs_Warrior+Rogue,Warrior+Priest,Warrior+Rogue,19,team1,kill,20.73
Warrior+Priest_vs_Warrior+Rogue,Warrior+Priest,Warrior+Rogue,20,team2,kill,24.32
Warrior+Priest_vs_Warrior+Rogue,Warrior+Priest,Warrior+Rogue,21,team2,kill,24.32
Warrior+Priest_vs_Warrior+Rogue,Warrior+Priest,Warrior+Rogue,22,team1,kill,25.32
Warrior+Priest_vs_Warrior+Rogue,Warrior+Priest,Warrior+Rogue,23,team1,kill,25.67
Warrior+Priest_vs_Warrior+Rogue,Warrior+Priest,Warrior+Rogue,24,team1,kill,25.32
Warrior+Priest_vs_Warrior+Rogue,Warrior+Priest,Warrior+Rogue,25,team1,kill,24.40
Warrior+Priest_vs_Warrior+Rogue,Warrior+Priest,Warrior+Rogue,26,team1,kill,25.67
Warrior+Priest_vs_Warrior+Rogue,Warrior+Priest,Warrior+Rogue,27,team1,kill,19.78
Warrior+Priest_vs_Warrior+Rogue,Warrior+Priest,Warrior+Rogue,28,team1,kill,19.78
Warrior+Priest_vs_Warrior+Rogue,Warrior+Priest,Warrior+Rogue,29,team1,kill,21.10
Warrior+Priest_vs_Warrior+Rogue,Warrior+Priest,Warrior+Rogue,30,team1,kill,21.62
Warrior+Priest_vs_Warrior+Rogue,Warrior+Priest,Warrior+Rogue,31,team2,kill,24.08
Warrior+Priest_vs_Warrior+Rogue,Warrior+Priest,Warrior+Rogue,32,team1,kill,24.40
Warrior+Priest_vs_Warrior+Rogue,Warrior+Priest,Warrior+Rogue,33,team1,kill,22.57
Warrior+Priest_vs_Warrior+Rogue,Warrior+Priest,Warrior+Rogue,34,team1,kill,25.67
Warrior+Priest_vs_Warrior+Rogue,Warrior+Priest,Warrior+Rogue,35,team2,kill,22.32
Warrior+Priest_vs_Warrior+Rogue,Warrior+Priest,Warrior+Rogue,36,team1,kill,21.62
Warrior+Priest_vs_Warrior+Rogue,Warrior+Priest,Warrior+Rogue,37,team2,kill,22.32
Warrior+Priest_vs_Warrior+Rogue,Warrior+Priest,Warrior+Rogue,38,team1,kill,25.67
Warrior+Priest_vs_Warrior+Rogue,Warrior+Priest,Warrior+Rogue,39,team1,kill,22.37
Warrior+Priest_vs_Warrior+Rogue,Warrior+Priest,Warrior+Rogue,40,team2,kill,23.42
Warrior+Priest_vs_Warrior+Rogue,Warrior+Priest,Warrior+Rogue,41,team1,kill,24.95
Warrior+Priest_vs_Warrior+Rogue,Warrior+Priest,Warrior+Rogue,42,team1,kill,24.40
Warrior+Priest_vs_Warrior+Rogue,Warrior+Priest,Warrior+Rogue,43,team2,kill,20.98
Warrior+Priest_vs_Warrior+Rogue,Warrior+Priest,Warrior+Rogue,44,team2,kill,24.08
Warrior+Priest_vs_Warrior+Rogue,Warrior+Priest,Warrior+Rogue,45,team1,kill,24.40
Warrior+Priest_vs_Warrior+Rogue,Warrior+Priest,Warrior+Rogue,46,team1,kill,22.57
Warrior+Priest_vs_Warrior+Rogue,Warrior+Priest,Warrior+Rogue,47,team1,kill,25.67
Warrior+Priest_vs_Warrior+Rogue,Warrior+Priest,Warrior+Rogue,48,team1,kill,25.32
Warrior+Priest_vs_Warrior+Rogue,Warrior+Priest,Warrior+Rogue,49,team1,kill,25.98
Warrior+Priest_vs_Warrior+Rogue,Warrior+Priest,Warrior+Rogue,50,team1,kill,24.40
Warrior+Priest_vs_Warrior+Rogue,Warrior+Priest,Warrior+Rogue,51,team2,kill,24.32
Warrior+Priest_vs_Warrior+Rogue,Warrior+Priest,Warrior+Rogue,52,team1,kill,25.67
Warrior+Priest_vs_Warrior+Rogue,Warrior+Priest,Warrior+Rogue,53,team2,kill,24.32
Warrior+Priest_vs_Warrior+Rogue,Warrior+Priest,Warrior+Rogue,54,team2,kill,25.42
Warrior+Priest_vs_Warrior+Rogue,Warrior+Priest,Warrior+Rogue,55,team1,kill,24.12
Warrior+Priest_vs_Warrior+Rogue,Warrior+Priest,Warrior+Rogue,56,team1,kill,24.40
Warrior+Priest_vs_Warrior+Rogue,Warrior+Priest,Warrior+Rogue,57,team1,kill,21.10
Warrior+Priest_vs_Warrior+Rogue,Warrior+Priest,Warrior+Rogue,58,team2,kill,22.32
Warrior+Priest_vs_Warrior+Rogue,Warrior+Priest,Warrior+Rogue,59,team1,kill,21.62
Warrior+Priest_vs_Warrior+Rogue,Warrior+Priest,Warrior+Rogue,60,team1,kill,19.78
Warrior+Priest_vs_Warrior+Rogue,Warrior+Priest,Warrior+Rogue,61,team1,kill,19.82
Warrior+Priest_vs_Warrior+Rogue,Warrior+Priest,Warrior+Rogue,62,team1,kill,24.23
Warrior+Priest_vs_Warrior+Rogue,Warrior+Priest,Warrior+Rogue,63,team1,kill,21.62
Warrior+Priest_vs_Warrior+Rogue,Warrior+Priest,Warrior+Rogue,64,team1,kill,24.40
Warrior+Priest_vs_Warrior+Rogue,Warrior+Priest,Warrior+Rogue,65,team2,kill,24.75
Warrior+Priest_vs_Warrior+Rogue,Warrior+Priest,Warrior+Rogue,66,team1,kill,23.48
Warrior+Priest_vs_Warrior+Rogue,Warrior+Priest,Warrior+Rogue,67,team1,kill,23.48
Warrior+Priest_vs_Warrior+Rogue,Warrior+Priest,Warrior+Rogue,68,team1,kill,25.15
Warrior+Priest_vs_Warrior+Rogue,Warrior+Priest,Warrior+Rogue,69,team1,kill,21.12
Warrior+Priest_vs_Warrior+Rogue,Warrior+Priest,Warrior+Rogue,70,team1,kill,21.12
Warrior+Priest_vs_Warrior+Rogue,Warrior+Priest,Warrior+Rogue,71,team1,kill,21.62
Warrior+Priest_vs_Warrior+Rogue,Warrior+Priest,Warrior+Rogue,72,team1,kill,24.40
Warrior+Priest_vs_Warrior+Rogue,Warrior+Priest,Warrior+Rogue,73,team2,kill,24.32
Warrior+Priest_vs_Warrior+Rogue,Warrior+Priest,Warrior+Rogue,74,team1,kill,21.12
Warrior+Priest_vs_Warrior+Rogue,Warrior+Priest,Warrior+Rogue,75,team1,kill,21.12
Warrior+Priest_vs_Warrior+Rogue,Warrior+Priest,Warrior+Rogue,76,team1,kill,25.32
Warrior+Priest_vs_Warrior+Rogue,Warrior+Priest,Warrior+Rogue,77,team1,kill,24.12
Warrior+Priest_vs_Warrior+Rogue,Warrior+Priest,Warrior+Rogue,78,team1,kill,24.40
Warrior+Priest_vs_Warrior+Rogue,Warrior+Priest,Warrior+Rogue,79,team1,kill,19.18
Warrior+Priest_vs_Warrior+Rogue,Warrior+Priest,Warrior+Rogue,80,team1,kill,20.37
Warrior+Priest_vs_Warrior+Rogue,Warrior+Priest,Warrior+Rogue,81,team2,kill,24.75
Warrior+Priest_vs_Warrior+Rogue,Warrior+Priest,Warrior+Rogue,82,team2,kill,20.98
Warrior+Priest_vs_Warrior+Rogue,Warrior+Priest,Warrior+Rogue,83,team2,kill,24.32
Warrior+Priest_vs_Warrior+Rogue,Warrior+Priest,Warrior+Rogue,84,team2,kill,20.32
Warrior+Priest_vs_Warrior+Rogue,Warrior+Priest,Warrior+Rogue,85,team2,kill,22.75
Warrior+Priest_vs_Warrior+Rogue,Warrior+Priest,Warrior+Rogue,86,team1,kill,24.40
Warrior+Priest_vs_Warrior+Rogue,Warrior+Priest,Warrior+Rogue,87,team1,kill,25.32
Warrior+Priest_vs_Warrior+Rogue,Warrior+Priest,Warrior+Rogue,88,team1,kill,19.60
Warrior+Priest_vs_Warrior+Rogue,Warrior+Priest,Warrior+Rogue,89,team1,kill,25.67
Warrior+Priest_vs_Warrior+Rogue,Warrior+Priest,Warrior+Rogue,90,team1,kill,20.73
Warrior+Priest_vs_Warrior+Rogue,Warrior+Priest,Warrior+Rogue,91,team2,kill,22.32
Warrior+Priest_vs_Warrior+Rogue,Warrior+Priest,Warrior+Rogue,92,team2,kill,22.75
Warrior+Priest_vs_Warrior+Rogue,Warrior+Priest,Warrior+Rogue,93,team2,kill,21.42
Warrior+Priest_vs_Warrior+Rogue,Warrior+Priest,Warrior+Rogue,94,team2,kill,18.32
Warrior+Priest_vs_Warrior+Rogue,Warrior+Priest,Warrior+Rogue,95,team2,kill,24.08
Warrior+Priest_vs_Warrior+Rogue,Warrior+Priest,Warrior+Rogue,96,team1,kill,24.40
Warrior+Priest_vs_Warrior+Rogue,Warrior+Priest,Warrior+Rogue,97,team2,kill,20.32
Warrior+Priest_vs_Warrior+Rogue,Warrior+Priest,Warrior+Rogue,98,team1,kill,23.48
Warrior+Priest_vs_Warrior+Rogue,Warrior+Priest,Warrior+Rogue,99,team2,kill,20.32
Warrior+Priest_vs_Warrior+Priest,Warrior+Priest,Warrior+Priest,0,team1,kill,45.38
Warrior+Priest_vs_Warrior+Priest,Warrior+Priest,Warrior+Priest,1,team2,kill,46.68
Warrior+Priest_vs_Warrior+Priest,Warrior+Priest,Warrior+Priest,2,team1,kill,45.58
Warrior+Priest_vs_Warrior+Priest,Warrior+Priest,Warrior+Priest,3,team2,kill,46.18
Warrior+Priest_vs_Warrior+Priest,Warrior+Priest,Warrior+Priest,4,team1,kill,45.38
Warrior+Priest_vs_Warrior+Priest,Warrior+Priest,Warrior+Priest,5,team1,kill,46.47
Warrior+Priest_vs_Warrior+Priest,Warrior+Priest,Warrior+Priest,6,team2,kill,41.08
Warrior+Priest_vs_Warrior+Priest,Warrior+Priest,Warrior+Priest,7,team1,kill,43.87
Warrior+Priest_vs_Warrior+Priest,Warrior+Priest,Warrior+Priest,8,team1,kill,43.87
Warrior+Priest_vs_Warrior+Priest,Warrior+Priest,Warrior+Priest,9,team2,kill,186.88
Warrior+Priest_vs_Warrior+Priest,Warrior+Priest,Warrior+Priest,10,team2,kill,70.07
Warrior+Priest_vs_Warrior+Priest,Warrior+Priest,Warrior+Priest,11,team1,kill,173.44
Warrior+Priest_vs_Warrior+Priest,Warrior+Priest,Warrior+Priest,12,team2,kill,194.80
Warrior+Priest_vs_Warrior+Priest,Warrior+Priest,Warrior+Priest,13,team2,kill,45.52
Warrior+Priest_vs_Warrior+Priest,Warrior+Priest,Warrior+Priest,14,team2,kill,44.38
Warrior+Priest_vs_Warrior+Priest,Warrior+Priest,Warrior+Priest,15,team2,kill,37.80
Warrior+Priest_vs_Warrior+Priest,Warrior+Priest,Warrior+Priest,16,team1,kill,43.93
Warrior+Priest_vs_Warrior+Priest,Warrior+Priest,Warrior+Priest,17,draw,kill,182.03
Warrior+Priest_vs_Warrior+Priest,Warrior+Priest,Warrior+Priest,18,team2,kill,48.58
Warrior+Priest_vs_Warrior+Priest,Warrior+Priest,Warrior+Priest,19,team2,kill,43.87
Warrior+Priest_vs_Warrior+Priest,Warrior+Priest,Warrior+Priest,20,team1,kill,226.14
Warrior+Priest_vs_Warrior+Priest,Warrior+Priest,Warrior+Priest,21,team1,kill,37.80
Warrior+Priest_vs_Warrior+Priest,Warrior+Priest,Warrior+Priest,22,team2,kill,199.70
Warrior+Priest_vs_Warrior+Priest,Warrior+Priest,Warrior+Priest,23,team2,kill,44.22
Warrior+Priest_vs_Warrior+Priest,Warrior+Priest,Warrior+Priest,24,team2,kill,43.75
Warrior+Priest_vs_Warrior+Priest,Warrior+Priest,Warrior+Priest,25,team2,kill,41.28
Warrior+Priest_vs_Warrior+Priest,Warrior+Priest,Warrior+Priest,26,team2,kill,42.97
Warrior+Priest_vs_Warrior+Priest,Warrior+Priest,Warrior+Priest,27,team2,kill,208.69
Warrior+Priest_vs_Warrior+Priest,Warrior+Priest,Warrior+Priest,28,team2,kill,184.55
Warrior+Priest_vs_Warrior+Priest,Warrior+Priest,Warrior+Priest,29,team1,kill,224.69
Warrior+Priest_vs_Warrior+Priest,Warrior+Priest,Warrior+Priest,30,team1,kill,38.27
Warrior+Priest_vs_Warrior+Priest,Warrior+Priest,Warrior+Priest,31,team2,kill,192.35
Warrior+Priest_vs_Warrior+Priest,Warrior+Priest,Warrior+Priest,32,team2,kill,45.38
Warrior+Priest_vs_Warrior+Priest,Warrior+Priest,Warrior+Priest,33,team2,kill,199.28
Warrior+Priest_vs_Warrior+Priest,Warrior+Priest,Warrior+Priest,34,team2,kill,45.38
Warrior+Priest_vs_Warrior+Priest,Warrior+Priest,Warrior+Priest,35,team2,kill,44.33
Warrior+Priest_vs_Warrior+Priest,Warrior+Priest,Warrior+Priest,36,team1,kill,41.45
Warrior+Priest_vs_Warrior+Priest,Warrior+Priest,Warrior+Priest,37,team2,kill,39.68
Warrior+Priest_vs_Warrior+Priest,Warrior+Priest,Warrior+Priest,38,team1,kill,46.15
Warrior+Priest_vs_Warrior+Priest,Warrior+Priest,Warrior+Priest,39,team1,kill,45.08
Warrior+Priest_vs_Warrior+Priest,Warrior+Priest,Warrior+Priest,40,team1,kill,41.87
Warrior+Priest_vs_Warrior+Priest,Warrior+Priest,Warrior+Priest,41,team1,kill,43.47
Warrior+Priest_vs_Warrior+Priest,Warrior+Priest,Warrior+Priest,42,team1,kill,193.48
Warrior+Priest_vs_Warrior+Priest,Warrior+Priest,Warrior+Priest,43,team2,kill,40.93
Warrior+Priest_vs_Warrior+Priest,Warrior+Priest,Warrior+Priest,44,team1,kill,48.43
Warrior+Priest_vs_Warrior+Priest,Warrior+Priest,Warrior+Priest,45,team2,kill,44.08
Warrior+Priest_vs_Warrior+Priest,Warrior+Priest,Warrior+Priest,46,team2,kill,40.78
Warrior+Priest_vs_Warrior+Priest,Warrior+Priest,Warrior+Priest,47,team1,kill,175.18
Warrior+Priest_vs_Warrior+Priest,Warrior+Priest,Warrior+Priest,48,team1,kill,44.40
Warrior+Priest_vs_Warrior+Priest,Warrior+Priest,Warrior+Priest,49,team1,kill,39.65
Warrior+Priest_vs_Warrior+Priest,Warrior+Priest,Warrior+Priest,50,team1,kill,45.08
Warrior+Priest_vs_Warrior+Priest,Warrior+Priest,Warrior+Priest,51,team1,kill,40.78
Warrior+Priest_vs_Warrior+Priest,Warrior+Priest,Warrior+Priest,52,team1,kill,42.95
Warrior+Priest_vs_Warrior+Priest,Warrior+Priest,Warrior+Priest,53,team1,kill,42.35
Warrior+Priest_vs_Warrior+Priest,Warrior+Priest,Warrior+Priest,54,team1,kill,44.28
Warrior+Priest_vs_Warrior+Priest,Warrior+Priest,Warrior+Priest,55,team1,kill,47.72
Warrior+Priest_vs_Warrior+Priest,Warrior+Priest,Warrior+Priest,56,team2,kill,45.38
Warrior+Priest_vs_Warrior+Priest,Warrior+Priest,Warrior+Priest,57,team1,kill,42.57
Warrior+Priest_vs_Warrior+Priest,Warrior+Priest,Warrior+Priest,58,team2,kill,45.63
Warrior+Priest_vs_Warrior+Priest,Warrior+Priest,Warrior+Priest,59,team2,kill,40.60
Warrior+Priest_vs_Warrior+Priest,Warrior+Priest,Warrior+Priest,60,team1,kill,44.68
Warrior+Priest_vs_Warrior+Priest,Warrior+Priest,Warrior+Priest,61,team1,kill,37.80
Warrior+Priest_vs_Warrior+Priest,Warrior+Priest,Warrior+Priest,62,team2,kill,45.38
Warrior+Priest_vs_Warrior+Priest,Warrior+Priest,Warrior+Priest,63,team1,kill,202.48
Warrior+Priest_vs_Warrior+Priest,Warrior+Priest,Warrior+Priest,64,team2,kill,44.80
Warrior+Priest_vs_Warrior+Priest,Warrior+Priest,Warrior+Priest,65,team1,kill,43.85
Warrior+Priest_vs_Warrior+Priest,Warrior+Priest,Warrior+Priest,66,team1,kill,46.90
Warrior+Priest_vs_Warrior+Priest,Warrior+Priest,Warrior+Priest,67,team2,kill,45.40
Warrior+Priest_vs_Warrior+Priest,Warrior+Priest,Warrior+Priest,68,team1,kill,47.00
Warrior+Priest_vs_Warrior+Priest,Warrior+Priest,Warrior+Priest,69,team2,kill,43.87
Warrior+Priest_vs_Warrior+Priest,Warrior+Priest,Warrior+Priest,70,team1,kill,38.55
Warrior+Priest_vs_Warrior+Priest,Warrior+Priest,Warrior+Priest,71,team2,kill,45.38
Warrior+Priest_vs_Warrior+Priest,Warrior+Priest,Warrior+Priest,72,team1,kill,40.50
Warrior+Priest_vs_Warrior+Priest,Warrior+Priest,Warrior+Priest,73,team1,kill,196.18
Warrior+Priest_vs_Warrior+Priest,Warrior+Priest,Warrior+Priest,74,team1,kill,44.25
Warrior+Priest_vs_Warrior+Priest,Warrior+Priest,Warrior+Priest,75,team2,kill,45.33
Warrior+Priest_vs_Warrior+Priest,Warrior+Priest,Warrior+Priest,76,team1,kill,43.87
Warrior+Priest_vs_Warrior+Priest,Warrior+Priest,Warrior+Priest,77,team2,kill,45.98
Warrior+Priest_vs_Warrior+Priest,Warrior+Priest,Warrior+Priest,78,team1,kill,44.50
Warrior+Priest_vs_Warrior+Priest,Warrior+Priest,Warrior+Priest,79,team2,kill,41.70
Warrior+Priest_vs_Warrior+Priest,Warrior+Priest,Warrior+Priest,80,team1,kill,196.23
Warrior+Priest_vs_Warrior+Priest,Warrior+Priest,Warrior+Priest,81,team1,kill,43.83
Warrior+Priest_vs_Warrior+Priest,Warrior+Priest,Warrior+Priest,82,team2,kill,38.93
Warrior+Priest_vs_Warrior+Priest,Warrior+Priest,Warrior+Priest,83,team2,kill,45.68
Warrior+Priest_vs_Warrior+Priest,Warrior+Priest,Warrior+Priest,84,team1,kill,40.88
Warrior+Priest_vs_Warrior+Priest,Warrior+Priest,Warrior+Priest,85,team2,kill,43.83
Warrior+Priest_vs_Warrior+Priest,Warrior+Priest,Warrior+Priest,86,team2,kill,38.27
Warrior+Priest_vs_Warrior+Priest,Warrior+Priest,Warrior+Priest,87,team1,kill,200.40
Warrior+Priest_vs_Warrior+Priest,Warrior+Priest,Warrior+Priest,88,team1,kill,45.38
Warrior+Priest_vs_Warrior+Priest,Warrior+Priest,Warrior+Priest,89,team1,kill,43.72
Warrior+Priest_vs_Warrior+Priest,Warrior+Priest,Warrior+Priest,90,team1,kill,43.77
Warrior+Priest_vs_Warrior+Priest,Warrior+Priest,Warrior+Priest,91,team1,kill,44.87
Warrior+Priest_vs_Warrior+Priest,Warrior+Priest,Warrior+Priest,92,team1,kill,179.00
Warrior+Priest_vs_Warrior+Priest,Warrior+Priest,Warrior+Priest,93,team2,kill,43.87
Warrior+Priest_vs_Warrior+Priest,Warrior+Priest,Warrior+Priest,94,team2,kill,46.93
Warrior+Priest_vs_Warrior+Priest,Warrior+Priest,Warrior+Priest,95,team1,kill,45.20
Warrior+Priest_vs_Warrior+Priest,Warrior+Priest,Warrior+Priest,96,team2,kill,44.20
Warrior+Priest_vs_Warrior+Priest,Warrior+Priest,Warrior+Priest,97,team1,kill,45.07
Warrior+Priest_vs_Warrior+Priest,Warrior+Priest,Warrior+Priest,98,team2,kill,46.53
Warrior+Priest_vs_Warrior+Priest,Warrior+Priest,Warrior+Priest,99,team2,kill,206.04
Warrior+Priest_vs_Warrior+Warlock,Warrior+Priest,Warrior+Warlock,0,team1,kill,26.20
Warrior+Priest_vs_Warrior+Warlock,Warrior+Priest,Warrior+Warlock,1,team1,kill,28.60
Warrior+Priest_vs_Warrior+Warlock,Warrior+Priest,Warrior+Warlock,2,team1,kill,24.88
Warrior+Priest_vs_Warrior+Warlock,Warrior+Priest,Warrior+Warlock,3,team1,kill,28.55
Warrior+Priest_vs_Warrior+Warlock,Warrior+Priest,Warrior+Warlock,4,team1,kill,26.93
Warrior+Priest_vs_Warrior+Warlock,Warrior+Priest,Warrior+Warlock,5,team1,kill,31.25
Warrior+Priest_vs_Warrior+Warlock,Warrior+Priest,Warrior+Warlock,6,team1,kill,28.00
Warrior+Priest_vs_Warrior+Warlock,Warrior+Priest,Warrior+Warlock,7,team1,kill,29.97
Warrior+Priest_vs_Warrior+Warlock,Warrior+Priest,Warrior+Warlock,8,team1,kill,22.63
Warrior+Priest_vs_Warrior+Warlock,Warrior+Priest,Warrior+Warlock,9,team1,kill,26.92
Warrior+Priest_vs_Warrior+Warlock,Warrior+Priest,Warrior+Warlock,10,team1,kill,30.43
Warrior+Priest_vs_Warrior+Warlock,Warrior+Priest,Warrior+Warlock,11,team1,kill,30.00
Warrior+Priest_vs_Warrior+Warlock,Warrior+Priest,Warrior+Warlock,12,team1,kill,29.43
Warrior+Priest_vs_Warrior+Warlock,Warrior+Priest,Warrior+Warlock,13,team1,kill,23.82
Warrior+Priest_vs_Warrior+Warlock,Warrior+Priest,Warrior+Warlock,14,team1,kill,29.27
Warrior+Priest_vs_Warrior+Warlock,Warrior+Priest,Warrior+Warlock,15,team1,kill,24.72
Warrior+Priest_vs_Warrior+Warlock,Warrior+Priest,Warrior+Warlock,16,team1,kill,28.18
Warrior+Priest_vs_Warrior+Warlock,Warrior+Priest,Warrior+Warlock,17,team1,kill,26.92
Warrior+Priest_vs_Warrior+Warlock,Warrior+Priest,Warrior+Warlock,18,team1,kill,27.70
Warrior+Priest_vs_Warrior+Warlock,Warrior+Priest,Warrior+Warlock,19,team1,kill,26.77
Warrior+Priest_vs_Warrior+Warlock,Warrior+Priest,Warrior+Warlock,20,team1,kill,30.75
Warrior+Priest_vs_Warrior+Warlock,Warrior+Priest,Warrior+Warlock,21,team1,kill,24.85
Warrior+Priest_vs_Warrior+Warlock,Warrior+Priest,Warrior+Warlock,22,team1,kill,26.92
Warrior+Priest_vs_Warrior+Warlock,Warrior+Priest,Warrior+Warlock,23,team1,kill,27.80
Warrior+Priest_vs_Warrior+Warlock,Warrior+Priest,Warrior+Warlock,24,team1,kill,27.80
Warrior+Priest_vs_Warrior+Warlock,Warrior+Priest,Warrior+Warlock,25,team1,kill,23.73
Warrior+Priest_vs_Warrior+Warlock,Warrior+Priest,Warrior+Warlock,26,team1,kill,26.40
Warrior+Priest_vs_Warrior+Warlock,Warrior+Priest,Warrior+Warlock,27,team1,kill,28.07
Warrior+Priest_vs_Warrior+Warlock,Warrior+Priest,Warrior+Warlock,28,team1,kill,27.55
Warrior+Priest_vs_Warrior+Warlock,Warrior+Priest,Warrior+Warlock,29,team1,kill,23.73
Warrior+Priest_vs_Warrior+Warlock,Warrior+Priest,Warrior+Warlock,30,team1,kill,25.37
Warrior+Priest_vs_Warrior+Warlock,Warrior+Priest,Warrior+Warlock,31,team1,kill,23.05
Warrior+Priest_vs_Warrior+Warlock,Warrior+Priest,Warrior+Warlock,32,team1,kill,26.35
Warrior+Priest_vs_Warrior+Warlock,Warrior+Priest,Warrior+Warlock,33,team1,kill,27.90
Warrior+Priest_vs_Warrior+Warlock,Warrior+Priest,Warrior+Warlock,34,team1,kill,28.38
Warrior+Priest_vs_Warrior+Warlock,Warrior+Priest,Warrior+Warlock,35,team1,kill,27.22
Warrior+Priest_vs_Warrior+Warlock,Warrior+Priest,Warrior+Warlock,36,team1,kill,29.43
Warrior+Priest_vs_Warrior+Warlock,Warrior+Priest,Warrior+Warlock,37,team1,kill,28.80
Warrior+Priest_vs_Warrior+Warlock,Warrior+Priest,Warrior+Warlock,38,team1,kill,25.37
Warrior+Priest_vs_Warrior+Warlock,Warrior+Priest,Warrior+Warlock,39,team1,kill,26.50
Warrior+Priest_vs_Warrior+Warlock,Warrior+Priest,Warrior+Warlock,40,team1,kill,23.97
Warrior+Priest_vs_Warrior+Warlock,Warrior+Priest,Warrior+Warlock,41,team1,kill,28.98
Warrior+Priest_vs_Warrior+Warlock,Warrior+Priest,Warrior+Warlock,42,team1,kill,26.28
Warrior+Priest_vs_Warrior+Warlock,Warrior+Priest,Warrior+Warlock,43,team1,kill,29.82
Warrior+Priest_vs_Warrior+Warlock,Warrior+Priest,Warrior+Warlock,44,team1,kill,25.80
Warrior+Priest_vs_Warrior+Warlock,Warrior+Priest,Warrior+Warlock,45,team1,kill,30.12
Warrior+Priest_vs_Warrior+Warlock,Warrior+Priest,Warrior+Warlock,46,team1,kill,28.70
Warrior+Priest_vs_Warrior+Warlock,Warrior+Priest,Warrior+Warlock,47,team1,kill,24.83
Warrior+Priest_vs_Warrior+Warlock,Warrior+Priest,Warrior+Warlock,48,team1,kill,26.92
Warrior+Priest_vs_Warrior+Warlock,Warrior+Priest,Warrior+Warlock,49,team1,kill,31.77
Warrior+Priest_vs_Warrior+Warlock,Warrior+Priest,Warrior+Warlock,50,team1,kill,26.92
Warrior+Priest_vs_Warrior+Warlock,Warrior+Priest,Warrior+Warlock,51,team1,kill,29.87
Warrior+Priest_vs_Warrior+Warlock,Warrior+Priest,Warrior+Warlock,52,team1,kill,27.50
Warrior+Priest_vs_Warrior+Warlock,Warrior+Priest,Warrior+Warlock,53,team1,kill,30.73
Warrior+Priest_vs_Warrior+Warlock,Warrior+Priest,Warrior+Warlock,54,team1,kill,27.45
Warrior+Priest_vs_Warrior+Warlock,Warrior+Priest,Warrior+Warlock,55,team1,kill,29.55
Warrior+Priest_vs_Warrior+Warlock,Warrior+Priest,Warrior+Warlock,56,team1,kill,26.92
Warrior+Priest_vs_Warrior+Warlock,Warrior+Priest,Warrior+Warlock,57,team1,kill,32.00
Warrior+Priest_vs_Warrior+Warlock,Warrior+Priest,Warrior+Warlock,58,team1,kill,26.15
Warrior+Priest_vs_Warrior+Warlock,Warrior+Priest,Warrior+Warlock,59,team1,kill,28.45
Warrior+Priest_vs_Warrior+Warlock,Warrior+Priest,Warrior+Warlock,60,team1,kill,24.65
Warrior+Priest_vs_Warrior+Warlock,Warrior+Priest,Warrior+Warlock,61,team1,kill,25.37
Warrior+Priest_vs_Warrior+Warlock,Warrior+Priest,Warrior+Warlock,62,team1,kill,25.30
Warrior+Priest_vs_Warrior+Warlock,Warrior+Priest,Warrior+Warlock,63,team1,kill,33.63
Warrior+Priest_vs_Warrior+Warlock,Warrior+Priest,Warrior+Warlock,64,team1,kill,30.23
Warrior+Priest_vs_Warrior+Warlock,Warrior+Priest,Warrior+Warlock,65,team1,kill,26.10
Warrior+Priest_vs_Warrior+Warlock,Warrior+Priest,Warrior+Warlock,66,team1,kill,30.85
Warrior+Priest_vs_Warrior+Warlock,Warrior+Priest,Warrior+Warlock,67,team1,kill,30.38
Warrior+Priest_vs_Warrior+Warlock,Warrior+Priest,Warrior+Warlock,68,team1,kill,26.92
Warrior+Priest_vs_Warrior+Warlock,Warrior+Priest,Warrior+Warlock,69,team1,kill,24.88
Warrior+Priest_vs_Warrior+Warlock,Warrior+Priest,Warrior+Warlock,70,team1,kill,28.80
Warrior+Priest_vs_Warrior+Warlock,Warrior+Priest,Warrior+Warlock,71,team1,kill,27.80
Warrior+Priest_vs_Warrior+Warlock,Warrior+Priest,Warrior+Warlock,72,team1,kill,30.75
Warrior+Priest_vs_Warrior+Warlock,Warrior+Priest,Warrior+Warlock,73,team1,kill,30.22
Warrior+Priest_vs_Warrior+Warlock,Warrior+Priest,Warrior+Warlock,74,team1,kill,31.70
Warrior+Priest_vs_Warrior+Warlock,Warrior+Priest,Warrior+Warlock,75,team1,kill,26.77
Warrior+Priest_vs_Warrior+Warlock,Warrior+Priest,Warrior+Warlock,76,team1,kill,29.42
Warrior+Priest_vs_Warrior+Warlock,Warrior+Priest,Warrior+Warlock,77,team1,kill,26.47
Warrior+Priest_vs_Warrior+Warlock,Warrior+Priest,Warrior+Warlock,78,team1,kill,24.97
Warrior+Priest_vs_Warrior+Warlock,Warrior+Priest,Warrior+Warlock,79,team1,kill,28.45
Warrior+Priest_vs_Warrior+Warlock,Warrior+Priest,Warrior+Warlock,80,team1,kill,32.73
Warrior+Priest_vs_Warrior+Warlock,Warrior+Priest,Warrior+Warlock,81,team1,kill,28.22
Warrior+Priest_vs_Warrior+Warlock,Warrior+Priest,Warrior+Warlock,82,team1,kill,26.97
Warrior+Priest_vs_Warrior+Warlock,Warrior+Priest,Warrior+Warlock,83,team1,kill,28.40
Warrior+Priest_vs_Warrior+Warlock,Warrior+Priest,Warrior+Warlock,84,team1,kill,31.77
Warrior+Priest_vs_Warrior+Warlock,Warrior+Priest,Warrior+Warlock,85,team1,kill,25.80
Warrior+Priest_vs_Warrior+Warlock,Warrior+Priest,Warrior+Warlock,86,team1,kill,25.97
Warrior+Priest_vs_Warrior+Warlock,Warrior+Priest,Warrior+Warlock,87,team1,kill,28.70
Warrior+Priest_vs_Warrior+Warlock,Warrior+Priest,Warrior+Warlock,88,team1,kill,27.42
Warrior+Priest_vs_Warrior+Warlock,Warrior+Priest,Warrior+Warlock,89,team1,kill,27.25
Warrior+Priest_vs_Warrior+Warlock,Warrior+Priest,Warrior+Warlock,90,team1,kill,29.47
Warrior+Priest_vs_Warrior+Warlock,Warrior+Priest,Warrior+Warlock,91,team1,kill,28.57
Warrior+Priest_vs_Warrior+Warlock,Warrior+Priest,Warrior+Warlock,92,team1,kill,28.07
Warrior+Priest_vs_Warrior+Warlock,Warrior+Priest,Warrior+Warlock,93,team1,kill,27.08
Warrior+Priest_vs_Warrior+Warlock,Warrior+Priest,Warrior+Warlock,94,team1,kill,34.40
Warrior+Priest_vs_Warrior+Warlock,Warrior+Priest,Warrior+Warlock,95,team1,kill,30.00
Warrior+Priest_vs_Warrior+Warlock,Warrior+Priest,Warrior+Warlock,96,team1,kill,27.67
Warrior+Priest_vs_Warrior+Warlock,Warrior+Priest,Warrior+Warlock,97,team1,kill,29.18
Warrior+Priest_vs_Warrior+Warlock,Warrior+Priest,Warrior+Warlock,98,team1,kill,25.65
Warrior+Priest_vs_Warrior+Warlock,Warrior+Priest,Warrior+Warlock,99,team1,kill,25.80
Warrior+Priest_vs_Warrior+Paladin,Warrior+Priest,Warrior+Paladin,0,team2,kill,45.38
Warrior+Priest_vs_Warrior+Paladin,Warrior+Priest,Warrior+Paladin,1,team1,kill,171.99
Warrior+Priest_vs_Warrior+Paladin,Warrior+Priest,Warrior+Paladin,2,team2,kill,47.82
Warrior+Priest_vs_Warrior+Paladin,Warrior+Priest,Warrior+Paladin,3,team1,kill,132.90
Warrior+Priest_vs_Warrior+Paladin,Warrior+Priest,Warrior+Paladin,4,team2,kill,42.15
Warrior+Priest_vs_Warrior+Paladin,Warrior+Priest,Warrior+Paladin,5,team2,kill,48.23
Warrior+Priest_vs_Warrior+Paladin,Warrior+Priest,Warrior+Paladin,6,team2,kill,43.87
Warrior+Priest_vs_Warrior+Paladin,Warrior+Priest,Warrior+Paladin,7,team2,kill,45.03
Warrior+Priest_vs_Warrior+Paladin,Warrior+Priest,Warrior+Paladin,8,team2,kill,45.38
Warrior+Priest_vs_Warrior+Paladin,Warrior+Priest,Warrior+Paladin,9,team1,kill,123.23
Warrior+Priest_vs_Warrior+Paladin,Warrior+Priest,Warrior+Paladin,10,team2,kill,50.42
Warrior+Priest_vs_Warrior+Paladin,Warrior+Priest,Warrior+Paladin,11,team2,kill,45.38
Warrior+Priest_vs_Warrior+Paladin,Warrior+Priest,Warrior+Paladin,12,team2,kill,44.60
Warrior+Priest_vs_Warrior+Paladin,Warrior+Priest,Warrior+Paladin,13,team1,kill,171.57
Warrior+Priest_vs_Warrior+Paladin,Warrior+Priest,Warrior+Paladin,14,team2,kill,45.38
Warrior+Priest_vs_Warrior+Paladin,Warrior+Priest,Warrior+Paladin,15,team2,kill,48.10
Warrior+Priest_vs_Warrior+Paladin,Warrior+Priest,Warrior+Paladin,16,team2,kill,48.58
Warrior+Priest_vs_Warrior+Paladin,Warrior+Priest,Warrior+Paladin,17,team2,kill,43.87
Warrior+Priest_vs_Warrior+Paladin,Warrior+Priest,Warrior+Paladin,18,team2,kill,46.47
Warrior+Priest_vs_Warrior+Paladin,Warrior+Priest,Warrior+Paladin,19,team2,kill,44.48
Warrior+Priest_vs_Warrior+Paladin,Warrior+Priest,Warrior+Paladin,20,team2,kill,45.02
Warrior+Priest_vs_Warrior+Paladin,Warrior+Priest,Warrior+Paladin,21,team2,kill,43.87
Warrior+Priest_vs_Warrior+Paladin,Warrior+Priest,Warrior+Paladin,22,team1,kill,185.85
Warrior+Priest_vs_Warrior+Paladin,Warrior+Priest,Warrior+Paladin,23,team1,kill,99.86
Warrior+Priest_vs_Warrior+Paladin,Warrior+Priest,Warrior+Paladin,24,team1,kill,55.18
Warrior+Priest_vs_Warrior+Paladin,Warrior+Priest,Warrior+Paladin,25,team2,kill,44.55
Warrior+Priest_vs_Warrior+Paladin,Warrior+Priest,Warrior+Paladin,26,team2,kill,43.87
Warrior+Priest_vs_Warrior+Paladin,Warrior+Priest,Warrior+Paladin,27,team2,kill,42.17
Warrior+Priest_vs_Warrior+Paladin,Warrior+Priest,Warrior+Paladin,28,team1,kill,55.27
Warrior+Priest_vs_Warrior+Paladin,Warrior+Priest,Warrior+Paladin,29,team2,kill,39.70
Warrior+Priest_vs_Warrior+Paladin,Warrior+Priest,Warrior+Paladin,30,team2,kill,44.30
Warrior+Priest_vs_Warrior+Paladin,Warrior+Priest,Warrior+Paladin,31,team2,kill,48.50
Warrior+Priest_vs_Warrior+Paladin,Warrior+Priest,Warrior+Paladin,32,team1,kill,172.55
Warrior+Priest_vs_Warrior+Paladin,Warrior+Priest,Warrior+Paladin,33,team1,kill,57.97
Warrior+Priest_vs_Warrior+Paladin,Warrior+Priest,Warrior+Paladin,34,team1,kill,180.58
Warrior+Priest_vs_Warrior+Paladin,Warrior+Priest,Warrior+Paladin,35,team2,kill,45.18
Warrior+Priest_vs_Warrior+Paladin,Warrior+Priest,Warrior+Paladin,36,team2,kill,44.05
Warrior+Priest_vs_Warrior+Paladin,Warrior+Priest,Warrior+Paladin,37,team2,kill,50.05
Warrior+Priest_vs_Warrior+Paladin,Warrior+Priest,Warrior+Paladin,38,team2,kill,44.83
Warrior+Priest_vs_Warrior+Paladin,Warrior+Priest,Warrior+Paladin,39,team2,kill,43.87
Warrior+Priest_vs_Warrior+Paladin,Warrior+Priest,Warrior+Paladin,40,team2,kill,46.30
Warrior+Priest_vs_Warrior+Paladin,Warrior+Priest,Warrior+Paladin,41,team2,kill,48.50
Warrior+Priest_vs_Warrior+Paladin,Warrior+Priest,Warrior+Paladin,42,team2,kill,44.48
Warrior+Priest_vs_Warrior+Paladin,Warrior+Priest,Warrior+Paladin,43,team2,kill,44.52
Warrior+Priest_vs_Warrior+Paladin,Warrior+Priest,Warrior+Paladin,44,team2,kill,44.60
Warrior+Priest_vs_Warrior+Paladin,Warrior+Priest,Warrior+Paladin,45,team2,kill,50.17
Warrior+Priest_vs_Warrior+Paladin,Warrior+Priest,Warrior+Paladin,46,team1,kill,59.90
Warrior+Priest_vs_Warrior+Paladin,Warrior+Priest,Warrior+Paladin,47,team1,kill,188.58
Warrior+Priest_vs_Warrior+Paladin,Warrior+Priest,Warrior+Paladin,48,team2,kill,45.38
Warrior+Priest_vs_Warrior+Paladin,Warrior+Priest,Warrior+Paladin,49,team2,kill,46.80
Warrior+Priest_vs_Warrior+Paladin,Warrior+Priest,Warrior+Paladin,50,team2,kill,45.35
Warrior+Priest_vs_Warrior+Paladin,Warrior+Priest,Warrior+Paladin,51,team1,kill,58.98
Warrior+Priest_vs_Warrior+Paladin,Warrior+Priest,Warrior+Paladin,52,team2,kill,52.77
Warrior+Priest_vs_Warrior+Paladin,Warrior+Priest,Warrior+Paladin,53,team1,kill,125.45
Warrior+Priest_vs_Warrior+Paladin,Warrior+Priest,Warrior+Paladin,54,team2,kill,45.43
Warrior+Priest_vs_Warrior+Paladin,Warrior+Priest,Warrior+Paladin,55,team2,kill,43.80
Warrior+Priest_vs_Warrior+Paladin,Warrior+Priest,Warrior+Paladin,56,team1,kill,76.97
Warrior+Priest_vs_Warrior+Paladin,Warrior+Priest,Warrior+Paladin,57,team2,kill,47.23
Warrior+Priest_vs_Warrior+Paladin,Warrior+Priest,Warrior+Paladin,58,team2,kill,43.87
Warrior+Priest_vs_Warrior+Paladin,Warrior+Priest,Warrior+Paladin,59,team2,kill,45.05
Warrior+Priest_vs_Warrior+Paladin,Warrior+Priest,Warrior+Paladin,60,team2,kill,44.85
Warrior+Priest_vs_Warrior+Paladin,Warrior+Priest,Warrior+Paladin,61,team2,kill,45.38
Warrior+Priest_vs_Warrior+Paladin,Warrior+Priest,Warrior+Paladin,62,team2,kill,45.03
Warrior+Priest_vs_Warrior+Paladin,Warrior+Priest,Warrior+Paladin,63,team2,kill,43.88
Warrior+Priest_vs_Warrior+Paladin,Warrior+Priest,Warrior+Paladin,64,team1,kill,54.40
Warrior+Priest_vs_Warrior+Paladin,Warrior+Priest,Warrior+Paladin,65,team2,kill,43.83
Warrior+Priest_vs_Warrior+Paladin,Warrior+Priest,Warrior+Paladin,66,team1,kill,168.64
Warrior+Priest_vs_Warrior+Paladin,Warrior+Priest,Warrior+Paladin,67,team1,kill,169.12
Warrior+Priest_vs_Warrior+Paladin,Warrior+Priest,Warrior+Paladin,68,team2,kill,43.35
Warrior+Priest_vs_Warrior+Paladin,Warrior+Priest,Warrior+Paladin,69,team1,kill,126.98
Warrior+Priest_vs_Warrior+Paladin,Warrior+Priest,Warrior+Paladin,70,team2,kill,44.07
Warrior+Priest_vs_Warrior+Paladin,Warrior+Priest,Warrior+Paladin,71,team2,kill,50.30
Warrior+Priest_vs_Warrior+Paladin,Warrior+Priest,Warrior+Paladin,72,team2,kill,49.05
Warrior+Priest_vs_Warrior+Paladin,Warrior+Priest,Warrior+Paladin,73,team2,kill,48.38
Warrior+Priest_vs_Warrior+Paladin,Warrior+Priest,Warrior+Paladin,74,team2,kill,47.60
Warrior+Priest_vs_Warrior+Paladin,Warrior+Priest,Warrior+Paladin,75,team2,kill,45.05
Warrior+Priest_vs_Warrior+Paladin,Warrior+Priest,Warrior+Paladin,76,team2,kill,56.45
Warrior+Priest_vs_Warrior+Paladin,Warrior+Priest,Warrior+Paladin,77,team2,kill,49.98
Warrior+Priest_vs_Warrior+Paladin,Warrior+Priest,Warrior+Paladin,78,team2,kill,43.87
Warrior+Priest_vs_Warrior+Paladin,Warrior+Priest,Warrior+Paladin,79,team1,kill,61.18
Warrior+Priest_vs_Warrior+Paladin,Warrior+Priest,Warrior+Paladin,80,team2,kill,44.33
Warrior+Priest_vs_Warrior+Paladin,Warrior+Priest,Warrior+Paladin,81,team1,kill,60.42
Warrior+Priest_vs_Warrior+Paladin,Warrior+Priest,Warrior+Paladin,82,team1,kill,112.63
Warrior+Priest_vs_Warrior+Paladin,Warrior+Priest,Warrior+Paladin,83,team2,kill,43.87
Warrior+Priest_vs_Warrior+Paladin,Warrior+Priest,Warrior+Paladin,84,team2,kill,46.32
Warrior+Priest_vs_Warrior+Paladin,Warrior+Priest,Warrior+Paladin,85,team2,kill,43.87
Warrior+Priest_vs_Warrior+Paladin,Warrior+Priest,Warrior+Paladin,86,team1,kill,54.05
Warrior+Priest_vs_Warrior+Paladin,Warrior+Priest,Warrior+Paladin,87,team2,kill,44.78
Warrior+Priest_vs_Warrior+Paladin,Warrior+Priest,Warrior+Paladin,88,team1,kill,174.20
Warrior+Priest_vs_Warrior+Paladin,Warrior+Priest,Warrior+Paladin,89,team1,kill,146.11
Warrior+Priest_vs_Warrior+Paladin,Warrior+Priest,Warrior+Paladin,90,team2,kill,43.87
Warrior+Priest_vs_Warrior+Paladin,Warrior+Priest,Warrior+Paladin,91,team1,kill,76.97
Warrior+Priest_vs_Warrior+Paladin,Warrior+Priest,Warrior+Paladin,92,team1,kill,148.26
Warrior+Priest_vs_Warrior+Paladin,Warrior+Priest,Warrior+Paladin,93,team1,kill,56.80
Warrior+Priest_vs_Warrior+Paladin,Warrior+Priest,Warrior+Paladin,94,team2,kill,44.48
Warrior+Priest_vs_Warrior+Paladin,Warrior+Priest,Warrior+Paladin,95,team2,kill,47.15
Warrior+Priest_vs_Warrior+Paladin,Warrior+Priest,Warrior+Paladin,96,team2,kill,46.18
Warrior+Priest_vs_Warrior+Paladin,Warrior+Priest,Warrior+Paladin,97,team2,kill,49.00
Warrior+Priest_vs_Warrior+Paladin,Warrior+Priest,Warrior+Paladin,98,team2,kill,44.63
Warrior+Priest_vs_Warrior+Paladin,Warrior+Priest,Warrior+Paladin,99,team2,kill,44.93
Warrior+Priest_vs_Warrior+Hunter,Warrior+Priest,Warrior+Hunter,0,team1,kill,42.27
Warrior+Priest_vs_Warrior+Hunter,Warrior+Priest,Warrior+Hunter,1,team2,kill,79.82
Warrior+Priest_vs_Warrior+Hunter,Warrior+Priest,Warrior+Hunter,2,team1,kill,36.05
Warrior+Priest_vs_Warrior+Hunter,Warrior+Priest,Warrior+Hunter,3,team1,kill,42.47
Warrior+Priest_vs_Warrior+Hunter,Warrior+Priest,Warrior+Hunter,4,team1,kill,42.12
Warrior+Priest_vs_Warrior+Hunter,Warrior+Priest,Warrior+Hunter,5,team1,kill,41.83
Warrior+Priest_vs_Warrior+Hunter,Warrior+Priest,Warrior+Hunter,6,team1,kill,37.72
Warrior+Priest_vs_Warrior+Hunter,Warrior+Priest,Warrior+Hunter,7,team1,kill,37.57
Warrior+Priest_vs_Warrior+Hunter,Warrior+Priest,Warrior+Hunter,8,team1,kill,39.88
Warrior+Priest_vs_Warrior+Hunter,Warrior+Priest,Warrior+Hunter,9,team1,kill,42.22
Warrior+Priest_vs_Warrior+Hunter,Warrior+Priest,Warrior+Hunter,10,team1,kill,39.22
Warrior+Priest_vs_Warrior+Hunter,Warrior+Priest,Warrior+Hunter,11,team1,kill,41.72
Warrior+Priest_vs_Warrior+Hunter,Warrior+Priest,Warrior+Hunter,12,team1,kill,40.82
Warrior+Priest_vs_Warrior+Hunter,Warrior+Priest,Warrior+Hunter,13,team1,kill,41.70
Warrior+Priest_vs_Warrior+Hunter,Warrior+Priest,Warrior+Hunter,14,team1,kill,40.60
Warrior+Priest_vs_Warrior+Hunter,Warrior+Priest,Warrior+Hunter,15,team1,kill,42.62
Warrior+Priest_vs_Warrior+Hunter,Warrior+Priest,Warrior+Hunter,16,team1,kill,39.28
Warrior+Priest_vs_Warrior+Hunter,Warrior+Priest,Warrior+Hunter,17,team1,kill,37.28
Warrior+Priest_vs_Warrior+Hunter,Warrior+Priest,Warrior+Hunter,18,team1,kill,39.05
Warrior+Priest_vs_Warrior+Hunter,Warrior+Priest,Warrior+Hunter,19,team1,kill,31.60
Warrior+Priest_vs_Warrior+Hunter,Warrior+Priest,Warrior+Hunter,20,team1,kill,40.80
Warrior+Priest_vs_Warrior+Hunter,Warrior+Priest,Warrior+Hunter,21,team1,kill,40.73
Warrior+Priest_vs_Warrior+Hunter,Warrior+Priest,Warrior+Hunter,22,team1,kill,37.92
Warrior+Priest_vs_Warrior+Hunter,Warrior+Priest,Warrior+Hunter,23,team1,kill,42.43
Warrior+Priest_vs_Warrior+Hunter,Warrior+Priest,Warrior+Hunter,24,team1,kill,38.05
Warrior+Priest_vs_Warrior+Hunter,Warrior+Priest,Warrior+Hunter,25,team1,kill,42.43
Warrior+Priest_vs_Warrior+Hunter,Warrior+Priest,Warrior+Hunter,26,team1,kill,36.05
Warrior+Priest_vs_Warrior+Hunter,Warrior+Priest,Warrior+Hunter,27,team1,kill,38.07
Warrior+Priest_vs_Warrior+Hunter,Warrior+Priest,Warrior+Hunter,28,team1,kill,33.07
Warrior+Priest_vs_Warrior+Hunter,Warrior+Priest,Warrior+Hunter,29,team1,kill,44.13
Warrior+Priest_vs_Warrior+Hunter,Warrior+Priest,Warrior+Hunter,30,team1,kill,37.93
Warrior+Priest_vs_Warrior+Hunter,Warrior+Priest,Warrior+Hunter,31,team1,kill,39.88
Warrior+Priest_vs_Warrior+Hunter,Warrior+Priest,Warrior+Hunter,32,team1,kill,43.12
Warrior+Priest_vs_Warrior+Hunter,Warrior+Priest,Warrior+Hunter,33,team1,kill,36.12
Warrior+Priest_vs_Warrior+Hunter,Warrior+Priest,Warrior+Hunter,34,team1,kill,34.00
Warrior+Priest_vs_Warrior+Hunter,Warrior+Priest,Warrior+Hunter,35,team1,kill,40.60
Warrior+Priest_vs_Warrior+Hunter,Warrior+Priest,Warrior+Hunter,36,team1,kill,39.28
Warrior+Priest_vs_Warrior+Hunter,Warrior+Priest,Warrior+Hunter,37,team1,kill,31.80
Warrior+Priest_vs_Warrior+Hunter,Warrior+Priest,Warrior+Hunter,38,team1,kill,41.27
Warrior+Priest_vs_Warrior+Hunter,Warrior+Priest,Warrior+Hunter,39,team1,kill,32.48
Warrior+Priest_vs_Warrior+Hunter,Warrior+Priest,Warrior+Hunter,40,team1,kill,39.87
Warrior+Priest_vs_Warrior+Hunter,Warrior+Priest,Warrior+Hunter,41,team1,kill,42.20
Warrior+Priest_vs_Warrior+Hunter,Warrior+Priest,Warrior+Hunter,42,team1,kill,40.60
Warrior+Priest_vs_Warrior+Hunter,Warrior+Priest,Warrior+Hunter,43,team1,kill,40.78
Warrior+Priest_vs_Warrior+Hunter,Warrior+Priest,Warrior+Hunter,44,team1,kill,36.33
Warrior+Priest_vs_Warrior+Hunter,Warrior+Priest,Warrior+Hunter,45,team1,kill,41.53
Warrior+Priest_vs_Warrior+Hunter,Warrior+Priest,Warrior+Hunter,46,team1,kill,42.43
Warrior+Priest_vs_Warrior+Hunter,Warrior+Priest,Warrior+Hunter,47,team1,kill,41.85
Warrior+Priest_vs_Warrior+Hunter,Warrior+Priest,Warrior+Hunter,48,team1,kill,40.80
Warrior+Priest_vs_Warrior+Hunter,Warrior+Priest,Warrior+Hunter,49,team1,kill,41.52
Warrior+Priest_vs_Warrior+Hunter,Warrior+Priest,Warrior+Hunter,50,team1,kill,38.63
Warrior+Priest_vs_Warrior+Hunter,Warrior+Priest,Warrior+Hunter,51,team1,kill,41.70
Warrior+Priest_vs_Warrior+Hunter,Warrior+Priest,Warrior+Hunter,52,team1,kill,31.60
Warrior+Priest_vs_Warrior+Hunter,Warrior+Priest,Warrior+Hunter,53,team1,kill,42.43
Warrior+Priest_vs_Warrior+Hunter,Warrior+Priest,Warrior+Hunter,54,team1,kill,43.82
Warrior+Priest_vs_Warrior+Hunter,Warrior+Priest,Warrior+Hunter,55,team1,kill,36.05
Warrior+Priest_vs_Warrior+Hunter,Warrior+Priest,Warrior+Hunter,56,team1,kill,36.33
Warrior+Priest_vs_Warrior+Hunter,Warrior+Priest,Warrior+Hunter,57,team1,kill,39.88
Warrior+Priest_vs_Warrior+Hunter,Warrior+Priest,Warrior+Hunter,58,team1,kill,39.28
Warrior+Priest_vs_Warrior+Hunter,Warrior+Priest,Warrior+Hunter,59,team1,kill,41.25
Warrior+Priest_vs_Warrior+Hunter,Warrior+Priest,Warrior+Hunter,60,team1,kill,32.77
Warrior+Priest_vs_Warrior+Hunter,Warrior+Priest,Warrior+Hunter,61,team1,kill,39.28
Warrior+Priest_vs_Warrior+Hunter,Warrior+Priest,Warrior+Hunter,62,team1,kill,41.52
Warrior+Priest_vs_Warrior+Hunter,Warrior+Priest,Warrior+Hunter,63,team1,kill,36.05
Warrior+Priest_vs_Warrior+Hunter,Warrior+Priest,Warrior+Hunter,64,team1,kill,40.60
Warrior+Priest_vs_Warrior+Hunter,Warrior+Priest,Warrior+Hunter,65,team1,kill,36.20
Warrior+Priest_vs_Warrior+Hunter,Warrior+Priest,Warrior+Hunter,66,team1,kill,41.72
Warrior+Priest_vs_Warrior+Hunter,Warrior+Priest,Warrior+Hunter,67,team1,kill,40.75
Warrior+Priest_vs_Warrior+Hunter,Warrior+Priest,Warrior+Hunter,68,team1,kill,42.10
Warrior+Priest_vs_Warrior+Hunter,Warrior+Priest,Warrior+Hunter,69,team1,kill,36.05
Warrior+Priest_vs_Warrior+Hunter,Warrior+Priest,Warrior+Hunter,70,team1,kill,40.77
Warrior+Priest_vs_Warrior+Hunter,Warrior+Priest,Warrior+Hunter,71,team1,kill,66.02
Warrior+Priest_vs_Warrior+Hunter,Warrior+Priest,Warrior+Hunter,72,team1,kill,41.72
Warrior+Priest_vs_Warrior+Hunter,Warrior+Priest,Warrior+Hunter,73,team1,kill,42.60
Warrior+Priest_vs_Warrior+Hunter,Warrior+Priest,Warrior+Hunter,74,team1,kill,36.05
Warrior+Priest_vs_Warrior+Hunter,Warrior+Priest,Warrior+Hunter,75,team1,kill,38.63
Warrior+Priest_vs_Warrior+Hunter,Warrior+Priest,Warrior+Hunter,76,team1,kill,42.45
Warrior+Priest_vs_Warrior+Hunter,Warrior+Priest,Warrior+Hunter,77,team1,kill,41.28
Warrior+Priest_vs_Warrior+Hunter,Warrior+Priest,Warrior+Hunter,78,team1,kill,40.60
Warrior+Priest_vs_Warrior+Hunter,Warrior+Priest,Warrior+Hunter,79,team1,kill,32.17
Warrior+Priest_vs_Warrior+Hunter,Warrior+Priest,Warrior+Hunter,80,team1,kill,34.67
Warrior+Priest_vs_Warrior+Hunter,Warrior+Priest,Warrior+Hunter,81,team1,kill,36.05
Warrior+Priest_vs_Warrior+Hunter,Warrior+Priest,Warrior+Hunter,82,team1,kill,42.57
Warrior+Priest_vs_Warrior+Hunter,Warrior+Priest,Warrior+Hunter,83,team1,kill,40.60
Warrior+Priest_vs_Warrior+Hunter,Warrior+Priest,Warrior+Hunter,84,team1,kill,36.25
Warrior+Priest_vs_Warrior+Hunter,Warrior+Priest,Warrior+Hunter,85,team1,kill,37.57
Warrior+Priest_vs_Warrior+Hunter,Warrior+Priest,Warrior+Hunter,86,team1,kill,41.27
Warrior+Priest_vs_Warrior+Hunter,Warrior+Priest,Warrior+Hunter,87,team1,kill,36.20
Warrior+Priest_vs_Warrior+Hunter,Warrior+Priest,Warrior+Hunter,88,team1,kill,36.05
Warrior+Priest_vs_Warrior+Hunter,Warrior+Priest,Warrior+Hunter,89,team1,kill,41.88
Warrior+Priest_vs_Warrior+Hunter,Warrior+Priest,Warrior+Hunter,90,team1,kill,40.75
Warrior+Priest_vs_Warrior+Hunter,Warrior+Priest,Warrior+Hunter,91,team1,kill,36.07
Warrior+Priest_vs_Warrior+Hunter,Warrior+Priest,Warrior+Hunter,92,team1,kill,42.27
Warrior+Priest_vs_Warrior+Hunter,Warrior+Priest,Warrior+Hunter,93,team1,kill,42.43
Warrior+Priest_vs_Warrior+Hunter,Warrior+Priest,Warrior+Hunter,94,team1,kill,42.27
Warrior+Priest_vs_Warrior+Hunter,Warrior+Priest,Warrior+Hunter,95,team1,kill,42.47
Warrior+Priest_vs_Warrior+Hunter,Warrior+Priest,Warrior+Hunter,96,team1,kill,41.72
Warrior+Priest_vs_Warrior+Hunter,Warrior+Priest,Warrior+Hunter,97,team1,kill,31.87
Warrior+Priest_vs_Warrior+Hunter,Warrior+Priest,Warrior+Hunter,98,team1,kill,43.35
Warrior+Priest_vs_Warrior+Hunter,Warrior+Priest,Warrior+Hunter,99,team1,kill,42.12
Warrior+Priest_vs_Warrior+Shaman,Warrior+Priest,Warrior+Shaman,0,team1,kill,43.30
Warrior+Priest_vs_Warrior+Shaman,Warrior+Priest,Warrior+Shaman,1,team1,kill,43.87
Warrior+Priest_vs_Warrior+Shaman,Warrior+Priest,Warrior+Shaman,2,team1,kill,43.87
Warrior+Priest_vs_Warrior+Shaman,Warrior+Priest,Warrior+Shaman,3,team2,kill,42.12
Warrior+Priest_vs_Warrior+Shaman,Warrior+Priest,Warrior+Shaman,4,team1,kill,172.15
Warrior+Priest_vs_Warrior+Shaman,Warrior+Priest,Warrior+Shaman,5,team2,kill,39.97
Warrior+Priest_vs_Warrior+Shaman,Warrior+Priest,Warrior+Shaman,6,team2,kill,34.12
Warrior+Priest_vs_Warrior+Shaman,Warrior+Priest,Warrior+Shaman,7,team2,kill,32.98
Warrior+Priest_vs_Warrior+Shaman,Warrior+Priest,Warrior+Shaman,8,team2,kill,36.73
Warrior+Priest_vs_Warrior+Shaman,Warrior+Priest,Warrior+Shaman,9,team1,kill,38.97
Warrior+Priest_vs_Warrior+Shaman,Warrior+Priest,Warrior+Shaman,10,team1,kill,43.75
Warrior+Priest_vs_Warrior+Shaman,Warrior+Priest,Warrior+Shaman,11,team1,kill,31.73
Warrior+Priest_vs_Warrior+Shaman,Warrior+Priest,Warrior+Shaman,12,team2,kill,38.02
Warrior+Priest_vs_Warrior+Shaman,Warrior+Priest,Warrior+Shaman,13,team1,kill,41.92
Warrior+Priest_vs_Warrior+Shaman,Warrior+Priest,Warrior+Shaman,14,team1,kill,35.90
Warrior+Priest_vs_Warrior+Shaman,Warrior+Priest,Warrior+Shaman,15,team2,kill,31.70
Warrior+Priest_vs_Warrior+Shaman,Warrior+Priest,Warrior+Shaman,16,team2,kill,38.32
Warrior+Priest_vs_Warrior+Shaman,Warrior+Priest,Warrior+Shaman,17,team1,kill,46.13
Warrior+Priest_vs_Warrior+Shaman,Warrior+Priest,Warrior+Shaman,18,team1,kill,168.95
Warrior+Priest_vs_Warrior+Shaman,Warrior+Priest,Warrior+Shaman,19,team2,kill,32.95
Warrior+Priest_vs_Warrior+Shaman,Warrior+Priest,Warrior+Shaman,20,team2,kill,31.45
Warrior+Priest_vs_Warrior+Shaman,Warrior+Priest,Warrior+Shaman,21,team1,kill,39.42
Warrior+Priest_vs_Warrior+Shaman,Warrior+Priest,Warrior+Shaman,22,team1,kill,52.67
Warrior+Priest_vs_Warrior+Shaman,Warrior+Priest,Warrior+Shaman,23,team1,kill,36.40
Warrior+Priest_vs_Warrior+Shaman,Warrior+Priest,Warrior+Shaman,24,team1,kill,40.20
Warrior+Priest_vs_Warrior+Shaman,Warrior+Priest,Warrior+Shaman,25,team1,kill,34.07
Warrior+Priest_vs_Warrior+Shaman,Warrior+Priest,Warrior+Shaman,26,team1,kill,37.80
Warrior+Priest_vs_Warrior+Shaman,Warrior+Priest,Warrior+Shaman,27,team1,kill,43.92
Warrior+Priest_vs_Warrior+Shaman,Warrior+Priest,Warrior+Shaman,28,team1,kill,44.12
Warrior+Priest_vs_Warrior+Shaman,Warrior+Priest,Warrior+Shaman,29,team1,kill,43.87
Warrior+Priest_vs_Warrior+Shaman,Warrior+Priest,Warrior+Shaman,30,team1,kill,32.70
Warrior+Priest_vs_Warrior+Shaman,Warrior+Priest,Warrior+Shaman,31,team2,kill,36.42
Warrior+Priest_vs_Warrior+Shaman,Warrior+Priest,Warrior+Shaman,32,team1,kill,40.40
Warrior+Priest_vs_Warrior+Shaman,Warrior+Priest,Warrior+Shaman,33,team1,kill,143.64
Warrior+Priest_vs_Warrior+Shaman,Warrior+Priest,Warrior+Shaman,34,team1,kill,33.07
Warrior+Priest_vs_Warrior+Shaman,Warrior+Priest,Warrior+Shaman,35,team1,kill,34.75
Warrior+Priest_vs_Warrior+Shaman,Warrior+Priest,Warrior+Shaman,36,team2,kill,38.85
Warrior+Priest_vs_Warrior+Shaman,Warrior+Priest,Warrior+Shaman,37,team1,kill,40.93
Warrior+Priest_vs_Warrior+Shaman,Warrior+Priest,Warrior+Shaman,38,team1,kill,39.32
Warrior+Priest_vs_Warrior+Shaman,Warrior+Priest,Warrior+Shaman,39,team1,kill,40.80
Warrior+Priest_vs_Warrior+Shaman,Warrior+Priest,Warrior+Shaman,40,team2,kill,36.93
Warrior+Priest_vs_Warrior+Shaman,Warrior+Priest,Warrior+Shaman,41,team2,kill,38.80
Warrior+Priest_vs_Warrior+Shaman,Warrior+Priest,Warrior+Shaman,42,team1,kill,35.75
Warrior+Priest_vs_Warrior+Shaman,Warrior+Priest,Warrior+Shaman,43,team2,kill,146.99
Warrior+Priest_vs_Warrior+Shaman,Warrior+Priest,Warrior+Shaman,44,team1,kill,43.93
Warrior+Priest_vs_Warrior+Shaman,Warrior+Priest,Warrior+Shaman,45,team1,kill,40.83
Warrior+Priest_vs_Warrior+Shaman,Warrior+Priest,Warrior+Shaman,46,team1,kill,161.92
Warrior+Priest_vs_Warrior+Shaman,Warrior+Priest,Warrior+Shaman,47,team1,kill,34.43
Warrior+Priest_vs_Warrior+Shaman,Warrior+Priest,Warrior+Shaman,48,team1,kill,134.14
Warrior+Priest_vs_Warrior+Shaman,Warrior+Priest,Warrior+Shaman,49,team1,kill,37.80
Warrior+Priest_vs_Warrior+Shaman,Warrior+Priest,Warrior+Shaman,50,team1,kill,37.80
Warrior+Priest_vs_Warrior+Shaman,Warrior+Priest,Warrior+Shaman,51,team2,kill,165.82
Warrior+Priest_vs_Warrior+Shaman,Warrior+Priest,Warrior+Shaman,52,team1,kill,40.83
Warrior+Priest_vs_Warrior+Shaman,Warrior+Priest,Warrior+Shaman,53,team1,kill,40.95
Warrior+Priest_vs_Warrior+Shaman,Warrior+Priest,Warrior+Shaman,54,team1,kill,138.04
Warrior+Priest_vs_Warrior+Shaman,Warrior+Priest,Warrior+Shaman,55,team2,kill,37.10
Warrior+Priest_vs_Warrior+Shaman,Warrior+Priest,Warrior+Shaman,56,team1,kill,57.28
Warrior+Priest_vs_Warrior+Shaman,Warrior+Priest,Warrior+Shaman,57,team1,kill,39.32
Warrior+Priest_vs_Warrior+Shaman,Warrior+Priest,Warrior+Shaman,58,team1,kill,33.63
Warrior+Priest_vs_Warrior+Shaman,Warrior+Priest,Warrior+Shaman,59,team2,kill,36.00
Warrior+Priest_vs_Warrior+Shaman,Warrior+Priest,Warrior+Shaman,60,team1,kill,43.87
Warrior+Priest_vs_Warrior+Shaman,Warrior+Priest,Warrior+Shaman,61,team2,kill,29.57
Warrior+Priest_vs_Warrior+Shaman,Warrior+Priest,Warrior+Shaman,62,team1,kill,40.35
Warrior+Priest_vs_Warrior+Shaman,Warrior+Priest,Warrior+Shaman,63,team2,kill,33.03
Warrior+Priest_vs_Warrior+Shaman,Warrior+Priest,Warrior+Shaman,64,team1,kill,36.70
Warrior+Priest_vs_Warrior+Shaman,Warrior+Priest,Warrior+Shaman,65,team2,kill,36.08
Warrior+Priest_vs_Warrior+Shaman,Warrior+Priest,Warrior+Shaman,66,team1,kill,40.28
Warrior+Priest_vs_Warrior+Shaman,Warrior+Priest,Warrior+Shaman,67,team2,kill,37.80
Warrior+Priest_vs_Warrior+Shaman,Warrior+Priest,Warrior+Shaman,68,team2,kill,39.92
Warrior+Priest_vs_Warrior+Shaman,Warrior+Priest,Warrior+Shaman,69,team1,kill,49.55
Warrior+Priest_vs_Warrior+Shaman,Warrior+Priest,Warrior+Shaman,70,team1,kill,62.27
Warrior+Priest_vs_Warrior+Shaman,Warrior+Priest,Warrior+Shaman,71,team1,kill,38.28
Warrior+Priest_vs_Warrior+Shaman,Warrior+Priest,Warrior+Shaman,72,team2,kill,157.82
Warrior+Priest_vs_Warrior+Shaman,Warrior+Priest,Warrior+Shaman,73,team1,kill,45.92
Warrior+Priest_vs_Warrior+Shaman,Warrior+Priest,Warrior+Shaman,74,team2,kill,36.33
Warrior+Priest_vs_Warrior+Shaman,Warrior+Priest,Warrior+Shaman,75,team1,kill,51.87
Warrior+Priest_vs_Warrior+Shaman,Warrior+Priest,Warrior+Shaman,76,team2,kill,39.43
Warrior+Priest_vs_Warrior+Shaman,Warrior+Priest,Warrior+Shaman,77,team1,kill,34.10
Warrior+Priest_vs_Warrior+Shaman,Warrior+Priest,Warrior+Shaman,78,team1,kill,43.90
Warrior+Priest_vs_Warrior+Shaman,Warrior+Priest,Warrior+Shaman,79,team1,kill,43.17
Warrior+Priest_vs_Warrior+Shaman,Warrior+Priest,Warrior+Shaman,80,team2,kill,158.14
Warrior+Priest_vs_Warrior+Shaman,Warrior+Priest,Warrior+Shaman,81,team2,kill,32.57
Warrior+Priest_vs_Warrior+Shaman,Warrior+Priest,Warrior+Shaman,82,team1,kill,165.99
Warrior+Priest_vs_Warrior+Shaman,Warrior+Priest,Warrior+Shaman,83,team1,kill,37.87
Warrior+Priest_vs_Warrior+Shaman,Warrior+Priest,Warrior+Shaman,84,team2,kill,41.88
Warrior+Priest_vs_Warrior+Shaman,Warrior+Priest,Warrior+Shaman,85,team2,kill,34.88
Warrior+Priest_vs_Warrior+Shaman,Warrior+Priest,Warrior+Shaman,86,team1,kill,40.83
Warrior+Priest_vs_Warrior+Shaman,Warrior+Priest,Warrior+Shaman,87,team2,kill,37.40
Warrior+Priest_vs_Warrior+Shaman,Warrior+Priest,Warrior+Shaman,88,team1,kill,38.00
Warrior+Priest_vs_Warrior+Shaman,Warrior+Priest,Warrior+Shaman,89,team1,kill,41.50
Warrior+Priest_vs_Warrior+Shaman,Warrior+Priest,Warrior+Shaman,90,team2,kill,41.12
Warrior+Priest_vs_Warrior+Shaman,Warrior+Priest,Warrior+Shaman,91,team1,kill,169.24
Warrior+Priest_vs_Warrior+Shaman,Warrior+Priest,Warrior+Shaman,92,team1,kill,37.07
Warrior+Priest_vs_Warrior+Shaman,Warrior+Priest,Warrior+Shaman,93,team1,kill,38.18
Warrior+Priest_vs_Warrior+Shaman,Warrior+Priest,Warrior+Shaman,94,team1,kill,39.02
Warrior+Priest_vs_Warrior+Shaman,Warrior+Priest,Warrior+Shaman,95,team1,kill,63.30
Warrior+Priest_vs_Warrior+Shaman,Warrior+Priest,Warrior+Shaman,96,team1,kill,43.87
Warrior+Priest_vs_Warrior+Shaman,Warrior+Priest,Warrior+Shaman,97,team1,kill,37.48
Warrior+Priest_vs_Warrior+Shaman,Warrior+Priest,Warrior+Shaman,98,team2,kill,29.77
Warrior+Priest_vs_Warrior+Shaman,Warrior+Priest,Warrior+Shaman,99,team1,kill,43.87
Warrior+Priest_vs_Mage+Rogue,Warrior+Priest,Mage+Rogue,0,team2,kill,18.12
Warrior+Priest_vs_Mage+Rogue,Warrior+Priest,Mage+Rogue,1,team2,kill,20.32
Warrior+Priest_vs_Mage+Rogue,Warrior+Priest,Mage+Rogue,2,team2,kill,20.32
Warrior+Priest_vs_Mage+Rogue,Warrior+Priest,Mage+Rogue,3,team2,kill,19.65
Warrior+Priest_vs_Mage+Rogue,Warrior+Priest,Mage+Rogue,4,team2,kill,18.12
Warrior+Priest_vs_Mage+Rogue,Warrior+Priest,Mage+Rogue,5,team2,kill,18.12
Warrior+Priest_vs_Mage+Rogue,Warrior+Priest,Mage+Rogue,6,team2,kill,20.12
Warrior+Priest_vs_Mage+Rogue,Warrior+Priest,Mage+Rogue,7,team2,kill,19.65
Warrior+Priest_vs_Mage+Rogue,Warrior+Priest,Mage+Rogue,8,team2,kill,19.65
Warrior+Priest_vs_Mage+Rogue,Warrior+Priest,Mage+Rogue,9,team2,kill,20.32
Warrior+Priest_vs_Mage+Rogue,Warrior+Priest,Mage+Rogue,10,team2,kill,19.65
Warrior+Priest_vs_Mage+Rogue,Warrior+Priest,Mage+Rogue,11,team2,kill,20.32
Warrior+Priest_vs_Mage+Rogue,Warrior+Priest,Mage+Rogue,12,team2,kill,20.12
Warrior+Priest_vs_Mage+Rogue,Warrior+Priest,Mage+Rogue,13,team2,kill,19.65
Warrior+Priest_vs_Mage+Rogue,Warrior+Priest,Mage+Rogue,14,team2,kill,19.65
Warrior+Priest_vs_Mage+Rogue,Warrior+Priest,Mage+Rogue,15,team2,kill,20.32
Warrior+Priest_vs_Mage+Rogue,Warrior+Priest,Mage+Rogue,16,team2,kill,20.32
Warrior+Priest_vs_Mage+Rogue,Warrior+Priest,Mage+Rogue,17,team2,kill,17.45
Warrior+Priest_vs_Mage+Rogue,Warrior+Priest,Mage+Rogue,18,team2,kill,20.32
Warrior+Priest_vs_Mage+Rogue,Warrior+Priest,Mage+Rogue,19,team2,kill,20.32
Warrior+Priest_vs_Mage+Rogue,Warrior+Priest,Mage+Rogue,20,team2,kill,19.65
Warrior+Priest_vs_Mage+Rogue,Warrior+Priest,Mage+Rogue,21,team2,kill,20.32
Warrior+Priest_vs_Mage+Rogue,Warrior+Priest,Mage+Rogue,22,team2,kill,18.12
Warrior+Priest_vs_Mage+Rogue,Warrior+Priest,Mage+Rogue,23,team2,kill,18.12
Warrior+Priest_vs_Mage+Rogue,Warrior+Priest,Mage+Rogue,24,team2,kill,19.65
Warrior+Priest_vs_Mage+Rogue,Warrior+Priest,Mage+Rogue,25,team2,kill,19.65
Warrior+Priest_vs_Mage+Rogue,Warrior+Priest,Mage+Rogue,26,team2,kill,18.18
Warrior+Priest_vs_Mage+Rogue,Warrior+Priest,Mage+Rogue,27,team2,kill,19.65
Warrior+Priest_vs_Mage+Rogue,Warrior+Priest,Mage+Rogue,28,team2,kill,19.65
Warrior+Priest_vs_Mage+Rogue,Warrior+Priest,Mage+Rogue,29,team2,kill,19.65
Warrior+Priest_vs_Mage+Rogue,Warrior+Priest,Mage+Rogue,30,team2,kill,18.12
Warrior+Priest_vs_Mage+Rogue,Warrior+Priest,Mage+Rogue,31,team2,kill,20.32
Warrior+Priest_vs_Mage+Rogue,Warrior+Priest,Mage+Rogue,32,team2,kill,19.65
Warrior+Priest_vs_Mage+Rogue,Warrior+Priest,Mage+Rogue,33,team2,kill,20.32
Warrior+Priest_vs_Mage+Rogue,Warrior+Priest,Mage+Rogue,34,team2,kill,19.65
Warrior+Priest_vs_Mage+Rogue,Warrior+Priest,Mage+Rogue,35,team2,kill,19.65
Warrior+Priest_vs_Mage+Rogue,Warrior+Priest,Mage+Rogue,36,team2,kill,17.07
Warrior+Priest_vs_Mage+Rogue,Warrior+Priest,Mage+Rogue,37,team2,kill,19.65
Warrior+Priest_vs_Mage+Rogue,Warrior+Priest,Mage+Rogue,38,team2,kill,19.65
Warrior+Priest_vs_Mage+Rogue,Warrior+Priest,Mage+Rogue,39,team2,kill,19.65
Warrior+Priest_vs_Mage+Rogue,Warrior+Priest,Mage+Rogue,40,team2,kill,20.32
Warrior+Priest_vs_Mage+Rogue,Warrior+Priest,Mage+Rogue,41,team2,kill,20.32
Warrior+Priest_vs_Mage+Rogue,Warrior+Priest,Mage+Rogue,42,team2,kill,19.65
Warrior+Priest_vs_Mage+Rogue,Warrior+Priest,Mage+Rogue,43,team2,kill,19.65
Warrior+Priest_vs_Mage+Rogue,Warrior+Priest,Mage+Rogue,44,team2,kill,19.65
Warrior+Priest_vs_Mage+Rogue,Warrior+Priest,Mage+Rogue,45,team2,kill,19.65
Warrior+Priest_vs_Mage+Rogue,Warrior+Priest,Mage+Rogue,46,team2,kill,18.78
Warrior+Priest_vs_Mage+Rogue,Warrior+Priest,Mage+Rogue,47,team2,kill,20.32
Warrior+Priest_vs_Mage+Rogue,Warrior+Priest,Mage+Rogue,48,team2,kill,19.65
Warrior+Priest_vs_Mage+Rogue,Warrior+Priest,Mage+Rogue,49,team2,kill,20.12
Warrior+Priest_vs_Mage+Rogue,Warrior+Priest,Mage+Rogue,50,team2,kill,18.78
Warrior+Priest_vs_Mage+Rogue,Warrior+Priest,Mage+Rogue,51,team2,kill,19.65
Warrior+Priest_vs_Mage+Rogue,Warrior+Priest,Mage+Rogue,52,team2,kill,19.65
Warrior+Priest_vs_Mage+Rogue,Warrior+Priest,Mage+Rogue,53,team2,kill,19.65
Warrior+Priest_vs_Mage+Rogue,Warrior+Priest,Mage+Rogue,54,team2,kill,19.63
Warrior+Priest_vs_Mage+Rogue,Warrior+Priest,Mage+Rogue,55,team2,kill,19.65
Warrior+Priest_vs_Mage+Rogue,Warrior+Priest,Mage+Rogue,56,team2,kill,20.32
Warrior+Priest_vs_Mage+Rogue,Warrior+Priest,Mage+Rogue,57,team2,kill,20.32
Warrior+Priest_vs_Mage+Rogue,Warrior+Priest,Mage+Rogue,58,team2,kill,19.65
Warrior+Priest_vs_Mage+Rogue,Warrior+Priest,Mage+Rogue,59,team2,kill,19.65
Warrior+Priest_vs_Mage+Rogue,Warrior+Priest,Mage+Rogue,60,team2,kill,20.32
Warrior+Priest_vs_Mage+Rogue,Warrior+Priest,Mage+Rogue,61,team2,kill,20.32
Warrior+Priest_vs_Mage+Rogue,Warrior+Priest,Mage+Rogue,62,team2,kill,20.12
Warrior+Priest_vs_Mage+Rogue,Warrior+Priest,Mage+Rogue,63,team2,kill,19.65
Warrior+Priest_vs_Mage+Rogue,Warrior+Priest,Mage+Rogue,64,team2,kill,18.12
Warrior+Priest_vs_Mage+Rogue,Warrior+Priest,Mage+Rogue,65,team2,kill,20.32
Warrior+Priest_vs_Mage+Rogue,Warrior+Priest,Mage+Rogue,66,team2,kill,18.12
Warrior+Priest_vs_Mage+Rogue,Warrior+Priest,Mage+Rogue,67,team2,kill,19.65
Warrior+Priest_vs_Mage+Rogue,Warrior+Priest,Mage+Rogue,68,team2,kill,19.65
Warrior+Priest_vs_Mage+Rogue,Warrior+Priest,Mage+Rogue,69,team2,kill,18.78
Warrior+Priest_vs_Mage+Rogue,Warrior+Priest,Mage+Rogue,70,team2,kill,19.65
Warrior+Priest_vs_Mage+Rogue,Warrior+Priest,Mage+Rogue,71,team2,kill,20.32
Warrior+Priest_vs_Mage+Rogue,Warrior+Priest,Mage+Rogue,72,team2,kill,18.12
Warrior+Priest_vs_Mage+Rogue,Warrior+Priest,Mage+Rogue,73,team2,kill,19.65
Warrior+Priest_vs_Mage+Rogue,Warrior+Priest,Mage+Rogue,74,team2,kill,20.32
Warrior+Priest_vs_Mage+Rogue,Warrior+Priest,Mage+Rogue,75,team2,kill,20.32
Warrior+Priest_vs_Mage+Rogue,Warrior+Priest,Mage+Rogue,76,team2,kill,20.32
Warrior+Priest_vs_Mage+Rogue,Warrior+Priest,Mage+Rogue,77,team2,kill,19.65
Warrior+Priest_vs_Mage+Rogue,Warrior+Priest,Mage+Rogue,78,team2,kill,20.32
Warrior+Priest_vs_Mage+Rogue,Warrior+Priest,Mage+Rogue,79,team2,kill,19.63
Warrior+Priest_vs_Mage+Rogue,Warrior+Priest,Mage+Rogue,80,team2,kill,19.65
Warrior+Priest_vs_Mage+Rogue,Warrior+Priest,Mage+Rogue,81,team2,kill,20.32
Warrior+Priest_vs_Mage+Rogue,Warrior+Priest,Mage+Rogue,82,team2,kill,19.63
Warrior+Priest_vs_Mage+Rogue,Warrior+Priest,Mage+Rogue,83,team2,kill,19.63
Warrior+Priest_vs_Mage+Rogue,Warrior+Priest,Mage+Rogue,84,team2,kill,19.65
Warrior+Priest_vs_Mage+Rogue,Warrior+Priest,Mage+Rogue,85,team2,kill,20.32
Warrior+Priest_vs_Mage+Rogue,Warrior+Priest,Mage+Rogue,86,team2,kill,19.67
Warrior+Priest_vs_Mage+Rogue,Warrior+Priest,Mage+Rogue,87,team2,kill,19.63
Warrior+Priest_vs_Mage+Rogue,Warrior+Priest,Mage+Rogue,88,team2,kill,19.65
Warrior+Priest_vs_Mage+Rogue,Warrior+Priest,Mage+Rogue,89,team2,kill,18.12
Warrior+Priest_vs_Mage+Rogue,Warrior+Priest,Mage+Rogue,90,team2,kill,18.12
Warrior+Priest_vs_Mage+Rogue,Warrior+Priest,Mage+Rogue,91,team2,kill,19.65
Warrior+Priest_vs_Mage+Rogue,Warrior+Priest,Mage+Rogue,92,team2,kill,19.65
Warrior+Priest_vs_Mage+Rogue,Warrior+Priest,Mage+Rogue,93,team2,kill,19.65
Warrior+Priest_vs_Mage+Rogue,Warrior+Priest,Mage+Rogue,94,team2,kill,19.63
Warrior+Priest_vs_Mage+Rogue,Warrior+Priest,Mage+Rogue,95,team2,kill,19.65
Warrior+Priest_vs_Mage+Rogue,Warrior+Priest,Mage+Rogue,96,team2,kill,19.65
Warrior+Priest_vs_Mage+Rogue,Warrior+Priest,Mage+Rogue,97,team2,kill,18.12
Warrior+Priest_vs_Mage+Rogue,Warrior+Priest,Mage+Rogue,98,team2,kill,20.32
Warrior+Priest_vs_Mage+Rogue,Warrior+Priest,Mage+Rogue,99,team2,kill,19.65
Warrior+Priest_vs_Mage+Priest,Warrior+Priest,Mage+Priest,0,team2,kill,34.35
Warrior+Priest_vs_Mage+Priest,Warrior+Priest,Mage+Priest,1,team2,kill,44.63
Warrior+Priest_vs_Mage+Priest,Warrior+Priest,Mage+Priest,2,team2,kill,35.58
Warrior+Priest_vs_Mage+Priest,Warrior+Priest,Mage+Priest,3,team1,kill,48.78
Warrior+Priest_vs_Mage+Priest,Warrior+Priest,Mage+Priest,4,team2,kill,38.33
Warrior+Priest_vs_Mage+Priest,Warrior+Priest,Mage+Priest,5,team2,kill,35.85
Warrior+Priest_vs_Mage+Priest,Warrior+Priest,Mage+Priest,6,team2,kill,45.00
Warrior+Priest_vs_Mage+Priest,Warrior+Priest,Mage+Priest,7,team2,kill,60.32
Warrior+Priest_vs_Mage+Priest,Warrior+Priest,Mage+Priest,8,team2,kill,36.10
Warrior+Priest_vs_Mage+Priest,Warrior+Priest,Mage+Priest,9,team2,kill,35.52
Warrior+Priest_vs_Mage+Priest,Warrior+Priest,Mage+Priest,10,team2,kill,35.92
Warrior+Priest_vs_Mage+Priest,Warrior+Priest,Mage+Priest,11,team2,kill,41.90
Warrior+Priest_vs_Mage+Priest,Warrior+Priest,Mage+Priest,12,team2,kill,34.10
Warrior+Priest_vs_Mage+Priest,Warrior+Priest,Mage+Priest,13,team2,kill,49.33
Warrior+Priest_vs_Mage+Priest,Warrior+Priest,Mage+Priest,14,team2,kill,37.47
Warrior+Priest_vs_Mage+Priest,Warrior+Priest,Mage+Priest,15,team2,kill,34.90
Warrior+Priest_vs_Mage+Priest,Warrior+Priest,Mage+Priest,16,team2,kill,46.03
Warrior+Priest_vs_Mage+Priest,Warrior+Priest,Mage+Priest,17,team2,kill,35.58
Warrior+Priest_vs_Mage+Priest,Warrior+Priest,Mage+Priest,18,team2,kill,34.12
Warrior+Priest_vs_Mage+Priest,Warrior+Priest,Mage+Priest,19,team1,kill,53.45
Warrior+Priest_vs_Mage+Priest,Warrior+Priest,Mage+Priest,20,team2,kill,35.03
Warrior+Priest_vs_Mage+Priest,Warrior+Priest,Mage+Priest,21,team1,kill,53.18
Warrior+Priest_vs_Mage+Priest,Warrior+Priest,Mage+Priest,22,team2,kill,35.50
Warrior+Priest_vs_Mage+Priest,Warrior+Priest,Mage+Priest,23,team2,kill,54.45
Warrior+Priest_vs_Mage+Priest,Warrior+Priest,Mage+Priest,24,team2,kill,43.15
Warrior+Priest_vs_Mage+Priest,Warrior+Priest,Mage+Priest,25,team2,kill,34.35
Warrior+Priest_vs_Mage+Priest,Warrior+Priest,Mage+Priest,26,team2,kill,39.48
Warrior+Priest_vs_Mage+Priest,Warrior+Priest,Mage+Priest,27,team2,kill,37.98
Warrior+Priest_vs_Mage+Priest,Warrior+Priest,Mage+Priest,28,team2,kill,40.12
Warrior+Priest_vs_Mage+Priest,Warrior+Priest,Mage+Priest,29,team2,kill,34.07
Warrior+Priest_vs_Mage+Priest,Warrior+Priest,Mage+Priest,30,team2,kill,41.97
Warrior+Priest_vs_Mage+Priest,Warrior+Priest,Mage+Priest,31,team2,kill,35.60
Warrior+Priest_vs_Mage+Priest,Warrior+Priest,Mage+Priest,32,team2,kill,38.72
Warrior+Priest_vs_Mage+Priest,Warrior+Priest,Mage+Priest,33,team2,kill,36.60
Warrior+Priest_vs_Mage+Priest,Warrior+Priest,Mage+Priest,34,team2,kill,35.62
Warrior+Priest_vs_Mage+Priest,Warrior+Priest,Mage+Priest,35,team2,kill,62.33
Warrior+Priest_vs_Mage+Priest,Warrior+Priest,Mage+Priest,36,team2,kill,44.62
Warrior+Priest_vs_Mage+Priest,Warrior+Priest,Mage+Priest,37,team1,kill,47.12
Warrior+Priest_vs_Mage+Priest,Warrior+Priest,Mage+Priest,38,team2,kill,37.47
Warrior+Priest_vs_Mage+Priest,Warrior+Priest,Mage+Priest,39,team2,kill,35.62
Warrior+Priest_vs_Mage+Priest,Warrior+Priest,Mage+Priest,40,team2,kill,36.65
Warrior+Priest_vs_Mage+Priest,Warrior+Priest,Mage+Priest,41,team2,kill,46.07
Warrior+Priest_vs_Mage+Priest,Warrior+Priest,Mage+Priest,42,team2,kill,54.95
Warrior+Priest_vs_Mage+Priest,Warrior+Priest,Mage+Priest,43,team2,kill,47.98
Warrior+Priest_vs_Mage+Priest,Warrior+Priest,Mage+Priest,44,team2,kill,60.85
Warrior+Priest_vs_Mage+Priest,Warrior+Priest,Mage+Priest,45,team2,kill,36.02
Warrior+Priest_vs_Mage+Priest,Warrior+Priest,Mage+Priest,46,team2,kill,64.95
Warrior+Priest_vs_Mage+Priest,Warrior+Priest,Mage+Priest,47,team2,kill,35.95
Warrior+Priest_vs_Mage+Priest,Warrior+Priest,Mage+Priest,48,team2,kill,44.58
Warrior+Priest_vs_Mage+Priest,Warrior+Priest,Mage+Priest,49,team2,kill,61.55
Warrior+Priest_vs_Mage+Priest,Warrior+Priest,Mage+Priest,50,team1,kill,46.47
Warrior+Priest_vs_Mage+Priest,Warrior+Priest,Mage+Priest,51,team2,kill,34.43
Warrior+Priest_vs_Mage+Priest,Warrior+Priest,Mage+Priest,52,team2,kill,41.23
Warrior+Priest_vs_Mage+Priest,Warrior+Priest,Mage+Priest,53,team2,kill,36.95
Warrior+Priest_vs_Mage+Priest,Warrior+Priest,Mage+Priest,54,team2,kill,40.53
Warrior+Priest_vs_Mage+Priest,Warrior+Priest,Mage+Priest,55,team2,kill,54.67
Warrior+Priest_vs_Mage+Priest,Warrior+Priest,Mage+Priest,56,team2,kill,60.88
Warrior+Priest_vs_Mage+Priest,Warrior+Priest,Mage+Priest,57,team2,kill,37.35
Warrior+Priest_vs_Mage+Priest,Warrior+Priest,Mage+Priest,58,team2,kill,36.22
Warrior+Priest_vs_Mage+Priest,Warrior+Priest,Mage+Priest,59,team2,kill,37.48
Warrior+Priest_vs_Mage+Priest,Warrior+Priest,Mage+Priest,60,team2,kill,44.80
Warrior+Priest_vs_Mage+Priest,Warrior+Priest,Mage+Priest,61,team2,kill,44.93
Warrior+Priest_vs_Mage+Priest,Warrior+Priest,Mage+Priest,62,team2,kill,48.75
Warrior+Priest_vs_Mage+Priest,Warrior+Priest,Mage+Priest,63,team2,kill,41.77
Warrior+Priest_vs_Mage+Priest,Warrior+Priest,Mage+Priest,64,team2,kill,37.43
Warrior+Priest_vs_Mage+Priest,Warrior+Priest,Mage+Priest,65,team2,kill,40.53
Warrior+Priest_vs_Mage+Priest,Warrior+Priest,Mage+Priest,66,team2,kill,44.05
Warrior+Priest_vs_Mage+Priest,Warrior+Priest,Mage+Priest,67,team2,kill,35.95
Warrior+Priest_vs_Mage+Priest,Warrior+Priest,Mage+Priest,68,team2,kill,37.50
Warrior+Priest_vs_Mage+Priest,Warrior+Priest,Mage+Priest,69,team2,kill,34.40
Warrior+Priest_vs_Mage+Priest,Warrior+Priest,Mage+Priest,70,team2,kill,45.00
Warrior+Priest_vs_Mage+Priest,Warrior+Priest,Mage+Priest,71,team2,kill,64.95
Warrior+Priest_vs_Mage+Priest,Warrior+Priest,Mage+Priest,72,team2,kill,36.38
Warrior+Priest_vs_Mage+Priest,Warrior+Priest,Mage+Priest,73,team2,kill,35.62
Warrior+Priest_vs_Mage+Priest,Warrior+Priest,Mage+Priest,74,team2,kill,39.98
Warrior+Priest_vs_Mage+Priest,Warrior+Priest,Mage+Priest,75,team1,kill,46.03
Warrior+Priest_vs_Mage+Priest,Warrior+Priest,Mage+Priest,76,team2,kill,35.98
Warrior+Priest_vs_Mage+Priest,Warrior+Priest,Mage+Priest,77,team2,kill,39.37
Warrior+Priest_vs_Mage+Priest,Warrior+Priest,Mage+Priest,78,team2,kill,51.50
Warrior+Priest_vs_Mage+Priest,Warrior+Priest,Mage+Priest,79,team2,kill,34.38
Warrior+Priest_vs_Mage+Priest,Warrior+Priest,Mage+Priest,80,team2,kill,45.13
Warrior+Priest_vs_Mage+Priest,Warrior+Priest,Mage+Priest,81,team2,kill,33.98
Warrior+Priest_vs_Mage+Priest,Warrior+Priest,Mage+Priest,82,team2,kill,44.88
Warrior+Priest_vs_Mage+Priest,Warrior+Priest,Mage+Priest,83,team2,kill,35.57
Warrior+Priest_vs_Mage+Priest,Warrior+Priest,Mage+Priest,84,team2,kill,34.38
Warrior+Priest_vs_Mage+Priest,Warrior+Priest,Mage+Priest,85,team1,kill,51.93
Warrior+Priest_vs_Mage+Priest,Warrior+Priest,Mage+Priest,86,team2,kill,44.20
Warrior+Priest_vs_Mage+Priest,Warrior+Priest,Mage+Priest,87,team2,kill,36.82
Warrior+Priest_vs_Mage+Priest,Warrior+Priest,Mage+Priest,88,team2,kill,42.13
Warrior+Priest_vs_Mage+Priest,Warrior+Priest,Mage+Priest,89,team2,kill,58.38
Warrior+Priest_vs_Mage+Priest,Warrior+Priest,Mage+Priest,90,team2,kill,42.45
Warrior+Priest_vs_Mage+Priest,Warrior+Priest,Mage+Priest,91,team2,kill,57.43
Warrior+Priest_vs_Mage+Priest,Warrior+Priest,Mage+Priest,92,team2,kill,35.62
Warrior+Priest_vs_Mage+Priest,Warrior+Priest,Mage+Priest,93,team2,kill,34.40
Warrior+Priest_vs_Mage+Priest,Warrior+Priest,Mage+Priest,94,team2,kill,39.18
Warrior+Priest_vs_Mage+Priest,Warrior+Priest,Mage+Priest,95,team2,kill,41.97
Warrior+Priest_vs_Mage+Priest,Warrior+Priest,Mage+Priest,96,team1,kill,44.80
Warrior+Priest_vs_Mage+Priest,Warrior+Priest,Mage+Priest,97,team1,kill,49.48
Warrior+Priest_vs_Mage+Priest,Warrior+Priest,Mage+Priest,98,team2,kill,59.97
Warrior+Priest_vs_Mage+Priest,Warrior+Priest,Mage+Priest,99,team1,kill,44.27
Warrior+Priest_vs_Mage+Warlock,Warrior+Priest,Mage+Warlock,0,team1,kill,35.53
Warrior+Priest_vs_Mage+Warlock,Warrior+Priest,Mage+Warlock,1,team2,kill,27.18
Warrior+Priest_vs_Mage+Warlock,Warrior+Priest,Mage+Warlock,2,team1,kill,32.47
Warrior+Priest_vs_Mage+Warlock,Warrior+Priest,Mage+Warlock,3,team1,kill,33.75
Warrior+Priest_vs_Mage+Warlock,Warrior+Priest,Mage+Warlock,4,team2,kill,22.28
Warrior+Priest_vs_Mage+Warlock,Warrior+Priest,Mage+Warlock,5,team2,kill,28.05
Warrior+Priest_vs_Mage+Warlock,Warrior+Priest,Mage+Warlock,6,team2,kill,28.25
Warrior+Priest_vs_Mage+Warlock,Warrior+Priest,Mage+Warlock,7,team1,kill,31.47
Warrior+Priest_vs_Mage+Warlock,Warrior+Priest,Mage+Warlock,8,team1,kill,34.73
Warrior+Priest_vs_Mage+Warlock,Warrior+Priest,Mage+Warlock,9,team1,kill,34.73
Warrior+Priest_vs_Mage+Warlock,Warrior+Priest,Mage+Warlock,10,team2,kill,38.62
Warrior+Priest_vs_Mage+Warlock,Warrior+Priest,Mage+Warlock,11,team1,kill,32.47
Warrior+Priest_vs_Mage+Warlock,Warrior+Priest,Mage+Warlock,12,team1,kill,31.43
Warrior+Priest_vs_Mage+Warlock,Warrior+Priest,Mage+Warlock,13,team1,kill,27.52
Warrior+Priest_vs_Mage+Warlock,Warrior+Priest,Mage+Warlock,14,team2,kill,34.37
Warrior+Priest_vs_Mage+Warlock,Warrior+Priest,Mage+Warlock,15,team1,kill,33.98
Warrior+Priest_vs_Mage+Warlock,Warrior+Priest,Mage+Warlock,16,team2,kill,40.32
Warrior+Priest_vs_Mage+Warlock,Warrior+Priest,Mage+Warlock,17,team1,kill,30.45
Warrior+Priest_vs_Mage+Warlock,Warrior+Priest,Mage+Warlock,18,team2,kill,34.38
Warrior+Priest_vs_Mage+Warlock,Warrior+Priest,Mage+Warlock,19,team2,kill,24.27
Warrior+Priest_vs_Mage+Warlock,Warrior+Priest,Mage+Warlock,20,team2,kill,23.72
Warrior+Priest_vs_Mage+Warlock,Warrior+Priest,Mage+Warlock,21,team2,kill,23.72
Warrior+Priest_vs_Mage+Warlock,Warrior+Priest,Mage+Warlock,22,team2,kill,24.27
Warrior+Priest_vs_Mage+Warlock,Warrior+Priest,Mage+Warlock,23,team2,kill,30.27
Warrior+Priest_vs_Mage+Warlock,Warrior+Priest,Mage+Warlock,24,team2,kill,29.58
Warrior+Priest_vs_Mage+Warlock,Warrior+Priest,Mage+Warlock,25,team2,kill,24.57
Warrior+Priest_vs_Mage+Warlock,Warrior+Priest,Mage+Warlock,26,team1,kill,30.45
Warrior+Priest_vs_Mage+Warlock,Warrior+Priest,Mage+Warlock,27,team2,kill,45.78
Warrior+Priest_vs_Mage+Warlock,Warrior+Priest,Mage+Warlock,28,team1,kill,34.55
Warrior+Priest_vs_Mage+Warlock,Warrior+Priest,Mage+Warlock,29,team2,kill,44.57
Warrior+Priest_vs_Mage+Warlock,Warrior+Priest,Mage+Warlock,30,team1,kill,36.10
Warrior+Priest_vs_Mage+Warlock,Warrior+Priest,Mage+Warlock,31,team1,kill,32.88
Warrior+Priest_vs_Mage+Warlock,Warrior+Priest,Mage+Warlock,32,team1,kill,24.37
Warrior+Priest_vs_Mage+Warlock,Warrior+Priest,Mage+Warlock,33,team1,kill,25.33
Warrior+Priest_vs_Mage+Warlock,Warrior+Priest,Mage+Warlock,34,team1,kill,32.47
Warrior+Priest_vs_Mage+Warlock,Warrior+Priest,Mage+Warlock,35,team2,kill,26.53
Warrior+Priest_vs_Mage+Warlock,Warrior+Priest,Mage+Warlock,36,team1,kill,23.08
Warrior+Priest_vs_Mage+Warlock,Warrior+Priest,Mage+Warlock,37,team2,kill,25.02
Warrior+Priest_vs_Mage+Warlock,Warrior+Priest,Mage+Warlock,38,team1,kill,27.43
Warrior+Priest_vs_Mage+Warlock,Warrior+Priest,Mage+Warlock,39,team2,kill,28.05
Warrior+Priest_vs_Mage+Warlock,Warrior+Priest,Mage+Warlock,40,team1,kill,34.88
Warrior+Priest_vs_Mage+Warlock,Warrior+Priest,Mage+Warlock,41,team1,kill,27.42
Warrior+Priest_vs_Mage+Warlock,Warrior+Priest,Mage+Warlock,42,team1,kill,34.43
Warrior+Priest_vs_Mage+Warlock,Warrior+Priest,Mage+Warlock,43,team1,kill,31.97
Warrior+Priest_vs_Mage+Warlock,Warrior+Priest,Mage+Warlock,44,team2,kill,26.53
Warrior+Priest_vs_Mage+Warlock,Warrior+Priest,Mage+Warlock,45,team1,kill,32.47
Warrior+Priest_vs_Mage+Warlock,Warrior+Priest,Mage+Warlock,46,team1,kill,34.43
Warrior+Priest_vs_Mage+Warlock,Warrior+Priest,Mage+Warlock,47,team1,kill,26.38
Warrior+Priest_vs_Mage+Warlock,Warrior+Priest,Mage+Warlock,48,team2,kill,34.32
Warrior+Priest_vs_Mage+Warlock,Warrior+Priest,Mage+Warlock,49,team1,kill,34.75
Warrior+Priest_vs_Mage+Warlock,Warrior+Priest,Mage+Warlock,50,team2,kill,30.33
Warrior+Priest_vs_Mage+Warlock,Warrior+Priest,Mage+Warlock,51,team2,kill,30.65
Warrior+Priest_vs_Mage+Warlock,Warrior+Priest,Mage+Warlock,52,team2,kill,25.22
Warrior+Priest_vs_Mage+Warlock,Warrior+Priest,Mage+Warlock,53,team1,kill,30.95
Warrior+Priest_vs_Mage+Warlock,Warrior+Priest,Mage+Warlock,54,team1,kill,35.65
Warrior+Priest_vs_Mage+Warlock,Warrior+Priest,Mage+Warlock,55,team2,kill,23.72
Warrior+Priest_vs_Mage+Warlock,Warrior+Priest,Mage+Warlock,56,team1,kill,29.43
Warrior+Priest_vs_Mage+Warlock,Warrior+Priest,Mage+Warlock,57,team2,kill,25.02
Warrior+Priest_vs_Mage+Warlock,Warrior+Priest,Mage+Warlock,58,team2,kill,21.13
Warrior+Priest_vs_Mage+Warlock,Warrior+Priest,Mage+Warlock,59,team2,kill,28.25
Warrior+Priest_vs_Mage+Warlock,Warrior+Priest,Mage+Warlock,60,team2,kill,34.43
Warrior+Priest_vs_Mage+Warlock,Warrior+Priest,Mage+Warlock,61,team1,kill,25.70
Warrior+Priest_vs_Mage+Warlock,Warrior+Priest,Mage+Warlock,62,team2,kill,31.42
Warrior+Priest_vs_Mage+Warlock,Warrior+Priest,Mage+Warlock,63,team1,kill,31.67
Warrior+Priest_vs_Mage+Warlock,Warrior+Priest,Mage+Warlock,64,team1,kill,31.97
Warrior+Priest_vs_Mage+Warlock,Warrior+Priest,Mage+Warlock,65,team2,kill,25.22
Warrior+Priest_vs_Mage+Warlock,Warrior+Priest,Mage+Warlock,66,team1,kill,31.97
Warrior+Priest_vs_Mage+Warlock,Warrior+Priest,Mage+Warlock,67,team1,kill,32.38
Warrior+Priest_vs_Mage+Warlock,Warrior+Priest,Mage+Warlock,68,team2,kill,29.58
Warrior+Priest_vs_Mage+Warlock,Warrior+Priest,Mage+Warlock,69,team2,kill,34.43
Warrior+Priest_vs_Mage+Warlock,Warrior+Priest,Mage+Warlock,70,team2,kill,20.93
Warrior+Priest_vs_Mage+Warlock,Warrior+Priest,Mage+Warlock,71,team2,kill,24.65
Warrior+Priest_vs_Mage+Warlock,Warrior+Priest,Mage+Warlock,72,team1,kill,27.02
Warrior+Priest_vs_Mage+Warlock,Warrior+Priest,Mage+Warlock,73,team1,kill,32.65
Warrior+Priest_vs_Mage+Warlock,Warrior+Priest,Mage+Warlock,74,team1,kill,32.47
Warrior+Priest_vs_Mage+Warlock,Warrior+Priest,Mage+Warlock,75,team1,kill,24.37
Warrior+Priest_vs_Mage+Warlock,Warrior+Priest,Mage+Warlock,76,team1,kill,33.98
Warrior+Priest_vs_Mage+Warlock,Warrior+Priest,Mage+Warlock,77,team2,kill,31.43
Warrior+Priest_vs_Mage+Warlock,Warrior+Priest,Mage+Warlock,78,team1,kill,32.47
Warrior+Priest_vs_Mage+Warlock,Warrior+Priest,Mage+Warlock,79,team1,kill,27.82
Warrior+Priest_vs_Mage+Warlock,Warrior+Priest,Mage+Warlock,80,team1,kill,32.47
Warrior+Priest_vs_Mage+Warlock,Warrior+Priest,Mage+Warlock,81,team1,kill,33.48
Warrior+Priest_vs_Mage+Warlock,Warrior+Priest,Mage+Warlock,82,team1,kill,31.62
Warrior+Priest_vs_Mage+Warlock,Warrior+Priest,Mage+Warlock,83,team1,kill,24.37
Warrior+Priest_vs_Mage+Warlock,Warrior+Priest,Mage+Warlock,84,team2,kill,25.47
Warrior+Priest_vs_Mage+Warlock,Warrior+Priest,Mage+Warlock,85,team1,kill,35.00
Warrior+Priest_vs_Mage+Warlock,Warrior+Priest,Mage+Warlock,86,team1,kill,28.43
Warrior+Priest_vs_Mage+Warlock,Warrior+Priest,Mage+Warlock,87,team1,kill,32.47
Warrior+Priest_vs_Mage+Warlock,Warrior+Priest,Mage+Warlock,88,team2,kill,30.65
Warrior+Priest_vs_Mage+Warlock,Warrior+Priest,Mage+Warlock,89,team1,kill,32.47
Warrior+Priest_vs_Mage+Warlock,Warrior+Priest,Mage+Warlock,90,team2,kill,26.37
Warrior+Priest_vs_Mage+Warlock,Warrior+Priest,Mage+Warlock,91,team2,kill,30.43
Warrior+Priest_vs_Mage+Warlock,Warrior+Priest,Mage+Warlock,92,team1,kill,32.65
Warrior+Priest_vs_Mage+Warlock,Warrior+Priest,Mage+Warlock,93,team2,kill,20.90
Warrior+Priest_vs_Mage+Warlock,Warrior+Priest,Mage+Warlock,94,team1,kill,28.45
Warrior+Priest_vs_Mage+Warlock,Warrior+Priest,Mage+Warlock,95,team1,kill,26.62
Warrior+Priest_vs_Mage+Warlock,Warrior+Priest,Mage+Warlock,96,team2,kill,25.02
Warrior+Priest_vs_Mage+Warlock,Warrior+Priest,Mage+Warlock,97,team2,kill,25.22
Warrior+Priest_vs_Mage+Warlock,Warrior+Priest,Mage+Warlock,98,team1,kill,26.40
Warrior+Priest_vs_Mage+Warlock,Warrior+Priest,Mage+Warlock,99,team1,kill,27.30
Warrior+Priest_vs_Mage+Paladin,Warrior+Priest,Mage+Paladin,0,team2,kill,46.92
Warrior+Priest_vs_Mage+Paladin,Warrior+Priest,Mage+Paladin,1,team2,kill,65.13
Warrior+Priest_vs_Mage+Paladin,Warrior+Priest,Mage+Paladin,2,team2,kill,59.88
Warrior+Priest_vs_Mage+Paladin,Warrior+Priest,Mage+Paladin,3,team2,kill,52.05
Warrior+Priest_vs_Mage+Paladin,Warrior+Priest,Mage+Paladin,4,team2,kill,70.65
Warrior+Priest_vs_Mage+Paladin,Warrior+Priest,Mage+Paladin,5,team1,kill,49.95
Warrior+Priest_vs_Mage+Paladin,Warrior+Priest,Mage+Paladin,6,team1,kill,179.38
Warrior+Priest_vs_Mage+Paladin,Warrior+Priest,Mage+Paladin,7,team2,kill,64.77
Warrior+Priest_vs_Mage+Paladin,Warrior+Priest,Mage+Paladin,8,team1,kill,71.13
Warrior+Priest_vs_Mage+Paladin,Warrior+Priest,Mage+Paladin,9,team2,kill,84.87
Warrior+Priest_vs_Mage+Paladin,Warrior+Priest,Mage+Paladin,10,team2,kill,44.72
Warrior+Priest_vs_Mage+Paladin,Warrior+Priest,Mage+Paladin,11,team2,kill,84.75
Warrior+Priest_vs_Mage+Paladin,Warrior+Priest,Mage+Paladin,12,team1,kill,56.22
Warrior+Priest_vs_Mage+Paladin,Warrior+Priest,Mage+Paladin,13,team2,kill,84.70
Warrior+Priest_vs_Mage+Paladin,Warrior+Priest,Mage+Paladin,14,team2,kill,43.48
Warrior+Priest_vs_Mage+Paladin,Warrior+Priest,Mage+Paladin,15,team1,kill,53.33
Warrior+Priest_vs_Mage+Paladin,Warrior+Priest,Mage+Paladin,16,team1,kill,51.82
Warrior+Priest_vs_Mage+Paladin,Warrior+Priest,Mage+Paladin,17,team2,kill,44.37
Warrior+Priest_vs_Mage+Paladin,Warrior+Priest,Mage+Paladin,18,team1,kill,53.33
Warrior+Priest_vs_Mage+Paladin,Warrior+Priest,Mage+Paladin,19,team2,kill,52.17
Warrior+Priest_vs_Mage+Paladin,Warrior+Priest,Mage+Paladin,20,team1,kill,178.57
Warrior+Priest_vs_Mage+Paladin,Warrior+Priest,Mage+Paladin,21,team2,kill,84.72
Warrior+Priest_vs_Mage+Paladin,Warrior+Priest,Mage+Paladin,22,team2,kill,47.73
Warrior+Priest_vs_Mage+Paladin,Warrior+Priest,Mage+Paladin,23,team2,kill,85.00
Warrior+Priest_vs_Mage+Paladin,Warrior+Priest,Mage+Paladin,24,team2,kill,65.42
Warrior+Priest_vs_Mage+Paladin,Warrior+Priest,Mage+Paladin,25,team1,kill,100.07
Warrior+Priest_vs_Mage+Paladin,Warrior+Priest,Mage+Paladin,26,team2,kill,74.97
Warrior+Priest_vs_Mage+Paladin,Warrior+Priest,Mage+Paladin,27,team1,kill,128.71
Warrior+Priest_vs_Mage+Paladin,Warrior+Priest,Mage+Paladin,28,team1,kill,63.80
Warrior+Priest_vs_Mage+Paladin,Warrior+Priest,Mage+Paladin,29,team2,kill,84.72
Warrior+Priest_vs_Mage+Paladin,Warrior+Priest,Mage+Paladin,30,team2,kill,60.90
Warrior+Priest_vs_Mage+Paladin,Warrior+Priest,Mage+Paladin,31,team1,kill,76.57
Warrior+Priest_vs_Mage+Paladin,Warrior+Priest,Mage+Paladin,32,team2,kill,83.45
Warrior+Priest_vs_Mage+Paladin,Warrior+Priest,Mage+Paladin,33,team2,kill,64.90
Warrior+Priest_vs_Mage+Paladin,Warrior+Priest,Mage+Paladin,34,team2,kill,74.28
Warrior+Priest_vs_Mage+Paladin,Warrior+Priest,Mage+Paladin,35,team1,kill,50.73
Warrior+Priest_vs_Mage+Paladin,Warrior+Priest,Mage+Paladin,36,team2,kill,69.47
Warrior+Priest_vs_Mage+Paladin,Warrior+Priest,Mage+Paladin,37,team1,kill,198.18
Warrior+Priest_vs_Mage+Paladin,Warrior+Priest,Mage+Paladin,38,team2,kill,84.59
Warrior+Priest_vs_Mage+Paladin,Warrior+Priest,Mage+Paladin,39,team2,kill,54.32
Warrior+Priest_vs_Mage+Paladin,Warrior+Priest,Mage+Paladin,40,team1,kill,58.25
Warrior+Priest_vs_Mage+Paladin,Warrior+Priest,Mage+Paladin,41,team2,kill,84.55
Warrior+Priest_vs_Mage+Paladin,Warrior+Priest,Mage+Paladin,42,team2,kill,65.35
Warrior+Priest_vs_Mage+Paladin,Warrior+Priest,Mage+Paladin,43,team2,kill,54.92
Warrior+Priest_vs_Mage+Paladin,Warrior+Priest,Mage+Paladin,44,team1,kill,55.75
Warrior+Priest_vs_Mage+Paladin,Warrior+Priest,Mage+Paladin,45,team2,kill,56.02
Warrior+Priest_vs_Mage+Paladin,Warrior+Priest,Mage+Paladin,46,team2,kill,89.75
Warrior+Priest_vs_Mage+Paladin,Warrior+Priest,Mage+Paladin,47,team1,kill,79.30
Warrior+Priest_vs_Mage+Paladin,Warrior+Priest,Mage+Paladin,48,team1,kill,62.47
Warrior+Priest_vs_Mage+Paladin,Warrior+Priest,Mage+Paladin,49,team2,kill,65.60
Warrior+Priest_vs_Mage+Paladin,Warrior+Priest,Mage+Paladin,50,team2,kill,64.68
Warrior+Priest_vs_Mage+Paladin,Warrior+Priest,Mage+Paladin,51,team2,kill,67.87
Warrior+Priest_vs_Mage+Paladin,Warrior+Priest,Mage+Paladin,52,team1,kill,54.22
Warrior+Priest_vs_Mage+Paladin,Warrior+Priest,Mage+Paladin,53,team2,kill,72.58
Warrior+Priest_vs_Mage+Paladin,Warrior+Priest,Mage+Paladin,54,team1,kill,178.98
Warrior+Priest_vs_Mage+Paladin,Warrior+Priest,Mage+Paladin,55,team2,kill,104.87
Warrior+Priest_vs_Mage+Paladin,Warrior+Priest,Mage+Paladin,56,team1,kill,187.73
Warrior+Priest_vs_Mage+Paladin,Warrior+Priest,Mage+Paladin,57,team2,kill,84.04
Warrior+Priest_vs_Mage+Paladin,Warrior+Priest,Mage+Paladin,58,team1,kill,69.02
Warrior+Priest_vs_Mage+Paladin,Warrior+Priest,Mage+Paladin,59,team1,kill,76.75
Warrior+Priest_vs_Mage+Paladin,Warrior+Priest,Mage+Paladin,60,team2,kill,84.72
Warrior+Priest_vs_Mage+Paladin,Warrior+Priest,Mage+Paladin,61,team1,kill,52.07
Warrior+Priest_vs_Mage+Paladin,Warrior+Priest,Mage+Paladin,62,team2,kill,72.33
Warrior+Priest_vs_Mage+Paladin,Warrior+Priest,Mage+Paladin,63,team2,kill,163.02
Warrior+Priest_vs_Mage+Paladin,Warrior+Priest,Mage+Paladin,64,team2,kill,72.83
Warrior+Priest_vs_Mage+Paladin,Warrior+Priest,Mage+Paladin,65,team1,kill,71.22
Warrior+Priest_vs_Mage+Paladin,Warrior+Priest,Mage+Paladin,66,team2,kill,84.69
Warrior+Priest_vs_Mage+Paladin,Warrior+Priest,Mage+Paladin,67,team1,kill,51.40
Warrior+Priest_vs_Mage+Paladin,Warrior+Priest,Mage+Paladin,68,team2,kill,64.78
Warrior+Priest_vs_Mage+Paladin,Warrior+Priest,Mage+Paladin,69,team2,kill,65.58
Warrior+Priest_vs_Mage+Paladin,Warrior+Priest,Mage+Paladin,70,team2,kill,74.83
Warrior+Priest_vs_Mage+Paladin,Warrior+Priest,Mage+Paladin,71,team1,kill,53.27
Warrior+Priest_vs_Mage+Paladin,Warrior+Priest,Mage+Paladin,72,team2,kill,60.35
Warrior+Priest_vs_Mage+Paladin,Warrior+Priest,Mage+Paladin,73,team2,kill,84.84
Warrior+Priest_vs_Mage+Paladin,Warrior+Priest,Mage+Paladin,74,team2,kill,84.79
Warrior+Priest_vs_Mage+Paladin,Warrior+Priest,Mage+Paladin,75,team1,kill,161.70
Warrior+Priest_vs_Mage+Paladin,Warrior+Priest,Mage+Paladin,76,team1,kill,65.38
Warrior+Priest_vs_Mage+Paladin,Warrior+Priest,Mage+Paladin,77,team1,kill,172.94
Warrior+Priest_vs_Mage+Paladin,Warrior+Priest,Mage+Paladin,78,team1,kill,65.57
Warrior+Priest_vs_Mage+Paladin,Warrior+Priest,Mage+Paladin,79,team1,kill,46.35
Warrior+Priest_vs_Mage+Paladin,Warrior+Priest,Mage+Paladin,80,team1,kill,46.20
Warrior+Priest_vs_Mage+Paladin,Warrior+Priest,Mage+Paladin,81,team1,kill,179.85
Warrior+Priest_vs_Mage+Paladin,Warrior+Priest,Mage+Paladin,82,team2,kill,64.55
Warrior+Priest_vs_Mage+Paladin,Warrior+Priest,Mage+Paladin,83,team2,kill,64.80
Warrior+Priest_vs_Mage+Paladin,Warrior+Priest,Mage+Paladin,84,team2,kill,79.87
Warrior+Priest_vs_Mage+Paladin,Warrior+Priest,Mage+Paladin,85,team2,kill,68.38
Warrior+Priest_vs_Mage+Paladin,Warrior+Priest,Mage+Paladin,86,team2,kill,84.84
Warrior+Priest_vs_Mage+Paladin,Warrior+Priest,Mage+Paladin,87,team2,kill,81.50
Warrior+Priest_vs_Mage+Paladin,Warrior+Priest,Mage+Paladin,88,team2,kill,84.54
Warrior+Priest_vs_Mage+Paladin,Warrior+Priest,Mage+Paladin,89,team2,kill,74.65
Warrior+Priest_vs_Mage+Paladin,Warrior+Priest,Mage+Paladin,90,team1,kill,80.72
Warrior+Priest_vs_Mage+Paladin,Warrior+Priest,Mage+Paladin,91,team2,kill,169.65
Warrior+Priest_vs_Mage+Paladin,Warrior+Priest,Mage+Paladin,92,team1,kill,57.62
Warrior+Priest_vs_Mage+Paladin,Warrior+Priest,Mage+Paladin,93,team1,kill,150.67
Warrior+Priest_vs_Mage+Paladin,Warrior+Priest,Mage+Paladin,94,team1,kill,53.70
Warrior+Priest_vs_Mage+Paladin,Warrior+Priest,Mage+Paladin,95,team2,kill,64.55
Warrior+Priest_vs_Mage+Paladin,Warrior+Priest,Mage+Paladin,96,team2,kill,70.65
Warrior+Priest_vs_Mage+Paladin,Warrior+Priest,Mage+Paladin,97,team2,kill,65.05
Warrior+Priest_vs_Mage+Paladin,Warrior+Priest,Mage+Paladin,98,team2,kill,44.65
Warrior+Priest_vs_Mage+Paladin,Warrior+Priest,Mage+Paladin,99,team1,kill,56.53
Warrior+Priest_vs_Mage+Hunter,Warrior+Priest,Mage+Hunter,0,team2,kill,34.80
Warrior+Priest_vs_Mage+Hunter,Warrior+Priest,Mage+Hunter,1,team2,kill,51.35
Warrior+Priest_vs_Mage+Hunter,Warrior+Priest,Mage+Hunter,2,team2,kill,37.45
Warrior+Priest_vs_Mage+Hunter,Warrior+Priest,Mage+Hunter,3,team1,kill,40.33
Warrior+Priest_vs_Mage+Hunter,Warrior+Priest,Mage+Hunter,4,team1,kill,42.02
Warrior+Priest_vs_Mage+Hunter,Warrior+Priest,Mage+Hunter,5,team2,kill,37.00
Warrior+Priest_vs_Mage+Hunter,Warrior+Priest,Mage+Hunter,6,team1,kill,44.72
Warrior+Priest_vs_Mage+Hunter,Warrior+Priest,Mage+Hunter,7,team2,kill,63.80
Warrior+Priest_vs_Mage+Hunter,Warrior+Priest,Mage+Hunter,8,team2,kill,38.30
Warrior+Priest_vs_Mage+Hunter,Warrior+Priest,Mage+Hunter,9,team2,kill,33.38
Warrior+Priest_vs_Mage+Hunter,Warrior+Priest,Mage+Hunter,10,team2,kill,50.55
Warrior+Priest_vs_Mage+Hunter,Warrior+Priest,Mage+Hunter,11,team2,kill,36.55
Warrior+Priest_vs_Mage+Hunter,Warrior+Priest,Mage+Hunter,12,team1,kill,78.30
Warrior+Priest_vs_Mage+Hunter,Warrior+Priest,Mage+Hunter,13,team1,kill,38.12
Warrior+Priest_vs_Mage+Hunter,Warrior+Priest,Mage+Hunter,14,team2,kill,36.95
Warrior+Priest_vs_Mage+Hunter,Warrior+Priest,Mage+Hunter,15,team2,kill,31.18
Warrior+Priest_vs_Mage+Hunter,Warrior+Priest,Mage+Hunter,16,team2,kill,39.27
Warrior+Priest_vs_Mage+Hunter,Warrior+Priest,Mage+Hunter,17,team1,kill,41.40
Warrior+Priest_vs_Mage+Hunter,Warrior+Priest,Mage+Hunter,18,team2,kill,37.33
Warrior+Priest_vs_Mage+Hunter,Warrior+Priest,Mage+Hunter,19,team2,kill,47.47
Warrior+Priest_vs_Mage+Hunter,Warrior+Priest,Mage+Hunter,20,team1,kill,45.10
Warrior+Priest_vs_Mage+Hunter,Warrior+Priest,Mage+Hunter,21,team2,kill,61.82
Warrior+Priest_vs_Mage+Hunter,Warrior+Priest,Mage+Hunter,22,team1,kill,31.35
Warrior+Priest_vs_Mage+Hunter,Warrior+Priest,Mage+Hunter,23,team2,kill,25.52
Warrior+Priest_vs_Mage+Hunter,Warrior+Priest,Mage+Hunter,24,team1,kill,34.92
Warrior+Priest_vs_Mage+Hunter,Warrior+Priest,Mage+Hunter,25,team2,kill,35.08
Warrior+Priest_vs_Mage+Hunter,Warrior+Priest,Mage+Hunter,26,team2,kill,33.90
Warrior+Priest_vs_Mage+Hunter,Warrior+Priest,Mage+Hunter,27,team1,kill,34.75
Warrior+Priest_vs_Mage+Hunter,Warrior+Priest,Mage+Hunter,28,team2,kill,71.05
Warrior+Priest_vs_Mage+Hunter,Warrior+Priest,Mage+Hunter,29,team1,kill,74.43
Warrior+Priest_vs_Mage+Hunter,Warrior+Priest,Mage+Hunter,30,team1,kill,34.10
Warrior+Priest_vs_Mage+Hunter,Warrior+Priest,Mage+Hunter,31,team2,kill,48.30
Warrior+Priest_vs_Mage+Hunter,Warrior+Priest,Mage+Hunter,32,team2,kill,37.45
Warrior+Priest_vs_Mage+Hunter,Warrior+Priest,Mage+Hunter,33,team2,kill,50.55
Warrior+Priest_vs_Mage+Hunter,Warrior+Priest,Mage+Hunter,34,team1,kill,28.45
Warrior+Priest_vs_Mage+Hunter,Warrior+Priest,Mage+Hunter,35,team1,kill,35.90
Warrior+Priest_vs_Mage+Hunter,Warrior+Priest,Mage+Hunter,36,team1,kill,55.50
Warrior+Priest_vs_Mage+Hunter,Warrior+Priest,Mage+Hunter,37,team2,kill,32.90
Warrior+Priest_vs_Mage+Hunter,Warrior+Priest,Mage+Hunter,38,team2,kill,38.40
Warrior+Priest_vs_Mage+Hunter,Warrior+Priest,Mage+Hunter,39,team2,kill,32.28
Warrior+Priest_vs_Mage+Hunter,Warrior+Priest,Mage+Hunter,40,team1,kill,40.50
Warrior+Priest_vs_Mage+Hunter,Warrior+Priest,Mage+Hunter,41,team1,kill,39.25
Warrior+Priest_vs_Mage+Hunter,Warrior+Priest,Mage+Hunter,42,team2,kill,34.57
Warrior+Priest_vs_Mage+Hunter,Warrior+Priest,Mage+Hunter,43,team1,kill,76.42
Warrior+Priest_vs_Mage+Hunter,Warrior+Priest,Mage+Hunter,44,team2,kill,48.38
Warrior+Priest_vs_Mage+Hunter,Warrior+Priest,Mage+Hunter,45,team1,kill,29.75
Warrior+Priest_vs_Mage+Hunter,Warrior+Priest,Mage+Hunter,46,team2,kill,29.08
Warrior+Priest_vs_Mage+Hunter,Warrior+Priest,Mage+Hunter,47,team1,kill,40.53
Warrior+Priest_vs_Mage+Hunter,Warrior+Priest,Mage+Hunter,48,team1,kill,32.20
Warrior+Priest_vs_Mage+Hunter,Warrior+Priest,Mage+Hunter,49,team2,kill,49.87
Warrior+Priest_vs_Mage+Hunter,Warrior+Priest,Mage+Hunter,50,team2,kill,33.57
Warrior+Priest_vs_Mage+Hunter,Warrior+Priest,Mage+Hunter,51,team1,kill,30.35
Warrior+Priest_vs_Mage+Hunter,Warrior+Priest,Mage+Hunter,52,team1,kill,79.15
Warrior+Priest_vs_Mage+Hunter,Warrior+Priest,Mage+Hunter,53,team1,kill,38.95
Warrior+Priest_vs_Mage+Hunter,Warrior+Priest,Mage+Hunter,54,team2,kill,25.85
Warrior+Priest_vs_Mage+Hunter,Warrior+Priest,Mage+Hunter,55,team2,kill,33.35
Warrior+Priest_vs_Mage+Hunter,Warrior+Priest,Mage+Hunter,56,team1,kill,41.67
Warrior+Priest_vs_Mage+Hunter,Warrior+Priest,Mage+Hunter,57,team2,kill,49.98
Warrior+Priest_vs_Mage+Hunter,Warrior+Priest,Mage+Hunter,58,team2,kill,33.57
Warrior+Priest_vs_Mage+Hunter,Warrior+Priest,Mage+Hunter,59,team1,kill,75.38
Warrior+Priest_vs_Mage+Hunter,Warrior+Priest,Mage+Hunter,60,team2,kill,28.25
Warrior+Priest_vs_Mage+Hunter,Warrior+Priest,Mage+Hunter,61,team1,kill,39.13
Warrior+Priest_vs_Mage+Hunter,Warrior+Priest,Mage+Hunter,62,team1,kill,44.97
Warrior+Priest_vs_Mage+Hunter,Warrior+Priest,Mage+Hunter,63,team1,kill,35.20
Warrior+Priest_vs_Mage+Hunter,Warrior+Priest,Mage+Hunter,64,team1,kill,29.98
Warrior+Priest_vs_Mage+Hunter,Warrior+Priest,Mage+Hunter,65,team2,kill,32.32
Warrior+Priest_vs_Mage+Hunter,Warrior+Priest,Mage+Hunter,66,team2,kill,33.65
Warrior+Priest_vs_Mage+Hunter,Warrior+Priest,Mage+Hunter,67,team2,kill,38.70
Warrior+Priest_vs_Mage+Hunter,Warrior+Priest,Mage+Hunter,68,team2,kill,41.78
Warrior+Priest_vs_Mage+Hunter,Warrior+Priest,Mage+Hunter,69,team2,kill,35.17
Warrior+Priest_vs_Mage+Hunter,Warrior+Priest,Mage+Hunter,70,team1,kill,31.42
Warrior+Priest_vs_Mage+Hunter,Warrior+Priest,Mage+Hunter,71,team2,kill,36.93
Warrior+Priest_vs_Mage+Hunter,Warrior+Priest,Mage+Hunter,72,team2,kill,33.58
Warrior+Priest_vs_Mage+Hunter,Warrior+Priest,Mage+Hunter,73,team1,kill,76.42
Warrior+Priest_vs_Mage+Hunter,Warrior+Priest,Mage+Hunter,74,team1,kill,62.80
Warrior+Priest_vs_Mage+Hunter,Warrior+Priest,Mage+Hunter,75,team2,kill,68.55
Warrior+Priest_vs_Mage+Hunter,Warrior+Priest,Mage+Hunter,76,team1,kill,75.52
Warrior+Priest_vs_Mage+Hunter,Warrior+Priest,Mage+Hunter,77,team2,kill,31.98
Warrior+Priest_vs_Mage+Hunter,Warrior+Priest,Mage+Hunter,78,team2,kill,32.90
Warrior+Priest_vs_Mage+Hunter,Warrior+Priest,Mage+Hunter,79,team2,kill,27.78
Warrior+Priest_vs_Mage+Hunter,Warrior+Priest,Mage+Hunter,80,team1,kill,41.95
Warrior+Priest_vs_Mage+Hunter,Warrior+Priest,Mage+Hunter,81,team1,kill,36.18
Warrior+Priest_vs_Mage+Hunter,Warrior+Priest,Mage+Hunter,82,team1,kill,40.37
Warrior+Priest_vs_Mage+Hunter,Warrior+Priest,Mage+Hunter,83,team1,kill,31.35
Warrior+Priest_vs_Mage+Hunter,Warrior+Priest,Mage+Hunter,84,team1,kill,41.25
Warrior+Priest_vs_Mage+Hunter,Warrior+Priest,Mage+Hunter,85,team1,kill,76.84
Warrior+Priest_vs_Mage+Hunter,Warrior+Priest,Mage+Hunter,86,team2,kill,32.02
Warrior+Priest_vs_Mage+Hunter,Warrior+Priest,Mage+Hunter,87,team2,kill,55.78
Warrior+Priest_vs_Mage+Hunter,Warrior+Priest,Mage+Hunter,88,team2,kill,69.00
Warrior+Priest_vs_Mage+Hunter,Warrior+Priest,Mage+Hunter,89,team2,kill,33.02
Warrior+Priest_vs_Mage+Hunter,Warrior+Priest,Mage+Hunter,90,team2,kill,34.80
Warrior+Priest_vs_Mage+Hunter,Warrior+Priest,Mage+Hunter,91,team1,kill,26.80
Warrior+Priest_vs_Mage+Hunter,Warrior+Priest,Mage+Hunter,92,team2,kill,37.45
Warrior+Priest_vs_Mage+Hunter,Warrior+Priest,Mage+Hunter,93,team1,kill,44.90
Warrior+Priest_vs_Mage+Hunter,Warrior+Priest,Mage+Hunter,94,team2,kill,35.12
Warrior+Priest_vs_Mage+Hunter,Warrior+Priest,Mage+Hunter,95,team1,kill,38.23
Warrior+Priest_vs_Mage+Hunter,Warrior+Priest,Mage+Hunter,96,team2,kill,37.35
Warrior+Priest_vs_Mage+Hunter,Warrior+Priest,Mage+Hunter,97,team2,kill,49.98
Warrior+Priest_vs_Mage+Hunter,Warrior+Priest,Mage+Hunter,98,team1,kill,36.12
Warrior+Priest_vs_Mage+Hunter,Warrior+Priest,Mage+Hunter,99,team2,kill,33.03
Warrior+Priest_vs_Mage+Shaman,Warrior+Priest,Mage+Shaman,0,team2,kill,28.85
Warrior+Priest_vs_Mage+Shaman,Warrior+Priest,Mage+Shaman,1,team2,kill,32.28
Warrior+Priest_vs_Mage+Shaman,Warrior+Priest,Mage+Shaman,2,team2,kill,28.38
Warrior+Priest_vs_Mage+Shaman,Warrior+Priest,Mage+Shaman,3,team2,kill,22.85
Warrior+Priest_vs_Mage+Shaman,Warrior+Priest,Mage+Shaman,4,team2,kill,34.03
Warrior+Priest_vs_Mage+Shaman,Warrior+Priest,Mage+Shaman,5,team2,kill,30.70
Warrior+Priest_vs_Mage+Shaman,Warrior+Priest,Mage+Shaman,6,team2,kill,28.85
Warrior+Priest_vs_Mage+Shaman,Warrior+Priest,Mage+Shaman,7,team2,kill,34.72
Warrior+Priest_vs_Mage+Shaman,Warrior+Priest,Mage+Shaman,8,team2,kill,26.65
Warrior+Priest_vs_Mage+Shaman,Warrior+Priest,Mage+Shaman,9,team2,kill,32.23
Warrior+Priest_vs_Mage+Shaman,Warrior+Priest,Mage+Shaman,10,team2,kill,30.37
Warrior+Priest_vs_Mage+Shaman,Warrior+Priest,Mage+Shaman,11,team2,kill,38.52
Warrior+Priest_vs_Mage+Shaman,Warrior+Priest,Mage+Shaman,12,team2,kill,31.65
Warrior+Priest_vs_Mage+Shaman,Warrior+Priest,Mage+Shaman,13,team2,kill,40.20
Warrior+Priest_vs_Mage+Shaman,Warrior+Priest,Mage+Shaman,14,team2,kill,28.38
Warrior+Priest_vs_Mage+Shaman,Warrior+Priest,Mage+Shaman,15,team2,kill,30.77
Warrior+Priest_vs_Mage+Shaman,Warrior+Priest,Mage+Shaman,16,team2,kill,26.97
Warrior+Priest_vs_Mage+Shaman,Warrior+Priest,Mage+Shaman,17,team2,kill,36.07
Warrior+Priest_vs_Mage+Shaman,Warrior+Priest,Mage+Shaman,18,team2,kill,29.18
Warrior+Priest_vs_Mage+Shaman,Warrior+Priest,Mage+Shaman,19,team2,kill,26.17
Warrior+Priest_vs_Mage+Shaman,Warrior+Priest,Mage+Shaman,20,team2,kill,40.50
Warrior+Priest_vs_Mage+Shaman,Warrior+Priest,Mage+Shaman,21,team2,kill,31.42
Warrior+Priest_vs_Mage+Shaman,Warrior+Priest,Mage+Shaman,22,team2,kill,28.67
Warrior+Priest_vs_Mage+Shaman,Warrior+Priest,Mage+Shaman,23,team2,kill,26.17
Warrior+Priest_vs_Mage+Shaman,Warrior+Priest,Mage+Shaman,24,team2,kill,19.38
Warrior+Priest_vs_Mage+Shaman,Warrior+Priest,Mage+Shaman,25,team2,kill,27.87
Warrior+Priest_vs_Mage+Shaman,Warrior+Priest,Mage+Shaman,26,team2,kill,30.13
Warrior+Priest_vs_Mage+Shaman,Warrior+Priest,Mage+Shaman,27,team2,kill,35.23
Warrior+Priest_vs_Mage+Shaman,Warrior+Priest,Mage+Shaman,28,team2,kill,31.02
Warrior+Priest_vs_Mage+Shaman,Warrior+Priest,Mage+Shaman,29,team2,kill,26.37
Warrior+Priest_vs_Mage+Shaman,Warrior+Priest,Mage+Shaman,30,team2,kill,19.20
Warrior+Priest_vs_Mage+Shaman,Warrior+Priest,Mage+Shaman,31,team2,kill,28.38
Warrior+Priest_vs_Mage+Shaman,Warrior+Priest,Mage+Shaman,32,team2,kill,20.40
Warrior+Priest_vs_Mage+Shaman,Warrior+Priest,Mage+Shaman,33,team2,kill,40.20
Warrior+Priest_vs_Mage+Shaman,Warrior+Priest,Mage+Shaman,34,team2,kill,31.22
Warrior+Priest_vs_Mage+Shaman,Warrior+Priest,Mage+Shaman,35,team2,kill,42.07
Warrior+Priest_vs_Mage+Shaman,Warrior+Priest,Mage+Shaman,36,team2,kill,28.85
Warrior+Priest_vs_Mage+Shaman,Warrior+Priest,Mage+Shaman,37,team2,kill,30.78
Warrior+Priest_vs_Mage+Shaman,Warrior+Priest,Mage+Shaman,38,team2,kill,27.55
Warrior+Priest_vs_Mage+Shaman,Warrior+Priest,Mage+Shaman,39,team2,kill,33.47
Warrior+Priest_vs_Mage+Shaman,Warrior+Priest,Mage+Shaman,40,team2,kill,21.28
Warrior+Priest_vs_Mage+Shaman,Warrior+Priest,Mage+Shaman,41,team2,kill,29.62
Warrior+Priest_vs_Mage+Shaman,Warrior+Priest,Mage+Shaman,42,team2,kill,20.78
Warrior+Priest_vs_Mage+Shaman,Warrior+Priest,Mage+Shaman,43,team2,kill,39.25
Warrior+Priest_vs_Mage+Shaman,Warrior+Priest,Mage+Shaman,44,team2,kill,26.37
Warrior+Priest_vs_Mage+Shaman,Warrior+Priest,Mage+Shaman,45,team2,kill,31.08
Warrior+Priest_vs_Mage+Shaman,Warrior+Priest,Mage+Shaman,46,team2,kill,28.38
Warrior+Priest_vs_Mage+Shaman,Warrior+Priest,Mage+Shaman,47,team2,kill,34.55
Warrior+Priest_vs_Mage+Shaman,Warrior+Priest,Mage+Shaman,48,team2,kill,22.85
Warrior+Priest_vs_Mage+Shaman,Warrior+Priest,Mage+Shaman,49,team2,kill,29.75
Warrior+Priest_vs_Mage+Shaman,Warrior+Priest,Mage+Shaman,50,team2,kill,24.83
Warrior+Priest_vs_Mage+Shaman,Warrior+Priest,Mage+Shaman,51,team2,kill,28.85
Warrior+Priest_vs_Mage+Shaman,Warrior+Priest,Mage+Shaman,52,team2,kill,29.57
Warrior+Priest_vs_Mage+Shaman,Warrior+Priest,Mage+Shaman,53,team2,kill,28.38
Warrior+Priest_vs_Mage+Shaman,Warrior+Priest,Mage+Shaman,54,team2,kill,28.85
Warrior+Priest_vs_Mage+Shaman,Warrior+Priest,Mage+Shaman,55,team2,kill,37.75
Warrior+Priest_vs_Mage+Shaman,Warrior+Priest,Mage+Shaman,56,team2,kill,41.98
Warrior+Priest_vs_Mage+Shaman,Warrior+Priest,Mage+Shaman,57,team2,kill,20.40
Warrior+Priest_vs_Mage+Shaman,Warrior+Priest,Mage+Shaman,58,team2,kill,27.00
Warrior+Priest_vs_Mage+Shaman,Warrior+Priest,Mage+Shaman,59,team2,kill,28.85
Warrior+Priest_vs_Mage+Shaman,Warrior+Priest,Mage+Shaman,60,team2,kill,26.37
Warrior+Priest_vs_Mage+Shaman,Warrior+Priest,Mage+Shaman,61,team2,kill,32.32
Warrior+Priest_vs_Mage+Shaman,Warrior+Priest,Mage+Shaman,62,team2,kill,28.85
Warrior+Priest_vs_Mage+Shaman,Warrior+Priest,Mage+Shaman,63,team2,kill,30.72
Warrior+Priest_vs_Mage+Shaman,Warrior+Priest,Mage+Shaman,64,team2,kill,36.62
Warrior+Priest_vs_Mage+Shaman,Warrior+Priest,Mage+Shaman,65,team2,kill,31.52
Warrior+Priest_vs_Mage+Shaman,Warrior+Priest,Mage+Shaman,66,team2,kill,20.52
Warrior+Priest_vs_Mage+Shaman,Warrior+Priest,Mage+Shaman,67,team2,kill,26.37
Warrior+Priest_vs_Mage+Shaman,Warrior+Priest,Mage+Shaman,68,team2,kill,30.58
Warrior+Priest_vs_Mage+Shaman,Warrior+Priest,Mage+Shaman,69,team2,kill,22.85
Warrior+Priest_vs_Mage+Shaman,Warrior+Priest,Mage+Shaman,70,team2,kill,32.27
Warrior+Priest_vs_Mage+Shaman,Warrior+Priest,Mage+Shaman,71,team2,kill,30.07
Warrior+Priest_vs_Mage+Shaman,Warrior+Priest,Mage+Shaman,72,team2,kill,29.22
Warrior+Priest_vs_Mage+Shaman,Warrior+Priest,Mage+Shaman,73,team2,kill,26.37
Warrior+Priest_vs_Mage+Shaman,Warrior+Priest,Mage+Shaman,74,team2,kill,24.77
Warrior+Priest_vs_Mage+Shaman,Warrior+Priest,Mage+Shaman,75,team2,kill,22.85
Warrior+Priest_vs_Mage+Shaman,Warrior+Priest,Mage+Shaman,76,team2,kill,31.95
Warrior+Priest_vs_Mage+Shaman,Warrior+Priest,Mage+Shaman,77,team2,kill,22.85
Warrior+Priest_vs_Mage+Shaman,Warrior+Priest,Mage+Shaman,78,team2,kill,26.37
Warrior+Priest_vs_Mage+Shaman,Warrior+Priest,Mage+Shaman,79,team2,kill,20.27
Warrior+Priest_vs_Mage+Shaman,Warrior+Priest,Mage+Shaman,80,team2,kill,27.78
Warrior+Priest_vs_Mage+Shaman,Warrior+Priest,Mage+Shaman,81,team2,kill,21.95
Warrior+Priest_vs_Mage+Shaman,Warrior+Priest,Mage+Shaman,82,team2,kill,42.62
Warrior+Priest_vs_Mage+Shaman,Warrior+Priest,Mage+Shaman,83,team2,kill,28.85
Warrior+Priest_vs_Mage+Shaman,Warrior+Priest,Mage+Shaman,84,team2,kill,31.90
Warrior+Priest_vs_Mage+Shaman,Warrior+Priest,Mage+Shaman,85,team2,kill,29.42
Warrior+Priest_vs_Mage+Shaman,Warrior+Priest,Mage+Shaman,86,team2,kill,30.93
Warrior+Priest_vs_Mage+Shaman,Warrior+Priest,Mage+Shaman,87,team2,kill,32.40
Warrior+Priest_vs_Mage+Shaman,Warrior+Priest,Mage+Shaman,88,team2,kill,31.30
Warrior+Priest_vs_Mage+Shaman,Warrior+Priest,Mage+Shaman,89,team2,kill,31.55
Warrior+Priest_vs_Mage+Shaman,Warrior+Priest,Mage+Shaman,90,team2,kill,28.30
Warrior+Priest_vs_Mage+Shaman,Warrior+Priest,Mage+Shaman,91,team2,kill,28.67
Warrior+Priest_vs_Mage+Shaman,Warrior+Priest,Mage+Shaman,92,team2,kill,26.37
Warrior+Priest_vs_Mage+Shaman,Warrior+Priest,Mage+Shaman,93,team2,kill,64.77
Warrior+Priest_vs_Mage+Shaman,Warrior+Priest,Mage+Shaman,94,team2,kill,26.37
Warrior+Priest_vs_Mage+Shaman,Warrior+Priest,Mage+Shaman,95,team2,kill,26.37
Warrior+Priest_vs_Mage+Shaman,Warrior+Priest,Mage+Shaman,96,team2,kill,29.22
Warrior+Priest_vs_Mage+Shaman,Warrior+Priest,Mage+Shaman,97,team2,kill,22.85
Warrior+Priest_vs_Mage+Shaman,Warrior+Priest,Mage+Shaman,98,team2,kill,29.30
Warrior+Priest_vs_Mage+Shaman,Warrior+Priest,Mage+Shaman,99,team2,kill,35.15
Warrior+Priest_vs_Rogue+Priest,Warrior+Priest,Rogue+Priest,0,team2,kill,57.50
Warrior+Priest_vs_Rogue+Priest,Warrior+Priest,Rogue+Priest,1,team2,kill,60.78
Warrior+Priest_vs_Rogue+Priest,Warrior+Priest,Rogue+Priest,2,team1,kill,37.78
Warrior+Priest_vs_Rogue+Priest,Warrior+Priest,Rogue+Priest,3,team2,kill,58.98
Warrior+Priest_vs_Rogue+Priest,Warrior+Priest,Rogue+Priest,4,team2,kill,54.60
Warrior+Priest_vs_Rogue+Priest,Warrior+Priest,Rogue+Priest,5,team2,kill,55.72
Warrior+Priest_vs_Rogue+Priest,Warrior+Priest,Rogue+Priest,6,team2,kill,49.80
Warrior+Priest_vs_Rogue+Priest,Warrior+Priest,Rogue+Priest,7,team2,kill,54.92
Warrior+Priest_vs_Rogue+Priest,Warrior+Priest,Rogue+Priest,8,team2,kill,55.18
Warrior+Priest_vs_Rogue+Priest,Warrior+Priest,Rogue+Priest,9,team2,kill,54.32
Warrior+Priest_vs_Rogue+Priest,Warrior+Priest,Rogue+Priest,10,team2,kill,58.67
Warrior+Priest_vs_Rogue+Priest,Warrior+Priest,Rogue+Priest,11,team2,kill,57.52
Warrior+Priest_vs_Rogue+Priest,Warrior+Priest,Rogue+Priest,12,team1,kill,19.80
Warrior+Priest_vs_Rogue+Priest,Warrior+Priest,Rogue+Priest,13,team2,kill,60.67
Warrior+Priest_vs_Rogue+Priest,Warrior+Priest,Rogue+Priest,14,team2,kill,49.80
Warrior+Priest_vs_Rogue+Priest,Warrior+Priest,Rogue+Priest,15,team2,kill,53.77
Warrior+Priest_vs_Rogue+Priest,Warrior+Priest,Rogue+Priest,16,team2,kill,62.63
Warrior+Priest_vs_Rogue+Priest,Warrior+Priest,Rogue+Priest,17,team2,kill,50.35
Warrior+Priest_vs_Rogue+Priest,Warrior+Priest,Rogue+Priest,18,team2,kill,54.93
Warrior+Priest_vs_Rogue+Priest,Warrior+Priest,Rogue+Priest,19,team2,kill,51.80
Warrior+Priest_vs_Rogue+Priest,Warrior+Priest,Rogue+Priest,20,team2,kill,59.78
Warrior+Priest_vs_Rogue+Priest,Warrior+Priest,Rogue+Priest,21,team2,kill,48.30
Warrior+Priest_vs_Rogue+Priest,Warrior+Priest,Rogue+Priest,22,team2,kill,53.53
Warrior+Priest_vs_Rogue+Priest,Warrior+Priest,Rogue+Priest,23,team2,kill,52.88
Warrior+Priest_vs_Rogue+Priest,Warrior+Priest,Rogue+Priest,24,team2,kill,53.35
Warrior+Priest_vs_Rogue+Priest,Warrior+Priest,Rogue+Priest,25,team2,kill,52.30
Warrior+Priest_vs_Rogue+Priest,Warrior+Priest,Rogue+Priest,26,team2,kill,49.32
Warrior+Priest_vs_Rogue+Priest,Warrior+Priest,Rogue+Priest,27,team2,kill,55.83
Warrior+Priest_vs_Rogue+Priest,Warrior+Priest,Rogue+Priest,28,team2,kill,54.05
Warrior+Priest_vs_Rogue+Priest,Warrior+Priest,Rogue+Priest,29,team2,kill,56.75
Warrior+Priest_vs_Rogue+Priest,Warrior+Priest,Rogue+Priest,30,team2,kill,56.43
Warrior+Priest_vs_Rogue+Priest,Warrior+Priest,Rogue+Priest,31,team2,kill,55.58
Warrior+Priest_vs_Rogue+Priest,Warrior+Priest,Rogue+Priest,32,team2,kill,57.52
Warrior+Priest_vs_Rogue+Priest,Warrior+Priest,Rogue+Priest,33,team2,kill,54.68
Warrior+Priest_vs_Rogue+Priest,Warrior+Priest,Rogue+Priest,34,team2,kill,52.53
Warrior+Priest_vs_Rogue+Priest,Warrior+Priest,Rogue+Priest,35,team2,kill,60.35
Warrior+Priest_vs_Rogue+Priest,Warrior+Priest,Rogue+Priest,36,team2,kill,49.80
Warrior+Priest_vs_Rogue+Priest,Warrior+Priest,Rogue+Priest,37,team2,kill,53.35
Warrior+Priest_vs_Rogue+Priest,Warrior+Priest,Rogue+Priest,38,team2,kill,58.83
Warrior+Priest_vs_Rogue+Priest,Warrior+Priest,Rogue+Priest,39,team2,kill,56.17
Warrior+Priest_vs_Rogue+Priest,Warrior+Priest,Rogue+Priest,40,team2,kill,52.23
Warrior+Priest_vs_Rogue+Priest,Warrior+Priest,Rogue+Priest,41,team2,kill,56.83
Warrior+Priest_vs_Rogue+Priest,Warrior+Priest,Rogue+Priest,42,team2,kill,49.95
Warrior+Priest_vs_Rogue+Priest,Warrior+Priest,Rogue+Priest,43,team2,kill,54.45
Warrior+Priest_vs_Rogue+Priest,Warrior+Priest,Rogue+Priest,44,team2,kill,63.78
Warrior+Priest_vs_Rogue+Priest,Warrior+Priest,Rogue+Priest,45,team2,kill,60.20
Warrior+Priest_vs_Rogue+Priest,Warrior+Priest,Rogue+Priest,46,team2,kill,55.45
Warrior+Priest_vs_Rogue+Priest,Warrior+Priest,Rogue+Priest,47,team2,kill,55.63
Warrior+Priest_vs_Rogue+Priest,Warrior+Priest,Rogue+Priest,48,team2,kill,50.10
Warrior+Priest_vs_Rogue+Priest,Warrior+Priest,Rogue+Priest,49,team2,kill,54.73
Warrior+Priest_vs_Rogue+Priest,Warrior+Priest,Rogue+Priest,50,team2,kill,60.60
Warrior+Priest_vs_Rogue+Priest,Warrior+Priest,Rogue+Priest,51,team1,kill,40.50
Warrior+Priest_vs_Rogue+Priest,Warrior+Priest,Rogue+Priest,52,team2,kill,52.68
Warrior+Priest_vs_Rogue+Priest,Warrior+Priest,Rogue+Priest,53,team2,kill,58.97
Warrior+Priest_vs_Rogue+Priest,Warrior+Priest,Rogue+Priest,54,team2,kill,58.32
Warrior+Priest_vs_Rogue+Priest,Warrior+Priest,Rogue+Priest,55,team2,kill,56.12
Warrior+Priest_vs_Rogue+Priest,Warrior+Priest,Rogue+Priest,56,team2,kill,61.18
Warrior+Priest_vs_Rogue+Priest,Warrior+Priest,Rogue+Priest,57,team2,kill,51.85
Warrior+Priest_vs_Rogue+Priest,Warrior+Priest,Rogue+Priest,58,team2,kill,54.92
Warrior+Priest_vs_Rogue+Priest,Warrior+Priest,Rogue+Priest,59,team2,kill,57.58
Warrior+Priest_vs_Rogue+Priest,Warrior+Priest,Rogue+Priest,60,team2,kill,59.42
Warrior+Priest_vs_Rogue+Priest,Warrior+Priest,Rogue+Priest,61,team2,kill,50.47
Warrior+Priest_vs_Rogue+Priest,Warrior+Priest,Rogue+Priest,62,team2,kill,60.63
Warrior+Priest_vs_Rogue+Priest,Warrior+Priest,Rogue+Priest,63,team2,kill,55.92
Warrior+Priest_vs_Rogue+Priest,Warrior+Priest,Rogue+Priest,64,team2,kill,60.73
Warrior+Priest_vs_Rogue+Priest,Warrior+Priest,Rogue+Priest,65,team2,kill,56.55
Warrior+Priest_vs_Rogue+Priest,Warrior+Priest,Rogue+Priest,66,team2,kill,65.62
Warrior+Priest_vs_Rogue+Priest,Warrior+Priest,Rogue+Priest,67,team2,kill,46.68
Warrior+Priest_vs_Rogue+Priest,Warrior+Priest,Rogue+Priest,68,team2,kill,59.45
Warrior+Priest_vs_Rogue+Priest,Warrior+Priest,Rogue+Priest,69,team2,kill,54.98
Warrior+Priest_vs_Rogue+Priest,Warrior+Priest,Rogue+Priest,70,team2,kill,53.47
Warrior+Priest_vs_Rogue+Priest,Warrior+Priest,Rogue+Priest,71,team2,kill,57.97
Warrior+Priest_vs_Rogue+Priest,Warrior+Priest,Rogue+Priest,72,team2,kill,54.38
Warrior+Priest_vs_Rogue+Priest,Warrior+Priest,Rogue+Priest,73,team2,kill,54.58
Warrior+Priest_vs_Rogue+Priest,Warrior+Priest,Rogue+Priest,74,team2,kill,57.80
Warrior+Priest_vs_Rogue+Priest,Warrior+Priest,Rogue+Priest,75,team2,kill,49.73
Warrior+Priest_vs_Rogue+Priest,Warrior+Priest,Rogue+Priest,76,team2,kill,62.63
Warrior+Priest_vs_Rogue+Priest,Warrior+Priest,Rogue+Priest,77,team2,kill,56.27
Warrior+Priest_vs_Rogue+Priest,Warrior+Priest,Rogue+Priest,78,team2,kill,53.10
Warrior+Priest_vs_Rogue+Priest,Warrior+Priest,Rogue+Priest,79,team2,kill,52.27
Warrior+Priest_vs_Rogue+Priest,Warrior+Priest,Rogue+Priest,80,team2,kill,52.55
Warrior+Priest_vs_Rogue+Priest,Warrior+Priest,Rogue+Priest,81,team2,kill,53.92
Warrior+Priest_vs_Rogue+Priest,Warrior+Priest,Rogue+Priest,82,team2,kill,59.27
Warrior+Priest_vs_Rogue+Priest,Warrior+Priest,Rogue+Priest,83,team2,kill,56.42
Warrior+Priest_vs_Rogue+Priest,Warrior+Priest,Rogue+Priest,84,team2,kill,58.53
Warrior+Priest_vs_Rogue+Priest,Warrior+Priest,Rogue+Priest,85,team2,kill,53.17
Warrior+Priest_vs_Rogue+Priest,Warrior+Priest,Rogue+Priest,86,team2,kill,57.33
Warrior+Priest_vs_Rogue+Priest,Warrior+Priest,Rogue+Priest,87,team2,kill,59.23
Warrior+Priest_vs_Rogue+Priest,Warrior+Priest,Rogue+Priest,88,team2,kill,61.90
Warrior+Priest_vs_Rogue+Priest,Warrior+Priest,Rogue+Priest,89,team2,kill,61.05
Warrior+Priest_vs_Rogue+Priest,Warrior+Priest,Rogue+Priest,90,team2,kill,63.77
Warrior+Priest_vs_Rogue+Priest,Warrior+Priest,Rogue+Priest,91,team2,kill,58.82
Warrior+Priest_vs_Rogue+Priest,Warrior+Priest,Rogue+Priest,92,team2,kill,56.07
Warrior+Priest_vs_Rogue+Priest,Warrior+Priest,Rogue+Priest,93,team2,kill,52.88
Warrior+Priest_vs_Rogue+Priest,Warrior+Priest,Rogue+Priest,94,team2,kill,57.75
Warrior+Priest_vs_Rogue+Priest,Warrior+Priest,Rogue+Priest,95,team1,kill,16.13
Warrior+Priest_vs_Rogue+Priest,Warrior+Priest,Rogue+Priest,96,team2,kill,50.87
Warrior+Priest_vs_Rogue+Priest,Warrior+Priest,Rogue+Priest,97,team2,kill,60.53
Warrior+Priest_vs_Rogue+Priest,Warrior+Priest,Rogue+Priest,98,team2,kill,55.65
Warrior+Priest_vs_Rogue+Priest,Warrior+Priest,Rogue+Priest,99,team2,kill,52.00
Warrior+Priest_vs_Rogue+Warlock,Warrior+Priest,Rogue+Warlock,0,team1,kill,31.38
Warrior+Priest_vs_Rogue+Warlock,Warrior+Priest,Rogue+Warlock,1,team1,kill,32.28
Warrior+Priest_vs_Rogue+Warlock,Warrior+Priest,Rogue+Warlock,2,team1,kill,29.72
Warrior+Priest_vs_Rogue+Warlock,Warrior+Priest,Rogue+Warlock,3,team1,kill,30.20
Warrior+Priest_vs_Rogue+Warlock,Warrior+Priest,Rogue+Warlock,4,team1,kill,27.08
Warrior+Priest_vs_Rogue+Warlock,Warrior+Priest,Rogue+Warlock,5,team1,kill,31.72
Warrior+Priest_vs_Rogue+Warlock,Warrior+Priest,Rogue+Warlock,6,team1,kill,31.97
Warrior+Priest_vs_Rogue+Warlock,Warrior+Priest,Rogue+Warlock,7,team1,kill,29.53
Warrior+Priest_vs_Rogue+Warlock,Warrior+Priest,Rogue+Warlock,8,team1,kill,29.83
Warrior+Priest_vs_Rogue+Warlock,Warrior+Priest,Rogue+Warlock,9,team1,kill,32.07
Warrior+Priest_vs_Rogue+Warlock,Warrior+Priest,Rogue+Warlock,10,team2,kill,22.77
Warrior+Priest_vs_Rogue+Warlock,Warrior+Priest,Rogue+Warlock,11,team1,kill,34.02
Warrior+Priest_vs_Rogue+Warlock,Warrior+Priest,Rogue+Warlock,12,team2,kill,21.17
Warrior+Priest_vs_Rogue+Warlock,Warrior+Priest,Rogue+Warlock,13,team1,kill,29.85
Warrior+Priest_vs_Rogue+Warlock,Warrior+Priest,Rogue+Warlock,14,team2,kill,24.28
Warrior+Priest_vs_Rogue+Warlock,Warrior+Priest,Rogue+Warlock,15,team1,kill,37.18
Warrior+Priest_vs_Rogue+Warlock,Warrior+Priest,Rogue+Warlock,16,team1,kill,30.07
Warrior+Priest_vs_Rogue+Warlock,Warrior+Priest,Rogue+Warlock,17,team1,kill,34.35
Warrior+Priest_vs_Rogue+Warlock,Warrior+Priest,Rogue+Warlock,18,team1,kill,33.32
Warrior+Priest_vs_Rogue+Warlock,Warrior+Priest,Rogue+Warlock,19,team1,kill,32.33
Warrior+Priest_vs_Rogue+Warlock,Warrior+Priest,Rogue+Warlock,20,team1,kill,25.30
Warrior+Priest_vs_Rogue+Warlock,Warrior+Priest,Rogue+Warlock,21,team1,kill,27.13
Warrior+Priest_vs_Rogue+Warlock,Warrior+Priest,Rogue+Warlock,22,team1,kill,31.30
Warrior+Priest_vs_Rogue+Warlock,Warrior+Priest,Rogue+Warlock,23,team1,kill,31.82
Warrior+Priest_vs_Rogue+Warlock,Warrior+Priest,Rogue+Warlock,24,team1,kill,30.60
Warrior+Priest_vs_Rogue+Warlock,Warrior+Priest,Rogue+Warlock,25,team1,kill,32.92
Warrior+Priest_vs_Rogue+Warlock,Warrior+Priest,Rogue+Warlock,26,team1,kill,31.68
Warrior+Priest_vs_Rogue+Warlock,Warrior+Priest,Rogue+Warlock,27,team1,kill,32.80
Warrior+Priest_vs_Rogue+Warlock,Warrior+Priest,Rogue+Warlock,28,team2,kill,24.28
Warrior+Priest_vs_Rogue+Warlock,Warrior+Priest,Rogue+Warlock,29,team1,kill,27.12
Warrior+Priest_vs_Rogue+Warlock,Warrior+Priest,Rogue+Warlock,30,team1,kill,31.48
Warrior+Priest_vs_Rogue+Warlock,Warrior+Priest,Rogue+Warlock,31,team1,kill,29.87
Warrior+Priest_vs_Rogue+Warlock,Warrior+Priest,Rogue+Warlock,32,team1,kill,30.40
Warrior+Priest_vs_Rogue+Warlock,Warrior+Priest,Rogue+Warlock,33,team1,kill,30.02
Warrior+Priest_vs_Rogue+Warlock,Warrior+Priest,Rogue+Warlock,34,team1,kill,32.02
Warrior+Priest_vs_Rogue+Warlock,Warrior+Priest,Rogue+Warlock,35,team1,kill,30.93
Warrior+Priest_vs_Rogue+Warlock,Warrior+Priest,Rogue+Warlock,36,team1,kill,30.33
Warrior+Priest_vs_Rogue+Warlock,Warrior+Priest,Rogue+Warlock,37,team1,kill,31.85
Warrior+Priest_vs_Rogue+Warlock,Warrior+Priest,Rogue+Warlock,38,team1,kill,29.77
Warrior+Priest_vs_Rogue+Warlock,Warrior+Priest,Rogue+Warlock,39,team1,kill,29.73
Warrior+Priest_vs_Rogue+Warlock,Warrior+Priest,Rogue+Warlock,40,team1,kill,36.33
Warrior+Priest_vs_Rogue+Warlock,Warrior+Priest,Rogue+Warlock,41,team1,kill,29.78
Warrior+Priest_vs_Rogue+Warlock,Warrior+Priest,Rogue+Warlock,42,team2,kill,44.78
Warrior+Priest_vs_Rogue+Warlock,Warrior+Priest,Rogue+Warlock,43,team1,kill,29.38
Warrior+Priest_vs_Rogue+Warlock,Warrior+Priest,Rogue+Warlock,44,team2,kill,22.77
Warrior+Priest_vs_Rogue+Warlock,Warrior+Priest,Rogue+Warlock,45,team1,kill,34.00
Warrior+Priest_vs_Rogue+Warlock,Warrior+Priest,Rogue+Warlock,46,team1,kill,32.08
Warrior+Priest_vs_Rogue+Warlock,Warrior+Priest,Rogue+Warlock,47,team1,kill,31.22
Warrior+Priest_vs_Rogue+Warlock,Warrior+Priest,Rogue+Warlock,48,team1,kill,33.07
Warrior+Priest_vs_Rogue+Warlock,Warrior+Priest,Rogue+Warlock,49,team2,kill,27.92
Warrior+Priest_vs_Rogue+Warlock,Warrior+Priest,Rogue+Warlock,50,team1,kill,35.83
Warrior+Priest_vs_Rogue+Warlock,Warrior+Priest,Rogue+Warlock,51,team1,kill,32.07
Warrior+Priest_vs_Rogue+Warlock,Warrior+Priest,Rogue+Warlock,52,team1,kill,29.18
Warrior+Priest_vs_Rogue+Warlock,Warrior+Priest,Rogue+Warlock,53,team1,kill,30.08
Warrior+Priest_vs_Rogue+Warlock,Warrior+Priest,Rogue+Warlock,54,team1,kill,32.07
Warrior+Priest_vs_Rogue+Warlock,Warrior+Priest,Rogue+Warlock,55,team1,kill,32.82
Warrior+Priest_vs_Rogue+Warlock,Warrior+Priest,Rogue+Warlock,56,team1,kill,33.10
Warrior+Priest_vs_Rogue+Warlock,Warrior+Priest,Rogue+Warlock,57,team1,kill,43.08
Warrior+Priest_vs_Rogue+Warlock,Warrior+Priest,Rogue+Warlock,58,team1,kill,35.82
Warrior+Priest_vs_Rogue+Warlock,Warrior+Priest,Rogue+Warlock,59,team1,kill,26.13
Warrior+Priest_vs_Rogue+Warlock,Warrior+Priest,Rogue+Warlock,60,team2,kill,48.08
Warrior+Priest_vs_Rogue+Warlock,Warrior+Priest,Rogue+Warlock,61,team1,kill,35.43
Warrior+Priest_vs_Rogue+Warlock,Warrior+Priest,Rogue+Warlock,62,team1,kill,30.05
Warrior+Priest_vs_Rogue+Warlock,Warrior+Priest,Rogue+Warlock,63,team1,kill,36.57
Warrior+Priest_vs_Rogue+Warlock,Warrior+Priest,Rogue+Warlock,64,team1,kill,32.65
Warrior+Priest_vs_Rogue+Warlock,Warrior+Priest,Rogue+Warlock,65,team1,kill,35.68
Warrior+Priest_vs_Rogue+Warlock,Warrior+Priest,Rogue+Warlock,66,team2,kill,24.25
Warrior+Priest_vs_Rogue+Warlock,Warrior+Priest,Rogue+Warlock,67,team1,kill,43.88
Warrior+Priest_vs_Rogue+Warlock,Warrior+Priest,Rogue+Warlock,68,team1,kill,32.28
Warrior+Priest_vs_Rogue+Warlock,Warrior+Priest,Rogue+Warlock,69,team1,kill,32.88
Warrior+Priest_vs_Rogue+Warlock,Warrior+Priest,Rogue+Warlock,70,team1,kill,31.25
Warrior+Priest_vs_Rogue+Warlock,Warrior+Priest,Rogue+Warlock,71,team1,kill,37.50
Warrior+Priest_vs_Rogue+Warlock,Warrior+Priest,Rogue+Warlock,72,team1,kill,33.22
Warrior+Priest_vs_Rogue+Warlock,Warrior+Priest,Rogue+Warlock,73,team1,kill,32.77
Warrior+Priest_vs_Rogue+Warlock,Warrior+Priest,Rogue+Warlock,74,team2,kill,24.17
Warrior+Priest_vs_Rogue+Warlock,Warrior+Priest,Rogue+Warlock,75,team1,kill,28.80
Warrior+Priest_vs_Rogue+Warlock,Warrior+Priest,Rogue+Warlock,76,team1,kill,31.87
Warrior+Priest_vs_Rogue+Warlock,Warrior+Priest,Rogue+Warlock,77,team1,kill,31.60
Warrior+Priest_vs_Rogue+Warlock,Warrior+Priest,Rogue+Warlock,78,team1,kill,32.07
Warrior+Priest_vs_Rogue+Warlock,Warrior+Priest,Rogue+Warlock,79,team1,kill,36.98
Warrior+Priest_vs_Rogue+Warlock,Warrior+Priest,Rogue+Warlock,80,team2,kill,24.28
Warrior+Priest_vs_Rogue+Warlock,Warrior+Priest,Rogue+Warlock,81,team1,kill,40.45
Warrior+Priest_vs_Rogue+Warlock,Warrior+Priest,Rogue+Warlock,82,team1,kill,26.10
Warrior+Priest_vs_Rogue+Warlock,Warrior+Priest,Rogue+Warlock,83,team1,kill,32.00
Warrior+Priest_vs_Rogue+Warlock,Warrior+Priest,Rogue+Warlock,84,team1,kill,33.78
Warrior+Priest_vs_Rogue+Warlock,Warrior+Priest,Rogue+Warlock,85,team1,kill,37.32
Warrior+Priest_vs_Rogue+Warlock,Warrior+Priest,Rogue+Warlock,86,team1,kill,29.90
Warrior+Priest_vs_Rogue+Warlock,Warrior+Priest,Rogue+Warlock,87,team1,kill,32.32
Warrior+Priest_vs_Rogue+Warlock,Warrior+Priest,Rogue+Warlock,88,team1,kill,32.80
Warrior+Priest_vs_Rogue+Warlock,Warrior+Priest,Rogue+Warlock,89,team1,kill,32.35
Warrior+Priest_vs_Rogue+Warlock,Warrior+Priest,Rogue+Warlock,90,team1,kill,38.77
Warrior+Priest_vs_Rogue+Warlock,Warrior+Priest,Rogue+Warlock,91,team1,kill,33.58
Warrior+Priest_vs_Rogue+Warlock,Warrior+Priest,Rogue+Warlock,92,team1,kill,29.85
Warrior+Priest_vs_Rogue+Warlock,Warrior+Priest,Rogue+Warlock,93,team1,kill,33.07
Warrior+Priest_vs_Rogue+Warlock,Warrior+Priest,Rogue+Warlock,94,team2,kill,24.28
Warrior+Priest_vs_Rogue+Warlock,Warrior+Priest,Rogue+Warlock,95,team1,kill,30.30
Warrior+Priest_vs_Rogue+Warlock,Warrior+Priest,Rogue+Warlock,96,team1,kill,40.03
Warrior+Priest_vs_Rogue+Warlock,Warrior+Priest,Rogue+Warlock,97,team1,kill,34.58
Warrior+Priest_vs_Rogue+Warlock,Warrior+Priest,Rogue+Warlock,98,team1,kill,31.82
Warrior+Priest_vs_Rogue+Warlock,Warrior+Priest,Rogue+Warlock,99,team1,kill,34.75
Warrior+Priest_vs_Rogue+Paladin,Warrior+Priest,Rogue+Paladin,0,team1,kill,64.72
Warrior+Priest_vs_Rogue+Paladin,Warrior+Priest,Rogue+Paladin,1,team1,kill,74.85
Warrior+Priest_vs_Rogue+Paladin,Warrior+Priest,Rogue+Paladin,2,team2,kill,55.90
Warrior+Priest_vs_Rogue+Paladin,Warrior+Priest,Rogue+Paladin,3,team2,kill,64.70
Warrior+Priest_vs_Rogue+Paladin,Warrior+Priest,Rogue+Paladin,4,team2,kill,65.52
Warrior+Priest_vs_Rogue+Paladin,Warrior+Priest,Rogue+Paladin,5,team2,kill,55.98
Warrior+Priest_vs_Rogue+Paladin,Warrior+Priest,Rogue+Paladin,6,team2,kill,54.23
Warrior+Priest_vs_Rogue+Paladin,Warrior+Priest,Rogue+Paladin,7,team2,kill,55.92
Warrior+Priest_vs_Rogue+Paladin,Warrior+Priest,Rogue+Paladin,8,team2,kill,56.12
Warrior+Priest_vs_Rogue+Paladin,Warrior+Priest,Rogue+Paladin,9,team2,kill,59.43
Warrior+Priest_vs_Rogue+Paladin,Warrior+Priest,Rogue+Paladin,10,team1,kill,72.80
Warrior+Priest_vs_Rogue+Paladin,Warrior+Priest,Rogue+Paladin,11,team2,kill,53.90
Warrior+Priest_vs_Rogue+Paladin,Warrior+Priest,Rogue+Paladin,12,team1,kill,64.75
Warrior+Priest_vs_Rogue+Paladin,Warrior+Priest,Rogue+Paladin,13,team2,kill,63.40
Warrior+Priest_vs_Rogue+Paladin,Warrior+Priest,Rogue+Paladin,14,team2,kill,54.57
Warrior+Priest_vs_Rogue+Paladin,Warrior+Priest,Rogue+Paladin,15,team1,kill,67.27
Warrior+Priest_vs_Rogue+Paladin,Warrior+Priest,Rogue+Paladin,16,team1,kill,63.95
Warrior+Priest_vs_Rogue+Paladin,Warrior+Priest,Rogue+Paladin,17,team2,kill,55.43
Warrior+Priest_vs_Rogue+Paladin,Warrior+Priest,Rogue+Paladin,18,team2,kill,67.80
Warrior+Priest_vs_Rogue+Paladin,Warrior+Priest,Rogue+Paladin,19,team1,kill,56.62
Warrior+Priest_vs_Rogue+Paladin,Warrior+Priest,Rogue+Paladin,20,team2,kill,69.33
Warrior+Priest_vs_Rogue+Paladin,Warrior+Priest,Rogue+Paladin,21,team1,kill,66.55
Warrior+Priest_vs_Rogue+Paladin,Warrior+Priest,Rogue+Paladin,22,team2,kill,61.90
Warrior+Priest_vs_Rogue+Paladin,Warrior+Priest,Rogue+Paladin,23,team1,kill,70.28
Warrior+Priest_vs_Rogue+Paladin,Warrior+Priest,Rogue+Paladin,24,team1,kill,62.62
Warrior+Priest_vs_Rogue+Paladin,Warrior+Priest,Rogue+Paladin,25,team2,kill,57.47
Warrior+Priest_vs_Rogue+Paladin,Warrior+Priest,Rogue+Paladin,26,team2,kill,57.53
Warrior+Priest_vs_Rogue+Paladin,Warrior+Priest,Rogue+Paladin,27,team1,kill,64.83
Warrior+Priest_vs_Rogue+Paladin,Warrior+Priest,Rogue+Paladin,28,team2,kill,141.49
Warrior+Priest_vs_Rogue+Paladin,Warrior+Priest,Rogue+Paladin,29,team2,kill,53.93
Warrior+Priest_vs_Rogue+Paladin,Warrior+Priest,Rogue+Paladin,30,team2,kill,53.43
Warrior+Priest_vs_Rogue+Paladin,Warrior+Priest,Rogue+Paladin,31,team1,kill,64.70
Warrior+Priest_vs_Rogue+Paladin,Warrior+Priest,Rogue+Paladin,32,team2,kill,64.25
Warrior+Priest_vs_Rogue+Paladin,Warrior+Priest,Rogue+Paladin,33,team2,kill,56.08
Warrior+Priest_vs_Rogue+Paladin,Warrior+Priest,Rogue+Paladin,34,team1,kill,63.17
Warrior+Priest_vs_Rogue+Paladin,Warrior+Priest,Rogue+Paladin,35,team1,kill,66.00
Warrior+Priest_vs_Rogue+Paladin,Warrior+Priest,Rogue+Paladin,36,team2,kill,53.90
Warrior+Priest_vs_Rogue+Paladin,Warrior+Priest,Rogue+Paladin,37,team1,kill,65.55
Warrior+Priest_vs_Rogue+Paladin,Warrior+Priest,Rogue+Paladin,38,team2,kill,65.57
Warrior+Priest_vs_Rogue+Paladin,Warrior+Priest,Rogue+Paladin,39,team1,kill,161.84
Warrior+Priest_vs_Rogue+Paladin,Warrior+Priest,Rogue+Paladin,40,team1,kill,179.77
Warrior+Priest_vs_Rogue+Paladin,Warrior+Priest,Rogue+Paladin,41,team1,kill,71.50
Warrior+Priest_vs_Rogue+Paladin,Warrior+Priest,Rogue+Paladin,42,team2,kill,125.43
Warrior+Priest_vs_Rogue+Paladin,Warrior+Priest,Rogue+Paladin,43,team2,kill,57.43
Warrior+Priest_vs_Rogue+Paladin,Warrior+Priest,Rogue+Paladin,44,team1,kill,62.35
Warrior+Priest_vs_Rogue+Paladin,Warrior+Priest,Rogue+Paladin,45,team1,kill,61.75
Warrior+Priest_vs_Rogue+Paladin,Warrior+Priest,Rogue+Paladin,46,team1,kill,147.39
Warrior+Priest_vs_Rogue+Paladin,Warrior+Priest,Rogue+Paladin,47,team2,kill,61.97
Warrior+Priest_vs_Rogue+Paladin,Warrior+Priest,Rogue+Paladin,48,team2,kill,56.13
Warrior+Priest_vs_Rogue+Paladin,Warrior+Priest,Rogue+Paladin,49,team1,kill,63.78
Warrior+Priest_vs_Rogue+Paladin,Warrior+Priest,Rogue+Paladin,50,team2,kill,57.80
Warrior+Priest_vs_Rogue+Paladin,Warrior+Priest,Rogue+Paladin,51,team2,kill,62.33
Warrior+Priest_vs_Rogue+Paladin,Warrior+Priest,Rogue+Paladin,52,team2,kill,67.88
Warrior+Priest_vs_Rogue+Paladin,Warrior+Priest,Rogue+Paladin,53,team2,kill,56.67
Warrior+Priest_vs_Rogue+Paladin,Warrior+Priest,Rogue+Paladin,54,team1,kill,71.83
Warrior+Priest_vs_Rogue+Paladin,Warrior+Priest,Rogue+Paladin,55,team1,kill,67.15
Warrior+Priest_vs_Rogue+Paladin,Warrior+Priest,Rogue+Paladin,56,team1,kill,64.22
Warrior+Priest_vs_Rogue+Paladin,Warrior+Priest,Rogue+Paladin,57,team2,kill,57.93
Warrior+Priest_vs_Rogue+Paladin,Warrior+Priest,Rogue+Paladin,58,team1,kill,53.73
Warrior+Priest_vs_Rogue+Paladin,Warrior+Priest,Rogue+Paladin,59,team1,kill,73.23
Warrior+Priest_vs_Rogue+Paladin,Warrior+Priest,Rogue+Paladin,60,team1,kill,63.47
Warrior+Priest_vs_Rogue+Paladin,Warrior+Priest,Rogue+Paladin,61,team1,kill,76.97
Warrior+Priest_vs_Rogue+Paladin,Warrior+Priest,Rogue+Paladin,62,team2,kill,63.53
Warrior+Priest_vs_Rogue+Paladin,Warrior+Priest,Rogue+Paladin,63,team1,kill,64.68
Warrior+Priest_vs_Rogue+Paladin,Warrior+Priest,Rogue+Paladin,64,team2,kill,57.20
Warrior+Priest_vs_Rogue+Paladin,Warrior+Priest,Rogue+Paladin,65,team2,kill,57.27
Warrior+Priest_vs_Rogue+Paladin,Warrior+Priest,Rogue+Paladin,66,team1,kill,80.09
Warrior+Priest_vs_Rogue+Paladin,Warrior+Priest,Rogue+Paladin,67,team2,kill,62.38
Warrior+Priest_vs_Rogue+Paladin,Warrior+Priest,Rogue+Paladin,68,team2,kill,57.68
Warrior+Priest_vs_Rogue+Paladin,Warrior+Priest,Rogue+Paladin,69,team1,kill,72.10
Warrior+Priest_vs_Rogue+Paladin,Warrior+Priest,Rogue+Paladin,70,team1,kill,63.20
Warrior+Priest_vs_Rogue+Paladin,Warrior+Priest,Rogue+Paladin,71,team2,kill,49.43
Warrior+Priest_vs_Rogue+Paladin,Warrior+Priest,Rogue+Paladin,72,team1,kill,161.19
Warrior+Priest_vs_Rogue+Paladin,Warrior+Priest,Rogue+Paladin,73,team2,kill,56.75
Warrior+Priest_vs_Rogue+Paladin,Warrior+Priest,Rogue+Paladin,74,team1,kill,64.08
Warrior+Priest_vs_Rogue+Paladin,Warrior+Priest,Rogue+Paladin,75,team1,kill,66.47
Warrior+Priest_vs_Rogue+Paladin,Warrior+Priest,Rogue+Paladin,76,team2,kill,60.20
Warrior+Priest_vs_Rogue+Paladin,Warrior+Priest,Rogue+Paladin,77,team1,kill,62.13
Warrior+Priest_vs_Rogue+Paladin,Warrior+Priest,Rogue+Paladin,78,team1,kill,160.84
Warrior+Priest_vs_Rogue+Paladin,Warrior+Priest,Rogue+Paladin,79,team1,kill,66.07
Warrior+Priest_vs_Rogue+Paladin,Warrior+Priest,Rogue+Paladin,80,team1,kill,64.83
Warrior+Priest_vs_Rogue+Paladin,Warrior+Priest,Rogue+Paladin,81,team1,kill,62.55
Warrior+Priest_vs_Rogue+Paladin,Warrior+Priest,Rogue+Paladin,82,team1,kill,61.02
Warrior+Priest_vs_Rogue+Paladin,Warrior+Priest,Rogue+Paladin,83,team2,kill,65.63
Warrior+Priest_vs_Rogue+Paladin,Warrior+Priest,Rogue+Paladin,84,team1,kill,158.02
Warrior+Priest_vs_Rogue+Paladin,Warrior+Priest,Rogue+Paladin,85,team1,kill,162.27
Warrior+Priest_vs_Rogue+Paladin,Warrior+Priest,Rogue+Paladin,86,team1,kill,72.57
Warrior+Priest_vs_Rogue+Paladin,Warrior+Priest,Rogue+Paladin,87,team2,kill,68.62
Warrior+Priest_vs_Rogue+Paladin,Warrior+Priest,Rogue+Paladin,88,team1,kill,62.10
Warrior+Priest_vs_Rogue+Paladin,Warrior+Priest,Rogue+Paladin,89,team2,kill,55.43
Warrior+Priest_vs_Rogue+Paladin,Warrior+Priest,Rogue+Paladin,90,team2,kill,58.62
Warrior+Priest_vs_Rogue+Paladin,Warrior+Priest,Rogue+Paladin,91,team2,kill,62.43
Warrior+Priest_vs_Rogue+Paladin,Warrior+Priest,Rogue+Paladin,92,team1,kill,66.20
Warrior+Priest_vs_Rogue+Paladin,Warrior+Priest,Rogue+Paladin,93,team2,kill,55.95
Warrior+Priest_vs_Rogue+Paladin,Warrior+Priest,Rogue+Paladin,94,team2,kill,66.90
Warrior+Priest_vs_Rogue+Paladin,Warrior+Priest,Rogue+Paladin,95,team1,kill,61.32
Warrior+Priest_vs_Rogue+Paladin,Warrior+Priest,Rogue+Paladin,96,team2,kill,62.83
Warrior+Priest_vs_Rogue+Paladin,Warrior+Priest,Rogue+Paladin,97,team1,kill,62.73
Warrior+Priest_vs_Rogue+Paladin,Warrior+Priest,Rogue+Paladin,98,team2,kill,53.90
Warrior+Priest_vs_Rogue+Paladin,Warrior+Priest,Rogue+Paladin,99,team2,kill,53.43
Warrior+Priest_vs_Rogue+Hunter,Warrior+Priest,Rogue+Hunter,0,team2,kill,55.72
Warrior+Priest_vs_Rogue+Hunter,Warrior+Priest,Rogue+Hunter,1,team2,kill,48.42
Warrior+Priest_vs_Rogue+Hunter,Warrior+Priest,Rogue+Hunter,2,team2,kill,48.07
Warrior+Priest_vs_Rogue+Hunter,Warrior+Priest,Rogue+Hunter,3,team2,kill,55.92
Warrior+Priest_vs_Rogue+Hunter,Warrior+Priest,Rogue+Hunter,4,team2,kill,49.05
Warrior+Priest_vs_Rogue+Hunter,Warrior+Priest,Rogue+Hunter,5,team2,kill,54.03
Warrior+Priest_vs_Rogue+Hunter,Warrior+Priest,Rogue+Hunter,6,team2,kill,48.82
Warrior+Priest_vs_Rogue+Hunter,Warrior+Priest,Rogue+Hunter,7,team2,kill,45.65
Warrior+Priest_vs_Rogue+Hunter,Warrior+Priest,Rogue+Hunter,8,team2,kill,56.02
Warrior+Priest_vs_Rogue+Hunter,Warrior+Priest,Rogue+Hunter,9,team2,kill,46.25
Warrior+Priest_vs_Rogue+Hunter,Warrior+Priest,Rogue+Hunter,10,team2,kill,46.97
Warrior+Priest_vs_Rogue+Hunter,Warrior+Priest,Rogue+Hunter,11,team2,kill,47.77
Warrior+Priest_vs_Rogue+Hunter,Warrior+Priest,Rogue+Hunter,12,team2,kill,50.88
Warrior+Priest_vs_Rogue+Hunter,Warrior+Priest,Rogue+Hunter,13,team2,kill,47.17
Warrior+Priest_vs_Rogue+Hunter,Warrior+Priest,Rogue+Hunter,14,team2,kill,54.97
Warrior+Priest_vs_Rogue+Hunter,Warrior+Priest,Rogue+Hunter,15,team2,kill,49.05
Warrior+Priest_vs_Rogue+Hunter,Warrior+Priest,Rogue+Hunter,16,team2,kill,48.50
Warrior+Priest_vs_Rogue+Hunter,Warrior+Priest,Rogue+Hunter,17,team2,kill,48.52
Warrior+Priest_vs_Rogue+Hunter,Warrior+Priest,Rogue+Hunter,18,team2,kill,49.93
Warrior+Priest_vs_Rogue+Hunter,Warrior+Priest,Rogue+Hunter,19,team2,kill,48.35
Warrior+Priest_vs_Rogue+Hunter,Warrior+Priest,Rogue+Hunter,20,team2,kill,51.73
Warrior+Priest_vs_Rogue+Hunter,Warrior+Priest,Rogue+Hunter,21,team2,kill,56.22
Warrior+Priest_vs_Rogue+Hunter,Warrior+Priest,Rogue+Hunter,22,team2,kill,47.97
Warrior+Priest_vs_Rogue+Hunter,Warrior+Priest,Rogue+Hunter,23,team2,kill,48.88
Warrior+Priest_vs_Rogue+Hunter,Warrior+Priest,Rogue+Hunter,24,team2,kill,54.32
Warrior+Priest_vs_Rogue+Hunter,Warrior+Priest,Rogue+Hunter,25,team2,kill,54.20
Warrior+Priest_vs_Rogue+Hunter,Warrior+Priest,Rogue+Hunter,26,team2,kill,45.77
Warrior+Priest_vs_Rogue+Hunter,Warrior+Priest,Rogue+Hunter,27,team2,kill,48.52
Warrior+Priest_vs_Rogue+Hunter,Warrior+Priest,Rogue+Hunter,28,team2,kill,48.53
Warrior+Priest_vs_Rogue+Hunter,Warrior+Priest,Rogue+Hunter,29,team2,kill,48.85
Warrior+Priest_vs_Rogue+Hunter,Warrior+Priest,Rogue+Hunter,30,team2,kill,49.57
Warrior+Priest_vs_Rogue+Hunter,Warrior+Priest,Rogue+Hunter,31,team2,kill,47.75
Warrior+Priest_vs_Rogue+Hunter,Warrior+Priest,Rogue+Hunter,32,team2,kill,56.02
Warrior+Priest_vs_Rogue+Hunter,Warrior+Priest,Rogue+Hunter,33,team2,kill,52.37
Warrior+Priest_vs_Rogue+Hunter,Warrior+Priest,Rogue+Hunter,34,team2,kill,57.32
Warrior+Priest_vs_Rogue+Hunter,Warrior+Priest,Rogue+Hunter,35,team2,kill,55.93
Warrior+Priest_vs_Rogue+Hunter,Warrior+Priest,Rogue+Hunter,36,team2,kill,51.10
Warrior+Priest_vs_Rogue+Hunter,Warrior+Priest,Rogue+Hunter,37,team2,kill,47.57
Warrior+Priest_vs_Rogue+Hunter,Warrior+Priest,Rogue+Hunter,38,team2,kill,51.22
Warrior+Priest_vs_Rogue+Hunter,Warrior+Priest,Rogue+Hunter,39,team2,kill,56.08
Warrior+Priest_vs_Rogue+Hunter,Warrior+Priest,Rogue+Hunter,40,team2,kill,48.55
Warrior+Priest_vs_Rogue+Hunter,Warrior+Priest,Rogue+Hunter,41,team2,kill,48.87
Warrior+Priest_vs_Rogue+Hunter,Warrior+Priest,Rogue+Hunter,42,team2,kill,54.35
Warrior+Priest_vs_Rogue+Hunter,Warrior+Priest,Rogue+Hunter,43,team2,kill,46.42
Warrior+Priest_vs_Rogue+Hunter,Warrior+Priest,Rogue+Hunter,44,team2,kill,49.08
Warrior+Priest_vs_Rogue+Hunter,Warrior+Priest,Rogue+Hunter,45,team2,kill,50.38
Warrior+Priest_vs_Rogue+Hunter,Warrior+Priest,Rogue+Hunter,46,team2,kill,49.73
Warrior+Priest_vs_Rogue+Hunter,Warrior+Priest,Rogue+Hunter,47,team2,kill,50.55
Warrior+Priest_vs_Rogue+Hunter,Warrior+Priest,Rogue+Hunter,48,team2,kill,49.52
Warrior+Priest_vs_Rogue+Hunter,Warrior+Priest,Rogue+Hunter,49,team2,kill,43.12
Warrior+Priest_vs_Rogue+Hunter,Warrior+Priest,Rogue+Hunter,50,team2,kill,54.40
Warrior+Priest_vs_Rogue+Hunter,Warrior+Priest,Rogue+Hunter,51,team2,kill,51.33
Warrior+Priest_vs_Rogue+Hunter,Warrior+Priest,Rogue+Hunter,52,team2,kill,47.68
Warrior+Priest_vs_Rogue+Hunter,Warrior+Priest,Rogue+Hunter,53,team2,kill,46.98
Warrior+Priest_vs_Rogue+Hunter,Warrior+Priest,Rogue+Hunter,54,team2,kill,52.32
Warrior+Priest_vs_Rogue+Hunter,Warrior+Priest,Rogue+Hunter,55,team2,kill,50.93
Warrior+Priest_vs_Rogue+Hunter,Warrior+Priest,Rogue+Hunter,56,team2,kill,54.48
Warrior+Priest_vs_Rogue+Hunter,Warrior+Priest,Rogue+Hunter,57,team2,kill,50.20
Warrior+Priest_vs_Rogue+Hunter,Warrior+Priest,Rogue+Hunter,58,team2,kill,49.25
Warrior+Priest_vs_Rogue+Hunter,Warrior+Priest,Rogue+Hunter,59,team2,kill,54.07
Warrior+Priest_vs_Rogue+Hunter,Warrior+Priest,Rogue+Hunter,60,team2,kill,52.33
Warrior+Priest_vs_Rogue+Hunter,Warrior+Priest,Rogue+Hunter,61,team2,kill,58.38
Warrior+Priest_vs_Rogue+Hunter,Warrior+Priest,Rogue+Hunter,62,team2,kill,56.35
Warrior+Priest_vs_Rogue+Hunter,Warrior+Priest,Rogue+Hunter,63,team2,kill,52.37
Warrior+Priest_vs_Rogue+Hunter,Warrior+Priest,Rogue+Hunter,64,team2,kill,49.53
Warrior+Priest_vs_Rogue+Hunter,Warrior+Priest,Rogue+Hunter,65,team2,kill,47.98
Warrior+Priest_vs_Rogue+Hunter,Warrior+Priest,Rogue+Hunter,66,team2,kill,46.45
Warrior+Priest_vs_Rogue+Hunter,Warrior+Priest,Rogue+Hunter,67,team2,kill,49.12
Warrior+Priest_vs_Rogue+Hunter,Warrior+Priest,Rogue+Hunter,68,team2,kill,54.42
Warrior+Priest_vs_Rogue+Hunter,Warrior+Priest,Rogue+Hunter,69,team2,kill,53.85
Warrior+Priest_vs_Rogue+Hunter,Warrior+Priest,Rogue+Hunter,70,team2,kill,45.73
Warrior+Priest_vs_Rogue+Hunter,Warrior+Priest,Rogue+Hunter,71,team2,kill,55.32
Warrior+Priest_vs_Rogue+Hunter,Warrior+Priest,Rogue+Hunter,72,team2,kill,46.28
Warrior+Priest_vs_Rogue+Hunter,Warrior+Priest,Rogue+Hunter,73,team2,kill,46.42
Warrior+Priest_vs_Rogue+Hunter,Warrior+Priest,Rogue+Hunter,74,team2,kill,56.77
Warrior+Priest_vs_Rogue+Hunter,Warrior+Priest,Rogue+Hunter,75,team2,kill,51.10
Warrior+Priest_vs_Rogue+Hunter,Warrior+Priest,Rogue+Hunter,76,team2,kill,46.25
Warrior+Priest_vs_Rogue+Hunter,Warrior+Priest,Rogue+Hunter,77,team2,kill,51.68
Warrior+Priest_vs_Rogue+Hunter,Warrior+Priest,Rogue+Hunter,78,team2,kill,48.62
Warrior+Priest_vs_Rogue+Hunter,Warrior+Priest,Rogue+Hunter,79,team2,kill,52.72
Warrior+Priest_vs_Rogue+Hunter,Warrior+Priest,Rogue+Hunter,80,team2,kill,53.62
Warrior+Priest_vs_Rogue+Hunter,Warrior+Priest,Rogue+Hunter,81,team2,kill,53.58
Warrior+Priest_vs_Rogue+Hunter,Warrior+Priest,Rogue+Hunter,82,team2,kill,44.73
Warrior+Priest_vs_Rogue+Hunter,Warrior+Priest,Rogue+Hunter,83,team2,kill,53.45
Warrior+Priest_vs_Rogue+Hunter,Warrior+Priest,Rogue+Hunter,84,team2,kill,48.58
Warrior+Priest_vs_Rogue+Hunter,Warrior+Priest,Rogue+Hunter,85,team2,kill,47.03
Warrior+Priest_vs_Rogue+Hunter,Warrior+Priest,Rogue+Hunter,86,team2,kill,46.25
Warrior+Priest_vs_Rogue+Hunter,Warrior+Priest,Rogue+Hunter,87,team2,kill,52.37
Warrior+Priest_vs_Rogue+Hunter,Warrior+Priest,Rogue+Hunter,88,team2,kill,54.87
Warrior+Priest_vs_Rogue+Hunter,Warrior+Priest,Rogue+Hunter,89,team2,kill,54.13
Warrior+Priest_vs_Rogue+Hunter,Warrior+Priest,Rogue+Hunter,90,team2,kill,51.73
Warrior+Priest_vs_Rogue+Hunter,Warrior+Priest,Rogue+Hunter,91,team2,kill,51.73
Warrior+Priest_vs_Rogue+Hunter,Warrior+Priest,Rogue+Hunter,92,team2,kill,46.45
Warrior+Priest_vs_Rogue+Hunter,Warrior+Priest,Rogue+Hunter,93,team2,kill,49.08
Warrior+Priest_vs_Rogue+Hunter,Warrior+Priest,Rogue+Hunter,94,team2,kill,49.22
Warrior+Priest_vs_Rogue+Hunter,Warrior+Priest,Rogue+Hunter,95,team2,kill,53.12
Warrior+Priest_vs_Rogue+Hunter,Warrior+Priest,Rogue+Hunter,96,team2,kill,46.45
Warrior+Priest_vs_Rogue+Hunter,Warrior+Priest,Rogue+Hunter,97,team2,kill,54.33
Warrior+Priest_vs_Rogue+Hunter,Warrior+Priest,Rogue+Hunter,98,team2,kill,58.57
Warrior+Priest_vs_Rogue+Hunter,Warrior+Priest,Rogue+Hunter,99,team2,kill,48.55
Warrior+Priest_vs_Rogue+Shaman,Warrior+Priest,Rogue+Shaman,0,team2,kill,34.35
Warrior+Priest_vs_Rogue+Shaman,Warrior+Priest,Rogue+Shaman,1,team2,kill,43.10
Warrior+Priest_vs_Rogue+Shaman,Warrior+Priest,Rogue+Shaman,2,team2,kill,39.32
Warrior+Priest_vs_Rogue+Shaman,Warrior+Priest,Rogue+Shaman,3,team2,kill,46.83
Warrior+Priest_vs_Rogue+Shaman,Warrior+Priest,Rogue+Shaman,4,team2,kill,32.02
Warrior+Priest_vs_Rogue+Shaman,Warrior+Priest,Rogue+Shaman,5,team2,kill,35.03
Warrior+Priest_vs_Rogue+Shaman,Warrior+Priest,Rogue+Shaman,6,team2,kill,38.48
Warrior+Priest_vs_Rogue+Shaman,Warrior+Priest,Rogue+Shaman,7,team2,kill,34.95
Warrior+Priest_vs_Rogue+Shaman,Warrior+Priest,Rogue+Shaman,8,team2,kill,47.30
Warrior+Priest_vs_Rogue+Shaman,Warrior+Priest,Rogue+Shaman,9,team2,kill,45.47
Warrior+Priest_vs_Rogue+Shaman,Warrior+Priest,Rogue+Shaman,10,team2,kill,33.32
Warrior+Priest_vs_Rogue+Shaman,Warrior+Priest,Rogue+Shaman,11,team2,kill,46.83
Warrior+Priest_vs_Rogue+Shaman,Warrior+Priest,Rogue+Shaman,12,team2,kill,37.67
Warrior+Priest_vs_Rogue+Shaman,Warrior+Priest,Rogue+Shaman,13,team2,kill,41.78
Warrior+Priest_vs_Rogue+Shaman,Warrior+Priest,Rogue+Shaman,14,team2,kill,38.15
Warrior+Priest_vs_Rogue+Shaman,Warrior+Priest,Rogue+Shaman,15,team2,kill,42.57
Warrior+Priest_vs_Rogue+Shaman,Warrior+Priest,Rogue+Shaman,16,team2,kill,46.82
Warrior+Priest_vs_Rogue+Shaman,Warrior+Priest,Rogue+Shaman,17,team2,kill,33.02
Warrior+Priest_vs_Rogue+Shaman,Warrior+Priest,Rogue+Shaman,18,team2,kill,41.48
Warrior+Priest_vs_Rogue+Shaman,Warrior+Priest,Rogue+Shaman,19,team2,kill,43.13
Warrior+Priest_vs_Rogue+Shaman,Warrior+Priest,Rogue+Shaman,20,team2,kill,45.13
Warrior+Priest_vs_Rogue+Shaman,Warrior+Priest,Rogue+Shaman,21,team2,kill,38.53
Warrior+Priest_vs_Rogue+Shaman,Warrior+Priest,Rogue+Shaman,22,team2,kill,42.82
Warrior+Priest_vs_Rogue+Shaman,Warrior+Priest,Rogue+Shaman,23,team2,kill,43.28
Warrior+Priest_vs_Rogue+Shaman,Warrior+Priest,Rogue+Shaman,24,team2,kill,39.27
Warrior+Priest_vs_Rogue+Shaman,Warrior+Priest,Rogue+Shaman,25,team2,kill,38.78
Warrior+Priest_vs_Rogue+Shaman,Warrior+Priest,Rogue+Shaman,26,team2,kill,33.38
Warrior+Priest_vs_Rogue+Shaman,Warrior+Priest,Rogue+Shaman,27,team2,kill,47.12
Warrior+Priest_vs_Rogue+Shaman,Warrior+Priest,Rogue+Shaman,28,team2,kill,35.40
Warrior+Priest_vs_Rogue+Shaman,Warrior+Priest,Rogue+Shaman,29,team2,kill,35.00
Warrior+Priest_vs_Rogue+Shaman,Warrior+Priest,Rogue+Shaman,30,team2,kill,44.07
Warrior+Priest_vs_Rogue+Shaman,Warrior+Priest,Rogue+Shaman,31,team2,kill,30.83
Warrior+Priest_vs_Rogue+Shaman,Warrior+Priest,Rogue+Shaman,32,team2,kill,33.78
Warrior+Priest_vs_Rogue+Shaman,Warrior+Priest,Rogue+Shaman,33,team2,kill,41.77
Warrior+Priest_vs_Rogue+Shaman,Warrior+Priest,Rogue+Shaman,34,team2,kill,44.57
Warrior+Priest_vs_Rogue+Shaman,Warrior+Priest,Rogue+Shaman,35,team2,kill,40.85
Warrior+Priest_vs_Rogue+Shaman,Warrior+Priest,Rogue+Shaman,36,team2,kill,40.95
Warrior+Priest_vs_Rogue+Shaman,Warrior+Priest,Rogue+Shaman,37,team2,kill,33.18
Warrior+Priest_vs_Rogue+Shaman,Warrior+Priest,Rogue+Shaman,38,team2,kill,50.22
Warrior+Priest_vs_Rogue+Shaman,Warrior+Priest,Rogue+Shaman,39,team2,kill,37.08
Warrior+Priest_vs_Rogue+Shaman,Warrior+Priest,Rogue+Shaman,40,team2,kill,33.58
Warrior+Priest_vs_Rogue+Shaman,Warrior+Priest,Rogue+Shaman,41,team2,kill,36.70
Warrior+Priest_vs_Rogue+Shaman,Warrior+Priest,Rogue+Shaman,42,team2,kill,41.82
Warrior+Priest_vs_Rogue+Shaman,Warrior+Priest,Rogue+Shaman,43,team2,kill,27.15
Warrior+Priest_vs_Rogue+Shaman,Warrior+Priest,Rogue+Shaman,44,team2,kill,39.60
Warrior+Priest_vs_Rogue+Shaman,Warrior+Priest,Rogue+Shaman,45,team2,kill,44.62
Warrior+Priest_vs_Rogue+Shaman,Warrior+Priest,Rogue+Shaman,46,team2,kill,27.10
Warrior+Priest_vs_Rogue+Shaman,Warrior+Priest,Rogue+Shaman,47,team2,kill,43.78
Warrior+Priest_vs_Rogue+Shaman,Warrior+Priest,Rogue+Shaman,48,team2,kill,41.20
Warrior+Priest_vs_Rogue+Shaman,Warrior+Priest,Rogue+Shaman,49,team2,kill,57.63
Warrior+Priest_vs_Rogue+Shaman,Warrior+Priest,Rogue+Shaman,50,team2,kill,36.93
Warrior+Priest_vs_Rogue+Shaman,Warrior+Priest,Rogue+Shaman,51,team2,kill,36.60
Warrior+Priest_vs_Rogue+Shaman,Warrior+Priest,Rogue+Shaman,52,team2,kill,36.98
Warrior+Priest_vs_Rogue+Shaman,Warrior+Priest,Rogue+Shaman,53,team2,kill,38.18
Warrior+Priest_vs_Rogue+Shaman,Warrior+Priest,Rogue+Shaman,54,team2,kill,38.12
Warrior+Priest_vs_Rogue+Shaman,Warrior+Priest,Rogue+Shaman,55,team2,kill,40.90
Warrior+Priest_vs_Rogue+Shaman,Warrior+Priest,Rogue+Shaman,56,team2,kill,40.90
Warrior+Priest_vs_Rogue+Shaman,Warrior+Priest,Rogue+Shaman,57,team2,kill,40.38
Warrior+Priest_vs_Rogue+Shaman,Warrior+Priest,Rogue+Shaman,58,team2,kill,43.25
Warrior+Priest_vs_Rogue+Shaman,Warrior+Priest,Rogue+Shaman,59,team2,kill,44.50
Warrior+Priest_vs_Rogue+Shaman,Warrior+Priest,Rogue+Shaman,60,team2,kill,43.93
Warrior+Priest_vs_Rogue+Shaman,Warrior+Priest,Rogue+Shaman,61,team2,kill,29.78
Warrior+Priest_vs_Rogue+Shaman,Warrior+Priest,Rogue+Shaman,62,team2,kill,55.68
Warrior+Priest_vs_Rogue+Shaman,Warrior+Priest,Rogue+Shaman,63,team2,kill,31.97
Warrior+Priest_vs_Rogue+Shaman,Warrior+Priest,Rogue+Shaman,64,team2,kill,37.85
Warrior+Priest_vs_Rogue+Shaman,Warrior+Priest,Rogue+Shaman,65,team2,kill,35.48
Warrior+Priest_vs_Rogue+Shaman,Warrior+Priest,Rogue+Shaman,66,team2,kill,25.95
Warrior+Priest_vs_Rogue+Shaman,Warrior+Priest,Rogue+Shaman,67,team2,kill,37.75
Warrior+Priest_vs_Rogue+Shaman,Warrior+Priest,Rogue+Shaman,68,team2,kill,33.85
Warrior+Priest_vs_Rogue+Shaman,Warrior+Priest,Rogue+Shaman,69,team2,kill,37.63
Warrior+Priest_vs_Rogue+Shaman,Warrior+Priest,Rogue+Shaman,70,team2,kill,31.87
Warrior+Priest_vs_Rogue+Shaman,Warrior+Priest,Rogue+Shaman,71,team2,kill,40.70
Warrior+Priest_vs_Rogue+Shaman,Warrior+Priest,Rogue+Shaman,72,team2,kill,40.07
Warrior+Priest_vs_Rogue+Shaman,Warrior+Priest,Rogue+Shaman,73,team2,kill,32.88
Warrior+Priest_vs_Rogue+Shaman,Warrior+Priest,Rogue+Shaman,74,team2,kill,40.03
Warrior+Priest_vs_Rogue+Shaman,Warrior+Priest,Rogue+Shaman,75,team2,kill,44.87
Warrior+Priest_vs_Rogue+Shaman,Warrior+Priest,Rogue+Shaman,76,team2,kill,44.08
Warrior+Priest_vs_Rogue+Shaman,Warrior+Priest,Rogue+Shaman,77,team2,kill,52.95
Warrior+Priest_vs_Rogue+Shaman,Warrior+Priest,Rogue+Shaman,78,team2,kill,44.55
Warrior+Priest_vs_Rogue+Shaman,Warrior+Priest,Rogue+Shaman,79,team2,kill,26.30
Warrior+Priest_vs_Rogue+Shaman,Warrior+Priest,Rogue+Shaman,80,team2,kill,46.10
Warrior+Priest_vs_Rogue+Shaman,Warrior+Priest,Rogue+Shaman,81,team2,kill,27.15
Warrior+Priest_vs_Rogue+Shaman,Warrior+Priest,Rogue+Shaman,82,team2,kill,37.72
Warrior+Priest_vs_Rogue+Shaman,Warrior+Priest,Rogue+Shaman,83,team2,kill,46.08
Warrior+Priest_vs_Rogue+Shaman,Warrior+Priest,Rogue+Shaman,84,team2,kill,43.25
Warrior+Priest_vs_Rogue+Shaman,Warrior+Priest,Rogue+Shaman,85,team2,kill,33.35
Warrior+Priest_vs_Rogue+Shaman,Warrior+Priest,Rogue+Shaman,86,team2,kill,42.55
Warrior+Priest_vs_Rogue+Shaman,Warrior+Priest,Rogue+Shaman,87,team2,kill,47.88
Warrior+Priest_vs_Rogue+Shaman,Warrior+Priest,Rogue+Shaman,88,team2,kill,44.80
Warrior+Priest_vs_Rogue+Shaman,Warrior+Priest,Rogue+Shaman,89,team2,kill,42.17
Warrior+Priest_vs_Rogue+Shaman,Warrior+Priest,Rogue+Shaman,90,team2,kill,39.38
Warrior+Priest_vs_Rogue+Shaman,Warrior+Priest,Rogue+Shaman,91,team2,kill,42.07
Warrior+Priest_vs_Rogue+Shaman,Warrior+Priest,Rogue+Shaman,92,team2,kill,35.75
Warrior+Priest_vs_Rogue+Shaman,Warrior+Priest,Rogue+Shaman,93,team2,kill,40.20
Warrior+Priest_vs_Rogue+Shaman,Warrior+Priest,Rogue+Shaman,94,team2,kill,40.78
Warrior+Priest_vs_Rogue+Shaman,Warrior+Priest,Rogue+Shaman,95,team2,kill,47.13
Warrior+Priest_vs_Rogue+Shaman,Warrior+Priest,Rogue+Shaman,96,team2,kill,50.75
Warrior+Priest_vs_Rogue+Shaman,Warrior+Priest,Rogue+Shaman,97,team2,kill,50.58
Warrior+Priest_vs_Rogue+Shaman,Warrior+Priest,Rogue+Shaman,98,team2,kill,33.65
Warrior+Priest_vs_Rogue+Shaman,Warrior+Priest,Rogue+Shaman,99,team2,kill,41.05
Warrior+Priest_vs_Priest+Warlock,Warrior+Priest,Priest+Warlock,0,team1,kill,39.55
Warrior+Priest_vs_Priest+Warlock,Warrior+Priest,Priest+Warlock,1,team1,kill,39.57
Warrior+Priest_vs_Priest+Warlock,Warrior+Priest,Priest+Warlock,2,team1,kill,39.55
Warrior+Priest_vs_Priest+Warlock,Warrior+Priest,Priest+Warlock,3,team1,kill,34.98
Warrior+Priest_vs_Priest+Warlock,Warrior+Priest,Priest+Warlock,4,team1,kill,45.53
Warrior+Priest_vs_Priest+Warlock,Warrior+Priest,Priest+Warlock,5,team1,kill,45.62
Warrior+Priest_vs_Priest+Warlock,Warrior+Priest,Priest+Warlock,6,team1,kill,33.83
Warrior+Priest_vs_Priest+Warlock,Warrior+Priest,Priest+Warlock,7,team1,kill,39.55
Warrior+Priest_vs_Priest+Warlock,Warrior+Priest,Priest+Warlock,8,team1,kill,33.92
Warrior+Priest_vs_Priest+Warlock,Warrior+Priest,Priest+Warlock,9,team1,kill,39.55
Warrior+Priest_vs_Priest+Warlock,Warrior+Priest,Priest+Warlock,10,team1,kill,45.53
Warrior+Priest_vs_Priest+Warlock,Warrior+Priest,Priest+Warlock,11,team1,kill,39.55
Warrior+Priest_vs_Priest+Warlock,Warrior+Priest,Priest+Warlock,12,team1,kill,39.55
Warrior+Priest_vs_Priest+Warlock,Warrior+Priest,Priest+Warlock,13,team1,kill,34.77
Warrior+Priest_vs_Priest+Warlock,Warrior+Priest,Priest+Warlock,14,team1,kill,39.57
Warrior+Priest_vs_Priest+Warlock,Warrior+Priest,Priest+Warlock,15,team1,kill,35.80
Warrior+Priest_vs_Priest+Warlock,Warrior+Priest,Priest+Warlock,16,team1,kill,34.98
Warrior+Priest_vs_Priest+Warlock,Warrior+Priest,Priest+Warlock,17,team1,kill,34.98
Warrior+Priest_vs_Priest+Warlock,Warrior+Priest,Priest+Warlock,18,team1,kill,39.55
Warrior+Priest_vs_Priest+Warlock,Warrior+Priest,Priest+Warlock,19,team1,kill,39.55
Warrior+Priest_vs_Priest+Warlock,Warrior+Priest,Priest+Warlock,20,team1,kill,36.48
Warrior+Priest_vs_Priest+Warlock,Warrior+Priest,Priest+Warlock,21,team1,kill,40.97
Warrior+Priest_vs_Priest+Warlock,Warrior+Priest,Priest+Warlock,22,team1,kill,42.78
Warrior+Priest_vs_Priest+Warlock,Warrior+Priest,Priest+Warlock,23,team1,kill,41.90
Warrior+Priest_vs_Priest+Warlock,Warrior+Priest,Priest+Warlock,24,team1,kill,40.95
Warrior+Priest_vs_Priest+Warlock,Warrior+Priest,Priest+Warlock,25,team1,kill,39.52
Warrior+Priest_vs_Priest+Warlock,Warrior+Priest,Priest+Warlock,26,team1,kill,38.50
Warrior+Priest_vs_Priest+Warlock,Warrior+Priest,Priest+Warlock,27,team1,kill,40.05
Warrior+Priest_vs_Priest+Warlock,Warrior+Priest,Priest+Warlock,28,team1,kill,27.27
Warrior+Priest_vs_Priest+Warlock,Warrior+Priest,Priest+Warlock,29,team1,kill,42.78
Warrior+Priest_vs_Priest+Warlock,Warrior+Priest,Priest+Warlock,30,team1,kill,36.68
Warrior+Priest_vs_Priest+Warlock,Warrior+Priest,Priest+Warlock,31,team1,kill,33.48
Warrior+Priest_vs_Priest+Warlock,Warrior+Priest,Priest+Warlock,32,team1,kill,41.52
Warrior+Priest_vs_Priest+Warlock,Warrior+Priest,Priest+Warlock,33,team1,kill,34.77
Warrior+Priest_vs_Priest+Warlock,Warrior+Priest,Priest+Warlock,34,team1,kill,35.57
Warrior+Priest_vs_Priest+Warlock,Warrior+Priest,Priest+Warlock,35,team1,kill,34.98
Warrior+Priest_vs_Priest+Warlock,Warrior+Priest,Priest+Warlock,36,team1,kill,45.62
Warrior+Priest_vs_Priest+Warlock,Warrior+Priest,Priest+Warlock,37,team1,kill,39.55
Warrior+Priest_vs_Priest+Warlock,Warrior+Priest,Priest+Warlock,38,team1,kill,40.97
Warrior+Priest_vs_Priest+Warlock,Warrior+Priest,Priest+Warlock,39,team1,kill,40.85
Warrior+Priest_vs_Priest+Warlock,Warrior+Priest,Priest+Warlock,40,team1,kill,35.00
Warrior+Priest_vs_Priest+Warlock,Warrior+Priest,Priest+Warlock,41,team1,kill,39.55
Warrior+Priest_vs_Priest+Warlock,Warrior+Priest,Priest+Warlock,42,team1,kill,37.28
Warrior+Priest_vs_Priest+Warlock,Warrior+Priest,Priest+Warlock,43,team1,kill,40.97
Warrior+Priest_vs_Priest+Warlock,Warrior+Priest,Priest+Warlock,44,team1,kill,39.55
Warrior+Priest_vs_Priest+Warlock,Warrior+Priest,Priest+Warlock,45,team1,kill,34.77
Warrior+Priest_vs_Priest+Warlock,Warrior+Priest,Priest+Warlock,46,team1,kill,43.70
Warrior+Priest_vs_Priest+Warlock,Warrior+Priest,Priest+Warlock,47,team1,kill,34.77
Warrior+Priest_vs_Priest+Warlock,Warrior+Priest,Priest+Warlock,48,team1,kill,36.25
Warrior+Priest_vs_Priest+Warlock,Warrior+Priest,Priest+Warlock,49,team1,kill,40.05
Warrior+Priest_vs_Priest+Warlock,Warrior+Priest,Priest+Warlock,50,team1,kill,36.65
Warrior+Priest_vs_Priest+Warlock,Warrior+Priest,Priest+Warlock,51,team1,kill,39.55
Warrior+Priest_vs_Priest+Warlock,Warrior+Priest,Priest+Warlock,52,team1,kill,36.07
Warrior+Priest_vs_Priest+Warlock,Warrior+Priest,Priest+Warlock,53,team1,kill,33.48
Warrior+Priest_vs_Priest+Warlock,Warrior+Priest,Priest+Warlock,54,team1,kill,33.48
Warrior+Priest_vs_Priest+Warlock,Warrior+Priest,Priest+Warlock,55,team1,kill,39.93
Warrior+Priest_vs_Priest+Warlock,Warrior+Priest,Priest+Warlock,56,team1,kill,34.48
Warrior+Priest_vs_Priest+Warlock,Warrior+Priest,Priest+Warlock,57,team1,kill,37.52
Warrior+Priest_vs_Priest+Warlock,Warrior+Priest,Priest+Warlock,58,team1,kill,40.05
Warrior+Priest_vs_Priest+Warlock,Warrior+Priest,Priest+Warlock,59,team1,kill,39.55
Warrior+Priest_vs_Priest+Warlock,Warrior+Priest,Priest+Warlock,60,team1,kill,45.62
Warrior+Priest_vs_Priest+Warlock,Warrior+Priest,Priest+Warlock,61,team1,kill,40.05
Warrior+Priest_vs_Priest+Warlock,Warrior+Priest,Priest+Warlock,62,team1,kill,37.40
Warrior+Priest_vs_Priest+Warlock,Warrior+Priest,Priest+Warlock,63,team1,kill,36.52
Warrior+Priest_vs_Priest+Warlock,Warrior+Priest,Priest+Warlock,64,team1,kill,40.97
Warrior+Priest_vs_Priest+Warlock,Warrior+Priest,Priest+Warlock,65,team1,kill,40.57
Warrior+Priest_vs_Priest+Warlock,Warrior+Priest,Priest+Warlock,66,team1,kill,39.55
Warrior+Priest_vs_Priest+Warlock,Warrior+Priest,Priest+Warlock,67,team1,kill,41.78
Warrior+Priest_vs_Priest+Warlock,Warrior+Priest,Priest+Warlock,68,team1,kill,40.45
Warrior+Priest_vs_Priest+Warlock,Warrior+Priest,Priest+Warlock,69,team1,kill,38.50
Warrior+Priest_vs_Priest+Warlock,Warrior+Priest,Priest+Warlock,70,team1,kill,44.62
Warrior+Priest_vs_Priest+Warlock,Warrior+Priest,Priest+Warlock,71,team1,kill,40.87
Warrior+Priest_vs_Priest+Warlock,Warrior+Priest,Priest+Warlock,72,team1,kill,41.55
Warrior+Priest_vs_Priest+Warlock,Warrior+Priest,Priest+Warlock,73,team1,kill,37.40
Warrior+Priest_vs_Priest+Warlock,Warrior+Priest,Priest+Warlock,74,team1,kill,35.68
Warrior+Priest_vs_Priest+Warlock,Warrior+Priest,Priest+Warlock,75,team1,kill,45.62
Warrior+Priest_vs_Priest+Warlock,Warrior+Priest,Priest+Warlock,76,team1,kill,43.23
Warrior+Priest_vs_Priest+Warlock,Warrior+Priest,Priest+Warlock,77,team1,kill,35.42
Warrior+Priest_vs_Priest+Warlock,Warrior+Priest,Priest+Warlock,78,team1,kill,37.40
Warrior+Priest_vs_Priest+Warlock,Warrior+Priest,Priest+Warlock,79,team1,kill,39.55
Warrior+Priest_vs_Priest+Warlock,Warrior+Priest,Priest+Warlock,80,team1,kill,36.02
Warrior+Priest_vs_Priest+Warlock,Warrior+Priest,Priest+Warlock,81,team1,kill,34.83
Warrior+Priest_vs_Priest+Warlock,Warrior+Priest,Priest+Warlock,82,team1,kill,33.48
Warrior+Priest_vs_Priest+Warlock,Warrior+Priest,Priest+Warlock,83,team1,kill,43.70
Warrior+Priest_vs_Priest+Warlock,Warrior+Priest,Priest+Warlock,84,team1,kill,42.18
Warrior+Priest_vs_Priest+Warlock,Warrior+Priest,Priest+Warlock,85,team1,kill,39.55
Warrior+Priest_vs_Priest+Warlock,Warrior+Priest,Priest+Warlock,86,team1,kill,34.02
Warrior+Priest_vs_Priest+Warlock,Warrior+Priest,Priest+Warlock,87,team1,kill,33.48
Warrior+Priest_vs_Priest+Warlock,Warrior+Priest,Priest+Warlock,88,team1,kill,39.55
Warrior+Priest_vs_Priest+Warlock,Warrior+Priest,Priest+Warlock,89,team1,kill,35.22
Warrior+Priest_vs_Priest+Warlock,Warrior+Priest,Priest+Warlock,90,team1,kill,35.57
Warrior+Priest_vs_Priest+Warlock,Warrior+Priest,Priest+Warlock,91,team1,kill,33.93
Warrior+Priest_vs_Priest+Warlock,Warrior+Priest,Priest+Warlock,92,team1,kill,35.33
Warrior+Priest_vs_Priest+Warlock,Warrior+Priest,Priest+Warlock,93,team1,kill,36.25
Warrior+Priest_vs_Priest+Warlock,Warrior+Priest,Priest+Warlock,94,team1,kill,36.65
Warrior+Priest_vs_Priest+Warlock,Warrior+Priest,Priest+Warlock,95,team1,kill,44.62
Warrior+Priest_vs_Priest+Warlock,Warrior+Priest,Priest+Warlock,96,team1,kill,43.18
Warrior+Priest_vs_Priest+Warlock,Warrior+Priest,Priest+Warlock,97,team1,kill,45.62
Warrior+Priest_vs_Priest+Warlock,Warrior+Priest,Priest+Warlock,98,team1,kill,40.05
Warrior+Priest_vs_Priest+Warlock,Warrior+Priest,Priest+Warlock,99,team1,kill,40.05
Warrior+Priest_vs_Priest+Hunter,Warrior+Priest,Priest+Hunter,0,team1,kill,45.70
Warrior+Priest_vs_Priest+Hunter,Warrior+Priest,Priest+Hunter,1,team2,kill,66.40
Warrior+Priest_vs_Priest+Hunter,Warrior+Priest,Priest+Hunter,2,team1,kill,56.95
Warrior+Priest_vs_Priest+Hunter,Warrior+Priest,Priest+Hunter,3,team1,kill,81.67
Warrior+Priest_vs_Priest+Hunter,Warrior+Priest,Priest+Hunter,4,team2,kill,57.18
Warrior+Priest_vs_Priest+Hunter,Warrior+Priest,Priest+Hunter,5,team2,kill,64.78
Warrior+Priest_vs_Priest+Hunter,Warrior+Priest,Priest+Hunter,6,team1,kill,46.00
Warrior+Priest_vs_Priest+Hunter,Warrior+Priest,Priest+Hunter,7,team2,kill,72.57
Warrior+Priest_vs_Priest+Hunter,Warrior+Priest,Priest+Hunter,8,team1,kill,42.25
Warrior+Priest_vs_Priest+Hunter,Warrior+Priest,Priest+Hunter,9,team1,kill,49.48
Warrior+Priest_vs_Priest+Hunter,Warrior+Priest,Priest+Hunter,10,team2,kill,72.77
Warrior+Priest_vs_Priest+Hunter,Warrior+Priest,Priest+Hunter,11,team2,kill,51.47
Warrior+Priest_vs_Priest+Hunter,Warrior+Priest,Priest+Hunter,12,team1,kill,62.80
Warrior+Priest_vs_Priest+Hunter,Warrior+Priest,Priest+Hunter,13,team1,kill,61.92
Warrior+Priest_vs_Priest+Hunter,Warrior+Priest,Priest+Hunter,14,team1,kill,59.68
Warrior+Priest_vs_Priest+Hunter,Warrior+Priest,Priest+Hunter,15,team1,kill,61.65
Warrior+Priest_vs_Priest+Hunter,Warrior+Priest,Priest+Hunter,16,team1,kill,42.30
Warrior+Priest_vs_Priest+Hunter,Warrior+Priest,Priest+Hunter,17,team2,kill,55.37
Warrior+Priest_vs_Priest+Hunter,Warrior+Priest,Priest+Hunter,18,team2,kill,50.32
Warrior+Priest_vs_Priest+Hunter,Warrior+Priest,Priest+Hunter,19,team1,kill,58.52
Warrior+Priest_vs_Priest+Hunter,Warrior+Priest,Priest+Hunter,20,team2,kill,53.85
Warrior+Priest_vs_Priest+Hunter,Warrior+Priest,Priest+Hunter,21,team1,kill,67.80
Warrior+Priest_vs_Priest+Hunter,Warrior+Priest,Priest+Hunter,22,team1,kill,59.18
Warrior+Priest_vs_Priest+Hunter,Warrior+Priest,Priest+Hunter,23,team2,kill,62.30
Warrior+Priest_vs_Priest+Hunter,Warrior+Priest,Priest+Hunter,24,team1,kill,42.28
Warrior+Priest_vs_Priest+Hunter,Warrior+Priest,Priest+Hunter,25,team1,kill,57.17
Warrior+Priest_vs_Priest+Hunter,Warrior+Priest,Priest+Hunter,26,team1,kill,59.27
Warrior+Priest_vs_Priest+Hunter,Warrior+Priest,Priest+Hunter,27,team1,kill,79.09
Warrior+Priest_vs_Priest+Hunter,Warrior+Priest,Priest+Hunter,28,team1,kill,60.97
Warrior+Priest_vs_Priest+Hunter,Warrior+Priest,Priest+Hunter,29,team2,kill,54.77
Warrior+Priest_vs_Priest+Hunter,Warrior+Priest,Priest+Hunter,30,team1,kill,59.52
Warrior+Priest_vs_Priest+Hunter,Warrior+Priest,Priest+Hunter,31,team1,kill,47.55
Warrior+Priest_vs_Priest+Hunter,Warrior+Priest,Priest+Hunter,32,team2,kill,58.50
Warrior+Priest_vs_Priest+Hunter,Warrior+Priest,Priest+Hunter,33,team1,kill,79.14
Warrior+Priest_vs_Priest+Hunter,Warrior+Priest,Priest+Hunter,34,team1,kill,59.25
Warrior+Priest_vs_Priest+Hunter,Warrior+Priest,Priest+Hunter,35,team2,kill,63.97
Warrior+Priest_vs_Priest+Hunter,Warrior+Priest,Priest+Hunter,36,team2,kill,69.90
Warrior+Priest_vs_Priest+Hunter,Warrior+Priest,Priest+Hunter,37,team2,kill,64.05
Warrior+Priest_vs_Priest+Hunter,Warrior+Priest,Priest+Hunter,38,team1,kill,46.37
Warrior+Priest_vs_Priest+Hunter,Warrior+Priest,Priest+Hunter,39,team1,kill,49.25
Warrior+Priest_vs_Priest+Hunter,Warrior+Priest,Priest+Hunter,40,team1,kill,62.87
Warrior+Priest_vs_Priest+Hunter,Warrior+Priest,Priest+Hunter,41,team1,kill,60.27
Warrior+Priest_vs_Priest+Hunter,Warrior+Priest,Priest+Hunter,42,team1,kill,60.78
Warrior+Priest_vs_Priest+Hunter,Warrior+Priest,Priest+Hunter,43,team1,kill,60.77
Warrior+Priest_vs_Priest+Hunter,Warrior+Priest,Priest+Hunter,44,team2,kill,57.30
Warrior+Priest_vs_Priest+Hunter,Warrior+Priest,Priest+Hunter,45,team1,kill,67.22
Warrior+Priest_vs_Priest+Hunter,Warrior+Priest,Priest+Hunter,46,team1,kill,43.08
Warrior+Priest_vs_Priest+Hunter,Warrior+Priest,Priest+Hunter,47,team1,kill,56.95
Warrior+Priest_vs_Priest+Hunter,Warrior+Priest,Priest+Hunter,48,team1,kill,67.22
Warrior+Priest_vs_Priest+Hunter,Warrior+Priest,Priest+Hunter,49,team1,kill,45.37
Warrior+Priest_vs_Priest+Hunter,Warrior+Priest,Priest+Hunter,50,team1,kill,66.97
Warrior+Priest_vs_Priest+Hunter,Warrior+Priest,Priest+Hunter,51,team2,kill,61.78
Warrior+Priest_vs_Priest+Hunter,Warrior+Priest,Priest+Hunter,52,team2,kill,68.87
Warrior+Priest_vs_Priest+Hunter,Warrior+Priest,Priest+Hunter,53,team1,kill,66.47
Warrior+Priest_vs_Priest+Hunter,Warrior+Priest,Priest+Hunter,54,team1,kill,60.05
Warrior+Priest_vs_Priest+Hunter,Warrior+Priest,Priest+Hunter,55,team1,kill,63.43
Warrior+Priest_vs_Priest+Hunter,Warrior+Priest,Priest+Hunter,56,team1,kill,58.42
Warrior+Priest_vs_Priest+Hunter,Warrior+Priest,Priest+Hunter,57,team1,kill,60.63
Warrior+Priest_vs_Priest+Hunter,Warrior+Priest,Priest+Hunter,58,team2,kill,56.83
Warrior+Priest_vs_Priest+Hunter,Warrior+Priest,Priest+Hunter,59,team1,kill,58.77
Warrior+Priest_vs_Priest+Hunter,Warrior+Priest,Priest+Hunter,60,team1,kill,43.27
Warrior+Priest_vs_Priest+Hunter,Warrior+Priest,Priest+Hunter,61,team1,kill,68.67
Warrior+Priest_vs_Priest+Hunter,Warrior+Priest,Priest+Hunter,62,team2,kill,54.53
Warrior+Priest_vs_Priest+Hunter,Warrior+Priest,Priest+Hunter,63,team1,kill,59.57
Warrior+Priest_vs_Priest+Hunter,Warrior+Priest,Priest+Hunter,64,team1,kill,47.12
Warrior+Priest_vs_Priest+Hunter,Warrior+Priest,Priest+Hunter,65,team1,kill,50.08
Warrior+Priest_vs_Priest+Hunter,Warrior+Priest,Priest+Hunter,66,team1,kill,58.43
Warrior+Priest_vs_Priest+Hunter,Warrior+Priest,Priest+Hunter,67,team1,kill,64.77
Warrior+Priest_vs_Priest+Hunter,Warrior+Priest,Priest+Hunter,68,team1,kill,81.67
Warrior+Priest_vs_Priest+Hunter,Warrior+Priest,Priest+Hunter,69,team1,kill,80.32
Warrior+Priest_vs_Priest+Hunter,Warrior+Priest,Priest+Hunter,70,team1,kill,63.57
Warrior+Priest_vs_Priest+Hunter,Warrior+Priest,Priest+Hunter,71,team2,kill,58.73
Warrior+Priest_vs_Priest+Hunter,Warrior+Priest,Priest+Hunter,72,team1,kill,69.98
Warrior+Priest_vs_Priest+Hunter,Warrior+Priest,Priest+Hunter,73,team1,kill,52.65
Warrior+Priest_vs_Priest+Hunter,Warrior+Priest,Priest+Hunter,74,team2,kill,51.98
Warrior+Priest_vs_Priest+Hunter,Warrior+Priest,Priest+Hunter,75,team2,kill,69.82
Warrior+Priest_vs_Priest+Hunter,Warrior+Priest,Priest+Hunter,76,team1,kill,47.48
Warrior+Priest_vs_Priest+Hunter,Warrior+Priest,Priest+Hunter,77,team1,kill,81.69
Warrior+Priest_vs_Priest+Hunter,Warrior+Priest,Priest+Hunter,78,team2,kill,71.78
Warrior+Priest_vs_Priest+Hunter,Warrior+Priest,Priest+Hunter,79,team2,kill,49.73
Warrior+Priest_vs_Priest+Hunter,Warrior+Priest,Priest+Hunter,80,team2,kill,59.98
Warrior+Priest_vs_Priest+Hunter,Warrior+Priest,Priest+Hunter,81,team1,kill,44.48
Warrior+Priest_vs_Priest+Hunter,Warrior+Priest,Priest+Hunter,82,team1,kill,62.22
Warrior+Priest_vs_Priest+Hunter,Warrior+Priest,Priest+Hunter,83,team1,kill,60.93
Warrior+Priest_vs_Priest+Hunter,Warrior+Priest,Priest+Hunter,84,team1,kill,58.00
Warrior+Priest_vs_Priest+Hunter,Warrior+Priest,Priest+Hunter,85,team1,kill,50.88
Warrior+Priest_vs_Priest+Hunter,Warrior+Priest,Priest+Hunter,86,team2,kill,35.78
Warrior+Priest_vs_Priest+Hunter,Warrior+Priest,Priest+Hunter,87,team1,kill,78.94
Warrior+Priest_vs_Priest+Hunter,Warrior+Priest,Priest+Hunter,88,team1,kill,81.67
Warrior+Priest_vs_Priest+Hunter,Warrior+Priest,Priest+Hunter,89,team2,kill,61.82
Warrior+Priest_vs_Priest+Hunter,Warrior+Priest,Priest+Hunter,90,team1,kill,46.72
Warrior+Priest_vs_Priest+Hunter,Warrior+Priest,Priest+Hunter,91,team2,kill,74.02
Warrior+Priest_vs_Priest+Hunter,Warrior+Priest,Priest+Hunter,92,team1,kill,63.90
Warrior+Priest_vs_Priest+Hunter,Warrior+Priest,Priest+Hunter,93,team1,kill,77.57
Warrior+Priest_vs_Priest+Hunter,Warrior+Priest,Priest+Hunter,94,team1,kill,66.07
Warrior+Priest_vs_Priest+Hunter,Warrior+Priest,Priest+Hunter,95,team1,kill,77.42
Warrior+Priest_vs_Priest+Hunter,Warrior+Priest,Priest+Hunter,96,team2,kill,58.22
Warrior+Priest_vs_Priest+Hunter,Warrior+Priest,Priest+Hunter,97,team2,kill,62.00
Warrior+Priest_vs_Priest+Hunter,Warrior+Priest,Priest+Hunter,98,team1,kill,58.90
Warrior+Priest_vs_Priest+Hunter,Warrior+Priest,Priest+Hunter,99,team2,kill,60.17
Warrior+Priest_vs_Warlock+Paladin,Warrior+Priest,Warlock+Paladin,0,team1,kill,59.80
Warrior+Priest_vs_Warlock+Paladin,Warrior+Priest,Warlock+Paladin,1,team2,kill,131.73
Warrior+Priest_vs_Warlock+Paladin,Warrior+Priest,Warlock+Paladin,2,team1,kill,176.42
Warrior+Priest_vs_Warlock+Paladin,Warrior+Priest,Warlock+Paladin,3,team1,kill,67.40
Warrior+Priest_vs_Warlock+Paladin,Warrior+Priest,Warlock+Paladin,4,team1,kill,68.08
Warrior+Priest_vs_Warlock+Paladin,Warrior+Priest,Warlock+Paladin,5,team2,kill,76.20
Warrior+Priest_vs_Warlock+Paladin,Warrior+Priest,Warlock+Paladin,6,team2,kill,78.37
Warrior+Priest_vs_Warlock+Paladin,Warrior+Priest,Warlock+Paladin,7,team1,kill,65.55
Warrior+Priest_vs_Warlock+Paladin,Warrior+Priest,Warlock+Paladin,8,team1,kill,67.65
Warrior+Priest_vs_Warlock+Paladin,Warrior+Priest,Warlock+Paladin,9,team2,kill,79.72
Warrior+Priest_vs_Warlock+Paladin,Warrior+Priest,Warlock+Paladin,10,team1,kill,126.61
Warrior+Priest_vs_Warlock+Paladin,Warrior+Priest,Warlock+Paladin,11,team1,kill,74.72
Warrior+Priest_vs_Warlock+Paladin,Warrior+Priest,Warlock+Paladin,12,team1,kill,159.57
Warrior+Priest_vs_Warlock+Paladin,Warrior+Priest,Warlock+Paladin,13,team1,kill,148.84
Warrior+Priest_vs_Warlock+Paladin,Warrior+Priest,Warlock+Paladin,14,team1,kill,64.02
Warrior+Priest_vs_Warlock+Paladin,Warrior+Priest,Warlock+Paladin,15,team1,kill,96.61
Warrior+Priest_vs_Warlock+Paladin,Warrior+Priest,Warlock+Paladin,16,team1,kill,98.74
Warrior+Priest_vs_Warlock+Paladin,Warrior+Priest,Warlock+Paladin,17,team1,kill,62.60
Warrior+Priest_vs_Warlock+Paladin,Warrior+Priest,Warlock+Paladin,18,team1,kill,72.23
Warrior+Priest_vs_Warlock+Paladin,Warrior+Priest,Warlock+Paladin,19,team1,kill,139.01
Warrior+Priest_vs_Warlock+Paladin,Warrior+Priest,Warlock+Paladin,20,team2,kill,79.72
Warrior+Priest_vs_Warlock+Paladin,Warrior+Priest,Warlock+Paladin,21,team1,kill,74.68
Warrior+Priest_vs_Warlock+Paladin,Warrior+Priest,Warlock+Paladin,22,team1,kill,71.77
Warrior+Priest_vs_Warlock+Paladin,Warrior+Priest,Warlock+Paladin,23,team2,kill,74.22
Warrior+Priest_vs_Warlock+Paladin,Warrior+Priest,Warlock+Paladin,24,team1,kill,71.08
Warrior+Priest_vs_Warlock+Paladin,Warrior+Priest,Warlock+Paladin,25,team1,kill,64.12
Warrior+Priest_vs_Warlock+Paladin,Warrior+Priest,Warlock+Paladin,26,team1,kill,77.15
Warrior+Priest_vs_Warlock+Paladin,Warrior+Priest,Warlock+Paladin,27,team1,kill,65.55
Warrior+Priest_vs_Warlock+Paladin,Warrior+Priest,Warlock+Paladin,28,team1,kill,66.30
Warrior+Priest_vs_Warlock+Paladin,Warrior+Priest,Warlock+Paladin,29,team2,kill,114.89
Warrior+Priest_vs_Warlock+Paladin,Warrior+Priest,Warlock+Paladin,30,team1,kill,62.52
Warrior+Priest_vs_Warlock+Paladin,Warrior+Priest,Warlock+Paladin,31,team1,kill,120.19
Warrior+Priest_vs_Warlock+Paladin,Warrior+Priest,Warlock+Paladin,32,team2,kill,69.38
Warrior+Priest_vs_Warlock+Paladin,Warrior+Priest,Warlock+Paladin,33,team1,kill,63.30
Warrior+Priest_vs_Warlock+Paladin,Warrior+Priest,Warlock+Paladin,34,team1,kill,67.00
Warrior+Priest_vs_Warlock+Paladin,Warrior+Priest,Warlock+Paladin,35,team1,kill,65.55
Warrior+Priest_vs_Warlock+Paladin,Warrior+Priest,Warlock+Paladin,36,team1,kill,64.77
Warrior+Priest_vs_Warlock+Paladin,Warrior+Priest,Warlock+Paladin,37,team1,kill,63.13
Warrior+Priest_vs_Warlock+Paladin,Warrior+Priest,Warlock+Paladin,38,team1,kill,62.23
Warrior+Priest_vs_Warlock+Paladin,Warrior+Priest,Warlock+Paladin,39,team1,kill,170.35
Warrior+Priest_vs_Warlock+Paladin,Warrior+Priest,Warlock+Paladin,40,team1,kill,64.02
Warrior+Priest_vs_Warlock+Paladin,Warrior+Priest,Warlock+Paladin,41,team1,kill,65.78
Warrior+Priest_vs_Warlock+Paladin,Warrior+Priest,Warlock+Paladin,42,team1,kill,66.35
Warrior+Priest_vs_Warlock+Paladin,Warrior+Priest,Warlock+Paladin,43,team1,kill,137.18
Warrior+Priest_vs_Warlock+Paladin,Warrior+Priest,Warlock+Paladin,44,team1,kill,152.51
Warrior+Priest_vs_Warlock+Paladin,Warrior+Priest,Warlock+Paladin,45,team2,kill,76.02
Warrior+Priest_vs_Warlock+Paladin,Warrior+Priest,Warlock+Paladin,46,team1,kill,66.18
Warrior+Priest_vs_Warlock+Paladin,Warrior+Priest,Warlock+Paladin,47,team1,kill,122.78
Warrior+Priest_vs_Warlock+Paladin,Warrior+Priest,Warlock+Paladin,48,team1,kill,63.00
Warrior+Priest_vs_Warlock+Paladin,Warrior+Priest,Warlock+Paladin,49,team1,kill,141.68
Warrior+Priest_vs_Warlock+Paladin,Warrior+Priest,Warlock+Paladin,50,team1,kill,133.64
Warrior+Priest_vs_Warlock+Paladin,Warrior+Priest,Warlock+Paladin,51,team1,kill,55.57
Warrior+Priest_vs_Warlock+Paladin,Warrior+Priest,Warlock+Paladin,52,team1,kill,64.48
Warrior+Priest_vs_Warlock+Paladin,Warrior+Priest,Warlock+Paladin,53,team1,kill,71.62
Warrior+Priest_vs_Warlock+Paladin,Warrior+Priest,Warlock+Paladin,54,team2,kill,134.66
Warrior+Priest_vs_Warlock+Paladin,Warrior+Priest,Warlock+Paladin,55,team1,kill,78.09
Warrior+Priest_vs_Warlock+Paladin,Warrior+Priest,Warlock+Paladin,56,team1,kill,65.55
Warrior+Priest_vs_Warlock+Paladin,Warrior+Priest,Warlock+Paladin,57,team1,kill,65.55
Warrior+Priest_vs_Warlock+Paladin,Warrior+Priest,Warlock+Paladin,58,team1,kill,70.08
Warrior+Priest_vs_Warlock+Paladin,Warrior+Priest,Warlock+Paladin,59,team1,kill,65.45
Warrior+Priest_vs_Warlock+Paladin,Warrior+Priest,Warlock+Paladin,60,team1,kill,65.35
Warrior+Priest_vs_Warlock+Paladin,Warrior+Priest,Warlock+Paladin,61,team1,kill,135.91
Warrior+Priest_vs_Warlock+Paladin,Warrior+Priest,Warlock+Paladin,62,team2,kill,49.03
Warrior+Priest_vs_Warlock+Paladin,Warrior+Priest,Warlock+Paladin,63,team1,kill,65.38
Warrior+Priest_vs_Warlock+Paladin,Warrior+Priest,Warlock+Paladin,64,team2,kill,73.20
Warrior+Priest_vs_Warlock+Paladin,Warrior+Priest,Warlock+Paladin,65,team1,kill,60.83
Warrior+Priest_vs_Warlock+Paladin,Warrior+Priest,Warlock+Paladin,66,team1,kill,66.27
Warrior+Priest_vs_Warlock+Paladin,Warrior+Priest,Warlock+Paladin,67,team1,kill,71.62
Warrior+Priest_vs_Warlock+Paladin,Warrior+Priest,Warlock+Paladin,68,team2,kill,130.28
Warrior+Priest_vs_Warlock+Paladin,Warrior+Priest,Warlock+Paladin,69,team1,kill,174.20
Warrior+Priest_vs_Warlock+Paladin,Warrior+Priest,Warlock+Paladin,70,team1,kill,167.49
Warrior+Priest_vs_Warlock+Paladin,Warrior+Priest,Warlock+Paladin,71,team1,kill,123.58
Warrior+Priest_vs_Warlock+Paladin,Warrior+Priest,Warlock+Paladin,72,team2,kill,76.67
Warrior+Priest_vs_Warlock+Paladin,Warrior+Priest,Warlock+Paladin,73,team1,kill,64.23
Warrior+Priest_vs_Warlock+Paladin,Warrior+Priest,Warlock+Paladin,74,team1,kill,71.20
Warrior+Priest_vs_Warlock+Paladin,Warrior+Priest,Warlock+Paladin,75,team1,kill,64.22
Warrior+Priest_vs_Warlock+Paladin,Warrior+Priest,Warlock+Paladin,76,team2,kill,53.00
Warrior+Priest_vs_Warlock+Paladin,Warrior+Priest,Warlock+Paladin,77,team2,kill,56.62
Warrior+Priest_vs_Warlock+Paladin,Warrior+Priest,Warlock+Paladin,78,team1,kill,120.59
Warrior+Priest_vs_Warlock+Paladin,Warrior+Priest,Warlock+Paladin,79,team1,kill,162.10
Warrior+Priest_vs_Warlock+Paladin,Warrior+Priest,Warlock+Paladin,80,team1,kill,68.43
Warrior+Priest_vs_Warlock+Paladin,Warrior+Priest,Warlock+Paladin,81,team1,kill,165.89
Warrior+Priest_vs_Warlock+Paladin,Warrior+Priest,Warlock+Paladin,82,team1,kill,163.44
Warrior+Priest_vs_Warlock+Paladin,Warrior+Priest,Warlock+Paladin,83,team1,kill,65.62
Warrior+Priest_vs_Warlock+Paladin,Warrior+Priest,Warlock+Paladin,84,team1,kill,148.16
Warrior+Priest_vs_Warlock+Paladin,Warrior+Priest,Warlock+Paladin,85,team1,kill,67.17
Warrior+Priest_vs_Warlock+Paladin,Warrior+Priest,Warlock+Paladin,86,team1,kill,119.78
Warrior+Priest_vs_Warlock+Paladin,Warrior+Priest,Warlock+Paladin,87,team1,kill,116.21
Warrior+Priest_vs_Warlock+Paladin,Warrior+Priest,Warlock+Paladin,88,team1,kill,63.18
Warrior+Priest_vs_Warlock+Paladin,Warrior+Priest,Warlock+Paladin,89,team1,kill,69.57
Warrior+Priest_vs_Warlock+Paladin,Warrior+Priest,Warlock+Paladin,90,team1,kill,173.27
Warrior+Priest_vs_Warlock+Paladin,Warrior+Priest,Warlock+Paladin,91,team1,kill,135.44
Warrior+Priest_vs_Warlock+Paladin,Warrior+Priest,Warlock+Paladin,92,team1,kill,65.08
Warrior+Priest_vs_Warlock+Paladin,Warrior+Priest,Warlock+Paladin,93,team1,kill,62.97
Warrior+Priest_vs_Warlock+Paladin,Warrior+Priest,Warlock+Paladin,94,team1,kill,65.10
Warrior+Priest_vs_Warlock+Paladin,Warrior+Priest,Warlock+Paladin,95,team2,kill,77.45
Warrior+Priest_vs_Warlock+Paladin,Warrior+Priest,Warlock+Paladin,96,team1,kill,80.94
Warrior+Priest_vs_Warlock+Paladin,Warrior+Priest,Warlock+Paladin,97,team1,kill,71.73
Warrior+Priest_vs_Warlock+Paladin,Warrior+Priest,Warlock+Paladin,98,team1,kill,98.82
Warrior+Priest_vs_Warlock+Paladin,Warrior+Priest,Warlock+Paladin,99,team1,kill,69.73
Warrior+Priest_vs_Warlock+Hunter,Warrior+Priest,Warlock+Hunter,0,team2,kill,34.85
Warrior+Priest_vs_Warlock+Hunter,Warrior+Priest,Warlock+Hunter,1,team1,kill,43.62
Warrior+Priest_vs_Warlock+Hunter,Warrior+Priest,Warlock+Hunter,2,team2,kill,39.97
Warrior+Priest_vs_Warlock+Hunter,Warrior+Priest,Warlock+Hunter,3,team1,kill,49.23
Warrior+Priest_vs_Warlock+Hunter,Warrior+Priest,Warlock+Hunter,4,team1,kill,36.63
Warrior+Priest_vs_Warlock+Hunter,Warrior+Priest,Warlock+Hunter,5,team1,kill,48.92
Warrior+Priest_vs_Warlock+Hunter,Warrior+Priest,Warlock+Hunter,6,team1,kill,32.63
Warrior+Priest_vs_Warlock+Hunter,Warrior+Priest,Warlock+Hunter,7,team1,kill,32.68
Warrior+Priest_vs_Warlock+Hunter,Warrior+Priest,Warlock+Hunter,8,team1,kill,28.70
Warrior+Priest_vs_Warlock+Hunter,Warrior+Priest,Warlock+Hunter,9,team1,kill,45.87
Warrior+Priest_vs_Warlock+Hunter,Warrior+Priest,Warlock+Hunter,10,team2,kill,30.32
Warrior+Priest_vs_Warlock+Hunter,Warrior+Priest,Warlock+Hunter,11,team1,kill,47.15
Warrior+Priest_vs_Warlock+Hunter,Warrior+Priest,Warlock+Hunter,12,team2,kill,36.42
Warrior+Priest_vs_Warlock+Hunter,Warrior+Priest,Warlock+Hunter,13,team1,kill,34.45
Warrior+Priest_vs_Warlock+Hunter,Warrior+Priest,Warlock+Hunter,14,team1,kill,46.78
Warrior+Priest_vs_Warlock+Hunter,Warrior+Priest,Warlock+Hunter,15,team1,kill,61.63
Warrior+Priest_vs_Warlock+Hunter,Warrior+Priest,Warlock+Hunter,16,team1,kill,32.22
Warrior+Priest_vs_Warlock+Hunter,Warrior+Priest,Warlock+Hunter,17,team1,kill,61.07
Warrior+Priest_vs_Warlock+Hunter,Warrior+Priest,Warlock+Hunter,18,team1,kill,38.37
Warrior+Priest_vs_Warlock+Hunter,Warrior+Priest,Warlock+Hunter,19,team2,kill,48.42
Warrior+Priest_vs_Warlock+Hunter,Warrior+Priest,Warlock+Hunter,20,team1,kill,36.08
Warrior+Priest_vs_Warlock+Hunter,Warrior+Priest,Warlock+Hunter,21,team1,kill,27.80
Warrior+Priest_vs_Warlock+Hunter,Warrior+Priest,Warlock+Hunter,22,team2,kill,38.00
Warrior+Priest_vs_Warlock+Hunter,Warrior+Priest,Warlock+Hunter,23,team2,kill,31.42
Warrior+Priest_vs_Warlock+Hunter,Warrior+Priest,Warlock+Hunter,24,team1,kill,45.62
Warrior+Priest_vs_Warlock+Hunter,Warrior+Priest,Warlock+Hunter,25,team1,kill,69.70
Warrior+Priest_vs_Warlock+Hunter,Warrior+Priest,Warlock+Hunter,26,team1,kill,30.12
Warrior+Priest_vs_Warlock+Hunter,Warrior+Priest,Warlock+Hunter,27,team1,kill,45.63
Warrior+Priest_vs_Warlock+Hunter,Warrior+Priest,Warlock+Hunter,28,team1,kill,40.37
Warrior+Priest_vs_Warlock+Hunter,Warrior+Priest,Warlock+Hunter,29,team2,kill,41.70
Warrior+Priest_vs_Warlock+Hunter,Warrior+Priest,Warlock+Hunter,30,team1,kill,49.03
Warrior+Priest_vs_Warlock+Hunter,Warrior+Priest,Warlock+Hunter,31,team1,kill,40.32
Warrior+Priest_vs_Warlock+Hunter,Warrior+Priest,Warlock+Hunter,32,team1,kill,41.62
Warrior+Priest_vs_Warlock+Hunter,Warrior+Priest,Warlock+Hunter,33,team1,kill,68.67
Warrior+Priest_vs_Warlock+Hunter,Warrior+Priest,Warlock+Hunter,34,team1,kill,37.70
Warrior+Priest_vs_Warlock+Hunter,Warrior+Priest,Warlock+Hunter,35,team1,kill,88.84
Warrior+Priest_vs_Warlock+Hunter,Warrior+Priest,Warlock+Hunter,36,team1,kill,35.28
Warrior+Priest_vs_Warlock+Hunter,Warrior+Priest,Warlock+Hunter,37,team1,kill,80.72
Warrior+Priest_vs_Warlock+Hunter,Warrior+Priest,Warlock+Hunter,38,team1,kill,37.60
Warrior+Priest_vs_Warlock+Hunter,Warrior+Priest,Warlock+Hunter,39,team1,kill,71.38
Warrior+Priest_vs_Warlock+Hunter,Warrior+Priest,Warlock+Hunter,40,team2,kill,34.25
Warrior+Priest_vs_Warlock+Hunter,Warrior+Priest,Warlock+Hunter,41,team1,kill,45.13
Warrior+Priest_vs_Warlock+Hunter,Warrior+Priest,Warlock+Hunter,42,team2,kill,48.78
Warrior+Priest_vs_Warlock+Hunter,Warrior+Priest,Warlock+Hunter,43,team1,kill,80.00
Warrior+Priest_vs_Warlock+Hunter,Warrior+Priest,Warlock+Hunter,44,team1,kill,32.88
Warrior+Priest_vs_Warlock+Hunter,Warrior+Priest,Warlock+Hunter,45,team1,kill,81.87
Warrior+Priest_vs_Warlock+Hunter,Warrior+Priest,Warlock+Hunter,46,team1,kill,29.08
Warrior+Priest_vs_Warlock+Hunter,Warrior+Priest,Warlock+Hunter,47,team1,kill,48.83
Warrior+Priest_vs_Warlock+Hunter,Warrior+Priest,Warlock+Hunter,48,team2,kill,79.30
Warrior+Priest_vs_Warlock+Hunter,Warrior+Priest,Warlock+Hunter,49,team1,kill,59.42
Warrior+Priest_vs_Warlock+Hunter,Warrior+Priest,Warlock+Hunter,50,team1,kill,55.15
Warrior+Priest_vs_Warlock+Hunter,Warrior+Priest,Warlock+Hunter,51,team1,kill,80.89
Warrior+Priest_vs_Warlock+Hunter,Warrior+Priest,Warlock+Hunter,52,team1,kill,49.02
Warrior+Priest_vs_Warlock+Hunter,Warrior+Priest,Warlock+Hunter,53,team1,kill,80.54
Warrior+Priest_vs_Warlock+Hunter,Warrior+Priest,Warlock+Hunter,54,team1,kill,74.27
Warrior+Priest_vs_Warlock+Hunter,Warrior+Priest,Warlock+Hunter,55,team1,kill,32.48
Warrior+Priest_vs_Warlock+Hunter,Warrior+Priest,Warlock+Hunter,56,team1,kill,49.93
Warrior+Priest_vs_Warlock+Hunter,Warrior+Priest,Warlock+Hunter,57,team1,kill,64.62
Warrior+Priest_vs_Warlock+Hunter,Warrior+Priest,Warlock+Hunter,58,team2,kill,36.45
Warrior+Priest_vs_Warlock+Hunter,Warrior+Priest,Warlock+Hunter,59,team2,kill,56.90
Warrior+Priest_vs_Warlock+Hunter,Warrior+Priest,Warlock+Hunter,60,team1,kill,47.65
Warrior+Priest_vs_Warlock+Hunter,Warrior+Priest,Warlock+Hunter,61,team1,kill,55.67
Warrior+Priest_vs_Warlock+Hunter,Warrior+Priest,Warlock+Hunter,62,team1,kill,31.63
Warrior+Priest_vs_Warlock+Hunter,Warrior+Priest,Warlock+Hunter,63,team1,kill,101.92
Warrior+Priest_vs_Warlock+Hunter,Warrior+Priest,Warlock+Hunter,64,team1,kill,32.60
Warrior+Priest_vs_Warlock+Hunter,Warrior+Priest,Warlock+Hunter,65,team1,kill,52.08
Warrior+Priest_vs_Warlock+Hunter,Warrior+Priest,Warlock+Hunter,66,team1,kill,31.78
Warrior+Priest_vs_Warlock+Hunter,Warrior+Priest,Warlock+Hunter,67,team2,kill,26.40
Warrior+Priest_vs_Warlock+Hunter,Warrior+Priest,Warlock+Hunter,68,team1,kill,31.35
Warrior+Priest_vs_Warlock+Hunter,Warrior+Priest,Warlock+Hunter,69,team1,kill,80.79
Warrior+Priest_vs_Warlock+Hunter,Warrior+Priest,Warlock+Hunter,70,team1,kill,42.23
Warrior+Priest_vs_Warlock+Hunter,Warrior+Priest,Warlock+Hunter,71,team1,kill,44.18
Warrior+Priest_vs_Warlock+Hunter,Warrior+Priest,Warlock+Hunter,72,team2,kill,33.88
Warrior+Priest_vs_Warlock+Hunter,Warrior+Priest,Warlock+Hunter,73,team1,kill,31.00
Warrior+Priest_vs_Warlock+Hunter,Warrior+Priest,Warlock+Hunter,74,team1,kill,81.62
Warrior+Priest_vs_Warlock+Hunter,Warrior+Priest,Warlock+Hunter,75,team1,kill,51.08
Warrior+Priest_vs_Warlock+Hunter,Warrior+Priest,Warlock+Hunter,76,team1,kill,42.37
Warrior+Priest_vs_Warlock+Hunter,Warrior+Priest,Warlock+Hunter,77,team1,kill,50.88
Warrior+Priest_vs_Warlock+Hunter,Warrior+Priest,Warlock+Hunter,78,team1,kill,31.77
Warrior+Priest_vs_Warlock+Hunter,Warrior+Priest,Warlock+Hunter,79,team2,kill,40.97
Warrior+Priest_vs_Warlock+Hunter,Warrior+Priest,Warlock+Hunter,80,team1,kill,31.98
Warrior+Priest_vs_Warlock+Hunter,Warrior+Priest,Warlock+Hunter,81,team1,kill,73.23
Warrior+Priest_vs_Warlock+Hunter,Warrior+Priest,Warlock+Hunter,82,team1,kill,43.88
Warrior+Priest_vs_Warlock+Hunter,Warrior+Priest,Warlock+Hunter,83,team1,kill,72.67
Warrior+Priest_vs_Warlock+Hunter,Warrior+Priest,Warlock+Hunter,84,team2,kill,71.82
Warrior+Priest_vs_Warlock+Hunter,Warrior+Priest,Warlock+Hunter,85,team1,kill,45.87
Warrior+Priest_vs_Warlock+Hunter,Warrior+Priest,Warlock+Hunter,86,team1,kill,55.08
Warrior+Priest_vs_Warlock+Hunter,Warrior+Priest,Warlock+Hunter,87,team1,kill,74.48
Warrior+Priest_vs_Warlock+Hunter,Warrior+Priest,Warlock+Hunter,88,team1,kill,43.62
Warrior+Priest_vs_Warlock+Hunter,Warrior+Priest,Warlock+Hunter,89,team2,kill,33.53
Warrior+Priest_vs_Warlock+Hunter,Warrior+Priest,Warlock+Hunter,90,team2,kill,35.50
Warrior+Priest_vs_Warlock+Hunter,Warrior+Priest,Warlock+Hunter,91,team1,kill,53.13
Warrior+Priest_vs_Warlock+Hunter,Warrior+Priest,Warlock+Hunter,92,team1,kill,65.87
Warrior+Priest_vs_Warlock+Hunter,Warrior+Priest,Warlock+Hunter,93,team1,kill,44.02
Warrior+Priest_vs_Warlock+Hunter,Warrior+Priest,Warlock+Hunter,94,team2,kill,27.68
Warrior+Priest_vs_Warlock+Hunter,Warrior+Priest,Warlock+Hunter,95,team1,kill,31.47
Warrior+Priest_vs_Warlock+Hunter,Warrior+Priest,Warlock+Hunter,96,team1,kill,31.80
Warrior+Priest_vs_Warlock+Hunter,Warrior+Priest,Warlock+Hunter,97,team2,kill,27.33
Warrior+Priest_vs_Warlock+Hunter,Warrior+Priest,Warlock+Hunter,98,team2,kill,35.38
Warrior+Priest_vs_Warlock+Hunter,Warrior+Priest,Warlock+Hunter,99,team2,kill,35.42
Warrior+Priest_vs_Warlock+Shaman,Warrior+Priest,Warlock+Shaman,0,team2,kill,18.07
Warrior+Priest_vs_Warlock+Shaman,Warrior+Priest,Warlock+Shaman,1,team2,kill,17.80
Warrior+Priest_vs_Warlock+Shaman,Warrior+Priest,Warlock+Shaman,2,team1,kill,46.75
Warrior+Priest_vs_Warlock+Shaman,Warrior+Priest,Warlock+Shaman,3,team2,kill,19.48
Warrior+Priest_vs_Warlock+Shaman,Warrior+Priest,Warlock+Shaman,4,team2,kill,43.37
Warrior+Priest_vs_Warlock+Shaman,Warrior+Priest,Warlock+Shaman,5,team1,kill,43.85
Warrior+Priest_vs_Warlock+Shaman,Warrior+Priest,Warlock+Shaman,6,team1,kill,41.05
Warrior+Priest_vs_Warlock+Shaman,Warrior+Priest,Warlock+Shaman,7,team1,kill,45.30
Warrior+Priest_vs_Warlock+Shaman,Warrior+Priest,Warlock+Shaman,8,team1,kill,47.73
Warrior+Priest_vs_Warlock+Shaman,Warrior+Priest,Warlock+Shaman,9,team1,kill,47.48
Warrior+Priest_vs_Warlock+Shaman,Warrior+Priest,Warlock+Shaman,10,team1,kill,51.20
Warrior+Priest_vs_Warlock+Shaman,Warrior+Priest,Warlock+Shaman,11,team1,kill,42.98
Warrior+Priest_vs_Warlock+Shaman,Warrior+Priest,Warlock+Shaman,12,team2,kill,23.80
Warrior+Priest_vs_Warlock+Shaman,Warrior+Priest,Warlock+Shaman,13,team1,kill,50.12
Warrior+Priest_vs_Warlock+Shaman,Warrior+Priest,Warlock+Shaman,14,team1,kill,47.78
Warrior+Priest_vs_Warlock+Shaman,Warrior+Priest,Warlock+Shaman,15,team1,kill,46.05
Warrior+Priest_vs_Warlock+Shaman,Warrior+Priest,Warlock+Shaman,16,team2,kill,34.75
Warrior+Priest_vs_Warlock+Shaman,Warrior+Priest,Warlock+Shaman,17,team1,kill,49.53
Warrior+Priest_vs_Warlock+Shaman,Warrior+Priest,Warlock+Shaman,18,team2,kill,37.67
Warrior+Priest_vs_Warlock+Shaman,Warrior+Priest,Warlock+Shaman,19,team2,kill,17.17
Warrior+Priest_vs_Warlock+Shaman,Warrior+Priest,Warlock+Shaman,20,team1,kill,48.23
Warrior+Priest_vs_Warlock+Shaman,Warrior+Priest,Warlock+Shaman,21,team1,kill,68.72
Warrior+Priest_vs_Warlock+Shaman,Warrior+Priest,Warlock+Shaman,22,team1,kill,44.30
Warrior+Priest_vs_Warlock+Shaman,Warrior+Priest,Warlock+Shaman,23,team2,kill,16.95
Warrior+Priest_vs_Warlock+Shaman,Warrior+Priest,Warlock+Shaman,24,team2,kill,26.58
Warrior+Priest_vs_Warlock+Shaman,Warrior+Priest,Warlock+Shaman,25,team1,kill,44.27
Warrior+Priest_vs_Warlock+Shaman,Warrior+Priest,Warlock+Shaman,26,team2,kill,30.33
Warrior+Priest_vs_Warlock+Shaman,Warrior+Priest,Warlock+Shaman,27,team2,kill,22.83
Warrior+Priest_vs_Warlock+Shaman,Warrior+Priest,Warlock+Shaman,28,team2,kill,18.78
Warrior+Priest_vs_Warlock+Shaman,Warrior+Priest,Warlock+Shaman,29,team1,kill,48.10
Warrior+Priest_vs_Warlock+Shaman,Warrior+Priest,Warlock+Shaman,30,team1,kill,45.63
Warrior+Priest_vs_Warlock+Shaman,Warrior+Priest,Warlock+Shaman,31,team2,kill,35.30
Warrior+Priest_vs_Warlock+Shaman,Warrior+Priest,Warlock+Shaman,32,team2,kill,32.92
Warrior+Priest_vs_Warlock+Shaman,Warrior+Priest,Warlock+Shaman,33,team1,kill,43.98
Warrior+Priest_vs_Warlock+Shaman,Warrior+Priest,Warlock+Shaman,34,team2,kill,28.57
Warrior+Priest_vs_Warlock+Shaman,Warrior+Priest,Warlock+Shaman,35,team2,kill,60.63
Warrior+Priest_vs_Warlock+Shaman,Warrior+Priest,Warlock+Shaman,36,team2,kill,18.78
Warrior+Priest_vs_Warlock+Shaman,Warrior+Priest,Warlock+Shaman,37,team1,kill,76.47
Warrior+Priest_vs_Warlock+Shaman,Warrior+Priest,Warlock+Shaman,38,team2,kill,38.43
Warrior+Priest_vs_Warlock+Shaman,Warrior+Priest,Warlock+Shaman,39,team1,kill,50.63
Warrior+Priest_vs_Warlock+Shaman,Warrior+Priest,Warlock+Shaman,40,team1,kill,42.42
Warrior+Priest_vs_Warlock+Shaman,Warrior+Priest,Warlock+Shaman,41,team2,kill,48.25
Warrior+Priest_vs_Warlock+Shaman,Warrior+Priest,Warlock+Shaman,42,team1,kill,40.50
Warrior+Priest_vs_Warlock+Shaman,Warrior+Priest,Warlock+Shaman,43,team2,kill,21.83
Warrior+Priest_vs_Warlock+Shaman,Warrior+Priest,Warlock+Shaman,44,team2,kill,21.58
Warrior+Priest_vs_Warlock+Shaman,Warrior+Priest,Warlock+Shaman,45,team1,kill,39.63
Warrior+Priest_vs_Warlock+Shaman,Warrior+Priest,Warlock+Shaman,46,team1,kill,39.57
Warrior+Priest_vs_Warlock+Shaman,Warrior+Priest,Warlock+Shaman,47,team2,kill,19.48
Warrior+Priest_vs_Warlock+Shaman,Warrior+Priest,Warlock+Shaman,48,team1,kill,42.48
Warrior+Priest_vs_Warlock+Shaman,Warrior+Priest,Warlock+Shaman,49,team2,kill,17.30
Warrior+Priest_vs_Warlock+Shaman,Warrior+Priest,Warlock+Shaman,50,team2,kill,23.28
Warrior+Priest_vs_Warlock+Shaman,Warrior+Priest,Warlock+Shaman,51,team1,kill,46.32
Warrior+Priest_vs_Warlock+Shaman,Warrior+Priest,Warlock+Shaman,52,team2,kill,32.30
Warrior+Priest_vs_Warlock+Shaman,Warrior+Priest,Warlock+Shaman,53,team2,kill,31.27
Warrior+Priest_vs_Warlock+Shaman,Warrior+Priest,Warlock+Shaman,54,team1,kill,45.05
Warrior+Priest_vs_Warlock+Shaman,Warrior+Priest,Warlock+Shaman,55,team1,kill,41.82
Warrior+Priest_vs_Warlock+Shaman,Warrior+Priest,Warlock+Shaman,56,team2,kill,19.47
Warrior+Priest_vs_Warlock+Shaman,Warrior+Priest,Warlock+Shaman,57,team2,kill,19.80
Warrior+Priest_vs_Warlock+Shaman,Warrior+Priest,Warlock+Shaman,58,team1,kill,50.65
Warrior+Priest_vs_Warlock+Shaman,Warrior+Priest,Warlock+Shaman,59,team1,kill,42.45
Warrior+Priest_vs_Warlock+Shaman,Warrior+Priest,Warlock+Shaman,60,team1,kill,50.70
Warrior+Priest_vs_Warlock+Shaman,Warrior+Priest,Warlock+Shaman,61,team1,kill,40.17
Warrior+Priest_vs_Warlock+Shaman,Warrior+Priest,Warlock+Shaman,62,team2,kill,17.45
Warrior+Priest_vs_Warlock+Shaman,Warrior+Priest,Warlock+Shaman,63,team2,kill,22.28
Warrior+Priest_vs_Warlock+Shaman,Warrior+Priest,Warlock+Shaman,64,team2,kill,20.98
Warrior+Priest_vs_Warlock+Shaman,Warrior+Priest,Warlock+Shaman,65,team1,kill,48.15
Warrior+Priest_vs_Warlock+Shaman,Warrior+Priest,Warlock+Shaman,66,team2,kill,36.00
Warrior+Priest_vs_Warlock+Shaman,Warrior+Priest,Warlock+Shaman,67,team1,kill,47.62
Warrior+Priest_vs_Warlock+Shaman,Warrior+Priest,Warlock+Shaman,68,team2,kill,29.18
Warrior+Priest_vs_Warlock+Shaman,Warrior+Priest,Warlock+Shaman,69,team1,kill,50.37
Warrior+Priest_vs_Warlock+Shaman,Warrior+Priest,Warlock+Shaman,70,team1,kill,40.43
Warrior+Priest_vs_Warlock+Shaman,Warrior+Priest,Warlock+Shaman,71,team1,kill,50.60
Warrior+Priest_vs_Warlock+Shaman,Warrior+Priest,Warlock+Shaman,72,team1,kill,47.52
Warrior+Priest_vs_Warlock+Shaman,Warrior+Priest,Warlock+Shaman,73,team1,kill,45.55
Warrior+Priest_vs_Warlock+Shaman,Warrior+Priest,Warlock+Shaman,74,team1,kill,41.77
Warrior+Priest_vs_Warlock+Shaman,Warrior+Priest,Warlock+Shaman,75,team1,kill,46.42
Warrior+Priest_vs_Warlock+Shaman,Warrior+Priest,Warlock+Shaman,76,team2,kill,18.97
Warrior+Priest_vs_Warlock+Shaman,Warrior+Priest,Warlock+Shaman,77,team2,kill,45.50
Warrior+Priest_vs_Warlock+Shaman,Warrior+Priest,Warlock+Shaman,78,team1,kill,43.22
Warrior+Priest_vs_Warlock+Shaman,Warrior+Priest,Warlock+Shaman,79,team1,kill,53.27
Warrior+Priest_vs_Warlock+Shaman,Warrior+Priest,Warlock+Shaman,80,team2,kill,17.30
Warrior+Priest_vs_Warlock+Shaman,Warrior+Priest,Warlock+Shaman,81,team2,kill,28.20
Warrior+Priest_vs_Warlock+Shaman,Warrior+Priest,Warlock+Shaman,82,team1,kill,46.90
Warrior+Priest_vs_Warlock+Shaman,Warrior+Priest,Warlock+Shaman,83,team1,kill,50.67
Warrior+Priest_vs_Warlock+Shaman,Warrior+Priest,Warlock+Shaman,84,team2,kill,31.83
Warrior+Priest_vs_Warlock+Shaman,Warrior+Priest,Warlock+Shaman,85,team2,kill,18.10
Warrior+Priest_vs_Warlock+Shaman,Warrior+Priest,Warlock+Shaman,86,team1,kill,41.93
Warrior+Priest_vs_Warlock+Shaman,Warrior+Priest,Warlock+Shaman,87,team2,kill,32.73
Warrior+Priest_vs_Warlock+Shaman,Warrior+Priest,Warlock+Shaman,88,team2,kill,20.77
Warrior+Priest_vs_Warlock+Shaman,Warrior+Priest,Warlock+Shaman,89,team2,kill,19.27
Warrior+Priest_vs_Warlock+Shaman,Warrior+Priest,Warlock+Shaman,90,team2,kill,17.27
Warrior+Priest_vs_Warlock+Shaman,Warrior+Priest,Warlock+Shaman,91,team1,kill,62.85
Warrior+Priest_vs_Warlock+Shaman,Warrior+Priest,Warlock+Shaman,92,team2,kill,17.30
Warrior+Priest_vs_Warlock+Shaman,Warrior+Priest,Warlock+Shaman,93,team2,kill,18.27
Warrior+Priest_vs_Warlock+Shaman,Warrior+Priest,Warlock+Shaman,94,team2,kill,22.37
Warrior+Priest_vs_Warlock+Shaman,Warrior+Priest,Warlock+Shaman,95,team2,kill,24.95
Warrior+Priest_vs_Warlock+Shaman,Warrior+Priest,Warlock+Shaman,96,team1,kill,46.57
Warrior+Priest_vs_Warlock+Shaman,Warrior+Priest,Warlock+Shaman,97,team1,kill,45.47
Warrior+Priest_vs_Warlock+Shaman,Warrior+Priest,Warlock+Shaman,98,team2,kill,17.30
Warrior+Priest_vs_Warlock+Shaman,Warrior+Priest,Warlock+Shaman,99,team1,kill,45.07
Warrior+Priest_vs_Paladin+Hunter,Warrior+Priest,Paladin+Hunter,0,team2,kill,99.06
Warrior+Priest_vs_Paladin+Hunter,Warrior+Priest,Paladin+Hunter,1,team2,kill,84.05
Warrior+Priest_vs_Paladin+Hunter,Warrior+Priest,Paladin+Hunter,2,team2,kill,75.30
Warrior+Priest_vs_Paladin+Hunter,Warrior+Priest,Paladin+Hunter,3,team1,kill,137.06
Warrior+Priest_vs_Paladin+Hunter,Warrior+Priest,Paladin+Hunter,4,team2,kill,43.67
Warrior+Priest_vs_Paladin+Hunter,Warrior+Priest,Paladin+Hunter,5,team1,kill,136.41
Warrior+Priest_vs_Paladin+Hunter,Warrior+Priest,Paladin+Hunter,6,team2,kill,48.83
Warrior+Priest_vs_Paladin+Hunter,Warrior+Priest,Paladin+Hunter,7,team2,kill,92.87
Warrior+Priest_vs_Paladin+Hunter,Warrior+Priest,Paladin+Hunter,8,team1,kill,134.66
Warrior+Priest_vs_Paladin+Hunter,Warrior+Priest,Paladin+Hunter,9,team1,kill,111.38
Warrior+Priest_vs_Paladin+Hunter,Warrior+Priest,Paladin+Hunter,10,team1,kill,96.27
Warrior+Priest_vs_Paladin+Hunter,Warrior+Priest,Paladin+Hunter,11,team1,kill,136.71
Warrior+Priest_vs_Paladin+Hunter,Warrior+Priest,Paladin+Hunter,12,team1,kill,141.84
Warrior+Priest_vs_Paladin+Hunter,Warrior+Priest,Paladin+Hunter,13,team2,kill,48.93
Warrior+Priest_vs_Paladin+Hunter,Warrior+Priest,Paladin+Hunter,14,team2,kill,106.32
Warrior+Priest_vs_Paladin+Hunter,Warrior+Priest,Paladin+Hunter,15,team1,kill,141.31
Warrior+Priest_vs_Paladin+Hunter,Warrior+Priest,Paladin+Hunter,16,team2,kill,126.55
Warrior+Priest_vs_Paladin+Hunter,Warrior+Priest,Paladin+Hunter,17,team2,kill,80.69
Warrior+Priest_vs_Paladin+Hunter,Warrior+Priest,Paladin+Hunter,18,team1,kill,134.71
Warrior+Priest_vs_Paladin+Hunter,Warrior+Priest,Paladin+Hunter,19,team1,kill,137.56
Warrior+Priest_vs_Paladin+Hunter,Warrior+Priest,Paladin+Hunter,20,team1,kill,72.75
Warrior+Priest_vs_Paladin+Hunter,Warrior+Priest,Paladin+Hunter,21,team2,kill,87.79
Warrior+Priest_vs_Paladin+Hunter,Warrior+Priest,Paladin+Hunter,22,team1,kill,103.56
Warrior+Priest_vs_Paladin+Hunter,Warrior+Priest,Paladin+Hunter,23,team2,kill,94.41
Warrior+Priest_vs_Paladin+Hunter,Warrior+Priest,Paladin+Hunter,24,team1,kill,106.93
Warrior+Priest_vs_Paladin+Hunter,Warrior+Priest,Paladin+Hunter,25,team1,kill,138.59
Warrior+Priest_vs_Paladin+Hunter,Warrior+Priest,Paladin+Hunter,26,team2,kill,81.99
Warrior+Priest_vs_Paladin+Hunter,Warrior+Priest,Paladin+Hunter,27,team2,kill,49.20
Warrior+Priest_vs_Paladin+Hunter,Warrior+Priest,Paladin+Hunter,28,team2,kill,118.84
Warrior+Priest_vs_Paladin+Hunter,Warrior+Priest,Paladin+Hunter,29,team2,kill,84.09
Warrior+Priest_vs_Paladin+Hunter,Warrior+Priest,Paladin+Hunter,30,team2,kill,48.93
Warrior+Priest_vs_Paladin+Hunter,Warrior+Priest,Paladin+Hunter,31,team1,kill,78.62
Warrior+Priest_vs_Paladin+Hunter,Warrior+Priest,Paladin+Hunter,32,team1,kill,140.21
Warrior+Priest_vs_Paladin+Hunter,Warrior+Priest,Paladin+Hunter,33,team2,kill,83.47
Warrior+Priest_vs_Paladin+Hunter,Warrior+Priest,Paladin+Hunter,34,team1,kill,130.68
Warrior+Priest_vs_Paladin+Hunter,Warrior+Priest,Paladin+Hunter,35,team2,kill,75.00
Warrior+Priest_vs_Paladin+Hunter,Warrior+Priest,Paladin+Hunter,36,team2,kill,81.02
Warrior+Priest_vs_Paladin+Hunter,Warrior+Priest,Paladin+Hunter,37,team2,kill,90.77
Warrior+Priest_vs_Paladin+Hunter,Warrior+Priest,Paladin+Hunter,38,team1,kill,138.14
Warrior+Priest_vs_Paladin+Hunter,Warrior+Priest,Paladin+Hunter,39,team2,kill,95.97
Warrior+Priest_vs_Paladin+Hunter,Warrior+Priest,Paladin+Hunter,40,team1,kill,102.34
Warrior+Priest_vs_Paladin+Hunter,Warrior+Priest,Paladin+Hunter,41,team2,kill,92.86
Warrior+Priest_vs_Paladin+Hunter,Warrior+Priest,Paladin+Hunter,42,team1,kill,90.05
Warrior+Priest_vs_Paladin+Hunter,Warrior+Priest,Paladin+Hunter,43,team2,kill,130.63
Warrior+Priest_vs_Paladin+Hunter,Warrior+Priest,Paladin+Hunter,44,team1,kill,121.34
Warrior+Priest_vs_Paladin+Hunter,Warrior+Priest,Paladin+Hunter,45,team2,kill,105.46
Warrior+Priest_vs_Paladin+Hunter,Warrior+Priest,Paladin+Hunter,46,team1,kill,133.36
Warrior+Priest_vs_Paladin+Hunter,Warrior+Priest,Paladin+Hunter,47,team1,kill,76.10
Warrior+Priest_vs_Paladin+Hunter,Warrior+Priest,Paladin+Hunter,48,team1,kill,129.00
Warrior+Priest_vs_Paladin+Hunter,Warrior+Priest,Paladin+Hunter,49,team2,kill,97.99
Warrior+Priest_vs_Paladin+Hunter,Warrior+Priest,Paladin+Hunter,50,team1,kill,127.76
Warrior+Priest_vs_Paladin+Hunter,Warrior+Priest,Paladin+Hunter,51,team2,kill,83.09
Warrior+Priest_vs_Paladin+Hunter,Warrior+Priest,Paladin+Hunter,52,team1,kill,118.63
Warrior+Priest_vs_Paladin+Hunter,Warrior+Priest,Paladin+Hunter,53,team2,kill,81.50
Warrior+Priest_vs_Paladin+Hunter,Warrior+Priest,Paladin+Hunter,54,team2,kill,88.34
Warrior+Priest_vs_Paladin+Hunter,Warrior+Priest,Paladin+Hunter,55,team1,kill,128.31
Warrior+Priest_vs_Paladin+Hunter,Warrior+Priest,Paladin+Hunter,56,team2,kill,95.01
Warrior+Priest_vs_Paladin+Hunter,Warrior+Priest,Paladin+Hunter,57,team1,kill,98.59
Warrior+Priest_vs_Paladin+Hunter,Warrior+Priest,Paladin+Hunter,58,team1,kill,80.59
Warrior+Priest_vs_Paladin+Hunter,Warrior+Priest,Paladin+Hunter,59,team1,kill,136.73
Warrior+Priest_vs_Paladin+Hunter,Warrior+Priest,Paladin+Hunter,60,team1,kill,123.25
Warrior+Priest_vs_Paladin+Hunter,Warrior+Priest,Paladin+Hunter,61,team2,kill,99.59
Warrior+Priest_vs_Paladin+Hunter,Warrior+Priest,Paladin+Hunter,62,team2,kill,42.93
Warrior+Priest_vs_Paladin+Hunter,Warrior+Priest,Paladin+Hunter,63,team2,kill,48.93
Warrior+Priest_vs_Paladin+Hunter,Warrior+Priest,Paladin+Hunter,64,team2,kill,95.02
Warrior+Priest_vs_Paladin+Hunter,Warrior+Priest,Paladin+Hunter,65,team1,kill,95.12
Warrior+Priest_vs_Paladin+Hunter,Warrior+Priest,Paladin+Hunter,66,team2,kill,82.47
Warrior+Priest_vs_Paladin+Hunter,Warrior+Priest,Paladin+Hunter,67,team2,kill,96.54
Warrior+Priest_vs_Paladin+Hunter,Warrior+Priest,Paladin+Hunter,68,team2,kill,75.99
Warrior+Priest_vs_Paladin+Hunter,Warrior+Priest,Paladin+Hunter,69,team2,kill,92.49
Warrior+Priest_vs_Paladin+Hunter,Warrior+Priest,Paladin+Hunter,70,team2,kill,42.12
Warrior+Priest_vs_Paladin+Hunter,Warrior+Priest,Paladin+Hunter,71,team2,kill,92.49
Warrior+Priest_vs_Paladin+Hunter,Warrior+Priest,Paladin+Hunter,72,team2,kill,81.57
Warrior+Priest_vs_Paladin+Hunter,Warrior+Priest,Paladin+Hunter,73,team2,kill,84.05
Warrior+Priest_vs_Paladin+Hunter,Warrior+Priest,Paladin+Hunter,74,team2,kill,82.02
Warrior+Priest_vs_Paladin+Hunter,Warrior+Priest,Paladin+Hunter,75,team2,kill,82.12
Warrior+Priest_vs_Paladin+Hunter,Warrior+Priest,Paladin+Hunter,76,team1,kill,127.63
Warrior+Priest_vs_Paladin+Hunter,Warrior+Priest,Paladin+Hunter,77,team2,kill,42.40
Warrior+Priest_vs_Paladin+Hunter,Warrior+Priest,Paladin+Hunter,78,team2,kill,88.02
Warrior+Priest_vs_Paladin+Hunter,Warrior+Priest,Paladin+Hunter,79,team2,kill,48.93
Warrior+Priest_vs_Paladin+Hunter,Warrior+Priest,Paladin+Hunter,80,team1,kill,80.12
Warrior+Priest_vs_Paladin+Hunter,Warrior+Priest,Paladin+Hunter,81,team2,kill,46.32
Warrior+Priest_vs_Paladin+Hunter,Warrior+Priest,Paladin+Hunter,82,team1,kill,85.47
Warrior+Priest_vs_Paladin+Hunter,Warrior+Priest,Paladin+Hunter,83,team2,kill,127.16
Warrior+Priest_vs_Paladin+Hunter,Warrior+Priest,Paladin+Hunter,84,team2,kill,95.01
Warrior+Priest_vs_Paladin+Hunter,Warrior+Priest,Paladin+Hunter,85,team2,kill,107.31
Warrior+Priest_vs_Paladin+Hunter,Warrior+Priest,Paladin+Hunter,86,team1,kill,91.31
Warrior+Priest_vs_Paladin+Hunter,Warrior+Priest,Paladin+Hunter,87,team2,kill,138.39
Warrior+Priest_vs_Paladin+Hunter,Warrior+Priest,Paladin+Hunter,88,team1,kill,80.59
Warrior+Priest_vs_Paladin+Hunter,Warrior+Priest,Paladin+Hunter,89,team2,kill,84.32
Warrior+Priest_vs_Paladin+Hunter,Warrior+Priest,Paladin+Hunter,90,team2,kill,44.00
Warrior+Priest_vs_Paladin+Hunter,Warrior+Priest,Paladin+Hunter,91,team2,kill,94.41
Warrior+Priest_vs_Paladin+Hunter,Warrior+Priest,Paladin+Hunter,92,team2,kill,81.34
Warrior+Priest_vs_Paladin+Hunter,Warrior+Priest,Paladin+Hunter,93,team2,kill,81.00
Warrior+Priest_vs_Paladin+Hunter,Warrior+Priest,Paladin+Hunter,94,team2,kill,84.05
Warrior+Priest_vs_Paladin+Hunter,Warrior+Priest,Paladin+Hunter,95,team2,kill,42.40
Warrior+Priest_vs_Paladin+Hunter,Warrior+Priest,Paladin+Hunter,96,team1,kill,126.10
Warrior+Priest_vs_Paladin+Hunter,Warrior+Priest,Paladin+Hunter,97,team2,kill,107.18
Warrior+Priest_vs_Paladin+Hunter,Warrior+Priest,Paladin+Hunter,98,team1,kill,60.35
Warrior+Priest_vs_Paladin+Hunter,Warrior+Priest,Paladin+Hunter,99,team2,kill,48.93
Warrior+Priest_vs_Hunter+Shaman,Warrior+Priest,Hunter+Shaman,0,team2,kill,61.32
Warrior+Priest_vs_Hunter+Shaman,Warrior+Priest,Hunter+Shaman,1,team2,kill,57.00
Warrior+Priest_vs_Hunter+Shaman,Warrior+Priest,Hunter+Shaman,2,team2,kill,41.90
Warrior+Priest_vs_Hunter+Shaman,Warrior+Priest,Hunter+Shaman,3,team2,kill,32.62
Warrior+Priest_vs_Hunter+Shaman,Warrior+Priest,Hunter+Shaman,4,team2,kill,29.82
Warrior+Priest_vs_Hunter+Shaman,Warrior+Priest,Hunter+Shaman,5,team2,kill,30.18
Warrior+Priest_vs_Hunter+Shaman,Warrior+Priest,Hunter+Shaman,6,team2,kill,29.82
Warrior+Priest_vs_Hunter+Shaman,Warrior+Priest,Hunter+Shaman,7,team2,kill,32.62
Warrior+Priest_vs_Hunter+Shaman,Warrior+Priest,Hunter+Shaman,8,team2,kill,34.33
Warrior+Priest_vs_Hunter+Shaman,Warrior+Priest,Hunter+Shaman,9,team2,kill,30.18
Warrior+Priest_vs_Hunter+Shaman,Warrior+Priest,Hunter+Shaman,10,team2,kill,55.05
Warrior+Priest_vs_Hunter+Shaman,Warrior+Priest,Hunter+Shaman,11,team2,kill,30.18
Warrior+Priest_vs_Hunter+Shaman,Warrior+Priest,Hunter+Shaman,12,team2,kill,30.18
Warrior+Priest_vs_Hunter+Shaman,Warrior+Priest,Hunter+Shaman,13,team2,kill,31.83
Warrior+Priest_vs_Hunter+Shaman,Warrior+Priest,Hunter+Shaman,14,team2,kill,30.18
Warrior+Priest_vs_Hunter+Shaman,Warrior+Priest,Hunter+Shaman,15,team2,kill,58.18
Warrior+Priest_vs_Hunter+Shaman,Warrior+Priest,Hunter+Shaman,16,team2,kill,57.00
Warrior+Priest_vs_Hunter+Shaman,Warrior+Priest,Hunter+Shaman,17,team2,kill,55.83
Warrior+Priest_vs_Hunter+Shaman,Warrior+Priest,Hunter+Shaman,18,team2,kill,49.45
Warrior+Priest_vs_Hunter+Shaman,Warrior+Priest,Hunter+Shaman,19,team2,kill,36.85
Warrior+Priest_vs_Hunter+Shaman,Warrior+Priest,Hunter+Shaman,20,team2,kill,26.80
Warrior+Priest_vs_Hunter+Shaman,Warrior+Priest,Hunter+Shaman,21,team2,kill,30.18
Warrior+Priest_vs_Hunter+Shaman,Warrior+Priest,Hunter+Shaman,22,team2,kill,49.43
Warrior+Priest_vs_Hunter+Shaman,Warrior+Priest,Hunter+Shaman,23,team2,kill,30.18
Warrior+Priest_vs_Hunter+Shaman,Warrior+Priest,Hunter+Shaman,24,team2,kill,30.18
Warrior+Priest_vs_Hunter+Shaman,Warrior+Priest,Hunter+Shaman,25,team2,kill,29.32
Warrior+Priest_vs_Hunter+Shaman,Warrior+Priest,Hunter+Shaman,26,team2,kill,46.95
Warrior+Priest_vs_Hunter+Shaman,Warrior+Priest,Hunter+Shaman,27,team2,kill,51.97
Warrior+Priest_vs_Hunter+Shaman,Warrior+Priest,Hunter+Shaman,28,team2,kill,30.18
Warrior+Priest_vs_Hunter+Shaman,Warrior+Priest,Hunter+Shaman,29,team2,kill,42.05
Warrior+Priest_vs_Hunter+Shaman,Warrior+Priest,Hunter+Shaman,30,team2,kill,51.95
Warrior+Priest_vs_Hunter+Shaman,Warrior+Priest,Hunter+Shaman,31,team2,kill,30.18
Warrior+Priest_vs_Hunter+Shaman,Warrior+Priest,Hunter+Shaman,32,team2,kill,46.93
Warrior+Priest_vs_Hunter+Shaman,Warrior+Priest,Hunter+Shaman,33,team2,kill,61.43
Warrior+Priest_vs_Hunter+Shaman,Warrior+Priest,Hunter+Shaman,34,team2,kill,30.18
Warrior+Priest_vs_Hunter+Shaman,Warrior+Priest,Hunter+Shaman,35,team2,kill,51.13
Warrior+Priest_vs_Hunter+Shaman,Warrior+Priest,Hunter+Shaman,36,team2,kill,30.18
Warrior+Priest_vs_Hunter+Shaman,Warrior+Priest,Hunter+Shaman,37,team2,kill,82.94
Warrior+Priest_vs_Hunter+Shaman,Warrior+Priest,Hunter+Shaman,38,team2,kill,30.18
Warrior+Priest_vs_Hunter+Shaman,Warrior+Priest,Hunter+Shaman,39,team2,kill,54.50
Warrior+Priest_vs_Hunter+Shaman,Warrior+Priest,Hunter+Shaman,40,team2,kill,51.97
Warrior+Priest_vs_Hunter+Shaman,Warrior+Priest,Hunter+Shaman,41,team2,kill,49.45
Warrior+Priest_vs_Hunter+Shaman,Warrior+Priest,Hunter+Shaman,42,team2,kill,30.18
Warrior+Priest_vs_Hunter+Shaman,Warrior+Priest,Hunter+Shaman,43,team2,kill,60.53
Warrior+Priest_vs_Hunter+Shaman,Warrior+Priest,Hunter+Shaman,44,team2,kill,54.50
Warrior+Priest_vs_Hunter+Shaman,Warrior+Priest,Hunter+Shaman,45,team2,kill,30.18
Warrior+Priest_vs_Hunter+Shaman,Warrior+Priest,Hunter+Shaman,46,team2,kill,30.18
Warrior+Priest_vs_Hunter+Shaman,Warrior+Priest,Hunter+Shaman,47,team2,kill,54.68
Warrior+Priest_vs_Hunter+Shaman,Warrior+Priest,Hunter+Shaman,48,team2,kill,31.13
Warrior+Priest_vs_Hunter+Shaman,Warrior+Priest,Hunter+Shaman,49,team2,kill,36.85
Warrior+Priest_vs_Hunter+Shaman,Warrior+Priest,Hunter+Shaman,50,team2,kill,51.97
Warrior+Priest_vs_Hunter+Shaman,Warrior+Priest,Hunter+Shaman,51,team1,kill,47.85
Warrior+Priest_vs_Hunter+Shaman,Warrior+Priest,Hunter+Shaman,52,team2,kill,36.42
Warrior+Priest_vs_Hunter+Shaman,Warrior+Priest,Hunter+Shaman,53,team2,kill,46.57
Warrior+Priest_vs_Hunter+Shaman,Warrior+Priest,Hunter+Shaman,54,team2,kill,30.18
Warrior+Priest_vs_Hunter+Shaman,Warrior+Priest,Hunter+Shaman,55,team2,kill,57.00
Warrior+Priest_vs_Hunter+Shaman,Warrior+Priest,Hunter+Shaman,56,team2,kill,30.18
Warrior+Priest_vs_Hunter+Shaman,Warrior+Priest,Hunter+Shaman,57,team2,kill,30.18
Warrior+Priest_vs_Hunter+Shaman,Warrior+Priest,Hunter+Shaman,58,team2,kill,32.62
Warrior+Priest_vs_Hunter+Shaman,Warrior+Priest,Hunter+Shaman,59,team2,kill,30.18
Warrior+Priest_vs_Hunter+Shaman,Warrior+Priest,Hunter+Shaman,60,team2,kill,58.18
Warrior+Priest_vs_Hunter+Shaman,Warrior+Priest,Hunter+Shaman,61,team2,kill,34.33
Warrior+Priest_vs_Hunter+Shaman,Warrior+Priest,Hunter+Shaman,62,team2,kill,50.35
Warrior+Priest_vs_Hunter+Shaman,Warrior+Priest,Hunter+Shaman,63,team2,kill,57.00
Warrior+Priest_vs_Hunter+Shaman,Warrior+Priest,Hunter+Shaman,64,team2,kill,59.75
Warrior+Priest_vs_Hunter+Shaman,Warrior+Priest,Hunter+Shaman,65,team2,kill,54.50
Warrior+Priest_vs_Hunter+Shaman,Warrior+Priest,Hunter+Shaman,66,team2,kill,30.18
Warrior+Priest_vs_Hunter+Shaman,Warrior+Priest,Hunter+Shaman,67,team2,kill,26.80
Warrior+Priest_vs_Hunter+Shaman,Warrior+Priest,Hunter+Shaman,68,team2,kill,30.18
Warrior+Priest_vs_Hunter+Shaman,Warrior+Priest,Hunter+Shaman,69,team2,kill,30.18
Warrior+Priest_vs_Hunter+Shaman,Warrior+Priest,Hunter+Shaman,70,team2,kill,43.77
Warrior+Priest_vs_Hunter+Shaman,Warrior+Priest,Hunter+Shaman,71,team2,kill,53.48
Warrior+Priest_vs_Hunter+Shaman,Warrior+Priest,Hunter+Shaman,72,team2,kill,39.28
Warrior+Priest_vs_Hunter+Shaman,Warrior+Priest,Hunter+Shaman,73,team2,kill,54.27
Warrior+Priest_vs_Hunter+Shaman,Warrior+Priest,Hunter+Shaman,74,team2,kill,30.18
Warrior+Priest_vs_Hunter+Shaman,Warrior+Priest,Hunter+Shaman,75,team2,kill,60.03
Warrior+Priest_vs_Hunter+Shaman,Warrior+Priest,Hunter+Shaman,76,team2,kill,30.18
Warrior+Priest_vs_Hunter+Shaman,Warrior+Priest,Hunter+Shaman,77,team2,kill,32.73
Warrior+Priest_vs_Hunter+Shaman,Warrior+Priest,Hunter+Shaman,78,team1,kill,57.88
Warrior+Priest_vs_Hunter+Shaman,Warrior+Priest,Hunter+Shaman,79,team2,kill,31.13
Warrior+Priest_vs_Hunter+Shaman,Warrior+Priest,Hunter+Shaman,80,team2,kill,32.40
Warrior+Priest_vs_Hunter+Shaman,Warrior+Priest,Hunter+Shaman,81,team2,kill,30.18
Warrior+Priest_vs_Hunter+Shaman,Warrior+Priest,Hunter+Shaman,82,team1,kill,62.38
Warrior+Priest_vs_Hunter+Shaman,Warrior+Priest,Hunter+Shaman,83,team2,kill,30.18
Warrior+Priest_vs_Hunter+Shaman,Warrior+Priest,Hunter+Shaman,84,team2,kill,51.13
Warrior+Priest_vs_Hunter+Shaman,Warrior+Priest,Hunter+Shaman,85,team2,kill,32.62
Warrior+Priest_vs_Hunter+Shaman,Warrior+Priest,Hunter+Shaman,86,team2,kill,31.83
Warrior+Priest_vs_Hunter+Shaman,Warrior+Priest,Hunter+Shaman,87,team2,kill,62.10
Warrior+Priest_vs_Hunter+Shaman,Warrior+Priest,Hunter+Shaman,88,team2,kill,30.18
Warrior+Priest_vs_Hunter+Shaman,Warrior+Priest,Hunter+Shaman,89,team2,kill,30.18
Warrior+Priest_vs_Hunter+Shaman,Warrior+Priest,Hunter+Shaman,90,team2,kill,27.08
Warrior+Priest_vs_Hunter+Shaman,Warrior+Priest,Hunter+Shaman,91,team1,kill,71.92
Warrior+Priest_vs_Hunter+Shaman,Warrior+Priest,Hunter+Shaman,92,team2,kill,34.50
Warrior+Priest_vs_Hunter+Shaman,Warrior+Priest,Hunter+Shaman,93,team2,kill,54.27
Warrior+Priest_vs_Hunter+Shaman,Warrior+Priest,Hunter+Shaman,94,team2,kill,57.00
Warrior+Priest_vs_Hunter+Shaman,Warrior+Priest,Hunter+Shaman,95,team2,kill,57.40
Warrior+Priest_vs_Hunter+Shaman,Warrior+Priest,Hunter+Shaman,96,team2,kill,73.98
Warrior+Priest_vs_Hunter+Shaman,Warrior+Priest,Hunter+Shaman,97,team2,kill,32.62
Warrior+Priest_vs_Hunter+Shaman,Warrior+Priest,Hunter+Shaman,98,team2,kill,30.18
Warrior+Priest_vs_Hunter+Shaman,Warrior+Priest,Hunter+Shaman,99,team2,kill,31.83
