label,team1,team2,seed,winner,end_reason,duration_secs
Warrior+Mage_vs_Warrior+Hunter,Warrior+Mage,Warrior+Hunter,0,team1,kill,15.10
Warrior+Mage_vs_Warrior+Hunter,Warrior+Mage,Warrior+Hunter,1,team1,kill,17.00
Warrior+Mage_vs_Warrior+Hunter,Warrior+Mage,Warrior+Hunter,2,team1,kill,15.72
Warrior+Mage_vs_Warrior+Hunter,Warrior+Mage,Warrior+Hunter,3,team1,kill,13.98
Warrior+Mage_vs_Warrior+Hunter,Warrior+Mage,Warrior+Hunter,4,team1,kill,16.82
Warrior+Mage_vs_Warrior+Hunter,Warrior+Mage,Warrior+Hunter,5,team1,kill,15.50
Warrior+Mage_vs_Warrior+Hunter,Warrior+Mage,Warrior+Hunter,6,team1,kill,13.60
Warrior+Mage_vs_Warrior+Hunter,Warrior+Mage,Warrior+Hunter,7,team1,kill,15.72
Warrior+Mage_vs_Warrior+Hunter,Warrior+Mage,Warrior+Hunter,8,team1,kill,15.63
Warrior+Mage_vs_Warrior+Hunter,Warrior+Mage,Warrior+Hunter,9,team1,kill,15.72
Warrior+Mage_vs_Mage+Warlock,Warrior+Mage,Mage+Warlock,0,team2,kill,19.28
Warrior+Mage_vs_Mage+Warlock,Warrior+Mage,Mage+Warlock,1,team2,kill,19.00
Warrior+Mage_vs_Mage+Warlock,Warrior+Mage,Mage+Warlock,2,team2,kill,18.83
Warrior+Mage_vs_Mage+Warlock,Warrior+Mage,Mage+Warlock,3,team2,kill,19.28
Warrior+Mage_vs_Mage+Warlock,Warrior+Mage,Mage+Warlock,4,team2,kill,13.75
Warrior+Mage_vs_Mage+Warlock,Warrior+Mage,Mage+Warlock,5,team2,kill,17.77
Warrior+Mage_vs_Mage+Warlock,Warrior+Mage,Mage+Warlock,6,team2,kill,17.98
Warrior+Mage_vs_Mage+Warlock,Warrior+Mage,Mage+Warlock,7,team2,kill,17.77
Warrior+Mage_vs_Mage+Warlock,Warrior+Mage,Mage+Warlock,8,team2,kill,17.77
Warrior+Mage_vs_Mage+Warlock,Warrior+Mage,Mage+Warlock,9,team2,kill,17.48
Warrior+Mage_vs_Mage+Hunter,Warrior+Mage,Mage+Hunter,0,team2,kill,17.85
Warrior+Mage_vs_Mage+Hunter,Warrior+Mage,Mage+Hunter,1,team2,kill,19.37
Warrior+Mage_vs_Mage+Hunter,Warrior+Mage,Mage+Hunter,2,team2,kill,19.37
Warrior+Mage_vs_Mage+Hunter,Warrior+Mage,Mage+Hunter,3,team2,kill,17.85
Warrior+Mage_vs_Mage+Hunter,Warrior+Mage,Mage+Hunter,4,team2,kill,16.68
Warrior+Mage_vs_Mage+Hunter,Warrior+Mage,Mage+Hunter,5,team2,kill,19.37
Warrior+Mage_vs_Mage+Hunter,Warrior+Mage,Mage+Hunter,6,team1,kill,18.73
Warrior+Mage_vs_Mage+Hunter,Warrior+Mage,Mage+Hunter,7,team2,kill,17.85
Warrior+Mage_vs_Mage+Hunter,Warrior+Mage,Mage+Hunter,8,team2,kill,19.37
Warrior+Mage_vs_Mage+Hunter,Warrior+Mage,Mage+Hunter,9,team1,kill,18.47
Warrior+Mage_vs_Rogue+Hunter,Warrior+Mage,Rogue+Hunter,0,team1,kill,22.70
Warrior+Mage_vs_Rogue+Hunter,Warrior+Mage,Rogue+Hunter,1,team1,kill,23.90
Warrior+Mage_vs_Rogue+Hunter,Warrior+Mage,Rogue+Hunter,2,team2,kill,33.73
Warrior+Mage_vs_Rogue+Hunter,Warrior+Mage,Rogue+Hunter,3,team1,kill,26.85
Warrior+Mage_vs_Rogue+Hunter,Warrior+Mage,Rogue+Hunter,4,team1,kill,26.67
Warrior+Mage_vs_Rogue+Hunter,Warrior+Mage,Rogue+Hunter,5,team1,kill,34.82
Warrior+Mage_vs_Rogue+Hunter,Warrior+Mage,Rogue+Hunter,6,team1,kill,15.00
Warrior+Mage_vs_Rogue+Hunter,Warrior+Mage,Rogue+Hunter,7,team1,kill,35.48
Warrior+Mage_vs_Rogue+Hunter,Warrior+Mage,Rogue+Hunter,8,team2,kill,34.03
Warrior+Mage_vs_Rogue+Hunter,Warrior+Mage,Rogue+Hunter,9,team1,kill,34.82
Warrior+Mage_vs_Priest+Hunter,Warrior+Mage,Priest+Hunter,0,team1,kill,25.55
Warrior+Mage_vs_Priest+Hunter,Warrior+Mage,Priest+Hunter,1,team1,kill,30.90
Warrior+Mage_vs_Priest+Hunter,Warrior+Mage,Priest+Hunter,2,team2,kill,41.00
Warrior+Mage_vs_Priest+Hunter,Warrior+Mage,Priest+Hunter,3,team2,kill,27.70
Warrior+Mage_vs_Priest+Hunter,Warrior+Mage,Priest+Hunter,4,team1,kill,24.33
Warrior+Mage_vs_Priest+Hunter,Warrior+Mage,Priest+Hunter,5,team2,kill,41.23
Warrior+Mage_vs_Priest+Hunter,Warrior+Mage,Priest+Hunter,6,team2,kill,25.92
Warrior+Mage_vs_Priest+Hunter,Warrior+Mage,Priest+Hunter,7,team1,kill,22.98
Warrior+Mage_vs_Priest+Hunter,Warrior+Mage,Priest+Hunter,8,team2,kill,25.57
Warrior+Mage_vs_Priest+Hunter,Warrior+Mage,Priest+Hunter,9,team2,kill,28.25
Warrior+Mage_vs_Warlock+Hunter,Warrior+Mage,Warlock+Hunter,0,team1,kill,24.10
Warrior+Mage_vs_Warlock+Hunter,Warrior+Mage,Warlock+Hunter,1,team1,kill,20.78
Warrior+Mage_vs_Warlock+Hunter,Warrior+Mage,Warlock+Hunter,2,team2,kill,20.37
Warrior+Mage_vs_Warlock+Hunter,Warrior+Mage,Warlock+Hunter,3,team1,kill,24.15
Warrior+Mage_vs_Warlock+Hunter,Warrior+Mage,Warlock+Hunter,4,team2,kill,29.78
Warrior+Mage_vs_Warlock+Hunter,Warrior+Mage,Warlock+Hunter,5,team1,kill,21.15
Warrior+Mage_vs_Warlock+Hunter,Warrior+Mage,Warlock+Hunter,6,team1,kill,25.48
Warrior+Mage_vs_Warlock+Hunter,Warrior+Mage,Warlock+Hunter,7,team2,kill,22.08
Warrior+Mage_vs_Warlock+Hunter,Warrior+Mage,Warlock+Hunter,8,team2,kill,21.78
Warrior+Mage_vs_Warlock+Hunter,Warrior+Mage,Warlock+Hunter,9,team2,kill,26.47
Warrior+Mage_vs_Paladin+Hunter,Warrior+Mage,Paladin+Hunter,0,team2,kill,32.87
Warrior+Mage_vs_Paladin+Hunter,Warrior+Mage,Paladin+Hunter,1,team2,kill,48.17
Warrior+Mage_vs_Paladin+Hunter,Warrior+Mage,Paladin+Hunter,2,team2,kill,48.18
Warrior+Mage_vs_Paladin+Hunter,Warrior+Mage,Paladin+Hunter,3,team2,kill,35.38
Warrior+Mage_vs_Paladin+Hunter,Warrior+Mage,Paladin+Hunter,4,team1,kill,39.07
Warrior+Mage_vs_Paladin+Hunter,Warrior+Mage,Paladin+Hunter,5,team1,kill,39.07
Warrior+Mage_vs_Paladin+Hunter,Warrior+Mage,Paladin+Hunter,6,team2,kill,32.87
Warrior+Mage_vs_Paladin+Hunter,Warrior+Mage,Paladin+Hunter,7,team2,kill,30.35
Warrior+Mage_vs_Paladin+Hunter,Warrior+Mage,Paladin+Hunter,8,team2,kill,32.87
Warrior+Mage_vs_Paladin+Hunter,Warrior+Mage,Paladin+Hunter,9,team2,kill,48.20
Warrior+Mage_vs_Hunter+Shaman,Warrior+Mage,Hunter+Shaman,0,team1,kill,26.22
Warrior+Mage_vs_Hunter+Shaman,Warrior+Mage,Hunter+Shaman,1,team1,kill,25.28
Warrior+Mage_vs_Hunter+Shaman,Warrior+Mage,Hunter+Shaman,2,team1,kill,26.85
Warrior+Mage_vs_Hunter+Shaman,Warrior+Mage,Hunter+Shaman,3,team1,kill,30.92
Warrior+Mage_vs_Hunter+Shaman,Warrior+Mage,Hunter+Shaman,4,team1,kill,21.32
Warrior+Mage_vs_Hunter+Shaman,Warrior+Mage,Hunter+Shaman,5,team1,kill,26.20
Warrior+Mage_vs_Hunter+Shaman,Warrior+Mage,Hunter+Shaman,6,team1,kill,28.83
Warrior+Mage_vs_Hunter+Shaman,Warrior+Mage,Hunter+Shaman,7,team1,kill,25.38
Warrior+Mage_vs_Hunter+Shaman,Warrior+Mage,Hunter+Shaman,8,team1,kill,25.12
Warrior+Mage_vs_Hunter+Shaman,Warrior+Mage,Hunter+Shaman,9,team1,kill,26.92
Warrior+Rogue_vs_Warrior+Hunter,Warrior+Rogue,Warrior+Hunter,0,team2,kill,24.83
Warrior+Rogue_vs_Warrior+Hunter,Warrior+Rogue,Warrior+Hunter,1,team2,kill,24.40
Warrior+Rogue_vs_Warrior+Hunter,Warrior+Rogue,Warrior+Hunter,2,team2,kill,22.60
Warrior+Rogue_vs_Warrior+Hunter,Warrior+Rogue,Warrior+Hunter,3,team2,kill,20.78
Warrior+Rogue_vs_Warrior+Hunter,Warrior+Rogue,Warrior+Hunter,4,team2,kill,24.40
Warrior+Rogue_vs_Warrior+Hunter,Warrior+Rogue,Warrior+Hunter,5,team2,kill,25.32
Warrior+Rogue_vs_Warrior+Hunter,Warrior+Rogue,Warrior+Hunter,6,team2,kill,20.78
Warrior+Rogue_vs_Warrior+Hunter,Warrior+Rogue,Warrior+Hunter,7,team2,kill,24.40
Warrior+Rogue_vs_Warrior+Hunter,Warrior+Rogue,Warrior+Hunter,8,team2,kill,24.83
Warrior+Rogue_vs_Warrior+Hunter,Warrior+Rogue,Warrior+Hunter,9,team2,kill,25.32
Warrior+Rogue_vs_Mage+Hunter,Warrior+Rogue,Mage+Hunter,0,team2,kill,16.43
Warrior+Rogue_vs_Mage+Hunter,Warrior+Rogue,Mage+Hunter,1,team2,kill,16.43
Warrior+Rogue_vs_Mage+Hunter,Warrior+Rogue,Mage+Hunter,2,team2,kill,16.43
Warrior+Rogue_vs_Mage+Hunter,Warrior+Rogue,Mage+Hunter,3,team2,kill,16.43
Warrior+Rogue_vs_Mage+Hunter,Warrior+Rogue,Mage+Hunter,4,team2,kill,16.47
Warrior+Rogue_vs_Mage+Hunter,Warrior+Rogue,Mage+Hunter,5,team2,kill,16.43
Warrior+Rogue_vs_Mage+Hunter,Warrior+Rogue,Mage+Hunter,6,team2,kill,17.88
Warrior+Rogue_vs_Mage+Hunter,Warrior+Rogue,Mage+Hunter,7,team2,kill,16.43
Warrior+Rogue_vs_Mage+Hunter,Warrior+Rogue,Mage+Hunter,8,team2,kill,17.88
Warrior+Rogue_vs_Mage+Hunter,Warrior+Rogue,Mage+Hunter,9,team2,kill,17.63
Warrior+Rogue_vs_Rogue+Hunter,Warrior+Rogue,Rogue+Hunter,0,team2,kill,21.22
Warrior+Rogue_vs_Rogue+Hunter,Warrior+Rogue,Rogue+Hunter,1,team2,kill,20.18
Warrior+Rogue_vs_Rogue+Hunter,Warrior+Rogue,Rogue+Hunter,2,team2,kill,21.60
Warrior+Rogue_vs_Rogue+Hunter,Warrior+Rogue,Rogue+Hunter,3,team2,kill,20.93
Warrior+Rogue_vs_Rogue+Hunter,Warrior+Rogue,Rogue+Hunter,4,team2,kill,21.90
Warrior+Rogue_vs_Rogue+Hunter,Warrior+Rogue,Rogue+Hunter,5,team2,kill,20.43
Warrior+Rogue_vs_Rogue+Hunter,Warrior+Rogue,Rogue+Hunter,6,team2,kill,21.22
Warrior+Rogue_vs_Rogue+Hunter,Warrior+Rogue,Rogue+Hunter,7,team2,kill,20.45
Warrior+Rogue_vs_Rogue+Hunter,Warrior+Rogue,Rogue+Hunter,8,team2,kill,20.47
Warrior+Rogue_vs_Rogue+Hunter,Warrior+Rogue,Rogue+Hunter,9,team2,kill,20.47
Warrior+Rogue_vs_Priest+Hunter,Warrior+Rogue,Priest+Hunter,0,team2,kill,22.35
Warrior+Rogue_vs_Priest+Hunter,Warrior+Rogue,Priest+Hunter,1,team2,kill,23.55
Warrior+Rogue_vs_Priest+Hunter,Warrior+Rogue,Priest+Hunter,2,team2,kill,23.55
Warrior+Rogue_vs_Priest+Hunter,Warrior+Rogue,Priest+Hunter,3,team2,kill,23.03
Warrior+Rogue_vs_Priest+Hunter,Warrior+Rogue,Priest+Hunter,4,team2,kill,21.03
Warrior+Rogue_vs_Priest+Hunter,Warrior+Rogue,Priest+Hunter,5,team2,kill,23.55
Warrior+Rogue_vs_Priest+Hunter,Warrior+Rogue,Priest+Hunter,6,team2,kill,19.38
Warrior+Rogue_vs_Priest+Hunter,Warrior+Rogue,Priest+Hunter,7,team2,kill,22.35
Warrior+Rogue_vs_Priest+Hunter,Warrior+Rogue,Priest+Hunter,8,team2,kill,23.55
Warrior+Rogue_vs_Priest+Hunter,Warrior+Rogue,Priest+Hunter,9,team2,kill,23.55
Warrior+Rogue_vs_Warlock+Hunter,Warrior+Rogue,Warlock+Hunter,0,team2,kill,21.25
Warrior+Rogue_vs_Warlock+Hunter,Warrior+Rogue,Warlock+Hunter,1,team2,kill,20.93
Warrior+Rogue_vs_Warlock+Hunter,Warrior+Rogue,Warlock+Hunter,2,team2,kill,20.75
Warrior+Rogue_vs_Warlock+Hunter,Warrior+Rogue,Warlock+Hunter,3,team2,kill,20.70
Warrior+Rogue_vs_Warlock+Hunter,Warrior+Rogue,Warlock+Hunter,4,team2,kill,20.07
Warrior+Rogue_vs_Warlock+Hunter,Warrior+Rogue,Warlock+Hunter,5,team2,kill,20.73
Warrior+Rogue_vs_Warlock+Hunter,Warrior+Rogue,Warlock+Hunter,6,team2,kill,20.42
Warrior+Rogue_vs_Warlock+Hunter,Warrior+Rogue,Warlock+Hunter,7,team2,kill,21.27
Warrior+Rogue_vs_Warlock+Hunter,Warrior+Rogue,Warlock+Hunter,8,team2,kill,21.25
Warrior+Rogue_vs_Warlock+Hunter,Warrior+Rogue,Warlock+Hunter,9,team2,kill,21.03
Warrior+Rogue_vs_Paladin+Hunter,Warrior+Rogue,Paladin+Hunter,0,team2,kill,26.07
Warrior+Rogue_vs_Paladin+Hunter,Warrior+Rogue,Paladin+Hunter,1,team2,kill,41.92
Warrior+Rogue_vs_Paladin+Hunter,Warrior+Rogue,Paladin+Hunter,2,team2,kill,27.15
Warrior+Rogue_vs_Paladin+Hunter,Warrior+Rogue,Paladin+Hunter,3,team2,kill,27.98
Warrior+Rogue_vs_Paladin+Hunter,Warrior+Rogue,Paladin+Hunter,4,team2,kill,26.07
Warrior+Rogue_vs_Paladin+Hunter,Warrior+Rogue,Paladin+Hunter,5,team2,kill,41.00
Warrior+Rogue_vs_Paladin+Hunter,Warrior+Rogue,Paladin+Hunter,6,team2,kill,27.95
Warrior+Rogue_vs_Paladin+Hunter,Warrior+Rogue,Paladin+Hunter,7,team2,kill,27.17
Warrior+Rogue_vs_Paladin+Hunter,Warrior+Rogue,Paladin+Hunter,8,team2,kill,27.17
Warrior+Rogue_vs_Paladin+Hunter,Warrior+Rogue,Paladin+Hunter,9,team2,kill,47.32
Warrior+Rogue_vs_Hunter+Shaman,Warrior+Rogue,Hunter+Shaman,0,team2,kill,15.37
Warrior+Rogue_vs_Hunter+Shaman,Warrior+Rogue,Hunter+Shaman,1,team2,kill,14.17
Warrior+Rogue_vs_Hunter+Shaman,Warrior+Rogue,Hunter+Shaman,2,team2,kill,14.17
Warrior+Rogue_vs_Hunter+Shaman,Warrior+Rogue,Hunter+Shaman,3,team2,kill,15.37
Warrior+Rogue_vs_Hunter+Shaman,Warrior+Rogue,Hunter+Shaman,4,team2,kill,14.43
Warrior+Rogue_vs_Hunter+Shaman,Warrior+Rogue,Hunter+Shaman,5,team2,kill,15.37
Warrior+Rogue_vs_Hunter+Shaman,Warrior+Rogue,Hunter+Shaman,6,team2,kill,15.37
Warrior+Rogue_vs_Hunter+Shaman,Warrior+Rogue,Hunter+Shaman,7,team2,kill,15.37
Warrior+Rogue_vs_Hunter+Shaman,Warrior+Rogue,Hunter+Shaman,8,team2,kill,14.58
Warrior+Rogue_vs_Hunter+Shaman,Warrior+Rogue,Hunter+Shaman,9,team2,kill,14.58
Warrior+Priest_vs_Warrior+Hunter,Warrior+Priest,Warrior+Hunter,0,team1,kill,40.87
Warrior+Priest_vs_Warrior+Hunter,Warrior+Priest,Warrior+Hunter,1,team1,kill,42.52
Warrior+Priest_vs_Warrior+Hunter,Warrior+Priest,Warrior+Hunter,2,team1,kill,42.53
Warrior+Priest_vs_Warrior+Hunter,Warrior+Priest,Warrior+Hunter,3,team1,kill,42.17
Warrior+Priest_vs_Warrior+Hunter,Warrior+Priest,Warrior+Hunter,4,team1,kill,36.45
Warrior+Priest_vs_Warrior+Hunter,Warrior+Priest,Warrior+Hunter,5,team1,kill,42.47
Warrior+Priest_vs_Warrior+Hunter,Warrior+Priest,Warrior+Hunter,6,team1,kill,42.52
Warrior+Priest_vs_Warrior+Hunter,Warrior+Priest,Warrior+Hunter,7,team1,kill,39.12
Warrior+Priest_vs_Warrior+Hunter,Warrior+Priest,Warrior+Hunter,8,team1,kill,42.02
Warrior+Priest_vs_Warrior+Hunter,Warrior+Priest,Warrior+Hunter,9,team1,kill,37.85
Warrior+Priest_vs_Mage+Hunter,Warrior+Priest,Mage+Hunter,0,team2,kill,38.30
Warrior+Priest_vs_Mage+Hunter,Warrior+Priest,Mage+Hunter,1,team2,kill,32.40
Warrior+Priest_vs_Mage+Hunter,Warrior+Priest,Mage+Hunter,2,team2,kill,49.90
Warrior+Priest_vs_Mage+Hunter,Warrior+Priest,Mage+Hunter,3,team2,kill,34.58
Warrior+Priest_vs_Mage+Hunter,Warrior+Priest,Mage+Hunter,4,team1,kill,77.37
Warrior+Priest_vs_Mage+Hunter,Warrior+Priest,Mage+Hunter,5,team2,kill,50.02
Warrior+Priest_vs_Mage+Hunter,Warrior+Priest,Mage+Hunter,6,team2,kill,28.92
Warrior+Priest_vs_Mage+Hunter,Warrior+Priest,Mage+Hunter,7,team2,kill,50.03
Warrior+Priest_vs_Mage+Hunter,Warrior+Priest,Mage+Hunter,8,team2,kill,30.43
Warrior+Priest_vs_Mage+Hunter,Warrior+Priest,Mage+Hunter,9,team1,kill,34.42
Warrior+Priest_vs_Rogue+Hunter,Warrior+Priest,Rogue+Hunter,0,team2,kill,42.98
Warrior+Priest_vs_Rogue+Hunter,Warrior+Priest,Rogue+Hunter,1,team2,kill,43.72
Warrior+Priest_vs_Rogue+Hunter,Warrior+Priest,Rogue+Hunter,2,team2,kill,42.52
Warrior+Priest_vs_Rogue+Hunter,Warrior+Priest,Rogue+Hunter,3,team2,kill,45.03
Warrior+Priest_vs_Rogue+Hunter,Warrior+Priest,Rogue+Hunter,4,team2,kill,43.27
Warrior+Priest_vs_Rogue+Hunter,Warrior+Priest,Rogue+Hunter,5,team2,kill,48.90
Warrior+Priest_vs_Rogue+Hunter,Warrior+Priest,Rogue+Hunter,6,team2,kill,50.67
Warrior+Priest_vs_Rogue+Hunter,Warrior+Priest,Rogue+Hunter,7,team2,kill,38.28
Warrior+Priest_vs_Rogue+Hunter,Warrior+Priest,Rogue+Hunter,8,team2,kill,40.80
Warrior+Priest_vs_Rogue+Hunter,Warrior+Priest,Rogue+Hunter,9,team2,kill,43.72
Warrior+Priest_vs_Priest+Hunter,Warrior+Priest,Priest+Hunter,0,team1,kill,60.82
Warrior+Priest_vs_Priest+Hunter,Warrior+Priest,Priest+Hunter,1,team2,kill,56.98
Warrior+Priest_vs_Priest+Hunter,Warrior+Priest,Priest+Hunter,2,team2,kill,50.88
Warrior+Priest_vs_Priest+Hunter,Warrior+Priest,Priest+Hunter,3,team2,kill,52.35
Warrior+Priest_vs_Priest+Hunter,Warrior+Priest,Priest+Hunter,4,team2,kill,55.20
Warrior+Priest_vs_Priest+Hunter,Warrior+Priest,Priest+Hunter,5,team2,kill,51.80
Warrior+Priest_vs_Priest+Hunter,Warrior+Priest,Priest+Hunter,6,team2,kill,60.80
Warrior+Priest_vs_Priest+Hunter,Warrior+Priest,Priest+Hunter,7,team2,kill,67.10
Warrior+Priest_vs_Priest+Hunter,Warrior+Priest,Priest+Hunter,8,team2,kill,55.93
Warrior+Priest_vs_Priest+Hunter,Warrior+Priest,Priest+Hunter,9,team2,kill,53.42
Warrior+Priest_vs_Warlock+Hunter,Warrior+Priest,Warlock+Hunter,0,team2,kill,74.75
Warrior+Priest_vs_Warlock+Hunter,Warrior+Priest,Warlock+Hunter,1,team1,kill,32.00
Warrior+Priest_vs_Warlock+Hunter,Warrior+Priest,Warlock+Hunter,2,team1,kill,38.38
Warrior+Priest_vs_Warlock+Hunter,Warrior+Priest,Warlock+Hunter,3,team1,kill,38.17
Warrior+Priest_vs_Warlock+Hunter,Warrior+Priest,Warlock+Hunter,4,team1,kill,44.47
Warrior+Priest_vs_Warlock+Hunter,Warrior+Priest,Warlock+Hunter,5,team1,kill,30.12
Warrior+Priest_vs_Warlock+Hunter,Warrior+Priest,Warlock+Hunter,6,team1,kill,44.02
Warrior+Priest_vs_Warlock+Hunter,Warrior+Priest,Warlock+Hunter,7,team2,kill,34.65
Warrior+Priest_vs_Warlock+Hunter,Warrior+Priest,Warlock+Hunter,8,team1,kill,47.80
Warrior+Priest_vs_Warlock+Hunter,Warrior+Priest,Warlock+Hunter,9,team2,kill,34.85
Warrior+Priest_vs_Paladin+Hunter,Warrior+Priest,Paladin+Hunter,0,team2,kill,79.75
Warrior+Priest_vs_Paladin+Hunter,Warrior+Priest,Paladin+Hunter,1,team1,kill,98.24
Warrior+Priest_vs_Paladin+Hunter,Warrior+Priest,Paladin+Hunter,2,team2,kill,84.34
Warrior+Priest_vs_Paladin+Hunter,Warrior+Priest,Paladin+Hunter,3,team1,kill,79.00
Warrior+Priest_vs_Paladin+Hunter,Warrior+Priest,Paladin+Hunter,4,team1,kill,76.72
Warrior+Priest_vs_Paladin+Hunter,Warrior+Priest,Paladin+Hunter,5,team1,kill,106.19
Warrior+Priest_vs_Paladin+Hunter,Warrior+Priest,Paladin+Hunter,6,team1,kill,81.17
Warrior+Priest_vs_Paladin+Hunter,Warrior+Priest,Paladin+Hunter,7,team1,kill,87.45
Warrior+Priest_vs_Paladin+Hunter,Warrior+Priest,Paladin+Hunter,8,team1,kill,82.02
Warrior+Priest_vs_Paladin+Hunter,Warrior+Priest,Paladin+Hunter,9,team2,kill,90.72
Warrior+Priest_vs_Hunter+Shaman,Warrior+Priest,Hunter+Shaman,0,team2,kill,28.33
Warrior+Priest_vs_Hunter+Shaman,Warrior+Priest,Hunter+Shaman,1,team2,kill,51.97
Warrior+Priest_vs_Hunter+Shaman,Warrior+Priest,Hunter+Shaman,2,team2,kill,39.38
Warrior+Priest_vs_Hunter+Shaman,Warrior+Priest,Hunter+Shaman,3,team2,kill,73.98
Warrior+Priest_vs_Hunter+Shaman,Warrior+Priest,Hunter+Shaman,4,team2,kill,28.33
Warrior+Priest_vs_Hunter+Shaman,Warrior+Priest,Hunter+Shaman,5,team2,kill,29.32
Warrior+Priest_vs_Hunter+Shaman,Warrior+Priest,Hunter+Shaman,6,team2,kill,31.83
Warrior+Priest_vs_Hunter+Shaman,Warrior+Priest,Hunter+Shaman,7,team2,kill,62.03
Warrior+Priest_vs_Hunter+Shaman,Warrior+Priest,Hunter+Shaman,8,team2,kill,77.42
Warrior+Priest_vs_Hunter+Shaman,Warrior+Priest,Hunter+Shaman,9,team2,kill,39.38
Warrior+Warlock_vs_Warrior+Priest,Warrior+Warlock,Warrior+Priest,0,team2,kill,28.18
Warrior+Warlock_vs_Warrior+Priest,Warrior+Warlock,Warrior+Priest,1,team2,kill,29.38
Warrior+Warlock_vs_Warrior+Priest,Warrior+Warlock,Warrior+Priest,2,team2,kill,28.85
Warrior+Warlock_vs_Warrior+Priest,Warrior+Warlock,Warrior+Priest,3,team2,kill,29.12
Warrior+Warlock_vs_Warrior+Priest,Warrior+Warlock,Warrior+Priest,4,team2,kill,29.38
Warrior+Warlock_vs_Warrior+Priest,Warrior+Warlock,Warrior+Priest,5,team2,kill,32.27
Warrior+Warlock_vs_Warrior+Priest,Warrior+Warlock,Warrior+Priest,6,team2,kill,26.22
Warrior+Warlock_vs_Warrior+Priest,Warrior+Warlock,Warrior+Priest,7,team2,kill,28.00
Warrior+Warlock_vs_Warrior+Priest,Warrior+Warlock,Warrior+Priest,8,team2,kill,28.60
Warrior+Warlock_vs_Warrior+Priest,Warrior+Warlock,Warrior+Priest,9,team2,kill,25.98
Warrior+Warlock_vs_Warrior+Hunter,Warrior+Warlock,Warrior+Hunter,0,team2,kill,17.40
Warrior+Warlock_vs_Warrior+Hunter,Warrior+Warlock,Warrior+Hunter,1,team1,kill,21.03
Warrior+Warlock_vs_Warrior+Hunter,Warrior+Warlock,Warrior+Hunter,2,team1,kill,25.82
Warrior+Warlock_vs_Warrior+Hunter,Warrior+Warlock,Warrior+Hunter,3,team2,kill,26.75
Warrior+Warlock_vs_Warrior+Hunter,Warrior+Warlock,Warrior+Hunter,4,team2,kill,16.68
Warrior+Warlock_vs_Warrior+Hunter,Warrior+Warlock,Warrior+Hunter,5,team2,kill,22.60
Warrior+Warlock_vs_Warrior+Hunter,Warrior+Warlock,Warrior+Hunter,6,team2,kill,26.62
Warrior+Warlock_vs_Warrior+Hunter,Warrior+Warlock,Warrior+Hunter,7,team2,kill,18.10
Warrior+Warlock_vs_Warrior+Hunter,Warrior+Warlock,Warrior+Hunter,8,team2,kill,18.10
Warrior+Warlock_vs_Warrior+Hunter,Warrior+Warlock,Warrior+Hunter,9,team2,kill,22.75
Warrior+Warlock_vs_Mage+Hunter,Warrior+Warlock,Mage+Hunter,0,team2,kill,37.18
Warrior+Warlock_vs_Mage+Hunter,Warrior+Warlock,Mage+Hunter,1,team2,kill,19.68
Warrior+Warlock_vs_Mage+Hunter,Warrior+Warlock,Mage+Hunter,2,team2,kill,19.68
Warrior+Warlock_vs_Mage+Hunter,Warrior+Warlock,Mage+Hunter,3,team2,kill,18.23
Warrior+Warlock_vs_Mage+Hunter,Warrior+Warlock,Mage+Hunter,4,team2,kill,18.30
Warrior+Warlock_vs_Mage+Hunter,Warrior+Warlock,Mage+Hunter,5,team2,kill,19.68
Warrior+Warlock_vs_Mage+Hunter,Warrior+Warlock,Mage+Hunter,6,team2,kill,19.68
Warrior+Warlock_vs_Mage+Hunter,Warrior+Warlock,Mage+Hunter,7,team2,kill,19.68
Warrior+Warlock_vs_Mage+Hunter,Warrior+Warlock,Mage+Hunter,8,team2,kill,19.68
Warrior+Warlock_vs_Mage+Hunter,Warrior+Warlock,Mage+Hunter,9,team2,kill,19.68
Warrior+Warlock_vs_Rogue+Hunter,Warrior+Warlock,Rogue+Hunter,0,team2,kill,25.97
Warrior+Warlock_vs_Rogue+Hunter,Warrior+Warlock,Rogue+Hunter,1,team2,kill,23.98
Warrior+Warlock_vs_Rogue+Hunter,Warrior+Warlock,Rogue+Hunter,2,team2,kill,25.43
Warrior+Warlock_vs_Rogue+Hunter,Warrior+Warlock,Rogue+Hunter,3,team2,kill,25.72
Warrior+Warlock_vs_Rogue+Hunter,Warrior+Warlock,Rogue+Hunter,4,team2,kill,21.02
Warrior+Warlock_vs_Rogue+Hunter,Warrior+Warlock,Rogue+Hunter,5,team2,kill,23.83
Warrior+Warlock_vs_Rogue+Hunter,Warrior+Warlock,Rogue+Hunter,6,team2,kill,20.82
Warrior+Warlock_vs_Rogue+Hunter,Warrior+Warlock,Rogue+Hunter,7,team2,kill,24.33
Warrior+Warlock_vs_Rogue+Hunter,Warrior+Warlock,Rogue+Hunter,8,team2,kill,22.57
Warrior+Warlock_vs_Rogue+Hunter,Warrior+Warlock,Rogue+Hunter,9,team2,kill,27.95
Warrior+Warlock_vs_Priest+Hunter,Warrior+Warlock,Priest+Hunter,0,team2,kill,26.73
Warrior+Warlock_vs_Priest+Hunter,Warrior+Warlock,Priest+Hunter,1,team2,kill,32.98
Warrior+Warlock_vs_Priest+Hunter,Warrior+Warlock,Priest+Hunter,2,team2,kill,28.75
Warrior+Warlock_vs_Priest+Hunter,Warrior+Warlock,Priest+Hunter,3,team2,kill,26.73
Warrior+Warlock_vs_Priest+Hunter,Warrior+Warlock,Priest+Hunter,4,team2,kill,20.93
Warrior+Warlock_vs_Priest+Hunter,Warrior+Warlock,Priest+Hunter,5,team2,kill,23.75
Warrior+Warlock_vs_Priest+Hunter,Warrior+Warlock,Priest+Hunter,6,team2,kill,24.15
Warrior+Warlock_vs_Priest+Hunter,Warrior+Warlock,Priest+Hunter,7,team2,kill,30.45
Warrior+Warlock_vs_Priest+Hunter,Warrior+Warlock,Priest+Hunter,8,team2,kill,23.72
Warrior+Warlock_vs_Priest+Hunter,Warrior+Warlock,Priest+Hunter,9,team2,kill,28.75
Warrior+Warlock_vs_Warlock+Hunter,Warrior+Warlock,Warlock+Hunter,0,team2,kill,25.77
Warrior+Warlock_vs_Warlock+Hunter,Warrior+Warlock,Warlock+Hunter,1,team2,kill,26.38
Warrior+Warlock_vs_Warlock+Hunter,Warrior+Warlock,Warlock+Hunter,2,team2,kill,22.45
Warrior+Warlock_vs_Warlock+Hunter,Warrior+Warlock,Warlock+Hunter,3,team2,kill,24.45
Warrior+Warlock_vs_Warlock+Hunter,Warrior+Warlock,Warlock+Hunter,4,team2,kill,23.67
Warrior+Warlock_vs_Warlock+Hunter,Warrior+Warlock,Warlock+Hunter,5,team2,kill,23.57
Warrior+Warlock_vs_Warlock+Hunter,Warrior+Warlock,Warlock+Hunter,6,team2,kill,20.62
Warrior+Warlock_vs_Warlock+Hunter,Warrior+Warlock,Warlock+Hunter,7,team2,kill,22.58
Warrior+Warlock_vs_Warlock+Hunter,Warrior+Warlock,Warlock+Hunter,8,team2,kill,24.77
Warrior+Warlock_vs_Warlock+Hunter,Warrior+Warlock,Warlock+Hunter,9,team2,kill,22.95
Warrior+Warlock_vs_Paladin+Hunter,Warrior+Warlock,Paladin+Hunter,0,team2,kill,50.03
Warrior+Warlock_vs_Paladin+Hunter,Warrior+Warlock,Paladin+Hunter,1,team2,kill,78.29
Warrior+Warlock_vs_Paladin+Hunter,Warrior+Warlock,Paladin+Hunter,2,team2,kill,61.87
Warrior+Warlock_vs_Paladin+Hunter,Warrior+Warlock,Paladin+Hunter,3,team2,kill,63.53
Warrior+Warlock_vs_Paladin+Hunter,Warrior+Warlock,Paladin+Hunter,4,team2,kill,67.23
Warrior+Warlock_vs_Paladin+Hunter,Warrior+Warlock,Paladin+Hunter,5,team2,kill,50.08
Warrior+Warlock_vs_Paladin+Hunter,Warrior+Warlock,Paladin+Hunter,6,team2,kill,41.65
Warrior+Warlock_vs_Paladin+Hunter,Warrior+Warlock,Paladin+Hunter,7,team2,kill,49.78
Warrior+Warlock_vs_Paladin+Hunter,Warrior+Warlock,Paladin+Hunter,8,team2,kill,65.98
Warrior+Warlock_vs_Paladin+Hunter,Warrior+Warlock,Paladin+Hunter,9,team2,kill,44.23
Warrior+Warlock_vs_Hunter+Shaman,Warrior+Warlock,Hunter+Shaman,0,team2,kill,36.75
Warrior+Warlock_vs_Hunter+Shaman,Warrior+Warlock,Hunter+Shaman,1,team2,kill,49.50
Warrior+Warlock_vs_Hunter+Shaman,Warrior+Warlock,Hunter+Shaman,2,team1,kill,31.12
Warrior+Warlock_vs_Hunter+Shaman,Warrior+Warlock,Hunter+Shaman,3,team2,kill,41.07
Warrior+Warlock_vs_Hunter+Shaman,Warrior+Warlock,Hunter+Shaman,4,team2,kill,46.80
Warrior+Warlock_vs_Hunter+Shaman,Warrior+Warlock,Hunter+Shaman,5,team2,kill,52.62
Warrior+Warlock_vs_Hunter+Shaman,Warrior+Warlock,Hunter+Shaman,6,team2,kill,31.72
Warrior+Warlock_vs_Hunter+Shaman,Warrior+Warlock,Hunter+Shaman,7,team1,kill,25.35
Warrior+Warlock_vs_Hunter+Shaman,Warrior+Warlock,Hunter+Shaman,8,team2,kill,46.02
Warrior+Warlock_vs_Hunter+Shaman,Warrior+Warlock,Hunter+Shaman,9,team1,kill,55.65
Warrior+Paladin_vs_Warrior+Hunter,Warrior+Paladin,Warrior+Hunter,0,team1,kill,43.57
Warrior+Paladin_vs_Warrior+Hunter,Warrior+Paladin,Warrior+Hunter,1,team1,kill,42.05
Warrior+Paladin_vs_Warrior+Hunter,Warrior+Paladin,Warrior+Hunter,2,team1,kill,42.10
Warrior+Paladin_vs_Warrior+Hunter,Warrior+Paladin,Warrior+Hunter,3,team1,kill,42.05
Warrior+Paladin_vs_Warrior+Hunter,Warrior+Paladin,Warrior+Hunter,4,team1,kill,43.57
Warrior+Paladin_vs_Warrior+Hunter,Warrior+Paladin,Warrior+Hunter,5,team1,kill,43.57
Warrior+Paladin_vs_Warrior+Hunter,Warrior+Paladin,Warrior+Hunter,6,team1,kill,42.05
Warrior+Paladin_vs_Warrior+Hunter,Warrior+Paladin,Warrior+Hunter,7,team1,kill,42.05
Warrior+Paladin_vs_Warrior+Hunter,Warrior+Paladin,Warrior+Hunter,8,team1,kill,42.05
Warrior+Paladin_vs_Warrior+Hunter,Warrior+Paladin,Warrior+Hunter,9,team1,kill,43.78
Warrior+Paladin_vs_Mage+Hunter,Warrior+Paladin,Mage+Hunter,0,team1,kill,82.20
Warrior+Paladin_vs_Mage+Hunter,Warrior+Paladin,Mage+Hunter,1,team1,kill,108.51
Warrior+Paladin_vs_Mage+Hunter,Warrior+Paladin,Mage+Hunter,2,team1,kill,81.94
Warrior+Paladin_vs_Mage+Hunter,Warrior+Paladin,Mage+Hunter,3,team1,kill,79.55
Warrior+Paladin_vs_Mage+Hunter,Warrior+Paladin,Mage+Hunter,4,team1,kill,45.45
Warrior+Paladin_vs_Mage+Hunter,Warrior+Paladin,Mage+Hunter,5,team1,kill,75.85
Warrior+Paladin_vs_Mage+Hunter,Warrior+Paladin,Mage+Hunter,6,team2,kill,46.08
Warrior+Paladin_vs_Mage+Hunter,Warrior+Paladin,Mage+Hunter,7,team2,kill,54.17
Warrior+Paladin_vs_Mage+Hunter,Warrior+Paladin,Mage+Hunter,8,team1,kill,72.88
Warrior+Paladin_vs_Mage+Hunter,Warrior+Paladin,Mage+Hunter,9,team1,kill,35.17
Warrior+Paladin_vs_Rogue+Hunter,Warrior+Paladin,Rogue+Hunter,0,team1,kill,65.85
Warrior+Paladin_vs_Rogue+Hunter,Warrior+Paladin,Rogue+Hunter,1,team1,kill,55.25
Warrior+Paladin_vs_Rogue+Hunter,Warrior+Paladin,Rogue+Hunter,2,team1,kill,61.82
Warrior+Paladin_vs_Rogue+Hunter,Warrior+Paladin,Rogue+Hunter,3,team1,kill,42.85
Warrior+Paladin_vs_Rogue+Hunter,Warrior+Paladin,Rogue+Hunter,4,team1,kill,54.52
Warrior+Paladin_vs_Rogue+Hunter,Warrior+Paladin,Rogue+Hunter,5,team1,kill,42.13
Warrior+Paladin_vs_Rogue+Hunter,Warrior+Paladin,Rogue+Hunter,6,team1,kill,113.06
Warrior+Paladin_vs_Rogue+Hunter,Warrior+Paladin,Rogue+Hunter,7,team1,kill,57.13
Warrior+Paladin_vs_Rogue+Hunter,Warrior+Paladin,Rogue+Hunter,8,team1,kill,125.93
Warrior+Paladin_vs_Rogue+Hunter,Warrior+Paladin,Rogue+Hunter,9,team1,kill,92.92
Warrior+Paladin_vs_Priest+Hunter,Warrior+Paladin,Priest+Hunter,0,team1,kill,54.37
Warrior+Paladin_vs_Priest+Hunter,Warrior+Paladin,Priest+Hunter,1,team1,kill,76.70
Warrior+Paladin_vs_Priest+Hunter,Warrior+Paladin,Priest+Hunter,2,team1,kill,85.67
Warrior+Paladin_vs_Priest+Hunter,Warrior+Paladin,Priest+Hunter,3,team1,kill,58.85
Warrior+Paladin_vs_Priest+Hunter,Warrior+Paladin,Priest+Hunter,4,team1,kill,104.41
Warrior+Paladin_vs_Priest+Hunter,Warrior+Paladin,Priest+Hunter,5,team1,kill,54.68
Warrior+Paladin_vs_Priest+Hunter,Warrior+Paladin,Priest+Hunter,6,team1,kill,41.83
Warrior+Paladin_vs_Priest+Hunter,Warrior+Paladin,Priest+Hunter,7,team1,kill,52.60
Warrior+Paladin_vs_Priest+Hunter,Warrior+Paladin,Priest+Hunter,8,team1,kill,56.73
Warrior+Paladin_vs_Priest+Hunter,Warrior+Paladin,Priest+Hunter,9,team1,kill,54.07
Warrior+Paladin_vs_Warlock+Hunter,Warrior+Paladin,Warlock+Hunter,0,team1,kill,52.88
Warrior+Paladin_vs_Warlock+Hunter,Warrior+Paladin,Warlock+Hunter,1,team1,kill,42.53
Warrior+Paladin_vs_Warlock+Hunter,Warrior+Paladin,Warlock+Hunter,2,team1,kill,51.45
Warrior+Paladin_vs_Warlock+Hunter,Warrior+Paladin,Warlock+Hunter,3,team1,kill,60.17
Warrior+Paladin_vs_Warlock+Hunter,Warrior+Paladin,Warlock+Hunter,4,team1,kill,38.43
Warrior+Paladin_vs_Warlock+Hunter,Warrior+Paladin,Warlock+Hunter,5,team1,kill,49.92
Warrior+Paladin_vs_Warlock+Hunter,Warrior+Paladin,Warlock+Hunter,6,team1,kill,81.70
Warrior+Paladin_vs_Warlock+Hunter,Warrior+Paladin,Warlock+Hunter,7,team1,kill,61.13
Warrior+Paladin_vs_Warlock+Hunter,Warrior+Paladin,Warlock+Hunter,8,team1,kill,36.67
Warrior+Paladin_vs_Warlock+Hunter,Warrior+Paladin,Warlock+Hunter,9,team1,kill,73.95
Warrior+Paladin_vs_Paladin+Hunter,Warrior+Paladin,Paladin+Hunter,0,team1,kill,88.97
Warrior+Paladin_vs_Paladin+Hunter,Warrior+Paladin,Paladin+Hunter,1,team1,kill,75.74
Warrior+Paladin_vs_Paladin+Hunter,Warrior+Paladin,Paladin+Hunter,2,team1,kill,85.20
Warrior+Paladin_vs_Paladin+Hunter,Warrior+Paladin,Paladin+Hunter,3,team1,kill,84.97
Warrior+Paladin_vs_Paladin+Hunter,Warrior+Paladin,Paladin+Hunter,4,team1,kill,89.10
Warrior+Paladin_vs_Paladin+Hunter,Warrior+Paladin,Paladin+Hunter,5,team1,kill,156.09
Warrior+Paladin_vs_Paladin+Hunter,Warrior+Paladin,Paladin+Hunter,6,team2,kill,95.79
Warrior+Paladin_vs_Paladin+Hunter,Warrior+Paladin,Paladin+Hunter,7,team2,kill,83.35
Warrior+Paladin_vs_Paladin+Hunter,Warrior+Paladin,Paladin+Hunter,8,team1,kill,71.73
Warrior+Paladin_vs_Paladin+Hunter,Warrior+Paladin,Paladin+Hunter,9,team1,kill,82.89
Warrior+Paladin_vs_Hunter+Shaman,Warrior+Paladin,Hunter+Shaman,0,team2,kill,102.12
Warrior+Paladin_vs_Hunter+Shaman,Warrior+Paladin,Hunter+Shaman,1,team1,kill,264.30
Warrior+Paladin_vs_Hunter+Shaman,Warrior+Paladin,Hunter+Shaman,2,team1,kill,94.21
Warrior+Paladin_vs_Hunter+Shaman,Warrior+Paladin,Hunter+Shaman,3,team2,kill,113.08
Warrior+Paladin_vs_Hunter+Shaman,Warrior+Paladin,Hunter+Shaman,4,draw,cap,300.00
Warrior+Paladin_vs_Hunter+Shaman,Warrior+Paladin,Hunter+Shaman,5,team2,kill,114.66
Warrior+Paladin_vs_Hunter+Shaman,Warrior+Paladin,Hunter+Shaman,6,team1,kill,191.78
Warrior+Paladin_vs_Hunter+Shaman,Warrior+Paladin,Hunter+Shaman,7,team1,kill,184.88
Warrior+Paladin_vs_Hunter+Shaman,Warrior+Paladin,Hunter+Shaman,8,team2,kill,111.86
Warrior+Paladin_vs_Hunter+Shaman,Warrior+Paladin,Hunter+Shaman,9,team2,kill,102.22
Warrior+Hunter_vs_Warrior+Mage,Warrior+Hunter,Warrior+Mage,0,team2,kill,15.10
Warrior+Hunter_vs_Warrior+Mage,Warrior+Hunter,Warrior+Mage,1,team2,kill,13.98
Warrior+Hunter_vs_Warrior+Mage,Warrior+Hunter,Warrior+Mage,2,team2,kill,15.72
Warrior+Hunter_vs_Warrior+Mage,Warrior+Hunter,Warrior+Mage,3,team2,kill,15.50
Warrior+Hunter_vs_Warrior+Mage,Warrior+Hunter,Warrior+Mage,4,team2,kill,13.60
Warrior+Hunter_vs_Warrior+Mage,Warrior+Hunter,Warrior+Mage,5,team2,kill,13.63
Warrior+Hunter_vs_Warrior+Mage,Warrior+Hunter,Warrior+Mage,6,team2,kill,15.45
Warrior+Hunter_vs_Warrior+Mage,Warrior+Hunter,Warrior+Mage,7,team2,kill,15.72
Warrior+Hunter_vs_Warrior+Mage,Warrior+Hunter,Warrior+Mage,8,team2,kill,13.98
Warrior+Hunter_vs_Warrior+Mage,Warrior+Hunter,Warrior+Mage,9,team2,kill,15.72
Warrior+Hunter_vs_Warrior+Rogue,Warrior+Hunter,Warrior+Rogue,0,team1,kill,24.83
Warrior+Hunter_vs_Warrior+Rogue,Warrior+Hunter,Warrior+Rogue,1,team1,kill,24.40
Warrior+Hunter_vs_Warrior+Rogue,Warrior+Hunter,Warrior+Rogue,2,team1,kill,22.60
Warrior+Hunter_vs_Warrior+Rogue,Warrior+Hunter,Warrior+Rogue,3,team1,kill,20.78
Warrior+Hunter_vs_Warrior+Rogue,Warrior+Hunter,Warrior+Rogue,4,team1,kill,24.40
Warrior+Hunter_vs_Warrior+Rogue,Warrior+Hunter,Warrior+Rogue,5,team1,kill,25.32
Warrior+Hunter_vs_Warrior+Rogue,Warrior+Hunter,Warrior+Rogue,6,team1,kill,20.78
Warrior+Hunter_vs_Warrior+Rogue,Warrior+Hunter,Warrior+Rogue,7,team1,kill,24.40
Warrior+Hunter_vs_Warrior+Rogue,Warrior+Hunter,Warrior+Rogue,8,team1,kill,24.83
Warrior+Hunter_vs_Warrior+Rogue,Warrior+Hunter,Warrior+Rogue,9,team1,kill,25.32
Warrior+Hunter_vs_Warrior+Priest,Warrior+Hunter,Warrior+Priest,0,team2,kill,39.95
Warrior+Hunter_vs_Warrior+Priest,Warrior+Hunter,Warrior+Priest,1,team2,kill,42.18
Warrior+Hunter_vs_Warrior+Priest,Warrior+Hunter,Warrior+Priest,2,team2,kill,42.53
Warrior+Hunter_vs_Warrior+Priest,Warrior+Hunter,Warrior+Priest,3,team2,kill,32.48
Warrior+Hunter_vs_Warrior+Priest,Warrior+Hunter,Warrior+Priest,4,team2,kill,36.45
Warrior+Hunter_vs_Warrior+Priest,Warrior+Hunter,Warrior+Priest,5,team2,kill,42.15
Warrior+Hunter_vs_Warrior+Priest,Warrior+Hunter,Warrior+Priest,6,team2,kill,43.63
Warrior+Hunter_vs_Warrior+Priest,Warrior+Hunter,Warrior+Priest,7,team2,kill,40.23
Warrior+Hunter_vs_Warrior+Priest,Warrior+Hunter,Warrior+Priest,8,team2,kill,37.33
Warrior+Hunter_vs_Warrior+Priest,Warrior+Hunter,Warrior+Priest,9,team1,kill,85.39
Warrior+Hunter_vs_Warrior+Warlock,Warrior+Hunter,Warrior+Warlock,0,team1,kill,26.68
Warrior+Hunter_vs_Warrior+Warlock,Warrior+Hunter,Warrior+Warlock,1,team1,kill,26.42
Warrior+Hunter_vs_Warrior+Warlock,Warrior+Hunter,Warrior+Warlock,2,team2,kill,22.27
Warrior+Hunter_vs_Warrior+Warlock,Warrior+Hunter,Warrior+Warlock,3,team2,kill,17.92
Warrior+Hunter_vs_Warrior+Warlock,Warrior+Hunter,Warrior+Warlock,4,team2,kill,24.45
Warrior+Hunter_vs_Warrior+Warlock,Warrior+Hunter,Warrior+Warlock,5,team1,kill,26.45
Warrior+Hunter_vs_Warrior+Warlock,Warrior+Hunter,Warrior+Warlock,6,team1,kill,19.20
Warrior+Hunter_vs_Warrior+Warlock,Warrior+Hunter,Warrior+Warlock,7,team2,kill,22.07
Warrior+Hunter_vs_Warrior+Warlock,Warrior+Hunter,Warrior+Warlock,8,team1,kill,31.58
Warrior+Hunter_vs_Warrior+Warlock,Warrior+Hunter,Warrior+Warlock,9,team2,kill,19.25
Warrior+Hunter_vs_Warrior+Paladin,Warrior+Hunter,Warrior+Paladin,0,team2,kill,43.57
Warrior+Hunter_vs_Warrior+Paladin,Warrior+Hunter,Warrior+Paladin,1,team2,kill,42.05
Warrior+Hunter_vs_Warrior+Paladin,Warrior+Hunter,Warrior+Paladin,2,team2,kill,31.50
Warrior+Hunter_vs_Warrior+Paladin,Warrior+Hunter,Warrior+Paladin,3,team2,kill,42.05
Warrior+Hunter_vs_Warrior+Paladin,Warrior+Hunter,Warrior+Paladin,4,team2,kill,42.05
Warrior+Hunter_vs_Warrior+Paladin,Warrior+Hunter,Warrior+Paladin,5,team2,kill,42.05
Warrior+Hunter_vs_Warrior+Paladin,Warrior+Hunter,Warrior+Paladin,6,team2,kill,42.05
Warrior+Hunter_vs_Warrior+Paladin,Warrior+Hunter,Warrior+Paladin,7,team2,kill,43.78
Warrior+Hunter_vs_Warrior+Paladin,Warrior+Hunter,Warrior+Paladin,8,team2,kill,43.57
Warrior+Hunter_vs_Warrior+Paladin,Warrior+Hunter,Warrior+Paladin,9,team2,kill,42.05
Warrior+Hunter_vs_Warrior+Hunter,Warrior+Hunter,Warrior+Hunter,0,team1,kill,19.53
Warrior+Hunter_vs_Warrior+Hunter,Warrior+Hunter,Warrior+Hunter,1,team2,kill,19.53
Warrior+Hunter_vs_Warrior+Hunter,Warrior+Hunter,Warrior+Hunter,2,team1,kill,18.48
Warrior+Hunter_vs_Warrior+Hunter,Warrior+Hunter,Warrior+Hunter,3,team2,kill,19.85
Warrior+Hunter_vs_Warrior+Hunter,Warrior+Hunter,Warrior+Hunter,4,team2,kill,20.97
Warrior+Hunter_vs_Warrior+Hunter,Warrior+Hunter,Warrior+Hunter,5,team1,kill,18.48
Warrior+Hunter_vs_Warrior+Hunter,Warrior+Hunter,Warrior+Hunter,6,team2,kill,17.92
Warrior+Hunter_vs_Warrior+Hunter,Warrior+Hunter,Warrior+Hunter,7,team2,kill,21.08
Warrior+Hunter_vs_Warrior+Hunter,Warrior+Hunter,Warrior+Hunter,8,team1,kill,15.98
Warrior+Hunter_vs_Warrior+Hunter,Warrior+Hunter,Warrior+Hunter,9,team1,kill,19.53
Warrior+Hunter_vs_Warrior+Shaman,Warrior+Hunter,Warrior+Shaman,0,team2,kill,38.03
Warrior+Hunter_vs_Warrior+Shaman,Warrior+Hunter,Warrior+Shaman,1,team2,kill,43.48
Warrior+Hunter_vs_Warrior+Shaman,Warrior+Hunter,Warrior+Shaman,2,team2,kill,36.05
Warrior+Hunter_vs_Warrior+Shaman,Warrior+Hunter,Warrior+Shaman,3,team2,kill,42.62
Warrior+Hunter_vs_Warrior+Shaman,Warrior+Hunter,Warrior+Shaman,4,team2,kill,35.53
Warrior+Hunter_vs_Warrior+Shaman,Warrior+Hunter,Warrior+Shaman,5,team2,kill,41.00
Warrior+Hunter_vs_Warrior+Shaman,Warrior+Hunter,Warrior+Shaman,6,team2,kill,37.57
Warrior+Hunter_vs_Warrior+Shaman,Warrior+Hunter,Warrior+Shaman,7,team2,kill,32.28
Warrior+Hunter_vs_Warrior+Shaman,Warrior+Hunter,Warrior+Shaman,8,team2,kill,34.98
Warrior+Hunter_vs_Warrior+Shaman,Warrior+Hunter,Warrior+Shaman,9,team2,kill,37.97
Warrior+Hunter_vs_Mage+Rogue,Warrior+Hunter,Mage+Rogue,0,team1,kill,27.98
Warrior+Hunter_vs_Mage+Rogue,Warrior+Hunter,Mage+Rogue,1,team1,kill,29.55
Warrior+Hunter_vs_Mage+Rogue,Warrior+Hunter,Mage+Rogue,2,team1,kill,29.57
Warrior+Hunter_vs_Mage+Rogue,Warrior+Hunter,Mage+Rogue,3,team1,kill,34.62
Warrior+Hunter_vs_Mage+Rogue,Warrior+Hunter,Mage+Rogue,4,team1,kill,30.15
Warrior+Hunter_vs_Mage+Rogue,Warrior+Hunter,Mage+Rogue,5,team1,kill,27.97
Warrior+Hunter_vs_Mage+Rogue,Warrior+Hunter,Mage+Rogue,6,team1,kill,30.15
Warrior+Hunter_vs_Mage+Rogue,Warrior+Hunter,Mage+Rogue,7,team1,kill,29.55
Warrior+Hunter_vs_Mage+Rogue,Warrior+Hunter,Mage+Rogue,8,team1,kill,27.97
Warrior+Hunter_vs_Mage+Rogue,Warrior+Hunter,Mage+Rogue,9,team1,kill,30.15
Warrior+Hunter_vs_Mage+Priest,Warrior+Hunter,Mage+Priest,0,team2,kill,26.88
Warrior+Hunter_vs_Mage+Priest,Warrior+Hunter,Mage+Priest,1,team2,kill,28.37
Warrior+Hunter_vs_Mage+Priest,Warrior+Hunter,Mage+Priest,2,team2,kill,28.43
Warrior+Hunter_vs_Mage+Priest,Warrior+Hunter,Mage+Priest,3,team2,kill,28.33
Warrior+Hunter_vs_Mage+Priest,Warrior+Hunter,Mage+Priest,4,team2,kill,28.03
Warrior+Hunter_vs_Mage+Priest,Warrior+Hunter,Mage+Priest,5,team2,kill,29.07
Warrior+Hunter_vs_Mage+Priest,Warrior+Hunter,Mage+Priest,6,team2,kill,29.30
Warrior+Hunter_vs_Mage+Priest,Warrior+Hunter,Mage+Priest,7,team2,kill,26.87
Warrior+Hunter_vs_Mage+Priest,Warrior+Hunter,Mage+Priest,8,team2,kill,28.40
Warrior+Hunter_vs_Mage+Priest,Warrior+Hunter,Mage+Priest,9,team2,kill,27.88
Warrior+Hunter_vs_Mage+Warlock,Warrior+Hunter,Mage+Warlock,0,team2,kill,16.53
Warrior+Hunter_vs_Mage+Warlock,Warrior+Hunter,Mage+Warlock,1,team2,kill,16.42
Warrior+Hunter_vs_Mage+Warlock,Warrior+Hunter,Mage+Warlock,2,team2,kill,19.53
Warrior+Hunter_vs_Mage+Warlock,Warrior+Hunter,Mage+Warlock,3,team2,kill,16.53
Warrior+Hunter_vs_Mage+Warlock,Warrior+Hunter,Mage+Warlock,4,team2,kill,16.43
Warrior+Hunter_vs_Mage+Warlock,Warrior+Hunter,Mage+Warlock,5,team2,kill,16.53
Warrior+Hunter_vs_Mage+Warlock,Warrior+Hunter,Mage+Warlock,6,team2,kill,16.77
Warrior+Hunter_vs_Mage+Warlock,Warrior+Hunter,Mage+Warlock,7,team2,kill,16.43
Warrior+Hunter_vs_Mage+Warlock,Warrior+Hunter,Mage+Warlock,8,team2,kill,16.53
Warrior+Hunter_vs_Mage+Warlock,Warrior+Hunter,Mage+Warlock,9,team2,kill,16.53
Warrior+Hunter_vs_Mage+Paladin,Warrior+Hunter,Mage+Paladin,0,team2,kill,28.65
Warrior+Hunter_vs_Mage+Paladin,Warrior+Hunter,Mage+Paladin,1,team2,kill,30.27
Warrior+Hunter_vs_Mage+Paladin,Warrior+Hunter,Mage+Paladin,2,team2,kill,32.60
Warrior+Hunter_vs_Mage+Paladin,Warrior+Hunter,Mage+Paladin,3,team2,kill,30.20
Warrior+Hunter_vs_Mage+Paladin,Warrior+Hunter,Mage+Paladin,4,team2,kill,32.75
Warrior+Hunter_vs_Mage+Paladin,Warrior+Hunter,Mage+Paladin,5,team2,kill,34.27
Warrior+Hunter_vs_Mage+Paladin,Warrior+Hunter,Mage+Paladin,6,team2,kill,30.33
Warrior+Hunter_vs_Mage+Paladin,Warrior+Hunter,Mage+Paladin,7,team2,kill,34.22
Warrior+Hunter_vs_Mage+Paladin,Warrior+Hunter,Mage+Paladin,8,team2,kill,30.27
Warrior+Hunter_vs_Mage+Paladin,Warrior+Hunter,Mage+Paladin,9,team2,kill,34.27
Warrior+Hunter_vs_Mage+Hunter,Warrior+Hunter,Mage+Hunter,0,team1,kill,19.55
Warrior+Hunter_vs_Mage+Hunter,Warrior+Hunter,Mage+Hunter,1,team1,kill,19.77
Warrior+Hunter_vs_Mage+Hunter,Warrior+Hunter,Mage+Hunter,2,team2,kill,17.25
Warrior+Hunter_vs_Mage+Hunter,Warrior+Hunter,Mage+Hunter,3,team2,kill,17.58
Warrior+Hunter_vs_Mage+Hunter,Warrior+Hunter,Mage+Hunter,4,team2,kill,17.58
Warrior+Hunter_vs_Mage+Hunter,Warrior+Hunter,Mage+Hunter,5,team1,kill,19.77
Warrior+Hunter_vs_Mage+Hunter,Warrior+Hunter,Mage+Hunter,6,team1,kill,20.05
Warrior+Hunter_vs_Mage+Hunter,Warrior+Hunter,Mage+Hunter,7,team2,kill,17.55
Warrior+Hunter_vs_Mage+Hunter,Warrior+Hunter,Mage+Hunter,8,team1,kill,19.92
Warrior+Hunter_vs_Mage+Hunter,Warrior+Hunter,Mage+Hunter,9,team1,kill,19.77
Warrior+Hunter_vs_Mage+Shaman,Warrior+Hunter,Mage+Shaman,0,team2,kill,18.40
Warrior+Hunter_vs_Mage+Shaman,Warrior+Hunter,Mage+Shaman,1,team2,kill,19.15
Warrior+Hunter_vs_Mage+Shaman,Warrior+Hunter,Mage+Shaman,2,team2,kill,19.15
Warrior+Hunter_vs_Mage+Shaman,Warrior+Hunter,Mage+Shaman,3,team2,kill,14.60
Warrior+Hunter_vs_Mage+Shaman,Warrior+Hunter,Mage+Shaman,4,team2,kill,13.52
Warrior+Hunter_vs_Mage+Shaman,Warrior+Hunter,Mage+Shaman,5,team2,kill,16.05
Warrior+Hunter_vs_Mage+Shaman,Warrior+Hunter,Mage+Shaman,6,team2,kill,14.57
Warrior+Hunter_vs_Mage+Shaman,Warrior+Hunter,Mage+Shaman,7,team2,kill,19.85
Warrior+Hunter_vs_Mage+Shaman,Warrior+Hunter,Mage+Shaman,8,team2,kill,19.15
Warrior+Hunter_vs_Mage+Shaman,Warrior+Hunter,Mage+Shaman,9,team2,kill,19.15
Warrior+Hunter_vs_Rogue+Priest,Warrior+Hunter,Rogue+Priest,0,team2,kill,51.58
Warrior+Hunter_vs_Rogue+Priest,Warrior+Hunter,Rogue+Priest,1,team1,kill,65.83
Warrior+Hunter_vs_Rogue+Priest,Warrior+Hunter,Rogue+Priest,2,team2,kill,47.27
Warrior+Hunter_vs_Rogue+Priest,Warrior+Hunter,Rogue+Priest,3,team2,kill,64.30
Warrior+Hunter_vs_Rogue+Priest,Warrior+Hunter,Rogue+Priest,4,team2,kill,62.90
Warrior+Hunter_vs_Rogue+Priest,Warrior+Hunter,Rogue+Priest,5,team2,kill,44.32
Warrior+Hunter_vs_Rogue+Priest,Warrior+Hunter,Rogue+Priest,6,team2,kill,64.90
Warrior+Hunter_vs_Rogue+Priest,Warrior+Hunter,Rogue+Priest,7,team2,kill,62.82
Warrior+Hunter_vs_Rogue+Priest,Warrior+Hunter,Rogue+Priest,8,team2,kill,55.38
Warrior+Hunter_vs_Rogue+Priest,Warrior+Hunter,Rogue+Priest,9,team2,kill,56.88
Warrior+Hunter_vs_Rogue+Warlock,Warrior+Hunter,Rogue+Warlock,0,team1,kill,21.97
Warrior+Hunter_vs_Rogue+Warlock,Warrior+Hunter,Rogue+Warlock,1,team1,kill,21.90
Warrior+Hunter_vs_Rogue+Warlock,Warrior+Hunter,Rogue+Warlock,2,team1,kill,23.33
Warrior+Hunter_vs_Rogue+Warlock,Warrior+Hunter,Rogue+Warlock,3,team1,kill,21.90
Warrior+Hunter_vs_Rogue+Warlock,Warrior+Hunter,Rogue+Warlock,4,team1,kill,23.33
Warrior+Hunter_vs_Rogue+Warlock,Warrior+Hunter,Rogue+Warlock,5,team1,kill,21.90
Warrior+Hunter_vs_Rogue+Warlock,Warrior+Hunter,Rogue+Warlock,6,team1,kill,21.90
Warrior+Hunter_vs_Rogue+Warlock,Warrior+Hunter,Rogue+Warlock,7,team1,kill,18.13
Warrior+Hunter_vs_Rogue+Warlock,Warrior+Hunter,Rogue+Warlock,8,team1,kill,21.90
Warrior+Hunter_vs_Rogue+Warlock,Warrior+Hunter,Rogue+Warlock,9,team1,kill,19.18
Warrior+Hunter_vs_Rogue+Paladin,Warrior+Hunter,Rogue+Paladin,0,team2,kill,39.50
Warrior+Hunter_vs_Rogue+Paladin,Warrior+Hunter,Rogue+Paladin,1,team2,kill,72.35
Warrior+Hunter_vs_Rogue+Paladin,Warrior+Hunter,Rogue+Paladin,2,team2,kill,73.02
Warrior+Hunter_vs_Rogue+Paladin,Warrior+Hunter,Rogue+Paladin,3,team2,kill,41.97
Warrior+Hunter_vs_Rogue+Paladin,Warrior+Hunter,Rogue+Paladin,4,team2,kill,39.90
Warrior+Hunter_vs_Rogue+Paladin,Warrior+Hunter,Rogue+Paladin,5,team2,kill,74.42
Warrior+Hunter_vs_Rogue+Paladin,Warrior+Hunter,Rogue+Paladin,6,team2,kill,66.63
Warrior+Hunter_vs_Rogue+Paladin,Warrior+Hunter,Rogue+Paladin,7,team2,kill,54.53
Warrior+Hunter_vs_Rogue+Paladin,Warrior+Hunter,Rogue+Paladin,8,team2,kill,70.07
Warrior+Hunter_vs_Rogue+Paladin,Warrior+Hunter,Rogue+Paladin,9,team2,kill,72.13
Warrior+Hunter_vs_Rogue+Hunter,Warrior+Hunter,Rogue+Hunter,0,team1,kill,22.92
Warrior+Hunter_vs_Rogue+Hunter,Warrior+Hunter,Rogue+Hunter,1,team1,kill,22.92
Warrior+Hunter_vs_Rogue+Hunter,Warrior+Hunter,Rogue+Hunter,2,team1,kill,22.92
Warrior+Hunter_vs_Rogue+Hunter,Warrior+Hunter,Rogue+Hunter,3,team1,kill,23.05
Warrior+Hunter_vs_Rogue+Hunter,Warrior+Hunter,Rogue+Hunter,4,team1,kill,23.05
Warrior+Hunter_vs_Rogue+Hunter,Warrior+Hunter,Rogue+Hunter,5,team1,kill,19.03
Warrior+Hunter_vs_Rogue+Hunter,Warrior+Hunter,Rogue+Hunter,6,team1,kill,22.92
Warrior+Hunter_vs_Rogue+Hunter,Warrior+Hunter,Rogue+Hunter,7,team1,kill,19.03
Warrior+Hunter_vs_Rogue+Hunter,Warrior+Hunter,Rogue+Hunter,8,team1,kill,26.12
Warrior+Hunter_vs_Rogue+Hunter,Warrior+Hunter,Rogue+Hunter,9,team1,kill,22.92
Warrior+Hunter_vs_Rogue+Shaman,Warrior+Hunter,Rogue+Shaman,0,team1,kill,53.65
Warrior+Hunter_vs_Rogue+Shaman,Warrior+Hunter,Rogue+Shaman,1,team1,kill,31.92
Warrior+Hunter_vs_Rogue+Shaman,Warrior+Hunter,Rogue+Shaman,2,team1,kill,32.80
Warrior+Hunter_vs_Rogue+Shaman,Warrior+Hunter,Rogue+Shaman,3,team1,kill,29.73
Warrior+Hunter_vs_Rogue+Shaman,Warrior+Hunter,Rogue+Shaman,4,team1,kill,47.40
Warrior+Hunter_vs_Rogue+Shaman,Warrior+Hunter,Rogue+Shaman,5,team1,kill,40.48
Warrior+Hunter_vs_Rogue+Shaman,Warrior+Hunter,Rogue+Shaman,6,team2,kill,54.12
Warrior+Hunter_vs_Rogue+Shaman,Warrior+Hunter,Rogue+Shaman,7,team1,kill,34.70
Warrior+Hunter_vs_Rogue+Shaman,Warrior+Hunter,Rogue+Shaman,8,team1,kill,37.28
Warrior+Hunter_vs_Rogue+Shaman,Warrior+Hunter,Rogue+Shaman,9,team1,kill,37.08
Warrior+Hunter_vs_Priest+Warlock,Warrior+Hunter,Priest+Warlock,0,team2,kill,24.78
Warrior+Hunter_vs_Priest+Warlock,Warrior+Hunter,Priest+Warlock,1,team2,kill,27.03
Warrior+Hunter_vs_Priest+Warlock,Warrior+Hunter,Priest+Warlock,2,team2,kill,27.03
Warrior+Hunter_vs_Priest+Warlock,Warrior+Hunter,Priest+Warlock,3,team2,kill,27.15
Warrior+Hunter_vs_Priest+Warlock,Warrior+Hunter,Priest+Warlock,4,team2,kill,28.80
Warrior+Hunter_vs_Priest+Warlock,Warrior+Hunter,Priest+Warlock,5,team2,kill,28.72
Warrior+Hunter_vs_Priest+Warlock,Warrior+Hunter,Priest+Warlock,6,team2,kill,26.37
Warrior+Hunter_vs_Priest+Warlock,Warrior+Hunter,Priest+Warlock,7,team2,kill,26.40
Warrior+Hunter_vs_Priest+Warlock,Warrior+Hunter,Priest+Warlock,8,team2,kill,26.35
Warrior+Hunter_vs_Priest+Warlock,Warrior+Hunter,Priest+Warlock,9,team2,kill,28.47
Warrior+Hunter_vs_Priest+Hunter,Warrior+Hunter,Priest+Hunter,0,team2,kill,27.37
Warrior+Hunter_vs_Priest+Hunter,Warrior+Hunter,Priest+Hunter,1,team2,kill,22.77
Warrior+Hunter_vs_Priest+Hunter,Warrior+Hunter,Priest+Hunter,2,team2,kill,27.95
Warrior+Hunter_vs_Priest+Hunter,Warrior+Hunter,Priest+Hunter,3,team2,kill,21.02
Warrior+Hunter_vs_Priest+Hunter,Warrior+Hunter,Priest+Hunter,4,team2,kill,27.37
Warrior+Hunter_vs_Priest+Hunter,Warrior+Hunter,Priest+Hunter,5,team2,kill,26.10
Warrior+Hunter_vs_Priest+Hunter,Warrior+Hunter,Priest+Hunter,6,team2,kill,18.50
Warrior+Hunter_vs_Priest+Hunter,Warrior+Hunter,Priest+Hunter,7,team2,kill,24.30
Warrior+Hunter_vs_Priest+Hunter,Warrior+Hunter,Priest+Hunter,8,team2,kill,27.37
Warrior+Hunter_vs_Priest+Hunter,Warrior+Hunter,Priest+Hunter,9,team2,kill,24.83
Warrior+Hunter_vs_Warlock+Paladin,Warrior+Hunter,Warlock+Paladin,0,team2,kill,39.25
Warrior+Hunter_vs_Warlock+Paladin,Warrior+Hunter,Warlock+Paladin,1,team2,kill,29.47
Warrior+Hunter_vs_Warlock+Paladin,Warrior+Hunter,Warlock+Paladin,2,team2,kill,29.45
Warrior+Hunter_vs_Warlock+Paladin,Warrior+Hunter,Warlock+Paladin,3,team2,kill,33.58
Warrior+Hunter_vs_Warlock+Paladin,Warrior+Hunter,Warlock+Paladin,4,team2,kill,42.27
Warrior+Hunter_vs_Warlock+Paladin,Warrior+Hunter,Warlock+Paladin,5,team2,kill,33.58
Warrior+Hunter_vs_Warlock+Paladin,Warrior+Hunter,Warlock+Paladin,6,team2,kill,38.65
Warrior+Hunter_vs_Warlock+Paladin,Warrior+Hunter,Warlock+Paladin,7,team2,kill,31.27
Warrior+Hunter_vs_Warlock+Paladin,Warrior+Hunter,Warlock+Paladin,8,team2,kill,32.65
Warrior+Hunter_vs_Warlock+Paladin,Warrior+Hunter,Warlock+Paladin,9,team2,kill,33.73
Warrior+Hunter_vs_Warlock+Hunter,Warrior+Hunter,Warlock+Hunter,0,team2,kill,20.30
Warrior+Hunter_vs_Warlock+Hunter,Warrior+Hunter,Warlock+Hunter,1,team2,kill,20.43
Warrior+Hunter_vs_Warlock+Hunter,Warrior+Hunter,Warlock+Hunter,2,team2,kill,19.52
Warrior+Hunter_vs_Warlock+Hunter,Warrior+Hunter,Warlock+Hunter,3,team2,kill,19.33
Warrior+Hunter_vs_Warlock+Hunter,Warrior+Hunter,Warlock+Hunter,4,team2,kill,21.17
Warrior+Hunter_vs_Warlock+Hunter,Warrior+Hunter,Warlock+Hunter,5,team2,kill,19.52
Warrior+Hunter_vs_Warlock+Hunter,Warrior+Hunter,Warlock+Hunter,6,team2,kill,20.53
Warrior+Hunter_vs_Warlock+Hunter,Warrior+Hunter,Warlock+Hunter,7,team2,kill,20.30
Warrior+Hunter_vs_Warlock+Hunter,Warrior+Hunter,Warlock+Hunter,8,team2,kill,21.02
Warrior+Hunter_vs_Warlock+Hunter,Warrior+Hunter,Warlock+Hunter,9,team2,kill,21.02
Warrior+Hunter_vs_Warlock+Shaman,Warrior+Hunter,Warlock+Shaman,0,team2,kill,16.05
Warrior+Hunter_vs_Warlock+Shaman,Warrior+Hunter,Warlock+Shaman,1,team2,kill,18.42
Warrior+Hunter_vs_Warlock+Shaman,Warrior+Hunter,Warlock+Shaman,2,team2,kill,19.57
Warrior+Hunter_vs_Warlock+Shaman,Warrior+Hunter,Warlock+Shaman,3,team2,kill,18.15
Warrior+Hunter_vs_Warlock+Shaman,Warrior+Hunter,Warlock+Shaman,4,team2,kill,18.43
Warrior+Hunter_vs_Warlock+Shaman,Warrior+Hunter,Warlock+Shaman,5,team2,kill,19.60
Warrior+Hunter_vs_Warlock+Shaman,Warrior+Hunter,Warlock+Shaman,6,team2,kill,18.37
Warrior+Hunter_vs_Warlock+Shaman,Warrior+Hunter,Warlock+Shaman,7,team2,kill,19.25
Warrior+Hunter_vs_Warlock+Shaman,Warrior+Hunter,Warlock+Shaman,8,team2,kill,18.37
Warrior+Hunter_vs_Warlock+Shaman,Warrior+Hunter,Warlock+Shaman,9,team2,kill,18.38
Warrior+Hunter_vs_Paladin+Hunter,Warrior+Hunter,Paladin+Hunter,0,team2,kill,46.75
Warrior+Hunter_vs_Paladin+Hunter,Warrior+Hunter,Paladin+Hunter,1,team2,kill,34.45
Warrior+Hunter_vs_Paladin+Hunter,Warrior+Hunter,Paladin+Hunter,2,team2,kill,62.80
Warrior+Hunter_vs_Paladin+Hunter,Warrior+Hunter,Paladin+Hunter,3,team2,kill,48.70
Warrior+Hunter_vs_Paladin+Hunter,Warrior+Hunter,Paladin+Hunter,4,team2,kill,49.53
Warrior+Hunter_vs_Paladin+Hunter,Warrior+Hunter,Paladin+Hunter,5,team2,kill,61.65
Warrior+Hunter_vs_Paladin+Hunter,Warrior+Hunter,Paladin+Hunter,6,team2,kill,34.60
Warrior+Hunter_vs_Paladin+Hunter,Warrior+Hunter,Paladin+Hunter,7,team2,kill,34.60
Warrior+Hunter_vs_Paladin+Hunter,Warrior+Hunter,Paladin+Hunter,8,team2,kill,34.60
Warrior+Hunter_vs_Paladin+Hunter,Warrior+Hunter,Paladin+Hunter,9,team2,kill,48.70
Warrior+Hunter_vs_Hunter+Shaman,Warrior+Hunter,Hunter+Shaman,0,team2,kill,17.32
Warrior+Hunter_vs_Hunter+Shaman,Warrior+Hunter,Hunter+Shaman,1,team2,kill,14.97
Warrior+Hunter_vs_Hunter+Shaman,Warrior+Hunter,Hunter+Shaman,2,team2,kill,14.97
Warrior+Hunter_vs_Hunter+Shaman,Warrior+Hunter,Hunter+Shaman,3,team2,kill,17.32
Warrior+Hunter_vs_Hunter+Shaman,Warrior+Hunter,Hunter+Shaman,4,team2,kill,16.02
Warrior+Hunter_vs_Hunter+Shaman,Warrior+Hunter,Hunter+Shaman,5,team2,kill,14.80
Warrior+Hunter_vs_Hunter+Shaman,Warrior+Hunter,Hunter+Shaman,6,team2,kill,19.60
Warrior+Hunter_vs_Hunter+Shaman,Warrior+Hunter,Hunter+Shaman,7,team1,kill,21.62
Warrior+Hunter_vs_Hunter+Shaman,Warrior+Hunter,Hunter+Shaman,8,team2,kill,19.60
Warrior+Hunter_vs_Hunter+Shaman,Warrior+Hunter,Hunter+Shaman,9,team2,kill,18.37
Warrior+Shaman_vs_Warrior+Hunter,Warrior+Shaman,Warrior+Hunter,0,team1,kill,35.77
Warrior+Shaman_vs_Warrior+Hunter,Warrior+Shaman,Warrior+Hunter,1,team1,kill,48.18
Warrior+Shaman_vs_Warrior+Hunter,Warrior+Shaman,Warrior+Hunter,2,team1,kill,36.05
Warrior+Shaman_vs_Warrior+Hunter,Warrior+Shaman,Warrior+Hunter,3,team1,kill,42.62
Warrior+Shaman_vs_Warrior+Hunter,Warrior+Shaman,Warrior+Hunter,4,team1,kill,36.05
Warrior+Shaman_vs_Warrior+Hunter,Warrior+Shaman,Warrior+Hunter,5,team1,kill,42.12
Warrior+Shaman_vs_Warrior+Hunter,Warrior+Shaman,Warrior+Hunter,6,team1,kill,36.05
Warrior+Shaman_vs_Warrior+Hunter,Warrior+Shaman,Warrior+Hunter,7,team1,kill,39.22
Warrior+Shaman_vs_Warrior+Hunter,Warrior+Shaman,Warrior+Hunter,8,team1,kill,44.72
Warrior+Shaman_vs_Warrior+Hunter,Warrior+Shaman,Warrior+Hunter,9,team1,kill,40.00
Warrior+Shaman_vs_Mage+Hunter,Warrior+Shaman,Mage+Hunter,0,team2,kill,26.07
Warrior+Shaman_vs_Mage+Hunter,Warrior+Shaman,Mage+Hunter,1,team2,kill,20.53
Warrior+Shaman_vs_Mage+Hunter,Warrior+Shaman,Mage+Hunter,2,team2,kill,20.95
Warrior+Shaman_vs_Mage+Hunter,Warrior+Shaman,Mage+Hunter,3,team2,kill,35.18
Warrior+Shaman_vs_Mage+Hunter,Warrior+Shaman,Mage+Hunter,4,team2,kill,35.45
Warrior+Shaman_vs_Mage+Hunter,Warrior+Shaman,Mage+Hunter,5,team2,kill,20.95
Warrior+Shaman_vs_Mage+Hunter,Warrior+Shaman,Mage+Hunter,6,team2,kill,27.47
Warrior+Shaman_vs_Mage+Hunter,Warrior+Shaman,Mage+Hunter,7,team2,kill,20.05
Warrior+Shaman_vs_Mage+Hunter,Warrior+Shaman,Mage+Hunter,8,team2,kill,35.45
Warrior+Shaman_vs_Mage+Hunter,Warrior+Shaman,Mage+Hunter,9,team2,kill,37.10
Warrior+Shaman_vs_Rogue+Hunter,Warrior+Shaman,Rogue+Hunter,0,team2,kill,39.55
Warrior+Shaman_vs_Rogue+Hunter,Warrior+Shaman,Rogue+Hunter,1,team2,kill,35.32
Warrior+Shaman_vs_Rogue+Hunter,Warrior+Shaman,Rogue+Hunter,2,team2,kill,34.28
Warrior+Shaman_vs_Rogue+Hunter,Warrior+Shaman,Rogue+Hunter,3,team2,kill,38.08
Warrior+Shaman_vs_Rogue+Hunter,Warrior+Shaman,Rogue+Hunter,4,team2,kill,43.37
Warrior+Shaman_vs_Rogue+Hunter,Warrior+Shaman,Rogue+Hunter,5,team2,kill,38.08
Warrior+Shaman_vs_Rogue+Hunter,Warrior+Shaman,Rogue+Hunter,6,team2,kill,40.50
Warrior+Shaman_vs_Rogue+Hunter,Warrior+Shaman,Rogue+Hunter,7,team2,kill,34.52
Warrior+Shaman_vs_Rogue+Hunter,Warrior+Shaman,Rogue+Hunter,8,team2,kill,33.28
Warrior+Shaman_vs_Rogue+Hunter,Warrior+Shaman,Rogue+Hunter,9,team2,kill,43.73
Warrior+Shaman_vs_Priest+Hunter,Warrior+Shaman,Priest+Hunter,0,team2,kill,49.80
Warrior+Shaman_vs_Priest+Hunter,Warrior+Shaman,Priest+Hunter,1,team1,kill,49.00
Warrior+Shaman_vs_Priest+Hunter,Warrior+Shaman,Priest+Hunter,2,team1,kill,46.28
Warrior+Shaman_vs_Priest+Hunter,Warrior+Shaman,Priest+Hunter,3,team1,kill,52.60
Warrior+Shaman_vs_Priest+Hunter,Warrior+Shaman,Priest+Hunter,4,team1,kill,45.07
Warrior+Shaman_vs_Priest+Hunter,Warrior+Shaman,Priest+Hunter,5,team1,kill,51.37
Warrior+Shaman_vs_Priest+Hunter,Warrior+Shaman,Priest+Hunter,6,team2,kill,38.55
Warrior+Shaman_vs_Priest+Hunter,Warrior+Shaman,Priest+Hunter,7,team1,kill,49.00
Warrior+Shaman_vs_Priest+Hunter,Warrior+Shaman,Priest+Hunter,8,team1,kill,52.35
Warrior+Shaman_vs_Priest+Hunter,Warrior+Shaman,Priest+Hunter,9,team1,kill,48.72
Warrior+Shaman_vs_Warlock+Hunter,Warrior+Shaman,Warlock+Hunter,0,team1,kill,43.77
Warrior+Shaman_vs_Warlock+Hunter,Warrior+Shaman,Warlock+Hunter,1,team1,kill,75.74
Warrior+Shaman_vs_Warlock+Hunter,Warrior+Shaman,Warlock+Hunter,2,team1,kill,36.85
Warrior+Shaman_vs_Warlock+Hunter,Warrior+Shaman,Warlock+Hunter,3,team1,kill,32.00
Warrior+Shaman_vs_Warlock+Hunter,Warrior+Shaman,Warlock+Hunter,4,team1,kill,27.22
Warrior+Shaman_vs_Warlock+Hunter,Warrior+Shaman,Warlock+Hunter,5,team1,kill,30.20
Warrior+Shaman_vs_Warlock+Hunter,Warrior+Shaman,Warlock+Hunter,6,team1,kill,40.58
Warrior+Shaman_vs_Warlock+Hunter,Warrior+Shaman,Warlock+Hunter,7,team1,kill,37.27
Warrior+Shaman_vs_Warlock+Hunter,Warrior+Shaman,Warlock+Hunter,8,team1,kill,30.35
Warrior+Shaman_vs_Warlock+Hunter,Warrior+Shaman,Warlock+Hunter,9,team1,kill,30.23
Warrior+Shaman_vs_Paladin+Hunter,Warrior+Shaman,Paladin+Hunter,0,team1,kill,75.77
Warrior+Shaman_vs_Paladin+Hunter,Warrior+Shaman,Paladin+Hunter,1,team1,kill,78.12
Warrior+Shaman_vs_Paladin+Hunter,Warrior+Shaman,Paladin+Hunter,2,team1,kill,73.13
Warrior+Shaman_vs_Paladin+Hunter,Warrior+Shaman,Paladin+Hunter,3,team1,kill,75.89
Warrior+Shaman_vs_Paladin+Hunter,Warrior+Shaman,Paladin+Hunter,4,team1,kill,71.17
Warrior+Shaman_vs_Paladin+Hunter,Warrior+Shaman,Paladin+Hunter,5,team2,kill,227.42
Warrior+Shaman_vs_Paladin+Hunter,Warrior+Shaman,Paladin+Hunter,6,team1,kill,68.63
Warrior+Shaman_vs_Paladin+Hunter,Warrior+Shaman,Paladin+Hunter,7,team1,kill,75.62
Warrior+Shaman_vs_Paladin+Hunter,Warrior+Shaman,Paladin+Hunter,8,team1,kill,73.52
Warrior+Shaman_vs_Paladin+Hunter,Warrior+Shaman,Paladin+Hunter,9,team1,kill,75.89
Warrior+Shaman_vs_Hunter+Shaman,Warrior+Shaman,Hunter+Shaman,0,team2,kill,43.10
Warrior+Shaman_vs_Hunter+Shaman,Warrior+Shaman,Hunter+Shaman,1,team2,kill,20.60
Warrior+Shaman_vs_Hunter+Shaman,Warrior+Shaman,Hunter+Shaman,2,team2,kill,58.20
Warrior+Shaman_vs_Hunter+Shaman,Warrior+Shaman,Hunter+Shaman,3,team2,kill,48.13
Warrior+Shaman_vs_Hunter+Shaman,Warrior+Shaman,Hunter+Shaman,4,team2,kill,48.63
Warrior+Shaman_vs_Hunter+Shaman,Warrior+Shaman,Hunter+Shaman,5,team2,kill,50.65
Warrior+Shaman_vs_Hunter+Shaman,Warrior+Shaman,Hunter+Shaman,6,team2,kill,46.12
Warrior+Shaman_vs_Hunter+Shaman,Warrior+Shaman,Hunter+Shaman,7,team2,kill,48.78
Warrior+Shaman_vs_Hunter+Shaman,Warrior+Shaman,Hunter+Shaman,8,team2,kill,45.62
Warrior+Shaman_vs_Hunter+Shaman,Warrior+Shaman,Hunter+Shaman,9,team2,kill,53.67
Mage+Rogue_vs_Warrior+Hunter,Mage+Rogue,Warrior+Hunter,0,team2,kill,27.98
Mage+Rogue_vs_Warrior+Hunter,Mage+Rogue,Warrior+Hunter,1,team2,kill,29.55
Mage+Rogue_vs_Warrior+Hunter,Mage+Rogue,Warrior+Hunter,2,team2,kill,29.57
Mage+Rogue_vs_Warrior+Hunter,Mage+Rogue,Warrior+Hunter,3,team2,kill,34.62
Mage+Rogue_vs_Warrior+Hunter,Mage+Rogue,Warrior+Hunter,4,team2,kill,30.15
Mage+Rogue_vs_Warrior+Hunter,Mage+Rogue,Warrior+Hunter,5,team2,kill,27.97
Mage+Rogue_vs_Warrior+Hunter,Mage+Rogue,Warrior+Hunter,6,team2,kill,30.15
Mage+Rogue_vs_Warrior+Hunter,Mage+Rogue,Warrior+Hunter,7,team2,kill,29.55
Mage+Rogue_vs_Warrior+Hunter,Mage+Rogue,Warrior+Hunter,8,team2,kill,27.97
Mage+Rogue_vs_Warrior+Hunter,Mage+Rogue,Warrior+Hunter,9,team2,kill,30.15
Mage+Rogue_vs_Mage+Hunter,Mage+Rogue,Mage+Hunter,0,team2,kill,17.05
Mage+Rogue_vs_Mage+Hunter,Mage+Rogue,Mage+Hunter,1,team2,kill,17.87
Mage+Rogue_vs_Mage+Hunter,Mage+Rogue,Mage+Hunter,2,team2,kill,22.40
Mage+Rogue_vs_Mage+Hunter,Mage+Rogue,Mage+Hunter,3,team2,kill,17.87
Mage+Rogue_vs_Mage+Hunter,Mage+Rogue,Mage+Hunter,4,team2,kill,16.42
Mage+Rogue_vs_Mage+Hunter,Mage+Rogue,Mage+Hunter,5,team2,kill,22.40
Mage+Rogue_vs_Mage+Hunter,Mage+Rogue,Mage+Hunter,6,team2,kill,17.05
Mage+Rogue_vs_Mage+Hunter,Mage+Rogue,Mage+Hunter,7,team2,kill,16.42
Mage+Rogue_vs_Mage+Hunter,Mage+Rogue,Mage+Hunter,8,team2,kill,17.05
Mage+Rogue_vs_Mage+Hunter,Mage+Rogue,Mage+Hunter,9,team2,kill,22.38
Mage+Rogue_vs_Rogue+Hunter,Mage+Rogue,Rogue+Hunter,0,team2,kill,23.70
Mage+Rogue_vs_Rogue+Hunter,Mage+Rogue,Rogue+Hunter,1,team2,kill,26.73
Mage+Rogue_vs_Rogue+Hunter,Mage+Rogue,Rogue+Hunter,2,team2,kill,23.70
Mage+Rogue_vs_Rogue+Hunter,Mage+Rogue,Rogue+Hunter,3,team2,kill,26.40
Mage+Rogue_vs_Rogue+Hunter,Mage+Rogue,Rogue+Hunter,4,team2,kill,25.53
Mage+Rogue_vs_Rogue+Hunter,Mage+Rogue,Rogue+Hunter,5,team2,kill,24.02
Mage+Rogue_vs_Rogue+Hunter,Mage+Rogue,Rogue+Hunter,6,team2,kill,23.50
Mage+Rogue_vs_Rogue+Hunter,Mage+Rogue,Rogue+Hunter,7,team2,kill,22.90
Mage+Rogue_vs_Rogue+Hunter,Mage+Rogue,Rogue+Hunter,8,team2,kill,23.73
Mage+Rogue_vs_Rogue+Hunter,Mage+Rogue,Rogue+Hunter,9,team2,kill,27.77
Mage+Rogue_vs_Priest+Hunter,Mage+Rogue,Priest+Hunter,0,team2,kill,44.62
Mage+Rogue_vs_Priest+Hunter,Mage+Rogue,Priest+Hunter,1,team2,kill,46.03
Mage+Rogue_vs_Priest+Hunter,Mage+Rogue,Priest+Hunter,2,team2,kill,55.28
Mage+Rogue_vs_Priest+Hunter,Mage+Rogue,Priest+Hunter,3,team2,kill,46.32
Mage+Rogue_vs_Priest+Hunter,Mage+Rogue,Priest+Hunter,4,team1,kill,47.48
Mage+Rogue_vs_Priest+Hunter,Mage+Rogue,Priest+Hunter,5,team1,kill,33.68
Mage+Rogue_vs_Priest+Hunter,Mage+Rogue,Priest+Hunter,6,team2,kill,40.22
Mage+Rogue_vs_Priest+Hunter,Mage+Rogue,Priest+Hunter,7,team1,kill,36.13
Mage+Rogue_vs_Priest+Hunter,Mage+Rogue,Priest+Hunter,8,team2,kill,40.95
Mage+Rogue_vs_Priest+Hunter,Mage+Rogue,Priest+Hunter,9,team2,kill,27.38
Mage+Rogue_vs_Warlock+Hunter,Mage+Rogue,Warlock+Hunter,0,team1,kill,24.20
Mage+Rogue_vs_Warlock+Hunter,Mage+Rogue,Warlock+Hunter,1,team2,kill,37.53
Mage+Rogue_vs_Warlock+Hunter,Mage+Rogue,Warlock+Hunter,2,team2,kill,35.62
Mage+Rogue_vs_Warlock+Hunter,Mage+Rogue,Warlock+Hunter,3,team2,kill,36.17
Mage+Rogue_vs_Warlock+Hunter,Mage+Rogue,Warlock+Hunter,4,team2,kill,36.55
Mage+Rogue_vs_Warlock+Hunter,Mage+Rogue,Warlock+Hunter,5,team2,kill,25.40
Mage+Rogue_vs_Warlock+Hunter,Mage+Rogue,Warlock+Hunter,6,team2,kill,29.67
Mage+Rogue_vs_Warlock+Hunter,Mage+Rogue,Warlock+Hunter,7,team2,kill,24.28
Mage+Rogue_vs_Warlock+Hunter,Mage+Rogue,Warlock+Hunter,8,team2,kill,24.70
Mage+Rogue_vs_Warlock+Hunter,Mage+Rogue,Warlock+Hunter,9,team2,kill,25.60
Mage+Rogue_vs_Paladin+Hunter,Mage+Rogue,Paladin+Hunter,0,team2,kill,53.70
Mage+Rogue_vs_Paladin+Hunter,Mage+Rogue,Paladin+Hunter,1,team2,kill,64.87
Mage+Rogue_vs_Paladin+Hunter,Mage+Rogue,Paladin+Hunter,2,team2,kill,50.65
Mage+Rogue_vs_Paladin+Hunter,Mage+Rogue,Paladin+Hunter,3,team2,kill,64.87
Mage+Rogue_vs_Paladin+Hunter,Mage+Rogue,Paladin+Hunter,4,team2,kill,52.42
Mage+Rogue_vs_Paladin+Hunter,Mage+Rogue,Paladin+Hunter,5,team2,kill,50.67
Mage+Rogue_vs_Paladin+Hunter,Mage+Rogue,Paladin+Hunter,6,team2,kill,55.33
Mage+Rogue_vs_Paladin+Hunter,Mage+Rogue,Paladin+Hunter,7,team2,kill,54.78
Mage+Rogue_vs_Paladin+Hunter,Mage+Rogue,Paladin+Hunter,8,team2,kill,54.52
Mage+Rogue_vs_Paladin+Hunter,Mage+Rogue,Paladin+Hunter,9,team2,kill,53.70
Mage+Rogue_vs_Hunter+Shaman,Mage+Rogue,Hunter+Shaman,0,team1,kill,25.40
Mage+Rogue_vs_Hunter+Shaman,Mage+Rogue,Hunter+Shaman,1,team1,kill,29.73
Mage+Rogue_vs_Hunter+Shaman,Mage+Rogue,Hunter+Shaman,2,team1,kill,21.47
Mage+Rogue_vs_Hunter+Shaman,Mage+Rogue,Hunter+Shaman,3,team1,kill,25.42
Mage+Rogue_vs_Hunter+Shaman,Mage+Rogue,Hunter+Shaman,4,team1,kill,24.52
Mage+Rogue_vs_Hunter+Shaman,Mage+Rogue,Hunter+Shaman,5,team1,kill,25.35
Mage+Rogue_vs_Hunter+Shaman,Mage+Rogue,Hunter+Shaman,6,team1,kill,31.62
Mage+Rogue_vs_Hunter+Shaman,Mage+Rogue,Hunter+Shaman,7,team1,kill,24.02
Mage+Rogue_vs_Hunter+Shaman,Mage+Rogue,Hunter+Shaman,8,team1,kill,23.82
Mage+Rogue_vs_Hunter+Shaman,Mage+Rogue,Hunter+Shaman,9,team1,kill,23.58
Mage+Priest_vs_Warrior+Hunter,Mage+Priest,Warrior+Hunter,0,team1,kill,26.85
Mage+Priest_vs_Warrior+Hunter,Mage+Priest,Warrior+Hunter,1,team1,kill,28.43
Mage+Priest_vs_Warrior+Hunter,Mage+Priest,Warrior+Hunter,2,team1,kill,28.33
Mage+Priest_vs_Warrior+Hunter,Mage+Priest,Warrior+Hunter,3,team1,kill,28.52
Mage+Priest_vs_Warrior+Hunter,Mage+Priest,Warrior+Hunter,4,team1,kill,26.77
Mage+Priest_vs_Warrior+Hunter,Mage+Priest,Warrior+Hunter,5,team1,kill,28.37
Mage+Priest_vs_Warrior+Hunter,Mage+Priest,Warrior+Hunter,6,team1,kill,29.30
Mage+Priest_vs_Warrior+Hunter,Mage+Priest,Warrior+Hunter,7,team1,kill,26.90
Mage+Priest_vs_Warrior+Hunter,Mage+Priest,Warrior+Hunter,8,team1,kill,30.00
Mage+Priest_vs_Warrior+Hunter,Mage+Priest,Warrior+Hunter,9,team1,kill,27.58
Mage+Priest_vs_Mage+Hunter,Mage+Priest,Mage+Hunter,0,team1,kill,22.32
Mage+Priest_vs_Mage+Hunter,Mage+Priest,Mage+Hunter,1,team1,kill,22.57
Mage+Priest_vs_Mage+Hunter,Mage+Priest,Mage+Hunter,2,team1,kill,22.32
Mage+Priest_vs_Mage+Hunter,Mage+Priest,Mage+Hunter,3,team1,kill,22.57
Mage+Priest_vs_Mage+Hunter,Mage+Priest,Mage+Hunter,4,team1,kill,21.83
Mage+Priest_vs_Mage+Hunter,Mage+Priest,Mage+Hunter,5,team1,kill,21.13
Mage+Priest_vs_Mage+Hunter,Mage+Priest,Mage+Hunter,6,team1,kill,21.17
Mage+Priest_vs_Mage+Hunter,Mage+Priest,Mage+Hunter,7,team1,kill,23.22
Mage+Priest_vs_Mage+Hunter,Mage+Priest,Mage+Hunter,8,team1,kill,21.35
Mage+Priest_vs_Mage+Hunter,Mage+Priest,Mage+Hunter,9,team1,kill,21.22
Mage+Priest_vs_Rogue+Hunter,Mage+Priest,Rogue+Hunter,0,team1,kill,24.45
Mage+Priest_vs_Rogue+Hunter,Mage+Priest,Rogue+Hunter,1,team1,kill,24.45
Mage+Priest_vs_Rogue+Hunter,Mage+Priest,Rogue+Hunter,2,team1,kill,24.45
Mage+Priest_vs_Rogue+Hunter,Mage+Priest,Rogue+Hunter,3,team1,kill,24.45
Mage+Priest_vs_Rogue+Hunter,Mage+Priest,Rogue+Hunter,4,team1,kill,24.45
Mage+Priest_vs_Rogue+Hunter,Mage+Priest,Rogue+Hunter,5,team1,kill,24.45
Mage+Priest_vs_Rogue+Hunter,Mage+Priest,Rogue+Hunter,6,team1,kill,24.45
Mage+Priest_vs_Rogue+Hunter,Mage+Priest,Rogue+Hunter,7,team1,kill,24.45
Mage+Priest_vs_Rogue+Hunter,Mage+Priest,Rogue+Hunter,8,team1,kill,24.45
Mage+Priest_vs_Rogue+Hunter,Mage+Priest,Rogue+Hunter,9,team1,kill,24.45
Mage+Priest_vs_Priest+Hunter,Mage+Priest,Priest+Hunter,0,team2,kill,48.42
Mage+Priest_vs_Priest+Hunter,Mage+Priest,Priest+Hunter,1,team2,kill,53.72
Mage+Priest_vs_Priest+Hunter,Mage+Priest,Priest+Hunter,2,team1,kill,25.50
Mage+Priest_vs_Priest+Hunter,Mage+Priest,Priest+Hunter,3,team2,kill,50.18
Mage+Priest_vs_Priest+Hunter,Mage+Priest,Priest+Hunter,4,team2,kill,57.55
Mage+Priest_vs_Priest+Hunter,Mage+Priest,Priest+Hunter,5,team1,kill,24.38
Mage+Priest_vs_Priest+Hunter,Mage+Priest,Priest+Hunter,6,team2,kill,43.85
Mage+Priest_vs_Priest+Hunter,Mage+Priest,Priest+Hunter,7,team1,kill,24.38
Mage+Priest_vs_Priest+Hunter,Mage+Priest,Priest+Hunter,8,team2,kill,58.48
Mage+Priest_vs_Priest+Hunter,Mage+Priest,Priest+Hunter,9,team2,kill,50.13
Mage+Priest_vs_Warlock+Hunter,Mage+Priest,Warlock+Hunter,0,team1,kill,24.30
Mage+Priest_vs_Warlock+Hunter,Mage+Priest,Warlock+Hunter,1,team1,kill,24.35
Mage+Priest_vs_Warlock+Hunter,Mage+Priest,Warlock+Hunter,2,team1,kill,22.83
Mage+Priest_vs_Warlock+Hunter,Mage+Priest,Warlock+Hunter,3,team1,kill,24.20
Mage+Priest_vs_Warlock+Hunter,Mage+Priest,Warlock+Hunter,4,team1,kill,24.33
Mage+Priest_vs_Warlock+Hunter,Mage+Priest,Warlock+Hunter,5,team1,kill,24.47
Mage+Priest_vs_Warlock+Hunter,Mage+Priest,Warlock+Hunter,6,team1,kill,24.33
Mage+Priest_vs_Warlock+Hunter,Mage+Priest,Warlock+Hunter,7,team1,kill,24.35
Mage+Priest_vs_Warlock+Hunter,Mage+Priest,Warlock+Hunter,8,team1,kill,24.32
Mage+Priest_vs_Warlock+Hunter,Mage+Priest,Warlock+Hunter,9,team1,kill,24.47
Mage+Priest_vs_Paladin+Hunter,Mage+Priest,Paladin+Hunter,0,team1,kill,74.17
Mage+Priest_vs_Paladin+Hunter,Mage+Priest,Paladin+Hunter,1,team1,kill,41.98
Mage+Priest_vs_Paladin+Hunter,Mage+Priest,Paladin+Hunter,2,team1,kill,49.62
Mage+Priest_vs_Paladin+Hunter,Mage+Priest,Paladin+Hunter,3,team1,kill,51.97
Mage+Priest_vs_Paladin+Hunter,Mage+Priest,Paladin+Hunter,4,team2,kill,36.53
Mage+Priest_vs_Paladin+Hunter,Mage+Priest,Paladin+Hunter,5,team2,kill,53.75
Mage+Priest_vs_Paladin+Hunter,Mage+Priest,Paladin+Hunter,6,team2,kill,34.40
Mage+Priest_vs_Paladin+Hunter,Mage+Priest,Paladin+Hunter,7,team1,kill,50.52
Mage+Priest_vs_Paladin+Hunter,Mage+Priest,Paladin+Hunter,8,team1,kill,39.42
Mage+Priest_vs_Paladin+Hunter,Mage+Priest,Paladin+Hunter,9,team1,kill,78.10
Mage+Priest_vs_Hunter+Shaman,Mage+Priest,Hunter+Shaman,0,team1,kill,61.98
Mage+Priest_vs_Hunter+Shaman,Mage+Priest,Hunter+Shaman,1,team1,kill,28.28
Mage+Priest_vs_Hunter+Shaman,Mage+Priest,Hunter+Shaman,2,team1,kill,27.82
Mage+Priest_vs_Hunter+Shaman,Mage+Priest,Hunter+Shaman,3,team1,kill,69.62
Mage+Priest_vs_Hunter+Shaman,Mage+Priest,Hunter+Shaman,4,team1,kill,34.88
Mage+Priest_vs_Hunter+Shaman,Mage+Priest,Hunter+Shaman,5,team1,kill,26.77
Mage+Priest_vs_Hunter+Shaman,Mage+Priest,Hunter+Shaman,6,team1,kill,61.03
Mage+Priest_vs_Hunter+Shaman,Mage+Priest,Hunter+Shaman,7,team1,kill,35.22
Mage+Priest_vs_Hunter+Shaman,Mage+Priest,Hunter+Shaman,8,team1,kill,22.22
Mage+Priest_vs_Hunter+Shaman,Mage+Priest,Hunter+Shaman,9,team1,kill,20.68
Mage+Warlock_vs_Warrior+Mage,Mage+Warlock,Warrior+Mage,0,team1,kill,17.47
Mage+Warlock_vs_Warrior+Mage,Mage+Warlock,Warrior+Mage,1,team1,kill,19.28
Mage+Warlock_vs_Warrior+Mage,Mage+Warlock,Warrior+Mage,2,team1,kill,19.08
Mage+Warlock_vs_Warrior+Mage,Mage+Warlock,Warrior+Mage,3,team1,kill,17.52
Mage+Warlock_vs_Warrior+Mage,Mage+Warlock,Warrior+Mage,4,team1,kill,14.80
Mage+Warlock_vs_Warrior+Mage,Mage+Warlock,Warrior+Mage,5,team1,kill,17.58
Mage+Warlock_vs_Warrior+Mage,Mage+Warlock,Warrior+Mage,6,team1,kill,17.33
Mage+Warlock_vs_Warrior+Mage,Mage+Warlock,Warrior+Mage,7,team1,kill,17.43
Mage+Warlock_vs_Warrior+Mage,Mage+Warlock,Warrior+Mage,8,team1,kill,19.15
Mage+Warlock_vs_Warrior+Mage,Mage+Warlock,Warrior+Mage,9,team1,kill,19.28
Mage+Warlock_vs_Warrior+Hunter,Mage+Warlock,Warrior+Hunter,0,team1,kill,16.53
Mage+Warlock_vs_Warrior+Hunter,Mage+Warlock,Warrior+Hunter,1,team1,kill,16.42
Mage+Warlock_vs_Warrior+Hunter,Mage+Warlock,Warrior+Hunter,2,team1,kill,19.53
Mage+Warlock_vs_Warrior+Hunter,Mage+Warlock,Warrior+Hunter,3,team1,kill,16.53
Mage+Warlock_vs_Warrior+Hunter,Mage+Warlock,Warrior+Hunter,4,team1,kill,16.43
Mage+Warlock_vs_Warrior+Hunter,Mage+Warlock,Warrior+Hunter,5,team1,kill,16.53
Mage+Warlock_vs_Warrior+Hunter,Mage+Warlock,Warrior+Hunter,6,team1,kill,16.77
Mage+Warlock_vs_Warrior+Hunter,Mage+Warlock,Warrior+Hunter,7,team1,kill,16.43
Mage+Warlock_vs_Warrior+Hunter,Mage+Warlock,Warrior+Hunter,8,team1,kill,16.53
Mage+Warlock_vs_Warrior+Hunter,Mage+Warlock,Warrior+Hunter,9,team1,kill,16.53
Mage+Warlock_vs_Mage+Hunter,Mage+Warlock,Mage+Hunter,0,team2,kill,14.73
Mage+Warlock_vs_Mage+Hunter,Mage+Warlock,Mage+Hunter,1,team1,kill,14.67
Mage+Warlock_vs_Mage+Hunter,Mage+Warlock,Mage+Hunter,2,team1,kill,14.58
Mage+Warlock_vs_Mage+Hunter,Mage+Warlock,Mage+Hunter,3,team1,kill,14.70
Mage+Warlock_vs_Mage+Hunter,Mage+Warlock,Mage+Hunter,4,team1,kill,14.63
Mage+Warlock_vs_Mage+Hunter,Mage+Warlock,Mage+Hunter,5,team1,kill,14.70
Mage+Warlock_vs_Mage+Hunter,Mage+Warlock,Mage+Hunter,6,team1,kill,14.58
Mage+Warlock_vs_Mage+Hunter,Mage+Warlock,Mage+Hunter,7,team1,kill,15.23
Mage+Warlock_vs_Mage+Hunter,Mage+Warlock,Mage+Hunter,8,team1,kill,14.70
Mage+Warlock_vs_Mage+Hunter,Mage+Warlock,Mage+Hunter,9,team1,kill,14.67
Mage+Warlock_vs_Rogue+Hunter,Mage+Warlock,Rogue+Hunter,0,team1,kill,23.73
Mage+Warlock_vs_Rogue+Hunter,Mage+Warlock,Rogue+Hunter,1,team1,kill,18.57
Mage+Warlock_vs_Rogue+Hunter,Mage+Warlock,Rogue+Hunter,2,team1,kill,22.53
Mage+Warlock_vs_Rogue+Hunter,Mage+Warlock,Rogue+Hunter,3,team1,kill,24.32
Mage+Warlock_vs_Rogue+Hunter,Mage+Warlock,Rogue+Hunter,4,team1,kill,20.65
Mage+Warlock_vs_Rogue+Hunter,Mage+Warlock,Rogue+Hunter,5,team1,kill,24.18
Mage+Warlock_vs_Rogue+Hunter,Mage+Warlock,Rogue+Hunter,6,team1,kill,18.57
Mage+Warlock_vs_Rogue+Hunter,Mage+Warlock,Rogue+Hunter,7,team1,kill,19.28
Mage+Warlock_vs_Rogue+Hunter,Mage+Warlock,Rogue+Hunter,8,team1,kill,15.92
Mage+Warlock_vs_Rogue+Hunter,Mage+Warlock,Rogue+Hunter,9,team1,kill,22.28
Mage+Warlock_vs_Priest+Hunter,Mage+Warlock,Priest+Hunter,0,team1,kill,17.43
Mage+Warlock_vs_Priest+Hunter,Mage+Warlock,Priest+Hunter,1,team1,kill,20.47
Mage+Warlock_vs_Priest+Hunter,Mage+Warlock,Priest+Hunter,2,team1,kill,18.95
Mage+Warlock_vs_Priest+Hunter,Mage+Warlock,Priest+Hunter,3,team1,kill,17.58
Mage+Warlock_vs_Priest+Hunter,Mage+Warlock,Priest+Hunter,4,team1,kill,18.95
Mage+Warlock_vs_Priest+Hunter,Mage+Warlock,Priest+Hunter,5,team1,kill,17.43
Mage+Warlock_vs_Priest+Hunter,Mage+Warlock,Priest+Hunter,6,team1,kill,15.98
Mage+Warlock_vs_Priest+Hunter,Mage+Warlock,Priest+Hunter,7,team1,kill,17.43
Mage+Warlock_vs_Priest+Hunter,Mage+Warlock,Priest+Hunter,8,team1,kill,15.97
Mage+Warlock_vs_Priest+Hunter,Mage+Warlock,Priest+Hunter,9,team1,kill,18.95
Mage+Warlock_vs_Warlock+Hunter,Mage+Warlock,Warlock+Hunter,0,team1,kill,18.48
Mage+Warlock_vs_Warlock+Hunter,Mage+Warlock,Warlock+Hunter,1,team1,kill,18.48
Mage+Warlock_vs_Warlock+Hunter,Mage+Warlock,Warlock+Hunter,2,team1,kill,20.00
Mage+Warlock_vs_Warlock+Hunter,Mage+Warlock,Warlock+Hunter,3,team1,kill,18.48
Mage+Warlock_vs_Warlock+Hunter,Mage+Warlock,Warlock+Hunter,4,team1,kill,18.48
Mage+Warlock_vs_Warlock+Hunter,Mage+Warlock,Warlock+Hunter,5,team2,kill,19.95
Mage+Warlock_vs_Warlock+Hunter,Mage+Warlock,Warlock+Hunter,6,team1,kill,18.48
Mage+Warlock_vs_Warlock+Hunter,Mage+Warlock,Warlock+Hunter,7,team1,kill,20.00
Mage+Warlock_vs_Warlock+Hunter,Mage+Warlock,Warlock+Hunter,8,team1,kill,16.97
Mage+Warlock_vs_Warlock+Hunter,Mage+Warlock,Warlock+Hunter,9,team1,kill,20.00
Mage+Warlock_vs_Paladin+Hunter,Mage+Warlock,Paladin+Hunter,0,team1,kill,32.43
Mage+Warlock_vs_Paladin+Hunter,Mage+Warlock,Paladin+Hunter,1,team2,kill,21.25
Mage+Warlock_vs_Paladin+Hunter,Mage+Warlock,Paladin+Hunter,2,team1,kill,45.30
Mage+Warlock_vs_Paladin+Hunter,Mage+Warlock,Paladin+Hunter,3,team1,kill,59.63
Mage+Warlock_vs_Paladin+Hunter,Mage+Warlock,Paladin+Hunter,4,team1,kill,29.25
Mage+Warlock_vs_Paladin+Hunter,Mage+Warlock,Paladin+Hunter,5,team1,kill,32.32
Mage+Warlock_vs_Paladin+Hunter,Mage+Warlock,Paladin+Hunter,6,team1,kill,29.25
Mage+Warlock_vs_Paladin+Hunter,Mage+Warlock,Paladin+Hunter,7,team1,kill,29.27
Mage+Warlock_vs_Paladin+Hunter,Mage+Warlock,Paladin+Hunter,8,team1,kill,32.52
Mage+Warlock_vs_Paladin+Hunter,Mage+Warlock,Paladin+Hunter,9,team1,kill,29.25
Mage+Warlock_vs_Hunter+Shaman,Mage+Warlock,Hunter+Shaman,0,team1,kill,25.23
Mage+Warlock_vs_Hunter+Shaman,Mage+Warlock,Hunter+Shaman,1,team1,kill,21.15
Mage+Warlock_vs_Hunter+Shaman,Mage+Warlock,Hunter+Shaman,2,team1,kill,22.60
Mage+Warlock_vs_Hunter+Shaman,Mage+Warlock,Hunter+Shaman,3,team1,kill,22.03
Mage+Warlock_vs_Hunter+Shaman,Mage+Warlock,Hunter+Shaman,4,team1,kill,20.35
Mage+Warlock_vs_Hunter+Shaman,Mage+Warlock,Hunter+Shaman,5,team1,kill,21.17
Mage+Warlock_vs_Hunter+Shaman,Mage+Warlock,Hunter+Shaman,6,team1,kill,20.45
Mage+Warlock_vs_Hunter+Shaman,Mage+Warlock,Hunter+Shaman,7,team1,kill,22.00
Mage+Warlock_vs_Hunter+Shaman,Mage+Warlock,Hunter+Shaman,8,team1,kill,19.50
Mage+Warlock_vs_Hunter+Shaman,Mage+Warlock,Hunter+Shaman,9,team1,kill,22.72
Mage+Paladin_vs_Warrior+Hunter,Mage+Paladin,Warrior+Hunter,0,team1,kill,30.18
Mage+Paladin_vs_Warrior+Hunter,Mage+Paladin,Warrior+Hunter,1,team1,kill,30.27
Mage+Paladin_vs_Warrior+Hunter,Mage+Paladin,Warrior+Hunter,2,team1,kill,34.27
Mage+Paladin_vs_Warrior+Hunter,Mage+Paladin,Warrior+Hunter,3,team1,kill,30.17
Mage+Paladin_vs_Warrior+Hunter,Mage+Paladin,Warrior+Hunter,4,team1,kill,34.45
Mage+Paladin_vs_Warrior+Hunter,Mage+Paladin,Warrior+Hunter,5,team1,kill,34.23
Mage+Paladin_vs_Warrior+Hunter,Mage+Paladin,Warrior+Hunter,6,team1,kill,30.33
Mage+Paladin_vs_Warrior+Hunter,Mage+Paladin,Warrior+Hunter,7,team1,kill,34.27
Mage+Paladin_vs_Warrior+Hunter,Mage+Paladin,Warrior+Hunter,8,team1,kill,30.25
Mage+Paladin_vs_Warrior+Hunter,Mage+Paladin,Warrior+Hunter,9,team1,kill,34.18
Mage+Paladin_vs_Mage+Hunter,Mage+Paladin,Mage+Hunter,0,team1,kill,27.13
Mage+Paladin_vs_Mage+Hunter,Mage+Paladin,Mage+Hunter,1,team1,kill,27.13
Mage+Paladin_vs_Mage+Hunter,Mage+Paladin,Mage+Hunter,2,team1,kill,27.35
Mage+Paladin_vs_Mage+Hunter,Mage+Paladin,Mage+Hunter,3,team1,kill,27.37
Mage+Paladin_vs_Mage+Hunter,Mage+Paladin,Mage+Hunter,4,team1,kill,27.33
Mage+Paladin_vs_Mage+Hunter,Mage+Paladin,Mage+Hunter,5,team1,kill,27.50
Mage+Paladin_vs_Mage+Hunter,Mage+Paladin,Mage+Hunter,6,team1,kill,25.83
Mage+Paladin_vs_Mage+Hunter,Mage+Paladin,Mage+Hunter,7,team1,kill,24.13
Mage+Paladin_vs_Mage+Hunter,Mage+Paladin,Mage+Hunter,8,team1,kill,27.42
Mage+Paladin_vs_Mage+Hunter,Mage+Paladin,Mage+Hunter,9,team1,kill,27.17
Mage+Paladin_vs_Rogue+Hunter,Mage+Paladin,Rogue+Hunter,0,team1,kill,33.25
Mage+Paladin_vs_Rogue+Hunter,Mage+Paladin,Rogue+Hunter,1,team1,kill,34.25
Mage+Paladin_vs_Rogue+Hunter,Mage+Paladin,Rogue+Hunter,2,team1,kill,34.77
Mage+Paladin_vs_Rogue+Hunter,Mage+Paladin,Rogue+Hunter,3,team1,kill,34.77
Mage+Paladin_vs_Rogue+Hunter,Mage+Paladin,Rogue+Hunter,4,team1,kill,34.53
Mage+Paladin_vs_Rogue+Hunter,Mage+Paladin,Rogue+Hunter,5,team1,kill,36.28
Mage+Paladin_vs_Rogue+Hunter,Mage+Paladin,Rogue+Hunter,6,team1,kill,32.02
Mage+Paladin_vs_Rogue+Hunter,Mage+Paladin,Rogue+Hunter,7,team1,kill,20.13
Mage+Paladin_vs_Rogue+Hunter,Mage+Paladin,Rogue+Hunter,8,team1,kill,20.30
Mage+Paladin_vs_Rogue+Hunter,Mage+Paladin,Rogue+Hunter,9,team1,kill,34.32
Mage+Paladin_vs_Priest+Hunter,Mage+Paladin,Priest+Hunter,0,team1,kill,93.31
Mage+Paladin_vs_Priest+Hunter,Mage+Paladin,Priest+Hunter,1,team2,kill,71.72
Mage+Paladin_vs_Priest+Hunter,Mage+Paladin,Priest+Hunter,2,team1,kill,84.49
Mage+Paladin_vs_Priest+Hunter,Mage+Paladin,Priest+Hunter,3,team2,kill,92.46
Mage+Paladin_vs_Priest+Hunter,Mage+Paladin,Priest+Hunter,4,team2,kill,87.94
Mage+Paladin_vs_Priest+Hunter,Mage+Paladin,Priest+Hunter,5,team2,kill,85.65
Mage+Paladin_vs_Priest+Hunter,Mage+Paladin,Priest+Hunter,6,team1,kill,111.41
Mage+Paladin_vs_Priest+Hunter,Mage+Paladin,Priest+Hunter,7,team2,kill,104.66
Mage+Paladin_vs_Priest+Hunter,Mage+Paladin,Priest+Hunter,8,team2,kill,177.08
Mage+Paladin_vs_Priest+Hunter,Mage+Paladin,Priest+Hunter,9,team2,kill,88.42
Mage+Paladin_vs_Warlock+Hunter,Mage+Paladin,Warlock+Hunter,0,team1,kill,29.42
Mage+Paladin_vs_Warlock+Hunter,Mage+Paladin,Warlock+Hunter,1,team1,kill,28.67
Mage+Paladin_vs_Warlock+Hunter,Mage+Paladin,Warlock+Hunter,2,team1,kill,28.17
Mage+Paladin_vs_Warlock+Hunter,Mage+Paladin,Warlock+Hunter,3,team1,kill,28.62
Mage+Paladin_vs_Warlock+Hunter,Mage+Paladin,Warlock+Hunter,4,team1,kill,25.35
Mage+Paladin_vs_Warlock+Hunter,Mage+Paladin,Warlock+Hunter,5,team1,kill,24.53
Mage+Paladin_vs_Warlock+Hunter,Mage+Paladin,Warlock+Hunter,6,team1,kill,25.30
Mage+Paladin_vs_Warlock+Hunter,Mage+Paladin,Warlock+Hunter,7,team1,kill,29.43
Mage+Paladin_vs_Warlock+Hunter,Mage+Paladin,Warlock+Hunter,8,team1,kill,28.68
Mage+Paladin_vs_Warlock+Hunter,Mage+Paladin,Warlock+Hunter,9,team1,kill,25.88
Mage+Paladin_vs_Paladin+Hunter,Mage+Paladin,Paladin+Hunter,0,team1,kill,84.17
Mage+Paladin_vs_Paladin+Hunter,Mage+Paladin,Paladin+Hunter,1,team1,kill,32.37
Mage+Paladin_vs_Paladin+Hunter,Mage+Paladin,Paladin+Hunter,2,team1,kill,39.92
Mage+Paladin_vs_Paladin+Hunter,Mage+Paladin,Paladin+Hunter,3,team1,kill,69.03
Mage+Paladin_vs_Paladin+Hunter,Mage+Paladin,Paladin+Hunter,4,team1,kill,74.17
Mage+Paladin_vs_Paladin+Hunter,Mage+Paladin,Paladin+Hunter,5,team1,kill,78.50
Mage+Paladin_vs_Paladin+Hunter,Mage+Paladin,Paladin+Hunter,6,team1,kill,97.52
Mage+Paladin_vs_Paladin+Hunter,Mage+Paladin,Paladin+Hunter,7,team1,kill,105.37
Mage+Paladin_vs_Paladin+Hunter,Mage+Paladin,Paladin+Hunter,8,team1,kill,74.17
Mage+Paladin_vs_Paladin+Hunter,Mage+Paladin,Paladin+Hunter,9,team1,kill,63.42
Mage+Paladin_vs_Hunter+Shaman,Mage+Paladin,Hunter+Shaman,0,team1,kill,28.80
Mage+Paladin_vs_Hunter+Shaman,Mage+Paladin,Hunter+Shaman,1,team1,kill,33.53
Mage+Paladin_vs_Hunter+Shaman,Mage+Paladin,Hunter+Shaman,2,team1,kill,22.90
Mage+Paladin_vs_Hunter+Shaman,Mage+Paladin,Hunter+Shaman,3,team1,kill,32.83
Mage+Paladin_vs_Hunter+Shaman,Mage+Paladin,Hunter+Shaman,4,team1,kill,32.83
Mage+Paladin_vs_Hunter+Shaman,Mage+Paladin,Hunter+Shaman,5,team1,kill,27.30
Mage+Paladin_vs_Hunter+Shaman,Mage+Paladin,Hunter+Shaman,6,team1,kill,35.65
Mage+Paladin_vs_Hunter+Shaman,Mage+Paladin,Hunter+Shaman,7,team1,kill,30.47
Mage+Paladin_vs_Hunter+Shaman,Mage+Paladin,Hunter+Shaman,8,team1,kill,30.40
Mage+Paladin_vs_Hunter+Shaman,Mage+Paladin,Hunter+Shaman,9,team1,kill,32.83
Mage+Hunter_vs_Warrior+Mage,Mage+Hunter,Warrior+Mage,0,team1,kill,17.85
Mage+Hunter_vs_Warrior+Mage,Mage+Hunter,Warrior+Mage,1,team1,kill,19.37
Mage+Hunter_vs_Warrior+Mage,Mage+Hunter,Warrior+Mage,2,team1,kill,19.37
Mage+Hunter_vs_Warrior+Mage,Mage+Hunter,Warrior+Mage,3,team1,kill,17.85
Mage+Hunter_vs_Warrior+Mage,Mage+Hunter,Warrior+Mage,4,team1,kill,16.68
Mage+Hunter_vs_Warrior+Mage,Mage+Hunter,Warrior+Mage,5,team1,kill,19.37
Mage+Hunter_vs_Warrior+Mage,Mage+Hunter,Warrior+Mage,6,team2,kill,18.73
Mage+Hunter_vs_Warrior+Mage,Mage+Hunter,Warrior+Mage,7,team1,kill,17.85
Mage+Hunter_vs_Warrior+Mage,Mage+Hunter,Warrior+Mage,8,team1,kill,19.37
Mage+Hunter_vs_Warrior+Mage,Mage+Hunter,Warrior+Mage,9,team2,kill,18.47
Mage+Hunter_vs_Warrior+Rogue,Mage+Hunter,Warrior+Rogue,0,team1,kill,16.43
Mage+Hunter_vs_Warrior+Rogue,Mage+Hunter,Warrior+Rogue,1,team1,kill,16.43
Mage+Hunter_vs_Warrior+Rogue,Mage+Hunter,Warrior+Rogue,2,team1,kill,16.43
Mage+Hunter_vs_Warrior+Rogue,Mage+Hunter,Warrior+Rogue,3,team1,kill,16.43
Mage+Hunter_vs_Warrior+Rogue,Mage+Hunter,Warrior+Rogue,4,team1,kill,16.47
Mage+Hunter_vs_Warrior+Rogue,Mage+Hunter,Warrior+Rogue,5,team1,kill,16.43
Mage+Hunter_vs_Warrior+Rogue,Mage+Hunter,Warrior+Rogue,6,team1,kill,17.88
Mage+Hunter_vs_Warrior+Rogue,Mage+Hunter,Warrior+Rogue,7,team1,kill,16.43
Mage+Hunter_vs_Warrior+Rogue,Mage+Hunter,Warrior+Rogue,8,team1,kill,17.88
Mage+Hunter_vs_Warrior+Rogue,Mage+Hunter,Warrior+Rogue,9,team1,kill,17.63
Mage+Hunter_vs_Warrior+Priest,Mage+Hunter,Warrior+Priest,0,team1,kill,38.30
Mage+Hunter_vs_Warrior+Priest,Mage+Hunter,Warrior+Priest,1,team1,kill,32.40
Mage+Hunter_vs_Warrior+Priest,Mage+Hunter,Warrior+Priest,2,team1,kill,50.00
Mage+Hunter_vs_Warrior+Priest,Mage+Hunter,Warrior+Priest,3,team1,kill,34.58
Mage+Hunter_vs_Warrior+Priest,Mage+Hunter,Warrior+Priest,4,team2,kill,77.37
Mage+Hunter_vs_Warrior+Priest,Mage+Hunter,Warrior+Priest,5,team2,kill,39.12
Mage+Hunter_vs_Warrior+Priest,Mage+Hunter,Warrior+Priest,6,team1,kill,28.92
Mage+Hunter_vs_Warrior+Priest,Mage+Hunter,Warrior+Priest,7,team1,kill,50.03
Mage+Hunter_vs_Warrior+Priest,Mage+Hunter,Warrior+Priest,8,team1,kill,30.43
Mage+Hunter_vs_Warrior+Priest,Mage+Hunter,Warrior+Priest,9,team2,kill,34.42
Mage+Hunter_vs_Warrior+Warlock,Mage+Hunter,Warrior+Warlock,0,team1,kill,19.68
Mage+Hunter_vs_Warrior+Warlock,Mage+Hunter,Warrior+Warlock,1,team1,kill,20.95
Mage+Hunter_vs_Warrior+Warlock,Mage+Hunter,Warrior+Warlock,2,team1,kill,20.95
Mage+Hunter_vs_Warrior+Warlock,Mage+Hunter,Warrior+Warlock,3,team1,kill,19.68
Mage+Hunter_vs_Warrior+Warlock,Mage+Hunter,Warrior+Warlock,4,team1,kill,19.97
Mage+Hunter_vs_Warrior+Warlock,Mage+Hunter,Warrior+Warlock,5,team1,kill,20.95
Mage+Hunter_vs_Warrior+Warlock,Mage+Hunter,Warrior+Warlock,6,team1,kill,19.68
Mage+Hunter_vs_Warrior+Warlock,Mage+Hunter,Warrior+Warlock,7,team1,kill,19.80
Mage+Hunter_vs_Warrior+Warlock,Mage+Hunter,Warrior+Warlock,8,team1,kill,20.95
Mage+Hunter_vs_Warrior+Warlock,Mage+Hunter,Warrior+Warlock,9,team1,kill,20.95
Mage+Hunter_vs_Warrior+Paladin,Mage+Hunter,Warrior+Paladin,0,team2,kill,82.20
Mage+Hunter_vs_Warrior+Paladin,Mage+Hunter,Warrior+Paladin,1,team2,kill,108.51
Mage+Hunter_vs_Warrior+Paladin,Mage+Hunter,Warrior+Paladin,2,team2,kill,81.94
Mage+Hunter_vs_Warrior+Paladin,Mage+Hunter,Warrior+Paladin,3,team2,kill,79.55
Mage+Hunter_vs_Warrior+Paladin,Mage+Hunter,Warrior+Paladin,4,team2,kill,45.45
Mage+Hunter_vs_Warrior+Paladin,Mage+Hunter,Warrior+Paladin,5,team2,kill,75.85
Mage+Hunter_vs_Warrior+Paladin,Mage+Hunter,Warrior+Paladin,6,team1,kill,46.08
Mage+Hunter_vs_Warrior+Paladin,Mage+Hunter,Warrior+Paladin,7,team1,kill,54.17
Mage+Hunter_vs_Warrior+Paladin,Mage+Hunter,Warrior+Paladin,8,team2,kill,72.88
Mage+Hunter_vs_Warrior+Paladin,Mage+Hunter,Warrior+Paladin,9,team2,kill,35.17
Mage+Hunter_vs_Warrior+Hunter,Mage+Hunter,Warrior+Hunter,0,team2,kill,19.55
Mage+Hunter_vs_Warrior+Hunter,Mage+Hunter,Warrior+Hunter,1,team2,kill,19.77
Mage+Hunter_vs_Warrior+Hunter,Mage+Hunter,Warrior+Hunter,2,team1,kill,19.88
Mage+Hunter_vs_Warrior+Hunter,Mage+Hunter,Warrior+Hunter,3,team2,kill,20.02
Mage+Hunter_vs_Warrior+Hunter,Mage+Hunter,Warrior+Hunter,4,team1,kill,17.58
Mage+Hunter_vs_Warrior+Hunter,Mage+Hunter,Warrior+Hunter,5,team2,kill,19.77
Mage+Hunter_vs_Warrior+Hunter,Mage+Hunter,Warrior+Hunter,6,team2,kill,20.05
Mage+Hunter_vs_Warrior+Hunter,Mage+Hunter,Warrior+Hunter,7,team2,kill,20.02
Mage+Hunter_vs_Warrior+Hunter,Mage+Hunter,Warrior+Hunter,8,team2,kill,19.92
Mage+Hunter_vs_Warrior+Hunter,Mage+Hunter,Warrior+Hunter,9,team2,kill,19.77
Mage+Hunter_vs_Warrior+Shaman,Mage+Hunter,Warrior+Shaman,0,team1,kill,26.07
Mage+Hunter_vs_Warrior+Shaman,Mage+Hunter,Warrior+Shaman,1,team1,kill,20.53
Mage+Hunter_vs_Warrior+Shaman,Mage+Hunter,Warrior+Shaman,2,team1,kill,20.95
Mage+Hunter_vs_Warrior+Shaman,Mage+Hunter,Warrior+Shaman,3,team1,kill,35.18
Mage+Hunter_vs_Warrior+Shaman,Mage+Hunter,Warrior+Shaman,4,team1,kill,35.55
Mage+Hunter_vs_Warrior+Shaman,Mage+Hunter,Warrior+Shaman,5,team1,kill,20.95
Mage+Hunter_vs_Warrior+Shaman,Mage+Hunter,Warrior+Shaman,6,team1,kill,27.47
Mage+Hunter_vs_Warrior+Shaman,Mage+Hunter,Warrior+Shaman,7,team1,kill,20.05
Mage+Hunter_vs_Warrior+Shaman,Mage+Hunter,Warrior+Shaman,8,team1,kill,35.43
Mage+Hunter_vs_Warrior+Shaman,Mage+Hunter,Warrior+Shaman,9,team1,kill,37.10
Mage+Hunter_vs_Mage+Rogue,Mage+Hunter,Mage+Rogue,0,team1,kill,17.05
Mage+Hunter_vs_Mage+Rogue,Mage+Hunter,Mage+Rogue,1,team1,kill,17.87
Mage+Hunter_vs_Mage+Rogue,Mage+Hunter,Mage+Rogue,2,team1,kill,22.40
Mage+Hunter_vs_Mage+Rogue,Mage+Hunter,Mage+Rogue,3,team1,kill,17.87
Mage+Hunter_vs_Mage+Rogue,Mage+Hunter,Mage+Rogue,4,team1,kill,16.42
Mage+Hunter_vs_Mage+Rogue,Mage+Hunter,Mage+Rogue,5,team1,kill,22.40
Mage+Hunter_vs_Mage+Rogue,Mage+Hunter,Mage+Rogue,6,team1,kill,17.05
Mage+Hunter_vs_Mage+Rogue,Mage+Hunter,Mage+Rogue,7,team1,kill,16.42
Mage+Hunter_vs_Mage+Rogue,Mage+Hunter,Mage+Rogue,8,team1,kill,17.05
Mage+Hunter_vs_Mage+Rogue,Mage+Hunter,Mage+Rogue,9,team1,kill,22.38
Mage+Hunter_vs_Mage+Priest,Mage+Hunter,Mage+Priest,0,team2,kill,21.07
Mage+Hunter_vs_Mage+Priest,Mage+Hunter,Mage+Priest,1,team2,kill,21.25
Mage+Hunter_vs_Mage+Priest,Mage+Hunter,Mage+Priest,2,team2,kill,21.45
Mage+Hunter_vs_Mage+Priest,Mage+Hunter,Mage+Priest,3,team2,kill,22.65
Mage+Hunter_vs_Mage+Priest,Mage+Hunter,Mage+Priest,4,team2,kill,22.17
Mage+Hunter_vs_Mage+Priest,Mage+Hunter,Mage+Priest,5,team2,kill,21.33
Mage+Hunter_vs_Mage+Priest,Mage+Hunter,Mage+Priest,6,team2,kill,21.13
Mage+Hunter_vs_Mage+Priest,Mage+Hunter,Mage+Priest,7,team2,kill,21.62
Mage+Hunter_vs_Mage+Priest,Mage+Hunter,Mage+Priest,8,team2,kill,21.42
Mage+Hunter_vs_Mage+Priest,Mage+Hunter,Mage+Priest,9,team2,kill,21.22
Mage+Hunter_vs_Mage+Warlock,Mage+Hunter,Mage+Warlock,0,team1,kill,14.73
Mage+Hunter_vs_Mage+Warlock,Mage+Hunter,Mage+Warlock,1,team2,kill,14.80
Mage+Hunter_vs_Mage+Warlock,Mage+Hunter,Mage+Warlock,2,team2,kill,14.58
Mage+Hunter_vs_Mage+Warlock,Mage+Hunter,Mage+Warlock,3,team2,kill,14.77
Mage+Hunter_vs_Mage+Warlock,Mage+Hunter,Mage+Warlock,4,team2,kill,14.83
Mage+Hunter_vs_Mage+Warlock,Mage+Hunter,Mage+Warlock,5,team2,kill,14.75
Mage+Hunter_vs_Mage+Warlock,Mage+Hunter,Mage+Warlock,6,team2,kill,14.58
Mage+Hunter_vs_Mage+Warlock,Mage+Hunter,Mage+Warlock,7,team2,kill,15.23
Mage+Hunter_vs_Mage+Warlock,Mage+Hunter,Mage+Warlock,8,team2,kill,14.77
Mage+Hunter_vs_Mage+Warlock,Mage+Hunter,Mage+Warlock,9,team2,kill,14.77
Mage+Hunter_vs_Mage+Paladin,Mage+Hunter,Mage+Paladin,0,team2,kill,27.53
Mage+Hunter_vs_Mage+Paladin,Mage+Hunter,Mage+Paladin,1,team2,kill,27.32
Mage+Hunter_vs_Mage+Paladin,Mage+Hunter,Mage+Paladin,2,team2,kill,27.15
Mage+Hunter_vs_Mage+Paladin,Mage+Hunter,Mage+Paladin,3,team2,kill,27.53
Mage+Hunter_vs_Mage+Paladin,Mage+Hunter,Mage+Paladin,4,team2,kill,27.18
Mage+Hunter_vs_Mage+Paladin,Mage+Hunter,Mage+Paladin,5,team2,kill,27.17
Mage+Hunter_vs_Mage+Paladin,Mage+Hunter,Mage+Paladin,6,team2,kill,24.32
Mage+Hunter_vs_Mage+Paladin,Mage+Hunter,Mage+Paladin,7,team2,kill,27.10
Mage+Hunter_vs_Mage+Paladin,Mage+Hunter,Mage+Paladin,8,team2,kill,29.33
Mage+Hunter_vs_Mage+Paladin,Mage+Hunter,Mage+Paladin,9,team2,kill,27.17
Mage+Hunter_vs_Mage+Hunter,Mage+Hunter,Mage+Hunter,0,team2,kill,13.48
Mage+Hunter_vs_Mage+Hunter,Mage+Hunter,Mage+Hunter,1,team1,kill,16.00
Mage+Hunter_vs_Mage+Hunter,Mage+Hunter,Mage+Hunter,2,team2,kill,13.27
Mage+Hunter_vs_Mage+Hunter,Mage+Hunter,Mage+Hunter,3,team2,kill,14.57
Mage+Hunter_vs_Mage+Hunter,Mage+Hunter,Mage+Hunter,4,team1,kill,15.53
Mage+Hunter_vs_Mage+Hunter,Mage+Hunter,Mage+Hunter,5,team2,kill,15.53
Mage+Hunter_vs_Mage+Hunter,Mage+Hunter,Mage+Hunter,6,draw,kill,15.53
Mage+Hunter_vs_Mage+Hunter,Mage+Hunter,Mage+Hunter,7,team2,kill,14.57
Mage+Hunter_vs_Mage+Hunter,Mage+Hunter,Mage+Hunter,8,team2,kill,13.27
Mage+Hunter_vs_Mage+Hunter,Mage+Hunter,Mage+Hunter,9,team2,kill,14.57
Mage+Hunter_vs_Mage+Shaman,Mage+Hunter,Mage+Shaman,0,team2,kill,19.47
Mage+Hunter_vs_Mage+Shaman,Mage+Hunter,Mage+Shaman,1,team1,kill,14.92
Mage+Hunter_vs_Mage+Shaman,Mage+Hunter,Mage+Shaman,2,team2,kill,22.15
Mage+Hunter_vs_Mage+Shaman,Mage+Hunter,Mage+Shaman,3,team2,kill,20.63
Mage+Hunter_vs_Mage+Shaman,Mage+Hunter,Mage+Shaman,4,team2,kill,22.15
Mage+Hunter_vs_Mage+Shaman,Mage+Hunter,Mage+Shaman,5,team2,kill,19.48
Mage+Hunter_vs_Mage+Shaman,Mage+Hunter,Mage+Shaman,6,team1,kill,16.45
Mage+Hunter_vs_Mage+Shaman,Mage+Hunter,Mage+Shaman,7,team2,kill,22.15
Mage+Hunter_vs_Mage+Shaman,Mage+Hunter,Mage+Shaman,8,team2,kill,22.15
Mage+Hunter_vs_Mage+Shaman,Mage+Hunter,Mage+Shaman,9,team2,kill,16.57
Mage+Hunter_vs_Rogue+Priest,Mage+Hunter,Rogue+Priest,0,team2,kill,22.83
Mage+Hunter_vs_Rogue+Priest,Mage+Hunter,Rogue+Priest,1,team2,kill,24.45
Mage+Hunter_vs_Rogue+Priest,Mage+Hunter,Rogue+Priest,2,team2,kill,29.18
Mage+Hunter_vs_Rogue+Priest,Mage+Hunter,Rogue+Priest,3,team2,kill,21.28
Mage+Hunter_vs_Rogue+Priest,Mage+Hunter,Rogue+Priest,4,team2,kill,25.38
Mage+Hunter_vs_Rogue+Priest,Mage+Hunter,Rogue+Priest,5,team2,kill,32.35
Mage+Hunter_vs_Rogue+Priest,Mage+Hunter,Rogue+Priest,6,team2,kill,30.63
Mage+Hunter_vs_Rogue+Priest,Mage+Hunter,Rogue+Priest,7,team2,kill,25.40
Mage+Hunter_vs_Rogue+Priest,Mage+Hunter,Rogue+Priest,8,team2,kill,26.85
Mage+Hunter_vs_Rogue+Priest,Mage+Hunter,Rogue+Priest,9,team2,kill,24.75
Mage+Hunter_vs_Rogue+Warlock,Mage+Hunter,Rogue+Warlock,0,team1,kill,21.22
Mage+Hunter_vs_Rogue+Warlock,Mage+Hunter,Rogue+Warlock,1,team1,kill,22.02
Mage+Hunter_vs_Rogue+Warlock,Mage+Hunter,Rogue+Warlock,2,team1,kill,23.72
Mage+Hunter_vs_Rogue+Warlock,Mage+Hunter,Rogue+Warlock,3,team1,kill,21.22
Mage+Hunter_vs_Rogue+Warlock,Mage+Hunter,Rogue+Warlock,4,team2,kill,19.25
Mage+Hunter_vs_Rogue+Warlock,Mage+Hunter,Rogue+Warlock,5,team1,kill,23.72
Mage+Hunter_vs_Rogue+Warlock,Mage+Hunter,Rogue+Warlock,6,team1,kill,23.72
Mage+Hunter_vs_Rogue+Warlock,Mage+Hunter,Rogue+Warlock,7,team2,kill,29.72
Mage+Hunter_vs_Rogue+Warlock,Mage+Hunter,Rogue+Warlock,8,team2,kill,26.58
Mage+Hunter_vs_Rogue+Warlock,Mage+Hunter,Rogue+Warlock,9,team1,kill,21.22
Mage+Hunter_vs_Rogue+Paladin,Mage+Hunter,Rogue+Paladin,0,team2,kill,48.05
Mage+Hunter_vs_Rogue+Paladin,Mage+Hunter,Rogue+Paladin,1,team2,kill,50.10
Mage+Hunter_vs_Rogue+Paladin,Mage+Hunter,Rogue+Paladin,2,team2,kill,48.98
Mage+Hunter_vs_Rogue+Paladin,Mage+Hunter,Rogue+Paladin,3,team2,kill,49.38
Mage+Hunter_vs_Rogue+Paladin,Mage+Hunter,Rogue+Paladin,4,team2,kill,49.62
Mage+Hunter_vs_Rogue+Paladin,Mage+Hunter,Rogue+Paladin,5,team2,kill,47.57
Mage+Hunter_vs_Rogue+Paladin,Mage+Hunter,Rogue+Paladin,6,team1,kill,35.87
Mage+Hunter_vs_Rogue+Paladin,Mage+Hunter,Rogue+Paladin,7,team2,kill,71.00
Mage+Hunter_vs_Rogue+Paladin,Mage+Hunter,Rogue+Paladin,8,team2,kill,47.90
Mage+Hunter_vs_Rogue+Paladin,Mage+Hunter,Rogue+Paladin,9,team2,kill,44.82
Mage+Hunter_vs_Rogue+Hunter,Mage+Hunter,Rogue+Hunter,0,team1,kill,17.40
Mage+Hunter_vs_Rogue+Hunter,Mage+Hunter,Rogue+Hunter,1,team1,kill,17.40
Mage+Hunter_vs_Rogue+Hunter,Mage+Hunter,Rogue+Hunter,2,team1,kill,17.40
Mage+Hunter_vs_Rogue+Hunter,Mage+Hunter,Rogue+Hunter,3,team1,kill,17.40
Mage+Hunter_vs_Rogue+Hunter,Mage+Hunter,Rogue+Hunter,4,team1,kill,17.40
Mage+Hunter_vs_Rogue+Hunter,Mage+Hunter,Rogue+Hunter,5,team1,kill,17.40
Mage+Hunter_vs_Rogue+Hunter,Mage+Hunter,Rogue+Hunter,6,team1,kill,17.40
Mage+Hunter_vs_Rogue+Hunter,Mage+Hunter,Rogue+Hunter,7,team1,kill,17.38
Mage+Hunter_vs_Rogue+Hunter,Mage+Hunter,Rogue+Hunter,8,team1,kill,17.40
Mage+Hunter_vs_Rogue+Hunter,Mage+Hunter,Rogue+Hunter,9,team1,kill,17.40
Mage+Hunter_vs_Rogue+Shaman,Mage+Hunter,Rogue+Shaman,0,team1,kill,17.35
Mage+Hunter_vs_Rogue+Shaman,Mage+Hunter,Rogue+Shaman,1,team1,kill,17.72
Mage+Hunter_vs_Rogue+Shaman,Mage+Hunter,Rogue+Shaman,2,team1,kill,17.72
Mage+Hunter_vs_Rogue+Shaman,Mage+Hunter,Rogue+Shaman,3,team1,kill,17.72
Mage+Hunter_vs_Rogue+Shaman,Mage+Hunter,Rogue+Shaman,4,team1,kill,17.72
Mage+Hunter_vs_Rogue+Shaman,Mage+Hunter,Rogue+Shaman,5,team1,kill,17.72
Mage+Hunter_vs_Rogue+Shaman,Mage+Hunter,Rogue+Shaman,6,team1,kill,17.72
Mage+Hunter_vs_Rogue+Shaman,Mage+Hunter,Rogue+Shaman,7,team1,kill,17.72
Mage+Hunter_vs_Rogue+Shaman,Mage+Hunter,Rogue+Shaman,8,team1,kill,16.48
Mage+Hunter_vs_Rogue+Shaman,Mage+Hunter,Rogue+Shaman,9,team1,kill,17.72
Mage+Hunter_vs_Priest+Warlock,Mage+Hunter,Priest+Warlock,0,team2,kill,30.28
Mage+Hunter_vs_Priest+Warlock,Mage+Hunter,Priest+Warlock,1,team2,kill,30.65
Mage+Hunter_vs_Priest+Warlock,Mage+Hunter,Priest+Warlock,2,team2,kill,30.65
Mage+Hunter_vs_Priest+Warlock,Mage+Hunter,Priest+Warlock,3,team2,kill,30.65
Mage+Hunter_vs_Priest+Warlock,Mage+Hunter,Priest+Warlock,4,team2,kill,30.22
Mage+Hunter_vs_Priest+Warlock,Mage+Hunter,Priest+Warlock,5,team2,kill,31.12
Mage+Hunter_vs_Priest+Warlock,Mage+Hunter,Priest+Warlock,6,team2,kill,30.65
Mage+Hunter_vs_Priest+Warlock,Mage+Hunter,Priest+Warlock,7,team2,kill,30.65
Mage+Hunter_vs_Priest+Warlock,Mage+Hunter,Priest+Warlock,8,team2,kill,30.27
Mage+Hunter_vs_Priest+Warlock,Mage+Hunter,Priest+Warlock,9,team2,kill,30.22
Mage+Hunter_vs_Priest+Hunter,Mage+Hunter,Priest+Hunter,0,team1,kill,26.53
Mage+Hunter_vs_Priest+Hunter,Mage+Hunter,Priest+Hunter,1,team2,kill,23.82
Mage+Hunter_vs_Priest+Hunter,Mage+Hunter,Priest+Hunter,2,team1,kill,17.67
Mage+Hunter_vs_Priest+Hunter,Mage+Hunter,Priest+Hunter,3,team2,kill,23.53
Mage+Hunter_vs_Priest+Hunter,Mage+Hunter,Priest+Hunter,4,team1,kill,17.43
Mage+Hunter_vs_Priest+Hunter,Mage+Hunter,Priest+Hunter,5,team2,kill,21.08
Mage+Hunter_vs_Priest+Hunter,Mage+Hunter,Priest+Hunter,6,team2,kill,21.08
Mage+Hunter_vs_Priest+Hunter,Mage+Hunter,Priest+Hunter,7,team2,kill,18.52
Mage+Hunter_vs_Priest+Hunter,Mage+Hunter,Priest+Hunter,8,team2,kill,38.43
Mage+Hunter_vs_Priest+Hunter,Mage+Hunter,Priest+Hunter,9,team2,kill,34.33
Mage+Hunter_vs_Warlock+Paladin,Mage+Hunter,Warlock+Paladin,0,team2,kill,32.83
Mage+Hunter_vs_Warlock+Paladin,Mage+Hunter,Warlock+Paladin,1,team2,kill,34.27
Mage+Hunter_vs_Warlock+Paladin,Mage+Hunter,Warlock+Paladin,2,team2,kill,34.92
Mage+Hunter_vs_Warlock+Paladin,Mage+Hunter,Warlock+Paladin,3,team2,kill,34.92
Mage+Hunter_vs_Warlock+Paladin,Mage+Hunter,Warlock+Paladin,4,team2,kill,33.77
Mage+Hunter_vs_Warlock+Paladin,Mage+Hunter,Warlock+Paladin,5,team2,kill,37.45
Mage+Hunter_vs_Warlock+Paladin,Mage+Hunter,Warlock+Paladin,6,team2,kill,34.92
Mage+Hunter_vs_Warlock+Paladin,Mage+Hunter,Warlock+Paladin,7,team2,kill,35.70
Mage+Hunter_vs_Warlock+Paladin,Mage+Hunter,Warlock+Paladin,8,team2,kill,33.82
Mage+Hunter_vs_Warlock+Paladin,Mage+Hunter,Warlock+Paladin,9,team2,kill,34.27
Mage+Hunter_vs_Warlock+Hunter,Mage+Hunter,Warlock+Hunter,0,team1,kill,16.15
Mage+Hunter_vs_Warlock+Hunter,Mage+Hunter,Warlock+Hunter,1,team1,kill,17.63
Mage+Hunter_vs_Warlock+Hunter,Mage+Hunter,Warlock+Hunter,2,team1,kill,19.18
Mage+Hunter_vs_Warlock+Hunter,Mage+Hunter,Warlock+Hunter,3,team1,kill,17.90
Mage+Hunter_vs_Warlock+Hunter,Mage+Hunter,Warlock+Hunter,4,team1,kill,16.20
Mage+Hunter_vs_Warlock+Hunter,Mage+Hunter,Warlock+Hunter,5,team1,kill,17.67
Mage+Hunter_vs_Warlock+Hunter,Mage+Hunter,Warlock+Hunter,6,team1,kill,16.28
Mage+Hunter_vs_Warlock+Hunter,Mage+Hunter,Warlock+Hunter,7,team1,kill,14.73
Mage+Hunter_vs_Warlock+Hunter,Mage+Hunter,Warlock+Hunter,8,team1,kill,16.28
Mage+Hunter_vs_Warlock+Hunter,Mage+Hunter,Warlock+Hunter,9,team1,kill,16.28
Mage+Hunter_vs_Warlock+Shaman,Mage+Hunter,Warlock+Shaman,0,team2,kill,25.15
Mage+Hunter_vs_Warlock+Shaman,Mage+Hunter,Warlock+Shaman,1,team2,kill,25.15
Mage+Hunter_vs_Warlock+Shaman,Mage+Hunter,Warlock+Shaman,2,team2,kill,25.15
Mage+Hunter_vs_Warlock+Shaman,Mage+Hunter,Warlock+Shaman,3,team2,kill,25.15
Mage+Hunter_vs_Warlock+Shaman,Mage+Hunter,Warlock+Shaman,4,team1,kill,24.48
Mage+Hunter_vs_Warlock+Shaman,Mage+Hunter,Warlock+Shaman,5,team2,kill,25.15
Mage+Hunter_vs_Warlock+Shaman,Mage+Hunter,Warlock+Shaman,6,team2,kill,25.15
Mage+Hunter_vs_Warlock+Shaman,Mage+Hunter,Warlock+Shaman,7,team2,kill,20.78
Mage+Hunter_vs_Warlock+Shaman,Mage+Hunter,Warlock+Shaman,8,team2,kill,25.15
Mage+Hunter_vs_Warlock+Shaman,Mage+Hunter,Warlock+Shaman,9,team2,kill,28.82
Mage+Hunter_vs_Paladin+Hunter,Mage+Hunter,Paladin+Hunter,0,team2,kill,39.13
Mage+Hunter_vs_Paladin+Hunter,Mage+Hunter,Paladin+Hunter,1,team2,kill,33.58
Mage+Hunter_vs_Paladin+Hunter,Mage+Hunter,Paladin+Hunter,2,team1,kill,33.28
Mage+Hunter_vs_Paladin+Hunter,Mage+Hunter,Paladin+Hunter,3,team2,kill,27.08
Mage+Hunter_vs_Paladin+Hunter,Mage+Hunter,Paladin+Hunter,4,team2,kill,36.67
Mage+Hunter_vs_Paladin+Hunter,Mage+Hunter,Paladin+Hunter,5,team2,kill,26.05
Mage+Hunter_vs_Paladin+Hunter,Mage+Hunter,Paladin+Hunter,6,team1,kill,40.30
Mage+Hunter_vs_Paladin+Hunter,Mage+Hunter,Paladin+Hunter,7,team2,kill,28.52
Mage+Hunter_vs_Paladin+Hunter,Mage+Hunter,Paladin+Hunter,8,team1,kill,42.28
Mage+Hunter_vs_Paladin+Hunter,Mage+Hunter,Paladin+Hunter,9,team1,kill,32.37
Mage+Hunter_vs_Hunter+Shaman,Mage+Hunter,Hunter+Shaman,0,team1,kill,22.57
Mage+Hunter_vs_Hunter+Shaman,Mage+Hunter,Hunter+Shaman,1,team1,kill,20.03
Mage+Hunter_vs_Hunter+Shaman,Mage+Hunter,Hunter+Shaman,2,team1,kill,28.70
Mage+Hunter_vs_Hunter+Shaman,Mage+Hunter,Hunter+Shaman,3,team1,kill,27.55
Mage+Hunter_vs_Hunter+Shaman,Mage+Hunter,Hunter+Shaman,4,team1,kill,27.43
Mage+Hunter_vs_Hunter+Shaman,Mage+Hunter,Hunter+Shaman,5,team2,kill,13.03
Mage+Hunter_vs_Hunter+Shaman,Mage+Hunter,Hunter+Shaman,6,team1,kill,20.03
Mage+Hunter_vs_Hunter+Shaman,Mage+Hunter,Hunter+Shaman,7,team1,kill,16.52
Mage+Hunter_vs_Hunter+Shaman,Mage+Hunter,Hunter+Shaman,8,team2,kill,26.35
Mage+Hunter_vs_Hunter+Shaman,Mage+Hunter,Hunter+Shaman,9,team2,kill,24.18
Mage+Shaman_vs_Warrior+Hunter,Mage+Shaman,Warrior+Hunter,0,team1,kill,18.40
Mage+Shaman_vs_Warrior+Hunter,Mage+Shaman,Warrior+Hunter,1,team1,kill,19.15
Mage+Shaman_vs_Warrior+Hunter,Mage+Shaman,Warrior+Hunter,2,team1,kill,19.15
Mage+Shaman_vs_Warrior+Hunter,Mage+Shaman,Warrior+Hunter,3,team1,kill,14.60
Mage+Shaman_vs_Warrior+Hunter,Mage+Shaman,Warrior+Hunter,4,team1,kill,13.52
Mage+Shaman_vs_Warrior+Hunter,Mage+Shaman,Warrior+Hunter,5,team1,kill,16.05
Mage+Shaman_vs_Warrior+Hunter,Mage+Shaman,Warrior+Hunter,6,team1,kill,14.57
Mage+Shaman_vs_Warrior+Hunter,Mage+Shaman,Warrior+Hunter,7,team1,kill,19.85
Mage+Shaman_vs_Warrior+Hunter,Mage+Shaman,Warrior+Hunter,8,team1,kill,19.15
Mage+Shaman_vs_Warrior+Hunter,Mage+Shaman,Warrior+Hunter,9,team1,kill,19.15
Mage+Shaman_vs_Mage+Hunter,Mage+Shaman,Mage+Hunter,0,team1,kill,19.43
Mage+Shaman_vs_Mage+Hunter,Mage+Shaman,Mage+Hunter,1,team2,kill,14.87
Mage+Shaman_vs_Mage+Hunter,Mage+Shaman,Mage+Hunter,2,team1,kill,22.15
Mage+Shaman_vs_Mage+Hunter,Mage+Shaman,Mage+Hunter,3,team1,kill,24.15
Mage+Shaman_vs_Mage+Hunter,Mage+Shaman,Mage+Hunter,4,team1,kill,24.15
Mage+Shaman_vs_Mage+Hunter,Mage+Shaman,Mage+Hunter,5,team1,kill,19.38
Mage+Shaman_vs_Mage+Hunter,Mage+Shaman,Mage+Hunter,6,team2,kill,16.38
Mage+Shaman_vs_Mage+Hunter,Mage+Shaman,Mage+Hunter,7,team1,kill,22.15
Mage+Shaman_vs_Mage+Hunter,Mage+Shaman,Mage+Hunter,8,team1,kill,22.15
Mage+Shaman_vs_Mage+Hunter,Mage+Shaman,Mage+Hunter,9,team1,kill,16.57
Mage+Shaman_vs_Rogue+Warlock,Mage+Shaman,Rogue+Warlock,0,team1,kill,23.67
Mage+Shaman_vs_Rogue+Warlock,Mage+Shaman,Rogue+Warlock,1,team1,kill,23.67
Mage+Shaman_vs_Rogue+Warlock,Mage+Shaman,Rogue+Warlock,2,team1,kill,23.67
Mage+Shaman_vs_Rogue+Warlock,Mage+Shaman,Rogue+Warlock,3,team1,kill,27.13
Mage+Shaman_vs_Rogue+Warlock,Mage+Shaman,Rogue+Warlock,4,team1,kill,28.50
Mage+Shaman_vs_Rogue+Warlock,Mage+Shaman,Rogue+Warlock,5,team1,kill,23.67
Mage+Shaman_vs_Rogue+Warlock,Mage+Shaman,Rogue+Warlock,6,team1,kill,28.50
Mage+Shaman_vs_Rogue+Warlock,Mage+Shaman,Rogue+Warlock,7,team1,kill,25.93
Mage+Shaman_vs_Rogue+Warlock,Mage+Shaman,Rogue+Warlock,8,team1,kill,28.50
Mage+Shaman_vs_Rogue+Warlock,Mage+Shaman,Rogue+Warlock,9,team1,kill,28.52
Mage+Shaman_vs_Rogue+Hunter,Mage+Shaman,Rogue+Hunter,0,team1,kill,19.60
Mage+Shaman_vs_Rogue+Hunter,Mage+Shaman,Rogue+Hunter,1,team1,kill,19.60
Mage+Shaman_vs_Rogue+Hunter,Mage+Shaman,Rogue+Hunter,2,team1,kill,18.22
Mage+Shaman_vs_Rogue+Hunter,Mage+Shaman,Rogue+Hunter,3,team1,kill,19.60
Mage+Shaman_vs_Rogue+Hunter,Mage+Shaman,Rogue+Hunter,4,team1,kill,15.82
Mage+Shaman_vs_Rogue+Hunter,Mage+Shaman,Rogue+Hunter,5,team1,kill,18.22
Mage+Shaman_vs_Rogue+Hunter,Mage+Shaman,Rogue+Hunter,6,team1,kill,18.22
Mage+Shaman_vs_Rogue+Hunter,Mage+Shaman,Rogue+Hunter,7,team1,kill,13.53
Mage+Shaman_vs_Rogue+Hunter,Mage+Shaman,Rogue+Hunter,8,team1,kill,19.60
Mage+Shaman_vs_Rogue+Hunter,Mage+Shaman,Rogue+Hunter,9,team1,kill,13.53
Mage+Shaman_vs_Priest+Hunter,Mage+Shaman,Priest+Hunter,0,team1,kill,34.32
Mage+Shaman_vs_Priest+Hunter,Mage+Shaman,Priest+Hunter,1,team1,kill,21.47
Mage+Shaman_vs_Priest+Hunter,Mage+Shaman,Priest+Hunter,2,team1,kill,34.33
Mage+Shaman_vs_Priest+Hunter,Mage+Shaman,Priest+Hunter,3,team1,kill,34.25
Mage+Shaman_vs_Priest+Hunter,Mage+Shaman,Priest+Hunter,4,team1,kill,34.52
Mage+Shaman_vs_Priest+Hunter,Mage+Shaman,Priest+Hunter,5,team1,kill,74.42
Mage+Shaman_vs_Priest+Hunter,Mage+Shaman,Priest+Hunter,6,team1,kill,30.70
Mage+Shaman_vs_Priest+Hunter,Mage+Shaman,Priest+Hunter,7,team1,kill,52.12
Mage+Shaman_vs_Priest+Hunter,Mage+Shaman,Priest+Hunter,8,team1,kill,34.33
Mage+Shaman_vs_Priest+Hunter,Mage+Shaman,Priest+Hunter,9,team1,kill,26.15
Mage+Shaman_vs_Warlock+Hunter,Mage+Shaman,Warlock+Hunter,0,team1,kill,13.17
Mage+Shaman_vs_Warlock+Hunter,Mage+Shaman,Warlock+Hunter,1,team1,kill,18.27
Mage+Shaman_vs_Warlock+Hunter,Mage+Shaman,Warlock+Hunter,2,team1,kill,18.15
Mage+Shaman_vs_Warlock+Hunter,Mage+Shaman,Warlock+Hunter,3,team1,kill,18.23
Mage+Shaman_vs_Warlock+Hunter,Mage+Shaman,Warlock+Hunter,4,team1,kill,13.05
Mage+Shaman_vs_Warlock+Hunter,Mage+Shaman,Warlock+Hunter,5,team1,kill,18.25
Mage+Shaman_vs_Warlock+Hunter,Mage+Shaman,Warlock+Hunter,6,team1,kill,18.27
Mage+Shaman_vs_Warlock+Hunter,Mage+Shaman,Warlock+Hunter,7,team1,kill,18.25
Mage+Shaman_vs_Warlock+Hunter,Mage+Shaman,Warlock+Hunter,8,team1,kill,18.23
Mage+Shaman_vs_Warlock+Hunter,Mage+Shaman,Warlock+Hunter,9,team1,kill,13.17
Mage+Shaman_vs_Paladin+Hunter,Mage+Shaman,Paladin+Hunter,0,team1,kill,26.97
Mage+Shaman_vs_Paladin+Hunter,Mage+Shaman,Paladin+Hunter,1,team1,kill,26.82
Mage+Shaman_vs_Paladin+Hunter,Mage+Shaman,Paladin+Hunter,2,team1,kill,26.90
Mage+Shaman_vs_Paladin+Hunter,Mage+Shaman,Paladin+Hunter,3,team1,kill,26.82
Mage+Shaman_vs_Paladin+Hunter,Mage+Shaman,Paladin+Hunter,4,team1,kill,26.80
Mage+Shaman_vs_Paladin+Hunter,Mage+Shaman,Paladin+Hunter,5,team1,kill,32.93
Mage+Shaman_vs_Paladin+Hunter,Mage+Shaman,Paladin+Hunter,6,team1,kill,27.97
Mage+Shaman_vs_Paladin+Hunter,Mage+Shaman,Paladin+Hunter,7,team1,kill,26.80
Mage+Shaman_vs_Paladin+Hunter,Mage+Shaman,Paladin+Hunter,8,team1,kill,25.85
Mage+Shaman_vs_Paladin+Hunter,Mage+Shaman,Paladin+Hunter,9,team1,kill,32.95
Mage+Shaman_vs_Hunter+Shaman,Mage+Shaman,Hunter+Shaman,0,team1,kill,14.70
Mage+Shaman_vs_Hunter+Shaman,Mage+Shaman,Hunter+Shaman,1,team1,kill,14.70
Mage+Shaman_vs_Hunter+Shaman,Mage+Shaman,Hunter+Shaman,2,team1,kill,14.70
Mage+Shaman_vs_Hunter+Shaman,Mage+Shaman,Hunter+Shaman,3,team1,kill,14.70
Mage+Shaman_vs_Hunter+Shaman,Mage+Shaman,Hunter+Shaman,4,team1,kill,13.18
Mage+Shaman_vs_Hunter+Shaman,Mage+Shaman,Hunter+Shaman,5,team1,kill,14.70
Mage+Shaman_vs_Hunter+Shaman,Mage+Shaman,Hunter+Shaman,6,team1,kill,14.70
Mage+Shaman_vs_Hunter+Shaman,Mage+Shaman,Hunter+Shaman,7,team1,kill,14.70
Mage+Shaman_vs_Hunter+Shaman,Mage+Shaman,Hunter+Shaman,8,team1,kill,14.70
Mage+Shaman_vs_Hunter+Shaman,Mage+Shaman,Hunter+Shaman,9,team1,kill,13.53
Rogue+Priest_vs_Warrior+Priest,Rogue+Priest,Warrior+Priest,0,team1,kill,53.52
Rogue+Priest_vs_Warrior+Priest,Rogue+Priest,Warrior+Priest,1,team1,kill,52.38
Rogue+Priest_vs_Warrior+Priest,Rogue+Priest,Warrior+Priest,2,team1,kill,47.22
Rogue+Priest_vs_Warrior+Priest,Rogue+Priest,Warrior+Priest,3,team1,kill,51.90
Rogue+Priest_vs_Warrior+Priest,Rogue+Priest,Warrior+Priest,4,team1,kill,52.72
Rogue+Priest_vs_Warrior+Priest,Rogue+Priest,Warrior+Priest,5,team1,kill,48.95
Rogue+Priest_vs_Warrior+Priest,Rogue+Priest,Warrior+Priest,6,team1,kill,58.32
Rogue+Priest_vs_Warrior+Priest,Rogue+Priest,Warrior+Priest,7,team1,kill,56.78
Rogue+Priest_vs_Warrior+Priest,Rogue+Priest,Warrior+Priest,8,team1,kill,52.65
Rogue+Priest_vs_Warrior+Priest,Rogue+Priest,Warrior+Priest,9,team1,kill,50.43
Rogue+Priest_vs_Warrior+Hunter,Rogue+Priest,Warrior+Hunter,0,team1,kill,51.58
Rogue+Priest_vs_Warrior+Hunter,Rogue+Priest,Warrior+Hunter,1,team2,kill,65.83
Rogue+Priest_vs_Warrior+Hunter,Rogue+Priest,Warrior+Hunter,2,team1,kill,47.27
Rogue+Priest_vs_Warrior+Hunter,Rogue+Priest,Warrior+Hunter,3,team1,kill,64.30
Rogue+Priest_vs_Warrior+Hunter,Rogue+Priest,Warrior+Hunter,4,team1,kill,62.90
Rogue+Priest_vs_Warrior+Hunter,Rogue+Priest,Warrior+Hunter,5,team1,kill,44.32
Rogue+Priest_vs_Warrior+Hunter,Rogue+Priest,Warrior+Hunter,6,team1,kill,64.90
Rogue+Priest_vs_Warrior+Hunter,Rogue+Priest,Warrior+Hunter,7,team1,kill,62.82
Rogue+Priest_vs_Warrior+Hunter,Rogue+Priest,Warrior+Hunter,8,team1,kill,55.38
Rogue+Priest_vs_Warrior+Hunter,Rogue+Priest,Warrior+Hunter,9,team1,kill,56.88
Rogue+Priest_vs_Mage+Hunter,Rogue+Priest,Mage+Hunter,0,team1,kill,22.83
Rogue+Priest_vs_Mage+Hunter,Rogue+Priest,Mage+Hunter,1,team1,kill,24.45
Rogue+Priest_vs_Mage+Hunter,Rogue+Priest,Mage+Hunter,2,team1,kill,29.18
Rogue+Priest_vs_Mage+Hunter,Rogue+Priest,Mage+Hunter,3,team1,kill,21.28
Rogue+Priest_vs_Mage+Hunter,Rogue+Priest,Mage+Hunter,4,team1,kill,25.38
Rogue+Priest_vs_Mage+Hunter,Rogue+Priest,Mage+Hunter,5,team1,kill,32.35
Rogue+Priest_vs_Mage+Hunter,Rogue+Priest,Mage+Hunter,6,team1,kill,30.63
Rogue+Priest_vs_Mage+Hunter,Rogue+Priest,Mage+Hunter,7,team1,kill,25.40
Rogue+Priest_vs_Mage+Hunter,Rogue+Priest,Mage+Hunter,8,team1,kill,26.85
Rogue+Priest_vs_Mage+Hunter,Rogue+Priest,Mage+Hunter,9,team1,kill,24.75
Rogue+Priest_vs_Rogue+Hunter,Rogue+Priest,Rogue+Hunter,0,team1,kill,24.07
Rogue+Priest_vs_Rogue+Hunter,Rogue+Priest,Rogue+Hunter,1,team1,kill,21.45
Rogue+Priest_vs_Rogue+Hunter,Rogue+Priest,Rogue+Hunter,2,team1,kill,22.10
Rogue+Priest_vs_Rogue+Hunter,Rogue+Priest,Rogue+Hunter,3,team1,kill,24.07
Rogue+Priest_vs_Rogue+Hunter,Rogue+Priest,Rogue+Hunter,4,team1,kill,22.18
Rogue+Priest_vs_Rogue+Hunter,Rogue+Priest,Rogue+Hunter,5,team1,kill,24.07
Rogue+Priest_vs_Rogue+Hunter,Rogue+Priest,Rogue+Hunter,6,team1,kill,21.43
Rogue+Priest_vs_Rogue+Hunter,Rogue+Priest,Rogue+Hunter,7,team1,kill,22.18
Rogue+Priest_vs_Rogue+Hunter,Rogue+Priest,Rogue+Hunter,8,team1,kill,22.83
Rogue+Priest_vs_Rogue+Hunter,Rogue+Priest,Rogue+Hunter,9,team1,kill,24.07
Rogue+Priest_vs_Priest+Hunter,Rogue+Priest,Priest+Hunter,0,team1,kill,64.03
Rogue+Priest_vs_Priest+Hunter,Rogue+Priest,Priest+Hunter,1,team1,kill,38.02
Rogue+Priest_vs_Priest+Hunter,Rogue+Priest,Priest+Hunter,2,team1,kill,39.37
Rogue+Priest_vs_Priest+Hunter,Rogue+Priest,Priest+Hunter,3,team1,kill,39.83
Rogue+Priest_vs_Priest+Hunter,Rogue+Priest,Priest+Hunter,4,team1,kill,40.90
Rogue+Priest_vs_Priest+Hunter,Rogue+Priest,Priest+Hunter,5,team1,kill,40.32
Rogue+Priest_vs_Priest+Hunter,Rogue+Priest,Priest+Hunter,6,team1,kill,39.10
Rogue+Priest_vs_Priest+Hunter,Rogue+Priest,Priest+Hunter,7,team1,kill,65.52
Rogue+Priest_vs_Priest+Hunter,Rogue+Priest,Priest+Hunter,8,team1,kill,65.37
Rogue+Priest_vs_Priest+Hunter,Rogue+Priest,Priest+Hunter,9,team1,kill,38.07
Rogue+Priest_vs_Warlock+Hunter,Rogue+Priest,Warlock+Hunter,0,team1,kill,45.28
Rogue+Priest_vs_Warlock+Hunter,Rogue+Priest,Warlock+Hunter,1,team2,kill,26.07
Rogue+Priest_vs_Warlock+Hunter,Rogue+Priest,Warlock+Hunter,2,team1,kill,42.02
Rogue+Priest_vs_Warlock+Hunter,Rogue+Priest,Warlock+Hunter,3,team2,kill,26.32
Rogue+Priest_vs_Warlock+Hunter,Rogue+Priest,Warlock+Hunter,4,team1,kill,46.42
Rogue+Priest_vs_Warlock+Hunter,Rogue+Priest,Warlock+Hunter,5,team2,kill,27.08
Rogue+Priest_vs_Warlock+Hunter,Rogue+Priest,Warlock+Hunter,6,team2,kill,31.10
Rogue+Priest_vs_Warlock+Hunter,Rogue+Priest,Warlock+Hunter,7,team1,kill,43.90
Rogue+Priest_vs_Warlock+Hunter,Rogue+Priest,Warlock+Hunter,8,team1,kill,40.48
Rogue+Priest_vs_Warlock+Hunter,Rogue+Priest,Warlock+Hunter,9,team2,kill,28.58
Rogue+Priest_vs_Paladin+Hunter,Rogue+Priest,Paladin+Hunter,0,team1,kill,76.40
Rogue+Priest_vs_Paladin+Hunter,Rogue+Priest,Paladin+Hunter,1,team2,kill,74.15
Rogue+Priest_vs_Paladin+Hunter,Rogue+Priest,Paladin+Hunter,2,team2,kill,67.70
Rogue+Priest_vs_Paladin+Hunter,Rogue+Priest,Paladin+Hunter,3,team1,kill,77.95
Rogue+Priest_vs_Paladin+Hunter,Rogue+Priest,Paladin+Hunter,4,team1,kill,81.17
Rogue+Priest_vs_Paladin+Hunter,Rogue+Priest,Paladin+Hunter,5,team1,kill,80.10
Rogue+Priest_vs_Paladin+Hunter,Rogue+Priest,Paladin+Hunter,6,team1,kill,52.57
Rogue+Priest_vs_Paladin+Hunter,Rogue+Priest,Paladin+Hunter,7,team1,kill,83.59
Rogue+Priest_vs_Paladin+Hunter,Rogue+Priest,Paladin+Hunter,8,team1,kill,63.48
Rogue+Priest_vs_Paladin+Hunter,Rogue+Priest,Paladin+Hunter,9,team1,kill,60.05
Rogue+Priest_vs_Hunter+Shaman,Rogue+Priest,Hunter+Shaman,0,team1,kill,45.17
Rogue+Priest_vs_Hunter+Shaman,Rogue+Priest,Hunter+Shaman,1,team1,kill,47.63
Rogue+Priest_vs_Hunter+Shaman,Rogue+Priest,Hunter+Shaman,2,team1,kill,41.35
Rogue+Priest_vs_Hunter+Shaman,Rogue+Priest,Hunter+Shaman,3,team1,kill,38.77
Rogue+Priest_vs_Hunter+Shaman,Rogue+Priest,Hunter+Shaman,4,team1,kill,37.12
Rogue+Priest_vs_Hunter+Shaman,Rogue+Priest,Hunter+Shaman,5,team1,kill,43.52
Rogue+Priest_vs_Hunter+Shaman,Rogue+Priest,Hunter+Shaman,6,team1,kill,48.83
Rogue+Priest_vs_Hunter+Shaman,Rogue+Priest,Hunter+Shaman,7,team1,kill,52.40
Rogue+Priest_vs_Hunter+Shaman,Rogue+Priest,Hunter+Shaman,8,team1,kill,50.02
Rogue+Priest_vs_Hunter+Shaman,Rogue+Priest,Hunter+Shaman,9,team1,kill,55.88
Rogue+Warlock_vs_Warrior+Hunter,Rogue+Warlock,Warrior+Hunter,0,team2,kill,21.97
Rogue+Warlock_vs_Warrior+Hunter,Rogue+Warlock,Warrior+Hunter,1,team2,kill,21.90
Rogue+Warlock_vs_Warrior+Hunter,Rogue+Warlock,Warrior+Hunter,2,team2,kill,23.33
Rogue+Warlock_vs_Warrior+Hunter,Rogue+Warlock,Warrior+Hunter,3,team2,kill,21.90
Rogue+Warlock_vs_Warrior+Hunter,Rogue+Warlock,Warrior+Hunter,4,team2,kill,23.33
Rogue+Warlock_vs_Warrior+Hunter,Rogue+Warlock,Warrior+Hunter,5,team2,kill,21.90
Rogue+Warlock_vs_Warrior+Hunter,Rogue+Warlock,Warrior+Hunter,6,team2,kill,21.90
Rogue+Warlock_vs_Warrior+Hunter,Rogue+Warlock,Warrior+Hunter,7,team2,kill,18.13
Rogue+Warlock_vs_Warrior+Hunter,Rogue+Warlock,Warrior+Hunter,8,team2,kill,21.90
Rogue+Warlock_vs_Warrior+Hunter,Rogue+Warlock,Warrior+Hunter,9,team2,kill,19.18
Rogue+Warlock_vs_Mage+Hunter,Rogue+Warlock,Mage+Hunter,0,team2,kill,21.22
Rogue+Warlock_vs_Mage+Hunter,Rogue+Warlock,Mage+Hunter,1,team2,kill,22.02
Rogue+Warlock_vs_Mage+Hunter,Rogue+Warlock,Mage+Hunter,2,team2,kill,23.72
Rogue+Warlock_vs_Mage+Hunter,Rogue+Warlock,Mage+Hunter,3,team2,kill,21.22
Rogue+Warlock_vs_Mage+Hunter,Rogue+Warlock,Mage+Hunter,4,team1,kill,19.25
Rogue+Warlock_vs_Mage+Hunter,Rogue+Warlock,Mage+Hunter,5,team2,kill,23.72
Rogue+Warlock_vs_Mage+Hunter,Rogue+Warlock,Mage+Hunter,6,team2,kill,23.72
Rogue+Warlock_vs_Mage+Hunter,Rogue+Warlock,Mage+Hunter,7,team1,kill,29.72
Rogue+Warlock_vs_Mage+Hunter,Rogue+Warlock,Mage+Hunter,8,team1,kill,26.58
Rogue+Warlock_vs_Mage+Hunter,Rogue+Warlock,Mage+Hunter,9,team2,kill,21.22
Rogue+Warlock_vs_Rogue+Hunter,Rogue+Warlock,Rogue+Hunter,0,team1,kill,22.48
Rogue+Warlock_vs_Rogue+Hunter,Rogue+Warlock,Rogue+Hunter,1,team1,kill,22.55
Rogue+Warlock_vs_Rogue+Hunter,Rogue+Warlock,Rogue+Hunter,2,team1,kill,20.70
Rogue+Warlock_vs_Rogue+Hunter,Rogue+Warlock,Rogue+Hunter,3,team1,kill,20.77
Rogue+Warlock_vs_Rogue+Hunter,Rogue+Warlock,Rogue+Hunter,4,team1,kill,22.47
Rogue+Warlock_vs_Rogue+Hunter,Rogue+Warlock,Rogue+Hunter,5,team1,kill,22.65
Rogue+Warlock_vs_Rogue+Hunter,Rogue+Warlock,Rogue+Hunter,6,team1,kill,20.47
Rogue+Warlock_vs_Rogue+Hunter,Rogue+Warlock,Rogue+Hunter,7,team2,kill,21.32
Rogue+Warlock_vs_Rogue+Hunter,Rogue+Warlock,Rogue+Hunter,8,team1,kill,21.80
Rogue+Warlock_vs_Rogue+Hunter,Rogue+Warlock,Rogue+Hunter,9,team1,kill,21.43
Rogue+Warlock_vs_Priest+Hunter,Rogue+Warlock,Priest+Hunter,0,team2,kill,40.05
Rogue+Warlock_vs_Priest+Hunter,Rogue+Warlock,Priest+Hunter,1,team1,kill,41.23
Rogue+Warlock_vs_Priest+Hunter,Rogue+Warlock,Priest+Hunter,2,team2,kill,31.50
Rogue+Warlock_vs_Priest+Hunter,Rogue+Warlock,Priest+Hunter,3,team1,kill,28.77
Rogue+Warlock_vs_Priest+Hunter,Rogue+Warlock,Priest+Hunter,4,team2,kill,30.80
Rogue+Warlock_vs_Priest+Hunter,Rogue+Warlock,Priest+Hunter,5,team1,kill,28.77
Rogue+Warlock_vs_Priest+Hunter,Rogue+Warlock,Priest+Hunter,6,team2,kill,34.55
Rogue+Warlock_vs_Priest+Hunter,Rogue+Warlock,Priest+Hunter,7,team1,kill,44.57
Rogue+Warlock_vs_Priest+Hunter,Rogue+Warlock,Priest+Hunter,8,team1,kill,30.32
Rogue+Warlock_vs_Priest+Hunter,Rogue+Warlock,Priest+Hunter,9,team2,kill,31.73
Rogue+Warlock_vs_Warlock+Paladin,Rogue+Warlock,Warlock+Paladin,0,team2,kill,49.25
Rogue+Warlock_vs_Warlock+Paladin,Rogue+Warlock,Warlock+Paladin,1,team1,kill,47.73
Rogue+Warlock_vs_Warlock+Paladin,Rogue+Warlock,Warlock+Paladin,2,team2,kill,46.65
Rogue+Warlock_vs_Warlock+Paladin,Rogue+Warlock,Warlock+Paladin,3,team2,kill,46.97
Rogue+Warlock_vs_Warlock+Paladin,Rogue+Warlock,Warlock+Paladin,4,team1,kill,50.88
Rogue+Warlock_vs_Warlock+Paladin,Rogue+Warlock,Warlock+Paladin,5,team2,kill,46.87
Rogue+Warlock_vs_Warlock+Paladin,Rogue+Warlock,Warlock+Paladin,6,team1,kill,47.92
Rogue+Warlock_vs_Warlock+Paladin,Rogue+Warlock,Warlock+Paladin,7,team1,kill,46.08
Rogue+Warlock_vs_Warlock+Paladin,Rogue+Warlock,Warlock+Paladin,8,team1,kill,48.88
Rogue+Warlock_vs_Warlock+Paladin,Rogue+Warlock,Warlock+Paladin,9,team1,kill,49.97
Rogue+Warlock_vs_Warlock+Hunter,Rogue+Warlock,Warlock+Hunter,0,team2,kill,21.15
Rogue+Warlock_vs_Warlock+Hunter,Rogue+Warlock,Warlock+Hunter,1,team2,kill,22.42
Rogue+Warlock_vs_Warlock+Hunter,Rogue+Warlock,Warlock+Hunter,2,team2,kill,26.72
Rogue+Warlock_vs_Warlock+Hunter,Rogue+Warlock,Warlock+Hunter,3,team2,kill,24.22
Rogue+Warlock_vs_Warlock+Hunter,Rogue+Warlock,Warlock+Hunter,4,team2,kill,20.85
Rogue+Warlock_vs_Warlock+Hunter,Rogue+Warlock,Warlock+Hunter,5,team2,kill,24.22
Rogue+Warlock_vs_Warlock+Hunter,Rogue+Warlock,Warlock+Hunter,6,team2,kill,25.48
Rogue+Warlock_vs_Warlock+Hunter,Rogue+Warlock,Warlock+Hunter,7,team2,kill,24.90
Rogue+Warlock_vs_Warlock+Hunter,Rogue+Warlock,Warlock+Hunter,8,team2,kill,25.15
Rogue+Warlock_vs_Warlock+Hunter,Rogue+Warlock,Warlock+Hunter,9,team2,kill,22.00
Rogue+Warlock_vs_Paladin+Hunter,Rogue+Warlock,Paladin+Hunter,0,team2,kill,29.77
Rogue+Warlock_vs_Paladin+Hunter,Rogue+Warlock,Paladin+Hunter,1,team2,kill,40.22
Rogue+Warlock_vs_Paladin+Hunter,Rogue+Warlock,Paladin+Hunter,2,team2,kill,42.78
Rogue+Warlock_vs_Paladin+Hunter,Rogue+Warlock,Paladin+Hunter,3,team2,kill,37.73
Rogue+Warlock_vs_Paladin+Hunter,Rogue+Warlock,Paladin+Hunter,4,team2,kill,30.13
Rogue+Warlock_vs_Paladin+Hunter,Rogue+Warlock,Paladin+Hunter,5,team2,kill,34.12
Rogue+Warlock_vs_Paladin+Hunter,Rogue+Warlock,Paladin+Hunter,6,team2,kill,38.38
Rogue+Warlock_vs_Paladin+Hunter,Rogue+Warlock,Paladin+Hunter,7,team1,kill,45.90
Rogue+Warlock_vs_Paladin+Hunter,Rogue+Warlock,Paladin+Hunter,8,team1,kill,34.10
Rogue+Warlock_vs_Paladin+Hunter,Rogue+Warlock,Paladin+Hunter,9,team2,kill,35.17
Rogue+Warlock_vs_Hunter+Shaman,Rogue+Warlock,Hunter+Shaman,0,team2,kill,32.65
Rogue+Warlock_vs_Hunter+Shaman,Rogue+Warlock,Hunter+Shaman,1,team2,kill,30.70
Rogue+Warlock_vs_Hunter+Shaman,Rogue+Warlock,Hunter+Shaman,2,team2,kill,30.12
Rogue+Warlock_vs_Hunter+Shaman,Rogue+Warlock,Hunter+Shaman,3,team2,kill,31.63
Rogue+Warlock_vs_Hunter+Shaman,Rogue+Warlock,Hunter+Shaman,4,team2,kill,30.12
Rogue+Warlock_vs_Hunter+Shaman,Rogue+Warlock,Hunter+Shaman,5,team2,kill,30.12
Rogue+Warlock_vs_Hunter+Shaman,Rogue+Warlock,Hunter+Shaman,6,team2,kill,30.63
Rogue+Warlock_vs_Hunter+Shaman,Rogue+Warlock,Hunter+Shaman,7,team2,kill,33.65
Rogue+Warlock_vs_Hunter+Shaman,Rogue+Warlock,Hunter+Shaman,8,team2,kill,30.12
Rogue+Warlock_vs_Hunter+Shaman,Rogue+Warlock,Hunter+Shaman,9,team2,kill,30.12
Rogue+Paladin_vs_Warrior+Hunter,Rogue+Paladin,Warrior+Hunter,0,team1,kill,39.50
Rogue+Paladin_vs_Warrior+Hunter,Rogue+Paladin,Warrior+Hunter,1,team1,kill,72.35
Rogue+Paladin_vs_Warrior+Hunter,Rogue+Paladin,Warrior+Hunter,2,team1,kill,73.02
Rogue+Paladin_vs_Warrior+Hunter,Rogue+Paladin,Warrior+Hunter,3,team1,kill,41.97
Rogue+Paladin_vs_Warrior+Hunter,Rogue+Paladin,Warrior+Hunter,4,team1,kill,39.90
Rogue+Paladin_vs_Warrior+Hunter,Rogue+Paladin,Warrior+Hunter,5,team1,kill,74.42
Rogue+Paladin_vs_Warrior+Hunter,Rogue+Paladin,Warrior+Hunter,6,team1,kill,66.63
Rogue+Paladin_vs_Warrior+Hunter,Rogue+Paladin,Warrior+Hunter,7,team1,kill,54.53
Rogue+Paladin_vs_Warrior+Hunter,Rogue+Paladin,Warrior+Hunter,8,team1,kill,70.07
Rogue+Paladin_vs_Warrior+Hunter,Rogue+Paladin,Warrior+Hunter,9,team1,kill,72.13
Rogue+Paladin_vs_Warrior+Shaman,Rogue+Paladin,Warrior+Shaman,0,team2,kill,55.80
Rogue+Paladin_vs_Warrior+Shaman,Rogue+Paladin,Warrior+Shaman,1,team1,kill,42.28
Rogue+Paladin_vs_Warrior+Shaman,Rogue+Paladin,Warrior+Shaman,2,team1,kill,47.33
Rogue+Paladin_vs_Warrior+Shaman,Rogue+Paladin,Warrior+Shaman,3,team1,kill,127.80
Rogue+Paladin_vs_Warrior+Shaman,Rogue+Paladin,Warrior+Shaman,4,team1,kill,106.14
Rogue+Paladin_vs_Warrior+Shaman,Rogue+Paladin,Warrior+Shaman,5,team1,kill,134.63
Rogue+Paladin_vs_Warrior+Shaman,Rogue+Paladin,Warrior+Shaman,6,team2,kill,61.52
Rogue+Paladin_vs_Warrior+Shaman,Rogue+Paladin,Warrior+Shaman,7,team2,kill,61.42
Rogue+Paladin_vs_Warrior+Shaman,Rogue+Paladin,Warrior+Shaman,8,team1,kill,109.99
Rogue+Paladin_vs_Warrior+Shaman,Rogue+Paladin,Warrior+Shaman,9,team2,kill,68.48
Rogue+Paladin_vs_Mage+Hunter,Rogue+Paladin,Mage+Hunter,0,team1,kill,50.15
Rogue+Paladin_vs_Mage+Hunter,Rogue+Paladin,Mage+Hunter,1,team1,kill,50.10
Rogue+Paladin_vs_Mage+Hunter,Rogue+Paladin,Mage+Hunter,2,team1,kill,50.15
Rogue+Paladin_vs_Mage+Hunter,Rogue+Paladin,Mage+Hunter,3,team1,kill,49.38
Rogue+Paladin_vs_Mage+Hunter,Rogue+Paladin,Mage+Hunter,4,team1,kill,49.55
Rogue+Paladin_vs_Mage+Hunter,Rogue+Paladin,Mage+Hunter,5,team1,kill,50.15
Rogue+Paladin_vs_Mage+Hunter,Rogue+Paladin,Mage+Hunter,6,team2,kill,35.87
Rogue+Paladin_vs_Mage+Hunter,Rogue+Paladin,Mage+Hunter,7,team1,kill,71.00
Rogue+Paladin_vs_Mage+Hunter,Rogue+Paladin,Mage+Hunter,8,team1,kill,48.98
Rogue+Paladin_vs_Mage+Hunter,Rogue+Paladin,Mage+Hunter,9,team1,kill,44.78
Rogue+Paladin_vs_Rogue+Hunter,Rogue+Paladin,Rogue+Hunter,0,team2,kill,53.12
Rogue+Paladin_vs_Rogue+Hunter,Rogue+Paladin,Rogue+Hunter,1,team1,kill,30.63
Rogue+Paladin_vs_Rogue+Hunter,Rogue+Paladin,Rogue+Hunter,2,team1,kill,24.50
Rogue+Paladin_vs_Rogue+Hunter,Rogue+Paladin,Rogue+Hunter,3,team2,kill,53.75
Rogue+Paladin_vs_Rogue+Hunter,Rogue+Paladin,Rogue+Hunter,4,team2,kill,53.43
Rogue+Paladin_vs_Rogue+Hunter,Rogue+Paladin,Rogue+Hunter,5,team2,kill,52.43
Rogue+Paladin_vs_Rogue+Hunter,Rogue+Paladin,Rogue+Hunter,6,team2,kill,54.28
Rogue+Paladin_vs_Rogue+Hunter,Rogue+Paladin,Rogue+Hunter,7,team2,kill,54.82
Rogue+Paladin_vs_Rogue+Hunter,Rogue+Paladin,Rogue+Hunter,8,team1,kill,23.40
Rogue+Paladin_vs_Rogue+Hunter,Rogue+Paladin,Rogue+Hunter,9,team2,kill,54.08
Rogue+Paladin_vs_Priest+Hunter,Rogue+Paladin,Priest+Hunter,0,team1,kill,40.90
Rogue+Paladin_vs_Priest+Hunter,Rogue+Paladin,Priest+Hunter,1,team1,kill,41.98
Rogue+Paladin_vs_Priest+Hunter,Rogue+Paladin,Priest+Hunter,2,team1,kill,40.78
Rogue+Paladin_vs_Priest+Hunter,Rogue+Paladin,Priest+Hunter,3,team1,kill,41.87
Rogue+Paladin_vs_Priest+Hunter,Rogue+Paladin,Priest+Hunter,4,team1,kill,43.97
Rogue+Paladin_vs_Priest+Hunter,Rogue+Paladin,Priest+Hunter,5,team1,kill,40.85
Rogue+Paladin_vs_Priest+Hunter,Rogue+Paladin,Priest+Hunter,6,team1,kill,44.33
Rogue+Paladin_vs_Priest+Hunter,Rogue+Paladin,Priest+Hunter,7,team1,kill,44.72
Rogue+Paladin_vs_Priest+Hunter,Rogue+Paladin,Priest+Hunter,8,team1,kill,41.08
Rogue+Paladin_vs_Priest+Hunter,Rogue+Paladin,Priest+Hunter,9,team1,kill,43.98
Rogue+Paladin_vs_Warlock+Hunter,Rogue+Paladin,Warlock+Hunter,0,team1,kill,41.28
Rogue+Paladin_vs_Warlock+Hunter,Rogue+Paladin,Warlock+Hunter,1,team1,kill,43.68
Rogue+Paladin_vs_Warlock+Hunter,Rogue+Paladin,Warlock+Hunter,2,team1,kill,58.38
Rogue+Paladin_vs_Warlock+Hunter,Rogue+Paladin,Warlock+Hunter,3,team1,kill,42.87
Rogue+Paladin_vs_Warlock+Hunter,Rogue+Paladin,Warlock+Hunter,4,team1,kill,44.52
Rogue+Paladin_vs_Warlock+Hunter,Rogue+Paladin,Warlock+Hunter,5,team1,kill,48.22
Rogue+Paladin_vs_Warlock+Hunter,Rogue+Paladin,Warlock+Hunter,6,team1,kill,40.02
Rogue+Paladin_vs_Warlock+Hunter,Rogue+Paladin,Warlock+Hunter,7,team1,kill,45.75
Rogue+Paladin_vs_Warlock+Hunter,Rogue+Paladin,Warlock+Hunter,8,team1,kill,50.62
Rogue+Paladin_vs_Warlock+Hunter,Rogue+Paladin,Warlock+Hunter,9,team1,kill,40.07
Rogue+Paladin_vs_Paladin+Hunter,Rogue+Paladin,Paladin+Hunter,0,team1,kill,92.22
Rogue+Paladin_vs_Paladin+Hunter,Rogue+Paladin,Paladin+Hunter,1,team1,kill,86.70
Rogue+Paladin_vs_Paladin+Hunter,Rogue+Paladin,Paladin+Hunter,2,team1,kill,80.55
Rogue+Paladin_vs_Paladin+Hunter,Rogue+Paladin,Paladin+Hunter,3,team1,kill,79.09
Rogue+Paladin_vs_Paladin+Hunter,Rogue+Paladin,Paladin+Hunter,4,team2,kill,74.80
Rogue+Paladin_vs_Paladin+Hunter,Rogue+Paladin,Paladin+Hunter,5,team1,kill,79.09
Rogue+Paladin_vs_Paladin+Hunter,Rogue+Paladin,Paladin+Hunter,6,team2,kill,77.39
Rogue+Paladin_vs_Paladin+Hunter,Rogue+Paladin,Paladin+Hunter,7,team1,kill,91.46
Rogue+Paladin_vs_Paladin+Hunter,Rogue+Paladin,Paladin+Hunter,8,team2,kill,97.72
Rogue+Paladin_vs_Paladin+Hunter,Rogue+Paladin,Paladin+Hunter,9,team2,kill,153.81
Rogue+Paladin_vs_Hunter+Shaman,Rogue+Paladin,Hunter+Shaman,0,team1,kill,57.73
Rogue+Paladin_vs_Hunter+Shaman,Rogue+Paladin,Hunter+Shaman,1,team1,kill,52.17
Rogue+Paladin_vs_Hunter+Shaman,Rogue+Paladin,Hunter+Shaman,2,team1,kill,50.25
Rogue+Paladin_vs_Hunter+Shaman,Rogue+Paladin,Hunter+Shaman,3,team1,kill,43.25
Rogue+Paladin_vs_Hunter+Shaman,Rogue+Paladin,Hunter+Shaman,4,team1,kill,57.65
Rogue+Paladin_vs_Hunter+Shaman,Rogue+Paladin,Hunter+Shaman,5,team1,kill,55.50
Rogue+Paladin_vs_Hunter+Shaman,Rogue+Paladin,Hunter+Shaman,6,team1,kill,40.12
Rogue+Paladin_vs_Hunter+Shaman,Rogue+Paladin,Hunter+Shaman,7,team1,kill,40.33
Rogue+Paladin_vs_Hunter+Shaman,Rogue+Paladin,Hunter+Shaman,8,team1,kill,41.30
Rogue+Paladin_vs_Hunter+Shaman,Rogue+Paladin,Hunter+Shaman,9,team1,kill,59.10
Rogue+Hunter_vs_Warrior+Mage,Rogue+Hunter,Warrior+Mage,0,team2,kill,22.70
Rogue+Hunter_vs_Warrior+Mage,Rogue+Hunter,Warrior+Mage,1,team2,kill,23.90
Rogue+Hunter_vs_Warrior+Mage,Rogue+Hunter,Warrior+Mage,2,team1,kill,33.73
Rogue+Hunter_vs_Warrior+Mage,Rogue+Hunter,Warrior+Mage,3,team2,kill,26.85
Rogue+Hunter_vs_Warrior+Mage,Rogue+Hunter,Warrior+Mage,4,team2,kill,26.67
Rogue+Hunter_vs_Warrior+Mage,Rogue+Hunter,Warrior+Mage,5,team2,kill,34.82
Rogue+Hunter_vs_Warrior+Mage,Rogue+Hunter,Warrior+Mage,6,team2,kill,15.00
Rogue+Hunter_vs_Warrior+Mage,Rogue+Hunter,Warrior+Mage,7,team2,kill,35.48
Rogue+Hunter_vs_Warrior+Mage,Rogue+Hunter,Warrior+Mage,8,team1,kill,34.03
Rogue+Hunter_vs_Warrior+Mage,Rogue+Hunter,Warrior+Mage,9,team2,kill,34.82
Rogue+Hunter_vs_Warrior+Rogue,Rogue+Hunter,Warrior+Rogue,0,team1,kill,21.22
Rogue+Hunter_vs_Warrior+Rogue,Rogue+Hunter,Warrior+Rogue,1,team1,kill,20.18
Rogue+Hunter_vs_Warrior+Rogue,Rogue+Hunter,Warrior+Rogue,2,team1,kill,21.60
Rogue+Hunter_vs_Warrior+Rogue,Rogue+Hunter,Warrior+Rogue,3,team1,kill,20.93
Rogue+Hunter_vs_Warrior+Rogue,Rogue+Hunter,Warrior+Rogue,4,team1,kill,21.90
Rogue+Hunter_vs_Warrior+Rogue,Rogue+Hunter,Warrior+Rogue,5,team1,kill,20.43
Rogue+Hunter_vs_Warrior+Rogue,Rogue+Hunter,Warrior+Rogue,6,team1,kill,21.22
Rogue+Hunter_vs_Warrior+Rogue,Rogue+Hunter,Warrior+Rogue,7,team1,kill,20.45
Rogue+Hunter_vs_Warrior+Rogue,Rogue+Hunter,Warrior+Rogue,8,team1,kill,20.47
Rogue+Hunter_vs_Warrior+Rogue,Rogue+Hunter,Warrior+Rogue,9,team1,kill,20.47
Rogue+Hunter_vs_Warrior+Priest,Rogue+Hunter,Warrior+Priest,0,team1,kill,42.98
Rogue+Hunter_vs_Warrior+Priest,Rogue+Hunter,Warrior+Priest,1,team1,kill,43.72
Rogue+Hunter_vs_Warrior+Priest,Rogue+Hunter,Warrior+Priest,2,team1,kill,42.47
Rogue+Hunter_vs_Warrior+Priest,Rogue+Hunter,Warrior+Priest,3,team1,kill,45.03
Rogue+Hunter_vs_Warrior+Priest,Rogue+Hunter,Warrior+Priest,4,team1,kill,43.23
Rogue+Hunter_vs_Warrior+Priest,Rogue+Hunter,Warrior+Priest,5,team1,kill,48.78
Rogue+Hunter_vs_Warrior+Priest,Rogue+Hunter,Warrior+Priest,6,team1,kill,50.65
Rogue+Hunter_vs_Warrior+Priest,Rogue+Hunter,Warrior+Priest,7,team1,kill,38.28
Rogue+Hunter_vs_Warrior+Priest,Rogue+Hunter,Warrior+Priest,8,team1,kill,40.80
Rogue+Hunter_vs_Warrior+Priest,Rogue+Hunter,Warrior+Priest,9,team1,kill,43.72
Rogue+Hunter_vs_Warrior+Warlock,Rogue+Hunter,Warrior+Warlock,0,team1,kill,25.15
Rogue+Hunter_vs_Warrior+Warlock,Rogue+Hunter,Warrior+Warlock,1,team1,kill,23.97
Rogue+Hunter_vs_Warrior+Warlock,Rogue+Hunter,Warrior+Warlock,2,team1,kill,19.82
Rogue+Hunter_vs_Warrior+Warlock,Rogue+Hunter,Warrior+Warlock,3,team1,kill,24.00
Rogue+Hunter_vs_Warrior+Warlock,Rogue+Hunter,Warrior+Warlock,4,team1,kill,21.47
Rogue+Hunter_vs_Warrior+Warlock,Rogue+Hunter,Warrior+Warlock,5,team1,kill,23.38
Rogue+Hunter_vs_Warrior+Warlock,Rogue+Hunter,Warrior+Warlock,6,team1,kill,20.20
Rogue+Hunter_vs_Warrior+Warlock,Rogue+Hunter,Warrior+Warlock,7,team1,kill,23.82
Rogue+Hunter_vs_Warrior+Warlock,Rogue+Hunter,Warrior+Warlock,8,team1,kill,24.08
Rogue+Hunter_vs_Warrior+Warlock,Rogue+Hunter,Warrior+Warlock,9,team1,kill,25.05
Rogue+Hunter_vs_Warrior+Paladin,Rogue+Hunter,Warrior+Paladin,0,team2,kill,65.85
Rogue+Hunter_vs_Warrior+Paladin,Rogue+Hunter,Warrior+Paladin,1,team2,kill,55.25
Rogue+Hunter_vs_Warrior+Paladin,Rogue+Hunter,Warrior+Paladin,2,team2,kill,61.82
Rogue+Hunter_vs_Warrior+Paladin,Rogue+Hunter,Warrior+Paladin,3,team2,kill,42.85
Rogue+Hunter_vs_Warrior+Paladin,Rogue+Hunter,Warrior+Paladin,4,team2,kill,54.52
Rogue+Hunter_vs_Warrior+Paladin,Rogue+Hunter,Warrior+Paladin,5,team2,kill,42.13
Rogue+Hunter_vs_Warrior+Paladin,Rogue+Hunter,Warrior+Paladin,6,team2,kill,113.06
Rogue+Hunter_vs_Warrior+Paladin,Rogue+Hunter,Warrior+Paladin,7,team2,kill,57.13
Rogue+Hunter_vs_Warrior+Paladin,Rogue+Hunter,Warrior+Paladin,8,team2,kill,125.93
Rogue+Hunter_vs_Warrior+Paladin,Rogue+Hunter,Warrior+Paladin,9,team2,kill,92.92
Rogue+Hunter_vs_Warrior+Hunter,Rogue+Hunter,Warrior+Hunter,0,team2,kill,22.92
Rogue+Hunter_vs_Warrior+Hunter,Rogue+Hunter,Warrior+Hunter,1,team2,kill,22.92
Rogue+Hunter_vs_Warrior+Hunter,Rogue+Hunter,Warrior+Hunter,2,team2,kill,22.92
Rogue+Hunter_vs_Warrior+Hunter,Rogue+Hunter,Warrior+Hunter,3,team2,kill,23.05
Rogue+Hunter_vs_Warrior+Hunter,Rogue+Hunter,Warrior+Hunter,4,team2,kill,23.05
Rogue+Hunter_vs_Warrior+Hunter,Rogue+Hunter,Warrior+Hunter,5,team2,kill,19.03
Rogue+Hunter_vs_Warrior+Hunter,Rogue+Hunter,Warrior+Hunter,6,team2,kill,22.92
Rogue+Hunter_vs_Warrior+Hunter,Rogue+Hunter,Warrior+Hunter,7,team2,kill,19.03
Rogue+Hunter_vs_Warrior+Hunter,Rogue+Hunter,Warrior+Hunter,8,team2,kill,26.12
Rogue+Hunter_vs_Warrior+Hunter,Rogue+Hunter,Warrior+Hunter,9,team2,kill,22.92
Rogue+Hunter_vs_Warrior+Shaman,Rogue+Hunter,Warrior+Shaman,0,team1,kill,39.22
Rogue+Hunter_vs_Warrior+Shaman,Rogue+Hunter,Warrior+Shaman,1,team1,kill,35.78
Rogue+Hunter_vs_Warrior+Shaman,Rogue+Hunter,Warrior+Shaman,2,team1,kill,37.47
Rogue+Hunter_vs_Warrior+Shaman,Rogue+Hunter,Warrior+Shaman,3,team1,kill,45.20
Rogue+Hunter_vs_Warrior+Shaman,Rogue+Hunter,Warrior+Shaman,4,team1,kill,33.42
Rogue+Hunter_vs_Warrior+Shaman,Rogue+Hunter,Warrior+Shaman,5,team1,kill,48.07
Rogue+Hunter_vs_Warrior+Shaman,Rogue+Hunter,Warrior+Shaman,6,team1,kill,36.55
Rogue+Hunter_vs_Warrior+Shaman,Rogue+Hunter,Warrior+Shaman,7,team1,kill,35.78
Rogue+Hunter_vs_Warrior+Shaman,Rogue+Hunter,Warrior+Shaman,8,team1,kill,39.85
Rogue+Hunter_vs_Warrior+Shaman,Rogue+Hunter,Warrior+Shaman,9,team1,kill,35.78
Rogue+Hunter_vs_Mage+Rogue,Rogue+Hunter,Mage+Rogue,0,team1,kill,23.70
Rogue+Hunter_vs_Mage+Rogue,Rogue+Hunter,Mage+Rogue,1,team1,kill,26.73
Rogue+Hunter_vs_Mage+Rogue,Rogue+Hunter,Mage+Rogue,2,team1,kill,23.70
Rogue+Hunter_vs_Mage+Rogue,Rogue+Hunter,Mage+Rogue,3,team1,kill,26.40
Rogue+Hunter_vs_Mage+Rogue,Rogue+Hunter,Mage+Rogue,4,team1,kill,25.53
Rogue+Hunter_vs_Mage+Rogue,Rogue+Hunter,Mage+Rogue,5,team1,kill,24.02
Rogue+Hunter_vs_Mage+Rogue,Rogue+Hunter,Mage+Rogue,6,team1,kill,23.50
Rogue+Hunter_vs_Mage+Rogue,Rogue+Hunter,Mage+Rogue,7,team1,kill,22.90
Rogue+Hunter_vs_Mage+Rogue,Rogue+Hunter,Mage+Rogue,8,team1,kill,23.73
Rogue+Hunter_vs_Mage+Rogue,Rogue+Hunter,Mage+Rogue,9,team1,kill,27.77
Rogue+Hunter_vs_Mage+Priest,Rogue+Hunter,Mage+Priest,0,team2,kill,24.45
Rogue+Hunter_vs_Mage+Priest,Rogue+Hunter,Mage+Priest,1,team2,kill,24.45
Rogue+Hunter_vs_Mage+Priest,Rogue+Hunter,Mage+Priest,2,team2,kill,24.45
Rogue+Hunter_vs_Mage+Priest,Rogue+Hunter,Mage+Priest,3,team2,kill,24.45
Rogue+Hunter_vs_Mage+Priest,Rogue+Hunter,Mage+Priest,4,team2,kill,24.45
Rogue+Hunter_vs_Mage+Priest,Rogue+Hunter,Mage+Priest,5,team2,kill,24.45
Rogue+Hunter_vs_Mage+Priest,Rogue+Hunter,Mage+Priest,6,team2,kill,24.45
Rogue+Hunter_vs_Mage+Priest,Rogue+Hunter,Mage+Priest,7,team2,kill,24.45
Rogue+Hunter_vs_Mage+Priest,Rogue+Hunter,Mage+Priest,8,team2,kill,24.45
Rogue+Hunter_vs_Mage+Priest,Rogue+Hunter,Mage+Priest,9,team2,kill,24.45
Rogue+Hunter_vs_Mage+Warlock,Rogue+Hunter,Mage+Warlock,0,team2,kill,23.57
Rogue+Hunter_vs_Mage+Warlock,Rogue+Hunter,Mage+Warlock,1,team2,kill,24.37
Rogue+Hunter_vs_Mage+Warlock,Rogue+Hunter,Mage+Warlock,2,team2,kill,22.53
Rogue+Hunter_vs_Mage+Warlock,Rogue+Hunter,Mage+Warlock,3,team2,kill,24.32
Rogue+Hunter_vs_Mage+Warlock,Rogue+Hunter,Mage+Warlock,4,team2,kill,17.27
Rogue+Hunter_vs_Mage+Warlock,Rogue+Hunter,Mage+Warlock,5,team2,kill,24.27
Rogue+Hunter_vs_Mage+Warlock,Rogue+Hunter,Mage+Warlock,6,team2,kill,21.37
Rogue+Hunter_vs_Mage+Warlock,Rogue+Hunter,Mage+Warlock,7,team2,kill,22.30
Rogue+Hunter_vs_Mage+Warlock,Rogue+Hunter,Mage+Warlock,8,team2,kill,24.37
Rogue+Hunter_vs_Mage+Warlock,Rogue+Hunter,Mage+Warlock,9,team2,kill,23.23
Rogue+Hunter_vs_Mage+Paladin,Rogue+Hunter,Mage+Paladin,0,team2,kill,33.25
Rogue+Hunter_vs_Mage+Paladin,Rogue+Hunter,Mage+Paladin,1,team2,kill,34.25
Rogue+Hunter_vs_Mage+Paladin,Rogue+Hunter,Mage+Paladin,2,team2,kill,34.77
Rogue+Hunter_vs_Mage+Paladin,Rogue+Hunter,Mage+Paladin,3,team2,kill,34.77
Rogue+Hunter_vs_Mage+Paladin,Rogue+Hunter,Mage+Paladin,4,team2,kill,34.53
Rogue+Hunter_vs_Mage+Paladin,Rogue+Hunter,Mage+Paladin,5,team2,kill,36.28
Rogue+Hunter_vs_Mage+Paladin,Rogue+Hunter,Mage+Paladin,6,team2,kill,32.02
Rogue+Hunter_vs_Mage+Paladin,Rogue+Hunter,Mage+Paladin,7,team2,kill,20.13
Rogue+Hunter_vs_Mage+Paladin,Rogue+Hunter,Mage+Paladin,8,team2,kill,20.30
Rogue+Hunter_vs_Mage+Paladin,Rogue+Hunter,Mage+Paladin,9,team2,kill,34.32
Rogue+Hunter_vs_Mage+Hunter,Rogue+Hunter,Mage+Hunter,0,team2,kill,17.40
Rogue+Hunter_vs_Mage+Hunter,Rogue+Hunter,Mage+Hunter,1,team2,kill,17.40
Rogue+Hunter_vs_Mage+Hunter,Rogue+Hunter,Mage+Hunter,2,team2,kill,17.40
Rogue+Hunter_vs_Mage+Hunter,Rogue+Hunter,Mage+Hunter,3,team2,kill,17.40
Rogue+Hunter_vs_Mage+Hunter,Rogue+Hunter,Mage+Hunter,4,team2,kill,17.40
Rogue+Hunter_vs_Mage+Hunter,Rogue+Hunter,Mage+Hunter,5,team2,kill,17.40
Rogue+Hunter_vs_Mage+Hunter,Rogue+Hunter,Mage+Hunter,6,team2,kill,17.40
Rogue+Hunter_vs_Mage+Hunter,Rogue+Hunter,Mage+Hunter,7,team2,kill,17.38
Rogue+Hunter_vs_Mage+Hunter,Rogue+Hunter,Mage+Hunter,8,team2,kill,17.40
Rogue+Hunter_vs_Mage+Hunter,Rogue+Hunter,Mage+Hunter,9,team2,kill,17.40
Rogue+Hunter_vs_Mage+Shaman,Rogue+Hunter,Mage+Shaman,0,team2,kill,19.60
Rogue+Hunter_vs_Mage+Shaman,Rogue+Hunter,Mage+Shaman,1,team2,kill,19.60
Rogue+Hunter_vs_Mage+Shaman,Rogue+Hunter,Mage+Shaman,2,team2,kill,21.08
Rogue+Hunter_vs_Mage+Shaman,Rogue+Hunter,Mage+Shaman,3,team2,kill,18.22
Rogue+Hunter_vs_Mage+Shaman,Rogue+Hunter,Mage+Shaman,4,team2,kill,15.82
Rogue+Hunter_vs_Mage+Shaman,Rogue+Hunter,Mage+Shaman,5,team2,kill,19.65
Rogue+Hunter_vs_Mage+Shaman,Rogue+Hunter,Mage+Shaman,6,team2,kill,19.60
Rogue+Hunter_vs_Mage+Shaman,Rogue+Hunter,Mage+Shaman,7,team2,kill,13.53
Rogue+Hunter_vs_Mage+Shaman,Rogue+Hunter,Mage+Shaman,8,team2,kill,18.22
Rogue+Hunter_vs_Mage+Shaman,Rogue+Hunter,Mage+Shaman,9,team2,kill,13.53
Rogue+Hunter_vs_Rogue+Priest,Rogue+Hunter,Rogue+Priest,0,team2,kill,24.07
Rogue+Hunter_vs_Rogue+Priest,Rogue+Hunter,Rogue+Priest,1,team2,kill,21.45
Rogue+Hunter_vs_Rogue+Priest,Rogue+Hunter,Rogue+Priest,2,team2,kill,22.10
Rogue+Hunter_vs_Rogue+Priest,Rogue+Hunter,Rogue+Priest,3,team2,kill,24.07
Rogue+Hunter_vs_Rogue+Priest,Rogue+Hunter,Rogue+Priest,4,team2,kill,22.18
Rogue+Hunter_vs_Rogue+Priest,Rogue+Hunter,Rogue+Priest,5,team2,kill,23.60
Rogue+Hunter_vs_Rogue+Priest,Rogue+Hunter,Rogue+Priest,6,team2,kill,21.43
Rogue+Hunter_vs_Rogue+Priest,Rogue+Hunter,Rogue+Priest,7,team2,kill,22.18
Rogue+Hunter_vs_Rogue+Priest,Rogue+Hunter,Rogue+Priest,8,team2,kill,22.83
Rogue+Hunter_vs_Rogue+Priest,Rogue+Hunter,Rogue+Priest,9,team1,kill,23.72
Rogue+Hunter_vs_Rogue+Warlock,Rogue+Hunter,Rogue+Warlock,0,team2,kill,22.48
Rogue+Hunter_vs_Rogue+Warlock,Rogue+Hunter,Rogue+Warlock,1,team1,kill,22.47
Rogue+Hunter_vs_Rogue+Warlock,Rogue+Hunter,Rogue+Warlock,2,team2,kill,21.47
Rogue+Hunter_vs_Rogue+Warlock,Rogue+Hunter,Rogue+Warlock,3,team1,kill,21.32
Rogue+Hunter_vs_Rogue+Warlock,Rogue+Hunter,Rogue+Warlock,4,team2,kill,22.48
Rogue+Hunter_vs_Rogue+Warlock,Rogue+Hunter,Rogue+Warlock,5,team2,kill,22.65
Rogue+Hunter_vs_Rogue+Warlock,Rogue+Hunter,Rogue+Warlock,6,team2,kill,20.48
Rogue+Hunter_vs_Rogue+Warlock,Rogue+Hunter,Rogue+Warlock,7,team1,kill,21.32
Rogue+Hunter_vs_Rogue+Warlock,Rogue+Hunter,Rogue+Warlock,8,team2,kill,21.80
Rogue+Hunter_vs_Rogue+Warlock,Rogue+Hunter,Rogue+Warlock,9,team2,kill,21.43
Rogue+Hunter_vs_Rogue+Paladin,Rogue+Hunter,Rogue+Paladin,0,team1,kill,53.12
Rogue+Hunter_vs_Rogue+Paladin,Rogue+Hunter,Rogue+Paladin,1,team2,kill,30.63
Rogue+Hunter_vs_Rogue+Paladin,Rogue+Hunter,Rogue+Paladin,2,team2,kill,24.50
Rogue+Hunter_vs_Rogue+Paladin,Rogue+Hunter,Rogue+Paladin,3,team1,kill,53.75
Rogue+Hunter_vs_Rogue+Paladin,Rogue+Hunter,Rogue+Paladin,4,team1,kill,53.43
Rogue+Hunter_vs_Rogue+Paladin,Rogue+Hunter,Rogue+Paladin,5,team1,kill,52.43
Rogue+Hunter_vs_Rogue+Paladin,Rogue+Hunter,Rogue+Paladin,6,team1,kill,54.28
Rogue+Hunter_vs_Rogue+Paladin,Rogue+Hunter,Rogue+Paladin,7,team1,kill,54.82
Rogue+Hunter_vs_Rogue+Paladin,Rogue+Hunter,Rogue+Paladin,8,team2,kill,22.73
Rogue+Hunter_vs_Rogue+Paladin,Rogue+Hunter,Rogue+Paladin,9,team1,kill,54.08
Rogue+Hunter_vs_Rogue+Hunter,Rogue+Hunter,Rogue+Hunter,0,team1,kill,39.22
Rogue+Hunter_vs_Rogue+Hunter,Rogue+Hunter,Rogue+Hunter,1,team1,kill,31.83
Rogue+Hunter_vs_Rogue+Hunter,Rogue+Hunter,Rogue+Hunter,2,team1,kill,36.12
Rogue+Hunter_vs_Rogue+Hunter,Rogue+Hunter,Rogue+Hunter,3,team2,kill,34.22
Rogue+Hunter_vs_Rogue+Hunter,Rogue+Hunter,Rogue+Hunter,4,team1,kill,34.98
Rogue+Hunter_vs_Rogue+Hunter,Rogue+Hunter,Rogue+Hunter,5,team2,kill,35.37
Rogue+Hunter_vs_Rogue+Hunter,Rogue+Hunter,Rogue+Hunter,6,team2,kill,42.30
Rogue+Hunter_vs_Rogue+Hunter,Rogue+Hunter,Rogue+Hunter,7,team2,kill,33.98
Rogue+Hunter_vs_Rogue+Hunter,Rogue+Hunter,Rogue+Hunter,8,team2,kill,39.88
Rogue+Hunter_vs_Rogue+Hunter,Rogue+Hunter,Rogue+Hunter,9,team1,kill,35.77
Rogue+Hunter_vs_Rogue+Shaman,Rogue+Hunter,Rogue+Shaman,0,team1,kill,21.02
Rogue+Hunter_vs_Rogue+Shaman,Rogue+Hunter,Rogue+Shaman,1,team1,kill,20.57
Rogue+Hunter_vs_Rogue+Shaman,Rogue+Hunter,Rogue+Shaman,2,team1,kill,18.05
Rogue+Hunter_vs_Rogue+Shaman,Rogue+Hunter,Rogue+Shaman,3,team1,kill,21.00
Rogue+Hunter_vs_Rogue+Shaman,Rogue+Hunter,Rogue+Shaman,4,team1,kill,18.82
Rogue+Hunter_vs_Rogue+Shaman,Rogue+Hunter,Rogue+Shaman,5,team1,kill,20.57
Rogue+Hunter_vs_Rogue+Shaman,Rogue+Hunter,Rogue+Shaman,6,team1,kill,19.00
Rogue+Hunter_vs_Rogue+Shaman,Rogue+Hunter,Rogue+Shaman,7,team1,kill,19.35
Rogue+Hunter_vs_Rogue+Shaman,Rogue+Hunter,Rogue+Shaman,8,team1,kill,21.02
Rogue+Hunter_vs_Rogue+Shaman,Rogue+Hunter,Rogue+Shaman,9,team1,kill,18.08
Rogue+Hunter_vs_Priest+Warlock,Rogue+Hunter,Priest+Warlock,0,team2,kill,29.45
Rogue+Hunter_vs_Priest+Warlock,Rogue+Hunter,Priest+Warlock,1,team2,kill,27.60
Rogue+Hunter_vs_Priest+Warlock,Rogue+Hunter,Priest+Warlock,2,team2,kill,26.30
Rogue+Hunter_vs_Priest+Warlock,Rogue+Hunter,Priest+Warlock,3,team2,kill,28.02
Rogue+Hunter_vs_Priest+Warlock,Rogue+Hunter,Priest+Warlock,4,team1,kill,25.72
Rogue+Hunter_vs_Priest+Warlock,Rogue+Hunter,Priest+Warlock,5,team1,kill,24.28
Rogue+Hunter_vs_Priest+Warlock,Rogue+Hunter,Priest+Warlock,6,team2,kill,28.57
Rogue+Hunter_vs_Priest+Warlock,Rogue+Hunter,Priest+Warlock,7,team2,kill,27.72
Rogue+Hunter_vs_Priest+Warlock,Rogue+Hunter,Priest+Warlock,8,team2,kill,26.35
Rogue+Hunter_vs_Priest+Warlock,Rogue+Hunter,Priest+Warlock,9,team2,kill,29.13
Rogue+Hunter_vs_Priest+Hunter,Rogue+Hunter,Priest+Hunter,0,team2,kill,20.82
Rogue+Hunter_vs_Priest+Hunter,Rogue+Hunter,Priest+Hunter,1,team2,kill,20.82
Rogue+Hunter_vs_Priest+Hunter,Rogue+Hunter,Priest+Hunter,2,team2,kill,19.48
Rogue+Hunter_vs_Priest+Hunter,Rogue+Hunter,Priest+Hunter,3,team2,kill,22.67
Rogue+Hunter_vs_Priest+Hunter,Rogue+Hunter,Priest+Hunter,4,team2,kill,20.33
Rogue+Hunter_vs_Priest+Hunter,Rogue+Hunter,Priest+Hunter,5,team2,kill,19.83
Rogue+Hunter_vs_Priest+Hunter,Rogue+Hunter,Priest+Hunter,6,team2,kill,20.80
Rogue+Hunter_vs_Priest+Hunter,Rogue+Hunter,Priest+Hunter,7,team2,kill,19.83
Rogue+Hunter_vs_Priest+Hunter,Rogue+Hunter,Priest+Hunter,8,team2,kill,19.13
Rogue+Hunter_vs_Priest+Hunter,Rogue+Hunter,Priest+Hunter,9,team2,kill,19.57
Rogue+Hunter_vs_Warlock+Paladin,Rogue+Hunter,Warlock+Paladin,0,team2,kill,43.22
Rogue+Hunter_vs_Warlock+Paladin,Rogue+Hunter,Warlock+Paladin,1,team2,kill,35.82
Rogue+Hunter_vs_Warlock+Paladin,Rogue+Hunter,Warlock+Paladin,2,team2,kill,44.17
Rogue+Hunter_vs_Warlock+Paladin,Rogue+Hunter,Warlock+Paladin,3,team2,kill,44.58
Rogue+Hunter_vs_Warlock+Paladin,Rogue+Hunter,Warlock+Paladin,4,team2,kill,33.47
Rogue+Hunter_vs_Warlock+Paladin,Rogue+Hunter,Warlock+Paladin,5,team2,kill,43.25
Rogue+Hunter_vs_Warlock+Paladin,Rogue+Hunter,Warlock+Paladin,6,team2,kill,44.93
Rogue+Hunter_vs_Warlock+Paladin,Rogue+Hunter,Warlock+Paladin,7,team2,kill,45.43
Rogue+Hunter_vs_Warlock+Paladin,Rogue+Hunter,Warlock+Paladin,8,team2,kill,42.58
Rogue+Hunter_vs_Warlock+Paladin,Rogue+Hunter,Warlock+Paladin,9,team2,kill,35.82
Rogue+Hunter_vs_Warlock+Hunter,Rogue+Hunter,Warlock+Hunter,0,team2,kill,19.67
Rogue+Hunter_vs_Warlock+Hunter,Rogue+Hunter,Warlock+Hunter,1,team2,kill,20.57
Rogue+Hunter_vs_Warlock+Hunter,Rogue+Hunter,Warlock+Hunter,2,team2,kill,20.10
Rogue+Hunter_vs_Warlock+Hunter,Rogue+Hunter,Warlock+Hunter,3,team2,kill,20.32
Rogue+Hunter_vs_Warlock+Hunter,Rogue+Hunter,Warlock+Hunter,4,team2,kill,19.82
Rogue+Hunter_vs_Warlock+Hunter,Rogue+Hunter,Warlock+Hunter,5,team2,kill,20.80
Rogue+Hunter_vs_Warlock+Hunter,Rogue+Hunter,Warlock+Hunter,6,team2,kill,20.32
Rogue+Hunter_vs_Warlock+Hunter,Rogue+Hunter,Warlock+Hunter,7,team2,kill,18.52
Rogue+Hunter_vs_Warlock+Hunter,Rogue+Hunter,Warlock+Hunter,8,team2,kill,20.58
Rogue+Hunter_vs_Warlock+Hunter,Rogue+Hunter,Warlock+Hunter,9,team2,kill,17.68
Rogue+Hunter_vs_Warlock+Shaman,Rogue+Hunter,Warlock+Shaman,0,team2,kill,25.60
Rogue+Hunter_vs_Warlock+Shaman,Rogue+Hunter,Warlock+Shaman,1,team2,kill,25.67
Rogue+Hunter_vs_Warlock+Shaman,Rogue+Hunter,Warlock+Shaman,2,team2,kill,19.60
Rogue+Hunter_vs_Warlock+Shaman,Rogue+Hunter,Warlock+Shaman,3,team2,kill,19.60
Rogue+Hunter_vs_Warlock+Shaman,Rogue+Hunter,Warlock+Shaman,4,team2,kill,19.60
Rogue+Hunter_vs_Warlock+Shaman,Rogue+Hunter,Warlock+Shaman,5,team2,kill,25.67
Rogue+Hunter_vs_Warlock+Shaman,Rogue+Hunter,Warlock+Shaman,6,team2,kill,19.60
Rogue+Hunter_vs_Warlock+Shaman,Rogue+Hunter,Warlock+Shaman,7,team2,kill,17.33
Rogue+Hunter_vs_Warlock+Shaman,Rogue+Hunter,Warlock+Shaman,8,team2,kill,25.67
Rogue+Hunter_vs_Warlock+Shaman,Rogue+Hunter,Warlock+Shaman,9,team2,kill,25.67
Rogue+Hunter_vs_Paladin+Hunter,Rogue+Hunter,Paladin+Hunter,0,team2,kill,23.53
Rogue+Hunter_vs_Paladin+Hunter,Rogue+Hunter,Paladin+Hunter,1,team2,kill,23.27
Rogue+Hunter_vs_Paladin+Hunter,Rogue+Hunter,Paladin+Hunter,2,team2,kill,23.28
Rogue+Hunter_vs_Paladin+Hunter,Rogue+Hunter,Paladin+Hunter,3,team2,kill,23.53
Rogue+Hunter_vs_Paladin+Hunter,Rogue+Hunter,Paladin+Hunter,4,team2,kill,19.95
Rogue+Hunter_vs_Paladin+Hunter,Rogue+Hunter,Paladin+Hunter,5,team2,kill,23.25
Rogue+Hunter_vs_Paladin+Hunter,Rogue+Hunter,Paladin+Hunter,6,team2,kill,23.27
Rogue+Hunter_vs_Paladin+Hunter,Rogue+Hunter,Paladin+Hunter,7,team2,kill,23.23
Rogue+Hunter_vs_Paladin+Hunter,Rogue+Hunter,Paladin+Hunter,8,team2,kill,23.53
Rogue+Hunter_vs_Paladin+Hunter,Rogue+Hunter,Paladin+Hunter,9,team2,kill,23.28
Rogue+Hunter_vs_Hunter+Shaman,Rogue+Hunter,Hunter+Shaman,0,team2,kill,19.38
Rogue+Hunter_vs_Hunter+Shaman,Rogue+Hunter,Hunter+Shaman,1,team2,kill,16.97
Rogue+Hunter_vs_Hunter+Shaman,Rogue+Hunter,Hunter+Shaman,2,team2,kill,19.38
Rogue+Hunter_vs_Hunter+Shaman,Rogue+Hunter,Hunter+Shaman,3,team2,kill,16.97
Rogue+Hunter_vs_Hunter+Shaman,Rogue+Hunter,Hunter+Shaman,4,team2,kill,16.97
Rogue+Hunter_vs_Hunter+Shaman,Rogue+Hunter,Hunter+Shaman,5,team2,kill,16.97
Rogue+Hunter_vs_Hunter+Shaman,Rogue+Hunter,Hunter+Shaman,6,team2,kill,16.97
Rogue+Hunter_vs_Hunter+Shaman,Rogue+Hunter,Hunter+Shaman,7,team2,kill,16.97
Rogue+Hunter_vs_Hunter+Shaman,Rogue+Hunter,Hunter+Shaman,8,team2,kill,19.38
Rogue+Hunter_vs_Hunter+Shaman,Rogue+Hunter,Hunter+Shaman,9,team2,kill,19.38
Rogue+Shaman_vs_Warrior+Hunter,Rogue+Shaman,Warrior+Hunter,0,team2,kill,53.65
Rogue+Shaman_vs_Warrior+Hunter,Rogue+Shaman,Warrior+Hunter,1,team2,kill,31.92
Rogue+Shaman_vs_Warrior+Hunter,Rogue+Shaman,Warrior+Hunter,2,team2,kill,32.80
Rogue+Shaman_vs_Warrior+Hunter,Rogue+Shaman,Warrior+Hunter,3,team2,kill,29.73
Rogue+Shaman_vs_Warrior+Hunter,Rogue+Shaman,Warrior+Hunter,4,team2,kill,47.40
Rogue+Shaman_vs_Warrior+Hunter,Rogue+Shaman,Warrior+Hunter,5,team2,kill,40.48
Rogue+Shaman_vs_Warrior+Hunter,Rogue+Shaman,Warrior+Hunter,6,team1,kill,54.12
Rogue+Shaman_vs_Warrior+Hunter,Rogue+Shaman,Warrior+Hunter,7,team2,kill,34.70
Rogue+Shaman_vs_Warrior+Hunter,Rogue+Shaman,Warrior+Hunter,8,team2,kill,37.28
Rogue+Shaman_vs_Warrior+Hunter,Rogue+Shaman,Warrior+Hunter,9,team2,kill,37.08
Rogue+Shaman_vs_Mage+Hunter,Rogue+Shaman,Mage+Hunter,0,team2,kill,17.35
Rogue+Shaman_vs_Mage+Hunter,Rogue+Shaman,Mage+Hunter,1,team2,kill,17.72
Rogue+Shaman_vs_Mage+Hunter,Rogue+Shaman,Mage+Hunter,2,team2,kill,17.72
Rogue+Shaman_vs_Mage+Hunter,Rogue+Shaman,Mage+Hunter,3,team2,kill,17.72
Rogue+Shaman_vs_Mage+Hunter,Rogue+Shaman,Mage+Hunter,4,team2,kill,17.72
Rogue+Shaman_vs_Mage+Hunter,Rogue+Shaman,Mage+Hunter,5,team2,kill,17.72
Rogue+Shaman_vs_Mage+Hunter,Rogue+Shaman,Mage+Hunter,6,team2,kill,17.72
Rogue+Shaman_vs_Mage+Hunter,Rogue+Shaman,Mage+Hunter,7,team2,kill,17.72
Rogue+Shaman_vs_Mage+Hunter,Rogue+Shaman,Mage+Hunter,8,team2,kill,16.48
Rogue+Shaman_vs_Mage+Hunter,Rogue+Shaman,Mage+Hunter,9,team2,kill,17.72
Rogue+Shaman_vs_Rogue+Hunter,Rogue+Shaman,Rogue+Hunter,0,team2,kill,21.02
Rogue+Shaman_vs_Rogue+Hunter,Rogue+Shaman,Rogue+Hunter,1,team2,kill,20.57
Rogue+Shaman_vs_Rogue+Hunter,Rogue+Shaman,Rogue+Hunter,2,team2,kill,18.05
Rogue+Shaman_vs_Rogue+Hunter,Rogue+Shaman,Rogue+Hunter,3,team2,kill,21.00
Rogue+Shaman_vs_Rogue+Hunter,Rogue+Shaman,Rogue+Hunter,4,team2,kill,18.82
Rogue+Shaman_vs_Rogue+Hunter,Rogue+Shaman,Rogue+Hunter,5,team2,kill,20.57
Rogue+Shaman_vs_Rogue+Hunter,Rogue+Shaman,Rogue+Hunter,6,team2,kill,19.00
Rogue+Shaman_vs_Rogue+Hunter,Rogue+Shaman,Rogue+Hunter,7,team2,kill,19.35
Rogue+Shaman_vs_Rogue+Hunter,Rogue+Shaman,Rogue+Hunter,8,team2,kill,21.02
Rogue+Shaman_vs_Rogue+Hunter,Rogue+Shaman,Rogue+Hunter,9,team2,kill,18.08
Rogue+Shaman_vs_Priest+Hunter,Rogue+Shaman,Priest+Hunter,0,team1,kill,59.80
Rogue+Shaman_vs_Priest+Hunter,Rogue+Shaman,Priest+Hunter,1,team1,kill,55.18
Rogue+Shaman_vs_Priest+Hunter,Rogue+Shaman,Priest+Hunter,2,team1,kill,42.53
Rogue+Shaman_vs_Priest+Hunter,Rogue+Shaman,Priest+Hunter,3,team1,kill,33.93
Rogue+Shaman_vs_Priest+Hunter,Rogue+Shaman,Priest+Hunter,4,team1,kill,43.12
Rogue+Shaman_vs_Priest+Hunter,Rogue+Shaman,Priest+Hunter,5,team1,kill,46.03
Rogue+Shaman_vs_Priest+Hunter,Rogue+Shaman,Priest+Hunter,6,team1,kill,34.82
Rogue+Shaman_vs_Priest+Hunter,Rogue+Shaman,Priest+Hunter,7,team1,kill,40.83
Rogue+Shaman_vs_Priest+Hunter,Rogue+Shaman,Priest+Hunter,8,team1,kill,35.67
Rogue+Shaman_vs_Priest+Hunter,Rogue+Shaman,Priest+Hunter,9,team1,kill,36.75
Rogue+Shaman_vs_Warlock+Hunter,Rogue+Shaman,Warlock+Hunter,0,team2,kill,30.37
Rogue+Shaman_vs_Warlock+Hunter,Rogue+Shaman,Warlock+Hunter,1,team2,kill,35.60
Rogue+Shaman_vs_Warlock+Hunter,Rogue+Shaman,Warlock+Hunter,2,team2,kill,30.23
Rogue+Shaman_vs_Warlock+Hunter,Rogue+Shaman,Warlock+Hunter,3,team2,kill,38.02
Rogue+Shaman_vs_Warlock+Hunter,Rogue+Shaman,Warlock+Hunter,4,team1,kill,49.52
Rogue+Shaman_vs_Warlock+Hunter,Rogue+Shaman,Warlock+Hunter,5,team2,kill,38.42
Rogue+Shaman_vs_Warlock+Hunter,Rogue+Shaman,Warlock+Hunter,6,team1,kill,52.72
Rogue+Shaman_vs_Warlock+Hunter,Rogue+Shaman,Warlock+Hunter,7,team2,kill,34.08
Rogue+Shaman_vs_Warlock+Hunter,Rogue+Shaman,Warlock+Hunter,8,team1,kill,59.75
Rogue+Shaman_vs_Warlock+Hunter,Rogue+Shaman,Warlock+Hunter,9,team1,kill,47.80
Rogue+Shaman_vs_Paladin+Hunter,Rogue+Shaman,Paladin+Hunter,0,team1,kill,81.57
Rogue+Shaman_vs_Paladin+Hunter,Rogue+Shaman,Paladin+Hunter,1,team1,kill,80.14
Rogue+Shaman_vs_Paladin+Hunter,Rogue+Shaman,Paladin+Hunter,2,team1,kill,87.04
Rogue+Shaman_vs_Paladin+Hunter,Rogue+Shaman,Paladin+Hunter,3,team1,kill,79.10
Rogue+Shaman_vs_Paladin+Hunter,Rogue+Shaman,Paladin+Hunter,4,team1,kill,93.82
Rogue+Shaman_vs_Paladin+Hunter,Rogue+Shaman,Paladin+Hunter,5,team1,kill,73.02
Rogue+Shaman_vs_Paladin+Hunter,Rogue+Shaman,Paladin+Hunter,6,team1,kill,81.90
Rogue+Shaman_vs_Paladin+Hunter,Rogue+Shaman,Paladin+Hunter,7,team1,kill,80.17
Rogue+Shaman_vs_Paladin+Hunter,Rogue+Shaman,Paladin+Hunter,8,team1,kill,66.65
Rogue+Shaman_vs_Paladin+Hunter,Rogue+Shaman,Paladin+Hunter,9,team1,kill,74.88
Rogue+Shaman_vs_Hunter+Shaman,Rogue+Shaman,Hunter+Shaman,0,team1,kill,41.02
Rogue+Shaman_vs_Hunter+Shaman,Rogue+Shaman,Hunter+Shaman,1,team1,kill,42.53
Rogue+Shaman_vs_Hunter+Shaman,Rogue+Shaman,Hunter+Shaman,2,team1,kill,54.25
Rogue+Shaman_vs_Hunter+Shaman,Rogue+Shaman,Hunter+Shaman,3,team1,kill,61.92
Rogue+Shaman_vs_Hunter+Shaman,Rogue+Shaman,Hunter+Shaman,4,team1,kill,68.32
Rogue+Shaman_vs_Hunter+Shaman,Rogue+Shaman,Hunter+Shaman,5,team1,kill,41.02
Rogue+Shaman_vs_Hunter+Shaman,Rogue+Shaman,Hunter+Shaman,6,team1,kill,53.18
Rogue+Shaman_vs_Hunter+Shaman,Rogue+Shaman,Hunter+Shaman,7,team1,kill,40.63
Rogue+Shaman_vs_Hunter+Shaman,Rogue+Shaman,Hunter+Shaman,8,team1,kill,41.97
Rogue+Shaman_vs_Hunter+Shaman,Rogue+Shaman,Hunter+Shaman,9,team1,kill,41.02
Priest+Warlock_vs_Warrior+Hunter,Priest+Warlock,Warrior+Hunter,0,team1,kill,24.78
Priest+Warlock_vs_Warrior+Hunter,Priest+Warlock,Warrior+Hunter,1,team1,kill,27.03
Priest+Warlock_vs_Warrior+Hunter,Priest+Warlock,Warrior+Hunter,2,team1,kill,28.08
Priest+Warlock_vs_Warrior+Hunter,Priest+Warlock,Warrior+Hunter,3,team1,kill,28.40
Priest+Warlock_vs_Warrior+Hunter,Priest+Warlock,Warrior+Hunter,4,team1,kill,29.03
Priest+Warlock_vs_Warrior+Hunter,Priest+Warlock,Warrior+Hunter,5,team1,kill,28.80
Priest+Warlock_vs_Warrior+Hunter,Priest+Warlock,Warrior+Hunter,6,team1,kill,28.35
Priest+Warlock_vs_Warrior+Hunter,Priest+Warlock,Warrior+Hunter,7,team1,kill,28.80
Priest+Warlock_vs_Warrior+Hunter,Priest+Warlock,Warrior+Hunter,8,team1,kill,27.13
Priest+Warlock_vs_Warrior+Hunter,Priest+Warlock,Warrior+Hunter,9,team1,kill,26.22
Priest+Warlock_vs_Mage+Hunter,Priest+Warlock,Mage+Hunter,0,team1,kill,30.27
Priest+Warlock_vs_Mage+Hunter,Priest+Warlock,Mage+Hunter,1,team1,kill,30.65
Priest+Warlock_vs_Mage+Hunter,Priest+Warlock,Mage+Hunter,2,team1,kill,30.65
Priest+Warlock_vs_Mage+Hunter,Priest+Warlock,Mage+Hunter,3,team1,kill,30.65
Priest+Warlock_vs_Mage+Hunter,Priest+Warlock,Mage+Hunter,4,team1,kill,30.22
Priest+Warlock_vs_Mage+Hunter,Priest+Warlock,Mage+Hunter,5,team1,kill,31.12
Priest+Warlock_vs_Mage+Hunter,Priest+Warlock,Mage+Hunter,6,team1,kill,30.65
Priest+Warlock_vs_Mage+Hunter,Priest+Warlock,Mage+Hunter,7,team1,kill,30.65
Priest+Warlock_vs_Mage+Hunter,Priest+Warlock,Mage+Hunter,8,team1,kill,30.27
Priest+Warlock_vs_Mage+Hunter,Priest+Warlock,Mage+Hunter,9,team1,kill,30.22
Priest+Warlock_vs_Rogue+Hunter,Priest+Warlock,Rogue+Hunter,0,team1,kill,29.17
Priest+Warlock_vs_Rogue+Hunter,Priest+Warlock,Rogue+Hunter,1,team1,kill,28.77
Priest+Warlock_vs_Rogue+Hunter,Priest+Warlock,Rogue+Hunter,2,team1,kill,29.55
Priest+Warlock_vs_Rogue+Hunter,Priest+Warlock,Rogue+Hunter,3,team1,kill,26.97
Priest+Warlock_vs_Rogue+Hunter,Priest+Warlock,Rogue+Hunter,4,team2,kill,25.72
Priest+Warlock_vs_Rogue+Hunter,Priest+Warlock,Rogue+Hunter,5,team1,kill,29.27
Priest+Warlock_vs_Rogue+Hunter,Priest+Warlock,Rogue+Hunter,6,team1,kill,29.37
Priest+Warlock_vs_Rogue+Hunter,Priest+Warlock,Rogue+Hunter,7,team1,kill,27.25
Priest+Warlock_vs_Rogue+Hunter,Priest+Warlock,Rogue+Hunter,8,team1,kill,31.67
Priest+Warlock_vs_Rogue+Hunter,Priest+Warlock,Rogue+Hunter,9,team2,kill,27.03
Priest+Warlock_vs_Priest+Hunter,Priest+Warlock,Priest+Hunter,0,team1,kill,51.32
Priest+Warlock_vs_Priest+Hunter,Priest+Warlock,Priest+Hunter,1,team1,kill,54.37
Priest+Warlock_vs_Priest+Hunter,Priest+Warlock,Priest+Hunter,2,team1,kill,35.92
Priest+Warlock_vs_Priest+Hunter,Priest+Warlock,Priest+Hunter,3,team1,kill,92.09
Priest+Warlock_vs_Priest+Hunter,Priest+Warlock,Priest+Hunter,4,team1,kill,58.55
Priest+Warlock_vs_Priest+Hunter,Priest+Warlock,Priest+Hunter,5,team2,kill,51.40
Priest+Warlock_vs_Priest+Hunter,Priest+Warlock,Priest+Hunter,6,team1,kill,50.23
Priest+Warlock_vs_Priest+Hunter,Priest+Warlock,Priest+Hunter,7,team1,kill,36.65
Priest+Warlock_vs_Priest+Hunter,Priest+Warlock,Priest+Hunter,8,team2,kill,57.13
Priest+Warlock_vs_Priest+Hunter,Priest+Warlock,Priest+Hunter,9,team1,kill,51.27
Priest+Warlock_vs_Warlock+Hunter,Priest+Warlock,Warlock+Hunter,0,team1,kill,40.02
Priest+Warlock_vs_Warlock+Hunter,Priest+Warlock,Warlock+Hunter,1,team1,kill,33.40
Priest+Warlock_vs_Warlock+Hunter,Priest+Warlock,Warlock+Hunter,2,team1,kill,36.27
Priest+Warlock_vs_Warlock+Hunter,Priest+Warlock,Warlock+Hunter,3,team1,kill,34.55
Priest+Warlock_vs_Warlock+Hunter,Priest+Warlock,Warlock+Hunter,4,team2,kill,37.35
Priest+Warlock_vs_Warlock+Hunter,Priest+Warlock,Warlock+Hunter,5,team2,kill,36.73
Priest+Warlock_vs_Warlock+Hunter,Priest+Warlock,Warlock+Hunter,6,team1,kill,30.95
Priest+Warlock_vs_Warlock+Hunter,Priest+Warlock,Warlock+Hunter,7,team1,kill,32.48
Priest+Warlock_vs_Warlock+Hunter,Priest+Warlock,Warlock+Hunter,8,team1,kill,33.17
Priest+Warlock_vs_Warlock+Hunter,Priest+Warlock,Warlock+Hunter,9,team1,kill,32.33
Priest+Warlock_vs_Paladin+Hunter,Priest+Warlock,Paladin+Hunter,0,team1,kill,82.75
Priest+Warlock_vs_Paladin+Hunter,Priest+Warlock,Paladin+Hunter,1,team1,kill,62.40
Priest+Warlock_vs_Paladin+Hunter,Priest+Warlock,Paladin+Hunter,2,team1,kill,75.57
Priest+Warlock_vs_Paladin+Hunter,Priest+Warlock,Paladin+Hunter,3,team1,kill,77.25
Priest+Warlock_vs_Paladin+Hunter,Priest+Warlock,Paladin+Hunter,4,team1,kill,69.37
Priest+Warlock_vs_Paladin+Hunter,Priest+Warlock,Paladin+Hunter,5,team1,kill,60.73
Priest+Warlock_vs_Paladin+Hunter,Priest+Warlock,Paladin+Hunter,6,team1,kill,81.04
Priest+Warlock_vs_Paladin+Hunter,Priest+Warlock,Paladin+Hunter,7,team1,kill,81.05
Priest+Warlock_vs_Paladin+Hunter,Priest+Warlock,Paladin+Hunter,8,team1,kill,77.02
Priest+Warlock_vs_Paladin+Hunter,Priest+Warlock,Paladin+Hunter,9,team1,kill,72.47
Priest+Warlock_vs_Hunter+Shaman,Priest+Warlock,Hunter+Shaman,0,team1,kill,59.78
Priest+Warlock_vs_Hunter+Shaman,Priest+Warlock,Hunter+Shaman,1,team2,kill,47.87
Priest+Warlock_vs_Hunter+Shaman,Priest+Warlock,Hunter+Shaman,2,team1,kill,44.20
Priest+Warlock_vs_Hunter+Shaman,Priest+Warlock,Hunter+Shaman,3,team1,kill,45.92
Priest+Warlock_vs_Hunter+Shaman,Priest+Warlock,Hunter+Shaman,4,team2,kill,52.55
Priest+Warlock_vs_Hunter+Shaman,Priest+Warlock,Hunter+Shaman,5,team1,kill,48.02
Priest+Warlock_vs_Hunter+Shaman,Priest+Warlock,Hunter+Shaman,6,team1,kill,40.95
Priest+Warlock_vs_Hunter+Shaman,Priest+Warlock,Hunter+Shaman,7,team1,kill,48.40
Priest+Warlock_vs_Hunter+Shaman,Priest+Warlock,Hunter+Shaman,8,team2,kill,52.60
Priest+Warlock_vs_Hunter+Shaman,Priest+Warlock,Hunter+Shaman,9,team2,kill,39.60
Priest+Hunter_vs_Warrior+Mage,Priest+Hunter,Warrior+Mage,0,team2,kill,25.55
Priest+Hunter_vs_Warrior+Mage,Priest+Hunter,Warrior+Mage,1,team2,kill,30.90
Priest+Hunter_vs_Warrior+Mage,Priest+Hunter,Warrior+Mage,2,team1,kill,41.00
Priest+Hunter_vs_Warrior+Mage,Priest+Hunter,Warrior+Mage,3,team1,kill,27.70
Priest+Hunter_vs_Warrior+Mage,Priest+Hunter,Warrior+Mage,4,team2,kill,24.33
Priest+Hunter_vs_Warrior+Mage,Priest+Hunter,Warrior+Mage,5,team1,kill,41.23
Priest+Hunter_vs_Warrior+Mage,Priest+Hunter,Warrior+Mage,6,team1,kill,25.92
Priest+Hunter_vs_Warrior+Mage,Priest+Hunter,Warrior+Mage,7,team2,kill,22.98
Priest+Hunter_vs_Warrior+Mage,Priest+Hunter,Warrior+Mage,8,team1,kill,25.57
Priest+Hunter_vs_Warrior+Mage,Priest+Hunter,Warrior+Mage,9,team1,kill,28.25
Priest+Hunter_vs_Warrior+Rogue,Priest+Hunter,Warrior+Rogue,0,team1,kill,22.35
Priest+Hunter_vs_Warrior+Rogue,Priest+Hunter,Warrior+Rogue,1,team1,kill,23.55
Priest+Hunter_vs_Warrior+Rogue,Priest+Hunter,Warrior+Rogue,2,team1,kill,23.55
Priest+Hunter_vs_Warrior+Rogue,Priest+Hunter,Warrior+Rogue,3,team1,kill,23.03
Priest+Hunter_vs_Warrior+Rogue,Priest+Hunter,Warrior+Rogue,4,team1,kill,21.03
Priest+Hunter_vs_Warrior+Rogue,Priest+Hunter,Warrior+Rogue,5,team1,kill,23.55
Priest+Hunter_vs_Warrior+Rogue,Priest+Hunter,Warrior+Rogue,6,team1,kill,19.38
Priest+Hunter_vs_Warrior+Rogue,Priest+Hunter,Warrior+Rogue,7,team1,kill,22.35
Priest+Hunter_vs_Warrior+Rogue,Priest+Hunter,Warrior+Rogue,8,team1,kill,23.55
Priest+Hunter_vs_Warrior+Rogue,Priest+Hunter,Warrior+Rogue,9,team1,kill,23.55
Priest+Hunter_vs_Warrior+Priest,Priest+Hunter,Warrior+Priest,0,team2,kill,60.82
Priest+Hunter_vs_Warrior+Priest,Priest+Hunter,Warrior+Priest,1,team1,kill,56.98
Priest+Hunter_vs_Warrior+Priest,Priest+Hunter,Warrior+Priest,2,team1,kill,50.88
Priest+Hunter_vs_Warrior+Priest,Priest+Hunter,Warrior+Priest,3,team1,kill,52.35
Priest+Hunter_vs_Warrior+Priest,Priest+Hunter,Warrior+Priest,4,team1,kill,53.40
Priest+Hunter_vs_Warrior+Priest,Priest+Hunter,Warrior+Priest,5,team1,kill,51.80
Priest+Hunter_vs_Warrior+Priest,Priest+Hunter,Warrior+Priest,6,team1,kill,60.80
Priest+Hunter_vs_Warrior+Priest,Priest+Hunter,Warrior+Priest,7,team1,kill,68.53
Priest+Hunter_vs_Warrior+Priest,Priest+Hunter,Warrior+Priest,8,team1,kill,55.93
Priest+Hunter_vs_Warrior+Priest,Priest+Hunter,Warrior+Priest,9,team1,kill,53.42
Priest+Hunter_vs_Warrior+Warlock,Priest+Hunter,Warrior+Warlock,0,team1,kill,26.73
Priest+Hunter_vs_Warrior+Warlock,Priest+Hunter,Warrior+Warlock,1,team1,kill,28.75
Priest+Hunter_vs_Warrior+Warlock,Priest+Hunter,Warrior+Warlock,2,team1,kill,23.72
Priest+Hunter_vs_Warrior+Warlock,Priest+Hunter,Warrior+Warlock,3,team1,kill,26.73
Priest+Hunter_vs_Warrior+Warlock,Priest+Hunter,Warrior+Warlock,4,team1,kill,20.93
Priest+Hunter_vs_Warrior+Warlock,Priest+Hunter,Warrior+Warlock,5,team1,kill,23.75
Priest+Hunter_vs_Warrior+Warlock,Priest+Hunter,Warrior+Warlock,6,team1,kill,24.15
Priest+Hunter_vs_Warrior+Warlock,Priest+Hunter,Warrior+Warlock,7,team1,kill,28.75
Priest+Hunter_vs_Warrior+Warlock,Priest+Hunter,Warrior+Warlock,8,team1,kill,23.72
Priest+Hunter_vs_Warrior+Warlock,Priest+Hunter,Warrior+Warlock,9,team1,kill,30.40
Priest+Hunter_vs_Warrior+Paladin,Priest+Hunter,Warrior+Paladin,0,team2,kill,54.37
Priest+Hunter_vs_Warrior+Paladin,Priest+Hunter,Warrior+Paladin,1,team2,kill,76.70
Priest+Hunter_vs_Warrior+Paladin,Priest+Hunter,Warrior+Paladin,2,team2,kill,83.37
Priest+Hunter_vs_Warrior+Paladin,Priest+Hunter,Warrior+Paladin,3,team2,kill,58.85
Priest+Hunter_vs_Warrior+Paladin,Priest+Hunter,Warrior+Paladin,4,team2,kill,104.41
Priest+Hunter_vs_Warrior+Paladin,Priest+Hunter,Warrior+Paladin,5,team2,kill,54.68
Priest+Hunter_vs_Warrior+Paladin,Priest+Hunter,Warrior+Paladin,6,team2,kill,41.83
Priest+Hunter_vs_Warrior+Paladin,Priest+Hunter,Warrior+Paladin,7,team2,kill,52.60
Priest+Hunter_vs_Warrior+Paladin,Priest+Hunter,Warrior+Paladin,8,team2,kill,56.73
Priest+Hunter_vs_Warrior+Paladin,Priest+Hunter,Warrior+Paladin,9,team2,kill,54.07
Priest+Hunter_vs_Warrior+Hunter,Priest+Hunter,Warrior+Hunter,0,team1,kill,27.37
Priest+Hunter_vs_Warrior+Hunter,Priest+Hunter,Warrior+Hunter,1,team1,kill,22.77
Priest+Hunter_vs_Warrior+Hunter,Priest+Hunter,Warrior+Hunter,2,team1,kill,27.95
Priest+Hunter_vs_Warrior+Hunter,Priest+Hunter,Warrior+Hunter,3,team1,kill,21.02
Priest+Hunter_vs_Warrior+Hunter,Priest+Hunter,Warrior+Hunter,4,team1,kill,27.37
Priest+Hunter_vs_Warrior+Hunter,Priest+Hunter,Warrior+Hunter,5,team1,kill,26.10
Priest+Hunter_vs_Warrior+Hunter,Priest+Hunter,Warrior+Hunter,6,team1,kill,18.50
Priest+Hunter_vs_Warrior+Hunter,Priest+Hunter,Warrior+Hunter,7,team1,kill,24.30
Priest+Hunter_vs_Warrior+Hunter,Priest+Hunter,Warrior+Hunter,8,team1,kill,27.37
Priest+Hunter_vs_Warrior+Hunter,Priest+Hunter,Warrior+Hunter,9,team1,kill,24.83
Priest+Hunter_vs_Warrior+Shaman,Priest+Hunter,Warrior+Shaman,0,team1,kill,49.80
Priest+Hunter_vs_Warrior+Shaman,Priest+Hunter,Warrior+Shaman,1,team2,kill,49.42
Priest+Hunter_vs_Warrior+Shaman,Priest+Hunter,Warrior+Shaman,2,team2,kill,45.33
Priest+Hunter_vs_Warrior+Shaman,Priest+Hunter,Warrior+Shaman,3,team2,kill,51.77
Priest+Hunter_vs_Warrior+Shaman,Priest+Hunter,Warrior+Shaman,4,team2,kill,50.97
Priest+Hunter_vs_Warrior+Shaman,Priest+Hunter,Warrior+Shaman,5,team2,kill,50.23
Priest+Hunter_vs_Warrior+Shaman,Priest+Hunter,Warrior+Shaman,6,team1,kill,38.55
Priest+Hunter_vs_Warrior+Shaman,Priest+Hunter,Warrior+Shaman,7,team2,kill,49.42
Priest+Hunter_vs_Warrior+Shaman,Priest+Hunter,Warrior+Shaman,8,team2,kill,45.90
Priest+Hunter_vs_Warrior+Shaman,Priest+Hunter,Warrior+Shaman,9,team2,kill,49.32
Priest+Hunter_vs_Mage+Rogue,Priest+Hunter,Mage+Rogue,0,team1,kill,30.80
Priest+Hunter_vs_Mage+Rogue,Priest+Hunter,Mage+Rogue,1,team1,kill,40.55
Priest+Hunter_vs_Mage+Rogue,Priest+Hunter,Mage+Rogue,2,team1,kill,32.00
Priest+Hunter_vs_Mage+Rogue,Priest+Hunter,Mage+Rogue,3,team1,kill,45.28
Priest+Hunter_vs_Mage+Rogue,Priest+Hunter,Mage+Rogue,4,team2,kill,47.48
Priest+Hunter_vs_Mage+Rogue,Priest+Hunter,Mage+Rogue,5,team2,kill,33.68
Priest+Hunter_vs_Mage+Rogue,Priest+Hunter,Mage+Rogue,6,team1,kill,40.22
Priest+Hunter_vs_Mage+Rogue,Priest+Hunter,Mage+Rogue,7,team2,kill,36.13
Priest+Hunter_vs_Mage+Rogue,Priest+Hunter,Mage+Rogue,8,team2,kill,47.02
Priest+Hunter_vs_Mage+Rogue,Priest+Hunter,Mage+Rogue,9,team1,kill,27.38
Priest+Hunter_vs_Mage+Priest,Priest+Hunter,Mage+Priest,0,team1,kill,51.27
Priest+Hunter_vs_Mage+Priest,Priest+Hunter,Mage+Priest,1,team1,kill,51.95
Priest+Hunter_vs_Mage+Priest,Priest+Hunter,Mage+Priest,2,team2,kill,25.50
Priest+Hunter_vs_Mage+Priest,Priest+Hunter,Mage+Priest,3,team1,kill,50.18
Priest+Hunter_vs_Mage+Priest,Priest+Hunter,Mage+Priest,4,team1,kill,60.75
Priest+Hunter_vs_Mage+Priest,Priest+Hunter,Mage+Priest,5,team1,kill,56.97
Priest+Hunter_vs_Mage+Priest,Priest+Hunter,Mage+Priest,6,team1,kill,43.85
Priest+Hunter_vs_Mage+Priest,Priest+Hunter,Mage+Priest,7,team2,kill,21.55
Priest+Hunter_vs_Mage+Priest,Priest+Hunter,Mage+Priest,8,team1,kill,58.48
Priest+Hunter_vs_Mage+Priest,Priest+Hunter,Mage+Priest,9,team1,kill,50.13
Priest+Hunter_vs_Mage+Warlock,Priest+Hunter,Mage+Warlock,0,team2,kill,17.43
Priest+Hunter_vs_Mage+Warlock,Priest+Hunter,Mage+Warlock,1,team2,kill,20.47
Priest+Hunter_vs_Mage+Warlock,Priest+Hunter,Mage+Warlock,2,team2,kill,17.73
Priest+Hunter_vs_Mage+Warlock,Priest+Hunter,Mage+Warlock,3,team2,kill,17.65
Priest+Hunter_vs_Mage+Warlock,Priest+Hunter,Mage+Warlock,4,team2,kill,18.95
Priest+Hunter_vs_Mage+Warlock,Priest+Hunter,Mage+Warlock,5,team2,kill,17.43
Priest+Hunter_vs_Mage+Warlock,Priest+Hunter,Mage+Warlock,6,team2,kill,16.17
Priest+Hunter_vs_Mage+Warlock,Priest+Hunter,Mage+Warlock,7,team2,kill,17.43
Priest+Hunter_vs_Mage+Warlock,Priest+Hunter,Mage+Warlock,8,team2,kill,15.97
Priest+Hunter_vs_Mage+Warlock,Priest+Hunter,Mage+Warlock,9,team2,kill,18.95
Priest+Hunter_vs_Mage+Paladin,Priest+Hunter,Mage+Paladin,0,team2,kill,93.29
Priest+Hunter_vs_Mage+Paladin,Priest+Hunter,Mage+Paladin,1,team2,kill,114.83
Priest+Hunter_vs_Mage+Paladin,Priest+Hunter,Mage+Paladin,2,team2,kill,84.49
Priest+Hunter_vs_Mage+Paladin,Priest+Hunter,Mage+Paladin,3,team1,kill,92.46
Priest+Hunter_vs_Mage+Paladin,Priest+Hunter,Mage+Paladin,4,team1,kill,87.94
Priest+Hunter_vs_Mage+Paladin,Priest+Hunter,Mage+Paladin,5,team1,kill,85.65
Priest+Hunter_vs_Mage+Paladin,Priest+Hunter,Mage+Paladin,6,team1,kill,101.64
Priest+Hunter_vs_Mage+Paladin,Priest+Hunter,Mage+Paladin,7,team2,kill,100.77
Priest+Hunter_vs_Mage+Paladin,Priest+Hunter,Mage+Paladin,8,team2,kill,97.86
Priest+Hunter_vs_Mage+Paladin,Priest+Hunter,Mage+Paladin,9,team1,kill,89.69
Priest+Hunter_vs_Mage+Hunter,Priest+Hunter,Mage+Hunter,0,team2,kill,26.53
Priest+Hunter_vs_Mage+Hunter,Priest+Hunter,Mage+Hunter,1,team1,kill,23.82
Priest+Hunter_vs_Mage+Hunter,Priest+Hunter,Mage+Hunter,2,team2,kill,17.67
Priest+Hunter_vs_Mage+Hunter,Priest+Hunter,Mage+Hunter,3,team1,kill,23.53
Priest+Hunter_vs_Mage+Hunter,Priest+Hunter,Mage+Hunter,4,team2,kill,17.43
Priest+Hunter_vs_Mage+Hunter,Priest+Hunter,Mage+Hunter,5,team1,kill,21.08
Priest+Hunter_vs_Mage+Hunter,Priest+Hunter,Mage+Hunter,6,team1,kill,21.08
Priest+Hunter_vs_Mage+Hunter,Priest+Hunter,Mage+Hunter,7,team1,kill,18.52
Priest+Hunter_vs_Mage+Hunter,Priest+Hunter,Mage+Hunter,8,team1,kill,38.43
Priest+Hunter_vs_Mage+Hunter,Priest+Hunter,Mage+Hunter,9,team1,kill,34.33
Priest+Hunter_vs_Mage+Shaman,Priest+Hunter,Mage+Shaman,0,team2,kill,30.70
Priest+Hunter_vs_Mage+Shaman,Priest+Hunter,Mage+Shaman,1,team2,kill,49.25
Priest+Hunter_vs_Mage+Shaman,Priest+Hunter,Mage+Shaman,2,team2,kill,30.70
Priest+Hunter_vs_Mage+Shaman,Priest+Hunter,Mage+Shaman,3,team2,kill,42.08
Priest+Hunter_vs_Mage+Shaman,Priest+Hunter,Mage+Shaman,4,team2,kill,56.48
Priest+Hunter_vs_Mage+Shaman,Priest+Hunter,Mage+Shaman,5,team2,kill,74.40
Priest+Hunter_vs_Mage+Shaman,Priest+Hunter,Mage+Shaman,6,team2,kill,21.53
Priest+Hunter_vs_Mage+Shaman,Priest+Hunter,Mage+Shaman,7,team2,kill,30.73
Priest+Hunter_vs_Mage+Shaman,Priest+Hunter,Mage+Shaman,8,team2,kill,63.65
Priest+Hunter_vs_Mage+Shaman,Priest+Hunter,Mage+Shaman,9,team2,kill,24.27
Priest+Hunter_vs_Rogue+Priest,Priest+Hunter,Rogue+Priest,0,team2,kill,64.03
Priest+Hunter_vs_Rogue+Priest,Priest+Hunter,Rogue+Priest,1,team2,kill,38.02
Priest+Hunter_vs_Rogue+Priest,Priest+Hunter,Rogue+Priest,2,team2,kill,39.37
Priest+Hunter_vs_Rogue+Priest,Priest+Hunter,Rogue+Priest,3,team2,kill,39.83
Priest+Hunter_vs_Rogue+Priest,Priest+Hunter,Rogue+Priest,4,team2,kill,40.90
Priest+Hunter_vs_Rogue+Priest,Priest+Hunter,Rogue+Priest,5,team2,kill,40.32
Priest+Hunter_vs_Rogue+Priest,Priest+Hunter,Rogue+Priest,6,team2,kill,39.10
Priest+Hunter_vs_Rogue+Priest,Priest+Hunter,Rogue+Priest,7,team2,kill,65.52
Priest+Hunter_vs_Rogue+Priest,Priest+Hunter,Rogue+Priest,8,team2,kill,65.37
Priest+Hunter_vs_Rogue+Priest,Priest+Hunter,Rogue+Priest,9,team2,kill,38.07
Priest+Hunter_vs_Rogue+Warlock,Priest+Hunter,Rogue+Warlock,0,team1,kill,40.05
Priest+Hunter_vs_Rogue+Warlock,Priest+Hunter,Rogue+Warlock,1,team1,kill,41.80
Priest+Hunter_vs_Rogue+Warlock,Priest+Hunter,Rogue+Warlock,2,team1,kill,31.50
Priest+Hunter_vs_Rogue+Warlock,Priest+Hunter,Rogue+Warlock,3,team2,kill,28.77
Priest+Hunter_vs_Rogue+Warlock,Priest+Hunter,Rogue+Warlock,4,team1,kill,30.80
Priest+Hunter_vs_Rogue+Warlock,Priest+Hunter,Rogue+Warlock,5,team2,kill,30.32
Priest+Hunter_vs_Rogue+Warlock,Priest+Hunter,Rogue+Warlock,6,team1,kill,42.30
Priest+Hunter_vs_Rogue+Warlock,Priest+Hunter,Rogue+Warlock,7,team2,kill,44.58
Priest+Hunter_vs_Rogue+Warlock,Priest+Hunter,Rogue+Warlock,8,team2,kill,30.32
Priest+Hunter_vs_Rogue+Warlock,Priest+Hunter,Rogue+Warlock,9,team1,kill,31.73
Priest+Hunter_vs_Rogue+Paladin,Priest+Hunter,Rogue+Paladin,0,team2,kill,40.90
Priest+Hunter_vs_Rogue+Paladin,Priest+Hunter,Rogue+Paladin,1,team2,kill,41.98
Priest+Hunter_vs_Rogue+Paladin,Priest+Hunter,Rogue+Paladin,2,team2,kill,46.77
Priest+Hunter_vs_Rogue+Paladin,Priest+Hunter,Rogue+Paladin,3,team2,kill,41.87
Priest+Hunter_vs_Rogue+Paladin,Priest+Hunter,Rogue+Paladin,4,team2,kill,43.97
Priest+Hunter_vs_Rogue+Paladin,Priest+Hunter,Rogue+Paladin,5,team2,kill,40.85
Priest+Hunter_vs_Rogue+Paladin,Priest+Hunter,Rogue+Paladin,6,team2,kill,44.33
Priest+Hunter_vs_Rogue+Paladin,Priest+Hunter,Rogue+Paladin,7,team2,kill,44.72
Priest+Hunter_vs_Rogue+Paladin,Priest+Hunter,Rogue+Paladin,8,team2,kill,41.08
Priest+Hunter_vs_Rogue+Paladin,Priest+Hunter,Rogue+Paladin,9,team2,kill,43.98
Priest+Hunter_vs_Rogue+Hunter,Priest+Hunter,Rogue+Hunter,0,team1,kill,20.82
Priest+Hunter_vs_Rogue+Hunter,Priest+Hunter,Rogue+Hunter,1,team1,kill,20.82
Priest+Hunter_vs_Rogue+Hunter,Priest+Hunter,Rogue+Hunter,2,team1,kill,19.48
Priest+Hunter_vs_Rogue+Hunter,Priest+Hunter,Rogue+Hunter,3,team1,kill,22.67
Priest+Hunter_vs_Rogue+Hunter,Priest+Hunter,Rogue+Hunter,4,team1,kill,20.33
Priest+Hunter_vs_Rogue+Hunter,Priest+Hunter,Rogue+Hunter,5,team1,kill,19.83
Priest+Hunter_vs_Rogue+Hunter,Priest+Hunter,Rogue+Hunter,6,team1,kill,20.80
Priest+Hunter_vs_Rogue+Hunter,Priest+Hunter,Rogue+Hunter,7,team1,kill,19.83
Priest+Hunter_vs_Rogue+Hunter,Priest+Hunter,Rogue+Hunter,8,team1,kill,19.13
Priest+Hunter_vs_Rogue+Hunter,Priest+Hunter,Rogue+Hunter,9,team1,kill,19.57
Priest+Hunter_vs_Rogue+Shaman,Priest+Hunter,Rogue+Shaman,0,team2,kill,60.18
Priest+Hunter_vs_Rogue+Shaman,Priest+Hunter,Rogue+Shaman,1,team2,kill,57.87
Priest+Hunter_vs_Rogue+Shaman,Priest+Hunter,Rogue+Shaman,2,team2,kill,42.53
Priest+Hunter_vs_Rogue+Shaman,Priest+Hunter,Rogue+Shaman,3,team2,kill,33.93
Priest+Hunter_vs_Rogue+Shaman,Priest+Hunter,Rogue+Shaman,4,team2,kill,43.12
Priest+Hunter_vs_Rogue+Shaman,Priest+Hunter,Rogue+Shaman,5,team2,kill,51.75
Priest+Hunter_vs_Rogue+Shaman,Priest+Hunter,Rogue+Shaman,6,team2,kill,34.82
Priest+Hunter_vs_Rogue+Shaman,Priest+Hunter,Rogue+Shaman,7,team2,kill,40.83
Priest+Hunter_vs_Rogue+Shaman,Priest+Hunter,Rogue+Shaman,8,team2,kill,35.67
Priest+Hunter_vs_Rogue+Shaman,Priest+Hunter,Rogue+Shaman,9,team2,kill,36.75
Priest+Hunter_vs_Priest+Warlock,Priest+Hunter,Priest+Warlock,0,team2,kill,51.32
Priest+Hunter_vs_Priest+Warlock,Priest+Hunter,Priest+Warlock,1,team2,kill,54.37
Priest+Hunter_vs_Priest+Warlock,Priest+Hunter,Priest+Warlock,2,team2,kill,35.92
Priest+Hunter_vs_Priest+Warlock,Priest+Hunter,Priest+Warlock,3,team2,kill,92.09
Priest+Hunter_vs_Priest+Warlock,Priest+Hunter,Priest+Warlock,4,team2,kill,55.75
Priest+Hunter_vs_Priest+Warlock,Priest+Hunter,Priest+Warlock,5,team1,kill,51.40
Priest+Hunter_vs_Priest+Warlock,Priest+Hunter,Priest+Warlock,6,team2,kill,50.23
Priest+Hunter_vs_Priest+Warlock,Priest+Hunter,Priest+Warlock,7,team2,kill,36.65
Priest+Hunter_vs_Priest+Warlock,Priest+Hunter,Priest+Warlock,8,team1,kill,57.13
Priest+Hunter_vs_Priest+Warlock,Priest+Hunter,Priest+Warlock,9,team2,kill,51.27
Priest+Hunter_vs_Priest+Hunter,Priest+Hunter,Priest+Hunter,0,team1,kill,55.67
Priest+Hunter_vs_Priest+Hunter,Priest+Hunter,Priest+Hunter,1,team1,kill,46.18
Priest+Hunter_vs_Priest+Hunter,Priest+Hunter,Priest+Hunter,2,team2,kill,53.35
Priest+Hunter_vs_Priest+Hunter,Priest+Hunter,Priest+Hunter,3,team2,kill,58.77
Priest+Hunter_vs_Priest+Hunter,Priest+Hunter,Priest+Hunter,4,team1,kill,45.22
Priest+Hunter_vs_Priest+Hunter,Priest+Hunter,Priest+Hunter,5,team1,kill,49.73
Priest+Hunter_vs_Priest+Hunter,Priest+Hunter,Priest+Hunter,6,team2,kill,51.22
Priest+Hunter_vs_Priest+Hunter,Priest+Hunter,Priest+Hunter,7,team2,kill,55.05
Priest+Hunter_vs_Priest+Hunter,Priest+Hunter,Priest+Hunter,8,team1,kill,50.18
Priest+Hunter_vs_Priest+Hunter,Priest+Hunter,Priest+Hunter,9,team2,kill,43.67
Priest+Hunter_vs_Warlock+Paladin,Priest+Hunter,Warlock+Paladin,0,team2,kill,50.73
Priest+Hunter_vs_Warlock+Paladin,Priest+Hunter,Warlock+Paladin,1,team2,kill,69.67
Priest+Hunter_vs_Warlock+Paladin,Priest+Hunter,Warlock+Paladin,2,team2,kill,90.84
Priest+Hunter_vs_Warlock+Paladin,Priest+Hunter,Warlock+Paladin,3,team2,kill,87.82
Priest+Hunter_vs_Warlock+Paladin,Priest+Hunter,Warlock+Paladin,4,team2,kill,60.73
Priest+Hunter_vs_Warlock+Paladin,Priest+Hunter,Warlock+Paladin,5,team2,kill,68.50
Priest+Hunter_vs_Warlock+Paladin,Priest+Hunter,Warlock+Paladin,6,team2,kill,48.57
Priest+Hunter_vs_Warlock+Paladin,Priest+Hunter,Warlock+Paladin,7,team2,kill,64.27
Priest+Hunter_vs_Warlock+Paladin,Priest+Hunter,Warlock+Paladin,8,team2,kill,60.35
Priest+Hunter_vs_Warlock+Paladin,Priest+Hunter,Warlock+Paladin,9,team2,kill,65.75
Priest+Hunter_vs_Warlock+Hunter,Priest+Hunter,Warlock+Hunter,0,team1,kill,26.27
Priest+Hunter_vs_Warlock+Hunter,Priest+Hunter,Warlock+Hunter,1,team1,kill,27.40
Priest+Hunter_vs_Warlock+Hunter,Priest+Hunter,Warlock+Hunter,2,team1,kill,33.30
Priest+Hunter_vs_Warlock+Hunter,Priest+Hunter,Warlock+Hunter,3,team2,kill,28.95
Priest+Hunter_vs_Warlock+Hunter,Priest+Hunter,Warlock+Hunter,4,team1,kill,27.68
Priest+Hunter_vs_Warlock+Hunter,Priest+Hunter,Warlock+Hunter,5,team2,kill,26.42
Priest+Hunter_vs_Warlock+Hunter,Priest+Hunter,Warlock+Hunter,6,team2,kill,23.53
Priest+Hunter_vs_Warlock+Hunter,Priest+Hunter,Warlock+Hunter,7,team1,kill,23.15
Priest+Hunter_vs_Warlock+Hunter,Priest+Hunter,Warlock+Hunter,8,team1,kill,30.32
Priest+Hunter_vs_Warlock+Hunter,Priest+Hunter,Warlock+Hunter,9,team1,kill,27.45
Priest+Hunter_vs_Warlock+Shaman,Priest+Hunter,Warlock+Shaman,0,team2,kill,41.22
Priest+Hunter_vs_Warlock+Shaman,Priest+Hunter,Warlock+Shaman,1,team2,kill,33.75
Priest+Hunter_vs_Warlock+Shaman,Priest+Hunter,Warlock+Shaman,2,team2,kill,35.48
Priest+Hunter_vs_Warlock+Shaman,Priest+Hunter,Warlock+Shaman,3,team2,kill,28.20
Priest+Hunter_vs_Warlock+Shaman,Priest+Hunter,Warlock+Shaman,4,team2,kill,22.97
Priest+Hunter_vs_Warlock+Shaman,Priest+Hunter,Warlock+Shaman,5,team2,kill,28.68
Priest+Hunter_vs_Warlock+Shaman,Priest+Hunter,Warlock+Shaman,6,team2,kill,45.47
Priest+Hunter_vs_Warlock+Shaman,Priest+Hunter,Warlock+Shaman,7,team2,kill,21.87
Priest+Hunter_vs_Warlock+Shaman,Priest+Hunter,Warlock+Shaman,8,team2,kill,40.90
Priest+Hunter_vs_Warlock+Shaman,Priest+Hunter,Warlock+Shaman,9,team2,kill,35.48
Priest+Hunter_vs_Paladin+Hunter,Priest+Hunter,Paladin+Hunter,0,team2,kill,57.68
Priest+Hunter_vs_Paladin+Hunter,Priest+Hunter,Paladin+Hunter,1,team2,kill,61.30
Priest+Hunter_vs_Paladin+Hunter,Priest+Hunter,Paladin+Hunter,2,team2,kill,68.42
Priest+Hunter_vs_Paladin+Hunter,Priest+Hunter,Paladin+Hunter,3,team1,kill,86.27
Priest+Hunter_vs_Paladin+Hunter,Priest+Hunter,Paladin+Hunter,4,team1,kill,117.29
Priest+Hunter_vs_Paladin+Hunter,Priest+Hunter,Paladin+Hunter,5,team2,kill,58.02
Priest+Hunter_vs_Paladin+Hunter,Priest+Hunter,Paladin+Hunter,6,team2,kill,66.32
Priest+Hunter_vs_Paladin+Hunter,Priest+Hunter,Paladin+Hunter,7,team2,kill,61.93
Priest+Hunter_vs_Paladin+Hunter,Priest+Hunter,Paladin+Hunter,8,team2,kill,58.12
Priest+Hunter_vs_Paladin+Hunter,Priest+Hunter,Paladin+Hunter,9,team2,kill,46.17
Priest+Hunter_vs_Hunter+Shaman,Priest+Hunter,Hunter+Shaman,0,team2,kill,58.12
Priest+Hunter_vs_Hunter+Shaman,Priest+Hunter,Hunter+Shaman,1,team2,kill,59.50
Priest+Hunter_vs_Hunter+Shaman,Priest+Hunter,Hunter+Shaman,2,team2,kill,55.82
Priest+Hunter_vs_Hunter+Shaman,Priest+Hunter,Hunter+Shaman,3,team2,kill,70.80
Priest+Hunter_vs_Hunter+Shaman,Priest+Hunter,Hunter+Shaman,4,team2,kill,50.78
Priest+Hunter_vs_Hunter+Shaman,Priest+Hunter,Hunter+Shaman,5,team1,kill,61.32
Priest+Hunter_vs_Hunter+Shaman,Priest+Hunter,Hunter+Shaman,6,team1,kill,53.77
Priest+Hunter_vs_Hunter+Shaman,Priest+Hunter,Hunter+Shaman,7,team2,kill,58.12
Priest+Hunter_vs_Hunter+Shaman,Priest+Hunter,Hunter+Shaman,8,team2,kill,58.03
Priest+Hunter_vs_Hunter+Shaman,Priest+Hunter,Hunter+Shaman,9,team2,kill,60.47
Warlock+Paladin_vs_Warrior+Hunter,Warlock+Paladin,Warrior+Hunter,0,team1,kill,41.55
Warlock+Paladin_vs_Warrior+Hunter,Warlock+Paladin,Warrior+Hunter,1,team1,kill,33.02
Warlock+Paladin_vs_Warrior+Hunter,Warlock+Paladin,Warrior+Hunter,2,team1,kill,33.33
Warlock+Paladin_vs_Warrior+Hunter,Warlock+Paladin,Warrior+Hunter,3,team1,kill,29.57
Warlock+Paladin_vs_Warrior+Hunter,Warlock+Paladin,Warrior+Hunter,4,team1,kill,42.27
Warlock+Paladin_vs_Warrior+Hunter,Warlock+Paladin,Warrior+Hunter,5,team1,kill,33.08
Warlock+Paladin_vs_Warrior+Hunter,Warlock+Paladin,Warrior+Hunter,6,team1,kill,37.35
Warlock+Paladin_vs_Warrior+Hunter,Warlock+Paladin,Warrior+Hunter,7,team1,kill,29.38
Warlock+Paladin_vs_Warrior+Hunter,Warlock+Paladin,Warrior+Hunter,8,team1,kill,29.85
Warlock+Paladin_vs_Warrior+Hunter,Warlock+Paladin,Warrior+Hunter,9,team1,kill,32.55
Warlock+Paladin_vs_Mage+Hunter,Warlock+Paladin,Mage+Hunter,0,team1,kill,34.50
Warlock+Paladin_vs_Mage+Hunter,Warlock+Paladin,Mage+Hunter,1,team1,kill,35.70
Warlock+Paladin_vs_Mage+Hunter,Warlock+Paladin,Mage+Hunter,2,team1,kill,34.92
Warlock+Paladin_vs_Mage+Hunter,Warlock+Paladin,Mage+Hunter,3,team1,kill,34.27
Warlock+Paladin_vs_Mage+Hunter,Warlock+Paladin,Mage+Hunter,4,team1,kill,35.20
Warlock+Paladin_vs_Mage+Hunter,Warlock+Paladin,Mage+Hunter,5,team1,kill,35.88
Warlock+Paladin_vs_Mage+Hunter,Warlock+Paladin,Mage+Hunter,6,team1,kill,35.70
Warlock+Paladin_vs_Mage+Hunter,Warlock+Paladin,Mage+Hunter,7,team1,kill,33.95
Warlock+Paladin_vs_Mage+Hunter,Warlock+Paladin,Mage+Hunter,8,team1,kill,33.92
Warlock+Paladin_vs_Mage+Hunter,Warlock+Paladin,Mage+Hunter,9,team1,kill,32.83
Warlock+Paladin_vs_Mage+Shaman,Warlock+Paladin,Mage+Shaman,0,team2,kill,37.33
Warlock+Paladin_vs_Mage+Shaman,Warlock+Paladin,Mage+Shaman,1,team1,kill,32.82
Warlock+Paladin_vs_Mage+Shaman,Warlock+Paladin,Mage+Shaman,2,team2,kill,87.79
Warlock+Paladin_vs_Mage+Shaman,Warlock+Paladin,Mage+Shaman,3,team1,kill,212.58
Warlock+Paladin_vs_Mage+Shaman,Warlock+Paladin,Mage+Shaman,4,team2,kill,48.47
Warlock+Paladin_vs_Mage+Shaman,Warlock+Paladin,Mage+Shaman,5,team1,kill,76.94
Warlock+Paladin_vs_Mage+Shaman,Warlock+Paladin,Mage+Shaman,6,team1,kill,60.80
Warlock+Paladin_vs_Mage+Shaman,Warlock+Paladin,Mage+Shaman,7,team2,kill,58.35
Warlock+Paladin_vs_Mage+Shaman,Warlock+Paladin,Mage+Shaman,8,team1,kill,73.63
Warlock+Paladin_vs_Mage+Shaman,Warlock+Paladin,Mage+Shaman,9,team2,kill,34.57
Warlock+Paladin_vs_Rogue+Hunter,Warlock+Paladin,Rogue+Hunter,0,team1,kill,41.95
Warlock+Paladin_vs_Rogue+Hunter,Warlock+Paladin,Rogue+Hunter,1,team1,kill,35.82
Warlock+Paladin_vs_Rogue+Hunter,Warlock+Paladin,Rogue+Hunter,2,team1,kill,42.63
Warlock+Paladin_vs_Rogue+Hunter,Warlock+Paladin,Rogue+Hunter,3,team1,kill,40.73
Warlock+Paladin_vs_Rogue+Hunter,Warlock+Paladin,Rogue+Hunter,4,team1,kill,33.97
Warlock+Paladin_vs_Rogue+Hunter,Warlock+Paladin,Rogue+Hunter,5,team1,kill,40.58
Warlock+Paladin_vs_Rogue+Hunter,Warlock+Paladin,Rogue+Hunter,6,team1,kill,41.33
Warlock+Paladin_vs_Rogue+Hunter,Warlock+Paladin,Rogue+Hunter,7,team1,kill,45.83
Warlock+Paladin_vs_Rogue+Hunter,Warlock+Paladin,Rogue+Hunter,8,team1,kill,42.43
Warlock+Paladin_vs_Rogue+Hunter,Warlock+Paladin,Rogue+Hunter,9,team1,kill,39.68
Warlock+Paladin_vs_Priest+Hunter,Warlock+Paladin,Priest+Hunter,0,team1,kill,50.73
Warlock+Paladin_vs_Priest+Hunter,Warlock+Paladin,Priest+Hunter,1,team1,kill,69.67
Warlock+Paladin_vs_Priest+Hunter,Warlock+Paladin,Priest+Hunter,2,team1,kill,90.84
Warlock+Paladin_vs_Priest+Hunter,Warlock+Paladin,Priest+Hunter,3,team1,kill,87.82
Warlock+Paladin_vs_Priest+Hunter,Warlock+Paladin,Priest+Hunter,4,team1,kill,60.73
Warlock+Paladin_vs_Priest+Hunter,Warlock+Paladin,Priest+Hunter,5,team1,kill,68.50
Warlock+Paladin_vs_Priest+Hunter,Warlock+Paladin,Priest+Hunter,6,team1,kill,48.57
Warlock+Paladin_vs_Priest+Hunter,Warlock+Paladin,Priest+Hunter,7,team1,kill,64.27
Warlock+Paladin_vs_Priest+Hunter,Warlock+Paladin,Priest+Hunter,8,team1,kill,60.35
Warlock+Paladin_vs_Priest+Hunter,Warlock+Paladin,Priest+Hunter,9,team1,kill,65.75
Warlock+Paladin_vs_Warlock+Hunter,Warlock+Paladin,Warlock+Hunter,0,team1,kill,69.13
Warlock+Paladin_vs_Warlock+Hunter,Warlock+Paladin,Warlock+Hunter,1,team1,kill,50.23
Warlock+Paladin_vs_Warlock+Hunter,Warlock+Paladin,Warlock+Hunter,2,team1,kill,39.35
Warlock+Paladin_vs_Warlock+Hunter,Warlock+Paladin,Warlock+Hunter,3,team1,kill,36.50
Warlock+Paladin_vs_Warlock+Hunter,Warlock+Paladin,Warlock+Hunter,4,team1,kill,37.58
Warlock+Paladin_vs_Warlock+Hunter,Warlock+Paladin,Warlock+Hunter,5,team1,kill,54.27
Warlock+Paladin_vs_Warlock+Hunter,Warlock+Paladin,Warlock+Hunter,6,team1,kill,36.58
Warlock+Paladin_vs_Warlock+Hunter,Warlock+Paladin,Warlock+Hunter,7,team1,kill,61.47
Warlock+Paladin_vs_Warlock+Hunter,Warlock+Paladin,Warlock+Hunter,8,team1,kill,60.88
Warlock+Paladin_vs_Warlock+Hunter,Warlock+Paladin,Warlock+Hunter,9,team1,kill,36.75
Warlock+Paladin_vs_Paladin+Hunter,Warlock+Paladin,Paladin+Hunter,0,team2,kill,149.82
Warlock+Paladin_vs_Paladin+Hunter,Warlock+Paladin,Paladin+Hunter,1,team1,kill,142.59
Warlock+Paladin_vs_Paladin+Hunter,Warlock+Paladin,Paladin+Hunter,2,team2,kill,121.56
Warlock+Paladin_vs_Paladin+Hunter,Warlock+Paladin,Paladin+Hunter,3,team1,kill,141.94
Warlock+Paladin_vs_Paladin+Hunter,Warlock+Paladin,Paladin+Hunter,4,team1,kill,128.03
Warlock+Paladin_vs_Paladin+Hunter,Warlock+Paladin,Paladin+Hunter,5,team1,kill,135.14
Warlock+Paladin_vs_Paladin+Hunter,Warlock+Paladin,Paladin+Hunter,6,team2,kill,138.73
Warlock+Paladin_vs_Paladin+Hunter,Warlock+Paladin,Paladin+Hunter,7,team2,kill,147.77
Warlock+Paladin_vs_Paladin+Hunter,Warlock+Paladin,Paladin+Hunter,8,team1,kill,112.31
Warlock+Paladin_vs_Paladin+Hunter,Warlock+Paladin,Paladin+Hunter,9,team2,kill,146.74
Warlock+Paladin_vs_Hunter+Shaman,Warlock+Paladin,Hunter+Shaman,0,team1,kill,45.90
Warlock+Paladin_vs_Hunter+Shaman,Warlock+Paladin,Hunter+Shaman,1,team1,kill,39.67
Warlock+Paladin_vs_Hunter+Shaman,Warlock+Paladin,Hunter+Shaman,2,team1,kill,57.27
Warlock+Paladin_vs_Hunter+Shaman,Warlock+Paladin,Hunter+Shaman,3,team1,kill,42.98
Warlock+Paladin_vs_Hunter+Shaman,Warlock+Paladin,Hunter+Shaman,4,team1,kill,45.58
Warlock+Paladin_vs_Hunter+Shaman,Warlock+Paladin,Hunter+Shaman,5,team1,kill,42.98
Warlock+Paladin_vs_Hunter+Shaman,Warlock+Paladin,Hunter+Shaman,6,team1,kill,42.98
Warlock+Paladin_vs_Hunter+Shaman,Warlock+Paladin,Hunter+Shaman,7,team1,kill,44.98
Warlock+Paladin_vs_Hunter+Shaman,Warlock+Paladin,Hunter+Shaman,8,team1,kill,47.83
Warlock+Paladin_vs_Hunter+Shaman,Warlock+Paladin,Hunter+Shaman,9,team1,kill,42.98
Warlock+Hunter_vs_Warrior+Mage,Warlock+Hunter,Warrior+Mage,0,team2,kill,21.77
Warlock+Hunter_vs_Warrior+Mage,Warlock+Hunter,Warrior+Mage,1,team2,kill,20.82
Warlock+Hunter_vs_Warrior+Mage,Warlock+Hunter,Warrior+Mage,2,team2,kill,24.68
Warlock+Hunter_vs_Warrior+Mage,Warlock+Hunter,Warrior+Mage,3,team2,kill,28.65
Warlock+Hunter_vs_Warrior+Mage,Warlock+Hunter,Warrior+Mage,4,team2,kill,33.10
Warlock+Hunter_vs_Warrior+Mage,Warlock+Hunter,Warrior+Mage,5,team2,kill,21.57
Warlock+Hunter_vs_Warrior+Mage,Warlock+Hunter,Warrior+Mage,6,team1,kill,38.33
Warlock+Hunter_vs_Warrior+Mage,Warlock+Hunter,Warrior+Mage,7,team2,kill,21.65
Warlock+Hunter_vs_Warrior+Mage,Warlock+Hunter,Warrior+Mage,8,team2,kill,29.90
Warlock+Hunter_vs_Warrior+Mage,Warlock+Hunter,Warrior+Mage,9,team2,kill,29.30
Warlock+Hunter_vs_Warrior+Rogue,Warlock+Hunter,Warrior+Rogue,0,team1,kill,21.03
Warlock+Hunter_vs_Warrior+Rogue,Warlock+Hunter,Warrior+Rogue,1,team1,kill,20.75
Warlock+Hunter_vs_Warrior+Rogue,Warlock+Hunter,Warrior+Rogue,2,team1,kill,21.03
Warlock+Hunter_vs_Warrior+Rogue,Warlock+Hunter,Warrior+Rogue,3,team1,kill,21.15
Warlock+Hunter_vs_Warrior+Rogue,Warlock+Hunter,Warrior+Rogue,4,team1,kill,20.18
Warlock+Hunter_vs_Warrior+Rogue,Warlock+Hunter,Warrior+Rogue,5,team1,kill,20.80
Warlock+Hunter_vs_Warrior+Rogue,Warlock+Hunter,Warrior+Rogue,6,team1,kill,21.03
Warlock+Hunter_vs_Warrior+Rogue,Warlock+Hunter,Warrior+Rogue,7,team1,kill,21.27
Warlock+Hunter_vs_Warrior+Rogue,Warlock+Hunter,Warrior+Rogue,8,team1,kill,20.75
Warlock+Hunter_vs_Warrior+Rogue,Warlock+Hunter,Warrior+Rogue,9,team1,kill,20.80
Warlock+Hunter_vs_Warrior+Priest,Warlock+Hunter,Warrior+Priest,0,team1,kill,30.85
Warlock+Hunter_vs_Warrior+Priest,Warlock+Hunter,Warrior+Priest,1,team2,kill,42.18
Warlock+Hunter_vs_Warrior+Priest,Warlock+Hunter,Warrior+Priest,2,team2,kill,66.55
Warlock+Hunter_vs_Warrior+Priest,Warlock+Hunter,Warrior+Priest,3,team2,kill,32.58
Warlock+Hunter_vs_Warrior+Priest,Warlock+Hunter,Warrior+Priest,4,team2,kill,43.75
Warlock+Hunter_vs_Warrior+Priest,Warlock+Hunter,Warrior+Priest,5,team2,kill,37.85
Warlock+Hunter_vs_Warrior+Priest,Warlock+Hunter,Warrior+Priest,6,team2,kill,61.20
Warlock+Hunter_vs_Warrior+Priest,Warlock+Hunter,Warrior+Priest,7,team1,kill,72.82
Warlock+Hunter_vs_Warrior+Priest,Warlock+Hunter,Warrior+Priest,8,team2,kill,47.32
Warlock+Hunter_vs_Warrior+Priest,Warlock+Hunter,Warrior+Priest,9,team2,kill,33.48
Warlock+Hunter_vs_Warrior+Warlock,Warlock+Hunter,Warrior+Warlock,0,team1,kill,24.30
Warlock+Hunter_vs_Warrior+Warlock,Warlock+Hunter,Warrior+Warlock,1,team1,kill,27.55
Warlock+Hunter_vs_Warrior+Warlock,Warlock+Hunter,Warrior+Warlock,2,team1,kill,21.55
Warlock+Hunter_vs_Warrior+Warlock,Warlock+Hunter,Warrior+Warlock,3,team1,kill,31.30
Warlock+Hunter_vs_Warrior+Warlock,Warlock+Hunter,Warrior+Warlock,4,team1,kill,20.25
Warlock+Hunter_vs_Warrior+Warlock,Warlock+Hunter,Warrior+Warlock,5,team1,kill,21.32
Warlock+Hunter_vs_Warrior+Warlock,Warlock+Hunter,Warrior+Warlock,6,team2,kill,25.72
Warlock+Hunter_vs_Warrior+Warlock,Warlock+Hunter,Warrior+Warlock,7,team1,kill,25.22
Warlock+Hunter_vs_Warrior+Warlock,Warlock+Hunter,Warrior+Warlock,8,team2,kill,30.72
Warlock+Hunter_vs_Warrior+Warlock,Warlock+Hunter,Warrior+Warlock,9,team1,kill,22.98
Warlock+Hunter_vs_Warrior+Paladin,Warlock+Hunter,Warrior+Paladin,0,team2,kill,42.62
Warlock+Hunter_vs_Warrior+Paladin,Warlock+Hunter,Warrior+Paladin,1,team2,kill,32.97
Warlock+Hunter_vs_Warrior+Paladin,Warlock+Hunter,Warrior+Paladin,2,team2,kill,37.77
Warlock+Hunter_vs_Warrior+Paladin,Warlock+Hunter,Warrior+Paladin,3,team1,kill,70.65
Warlock+Hunter_vs_Warrior+Paladin,Warlock+Hunter,Warrior+Paladin,4,team2,kill,72.98
Warlock+Hunter_vs_Warrior+Paladin,Warlock+Hunter,Warrior+Paladin,5,team2,kill,40.20
Warlock+Hunter_vs_Warrior+Paladin,Warlock+Hunter,Warrior+Paladin,6,team2,kill,111.06
Warlock+Hunter_vs_Warrior+Paladin,Warlock+Hunter,Warrior+Paladin,7,team1,kill,58.33
Warlock+Hunter_vs_Warrior+Paladin,Warlock+Hunter,Warrior+Paladin,8,team2,kill,28.03
Warlock+Hunter_vs_Warrior+Paladin,Warlock+Hunter,Warrior+Paladin,9,team2,kill,79.14
Warlock+Hunter_vs_Warrior+Hunter,Warlock+Hunter,Warrior+Hunter,0,team1,kill,20.30
Warlock+Hunter_vs_Warrior+Hunter,Warlock+Hunter,Warrior+Hunter,1,team1,kill,20.53
Warlock+Hunter_vs_Warrior+Hunter,Warlock+Hunter,Warrior+Hunter,2,team1,kill,19.50
Warlock+Hunter_vs_Warrior+Hunter,Warlock+Hunter,Warrior+Hunter,3,team1,kill,20.50
Warlock+Hunter_vs_Warrior+Hunter,Warlock+Hunter,Warrior+Hunter,4,team1,kill,21.00
Warlock+Hunter_vs_Warrior+Hunter,Warlock+Hunter,Warrior+Hunter,5,team1,kill,19.52
Warlock+Hunter_vs_Warrior+Hunter,Warlock+Hunter,Warrior+Hunter,6,team1,kill,20.53
Warlock+Hunter_vs_Warrior+Hunter,Warlock+Hunter,Warrior+Hunter,7,team1,kill,19.45
Warlock+Hunter_vs_Warrior+Hunter,Warlock+Hunter,Warrior+Hunter,8,team1,kill,19.57
Warlock+Hunter_vs_Warrior+Hunter,Warlock+Hunter,Warrior+Hunter,9,team1,kill,21.00
Warlock+Hunter_vs_Warrior+Shaman,Warlock+Hunter,Warrior+Shaman,0,team2,kill,38.93
Warlock+Hunter_vs_Warrior+Shaman,Warlock+Hunter,Warrior+Shaman,1,team2,kill,46.97
Warlock+Hunter_vs_Warrior+Shaman,Warlock+Hunter,Warrior+Shaman,2,team2,kill,41.92
Warlock+Hunter_vs_Warrior+Shaman,Warlock+Hunter,Warrior+Shaman,3,team2,kill,32.15
Warlock+Hunter_vs_Warrior+Shaman,Warlock+Hunter,Warrior+Shaman,4,team2,kill,32.70
Warlock+Hunter_vs_Warrior+Shaman,Warlock+Hunter,Warrior+Shaman,5,team2,kill,43.08
Warlock+Hunter_vs_Warrior+Shaman,Warlock+Hunter,Warrior+Shaman,6,team2,kill,42.72
Warlock+Hunter_vs_Warrior+Shaman,Warlock+Hunter,Warrior+Shaman,7,team2,kill,29.22
Warlock+Hunter_vs_Warrior+Shaman,Warlock+Hunter,Warrior+Shaman,8,team2,kill,27.25
Warlock+Hunter_vs_Warrior+Shaman,Warlock+Hunter,Warrior+Shaman,9,team2,kill,49.62
Warlock+Hunter_vs_Mage+Rogue,Warlock+Hunter,Mage+Rogue,0,team2,kill,24.20
Warlock+Hunter_vs_Mage+Rogue,Warlock+Hunter,Mage+Rogue,1,team1,kill,29.62
Warlock+Hunter_vs_Mage+Rogue,Warlock+Hunter,Mage+Rogue,2,team1,kill,35.62
Warlock+Hunter_vs_Mage+Rogue,Warlock+Hunter,Mage+Rogue,3,team1,kill,44.02
Warlock+Hunter_vs_Mage+Rogue,Warlock+Hunter,Mage+Rogue,4,team1,kill,36.55
Warlock+Hunter_vs_Mage+Rogue,Warlock+Hunter,Mage+Rogue,5,team1,kill,29.57
Warlock+Hunter_vs_Mage+Rogue,Warlock+Hunter,Mage+Rogue,6,team1,kill,36.23
Warlock+Hunter_vs_Mage+Rogue,Warlock+Hunter,Mage+Rogue,7,team1,kill,28.27
Warlock+Hunter_vs_Mage+Rogue,Warlock+Hunter,Mage+Rogue,8,team1,kill,36.35
Warlock+Hunter_vs_Mage+Rogue,Warlock+Hunter,Mage+Rogue,9,team1,kill,36.63
Warlock+Hunter_vs_Mage+Priest,Warlock+Hunter,Mage+Priest,0,team2,kill,24.33
Warlock+Hunter_vs_Mage+Priest,Warlock+Hunter,Mage+Priest,1,team2,kill,24.43
Warlock+Hunter_vs_Mage+Priest,Warlock+Hunter,Mage+Priest,2,team2,kill,26.25
Warlock+Hunter_vs_Mage+Priest,Warlock+Hunter,Mage+Priest,3,team2,kill,24.22
Warlock+Hunter_vs_Mage+Priest,Warlock+Hunter,Mage+Priest,4,team2,kill,24.23
Warlock+Hunter_vs_Mage+Priest,Warlock+Hunter,Mage+Priest,5,team2,kill,22.88
Warlock+Hunter_vs_Mage+Priest,Warlock+Hunter,Mage+Priest,6,team2,kill,22.68
Warlock+Hunter_vs_Mage+Priest,Warlock+Hunter,Mage+Priest,7,team2,kill,24.28
Warlock+Hunter_vs_Mage+Priest,Warlock+Hunter,Mage+Priest,8,team2,kill,24.22
Warlock+Hunter_vs_Mage+Priest,Warlock+Hunter,Mage+Priest,9,team2,kill,24.37
Warlock+Hunter_vs_Mage+Warlock,Warlock+Hunter,Mage+Warlock,0,team2,kill,18.48
Warlock+Hunter_vs_Mage+Warlock,Warlock+Hunter,Mage+Warlock,1,team2,kill,18.48
Warlock+Hunter_vs_Mage+Warlock,Warlock+Hunter,Mage+Warlock,2,team2,kill,20.00
Warlock+Hunter_vs_Mage+Warlock,Warlock+Hunter,Mage+Warlock,3,team2,kill,18.48
Warlock+Hunter_vs_Mage+Warlock,Warlock+Hunter,Mage+Warlock,4,team2,kill,18.48
Warlock+Hunter_vs_Mage+Warlock,Warlock+Hunter,Mage+Warlock,5,team1,kill,19.95
Warlock+Hunter_vs_Mage+Warlock,Warlock+Hunter,Mage+Warlock,6,team2,kill,18.48
Warlock+Hunter_vs_Mage+Warlock,Warlock+Hunter,Mage+Warlock,7,team2,kill,20.00
Warlock+Hunter_vs_Mage+Warlock,Warlock+Hunter,Mage+Warlock,8,team2,kill,16.97
Warlock+Hunter_vs_Mage+Warlock,Warlock+Hunter,Mage+Warlock,9,team2,kill,20.00
Warlock+Hunter_vs_Mage+Paladin,Warlock+Hunter,Mage+Paladin,0,team2,kill,22.17
Warlock+Hunter_vs_Mage+Paladin,Warlock+Hunter,Mage+Paladin,1,team2,kill,29.42
Warlock+Hunter_vs_Mage+Paladin,Warlock+Hunter,Mage+Paladin,2,team2,kill,25.25
Warlock+Hunter_vs_Mage+Paladin,Warlock+Hunter,Mage+Paladin,3,team2,kill,22.03
Warlock+Hunter_vs_Mage+Paladin,Warlock+Hunter,Mage+Paladin,4,team2,kill,29.42
Warlock+Hunter_vs_Mage+Paladin,Warlock+Hunter,Mage+Paladin,5,team2,kill,25.40
Warlock+Hunter_vs_Mage+Paladin,Warlock+Hunter,Mage+Paladin,6,team2,kill,28.60
Warlock+Hunter_vs_Mage+Paladin,Warlock+Hunter,Mage+Paladin,7,team2,kill,25.30
Warlock+Hunter_vs_Mage+Paladin,Warlock+Hunter,Mage+Paladin,8,team2,kill,29.42
Warlock+Hunter_vs_Mage+Paladin,Warlock+Hunter,Mage+Paladin,9,team2,kill,24.57
Warlock+Hunter_vs_Mage+Hunter,Warlock+Hunter,Mage+Hunter,0,team2,kill,16.15
Warlock+Hunter_vs_Mage+Hunter,Warlock+Hunter,Mage+Hunter,1,team2,kill,17.85
Warlock+Hunter_vs_Mage+Hunter,Warlock+Hunter,Mage+Hunter,2,team2,kill,17.67
Warlock+Hunter_vs_Mage+Hunter,Warlock+Hunter,Mage+Hunter,3,team2,kill,17.65
Warlock+Hunter_vs_Mage+Hunter,Warlock+Hunter,Mage+Hunter,4,team2,kill,16.20
Warlock+Hunter_vs_Mage+Hunter,Warlock+Hunter,Mage+Hunter,5,team2,kill,17.67
Warlock+Hunter_vs_Mage+Hunter,Warlock+Hunter,Mage+Hunter,6,team2,kill,16.28
Warlock+Hunter_vs_Mage+Hunter,Warlock+Hunter,Mage+Hunter,7,team2,kill,14.73
Warlock+Hunter_vs_Mage+Hunter,Warlock+Hunter,Mage+Hunter,8,team2,kill,16.28
Warlock+Hunter_vs_Mage+Hunter,Warlock+Hunter,Mage+Hunter,9,team2,kill,16.28
Warlock+Hunter_vs_Mage+Shaman,Warlock+Hunter,Mage+Shaman,0,team2,kill,13.17
Warlock+Hunter_vs_Mage+Shaman,Warlock+Hunter,Mage+Shaman,1,team2,kill,18.22
Warlock+Hunter_vs_Mage+Shaman,Warlock+Hunter,Mage+Shaman,2,team2,kill,18.22
Warlock+Hunter_vs_Mage+Shaman,Warlock+Hunter,Mage+Shaman,3,team2,kill,18.23
Warlock+Hunter_vs_Mage+Shaman,Warlock+Hunter,Mage+Shaman,4,team2,kill,13.05
Warlock+Hunter_vs_Mage+Shaman,Warlock+Hunter,Mage+Shaman,5,team2,kill,18.23
Warlock+Hunter_vs_Mage+Shaman,Warlock+Hunter,Mage+Shaman,6,team2,kill,18.25
Warlock+Hunter_vs_Mage+Shaman,Warlock+Hunter,Mage+Shaman,7,team2,kill,18.25
Warlock+Hunter_vs_Mage+Shaman,Warlock+Hunter,Mage+Shaman,8,team2,kill,18.25
Warlock+Hunter_vs_Mage+Shaman,Warlock+Hunter,Mage+Shaman,9,team2,kill,13.17
Warlock+Hunter_vs_Rogue+Priest,Warlock+Hunter,Rogue+Priest,0,team2,kill,45.28
Warlock+Hunter_vs_Rogue+Priest,Warlock+Hunter,Rogue+Priest,1,team1,kill,27.08
Warlock+Hunter_vs_Rogue+Priest,Warlock+Hunter,Rogue+Priest,2,team2,kill,42.02
Warlock+Hunter_vs_Rogue+Priest,Warlock+Hunter,Rogue+Priest,3,team1,kill,24.05
Warlock+Hunter_vs_Rogue+Priest,Warlock+Hunter,Rogue+Priest,4,team2,kill,46.22
Warlock+Hunter_vs_Rogue+Priest,Warlock+Hunter,Rogue+Priest,5,team1,kill,27.08
Warlock+Hunter_vs_Rogue+Priest,Warlock+Hunter,Rogue+Priest,6,team1,kill,35.40
Warlock+Hunter_vs_Rogue+Priest,Warlock+Hunter,Rogue+Priest,7,team2,kill,43.90
Warlock+Hunter_vs_Rogue+Priest,Warlock+Hunter,Rogue+Priest,8,team2,kill,40.48
Warlock+Hunter_vs_Rogue+Priest,Warlock+Hunter,Rogue+Priest,9,team1,kill,33.62
Warlock+Hunter_vs_Rogue+Warlock,Warlock+Hunter,Rogue+Warlock,0,team1,kill,22.08
Warlock+Hunter_vs_Rogue+Warlock,Warlock+Hunter,Rogue+Warlock,1,team1,kill,23.97
Warlock+Hunter_vs_Rogue+Warlock,Warlock+Hunter,Rogue+Warlock,2,team1,kill,21.50
Warlock+Hunter_vs_Rogue+Warlock,Warlock+Hunter,Rogue+Warlock,3,team1,kill,24.22
Warlock+Hunter_vs_Rogue+Warlock,Warlock+Hunter,Rogue+Warlock,4,team1,kill,23.50
Warlock+Hunter_vs_Rogue+Warlock,Warlock+Hunter,Rogue+Warlock,5,team1,kill,24.22
Warlock+Hunter_vs_Rogue+Warlock,Warlock+Hunter,Rogue+Warlock,6,team1,kill,23.60
Warlock+Hunter_vs_Rogue+Warlock,Warlock+Hunter,Rogue+Warlock,7,team1,kill,24.22
Warlock+Hunter_vs_Rogue+Warlock,Warlock+Hunter,Rogue+Warlock,8,team1,kill,25.15
Warlock+Hunter_vs_Rogue+Warlock,Warlock+Hunter,Rogue+Warlock,9,team1,kill,22.58
Warlock+Hunter_vs_Rogue+Paladin,Warlock+Hunter,Rogue+Paladin,0,team2,kill,43.07
Warlock+Hunter_vs_Rogue+Paladin,Warlock+Hunter,Rogue+Paladin,1,team2,kill,40.62
Warlock+Hunter_vs_Rogue+Paladin,Warlock+Hunter,Rogue+Paladin,2,team2,kill,40.67
Warlock+Hunter_vs_Rogue+Paladin,Warlock+Hunter,Rogue+Paladin,3,team2,kill,51.68
Warlock+Hunter_vs_Rogue+Paladin,Warlock+Hunter,Rogue+Paladin,4,team2,kill,39.58
Warlock+Hunter_vs_Rogue+Paladin,Warlock+Hunter,Rogue+Paladin,5,team2,kill,33.37
Warlock+Hunter_vs_Rogue+Paladin,Warlock+Hunter,Rogue+Paladin,6,team2,kill,37.33
Warlock+Hunter_vs_Rogue+Paladin,Warlock+Hunter,Rogue+Paladin,7,team2,kill,50.45
Warlock+Hunter_vs_Rogue+Paladin,Warlock+Hunter,Rogue+Paladin,8,team2,kill,51.28
Warlock+Hunter_vs_Rogue+Paladin,Warlock+Hunter,Rogue+Paladin,9,team2,kill,39.72
Warlock+Hunter_vs_Rogue+Hunter,Warlock+Hunter,Rogue+Hunter,0,team1,kill,18.77
Warlock+Hunter_vs_Rogue+Hunter,Warlock+Hunter,Rogue+Hunter,1,team1,kill,20.32
Warlock+Hunter_vs_Rogue+Hunter,Warlock+Hunter,Rogue+Hunter,2,team1,kill,23.32
Warlock+Hunter_vs_Rogue+Hunter,Warlock+Hunter,Rogue+Hunter,3,team1,kill,20.32
Warlock+Hunter_vs_Rogue+Hunter,Warlock+Hunter,Rogue+Hunter,4,team1,kill,19.35
Warlock+Hunter_vs_Rogue+Hunter,Warlock+Hunter,Rogue+Hunter,5,team1,kill,20.32
Warlock+Hunter_vs_Rogue+Hunter,Warlock+Hunter,Rogue+Hunter,6,team1,kill,18.52
Warlock+Hunter_vs_Rogue+Hunter,Warlock+Hunter,Rogue+Hunter,7,team1,kill,22.93
Warlock+Hunter_vs_Rogue+Hunter,Warlock+Hunter,Rogue+Hunter,8,team1,kill,19.60
Warlock+Hunter_vs_Rogue+Hunter,Warlock+Hunter,Rogue+Hunter,9,team1,kill,17.80
Warlock+Hunter_vs_Rogue+Shaman,Warlock+Hunter,Rogue+Shaman,0,team2,kill,55.43
Warlock+Hunter_vs_Rogue+Shaman,Warlock+Hunter,Rogue+Shaman,1,team1,kill,38.63
Warlock+Hunter_vs_Rogue+Shaman,Warlock+Hunter,Rogue+Shaman,2,team2,kill,46.33
Warlock+Hunter_vs_Rogue+Shaman,Warlock+Hunter,Rogue+Shaman,3,team2,kill,48.53
Warlock+Hunter_vs_Rogue+Shaman,Warlock+Hunter,Rogue+Shaman,4,team2,kill,58.93
Warlock+Hunter_vs_Rogue+Shaman,Warlock+Hunter,Rogue+Shaman,5,team2,kill,45.87
Warlock+Hunter_vs_Rogue+Shaman,Warlock+Hunter,Rogue+Shaman,6,team1,kill,33.48
Warlock+Hunter_vs_Rogue+Shaman,Warlock+Hunter,Rogue+Shaman,7,team1,kill,32.43
Warlock+Hunter_vs_Rogue+Shaman,Warlock+Hunter,Rogue+Shaman,8,team2,kill,52.98
Warlock+Hunter_vs_Rogue+Shaman,Warlock+Hunter,Rogue+Shaman,9,team2,kill,51.12
Warlock+Hunter_vs_Priest+Warlock,Warlock+Hunter,Priest+Warlock,0,team2,kill,34.43
Warlock+Hunter_vs_Priest+Warlock,Warlock+Hunter,Priest+Warlock,1,team1,kill,35.67
Warlock+Hunter_vs_Priest+Warlock,Warlock+Hunter,Priest+Warlock,2,team2,kill,35.50
Warlock+Hunter_vs_Priest+Warlock,Warlock+Hunter,Priest+Warlock,3,team2,kill,35.35
Warlock+Hunter_vs_Priest+Warlock,Warlock+Hunter,Priest+Warlock,4,team2,kill,31.97
Warlock+Hunter_vs_Priest+Warlock,Warlock+Hunter,Priest+Warlock,5,team2,kill,38.62
Warlock+Hunter_vs_Priest+Warlock,Warlock+Hunter,Priest+Warlock,6,team2,kill,30.95
Warlock+Hunter_vs_Priest+Warlock,Warlock+Hunter,Priest+Warlock,7,team2,kill,33.47
Warlock+Hunter_vs_Priest+Warlock,Warlock+Hunter,Priest+Warlock,8,team2,kill,33.17
Warlock+Hunter_vs_Priest+Warlock,Warlock+Hunter,Priest+Warlock,9,team2,kill,29.78
Warlock+Hunter_vs_Priest+Hunter,Warlock+Hunter,Priest+Hunter,0,team2,kill,30.57
Warlock+Hunter_vs_Priest+Hunter,Warlock+Hunter,Priest+Hunter,1,team2,kill,27.75
Warlock+Hunter_vs_Priest+Hunter,Warlock+Hunter,Priest+Hunter,2,team2,kill,29.87
Warlock+Hunter_vs_Priest+Hunter,Warlock+Hunter,Priest+Hunter,3,team2,kill,28.93
Warlock+Hunter_vs_Priest+Hunter,Warlock+Hunter,Priest+Hunter,4,team2,kill,27.68
Warlock+Hunter_vs_Priest+Hunter,Warlock+Hunter,Priest+Hunter,5,team2,kill,26.27
Warlock+Hunter_vs_Priest+Hunter,Warlock+Hunter,Priest+Hunter,6,team2,kill,28.40
Warlock+Hunter_vs_Priest+Hunter,Warlock+Hunter,Priest+Hunter,7,team2,kill,23.03
Warlock+Hunter_vs_Priest+Hunter,Warlock+Hunter,Priest+Hunter,8,team1,kill,26.42
Warlock+Hunter_vs_Priest+Hunter,Warlock+Hunter,Priest+Hunter,9,team2,kill,31.42
Warlock+Hunter_vs_Warlock+Paladin,Warlock+Hunter,Warlock+Paladin,0,team2,kill,77.00
Warlock+Hunter_vs_Warlock+Paladin,Warlock+Hunter,Warlock+Paladin,1,team2,kill,51.25
Warlock+Hunter_vs_Warlock+Paladin,Warlock+Hunter,Warlock+Paladin,2,team2,kill,38.87
Warlock+Hunter_vs_Warlock+Paladin,Warlock+Hunter,Warlock+Paladin,3,team2,kill,45.02
Warlock+Hunter_vs_Warlock+Paladin,Warlock+Hunter,Warlock+Paladin,4,team2,kill,38.95
Warlock+Hunter_vs_Warlock+Paladin,Warlock+Hunter,Warlock+Paladin,5,team2,kill,55.55
Warlock+Hunter_vs_Warlock+Paladin,Warlock+Hunter,Warlock+Paladin,6,team2,kill,36.62
Warlock+Hunter_vs_Warlock+Paladin,Warlock+Hunter,Warlock+Paladin,7,team2,kill,70.00
Warlock+Hunter_vs_Warlock+Paladin,Warlock+Hunter,Warlock+Paladin,8,team2,kill,65.10
Warlock+Hunter_vs_Warlock+Paladin,Warlock+Hunter,Warlock+Paladin,9,team2,kill,36.38
Warlock+Hunter_vs_Warlock+Hunter,Warlock+Hunter,Warlock+Hunter,0,draw,kill,18.28
Warlock+Hunter_vs_Warlock+Hunter,Warlock+Hunter,Warlock+Hunter,1,team2,kill,18.28
Warlock+Hunter_vs_Warlock+Hunter,Warlock+Hunter,Warlock+Hunter,2,team1,kill,19.48
Warlock+Hunter_vs_Warlock+Hunter,Warlock+Hunter,Warlock+Hunter,3,draw,kill,27.33
Warlock+Hunter_vs_Warlock+Hunter,Warlock+Hunter,Warlock+Hunter,4,team2,kill,24.32
Warlock+Hunter_vs_Warlock+Hunter,Warlock+Hunter,Warlock+Hunter,5,team1,kill,19.68
Warlock+Hunter_vs_Warlock+Hunter,Warlock+Hunter,Warlock+Hunter,6,draw,kill,18.28
Warlock+Hunter_vs_Warlock+Hunter,Warlock+Hunter,Warlock+Hunter,7,team2,kill,18.28
Warlock+Hunter_vs_Warlock+Hunter,Warlock+Hunter,Warlock+Hunter,8,team2,kill,20.78
Warlock+Hunter_vs_Warlock+Hunter,Warlock+Hunter,Warlock+Hunter,9,team1,kill,19.40
Warlock+Hunter_vs_Warlock+Shaman,Warlock+Hunter,Warlock+Shaman,0,team2,kill,21.17
Warlock+Hunter_vs_Warlock+Shaman,Warlock+Hunter,Warlock+Shaman,1,team2,kill,26.32
Warlock+Hunter_vs_Warlock+Shaman,Warlock+Hunter,Warlock+Shaman,2,team2,kill,26.32
Warlock+Hunter_vs_Warlock+Shaman,Warlock+Hunter,Warlock+Shaman,3,team2,kill,21.47
Warlock+Hunter_vs_Warlock+Shaman,Warlock+Hunter,Warlock+Shaman,4,team2,kill,19.73
Warlock+Hunter_vs_Warlock+Shaman,Warlock+Hunter,Warlock+Shaman,5,team2,kill,21.05
Warlock+Hunter_vs_Warlock+Shaman,Warlock+Hunter,Warlock+Shaman,6,team2,kill,19.63
Warlock+Hunter_vs_Warlock+Shaman,Warlock+Hunter,Warlock+Shaman,7,team2,kill,19.60
Warlock+Hunter_vs_Warlock+Shaman,Warlock+Hunter,Warlock+Shaman,8,team2,kill,21.25
Warlock+Hunter_vs_Warlock+Shaman,Warlock+Hunter,Warlock+Shaman,9,team2,kill,25.32
Warlock+Hunter_vs_Paladin+Hunter,Warlock+Hunter,Paladin+Hunter,0,team2,kill,29.73
Warlock+Hunter_vs_Paladin+Hunter,Warlock+Hunter,Paladin+Hunter,1,team2,kill,25.22
Warlock+Hunter_vs_Paladin+Hunter,Warlock+Hunter,Paladin+Hunter,2,team2,kill,32.80
Warlock+Hunter_vs_Paladin+Hunter,Warlock+Hunter,Paladin+Hunter,3,team2,kill,34.40
Warlock+Hunter_vs_Paladin+Hunter,Warlock+Hunter,Paladin+Hunter,4,team2,kill,32.45
Warlock+Hunter_vs_Paladin+Hunter,Warlock+Hunter,Paladin+Hunter,5,team2,kill,30.95
Warlock+Hunter_vs_Paladin+Hunter,Warlock+Hunter,Paladin+Hunter,6,team2,kill,30.03
Warlock+Hunter_vs_Paladin+Hunter,Warlock+Hunter,Paladin+Hunter,7,team2,kill,28.45
Warlock+Hunter_vs_Paladin+Hunter,Warlock+Hunter,Paladin+Hunter,8,team2,kill,31.33
Warlock+Hunter_vs_Paladin+Hunter,Warlock+Hunter,Paladin+Hunter,9,team2,kill,32.72
Warlock+Hunter_vs_Hunter+Shaman,Warlock+Hunter,Hunter+Shaman,0,team1,kill,38.77
Warlock+Hunter_vs_Hunter+Shaman,Warlock+Hunter,Hunter+Shaman,1,team1,kill,31.58
Warlock+Hunter_vs_Hunter+Shaman,Warlock+Hunter,Hunter+Shaman,2,team1,kill,42.25
Warlock+Hunter_vs_Hunter+Shaman,Warlock+Hunter,Hunter+Shaman,3,team1,kill,41.95
Warlock+Hunter_vs_Hunter+Shaman,Warlock+Hunter,Hunter+Shaman,4,team1,kill,31.00
Warlock+Hunter_vs_Hunter+Shaman,Warlock+Hunter,Hunter+Shaman,5,team1,kill,42.35
Warlock+Hunter_vs_Hunter+Shaman,Warlock+Hunter,Hunter+Shaman,6,team1,kill,23.57
Warlock+Hunter_vs_Hunter+Shaman,Warlock+Hunter,Hunter+Shaman,7,team2,kill,24.65
Warlock+Hunter_vs_Hunter+Shaman,Warlock+Hunter,Hunter+Shaman,8,team2,kill,25.67
Warlock+Hunter_vs_Hunter+Shaman,Warlock+Hunter,Hunter+Shaman,9,team1,kill,40.32
Warlock+Shaman_vs_Warrior+Hunter,Warlock+Shaman,Warrior+Hunter,0,team1,kill,16.05
Warlock+Shaman_vs_Warrior+Hunter,Warlock+Shaman,Warrior+Hunter,1,team1,kill,18.35
Warlock+Shaman_vs_Warrior+Hunter,Warlock+Shaman,Warrior+Hunter,2,team1,kill,19.45
Warlock+Shaman_vs_Warrior+Hunter,Warlock+Shaman,Warrior+Hunter,3,team1,kill,18.25
Warlock+Shaman_vs_Warrior+Hunter,Warlock+Shaman,Warrior+Hunter,4,team1,kill,19.15
Warlock+Shaman_vs_Warrior+Hunter,Warlock+Shaman,Warrior+Hunter,5,team1,kill,17.15
Warlock+Shaman_vs_Warrior+Hunter,Warlock+Shaman,Warrior+Hunter,6,team1,kill,18.22
Warlock+Shaman_vs_Warrior+Hunter,Warlock+Shaman,Warrior+Hunter,7,team1,kill,19.25
Warlock+Shaman_vs_Warrior+Hunter,Warlock+Shaman,Warrior+Hunter,8,team1,kill,19.60
Warlock+Shaman_vs_Warrior+Hunter,Warlock+Shaman,Warrior+Hunter,9,team1,kill,19.60
Warlock+Shaman_vs_Mage+Hunter,Warlock+Shaman,Mage+Hunter,0,team1,kill,25.15
Warlock+Shaman_vs_Mage+Hunter,Warlock+Shaman,Mage+Hunter,1,team1,kill,25.15
Warlock+Shaman_vs_Mage+Hunter,Warlock+Shaman,Mage+Hunter,2,team1,kill,25.15
Warlock+Shaman_vs_Mage+Hunter,Warlock+Shaman,Mage+Hunter,3,team1,kill,25.15
Warlock+Shaman_vs_Mage+Hunter,Warlock+Shaman,Mage+Hunter,4,team2,kill,24.48
Warlock+Shaman_vs_Mage+Hunter,Warlock+Shaman,Mage+Hunter,5,team1,kill,25.15
Warlock+Shaman_vs_Mage+Hunter,Warlock+Shaman,Mage+Hunter,6,team1,kill,25.15
Warlock+Shaman_vs_Mage+Hunter,Warlock+Shaman,Mage+Hunter,7,team1,kill,20.78
Warlock+Shaman_vs_Mage+Hunter,Warlock+Shaman,Mage+Hunter,8,team1,kill,25.15
Warlock+Shaman_vs_Mage+Hunter,Warlock+Shaman,Mage+Hunter,9,team1,kill,28.82
Warlock+Shaman_vs_Rogue+Hunter,Warlock+Shaman,Rogue+Hunter,0,team1,kill,25.60
Warlock+Shaman_vs_Rogue+Hunter,Warlock+Shaman,Rogue+Hunter,1,team1,kill,25.67
Warlock+Shaman_vs_Rogue+Hunter,Warlock+Shaman,Rogue+Hunter,2,team1,kill,19.60
Warlock+Shaman_vs_Rogue+Hunter,Warlock+Shaman,Rogue+Hunter,3,team1,kill,19.60
Warlock+Shaman_vs_Rogue+Hunter,Warlock+Shaman,Rogue+Hunter,4,team1,kill,19.60
Warlock+Shaman_vs_Rogue+Hunter,Warlock+Shaman,Rogue+Hunter,5,team1,kill,25.67
Warlock+Shaman_vs_Rogue+Hunter,Warlock+Shaman,Rogue+Hunter,6,team1,kill,19.60
Warlock+Shaman_vs_Rogue+Hunter,Warlock+Shaman,Rogue+Hunter,7,team1,kill,17.33
Warlock+Shaman_vs_Rogue+Hunter,Warlock+Shaman,Rogue+Hunter,8,team1,kill,25.67
Warlock+Shaman_vs_Rogue+Hunter,Warlock+Shaman,Rogue+Hunter,9,team1,kill,25.67
Warlock+Shaman_vs_Priest+Hunter,Warlock+Shaman,Priest+Hunter,0,team1,kill,50.78
Warlock+Shaman_vs_Priest+Hunter,Warlock+Shaman,Priest+Hunter,1,team1,kill,29.45
Warlock+Shaman_vs_Priest+Hunter,Warlock+Shaman,Priest+Hunter,2,team1,kill,35.45
Warlock+Shaman_vs_Priest+Hunter,Warlock+Shaman,Priest+Hunter,3,team1,kill,46.83
Warlock+Shaman_vs_Priest+Hunter,Warlock+Shaman,Priest+Hunter,4,team1,kill,45.37
Warlock+Shaman_vs_Priest+Hunter,Warlock+Shaman,Priest+Hunter,5,team1,kill,34.60
Warlock+Shaman_vs_Priest+Hunter,Warlock+Shaman,Priest+Hunter,6,team1,kill,23.13
Warlock+Shaman_vs_Priest+Hunter,Warlock+Shaman,Priest+Hunter,7,team1,kill,35.02
Warlock+Shaman_vs_Priest+Hunter,Warlock+Shaman,Priest+Hunter,8,team1,kill,35.48
Warlock+Shaman_vs_Priest+Hunter,Warlock+Shaman,Priest+Hunter,9,team1,kill,39.55
Warlock+Shaman_vs_Warlock+Hunter,Warlock+Shaman,Warlock+Hunter,0,team1,kill,21.03
Warlock+Shaman_vs_Warlock+Hunter,Warlock+Shaman,Warlock+Hunter,1,team1,kill,26.32
Warlock+Shaman_vs_Warlock+Hunter,Warlock+Shaman,Warlock+Hunter,2,team1,kill,26.32
Warlock+Shaman_vs_Warlock+Hunter,Warlock+Shaman,Warlock+Hunter,3,team1,kill,20.83
Warlock+Shaman_vs_Warlock+Hunter,Warlock+Shaman,Warlock+Hunter,4,team1,kill,19.55
Warlock+Shaman_vs_Warlock+Hunter,Warlock+Shaman,Warlock+Hunter,5,team1,kill,21.22
Warlock+Shaman_vs_Warlock+Hunter,Warlock+Shaman,Warlock+Hunter,6,team1,kill,19.58
Warlock+Shaman_vs_Warlock+Hunter,Warlock+Shaman,Warlock+Hunter,7,team1,kill,19.62
Warlock+Shaman_vs_Warlock+Hunter,Warlock+Shaman,Warlock+Hunter,8,team1,kill,21.03
Warlock+Shaman_vs_Warlock+Hunter,Warlock+Shaman,Warlock+Hunter,9,team1,kill,25.32
Warlock+Shaman_vs_Paladin+Hunter,Warlock+Shaman,Paladin+Hunter,0,team2,kill,69.10
Warlock+Shaman_vs_Paladin+Hunter,Warlock+Shaman,Paladin+Hunter,1,team2,kill,50.78
Warlock+Shaman_vs_Paladin+Hunter,Warlock+Shaman,Paladin+Hunter,2,team2,kill,143.24
Warlock+Shaman_vs_Paladin+Hunter,Warlock+Shaman,Paladin+Hunter,3,team1,kill,76.82
Warlock+Shaman_vs_Paladin+Hunter,Warlock+Shaman,Paladin+Hunter,4,team1,kill,72.05
Warlock+Shaman_vs_Paladin+Hunter,Warlock+Shaman,Paladin+Hunter,5,team2,kill,186.38
Warlock+Shaman_vs_Paladin+Hunter,Warlock+Shaman,Paladin+Hunter,6,team2,kill,81.82
Warlock+Shaman_vs_Paladin+Hunter,Warlock+Shaman,Paladin+Hunter,7,team1,kill,58.10
Warlock+Shaman_vs_Paladin+Hunter,Warlock+Shaman,Paladin+Hunter,8,draw,cap,300.00
Warlock+Shaman_vs_Paladin+Hunter,Warlock+Shaman,Paladin+Hunter,9,team1,kill,75.22
Warlock+Shaman_vs_Hunter+Shaman,Warlock+Shaman,Hunter+Shaman,0,team1,kill,43.10
Warlock+Shaman_vs_Hunter+Shaman,Warlock+Shaman,Hunter+Shaman,1,team1,kill,44.72
Warlock+Shaman_vs_Hunter+Shaman,Warlock+Shaman,Hunter+Shaman,2,team1,kill,35.58
Warlock+Shaman_vs_Hunter+Shaman,Warlock+Shaman,Hunter+Shaman,3,team1,kill,54.75
Warlock+Shaman_vs_Hunter+Shaman,Warlock+Shaman,Hunter+Shaman,4,team1,kill,16.82
Warlock+Shaman_vs_Hunter+Shaman,Warlock+Shaman,Hunter+Shaman,5,team1,kill,43.10
Warlock+Shaman_vs_Hunter+Shaman,Warlock+Shaman,Hunter+Shaman,6,team1,kill,41.17
Warlock+Shaman_vs_Hunter+Shaman,Warlock+Shaman,Hunter+Shaman,7,team1,kill,16.82
Warlock+Shaman_vs_Hunter+Shaman,Warlock+Shaman,Hunter+Shaman,8,team1,kill,33.82
Warlock+Shaman_vs_Hunter+Shaman,Warlock+Shaman,Hunter+Shaman,9,team1,kill,34.53
Paladin+Hunter_vs_Warrior+Mage,Paladin+Hunter,Warrior+Mage,0,team1,kill,32.87
Paladin+Hunter_vs_Warrior+Mage,Paladin+Hunter,Warrior+Mage,1,team1,kill,48.17
Paladin+Hunter_vs_Warrior+Mage,Paladin+Hunter,Warrior+Mage,2,team1,kill,48.18
Paladin+Hunter_vs_Warrior+Mage,Paladin+Hunter,Warrior+Mage,3,team1,kill,35.38
Paladin+Hunter_vs_Warrior+Mage,Paladin+Hunter,Warrior+Mage,4,team2,kill,39.07
Paladin+Hunter_vs_Warrior+Mage,Paladin+Hunter,Warrior+Mage,5,team2,kill,39.07
Paladin+Hunter_vs_Warrior+Mage,Paladin+Hunter,Warrior+Mage,6,team1,kill,32.87
Paladin+Hunter_vs_Warrior+Mage,Paladin+Hunter,Warrior+Mage,7,team1,kill,30.35
Paladin+Hunter_vs_Warrior+Mage,Paladin+Hunter,Warrior+Mage,8,team1,kill,32.87
Paladin+Hunter_vs_Warrior+Mage,Paladin+Hunter,Warrior+Mage,9,team1,kill,48.20
Paladin+Hunter_vs_Warrior+Rogue,Paladin+Hunter,Warrior+Rogue,0,team1,kill,26.07
Paladin+Hunter_vs_Warrior+Rogue,Paladin+Hunter,Warrior+Rogue,1,team1,kill,41.92
Paladin+Hunter_vs_Warrior+Rogue,Paladin+Hunter,Warrior+Rogue,2,team1,kill,27.15
Paladin+Hunter_vs_Warrior+Rogue,Paladin+Hunter,Warrior+Rogue,3,team1,kill,27.98
Paladin+Hunter_vs_Warrior+Rogue,Paladin+Hunter,Warrior+Rogue,4,team1,kill,26.07
Paladin+Hunter_vs_Warrior+Rogue,Paladin+Hunter,Warrior+Rogue,5,team1,kill,41.00
Paladin+Hunter_vs_Warrior+Rogue,Paladin+Hunter,Warrior+Rogue,6,team1,kill,27.95
Paladin+Hunter_vs_Warrior+Rogue,Paladin+Hunter,Warrior+Rogue,7,team1,kill,27.17
Paladin+Hunter_vs_Warrior+Rogue,Paladin+Hunter,Warrior+Rogue,8,team1,kill,27.17
Paladin+Hunter_vs_Warrior+Rogue,Paladin+Hunter,Warrior+Rogue,9,team1,kill,47.32
Paladin+Hunter_vs_Warrior+Priest,Paladin+Hunter,Warrior+Priest,0,team2,kill,80.64
Paladin+Hunter_vs_Warrior+Priest,Paladin+Hunter,Warrior+Priest,1,team2,kill,107.73
Paladin+Hunter_vs_Warrior+Priest,Paladin+Hunter,Warrior+Priest,2,team1,kill,89.67
Paladin+Hunter_vs_Warrior+Priest,Paladin+Hunter,Warrior+Priest,3,team1,kill,65.68
Paladin+Hunter_vs_Warrior+Priest,Paladin+Hunter,Warrior+Priest,4,team1,kill,85.92
Paladin+Hunter_vs_Warrior+Priest,Paladin+Hunter,Warrior+Priest,5,team1,kill,100.72
Paladin+Hunter_vs_Warrior+Priest,Paladin+Hunter,Warrior+Priest,6,team2,kill,80.29
Paladin+Hunter_vs_Warrior+Priest,Paladin+Hunter,Warrior+Priest,7,team2,kill,89.32
Paladin+Hunter_vs_Warrior+Priest,Paladin+Hunter,Warrior+Priest,8,team1,kill,75.27
Paladin+Hunter_vs_Warrior+Priest,Paladin+Hunter,Warrior+Priest,9,team2,kill,84.10
Paladin+Hunter_vs_Warrior+Warlock,Paladin+Hunter,Warrior+Warlock,0,team1,kill,49.85
Paladin+Hunter_vs_Warrior+Warlock,Paladin+Hunter,Warrior+Warlock,1,team1,kill,67.28
Paladin+Hunter_vs_Warrior+Warlock,Paladin+Hunter,Warrior+Warlock,2,team1,kill,50.10
Paladin+Hunter_vs_Warrior+Warlock,Paladin+Hunter,Warrior+Warlock,3,team1,kill,49.25
Paladin+Hunter_vs_Warrior+Warlock,Paladin+Hunter,Warrior+Warlock,4,team1,kill,50.52
Paladin+Hunter_vs_Warrior+Warlock,Paladin+Hunter,Warrior+Warlock,5,team1,kill,59.20
Paladin+Hunter_vs_Warrior+Warlock,Paladin+Hunter,Warrior+Warlock,6,team1,kill,47.35
Paladin+Hunter_vs_Warrior+Warlock,Paladin+Hunter,Warrior+Warlock,7,team1,kill,67.23
Paladin+Hunter_vs_Warrior+Warlock,Paladin+Hunter,Warrior+Warlock,8,team1,kill,69.78
Paladin+Hunter_vs_Warrior+Warlock,Paladin+Hunter,Warrior+Warlock,9,team1,kill,69.80
Paladin+Hunter_vs_Warrior+Paladin,Paladin+Hunter,Warrior+Paladin,0,team2,kill,88.97
Paladin+Hunter_vs_Warrior+Paladin,Paladin+Hunter,Warrior+Paladin,1,team2,kill,75.74
Paladin+Hunter_vs_Warrior+Paladin,Paladin+Hunter,Warrior+Paladin,2,team2,kill,85.20
Paladin+Hunter_vs_Warrior+Paladin,Paladin+Hunter,Warrior+Paladin,3,team2,kill,84.97
Paladin+Hunter_vs_Warrior+Paladin,Paladin+Hunter,Warrior+Paladin,4,team2,kill,89.10
Paladin+Hunter_vs_Warrior+Paladin,Paladin+Hunter,Warrior+Paladin,5,team1,kill,156.09
Paladin+Hunter_vs_Warrior+Paladin,Paladin+Hunter,Warrior+Paladin,6,team1,kill,95.79
Paladin+Hunter_vs_Warrior+Paladin,Paladin+Hunter,Warrior+Paladin,7,team1,kill,83.35
Paladin+Hunter_vs_Warrior+Paladin,Paladin+Hunter,Warrior+Paladin,8,team2,kill,71.70
Paladin+Hunter_vs_Warrior+Paladin,Paladin+Hunter,Warrior+Paladin,9,team2,kill,82.89
Paladin+Hunter_vs_Warrior+Hunter,Paladin+Hunter,Warrior+Hunter,0,team1,kill,46.75
Paladin+Hunter_vs_Warrior+Hunter,Paladin+Hunter,Warrior+Hunter,1,team1,kill,34.45
Paladin+Hunter_vs_Warrior+Hunter,Paladin+Hunter,Warrior+Hunter,2,team1,kill,48.63
Paladin+Hunter_vs_Warrior+Hunter,Paladin+Hunter,Warrior+Hunter,3,team1,kill,34.20
Paladin+Hunter_vs_Warrior+Hunter,Paladin+Hunter,Warrior+Hunter,4,team1,kill,49.53
Paladin+Hunter_vs_Warrior+Hunter,Paladin+Hunter,Warrior+Hunter,5,team1,kill,60.63
Paladin+Hunter_vs_Warrior+Hunter,Paladin+Hunter,Warrior+Hunter,6,team1,kill,34.60
Paladin+Hunter_vs_Warrior+Hunter,Paladin+Hunter,Warrior+Hunter,7,team1,kill,24.32
Paladin+Hunter_vs_Warrior+Hunter,Paladin+Hunter,Warrior+Hunter,8,team1,kill,34.60
Paladin+Hunter_vs_Warrior+Hunter,Paladin+Hunter,Warrior+Hunter,9,team1,kill,48.70
Paladin+Hunter_vs_Warrior+Shaman,Paladin+Hunter,Warrior+Shaman,0,team2,kill,77.60
Paladin+Hunter_vs_Warrior+Shaman,Paladin+Hunter,Warrior+Shaman,1,team2,kill,78.12
Paladin+Hunter_vs_Warrior+Shaman,Paladin+Hunter,Warrior+Shaman,2,team2,kill,73.13
Paladin+Hunter_vs_Warrior+Shaman,Paladin+Hunter,Warrior+Shaman,3,team2,kill,75.89
Paladin+Hunter_vs_Warrior+Shaman,Paladin+Hunter,Warrior+Shaman,4,team2,kill,71.17
Paladin+Hunter_vs_Warrior+Shaman,Paladin+Hunter,Warrior+Shaman,5,team1,kill,227.42
Paladin+Hunter_vs_Warrior+Shaman,Paladin+Hunter,Warrior+Shaman,6,team2,kill,68.63
Paladin+Hunter_vs_Warrior+Shaman,Paladin+Hunter,Warrior+Shaman,7,team2,kill,75.62
Paladin+Hunter_vs_Warrior+Shaman,Paladin+Hunter,Warrior+Shaman,8,team2,kill,73.52
Paladin+Hunter_vs_Warrior+Shaman,Paladin+Hunter,Warrior+Shaman,9,team2,kill,75.89
Paladin+Hunter_vs_Mage+Rogue,Paladin+Hunter,Mage+Rogue,0,team1,kill,53.70
Paladin+Hunter_vs_Mage+Rogue,Paladin+Hunter,Mage+Rogue,1,team1,kill,64.87
Paladin+Hunter_vs_Mage+Rogue,Paladin+Hunter,Mage+Rogue,2,team1,kill,50.65
Paladin+Hunter_vs_Mage+Rogue,Paladin+Hunter,Mage+Rogue,3,team1,kill,64.87
Paladin+Hunter_vs_Mage+Rogue,Paladin+Hunter,Mage+Rogue,4,team1,kill,52.42
Paladin+Hunter_vs_Mage+Rogue,Paladin+Hunter,Mage+Rogue,5,team1,kill,50.67
Paladin+Hunter_vs_Mage+Rogue,Paladin+Hunter,Mage+Rogue,6,team1,kill,55.33
Paladin+Hunter_vs_Mage+Rogue,Paladin+Hunter,Mage+Rogue,7,team1,kill,54.78
Paladin+Hunter_vs_Mage+Rogue,Paladin+Hunter,Mage+Rogue,8,team1,kill,54.52
Paladin+Hunter_vs_Mage+Rogue,Paladin+Hunter,Mage+Rogue,9,team1,kill,53.70
Paladin+Hunter_vs_Mage+Priest,Paladin+Hunter,Mage+Priest,0,team2,kill,54.95
Paladin+Hunter_vs_Mage+Priest,Paladin+Hunter,Mage+Priest,1,team2,kill,41.98
Paladin+Hunter_vs_Mage+Priest,Paladin+Hunter,Mage+Priest,2,team2,kill,49.55
Paladin+Hunter_vs_Mage+Priest,Paladin+Hunter,Mage+Priest,3,team2,kill,51.97
Paladin+Hunter_vs_Mage+Priest,Paladin+Hunter,Mage+Priest,4,team1,kill,36.53
Paladin+Hunter_vs_Mage+Priest,Paladin+Hunter,Mage+Priest,5,team1,kill,64.62
Paladin+Hunter_vs_Mage+Priest,Paladin+Hunter,Mage+Priest,6,team1,kill,34.40
Paladin+Hunter_vs_Mage+Priest,Paladin+Hunter,Mage+Priest,7,team2,kill,50.52
Paladin+Hunter_vs_Mage+Priest,Paladin+Hunter,Mage+Priest,8,team2,kill,39.42
Paladin+Hunter_vs_Mage+Priest,Paladin+Hunter,Mage+Priest,9,team2,kill,54.17
Paladin+Hunter_vs_Mage+Warlock,Paladin+Hunter,Mage+Warlock,0,team2,kill,32.43
Paladin+Hunter_vs_Mage+Warlock,Paladin+Hunter,Mage+Warlock,1,team1,kill,21.25
Paladin+Hunter_vs_Mage+Warlock,Paladin+Hunter,Mage+Warlock,2,team2,kill,45.30
Paladin+Hunter_vs_Mage+Warlock,Paladin+Hunter,Mage+Warlock,3,team2,kill,59.63
Paladin+Hunter_vs_Mage+Warlock,Paladin+Hunter,Mage+Warlock,4,team2,kill,29.25
Paladin+Hunter_vs_Mage+Warlock,Paladin+Hunter,Mage+Warlock,5,team2,kill,30.93
Paladin+Hunter_vs_Mage+Warlock,Paladin+Hunter,Mage+Warlock,6,team2,kill,29.47
Paladin+Hunter_vs_Mage+Warlock,Paladin+Hunter,Mage+Warlock,7,team2,kill,33.90
Paladin+Hunter_vs_Mage+Warlock,Paladin+Hunter,Mage+Warlock,8,team2,kill,29.48
Paladin+Hunter_vs_Mage+Warlock,Paladin+Hunter,Mage+Warlock,9,team2,kill,29.25
Paladin+Hunter_vs_Mage+Paladin,Paladin+Hunter,Mage+Paladin,0,team2,kill,84.17
Paladin+Hunter_vs_Mage+Paladin,Paladin+Hunter,Mage+Paladin,1,team2,kill,32.37
Paladin+Hunter_vs_Mage+Paladin,Paladin+Hunter,Mage+Paladin,2,team2,kill,39.92
Paladin+Hunter_vs_Mage+Paladin,Paladin+Hunter,Mage+Paladin,3,team2,kill,69.03
Paladin+Hunter_vs_Mage+Paladin,Paladin+Hunter,Mage+Paladin,4,team2,kill,74.17
Paladin+Hunter_vs_Mage+Paladin,Paladin+Hunter,Mage+Paladin,5,team2,kill,78.50
Paladin+Hunter_vs_Mage+Paladin,Paladin+Hunter,Mage+Paladin,6,team2,kill,109.19
Paladin+Hunter_vs_Mage+Paladin,Paladin+Hunter,Mage+Paladin,7,team2,kill,105.37
Paladin+Hunter_vs_Mage+Paladin,Paladin+Hunter,Mage+Paladin,8,team2,kill,74.17
Paladin+Hunter_vs_Mage+Paladin,Paladin+Hunter,Mage+Paladin,9,team2,kill,63.42
Paladin+Hunter_vs_Mage+Hunter,Paladin+Hunter,Mage+Hunter,0,team1,kill,39.13
Paladin+Hunter_vs_Mage+Hunter,Paladin+Hunter,Mage+Hunter,1,team1,kill,33.58
Paladin+Hunter_vs_Mage+Hunter,Paladin+Hunter,Mage+Hunter,2,team1,kill,27.88
Paladin+Hunter_vs_Mage+Hunter,Paladin+Hunter,Mage+Hunter,3,team2,kill,47.55
Paladin+Hunter_vs_Mage+Hunter,Paladin+Hunter,Mage+Hunter,4,team1,kill,36.67
Paladin+Hunter_vs_Mage+Hunter,Paladin+Hunter,Mage+Hunter,5,team1,kill,26.05
Paladin+Hunter_vs_Mage+Hunter,Paladin+Hunter,Mage+Hunter,6,team2,kill,40.30
Paladin+Hunter_vs_Mage+Hunter,Paladin+Hunter,Mage+Hunter,7,team2,kill,39.02
Paladin+Hunter_vs_Mage+Hunter,Paladin+Hunter,Mage+Hunter,8,team2,kill,42.28
Paladin+Hunter_vs_Mage+Hunter,Paladin+Hunter,Mage+Hunter,9,team2,kill,32.37
Paladin+Hunter_vs_Mage+Shaman,Paladin+Hunter,Mage+Shaman,0,team2,kill,26.97
Paladin+Hunter_vs_Mage+Shaman,Paladin+Hunter,Mage+Shaman,1,team2,kill,26.80
Paladin+Hunter_vs_Mage+Shaman,Paladin+Hunter,Mage+Shaman,2,team2,kill,26.90
Paladin+Hunter_vs_Mage+Shaman,Paladin+Hunter,Mage+Shaman,3,team2,kill,26.82
Paladin+Hunter_vs_Mage+Shaman,Paladin+Hunter,Mage+Shaman,4,team2,kill,26.80
Paladin+Hunter_vs_Mage+Shaman,Paladin+Hunter,Mage+Shaman,5,team2,kill,32.93
Paladin+Hunter_vs_Mage+Shaman,Paladin+Hunter,Mage+Shaman,6,team2,kill,27.95
Paladin+Hunter_vs_Mage+Shaman,Paladin+Hunter,Mage+Shaman,7,team2,kill,26.82
Paladin+Hunter_vs_Mage+Shaman,Paladin+Hunter,Mage+Shaman,8,team2,kill,25.85
Paladin+Hunter_vs_Mage+Shaman,Paladin+Hunter,Mage+Shaman,9,team2,kill,32.95
Paladin+Hunter_vs_Rogue+Priest,Paladin+Hunter,Rogue+Priest,0,team2,kill,74.48
Paladin+Hunter_vs_Rogue+Priest,Paladin+Hunter,Rogue+Priest,1,team1,kill,74.15
Paladin+Hunter_vs_Rogue+Priest,Paladin+Hunter,Rogue+Priest,2,team1,kill,69.87
Paladin+Hunter_vs_Rogue+Priest,Paladin+Hunter,Rogue+Priest,3,team2,kill,80.64
Paladin+Hunter_vs_Rogue+Priest,Paladin+Hunter,Rogue+Priest,4,team2,kill,75.99
Paladin+Hunter_vs_Rogue+Priest,Paladin+Hunter,Rogue+Priest,5,team2,kill,80.10
Paladin+Hunter_vs_Rogue+Priest,Paladin+Hunter,Rogue+Priest,6,team2,kill,51.30
Paladin+Hunter_vs_Rogue+Priest,Paladin+Hunter,Rogue+Priest,7,team2,kill,82.27
Paladin+Hunter_vs_Rogue+Priest,Paladin+Hunter,Rogue+Priest,8,team2,kill,51.00
Paladin+Hunter_vs_Rogue+Priest,Paladin+Hunter,Rogue+Priest,9,team2,kill,51.60
Paladin+Hunter_vs_Rogue+Warlock,Paladin+Hunter,Rogue+Warlock,0,team1,kill,35.23
Paladin+Hunter_vs_Rogue+Warlock,Paladin+Hunter,Rogue+Warlock,1,team1,kill,40.85
Paladin+Hunter_vs_Rogue+Warlock,Paladin+Hunter,Rogue+Warlock,2,team1,kill,46.55
Paladin+Hunter_vs_Rogue+Warlock,Paladin+Hunter,Rogue+Warlock,3,team1,kill,37.70
Paladin+Hunter_vs_Rogue+Warlock,Paladin+Hunter,Rogue+Warlock,4,team1,kill,32.50
Paladin+Hunter_vs_Rogue+Warlock,Paladin+Hunter,Rogue+Warlock,5,team1,kill,41.18
Paladin+Hunter_vs_Rogue+Warlock,Paladin+Hunter,Rogue+Warlock,6,team1,kill,35.20
Paladin+Hunter_vs_Rogue+Warlock,Paladin+Hunter,Rogue+Warlock,7,team1,kill,40.42
Paladin+Hunter_vs_Rogue+Warlock,Paladin+Hunter,Rogue+Warlock,8,team1,kill,34.82
Paladin+Hunter_vs_Rogue+Warlock,Paladin+Hunter,Rogue+Warlock,9,team1,kill,26.55
Paladin+Hunter_vs_Rogue+Paladin,Paladin+Hunter,Rogue+Paladin,0,team2,kill,92.22
Paladin+Hunter_vs_Rogue+Paladin,Paladin+Hunter,Rogue+Paladin,1,team2,kill,86.70
Paladin+Hunter_vs_Rogue+Paladin,Paladin+Hunter,Rogue+Paladin,2,team2,kill,80.55
Paladin+Hunter_vs_Rogue+Paladin,Paladin+Hunter,Rogue+Paladin,3,team2,kill,79.09
Paladin+Hunter_vs_Rogue+Paladin,Paladin+Hunter,Rogue+Paladin,4,team1,kill,74.80
Paladin+Hunter_vs_Rogue+Paladin,Paladin+Hunter,Rogue+Paladin,5,team2,kill,79.09
Paladin+Hunter_vs_Rogue+Paladin,Paladin+Hunter,Rogue+Paladin,6,team1,kill,77.39
Paladin+Hunter_vs_Rogue+Paladin,Paladin+Hunter,Rogue+Paladin,7,team2,kill,91.46
Paladin+Hunter_vs_Rogue+Paladin,Paladin+Hunter,Rogue+Paladin,8,team1,kill,97.72
Paladin+Hunter_vs_Rogue+Paladin,Paladin+Hunter,Rogue+Paladin,9,team1,kill,153.81
Paladin+Hunter_vs_Rogue+Hunter,Paladin+Hunter,Rogue+Hunter,0,team1,kill,23.53
Paladin+Hunter_vs_Rogue+Hunter,Paladin+Hunter,Rogue+Hunter,1,team1,kill,23.27
Paladin+Hunter_vs_Rogue+Hunter,Paladin+Hunter,Rogue+Hunter,2,team1,kill,23.28
Paladin+Hunter_vs_Rogue+Hunter,Paladin+Hunter,Rogue+Hunter,3,team1,kill,23.53
Paladin+Hunter_vs_Rogue+Hunter,Paladin+Hunter,Rogue+Hunter,4,team1,kill,19.95
Paladin+Hunter_vs_Rogue+Hunter,Paladin+Hunter,Rogue+Hunter,5,team1,kill,23.25
Paladin+Hunter_vs_Rogue+Hunter,Paladin+Hunter,Rogue+Hunter,6,team1,kill,23.27
Paladin+Hunter_vs_Rogue+Hunter,Paladin+Hunter,Rogue+Hunter,7,team1,kill,23.23
Paladin+Hunter_vs_Rogue+Hunter,Paladin+Hunter,Rogue+Hunter,8,team1,kill,23.53
Paladin+Hunter_vs_Rogue+Hunter,Paladin+Hunter,Rogue+Hunter,9,team1,kill,23.28
Paladin+Hunter_vs_Rogue+Shaman,Paladin+Hunter,Rogue+Shaman,0,team2,kill,81.57
Paladin+Hunter_vs_Rogue+Shaman,Paladin+Hunter,Rogue+Shaman,1,team2,kill,80.14
Paladin+Hunter_vs_Rogue+Shaman,Paladin+Hunter,Rogue+Shaman,2,team2,kill,84.92
Paladin+Hunter_vs_Rogue+Shaman,Paladin+Hunter,Rogue+Shaman,3,team2,kill,81.10
Paladin+Hunter_vs_Rogue+Shaman,Paladin+Hunter,Rogue+Shaman,4,team2,kill,93.89
Paladin+Hunter_vs_Rogue+Shaman,Paladin+Hunter,Rogue+Shaman,5,team2,kill,75.77
Paladin+Hunter_vs_Rogue+Shaman,Paladin+Hunter,Rogue+Shaman,6,team2,kill,81.90
Paladin+Hunter_vs_Rogue+Shaman,Paladin+Hunter,Rogue+Shaman,7,team2,kill,79.69
Paladin+Hunter_vs_Rogue+Shaman,Paladin+Hunter,Rogue+Shaman,8,team2,kill,64.65
Paladin+Hunter_vs_Rogue+Shaman,Paladin+Hunter,Rogue+Shaman,9,team2,kill,73.62
Paladin+Hunter_vs_Priest+Warlock,Paladin+Hunter,Priest+Warlock,0,team2,kill,58.02
Paladin+Hunter_vs_Priest+Warlock,Paladin+Hunter,Priest+Warlock,1,team2,kill,67.48
Paladin+Hunter_vs_Priest+Warlock,Paladin+Hunter,Priest+Warlock,2,team2,kill,68.55
Paladin+Hunter_vs_Priest+Warlock,Paladin+Hunter,Priest+Warlock,3,team2,kill,66.43
Paladin+Hunter_vs_Priest+Warlock,Paladin+Hunter,Priest+Warlock,4,team2,kill,83.17
Paladin+Hunter_vs_Priest+Warlock,Paladin+Hunter,Priest+Warlock,5,team2,kill,74.43
Paladin+Hunter_vs_Priest+Warlock,Paladin+Hunter,Priest+Warlock,6,team2,kill,74.08
Paladin+Hunter_vs_Priest+Warlock,Paladin+Hunter,Priest+Warlock,7,team2,kill,69.80
Paladin+Hunter_vs_Priest+Warlock,Paladin+Hunter,Priest+Warlock,8,team2,kill,73.93
Paladin+Hunter_vs_Priest+Warlock,Paladin+Hunter,Priest+Warlock,9,team2,kill,76.47
Paladin+Hunter_vs_Priest+Hunter,Paladin+Hunter,Priest+Hunter,0,team1,kill,57.68
Paladin+Hunter_vs_Priest+Hunter,Paladin+Hunter,Priest+Hunter,1,team1,kill,61.30
Paladin+Hunter_vs_Priest+Hunter,Paladin+Hunter,Priest+Hunter,2,team1,kill,68.42
Paladin+Hunter_vs_Priest+Hunter,Paladin+Hunter,Priest+Hunter,3,team2,kill,86.27
Paladin+Hunter_vs_Priest+Hunter,Paladin+Hunter,Priest+Hunter,4,team2,kill,117.29
Paladin+Hunter_vs_Priest+Hunter,Paladin+Hunter,Priest+Hunter,5,team1,kill,56.03
Paladin+Hunter_vs_Priest+Hunter,Paladin+Hunter,Priest+Hunter,6,team1,kill,66.32
Paladin+Hunter_vs_Priest+Hunter,Paladin+Hunter,Priest+Hunter,7,team1,kill,61.93
Paladin+Hunter_vs_Priest+Hunter,Paladin+Hunter,Priest+Hunter,8,team1,kill,58.12
Paladin+Hunter_vs_Priest+Hunter,Paladin+Hunter,Priest+Hunter,9,team1,kill,46.17
Paladin+Hunter_vs_Warlock+Paladin,Paladin+Hunter,Warlock+Paladin,0,team1,kill,120.89
Paladin+Hunter_vs_Warlock+Paladin,Paladin+Hunter,Warlock+Paladin,1,team1,kill,145.01
Paladin+Hunter_vs_Warlock+Paladin,Paladin+Hunter,Warlock+Paladin,2,team1,kill,119.84
Paladin+Hunter_vs_Warlock+Paladin,Paladin+Hunter,Warlock+Paladin,3,team1,kill,136.16
Paladin+Hunter_vs_Warlock+Paladin,Paladin+Hunter,Warlock+Paladin,4,team2,kill,140.94
Paladin+Hunter_vs_Warlock+Paladin,Paladin+Hunter,Warlock+Paladin,5,team2,kill,101.59
Paladin+Hunter_vs_Warlock+Paladin,Paladin+Hunter,Warlock+Paladin,6,team1,kill,132.55
Paladin+Hunter_vs_Warlock+Paladin,Paladin+Hunter,Warlock+Paladin,7,team1,kill,138.14
Paladin+Hunter_vs_Warlock+Paladin,Paladin+Hunter,Warlock+Paladin,8,team1,kill,149.64
Paladin+Hunter_vs_Warlock+Paladin,Paladin+Hunter,Warlock+Paladin,9,team1,kill,127.06
Paladin+Hunter_vs_Warlock+Hunter,Paladin+Hunter,Warlock+Hunter,0,team1,kill,34.23
Paladin+Hunter_vs_Warlock+Hunter,Paladin+Hunter,Warlock+Hunter,1,team1,kill,28.43
Paladin+Hunter_vs_Warlock+Hunter,Paladin+Hunter,Warlock+Hunter,2,team1,kill,32.07
Paladin+Hunter_vs_Warlock+Hunter,Paladin+Hunter,Warlock+Hunter,3,team1,kill,30.95
Paladin+Hunter_vs_Warlock+Hunter,Paladin+Hunter,Warlock+Hunter,4,team1,kill,45.45
Paladin+Hunter_vs_Warlock+Hunter,Paladin+Hunter,Warlock+Hunter,5,team1,kill,32.53
Paladin+Hunter_vs_Warlock+Hunter,Paladin+Hunter,Warlock+Hunter,6,team1,kill,26.15
Paladin+Hunter_vs_Warlock+Hunter,Paladin+Hunter,Warlock+Hunter,7,team1,kill,28.97
Paladin+Hunter_vs_Warlock+Hunter,Paladin+Hunter,Warlock+Hunter,8,team1,kill,28.72
Paladin+Hunter_vs_Warlock+Hunter,Paladin+Hunter,Warlock+Hunter,9,team1,kill,55.55
Paladin+Hunter_vs_Warlock+Shaman,Paladin+Hunter,Warlock+Shaman,0,team2,kill,77.70
Paladin+Hunter_vs_Warlock+Shaman,Paladin+Hunter,Warlock+Shaman,1,team1,kill,69.77
Paladin+Hunter_vs_Warlock+Shaman,Paladin+Hunter,Warlock+Shaman,2,team2,kill,75.69
Paladin+Hunter_vs_Warlock+Shaman,Paladin+Hunter,Warlock+Shaman,3,team2,kill,80.24
Paladin+Hunter_vs_Warlock+Shaman,Paladin+Hunter,Warlock+Shaman,4,team1,kill,58.03
Paladin+Hunter_vs_Warlock+Shaman,Paladin+Hunter,Warlock+Shaman,5,team1,kill,78.67
Paladin+Hunter_vs_Warlock+Shaman,Paladin+Hunter,Warlock+Shaman,6,team2,kill,71.82
Paladin+Hunter_vs_Warlock+Shaman,Paladin+Hunter,Warlock+Shaman,7,draw,cap,300.00
Paladin+Hunter_vs_Warlock+Shaman,Paladin+Hunter,Warlock+Shaman,8,team1,kill,64.75
Paladin+Hunter_vs_Warlock+Shaman,Paladin+Hunter,Warlock+Shaman,9,team1,kill,72.12
Paladin+Hunter_vs_Paladin+Hunter,Paladin+Hunter,Paladin+Hunter,0,team2,kill,98.51
Paladin+Hunter_vs_Paladin+Hunter,Paladin+Hunter,Paladin+Hunter,1,team1,kill,103.54
Paladin+Hunter_vs_Paladin+Hunter,Paladin+Hunter,Paladin+Hunter,2,team1,kill,95.37
Paladin+Hunter_vs_Paladin+Hunter,Paladin+Hunter,Paladin+Hunter,3,team2,kill,101.99
Paladin+Hunter_vs_Paladin+Hunter,Paladin+Hunter,Paladin+Hunter,4,team1,kill,91.31
Paladin+Hunter_vs_Paladin+Hunter,Paladin+Hunter,Paladin+Hunter,5,team1,kill,93.49
Paladin+Hunter_vs_Paladin+Hunter,Paladin+Hunter,Paladin+Hunter,6,team2,kill,95.99
Paladin+Hunter_vs_Paladin+Hunter,Paladin+Hunter,Paladin+Hunter,7,team2,kill,170.05
Paladin+Hunter_vs_Paladin+Hunter,Paladin+Hunter,Paladin+Hunter,8,team2,kill,92.34
Paladin+Hunter_vs_Paladin+Hunter,Paladin+Hunter,Paladin+Hunter,9,team2,kill,90.95
Paladin+Hunter_vs_Hunter+Shaman,Paladin+Hunter,Hunter+Shaman,0,team1,kill,75.05
Paladin+Hunter_vs_Hunter+Shaman,Paladin+Hunter,Hunter+Shaman,1,team1,kill,81.95
Paladin+Hunter_vs_Hunter+Shaman,Paladin+Hunter,Hunter+Shaman,2,team1,kill,81.59
Paladin+Hunter_vs_Hunter+Shaman,Paladin+Hunter,Hunter+Shaman,3,team1,kill,66.35
Paladin+Hunter_vs_Hunter+Shaman,Paladin+Hunter,Hunter+Shaman,4,team1,kill,79.57
Paladin+Hunter_vs_Hunter+Shaman,Paladin+Hunter,Hunter+Shaman,5,team1,kill,94.81
Paladin+Hunter_vs_Hunter+Shaman,Paladin+Hunter,Hunter+Shaman,6,team1,kill,66.97
Paladin+Hunter_vs_Hunter+Shaman,Paladin+Hunter,Hunter+Shaman,7,team1,kill,58.78
Paladin+Hunter_vs_Hunter+Shaman,Paladin+Hunter,Hunter+Shaman,8,team1,kill,71.38
Paladin+Hunter_vs_Hunter+Shaman,Paladin+Hunter,Hunter+Shaman,9,team1,kill,151.92
Hunter+Shaman_vs_Warrior+Mage,Hunter+Shaman,Warrior+Mage,0,team2,kill,25.15
Hunter+Shaman_vs_Warrior+Mage,Hunter+Shaman,Warrior+Mage,1,team2,kill,27.43
Hunter+Shaman_vs_Warrior+Mage,Hunter+Shaman,Warrior+Mage,2,team2,kill,28.40
Hunter+Shaman_vs_Warrior+Mage,Hunter+Shaman,Warrior+Mage,3,team2,kill,24.68
Hunter+Shaman_vs_Warrior+Mage,Hunter+Shaman,Warrior+Mage,4,team2,kill,24.02
Hunter+Shaman_vs_Warrior+Mage,Hunter+Shaman,Warrior+Mage,5,team2,kill,25.08
Hunter+Shaman_vs_Warrior+Mage,Hunter+Shaman,Warrior+Mage,6,team2,kill,24.67
Hunter+Shaman_vs_Warrior+Mage,Hunter+Shaman,Warrior+Mage,7,team2,kill,24.67
Hunter+Shaman_vs_Warrior+Mage,Hunter+Shaman,Warrior+Mage,8,team2,kill,24.67
Hunter+Shaman_vs_Warrior+Mage,Hunter+Shaman,Warrior+Mage,9,team2,kill,25.07
Hunter+Shaman_vs_Warrior+Rogue,Hunter+Shaman,Warrior+Rogue,0,team1,kill,16.10
Hunter+Shaman_vs_Warrior+Rogue,Hunter+Shaman,Warrior+Rogue,1,team1,kill,16.10
Hunter+Shaman_vs_Warrior+Rogue,Hunter+Shaman,Warrior+Rogue,2,team1,kill,14.43
Hunter+Shaman_vs_Warrior+Rogue,Hunter+Shaman,Warrior+Rogue,3,team1,kill,15.37
Hunter+Shaman_vs_Warrior+Rogue,Hunter+Shaman,Warrior+Rogue,4,team1,kill,14.43
Hunter+Shaman_vs_Warrior+Rogue,Hunter+Shaman,Warrior+Rogue,5,team1,kill,16.10
Hunter+Shaman_vs_Warrior+Rogue,Hunter+Shaman,Warrior+Rogue,6,team1,kill,15.37
Hunter+Shaman_vs_Warrior+Rogue,Hunter+Shaman,Warrior+Rogue,7,team1,kill,14.58
Hunter+Shaman_vs_Warrior+Rogue,Hunter+Shaman,Warrior+Rogue,8,team1,kill,14.58
Hunter+Shaman_vs_Warrior+Rogue,Hunter+Shaman,Warrior+Rogue,9,team1,kill,15.37
Hunter+Shaman_vs_Warrior+Priest,Hunter+Shaman,Warrior+Priest,0,team1,kill,78.99
Hunter+Shaman_vs_Warrior+Priest,Hunter+Shaman,Warrior+Priest,1,team1,kill,29.32
Hunter+Shaman_vs_Warrior+Priest,Hunter+Shaman,Warrior+Priest,2,team1,kill,38.55
Hunter+Shaman_vs_Warrior+Priest,Hunter+Shaman,Warrior+Priest,3,team1,kill,29.32
Hunter+Shaman_vs_Warrior+Priest,Hunter+Shaman,Warrior+Priest,4,team1,kill,29.32
Hunter+Shaman_vs_Warrior+Priest,Hunter+Shaman,Warrior+Priest,5,team1,kill,50.35
Hunter+Shaman_vs_Warrior+Priest,Hunter+Shaman,Warrior+Priest,6,team1,kill,29.32
Hunter+Shaman_vs_Warrior+Priest,Hunter+Shaman,Warrior+Priest,7,team2,kill,40.93
Hunter+Shaman_vs_Warrior+Priest,Hunter+Shaman,Warrior+Priest,8,team1,kill,58.98
Hunter+Shaman_vs_Warrior+Priest,Hunter+Shaman,Warrior+Priest,9,team1,kill,39.38
Hunter+Shaman_vs_Warrior+Warlock,Hunter+Shaman,Warrior+Warlock,0,team1,kill,43.40
Hunter+Shaman_vs_Warrior+Warlock,Hunter+Shaman,Warrior+Warlock,1,team1,kill,49.18
Hunter+Shaman_vs_Warrior+Warlock,Hunter+Shaman,Warrior+Warlock,2,team1,kill,42.63
Hunter+Shaman_vs_Warrior+Warlock,Hunter+Shaman,Warrior+Warlock,3,team2,kill,34.20
Hunter+Shaman_vs_Warrior+Warlock,Hunter+Shaman,Warrior+Warlock,4,team1,kill,36.08
Hunter+Shaman_vs_Warrior+Warlock,Hunter+Shaman,Warrior+Warlock,5,team2,kill,29.67
Hunter+Shaman_vs_Warrior+Warlock,Hunter+Shaman,Warrior+Warlock,6,team2,kill,44.28
Hunter+Shaman_vs_Warrior+Warlock,Hunter+Shaman,Warrior+Warlock,7,team1,kill,53.15
Hunter+Shaman_vs_Warrior+Warlock,Hunter+Shaman,Warrior+Warlock,8,team1,kill,47.60
Hunter+Shaman_vs_Warrior+Warlock,Hunter+Shaman,Warrior+Warlock,9,team2,kill,45.77
Hunter+Shaman_vs_Warrior+Paladin,Hunter+Shaman,Warrior+Paladin,0,team2,kill,153.87
Hunter+Shaman_vs_Warrior+Paladin,Hunter+Shaman,Warrior+Paladin,1,team1,kill,114.93
Hunter+Shaman_vs_Warrior+Paladin,Hunter+Shaman,Warrior+Paladin,2,team1,kill,113.69
Hunter+Shaman_vs_Warrior+Paladin,Hunter+Shaman,Warrior+Paladin,3,team1,kill,106.46
Hunter+Shaman_vs_Warrior+Paladin,Hunter+Shaman,Warrior+Paladin,4,draw,kill,194.40
Hunter+Shaman_vs_Warrior+Paladin,Hunter+Shaman,Warrior+Paladin,5,team1,kill,121.79
Hunter+Shaman_vs_Warrior+Paladin,Hunter+Shaman,Warrior+Paladin,6,team1,kill,101.42
Hunter+Shaman_vs_Warrior+Paladin,Hunter+Shaman,Warrior+Paladin,7,team1,kill,103.69
Hunter+Shaman_vs_Warrior+Paladin,Hunter+Shaman,Warrior+Paladin,8,team2,kill,100.72
Hunter+Shaman_vs_Warrior+Paladin,Hunter+Shaman,Warrior+Paladin,9,team2,kill,81.89
Hunter+Shaman_vs_Warrior+Hunter,Hunter+Shaman,Warrior+Hunter,0,team1,kill,17.32
Hunter+Shaman_vs_Warrior+Hunter,Hunter+Shaman,Warrior+Hunter,1,team1,kill,14.97
Hunter+Shaman_vs_Warrior+Hunter,Hunter+Shaman,Warrior+Hunter,2,team1,kill,14.97
Hunter+Shaman_vs_Warrior+Hunter,Hunter+Shaman,Warrior+Hunter,3,team1,kill,17.32
Hunter+Shaman_vs_Warrior+Hunter,Hunter+Shaman,Warrior+Hunter,4,team1,kill,16.02
Hunter+Shaman_vs_Warrior+Hunter,Hunter+Shaman,Warrior+Hunter,5,team1,kill,14.80
Hunter+Shaman_vs_Warrior+Hunter,Hunter+Shaman,Warrior+Hunter,6,team1,kill,19.60
Hunter+Shaman_vs_Warrior+Hunter,Hunter+Shaman,Warrior+Hunter,7,team2,kill,21.58
Hunter+Shaman_vs_Warrior+Hunter,Hunter+Shaman,Warrior+Hunter,8,team1,kill,19.60
Hunter+Shaman_vs_Warrior+Hunter,Hunter+Shaman,Warrior+Hunter,9,team1,kill,18.37
Hunter+Shaman_vs_Warrior+Shaman,Hunter+Shaman,Warrior+Shaman,0,team1,kill,46.55
Hunter+Shaman_vs_Warrior+Shaman,Hunter+Shaman,Warrior+Shaman,1,team2,kill,27.15
Hunter+Shaman_vs_Warrior+Shaman,Hunter+Shaman,Warrior+Shaman,2,team1,kill,55.68
Hunter+Shaman_vs_Warrior+Shaman,Hunter+Shaman,Warrior+Shaman,3,team1,kill,55.68
Hunter+Shaman_vs_Warrior+Shaman,Hunter+Shaman,Warrior+Shaman,4,team1,kill,50.15
Hunter+Shaman_vs_Warrior+Shaman,Hunter+Shaman,Warrior+Shaman,5,team1,kill,50.65
Hunter+Shaman_vs_Warrior+Shaman,Hunter+Shaman,Warrior+Shaman,6,team2,kill,23.63
Hunter+Shaman_vs_Warrior+Shaman,Hunter+Shaman,Warrior+Shaman,7,team1,kill,48.93
Hunter+Shaman_vs_Warrior+Shaman,Hunter+Shaman,Warrior+Shaman,8,team1,kill,52.07
Hunter+Shaman_vs_Warrior+Shaman,Hunter+Shaman,Warrior+Shaman,9,team1,kill,55.68
Hunter+Shaman_vs_Mage+Rogue,Hunter+Shaman,Mage+Rogue,0,team2,kill,21.43
Hunter+Shaman_vs_Mage+Rogue,Hunter+Shaman,Mage+Rogue,1,team2,kill,25.38
Hunter+Shaman_vs_Mage+Rogue,Hunter+Shaman,Mage+Rogue,2,team2,kill,21.88
Hunter+Shaman_vs_Mage+Rogue,Hunter+Shaman,Mage+Rogue,3,team2,kill,21.38
Hunter+Shaman_vs_Mage+Rogue,Hunter+Shaman,Mage+Rogue,4,team2,kill,30.07
Hunter+Shaman_vs_Mage+Rogue,Hunter+Shaman,Mage+Rogue,5,team2,kill,25.28
Hunter+Shaman_vs_Mage+Rogue,Hunter+Shaman,Mage+Rogue,6,team2,kill,29.18
Hunter+Shaman_vs_Mage+Rogue,Hunter+Shaman,Mage+Rogue,7,team2,kill,21.40
Hunter+Shaman_vs_Mage+Rogue,Hunter+Shaman,Mage+Rogue,8,team2,kill,24.58
Hunter+Shaman_vs_Mage+Rogue,Hunter+Shaman,Mage+Rogue,9,team2,kill,29.30
Hunter+Shaman_vs_Mage+Priest,Hunter+Shaman,Mage+Priest,0,team2,kill,63.10
Hunter+Shaman_vs_Mage+Priest,Hunter+Shaman,Mage+Priest,1,team2,kill,28.28
Hunter+Shaman_vs_Mage+Priest,Hunter+Shaman,Mage+Priest,2,team2,kill,53.97
Hunter+Shaman_vs_Mage+Priest,Hunter+Shaman,Mage+Priest,3,team2,kill,69.62
Hunter+Shaman_vs_Mage+Priest,Hunter+Shaman,Mage+Priest,4,team2,kill,34.88
Hunter+Shaman_vs_Mage+Priest,Hunter+Shaman,Mage+Priest,5,team2,kill,26.77
Hunter+Shaman_vs_Mage+Priest,Hunter+Shaman,Mage+Priest,6,team2,kill,60.83
Hunter+Shaman_vs_Mage+Priest,Hunter+Shaman,Mage+Priest,7,team2,kill,35.22
Hunter+Shaman_vs_Mage+Priest,Hunter+Shaman,Mage+Priest,8,team2,kill,22.22
Hunter+Shaman_vs_Mage+Priest,Hunter+Shaman,Mage+Priest,9,team2,kill,20.68
Hunter+Shaman_vs_Mage+Warlock,Hunter+Shaman,Mage+Warlock,0,team2,kill,21.22
Hunter+Shaman_vs_Mage+Warlock,Hunter+Shaman,Mage+Warlock,1,team2,kill,21.57
Hunter+Shaman_vs_Mage+Warlock,Hunter+Shaman,Mage+Warlock,2,team2,kill,21.23
Hunter+Shaman_vs_Mage+Warlock,Hunter+Shaman,Mage+Warlock,3,team2,kill,21.22
Hunter+Shaman_vs_Mage+Warlock,Hunter+Shaman,Mage+Warlock,4,team2,kill,20.90
Hunter+Shaman_vs_Mage+Warlock,Hunter+Shaman,Mage+Warlock,5,team2,kill,22.05
Hunter+Shaman_vs_Mage+Warlock,Hunter+Shaman,Mage+Warlock,6,team2,kill,21.22
Hunter+Shaman_vs_Mage+Warlock,Hunter+Shaman,Mage+Warlock,7,team2,kill,21.03
Hunter+Shaman_vs_Mage+Warlock,Hunter+Shaman,Mage+Warlock,8,team2,kill,21.95
Hunter+Shaman_vs_Mage+Warlock,Hunter+Shaman,Mage+Warlock,9,team2,kill,22.47
Hunter+Shaman_vs_Mage+Paladin,Hunter+Shaman,Mage+Paladin,0,team2,kill,28.80
Hunter+Shaman_vs_Mage+Paladin,Hunter+Shaman,Mage+Paladin,1,team2,kill,33.53
Hunter+Shaman_vs_Mage+Paladin,Hunter+Shaman,Mage+Paladin,2,team2,kill,22.90
Hunter+Shaman_vs_Mage+Paladin,Hunter+Shaman,Mage+Paladin,3,team2,kill,32.83
Hunter+Shaman_vs_Mage+Paladin,Hunter+Shaman,Mage+Paladin,4,team2,kill,32.83
Hunter+Shaman_vs_Mage+Paladin,Hunter+Shaman,Mage+Paladin,5,team2,kill,27.30
Hunter+Shaman_vs_Mage+Paladin,Hunter+Shaman,Mage+Paladin,6,team2,kill,35.65
Hunter+Shaman_vs_Mage+Paladin,Hunter+Shaman,Mage+Paladin,7,team2,kill,30.47
Hunter+Shaman_vs_Mage+Paladin,Hunter+Shaman,Mage+Paladin,8,team2,kill,30.40
Hunter+Shaman_vs_Mage+Paladin,Hunter+Shaman,Mage+Paladin,9,team2,kill,32.83
Hunter+Shaman_vs_Mage+Hunter,Hunter+Shaman,Mage+Hunter,0,team2,kill,22.57
Hunter+Shaman_vs_Mage+Hunter,Hunter+Shaman,Mage+Hunter,1,team2,kill,20.03
Hunter+Shaman_vs_Mage+Hunter,Hunter+Shaman,Mage+Hunter,2,team2,kill,28.70
Hunter+Shaman_vs_Mage+Hunter,Hunter+Shaman,Mage+Hunter,3,team2,kill,27.55
Hunter+Shaman_vs_Mage+Hunter,Hunter+Shaman,Mage+Hunter,4,team2,kill,27.43
Hunter+Shaman_vs_Mage+Hunter,Hunter+Shaman,Mage+Hunter,5,team1,kill,16.57
Hunter+Shaman_vs_Mage+Hunter,Hunter+Shaman,Mage+Hunter,6,team2,kill,20.03
Hunter+Shaman_vs_Mage+Hunter,Hunter+Shaman,Mage+Hunter,7,team2,kill,16.52
Hunter+Shaman_vs_Mage+Hunter,Hunter+Shaman,Mage+Hunter,8,team1,kill,26.35
Hunter+Shaman_vs_Mage+Hunter,Hunter+Shaman,Mage+Hunter,9,team1,kill,24.18
Hunter+Shaman_vs_Mage+Shaman,Hunter+Shaman,Mage+Shaman,0,team2,kill,14.70
Hunter+Shaman_vs_Mage+Shaman,Hunter+Shaman,Mage+Shaman,1,team2,kill,14.70
Hunter+Shaman_vs_Mage+Shaman,Hunter+Shaman,Mage+Shaman,2,team2,kill,14.70
Hunter+Shaman_vs_Mage+Shaman,Hunter+Shaman,Mage+Shaman,3,team2,kill,14.70
Hunter+Shaman_vs_Mage+Shaman,Hunter+Shaman,Mage+Shaman,4,team2,kill,14.03
Hunter+Shaman_vs_Mage+Shaman,Hunter+Shaman,Mage+Shaman,5,team2,kill,14.70
Hunter+Shaman_vs_Mage+Shaman,Hunter+Shaman,Mage+Shaman,6,team2,kill,14.70
Hunter+Shaman_vs_Mage+Shaman,Hunter+Shaman,Mage+Shaman,7,team2,kill,14.70
Hunter+Shaman_vs_Mage+Shaman,Hunter+Shaman,Mage+Shaman,8,team2,kill,14.70
Hunter+Shaman_vs_Mage+Shaman,Hunter+Shaman,Mage+Shaman,9,team2,kill,13.53
Hunter+Shaman_vs_Rogue+Priest,Hunter+Shaman,Rogue+Priest,0,team2,kill,42.72
Hunter+Shaman_vs_Rogue+Priest,Hunter+Shaman,Rogue+Priest,1,team2,kill,46.13
Hunter+Shaman_vs_Rogue+Priest,Hunter+Shaman,Rogue+Priest,2,team2,kill,47.78
Hunter+Shaman_vs_Rogue+Priest,Hunter+Shaman,Rogue+Priest,3,team2,kill,37.97
Hunter+Shaman_vs_Rogue+Priest,Hunter+Shaman,Rogue+Priest,4,team2,kill,35.13
Hunter+Shaman_vs_Rogue+Priest,Hunter+Shaman,Rogue+Priest,5,team2,kill,48.05
Hunter+Shaman_vs_Rogue+Priest,Hunter+Shaman,Rogue+Priest,6,team2,kill,54.03
Hunter+Shaman_vs_Rogue+Priest,Hunter+Shaman,Rogue+Priest,7,team2,kill,59.32
Hunter+Shaman_vs_Rogue+Priest,Hunter+Shaman,Rogue+Priest,8,team2,kill,45.83
Hunter+Shaman_vs_Rogue+Priest,Hunter+Shaman,Rogue+Priest,9,team2,kill,49.68
Hunter+Shaman_vs_Rogue+Warlock,Hunter+Shaman,Rogue+Warlock,0,team1,kill,30.12
Hunter+Shaman_vs_Rogue+Warlock,Hunter+Shaman,Rogue+Warlock,1,team1,kill,35.47
Hunter+Shaman_vs_Rogue+Warlock,Hunter+Shaman,Rogue+Warlock,2,team1,kill,30.12
Hunter+Shaman_vs_Rogue+Warlock,Hunter+Shaman,Rogue+Warlock,3,team1,kill,32.82
Hunter+Shaman_vs_Rogue+Warlock,Hunter+Shaman,Rogue+Warlock,4,team1,kill,28.12
Hunter+Shaman_vs_Rogue+Warlock,Hunter+Shaman,Rogue+Warlock,5,team1,kill,31.53
Hunter+Shaman_vs_Rogue+Warlock,Hunter+Shaman,Rogue+Warlock,6,team1,kill,32.62
Hunter+Shaman_vs_Rogue+Warlock,Hunter+Shaman,Rogue+Warlock,7,team1,kill,28.12
Hunter+Shaman_vs_Rogue+Warlock,Hunter+Shaman,Rogue+Warlock,8,team1,kill,28.12
Hunter+Shaman_vs_Rogue+Warlock,Hunter+Shaman,Rogue+Warlock,9,team1,kill,34.03
Hunter+Shaman_vs_Rogue+Paladin,Hunter+Shaman,Rogue+Paladin,0,team2,kill,57.10
Hunter+Shaman_vs_Rogue+Paladin,Hunter+Shaman,Rogue+Paladin,1,team2,kill,52.17
Hunter+Shaman_vs_Rogue+Paladin,Hunter+Shaman,Rogue+Paladin,2,team2,kill,50.25
Hunter+Shaman_vs_Rogue+Paladin,Hunter+Shaman,Rogue+Paladin,3,team2,kill,43.25
Hunter+Shaman_vs_Rogue+Paladin,Hunter+Shaman,Rogue+Paladin,4,team2,kill,57.65
Hunter+Shaman_vs_Rogue+Paladin,Hunter+Shaman,Rogue+Paladin,5,team2,kill,59.87
Hunter+Shaman_vs_Rogue+Paladin,Hunter+Shaman,Rogue+Paladin,6,team2,kill,40.12
Hunter+Shaman_vs_Rogue+Paladin,Hunter+Shaman,Rogue+Paladin,7,team2,kill,40.33
Hunter+Shaman_vs_Rogue+Paladin,Hunter+Shaman,Rogue+Paladin,8,team2,kill,41.30
Hunter+Shaman_vs_Rogue+Paladin,Hunter+Shaman,Rogue+Paladin,9,team2,kill,59.10
Hunter+Shaman_vs_Rogue+Hunter,Hunter+Shaman,Rogue+Hunter,0,team1,kill,19.38
Hunter+Shaman_vs_Rogue+Hunter,Hunter+Shaman,Rogue+Hunter,1,team1,kill,16.97
Hunter+Shaman_vs_Rogue+Hunter,Hunter+Shaman,Rogue+Hunter,2,team1,kill,19.38
Hunter+Shaman_vs_Rogue+Hunter,Hunter+Shaman,Rogue+Hunter,3,team1,kill,16.97
Hunter+Shaman_vs_Rogue+Hunter,Hunter+Shaman,Rogue+Hunter,4,team1,kill,16.97
Hunter+Shaman_vs_Rogue+Hunter,Hunter+Shaman,Rogue+Hunter,5,team1,kill,16.97
Hunter+Shaman_vs_Rogue+Hunter,Hunter+Shaman,Rogue+Hunter,6,team1,kill,16.97
Hunter+Shaman_vs_Rogue+Hunter,Hunter+Shaman,Rogue+Hunter,7,team1,kill,16.97
Hunter+Shaman_vs_Rogue+Hunter,Hunter+Shaman,Rogue+Hunter,8,team1,kill,19.38
Hunter+Shaman_vs_Rogue+Hunter,Hunter+Shaman,Rogue+Hunter,9,team1,kill,19.38
Hunter+Shaman_vs_Rogue+Shaman,Hunter+Shaman,Rogue+Shaman,0,team2,kill,41.02
Hunter+Shaman_vs_Rogue+Shaman,Hunter+Shaman,Rogue+Shaman,1,team2,kill,41.30
Hunter+Shaman_vs_Rogue+Shaman,Hunter+Shaman,Rogue+Shaman,2,team2,kill,54.25
Hunter+Shaman_vs_Rogue+Shaman,Hunter+Shaman,Rogue+Shaman,3,team1,kill,36.75
Hunter+Shaman_vs_Rogue+Shaman,Hunter+Shaman,Rogue+Shaman,4,team2,kill,68.32
Hunter+Shaman_vs_Rogue+Shaman,Hunter+Shaman,Rogue+Shaman,5,team2,kill,41.02
Hunter+Shaman_vs_Rogue+Shaman,Hunter+Shaman,Rogue+Shaman,6,team2,kill,41.00
Hunter+Shaman_vs_Rogue+Shaman,Hunter+Shaman,Rogue+Shaman,7,team2,kill,40.63
Hunter+Shaman_vs_Rogue+Shaman,Hunter+Shaman,Rogue+Shaman,8,team2,kill,41.02
Hunter+Shaman_vs_Rogue+Shaman,Hunter+Shaman,Rogue+Shaman,9,team2,kill,41.02
Hunter+Shaman_vs_Priest+Warlock,Hunter+Shaman,Priest+Warlock,0,team1,kill,51.38
Hunter+Shaman_vs_Priest+Warlock,Hunter+Shaman,Priest+Warlock,1,team2,kill,56.92
Hunter+Shaman_vs_Priest+Warlock,Hunter+Shaman,Priest+Warlock,2,team1,kill,53.02
Hunter+Shaman_vs_Priest+Warlock,Hunter+Shaman,Priest+Warlock,3,team2,kill,54.55
Hunter+Shaman_vs_Priest+Warlock,Hunter+Shaman,Priest+Warlock,4,team1,kill,59.33
Hunter+Shaman_vs_Priest+Warlock,Hunter+Shaman,Priest+Warlock,5,team1,kill,49.17
Hunter+Shaman_vs_Priest+Warlock,Hunter+Shaman,Priest+Warlock,6,team1,kill,45.17
Hunter+Shaman_vs_Priest+Warlock,Hunter+Shaman,Priest+Warlock,7,team2,kill,31.27
Hunter+Shaman_vs_Priest+Warlock,Hunter+Shaman,Priest+Warlock,8,team2,kill,45.92
Hunter+Shaman_vs_Priest+Warlock,Hunter+Shaman,Priest+Warlock,9,team2,kill,42.35
Hunter+Shaman_vs_Priest+Hunter,Hunter+Shaman,Priest+Hunter,0,team1,kill,71.07
Hunter+Shaman_vs_Priest+Hunter,Hunter+Shaman,Priest+Hunter,1,team1,kill,59.20
Hunter+Shaman_vs_Priest+Hunter,Hunter+Shaman,Priest+Hunter,2,team1,kill,55.82
Hunter+Shaman_vs_Priest+Hunter,Hunter+Shaman,Priest+Hunter,3,team1,kill,61.68
Hunter+Shaman_vs_Priest+Hunter,Hunter+Shaman,Priest+Hunter,4,team1,kill,49.23
Hunter+Shaman_vs_Priest+Hunter,Hunter+Shaman,Priest+Hunter,5,team1,kill,62.33
Hunter+Shaman_vs_Priest+Hunter,Hunter+Shaman,Priest+Hunter,6,team1,kill,53.60
Hunter+Shaman_vs_Priest+Hunter,Hunter+Shaman,Priest+Hunter,7,team1,kill,63.13
Hunter+Shaman_vs_Priest+Hunter,Hunter+Shaman,Priest+Hunter,8,team1,kill,60.02
Hunter+Shaman_vs_Priest+Hunter,Hunter+Shaman,Priest+Hunter,9,team1,kill,67.82
Hunter+Shaman_vs_Warlock+Paladin,Hunter+Shaman,Warlock+Paladin,0,team2,kill,45.90
Hunter+Shaman_vs_Warlock+Paladin,Hunter+Shaman,Warlock+Paladin,1,team2,kill,39.67
Hunter+Shaman_vs_Warlock+Paladin,Hunter+Shaman,Warlock+Paladin,2,team2,kill,60.20
Hunter+Shaman_vs_Warlock+Paladin,Hunter+Shaman,Warlock+Paladin,3,team2,kill,42.98
Hunter+Shaman_vs_Warlock+Paladin,Hunter+Shaman,Warlock+Paladin,4,team2,kill,45.58
Hunter+Shaman_vs_Warlock+Paladin,Hunter+Shaman,Warlock+Paladin,5,team2,kill,42.98
Hunter+Shaman_vs_Warlock+Paladin,Hunter+Shaman,Warlock+Paladin,6,team2,kill,42.98
Hunter+Shaman_vs_Warlock+Paladin,Hunter+Shaman,Warlock+Paladin,7,team2,kill,44.98
Hunter+Shaman_vs_Warlock+Paladin,Hunter+Shaman,Warlock+Paladin,8,team2,kill,47.83
Hunter+Shaman_vs_Warlock+Paladin,Hunter+Shaman,Warlock+Paladin,9,team2,kill,42.98
Hunter+Shaman_vs_Warlock+Hunter,Hunter+Shaman,Warlock+Hunter,0,team2,kill,40.00
Hunter+Shaman_vs_Warlock+Hunter,Hunter+Shaman,Warlock+Hunter,1,team2,kill,31.43
Hunter+Shaman_vs_Warlock+Hunter,Hunter+Shaman,Warlock+Hunter,2,team2,kill,42.25
Hunter+Shaman_vs_Warlock+Hunter,Hunter+Shaman,Warlock+Hunter,3,team2,kill,41.95
Hunter+Shaman_vs_Warlock+Hunter,Hunter+Shaman,Warlock+Hunter,4,team2,kill,31.00
Hunter+Shaman_vs_Warlock+Hunter,Hunter+Shaman,Warlock+Hunter,5,team2,kill,42.35
Hunter+Shaman_vs_Warlock+Hunter,Hunter+Shaman,Warlock+Hunter,6,team2,kill,23.57
Hunter+Shaman_vs_Warlock+Hunter,Hunter+Shaman,Warlock+Hunter,7,team1,kill,24.65
Hunter+Shaman_vs_Warlock+Hunter,Hunter+Shaman,Warlock+Hunter,8,team1,kill,25.67
Hunter+Shaman_vs_Warlock+Hunter,Hunter+Shaman,Warlock+Hunter,9,team2,kill,40.32
Hunter+Shaman_vs_Warlock+Shaman,Hunter+Shaman,Warlock+Shaman,0,team2,kill,46.20
Hunter+Shaman_vs_Warlock+Shaman,Hunter+Shaman,Warlock+Shaman,1,team2,kill,45.20
Hunter+Shaman_vs_Warlock+Shaman,Hunter+Shaman,Warlock+Shaman,2,team2,kill,33.35
Hunter+Shaman_vs_Warlock+Shaman,Hunter+Shaman,Warlock+Shaman,3,team2,kill,51.88
Hunter+Shaman_vs_Warlock+Shaman,Hunter+Shaman,Warlock+Shaman,4,team2,kill,16.82
Hunter+Shaman_vs_Warlock+Shaman,Hunter+Shaman,Warlock+Shaman,5,team2,kill,43.68
Hunter+Shaman_vs_Warlock+Shaman,Hunter+Shaman,Warlock+Shaman,6,team2,kill,46.00
Hunter+Shaman_vs_Warlock+Shaman,Hunter+Shaman,Warlock+Shaman,7,team2,kill,16.82
Hunter+Shaman_vs_Warlock+Shaman,Hunter+Shaman,Warlock+Shaman,8,team2,kill,36.37
Hunter+Shaman_vs_Warlock+Shaman,Hunter+Shaman,Warlock+Shaman,9,team2,kill,34.53
Hunter+Shaman_vs_Paladin+Hunter,Hunter+Shaman,Paladin+Hunter,0,team2,kill,70.98
Hunter+Shaman_vs_Paladin+Hunter,Hunter+Shaman,Paladin+Hunter,1,team2,kill,81.95
Hunter+Shaman_vs_Paladin+Hunter,Hunter+Shaman,Paladin+Hunter,2,team2,kill,81.59
Hunter+Shaman_vs_Paladin+Hunter,Hunter+Shaman,Paladin+Hunter,3,team2,kill,66.35
Hunter+Shaman_vs_Paladin+Hunter,Hunter+Shaman,Paladin+Hunter,4,team2,kill,79.57
Hunter+Shaman_vs_Paladin+Hunter,Hunter+Shaman,Paladin+Hunter,5,team2,kill,94.81
Hunter+Shaman_vs_Paladin+Hunter,Hunter+Shaman,Paladin+Hunter,6,team2,kill,66.97
Hunter+Shaman_vs_Paladin+Hunter,Hunter+Shaman,Paladin+Hunter,7,team2,kill,58.78
Hunter+Shaman_vs_Paladin+Hunter,Hunter+Shaman,Paladin+Hunter,8,team2,kill,71.38
Hunter+Shaman_vs_Paladin+Hunter,Hunter+Shaman,Paladin+Hunter,9,team2,kill,151.92
Hunter+Shaman_vs_Hunter+Shaman,Hunter+Shaman,Hunter+Shaman,0,draw,cap,300.00
Hunter+Shaman_vs_Hunter+Shaman,Hunter+Shaman,Hunter+Shaman,1,team1,kill,33.53
Hunter+Shaman_vs_Hunter+Shaman,Hunter+Shaman,Hunter+Shaman,2,team1,kill,23.33
Hunter+Shaman_vs_Hunter+Shaman,Hunter+Shaman,Hunter+Shaman,3,team2,kill,37.65
Hunter+Shaman_vs_Hunter+Shaman,Hunter+Shaman,Hunter+Shaman,4,draw,cap,300.00
Hunter+Shaman_vs_Hunter+Shaman,Hunter+Shaman,Hunter+Shaman,5,team1,kill,24.03
Hunter+Shaman_vs_Hunter+Shaman,Hunter+Shaman,Hunter+Shaman,6,team1,kill,31.58
Hunter+Shaman_vs_Hunter+Shaman,Hunter+Shaman,Hunter+Shaman,7,team1,kill,16.38
Hunter+Shaman_vs_Hunter+Shaman,Hunter+Shaman,Hunter+Shaman,8,team1,kill,62.72
Hunter+Shaman_vs_Hunter+Shaman,Hunter+Shaman,Hunter+Shaman,9,team1,kill,52.73
