label,team1,team2,seed,winner,end_reason,duration_secs
Warrior+Mage_vs_Warrior+Rogue,Warrior+Mage,Warrior+Rogue,0,team1,kill,20.63
Warrior+Mage_vs_Warrior+Rogue,Warrior+Mage,Warrior+Rogue,1,team1,kill,20.08
Warrior+Mage_vs_Warrior+Rogue,Warrior+Mage,Warrior+Rogue,2,team1,kill,20.08
Warrior+Mage_vs_Warrior+Rogue,Warrior+Mage,Warrior+Rogue,3,team1,kill,20.78
Warrior+Mage_vs_Warrior+Rogue,Warrior+Mage,Warrior+Rogue,4,team1,kill,20.63
Warrior+Mage_vs_Warrior+Priest,Warrior+Mage,Warrior+Priest,0,team2,kill,23.43
Warrior+Mage_vs_Warrior+Priest,Warrior+Mage,Warrior+Priest,1,team2,kill,24.95
Warrior+Mage_vs_Warrior+Priest,Warrior+Mage,Warrior+Priest,2,team2,kill,33.82
Warrior+Mage_vs_Warrior+Priest,Warrior+Mage,Warrior+Priest,3,team2,kill,32.65
Warrior+Mage_vs_Warrior+Priest,Warrior+Mage,Warrior+Priest,4,team1,kill,20.33
Warrior+Mage_vs_Warrior+Warlock,Warrior+Mage,Warrior+Warlock,0,team2,kill,20.78
Warrior+Mage_vs_Warrior+Warlock,Warrior+Mage,Warrior+Warlock,1,team1,kill,15.02
Warrior+Mage_vs_Warrior+Warlock,Warrior+Mage,Warrior+Warlock,2,team1,kill,15.98
Warrior+Mage_vs_Warrior+Warlock,Warrior+Mage,Warrior+Warlock,3,team1,kill,14.47
Warrior+Mage_vs_Warrior+Warlock,Warrior+Mage,Warrior+Warlock,4,team1,kill,15.98
Warrior+Mage_vs_Warrior+Paladin,Warrior+Mage,Warrior+Paladin,0,team2,kill,33.20
Warrior+Mage_vs_Warrior+Paladin,Warrior+Mage,Warrior+Paladin,1,team2,kill,70.28
Warrior+Mage_vs_Warrior+Paladin,Warrior+Mage,Warrior+Paladin,2,team2,kill,33.02
Warrior+Mage_vs_Warrior+Paladin,Warrior+Mage,Warrior+Paladin,3,team2,kill,33.97
Warrior+Mage_vs_Warrior+Paladin,Warrior+Mage,Warrior+Paladin,4,team2,kill,33.23
Warrior+Mage_vs_Warrior+Hunter,Warrior+Mage,Warrior+Hunter,0,team1,kill,15.10
Warrior+Mage_vs_Warrior+Hunter,Warrior+Mage,Warrior+Hunter,1,team1,kill,17.00
Warrior+Mage_vs_Warrior+Hunter,Warrior+Mage,Warrior+Hunter,2,team1,kill,15.72
Warrior+Mage_vs_Warrior+Hunter,Warrior+Mage,Warrior+Hunter,3,team1,kill,13.98
Warrior+Mage_vs_Warrior+Hunter,Warrior+Mage,Warrior+Hunter,4,team1,kill,16.82
Warrior+Mage_vs_Warrior+Shaman,Warrior+Mage,Warrior+Shaman,0,team1,kill,17.38
Warrior+Mage_vs_Warrior+Shaman,Warrior+Mage,Warrior+Shaman,1,team1,kill,18.90
Warrior+Mage_vs_Warrior+Shaman,Warrior+Mage,Warrior+Shaman,2,team1,kill,18.88
Warrior+Mage_vs_Warrior+Shaman,Warrior+Mage,Warrior+Shaman,3,team1,kill,18.82
Warrior+Mage_vs_Warrior+Shaman,Warrior+Mage,Warrior+Shaman,4,team1,kill,18.87
Warrior+Mage_vs_Mage+Rogue,Warrior+Mage,Mage+Rogue,0,team1,kill,23.42
Warrior+Mage_vs_Mage+Rogue,Warrior+Mage,Mage+Rogue,1,team1,kill,23.42
Warrior+Mage_vs_Mage+Rogue,Warrior+Mage,Mage+Rogue,2,team1,kill,20.35
Warrior+Mage_vs_Mage+Rogue,Warrior+Mage,Mage+Rogue,3,team1,kill,23.42
Warrior+Mage_vs_Mage+Rogue,Warrior+Mage,Mage+Rogue,4,team2,kill,27.47
Warrior+Mage_vs_Mage+Priest,Warrior+Mage,Mage+Priest,0,team2,kill,20.67
Warrior+Mage_vs_Mage+Priest,Warrior+Mage,Mage+Priest,1,team2,kill,15.25
Warrior+Mage_vs_Mage+Priest,Warrior+Mage,Mage+Priest,2,team2,kill,21.03
Warrior+Mage_vs_Mage+Priest,Warrior+Mage,Mage+Priest,3,team2,kill,19.53
Warrior+Mage_vs_Mage+Priest,Warrior+Mage,Mage+Priest,4,team2,kill,21.03
Warrior+Mage_vs_Mage+Warlock,Warrior+Mage,Mage+Warlock,0,team2,kill,19.28
Warrior+Mage_vs_Mage+Warlock,Warrior+Mage,Mage+Warlock,1,team2,kill,19.00
Warrior+Mage_vs_Mage+Warlock,Warrior+Mage,Mage+Warlock,2,team2,kill,18.83
Warrior+Mage_vs_Mage+Warlock,Warrior+Mage,Mage+Warlock,3,team2,kill,19.28
Warrior+Mage_vs_Mage+Warlock,Warrior+Mage,Mage+Warlock,4,team2,kill,13.75
Warrior+Mage_vs_Mage+Paladin,Warrior+Mage,Mage+Paladin,0,team2,kill,15.25
Warrior+Mage_vs_Mage+Paladin,Warrior+Mage,Mage+Paladin,1,team2,kill,19.18
Warrior+Mage_vs_Mage+Paladin,Warrior+Mage,Mage+Paladin,2,team2,kill,20.95
Warrior+Mage_vs_Mage+Paladin,Warrior+Mage,Mage+Paladin,3,team2,kill,19.43
Warrior+Mage_vs_Mage+Paladin,Warrior+Mage,Mage+Paladin,4,team2,kill,19.43
Warrior+Mage_vs_Mage+Hunter,Warrior+Mage,Mage+Hunter,0,team2,kill,17.85
Warrior+Mage_vs_Mage+Hunter,Warrior+Mage,Mage+Hunter,1,team2,kill,19.37
Warrior+Mage_vs_Mage+Hunter,Warrior+Mage,Mage+Hunter,2,team2,kill,19.37
Warrior+Mage_vs_Mage+Hunter,Warrior+Mage,Mage+Hunter,3,team2,kill,17.85
Warrior+Mage_vs_Mage+Hunter,Warrior+Mage,Mage+Hunter,4,team2,kill,16.68
Warrior+Mage_vs_Mage+Shaman,Warrior+Mage,Mage+Shaman,0,team2,kill,15.17
Warrior+Mage_vs_Mage+Shaman,Warrior+Mage,Mage+Shaman,1,team2,kill,15.17
Warrior+Mage_vs_Mage+Shaman,Warrior+Mage,Mage+Shaman,2,team2,kill,16.68
Warrior+Mage_vs_Mage+Shaman,Warrior+Mage,Mage+Shaman,3,team2,kill,16.68
Warrior+Mage_vs_Mage+Shaman,Warrior+Mage,Mage+Shaman,4,team2,kill,16.68
Warrior+Mage_vs_Rogue+Priest,Warrior+Mage,Rogue+Priest,0,team2,kill,26.15
Warrior+Mage_vs_Rogue+Priest,Warrior+Mage,Rogue+Priest,1,team2,kill,26.75
Warrior+Mage_vs_Rogue+Priest,Warrior+Mage,Rogue+Priest,2,team2,kill,34.02
Warrior+Mage_vs_Rogue+Priest,Warrior+Mage,Rogue+Priest,3,team2,kill,30.67
Warrior+Mage_vs_Rogue+Priest,Warrior+Mage,Rogue+Priest,4,team2,kill,32.98
Warrior+Mage_vs_Rogue+Warlock,Warrior+Mage,Rogue+Warlock,0,team1,kill,23.17
Warrior+Mage_vs_Rogue+Warlock,Warrior+Mage,Rogue+Warlock,1,team1,kill,17.52
Warrior+Mage_vs_Rogue+Warlock,Warrior+Mage,Rogue+Warlock,2,team1,kill,20.08
Warrior+Mage_vs_Rogue+Warlock,Warrior+Mage,Rogue+Warlock,3,team1,kill,20.17
Warrior+Mage_vs_Rogue+Warlock,Warrior+Mage,Rogue+Warlock,4,team1,kill,16.27
Warrior+Mage_vs_Rogue+Paladin,Warrior+Mage,Rogue+Paladin,0,team1,kill,39.70
Warrior+Mage_vs_Rogue+Paladin,Warrior+Mage,Rogue+Paladin,1,team1,kill,35.43
Warrior+Mage_vs_Rogue+Paladin,Warrior+Mage,Rogue+Paladin,2,team2,kill,64.13
Warrior+Mage_vs_Rogue+Paladin,Warrior+Mage,Rogue+Paladin,3,team2,kill,34.73
Warrior+Mage_vs_Rogue+Paladin,Warrior+Mage,Rogue+Paladin,4,team1,kill,43.85
Warrior+Mage_vs_Rogue+Hunter,Warrior+Mage,Rogue+Hunter,0,team1,kill,22.70
Warrior+Mage_vs_Rogue+Hunter,Warrior+Mage,Rogue+Hunter,1,team1,kill,23.90
Warrior+Mage_vs_Rogue+Hunter,Warrior+Mage,Rogue+Hunter,2,team2,kill,33.73
Warrior+Mage_vs_Rogue+Hunter,Warrior+Mage,Rogue+Hunter,3,team1,kill,26.85
Warrior+Mage_vs_Rogue+Hunter,Warrior+Mage,Rogue+Hunter,4,team1,kill,26.67
Warrior+Mage_vs_Rogue+Shaman,Warrior+Mage,Rogue+Shaman,0,team2,kill,40.28
Warrior+Mage_vs_Rogue+Shaman,Warrior+Mage,Rogue+Shaman,1,team2,kill,25.38
Warrior+Mage_vs_Rogue+Shaman,Warrior+Mage,Rogue+Shaman,2,team1,kill,40.47
Warrior+Mage_vs_Rogue+Shaman,Warrior+Mage,Rogue+Shaman,3,team2,kill,29.12
Warrior+Mage_vs_Rogue+Shaman,Warrior+Mage,Rogue+Shaman,4,team2,kill,27.27
Warrior+Mage_vs_Priest+Warlock,Warrior+Mage,Priest+Warlock,0,team1,kill,21.07
Warrior+Mage_vs_Priest+Warlock,Warrior+Mage,Priest+Warlock,1,team1,kill,21.05
Warrior+Mage_vs_Priest+Warlock,Warrior+Mage,Priest+Warlock,2,team1,kill,21.88
Warrior+Mage_vs_Priest+Warlock,Warrior+Mage,Priest+Warlock,3,team1,kill,21.05
Warrior+Mage_vs_Priest+Warlock,Warrior+Mage,Priest+Warlock,4,team1,kill,20.75
Warrior+Mage_vs_Priest+Hunter,Warrior+Mage,Priest+Hunter,0,team1,kill,25.55
Warrior+Mage_vs_Priest+Hunter,Warrior+Mage,Priest+Hunter,1,team1,kill,30.90
Warrior+Mage_vs_Priest+Hunter,Warrior+Mage,Priest+Hunter,2,team2,kill,41.00
Warrior+Mage_vs_Priest+Hunter,Warrior+Mage,Priest+Hunter,3,team2,kill,27.70
Warrior+Mage_vs_Priest+Hunter,Warrior+Mage,Priest+Hunter,4,team1,kill,24.33
Warrior+Mage_vs_Warlock+Paladin,Warrior+Mage,Warlock+Paladin,0,team2,kill,37.57
Warrior+Mage_vs_Warlock+Paladin,Warrior+Mage,Warlock+Paladin,1,team2,kill,37.35
Warrior+Mage_vs_Warlock+Paladin,Warrior+Mage,Warlock+Paladin,2,team2,kill,37.10
Warrior+Mage_vs_Warlock+Paladin,Warrior+Mage,Warlock+Paladin,3,team2,kill,39.23
Warrior+Mage_vs_Warlock+Paladin,Warrior+Mage,Warlock+Paladin,4,team2,kill,29.70
Warrior+Mage_vs_Warlock+Hunter,Warrior+Mage,Warlock+Hunter,0,team1,kill,24.10
Warrior+Mage_vs_Warlock+Hunter,Warrior+Mage,Warlock+Hunter,1,team1,kill,20.78
Warrior+Mage_vs_Warlock+Hunter,Warrior+Mage,Warlock+Hunter,2,team2,kill,20.37
Warrior+Mage_vs_Warlock+Hunter,Warrior+Mage,Warlock+Hunter,3,team1,kill,24.15
Warrior+Mage_vs_Warlock+Hunter,Warrior+Mage,Warlock+Hunter,4,team2,kill,29.78
Warrior+Mage_vs_Warlock+Shaman,Warrior+Mage,Warlock+Shaman,0,team2,kill,26.62
Warrior+Mage_vs_Warlock+Shaman,Warrior+Mage,Warlock+Shaman,1,team2,kill,24.17
Warrior+Mage_vs_Warlock+Shaman,Warrior+Mage,Warlock+Shaman,2,team2,kill,19.33
Warrior+Mage_vs_Warlock+Shaman,Warrior+Mage,Warlock+Shaman,3,team2,kill,27.62
Warrior+Mage_vs_Warlock+Shaman,Warrior+Mage,Warlock+Shaman,4,team2,kill,25.33
Warrior+Mage_vs_Paladin+Hunter,Warrior+Mage,Paladin+Hunter,0,team2,kill,32.87
Warrior+Mage_vs_Paladin+Hunter,Warrior+Mage,Paladin+Hunter,1,team2,kill,48.17
Warrior+Mage_vs_Paladin+Hunter,Warrior+Mage,Paladin+Hunter,2,team2,kill,48.18
Warrior+Mage_vs_Paladin+Hunter,Warrior+Mage,Paladin+Hunter,3,team2,kill,35.38
Warrior+Mage_vs_Paladin+Hunter,Warrior+Mage,Paladin+Hunter,4,team1,kill,39.07
Warrior+Mage_vs_Hunter+Shaman,Warrior+Mage,Hunter+Shaman,0,team1,kill,25.10
Warrior+Mage_vs_Hunter+Shaman,Warrior+Mage,Hunter+Shaman,1,team1,kill,28.35
Warrior+Mage_vs_Hunter+Shaman,Warrior+Mage,Hunter+Shaman,2,team1,kill,24.67
Warrior+Mage_vs_Hunter+Shaman,Warrior+Mage,Hunter+Shaman,3,team1,kill,27.12
Warrior+Mage_vs_Hunter+Shaman,Warrior+Mage,Hunter+Shaman,4,team1,kill,24.02
Warrior+Rogue_vs_Warrior+Mage,Warrior+Rogue,Warrior+Mage,0,team2,kill,20.63
Warrior+Rogue_vs_Warrior+Mage,Warrior+Rogue,Warrior+Mage,1,team2,kill,20.08
Warrior+Rogue_vs_Warrior+Mage,Warrior+Rogue,Warrior+Mage,2,team2,kill,19.60
Warrior+Rogue_vs_Warrior+Mage,Warrior+Rogue,Warrior+Mage,3,team2,kill,20.78
Warrior+Rogue_vs_Warrior+Mage,Warrior+Rogue,Warrior+Mage,4,team2,kill,20.63
Warrior+Rogue_vs_Warrior+Priest,Warrior+Rogue,Warrior+Priest,0,team1,kill,20.32
Warrior+Rogue_vs_Warrior+Priest,Warrior+Rogue,Warrior+Priest,1,team1,kill,18.32
Warrior+Rogue_vs_Warrior+Priest,Warrior+Rogue,Warrior+Priest,2,team1,kill,24.32
Warrior+Rogue_vs_Warrior+Priest,Warrior+Rogue,Warrior+Priest,3,team1,kill,22.32
Warrior+Rogue_vs_Warrior+Priest,Warrior+Rogue,Warrior+Priest,4,team1,kill,20.08
Warrior+Rogue_vs_Warrior+Warlock,Warrior+Rogue,Warrior+Warlock,0,team2,kill,19.63
Warrior+Rogue_vs_Warrior+Warlock,Warrior+Rogue,Warrior+Warlock,1,team1,kill,22.02
Warrior+Rogue_vs_Warrior+Warlock,Warrior+Rogue,Warrior+Warlock,2,team2,kill,21.85
Warrior+Rogue_vs_Warrior+Warlock,Warrior+Rogue,Warrior+Warlock,3,team2,kill,23.85
Warrior+Rogue_vs_Warrior+Warlock,Warrior+Rogue,Warrior+Warlock,4,team2,kill,20.55
Warrior+Rogue_vs_Warrior+Paladin,Warrior+Rogue,Warrior+Paladin,0,team1,kill,57.57
Warrior+Rogue_vs_Warrior+Paladin,Warrior+Rogue,Warrior+Paladin,1,team2,kill,19.60
Warrior+Rogue_vs_Warrior+Paladin,Warrior+Rogue,Warrior+Paladin,2,team1,kill,55.35
Warrior+Rogue_vs_Warrior+Paladin,Warrior+Rogue,Warrior+Paladin,3,team2,kill,25.67
Warrior+Rogue_vs_Warrior+Paladin,Warrior+Rogue,Warrior+Paladin,4,team1,kill,53.58
Warrior+Rogue_vs_Warrior+Hunter,Warrior+Rogue,Warrior+Hunter,0,team2,kill,24.83
Warrior+Rogue_vs_Warrior+Hunter,Warrior+Rogue,Warrior+Hunter,1,team2,kill,24.40
Warrior+Rogue_vs_Warrior+Hunter,Warrior+Rogue,Warrior+Hunter,2,team2,kill,22.60
Warrior+Rogue_vs_Warrior+Hunter,Warrior+Rogue,Warrior+Hunter,3,team2,kill,20.78
Warrior+Rogue_vs_Warrior+Hunter,Warrior+Rogue,Warrior+Hunter,4,team2,kill,24.40
Warrior+Rogue_vs_Warrior+Shaman,Warrior+Rogue,Warrior+Shaman,0,team2,kill,19.50
Warrior+Rogue_vs_Warrior+Shaman,Warrior+Rogue,Warrior+Shaman,1,team1,kill,18.23
Warrior+Rogue_vs_Warrior+Shaman,Warrior+Rogue,Warrior+Shaman,2,team1,kill,20.23
Warrior+Rogue_vs_Warrior+Shaman,Warrior+Rogue,Warrior+Shaman,3,team1,kill,19.42
Warrior+Rogue_vs_Warrior+Shaman,Warrior+Rogue,Warrior+Shaman,4,team1,kill,19.42
Warrior+Rogue_vs_Mage+Rogue,Warrior+Rogue,Mage+Rogue,0,team2,kill,18.67
Warrior+Rogue_vs_Mage+Rogue,Warrior+Rogue,Mage+Rogue,1,team2,kill,21.92
Warrior+Rogue_vs_Mage+Rogue,Warrior+Rogue,Mage+Rogue,2,team2,kill,20.50
Warrior+Rogue_vs_Mage+Rogue,Warrior+Rogue,Mage+Rogue,3,team2,kill,18.48
Warrior+Rogue_vs_Mage+Rogue,Warrior+Rogue,Mage+Rogue,4,team2,kill,19.15
Warrior+Rogue_vs_Mage+Priest,Warrior+Rogue,Mage+Priest,0,team1,kill,36.02
Warrior+Rogue_vs_Mage+Priest,Warrior+Rogue,Mage+Priest,1,team1,kill,28.42
Warrior+Rogue_vs_Mage+Priest,Warrior+Rogue,Mage+Priest,2,team1,kill,37.02
Warrior+Rogue_vs_Mage+Priest,Warrior+Rogue,Mage+Priest,3,team1,kill,26.75
Warrior+Rogue_vs_Mage+Priest,Warrior+Rogue,Mage+Priest,4,team2,kill,25.08
Warrior+Rogue_vs_Mage+Warlock,Warrior+Rogue,Mage+Warlock,0,team1,kill,25.27
Warrior+Rogue_vs_Mage+Warlock,Warrior+Rogue,Mage+Warlock,1,team1,kill,23.75
Warrior+Rogue_vs_Mage+Warlock,Warrior+Rogue,Mage+Warlock,2,team1,kill,24.42
Warrior+Rogue_vs_Mage+Warlock,Warrior+Rogue,Mage+Warlock,3,team1,kill,24.42
Warrior+Rogue_vs_Mage+Warlock,Warrior+Rogue,Mage+Warlock,4,team1,kill,25.08
Warrior+Rogue_vs_Mage+Paladin,Warrior+Rogue,Mage+Paladin,0,team2,kill,25.22
Warrior+Rogue_vs_Mage+Paladin,Warrior+Rogue,Mage+Paladin,1,team2,kill,23.77
Warrior+Rogue_vs_Mage+Paladin,Warrior+Rogue,Mage+Paladin,2,team2,kill,25.22
Warrior+Rogue_vs_Mage+Paladin,Warrior+Rogue,Mage+Paladin,3,team2,kill,23.92
Warrior+Rogue_vs_Mage+Paladin,Warrior+Rogue,Mage+Paladin,4,team2,kill,22.50
Warrior+Rogue_vs_Mage+Hunter,Warrior+Rogue,Mage+Hunter,0,team2,kill,16.43
Warrior+Rogue_vs_Mage+Hunter,Warrior+Rogue,Mage+Hunter,1,team2,kill,16.43
Warrior+Rogue_vs_Mage+Hunter,Warrior+Rogue,Mage+Hunter,2,team2,kill,16.43
Warrior+Rogue_vs_Mage+Hunter,Warrior+Rogue,Mage+Hunter,3,team2,kill,16.43
Warrior+Rogue_vs_Mage+Hunter,Warrior+Rogue,Mage+Hunter,4,team2,kill,16.47
Warrior+Rogue_vs_Mage+Shaman,Warrior+Rogue,Mage+Shaman,0,team2,kill,16.57
Warrior+Rogue_vs_Mage+Shaman,Warrior+Rogue,Mage+Shaman,1,team2,kill,15.83
Warrior+Rogue_vs_Mage+Shaman,Warrior+Rogue,Mage+Shaman,2,team2,kill,12.32
Warrior+Rogue_vs_Mage+Shaman,Warrior+Rogue,Mage+Shaman,3,team2,kill,15.83
Warrior+Rogue_vs_Mage+Shaman,Warrior+Rogue,Mage+Shaman,4,team2,kill,17.97
Warrior+Rogue_vs_Rogue+Priest,Warrior+Rogue,Rogue+Priest,0,team1,kill,25.30
Warrior+Rogue_vs_Rogue+Priest,Warrior+Rogue,Rogue+Priest,1,team1,kill,20.92
Warrior+Rogue_vs_Rogue+Priest,Warrior+Rogue,Rogue+Priest,2,team2,kill,25.53
Warrior+Rogue_vs_Rogue+Priest,Warrior+Rogue,Rogue+Priest,3,team1,kill,25.30
Warrior+Rogue_vs_Rogue+Priest,Warrior+Rogue,Rogue+Priest,4,team1,kill,22.87
Warrior+Rogue_vs_Rogue+Warlock,Warrior+Rogue,Rogue+Warlock,0,team1,kill,19.30
Warrior+Rogue_vs_Rogue+Warlock,Warrior+Rogue,Rogue+Warlock,1,team1,kill,21.30
Warrior+Rogue_vs_Rogue+Warlock,Warrior+Rogue,Rogue+Warlock,2,team2,kill,20.30
Warrior+Rogue_vs_Rogue+Warlock,Warrior+Rogue,Rogue+Warlock,3,team2,kill,20.30
Warrior+Rogue_vs_Rogue+Warlock,Warrior+Rogue,Rogue+Warlock,4,team2,kill,20.68
Warrior+Rogue_vs_Rogue+Paladin,Warrior+Rogue,Rogue+Paladin,0,team1,kill,44.28
Warrior+Rogue_vs_Rogue+Paladin,Warrior+Rogue,Rogue+Paladin,1,team1,kill,42.80
Warrior+Rogue_vs_Rogue+Paladin,Warrior+Rogue,Rogue+Paladin,2,team1,kill,44.13
Warrior+Rogue_vs_Rogue+Paladin,Warrior+Rogue,Rogue+Paladin,3,team1,kill,43.50
Warrior+Rogue_vs_Rogue+Paladin,Warrior+Rogue,Rogue+Paladin,4,team1,kill,36.72
Warrior+Rogue_vs_Rogue+Hunter,Warrior+Rogue,Rogue+Hunter,0,team2,kill,21.22
Warrior+Rogue_vs_Rogue+Hunter,Warrior+Rogue,Rogue+Hunter,1,team2,kill,20.18
Warrior+Rogue_vs_Rogue+Hunter,Warrior+Rogue,Rogue+Hunter,2,team2,kill,21.60
Warrior+Rogue_vs_Rogue+Hunter,Warrior+Rogue,Rogue+Hunter,3,team2,kill,20.93
Warrior+Rogue_vs_Rogue+Hunter,Warrior+Rogue,Rogue+Hunter,4,team2,kill,21.90
Warrior+Rogue_vs_Rogue+Shaman,Warrior+Rogue,Rogue+Shaman,0,team2,kill,20.08
Warrior+Rogue_vs_Rogue+Shaman,Warrior+Rogue,Rogue+Shaman,1,team2,kill,22.22
Warrior+Rogue_vs_Rogue+Shaman,Warrior+Rogue,Rogue+Shaman,2,team2,kill,20.42
Warrior+Rogue_vs_Rogue+Shaman,Warrior+Rogue,Rogue+Shaman,3,team2,kill,20.75
Warrior+Rogue_vs_Rogue+Shaman,Warrior+Rogue,Rogue+Shaman,4,team2,kill,19.75
Warrior+Rogue_vs_Priest+Warlock,Warrior+Rogue,Priest+Warlock,0,team1,kill,24.55
Warrior+Rogue_vs_Priest+Warlock,Warrior+Rogue,Priest+Warlock,1,team2,kill,34.52
Warrior+Rogue_vs_Priest+Warlock,Warrior+Rogue,Priest+Warlock,2,team2,kill,29.93
Warrior+Rogue_vs_Priest+Warlock,Warrior+Rogue,Priest+Warlock,3,team2,kill,31.40
Warrior+Rogue_vs_Priest+Warlock,Warrior+Rogue,Priest+Warlock,4,team1,kill,35.52
Warrior+Rogue_vs_Priest+Hunter,Warrior+Rogue,Priest+Hunter,0,team2,kill,22.35
Warrior+Rogue_vs_Priest+Hunter,Warrior+Rogue,Priest+Hunter,1,team2,kill,23.55
Warrior+Rogue_vs_Priest+Hunter,Warrior+Rogue,Priest+Hunter,2,team2,kill,23.55
Warrior+Rogue_vs_Priest+Hunter,Warrior+Rogue,Priest+Hunter,3,team2,kill,23.03
Warrior+Rogue_vs_Priest+Hunter,Warrior+Rogue,Priest+Hunter,4,team2,kill,21.03
Warrior+Rogue_vs_Warlock+Paladin,Warrior+Rogue,Warlock+Paladin,0,team2,kill,28.97
Warrior+Rogue_vs_Warlock+Paladin,Warrior+Rogue,Warlock+Paladin,1,team2,kill,28.80
Warrior+Rogue_vs_Warlock+Paladin,Warrior+Rogue,Warlock+Paladin,2,team2,kill,28.80
Warrior+Rogue_vs_Warlock+Paladin,Warrior+Rogue,Warlock+Paladin,3,team2,kill,26.28
Warrior+Rogue_vs_Warlock+Paladin,Warrior+Rogue,Warlock+Paladin,4,team2,kill,27.78
Warrior+Rogue_vs_Warlock+Hunter,Warrior+Rogue,Warlock+Hunter,0,team2,kill,21.05
Warrior+Rogue_vs_Warlock+Hunter,Warrior+Rogue,Warlock+Hunter,1,team2,kill,23.85
Warrior+Rogue_vs_Warlock+Hunter,Warrior+Rogue,Warlock+Hunter,2,team2,kill,21.05
Warrior+Rogue_vs_Warlock+Hunter,Warrior+Rogue,Warlock+Hunter,3,team2,kill,25.92
Warrior+Rogue_vs_Warlock+Hunter,Warrior+Rogue,Warlock+Hunter,4,team2,kill,21.20
Warrior+Rogue_vs_Warlock+Shaman,Warrior+Rogue,Warlock+Shaman,0,team2,kill,21.17
Warrior+Rogue_vs_Warlock+Shaman,Warrior+Rogue,Warlock+Shaman,1,team2,kill,23.18
Warrior+Rogue_vs_Warlock+Shaman,Warrior+Rogue,Warlock+Shaman,2,team2,kill,24.08
Warrior+Rogue_vs_Warlock+Shaman,Warrior+Rogue,Warlock+Shaman,3,team2,kill,19.62
Warrior+Rogue_vs_Warlock+Shaman,Warrior+Rogue,Warlock+Shaman,4,team2,kill,23.25
Warrior+Rogue_vs_Paladin+Hunter,Warrior+Rogue,Paladin+Hunter,0,team2,kill,26.07
Warrior+Rogue_vs_Paladin+Hunter,Warrior+Rogue,Paladin+Hunter,1,team2,kill,41.92
Warrior+Rogue_vs_Paladin+Hunter,Warrior+Rogue,Paladin+Hunter,2,team2,kill,27.15
Warrior+Rogue_vs_Paladin+Hunter,Warrior+Rogue,Paladin+Hunter,3,team2,kill,27.98
Warrior+Rogue_vs_Paladin+Hunter,Warrior+Rogue,Paladin+Hunter,4,team2,kill,26.07
Warrior+Rogue_vs_Hunter+Shaman,Warrior+Rogue,Hunter+Shaman,0,team2,kill,15.97
Warrior+Rogue_vs_Hunter+Shaman,Warrior+Rogue,Hunter+Shaman,1,team2,kill,15.97
Warrior+Rogue_vs_Hunter+Shaman,Warrior+Rogue,Hunter+Shaman,2,team2,kill,15.97
Warrior+Rogue_vs_Hunter+Shaman,Warrior+Rogue,Hunter+Shaman,3,team2,kill,15.97
Warrior+Rogue_vs_Hunter+Shaman,Warrior+Rogue,Hunter+Shaman,4,team2,kill,13.55
Warrior+Priest_vs_Warrior+Mage,Warrior+Priest,Warrior+Mage,0,team1,kill,23.40
Warrior+Priest_vs_Warrior+Mage,Warrior+Priest,Warrior+Mage,1,team1,kill,24.95
Warrior+Priest_vs_Warrior+Mage,Warrior+Priest,Warrior+Mage,2,team1,kill,23.32
Warrior+Priest_vs_Warrior+Mage,Warrior+Priest,Warrior+Mage,3,team1,kill,32.65
Warrior+Priest_vs_Warrior+Mage,Warrior+Priest,Warrior+Mage,4,team2,kill,20.30
Warrior+Priest_vs_Warrior+Rogue,Warrior+Priest,Warrior+Rogue,0,team2,kill,22.08
Warrior+Priest_vs_Warrior+Rogue,Warrior+Priest,Warrior+Rogue,1,team2,kill,18.32
Warrior+Priest_vs_Warrior+Rogue,Warrior+Priest,Warrior+Rogue,2,team2,kill,24.32
Warrior+Priest_vs_Warrior+Rogue,Warrior+Priest,Warrior+Rogue,3,team2,kill,21.42
Warrior+Priest_vs_Warrior+Rogue,Warrior+Priest,Warrior+Rogue,4,team2,kill,18.75
Warrior+Priest_vs_Warrior+Warlock,Warrior+Priest,Warrior+Warlock,0,team1,kill,30.20
Warrior+Priest_vs_Warrior+Warlock,Warrior+Priest,Warrior+Warlock,1,team1,kill,28.82
Warrior+Priest_vs_Warrior+Warlock,Warrior+Priest,Warrior+Warlock,2,team1,kill,29.23
Warrior+Priest_vs_Warrior+Warlock,Warrior+Priest,Warrior+Warlock,3,team1,kill,33.25
Warrior+Priest_vs_Warrior+Warlock,Warrior+Priest,Warrior+Warlock,4,team1,kill,29.05
Warrior+Priest_vs_Warrior+Paladin,Warrior+Priest,Warrior+Paladin,0,team2,kill,44.12
Warrior+Priest_vs_Warrior+Paladin,Warrior+Priest,Warrior+Paladin,1,team2,kill,43.87
Warrior+Priest_vs_Warrior+Paladin,Warrior+Priest,Warrior+Paladin,2,team2,kill,47.70
Warrior+Priest_vs_Warrior+Paladin,Warrior+Priest,Warrior+Paladin,3,team2,kill,45.60
Warrior+Priest_vs_Warrior+Paladin,Warrior+Priest,Warrior+Paladin,4,team2,kill,43.10
Warrior+Priest_vs_Warrior+Hunter,Warrior+Priest,Warrior+Hunter,0,team1,kill,40.87
Warrior+Priest_vs_Warrior+Hunter,Warrior+Priest,Warrior+Hunter,1,team1,kill,42.52
Warrior+Priest_vs_Warrior+Hunter,Warrior+Priest,Warrior+Hunter,2,team1,kill,42.53
Warrior+Priest_vs_Warrior+Hunter,Warrior+Priest,Warrior+Hunter,3,team1,kill,42.17
Warrior+Priest_vs_Warrior+Hunter,Warrior+Priest,Warrior+Hunter,4,team1,kill,36.45
Warrior+Priest_vs_Warrior+Shaman,Warrior+Priest,Warrior+Shaman,0,team2,kill,47.23
Warrior+Priest_vs_Warrior+Shaman,Warrior+Priest,Warrior+Shaman,1,team1,kill,43.92
Warrior+Priest_vs_Warrior+Shaman,Warrior+Priest,Warrior+Shaman,2,team1,kill,40.18
Warrior+Priest_vs_Warrior+Shaman,Warrior+Priest,Warrior+Shaman,3,team2,kill,29.83
Warrior+Priest_vs_Warrior+Shaman,Warrior+Priest,Warrior+Shaman,4,team1,kill,140.93
Warrior+Priest_vs_Mage+Rogue,Warrior+Priest,Mage+Rogue,0,team2,kill,18.78
Warrior+Priest_vs_Mage+Rogue,Warrior+Priest,Mage+Rogue,1,team2,kill,18.12
Warrior+Priest_vs_Mage+Rogue,Warrior+Priest,Mage+Rogue,2,team2,kill,19.45
Warrior+Priest_vs_Mage+Rogue,Warrior+Priest,Mage+Rogue,3,team2,kill,19.65
Warrior+Priest_vs_Mage+Rogue,Warrior+Priest,Mage+Rogue,4,team2,kill,19.65
Warrior+Priest_vs_Mage+Priest,Warrior+Priest,Mage+Priest,0,team2,kill,33.38
Warrior+Priest_vs_Mage+Priest,Warrior+Priest,Mage+Priest,1,team2,kill,47.90
Warrior+Priest_vs_Mage+Priest,Warrior+Priest,Mage+Priest,2,team2,kill,34.38
Warrior+Priest_vs_Mage+Priest,Warrior+Priest,Mage+Priest,3,team2,kill,34.53
Warrior+Priest_vs_Mage+Priest,Warrior+Priest,Mage+Priest,4,team2,kill,33.35
Warrior+Priest_vs_Mage+Warlock,Warrior+Priest,Mage+Warlock,0,team1,kill,28.73
Warrior+Priest_vs_Mage+Warlock,Warrior+Priest,Mage+Warlock,1,team2,kill,35.75
Warrior+Priest_vs_Mage+Warlock,Warrior+Priest,Mage+Warlock,2,team1,kill,24.37
Warrior+Priest_vs_Mage+Warlock,Warrior+Priest,Mage+Warlock,3,team2,kill,33.32
Warrior+Priest_vs_Mage+Warlock,Warrior+Priest,Mage+Warlock,4,team1,kill,30.95
Warrior+Priest_vs_Mage+Paladin,Warrior+Priest,Mage+Paladin,0,team2,kill,45.03
Warrior+Priest_vs_Mage+Paladin,Warrior+Priest,Mage+Paladin,1,team2,kill,84.69
Warrior+Priest_vs_Mage+Paladin,Warrior+Priest,Mage+Paladin,2,team1,kill,75.52
Warrior+Priest_vs_Mage+Paladin,Warrior+Priest,Mage+Paladin,3,team2,kill,68.05
Warrior+Priest_vs_Mage+Paladin,Warrior+Priest,Mage+Paladin,4,team2,kill,94.97
Warrior+Priest_vs_Mage+Hunter,Warrior+Priest,Mage+Hunter,0,team2,kill,38.30
Warrior+Priest_vs_Mage+Hunter,Warrior+Priest,Mage+Hunter,1,team2,kill,32.40
Warrior+Priest_vs_Mage+Hunter,Warrior+Priest,Mage+Hunter,2,team2,kill,70.08
Warrior+Priest_vs_Mage+Hunter,Warrior+Priest,Mage+Hunter,3,team2,kill,34.58
Warrior+Priest_vs_Mage+Hunter,Warrior+Priest,Mage+Hunter,4,team1,kill,77.37
Warrior+Priest_vs_Mage+Shaman,Warrior+Priest,Mage+Shaman,0,team2,kill,26.37
Warrior+Priest_vs_Mage+Shaman,Warrior+Priest,Mage+Shaman,1,team2,kill,33.80
Warrior+Priest_vs_Mage+Shaman,Warrior+Priest,Mage+Shaman,2,team2,kill,25.20
Warrior+Priest_vs_Mage+Shaman,Warrior+Priest,Mage+Shaman,3,team2,kill,28.85
Warrior+Priest_vs_Mage+Shaman,Warrior+Priest,Mage+Shaman,4,team1,kill,42.38
Warrior+Priest_vs_Rogue+Priest,Warrior+Priest,Rogue+Priest,0,team2,kill,53.52
Warrior+Priest_vs_Rogue+Priest,Warrior+Priest,Rogue+Priest,1,team2,kill,49.65
Warrior+Priest_vs_Rogue+Priest,Warrior+Priest,Rogue+Priest,2,team1,kill,22.20
Warrior+Priest_vs_Rogue+Priest,Warrior+Priest,Rogue+Priest,3,team2,kill,53.67
Warrior+Priest_vs_Rogue+Priest,Warrior+Priest,Rogue+Priest,4,team2,kill,55.10
Warrior+Priest_vs_Rogue+Warlock,Warrior+Priest,Rogue+Warlock,0,team2,kill,48.73
Warrior+Priest_vs_Rogue+Warlock,Warrior+Priest,Rogue+Warlock,1,team1,kill,34.02
Warrior+Priest_vs_Rogue+Warlock,Warrior+Priest,Rogue+Warlock,2,team1,kill,28.18
Warrior+Priest_vs_Rogue+Warlock,Warrior+Priest,Rogue+Warlock,3,team1,kill,32.50
Warrior+Priest_vs_Rogue+Warlock,Warrior+Priest,Rogue+Warlock,4,team1,kill,31.93
Warrior+Priest_vs_Rogue+Paladin,Warrior+Priest,Rogue+Paladin,0,team2,kill,56.80
Warrior+Priest_vs_Rogue+Paladin,Warrior+Priest,Rogue+Paladin,1,team2,kill,53.78
Warrior+Priest_vs_Rogue+Paladin,Warrior+Priest,Rogue+Paladin,2,team2,kill,62.43
Warrior+Priest_vs_Rogue+Paladin,Warrior+Priest,Rogue+Paladin,3,team2,kill,53.43
Warrior+Priest_vs_Rogue+Paladin,Warrior+Priest,Rogue+Paladin,4,team1,kill,166.85
Warrior+Priest_vs_Rogue+Hunter,Warrior+Priest,Rogue+Hunter,0,team2,kill,48.82
Warrior+Priest_vs_Rogue+Hunter,Warrior+Priest,Rogue+Hunter,1,team2,kill,43.68
Warrior+Priest_vs_Rogue+Hunter,Warrior+Priest,Rogue+Hunter,2,team2,kill,45.02
Warrior+Priest_vs_Rogue+Hunter,Warrior+Priest,Rogue+Hunter,3,team2,kill,48.82
Warrior+Priest_vs_Rogue+Hunter,Warrior+Priest,Rogue+Hunter,4,team2,kill,43.33
Warrior+Priest_vs_Rogue+Shaman,Warrior+Priest,Rogue+Shaman,0,team2,kill,45.15
Warrior+Priest_vs_Rogue+Shaman,Warrior+Priest,Rogue+Shaman,1,team2,kill,42.63
Warrior+Priest_vs_Rogue+Shaman,Warrior+Priest,Rogue+Shaman,2,team2,kill,45.58
Warrior+Priest_vs_Rogue+Shaman,Warrior+Priest,Rogue+Shaman,3,team2,kill,43.23
Warrior+Priest_vs_Rogue+Shaman,Warrior+Priest,Rogue+Shaman,4,team2,kill,40.17
Warrior+Priest_vs_Priest+Warlock,Warrior+Priest,Priest+Warlock,0,team1,kill,41.65
Warrior+Priest_vs_Priest+Warlock,Warrior+Priest,Priest+Warlock,1,team1,kill,44.70
Warrior+Priest_vs_Priest+Warlock,Warrior+Priest,Priest+Warlock,2,team1,kill,41.65
Warrior+Priest_vs_Priest+Warlock,Warrior+Priest,Priest+Warlock,3,team1,kill,46.82
Warrior+Priest_vs_Priest+Warlock,Warrior+Priest,Priest+Warlock,4,team1,kill,35.32
Warrior+Priest_vs_Priest+Hunter,Warrior+Priest,Priest+Hunter,0,team1,kill,67.38
Warrior+Priest_vs_Priest+Hunter,Warrior+Priest,Priest+Hunter,1,team1,kill,61.58
Warrior+Priest_vs_Priest+Hunter,Warrior+Priest,Priest+Hunter,2,team1,kill,62.82
Warrior+Priest_vs_Priest+Hunter,Warrior+Priest,Priest+Hunter,3,team2,kill,64.33
Warrior+Priest_vs_Priest+Hunter,Warrior+Priest,Priest+Hunter,4,team1,kill,50.28
Warrior+Priest_vs_Warlock+Paladin,Warrior+Priest,Warlock+Paladin,0,team1,kill,66.07
Warrior+Priest_vs_Warlock+Paladin,Warrior+Priest,Warlock+Paladin,1,team1,kill,100.84
Warrior+Priest_vs_Warlock+Paladin,Warrior+Priest,Warlock+Paladin,2,team1,kill,64.37
Warrior+Priest_vs_Warlock+Paladin,Warrior+Priest,Warlock+Paladin,3,team1,kill,64.65
Warrior+Priest_vs_Warlock+Paladin,Warrior+Priest,Warlock+Paladin,4,team2,kill,51.10
Warrior+Priest_vs_Warlock+Hunter,Warrior+Priest,Warlock+Hunter,0,team2,kill,76.62
Warrior+Priest_vs_Warlock+Hunter,Warrior+Priest,Warlock+Hunter,1,team1,kill,32.00
Warrior+Priest_vs_Warlock+Hunter,Warrior+Priest,Warlock+Hunter,2,team1,kill,38.38
Warrior+Priest_vs_Warlock+Hunter,Warrior+Priest,Warlock+Hunter,3,team1,kill,38.17
Warrior+Priest_vs_Warlock+Hunter,Warrior+Priest,Warlock+Hunter,4,team1,kill,44.47
Warrior+Priest_vs_Warlock+Shaman,Warrior+Priest,Warlock+Shaman,0,team2,kill,19.27
Warrior+Priest_vs_Warlock+Shaman,Warrior+Priest,Warlock+Shaman,1,team2,kill,29.02
Warrior+Priest_vs_Warlock+Shaman,Warrior+Priest,Warlock+Shaman,2,team2,kill,18.78
Warrior+Priest_vs_Warlock+Shaman,Warrior+Priest,Warlock+Shaman,3,team2,kill,31.82
Warrior+Priest_vs_Warlock+Shaman,Warrior+Priest,Warlock+Shaman,4,team2,kill,21.38
Warrior+Priest_vs_Paladin+Hunter,Warrior+Priest,Paladin+Hunter,0,team2,kill,94.77
Warrior+Priest_vs_Paladin+Hunter,Warrior+Priest,Paladin+Hunter,1,team2,kill,95.19
Warrior+Priest_vs_Paladin+Hunter,Warrior+Priest,Paladin+Hunter,2,team1,kill,98.66
Warrior+Priest_vs_Paladin+Hunter,Warrior+Priest,Paladin+Hunter,3,team2,kill,111.44
Warrior+Priest_vs_Paladin+Hunter,Warrior+Priest,Paladin+Hunter,4,team2,kill,89.95
Warrior+Priest_vs_Hunter+Shaman,Warrior+Priest,Hunter+Shaman,0,team2,kill,72.72
Warrior+Priest_vs_Hunter+Shaman,Warrior+Priest,Hunter+Shaman,1,team2,kill,32.62
Warrior+Priest_vs_Hunter+Shaman,Warrior+Priest,Hunter+Shaman,2,team2,kill,36.87
Warrior+Priest_vs_Hunter+Shaman,Warrior+Priest,Hunter+Shaman,3,team2,kill,44.03
Warrior+Priest_vs_Hunter+Shaman,Warrior+Priest,Hunter+Shaman,4,team2,kill,55.75
Warrior+Warlock_vs_Warrior+Mage,Warrior+Warlock,Warrior+Mage,0,team1,kill,20.78
Warrior+Warlock_vs_Warrior+Mage,Warrior+Warlock,Warrior+Mage,1,team2,kill,15.02
Warrior+Warlock_vs_Warrior+Mage,Warrior+Warlock,Warrior+Mage,2,team2,kill,15.98
Warrior+Warlock_vs_Warrior+Mage,Warrior+Warlock,Warrior+Mage,3,team2,kill,14.47
Warrior+Warlock_vs_Warrior+Mage,Warrior+Warlock,Warrior+Mage,4,team2,kill,15.98
Warrior+Warlock_vs_Warrior+Rogue,Warrior+Warlock,Warrior+Rogue,0,team1,kill,19.40
Warrior+Warlock_vs_Warrior+Rogue,Warrior+Warlock,Warrior+Rogue,1,team2,kill,22.02
Warrior+Warlock_vs_Warrior+Rogue,Warrior+Warlock,Warrior+Rogue,2,team1,kill,21.85
Warrior+Warlock_vs_Warrior+Rogue,Warrior+Warlock,Warrior+Rogue,3,team1,kill,20.17
Warrior+Warlock_vs_Warrior+Rogue,Warrior+Warlock,Warrior+Rogue,4,team1,kill,20.48
Warrior+Warlock_vs_Warrior+Priest,Warrior+Warlock,Warrior+Priest,0,team2,kill,28.18
Warrior+Warlock_vs_Warrior+Priest,Warrior+Warlock,Warrior+Priest,1,team2,kill,29.38
Warrior+Warlock_vs_Warrior+Priest,Warrior+Warlock,Warrior+Priest,2,team2,kill,28.85
Warrior+Warlock_vs_Warrior+Priest,Warrior+Warlock,Warrior+Priest,3,team2,kill,29.12
Warrior+Warlock_vs_Warrior+Priest,Warrior+Warlock,Warrior+Priest,4,team2,kill,29.38
Warrior+Warlock_vs_Warrior+Paladin,Warrior+Warlock,Warrior+Paladin,0,team2,kill,31.33
Warrior+Warlock_vs_Warrior+Paladin,Warrior+Warlock,Warrior+Paladin,1,team2,kill,27.12
Warrior+Warlock_vs_Warrior+Paladin,Warrior+Warlock,Warrior+Paladin,2,team2,kill,27.52
Warrior+Warlock_vs_Warrior+Paladin,Warrior+Warlock,Warrior+Paladin,3,team2,kill,27.52
Warrior+Warlock_vs_Warrior+Paladin,Warrior+Warlock,Warrior+Paladin,4,team2,kill,30.97
Warrior+Warlock_vs_Warrior+Hunter,Warrior+Warlock,Warrior+Hunter,0,team2,kill,17.40
Warrior+Warlock_vs_Warrior+Hunter,Warrior+Warlock,Warrior+Hunter,1,team1,kill,21.03
Warrior+Warlock_vs_Warrior+Hunter,Warrior+Warlock,Warrior+Hunter,2,team1,kill,25.82
Warrior+Warlock_vs_Warrior+Hunter,Warrior+Warlock,Warrior+Hunter,3,team2,kill,26.75
Warrior+Warlock_vs_Warrior+Hunter,Warrior+Warlock,Warrior+Hunter,4,team2,kill,16.68
Warrior+Warlock_vs_Warrior+Shaman,Warrior+Warlock,Warrior+Shaman,0,team2,kill,28.75
Warrior+Warlock_vs_Warrior+Shaman,Warrior+Warlock,Warrior+Shaman,1,team2,kill,25.32
Warrior+Warlock_vs_Warrior+Shaman,Warrior+Warlock,Warrior+Shaman,2,team2,kill,28.70
Warrior+Warlock_vs_Warrior+Shaman,Warrior+Warlock,Warrior+Shaman,3,team2,kill,29.67
Warrior+Warlock_vs_Warrior+Shaman,Warrior+Warlock,Warrior+Shaman,4,team2,kill,30.27
Warrior+Warlock_vs_Mage+Rogue,Warrior+Warlock,Mage+Rogue,0,team2,kill,17.93
Warrior+Warlock_vs_Mage+Rogue,Warrior+Warlock,Mage+Rogue,1,team2,kill,19.48
Warrior+Warlock_vs_Mage+Rogue,Warrior+Warlock,Mage+Rogue,2,team2,kill,15.67
Warrior+Warlock_vs_Mage+Rogue,Warrior+Warlock,Mage+Rogue,3,team2,kill,15.67
Warrior+Warlock_vs_Mage+Rogue,Warrior+Warlock,Mage+Rogue,4,team2,kill,15.80
Warrior+Warlock_vs_Mage+Priest,Warrior+Warlock,Mage+Priest,0,team2,kill,29.75
Warrior+Warlock_vs_Mage+Priest,Warrior+Warlock,Mage+Priest,1,team2,kill,29.63
Warrior+Warlock_vs_Mage+Priest,Warrior+Warlock,Mage+Priest,2,team2,kill,33.20
Warrior+Warlock_vs_Mage+Priest,Warrior+Warlock,Mage+Priest,3,team2,kill,28.45
Warrior+Warlock_vs_Mage+Priest,Warrior+Warlock,Mage+Priest,4,team2,kill,29.97
Warrior+Warlock_vs_Mage+Warlock,Warrior+Warlock,Mage+Warlock,0,team2,kill,20.00
Warrior+Warlock_vs_Mage+Warlock,Warrior+Warlock,Mage+Warlock,1,team2,kill,17.92
Warrior+Warlock_vs_Mage+Warlock,Warrior+Warlock,Mage+Warlock,2,team2,kill,18.18
Warrior+Warlock_vs_Mage+Warlock,Warrior+Warlock,Mage+Warlock,3,team2,kill,19.80
Warrior+Warlock_vs_Mage+Warlock,Warrior+Warlock,Mage+Warlock,4,team2,kill,17.95
Warrior+Warlock_vs_Mage+Paladin,Warrior+Warlock,Mage+Paladin,0,team2,kill,41.87
Warrior+Warlock_vs_Mage+Paladin,Warrior+Warlock,Mage+Paladin,1,team2,kill,49.42
Warrior+Warlock_vs_Mage+Paladin,Warrior+Warlock,Mage+Paladin,2,team2,kill,40.37
Warrior+Warlock_vs_Mage+Paladin,Warrior+Warlock,Mage+Paladin,3,team2,kill,29.70
Warrior+Warlock_vs_Mage+Paladin,Warrior+Warlock,Mage+Paladin,4,team2,kill,32.00
Warrior+Warlock_vs_Mage+Hunter,Warrior+Warlock,Mage+Hunter,0,team2,kill,19.67
Warrior+Warlock_vs_Mage+Hunter,Warrior+Warlock,Mage+Hunter,1,team2,kill,19.68
Warrior+Warlock_vs_Mage+Hunter,Warrior+Warlock,Mage+Hunter,2,team2,kill,19.68
Warrior+Warlock_vs_Mage+Hunter,Warrior+Warlock,Mage+Hunter,3,team2,kill,19.67
Warrior+Warlock_vs_Mage+Hunter,Warrior+Warlock,Mage+Hunter,4,team2,kill,18.30
Warrior+Warlock_vs_Mage+Shaman,Warrior+Warlock,Mage+Shaman,0,team2,kill,29.55
Warrior+Warlock_vs_Mage+Shaman,Warrior+Warlock,Mage+Shaman,1,team2,kill,32.22
Warrior+Warlock_vs_Mage+Shaman,Warrior+Warlock,Mage+Shaman,2,team2,kill,31.75
Warrior+Warlock_vs_Mage+Shaman,Warrior+Warlock,Mage+Shaman,3,team2,kill,29.93
Warrior+Warlock_vs_Mage+Shaman,Warrior+Warlock,Mage+Shaman,4,team2,kill,33.27
Warrior+Warlock_vs_Rogue+Priest,Warrior+Warlock,Rogue+Priest,0,team2,kill,28.83
Warrior+Warlock_vs_Rogue+Priest,Warrior+Warlock,Rogue+Priest,1,team2,kill,26.80
Warrior+Warlock_vs_Rogue+Priest,Warrior+Warlock,Rogue+Priest,2,team2,kill,28.83
Warrior+Warlock_vs_Rogue+Priest,Warrior+Warlock,Rogue+Priest,3,team2,kill,28.27
Warrior+Warlock_vs_Rogue+Priest,Warrior+Warlock,Rogue+Priest,4,team2,kill,28.83
Warrior+Warlock_vs_Rogue+Warlock,Warrior+Warlock,Rogue+Warlock,0,team2,kill,21.85
Warrior+Warlock_vs_Rogue+Warlock,Warrior+Warlock,Rogue+Warlock,1,team2,kill,22.38
Warrior+Warlock_vs_Rogue+Warlock,Warrior+Warlock,Rogue+Warlock,2,team2,kill,27.25
Warrior+Warlock_vs_Rogue+Warlock,Warrior+Warlock,Rogue+Warlock,3,team2,kill,22.85
Warrior+Warlock_vs_Rogue+Warlock,Warrior+Warlock,Rogue+Warlock,4,team2,kill,26.57
Warrior+Warlock_vs_Rogue+Paladin,Warrior+Warlock,Rogue+Paladin,0,team2,kill,30.68
Warrior+Warlock_vs_Rogue+Paladin,Warrior+Warlock,Rogue+Paladin,1,team2,kill,31.53
Warrior+Warlock_vs_Rogue+Paladin,Warrior+Warlock,Rogue+Paladin,2,team2,kill,27.68
Warrior+Warlock_vs_Rogue+Paladin,Warrior+Warlock,Rogue+Paladin,3,team2,kill,29.83
Warrior+Warlock_vs_Rogue+Paladin,Warrior+Warlock,Rogue+Paladin,4,team2,kill,31.97
Warrior+Warlock_vs_Rogue+Hunter,Warrior+Warlock,Rogue+Hunter,0,team2,kill,22.05
Warrior+Warlock_vs_Rogue+Hunter,Warrior+Warlock,Rogue+Hunter,1,team2,kill,22.25
Warrior+Warlock_vs_Rogue+Hunter,Warrior+Warlock,Rogue+Hunter,2,team2,kill,18.22
Warrior+Warlock_vs_Rogue+Hunter,Warrior+Warlock,Rogue+Hunter,3,team2,kill,18.97
Warrior+Warlock_vs_Rogue+Hunter,Warrior+Warlock,Rogue+Hunter,4,team2,kill,19.75
Warrior+Warlock_vs_Rogue+Shaman,Warrior+Warlock,Rogue+Shaman,0,team2,kill,29.25
Warrior+Warlock_vs_Rogue+Shaman,Warrior+Warlock,Rogue+Shaman,1,team2,kill,25.98
Warrior+Warlock_vs_Rogue+Shaman,Warrior+Warlock,Rogue+Shaman,2,team2,kill,27.58
Warrior+Warlock_vs_Rogue+Shaman,Warrior+Warlock,Rogue+Shaman,3,team2,kill,30.28
Warrior+Warlock_vs_Rogue+Shaman,Warrior+Warlock,Rogue+Shaman,4,team1,kill,27.63
Warrior+Warlock_vs_Priest+Warlock,Warrior+Warlock,Priest+Warlock,0,team2,kill,30.92
Warrior+Warlock_vs_Priest+Warlock,Warrior+Warlock,Priest+Warlock,1,team1,kill,27.42
Warrior+Warlock_vs_Priest+Warlock,Warrior+Warlock,Priest+Warlock,2,team1,kill,26.58
Warrior+Warlock_vs_Priest+Warlock,Warrior+Warlock,Priest+Warlock,3,team1,kill,26.58
Warrior+Warlock_vs_Priest+Warlock,Warrior+Warlock,Priest+Warlock,4,team2,kill,28.20
Warrior+Warlock_vs_Priest+Hunter,Warrior+Warlock,Priest+Hunter,0,team2,kill,27.43
Warrior+Warlock_vs_Priest+Hunter,Warrior+Warlock,Priest+Hunter,1,team1,kill,38.60
Warrior+Warlock_vs_Priest+Hunter,Warrior+Warlock,Priest+Hunter,2,team2,kill,36.20
Warrior+Warlock_vs_Priest+Hunter,Warrior+Warlock,Priest+Hunter,3,team2,kill,25.38
Warrior+Warlock_vs_Priest+Hunter,Warrior+Warlock,Priest+Hunter,4,team2,kill,36.20
Warrior+Warlock_vs_Warlock+Paladin,Warrior+Warlock,Warlock+Paladin,0,team2,kill,45.50
Warrior+Warlock_vs_Warlock+Paladin,Warrior+Warlock,Warlock+Paladin,1,team2,kill,64.25
Warrior+Warlock_vs_Warlock+Paladin,Warrior+Warlock,Warlock+Paladin,2,team1,kill,68.40
Warrior+Warlock_vs_Warlock+Paladin,Warrior+Warlock,Warlock+Paladin,3,team2,kill,59.60
Warrior+Warlock_vs_Warlock+Paladin,Warrior+Warlock,Warlock+Paladin,4,team2,kill,39.05
Warrior+Warlock_vs_Warlock+Hunter,Warrior+Warlock,Warlock+Hunter,0,team2,kill,23.77
Warrior+Warlock_vs_Warlock+Hunter,Warrior+Warlock,Warlock+Hunter,1,team2,kill,20.40
Warrior+Warlock_vs_Warlock+Hunter,Warrior+Warlock,Warlock+Hunter,2,team2,kill,26.30
Warrior+Warlock_vs_Warlock+Hunter,Warrior+Warlock,Warlock+Hunter,3,team2,kill,22.42
Warrior+Warlock_vs_Warlock+Hunter,Warrior+Warlock,Warlock+Hunter,4,team2,kill,22.28
Warrior+Warlock_vs_Warlock+Shaman,Warrior+Warlock,Warlock+Shaman,0,team2,kill,22.35
Warrior+Warlock_vs_Warlock+Shaman,Warrior+Warlock,Warlock+Shaman,1,team2,kill,30.20
Warrior+Warlock_vs_Warlock+Shaman,Warrior+Warlock,Warlock+Shaman,2,team2,kill,27.82
Warrior+Warlock_vs_Warlock+Shaman,Warrior+Warlock,Warlock+Shaman,3,team2,kill,22.28
Warrior+Warlock_vs_Warlock+Shaman,Warrior+Warlock,Warlock+Shaman,4,team2,kill,26.43
Warrior+Warlock_vs_Paladin+Hunter,Warrior+Warlock,Paladin+Hunter,0,team2,kill,38.50
Warrior+Warlock_vs_Paladin+Hunter,Warrior+Warlock,Paladin+Hunter,1,team2,kill,41.67
Warrior+Warlock_vs_Paladin+Hunter,Warrior+Warlock,Paladin+Hunter,2,team2,kill,66.78
Warrior+Warlock_vs_Paladin+Hunter,Warrior+Warlock,Paladin+Hunter,3,team2,kill,44.00
Warrior+Warlock_vs_Paladin+Hunter,Warrior+Warlock,Paladin+Hunter,4,team2,kill,71.00
Warrior+Warlock_vs_Hunter+Shaman,Warrior+Warlock,Hunter+Shaman,0,team2,kill,34.82
Warrior+Warlock_vs_Hunter+Shaman,Warrior+Warlock,Hunter+Shaman,1,team2,kill,39.12
Warrior+Warlock_vs_Hunter+Shaman,Warrior+Warlock,Hunter+Shaman,2,team2,kill,41.08
Warrior+Warlock_vs_Hunter+Shaman,Warrior+Warlock,Hunter+Shaman,3,team2,kill,40.27
Warrior+Warlock_vs_Hunter+Shaman,Warrior+Warlock,Hunter+Shaman,4,team2,kill,35.43
Warrior+Paladin_vs_Warrior+Mage,Warrior+Paladin,Warrior+Mage,0,team1,kill,33.20
Warrior+Paladin_vs_Warrior+Mage,Warrior+Paladin,Warrior+Mage,1,team1,kill,70.28
Warrior+Paladin_vs_Warrior+Mage,Warrior+Paladin,Warrior+Mage,2,team1,kill,33.02
Warrior+Paladin_vs_Warrior+Mage,Warrior+Paladin,Warrior+Mage,3,team1,kill,33.98
Warrior+Paladin_vs_Warrior+Mage,Warrior+Paladin,Warrior+Mage,4,team1,kill,33.25
Warrior+Paladin_vs_Warrior+Rogue,Warrior+Paladin,Warrior+Rogue,0,team1,kill,28.83
Warrior+Paladin_vs_Warrior+Rogue,Warrior+Paladin,Warrior+Rogue,1,team2,kill,55.35
Warrior+Paladin_vs_Warrior+Rogue,Warrior+Paladin,Warrior+Rogue,2,team1,kill,25.67
Warrior+Paladin_vs_Warrior+Rogue,Warrior+Paladin,Warrior+Rogue,3,team1,kill,25.67
Warrior+Paladin_vs_Warrior+Rogue,Warrior+Paladin,Warrior+Rogue,4,team2,kill,53.58
Warrior+Paladin_vs_Warrior+Priest,Warrior+Paladin,Warrior+Priest,0,team1,kill,44.45
Warrior+Paladin_vs_Warrior+Priest,Warrior+Paladin,Warrior+Priest,1,team1,kill,43.87
Warrior+Paladin_vs_Warrior+Priest,Warrior+Paladin,Warrior+Priest,2,team1,kill,47.67
Warrior+Paladin_vs_Warrior+Priest,Warrior+Paladin,Warrior+Priest,3,team1,kill,45.38
Warrior+Paladin_vs_Warrior+Priest,Warrior+Paladin,Warrior+Priest,4,team2,kill,129.63
Warrior+Paladin_vs_Warrior+Warlock,Warrior+Paladin,Warrior+Warlock,0,team1,kill,26.78
Warrior+Paladin_vs_Warrior+Warlock,Warrior+Paladin,Warrior+Warlock,1,team1,kill,26.85
Warrior+Paladin_vs_Warrior+Warlock,Warrior+Paladin,Warrior+Warlock,2,team1,kill,27.52
Warrior+Paladin_vs_Warrior+Warlock,Warrior+Paladin,Warrior+Warlock,3,team1,kill,27.52
Warrior+Paladin_vs_Warrior+Warlock,Warrior+Paladin,Warrior+Warlock,4,team1,kill,27.30
Warrior+Paladin_vs_Warrior+Hunter,Warrior+Paladin,Warrior+Hunter,0,team1,kill,43.57
Warrior+Paladin_vs_Warrior+Hunter,Warrior+Paladin,Warrior+Hunter,1,team1,kill,42.05
Warrior+Paladin_vs_Warrior+Hunter,Warrior+Paladin,Warrior+Hunter,2,team1,kill,42.10
Warrior+Paladin_vs_Warrior+Hunter,Warrior+Paladin,Warrior+Hunter,3,team1,kill,42.05
Warrior+Paladin_vs_Warrior+Hunter,Warrior+Paladin,Warrior+Hunter,4,team1,kill,43.57
Warrior+Paladin_vs_Warrior+Shaman,Warrior+Paladin,Warrior+Shaman,0,team1,kill,61.08
Warrior+Paladin_vs_Warrior+Shaman,Warrior+Paladin,Warrior+Shaman,1,team1,kill,97.34
Warrior+Paladin_vs_Warrior+Shaman,Warrior+Paladin,Warrior+Shaman,2,team1,kill,65.48
Warrior+Paladin_vs_Warrior+Shaman,Warrior+Paladin,Warrior+Shaman,3,team1,kill,37.80
Warrior+Paladin_vs_Warrior+Shaman,Warrior+Paladin,Warrior+Shaman,4,team1,kill,37.80
Warrior+Paladin_vs_Mage+Rogue,Warrior+Paladin,Mage+Rogue,0,team2,kill,40.13
Warrior+Paladin_vs_Mage+Rogue,Warrior+Paladin,Mage+Rogue,1,team2,kill,29.38
Warrior+Paladin_vs_Mage+Rogue,Warrior+Paladin,Mage+Rogue,2,team2,kill,33.38
Warrior+Paladin_vs_Mage+Rogue,Warrior+Paladin,Mage+Rogue,3,team2,kill,33.38
Warrior+Paladin_vs_Mage+Rogue,Warrior+Paladin,Mage+Rogue,4,team2,kill,34.22
Warrior+Paladin_vs_Mage+Priest,Warrior+Paladin,Mage+Priest,0,team2,kill,65.10
Warrior+Paladin_vs_Mage+Priest,Warrior+Paladin,Mage+Priest,1,team2,kill,50.57
Warrior+Paladin_vs_Mage+Priest,Warrior+Paladin,Mage+Priest,2,team2,kill,55.20
Warrior+Paladin_vs_Mage+Priest,Warrior+Paladin,Mage+Priest,3,team2,kill,64.83
Warrior+Paladin_vs_Mage+Priest,Warrior+Paladin,Mage+Priest,4,team2,kill,66.97
Warrior+Paladin_vs_Mage+Warlock,Warrior+Paladin,Mage+Warlock,0,team1,kill,30.95
Warrior+Paladin_vs_Mage+Warlock,Warrior+Paladin,Mage+Warlock,1,team1,kill,74.23
Warrior+Paladin_vs_Mage+Warlock,Warrior+Paladin,Mage+Warlock,2,team1,kill,36.65
Warrior+Paladin_vs_Mage+Warlock,Warrior+Paladin,Mage+Warlock,3,team1,kill,36.97
Warrior+Paladin_vs_Mage+Warlock,Warrior+Paladin,Mage+Warlock,4,team1,kill,27.15
Warrior+Paladin_vs_Mage+Paladin,Warrior+Paladin,Mage+Paladin,0,team1,kill,75.25
Warrior+Paladin_vs_Mage+Paladin,Warrior+Paladin,Mage+Paladin,1,team2,kill,94.76
Warrior+Paladin_vs_Mage+Paladin,Warrior+Paladin,Mage+Paladin,2,team1,kill,96.91
Warrior+Paladin_vs_Mage+Paladin,Warrior+Paladin,Mage+Paladin,3,team2,kill,74.17
Warrior+Paladin_vs_Mage+Paladin,Warrior+Paladin,Mage+Paladin,4,team1,kill,77.15
Warrior+Paladin_vs_Mage+Hunter,Warrior+Paladin,Mage+Hunter,0,team1,kill,79.05
Warrior+Paladin_vs_Mage+Hunter,Warrior+Paladin,Mage+Hunter,1,team1,kill,78.97
Warrior+Paladin_vs_Mage+Hunter,Warrior+Paladin,Mage+Hunter,2,team1,kill,79.80
Warrior+Paladin_vs_Mage+Hunter,Warrior+Paladin,Mage+Hunter,3,team1,kill,87.59
Warrior+Paladin_vs_Mage+Hunter,Warrior+Paladin,Mage+Hunter,4,team1,kill,45.45
Warrior+Paladin_vs_Mage+Shaman,Warrior+Paladin,Mage+Shaman,0,team2,kill,29.15
Warrior+Paladin_vs_Mage+Shaman,Warrior+Paladin,Mage+Shaman,1,team2,kill,28.85
Warrior+Paladin_vs_Mage+Shaman,Warrior+Paladin,Mage+Shaman,2,team2,kill,31.17
Warrior+Paladin_vs_Mage+Shaman,Warrior+Paladin,Mage+Shaman,3,team2,kill,31.65
Warrior+Paladin_vs_Mage+Shaman,Warrior+Paladin,Mage+Shaman,4,team2,kill,31.57
Warrior+Paladin_vs_Rogue+Priest,Warrior+Paladin,Rogue+Priest,0,team2,kill,68.68
Warrior+Paladin_vs_Rogue+Priest,Warrior+Paladin,Rogue+Priest,1,team2,kill,60.85
Warrior+Paladin_vs_Rogue+Priest,Warrior+Paladin,Rogue+Priest,2,team2,kill,63.12
Warrior+Paladin_vs_Rogue+Priest,Warrior+Paladin,Rogue+Priest,3,team2,kill,71.32
Warrior+Paladin_vs_Rogue+Priest,Warrior+Paladin,Rogue+Priest,4,team2,kill,70.63
Warrior+Paladin_vs_Rogue+Warlock,Warrior+Paladin,Rogue+Warlock,0,team1,kill,29.63
Warrior+Paladin_vs_Rogue+Warlock,Warrior+Paladin,Rogue+Warlock,1,team1,kill,29.95
Warrior+Paladin_vs_Rogue+Warlock,Warrior+Paladin,Rogue+Warlock,2,team1,kill,33.37
Warrior+Paladin_vs_Rogue+Warlock,Warrior+Paladin,Rogue+Warlock,3,team1,kill,32.60
Warrior+Paladin_vs_Rogue+Warlock,Warrior+Paladin,Rogue+Warlock,4,team1,kill,26.72
Warrior+Paladin_vs_Rogue+Paladin,Warrior+Paladin,Rogue+Paladin,0,team1,kill,71.53
Warrior+Paladin_vs_Rogue+Paladin,Warrior+Paladin,Rogue+Paladin,1,team1,kill,72.90
Warrior+Paladin_vs_Rogue+Paladin,Warrior+Paladin,Rogue+Paladin,2,team1,kill,66.20
Warrior+Paladin_vs_Rogue+Paladin,Warrior+Paladin,Rogue+Paladin,3,team1,kill,64.27
Warrior+Paladin_vs_Rogue+Paladin,Warrior+Paladin,Rogue+Paladin,4,team1,kill,55.40
Warrior+Paladin_vs_Rogue+Hunter,Warrior+Paladin,Rogue+Hunter,0,team1,kill,43.58
Warrior+Paladin_vs_Rogue+Hunter,Warrior+Paladin,Rogue+Hunter,1,team1,kill,55.25
Warrior+Paladin_vs_Rogue+Hunter,Warrior+Paladin,Rogue+Hunter,2,team1,kill,61.82
Warrior+Paladin_vs_Rogue+Hunter,Warrior+Paladin,Rogue+Hunter,3,team1,kill,42.85
Warrior+Paladin_vs_Rogue+Hunter,Warrior+Paladin,Rogue+Hunter,4,team1,kill,42.43
Warrior+Paladin_vs_Rogue+Shaman,Warrior+Paladin,Rogue+Shaman,0,team1,kill,39.48
Warrior+Paladin_vs_Rogue+Shaman,Warrior+Paladin,Rogue+Shaman,1,team1,kill,43.57
Warrior+Paladin_vs_Rogue+Shaman,Warrior+Paladin,Rogue+Shaman,2,team1,kill,44.63
Warrior+Paladin_vs_Rogue+Shaman,Warrior+Paladin,Rogue+Shaman,3,team1,kill,44.63
Warrior+Paladin_vs_Rogue+Shaman,Warrior+Paladin,Rogue+Shaman,4,team1,kill,43.53
Warrior+Paladin_vs_Priest+Warlock,Warrior+Paladin,Priest+Warlock,0,team1,kill,40.27
Warrior+Paladin_vs_Priest+Warlock,Warrior+Paladin,Priest+Warlock,1,team1,kill,41.98
Warrior+Paladin_vs_Priest+Warlock,Warrior+Paladin,Priest+Warlock,2,team1,kill,41.17
Warrior+Paladin_vs_Priest+Warlock,Warrior+Paladin,Priest+Warlock,3,team1,kill,41.23
Warrior+Paladin_vs_Priest+Warlock,Warrior+Paladin,Priest+Warlock,4,team1,kill,41.33
Warrior+Paladin_vs_Priest+Hunter,Warrior+Paladin,Priest+Hunter,0,team2,kill,79.54
Warrior+Paladin_vs_Priest+Hunter,Warrior+Paladin,Priest+Hunter,1,team1,kill,81.89
Warrior+Paladin_vs_Priest+Hunter,Warrior+Paladin,Priest+Hunter,2,team1,kill,59.93
Warrior+Paladin_vs_Priest+Hunter,Warrior+Paladin,Priest+Hunter,3,team1,kill,115.96
Warrior+Paladin_vs_Priest+Hunter,Warrior+Paladin,Priest+Hunter,4,team1,kill,107.46
Warrior+Paladin_vs_Warlock+Paladin,Warrior+Paladin,Warlock+Paladin,0,team1,kill,57.28
Warrior+Paladin_vs_Warlock+Paladin,Warrior+Paladin,Warlock+Paladin,1,team1,kill,63.85
Warrior+Paladin_vs_Warlock+Paladin,Warrior+Paladin,Warlock+Paladin,2,team2,kill,90.30
Warrior+Paladin_vs_Warlock+Paladin,Warrior+Paladin,Warlock+Paladin,3,team2,kill,131.71
Warrior+Paladin_vs_Warlock+Paladin,Warrior+Paladin,Warlock+Paladin,4,team1,kill,61.30
Warrior+Paladin_vs_Warlock+Hunter,Warrior+Paladin,Warlock+Hunter,0,team1,kill,41.42
Warrior+Paladin_vs_Warlock+Hunter,Warrior+Paladin,Warlock+Hunter,1,team1,kill,42.53
Warrior+Paladin_vs_Warlock+Hunter,Warrior+Paladin,Warlock+Hunter,2,team1,kill,51.45
Warrior+Paladin_vs_Warlock+Hunter,Warrior+Paladin,Warlock+Hunter,3,team1,kill,40.42
Warrior+Paladin_vs_Warlock+Hunter,Warrior+Paladin,Warlock+Hunter,4,team1,kill,38.43
Warrior+Paladin_vs_Warlock+Shaman,Warrior+Paladin,Warlock+Shaman,0,team2,kill,51.70
Warrior+Paladin_vs_Warlock+Shaman,Warrior+Paladin,Warlock+Shaman,1,team2,kill,46.53
Warrior+Paladin_vs_Warlock+Shaman,Warrior+Paladin,Warlock+Shaman,2,team2,kill,54.08
Warrior+Paladin_vs_Warlock+Shaman,Warrior+Paladin,Warlock+Shaman,3,team2,kill,47.25
Warrior+Paladin_vs_Warlock+Shaman,Warrior+Paladin,Warlock+Shaman,4,team2,kill,44.37
Warrior+Paladin_vs_Paladin+Hunter,Warrior+Paladin,Paladin+Hunter,0,team1,kill,86.85
Warrior+Paladin_vs_Paladin+Hunter,Warrior+Paladin,Paladin+Hunter,1,team1,kill,78.72
Warrior+Paladin_vs_Paladin+Hunter,Warrior+Paladin,Paladin+Hunter,2,team2,kill,95.51
Warrior+Paladin_vs_Paladin+Hunter,Warrior+Paladin,Paladin+Hunter,3,team1,kill,88.07
Warrior+Paladin_vs_Paladin+Hunter,Warrior+Paladin,Paladin+Hunter,4,team1,kill,75.10
Warrior+Paladin_vs_Hunter+Shaman,Warrior+Paladin,Hunter+Shaman,0,team2,kill,79.10
Warrior+Paladin_vs_Hunter+Shaman,Warrior+Paladin,Hunter+Shaman,1,team2,kill,89.69
Warrior+Paladin_vs_Hunter+Shaman,Warrior+Paladin,Hunter+Shaman,2,team2,kill,88.59
Warrior+Paladin_vs_Hunter+Shaman,Warrior+Paladin,Hunter+Shaman,3,team2,kill,59.98
Warrior+Paladin_vs_Hunter+Shaman,Warrior+Paladin,Hunter+Shaman,4,team2,kill,81.64
Warrior+Hunter_vs_Warrior+Mage,Warrior+Hunter,Warrior+Mage,0,team2,kill,15.10
Warrior+Hunter_vs_Warrior+Mage,Warrior+Hunter,Warrior+Mage,1,team2,kill,13.98
Warrior+Hunter_vs_Warrior+Mage,Warrior+Hunter,Warrior+Mage,2,team2,kill,15.72
Warrior+Hunter_vs_Warrior+Mage,Warrior+Hunter,Warrior+Mage,3,team2,kill,15.50
Warrior+Hunter_vs_Warrior+Mage,Warrior+Hunter,Warrior+Mage,4,team2,kill,13.60
Warrior+Hunter_vs_Warrior+Rogue,Warrior+Hunter,Warrior+Rogue,0,team1,kill,24.83
Warrior+Hunter_vs_Warrior+Rogue,Warrior+Hunter,Warrior+Rogue,1,team1,kill,24.40
Warrior+Hunter_vs_Warrior+Rogue,Warrior+Hunter,Warrior+Rogue,2,team1,kill,22.60
Warrior+Hunter_vs_Warrior+Rogue,Warrior+Hunter,Warrior+Rogue,3,team1,kill,20.78
Warrior+Hunter_vs_Warrior+Rogue,Warrior+Hunter,Warrior+Rogue,4,team1,kill,24.40
Warrior+Hunter_vs_Warrior+Priest,Warrior+Hunter,Warrior+Priest,0,team2,kill,39.95
Warrior+Hunter_vs_Warrior+Priest,Warrior+Hunter,Warrior+Priest,1,team2,kill,42.18
Warrior+Hunter_vs_Warrior+Priest,Warrior+Hunter,Warrior+Priest,2,team2,kill,42.53
Warrior+Hunter_vs_Warrior+Priest,Warrior+Hunter,Warrior+Priest,3,team2,kill,32.48
Warrior+Hunter_vs_Warrior+Priest,Warrior+Hunter,Warrior+Priest,4,team2,kill,36.45
Warrior+Hunter_vs_Warrior+Warlock,Warrior+Hunter,Warrior+Warlock,0,team1,kill,26.68
Warrior+Hunter_vs_Warrior+Warlock,Warrior+Hunter,Warrior+Warlock,1,team1,kill,26.42
Warrior+Hunter_vs_Warrior+Warlock,Warrior+Hunter,Warrior+Warlock,2,team2,kill,22.27
Warrior+Hunter_vs_Warrior+Warlock,Warrior+Hunter,Warrior+Warlock,3,team2,kill,17.92
Warrior+Hunter_vs_Warrior+Warlock,Warrior+Hunter,Warrior+Warlock,4,team2,kill,24.45
Warrior+Hunter_vs_Warrior+Paladin,Warrior+Hunter,Warrior+Paladin,0,team2,kill,43.57
Warrior+Hunter_vs_Warrior+Paladin,Warrior+Hunter,Warrior+Paladin,1,team2,kill,42.05
Warrior+Hunter_vs_Warrior+Paladin,Warrior+Hunter,Warrior+Paladin,2,team2,kill,31.50
Warrior+Hunter_vs_Warrior+Paladin,Warrior+Hunter,Warrior+Paladin,3,team2,kill,42.05
Warrior+Hunter_vs_Warrior+Paladin,Warrior+Hunter,Warrior+Paladin,4,team2,kill,42.05
Warrior+Hunter_vs_Warrior+Shaman,Warrior+Hunter,Warrior+Shaman,0,team2,kill,37.57
Warrior+Hunter_vs_Warrior+Shaman,Warrior+Hunter,Warrior+Shaman,1,team2,kill,36.28
Warrior+Hunter_vs_Warrior+Shaman,Warrior+Hunter,Warrior+Shaman,2,team2,kill,41.62
Warrior+Hunter_vs_Warrior+Shaman,Warrior+Hunter,Warrior+Shaman,3,team2,kill,35.35
Warrior+Hunter_vs_Warrior+Shaman,Warrior+Hunter,Warrior+Shaman,4,team2,kill,62.55
Warrior+Hunter_vs_Mage+Rogue,Warrior+Hunter,Mage+Rogue,0,team1,kill,27.98
Warrior+Hunter_vs_Mage+Rogue,Warrior+Hunter,Mage+Rogue,1,team1,kill,29.55
Warrior+Hunter_vs_Mage+Rogue,Warrior+Hunter,Mage+Rogue,2,team1,kill,29.57
Warrior+Hunter_vs_Mage+Rogue,Warrior+Hunter,Mage+Rogue,3,team1,kill,34.62
Warrior+Hunter_vs_Mage+Rogue,Warrior+Hunter,Mage+Rogue,4,team1,kill,30.15
Warrior+Hunter_vs_Mage+Priest,Warrior+Hunter,Mage+Priest,0,team2,kill,26.88
Warrior+Hunter_vs_Mage+Priest,Warrior+Hunter,Mage+Priest,1,team2,kill,28.37
Warrior+Hunter_vs_Mage+Priest,Warrior+Hunter,Mage+Priest,2,team2,kill,28.43
Warrior+Hunter_vs_Mage+Priest,Warrior+Hunter,Mage+Priest,3,team2,kill,28.33
Warrior+Hunter_vs_Mage+Priest,Warrior+Hunter,Mage+Priest,4,team2,kill,28.03
Warrior+Hunter_vs_Mage+Warlock,Warrior+Hunter,Mage+Warlock,0,team2,kill,19.78
Warrior+Hunter_vs_Mage+Warlock,Warrior+Hunter,Mage+Warlock,1,team2,kill,21.23
Warrior+Hunter_vs_Mage+Warlock,Warrior+Hunter,Mage+Warlock,2,team2,kill,19.37
Warrior+Hunter_vs_Mage+Warlock,Warrior+Hunter,Mage+Warlock,3,team2,kill,19.75
Warrior+Hunter_vs_Mage+Warlock,Warrior+Hunter,Mage+Warlock,4,team1,kill,19.75
Warrior+Hunter_vs_Mage+Paladin,Warrior+Hunter,Mage+Paladin,0,team2,kill,28.65
Warrior+Hunter_vs_Mage+Paladin,Warrior+Hunter,Mage+Paladin,1,team2,kill,30.27
Warrior+Hunter_vs_Mage+Paladin,Warrior+Hunter,Mage+Paladin,2,team2,kill,32.60
Warrior+Hunter_vs_Mage+Paladin,Warrior+Hunter,Mage+Paladin,3,team2,kill,30.20
Warrior+Hunter_vs_Mage+Paladin,Warrior+Hunter,Mage+Paladin,4,team2,kill,32.75
Warrior+Hunter_vs_Mage+Hunter,Warrior+Hunter,Mage+Hunter,0,team1,kill,19.55
Warrior+Hunter_vs_Mage+Hunter,Warrior+Hunter,Mage+Hunter,1,team1,kill,19.77
Warrior+Hunter_vs_Mage+Hunter,Warrior+Hunter,Mage+Hunter,2,team2,kill,17.25
Warrior+Hunter_vs_Mage+Hunter,Warrior+Hunter,Mage+Hunter,3,team2,kill,17.58
Warrior+Hunter_vs_Mage+Hunter,Warrior+Hunter,Mage+Hunter,4,team2,kill,17.58
Warrior+Hunter_vs_Mage+Shaman,Warrior+Hunter,Mage+Shaman,0,team2,kill,16.52
Warrior+Hunter_vs_Mage+Shaman,Warrior+Hunter,Mage+Shaman,1,team2,kill,14.57
Warrior+Hunter_vs_Mage+Shaman,Warrior+Hunter,Mage+Shaman,2,team2,kill,13.53
Warrior+Hunter_vs_Mage+Shaman,Warrior+Hunter,Mage+Shaman,3,team2,kill,16.05
Warrior+Hunter_vs_Mage+Shaman,Warrior+Hunter,Mage+Shaman,4,team2,kill,16.52
Warrior+Hunter_vs_Rogue+Priest,Warrior+Hunter,Rogue+Priest,0,team1,kill,16.17
Warrior+Hunter_vs_Rogue+Priest,Warrior+Hunter,Rogue+Priest,1,team1,kill,15.55
Warrior+Hunter_vs_Rogue+Priest,Warrior+Hunter,Rogue+Priest,2,team1,kill,15.55
Warrior+Hunter_vs_Rogue+Priest,Warrior+Hunter,Rogue+Priest,3,team1,kill,17.92
Warrior+Hunter_vs_Rogue+Priest,Warrior+Hunter,Rogue+Priest,4,team1,kill,16.02
Warrior+Hunter_vs_Rogue+Warlock,Warrior+Hunter,Rogue+Warlock,0,team2,kill,25.35
Warrior+Hunter_vs_Rogue+Warlock,Warrior+Hunter,Rogue+Warlock,1,team1,kill,24.22
Warrior+Hunter_vs_Rogue+Warlock,Warrior+Hunter,Rogue+Warlock,2,team2,kill,25.62
Warrior+Hunter_vs_Rogue+Warlock,Warrior+Hunter,Rogue+Warlock,3,team2,kill,25.65
Warrior+Hunter_vs_Rogue+Warlock,Warrior+Hunter,Rogue+Warlock,4,team1,kill,21.80
Warrior+Hunter_vs_Rogue+Paladin,Warrior+Hunter,Rogue+Paladin,0,team2,kill,43.50
Warrior+Hunter_vs_Rogue+Paladin,Warrior+Hunter,Rogue+Paladin,1,team2,kill,59.58
Warrior+Hunter_vs_Rogue+Paladin,Warrior+Hunter,Rogue+Paladin,2,team2,kill,57.25
Warrior+Hunter_vs_Rogue+Paladin,Warrior+Hunter,Rogue+Paladin,3,team2,kill,42.93
Warrior+Hunter_vs_Rogue+Paladin,Warrior+Hunter,Rogue+Paladin,4,team2,kill,60.30
Warrior+Hunter_vs_Rogue+Hunter,Warrior+Hunter,Rogue+Hunter,0,team1,kill,22.92
Warrior+Hunter_vs_Rogue+Hunter,Warrior+Hunter,Rogue+Hunter,1,team1,kill,22.92
Warrior+Hunter_vs_Rogue+Hunter,Warrior+Hunter,Rogue+Hunter,2,team1,kill,22.92
Warrior+Hunter_vs_Rogue+Hunter,Warrior+Hunter,Rogue+Hunter,3,team1,kill,23.05
Warrior+Hunter_vs_Rogue+Hunter,Warrior+Hunter,Rogue+Hunter,4,team1,kill,23.05
Warrior+Hunter_vs_Rogue+Shaman,Warrior+Hunter,Rogue+Shaman,0,team1,kill,34.77
Warrior+Hunter_vs_Rogue+Shaman,Warrior+Hunter,Rogue+Shaman,1,team1,kill,31.92
Warrior+Hunter_vs_Rogue+Shaman,Warrior+Hunter,Rogue+Shaman,2,team1,kill,34.33
Warrior+Hunter_vs_Rogue+Shaman,Warrior+Hunter,Rogue+Shaman,3,team1,kill,41.55
Warrior+Hunter_vs_Rogue+Shaman,Warrior+Hunter,Rogue+Shaman,4,team1,kill,28.53
Warrior+Hunter_vs_Priest+Warlock,Warrior+Hunter,Priest+Warlock,0,team2,kill,24.78
Warrior+Hunter_vs_Priest+Warlock,Warrior+Hunter,Priest+Warlock,1,team1,kill,21.30
Warrior+Hunter_vs_Priest+Warlock,Warrior+Hunter,Priest+Warlock,2,team1,kill,25.18
Warrior+Hunter_vs_Priest+Warlock,Warrior+Hunter,Priest+Warlock,3,team1,kill,26.23
Warrior+Hunter_vs_Priest+Warlock,Warrior+Hunter,Priest+Warlock,4,team2,kill,32.43
Warrior+Hunter_vs_Priest+Hunter,Warrior+Hunter,Priest+Hunter,0,team2,kill,27.37
Warrior+Hunter_vs_Priest+Hunter,Warrior+Hunter,Priest+Hunter,1,team2,kill,27.95
Warrior+Hunter_vs_Priest+Hunter,Warrior+Hunter,Priest+Hunter,2,team1,kill,18.53
Warrior+Hunter_vs_Priest+Hunter,Warrior+Hunter,Priest+Hunter,3,team2,kill,27.37
Warrior+Hunter_vs_Priest+Hunter,Warrior+Hunter,Priest+Hunter,4,team2,kill,27.95
Warrior+Hunter_vs_Warlock+Paladin,Warrior+Hunter,Warlock+Paladin,0,team2,kill,39.25
Warrior+Hunter_vs_Warlock+Paladin,Warrior+Hunter,Warlock+Paladin,1,team2,kill,29.47
Warrior+Hunter_vs_Warlock+Paladin,Warrior+Hunter,Warlock+Paladin,2,team2,kill,34.42
Warrior+Hunter_vs_Warlock+Paladin,Warrior+Hunter,Warlock+Paladin,3,team2,kill,34.73
Warrior+Hunter_vs_Warlock+Paladin,Warrior+Hunter,Warlock+Paladin,4,team2,kill,41.72
Warrior+Hunter_vs_Warlock+Hunter,Warrior+Hunter,Warlock+Hunter,0,team2,kill,18.23
Warrior+Hunter_vs_Warlock+Hunter,Warrior+Hunter,Warlock+Hunter,1,team2,kill,21.03
Warrior+Hunter_vs_Warlock+Hunter,Warrior+Hunter,Warlock+Hunter,2,team2,kill,22.85
Warrior+Hunter_vs_Warlock+Hunter,Warrior+Hunter,Warlock+Hunter,3,team1,kill,20.30
Warrior+Hunter_vs_Warlock+Hunter,Warrior+Hunter,Warlock+Hunter,4,team2,kill,20.52
Warrior+Hunter_vs_Warlock+Shaman,Warrior+Hunter,Warlock+Shaman,0,team2,kill,14.23
Warrior+Hunter_vs_Warlock+Shaman,Warrior+Hunter,Warlock+Shaman,1,team2,kill,18.60
Warrior+Hunter_vs_Warlock+Shaman,Warrior+Hunter,Warlock+Shaman,2,team2,kill,18.60
Warrior+Hunter_vs_Warlock+Shaman,Warrior+Hunter,Warlock+Shaman,3,team2,kill,18.42
Warrior+Hunter_vs_Warlock+Shaman,Warrior+Hunter,Warlock+Shaman,4,team2,kill,15.20
Warrior+Hunter_vs_Paladin+Hunter,Warrior+Hunter,Paladin+Hunter,0,team2,kill,48.72
Warrior+Hunter_vs_Paladin+Hunter,Warrior+Hunter,Paladin+Hunter,1,team2,kill,60.53
Warrior+Hunter_vs_Paladin+Hunter,Warrior+Hunter,Paladin+Hunter,2,team2,kill,68.42
Warrior+Hunter_vs_Paladin+Hunter,Warrior+Hunter,Paladin+Hunter,3,team2,kill,46.20
Warrior+Hunter_vs_Paladin+Hunter,Warrior+Hunter,Paladin+Hunter,4,team2,kill,34.62
Warrior+Hunter_vs_Hunter+Shaman,Warrior+Hunter,Hunter+Shaman,0,team2,kill,17.32
Warrior+Hunter_vs_Hunter+Shaman,Warrior+Hunter,Hunter+Shaman,1,team2,kill,17.02
Warrior+Hunter_vs_Hunter+Shaman,Warrior+Hunter,Hunter+Shaman,2,team2,kill,17.02
Warrior+Hunter_vs_Hunter+Shaman,Warrior+Hunter,Hunter+Shaman,3,team2,kill,17.58
Warrior+Hunter_vs_Hunter+Shaman,Warrior+Hunter,Hunter+Shaman,4,team2,kill,14.97
Warrior+Shaman_vs_Warrior+Mage,Warrior+Shaman,Warrior+Mage,0,team2,kill,16.05
Warrior+Shaman_vs_Warrior+Mage,Warrior+Shaman,Warrior+Mage,1,team2,kill,18.82
Warrior+Shaman_vs_Warrior+Mage,Warrior+Shaman,Warrior+Mage,2,team2,kill,15.77
Warrior+Shaman_vs_Warrior+Mage,Warrior+Shaman,Warrior+Mage,3,team2,kill,18.78
Warrior+Shaman_vs_Warrior+Mage,Warrior+Shaman,Warrior+Mage,4,team2,kill,15.68
Warrior+Shaman_vs_Warrior+Rogue,Warrior+Shaman,Warrior+Rogue,0,team1,kill,20.32
Warrior+Shaman_vs_Warrior+Rogue,Warrior+Shaman,Warrior+Rogue,1,team2,kill,18.75
Warrior+Shaman_vs_Warrior+Rogue,Warrior+Shaman,Warrior+Rogue,2,team2,kill,18.23
Warrior+Shaman_vs_Warrior+Rogue,Warrior+Shaman,Warrior+Rogue,3,team2,kill,21.42
Warrior+Shaman_vs_Warrior+Rogue,Warrior+Shaman,Warrior+Rogue,4,team2,kill,20.23
Warrior+Shaman_vs_Warrior+Priest,Warrior+Shaman,Warrior+Priest,0,team1,kill,38.50
Warrior+Shaman_vs_Warrior+Priest,Warrior+Shaman,Warrior+Priest,1,team1,kill,40.40
Warrior+Shaman_vs_Warrior+Priest,Warrior+Shaman,Warrior+Priest,2,team1,kill,38.30
Warrior+Shaman_vs_Warrior+Priest,Warrior+Shaman,Warrior+Priest,3,team2,kill,45.07
Warrior+Shaman_vs_Warrior+Priest,Warrior+Shaman,Warrior+Priest,4,team1,kill,40.60
Warrior+Shaman_vs_Warrior+Warlock,Warrior+Shaman,Warrior+Warlock,0,team1,kill,26.50
Warrior+Shaman_vs_Warrior+Warlock,Warrior+Shaman,Warrior+Warlock,1,team1,kill,29.23
Warrior+Shaman_vs_Warrior+Warlock,Warrior+Shaman,Warrior+Warlock,2,team1,kill,27.03
Warrior+Shaman_vs_Warrior+Warlock,Warrior+Shaman,Warrior+Warlock,3,team1,kill,28.70
Warrior+Shaman_vs_Warrior+Warlock,Warrior+Shaman,Warrior+Warlock,4,team1,kill,27.38
Warrior+Shaman_vs_Warrior+Paladin,Warrior+Shaman,Warrior+Paladin,0,team1,kill,141.81
Warrior+Shaman_vs_Warrior+Paladin,Warrior+Shaman,Warrior+Paladin,1,team2,kill,37.32
Warrior+Shaman_vs_Warrior+Paladin,Warrior+Shaman,Warrior+Paladin,2,team1,kill,38.58
Warrior+Shaman_vs_Warrior+Paladin,Warrior+Shaman,Warrior+Paladin,3,team2,kill,37.80
Warrior+Shaman_vs_Warrior+Paladin,Warrior+Shaman,Warrior+Paladin,4,team2,kill,41.70
Warrior+Shaman_vs_Warrior+Hunter,Warrior+Shaman,Warrior+Hunter,0,team1,kill,30.10
Warrior+Shaman_vs_Warrior+Hunter,Warrior+Shaman,Warrior+Hunter,1,team1,kill,36.20
Warrior+Shaman_vs_Warrior+Hunter,Warrior+Shaman,Warrior+Hunter,2,team1,kill,36.05
Warrior+Shaman_vs_Warrior+Hunter,Warrior+Shaman,Warrior+Hunter,3,team1,kill,38.33
Warrior+Shaman_vs_Warrior+Hunter,Warrior+Shaman,Warrior+Hunter,4,team1,kill,36.20
Warrior+Shaman_vs_Mage+Rogue,Warrior+Shaman,Mage+Rogue,0,team2,kill,19.90
Warrior+Shaman_vs_Mage+Rogue,Warrior+Shaman,Mage+Rogue,1,team2,kill,19.90
Warrior+Shaman_vs_Mage+Rogue,Warrior+Shaman,Mage+Rogue,2,team2,kill,18.53
Warrior+Shaman_vs_Mage+Rogue,Warrior+Shaman,Mage+Rogue,3,team2,kill,19.90
Warrior+Shaman_vs_Mage+Rogue,Warrior+Shaman,Mage+Rogue,4,team2,kill,19.87
Warrior+Shaman_vs_Mage+Priest,Warrior+Shaman,Mage+Priest,0,team2,kill,36.92
Warrior+Shaman_vs_Mage+Priest,Warrior+Shaman,Mage+Priest,1,team2,kill,25.85
Warrior+Shaman_vs_Mage+Priest,Warrior+Shaman,Mage+Priest,2,team2,kill,38.62
Warrior+Shaman_vs_Mage+Priest,Warrior+Shaman,Mage+Priest,3,team2,kill,39.37
Warrior+Shaman_vs_Mage+Priest,Warrior+Shaman,Mage+Priest,4,team2,kill,33.17
Warrior+Shaman_vs_Mage+Warlock,Warrior+Shaman,Mage+Warlock,0,team2,kill,21.83
Warrior+Shaman_vs_Mage+Warlock,Warrior+Shaman,Mage+Warlock,1,team2,kill,32.37
Warrior+Shaman_vs_Mage+Warlock,Warrior+Shaman,Mage+Warlock,2,team2,kill,32.22
Warrior+Shaman_vs_Mage+Warlock,Warrior+Shaman,Mage+Warlock,3,team1,kill,33.15
Warrior+Shaman_vs_Mage+Warlock,Warrior+Shaman,Mage+Warlock,4,team2,kill,24.03
Warrior+Shaman_vs_Mage+Paladin,Warrior+Shaman,Mage+Paladin,0,team2,kill,40.53
Warrior+Shaman_vs_Mage+Paladin,Warrior+Shaman,Mage+Paladin,1,team2,kill,40.57
Warrior+Shaman_vs_Mage+Paladin,Warrior+Shaman,Mage+Paladin,2,team2,kill,40.48
Warrior+Shaman_vs_Mage+Paladin,Warrior+Shaman,Mage+Paladin,3,team2,kill,39.07
Warrior+Shaman_vs_Mage+Paladin,Warrior+Shaman,Mage+Paladin,4,team1,kill,133.03
Warrior+Shaman_vs_Mage+Hunter,Warrior+Shaman,Mage+Hunter,0,team2,kill,28.17
Warrior+Shaman_vs_Mage+Hunter,Warrior+Shaman,Mage+Hunter,1,team2,kill,34.03
Warrior+Shaman_vs_Mage+Hunter,Warrior+Shaman,Mage+Hunter,2,team2,kill,34.27
Warrior+Shaman_vs_Mage+Hunter,Warrior+Shaman,Mage+Hunter,3,team2,kill,34.58
Warrior+Shaman_vs_Mage+Hunter,Warrior+Shaman,Mage+Hunter,4,team2,kill,20.63
Warrior+Shaman_vs_Mage+Shaman,Warrior+Shaman,Mage+Shaman,0,team2,kill,16.22
Warrior+Shaman_vs_Mage+Shaman,Warrior+Shaman,Mage+Shaman,1,team2,kill,16.28
Warrior+Shaman_vs_Mage+Shaman,Warrior+Shaman,Mage+Shaman,2,team2,kill,15.28
Warrior+Shaman_vs_Mage+Shaman,Warrior+Shaman,Mage+Shaman,3,team2,kill,16.22
Warrior+Shaman_vs_Mage+Shaman,Warrior+Shaman,Mage+Shaman,4,team2,kill,17.68
Warrior+Shaman_vs_Rogue+Priest,Warrior+Shaman,Rogue+Priest,0,team2,kill,48.25
Warrior+Shaman_vs_Rogue+Priest,Warrior+Shaman,Rogue+Priest,1,team2,kill,48.37
Warrior+Shaman_vs_Rogue+Priest,Warrior+Shaman,Rogue+Priest,2,team2,kill,45.43
Warrior+Shaman_vs_Rogue+Priest,Warrior+Shaman,Rogue+Priest,3,team2,kill,54.05
Warrior+Shaman_vs_Rogue+Priest,Warrior+Shaman,Rogue+Priest,4,team2,kill,42.73
Warrior+Shaman_vs_Rogue+Warlock,Warrior+Shaman,Rogue+Warlock,0,team1,kill,27.15
Warrior+Shaman_vs_Rogue+Warlock,Warrior+Shaman,Rogue+Warlock,1,team1,kill,24.68
Warrior+Shaman_vs_Rogue+Warlock,Warrior+Shaman,Rogue+Warlock,2,team1,kill,24.52
Warrior+Shaman_vs_Rogue+Warlock,Warrior+Shaman,Rogue+Warlock,3,team1,kill,26.83
Warrior+Shaman_vs_Rogue+Warlock,Warrior+Shaman,Rogue+Warlock,4,team1,kill,26.05
Warrior+Shaman_vs_Rogue+Paladin,Warrior+Shaman,Rogue+Paladin,0,team2,kill,42.55
Warrior+Shaman_vs_Rogue+Paladin,Warrior+Shaman,Rogue+Paladin,1,team1,kill,53.52
Warrior+Shaman_vs_Rogue+Paladin,Warrior+Shaman,Rogue+Paladin,2,team2,kill,49.72
Warrior+Shaman_vs_Rogue+Paladin,Warrior+Shaman,Rogue+Paladin,3,team1,kill,66.17
Warrior+Shaman_vs_Rogue+Paladin,Warrior+Shaman,Rogue+Paladin,4,team2,kill,46.30
Warrior+Shaman_vs_Rogue+Hunter,Warrior+Shaman,Rogue+Hunter,0,team1,kill,30.47
Warrior+Shaman_vs_Rogue+Hunter,Warrior+Shaman,Rogue+Hunter,1,team1,kill,40.45
Warrior+Shaman_vs_Rogue+Hunter,Warrior+Shaman,Rogue+Hunter,2,team1,kill,39.87
Warrior+Shaman_vs_Rogue+Hunter,Warrior+Shaman,Rogue+Hunter,3,team2,kill,45.23
Warrior+Shaman_vs_Rogue+Hunter,Warrior+Shaman,Rogue+Hunter,4,team2,kill,34.88
Warrior+Shaman_vs_Rogue+Shaman,Warrior+Shaman,Rogue+Shaman,0,team2,kill,26.87
Warrior+Shaman_vs_Rogue+Shaman,Warrior+Shaman,Rogue+Shaman,1,team2,kill,28.18
Warrior+Shaman_vs_Rogue+Shaman,Warrior+Shaman,Rogue+Shaman,2,team2,kill,27.00
Warrior+Shaman_vs_Rogue+Shaman,Warrior+Shaman,Rogue+Shaman,3,team2,kill,19.58
Warrior+Shaman_vs_Rogue+Shaman,Warrior+Shaman,Rogue+Shaman,4,team2,kill,29.70
Warrior+Shaman_vs_Priest+Warlock,Warrior+Shaman,Priest+Warlock,0,team1,kill,45.20
Warrior+Shaman_vs_Priest+Warlock,Warrior+Shaman,Priest+Warlock,1,team1,kill,43.88
Warrior+Shaman_vs_Priest+Warlock,Warrior+Shaman,Priest+Warlock,2,team1,kill,45.08
Warrior+Shaman_vs_Priest+Warlock,Warrior+Shaman,Priest+Warlock,3,team2,kill,38.25
Warrior+Shaman_vs_Priest+Warlock,Warrior+Shaman,Priest+Warlock,4,team1,kill,44.37
Warrior+Shaman_vs_Priest+Hunter,Warrior+Shaman,Priest+Hunter,0,team1,kill,47.37
Warrior+Shaman_vs_Priest+Hunter,Warrior+Shaman,Priest+Hunter,1,team2,kill,39.33
Warrior+Shaman_vs_Priest+Hunter,Warrior+Shaman,Priest+Hunter,2,team2,kill,34.92
Warrior+Shaman_vs_Priest+Hunter,Warrior+Shaman,Priest+Hunter,3,team1,kill,47.47
Warrior+Shaman_vs_Priest+Hunter,Warrior+Shaman,Priest+Hunter,4,team1,kill,44.63
Warrior+Shaman_vs_Warlock+Paladin,Warrior+Shaman,Warlock+Paladin,0,team1,kill,69.78
Warrior+Shaman_vs_Warlock+Paladin,Warrior+Shaman,Warlock+Paladin,1,team1,kill,44.95
Warrior+Shaman_vs_Warlock+Paladin,Warrior+Shaman,Warlock+Paladin,2,team1,kill,58.55
Warrior+Shaman_vs_Warlock+Paladin,Warrior+Shaman,Warlock+Paladin,3,team1,kill,47.53
Warrior+Shaman_vs_Warlock+Paladin,Warrior+Shaman,Warlock+Paladin,4,team2,kill,57.32
Warrior+Shaman_vs_Warlock+Hunter,Warrior+Shaman,Warlock+Hunter,0,team1,kill,41.47
Warrior+Shaman_vs_Warlock+Hunter,Warrior+Shaman,Warlock+Hunter,1,team1,kill,34.25
Warrior+Shaman_vs_Warlock+Hunter,Warrior+Shaman,Warlock+Hunter,2,team1,kill,46.13
Warrior+Shaman_vs_Warlock+Hunter,Warrior+Shaman,Warlock+Hunter,3,team1,kill,38.62
Warrior+Shaman_vs_Warlock+Hunter,Warrior+Shaman,Warlock+Hunter,4,team1,kill,30.18
Warrior+Shaman_vs_Warlock+Shaman,Warrior+Shaman,Warlock+Shaman,0,team1,kill,33.10
Warrior+Shaman_vs_Warlock+Shaman,Warrior+Shaman,Warlock+Shaman,1,team2,kill,47.22
Warrior+Shaman_vs_Warlock+Shaman,Warrior+Shaman,Warlock+Shaman,2,team2,kill,59.63
Warrior+Shaman_vs_Warlock+Shaman,Warrior+Shaman,Warlock+Shaman,3,team2,kill,36.48
Warrior+Shaman_vs_Warlock+Shaman,Warrior+Shaman,Warlock+Shaman,4,team1,kill,43.27
Warrior+Shaman_vs_Paladin+Hunter,Warrior+Shaman,Paladin+Hunter,0,team1,kill,62.72
Warrior+Shaman_vs_Paladin+Hunter,Warrior+Shaman,Paladin+Hunter,1,team1,kill,62.02
Warrior+Shaman_vs_Paladin+Hunter,Warrior+Shaman,Paladin+Hunter,2,team1,kill,63.45
Warrior+Shaman_vs_Paladin+Hunter,Warrior+Shaman,Paladin+Hunter,3,team1,kill,64.47
Warrior+Shaman_vs_Paladin+Hunter,Warrior+Shaman,Paladin+Hunter,4,team1,kill,61.57
Warrior+Shaman_vs_Hunter+Shaman,Warrior+Shaman,Hunter+Shaman,0,team2,kill,50.65
Warrior+Shaman_vs_Hunter+Shaman,Warrior+Shaman,Hunter+Shaman,1,team2,kill,22.62
Warrior+Shaman_vs_Hunter+Shaman,Warrior+Shaman,Hunter+Shaman,2,team2,kill,45.12
Warrior+Shaman_vs_Hunter+Shaman,Warrior+Shaman,Hunter+Shaman,3,team2,kill,45.62
Warrior+Shaman_vs_Hunter+Shaman,Warrior+Shaman,Hunter+Shaman,4,team2,kill,15.97
Mage+Rogue_vs_Warrior+Mage,Mage+Rogue,Warrior+Mage,0,team2,kill,23.42
Mage+Rogue_vs_Warrior+Mage,Mage+Rogue,Warrior+Mage,1,team2,kill,23.42
Mage+Rogue_vs_Warrior+Mage,Mage+Rogue,Warrior+Mage,2,team2,kill,20.35
Mage+Rogue_vs_Warrior+Mage,Mage+Rogue,Warrior+Mage,3,team2,kill,23.42
Mage+Rogue_vs_Warrior+Mage,Mage+Rogue,Warrior+Mage,4,team1,kill,27.47
Mage+Rogue_vs_Warrior+Rogue,Mage+Rogue,Warrior+Rogue,0,team1,kill,18.67
Mage+Rogue_vs_Warrior+Rogue,Mage+Rogue,Warrior+Rogue,1,team1,kill,21.92
Mage+Rogue_vs_Warrior+Rogue,Mage+Rogue,Warrior+Rogue,2,team1,kill,20.50
Mage+Rogue_vs_Warrior+Rogue,Mage+Rogue,Warrior+Rogue,3,team1,kill,18.48
Mage+Rogue_vs_Warrior+Rogue,Mage+Rogue,Warrior+Rogue,4,team1,kill,19.15
Mage+Rogue_vs_Warrior+Priest,Mage+Rogue,Warrior+Priest,0,team1,kill,18.78
Mage+Rogue_vs_Warrior+Priest,Mage+Rogue,Warrior+Priest,1,team1,kill,18.12
Mage+Rogue_vs_Warrior+Priest,Mage+Rogue,Warrior+Priest,2,team1,kill,19.45
Mage+Rogue_vs_Warrior+Priest,Mage+Rogue,Warrior+Priest,3,team1,kill,19.65
Mage+Rogue_vs_Warrior+Priest,Mage+Rogue,Warrior+Priest,4,team1,kill,19.65
Mage+Rogue_vs_Warrior+Warlock,Mage+Rogue,Warrior+Warlock,0,team1,kill,17.93
Mage+Rogue_vs_Warrior+Warlock,Mage+Rogue,Warrior+Warlock,1,team1,kill,19.50
Mage+Rogue_vs_Warrior+Warlock,Mage+Rogue,Warrior+Warlock,2,team1,kill,15.67
Mage+Rogue_vs_Warrior+Warlock,Mage+Rogue,Warrior+Warlock,3,team1,kill,15.67
Mage+Rogue_vs_Warrior+Warlock,Mage+Rogue,Warrior+Warlock,4,team1,kill,15.80
Mage+Rogue_vs_Warrior+Paladin,Mage+Rogue,Warrior+Paladin,0,team1,kill,35.38
Mage+Rogue_vs_Warrior+Paladin,Mage+Rogue,Warrior+Paladin,1,team1,kill,29.72
Mage+Rogue_vs_Warrior+Paladin,Mage+Rogue,Warrior+Paladin,2,team1,kill,33.38
Mage+Rogue_vs_Warrior+Paladin,Mage+Rogue,Warrior+Paladin,3,team1,kill,41.32
Mage+Rogue_vs_Warrior+Paladin,Mage+Rogue,Warrior+Paladin,4,team1,kill,34.23
Mage+Rogue_vs_Warrior+Hunter,Mage+Rogue,Warrior+Hunter,0,team2,kill,27.98
Mage+Rogue_vs_Warrior+Hunter,Mage+Rogue,Warrior+Hunter,1,team2,kill,29.55
Mage+Rogue_vs_Warrior+Hunter,Mage+Rogue,Warrior+Hunter,2,team2,kill,29.57
Mage+Rogue_vs_Warrior+Hunter,Mage+Rogue,Warrior+Hunter,3,team2,kill,34.62
Mage+Rogue_vs_Warrior+Hunter,Mage+Rogue,Warrior+Hunter,4,team2,kill,30.15
Mage+Rogue_vs_Warrior+Shaman,Mage+Rogue,Warrior+Shaman,0,team1,kill,19.90
Mage+Rogue_vs_Warrior+Shaman,Mage+Rogue,Warrior+Shaman,1,team1,kill,19.90
Mage+Rogue_vs_Warrior+Shaman,Mage+Rogue,Warrior+Shaman,2,team1,kill,18.53
Mage+Rogue_vs_Warrior+Shaman,Mage+Rogue,Warrior+Shaman,3,team1,kill,19.90
Mage+Rogue_vs_Warrior+Shaman,Mage+Rogue,Warrior+Shaman,4,team1,kill,19.87
Mage+Rogue_vs_Mage+Priest,Mage+Rogue,Mage+Priest,0,team2,kill,15.73
Mage+Rogue_vs_Mage+Priest,Mage+Rogue,Mage+Priest,1,team2,kill,17.23
Mage+Rogue_vs_Mage+Priest,Mage+Rogue,Mage+Priest,2,team2,kill,15.73
Mage+Rogue_vs_Mage+Priest,Mage+Rogue,Mage+Priest,3,team2,kill,17.23
Mage+Rogue_vs_Mage+Priest,Mage+Rogue,Mage+Priest,4,team2,kill,17.22
Mage+Rogue_vs_Mage+Warlock,Mage+Rogue,Mage+Warlock,0,team2,kill,17.22
Mage+Rogue_vs_Mage+Warlock,Mage+Rogue,Mage+Warlock,1,team2,kill,17.13
Mage+Rogue_vs_Mage+Warlock,Mage+Rogue,Mage+Warlock,2,team2,kill,17.33
Mage+Rogue_vs_Mage+Warlock,Mage+Rogue,Mage+Warlock,3,team2,kill,17.18
Mage+Rogue_vs_Mage+Warlock,Mage+Rogue,Mage+Warlock,4,team2,kill,16.40
Mage+Rogue_vs_Mage+Paladin,Mage+Rogue,Mage+Paladin,0,team1,kill,79.64
Mage+Rogue_vs_Mage+Paladin,Mage+Rogue,Mage+Paladin,1,team2,kill,22.68
Mage+Rogue_vs_Mage+Paladin,Mage+Rogue,Mage+Paladin,2,team2,kill,26.12
Mage+Rogue_vs_Mage+Paladin,Mage+Rogue,Mage+Paladin,3,team2,kill,26.12
Mage+Rogue_vs_Mage+Paladin,Mage+Rogue,Mage+Paladin,4,team1,kill,28.48
Mage+Rogue_vs_Mage+Hunter,Mage+Rogue,Mage+Hunter,0,team2,kill,17.05
Mage+Rogue_vs_Mage+Hunter,Mage+Rogue,Mage+Hunter,1,team2,kill,17.87
Mage+Rogue_vs_Mage+Hunter,Mage+Rogue,Mage+Hunter,2,team2,kill,22.40
Mage+Rogue_vs_Mage+Hunter,Mage+Rogue,Mage+Hunter,3,team2,kill,17.87
Mage+Rogue_vs_Mage+Hunter,Mage+Rogue,Mage+Hunter,4,team2,kill,16.42
Mage+Rogue_vs_Mage+Shaman,Mage+Rogue,Mage+Shaman,0,team2,kill,15.78
Mage+Rogue_vs_Mage+Shaman,Mage+Rogue,Mage+Shaman,1,team2,kill,15.78
Mage+Rogue_vs_Mage+Shaman,Mage+Rogue,Mage+Shaman,2,team2,kill,15.78
Mage+Rogue_vs_Mage+Shaman,Mage+Rogue,Mage+Shaman,3,team2,kill,14.28
Mage+Rogue_vs_Mage+Shaman,Mage+Rogue,Mage+Shaman,4,team2,kill,14.25
Mage+Rogue_vs_Rogue+Priest,Mage+Rogue,Rogue+Priest,0,team1,kill,21.98
Mage+Rogue_vs_Rogue+Priest,Mage+Rogue,Rogue+Priest,1,team1,kill,23.32
Mage+Rogue_vs_Rogue+Priest,Mage+Rogue,Rogue+Priest,2,team1,kill,22.65
Mage+Rogue_vs_Rogue+Priest,Mage+Rogue,Rogue+Priest,3,team1,kill,24.25
Mage+Rogue_vs_Rogue+Priest,Mage+Rogue,Rogue+Priest,4,team1,kill,22.73
Mage+Rogue_vs_Rogue+Warlock,Mage+Rogue,Rogue+Warlock,0,team1,kill,21.37
Mage+Rogue_vs_Rogue+Warlock,Mage+Rogue,Rogue+Warlock,1,team1,kill,22.25
Mage+Rogue_vs_Rogue+Warlock,Mage+Rogue,Rogue+Warlock,2,team1,kill,22.88
Mage+Rogue_vs_Rogue+Warlock,Mage+Rogue,Rogue+Warlock,3,team1,kill,23.57
Mage+Rogue_vs_Rogue+Warlock,Mage+Rogue,Rogue+Warlock,4,team2,kill,22.82
Mage+Rogue_vs_Rogue+Paladin,Mage+Rogue,Rogue+Paladin,0,team1,kill,30.72
Mage+Rogue_vs_Rogue+Paladin,Mage+Rogue,Rogue+Paladin,1,team2,kill,25.93
Mage+Rogue_vs_Rogue+Paladin,Mage+Rogue,Rogue+Paladin,2,team1,kill,37.82
Mage+Rogue_vs_Rogue+Paladin,Mage+Rogue,Rogue+Paladin,3,team2,kill,32.20
Mage+Rogue_vs_Rogue+Paladin,Mage+Rogue,Rogue+Paladin,4,team2,kill,31.20
Mage+Rogue_vs_Rogue+Hunter,Mage+Rogue,Rogue+Hunter,0,team2,kill,23.70
Mage+Rogue_vs_Rogue+Hunter,Mage+Rogue,Rogue+Hunter,1,team2,kill,26.73
Mage+Rogue_vs_Rogue+Hunter,Mage+Rogue,Rogue+Hunter,2,team2,kill,23.70
Mage+Rogue_vs_Rogue+Hunter,Mage+Rogue,Rogue+Hunter,3,team2,kill,26.40
Mage+Rogue_vs_Rogue+Hunter,Mage+Rogue,Rogue+Hunter,4,team2,kill,25.53
Mage+Rogue_vs_Rogue+Shaman,Mage+Rogue,Rogue+Shaman,0,team1,kill,23.80
Mage+Rogue_vs_Rogue+Shaman,Mage+Rogue,Rogue+Shaman,1,team1,kill,23.68
Mage+Rogue_vs_Rogue+Shaman,Mage+Rogue,Rogue+Shaman,2,team1,kill,23.92
Mage+Rogue_vs_Rogue+Shaman,Mage+Rogue,Rogue+Shaman,3,team2,kill,22.93
Mage+Rogue_vs_Rogue+Shaman,Mage+Rogue,Rogue+Shaman,4,team1,kill,21.32
Mage+Rogue_vs_Priest+Warlock,Mage+Rogue,Priest+Warlock,0,team2,kill,39.20
Mage+Rogue_vs_Priest+Warlock,Mage+Rogue,Priest+Warlock,1,team2,kill,38.08
Mage+Rogue_vs_Priest+Warlock,Mage+Rogue,Priest+Warlock,2,team1,kill,20.97
Mage+Rogue_vs_Priest+Warlock,Mage+Rogue,Priest+Warlock,3,team2,kill,37.72
Mage+Rogue_vs_Priest+Warlock,Mage+Rogue,Priest+Warlock,4,team1,kill,42.77
Mage+Rogue_vs_Priest+Hunter,Mage+Rogue,Priest+Hunter,0,team2,kill,44.62
Mage+Rogue_vs_Priest+Hunter,Mage+Rogue,Priest+Hunter,1,team2,kill,46.03
Mage+Rogue_vs_Priest+Hunter,Mage+Rogue,Priest+Hunter,2,team2,kill,55.28
Mage+Rogue_vs_Priest+Hunter,Mage+Rogue,Priest+Hunter,3,team2,kill,46.32
Mage+Rogue_vs_Priest+Hunter,Mage+Rogue,Priest+Hunter,4,team1,kill,47.48
Mage+Rogue_vs_Warlock+Paladin,Mage+Rogue,Warlock+Paladin,0,team1,kill,29.83
Mage+Rogue_vs_Warlock+Paladin,Mage+Rogue,Warlock+Paladin,1,team2,kill,26.83
Mage+Rogue_vs_Warlock+Paladin,Mage+Rogue,Warlock+Paladin,2,team2,kill,27.78
Mage+Rogue_vs_Warlock+Paladin,Mage+Rogue,Warlock+Paladin,3,team1,kill,30.07
Mage+Rogue_vs_Warlock+Paladin,Mage+Rogue,Warlock+Paladin,4,team1,kill,30.87
Mage+Rogue_vs_Warlock+Hunter,Mage+Rogue,Warlock+Hunter,0,team2,kill,23.85
Mage+Rogue_vs_Warlock+Hunter,Mage+Rogue,Warlock+Hunter,1,team1,kill,32.50
Mage+Rogue_vs_Warlock+Hunter,Mage+Rogue,Warlock+Hunter,2,team2,kill,25.50
Mage+Rogue_vs_Warlock+Hunter,Mage+Rogue,Warlock+Hunter,3,team2,kill,25.75
Mage+Rogue_vs_Warlock+Hunter,Mage+Rogue,Warlock+Hunter,4,team2,kill,29.38
Mage+Rogue_vs_Warlock+Shaman,Mage+Rogue,Warlock+Shaman,0,team1,kill,21.77
Mage+Rogue_vs_Warlock+Shaman,Mage+Rogue,Warlock+Shaman,1,team1,kill,21.70
Mage+Rogue_vs_Warlock+Shaman,Mage+Rogue,Warlock+Shaman,2,team1,kill,19.37
Mage+Rogue_vs_Warlock+Shaman,Mage+Rogue,Warlock+Shaman,3,team1,kill,19.80
Mage+Rogue_vs_Warlock+Shaman,Mage+Rogue,Warlock+Shaman,4,team1,kill,20.80
Mage+Rogue_vs_Paladin+Hunter,Mage+Rogue,Paladin+Hunter,0,team2,kill,53.70
Mage+Rogue_vs_Paladin+Hunter,Mage+Rogue,Paladin+Hunter,1,team2,kill,64.87
Mage+Rogue_vs_Paladin+Hunter,Mage+Rogue,Paladin+Hunter,2,team2,kill,50.65
Mage+Rogue_vs_Paladin+Hunter,Mage+Rogue,Paladin+Hunter,3,team2,kill,64.87
Mage+Rogue_vs_Paladin+Hunter,Mage+Rogue,Paladin+Hunter,4,team2,kill,52.42
Mage+Rogue_vs_Hunter+Shaman,Mage+Rogue,Hunter+Shaman,0,team1,kill,27.88
Mage+Rogue_vs_Hunter+Shaman,Mage+Rogue,Hunter+Shaman,1,team1,kill,28.72
Mage+Rogue_vs_Hunter+Shaman,Mage+Rogue,Hunter+Shaman,2,team1,kill,21.38
Mage+Rogue_vs_Hunter+Shaman,Mage+Rogue,Hunter+Shaman,3,team1,kill,21.38
Mage+Rogue_vs_Hunter+Shaman,Mage+Rogue,Hunter+Shaman,4,team1,kill,21.52
Mage+Priest_vs_Warrior+Mage,Mage+Priest,Warrior+Mage,0,team1,kill,20.67
Mage+Priest_vs_Warrior+Mage,Mage+Priest,Warrior+Mage,1,team1,kill,15.25
Mage+Priest_vs_Warrior+Mage,Mage+Priest,Warrior+Mage,2,team1,kill,21.03
Mage+Priest_vs_Warrior+Mage,Mage+Priest,Warrior+Mage,3,team1,kill,19.53
Mage+Priest_vs_Warrior+Mage,Mage+Priest,Warrior+Mage,4,team1,kill,21.03
Mage+Priest_vs_Warrior+Rogue,Mage+Priest,Warrior+Rogue,0,team2,kill,35.55
Mage+Priest_vs_Warrior+Rogue,Mage+Priest,Warrior+Rogue,1,team2,kill,28.42
Mage+Priest_vs_Warrior+Rogue,Mage+Priest,Warrior+Rogue,2,team2,kill,37.20
Mage+Priest_vs_Warrior+Rogue,Mage+Priest,Warrior+Rogue,3,team2,kill,26.75
Mage+Priest_vs_Warrior+Rogue,Mage+Priest,Warrior+Rogue,4,team1,kill,25.08
Mage+Priest_vs_Warrior+Priest,Mage+Priest,Warrior+Priest,0,team1,kill,33.42
Mage+Priest_vs_Warrior+Priest,Mage+Priest,Warrior+Priest,1,team1,kill,36.58
Mage+Priest_vs_Warrior+Priest,Mage+Priest,Warrior+Priest,2,team1,kill,34.40
Mage+Priest_vs_Warrior+Priest,Mage+Priest,Warrior+Priest,3,team1,kill,34.43
Mage+Priest_vs_Warrior+Priest,Mage+Priest,Warrior+Priest,4,team2,kill,46.52
Mage+Priest_vs_Warrior+Warlock,Mage+Priest,Warrior+Warlock,0,team1,kill,29.67
Mage+Priest_vs_Warrior+Warlock,Mage+Priest,Warrior+Warlock,1,team1,kill,29.78
Mage+Priest_vs_Warrior+Warlock,Mage+Priest,Warrior+Warlock,2,team1,kill,33.17
Mage+Priest_vs_Warrior+Warlock,Mage+Priest,Warrior+Warlock,3,team1,kill,28.45
Mage+Priest_vs_Warrior+Warlock,Mage+Priest,Warrior+Warlock,4,team1,kill,29.98
Mage+Priest_vs_Warrior+Paladin,Mage+Priest,Warrior+Paladin,0,team1,kill,44.75
Mage+Priest_vs_Warrior+Paladin,Mage+Priest,Warrior+Paladin,1,team1,kill,51.63
Mage+Priest_vs_Warrior+Paladin,Mage+Priest,Warrior+Paladin,2,team1,kill,56.53
Mage+Priest_vs_Warrior+Paladin,Mage+Priest,Warrior+Paladin,3,team1,kill,64.50
Mage+Priest_vs_Warrior+Paladin,Mage+Priest,Warrior+Paladin,4,team1,kill,55.42
Mage+Priest_vs_Warrior+Hunter,Mage+Priest,Warrior+Hunter,0,team1,kill,26.85
Mage+Priest_vs_Warrior+Hunter,Mage+Priest,Warrior+Hunter,1,team1,kill,28.43
Mage+Priest_vs_Warrior+Hunter,Mage+Priest,Warrior+Hunter,2,team1,kill,28.33
Mage+Priest_vs_Warrior+Hunter,Mage+Priest,Warrior+Hunter,3,team1,kill,28.52
Mage+Priest_vs_Warrior+Hunter,Mage+Priest,Warrior+Hunter,4,team1,kill,28.03
Mage+Priest_vs_Warrior+Shaman,Mage+Priest,Warrior+Shaman,0,team1,kill,36.92
Mage+Priest_vs_Warrior+Shaman,Mage+Priest,Warrior+Shaman,1,team1,kill,25.85
Mage+Priest_vs_Warrior+Shaman,Mage+Priest,Warrior+Shaman,2,team1,kill,38.62
Mage+Priest_vs_Warrior+Shaman,Mage+Priest,Warrior+Shaman,3,team1,kill,39.37
Mage+Priest_vs_Warrior+Shaman,Mage+Priest,Warrior+Shaman,4,team1,kill,33.17
Mage+Priest_vs_Mage+Rogue,Mage+Priest,Mage+Rogue,0,team1,kill,15.73
Mage+Priest_vs_Mage+Rogue,Mage+Priest,Mage+Rogue,1,team1,kill,17.25
Mage+Priest_vs_Mage+Rogue,Mage+Priest,Mage+Rogue,2,team1,kill,15.73
Mage+Priest_vs_Mage+Rogue,Mage+Priest,Mage+Rogue,3,team1,kill,17.25
Mage+Priest_vs_Mage+Rogue,Mage+Priest,Mage+Rogue,4,team1,kill,17.25
Mage+Priest_vs_Mage+Warlock,Mage+Priest,Mage+Warlock,0,team1,kill,23.90
Mage+Priest_vs_Mage+Warlock,Mage+Priest,Mage+Warlock,1,team1,kill,26.15
Mage+Priest_vs_Mage+Warlock,Mage+Priest,Mage+Warlock,2,team1,kill,23.90
Mage+Priest_vs_Mage+Warlock,Mage+Priest,Mage+Warlock,3,team1,kill,24.60
Mage+Priest_vs_Mage+Warlock,Mage+Priest,Mage+Warlock,4,team1,kill,29.68
Mage+Priest_vs_Mage+Paladin,Mage+Priest,Mage+Paladin,0,team1,kill,74.88
Mage+Priest_vs_Mage+Paladin,Mage+Priest,Mage+Paladin,1,team2,kill,57.93
Mage+Priest_vs_Mage+Paladin,Mage+Priest,Mage+Paladin,2,team2,kill,63.25
Mage+Priest_vs_Mage+Paladin,Mage+Priest,Mage+Paladin,3,team2,kill,79.09
Mage+Priest_vs_Mage+Paladin,Mage+Priest,Mage+Paladin,4,team2,kill,64.72
Mage+Priest_vs_Mage+Hunter,Mage+Priest,Mage+Hunter,0,team1,kill,22.32
Mage+Priest_vs_Mage+Hunter,Mage+Priest,Mage+Hunter,1,team1,kill,22.57
Mage+Priest_vs_Mage+Hunter,Mage+Priest,Mage+Hunter,2,team1,kill,22.32
Mage+Priest_vs_Mage+Hunter,Mage+Priest,Mage+Hunter,3,team1,kill,22.57
Mage+Priest_vs_Mage+Hunter,Mage+Priest,Mage+Hunter,4,team1,kill,21.83
Mage+Priest_vs_Mage+Shaman,Mage+Priest,Mage+Shaman,0,team1,kill,65.27
Mage+Priest_vs_Mage+Shaman,Mage+Priest,Mage+Shaman,1,team1,kill,27.75
Mage+Priest_vs_Mage+Shaman,Mage+Priest,Mage+Shaman,2,team1,kill,69.47
Mage+Priest_vs_Mage+Shaman,Mage+Priest,Mage+Shaman,3,team1,kill,39.47
Mage+Priest_vs_Mage+Shaman,Mage+Priest,Mage+Shaman,4,team1,kill,72.10
Mage+Priest_vs_Rogue+Priest,Mage+Priest,Rogue+Priest,0,team1,kill,43.55
Mage+Priest_vs_Rogue+Priest,Mage+Priest,Rogue+Priest,1,team1,kill,39.82
Mage+Priest_vs_Rogue+Priest,Mage+Priest,Rogue+Priest,2,team1,kill,53.75
Mage+Priest_vs_Rogue+Priest,Mage+Priest,Rogue+Priest,3,team2,kill,58.93
Mage+Priest_vs_Rogue+Priest,Mage+Priest,Rogue+Priest,4,team2,kill,53.20
Mage+Priest_vs_Rogue+Warlock,Mage+Priest,Rogue+Warlock,0,team1,kill,39.35
Mage+Priest_vs_Rogue+Warlock,Mage+Priest,Rogue+Warlock,1,team1,kill,32.32
Mage+Priest_vs_Rogue+Warlock,Mage+Priest,Rogue+Warlock,2,team1,kill,27.87
Mage+Priest_vs_Rogue+Warlock,Mage+Priest,Rogue+Warlock,3,team2,kill,39.90
Mage+Priest_vs_Rogue+Warlock,Mage+Priest,Rogue+Warlock,4,team1,kill,39.07
Mage+Priest_vs_Rogue+Paladin,Mage+Priest,Rogue+Paladin,0,team1,kill,151.49
Mage+Priest_vs_Rogue+Paladin,Mage+Priest,Rogue+Paladin,1,team2,kill,59.07
Mage+Priest_vs_Rogue+Paladin,Mage+Priest,Rogue+Paladin,2,team1,kill,58.88
Mage+Priest_vs_Rogue+Paladin,Mage+Priest,Rogue+Paladin,3,team1,kill,46.85
Mage+Priest_vs_Rogue+Paladin,Mage+Priest,Rogue+Paladin,4,team1,kill,54.70
Mage+Priest_vs_Rogue+Hunter,Mage+Priest,Rogue+Hunter,0,team1,kill,24.45
Mage+Priest_vs_Rogue+Hunter,Mage+Priest,Rogue+Hunter,1,team1,kill,24.45
Mage+Priest_vs_Rogue+Hunter,Mage+Priest,Rogue+Hunter,2,team1,kill,24.45
Mage+Priest_vs_Rogue+Hunter,Mage+Priest,Rogue+Hunter,3,team1,kill,24.45
Mage+Priest_vs_Rogue+Hunter,Mage+Priest,Rogue+Hunter,4,team1,kill,24.45
Mage+Priest_vs_Rogue+Shaman,Mage+Priest,Rogue+Shaman,0,team2,kill,24.07
Mage+Priest_vs_Rogue+Shaman,Mage+Priest,Rogue+Shaman,1,team2,kill,32.82
Mage+Priest_vs_Rogue+Shaman,Mage+Priest,Rogue+Shaman,2,team2,kill,31.80
Mage+Priest_vs_Rogue+Shaman,Mage+Priest,Rogue+Shaman,3,team2,kill,30.28
Mage+Priest_vs_Rogue+Shaman,Mage+Priest,Rogue+Shaman,4,team1,kill,26.42
Mage+Priest_vs_Priest+Warlock,Mage+Priest,Priest+Warlock,0,team2,kill,65.38
Mage+Priest_vs_Priest+Warlock,Mage+Priest,Priest+Warlock,1,team2,kill,36.25
Mage+Priest_vs_Priest+Warlock,Mage+Priest,Priest+Warlock,2,team1,kill,67.58
Mage+Priest_vs_Priest+Warlock,Mage+Priest,Priest+Warlock,3,team2,kill,37.73
Mage+Priest_vs_Priest+Warlock,Mage+Priest,Priest+Warlock,4,team2,kill,65.35
Mage+Priest_vs_Priest+Hunter,Mage+Priest,Priest+Hunter,0,team2,kill,54.83
Mage+Priest_vs_Priest+Hunter,Mage+Priest,Priest+Hunter,1,team2,kill,56.62
Mage+Priest_vs_Priest+Hunter,Mage+Priest,Priest+Hunter,2,team2,kill,60.48
Mage+Priest_vs_Priest+Hunter,Mage+Priest,Priest+Hunter,3,team2,kill,59.60
Mage+Priest_vs_Priest+Hunter,Mage+Priest,Priest+Hunter,4,team1,kill,46.88
Mage+Priest_vs_Warlock+Paladin,Mage+Priest,Warlock+Paladin,0,team1,kill,86.32
Mage+Priest_vs_Warlock+Paladin,Mage+Priest,Warlock+Paladin,1,team1,kill,158.42
Mage+Priest_vs_Warlock+Paladin,Mage+Priest,Warlock+Paladin,2,team2,kill,73.47
Mage+Priest_vs_Warlock+Paladin,Mage+Priest,Warlock+Paladin,3,team1,kill,55.37
Mage+Priest_vs_Warlock+Paladin,Mage+Priest,Warlock+Paladin,4,team1,kill,70.23
Mage+Priest_vs_Warlock+Hunter,Mage+Priest,Warlock+Hunter,0,team1,kill,24.30
Mage+Priest_vs_Warlock+Hunter,Mage+Priest,Warlock+Hunter,1,team1,kill,24.35
Mage+Priest_vs_Warlock+Hunter,Mage+Priest,Warlock+Hunter,2,team1,kill,22.83
Mage+Priest_vs_Warlock+Hunter,Mage+Priest,Warlock+Hunter,3,team1,kill,24.20
Mage+Priest_vs_Warlock+Hunter,Mage+Priest,Warlock+Hunter,4,team1,kill,24.33
Mage+Priest_vs_Warlock+Shaman,Mage+Priest,Warlock+Shaman,0,team1,kill,19.37
Mage+Priest_vs_Warlock+Shaman,Mage+Priest,Warlock+Shaman,1,team1,kill,20.95
Mage+Priest_vs_Warlock+Shaman,Mage+Priest,Warlock+Shaman,2,team2,kill,69.93
Mage+Priest_vs_Warlock+Shaman,Mage+Priest,Warlock+Shaman,3,team1,kill,30.98
Mage+Priest_vs_Warlock+Shaman,Mage+Priest,Warlock+Shaman,4,team1,kill,29.35
Mage+Priest_vs_Paladin+Hunter,Mage+Priest,Paladin+Hunter,0,team1,kill,74.17
Mage+Priest_vs_Paladin+Hunter,Mage+Priest,Paladin+Hunter,1,team1,kill,34.17
Mage+Priest_vs_Paladin+Hunter,Mage+Priest,Paladin+Hunter,2,team1,kill,74.17
Mage+Priest_vs_Paladin+Hunter,Mage+Priest,Paladin+Hunter,3,team1,kill,63.03
Mage+Priest_vs_Paladin+Hunter,Mage+Priest,Paladin+Hunter,4,team1,kill,34.12
Mage+Priest_vs_Hunter+Shaman,Mage+Priest,Hunter+Shaman,0,team1,kill,26.70
Mage+Priest_vs_Hunter+Shaman,Mage+Priest,Hunter+Shaman,1,team1,kill,20.80
Mage+Priest_vs_Hunter+Shaman,Mage+Priest,Hunter+Shaman,2,team1,kill,29.28
Mage+Priest_vs_Hunter+Shaman,Mage+Priest,Hunter+Shaman,3,team1,kill,72.32
Mage+Priest_vs_Hunter+Shaman,Mage+Priest,Hunter+Shaman,4,team1,kill,20.70
Mage+Warlock_vs_Warrior+Mage,Mage+Warlock,Warrior+Mage,0,team1,kill,17.47
Mage+Warlock_vs_Warrior+Mage,Mage+Warlock,Warrior+Mage,1,team1,kill,19.28
Mage+Warlock_vs_Warrior+Mage,Mage+Warlock,Warrior+Mage,2,team1,kill,19.08
Mage+Warlock_vs_Warrior+Mage,Mage+Warlock,Warrior+Mage,3,team1,kill,17.52
Mage+Warlock_vs_Warrior+Mage,Mage+Warlock,Warrior+Mage,4,team1,kill,14.80
Mage+Warlock_vs_Warrior+Rogue,Mage+Warlock,Warrior+Rogue,0,team2,kill,25.27
Mage+Warlock_vs_Warrior+Rogue,Mage+Warlock,Warrior+Rogue,1,team2,kill,23.75
Mage+Warlock_vs_Warrior+Rogue,Mage+Warlock,Warrior+Rogue,2,team2,kill,24.42
Mage+Warlock_vs_Warrior+Rogue,Mage+Warlock,Warrior+Rogue,3,team2,kill,24.42
Mage+Warlock_vs_Warrior+Rogue,Mage+Warlock,Warrior+Rogue,4,team2,kill,25.08
Mage+Warlock_vs_Warrior+Priest,Mage+Warlock,Warrior+Priest,0,team2,kill,28.73
Mage+Warlock_vs_Warrior+Priest,Mage+Warlock,Warrior+Priest,1,team1,kill,35.75
Mage+Warlock_vs_Warrior+Priest,Mage+Warlock,Warrior+Priest,2,team2,kill,24.37
Mage+Warlock_vs_Warrior+Priest,Mage+Warlock,Warrior+Priest,3,team1,kill,33.32
Mage+Warlock_vs_Warrior+Priest,Mage+Warlock,Warrior+Priest,4,team2,kill,30.95
Mage+Warlock_vs_Warrior+Warlock,Mage+Warlock,Warrior+Warlock,0,team1,kill,18.93
Mage+Warlock_vs_Warrior+Warlock,Mage+Warlock,Warrior+Warlock,1,team1,kill,16.42
Mage+Warlock_vs_Warrior+Warlock,Mage+Warlock,Warrior+Warlock,2,team1,kill,19.60
Mage+Warlock_vs_Warrior+Warlock,Mage+Warlock,Warrior+Warlock,3,team1,kill,19.35
Mage+Warlock_vs_Warrior+Warlock,Mage+Warlock,Warrior+Warlock,4,team1,kill,15.08
Mage+Warlock_vs_Warrior+Paladin,Mage+Warlock,Warrior+Paladin,0,team2,kill,30.95
Mage+Warlock_vs_Warrior+Paladin,Mage+Warlock,Warrior+Paladin,1,team2,kill,74.23
Mage+Warlock_vs_Warrior+Paladin,Mage+Warlock,Warrior+Paladin,2,team2,kill,36.65
Mage+Warlock_vs_Warrior+Paladin,Mage+Warlock,Warrior+Paladin,3,team2,kill,36.97
Mage+Warlock_vs_Warrior+Paladin,Mage+Warlock,Warrior+Paladin,4,team2,kill,27.15
Mage+Warlock_vs_Warrior+Hunter,Mage+Warlock,Warrior+Hunter,0,team1,kill,19.78
Mage+Warlock_vs_Warrior+Hunter,Mage+Warlock,Warrior+Hunter,1,team1,kill,21.23
Mage+Warlock_vs_Warrior+Hunter,Mage+Warlock,Warrior+Hunter,2,team1,kill,19.37
Mage+Warlock_vs_Warrior+Hunter,Mage+Warlock,Warrior+Hunter,3,team1,kill,19.75
Mage+Warlock_vs_Warrior+Hunter,Mage+Warlock,Warrior+Hunter,4,team2,kill,19.75
Mage+Warlock_vs_Warrior+Shaman,Mage+Warlock,Warrior+Shaman,0,team1,kill,32.22
Mage+Warlock_vs_Warrior+Shaman,Mage+Warlock,Warrior+Shaman,1,team1,kill,32.37
Mage+Warlock_vs_Warrior+Shaman,Mage+Warlock,Warrior+Shaman,2,team1,kill,32.22
Mage+Warlock_vs_Warrior+Shaman,Mage+Warlock,Warrior+Shaman,3,team2,kill,33.15
Mage+Warlock_vs_Warrior+Shaman,Mage+Warlock,Warrior+Shaman,4,team1,kill,23.72
Mage+Warlock_vs_Mage+Rogue,Mage+Warlock,Mage+Rogue,0,team1,kill,17.32
Mage+Warlock_vs_Mage+Rogue,Mage+Warlock,Mage+Rogue,1,team1,kill,17.42
Mage+Warlock_vs_Mage+Rogue,Mage+Warlock,Mage+Rogue,2,team1,kill,17.20
Mage+Warlock_vs_Mage+Rogue,Mage+Warlock,Mage+Rogue,3,team1,kill,17.42
Mage+Warlock_vs_Mage+Rogue,Mage+Warlock,Mage+Rogue,4,team1,kill,16.40
Mage+Warlock_vs_Mage+Priest,Mage+Warlock,Mage+Priest,0,team2,kill,20.43
Mage+Warlock_vs_Mage+Priest,Mage+Warlock,Mage+Priest,1,team2,kill,24.45
Mage+Warlock_vs_Mage+Priest,Mage+Warlock,Mage+Priest,2,team2,kill,23.90
Mage+Warlock_vs_Mage+Priest,Mage+Warlock,Mage+Priest,3,team2,kill,23.95
Mage+Warlock_vs_Mage+Priest,Mage+Warlock,Mage+Priest,4,team2,kill,29.68
Mage+Warlock_vs_Mage+Paladin,Mage+Warlock,Mage+Paladin,0,team1,kill,47.33
Mage+Warlock_vs_Mage+Paladin,Mage+Warlock,Mage+Paladin,1,team1,kill,58.23
Mage+Warlock_vs_Mage+Paladin,Mage+Warlock,Mage+Paladin,2,team1,kill,56.03
Mage+Warlock_vs_Mage+Paladin,Mage+Warlock,Mage+Paladin,3,team1,kill,67.42
Mage+Warlock_vs_Mage+Paladin,Mage+Warlock,Mage+Paladin,4,team1,kill,39.47
Mage+Warlock_vs_Mage+Hunter,Mage+Warlock,Mage+Hunter,0,team1,kill,15.23
Mage+Warlock_vs_Mage+Hunter,Mage+Warlock,Mage+Hunter,1,team1,kill,15.23
Mage+Warlock_vs_Mage+Hunter,Mage+Warlock,Mage+Hunter,2,team1,kill,14.80
Mage+Warlock_vs_Mage+Hunter,Mage+Warlock,Mage+Hunter,3,team1,kill,15.23
Mage+Warlock_vs_Mage+Hunter,Mage+Warlock,Mage+Hunter,4,team1,kill,15.23
Mage+Warlock_vs_Mage+Shaman,Mage+Warlock,Mage+Shaman,0,team2,kill,20.02
Mage+Warlock_vs_Mage+Shaman,Mage+Warlock,Mage+Shaman,1,team2,kill,25.10
Mage+Warlock_vs_Mage+Shaman,Mage+Warlock,Mage+Shaman,2,team2,kill,27.25
Mage+Warlock_vs_Mage+Shaman,Mage+Warlock,Mage+Shaman,3,team2,kill,20.03
Mage+Warlock_vs_Mage+Shaman,Mage+Warlock,Mage+Shaman,4,team2,kill,28.52
Mage+Warlock_vs_Rogue+Priest,Mage+Warlock,Rogue+Priest,0,team2,kill,29.80
Mage+Warlock_vs_Rogue+Priest,Mage+Warlock,Rogue+Priest,1,team2,kill,29.53
Mage+Warlock_vs_Rogue+Priest,Mage+Warlock,Rogue+Priest,2,team2,kill,26.65
Mage+Warlock_vs_Rogue+Priest,Mage+Warlock,Rogue+Priest,3,team2,kill,29.32
Mage+Warlock_vs_Rogue+Priest,Mage+Warlock,Rogue+Priest,4,team2,kill,30.18
Mage+Warlock_vs_Rogue+Warlock,Mage+Warlock,Rogue+Warlock,0,team1,kill,26.62
Mage+Warlock_vs_Rogue+Warlock,Mage+Warlock,Rogue+Warlock,1,team2,kill,22.88
Mage+Warlock_vs_Rogue+Warlock,Mage+Warlock,Rogue+Warlock,2,team1,kill,24.40
Mage+Warlock_vs_Rogue+Warlock,Mage+Warlock,Rogue+Warlock,3,team1,kill,25.70
Mage+Warlock_vs_Rogue+Warlock,Mage+Warlock,Rogue+Warlock,4,team1,kill,25.27
Mage+Warlock_vs_Rogue+Paladin,Mage+Warlock,Rogue+Paladin,0,team2,kill,34.55
Mage+Warlock_vs_Rogue+Paladin,Mage+Warlock,Rogue+Paladin,1,team2,kill,32.95
Mage+Warlock_vs_Rogue+Paladin,Mage+Warlock,Rogue+Paladin,2,team2,kill,37.13
Mage+Warlock_vs_Rogue+Paladin,Mage+Warlock,Rogue+Paladin,3,team2,kill,36.33
Mage+Warlock_vs_Rogue+Paladin,Mage+Warlock,Rogue+Paladin,4,team1,kill,38.03
Mage+Warlock_vs_Rogue+Hunter,Mage+Warlock,Rogue+Hunter,0,team1,kill,22.13
Mage+Warlock_vs_Rogue+Hunter,Mage+Warlock,Rogue+Hunter,1,team1,kill,23.12
Mage+Warlock_vs_Rogue+Hunter,Mage+Warlock,Rogue+Hunter,2,team1,kill,21.38
Mage+Warlock_vs_Rogue+Hunter,Mage+Warlock,Rogue+Hunter,3,team1,kill,17.98
Mage+Warlock_vs_Rogue+Hunter,Mage+Warlock,Rogue+Hunter,4,team1,kill,22.63
Mage+Warlock_vs_Rogue+Shaman,Mage+Warlock,Rogue+Shaman,0,team2,kill,24.10
Mage+Warlock_vs_Rogue+Shaman,Mage+Warlock,Rogue+Shaman,1,team2,kill,23.95
Mage+Warlock_vs_Rogue+Shaman,Mage+Warlock,Rogue+Shaman,2,team2,kill,31.93
Mage+Warlock_vs_Rogue+Shaman,Mage+Warlock,Rogue+Shaman,3,team2,kill,29.23
Mage+Warlock_vs_Rogue+Shaman,Mage+Warlock,Rogue+Shaman,4,team1,kill,27.78
Mage+Warlock_vs_Priest+Warlock,Mage+Warlock,Priest+Warlock,0,team1,kill,22.80
Mage+Warlock_vs_Priest+Warlock,Mage+Warlock,Priest+Warlock,1,team1,kill,23.60
Mage+Warlock_vs_Priest+Warlock,Mage+Warlock,Priest+Warlock,2,team1,kill,22.08
Mage+Warlock_vs_Priest+Warlock,Mage+Warlock,Priest+Warlock,3,team1,kill,23.60
Mage+Warlock_vs_Priest+Warlock,Mage+Warlock,Priest+Warlock,4,team1,kill,22.08
Mage+Warlock_vs_Priest+Hunter,Mage+Warlock,Priest+Hunter,0,team1,kill,17.43
Mage+Warlock_vs_Priest+Hunter,Mage+Warlock,Priest+Hunter,1,team1,kill,19.27
Mage+Warlock_vs_Priest+Hunter,Mage+Warlock,Priest+Hunter,2,team1,kill,18.97
Mage+Warlock_vs_Priest+Hunter,Mage+Warlock,Priest+Hunter,3,team1,kill,16.77
Mage+Warlock_vs_Priest+Hunter,Mage+Warlock,Priest+Hunter,4,team1,kill,18.97
Mage+Warlock_vs_Warlock+Paladin,Mage+Warlock,Warlock+Paladin,0,team1,kill,40.80
Mage+Warlock_vs_Warlock+Paladin,Mage+Warlock,Warlock+Paladin,1,team1,kill,44.43
Mage+Warlock_vs_Warlock+Paladin,Mage+Warlock,Warlock+Paladin,2,team1,kill,43.92
Mage+Warlock_vs_Warlock+Paladin,Mage+Warlock,Warlock+Paladin,3,team1,kill,42.63
Mage+Warlock_vs_Warlock+Paladin,Mage+Warlock,Warlock+Paladin,4,team1,kill,49.40
Mage+Warlock_vs_Warlock+Hunter,Mage+Warlock,Warlock+Hunter,0,team1,kill,18.48
Mage+Warlock_vs_Warlock+Hunter,Mage+Warlock,Warlock+Hunter,1,team1,kill,18.48
Mage+Warlock_vs_Warlock+Hunter,Mage+Warlock,Warlock+Hunter,2,team1,kill,20.00
Mage+Warlock_vs_Warlock+Hunter,Mage+Warlock,Warlock+Hunter,3,team1,kill,20.00
Mage+Warlock_vs_Warlock+Hunter,Mage+Warlock,Warlock+Hunter,4,team1,kill,20.00
Mage+Warlock_vs_Warlock+Shaman,Mage+Warlock,Warlock+Shaman,0,team1,kill,21.72
Mage+Warlock_vs_Warlock+Shaman,Mage+Warlock,Warlock+Shaman,1,team1,kill,24.50
Mage+Warlock_vs_Warlock+Shaman,Mage+Warlock,Warlock+Shaman,2,team1,kill,22.63
Mage+Warlock_vs_Warlock+Shaman,Mage+Warlock,Warlock+Shaman,3,team1,kill,25.38
Mage+Warlock_vs_Warlock+Shaman,Mage+Warlock,Warlock+Shaman,4,team1,kill,23.13
Mage+Warlock_vs_Paladin+Hunter,Mage+Warlock,Paladin+Hunter,0,team1,kill,34.85
Mage+Warlock_vs_Paladin+Hunter,Mage+Warlock,Paladin+Hunter,1,team1,kill,44.18
Mage+Warlock_vs_Paladin+Hunter,Mage+Warlock,Paladin+Hunter,2,team2,kill,29.37
Mage+Warlock_vs_Paladin+Hunter,Mage+Warlock,Paladin+Hunter,3,team1,kill,38.12
Mage+Warlock_vs_Paladin+Hunter,Mage+Warlock,Paladin+Hunter,4,team1,kill,29.30
Mage+Warlock_vs_Hunter+Shaman,Mage+Warlock,Hunter+Shaman,0,team1,kill,30.73
Mage+Warlock_vs_Hunter+Shaman,Mage+Warlock,Hunter+Shaman,1,team1,kill,31.72
Mage+Warlock_vs_Hunter+Shaman,Mage+Warlock,Hunter+Shaman,2,team2,kill,38.72
Mage+Warlock_vs_Hunter+Shaman,Mage+Warlock,Hunter+Shaman,3,team2,kill,30.23
Mage+Warlock_vs_Hunter+Shaman,Mage+Warlock,Hunter+Shaman,4,team1,kill,28.53
Mage+Paladin_vs_Warrior+Mage,Mage+Paladin,Warrior+Mage,0,team1,kill,15.25
Mage+Paladin_vs_Warrior+Mage,Mage+Paladin,Warrior+Mage,1,team1,kill,19.18
Mage+Paladin_vs_Warrior+Mage,Mage+Paladin,Warrior+Mage,2,team1,kill,20.95
Mage+Paladin_vs_Warrior+Mage,Mage+Paladin,Warrior+Mage,3,team1,kill,19.43
Mage+Paladin_vs_Warrior+Mage,Mage+Paladin,Warrior+Mage,4,team1,kill,19.43
Mage+Paladin_vs_Warrior+Rogue,Mage+Paladin,Warrior+Rogue,0,team1,kill,25.22
Mage+Paladin_vs_Warrior+Rogue,Mage+Paladin,Warrior+Rogue,1,team1,kill,23.77
Mage+Paladin_vs_Warrior+Rogue,Mage+Paladin,Warrior+Rogue,2,team1,kill,25.22
Mage+Paladin_vs_Warrior+Rogue,Mage+Paladin,Warrior+Rogue,3,team1,kill,23.92
Mage+Paladin_vs_Warrior+Rogue,Mage+Paladin,Warrior+Rogue,4,team1,kill,22.50
Mage+Paladin_vs_Warrior+Priest,Mage+Paladin,Warrior+Priest,0,team1,kill,44.70
Mage+Paladin_vs_Warrior+Priest,Mage+Paladin,Warrior+Priest,1,team1,kill,79.84
Mage+Paladin_vs_Warrior+Priest,Mage+Paladin,Warrior+Priest,2,team2,kill,62.10
Mage+Paladin_vs_Warrior+Priest,Mage+Paladin,Warrior+Priest,3,team1,kill,65.27
Mage+Paladin_vs_Warrior+Priest,Mage+Paladin,Warrior+Priest,4,team1,kill,94.57
Mage+Paladin_vs_Warrior+Warlock,Mage+Paladin,Warrior+Warlock,0,team1,kill,35.72
Mage+Paladin_vs_Warrior+Warlock,Mage+Paladin,Warrior+Warlock,1,team1,kill,33.05
Mage+Paladin_vs_Warrior+Warlock,Mage+Paladin,Warrior+Warlock,2,team1,kill,44.12
Mage+Paladin_vs_Warrior+Warlock,Mage+Paladin,Warrior+Warlock,3,team1,kill,29.58
Mage+Paladin_vs_Warrior+Warlock,Mage+Paladin,Warrior+Warlock,4,team1,kill,44.45
Mage+Paladin_vs_Warrior+Paladin,Mage+Paladin,Warrior+Paladin,0,team2,kill,63.63
Mage+Paladin_vs_Warrior+Paladin,Mage+Paladin,Warrior+Paladin,1,team1,kill,97.09
Mage+Paladin_vs_Warrior+Paladin,Mage+Paladin,Warrior+Paladin,2,team2,kill,95.84
Mage+Paladin_vs_Warrior+Paladin,Mage+Paladin,Warrior+Paladin,3,team1,kill,75.67
Mage+Paladin_vs_Warrior+Paladin,Mage+Paladin,Warrior+Paladin,4,team2,kill,96.41
Mage+Paladin_vs_Warrior+Hunter,Mage+Paladin,Warrior+Hunter,0,team1,kill,30.18
Mage+Paladin_vs_Warrior+Hunter,Mage+Paladin,Warrior+Hunter,1,team1,kill,30.27
Mage+Paladin_vs_Warrior+Hunter,Mage+Paladin,Warrior+Hunter,2,team1,kill,32.75
Mage+Paladin_vs_Warrior+Hunter,Mage+Paladin,Warrior+Hunter,3,team1,kill,30.17
Mage+Paladin_vs_Warrior+Hunter,Mage+Paladin,Warrior+Hunter,4,team1,kill,34.45
Mage+Paladin_vs_Warrior+Shaman,Mage+Paladin,Warrior+Shaman,0,team1,kill,43.73
Mage+Paladin_vs_Warrior+Shaman,Mage+Paladin,Warrior+Shaman,1,team1,kill,39.65
Mage+Paladin_vs_Warrior+Shaman,Mage+Paladin,Warrior+Shaman,2,team1,kill,43.17
Mage+Paladin_vs_Warrior+Shaman,Mage+Paladin,Warrior+Shaman,3,team1,kill,39.07
Mage+Paladin_vs_Warrior+Shaman,Mage+Paladin,Warrior+Shaman,4,team2,kill,133.03
Mage+Paladin_vs_Mage+Rogue,Mage+Paladin,Mage+Rogue,0,team1,kill,31.43
Mage+Paladin_vs_Mage+Rogue,Mage+Paladin,Mage+Rogue,1,team1,kill,22.68
Mage+Paladin_vs_Mage+Rogue,Mage+Paladin,Mage+Rogue,2,team1,kill,26.12
Mage+Paladin_vs_Mage+Rogue,Mage+Paladin,Mage+Rogue,3,team1,kill,31.43
Mage+Paladin_vs_Mage+Rogue,Mage+Paladin,Mage+Rogue,4,team1,kill,15.62
Mage+Paladin_vs_Mage+Priest,Mage+Paladin,Mage+Priest,0,team2,kill,64.33
Mage+Paladin_vs_Mage+Priest,Mage+Paladin,Mage+Priest,1,team1,kill,55.03
Mage+Paladin_vs_Mage+Priest,Mage+Paladin,Mage+Priest,2,team1,kill,53.75
Mage+Paladin_vs_Mage+Priest,Mage+Paladin,Mage+Priest,3,team1,kill,63.72
Mage+Paladin_vs_Mage+Priest,Mage+Paladin,Mage+Priest,4,team1,kill,69.53
Mage+Paladin_vs_Mage+Warlock,Mage+Paladin,Mage+Warlock,0,team2,kill,46.10
Mage+Paladin_vs_Mage+Warlock,Mage+Paladin,Mage+Warlock,1,team2,kill,47.17
Mage+Paladin_vs_Mage+Warlock,Mage+Paladin,Mage+Warlock,2,team2,kill,54.38
Mage+Paladin_vs_Mage+Warlock,Mage+Paladin,Mage+Warlock,3,team1,kill,73.03
Mage+Paladin_vs_Mage+Warlock,Mage+Paladin,Mage+Warlock,4,team2,kill,39.47
Mage+Paladin_vs_Mage+Hunter,Mage+Paladin,Mage+Hunter,0,team1,kill,27.13
Mage+Paladin_vs_Mage+Hunter,Mage+Paladin,Mage+Hunter,1,team1,kill,27.13
Mage+Paladin_vs_Mage+Hunter,Mage+Paladin,Mage+Hunter,2,team1,kill,27.35
Mage+Paladin_vs_Mage+Hunter,Mage+Paladin,Mage+Hunter,3,team1,kill,27.37
Mage+Paladin_vs_Mage+Hunter,Mage+Paladin,Mage+Hunter,4,team1,kill,27.33
Mage+Paladin_vs_Mage+Shaman,Mage+Paladin,Mage+Shaman,0,team1,kill,25.03
Mage+Paladin_vs_Mage+Shaman,Mage+Paladin,Mage+Shaman,1,team1,kill,32.28
Mage+Paladin_vs_Mage+Shaman,Mage+Paladin,Mage+Shaman,2,team1,kill,31.90
Mage+Paladin_vs_Mage+Shaman,Mage+Paladin,Mage+Shaman,3,team1,kill,28.82
Mage+Paladin_vs_Mage+Shaman,Mage+Paladin,Mage+Shaman,4,team1,kill,34.48
Mage+Paladin_vs_Rogue+Priest,Mage+Paladin,Rogue+Priest,0,team2,kill,82.12
Mage+Paladin_vs_Rogue+Priest,Mage+Paladin,Rogue+Priest,1,team2,kill,81.35
Mage+Paladin_vs_Rogue+Priest,Mage+Paladin,Rogue+Priest,2,team2,kill,79.85
Mage+Paladin_vs_Rogue+Priest,Mage+Paladin,Rogue+Priest,3,team2,kill,81.42
Mage+Paladin_vs_Rogue+Priest,Mage+Paladin,Rogue+Priest,4,team2,kill,75.79
Mage+Paladin_vs_Rogue+Warlock,Mage+Paladin,Rogue+Warlock,0,team1,kill,29.33
Mage+Paladin_vs_Rogue+Warlock,Mage+Paladin,Rogue+Warlock,1,team1,kill,42.30
Mage+Paladin_vs_Rogue+Warlock,Mage+Paladin,Rogue+Warlock,2,team2,kill,41.82
Mage+Paladin_vs_Rogue+Warlock,Mage+Paladin,Rogue+Warlock,3,team1,kill,37.25
Mage+Paladin_vs_Rogue+Warlock,Mage+Paladin,Rogue+Warlock,4,team2,kill,44.92
Mage+Paladin_vs_Rogue+Paladin,Mage+Paladin,Rogue+Paladin,0,team2,kill,77.85
Mage+Paladin_vs_Rogue+Paladin,Mage+Paladin,Rogue+Paladin,1,team2,kill,89.04
Mage+Paladin_vs_Rogue+Paladin,Mage+Paladin,Rogue+Paladin,2,team2,kill,87.75
Mage+Paladin_vs_Rogue+Paladin,Mage+Paladin,Rogue+Paladin,3,team2,kill,98.87
Mage+Paladin_vs_Rogue+Paladin,Mage+Paladin,Rogue+Paladin,4,team2,kill,85.02
Mage+Paladin_vs_Rogue+Hunter,Mage+Paladin,Rogue+Hunter,0,team1,kill,33.25
Mage+Paladin_vs_Rogue+Hunter,Mage+Paladin,Rogue+Hunter,1,team1,kill,34.25
Mage+Paladin_vs_Rogue+Hunter,Mage+Paladin,Rogue+Hunter,2,team1,kill,34.77
Mage+Paladin_vs_Rogue+Hunter,Mage+Paladin,Rogue+Hunter,3,team1,kill,34.77
Mage+Paladin_vs_Rogue+Hunter,Mage+Paladin,Rogue+Hunter,4,team1,kill,34.53
Mage+Paladin_vs_Rogue+Shaman,Mage+Paladin,Rogue+Shaman,0,team2,kill,58.85
Mage+Paladin_vs_Rogue+Shaman,Mage+Paladin,Rogue+Shaman,1,team1,kill,35.30
Mage+Paladin_vs_Rogue+Shaman,Mage+Paladin,Rogue+Shaman,2,team1,kill,35.30
Mage+Paladin_vs_Rogue+Shaman,Mage+Paladin,Rogue+Shaman,3,team2,kill,54.68
Mage+Paladin_vs_Rogue+Shaman,Mage+Paladin,Rogue+Shaman,4,team2,kill,62.53
Mage+Paladin_vs_Priest+Warlock,Mage+Paladin,Priest+Warlock,0,team2,kill,69.40
Mage+Paladin_vs_Priest+Warlock,Mage+Paladin,Priest+Warlock,1,team1,kill,67.30
Mage+Paladin_vs_Priest+Warlock,Mage+Paladin,Priest+Warlock,2,team1,kill,77.45
Mage+Paladin_vs_Priest+Warlock,Mage+Paladin,Priest+Warlock,3,team2,kill,68.40
Mage+Paladin_vs_Priest+Warlock,Mage+Paladin,Priest+Warlock,4,team1,kill,59.95
Mage+Paladin_vs_Priest+Hunter,Mage+Paladin,Priest+Hunter,0,team1,kill,75.72
Mage+Paladin_vs_Priest+Hunter,Mage+Paladin,Priest+Hunter,1,team1,kill,93.86
Mage+Paladin_vs_Priest+Hunter,Mage+Paladin,Priest+Hunter,2,team1,kill,98.37
Mage+Paladin_vs_Priest+Hunter,Mage+Paladin,Priest+Hunter,3,team1,kill,96.89
Mage+Paladin_vs_Priest+Hunter,Mage+Paladin,Priest+Hunter,4,team1,kill,79.29
Mage+Paladin_vs_Warlock+Paladin,Mage+Paladin,Warlock+Paladin,0,team2,kill,149.02
Mage+Paladin_vs_Warlock+Paladin,Mage+Paladin,Warlock+Paladin,1,team1,kill,156.14
Mage+Paladin_vs_Warlock+Paladin,Mage+Paladin,Warlock+Paladin,2,team1,kill,104.34
Mage+Paladin_vs_Warlock+Paladin,Mage+Paladin,Warlock+Paladin,3,team2,kill,119.63
Mage+Paladin_vs_Warlock+Paladin,Mage+Paladin,Warlock+Paladin,4,team2,kill,159.31
Mage+Paladin_vs_Warlock+Hunter,Mage+Paladin,Warlock+Hunter,0,team1,kill,29.42
Mage+Paladin_vs_Warlock+Hunter,Mage+Paladin,Warlock+Hunter,1,team1,kill,28.67
Mage+Paladin_vs_Warlock+Hunter,Mage+Paladin,Warlock+Hunter,2,team1,kill,28.17
Mage+Paladin_vs_Warlock+Hunter,Mage+Paladin,Warlock+Hunter,3,team1,kill,28.62
Mage+Paladin_vs_Warlock+Hunter,Mage+Paladin,Warlock+Hunter,4,team1,kill,25.35
Mage+Paladin_vs_Warlock+Shaman,Mage+Paladin,Warlock+Shaman,0,team1,kill,31.50
Mage+Paladin_vs_Warlock+Shaman,Mage+Paladin,Warlock+Shaman,1,team1,kill,28.45
Mage+Paladin_vs_Warlock+Shaman,Mage+Paladin,Warlock+Shaman,2,team1,kill,28.57
Mage+Paladin_vs_Warlock+Shaman,Mage+Paladin,Warlock+Shaman,3,team1,kill,30.28
Mage+Paladin_vs_Warlock+Shaman,Mage+Paladin,Warlock+Shaman,4,team1,kill,68.18
Mage+Paladin_vs_Paladin+Hunter,Mage+Paladin,Paladin+Hunter,0,team1,kill,44.17
Mage+Paladin_vs_Paladin+Hunter,Mage+Paladin,Paladin+Hunter,1,team1,kill,27.47
Mage+Paladin_vs_Paladin+Hunter,Mage+Paladin,Paladin+Hunter,2,team1,kill,47.20
Mage+Paladin_vs_Paladin+Hunter,Mage+Paladin,Paladin+Hunter,3,team1,kill,117.91
Mage+Paladin_vs_Paladin+Hunter,Mage+Paladin,Paladin+Hunter,4,team1,kill,117.13
Mage+Paladin_vs_Hunter+Shaman,Mage+Paladin,Hunter+Shaman,0,team1,kill,27.27
Mage+Paladin_vs_Hunter+Shaman,Mage+Paladin,Hunter+Shaman,1,team1,kill,32.85
Mage+Paladin_vs_Hunter+Shaman,Mage+Paladin,Hunter+Shaman,2,team1,kill,30.47
Mage+Paladin_vs_Hunter+Shaman,Mage+Paladin,Hunter+Shaman,3,team1,kill,30.45
Mage+Paladin_vs_Hunter+Shaman,Mage+Paladin,Hunter+Shaman,4,team1,kill,30.28
Mage+Hunter_vs_Warrior+Mage,Mage+Hunter,Warrior+Mage,0,team1,kill,17.85
Mage+Hunter_vs_Warrior+Mage,Mage+Hunter,Warrior+Mage,1,team1,kill,19.37
Mage+Hunter_vs_Warrior+Mage,Mage+Hunter,Warrior+Mage,2,team1,kill,19.37
Mage+Hunter_vs_Warrior+Mage,Mage+Hunter,Warrior+Mage,3,team1,kill,17.85
Mage+Hunter_vs_Warrior+Mage,Mage+Hunter,Warrior+Mage,4,team1,kill,16.68
Mage+Hunter_vs_Warrior+Rogue,Mage+Hunter,Warrior+Rogue,0,team1,kill,16.43
Mage+Hunter_vs_Warrior+Rogue,Mage+Hunter,Warrior+Rogue,1,team1,kill,16.43
Mage+Hunter_vs_Warrior+Rogue,Mage+Hunter,Warrior+Rogue,2,team1,kill,16.43
Mage+Hunter_vs_Warrior+Rogue,Mage+Hunter,Warrior+Rogue,3,team1,kill,16.43
Mage+Hunter_vs_Warrior+Rogue,Mage+Hunter,Warrior+Rogue,4,team1,kill,16.47
Mage+Hunter_vs_Warrior+Priest,Mage+Hunter,Warrior+Priest,0,team1,kill,38.30
Mage+Hunter_vs_Warrior+Priest,Mage+Hunter,Warrior+Priest,1,team1,kill,32.40
Mage+Hunter_vs_Warrior+Priest,Mage+Hunter,Warrior+Priest,2,team1,kill,70.08
Mage+Hunter_vs_Warrior+Priest,Mage+Hunter,Warrior+Priest,3,team1,kill,34.58
Mage+Hunter_vs_Warrior+Priest,Mage+Hunter,Warrior+Priest,4,team2,kill,77.37
Mage+Hunter_vs_Warrior+Warlock,Mage+Hunter,Warrior+Warlock,0,team1,kill,20.95
Mage+Hunter_vs_Warrior+Warlock,Mage+Hunter,Warrior+Warlock,1,team1,kill,20.95
Mage+Hunter_vs_Warrior+Warlock,Mage+Hunter,Warrior+Warlock,2,team1,kill,20.95
Mage+Hunter_vs_Warrior+Warlock,Mage+Hunter,Warrior+Warlock,3,team1,kill,19.97
Mage+Hunter_vs_Warrior+Warlock,Mage+Hunter,Warrior+Warlock,4,team1,kill,19.97
Mage+Hunter_vs_Warrior+Paladin,Mage+Hunter,Warrior+Paladin,0,team2,kill,79.05
Mage+Hunter_vs_Warrior+Paladin,Mage+Hunter,Warrior+Paladin,1,team2,kill,78.97
Mage+Hunter_vs_Warrior+Paladin,Mage+Hunter,Warrior+Paladin,2,team2,kill,79.80
Mage+Hunter_vs_Warrior+Paladin,Mage+Hunter,Warrior+Paladin,3,team2,kill,87.59
Mage+Hunter_vs_Warrior+Paladin,Mage+Hunter,Warrior+Paladin,4,team2,kill,45.45
Mage+Hunter_vs_Warrior+Hunter,Mage+Hunter,Warrior+Hunter,0,team2,kill,19.55
Mage+Hunter_vs_Warrior+Hunter,Mage+Hunter,Warrior+Hunter,1,team2,kill,19.77
Mage+Hunter_vs_Warrior+Hunter,Mage+Hunter,Warrior+Hunter,2,team1,kill,19.88
Mage+Hunter_vs_Warrior+Hunter,Mage+Hunter,Warrior+Hunter,3,team2,kill,20.02
Mage+Hunter_vs_Warrior+Hunter,Mage+Hunter,Warrior+Hunter,4,team1,kill,17.58
Mage+Hunter_vs_Warrior+Shaman,Mage+Hunter,Warrior+Shaman,0,team1,kill,28.17
Mage+Hunter_vs_Warrior+Shaman,Mage+Hunter,Warrior+Shaman,1,team1,kill,34.58
Mage+Hunter_vs_Warrior+Shaman,Mage+Hunter,Warrior+Shaman,2,team1,kill,34.27
Mage+Hunter_vs_Warrior+Shaman,Mage+Hunter,Warrior+Shaman,3,team1,kill,34.58
Mage+Hunter_vs_Warrior+Shaman,Mage+Hunter,Warrior+Shaman,4,team1,kill,20.63
Mage+Hunter_vs_Mage+Rogue,Mage+Hunter,Mage+Rogue,0,team1,kill,17.05
Mage+Hunter_vs_Mage+Rogue,Mage+Hunter,Mage+Rogue,1,team1,kill,17.87
Mage+Hunter_vs_Mage+Rogue,Mage+Hunter,Mage+Rogue,2,team1,kill,22.40
Mage+Hunter_vs_Mage+Rogue,Mage+Hunter,Mage+Rogue,3,team1,kill,17.87
Mage+Hunter_vs_Mage+Rogue,Mage+Hunter,Mage+Rogue,4,team1,kill,16.42
Mage+Hunter_vs_Mage+Priest,Mage+Hunter,Mage+Priest,0,team2,kill,21.07
Mage+Hunter_vs_Mage+Priest,Mage+Hunter,Mage+Priest,1,team2,kill,21.25
Mage+Hunter_vs_Mage+Priest,Mage+Hunter,Mage+Priest,2,team2,kill,21.45
Mage+Hunter_vs_Mage+Priest,Mage+Hunter,Mage+Priest,3,team2,kill,22.65
Mage+Hunter_vs_Mage+Priest,Mage+Hunter,Mage+Priest,4,team2,kill,22.17
Mage+Hunter_vs_Mage+Warlock,Mage+Hunter,Mage+Warlock,0,team2,kill,15.23
Mage+Hunter_vs_Mage+Warlock,Mage+Hunter,Mage+Warlock,1,team2,kill,15.23
Mage+Hunter_vs_Mage+Warlock,Mage+Hunter,Mage+Warlock,2,team2,kill,14.92
Mage+Hunter_vs_Mage+Warlock,Mage+Hunter,Mage+Warlock,3,team2,kill,15.23
Mage+Hunter_vs_Mage+Warlock,Mage+Hunter,Mage+Warlock,4,team2,kill,15.23
Mage+Hunter_vs_Mage+Paladin,Mage+Hunter,Mage+Paladin,0,team2,kill,27.53
Mage+Hunter_vs_Mage+Paladin,Mage+Hunter,Mage+Paladin,1,team2,kill,27.32
Mage+Hunter_vs_Mage+Paladin,Mage+Hunter,Mage+Paladin,2,team2,kill,27.15
Mage+Hunter_vs_Mage+Paladin,Mage+Hunter,Mage+Paladin,3,team2,kill,27.53
Mage+Hunter_vs_Mage+Paladin,Mage+Hunter,Mage+Paladin,4,team2,kill,27.18
Mage+Hunter_vs_Mage+Shaman,Mage+Hunter,Mage+Shaman,0,team2,kill,21.53
Mage+Hunter_vs_Mage+Shaman,Mage+Hunter,Mage+Shaman,1,team1,kill,15.68
Mage+Hunter_vs_Mage+Shaman,Mage+Hunter,Mage+Shaman,2,team2,kill,19.40
Mage+Hunter_vs_Mage+Shaman,Mage+Hunter,Mage+Shaman,3,team2,kill,18.88
Mage+Hunter_vs_Mage+Shaman,Mage+Hunter,Mage+Shaman,4,team2,kill,21.32
Mage+Hunter_vs_Rogue+Priest,Mage+Hunter,Rogue+Priest,0,team2,kill,69.30
Mage+Hunter_vs_Rogue+Priest,Mage+Hunter,Rogue+Priest,1,team1,kill,75.03
Mage+Hunter_vs_Rogue+Priest,Mage+Hunter,Rogue+Priest,2,team2,kill,51.97
Mage+Hunter_vs_Rogue+Priest,Mage+Hunter,Rogue+Priest,3,team2,kill,52.87
Mage+Hunter_vs_Rogue+Priest,Mage+Hunter,Rogue+Priest,4,team2,kill,69.30
Mage+Hunter_vs_Rogue+Warlock,Mage+Hunter,Rogue+Warlock,0,team1,kill,21.35
Mage+Hunter_vs_Rogue+Warlock,Mage+Hunter,Rogue+Warlock,1,team1,kill,20.92
Mage+Hunter_vs_Rogue+Warlock,Mage+Hunter,Rogue+Warlock,2,team1,kill,19.32
Mage+Hunter_vs_Rogue+Warlock,Mage+Hunter,Rogue+Warlock,3,team1,kill,19.32
Mage+Hunter_vs_Rogue+Warlock,Mage+Hunter,Rogue+Warlock,4,team1,kill,17.83
Mage+Hunter_vs_Rogue+Paladin,Mage+Hunter,Rogue+Paladin,0,team2,kill,48.80
Mage+Hunter_vs_Rogue+Paladin,Mage+Hunter,Rogue+Paladin,1,team2,kill,43.38
Mage+Hunter_vs_Rogue+Paladin,Mage+Hunter,Rogue+Paladin,2,team2,kill,48.60
Mage+Hunter_vs_Rogue+Paladin,Mage+Hunter,Rogue+Paladin,3,team2,kill,46.67
Mage+Hunter_vs_Rogue+Paladin,Mage+Hunter,Rogue+Paladin,4,team2,kill,48.60
Mage+Hunter_vs_Rogue+Hunter,Mage+Hunter,Rogue+Hunter,0,team1,kill,17.40
Mage+Hunter_vs_Rogue+Hunter,Mage+Hunter,Rogue+Hunter,1,team1,kill,17.40
Mage+Hunter_vs_Rogue+Hunter,Mage+Hunter,Rogue+Hunter,2,team1,kill,17.40
Mage+Hunter_vs_Rogue+Hunter,Mage+Hunter,Rogue+Hunter,3,team1,kill,17.40
Mage+Hunter_vs_Rogue+Hunter,Mage+Hunter,Rogue+Hunter,4,team1,kill,17.40
Mage+Hunter_vs_Rogue+Shaman,Mage+Hunter,Rogue+Shaman,0,team1,kill,17.72
Mage+Hunter_vs_Rogue+Shaman,Mage+Hunter,Rogue+Shaman,1,team1,kill,17.72
Mage+Hunter_vs_Rogue+Shaman,Mage+Hunter,Rogue+Shaman,2,team1,kill,16.47
Mage+Hunter_vs_Rogue+Shaman,Mage+Hunter,Rogue+Shaman,3,team1,kill,17.72
Mage+Hunter_vs_Rogue+Shaman,Mage+Hunter,Rogue+Shaman,4,team1,kill,16.48
Mage+Hunter_vs_Priest+Warlock,Mage+Hunter,Priest+Warlock,0,team2,kill,31.65
Mage+Hunter_vs_Priest+Warlock,Mage+Hunter,Priest+Warlock,1,team2,kill,31.65
Mage+Hunter_vs_Priest+Warlock,Mage+Hunter,Priest+Warlock,2,team1,kill,24.00
Mage+Hunter_vs_Priest+Warlock,Mage+Hunter,Priest+Warlock,3,team2,kill,31.65
Mage+Hunter_vs_Priest+Warlock,Mage+Hunter,Priest+Warlock,4,team2,kill,31.25
Mage+Hunter_vs_Priest+Hunter,Mage+Hunter,Priest+Hunter,0,team1,kill,25.02
Mage+Hunter_vs_Priest+Hunter,Mage+Hunter,Priest+Hunter,1,team1,kill,14.65
Mage+Hunter_vs_Priest+Hunter,Mage+Hunter,Priest+Hunter,2,team1,kill,17.58
Mage+Hunter_vs_Priest+Hunter,Mage+Hunter,Priest+Hunter,3,team1,kill,28.05
Mage+Hunter_vs_Priest+Hunter,Mage+Hunter,Priest+Hunter,4,team1,kill,14.65
Mage+Hunter_vs_Warlock+Paladin,Mage+Hunter,Warlock+Paladin,0,team2,kill,34.92
Mage+Hunter_vs_Warlock+Paladin,Mage+Hunter,Warlock+Paladin,1,team2,kill,32.93
Mage+Hunter_vs_Warlock+Paladin,Mage+Hunter,Warlock+Paladin,2,team2,kill,35.78
Mage+Hunter_vs_Warlock+Paladin,Mage+Hunter,Warlock+Paladin,3,team2,kill,34.50
Mage+Hunter_vs_Warlock+Paladin,Mage+Hunter,Warlock+Paladin,4,team2,kill,34.92
Mage+Hunter_vs_Warlock+Hunter,Mage+Hunter,Warlock+Hunter,0,team1,kill,17.67
Mage+Hunter_vs_Warlock+Hunter,Mage+Hunter,Warlock+Hunter,1,team1,kill,17.28
Mage+Hunter_vs_Warlock+Hunter,Mage+Hunter,Warlock+Hunter,2,team1,kill,16.28
Mage+Hunter_vs_Warlock+Hunter,Mage+Hunter,Warlock+Hunter,3,team1,kill,17.67
Mage+Hunter_vs_Warlock+Hunter,Mage+Hunter,Warlock+Hunter,4,team1,kill,14.73
Mage+Hunter_vs_Warlock+Shaman,Mage+Hunter,Warlock+Shaman,0,team2,kill,18.55
Mage+Hunter_vs_Warlock+Shaman,Mage+Hunter,Warlock+Shaman,1,team2,kill,25.15
Mage+Hunter_vs_Warlock+Shaman,Mage+Hunter,Warlock+Shaman,2,team2,kill,25.15
Mage+Hunter_vs_Warlock+Shaman,Mage+Hunter,Warlock+Shaman,3,team2,kill,26.60
Mage+Hunter_vs_Warlock+Shaman,Mage+Hunter,Warlock+Shaman,4,team2,kill,25.15
Mage+Hunter_vs_Paladin+Hunter,Mage+Hunter,Paladin+Hunter,0,team2,kill,32.45
Mage+Hunter_vs_Paladin+Hunter,Mage+Hunter,Paladin+Hunter,1,team2,kill,46.67
Mage+Hunter_vs_Paladin+Hunter,Mage+Hunter,Paladin+Hunter,2,team1,kill,33.07
Mage+Hunter_vs_Paladin+Hunter,Mage+Hunter,Paladin+Hunter,3,team2,kill,31.07
Mage+Hunter_vs_Paladin+Hunter,Mage+Hunter,Paladin+Hunter,4,team1,kill,39.78
Mage+Hunter_vs_Hunter+Shaman,Mage+Hunter,Hunter+Shaman,0,team1,kill,21.60
Mage+Hunter_vs_Hunter+Shaman,Mage+Hunter,Hunter+Shaman,1,team1,kill,16.52
Mage+Hunter_vs_Hunter+Shaman,Mage+Hunter,Hunter+Shaman,2,team1,kill,27.55
Mage+Hunter_vs_Hunter+Shaman,Mage+Hunter,Hunter+Shaman,3,team2,kill,18.83
Mage+Hunter_vs_Hunter+Shaman,Mage+Hunter,Hunter+Shaman,4,team1,kill,14.00
Mage+Shaman_vs_Warrior+Mage,Mage+Shaman,Warrior+Mage,0,team1,kill,15.17
Mage+Shaman_vs_Warrior+Mage,Mage+Shaman,Warrior+Mage,1,team1,kill,15.17
Mage+Shaman_vs_Warrior+Mage,Mage+Shaman,Warrior+Mage,2,team1,kill,16.68
Mage+Shaman_vs_Warrior+Mage,Mage+Shaman,Warrior+Mage,3,team1,kill,16.68
Mage+Shaman_vs_Warrior+Mage,Mage+Shaman,Warrior+Mage,4,team1,kill,16.68
Mage+Shaman_vs_Warrior+Rogue,Mage+Shaman,Warrior+Rogue,0,team1,kill,16.57
Mage+Shaman_vs_Warrior+Rogue,Mage+Shaman,Warrior+Rogue,1,team1,kill,15.83
Mage+Shaman_vs_Warrior+Rogue,Mage+Shaman,Warrior+Rogue,2,team1,kill,12.32
Mage+Shaman_vs_Warrior+Rogue,Mage+Shaman,Warrior+Rogue,3,team1,kill,15.83
Mage+Shaman_vs_Warrior+Rogue,Mage+Shaman,Warrior+Rogue,4,team1,kill,17.97
Mage+Shaman_vs_Warrior+Priest,Mage+Shaman,Warrior+Priest,0,team1,kill,26.37
Mage+Shaman_vs_Warrior+Priest,Mage+Shaman,Warrior+Priest,1,team1,kill,33.80
Mage+Shaman_vs_Warrior+Priest,Mage+Shaman,Warrior+Priest,2,team1,kill,25.20
Mage+Shaman_vs_Warrior+Priest,Mage+Shaman,Warrior+Priest,3,team1,kill,28.85
Mage+Shaman_vs_Warrior+Priest,Mage+Shaman,Warrior+Priest,4,team2,kill,42.38
Mage+Shaman_vs_Warrior+Warlock,Mage+Shaman,Warrior+Warlock,0,team1,kill,29.53
Mage+Shaman_vs_Warrior+Warlock,Mage+Shaman,Warrior+Warlock,1,team1,kill,31.18
Mage+Shaman_vs_Warrior+Warlock,Mage+Shaman,Warrior+Warlock,2,team1,kill,31.28
Mage+Shaman_vs_Warrior+Warlock,Mage+Shaman,Warrior+Warlock,3,team1,kill,29.92
Mage+Shaman_vs_Warrior+Warlock,Mage+Shaman,Warrior+Warlock,4,team1,kill,31.53
Mage+Shaman_vs_Warrior+Paladin,Mage+Shaman,Warrior+Paladin,0,team1,kill,29.15
Mage+Shaman_vs_Warrior+Paladin,Mage+Shaman,Warrior+Paladin,1,team1,kill,28.85
Mage+Shaman_vs_Warrior+Paladin,Mage+Shaman,Warrior+Paladin,2,team1,kill,31.17
Mage+Shaman_vs_Warrior+Paladin,Mage+Shaman,Warrior+Paladin,3,team1,kill,31.65
Mage+Shaman_vs_Warrior+Paladin,Mage+Shaman,Warrior+Paladin,4,team1,kill,31.57
Mage+Shaman_vs_Warrior+Hunter,Mage+Shaman,Warrior+Hunter,0,team1,kill,16.52
Mage+Shaman_vs_Warrior+Hunter,Mage+Shaman,Warrior+Hunter,1,team1,kill,14.57
Mage+Shaman_vs_Warrior+Hunter,Mage+Shaman,Warrior+Hunter,2,team1,kill,13.53
Mage+Shaman_vs_Warrior+Hunter,Mage+Shaman,Warrior+Hunter,3,team1,kill,16.05
Mage+Shaman_vs_Warrior+Hunter,Mage+Shaman,Warrior+Hunter,4,team1,kill,16.52
Mage+Shaman_vs_Warrior+Shaman,Mage+Shaman,Warrior+Shaman,0,team1,kill,16.22
Mage+Shaman_vs_Warrior+Shaman,Mage+Shaman,Warrior+Shaman,1,team1,kill,16.28
Mage+Shaman_vs_Warrior+Shaman,Mage+Shaman,Warrior+Shaman,2,team1,kill,15.28
Mage+Shaman_vs_Warrior+Shaman,Mage+Shaman,Warrior+Shaman,3,team1,kill,16.22
Mage+Shaman_vs_Warrior+Shaman,Mage+Shaman,Warrior+Shaman,4,team1,kill,15.28
Mage+Shaman_vs_Mage+Rogue,Mage+Shaman,Mage+Rogue,0,team1,kill,15.70
Mage+Shaman_vs_Mage+Rogue,Mage+Shaman,Mage+Rogue,1,team1,kill,15.73
Mage+Shaman_vs_Mage+Rogue,Mage+Shaman,Mage+Rogue,2,team1,kill,15.72
Mage+Shaman_vs_Mage+Rogue,Mage+Shaman,Mage+Rogue,3,team1,kill,13.32
Mage+Shaman_vs_Mage+Rogue,Mage+Shaman,Mage+Rogue,4,team1,kill,14.55
Mage+Shaman_vs_Mage+Priest,Mage+Shaman,Mage+Priest,0,team2,kill,27.65
Mage+Shaman_vs_Mage+Priest,Mage+Shaman,Mage+Priest,1,team2,kill,40.65
Mage+Shaman_vs_Mage+Priest,Mage+Shaman,Mage+Priest,2,team2,kill,56.58
Mage+Shaman_vs_Mage+Priest,Mage+Shaman,Mage+Priest,3,team2,kill,39.47
Mage+Shaman_vs_Mage+Priest,Mage+Shaman,Mage+Priest,4,team2,kill,58.33
Mage+Shaman_vs_Mage+Warlock,Mage+Shaman,Mage+Warlock,0,team1,kill,24.48
Mage+Shaman_vs_Mage+Warlock,Mage+Shaman,Mage+Warlock,1,team1,kill,24.47
Mage+Shaman_vs_Mage+Warlock,Mage+Shaman,Mage+Warlock,2,team1,kill,26.42
Mage+Shaman_vs_Mage+Warlock,Mage+Shaman,Mage+Warlock,3,team1,kill,20.52
Mage+Shaman_vs_Mage+Warlock,Mage+Shaman,Mage+Warlock,4,team1,kill,28.52
Mage+Shaman_vs_Mage+Paladin,Mage+Shaman,Mage+Paladin,0,team2,kill,25.03
Mage+Shaman_vs_Mage+Paladin,Mage+Shaman,Mage+Paladin,1,team2,kill,32.28
Mage+Shaman_vs_Mage+Paladin,Mage+Shaman,Mage+Paladin,2,team2,kill,31.90
Mage+Shaman_vs_Mage+Paladin,Mage+Shaman,Mage+Paladin,3,team2,kill,28.82
Mage+Shaman_vs_Mage+Paladin,Mage+Shaman,Mage+Paladin,4,team2,kill,34.48
Mage+Shaman_vs_Mage+Hunter,Mage+Shaman,Mage+Hunter,0,team1,kill,21.43
Mage+Shaman_vs_Mage+Hunter,Mage+Shaman,Mage+Hunter,1,team2,kill,15.68
Mage+Shaman_vs_Mage+Hunter,Mage+Shaman,Mage+Hunter,2,team1,kill,19.47
Mage+Shaman_vs_Mage+Hunter,Mage+Shaman,Mage+Hunter,3,team1,kill,19.20
Mage+Shaman_vs_Mage+Hunter,Mage+Shaman,Mage+Hunter,4,team1,kill,21.67
Mage+Shaman_vs_Rogue+Priest,Mage+Shaman,Rogue+Priest,0,team1,kill,42.42
Mage+Shaman_vs_Rogue+Priest,Mage+Shaman,Rogue+Priest,1,team2,kill,45.55
Mage+Shaman_vs_Rogue+Priest,Mage+Shaman,Rogue+Priest,2,team2,kill,49.90
Mage+Shaman_vs_Rogue+Priest,Mage+Shaman,Rogue+Priest,3,team1,kill,42.42
Mage+Shaman_vs_Rogue+Priest,Mage+Shaman,Rogue+Priest,4,team1,kill,24.67
Mage+Shaman_vs_Rogue+Warlock,Mage+Shaman,Rogue+Warlock,0,team1,kill,28.17
Mage+Shaman_vs_Rogue+Warlock,Mage+Shaman,Rogue+Warlock,1,team1,kill,22.10
Mage+Shaman_vs_Rogue+Warlock,Mage+Shaman,Rogue+Warlock,2,team1,kill,21.33
Mage+Shaman_vs_Rogue+Warlock,Mage+Shaman,Rogue+Warlock,3,team1,kill,25.92
Mage+Shaman_vs_Rogue+Warlock,Mage+Shaman,Rogue+Warlock,4,team1,kill,23.67
Mage+Shaman_vs_Rogue+Paladin,Mage+Shaman,Rogue+Paladin,0,team2,kill,37.08
Mage+Shaman_vs_Rogue+Paladin,Mage+Shaman,Rogue+Paladin,1,team2,kill,37.33
Mage+Shaman_vs_Rogue+Paladin,Mage+Shaman,Rogue+Paladin,2,team1,kill,108.43
Mage+Shaman_vs_Rogue+Paladin,Mage+Shaman,Rogue+Paladin,3,team1,kill,46.93
Mage+Shaman_vs_Rogue+Paladin,Mage+Shaman,Rogue+Paladin,4,team1,kill,39.15
Mage+Shaman_vs_Rogue+Hunter,Mage+Shaman,Rogue+Hunter,0,team1,kill,18.22
Mage+Shaman_vs_Rogue+Hunter,Mage+Shaman,Rogue+Hunter,1,team1,kill,18.22
Mage+Shaman_vs_Rogue+Hunter,Mage+Shaman,Rogue+Hunter,2,team1,kill,18.22
Mage+Shaman_vs_Rogue+Hunter,Mage+Shaman,Rogue+Hunter,3,team1,kill,18.22
Mage+Shaman_vs_Rogue+Hunter,Mage+Shaman,Rogue+Hunter,4,team1,kill,18.22
Mage+Shaman_vs_Rogue+Shaman,Mage+Shaman,Rogue+Shaman,0,team2,kill,24.33
Mage+Shaman_vs_Rogue+Shaman,Mage+Shaman,Rogue+Shaman,1,team2,kill,34.38
Mage+Shaman_vs_Rogue+Shaman,Mage+Shaman,Rogue+Shaman,2,team2,kill,46.65
Mage+Shaman_vs_Rogue+Shaman,Mage+Shaman,Rogue+Shaman,3,team1,kill,35.30
Mage+Shaman_vs_Rogue+Shaman,Mage+Shaman,Rogue+Shaman,4,team1,kill,27.77
Mage+Shaman_vs_Priest+Warlock,Mage+Shaman,Priest+Warlock,0,team1,kill,31.20
Mage+Shaman_vs_Priest+Warlock,Mage+Shaman,Priest+Warlock,1,team1,kill,29.15
Mage+Shaman_vs_Priest+Warlock,Mage+Shaman,Priest+Warlock,2,team1,kill,33.25
Mage+Shaman_vs_Priest+Warlock,Mage+Shaman,Priest+Warlock,3,team2,kill,52.40
Mage+Shaman_vs_Priest+Warlock,Mage+Shaman,Priest+Warlock,4,team2,kill,55.30
Mage+Shaman_vs_Priest+Hunter,Mage+Shaman,Priest+Hunter,0,team1,kill,24.63
Mage+Shaman_vs_Priest+Hunter,Mage+Shaman,Priest+Hunter,1,team1,kill,19.60
Mage+Shaman_vs_Priest+Hunter,Mage+Shaman,Priest+Hunter,2,team1,kill,24.63
Mage+Shaman_vs_Priest+Hunter,Mage+Shaman,Priest+Hunter,3,team1,kill,20.65
Mage+Shaman_vs_Priest+Hunter,Mage+Shaman,Priest+Hunter,4,team1,kill,24.63
Mage+Shaman_vs_Warlock+Paladin,Mage+Shaman,Warlock+Paladin,0,team2,kill,30.48
Mage+Shaman_vs_Warlock+Paladin,Mage+Shaman,Warlock+Paladin,1,team1,kill,27.52
Mage+Shaman_vs_Warlock+Paladin,Mage+Shaman,Warlock+Paladin,2,team1,kill,32.58
Mage+Shaman_vs_Warlock+Paladin,Mage+Shaman,Warlock+Paladin,3,team1,kill,29.57
Mage+Shaman_vs_Warlock+Paladin,Mage+Shaman,Warlock+Paladin,4,team2,kill,54.37
Mage+Shaman_vs_Warlock+Hunter,Mage+Shaman,Warlock+Hunter,0,team1,kill,13.15
Mage+Shaman_vs_Warlock+Hunter,Mage+Shaman,Warlock+Hunter,1,team1,kill,16.90
Mage+Shaman_vs_Warlock+Hunter,Mage+Shaman,Warlock+Hunter,2,team1,kill,13.48
Mage+Shaman_vs_Warlock+Hunter,Mage+Shaman,Warlock+Hunter,3,team1,kill,13.48
Mage+Shaman_vs_Warlock+Hunter,Mage+Shaman,Warlock+Hunter,4,team1,kill,19.87
Mage+Shaman_vs_Warlock+Shaman,Mage+Shaman,Warlock+Shaman,0,team1,kill,13.27
Mage+Shaman_vs_Warlock+Shaman,Mage+Shaman,Warlock+Shaman,1,team1,kill,16.40
Mage+Shaman_vs_Warlock+Shaman,Mage+Shaman,Warlock+Shaman,2,team1,kill,32.37
Mage+Shaman_vs_Warlock+Shaman,Mage+Shaman,Warlock+Shaman,3,team1,kill,19.97
Mage+Shaman_vs_Warlock+Shaman,Mage+Shaman,Warlock+Shaman,4,team1,kill,24.95
Mage+Shaman_vs_Paladin+Hunter,Mage+Shaman,Paladin+Hunter,0,team1,kill,30.03
Mage+Shaman_vs_Paladin+Hunter,Mage+Shaman,Paladin+Hunter,1,team1,kill,27.03
Mage+Shaman_vs_Paladin+Hunter,Mage+Shaman,Paladin+Hunter,2,team1,kill,30.03
Mage+Shaman_vs_Paladin+Hunter,Mage+Shaman,Paladin+Hunter,3,team1,kill,28.52
Mage+Shaman_vs_Paladin+Hunter,Mage+Shaman,Paladin+Hunter,4,team1,kill,26.98
Mage+Shaman_vs_Hunter+Shaman,Mage+Shaman,Hunter+Shaman,0,team1,kill,11.67
Mage+Shaman_vs_Hunter+Shaman,Mage+Shaman,Hunter+Shaman,1,team1,kill,14.70
Mage+Shaman_vs_Hunter+Shaman,Mage+Shaman,Hunter+Shaman,2,team1,kill,10.00
Mage+Shaman_vs_Hunter+Shaman,Mage+Shaman,Hunter+Shaman,3,team1,kill,14.70
Mage+Shaman_vs_Hunter+Shaman,Mage+Shaman,Hunter+Shaman,4,team1,kill,13.18
Rogue+Priest_vs_Warrior+Mage,Rogue+Priest,Warrior+Mage,0,team1,kill,26.15
Rogue+Priest_vs_Warrior+Mage,Rogue+Priest,Warrior+Mage,1,team1,kill,26.75
Rogue+Priest_vs_Warrior+Mage,Rogue+Priest,Warrior+Mage,2,team1,kill,34.02
Rogue+Priest_vs_Warrior+Mage,Rogue+Priest,Warrior+Mage,3,team1,kill,30.67
Rogue+Priest_vs_Warrior+Mage,Rogue+Priest,Warrior+Mage,4,team1,kill,32.98
Rogue+Priest_vs_Warrior+Rogue,Rogue+Priest,Warrior+Rogue,0,team2,kill,25.30
Rogue+Priest_vs_Warrior+Rogue,Rogue+Priest,Warrior+Rogue,1,team2,kill,20.92
Rogue+Priest_vs_Warrior+Rogue,Rogue+Priest,Warrior+Rogue,2,team1,kill,25.53
Rogue+Priest_vs_Warrior+Rogue,Rogue+Priest,Warrior+Rogue,3,team2,kill,25.30
Rogue+Priest_vs_Warrior+Rogue,Rogue+Priest,Warrior+Rogue,4,team2,kill,22.87
Rogue+Priest_vs_Warrior+Priest,Rogue+Priest,Warrior+Priest,0,team1,kill,53.52
Rogue+Priest_vs_Warrior+Priest,Rogue+Priest,Warrior+Priest,1,team1,kill,52.38
Rogue+Priest_vs_Warrior+Priest,Rogue+Priest,Warrior+Priest,2,team1,kill,47.22
Rogue+Priest_vs_Warrior+Priest,Rogue+Priest,Warrior+Priest,3,team1,kill,51.90
Rogue+Priest_vs_Warrior+Priest,Rogue+Priest,Warrior+Priest,4,team1,kill,52.72
Rogue+Priest_vs_Warrior+Warlock,Rogue+Priest,Warrior+Warlock,0,team1,kill,28.83
Rogue+Priest_vs_Warrior+Warlock,Rogue+Priest,Warrior+Warlock,1,team1,kill,26.62
Rogue+Priest_vs_Warrior+Warlock,Rogue+Priest,Warrior+Warlock,2,team1,kill,30.48
Rogue+Priest_vs_Warrior+Warlock,Rogue+Priest,Warrior+Warlock,3,team1,kill,28.30
Rogue+Priest_vs_Warrior+Warlock,Rogue+Priest,Warrior+Warlock,4,team1,kill,28.83
Rogue+Priest_vs_Warrior+Paladin,Rogue+Priest,Warrior+Paladin,0,team1,kill,68.68
Rogue+Priest_vs_Warrior+Paladin,Rogue+Priest,Warrior+Paladin,1,team1,kill,60.85
Rogue+Priest_vs_Warrior+Paladin,Rogue+Priest,Warrior+Paladin,2,team1,kill,63.57
Rogue+Priest_vs_Warrior+Paladin,Rogue+Priest,Warrior+Paladin,3,team1,kill,71.32
Rogue+Priest_vs_Warrior+Paladin,Rogue+Priest,Warrior+Paladin,4,team1,kill,70.63
Rogue+Priest_vs_Warrior+Hunter,Rogue+Priest,Warrior+Hunter,0,team2,kill,16.17
Rogue+Priest_vs_Warrior+Hunter,Rogue+Priest,Warrior+Hunter,1,team2,kill,15.55
Rogue+Priest_vs_Warrior+Hunter,Rogue+Priest,Warrior+Hunter,2,team2,kill,15.55
Rogue+Priest_vs_Warrior+Hunter,Rogue+Priest,Warrior+Hunter,3,team2,kill,17.92
Rogue+Priest_vs_Warrior+Hunter,Rogue+Priest,Warrior+Hunter,4,team2,kill,16.02
Rogue+Priest_vs_Warrior+Shaman,Rogue+Priest,Warrior+Shaman,0,team1,kill,44.58
Rogue+Priest_vs_Warrior+Shaman,Rogue+Priest,Warrior+Shaman,1,team1,kill,48.37
Rogue+Priest_vs_Warrior+Shaman,Rogue+Priest,Warrior+Shaman,2,team1,kill,45.43
Rogue+Priest_vs_Warrior+Shaman,Rogue+Priest,Warrior+Shaman,3,team1,kill,54.05
Rogue+Priest_vs_Warrior+Shaman,Rogue+Priest,Warrior+Shaman,4,team1,kill,42.73
Rogue+Priest_vs_Mage+Rogue,Rogue+Priest,Mage+Rogue,0,team2,kill,21.98
Rogue+Priest_vs_Mage+Rogue,Rogue+Priest,Mage+Rogue,1,team2,kill,23.32
Rogue+Priest_vs_Mage+Rogue,Rogue+Priest,Mage+Rogue,2,team2,kill,22.65
Rogue+Priest_vs_Mage+Rogue,Rogue+Priest,Mage+Rogue,3,team2,kill,24.25
Rogue+Priest_vs_Mage+Rogue,Rogue+Priest,Mage+Rogue,4,team2,kill,22.73
Rogue+Priest_vs_Mage+Priest,Rogue+Priest,Mage+Priest,0,team2,kill,42.35
Rogue+Priest_vs_Mage+Priest,Rogue+Priest,Mage+Priest,1,team1,kill,48.52
Rogue+Priest_vs_Mage+Priest,Rogue+Priest,Mage+Priest,2,team1,kill,52.43
Rogue+Priest_vs_Mage+Priest,Rogue+Priest,Mage+Priest,3,team2,kill,43.55
Rogue+Priest_vs_Mage+Priest,Rogue+Priest,Mage+Priest,4,team1,kill,51.05
Rogue+Priest_vs_Mage+Warlock,Rogue+Priest,Mage+Warlock,0,team1,kill,35.07
Rogue+Priest_vs_Mage+Warlock,Rogue+Priest,Mage+Warlock,1,team1,kill,30.40
Rogue+Priest_vs_Mage+Warlock,Rogue+Priest,Mage+Warlock,2,team1,kill,26.73
Rogue+Priest_vs_Mage+Warlock,Rogue+Priest,Mage+Warlock,3,team1,kill,29.32
Rogue+Priest_vs_Mage+Warlock,Rogue+Priest,Mage+Warlock,4,team1,kill,30.95
Rogue+Priest_vs_Mage+Paladin,Rogue+Priest,Mage+Paladin,0,team1,kill,82.12
Rogue+Priest_vs_Mage+Paladin,Rogue+Priest,Mage+Paladin,1,team1,kill,81.35
Rogue+Priest_vs_Mage+Paladin,Rogue+Priest,Mage+Paladin,2,team1,kill,79.85
Rogue+Priest_vs_Mage+Paladin,Rogue+Priest,Mage+Paladin,3,team1,kill,81.42
Rogue+Priest_vs_Mage+Paladin,Rogue+Priest,Mage+Paladin,4,team1,kill,75.79
Rogue+Priest_vs_Mage+Hunter,Rogue+Priest,Mage+Hunter,0,team1,kill,69.30
Rogue+Priest_vs_Mage+Hunter,Rogue+Priest,Mage+Hunter,1,team2,kill,75.03
Rogue+Priest_vs_Mage+Hunter,Rogue+Priest,Mage+Hunter,2,team1,kill,52.28
Rogue+Priest_vs_Mage+Hunter,Rogue+Priest,Mage+Hunter,3,team1,kill,52.87
Rogue+Priest_vs_Mage+Hunter,Rogue+Priest,Mage+Hunter,4,team1,kill,69.30
Rogue+Priest_vs_Mage+Shaman,Rogue+Priest,Mage+Shaman,0,team2,kill,42.42
Rogue+Priest_vs_Mage+Shaman,Rogue+Priest,Mage+Shaman,1,team1,kill,44.78
Rogue+Priest_vs_Mage+Shaman,Rogue+Priest,Mage+Shaman,2,team1,kill,49.90
Rogue+Priest_vs_Mage+Shaman,Rogue+Priest,Mage+Shaman,3,team2,kill,42.42
Rogue+Priest_vs_Mage+Shaman,Rogue+Priest,Mage+Shaman,4,team2,kill,24.67
Rogue+Priest_vs_Rogue+Warlock,Rogue+Priest,Rogue+Warlock,0,team1,kill,22.95
Rogue+Priest_vs_Rogue+Warlock,Rogue+Priest,Rogue+Warlock,1,team1,kill,24.97
Rogue+Priest_vs_Rogue+Warlock,Rogue+Priest,Rogue+Warlock,2,team1,kill,26.83
Rogue+Priest_vs_Rogue+Warlock,Rogue+Priest,Rogue+Warlock,3,team1,kill,25.25
Rogue+Priest_vs_Rogue+Warlock,Rogue+Priest,Rogue+Warlock,4,team1,kill,23.32
Rogue+Priest_vs_Rogue+Paladin,Rogue+Priest,Rogue+Paladin,0,team2,kill,33.18
Rogue+Priest_vs_Rogue+Paladin,Rogue+Priest,Rogue+Paladin,1,team2,kill,27.93
Rogue+Priest_vs_Rogue+Paladin,Rogue+Priest,Rogue+Paladin,2,team2,kill,31.03
Rogue+Priest_vs_Rogue+Paladin,Rogue+Priest,Rogue+Paladin,3,team2,kill,29.18
Rogue+Priest_vs_Rogue+Paladin,Rogue+Priest,Rogue+Paladin,4,team1,kill,54.05
Rogue+Priest_vs_Rogue+Hunter,Rogue+Priest,Rogue+Hunter,0,draw,kill,32.95
Rogue+Priest_vs_Rogue+Hunter,Rogue+Priest,Rogue+Hunter,1,team2,kill,31.20
Rogue+Priest_vs_Rogue+Hunter,Rogue+Priest,Rogue+Hunter,2,team2,kill,30.97
Rogue+Priest_vs_Rogue+Hunter,Rogue+Priest,Rogue+Hunter,3,team1,kill,32.02
Rogue+Priest_vs_Rogue+Hunter,Rogue+Priest,Rogue+Hunter,4,team2,kill,32.37
Rogue+Priest_vs_Rogue+Shaman,Rogue+Priest,Rogue+Shaman,0,team2,kill,27.98
Rogue+Priest_vs_Rogue+Shaman,Rogue+Priest,Rogue+Shaman,1,team2,kill,27.40
Rogue+Priest_vs_Rogue+Shaman,Rogue+Priest,Rogue+Shaman,2,team2,kill,27.28
Rogue+Priest_vs_Rogue+Shaman,Rogue+Priest,Rogue+Shaman,3,team2,kill,28.65
Rogue+Priest_vs_Rogue+Shaman,Rogue+Priest,Rogue+Shaman,4,team2,kill,27.28
Rogue+Priest_vs_Priest+Warlock,Rogue+Priest,Priest+Warlock,0,team1,kill,29.55
Rogue+Priest_vs_Priest+Warlock,Rogue+Priest,Priest+Warlock,1,team1,kill,28.02
Rogue+Priest_vs_Priest+Warlock,Rogue+Priest,Priest+Warlock,2,team1,kill,29.55
Rogue+Priest_vs_Priest+Warlock,Rogue+Priest,Priest+Warlock,3,team1,kill,31.55
Rogue+Priest_vs_Priest+Warlock,Rogue+Priest,Priest+Warlock,4,team1,kill,25.73
Rogue+Priest_vs_Priest+Hunter,Rogue+Priest,Priest+Hunter,0,team2,kill,62.63
Rogue+Priest_vs_Priest+Hunter,Rogue+Priest,Priest+Hunter,1,team2,kill,43.00
Rogue+Priest_vs_Priest+Hunter,Rogue+Priest,Priest+Hunter,2,team2,kill,57.08
Rogue+Priest_vs_Priest+Hunter,Rogue+Priest,Priest+Hunter,3,team2,kill,46.43
Rogue+Priest_vs_Priest+Hunter,Rogue+Priest,Priest+Hunter,4,team1,kill,69.22
Rogue+Priest_vs_Warlock+Paladin,Rogue+Priest,Warlock+Paladin,0,team1,kill,60.97
Rogue+Priest_vs_Warlock+Paladin,Rogue+Priest,Warlock+Paladin,1,team1,kill,66.37
Rogue+Priest_vs_Warlock+Paladin,Rogue+Priest,Warlock+Paladin,2,team1,kill,64.40
Rogue+Priest_vs_Warlock+Paladin,Rogue+Priest,Warlock+Paladin,3,team1,kill,69.88
Rogue+Priest_vs_Warlock+Paladin,Rogue+Priest,Warlock+Paladin,4,team1,kill,64.38
Rogue+Priest_vs_Warlock+Hunter,Rogue+Priest,Warlock+Hunter,0,team1,kill,31.28
Rogue+Priest_vs_Warlock+Hunter,Rogue+Priest,Warlock+Hunter,1,team1,kill,33.85
Rogue+Priest_vs_Warlock+Hunter,Rogue+Priest,Warlock+Hunter,2,team1,kill,48.05
Rogue+Priest_vs_Warlock+Hunter,Rogue+Priest,Warlock+Hunter,3,team1,kill,30.63
Rogue+Priest_vs_Warlock+Hunter,Rogue+Priest,Warlock+Hunter,4,team1,kill,46.85
Rogue+Priest_vs_Warlock+Shaman,Rogue+Priest,Warlock+Shaman,0,team1,kill,28.88
Rogue+Priest_vs_Warlock+Shaman,Rogue+Priest,Warlock+Shaman,1,team1,kill,30.15
Rogue+Priest_vs_Warlock+Shaman,Rogue+Priest,Warlock+Shaman,2,team1,kill,41.45
Rogue+Priest_vs_Warlock+Shaman,Rogue+Priest,Warlock+Shaman,3,team1,kill,31.78
Rogue+Priest_vs_Warlock+Shaman,Rogue+Priest,Warlock+Shaman,4,team1,kill,33.75
Rogue+Priest_vs_Paladin+Hunter,Rogue+Priest,Paladin+Hunter,0,team1,kill,83.95
Rogue+Priest_vs_Paladin+Hunter,Rogue+Priest,Paladin+Hunter,1,team2,kill,83.34
Rogue+Priest_vs_Paladin+Hunter,Rogue+Priest,Paladin+Hunter,2,team2,kill,77.27
Rogue+Priest_vs_Paladin+Hunter,Rogue+Priest,Paladin+Hunter,3,team1,kill,76.04
Rogue+Priest_vs_Paladin+Hunter,Rogue+Priest,Paladin+Hunter,4,team1,kill,92.31
Rogue+Priest_vs_Hunter+Shaman,Rogue+Priest,Hunter+Shaman,0,team1,kill,50.90
Rogue+Priest_vs_Hunter+Shaman,Rogue+Priest,Hunter+Shaman,1,team1,kill,46.03
Rogue+Priest_vs_Hunter+Shaman,Rogue+Priest,Hunter+Shaman,2,team1,kill,52.30
Rogue+Priest_vs_Hunter+Shaman,Rogue+Priest,Hunter+Shaman,3,team1,kill,50.93
Rogue+Priest_vs_Hunter+Shaman,Rogue+Priest,Hunter+Shaman,4,team1,kill,54.95
Rogue+Warlock_vs_Warrior+Mage,Rogue+Warlock,Warrior+Mage,0,team1,kill,26.88
Rogue+Warlock_vs_Warrior+Mage,Rogue+Warlock,Warrior+Mage,1,team1,kill,27.65
Rogue+Warlock_vs_Warrior+Mage,Rogue+Warlock,Warrior+Mage,2,team2,kill,21.67
Rogue+Warlock_vs_Warrior+Mage,Rogue+Warlock,Warrior+Mage,3,team2,kill,21.63
Rogue+Warlock_vs_Warrior+Mage,Rogue+Warlock,Warrior+Mage,4,team2,kill,16.28
Rogue+Warlock_vs_Warrior+Rogue,Rogue+Warlock,Warrior+Rogue,0,team2,kill,21.73
Rogue+Warlock_vs_Warrior+Rogue,Rogue+Warlock,Warrior+Rogue,1,team2,kill,21.30
Rogue+Warlock_vs_Warrior+Rogue,Rogue+Warlock,Warrior+Rogue,2,team2,kill,19.77
Rogue+Warlock_vs_Warrior+Rogue,Rogue+Warlock,Warrior+Rogue,3,team1,kill,20.42
Rogue+Warlock_vs_Warrior+Rogue,Rogue+Warlock,Warrior+Rogue,4,team1,kill,20.42
Rogue+Warlock_vs_Warrior+Priest,Rogue+Warlock,Warrior+Priest,0,team1,kill,48.27
Rogue+Warlock_vs_Warrior+Priest,Rogue+Warlock,Warrior+Priest,1,team2,kill,32.02
Rogue+Warlock_vs_Warrior+Priest,Rogue+Warlock,Warrior+Priest,2,team2,kill,29.88
Rogue+Warlock_vs_Warrior+Priest,Rogue+Warlock,Warrior+Priest,3,team2,kill,32.07
Rogue+Warlock_vs_Warrior+Priest,Rogue+Warlock,Warrior+Priest,4,team2,kill,32.52
Rogue+Warlock_vs_Warrior+Warlock,Rogue+Warlock,Warrior+Warlock,0,team1,kill,25.03
Rogue+Warlock_vs_Warrior+Warlock,Rogue+Warlock,Warrior+Warlock,1,team2,kill,27.00
Rogue+Warlock_vs_Warrior+Warlock,Rogue+Warlock,Warrior+Warlock,2,team1,kill,28.43
Rogue+Warlock_vs_Warrior+Warlock,Rogue+Warlock,Warrior+Warlock,3,team1,kill,22.18
Rogue+Warlock_vs_Warrior+Warlock,Rogue+Warlock,Warrior+Warlock,4,team1,kill,22.18
Rogue+Warlock_vs_Warrior+Paladin,Rogue+Warlock,Warrior+Paladin,0,team2,kill,29.63
Rogue+Warlock_vs_Warrior+Paladin,Rogue+Warlock,Warrior+Paladin,1,team2,kill,29.95
Rogue+Warlock_vs_Warrior+Paladin,Rogue+Warlock,Warrior+Paladin,2,team2,kill,33.37
Rogue+Warlock_vs_Warrior+Paladin,Rogue+Warlock,Warrior+Paladin,3,team2,kill,32.60
Rogue+Warlock_vs_Warrior+Paladin,Rogue+Warlock,Warrior+Paladin,4,team2,kill,26.72
Rogue+Warlock_vs_Warrior+Hunter,Rogue+Warlock,Warrior+Hunter,0,team2,kill,29.70
Rogue+Warlock_vs_Warrior+Hunter,Rogue+Warlock,Warrior+Hunter,1,team1,kill,31.13
Rogue+Warlock_vs_Warrior+Hunter,Rogue+Warlock,Warrior+Hunter,2,team2,kill,29.68
Rogue+Warlock_vs_Warrior+Hunter,Rogue+Warlock,Warrior+Hunter,3,team2,kill,27.20
Rogue+Warlock_vs_Warrior+Hunter,Rogue+Warlock,Warrior+Hunter,4,team2,kill,23.77
Rogue+Warlock_vs_Warrior+Shaman,Rogue+Warlock,Warrior+Shaman,0,team2,kill,27.45
Rogue+Warlock_vs_Warrior+Shaman,Rogue+Warlock,Warrior+Shaman,1,team1,kill,24.55
Rogue+Warlock_vs_Warrior+Shaman,Rogue+Warlock,Warrior+Shaman,2,team1,kill,24.87
Rogue+Warlock_vs_Warrior+Shaman,Rogue+Warlock,Warrior+Shaman,3,team2,kill,31.02
Rogue+Warlock_vs_Warrior+Shaman,Rogue+Warlock,Warrior+Shaman,4,team1,kill,22.88
Rogue+Warlock_vs_Mage+Rogue,Rogue+Warlock,Mage+Rogue,0,team2,kill,21.37
Rogue+Warlock_vs_Mage+Rogue,Rogue+Warlock,Mage+Rogue,1,team2,kill,22.15
Rogue+Warlock_vs_Mage+Rogue,Rogue+Warlock,Mage+Rogue,2,team2,kill,22.88
Rogue+Warlock_vs_Mage+Rogue,Rogue+Warlock,Mage+Rogue,3,team2,kill,23.57
Rogue+Warlock_vs_Mage+Rogue,Rogue+Warlock,Mage+Rogue,4,team1,kill,22.82
Rogue+Warlock_vs_Mage+Priest,Rogue+Warlock,Mage+Priest,0,team2,kill,39.07
Rogue+Warlock_vs_Mage+Priest,Rogue+Warlock,Mage+Priest,1,team2,kill,32.25
Rogue+Warlock_vs_Mage+Priest,Rogue+Warlock,Mage+Priest,2,team2,kill,35.85
Rogue+Warlock_vs_Mage+Priest,Rogue+Warlock,Mage+Priest,3,team2,kill,40.57
Rogue+Warlock_vs_Mage+Priest,Rogue+Warlock,Mage+Priest,4,team2,kill,38.03
Rogue+Warlock_vs_Mage+Warlock,Rogue+Warlock,Mage+Warlock,0,team2,kill,24.32
Rogue+Warlock_vs_Mage+Warlock,Rogue+Warlock,Mage+Warlock,1,team2,kill,24.22
Rogue+Warlock_vs_Mage+Warlock,Rogue+Warlock,Mage+Warlock,2,team2,kill,19.85
Rogue+Warlock_vs_Mage+Warlock,Rogue+Warlock,Mage+Warlock,3,team2,kill,24.18
Rogue+Warlock_vs_Mage+Warlock,Rogue+Warlock,Mage+Warlock,4,team2,kill,19.85
Rogue+Warlock_vs_Mage+Paladin,Rogue+Warlock,Mage+Paladin,0,team2,kill,29.33
Rogue+Warlock_vs_Mage+Paladin,Rogue+Warlock,Mage+Paladin,1,team1,kill,51.98
Rogue+Warlock_vs_Mage+Paladin,Rogue+Warlock,Mage+Paladin,2,team1,kill,45.65
Rogue+Warlock_vs_Mage+Paladin,Rogue+Warlock,Mage+Paladin,3,team2,kill,42.30
Rogue+Warlock_vs_Mage+Paladin,Rogue+Warlock,Mage+Paladin,4,team2,kill,45.83
Rogue+Warlock_vs_Mage+Hunter,Rogue+Warlock,Mage+Hunter,0,team2,kill,21.35
Rogue+Warlock_vs_Mage+Hunter,Rogue+Warlock,Mage+Hunter,1,team2,kill,20.92
Rogue+Warlock_vs_Mage+Hunter,Rogue+Warlock,Mage+Hunter,2,team2,kill,19.32
Rogue+Warlock_vs_Mage+Hunter,Rogue+Warlock,Mage+Hunter,3,team2,kill,19.32
Rogue+Warlock_vs_Mage+Hunter,Rogue+Warlock,Mage+Hunter,4,team2,kill,17.83
Rogue+Warlock_vs_Mage+Shaman,Rogue+Warlock,Mage+Shaman,0,team2,kill,28.17
Rogue+Warlock_vs_Mage+Shaman,Rogue+Warlock,Mage+Shaman,1,team2,kill,22.10
Rogue+Warlock_vs_Mage+Shaman,Rogue+Warlock,Mage+Shaman,2,team2,kill,22.10
Rogue+Warlock_vs_Mage+Shaman,Rogue+Warlock,Mage+Shaman,3,team2,kill,22.10
Rogue+Warlock_vs_Mage+Shaman,Rogue+Warlock,Mage+Shaman,4,team2,kill,23.67
Rogue+Warlock_vs_Rogue+Priest,Rogue+Warlock,Rogue+Priest,0,team2,kill,22.95
Rogue+Warlock_vs_Rogue+Priest,Rogue+Warlock,Rogue+Priest,1,team2,kill,24.97
Rogue+Warlock_vs_Rogue+Priest,Rogue+Warlock,Rogue+Priest,2,team2,kill,26.83
Rogue+Warlock_vs_Rogue+Priest,Rogue+Warlock,Rogue+Priest,3,team2,kill,25.25
Rogue+Warlock_vs_Rogue+Priest,Rogue+Warlock,Rogue+Priest,4,team2,kill,23.32
Rogue+Warlock_vs_Rogue+Paladin,Rogue+Warlock,Rogue+Paladin,0,team2,kill,25.22
Rogue+Warlock_vs_Rogue+Paladin,Rogue+Warlock,Rogue+Paladin,1,team2,kill,25.47
Rogue+Warlock_vs_Rogue+Paladin,Rogue+Warlock,Rogue+Paladin,2,team2,kill,31.57
Rogue+Warlock_vs_Rogue+Paladin,Rogue+Warlock,Rogue+Paladin,3,team2,kill,24.92
Rogue+Warlock_vs_Rogue+Paladin,Rogue+Warlock,Rogue+Paladin,4,team2,kill,34.00
Rogue+Warlock_vs_Rogue+Hunter,Rogue+Warlock,Rogue+Hunter,0,team1,kill,26.87
Rogue+Warlock_vs_Rogue+Hunter,Rogue+Warlock,Rogue+Hunter,1,team1,kill,27.23
Rogue+Warlock_vs_Rogue+Hunter,Rogue+Warlock,Rogue+Hunter,2,team2,kill,26.22
Rogue+Warlock_vs_Rogue+Hunter,Rogue+Warlock,Rogue+Hunter,3,team1,kill,28.60
Rogue+Warlock_vs_Rogue+Hunter,Rogue+Warlock,Rogue+Hunter,4,team1,kill,28.60
Rogue+Warlock_vs_Rogue+Shaman,Rogue+Warlock,Rogue+Shaman,0,team2,kill,24.43
Rogue+Warlock_vs_Rogue+Shaman,Rogue+Warlock,Rogue+Shaman,1,team2,kill,25.15
Rogue+Warlock_vs_Rogue+Shaman,Rogue+Warlock,Rogue+Shaman,2,team1,kill,26.95
Rogue+Warlock_vs_Rogue+Shaman,Rogue+Warlock,Rogue+Shaman,3,team1,kill,25.18
Rogue+Warlock_vs_Rogue+Shaman,Rogue+Warlock,Rogue+Shaman,4,team2,kill,25.05
Rogue+Warlock_vs_Priest+Warlock,Rogue+Warlock,Priest+Warlock,0,team1,kill,24.98
Rogue+Warlock_vs_Priest+Warlock,Rogue+Warlock,Priest+Warlock,1,team1,kill,31.37
Rogue+Warlock_vs_Priest+Warlock,Rogue+Warlock,Priest+Warlock,2,team1,kill,28.97
Rogue+Warlock_vs_Priest+Warlock,Rogue+Warlock,Priest+Warlock,3,team1,kill,23.43
Rogue+Warlock_vs_Priest+Warlock,Rogue+Warlock,Priest+Warlock,4,team1,kill,25.83
Rogue+Warlock_vs_Priest+Hunter,Rogue+Warlock,Priest+Hunter,0,team2,kill,31.18
Rogue+Warlock_vs_Priest+Hunter,Rogue+Warlock,Priest+Hunter,1,team2,kill,32.97
Rogue+Warlock_vs_Priest+Hunter,Rogue+Warlock,Priest+Hunter,2,team2,kill,31.43
Rogue+Warlock_vs_Priest+Hunter,Rogue+Warlock,Priest+Hunter,3,team2,kill,27.93
Rogue+Warlock_vs_Priest+Hunter,Rogue+Warlock,Priest+Hunter,4,team2,kill,42.92
Rogue+Warlock_vs_Warlock+Paladin,Rogue+Warlock,Warlock+Paladin,0,team1,kill,30.63
Rogue+Warlock_vs_Warlock+Paladin,Rogue+Warlock,Warlock+Paladin,1,team1,kill,55.33
Rogue+Warlock_vs_Warlock+Paladin,Rogue+Warlock,Warlock+Paladin,2,team1,kill,49.85
Rogue+Warlock_vs_Warlock+Paladin,Rogue+Warlock,Warlock+Paladin,3,team1,kill,50.28
Rogue+Warlock_vs_Warlock+Paladin,Rogue+Warlock,Warlock+Paladin,4,team1,kill,47.67
Rogue+Warlock_vs_Warlock+Hunter,Rogue+Warlock,Warlock+Hunter,0,team2,kill,19.90
Rogue+Warlock_vs_Warlock+Hunter,Rogue+Warlock,Warlock+Hunter,1,team2,kill,27.10
Rogue+Warlock_vs_Warlock+Hunter,Rogue+Warlock,Warlock+Hunter,2,team2,kill,19.83
Rogue+Warlock_vs_Warlock+Hunter,Rogue+Warlock,Warlock+Hunter,3,team2,kill,19.40
Rogue+Warlock_vs_Warlock+Hunter,Rogue+Warlock,Warlock+Hunter,4,team2,kill,19.40
Rogue+Warlock_vs_Warlock+Shaman,Rogue+Warlock,Warlock+Shaman,0,team2,kill,22.10
Rogue+Warlock_vs_Warlock+Shaman,Rogue+Warlock,Warlock+Shaman,1,team2,kill,23.70
Rogue+Warlock_vs_Warlock+Shaman,Rogue+Warlock,Warlock+Shaman,2,team2,kill,22.10
Rogue+Warlock_vs_Warlock+Shaman,Rogue+Warlock,Warlock+Shaman,3,team2,kill,23.75
Rogue+Warlock_vs_Warlock+Shaman,Rogue+Warlock,Warlock+Shaman,4,team2,kill,23.85
Rogue+Warlock_vs_Paladin+Hunter,Rogue+Warlock,Paladin+Hunter,0,team2,kill,30.82
Rogue+Warlock_vs_Paladin+Hunter,Rogue+Warlock,Paladin+Hunter,1,team2,kill,40.77
Rogue+Warlock_vs_Paladin+Hunter,Rogue+Warlock,Paladin+Hunter,2,team2,kill,28.93
Rogue+Warlock_vs_Paladin+Hunter,Rogue+Warlock,Paladin+Hunter,3,team2,kill,32.70
Rogue+Warlock_vs_Paladin+Hunter,Rogue+Warlock,Paladin+Hunter,4,team2,kill,42.65
Rogue+Warlock_vs_Hunter+Shaman,Rogue+Warlock,Hunter+Shaman,0,team2,kill,29.65
Rogue+Warlock_vs_Hunter+Shaman,Rogue+Warlock,Hunter+Shaman,1,team2,kill,33.55
Rogue+Warlock_vs_Hunter+Shaman,Rogue+Warlock,Hunter+Shaman,2,team2,kill,20.00
Rogue+Warlock_vs_Hunter+Shaman,Rogue+Warlock,Hunter+Shaman,3,team2,kill,24.07
Rogue+Warlock_vs_Hunter+Shaman,Rogue+Warlock,Hunter+Shaman,4,team2,kill,24.27
Rogue+Paladin_vs_Warrior+Mage,Rogue+Paladin,Warrior+Mage,0,team2,kill,39.70
Rogue+Paladin_vs_Warrior+Mage,Rogue+Paladin,Warrior+Mage,1,team2,kill,35.43
Rogue+Paladin_vs_Warrior+Mage,Rogue+Paladin,Warrior+Mage,2,team1,kill,64.13
Rogue+Paladin_vs_Warrior+Mage,Rogue+Paladin,Warrior+Mage,3,team1,kill,34.73
Rogue+Paladin_vs_Warrior+Mage,Rogue+Paladin,Warrior+Mage,4,team2,kill,43.85
Rogue+Paladin_vs_Warrior+Rogue,Rogue+Paladin,Warrior+Rogue,0,team2,kill,44.28
Rogue+Paladin_vs_Warrior+Rogue,Rogue+Paladin,Warrior+Rogue,1,team2,kill,42.80
Rogue+Paladin_vs_Warrior+Rogue,Rogue+Paladin,Warrior+Rogue,2,team2,kill,44.13
Rogue+Paladin_vs_Warrior+Rogue,Rogue+Paladin,Warrior+Rogue,3,team2,kill,43.50
Rogue+Paladin_vs_Warrior+Rogue,Rogue+Paladin,Warrior+Rogue,4,team2,kill,36.72
Rogue+Paladin_vs_Warrior+Priest,Rogue+Paladin,Warrior+Priest,0,team1,kill,56.80
Rogue+Paladin_vs_Warrior+Priest,Rogue+Paladin,Warrior+Priest,1,team1,kill,53.78
Rogue+Paladin_vs_Warrior+Priest,Rogue+Paladin,Warrior+Priest,2,team1,kill,62.43
Rogue+Paladin_vs_Warrior+Priest,Rogue+Paladin,Warrior+Priest,3,team1,kill,53.43
Rogue+Paladin_vs_Warrior+Priest,Rogue+Paladin,Warrior+Priest,4,team2,kill,166.85
Rogue+Paladin_vs_Warrior+Warlock,Rogue+Paladin,Warrior+Warlock,0,team1,kill,29.68
Rogue+Paladin_vs_Warrior+Warlock,Rogue+Paladin,Warrior+Warlock,1,team1,kill,27.68
Rogue+Paladin_vs_Warrior+Warlock,Rogue+Paladin,Warrior+Warlock,2,team1,kill,29.68
Rogue+Paladin_vs_Warrior+Warlock,Rogue+Paladin,Warrior+Warlock,3,team1,kill,30.07
Rogue+Paladin_vs_Warrior+Warlock,Rogue+Paladin,Warrior+Warlock,4,team1,kill,30.20
Rogue+Paladin_vs_Warrior+Paladin,Rogue+Paladin,Warrior+Paladin,0,team2,kill,71.53
Rogue+Paladin_vs_Warrior+Paladin,Rogue+Paladin,Warrior+Paladin,1,team2,kill,72.90
Rogue+Paladin_vs_Warrior+Paladin,Rogue+Paladin,Warrior+Paladin,2,team2,kill,66.20
Rogue+Paladin_vs_Warrior+Paladin,Rogue+Paladin,Warrior+Paladin,3,team2,kill,64.27
Rogue+Paladin_vs_Warrior+Paladin,Rogue+Paladin,Warrior+Paladin,4,team2,kill,55.40
Rogue+Paladin_vs_Warrior+Hunter,Rogue+Paladin,Warrior+Hunter,0,team1,kill,43.50
Rogue+Paladin_vs_Warrior+Hunter,Rogue+Paladin,Warrior+Hunter,1,team1,kill,59.58
Rogue+Paladin_vs_Warrior+Hunter,Rogue+Paladin,Warrior+Hunter,2,team1,kill,57.25
Rogue+Paladin_vs_Warrior+Hunter,Rogue+Paladin,Warrior+Hunter,3,team1,kill,42.93
Rogue+Paladin_vs_Warrior+Hunter,Rogue+Paladin,Warrior+Hunter,4,team1,kill,60.30
Rogue+Paladin_vs_Warrior+Shaman,Rogue+Paladin,Warrior+Shaman,0,team1,kill,43.03
Rogue+Paladin_vs_Warrior+Shaman,Rogue+Paladin,Warrior+Shaman,1,team2,kill,55.30
Rogue+Paladin_vs_Warrior+Shaman,Rogue+Paladin,Warrior+Shaman,2,team1,kill,39.52
Rogue+Paladin_vs_Warrior+Shaman,Rogue+Paladin,Warrior+Shaman,3,team2,kill,55.55
Rogue+Paladin_vs_Warrior+Shaman,Rogue+Paladin,Warrior+Shaman,4,team2,kill,55.85
Rogue+Paladin_vs_Mage+Rogue,Rogue+Paladin,Mage+Rogue,0,team2,kill,30.72
Rogue+Paladin_vs_Mage+Rogue,Rogue+Paladin,Mage+Rogue,1,team1,kill,25.93
Rogue+Paladin_vs_Mage+Rogue,Rogue+Paladin,Mage+Rogue,2,team2,kill,37.82
Rogue+Paladin_vs_Mage+Rogue,Rogue+Paladin,Mage+Rogue,3,team1,kill,32.20
Rogue+Paladin_vs_Mage+Rogue,Rogue+Paladin,Mage+Rogue,4,team1,kill,31.20
Rogue+Paladin_vs_Mage+Priest,Rogue+Paladin,Mage+Priest,0,team2,kill,50.22
Rogue+Paladin_vs_Mage+Priest,Rogue+Paladin,Mage+Priest,1,team2,kill,51.92
Rogue+Paladin_vs_Mage+Priest,Rogue+Paladin,Mage+Priest,2,team2,kill,49.08
Rogue+Paladin_vs_Mage+Priest,Rogue+Paladin,Mage+Priest,3,team1,kill,60.33
Rogue+Paladin_vs_Mage+Priest,Rogue+Paladin,Mage+Priest,4,team2,kill,58.22
Rogue+Paladin_vs_Mage+Warlock,Rogue+Paladin,Mage+Warlock,0,team1,kill,36.23
Rogue+Paladin_vs_Mage+Warlock,Rogue+Paladin,Mage+Warlock,1,team1,kill,38.25
Rogue+Paladin_vs_Mage+Warlock,Rogue+Paladin,Mage+Warlock,2,team1,kill,28.77
Rogue+Paladin_vs_Mage+Warlock,Rogue+Paladin,Mage+Warlock,3,team1,kill,36.75
Rogue+Paladin_vs_Mage+Warlock,Rogue+Paladin,Mage+Warlock,4,team2,kill,45.17
Rogue+Paladin_vs_Mage+Paladin,Rogue+Paladin,Mage+Paladin,0,team1,kill,77.85
Rogue+Paladin_vs_Mage+Paladin,Rogue+Paladin,Mage+Paladin,1,team1,kill,89.04
Rogue+Paladin_vs_Mage+Paladin,Rogue+Paladin,Mage+Paladin,2,team1,kill,87.75
Rogue+Paladin_vs_Mage+Paladin,Rogue+Paladin,Mage+Paladin,3,team1,kill,98.87
Rogue+Paladin_vs_Mage+Paladin,Rogue+Paladin,Mage+Paladin,4,team1,kill,85.02
Rogue+Paladin_vs_Mage+Hunter,Rogue+Paladin,Mage+Hunter,0,team1,kill,48.80
Rogue+Paladin_vs_Mage+Hunter,Rogue+Paladin,Mage+Hunter,1,team1,kill,43.22
Rogue+Paladin_vs_Mage+Hunter,Rogue+Paladin,Mage+Hunter,2,team1,kill,48.60
Rogue+Paladin_vs_Mage+Hunter,Rogue+Paladin,Mage+Hunter,3,team1,kill,46.67
Rogue+Paladin_vs_Mage+Hunter,Rogue+Paladin,Mage+Hunter,4,team1,kill,48.60
Rogue+Paladin_vs_Mage+Shaman,Rogue+Paladin,Mage+Shaman,0,team1,kill,37.08
Rogue+Paladin_vs_Mage+Shaman,Rogue+Paladin,Mage+Shaman,1,team1,kill,37.33
Rogue+Paladin_vs_Mage+Shaman,Rogue+Paladin,Mage+Shaman,2,team2,kill,108.43
Rogue+Paladin_vs_Mage+Shaman,Rogue+Paladin,Mage+Shaman,3,team2,kill,46.93
Rogue+Paladin_vs_Mage+Shaman,Rogue+Paladin,Mage+Shaman,4,team2,kill,39.15
Rogue+Paladin_vs_Rogue+Priest,Rogue+Paladin,Rogue+Priest,0,team1,kill,33.18
Rogue+Paladin_vs_Rogue+Priest,Rogue+Paladin,Rogue+Priest,1,team1,kill,27.93
Rogue+Paladin_vs_Rogue+Priest,Rogue+Paladin,Rogue+Priest,2,team1,kill,31.03
Rogue+Paladin_vs_Rogue+Priest,Rogue+Paladin,Rogue+Priest,3,team1,kill,29.18
Rogue+Paladin_vs_Rogue+Priest,Rogue+Paladin,Rogue+Priest,4,team2,kill,54.05
Rogue+Paladin_vs_Rogue+Warlock,Rogue+Paladin,Rogue+Warlock,0,team1,kill,25.87
Rogue+Paladin_vs_Rogue+Warlock,Rogue+Paladin,Rogue+Warlock,1,team1,kill,33.78
Rogue+Paladin_vs_Rogue+Warlock,Rogue+Paladin,Rogue+Warlock,2,team1,kill,26.38
Rogue+Paladin_vs_Rogue+Warlock,Rogue+Paladin,Rogue+Warlock,3,team1,kill,26.47
Rogue+Paladin_vs_Rogue+Warlock,Rogue+Paladin,Rogue+Warlock,4,team1,kill,27.72
Rogue+Paladin_vs_Rogue+Hunter,Rogue+Paladin,Rogue+Hunter,0,team1,kill,30.83
Rogue+Paladin_vs_Rogue+Hunter,Rogue+Paladin,Rogue+Hunter,1,team1,kill,30.13
Rogue+Paladin_vs_Rogue+Hunter,Rogue+Paladin,Rogue+Hunter,2,team1,kill,32.80
Rogue+Paladin_vs_Rogue+Hunter,Rogue+Paladin,Rogue+Hunter,3,team1,kill,32.13
Rogue+Paladin_vs_Rogue+Hunter,Rogue+Paladin,Rogue+Hunter,4,team1,kill,34.80
Rogue+Paladin_vs_Rogue+Shaman,Rogue+Paladin,Rogue+Shaman,0,team2,kill,32.32
Rogue+Paladin_vs_Rogue+Shaman,Rogue+Paladin,Rogue+Shaman,1,team2,kill,36.60
Rogue+Paladin_vs_Rogue+Shaman,Rogue+Paladin,Rogue+Shaman,2,team2,kill,35.63
Rogue+Paladin_vs_Rogue+Shaman,Rogue+Paladin,Rogue+Shaman,3,team2,kill,32.78
Rogue+Paladin_vs_Rogue+Shaman,Rogue+Paladin,Rogue+Shaman,4,team2,kill,31.53
Rogue+Paladin_vs_Priest+Warlock,Rogue+Paladin,Priest+Warlock,0,team1,kill,36.60
Rogue+Paladin_vs_Priest+Warlock,Rogue+Paladin,Priest+Warlock,1,team1,kill,31.22
Rogue+Paladin_vs_Priest+Warlock,Rogue+Paladin,Priest+Warlock,2,team1,kill,32.38
Rogue+Paladin_vs_Priest+Warlock,Rogue+Paladin,Priest+Warlock,3,team1,kill,32.13
Rogue+Paladin_vs_Priest+Warlock,Rogue+Paladin,Priest+Warlock,4,team1,kill,36.72
Rogue+Paladin_vs_Priest+Hunter,Rogue+Paladin,Priest+Hunter,0,team1,kill,63.60
Rogue+Paladin_vs_Priest+Hunter,Rogue+Paladin,Priest+Hunter,1,team1,kill,60.10
Rogue+Paladin_vs_Priest+Hunter,Rogue+Paladin,Priest+Hunter,2,team1,kill,51.73
Rogue+Paladin_vs_Priest+Hunter,Rogue+Paladin,Priest+Hunter,3,team1,kill,55.62
Rogue+Paladin_vs_Priest+Hunter,Rogue+Paladin,Priest+Hunter,4,team1,kill,62.35
Rogue+Paladin_vs_Warlock+Paladin,Rogue+Paladin,Warlock+Paladin,0,team1,kill,69.85
Rogue+Paladin_vs_Warlock+Paladin,Rogue+Paladin,Warlock+Paladin,1,team1,kill,57.95
Rogue+Paladin_vs_Warlock+Paladin,Rogue+Paladin,Warlock+Paladin,2,team2,kill,147.29
Rogue+Paladin_vs_Warlock+Paladin,Rogue+Paladin,Warlock+Paladin,3,team1,kill,69.38
Rogue+Paladin_vs_Warlock+Paladin,Rogue+Paladin,Warlock+Paladin,4,team1,kill,81.27
Rogue+Paladin_vs_Warlock+Hunter,Rogue+Paladin,Warlock+Hunter,0,team1,kill,97.79
Rogue+Paladin_vs_Warlock+Hunter,Rogue+Paladin,Warlock+Hunter,1,team1,kill,76.00
Rogue+Paladin_vs_Warlock+Hunter,Rogue+Paladin,Warlock+Hunter,2,team1,kill,46.00
Rogue+Paladin_vs_Warlock+Hunter,Rogue+Paladin,Warlock+Hunter,3,team1,kill,45.32
Rogue+Paladin_vs_Warlock+Hunter,Rogue+Paladin,Warlock+Hunter,4,team1,kill,36.77
Rogue+Paladin_vs_Warlock+Shaman,Rogue+Paladin,Warlock+Shaman,0,team2,kill,66.53
Rogue+Paladin_vs_Warlock+Shaman,Rogue+Paladin,Warlock+Shaman,1,team1,kill,48.08
Rogue+Paladin_vs_Warlock+Shaman,Rogue+Paladin,Warlock+Shaman,2,team1,kill,46.67
Rogue+Paladin_vs_Warlock+Shaman,Rogue+Paladin,Warlock+Shaman,3,team2,kill,58.67
Rogue+Paladin_vs_Warlock+Shaman,Rogue+Paladin,Warlock+Shaman,4,team1,kill,40.05
Rogue+Paladin_vs_Paladin+Hunter,Rogue+Paladin,Paladin+Hunter,0,team2,kill,169.55
Rogue+Paladin_vs_Paladin+Hunter,Rogue+Paladin,Paladin+Hunter,1,team1,kill,80.32
Rogue+Paladin_vs_Paladin+Hunter,Rogue+Paladin,Paladin+Hunter,2,team1,kill,80.50
Rogue+Paladin_vs_Paladin+Hunter,Rogue+Paladin,Paladin+Hunter,3,team1,kill,76.77
Rogue+Paladin_vs_Paladin+Hunter,Rogue+Paladin,Paladin+Hunter,4,team2,kill,151.77
Rogue+Paladin_vs_Hunter+Shaman,Rogue+Paladin,Hunter+Shaman,0,team1,kill,46.33
Rogue+Paladin_vs_Hunter+Shaman,Rogue+Paladin,Hunter+Shaman,1,team1,kill,52.12
Rogue+Paladin_vs_Hunter+Shaman,Rogue+Paladin,Hunter+Shaman,2,team2,kill,55.57
Rogue+Paladin_vs_Hunter+Shaman,Rogue+Paladin,Hunter+Shaman,3,team1,kill,56.00
Rogue+Paladin_vs_Hunter+Shaman,Rogue+Paladin,Hunter+Shaman,4,team1,kill,46.73
Rogue+Hunter_vs_Warrior+Mage,Rogue+Hunter,Warrior+Mage,0,team2,kill,22.70
Rogue+Hunter_vs_Warrior+Mage,Rogue+Hunter,Warrior+Mage,1,team2,kill,23.90
Rogue+Hunter_vs_Warrior+Mage,Rogue+Hunter,Warrior+Mage,2,team1,kill,33.73
Rogue+Hunter_vs_Warrior+Mage,Rogue+Hunter,Warrior+Mage,3,team2,kill,26.85
Rogue+Hunter_vs_Warrior+Mage,Rogue+Hunter,Warrior+Mage,4,team2,kill,26.67
Rogue+Hunter_vs_Warrior+Rogue,Rogue+Hunter,Warrior+Rogue,0,team1,kill,21.22
Rogue+Hunter_vs_Warrior+Rogue,Rogue+Hunter,Warrior+Rogue,1,team1,kill,20.18
Rogue+Hunter_vs_Warrior+Rogue,Rogue+Hunter,Warrior+Rogue,2,team1,kill,21.60
Rogue+Hunter_vs_Warrior+Rogue,Rogue+Hunter,Warrior+Rogue,3,team1,kill,20.93
Rogue+Hunter_vs_Warrior+Rogue,Rogue+Hunter,Warrior+Rogue,4,team1,kill,21.90
Rogue+Hunter_vs_Warrior+Priest,Rogue+Hunter,Warrior+Priest,0,team1,kill,48.82
Rogue+Hunter_vs_Warrior+Priest,Rogue+Hunter,Warrior+Priest,1,team1,kill,43.68
Rogue+Hunter_vs_Warrior+Priest,Rogue+Hunter,Warrior+Priest,2,team1,kill,45.02
Rogue+Hunter_vs_Warrior+Priest,Rogue+Hunter,Warrior+Priest,3,team1,kill,48.82
Rogue+Hunter_vs_Warrior+Priest,Rogue+Hunter,Warrior+Priest,4,team1,kill,43.22
Rogue+Hunter_vs_Warrior+Warlock,Rogue+Hunter,Warrior+Warlock,0,team1,kill,22.05
Rogue+Hunter_vs_Warrior+Warlock,Rogue+Hunter,Warrior+Warlock,1,team1,kill,22.47
Rogue+Hunter_vs_Warrior+Warlock,Rogue+Hunter,Warrior+Warlock,2,team1,kill,18.22
Rogue+Hunter_vs_Warrior+Warlock,Rogue+Hunter,Warrior+Warlock,3,team1,kill,18.97
Rogue+Hunter_vs_Warrior+Warlock,Rogue+Hunter,Warrior+Warlock,4,team1,kill,22.72
Rogue+Hunter_vs_Warrior+Paladin,Rogue+Hunter,Warrior+Paladin,0,team2,kill,43.58
Rogue+Hunter_vs_Warrior+Paladin,Rogue+Hunter,Warrior+Paladin,1,team2,kill,55.25
Rogue+Hunter_vs_Warrior+Paladin,Rogue+Hunter,Warrior+Paladin,2,team2,kill,61.82
Rogue+Hunter_vs_Warrior+Paladin,Rogue+Hunter,Warrior+Paladin,3,team2,kill,42.85
Rogue+Hunter_vs_Warrior+Paladin,Rogue+Hunter,Warrior+Paladin,4,team2,kill,42.43
Rogue+Hunter_vs_Warrior+Hunter,Rogue+Hunter,Warrior+Hunter,0,team2,kill,22.92
Rogue+Hunter_vs_Warrior+Hunter,Rogue+Hunter,Warrior+Hunter,1,team2,kill,22.92
Rogue+Hunter_vs_Warrior+Hunter,Rogue+Hunter,Warrior+Hunter,2,team2,kill,22.92
Rogue+Hunter_vs_Warrior+Hunter,Rogue+Hunter,Warrior+Hunter,3,team2,kill,23.05
Rogue+Hunter_vs_Warrior+Hunter,Rogue+Hunter,Warrior+Hunter,4,team2,kill,23.05
Rogue+Hunter_vs_Warrior+Shaman,Rogue+Hunter,Warrior+Shaman,0,team2,kill,37.93
Rogue+Hunter_vs_Warrior+Shaman,Rogue+Hunter,Warrior+Shaman,1,team1,kill,37.47
Rogue+Hunter_vs_Warrior+Shaman,Rogue+Hunter,Warrior+Shaman,2,team2,kill,52.10
Rogue+Hunter_vs_Warrior+Shaman,Rogue+Hunter,Warrior+Shaman,3,team1,kill,47.33
Rogue+Hunter_vs_Warrior+Shaman,Rogue+Hunter,Warrior+Shaman,4,team1,kill,38.92
Rogue+Hunter_vs_Mage+Rogue,Rogue+Hunter,Mage+Rogue,0,team1,kill,23.70
Rogue+Hunter_vs_Mage+Rogue,Rogue+Hunter,Mage+Rogue,1,team1,kill,26.73
Rogue+Hunter_vs_Mage+Rogue,Rogue+Hunter,Mage+Rogue,2,team1,kill,23.70
Rogue+Hunter_vs_Mage+Rogue,Rogue+Hunter,Mage+Rogue,3,team1,kill,26.40
Rogue+Hunter_vs_Mage+Rogue,Rogue+Hunter,Mage+Rogue,4,team1,kill,25.53
Rogue+Hunter_vs_Mage+Priest,Rogue+Hunter,Mage+Priest,0,team2,kill,24.45
Rogue+Hunter_vs_Mage+Priest,Rogue+Hunter,Mage+Priest,1,team2,kill,24.45
Rogue+Hunter_vs_Mage+Priest,Rogue+Hunter,Mage+Priest,2,team2,kill,24.45
Rogue+Hunter_vs_Mage+Priest,Rogue+Hunter,Mage+Priest,3,team2,kill,24.45
Rogue+Hunter_vs_Mage+Priest,Rogue+Hunter,Mage+Priest,4,team2,kill,24.45
Rogue+Hunter_vs_Mage+Warlock,Rogue+Hunter,Mage+Warlock,0,team2,kill,23.70
Rogue+Hunter_vs_Mage+Warlock,Rogue+Hunter,Mage+Warlock,1,team2,kill,23.13
Rogue+Hunter_vs_Mage+Warlock,Rogue+Hunter,Mage+Warlock,2,team2,kill,21.38
Rogue+Hunter_vs_Mage+Warlock,Rogue+Hunter,Mage+Warlock,3,team2,kill,17.98
Rogue+Hunter_vs_Mage+Warlock,Rogue+Hunter,Mage+Warlock,4,team2,kill,22.55
Rogue+Hunter_vs_Mage+Paladin,Rogue+Hunter,Mage+Paladin,0,team2,kill,33.25
Rogue+Hunter_vs_Mage+Paladin,Rogue+Hunter,Mage+Paladin,1,team2,kill,34.25
Rogue+Hunter_vs_Mage+Paladin,Rogue+Hunter,Mage+Paladin,2,team2,kill,34.77
Rogue+Hunter_vs_Mage+Paladin,Rogue+Hunter,Mage+Paladin,3,team2,kill,34.77
Rogue+Hunter_vs_Mage+Paladin,Rogue+Hunter,Mage+Paladin,4,team2,kill,34.53
Rogue+Hunter_vs_Mage+Hunter,Rogue+Hunter,Mage+Hunter,0,team2,kill,17.40
Rogue+Hunter_vs_Mage+Hunter,Rogue+Hunter,Mage+Hunter,1,team2,kill,17.40
Rogue+Hunter_vs_Mage+Hunter,Rogue+Hunter,Mage+Hunter,2,team2,kill,17.40
Rogue+Hunter_vs_Mage+Hunter,Rogue+Hunter,Mage+Hunter,3,team2,kill,17.40
Rogue+Hunter_vs_Mage+Hunter,Rogue+Hunter,Mage+Hunter,4,team2,kill,17.40
Rogue+Hunter_vs_Mage+Shaman,Rogue+Hunter,Mage+Shaman,0,team2,kill,18.22
Rogue+Hunter_vs_Mage+Shaman,Rogue+Hunter,Mage+Shaman,1,team2,kill,18.22
Rogue+Hunter_vs_Mage+Shaman,Rogue+Hunter,Mage+Shaman,2,team2,kill,18.22
Rogue+Hunter_vs_Mage+Shaman,Rogue+Hunter,Mage+Shaman,3,team2,kill,18.22
Rogue+Hunter_vs_Mage+Shaman,Rogue+Hunter,Mage+Shaman,4,team2,kill,18.22
Rogue+Hunter_vs_Rogue+Priest,Rogue+Hunter,Rogue+Priest,0,draw,kill,32.95
Rogue+Hunter_vs_Rogue+Priest,Rogue+Hunter,Rogue+Priest,1,team2,kill,31.10
Rogue+Hunter_vs_Rogue+Priest,Rogue+Hunter,Rogue+Priest,2,team1,kill,30.97
Rogue+Hunter_vs_Rogue+Priest,Rogue+Hunter,Rogue+Priest,3,team2,kill,32.02
Rogue+Hunter_vs_Rogue+Priest,Rogue+Hunter,Rogue+Priest,4,team1,kill,30.95
Rogue+Hunter_vs_Rogue+Warlock,Rogue+Hunter,Rogue+Warlock,0,team2,kill,26.60
Rogue+Hunter_vs_Rogue+Warlock,Rogue+Hunter,Rogue+Warlock,1,team2,kill,26.33
Rogue+Hunter_vs_Rogue+Warlock,Rogue+Hunter,Rogue+Warlock,2,team2,kill,28.60
Rogue+Hunter_vs_Rogue+Warlock,Rogue+Hunter,Rogue+Warlock,3,team1,kill,27.78
Rogue+Hunter_vs_Rogue+Warlock,Rogue+Hunter,Rogue+Warlock,4,team2,kill,28.60
Rogue+Hunter_vs_Rogue+Paladin,Rogue+Hunter,Rogue+Paladin,0,team2,kill,30.83
Rogue+Hunter_vs_Rogue+Paladin,Rogue+Hunter,Rogue+Paladin,1,team2,kill,30.13
Rogue+Hunter_vs_Rogue+Paladin,Rogue+Hunter,Rogue+Paladin,2,team2,kill,32.80
Rogue+Hunter_vs_Rogue+Paladin,Rogue+Hunter,Rogue+Paladin,3,team2,kill,32.13
Rogue+Hunter_vs_Rogue+Paladin,Rogue+Hunter,Rogue+Paladin,4,team2,kill,34.80
Rogue+Hunter_vs_Rogue+Shaman,Rogue+Hunter,Rogue+Shaman,0,team1,kill,20.75
Rogue+Hunter_vs_Rogue+Shaman,Rogue+Hunter,Rogue+Shaman,1,team1,kill,23.63
Rogue+Hunter_vs_Rogue+Shaman,Rogue+Hunter,Rogue+Shaman,2,team1,kill,21.02
Rogue+Hunter_vs_Rogue+Shaman,Rogue+Hunter,Rogue+Shaman,3,team1,kill,20.95
Rogue+Hunter_vs_Rogue+Shaman,Rogue+Hunter,Rogue+Shaman,4,team1,kill,23.63
Rogue+Hunter_vs_Priest+Warlock,Rogue+Hunter,Priest+Warlock,0,team1,kill,24.90
Rogue+Hunter_vs_Priest+Warlock,Rogue+Hunter,Priest+Warlock,1,team2,kill,30.88
Rogue+Hunter_vs_Priest+Warlock,Rogue+Hunter,Priest+Warlock,2,team1,kill,48.20
Rogue+Hunter_vs_Priest+Warlock,Rogue+Hunter,Priest+Warlock,3,team2,kill,31.30
Rogue+Hunter_vs_Priest+Warlock,Rogue+Hunter,Priest+Warlock,4,team1,kill,24.75
Rogue+Hunter_vs_Priest+Hunter,Rogue+Hunter,Priest+Hunter,0,team2,kill,20.82
Rogue+Hunter_vs_Priest+Hunter,Rogue+Hunter,Priest+Hunter,1,team2,kill,20.80
Rogue+Hunter_vs_Priest+Hunter,Rogue+Hunter,Priest+Hunter,2,team2,kill,20.82
Rogue+Hunter_vs_Priest+Hunter,Rogue+Hunter,Priest+Hunter,3,team2,kill,20.67
Rogue+Hunter_vs_Priest+Hunter,Rogue+Hunter,Priest+Hunter,4,team2,kill,19.65
Rogue+Hunter_vs_Warlock+Paladin,Rogue+Hunter,Warlock+Paladin,0,team2,kill,45.70
Rogue+Hunter_vs_Warlock+Paladin,Rogue+Hunter,Warlock+Paladin,1,team2,kill,39.02
Rogue+Hunter_vs_Warlock+Paladin,Rogue+Hunter,Warlock+Paladin,2,team2,kill,38.73
Rogue+Hunter_vs_Warlock+Paladin,Rogue+Hunter,Warlock+Paladin,3,team2,kill,35.72
Rogue+Hunter_vs_Warlock+Paladin,Rogue+Hunter,Warlock+Paladin,4,team2,kill,36.73
Rogue+Hunter_vs_Warlock+Hunter,Rogue+Hunter,Warlock+Hunter,0,team2,kill,20.03
Rogue+Hunter_vs_Warlock+Hunter,Rogue+Hunter,Warlock+Hunter,1,team2,kill,23.85
Rogue+Hunter_vs_Warlock+Hunter,Rogue+Hunter,Warlock+Hunter,2,team2,kill,18.23
Rogue+Hunter_vs_Warlock+Hunter,Rogue+Hunter,Warlock+Hunter,3,team2,kill,21.62
Rogue+Hunter_vs_Warlock+Hunter,Rogue+Hunter,Warlock+Hunter,4,team2,kill,17.27
Rogue+Hunter_vs_Warlock+Shaman,Rogue+Hunter,Warlock+Shaman,0,team2,kill,18.52
Rogue+Hunter_vs_Warlock+Shaman,Rogue+Hunter,Warlock+Shaman,1,team2,kill,19.60
Rogue+Hunter_vs_Warlock+Shaman,Rogue+Hunter,Warlock+Shaman,2,team2,kill,19.83
Rogue+Hunter_vs_Warlock+Shaman,Rogue+Hunter,Warlock+Shaman,3,team2,kill,18.52
Rogue+Hunter_vs_Warlock+Shaman,Rogue+Hunter,Warlock+Shaman,4,team2,kill,22.62
Rogue+Hunter_vs_Paladin+Hunter,Rogue+Hunter,Paladin+Hunter,0,team2,kill,23.30
Rogue+Hunter_vs_Paladin+Hunter,Rogue+Hunter,Paladin+Hunter,1,team2,kill,23.53
Rogue+Hunter_vs_Paladin+Hunter,Rogue+Hunter,Paladin+Hunter,2,team2,kill,27.28
Rogue+Hunter_vs_Paladin+Hunter,Rogue+Hunter,Paladin+Hunter,3,team2,kill,23.53
Rogue+Hunter_vs_Paladin+Hunter,Rogue+Hunter,Paladin+Hunter,4,team2,kill,23.27
Rogue+Hunter_vs_Hunter+Shaman,Rogue+Hunter,Hunter+Shaman,0,team2,kill,16.97
Rogue+Hunter_vs_Hunter+Shaman,Rogue+Hunter,Hunter+Shaman,1,team2,kill,16.97
Rogue+Hunter_vs_Hunter+Shaman,Rogue+Hunter,Hunter+Shaman,2,team2,kill,16.98
Rogue+Hunter_vs_Hunter+Shaman,Rogue+Hunter,Hunter+Shaman,3,team2,kill,16.37
Rogue+Hunter_vs_Hunter+Shaman,Rogue+Hunter,Hunter+Shaman,4,team2,kill,15.45
Rogue+Shaman_vs_Warrior+Mage,Rogue+Shaman,Warrior+Mage,0,team1,kill,40.28
Rogue+Shaman_vs_Warrior+Mage,Rogue+Shaman,Warrior+Mage,1,team1,kill,25.38
Rogue+Shaman_vs_Warrior+Mage,Rogue+Shaman,Warrior+Mage,2,team2,kill,40.47
Rogue+Shaman_vs_Warrior+Mage,Rogue+Shaman,Warrior+Mage,3,team1,kill,29.12
Rogue+Shaman_vs_Warrior+Mage,Rogue+Shaman,Warrior+Mage,4,team1,kill,27.27
Rogue+Shaman_vs_Warrior+Rogue,Rogue+Shaman,Warrior+Rogue,0,team1,kill,19.55
Rogue+Shaman_vs_Warrior+Rogue,Rogue+Shaman,Warrior+Rogue,1,team1,kill,20.08
Rogue+Shaman_vs_Warrior+Rogue,Rogue+Shaman,Warrior+Rogue,2,team1,kill,20.42
Rogue+Shaman_vs_Warrior+Rogue,Rogue+Shaman,Warrior+Rogue,3,team1,kill,21.42
Rogue+Shaman_vs_Warrior+Rogue,Rogue+Shaman,Warrior+Rogue,4,team1,kill,18.57
Rogue+Shaman_vs_Warrior+Priest,Rogue+Shaman,Warrior+Priest,0,team1,kill,47.90
Rogue+Shaman_vs_Warrior+Priest,Rogue+Shaman,Warrior+Priest,1,team1,kill,30.00
Rogue+Shaman_vs_Warrior+Priest,Rogue+Shaman,Warrior+Priest,2,team1,kill,39.67
Rogue+Shaman_vs_Warrior+Priest,Rogue+Shaman,Warrior+Priest,3,team1,kill,33.95
Rogue+Shaman_vs_Warrior+Priest,Rogue+Shaman,Warrior+Priest,4,team1,kill,43.58
Rogue+Shaman_vs_Warrior+Warlock,Rogue+Shaman,Warrior+Warlock,0,team1,kill,31.62
Rogue+Shaman_vs_Warrior+Warlock,Rogue+Shaman,Warrior+Warlock,1,team1,kill,32.73
Rogue+Shaman_vs_Warrior+Warlock,Rogue+Shaman,Warrior+Warlock,2,team1,kill,23.68
Rogue+Shaman_vs_Warrior+Warlock,Rogue+Shaman,Warrior+Warlock,3,team1,kill,32.68
Rogue+Shaman_vs_Warrior+Warlock,Rogue+Shaman,Warrior+Warlock,4,team1,kill,30.77
Rogue+Shaman_vs_Warrior+Paladin,Rogue+Shaman,Warrior+Paladin,0,team2,kill,39.48
Rogue+Shaman_vs_Warrior+Paladin,Rogue+Shaman,Warrior+Paladin,1,team2,kill,43.57
Rogue+Shaman_vs_Warrior+Paladin,Rogue+Shaman,Warrior+Paladin,2,team2,kill,44.63
Rogue+Shaman_vs_Warrior+Paladin,Rogue+Shaman,Warrior+Paladin,3,team2,kill,44.63
Rogue+Shaman_vs_Warrior+Paladin,Rogue+Shaman,Warrior+Paladin,4,team2,kill,43.53
Rogue+Shaman_vs_Warrior+Hunter,Rogue+Shaman,Warrior+Hunter,0,team2,kill,34.77
Rogue+Shaman_vs_Warrior+Hunter,Rogue+Shaman,Warrior+Hunter,1,team2,kill,31.92
Rogue+Shaman_vs_Warrior+Hunter,Rogue+Shaman,Warrior+Hunter,2,team2,kill,34.33
Rogue+Shaman_vs_Warrior+Hunter,Rogue+Shaman,Warrior+Hunter,3,team2,kill,41.55
Rogue+Shaman_vs_Warrior+Hunter,Rogue+Shaman,Warrior+Hunter,4,team2,kill,28.53
Rogue+Shaman_vs_Warrior+Shaman,Rogue+Shaman,Warrior+Shaman,0,team1,kill,27.15
Rogue+Shaman_vs_Warrior+Shaman,Rogue+Shaman,Warrior+Shaman,1,team1,kill,28.52
Rogue+Shaman_vs_Warrior+Shaman,Rogue+Shaman,Warrior+Shaman,2,team1,kill,19.35
Rogue+Shaman_vs_Warrior+Shaman,Rogue+Shaman,Warrior+Shaman,3,team1,kill,19.58
Rogue+Shaman_vs_Warrior+Shaman,Rogue+Shaman,Warrior+Shaman,4,team1,kill,28.18
Rogue+Shaman_vs_Mage+Rogue,Rogue+Shaman,Mage+Rogue,0,team2,kill,23.68
Rogue+Shaman_vs_Mage+Rogue,Rogue+Shaman,Mage+Rogue,1,team2,kill,23.80
Rogue+Shaman_vs_Mage+Rogue,Rogue+Shaman,Mage+Rogue,2,team2,kill,23.92
Rogue+Shaman_vs_Mage+Rogue,Rogue+Shaman,Mage+Rogue,3,team1,kill,22.93
Rogue+Shaman_vs_Mage+Rogue,Rogue+Shaman,Mage+Rogue,4,team2,kill,21.32
Rogue+Shaman_vs_Mage+Priest,Rogue+Shaman,Mage+Priest,0,team1,kill,24.07
Rogue+Shaman_vs_Mage+Priest,Rogue+Shaman,Mage+Priest,1,team1,kill,32.82
Rogue+Shaman_vs_Mage+Priest,Rogue+Shaman,Mage+Priest,2,team1,kill,31.80
Rogue+Shaman_vs_Mage+Priest,Rogue+Shaman,Mage+Priest,3,team1,kill,30.28
Rogue+Shaman_vs_Mage+Priest,Rogue+Shaman,Mage+Priest,4,team2,kill,26.42
Rogue+Shaman_vs_Mage+Warlock,Rogue+Shaman,Mage+Warlock,0,team1,kill,29.33
Rogue+Shaman_vs_Mage+Warlock,Rogue+Shaman,Mage+Warlock,1,team1,kill,27.28
Rogue+Shaman_vs_Mage+Warlock,Rogue+Shaman,Mage+Warlock,2,team1,kill,29.40
Rogue+Shaman_vs_Mage+Warlock,Rogue+Shaman,Mage+Warlock,3,team1,kill,28.97
Rogue+Shaman_vs_Mage+Warlock,Rogue+Shaman,Mage+Warlock,4,team2,kill,27.32
Rogue+Shaman_vs_Mage+Paladin,Rogue+Shaman,Mage+Paladin,0,team1,kill,55.47
Rogue+Shaman_vs_Mage+Paladin,Rogue+Shaman,Mage+Paladin,1,team2,kill,35.30
Rogue+Shaman_vs_Mage+Paladin,Rogue+Shaman,Mage+Paladin,2,team2,kill,35.30
Rogue+Shaman_vs_Mage+Paladin,Rogue+Shaman,Mage+Paladin,3,team1,kill,54.68
Rogue+Shaman_vs_Mage+Paladin,Rogue+Shaman,Mage+Paladin,4,team1,kill,62.53
Rogue+Shaman_vs_Mage+Hunter,Rogue+Shaman,Mage+Hunter,0,team2,kill,17.72
Rogue+Shaman_vs_Mage+Hunter,Rogue+Shaman,Mage+Hunter,1,team2,kill,17.72
Rogue+Shaman_vs_Mage+Hunter,Rogue+Shaman,Mage+Hunter,2,team2,kill,16.47
Rogue+Shaman_vs_Mage+Hunter,Rogue+Shaman,Mage+Hunter,3,team2,kill,17.72
Rogue+Shaman_vs_Mage+Hunter,Rogue+Shaman,Mage+Hunter,4,team2,kill,16.48
Rogue+Shaman_vs_Mage+Shaman,Rogue+Shaman,Mage+Shaman,0,team1,kill,24.33
Rogue+Shaman_vs_Mage+Shaman,Rogue+Shaman,Mage+Shaman,1,team1,kill,34.38
Rogue+Shaman_vs_Mage+Shaman,Rogue+Shaman,Mage+Shaman,2,team1,kill,46.65
Rogue+Shaman_vs_Mage+Shaman,Rogue+Shaman,Mage+Shaman,3,team2,kill,35.30
Rogue+Shaman_vs_Mage+Shaman,Rogue+Shaman,Mage+Shaman,4,team2,kill,27.77
Rogue+Shaman_vs_Rogue+Priest,Rogue+Shaman,Rogue+Priest,0,team1,kill,27.98
Rogue+Shaman_vs_Rogue+Priest,Rogue+Shaman,Rogue+Priest,1,team1,kill,27.40
Rogue+Shaman_vs_Rogue+Priest,Rogue+Shaman,Rogue+Priest,2,team1,kill,27.28
Rogue+Shaman_vs_Rogue+Priest,Rogue+Shaman,Rogue+Priest,3,team1,kill,28.65
Rogue+Shaman_vs_Rogue+Priest,Rogue+Shaman,Rogue+Priest,4,team1,kill,27.28
Rogue+Shaman_vs_Rogue+Warlock,Rogue+Shaman,Rogue+Warlock,0,team1,kill,24.43
Rogue+Shaman_vs_Rogue+Warlock,Rogue+Shaman,Rogue+Warlock,1,team1,kill,25.15
Rogue+Shaman_vs_Rogue+Warlock,Rogue+Shaman,Rogue+Warlock,2,team2,kill,26.95
Rogue+Shaman_vs_Rogue+Warlock,Rogue+Shaman,Rogue+Warlock,3,team2,kill,25.67
Rogue+Shaman_vs_Rogue+Warlock,Rogue+Shaman,Rogue+Warlock,4,team1,kill,25.05
Rogue+Shaman_vs_Rogue+Paladin,Rogue+Shaman,Rogue+Paladin,0,team1,kill,32.32
Rogue+Shaman_vs_Rogue+Paladin,Rogue+Shaman,Rogue+Paladin,1,team1,kill,36.60
Rogue+Shaman_vs_Rogue+Paladin,Rogue+Shaman,Rogue+Paladin,2,team1,kill,35.63
Rogue+Shaman_vs_Rogue+Paladin,Rogue+Shaman,Rogue+Paladin,3,team1,kill,32.78
Rogue+Shaman_vs_Rogue+Paladin,Rogue+Shaman,Rogue+Paladin,4,team1,kill,31.70
Rogue+Shaman_vs_Rogue+Hunter,Rogue+Shaman,Rogue+Hunter,0,team2,kill,20.75
Rogue+Shaman_vs_Rogue+Hunter,Rogue+Shaman,Rogue+Hunter,1,team2,kill,23.63
Rogue+Shaman_vs_Rogue+Hunter,Rogue+Shaman,Rogue+Hunter,2,team2,kill,21.02
Rogue+Shaman_vs_Rogue+Hunter,Rogue+Shaman,Rogue+Hunter,3,team2,kill,20.95
Rogue+Shaman_vs_Rogue+Hunter,Rogue+Shaman,Rogue+Hunter,4,team2,kill,23.63
Rogue+Shaman_vs_Priest+Warlock,Rogue+Shaman,Priest+Warlock,0,team1,kill,24.68
Rogue+Shaman_vs_Priest+Warlock,Rogue+Shaman,Priest+Warlock,1,team1,kill,22.02
Rogue+Shaman_vs_Priest+Warlock,Rogue+Shaman,Priest+Warlock,2,team1,kill,28.10
Rogue+Shaman_vs_Priest+Warlock,Rogue+Shaman,Priest+Warlock,3,team1,kill,25.50
Rogue+Shaman_vs_Priest+Warlock,Rogue+Shaman,Priest+Warlock,4,team1,kill,27.12
Rogue+Shaman_vs_Priest+Hunter,Rogue+Shaman,Priest+Hunter,0,team1,kill,69.48
Rogue+Shaman_vs_Priest+Hunter,Rogue+Shaman,Priest+Hunter,1,team1,kill,39.40
Rogue+Shaman_vs_Priest+Hunter,Rogue+Shaman,Priest+Hunter,2,team1,kill,37.53
Rogue+Shaman_vs_Priest+Hunter,Rogue+Shaman,Priest+Hunter,3,team1,kill,48.18
Rogue+Shaman_vs_Priest+Hunter,Rogue+Shaman,Priest+Hunter,4,team1,kill,60.77
Rogue+Shaman_vs_Warlock+Paladin,Rogue+Shaman,Warlock+Paladin,0,team1,kill,49.30
Rogue+Shaman_vs_Warlock+Paladin,Rogue+Shaman,Warlock+Paladin,1,team1,kill,34.95
Rogue+Shaman_vs_Warlock+Paladin,Rogue+Shaman,Warlock+Paladin,2,team1,kill,36.72
Rogue+Shaman_vs_Warlock+Paladin,Rogue+Shaman,Warlock+Paladin,3,team1,kill,45.02
Rogue+Shaman_vs_Warlock+Paladin,Rogue+Shaman,Warlock+Paladin,4,team1,kill,44.40
Rogue+Shaman_vs_Warlock+Hunter,Rogue+Shaman,Warlock+Hunter,0,team1,kill,47.42
Rogue+Shaman_vs_Warlock+Hunter,Rogue+Shaman,Warlock+Hunter,1,team1,kill,67.68
Rogue+Shaman_vs_Warlock+Hunter,Rogue+Shaman,Warlock+Hunter,2,team1,kill,41.52
Rogue+Shaman_vs_Warlock+Hunter,Rogue+Shaman,Warlock+Hunter,3,team1,kill,43.97
Rogue+Shaman_vs_Warlock+Hunter,Rogue+Shaman,Warlock+Hunter,4,team1,kill,35.75
Rogue+Shaman_vs_Warlock+Shaman,Rogue+Shaman,Warlock+Shaman,0,team1,kill,50.28
Rogue+Shaman_vs_Warlock+Shaman,Rogue+Shaman,Warlock+Shaman,1,team1,kill,42.12
Rogue+Shaman_vs_Warlock+Shaman,Rogue+Shaman,Warlock+Shaman,2,team1,kill,43.05
Rogue+Shaman_vs_Warlock+Shaman,Rogue+Shaman,Warlock+Shaman,3,team1,kill,45.37
Rogue+Shaman_vs_Warlock+Shaman,Rogue+Shaman,Warlock+Shaman,4,team1,kill,58.98
Rogue+Shaman_vs_Paladin+Hunter,Rogue+Shaman,Paladin+Hunter,0,team1,kill,81.79
Rogue+Shaman_vs_Paladin+Hunter,Rogue+Shaman,Paladin+Hunter,1,team1,kill,78.70
Rogue+Shaman_vs_Paladin+Hunter,Rogue+Shaman,Paladin+Hunter,2,team1,kill,76.92
Rogue+Shaman_vs_Paladin+Hunter,Rogue+Shaman,Paladin+Hunter,3,team1,kill,73.43
Rogue+Shaman_vs_Paladin+Hunter,Rogue+Shaman,Paladin+Hunter,4,team1,kill,78.92
Rogue+Shaman_vs_Hunter+Shaman,Rogue+Shaman,Hunter+Shaman,0,team1,kill,52.13
Rogue+Shaman_vs_Hunter+Shaman,Rogue+Shaman,Hunter+Shaman,1,team1,kill,51.12
Rogue+Shaman_vs_Hunter+Shaman,Rogue+Shaman,Hunter+Shaman,2,team1,kill,52.13
Rogue+Shaman_vs_Hunter+Shaman,Rogue+Shaman,Hunter+Shaman,3,team1,kill,52.13
Rogue+Shaman_vs_Hunter+Shaman,Rogue+Shaman,Hunter+Shaman,4,team1,kill,37.23
Priest+Warlock_vs_Warrior+Mage,Priest+Warlock,Warrior+Mage,0,team2,kill,21.07
Priest+Warlock_vs_Warrior+Mage,Priest+Warlock,Warrior+Mage,1,team2,kill,21.05
Priest+Warlock_vs_Warrior+Mage,Priest+Warlock,Warrior+Mage,2,team2,kill,21.88
Priest+Warlock_vs_Warrior+Mage,Priest+Warlock,Warrior+Mage,3,team2,kill,21.05
Priest+Warlock_vs_Warrior+Mage,Priest+Warlock,Warrior+Mage,4,team2,kill,20.75
Priest+Warlock_vs_Warrior+Rogue,Priest+Warlock,Warrior+Rogue,0,team2,kill,33.80
Priest+Warlock_vs_Warrior+Rogue,Priest+Warlock,Warrior+Rogue,1,team1,kill,34.73
Priest+Warlock_vs_Warrior+Rogue,Priest+Warlock,Warrior+Rogue,2,team1,kill,34.30
Priest+Warlock_vs_Warrior+Rogue,Priest+Warlock,Warrior+Rogue,3,team1,kill,33.50
Priest+Warlock_vs_Warrior+Rogue,Priest+Warlock,Warrior+Rogue,4,team2,kill,18.55
Priest+Warlock_vs_Warrior+Priest,Priest+Warlock,Warrior+Priest,0,team2,kill,41.65
Priest+Warlock_vs_Warrior+Priest,Priest+Warlock,Warrior+Priest,1,team2,kill,44.70
Priest+Warlock_vs_Warrior+Priest,Priest+Warlock,Warrior+Priest,2,team2,kill,41.65
Priest+Warlock_vs_Warrior+Priest,Priest+Warlock,Warrior+Priest,3,team2,kill,46.82
Priest+Warlock_vs_Warrior+Priest,Priest+Warlock,Warrior+Priest,4,team2,kill,35.32
Priest+Warlock_vs_Warrior+Warlock,Priest+Warlock,Warrior+Warlock,0,team2,kill,26.55
Priest+Warlock_vs_Warrior+Warlock,Priest+Warlock,Warrior+Warlock,1,team2,kill,27.52
Priest+Warlock_vs_Warrior+Warlock,Priest+Warlock,Warrior+Warlock,2,team2,kill,29.78
Priest+Warlock_vs_Warrior+Warlock,Priest+Warlock,Warrior+Warlock,3,team2,kill,28.97
Priest+Warlock_vs_Warrior+Warlock,Priest+Warlock,Warrior+Warlock,4,team1,kill,28.05
Priest+Warlock_vs_Warrior+Paladin,Priest+Warlock,Warrior+Paladin,0,team2,kill,40.27
Priest+Warlock_vs_Warrior+Paladin,Priest+Warlock,Warrior+Paladin,1,team2,kill,41.98
Priest+Warlock_vs_Warrior+Paladin,Priest+Warlock,Warrior+Paladin,2,team2,kill,41.17
Priest+Warlock_vs_Warrior+Paladin,Priest+Warlock,Warrior+Paladin,3,team2,kill,41.23
Priest+Warlock_vs_Warrior+Paladin,Priest+Warlock,Warrior+Paladin,4,team2,kill,41.33
Priest+Warlock_vs_Warrior+Hunter,Priest+Warlock,Warrior+Hunter,0,team1,kill,24.78
Priest+Warlock_vs_Warrior+Hunter,Priest+Warlock,Warrior+Hunter,1,team1,kill,27.63
Priest+Warlock_vs_Warrior+Hunter,Priest+Warlock,Warrior+Hunter,2,team2,kill,20.38
Priest+Warlock_vs_Warrior+Hunter,Priest+Warlock,Warrior+Hunter,3,team1,kill,26.60
Priest+Warlock_vs_Warrior+Hunter,Priest+Warlock,Warrior+Hunter,4,team1,kill,28.40
Priest+Warlock_vs_Warrior+Shaman,Priest+Warlock,Warrior+Shaman,0,team2,kill,46.08
Priest+Warlock_vs_Warrior+Shaman,Priest+Warlock,Warrior+Shaman,1,team2,kill,42.45
Priest+Warlock_vs_Warrior+Shaman,Priest+Warlock,Warrior+Shaman,2,team2,kill,55.12
Priest+Warlock_vs_Warrior+Shaman,Priest+Warlock,Warrior+Shaman,3,team2,kill,45.17
Priest+Warlock_vs_Warrior+Shaman,Priest+Warlock,Warrior+Shaman,4,team2,kill,45.13
Priest+Warlock_vs_Mage+Rogue,Priest+Warlock,Mage+Rogue,0,team1,kill,39.20
Priest+Warlock_vs_Mage+Rogue,Priest+Warlock,Mage+Rogue,1,team1,kill,39.20
Priest+Warlock_vs_Mage+Rogue,Priest+Warlock,Mage+Rogue,2,team2,kill,20.30
Priest+Warlock_vs_Mage+Rogue,Priest+Warlock,Mage+Rogue,3,team1,kill,39.20
Priest+Warlock_vs_Mage+Rogue,Priest+Warlock,Mage+Rogue,4,team1,kill,40.27
Priest+Warlock_vs_Mage+Priest,Priest+Warlock,Mage+Priest,0,team1,kill,65.05
Priest+Warlock_vs_Mage+Priest,Priest+Warlock,Mage+Priest,1,team1,kill,41.32
Priest+Warlock_vs_Mage+Priest,Priest+Warlock,Mage+Priest,2,team2,kill,64.60
Priest+Warlock_vs_Mage+Priest,Priest+Warlock,Mage+Priest,3,team1,kill,36.52
Priest+Warlock_vs_Mage+Priest,Priest+Warlock,Mage+Priest,4,team1,kill,68.13
Priest+Warlock_vs_Mage+Warlock,Priest+Warlock,Mage+Warlock,0,team2,kill,22.08
Priest+Warlock_vs_Mage+Warlock,Priest+Warlock,Mage+Warlock,1,team2,kill,23.60
Priest+Warlock_vs_Mage+Warlock,Priest+Warlock,Mage+Warlock,2,team2,kill,22.08
Priest+Warlock_vs_Mage+Warlock,Priest+Warlock,Mage+Warlock,3,team2,kill,23.60
Priest+Warlock_vs_Mage+Warlock,Priest+Warlock,Mage+Warlock,4,team2,kill,22.08
Priest+Warlock_vs_Mage+Paladin,Priest+Warlock,Mage+Paladin,0,team1,kill,69.17
Priest+Warlock_vs_Mage+Paladin,Priest+Warlock,Mage+Paladin,1,team1,kill,81.92
Priest+Warlock_vs_Mage+Paladin,Priest+Warlock,Mage+Paladin,2,team1,kill,58.92
Priest+Warlock_vs_Mage+Paladin,Priest+Warlock,Mage+Paladin,3,team1,kill,69.27
Priest+Warlock_vs_Mage+Paladin,Priest+Warlock,Mage+Paladin,4,team1,kill,64.18
Priest+Warlock_vs_Mage+Hunter,Priest+Warlock,Mage+Hunter,0,team1,kill,31.65
Priest+Warlock_vs_Mage+Hunter,Priest+Warlock,Mage+Hunter,1,team1,kill,31.65
Priest+Warlock_vs_Mage+Hunter,Priest+Warlock,Mage+Hunter,2,team2,kill,24.00
Priest+Warlock_vs_Mage+Hunter,Priest+Warlock,Mage+Hunter,3,team1,kill,31.65
Priest+Warlock_vs_Mage+Hunter,Priest+Warlock,Mage+Hunter,4,team1,kill,31.25
Priest+Warlock_vs_Mage+Shaman,Priest+Warlock,Mage+Shaman,0,team2,kill,36.22
Priest+Warlock_vs_Mage+Shaman,Priest+Warlock,Mage+Shaman,1,team2,kill,36.55
Priest+Warlock_vs_Mage+Shaman,Priest+Warlock,Mage+Shaman,2,team2,kill,27.63
Priest+Warlock_vs_Mage+Shaman,Priest+Warlock,Mage+Shaman,3,team2,kill,45.15
Priest+Warlock_vs_Mage+Shaman,Priest+Warlock,Mage+Shaman,4,team2,kill,44.53
Priest+Warlock_vs_Rogue+Priest,Priest+Warlock,Rogue+Priest,0,team2,kill,29.68
Priest+Warlock_vs_Rogue+Priest,Priest+Warlock,Rogue+Priest,1,team2,kill,29.55
Priest+Warlock_vs_Rogue+Priest,Priest+Warlock,Rogue+Priest,2,team2,kill,31.55
Priest+Warlock_vs_Rogue+Priest,Priest+Warlock,Rogue+Priest,3,team2,kill,31.55
Priest+Warlock_vs_Rogue+Priest,Priest+Warlock,Rogue+Priest,4,team2,kill,25.73
Priest+Warlock_vs_Rogue+Warlock,Priest+Warlock,Rogue+Warlock,0,team2,kill,30.38
Priest+Warlock_vs_Rogue+Warlock,Priest+Warlock,Rogue+Warlock,1,team2,kill,23.15
Priest+Warlock_vs_Rogue+Warlock,Priest+Warlock,Rogue+Warlock,2,team2,kill,29.15
Priest+Warlock_vs_Rogue+Warlock,Priest+Warlock,Rogue+Warlock,3,team2,kill,26.42
Priest+Warlock_vs_Rogue+Warlock,Priest+Warlock,Rogue+Warlock,4,team2,kill,28.92
Priest+Warlock_vs_Rogue+Paladin,Priest+Warlock,Rogue+Paladin,0,team2,kill,29.78
Priest+Warlock_vs_Rogue+Paladin,Priest+Warlock,Rogue+Paladin,1,team2,kill,34.40
Priest+Warlock_vs_Rogue+Paladin,Priest+Warlock,Rogue+Paladin,2,team2,kill,33.70
Priest+Warlock_vs_Rogue+Paladin,Priest+Warlock,Rogue+Paladin,3,team2,kill,37.08
Priest+Warlock_vs_Rogue+Paladin,Priest+Warlock,Rogue+Paladin,4,team2,kill,32.38
Priest+Warlock_vs_Rogue+Hunter,Priest+Warlock,Rogue+Hunter,0,team1,kill,31.15
Priest+Warlock_vs_Rogue+Hunter,Priest+Warlock,Rogue+Hunter,1,team1,kill,30.18
Priest+Warlock_vs_Rogue+Hunter,Priest+Warlock,Rogue+Hunter,2,team2,kill,28.63
Priest+Warlock_vs_Rogue+Hunter,Priest+Warlock,Rogue+Hunter,3,team1,kill,30.90
Priest+Warlock_vs_Rogue+Hunter,Priest+Warlock,Rogue+Hunter,4,team1,kill,32.42
Priest+Warlock_vs_Rogue+Shaman,Priest+Warlock,Rogue+Shaman,0,team2,kill,27.30
Priest+Warlock_vs_Rogue+Shaman,Priest+Warlock,Rogue+Shaman,1,team2,kill,27.50
Priest+Warlock_vs_Rogue+Shaman,Priest+Warlock,Rogue+Shaman,2,team2,kill,23.07
Priest+Warlock_vs_Rogue+Shaman,Priest+Warlock,Rogue+Shaman,3,team2,kill,27.60
Priest+Warlock_vs_Rogue+Shaman,Priest+Warlock,Rogue+Shaman,4,team2,kill,25.38
Priest+Warlock_vs_Priest+Hunter,Priest+Warlock,Priest+Hunter,0,team1,kill,51.32
Priest+Warlock_vs_Priest+Hunter,Priest+Warlock,Priest+Hunter,1,team1,kill,54.37
Priest+Warlock_vs_Priest+Hunter,Priest+Warlock,Priest+Hunter,2,team1,kill,35.92
Priest+Warlock_vs_Priest+Hunter,Priest+Warlock,Priest+Hunter,3,team1,kill,92.09
Priest+Warlock_vs_Priest+Hunter,Priest+Warlock,Priest+Hunter,4,team1,kill,58.55
Priest+Warlock_vs_Warlock+Paladin,Priest+Warlock,Warlock+Paladin,0,team1,kill,158.82
Priest+Warlock_vs_Warlock+Paladin,Priest+Warlock,Warlock+Paladin,1,team2,kill,91.52
Priest+Warlock_vs_Warlock+Paladin,Priest+Warlock,Warlock+Paladin,2,team2,kill,45.32
Priest+Warlock_vs_Warlock+Paladin,Priest+Warlock,Warlock+Paladin,3,team1,kill,121.63
Priest+Warlock_vs_Warlock+Paladin,Priest+Warlock,Warlock+Paladin,4,team2,kill,57.38
Priest+Warlock_vs_Warlock+Hunter,Priest+Warlock,Warlock+Hunter,0,team1,kill,34.47
Priest+Warlock_vs_Warlock+Hunter,Priest+Warlock,Warlock+Hunter,1,team1,kill,48.38
Priest+Warlock_vs_Warlock+Hunter,Priest+Warlock,Warlock+Hunter,2,team1,kill,37.52
Priest+Warlock_vs_Warlock+Hunter,Priest+Warlock,Warlock+Hunter,3,team1,kill,36.00
Priest+Warlock_vs_Warlock+Hunter,Priest+Warlock,Warlock+Hunter,4,team1,kill,37.87
Priest+Warlock_vs_Warlock+Shaman,Priest+Warlock,Warlock+Shaman,0,team2,kill,45.05
Priest+Warlock_vs_Warlock+Shaman,Priest+Warlock,Warlock+Shaman,1,team2,kill,42.07
Priest+Warlock_vs_Warlock+Shaman,Priest+Warlock,Warlock+Shaman,2,team2,kill,38.33
Priest+Warlock_vs_Warlock+Shaman,Priest+Warlock,Warlock+Shaman,3,team2,kill,35.08
Priest+Warlock_vs_Warlock+Shaman,Priest+Warlock,Warlock+Shaman,4,team2,kill,42.20
Priest+Warlock_vs_Paladin+Hunter,Priest+Warlock,Paladin+Hunter,0,team1,kill,82.75
Priest+Warlock_vs_Paladin+Hunter,Priest+Warlock,Paladin+Hunter,1,team1,kill,62.40
Priest+Warlock_vs_Paladin+Hunter,Priest+Warlock,Paladin+Hunter,2,team1,kill,75.57
Priest+Warlock_vs_Paladin+Hunter,Priest+Warlock,Paladin+Hunter,3,team1,kill,77.25
Priest+Warlock_vs_Paladin+Hunter,Priest+Warlock,Paladin+Hunter,4,team1,kill,69.37
Priest+Warlock_vs_Hunter+Shaman,Priest+Warlock,Hunter+Shaman,0,team2,kill,49.93
Priest+Warlock_vs_Hunter+Shaman,Priest+Warlock,Hunter+Shaman,1,team2,kill,48.67
Priest+Warlock_vs_Hunter+Shaman,Priest+Warlock,Hunter+Shaman,2,team2,kill,46.18
Priest+Warlock_vs_Hunter+Shaman,Priest+Warlock,Hunter+Shaman,3,team2,kill,43.13
Priest+Warlock_vs_Hunter+Shaman,Priest+Warlock,Hunter+Shaman,4,team2,kill,61.18
Priest+Hunter_vs_Warrior+Mage,Priest+Hunter,Warrior+Mage,0,team2,kill,25.55
Priest+Hunter_vs_Warrior+Mage,Priest+Hunter,Warrior+Mage,1,team2,kill,30.90
Priest+Hunter_vs_Warrior+Mage,Priest+Hunter,Warrior+Mage,2,team1,kill,41.00
Priest+Hunter_vs_Warrior+Mage,Priest+Hunter,Warrior+Mage,3,team1,kill,27.70
Priest+Hunter_vs_Warrior+Mage,Priest+Hunter,Warrior+Mage,4,team2,kill,24.33
Priest+Hunter_vs_Warrior+Rogue,Priest+Hunter,Warrior+Rogue,0,team1,kill,22.35
Priest+Hunter_vs_Warrior+Rogue,Priest+Hunter,Warrior+Rogue,1,team1,kill,23.55
Priest+Hunter_vs_Warrior+Rogue,Priest+Hunter,Warrior+Rogue,2,team1,kill,23.55
Priest+Hunter_vs_Warrior+Rogue,Priest+Hunter,Warrior+Rogue,3,team1,kill,23.03
Priest+Hunter_vs_Warrior+Rogue,Priest+Hunter,Warrior+Rogue,4,team1,kill,21.03
Priest+Hunter_vs_Warrior+Priest,Priest+Hunter,Warrior+Priest,0,team2,kill,67.38
Priest+Hunter_vs_Warrior+Priest,Priest+Hunter,Warrior+Priest,1,team2,kill,62.55
Priest+Hunter_vs_Warrior+Priest,Priest+Hunter,Warrior+Priest,2,team2,kill,62.82
Priest+Hunter_vs_Warrior+Priest,Priest+Hunter,Warrior+Priest,3,team1,kill,64.33
Priest+Hunter_vs_Warrior+Priest,Priest+Hunter,Warrior+Priest,4,team2,kill,46.33
Priest+Hunter_vs_Warrior+Warlock,Priest+Hunter,Warrior+Warlock,0,team1,kill,27.40
Priest+Hunter_vs_Warrior+Warlock,Priest+Hunter,Warrior+Warlock,1,team1,kill,27.90
Priest+Hunter_vs_Warrior+Warlock,Priest+Hunter,Warrior+Warlock,2,team1,kill,36.18
Priest+Hunter_vs_Warrior+Warlock,Priest+Hunter,Warrior+Warlock,3,team1,kill,33.03
Priest+Hunter_vs_Warrior+Warlock,Priest+Hunter,Warrior+Warlock,4,team1,kill,45.88
Priest+Hunter_vs_Warrior+Paladin,Priest+Hunter,Warrior+Paladin,0,team1,kill,79.54
Priest+Hunter_vs_Warrior+Paladin,Priest+Hunter,Warrior+Paladin,1,team2,kill,80.79
Priest+Hunter_vs_Warrior+Paladin,Priest+Hunter,Warrior+Paladin,2,team2,kill,59.93
Priest+Hunter_vs_Warrior+Paladin,Priest+Hunter,Warrior+Paladin,3,team1,kill,111.99
Priest+Hunter_vs_Warrior+Paladin,Priest+Hunter,Warrior+Paladin,4,team2,kill,122.21
Priest+Hunter_vs_Warrior+Hunter,Priest+Hunter,Warrior+Hunter,0,team1,kill,27.37
Priest+Hunter_vs_Warrior+Hunter,Priest+Hunter,Warrior+Hunter,1,team1,kill,27.95
Priest+Hunter_vs_Warrior+Hunter,Priest+Hunter,Warrior+Hunter,2,team2,kill,18.53
Priest+Hunter_vs_Warrior+Hunter,Priest+Hunter,Warrior+Hunter,3,team1,kill,27.37
Priest+Hunter_vs_Warrior+Hunter,Priest+Hunter,Warrior+Hunter,4,team1,kill,27.95
Priest+Hunter_vs_Warrior+Shaman,Priest+Hunter,Warrior+Shaman,0,team2,kill,47.37
Priest+Hunter_vs_Warrior+Shaman,Priest+Hunter,Warrior+Shaman,1,team1,kill,39.33
Priest+Hunter_vs_Warrior+Shaman,Priest+Hunter,Warrior+Shaman,2,team1,kill,34.92
Priest+Hunter_vs_Warrior+Shaman,Priest+Hunter,Warrior+Shaman,3,team2,kill,47.47
Priest+Hunter_vs_Warrior+Shaman,Priest+Hunter,Warrior+Shaman,4,team2,kill,45.55
Priest+Hunter_vs_Mage+Rogue,Priest+Hunter,Mage+Rogue,0,team1,kill,30.80
Priest+Hunter_vs_Mage+Rogue,Priest+Hunter,Mage+Rogue,1,team1,kill,40.55
Priest+Hunter_vs_Mage+Rogue,Priest+Hunter,Mage+Rogue,2,team1,kill,32.00
Priest+Hunter_vs_Mage+Rogue,Priest+Hunter,Mage+Rogue,3,team1,kill,45.28
Priest+Hunter_vs_Mage+Rogue,Priest+Hunter,Mage+Rogue,4,team2,kill,47.48
Priest+Hunter_vs_Mage+Priest,Priest+Hunter,Mage+Priest,0,team1,kill,47.90
Priest+Hunter_vs_Mage+Priest,Priest+Hunter,Mage+Priest,1,team1,kill,56.62
Priest+Hunter_vs_Mage+Priest,Priest+Hunter,Mage+Priest,2,team1,kill,60.48
Priest+Hunter_vs_Mage+Priest,Priest+Hunter,Mage+Priest,3,team1,kill,52.93
Priest+Hunter_vs_Mage+Priest,Priest+Hunter,Mage+Priest,4,team2,kill,46.88
Priest+Hunter_vs_Mage+Warlock,Priest+Hunter,Mage+Warlock,0,team2,kill,17.43
Priest+Hunter_vs_Mage+Warlock,Priest+Hunter,Mage+Warlock,1,team2,kill,19.78
Priest+Hunter_vs_Mage+Warlock,Priest+Hunter,Mage+Warlock,2,team2,kill,18.95
Priest+Hunter_vs_Mage+Warlock,Priest+Hunter,Mage+Warlock,3,team2,kill,16.77
Priest+Hunter_vs_Mage+Warlock,Priest+Hunter,Mage+Warlock,4,team2,kill,19.27
Priest+Hunter_vs_Mage+Paladin,Priest+Hunter,Mage+Paladin,0,team1,kill,82.10
Priest+Hunter_vs_Mage+Paladin,Priest+Hunter,Mage+Paladin,1,team2,kill,102.24
Priest+Hunter_vs_Mage+Paladin,Priest+Hunter,Mage+Paladin,2,team1,kill,90.72
Priest+Hunter_vs_Mage+Paladin,Priest+Hunter,Mage+Paladin,3,team2,kill,83.17
Priest+Hunter_vs_Mage+Paladin,Priest+Hunter,Mage+Paladin,4,team2,kill,55.10
Priest+Hunter_vs_Mage+Hunter,Priest+Hunter,Mage+Hunter,0,team2,kill,25.02
Priest+Hunter_vs_Mage+Hunter,Priest+Hunter,Mage+Hunter,1,team2,kill,14.65
Priest+Hunter_vs_Mage+Hunter,Priest+Hunter,Mage+Hunter,2,team2,kill,17.58
Priest+Hunter_vs_Mage+Hunter,Priest+Hunter,Mage+Hunter,3,team2,kill,28.05
Priest+Hunter_vs_Mage+Hunter,Priest+Hunter,Mage+Hunter,4,team2,kill,14.65
Priest+Hunter_vs_Mage+Shaman,Priest+Hunter,Mage+Shaman,0,team2,kill,24.63
Priest+Hunter_vs_Mage+Shaman,Priest+Hunter,Mage+Shaman,1,team2,kill,35.77
Priest+Hunter_vs_Mage+Shaman,Priest+Hunter,Mage+Shaman,2,team2,kill,35.77
Priest+Hunter_vs_Mage+Shaman,Priest+Hunter,Mage+Shaman,3,team2,kill,20.83
Priest+Hunter_vs_Mage+Shaman,Priest+Hunter,Mage+Shaman,4,team2,kill,24.63
Priest+Hunter_vs_Rogue+Priest,Priest+Hunter,Rogue+Priest,0,team2,kill,39.17
Priest+Hunter_vs_Rogue+Priest,Priest+Hunter,Rogue+Priest,1,team2,kill,44.55
Priest+Hunter_vs_Rogue+Priest,Priest+Hunter,Rogue+Priest,2,team1,kill,45.92
Priest+Hunter_vs_Rogue+Priest,Priest+Hunter,Rogue+Priest,3,team2,kill,68.78
Priest+Hunter_vs_Rogue+Priest,Priest+Hunter,Rogue+Priest,4,team1,kill,48.70
Priest+Hunter_vs_Rogue+Warlock,Priest+Hunter,Rogue+Warlock,0,team1,kill,41.00
Priest+Hunter_vs_Rogue+Warlock,Priest+Hunter,Rogue+Warlock,1,team1,kill,39.20
Priest+Hunter_vs_Rogue+Warlock,Priest+Hunter,Rogue+Warlock,2,team1,kill,31.10
Priest+Hunter_vs_Rogue+Warlock,Priest+Hunter,Rogue+Warlock,3,team1,kill,30.33
Priest+Hunter_vs_Rogue+Warlock,Priest+Hunter,Rogue+Warlock,4,team1,kill,42.92
Priest+Hunter_vs_Rogue+Paladin,Priest+Hunter,Rogue+Paladin,0,team2,kill,55.75
Priest+Hunter_vs_Rogue+Paladin,Priest+Hunter,Rogue+Paladin,1,team2,kill,50.43
Priest+Hunter_vs_Rogue+Paladin,Priest+Hunter,Rogue+Paladin,2,team2,kill,66.58
Priest+Hunter_vs_Rogue+Paladin,Priest+Hunter,Rogue+Paladin,3,team2,kill,71.10
Priest+Hunter_vs_Rogue+Paladin,Priest+Hunter,Rogue+Paladin,4,team2,kill,78.40
Priest+Hunter_vs_Rogue+Hunter,Priest+Hunter,Rogue+Hunter,0,team1,kill,20.82
Priest+Hunter_vs_Rogue+Hunter,Priest+Hunter,Rogue+Hunter,1,team1,kill,20.80
Priest+Hunter_vs_Rogue+Hunter,Priest+Hunter,Rogue+Hunter,2,team1,kill,20.82
Priest+Hunter_vs_Rogue+Hunter,Priest+Hunter,Rogue+Hunter,3,team1,kill,20.67
Priest+Hunter_vs_Rogue+Hunter,Priest+Hunter,Rogue+Hunter,4,team1,kill,19.65
Priest+Hunter_vs_Rogue+Shaman,Priest+Hunter,Rogue+Shaman,0,team2,kill,56.13
Priest+Hunter_vs_Rogue+Shaman,Priest+Hunter,Rogue+Shaman,1,team2,kill,39.40
Priest+Hunter_vs_Rogue+Shaman,Priest+Hunter,Rogue+Shaman,2,team2,kill,37.53
Priest+Hunter_vs_Rogue+Shaman,Priest+Hunter,Rogue+Shaman,3,team2,kill,55.25
Priest+Hunter_vs_Rogue+Shaman,Priest+Hunter,Rogue+Shaman,4,team2,kill,53.90
Priest+Hunter_vs_Priest+Warlock,Priest+Hunter,Priest+Warlock,0,team2,kill,51.32
Priest+Hunter_vs_Priest+Warlock,Priest+Hunter,Priest+Warlock,1,team2,kill,54.37
Priest+Hunter_vs_Priest+Warlock,Priest+Hunter,Priest+Warlock,2,team2,kill,35.92
Priest+Hunter_vs_Priest+Warlock,Priest+Hunter,Priest+Warlock,3,team2,kill,92.09
Priest+Hunter_vs_Priest+Warlock,Priest+Hunter,Priest+Warlock,4,team2,kill,55.75
Priest+Hunter_vs_Warlock+Paladin,Priest+Hunter,Warlock+Paladin,0,team2,kill,50.63
Priest+Hunter_vs_Warlock+Paladin,Priest+Hunter,Warlock+Paladin,1,team2,kill,60.02
Priest+Hunter_vs_Warlock+Paladin,Priest+Hunter,Warlock+Paladin,2,team2,kill,64.33
Priest+Hunter_vs_Warlock+Paladin,Priest+Hunter,Warlock+Paladin,3,team2,kill,53.13
Priest+Hunter_vs_Warlock+Paladin,Priest+Hunter,Warlock+Paladin,4,team2,kill,63.93
Priest+Hunter_vs_Warlock+Hunter,Priest+Hunter,Warlock+Hunter,0,team2,kill,26.42
Priest+Hunter_vs_Warlock+Hunter,Priest+Hunter,Warlock+Hunter,1,team1,kill,30.10
Priest+Hunter_vs_Warlock+Hunter,Priest+Hunter,Warlock+Hunter,2,team1,kill,32.62
Priest+Hunter_vs_Warlock+Hunter,Priest+Hunter,Warlock+Hunter,3,team1,kill,33.50
Priest+Hunter_vs_Warlock+Hunter,Priest+Hunter,Warlock+Hunter,4,team2,kill,22.87
Priest+Hunter_vs_Warlock+Shaman,Priest+Hunter,Warlock+Shaman,0,team2,kill,40.88
Priest+Hunter_vs_Warlock+Shaman,Priest+Hunter,Warlock+Shaman,1,team2,kill,34.53
Priest+Hunter_vs_Warlock+Shaman,Priest+Hunter,Warlock+Shaman,2,team2,kill,30.22
Priest+Hunter_vs_Warlock+Shaman,Priest+Hunter,Warlock+Shaman,3,team2,kill,30.40
Priest+Hunter_vs_Warlock+Shaman,Priest+Hunter,Warlock+Shaman,4,team2,kill,36.30
Priest+Hunter_vs_Paladin+Hunter,Priest+Hunter,Paladin+Hunter,0,team2,kill,57.68
Priest+Hunter_vs_Paladin+Hunter,Priest+Hunter,Paladin+Hunter,1,team2,kill,61.30
Priest+Hunter_vs_Paladin+Hunter,Priest+Hunter,Paladin+Hunter,2,team2,kill,68.42
Priest+Hunter_vs_Paladin+Hunter,Priest+Hunter,Paladin+Hunter,3,team1,kill,86.27
Priest+Hunter_vs_Paladin+Hunter,Priest+Hunter,Paladin+Hunter,4,team1,kill,117.29
Priest+Hunter_vs_Hunter+Shaman,Priest+Hunter,Hunter+Shaman,0,team2,kill,35.73
Priest+Hunter_vs_Hunter+Shaman,Priest+Hunter,Hunter+Shaman,1,team2,kill,38.02
Priest+Hunter_vs_Hunter+Shaman,Priest+Hunter,Hunter+Shaman,2,team2,kill,47.87
Priest+Hunter_vs_Hunter+Shaman,Priest+Hunter,Hunter+Shaman,3,team2,kill,42.15
Priest+Hunter_vs_Hunter+Shaman,Priest+Hunter,Hunter+Shaman,4,team2,kill,40.07
Warlock+Paladin_vs_Warrior+Mage,Warlock+Paladin,Warrior+Mage,0,team1,kill,34.63
Warlock+Paladin_vs_Warrior+Mage,Warlock+Paladin,Warrior+Mage,1,team1,kill,37.27
Warlock+Paladin_vs_Warrior+Mage,Warlock+Paladin,Warrior+Mage,2,team1,kill,37.35
Warlock+Paladin_vs_Warrior+Mage,Warlock+Paladin,Warrior+Mage,3,team1,kill,39.23
Warlock+Paladin_vs_Warrior+Mage,Warlock+Paladin,Warrior+Mage,4,team1,kill,26.65
Warlock+Paladin_vs_Warrior+Rogue,Warlock+Paladin,Warrior+Rogue,0,team1,kill,28.82
Warlock+Paladin_vs_Warrior+Rogue,Warlock+Paladin,Warrior+Rogue,1,team1,kill,28.80
Warlock+Paladin_vs_Warrior+Rogue,Warlock+Paladin,Warrior+Rogue,2,team1,kill,27.78
Warlock+Paladin_vs_Warrior+Rogue,Warlock+Paladin,Warrior+Rogue,3,team1,kill,28.80
Warlock+Paladin_vs_Warrior+Rogue,Warlock+Paladin,Warrior+Rogue,4,team2,kill,51.77
Warlock+Paladin_vs_Warrior+Priest,Warlock+Paladin,Warrior+Priest,0,team2,kill,65.48
Warlock+Paladin_vs_Warrior+Priest,Warlock+Paladin,Warrior+Priest,1,team2,kill,68.02
Warlock+Paladin_vs_Warrior+Priest,Warlock+Paladin,Warrior+Priest,2,team1,kill,146.57
Warlock+Paladin_vs_Warrior+Priest,Warlock+Paladin,Warrior+Priest,3,team2,kill,74.47
Warlock+Paladin_vs_Warrior+Priest,Warlock+Paladin,Warrior+Priest,4,team2,kill,72.62
Warlock+Paladin_vs_Warrior+Warlock,Warlock+Paladin,Warrior+Warlock,0,team1,kill,52.57
Warlock+Paladin_vs_Warrior+Warlock,Warlock+Paladin,Warrior+Warlock,1,team1,kill,63.00
Warlock+Paladin_vs_Warrior+Warlock,Warlock+Paladin,Warrior+Warlock,2,team1,kill,39.90
Warlock+Paladin_vs_Warrior+Warlock,Warlock+Paladin,Warrior+Warlock,3,team1,kill,38.15
Warlock+Paladin_vs_Warrior+Warlock,Warlock+Paladin,Warrior+Warlock,4,team1,kill,40.17
Warlock+Paladin_vs_Warrior+Paladin,Warlock+Paladin,Warrior+Paladin,0,team1,kill,116.14
Warlock+Paladin_vs_Warrior+Paladin,Warlock+Paladin,Warrior+Paladin,1,team2,kill,64.72
Warlock+Paladin_vs_Warrior+Paladin,Warlock+Paladin,Warrior+Paladin,2,team1,kill,127.10
Warlock+Paladin_vs_Warrior+Paladin,Warlock+Paladin,Warrior+Paladin,3,team1,kill,100.04
Warlock+Paladin_vs_Warrior+Paladin,Warlock+Paladin,Warrior+Paladin,4,team2,kill,60.15
Warlock+Paladin_vs_Warrior+Hunter,Warlock+Paladin,Warrior+Hunter,0,team1,kill,39.27
Warlock+Paladin_vs_Warrior+Hunter,Warlock+Paladin,Warrior+Hunter,1,team1,kill,33.02
Warlock+Paladin_vs_Warrior+Hunter,Warlock+Paladin,Warrior+Hunter,2,team1,kill,33.33
Warlock+Paladin_vs_Warrior+Hunter,Warlock+Paladin,Warrior+Hunter,3,team1,kill,29.57
Warlock+Paladin_vs_Warrior+Hunter,Warlock+Paladin,Warrior+Hunter,4,team1,kill,50.98
Warlock+Paladin_vs_Warrior+Shaman,Warlock+Paladin,Warrior+Shaman,0,team2,kill,47.60
Warlock+Paladin_vs_Warrior+Shaman,Warlock+Paladin,Warrior+Shaman,1,team1,kill,86.77
Warlock+Paladin_vs_Warrior+Shaman,Warlock+Paladin,Warrior+Shaman,2,team2,kill,53.92
Warlock+Paladin_vs_Warrior+Shaman,Warlock+Paladin,Warrior+Shaman,3,team2,kill,120.38
Warlock+Paladin_vs_Warrior+Shaman,Warlock+Paladin,Warrior+Shaman,4,team2,kill,50.18
Warlock+Paladin_vs_Mage+Rogue,Warlock+Paladin,Mage+Rogue,0,team2,kill,28.50
Warlock+Paladin_vs_Mage+Rogue,Warlock+Paladin,Mage+Rogue,1,team2,kill,28.22
Warlock+Paladin_vs_Mage+Rogue,Warlock+Paladin,Mage+Rogue,2,team1,kill,28.78
Warlock+Paladin_vs_Mage+Rogue,Warlock+Paladin,Mage+Rogue,3,team1,kill,53.07
Warlock+Paladin_vs_Mage+Rogue,Warlock+Paladin,Mage+Rogue,4,team2,kill,31.45
Warlock+Paladin_vs_Mage+Priest,Warlock+Paladin,Mage+Priest,0,team1,kill,77.69
Warlock+Paladin_vs_Mage+Priest,Warlock+Paladin,Mage+Priest,1,team1,kill,74.72
Warlock+Paladin_vs_Mage+Priest,Warlock+Paladin,Mage+Priest,2,team1,kill,71.92
Warlock+Paladin_vs_Mage+Priest,Warlock+Paladin,Mage+Priest,3,team1,kill,67.43
Warlock+Paladin_vs_Mage+Priest,Warlock+Paladin,Mage+Priest,4,team1,kill,66.40
Warlock+Paladin_vs_Mage+Warlock,Warlock+Paladin,Mage+Warlock,0,team2,kill,40.88
Warlock+Paladin_vs_Mage+Warlock,Warlock+Paladin,Mage+Warlock,1,team2,kill,43.78
Warlock+Paladin_vs_Mage+Warlock,Warlock+Paladin,Mage+Warlock,2,team2,kill,46.50
Warlock+Paladin_vs_Mage+Warlock,Warlock+Paladin,Mage+Warlock,3,team2,kill,62.83
Warlock+Paladin_vs_Mage+Warlock,Warlock+Paladin,Mage+Warlock,4,team2,kill,42.38
Warlock+Paladin_vs_Mage+Paladin,Warlock+Paladin,Mage+Paladin,0,team2,kill,138.71
Warlock+Paladin_vs_Mage+Paladin,Warlock+Paladin,Mage+Paladin,1,team1,kill,85.32
Warlock+Paladin_vs_Mage+Paladin,Warlock+Paladin,Mage+Paladin,2,team2,kill,124.26
Warlock+Paladin_vs_Mage+Paladin,Warlock+Paladin,Mage+Paladin,3,team1,kill,136.96
Warlock+Paladin_vs_Mage+Paladin,Warlock+Paladin,Mage+Paladin,4,team1,kill,157.84
Warlock+Paladin_vs_Mage+Hunter,Warlock+Paladin,Mage+Hunter,0,team1,kill,33.55
Warlock+Paladin_vs_Mage+Hunter,Warlock+Paladin,Mage+Hunter,1,team1,kill,36.55
Warlock+Paladin_vs_Mage+Hunter,Warlock+Paladin,Mage+Hunter,2,team1,kill,35.88
Warlock+Paladin_vs_Mage+Hunter,Warlock+Paladin,Mage+Hunter,3,team1,kill,34.92
Warlock+Paladin_vs_Mage+Hunter,Warlock+Paladin,Mage+Hunter,4,team1,kill,34.92
Warlock+Paladin_vs_Mage+Shaman,Warlock+Paladin,Mage+Shaman,0,team1,kill,66.27
Warlock+Paladin_vs_Mage+Shaman,Warlock+Paladin,Mage+Shaman,1,team2,kill,34.57
Warlock+Paladin_vs_Mage+Shaman,Warlock+Paladin,Mage+Shaman,2,team2,kill,31.90
Warlock+Paladin_vs_Mage+Shaman,Warlock+Paladin,Mage+Shaman,3,team2,kill,30.52
Warlock+Paladin_vs_Mage+Shaman,Warlock+Paladin,Mage+Shaman,4,team2,kill,30.82
Warlock+Paladin_vs_Rogue+Priest,Warlock+Paladin,Rogue+Priest,0,team2,kill,62.30
Warlock+Paladin_vs_Rogue+Priest,Warlock+Paladin,Rogue+Priest,1,team2,kill,66.37
Warlock+Paladin_vs_Rogue+Priest,Warlock+Paladin,Rogue+Priest,2,team2,kill,64.40
Warlock+Paladin_vs_Rogue+Priest,Warlock+Paladin,Rogue+Priest,3,team2,kill,69.88
Warlock+Paladin_vs_Rogue+Priest,Warlock+Paladin,Rogue+Priest,4,team2,kill,64.38
Warlock+Paladin_vs_Rogue+Warlock,Warlock+Paladin,Rogue+Warlock,0,team2,kill,54.35
Warlock+Paladin_vs_Rogue+Warlock,Warlock+Paladin,Rogue+Warlock,1,team2,kill,42.57
Warlock+Paladin_vs_Rogue+Warlock,Warlock+Paladin,Rogue+Warlock,2,team2,kill,53.92
Warlock+Paladin_vs_Rogue+Warlock,Warlock+Paladin,Rogue+Warlock,3,team2,kill,44.22
Warlock+Paladin_vs_Rogue+Warlock,Warlock+Paladin,Rogue+Warlock,4,team2,kill,51.78
Warlock+Paladin_vs_Rogue+Paladin,Warlock+Paladin,Rogue+Paladin,0,team2,kill,69.48
Warlock+Paladin_vs_Rogue+Paladin,Warlock+Paladin,Rogue+Paladin,1,team2,kill,70.33
Warlock+Paladin_vs_Rogue+Paladin,Warlock+Paladin,Rogue+Paladin,2,team2,kill,70.65
Warlock+Paladin_vs_Rogue+Paladin,Warlock+Paladin,Rogue+Paladin,3,team2,kill,67.52
Warlock+Paladin_vs_Rogue+Paladin,Warlock+Paladin,Rogue+Paladin,4,team2,kill,91.46
Warlock+Paladin_vs_Rogue+Hunter,Warlock+Paladin,Rogue+Hunter,0,team1,kill,45.82
Warlock+Paladin_vs_Rogue+Hunter,Warlock+Paladin,Rogue+Hunter,1,team1,kill,39.08
Warlock+Paladin_vs_Rogue+Hunter,Warlock+Paladin,Rogue+Hunter,2,team1,kill,44.77
Warlock+Paladin_vs_Rogue+Hunter,Warlock+Paladin,Rogue+Hunter,3,team1,kill,35.72
Warlock+Paladin_vs_Rogue+Hunter,Warlock+Paladin,Rogue+Hunter,4,team1,kill,37.00
Warlock+Paladin_vs_Rogue+Shaman,Warlock+Paladin,Rogue+Shaman,0,team2,kill,58.52
Warlock+Paladin_vs_Rogue+Shaman,Warlock+Paladin,Rogue+Shaman,1,team2,kill,34.53
Warlock+Paladin_vs_Rogue+Shaman,Warlock+Paladin,Rogue+Shaman,2,team2,kill,51.92
Warlock+Paladin_vs_Rogue+Shaman,Warlock+Paladin,Rogue+Shaman,3,team2,kill,65.37
Warlock+Paladin_vs_Rogue+Shaman,Warlock+Paladin,Rogue+Shaman,4,team2,kill,53.65
Warlock+Paladin_vs_Priest+Warlock,Warlock+Paladin,Priest+Warlock,0,team1,kill,52.68
Warlock+Paladin_vs_Priest+Warlock,Warlock+Paladin,Priest+Warlock,1,team1,kill,58.08
Warlock+Paladin_vs_Priest+Warlock,Warlock+Paladin,Priest+Warlock,2,team1,kill,70.08
Warlock+Paladin_vs_Priest+Warlock,Warlock+Paladin,Priest+Warlock,3,team2,kill,101.66
Warlock+Paladin_vs_Priest+Warlock,Warlock+Paladin,Priest+Warlock,4,team2,kill,73.53
Warlock+Paladin_vs_Priest+Hunter,Warlock+Paladin,Priest+Hunter,0,team1,kill,59.88
Warlock+Paladin_vs_Priest+Hunter,Warlock+Paladin,Priest+Hunter,1,team1,kill,58.23
Warlock+Paladin_vs_Priest+Hunter,Warlock+Paladin,Priest+Hunter,2,team1,kill,60.85
Warlock+Paladin_vs_Priest+Hunter,Warlock+Paladin,Priest+Hunter,3,team1,kill,56.23
Warlock+Paladin_vs_Priest+Hunter,Warlock+Paladin,Priest+Hunter,4,team1,kill,93.74
Warlock+Paladin_vs_Warlock+Hunter,Warlock+Paladin,Warlock+Hunter,0,team1,kill,43.52
Warlock+Paladin_vs_Warlock+Hunter,Warlock+Paladin,Warlock+Hunter,1,team1,kill,70.02
Warlock+Paladin_vs_Warlock+Hunter,Warlock+Paladin,Warlock+Hunter,2,team1,kill,43.93
Warlock+Paladin_vs_Warlock+Hunter,Warlock+Paladin,Warlock+Hunter,3,team1,kill,45.22
Warlock+Paladin_vs_Warlock+Hunter,Warlock+Paladin,Warlock+Hunter,4,team1,kill,44.18
Warlock+Paladin_vs_Warlock+Shaman,Warlock+Paladin,Warlock+Shaman,0,team1,kill,138.26
Warlock+Paladin_vs_Warlock+Shaman,Warlock+Paladin,Warlock+Shaman,1,team2,kill,41.83
Warlock+Paladin_vs_Warlock+Shaman,Warlock+Paladin,Warlock+Shaman,2,team2,kill,55.33
Warlock+Paladin_vs_Warlock+Shaman,Warlock+Paladin,Warlock+Shaman,3,team2,kill,47.58
Warlock+Paladin_vs_Warlock+Shaman,Warlock+Paladin,Warlock+Shaman,4,team2,kill,34.95
Warlock+Paladin_vs_Paladin+Hunter,Warlock+Paladin,Paladin+Hunter,0,team1,kill,149.76
Warlock+Paladin_vs_Paladin+Hunter,Warlock+Paladin,Paladin+Hunter,1,team1,kill,85.19
Warlock+Paladin_vs_Paladin+Hunter,Warlock+Paladin,Paladin+Hunter,2,team2,kill,169.62
Warlock+Paladin_vs_Paladin+Hunter,Warlock+Paladin,Paladin+Hunter,3,team1,kill,90.75
Warlock+Paladin_vs_Paladin+Hunter,Warlock+Paladin,Paladin+Hunter,4,team1,kill,147.79
Warlock+Paladin_vs_Hunter+Shaman,Warlock+Paladin,Hunter+Shaman,0,team1,kill,51.32
Warlock+Paladin_vs_Hunter+Shaman,Warlock+Paladin,Hunter+Shaman,1,team1,kill,47.83
Warlock+Paladin_vs_Hunter+Shaman,Warlock+Paladin,Hunter+Shaman,2,team1,kill,45.43
Warlock+Paladin_vs_Hunter+Shaman,Warlock+Paladin,Hunter+Shaman,3,team1,kill,46.27
Warlock+Paladin_vs_Hunter+Shaman,Warlock+Paladin,Hunter+Shaman,4,team1,kill,40.72
Warlock+Hunter_vs_Warrior+Mage,Warlock+Hunter,Warrior+Mage,0,team2,kill,21.77
Warlock+Hunter_vs_Warrior+Mage,Warlock+Hunter,Warrior+Mage,1,team2,kill,20.82
Warlock+Hunter_vs_Warrior+Mage,Warlock+Hunter,Warrior+Mage,2,team2,kill,24.68
Warlock+Hunter_vs_Warrior+Mage,Warlock+Hunter,Warrior+Mage,3,team2,kill,28.65
Warlock+Hunter_vs_Warrior+Mage,Warlock+Hunter,Warrior+Mage,4,team2,kill,33.10
Warlock+Hunter_vs_Warrior+Rogue,Warlock+Hunter,Warrior+Rogue,0,team1,kill,20.08
Warlock+Hunter_vs_Warrior+Rogue,Warlock+Hunter,Warrior+Rogue,1,team1,kill,23.85
Warlock+Hunter_vs_Warrior+Rogue,Warlock+Hunter,Warrior+Rogue,2,team1,kill,23.23
Warlock+Hunter_vs_Warrior+Rogue,Warlock+Hunter,Warrior+Rogue,3,team1,kill,22.93
Warlock+Hunter_vs_Warrior+Rogue,Warlock+Hunter,Warrior+Rogue,4,team1,kill,21.05
Warlock+Hunter_vs_Warrior+Priest,Warlock+Hunter,Warrior+Priest,0,team1,kill,30.85
Warlock+Hunter_vs_Warrior+Priest,Warlock+Hunter,Warrior+Priest,1,team2,kill,42.18
Warlock+Hunter_vs_Warrior+Priest,Warlock+Hunter,Warrior+Priest,2,team2,kill,61.90
Warlock+Hunter_vs_Warrior+Priest,Warlock+Hunter,Warrior+Priest,3,team2,kill,32.58
Warlock+Hunter_vs_Warrior+Priest,Warlock+Hunter,Warrior+Priest,4,team2,kill,43.75
Warlock+Hunter_vs_Warrior+Warlock,Warlock+Hunter,Warrior+Warlock,0,team1,kill,22.92
Warlock+Hunter_vs_Warrior+Warlock,Warlock+Hunter,Warrior+Warlock,1,team2,kill,27.17
Warlock+Hunter_vs_Warrior+Warlock,Warlock+Hunter,Warrior+Warlock,2,team1,kill,22.28
Warlock+Hunter_vs_Warrior+Warlock,Warlock+Hunter,Warrior+Warlock,3,team2,kill,24.90
Warlock+Hunter_vs_Warrior+Warlock,Warlock+Hunter,Warrior+Warlock,4,team1,kill,22.28
Warlock+Hunter_vs_Warrior+Paladin,Warlock+Hunter,Warrior+Paladin,0,team2,kill,42.62
Warlock+Hunter_vs_Warrior+Paladin,Warlock+Hunter,Warrior+Paladin,1,team2,kill,32.97
Warlock+Hunter_vs_Warrior+Paladin,Warlock+Hunter,Warrior+Paladin,2,team2,kill,37.77
Warlock+Hunter_vs_Warrior+Paladin,Warlock+Hunter,Warrior+Paladin,3,team1,kill,70.65
Warlock+Hunter_vs_Warrior+Paladin,Warlock+Hunter,Warrior+Paladin,4,team2,kill,72.98
Warlock+Hunter_vs_Warrior+Hunter,Warlock+Hunter,Warrior+Hunter,0,team1,kill,18.23
Warlock+Hunter_vs_Warrior+Hunter,Warlock+Hunter,Warrior+Hunter,1,team1,kill,21.03
Warlock+Hunter_vs_Warrior+Hunter,Warlock+Hunter,Warrior+Hunter,2,team1,kill,23.70
Warlock+Hunter_vs_Warrior+Hunter,Warlock+Hunter,Warrior+Hunter,3,team2,kill,21.12
Warlock+Hunter_vs_Warrior+Hunter,Warlock+Hunter,Warrior+Hunter,4,team1,kill,20.30
Warlock+Hunter_vs_Warrior+Shaman,Warlock+Hunter,Warrior+Shaman,0,team2,kill,38.62
Warlock+Hunter_vs_Warrior+Shaman,Warlock+Hunter,Warrior+Shaman,1,team2,kill,32.48
Warlock+Hunter_vs_Warrior+Shaman,Warlock+Hunter,Warrior+Shaman,2,team2,kill,28.67
Warlock+Hunter_vs_Warrior+Shaman,Warlock+Hunter,Warrior+Shaman,3,team2,kill,32.58
Warlock+Hunter_vs_Warrior+Shaman,Warlock+Hunter,Warrior+Shaman,4,team2,kill,31.25
Warlock+Hunter_vs_Mage+Rogue,Warlock+Hunter,Mage+Rogue,0,team1,kill,32.72
Warlock+Hunter_vs_Mage+Rogue,Warlock+Hunter,Mage+Rogue,1,team2,kill,28.58
Warlock+Hunter_vs_Mage+Rogue,Warlock+Hunter,Mage+Rogue,2,team1,kill,30.13
Warlock+Hunter_vs_Mage+Rogue,Warlock+Hunter,Mage+Rogue,3,team1,kill,31.05
Warlock+Hunter_vs_Mage+Rogue,Warlock+Hunter,Mage+Rogue,4,team1,kill,34.98
Warlock+Hunter_vs_Mage+Priest,Warlock+Hunter,Mage+Priest,0,team2,kill,24.33
Warlock+Hunter_vs_Mage+Priest,Warlock+Hunter,Mage+Priest,1,team2,kill,24.43
Warlock+Hunter_vs_Mage+Priest,Warlock+Hunter,Mage+Priest,2,team2,kill,26.27
Warlock+Hunter_vs_Mage+Priest,Warlock+Hunter,Mage+Priest,3,team2,kill,24.22
Warlock+Hunter_vs_Mage+Priest,Warlock+Hunter,Mage+Priest,4,team2,kill,24.23
Warlock+Hunter_vs_Mage+Warlock,Warlock+Hunter,Mage+Warlock,0,team2,kill,18.48
Warlock+Hunter_vs_Mage+Warlock,Warlock+Hunter,Mage+Warlock,1,team2,kill,18.48
Warlock+Hunter_vs_Mage+Warlock,Warlock+Hunter,Mage+Warlock,2,team2,kill,20.00
Warlock+Hunter_vs_Mage+Warlock,Warlock+Hunter,Mage+Warlock,3,team2,kill,20.00
Warlock+Hunter_vs_Mage+Warlock,Warlock+Hunter,Mage+Warlock,4,team2,kill,20.00
Warlock+Hunter_vs_Mage+Paladin,Warlock+Hunter,Mage+Paladin,0,team2,kill,22.17
Warlock+Hunter_vs_Mage+Paladin,Warlock+Hunter,Mage+Paladin,1,team2,kill,29.42
Warlock+Hunter_vs_Mage+Paladin,Warlock+Hunter,Mage+Paladin,2,team2,kill,25.25
Warlock+Hunter_vs_Mage+Paladin,Warlock+Hunter,Mage+Paladin,3,team2,kill,22.03
Warlock+Hunter_vs_Mage+Paladin,Warlock+Hunter,Mage+Paladin,4,team2,kill,29.42
Warlock+Hunter_vs_Mage+Hunter,Warlock+Hunter,Mage+Hunter,0,team2,kill,17.67
Warlock+Hunter_vs_Mage+Hunter,Warlock+Hunter,Mage+Hunter,1,team2,kill,17.63
Warlock+Hunter_vs_Mage+Hunter,Warlock+Hunter,Mage+Hunter,2,team2,kill,16.28
Warlock+Hunter_vs_Mage+Hunter,Warlock+Hunter,Mage+Hunter,3,team2,kill,17.67
Warlock+Hunter_vs_Mage+Hunter,Warlock+Hunter,Mage+Hunter,4,team2,kill,14.73
Warlock+Hunter_vs_Mage+Shaman,Warlock+Hunter,Mage+Shaman,0,team2,kill,13.15
Warlock+Hunter_vs_Mage+Shaman,Warlock+Hunter,Mage+Shaman,1,team2,kill,16.73
Warlock+Hunter_vs_Mage+Shaman,Warlock+Hunter,Mage+Shaman,2,team2,kill,13.48
Warlock+Hunter_vs_Mage+Shaman,Warlock+Hunter,Mage+Shaman,3,team2,kill,13.48
Warlock+Hunter_vs_Mage+Shaman,Warlock+Hunter,Mage+Shaman,4,team2,kill,18.53
Warlock+Hunter_vs_Rogue+Priest,Warlock+Hunter,Rogue+Priest,0,team2,kill,31.20
Warlock+Hunter_vs_Rogue+Priest,Warlock+Hunter,Rogue+Priest,1,team2,kill,47.05
Warlock+Hunter_vs_Rogue+Priest,Warlock+Hunter,Rogue+Priest,2,team2,kill,38.52
Warlock+Hunter_vs_Rogue+Priest,Warlock+Hunter,Rogue+Priest,3,team2,kill,31.23
Warlock+Hunter_vs_Rogue+Priest,Warlock+Hunter,Rogue+Priest,4,team2,kill,44.93
Warlock+Hunter_vs_Rogue+Warlock,Warlock+Hunter,Rogue+Warlock,0,team1,kill,23.42
Warlock+Hunter_vs_Rogue+Warlock,Warlock+Hunter,Rogue+Warlock,1,team1,kill,20.43
Warlock+Hunter_vs_Rogue+Warlock,Warlock+Hunter,Rogue+Warlock,2,team1,kill,20.90
Warlock+Hunter_vs_Rogue+Warlock,Warlock+Hunter,Rogue+Warlock,3,team1,kill,23.10
Warlock+Hunter_vs_Rogue+Warlock,Warlock+Hunter,Rogue+Warlock,4,team1,kill,22.73
Warlock+Hunter_vs_Rogue+Paladin,Warlock+Hunter,Rogue+Paladin,0,team2,kill,51.43
Warlock+Hunter_vs_Rogue+Paladin,Warlock+Hunter,Rogue+Paladin,1,team2,kill,53.47
Warlock+Hunter_vs_Rogue+Paladin,Warlock+Hunter,Rogue+Paladin,2,team2,kill,36.23
Warlock+Hunter_vs_Rogue+Paladin,Warlock+Hunter,Rogue+Paladin,3,team2,kill,81.09
Warlock+Hunter_vs_Rogue+Paladin,Warlock+Hunter,Rogue+Paladin,4,team2,kill,32.12
Warlock+Hunter_vs_Rogue+Hunter,Warlock+Hunter,Rogue+Hunter,0,team1,kill,21.03
Warlock+Hunter_vs_Rogue+Hunter,Warlock+Hunter,Rogue+Hunter,1,team1,kill,20.92
Warlock+Hunter_vs_Rogue+Hunter,Warlock+Hunter,Rogue+Hunter,2,team1,kill,19.52
Warlock+Hunter_vs_Rogue+Hunter,Warlock+Hunter,Rogue+Hunter,3,team1,kill,20.07
Warlock+Hunter_vs_Rogue+Hunter,Warlock+Hunter,Rogue+Hunter,4,team1,kill,18.17
Warlock+Hunter_vs_Rogue+Shaman,Warlock+Hunter,Rogue+Shaman,0,team1,kill,37.42
Warlock+Hunter_vs_Rogue+Shaman,Warlock+Hunter,Rogue+Shaman,1,team1,kill,38.07
Warlock+Hunter_vs_Rogue+Shaman,Warlock+Hunter,Rogue+Shaman,2,team2,kill,50.83
Warlock+Hunter_vs_Rogue+Shaman,Warlock+Hunter,Rogue+Shaman,3,team2,kill,42.55
Warlock+Hunter_vs_Rogue+Shaman,Warlock+Hunter,Rogue+Shaman,4,team2,kill,31.28
Warlock+Hunter_vs_Priest+Warlock,Warlock+Hunter,Priest+Warlock,0,team2,kill,34.88
Warlock+Hunter_vs_Priest+Warlock,Warlock+Hunter,Priest+Warlock,1,team1,kill,26.47
Warlock+Hunter_vs_Priest+Warlock,Warlock+Hunter,Priest+Warlock,2,team2,kill,40.63
Warlock+Hunter_vs_Priest+Warlock,Warlock+Hunter,Priest+Warlock,3,team1,kill,34.88
Warlock+Hunter_vs_Priest+Warlock,Warlock+Hunter,Priest+Warlock,4,team1,kill,39.02
Warlock+Hunter_vs_Priest+Hunter,Warlock+Hunter,Priest+Hunter,0,team2,kill,33.00
Warlock+Hunter_vs_Priest+Hunter,Warlock+Hunter,Priest+Hunter,1,team2,kill,31.90
Warlock+Hunter_vs_Priest+Hunter,Warlock+Hunter,Priest+Hunter,2,team2,kill,30.02
Warlock+Hunter_vs_Priest+Hunter,Warlock+Hunter,Priest+Hunter,3,team2,kill,30.40
Warlock+Hunter_vs_Priest+Hunter,Warlock+Hunter,Priest+Hunter,4,team2,kill,29.78
Warlock+Hunter_vs_Warlock+Paladin,Warlock+Hunter,Warlock+Paladin,0,team2,kill,42.33
Warlock+Hunter_vs_Warlock+Paladin,Warlock+Hunter,Warlock+Paladin,1,team2,kill,61.47
Warlock+Hunter_vs_Warlock+Paladin,Warlock+Hunter,Warlock+Paladin,2,team2,kill,38.42
Warlock+Hunter_vs_Warlock+Paladin,Warlock+Hunter,Warlock+Paladin,3,team2,kill,45.22
Warlock+Hunter_vs_Warlock+Paladin,Warlock+Hunter,Warlock+Paladin,4,team2,kill,61.97
Warlock+Hunter_vs_Warlock+Shaman,Warlock+Hunter,Warlock+Shaman,0,team2,kill,20.48
Warlock+Hunter_vs_Warlock+Shaman,Warlock+Hunter,Warlock+Shaman,1,team2,kill,20.58
Warlock+Hunter_vs_Warlock+Shaman,Warlock+Hunter,Warlock+Shaman,2,team2,kill,20.63
Warlock+Hunter_vs_Warlock+Shaman,Warlock+Hunter,Warlock+Shaman,3,team2,kill,21.63
Warlock+Hunter_vs_Warlock+Shaman,Warlock+Hunter,Warlock+Shaman,4,team2,kill,21.47
Warlock+Hunter_vs_Paladin+Hunter,Warlock+Hunter,Paladin+Hunter,0,team2,kill,35.30
Warlock+Hunter_vs_Paladin+Hunter,Warlock+Hunter,Paladin+Hunter,1,team1,kill,44.72
Warlock+Hunter_vs_Paladin+Hunter,Warlock+Hunter,Paladin+Hunter,2,team2,kill,33.03
Warlock+Hunter_vs_Paladin+Hunter,Warlock+Hunter,Paladin+Hunter,3,team2,kill,67.07
Warlock+Hunter_vs_Paladin+Hunter,Warlock+Hunter,Paladin+Hunter,4,team2,kill,33.80
Warlock+Hunter_vs_Hunter+Shaman,Warlock+Hunter,Hunter+Shaman,0,team2,kill,24.15
Warlock+Hunter_vs_Hunter+Shaman,Warlock+Hunter,Hunter+Shaman,1,team2,kill,25.67
Warlock+Hunter_vs_Hunter+Shaman,Warlock+Hunter,Hunter+Shaman,2,team2,kill,28.70
Warlock+Hunter_vs_Hunter+Shaman,Warlock+Hunter,Hunter+Shaman,3,team2,kill,23.57
Warlock+Hunter_vs_Hunter+Shaman,Warlock+Hunter,Hunter+Shaman,4,team2,kill,28.70
Warlock+Shaman_vs_Warrior+Mage,Warlock+Shaman,Warrior+Mage,0,team1,kill,26.62
Warlock+Shaman_vs_Warrior+Mage,Warlock+Shaman,Warrior+Mage,1,team1,kill,23.60
Warlock+Shaman_vs_Warrior+Mage,Warlock+Shaman,Warrior+Mage,2,team1,kill,26.62
Warlock+Shaman_vs_Warrior+Mage,Warlock+Shaman,Warrior+Mage,3,team1,kill,27.35
Warlock+Shaman_vs_Warrior+Mage,Warlock+Shaman,Warrior+Mage,4,team1,kill,26.62
Warlock+Shaman_vs_Warrior+Rogue,Warlock+Shaman,Warrior+Rogue,0,team1,kill,20.20
Warlock+Shaman_vs_Warrior+Rogue,Warlock+Shaman,Warrior+Rogue,1,team1,kill,18.38
Warlock+Shaman_vs_Warrior+Rogue,Warlock+Shaman,Warrior+Rogue,2,team1,kill,18.48
Warlock+Shaman_vs_Warrior+Rogue,Warlock+Shaman,Warrior+Rogue,3,team1,kill,19.02
Warlock+Shaman_vs_Warrior+Rogue,Warlock+Shaman,Warrior+Rogue,4,team1,kill,22.43
Warlock+Shaman_vs_Warrior+Priest,Warlock+Shaman,Warrior+Priest,0,team1,kill,19.22
Warlock+Shaman_vs_Warrior+Priest,Warlock+Shaman,Warrior+Priest,1,team1,kill,35.97
Warlock+Shaman_vs_Warrior+Priest,Warlock+Shaman,Warrior+Priest,2,team2,kill,60.95
Warlock+Shaman_vs_Warrior+Priest,Warlock+Shaman,Warrior+Priest,3,team1,kill,33.60
Warlock+Shaman_vs_Warrior+Priest,Warlock+Shaman,Warrior+Priest,4,team2,kill,47.78
Warlock+Shaman_vs_Warrior+Warlock,Warlock+Shaman,Warrior+Warlock,0,team1,kill,23.43
Warlock+Shaman_vs_Warrior+Warlock,Warlock+Shaman,Warrior+Warlock,1,team1,kill,31.42
Warlock+Shaman_vs_Warrior+Warlock,Warlock+Shaman,Warrior+Warlock,2,team1,kill,29.80
Warlock+Shaman_vs_Warrior+Warlock,Warlock+Shaman,Warrior+Warlock,3,team1,kill,25.40
Warlock+Shaman_vs_Warrior+Warlock,Warlock+Shaman,Warrior+Warlock,4,team1,kill,25.45
Warlock+Shaman_vs_Warrior+Paladin,Warlock+Shaman,Warrior+Paladin,0,team2,kill,36.93
Warlock+Shaman_vs_Warrior+Paladin,Warlock+Shaman,Warrior+Paladin,1,team1,kill,40.17
Warlock+Shaman_vs_Warrior+Paladin,Warlock+Shaman,Warrior+Paladin,2,team1,kill,51.65
Warlock+Shaman_vs_Warrior+Paladin,Warlock+Shaman,Warrior+Paladin,3,team1,kill,45.77
Warlock+Shaman_vs_Warrior+Paladin,Warlock+Shaman,Warrior+Paladin,4,team1,kill,74.58
Warlock+Shaman_vs_Warrior+Hunter,Warlock+Shaman,Warrior+Hunter,0,team1,kill,18.03
Warlock+Shaman_vs_Warrior+Hunter,Warlock+Shaman,Warrior+Hunter,1,team1,kill,19.25
Warlock+Shaman_vs_Warrior+Hunter,Warlock+Shaman,Warrior+Hunter,2,team1,kill,18.25
Warlock+Shaman_vs_Warrior+Hunter,Warlock+Shaman,Warrior+Hunter,3,team1,kill,19.60
Warlock+Shaman_vs_Warrior+Hunter,Warlock+Shaman,Warrior+Hunter,4,team1,kill,15.20
Warlock+Shaman_vs_Warrior+Shaman,Warlock+Shaman,Warrior+Shaman,0,team2,kill,43.63
Warlock+Shaman_vs_Warrior+Shaman,Warlock+Shaman,Warrior+Shaman,1,team2,kill,49.23
Warlock+Shaman_vs_Warrior+Shaman,Warlock+Shaman,Warrior+Shaman,2,team2,kill,35.53
Warlock+Shaman_vs_Warrior+Shaman,Warlock+Shaman,Warrior+Shaman,3,team1,kill,51.02
Warlock+Shaman_vs_Warrior+Shaman,Warlock+Shaman,Warrior+Shaman,4,team1,kill,41.90
Warlock+Shaman_vs_Mage+Rogue,Warlock+Shaman,Mage+Rogue,0,team2,kill,20.67
Warlock+Shaman_vs_Mage+Rogue,Warlock+Shaman,Mage+Rogue,1,team2,kill,28.55
Warlock+Shaman_vs_Mage+Rogue,Warlock+Shaman,Mage+Rogue,2,team2,kill,26.73
Warlock+Shaman_vs_Mage+Rogue,Warlock+Shaman,Mage+Rogue,3,team2,kill,23.78
Warlock+Shaman_vs_Mage+Rogue,Warlock+Shaman,Mage+Rogue,4,team2,kill,21.72
Warlock+Shaman_vs_Mage+Priest,Warlock+Shaman,Mage+Priest,0,team1,kill,71.08
Warlock+Shaman_vs_Mage+Priest,Warlock+Shaman,Mage+Priest,1,team2,kill,42.52
Warlock+Shaman_vs_Mage+Priest,Warlock+Shaman,Mage+Priest,2,team2,kill,30.40
Warlock+Shaman_vs_Mage+Priest,Warlock+Shaman,Mage+Priest,3,team2,kill,28.53
Warlock+Shaman_vs_Mage+Priest,Warlock+Shaman,Mage+Priest,4,team1,kill,64.93
Warlock+Shaman_vs_Mage+Warlock,Warlock+Shaman,Mage+Warlock,0,team2,kill,34.87
Warlock+Shaman_vs_Mage+Warlock,Warlock+Shaman,Mage+Warlock,1,team2,kill,21.58
Warlock+Shaman_vs_Mage+Warlock,Warlock+Shaman,Mage+Warlock,2,team2,kill,21.67
Warlock+Shaman_vs_Mage+Warlock,Warlock+Shaman,Mage+Warlock,3,team2,kill,21.58
Warlock+Shaman_vs_Mage+Warlock,Warlock+Shaman,Mage+Warlock,4,team2,kill,23.15
Warlock+Shaman_vs_Mage+Paladin,Warlock+Shaman,Mage+Paladin,0,team2,kill,54.75
Warlock+Shaman_vs_Mage+Paladin,Warlock+Shaman,Mage+Paladin,1,team2,kill,33.30
Warlock+Shaman_vs_Mage+Paladin,Warlock+Shaman,Mage+Paladin,2,team2,kill,34.37
Warlock+Shaman_vs_Mage+Paladin,Warlock+Shaman,Mage+Paladin,3,team2,kill,54.67
Warlock+Shaman_vs_Mage+Paladin,Warlock+Shaman,Mage+Paladin,4,team1,kill,150.01
Warlock+Shaman_vs_Mage+Hunter,Warlock+Shaman,Mage+Hunter,0,team1,kill,17.70
Warlock+Shaman_vs_Mage+Hunter,Warlock+Shaman,Mage+Hunter,1,team1,kill,25.15
Warlock+Shaman_vs_Mage+Hunter,Warlock+Shaman,Mage+Hunter,2,team1,kill,25.15
Warlock+Shaman_vs_Mage+Hunter,Warlock+Shaman,Mage+Hunter,3,team1,kill,24.15
Warlock+Shaman_vs_Mage+Hunter,Warlock+Shaman,Mage+Hunter,4,team1,kill,25.15
Warlock+Shaman_vs_Mage+Shaman,Warlock+Shaman,Mage+Shaman,0,team2,kill,17.23
Warlock+Shaman_vs_Mage+Shaman,Warlock+Shaman,Mage+Shaman,1,team2,kill,28.83
Warlock+Shaman_vs_Mage+Shaman,Warlock+Shaman,Mage+Shaman,2,team2,kill,31.22
Warlock+Shaman_vs_Mage+Shaman,Warlock+Shaman,Mage+Shaman,3,team2,kill,14.87
Warlock+Shaman_vs_Mage+Shaman,Warlock+Shaman,Mage+Shaman,4,team2,kill,24.57
Warlock+Shaman_vs_Rogue+Priest,Warlock+Shaman,Rogue+Priest,0,team2,kill,43.77
Warlock+Shaman_vs_Rogue+Priest,Warlock+Shaman,Rogue+Priest,1,team2,kill,32.83
Warlock+Shaman_vs_Rogue+Priest,Warlock+Shaman,Rogue+Priest,2,team2,kill,45.03
Warlock+Shaman_vs_Rogue+Priest,Warlock+Shaman,Rogue+Priest,3,team2,kill,31.78
Warlock+Shaman_vs_Rogue+Priest,Warlock+Shaman,Rogue+Priest,4,team2,kill,34.38
Warlock+Shaman_vs_Rogue+Warlock,Warlock+Shaman,Rogue+Warlock,0,team1,kill,22.10
Warlock+Shaman_vs_Rogue+Warlock,Warlock+Shaman,Rogue+Warlock,1,team1,kill,23.62
Warlock+Shaman_vs_Rogue+Warlock,Warlock+Shaman,Rogue+Warlock,2,team1,kill,23.85
Warlock+Shaman_vs_Rogue+Warlock,Warlock+Shaman,Rogue+Warlock,3,team1,kill,22.35
Warlock+Shaman_vs_Rogue+Warlock,Warlock+Shaman,Rogue+Warlock,4,team1,kill,23.62
Warlock+Shaman_vs_Rogue+Paladin,Warlock+Shaman,Rogue+Paladin,0,team2,kill,42.58
Warlock+Shaman_vs_Rogue+Paladin,Warlock+Shaman,Rogue+Paladin,1,team1,kill,123.38
Warlock+Shaman_vs_Rogue+Paladin,Warlock+Shaman,Rogue+Paladin,2,team2,kill,39.40
Warlock+Shaman_vs_Rogue+Paladin,Warlock+Shaman,Rogue+Paladin,3,team1,kill,71.87
Warlock+Shaman_vs_Rogue+Paladin,Warlock+Shaman,Rogue+Paladin,4,team1,kill,77.67
Warlock+Shaman_vs_Rogue+Hunter,Warlock+Shaman,Rogue+Hunter,0,team1,kill,18.35
Warlock+Shaman_vs_Rogue+Hunter,Warlock+Shaman,Rogue+Hunter,1,team1,kill,19.60
Warlock+Shaman_vs_Rogue+Hunter,Warlock+Shaman,Rogue+Hunter,2,team1,kill,19.83
Warlock+Shaman_vs_Rogue+Hunter,Warlock+Shaman,Rogue+Hunter,3,team1,kill,18.52
Warlock+Shaman_vs_Rogue+Hunter,Warlock+Shaman,Rogue+Hunter,4,team1,kill,22.62
Warlock+Shaman_vs_Rogue+Shaman,Warlock+Shaman,Rogue+Shaman,0,team2,kill,25.32
Warlock+Shaman_vs_Rogue+Shaman,Warlock+Shaman,Rogue+Shaman,1,team2,kill,35.47
Warlock+Shaman_vs_Rogue+Shaman,Warlock+Shaman,Rogue+Shaman,2,team2,kill,25.43
Warlock+Shaman_vs_Rogue+Shaman,Warlock+Shaman,Rogue+Shaman,3,team2,kill,30.10
Warlock+Shaman_vs_Rogue+Shaman,Warlock+Shaman,Rogue+Shaman,4,team2,kill,35.82
Warlock+Shaman_vs_Priest+Warlock,Warlock+Shaman,Priest+Warlock,0,team1,kill,36.28
Warlock+Shaman_vs_Priest+Warlock,Warlock+Shaman,Priest+Warlock,1,team1,kill,47.52
Warlock+Shaman_vs_Priest+Warlock,Warlock+Shaman,Priest+Warlock,2,team1,kill,43.27
Warlock+Shaman_vs_Priest+Warlock,Warlock+Shaman,Priest+Warlock,3,team1,kill,38.13
Warlock+Shaman_vs_Priest+Warlock,Warlock+Shaman,Priest+Warlock,4,team1,kill,39.33
Warlock+Shaman_vs_Priest+Hunter,Warlock+Shaman,Priest+Hunter,0,team1,kill,37.28
Warlock+Shaman_vs_Priest+Hunter,Warlock+Shaman,Priest+Hunter,1,team1,kill,27.12
Warlock+Shaman_vs_Priest+Hunter,Warlock+Shaman,Priest+Hunter,2,team1,kill,50.40
Warlock+Shaman_vs_Priest+Hunter,Warlock+Shaman,Priest+Hunter,3,team1,kill,33.93
Warlock+Shaman_vs_Priest+Hunter,Warlock+Shaman,Priest+Hunter,4,team1,kill,35.38
Warlock+Shaman_vs_Warlock+Paladin,Warlock+Shaman,Warlock+Paladin,0,team2,kill,47.78
Warlock+Shaman_vs_Warlock+Paladin,Warlock+Shaman,Warlock+Paladin,1,team1,kill,40.80
Warlock+Shaman_vs_Warlock+Paladin,Warlock+Shaman,Warlock+Paladin,2,team1,kill,61.73
Warlock+Shaman_vs_Warlock+Paladin,Warlock+Shaman,Warlock+Paladin,3,team1,kill,53.33
Warlock+Shaman_vs_Warlock+Paladin,Warlock+Shaman,Warlock+Paladin,4,team2,kill,74.65
Warlock+Shaman_vs_Warlock+Hunter,Warlock+Shaman,Warlock+Hunter,0,team1,kill,20.18
Warlock+Shaman_vs_Warlock+Hunter,Warlock+Shaman,Warlock+Hunter,1,team1,kill,20.43
Warlock+Shaman_vs_Warlock+Hunter,Warlock+Shaman,Warlock+Hunter,2,team1,kill,21.05
Warlock+Shaman_vs_Warlock+Hunter,Warlock+Shaman,Warlock+Hunter,3,team1,kill,19.60
Warlock+Shaman_vs_Warlock+Hunter,Warlock+Shaman,Warlock+Hunter,4,team1,kill,22.15
Warlock+Shaman_vs_Paladin+Hunter,Warlock+Shaman,Paladin+Hunter,0,team1,kill,72.58
Warlock+Shaman_vs_Paladin+Hunter,Warlock+Shaman,Paladin+Hunter,1,team1,kill,63.17
Warlock+Shaman_vs_Paladin+Hunter,Warlock+Shaman,Paladin+Hunter,2,team1,kill,65.52
Warlock+Shaman_vs_Paladin+Hunter,Warlock+Shaman,Paladin+Hunter,3,team1,kill,67.27
Warlock+Shaman_vs_Paladin+Hunter,Warlock+Shaman,Paladin+Hunter,4,team1,kill,61.25
Warlock+Shaman_vs_Hunter+Shaman,Warlock+Shaman,Hunter+Shaman,0,team1,kill,46.47
Warlock+Shaman_vs_Hunter+Shaman,Warlock+Shaman,Hunter+Shaman,1,team1,kill,31.83
Warlock+Shaman_vs_Hunter+Shaman,Warlock+Shaman,Hunter+Shaman,2,team1,kill,31.83
Warlock+Shaman_vs_Hunter+Shaman,Warlock+Shaman,Hunter+Shaman,3,team1,kill,40.42
Warlock+Shaman_vs_Hunter+Shaman,Warlock+Shaman,Hunter+Shaman,4,team1,kill,37.15
Paladin+Hunter_vs_Warrior+Mage,Paladin+Hunter,Warrior+Mage,0,team1,kill,32.87
Paladin+Hunter_vs_Warrior+Mage,Paladin+Hunter,Warrior+Mage,1,team1,kill,48.17
Paladin+Hunter_vs_Warrior+Mage,Paladin+Hunter,Warrior+Mage,2,team1,kill,48.18
Paladin+Hunter_vs_Warrior+Mage,Paladin+Hunter,Warrior+Mage,3,team1,kill,35.38
Paladin+Hunter_vs_Warrior+Mage,Paladin+Hunter,Warrior+Mage,4,team2,kill,39.07
Paladin+Hunter_vs_Warrior+Rogue,Paladin+Hunter,Warrior+Rogue,0,team1,kill,26.07
Paladin+Hunter_vs_Warrior+Rogue,Paladin+Hunter,Warrior+Rogue,1,team1,kill,41.92
Paladin+Hunter_vs_Warrior+Rogue,Paladin+Hunter,Warrior+Rogue,2,team1,kill,27.15
Paladin+Hunter_vs_Warrior+Rogue,Paladin+Hunter,Warrior+Rogue,3,team1,kill,27.98
Paladin+Hunter_vs_Warrior+Rogue,Paladin+Hunter,Warrior+Rogue,4,team1,kill,26.07
Paladin+Hunter_vs_Warrior+Priest,Paladin+Hunter,Warrior+Priest,0,team2,kill,115.06
Paladin+Hunter_vs_Warrior+Priest,Paladin+Hunter,Warrior+Priest,1,team1,kill,95.19
Paladin+Hunter_vs_Warrior+Priest,Paladin+Hunter,Warrior+Priest,2,team2,kill,108.38
Paladin+Hunter_vs_Warrior+Priest,Paladin+Hunter,Warrior+Priest,3,team1,kill,97.56
Paladin+Hunter_vs_Warrior+Priest,Paladin+Hunter,Warrior+Priest,4,team1,kill,89.95
Paladin+Hunter_vs_Warrior+Warlock,Paladin+Hunter,Warrior+Warlock,0,team1,kill,35.63
Paladin+Hunter_vs_Warrior+Warlock,Paladin+Hunter,Warrior+Warlock,1,team1,kill,40.80
Paladin+Hunter_vs_Warrior+Warlock,Paladin+Hunter,Warrior+Warlock,2,team1,kill,70.88
Paladin+Hunter_vs_Warrior+Warlock,Paladin+Hunter,Warrior+Warlock,3,team1,kill,47.70
Paladin+Hunter_vs_Warrior+Warlock,Paladin+Hunter,Warrior+Warlock,4,team1,kill,44.65
Paladin+Hunter_vs_Warrior+Paladin,Paladin+Hunter,Warrior+Paladin,0,team2,kill,86.85
Paladin+Hunter_vs_Warrior+Paladin,Paladin+Hunter,Warrior+Paladin,1,team2,kill,78.72
Paladin+Hunter_vs_Warrior+Paladin,Paladin+Hunter,Warrior+Paladin,2,team1,kill,95.51
Paladin+Hunter_vs_Warrior+Paladin,Paladin+Hunter,Warrior+Paladin,3,team2,kill,88.07
Paladin+Hunter_vs_Warrior+Paladin,Paladin+Hunter,Warrior+Paladin,4,team2,kill,75.10
Paladin+Hunter_vs_Warrior+Hunter,Paladin+Hunter,Warrior+Hunter,0,team1,kill,48.72
Paladin+Hunter_vs_Warrior+Hunter,Paladin+Hunter,Warrior+Hunter,1,team1,kill,60.53
Paladin+Hunter_vs_Warrior+Hunter,Paladin+Hunter,Warrior+Hunter,2,team1,kill,62.65
Paladin+Hunter_vs_Warrior+Hunter,Paladin+Hunter,Warrior+Hunter,3,team1,kill,47.30
Paladin+Hunter_vs_Warrior+Hunter,Paladin+Hunter,Warrior+Hunter,4,team1,kill,34.62
Paladin+Hunter_vs_Warrior+Shaman,Paladin+Hunter,Warrior+Shaman,0,team2,kill,62.72
Paladin+Hunter_vs_Warrior+Shaman,Paladin+Hunter,Warrior+Shaman,1,team2,kill,62.02
Paladin+Hunter_vs_Warrior+Shaman,Paladin+Hunter,Warrior+Shaman,2,team2,kill,63.45
Paladin+Hunter_vs_Warrior+Shaman,Paladin+Hunter,Warrior+Shaman,3,team2,kill,64.47
Paladin+Hunter_vs_Warrior+Shaman,Paladin+Hunter,Warrior+Shaman,4,team2,kill,61.57
Paladin+Hunter_vs_Mage+Rogue,Paladin+Hunter,Mage+Rogue,0,team1,kill,53.70
Paladin+Hunter_vs_Mage+Rogue,Paladin+Hunter,Mage+Rogue,1,team1,kill,64.87
Paladin+Hunter_vs_Mage+Rogue,Paladin+Hunter,Mage+Rogue,2,team1,kill,50.65
Paladin+Hunter_vs_Mage+Rogue,Paladin+Hunter,Mage+Rogue,3,team1,kill,64.87
Paladin+Hunter_vs_Mage+Rogue,Paladin+Hunter,Mage+Rogue,4,team1,kill,52.42
Paladin+Hunter_vs_Mage+Priest,Paladin+Hunter,Mage+Priest,0,team2,kill,74.17
Paladin+Hunter_vs_Mage+Priest,Paladin+Hunter,Mage+Priest,1,team2,kill,34.17
Paladin+Hunter_vs_Mage+Priest,Paladin+Hunter,Mage+Priest,2,team2,kill,74.17
Paladin+Hunter_vs_Mage+Priest,Paladin+Hunter,Mage+Priest,3,team2,kill,63.03
Paladin+Hunter_vs_Mage+Priest,Paladin+Hunter,Mage+Priest,4,team2,kill,34.12
Paladin+Hunter_vs_Mage+Warlock,Paladin+Hunter,Mage+Warlock,0,team1,kill,29.83
Paladin+Hunter_vs_Mage+Warlock,Paladin+Hunter,Mage+Warlock,1,team2,kill,51.42
Paladin+Hunter_vs_Mage+Warlock,Paladin+Hunter,Mage+Warlock,2,team2,kill,40.30
Paladin+Hunter_vs_Mage+Warlock,Paladin+Hunter,Mage+Warlock,3,team1,kill,66.08
Paladin+Hunter_vs_Mage+Warlock,Paladin+Hunter,Mage+Warlock,4,team2,kill,36.78
Paladin+Hunter_vs_Mage+Paladin,Paladin+Hunter,Mage+Paladin,0,team2,kill,44.17
Paladin+Hunter_vs_Mage+Paladin,Paladin+Hunter,Mage+Paladin,1,team2,kill,27.47
Paladin+Hunter_vs_Mage+Paladin,Paladin+Hunter,Mage+Paladin,2,team2,kill,64.50
Paladin+Hunter_vs_Mage+Paladin,Paladin+Hunter,Mage+Paladin,3,team2,kill,115.93
Paladin+Hunter_vs_Mage+Paladin,Paladin+Hunter,Mage+Paladin,4,team2,kill,107.31
Paladin+Hunter_vs_Mage+Hunter,Paladin+Hunter,Mage+Hunter,0,team1,kill,32.45
Paladin+Hunter_vs_Mage+Hunter,Paladin+Hunter,Mage+Hunter,1,team1,kill,46.67
Paladin+Hunter_vs_Mage+Hunter,Paladin+Hunter,Mage+Hunter,2,team1,kill,42.30
Paladin+Hunter_vs_Mage+Hunter,Paladin+Hunter,Mage+Hunter,3,team2,kill,33.07
Paladin+Hunter_vs_Mage+Hunter,Paladin+Hunter,Mage+Hunter,4,team2,kill,39.78
Paladin+Hunter_vs_Mage+Shaman,Paladin+Hunter,Mage+Shaman,0,team2,kill,30.03
Paladin+Hunter_vs_Mage+Shaman,Paladin+Hunter,Mage+Shaman,1,team2,kill,27.03
Paladin+Hunter_vs_Mage+Shaman,Paladin+Hunter,Mage+Shaman,2,team2,kill,30.03
Paladin+Hunter_vs_Mage+Shaman,Paladin+Hunter,Mage+Shaman,3,team2,kill,28.52
Paladin+Hunter_vs_Mage+Shaman,Paladin+Hunter,Mage+Shaman,4,team2,kill,26.98
Paladin+Hunter_vs_Rogue+Priest,Paladin+Hunter,Rogue+Priest,0,team2,kill,86.77
Paladin+Hunter_vs_Rogue+Priest,Paladin+Hunter,Rogue+Priest,1,team1,kill,83.34
Paladin+Hunter_vs_Rogue+Priest,Paladin+Hunter,Rogue+Priest,2,team1,kill,77.27
Paladin+Hunter_vs_Rogue+Priest,Paladin+Hunter,Rogue+Priest,3,team2,kill,76.04
Paladin+Hunter_vs_Rogue+Priest,Paladin+Hunter,Rogue+Priest,4,team1,kill,92.22
Paladin+Hunter_vs_Rogue+Warlock,Paladin+Hunter,Rogue+Warlock,0,team1,kill,30.82
Paladin+Hunter_vs_Rogue+Warlock,Paladin+Hunter,Rogue+Warlock,1,team1,kill,40.77
Paladin+Hunter_vs_Rogue+Warlock,Paladin+Hunter,Rogue+Warlock,2,team1,kill,28.82
Paladin+Hunter_vs_Rogue+Warlock,Paladin+Hunter,Rogue+Warlock,3,team1,kill,32.70
Paladin+Hunter_vs_Rogue+Warlock,Paladin+Hunter,Rogue+Warlock,4,team1,kill,41.73
Paladin+Hunter_vs_Rogue+Paladin,Paladin+Hunter,Rogue+Paladin,0,team1,kill,159.07
Paladin+Hunter_vs_Rogue+Paladin,Paladin+Hunter,Rogue+Paladin,1,team2,kill,80.32
Paladin+Hunter_vs_Rogue+Paladin,Paladin+Hunter,Rogue+Paladin,2,team2,kill,78.17
Paladin+Hunter_vs_Rogue+Paladin,Paladin+Hunter,Rogue+Paladin,3,team2,kill,76.77
Paladin+Hunter_vs_Rogue+Paladin,Paladin+Hunter,Rogue+Paladin,4,team1,kill,151.77
Paladin+Hunter_vs_Rogue+Hunter,Paladin+Hunter,Rogue+Hunter,0,team1,kill,23.30
Paladin+Hunter_vs_Rogue+Hunter,Paladin+Hunter,Rogue+Hunter,1,team1,kill,23.53
Paladin+Hunter_vs_Rogue+Hunter,Paladin+Hunter,Rogue+Hunter,2,team1,kill,27.28
Paladin+Hunter_vs_Rogue+Hunter,Paladin+Hunter,Rogue+Hunter,3,team1,kill,23.53
Paladin+Hunter_vs_Rogue+Hunter,Paladin+Hunter,Rogue+Hunter,4,team1,kill,23.27
Paladin+Hunter_vs_Rogue+Shaman,Paladin+Hunter,Rogue+Shaman,0,team2,kill,81.79
Paladin+Hunter_vs_Rogue+Shaman,Paladin+Hunter,Rogue+Shaman,1,team2,kill,78.70
Paladin+Hunter_vs_Rogue+Shaman,Paladin+Hunter,Rogue+Shaman,2,team2,kill,76.92
Paladin+Hunter_vs_Rogue+Shaman,Paladin+Hunter,Rogue+Shaman,3,team2,kill,76.65
Paladin+Hunter_vs_Rogue+Shaman,Paladin+Hunter,Rogue+Shaman,4,team2,kill,78.92
Paladin+Hunter_vs_Priest+Warlock,Paladin+Hunter,Priest+Warlock,0,team2,kill,58.02
Paladin+Hunter_vs_Priest+Warlock,Paladin+Hunter,Priest+Warlock,1,team2,kill,67.48
Paladin+Hunter_vs_Priest+Warlock,Paladin+Hunter,Priest+Warlock,2,team2,kill,68.55
Paladin+Hunter_vs_Priest+Warlock,Paladin+Hunter,Priest+Warlock,3,team2,kill,66.43
Paladin+Hunter_vs_Priest+Warlock,Paladin+Hunter,Priest+Warlock,4,team2,kill,83.17
Paladin+Hunter_vs_Priest+Hunter,Paladin+Hunter,Priest+Hunter,0,team1,kill,57.68
Paladin+Hunter_vs_Priest+Hunter,Paladin+Hunter,Priest+Hunter,1,team1,kill,61.30
Paladin+Hunter_vs_Priest+Hunter,Paladin+Hunter,Priest+Hunter,2,team1,kill,68.42
Paladin+Hunter_vs_Priest+Hunter,Paladin+Hunter,Priest+Hunter,3,team2,kill,86.27
Paladin+Hunter_vs_Priest+Hunter,Paladin+Hunter,Priest+Hunter,4,team2,kill,117.29
Paladin+Hunter_vs_Warlock+Paladin,Paladin+Hunter,Warlock+Paladin,0,team1,kill,147.34
Paladin+Hunter_vs_Warlock+Paladin,Paladin+Hunter,Warlock+Paladin,1,team2,kill,95.04
Paladin+Hunter_vs_Warlock+Paladin,Paladin+Hunter,Warlock+Paladin,2,team2,kill,115.23
Paladin+Hunter_vs_Warlock+Paladin,Paladin+Hunter,Warlock+Paladin,3,team2,kill,109.74
Paladin+Hunter_vs_Warlock+Paladin,Paladin+Hunter,Warlock+Paladin,4,team2,kill,147.79
Paladin+Hunter_vs_Warlock+Hunter,Paladin+Hunter,Warlock+Hunter,0,team1,kill,31.37
Paladin+Hunter_vs_Warlock+Hunter,Paladin+Hunter,Warlock+Hunter,1,team2,kill,77.37
Paladin+Hunter_vs_Warlock+Hunter,Paladin+Hunter,Warlock+Hunter,2,team1,kill,33.65
Paladin+Hunter_vs_Warlock+Hunter,Paladin+Hunter,Warlock+Hunter,3,team1,kill,35.03
Paladin+Hunter_vs_Warlock+Hunter,Paladin+Hunter,Warlock+Hunter,4,team1,kill,34.18
Paladin+Hunter_vs_Warlock+Shaman,Paladin+Hunter,Warlock+Shaman,0,team1,kill,65.37
Paladin+Hunter_vs_Warlock+Shaman,Paladin+Hunter,Warlock+Shaman,1,team2,kill,59.32
Paladin+Hunter_vs_Warlock+Shaman,Paladin+Hunter,Warlock+Shaman,2,team2,kill,66.55
Paladin+Hunter_vs_Warlock+Shaman,Paladin+Hunter,Warlock+Shaman,3,team2,kill,41.88
Paladin+Hunter_vs_Warlock+Shaman,Paladin+Hunter,Warlock+Shaman,4,team2,kill,61.18
Paladin+Hunter_vs_Hunter+Shaman,Paladin+Hunter,Hunter+Shaman,0,team2,kill,73.90
Paladin+Hunter_vs_Hunter+Shaman,Paladin+Hunter,Hunter+Shaman,1,team2,kill,62.42
Paladin+Hunter_vs_Hunter+Shaman,Paladin+Hunter,Hunter+Shaman,2,team2,kill,67.38
Paladin+Hunter_vs_Hunter+Shaman,Paladin+Hunter,Hunter+Shaman,3,team1,kill,173.24
Paladin+Hunter_vs_Hunter+Shaman,Paladin+Hunter,Hunter+Shaman,4,team1,kill,63.33
Hunter+Shaman_vs_Warrior+Mage,Hunter+Shaman,Warrior+Mage,0,team2,kill,26.20
Hunter+Shaman_vs_Warrior+Mage,Hunter+Shaman,Warrior+Mage,1,team2,kill,24.02
Hunter+Shaman_vs_Warrior+Mage,Hunter+Shaman,Warrior+Mage,2,team2,kill,26.22
Hunter+Shaman_vs_Warrior+Mage,Hunter+Shaman,Warrior+Mage,3,team2,kill,26.20
Hunter+Shaman_vs_Warrior+Mage,Hunter+Shaman,Warrior+Mage,4,team2,kill,24.15
Hunter+Shaman_vs_Warrior+Rogue,Hunter+Shaman,Warrior+Rogue,0,team1,kill,15.97
Hunter+Shaman_vs_Warrior+Rogue,Hunter+Shaman,Warrior+Rogue,1,team1,kill,15.97
Hunter+Shaman_vs_Warrior+Rogue,Hunter+Shaman,Warrior+Rogue,2,team1,kill,15.97
Hunter+Shaman_vs_Warrior+Rogue,Hunter+Shaman,Warrior+Rogue,3,team1,kill,15.97
Hunter+Shaman_vs_Warrior+Rogue,Hunter+Shaman,Warrior+Rogue,4,team1,kill,13.55
Hunter+Shaman_vs_Warrior+Priest,Hunter+Shaman,Warrior+Priest,0,team1,kill,32.73
Hunter+Shaman_vs_Warrior+Priest,Hunter+Shaman,Warrior+Priest,1,team1,kill,29.32
Hunter+Shaman_vs_Warrior+Priest,Hunter+Shaman,Warrior+Priest,2,team1,kill,36.87
Hunter+Shaman_vs_Warrior+Priest,Hunter+Shaman,Warrior+Priest,3,team1,kill,49.43
Hunter+Shaman_vs_Warrior+Priest,Hunter+Shaman,Warrior+Priest,4,team1,kill,46.93
Hunter+Shaman_vs_Warrior+Warlock,Hunter+Shaman,Warrior+Warlock,0,team2,kill,24.55
Hunter+Shaman_vs_Warrior+Warlock,Hunter+Shaman,Warrior+Warlock,1,team1,kill,39.52
Hunter+Shaman_vs_Warrior+Warlock,Hunter+Shaman,Warrior+Warlock,2,team1,kill,50.90
Hunter+Shaman_vs_Warrior+Warlock,Hunter+Shaman,Warrior+Warlock,3,team1,kill,34.80
Hunter+Shaman_vs_Warrior+Warlock,Hunter+Shaman,Warrior+Warlock,4,team2,kill,28.20
Hunter+Shaman_vs_Warrior+Paladin,Hunter+Shaman,Warrior+Paladin,0,team1,kill,85.70
Hunter+Shaman_vs_Warrior+Paladin,Hunter+Shaman,Warrior+Paladin,1,team1,kill,85.79
Hunter+Shaman_vs_Warrior+Paladin,Hunter+Shaman,Warrior+Paladin,2,team1,kill,97.29
Hunter+Shaman_vs_Warrior+Paladin,Hunter+Shaman,Warrior+Paladin,3,team1,kill,62.93
Hunter+Shaman_vs_Warrior+Paladin,Hunter+Shaman,Warrior+Paladin,4,team1,kill,80.50
Hunter+Shaman_vs_Warrior+Hunter,Hunter+Shaman,Warrior+Hunter,0,team1,kill,17.32
Hunter+Shaman_vs_Warrior+Hunter,Hunter+Shaman,Warrior+Hunter,1,team1,kill,17.02
Hunter+Shaman_vs_Warrior+Hunter,Hunter+Shaman,Warrior+Hunter,2,team1,kill,17.02
Hunter+Shaman_vs_Warrior+Hunter,Hunter+Shaman,Warrior+Hunter,3,team1,kill,17.58
Hunter+Shaman_vs_Warrior+Hunter,Hunter+Shaman,Warrior+Hunter,4,team1,kill,14.97
Hunter+Shaman_vs_Warrior+Shaman,Hunter+Shaman,Warrior+Shaman,0,team1,kill,40.87
Hunter+Shaman_vs_Warrior+Shaman,Hunter+Shaman,Warrior+Shaman,1,team1,kill,17.58
Hunter+Shaman_vs_Warrior+Shaman,Hunter+Shaman,Warrior+Shaman,2,team2,kill,21.03
Hunter+Shaman_vs_Warrior+Shaman,Hunter+Shaman,Warrior+Shaman,3,team1,kill,44.85
Hunter+Shaman_vs_Warrior+Shaman,Hunter+Shaman,Warrior+Shaman,4,team1,kill,46.30
Hunter+Shaman_vs_Mage+Rogue,Hunter+Shaman,Mage+Rogue,0,team2,kill,21.32
Hunter+Shaman_vs_Mage+Rogue,Hunter+Shaman,Mage+Rogue,1,team2,kill,21.43
Hunter+Shaman_vs_Mage+Rogue,Hunter+Shaman,Mage+Rogue,2,team2,kill,27.77
Hunter+Shaman_vs_Mage+Rogue,Hunter+Shaman,Mage+Rogue,3,team2,kill,28.00
Hunter+Shaman_vs_Mage+Rogue,Hunter+Shaman,Mage+Rogue,4,team2,kill,21.63
Hunter+Shaman_vs_Mage+Priest,Hunter+Shaman,Mage+Priest,0,team2,kill,26.70
Hunter+Shaman_vs_Mage+Priest,Hunter+Shaman,Mage+Priest,1,team2,kill,20.80
Hunter+Shaman_vs_Mage+Priest,Hunter+Shaman,Mage+Priest,2,team2,kill,74.52
Hunter+Shaman_vs_Mage+Priest,Hunter+Shaman,Mage+Priest,3,team2,kill,74.67
Hunter+Shaman_vs_Mage+Priest,Hunter+Shaman,Mage+Priest,4,team2,kill,20.70
Hunter+Shaman_vs_Mage+Warlock,Hunter+Shaman,Mage+Warlock,0,team2,kill,28.33
Hunter+Shaman_vs_Mage+Warlock,Hunter+Shaman,Mage+Warlock,1,team2,kill,30.68
Hunter+Shaman_vs_Mage+Warlock,Hunter+Shaman,Mage+Warlock,2,team2,kill,34.32
Hunter+Shaman_vs_Mage+Warlock,Hunter+Shaman,Mage+Warlock,3,team2,kill,28.75
Hunter+Shaman_vs_Mage+Warlock,Hunter+Shaman,Mage+Warlock,4,team2,kill,26.55
Hunter+Shaman_vs_Mage+Paladin,Hunter+Shaman,Mage+Paladin,0,team2,kill,27.27
Hunter+Shaman_vs_Mage+Paladin,Hunter+Shaman,Mage+Paladin,1,team2,kill,32.85
Hunter+Shaman_vs_Mage+Paladin,Hunter+Shaman,Mage+Paladin,2,team2,kill,30.47
Hunter+Shaman_vs_Mage+Paladin,Hunter+Shaman,Mage+Paladin,3,team2,kill,30.45
Hunter+Shaman_vs_Mage+Paladin,Hunter+Shaman,Mage+Paladin,4,team2,kill,30.28
Hunter+Shaman_vs_Mage+Hunter,Hunter+Shaman,Mage+Hunter,0,team2,kill,21.60
Hunter+Shaman_vs_Mage+Hunter,Hunter+Shaman,Mage+Hunter,1,team2,kill,16.52
Hunter+Shaman_vs_Mage+Hunter,Hunter+Shaman,Mage+Hunter,2,team2,kill,27.55
Hunter+Shaman_vs_Mage+Hunter,Hunter+Shaman,Mage+Hunter,3,team1,kill,23.12
Hunter+Shaman_vs_Mage+Hunter,Hunter+Shaman,Mage+Hunter,4,team2,kill,14.00
Hunter+Shaman_vs_Mage+Shaman,Hunter+Shaman,Mage+Shaman,0,team2,kill,11.67
Hunter+Shaman_vs_Mage+Shaman,Hunter+Shaman,Mage+Shaman,1,team2,kill,14.70
Hunter+Shaman_vs_Mage+Shaman,Hunter+Shaman,Mage+Shaman,2,team2,kill,26.88
Hunter+Shaman_vs_Mage+Shaman,Hunter+Shaman,Mage+Shaman,3,team2,kill,14.70
Hunter+Shaman_vs_Mage+Shaman,Hunter+Shaman,Mage+Shaman,4,team2,kill,13.18
Hunter+Shaman_vs_Rogue+Priest,Hunter+Shaman,Rogue+Priest,0,team2,kill,52.77
Hunter+Shaman_vs_Rogue+Priest,Hunter+Shaman,Rogue+Priest,1,team2,kill,52.03
Hunter+Shaman_vs_Rogue+Priest,Hunter+Shaman,Rogue+Priest,2,team2,kill,51.92
Hunter+Shaman_vs_Rogue+Priest,Hunter+Shaman,Rogue+Priest,3,team2,kill,44.18
Hunter+Shaman_vs_Rogue+Priest,Hunter+Shaman,Rogue+Priest,4,team2,kill,36.27
Hunter+Shaman_vs_Rogue+Warlock,Hunter+Shaman,Rogue+Warlock,0,team1,kill,22.77
Hunter+Shaman_vs_Rogue+Warlock,Hunter+Shaman,Rogue+Warlock,1,team1,kill,23.78
Hunter+Shaman_vs_Rogue+Warlock,Hunter+Shaman,Rogue+Warlock,2,team1,kill,22.75
Hunter+Shaman_vs_Rogue+Warlock,Hunter+Shaman,Rogue+Warlock,3,team1,kill,24.07
Hunter+Shaman_vs_Rogue+Warlock,Hunter+Shaman,Rogue+Warlock,4,team1,kill,27.78
Hunter+Shaman_vs_Rogue+Paladin,Hunter+Shaman,Rogue+Paladin,0,team2,kill,46.33
Hunter+Shaman_vs_Rogue+Paladin,Hunter+Shaman,Rogue+Paladin,1,team2,kill,56.12
Hunter+Shaman_vs_Rogue+Paladin,Hunter+Shaman,Rogue+Paladin,2,team1,kill,55.57
Hunter+Shaman_vs_Rogue+Paladin,Hunter+Shaman,Rogue+Paladin,3,team2,kill,56.00
Hunter+Shaman_vs_Rogue+Paladin,Hunter+Shaman,Rogue+Paladin,4,team2,kill,46.73
Hunter+Shaman_vs_Rogue+Hunter,Hunter+Shaman,Rogue+Hunter,0,team1,kill,16.97
Hunter+Shaman_vs_Rogue+Hunter,Hunter+Shaman,Rogue+Hunter,1,team1,kill,16.97
Hunter+Shaman_vs_Rogue+Hunter,Hunter+Shaman,Rogue+Hunter,2,team1,kill,16.98
Hunter+Shaman_vs_Rogue+Hunter,Hunter+Shaman,Rogue+Hunter,3,team1,kill,16.37
Hunter+Shaman_vs_Rogue+Hunter,Hunter+Shaman,Rogue+Hunter,4,team1,kill,15.45
Hunter+Shaman_vs_Rogue+Shaman,Hunter+Shaman,Rogue+Shaman,0,team2,kill,52.13
Hunter+Shaman_vs_Rogue+Shaman,Hunter+Shaman,Rogue+Shaman,1,team2,kill,51.12
Hunter+Shaman_vs_Rogue+Shaman,Hunter+Shaman,Rogue+Shaman,2,team2,kill,52.13
Hunter+Shaman_vs_Rogue+Shaman,Hunter+Shaman,Rogue+Shaman,3,team2,kill,52.13
Hunter+Shaman_vs_Rogue+Shaman,Hunter+Shaman,Rogue+Shaman,4,team2,kill,37.23
Hunter+Shaman_vs_Priest+Warlock,Hunter+Shaman,Priest+Warlock,0,team1,kill,59.93
Hunter+Shaman_vs_Priest+Warlock,Hunter+Shaman,Priest+Warlock,1,team2,kill,46.22
Hunter+Shaman_vs_Priest+Warlock,Hunter+Shaman,Priest+Warlock,2,team2,kill,46.33
Hunter+Shaman_vs_Priest+Warlock,Hunter+Shaman,Priest+Warlock,3,team2,kill,49.78
Hunter+Shaman_vs_Priest+Warlock,Hunter+Shaman,Priest+Warlock,4,team2,kill,42.82
Hunter+Shaman_vs_Priest+Hunter,Hunter+Shaman,Priest+Hunter,0,team1,kill,35.73
Hunter+Shaman_vs_Priest+Hunter,Hunter+Shaman,Priest+Hunter,1,team1,kill,38.02
Hunter+Shaman_vs_Priest+Hunter,Hunter+Shaman,Priest+Hunter,2,team1,kill,47.87
Hunter+Shaman_vs_Priest+Hunter,Hunter+Shaman,Priest+Hunter,3,team1,kill,42.15
Hunter+Shaman_vs_Priest+Hunter,Hunter+Shaman,Priest+Hunter,4,team1,kill,42.02
Hunter+Shaman_vs_Warlock+Paladin,Hunter+Shaman,Warlock+Paladin,0,team2,kill,51.32
Hunter+Shaman_vs_Warlock+Paladin,Hunter+Shaman,Warlock+Paladin,1,team2,kill,47.83
Hunter+Shaman_vs_Warlock+Paladin,Hunter+Shaman,Warlock+Paladin,2,team2,kill,45.43
Hunter+Shaman_vs_Warlock+Paladin,Hunter+Shaman,Warlock+Paladin,3,team2,kill,46.27
Hunter+Shaman_vs_Warlock+Paladin,Hunter+Shaman,Warlock+Paladin,4,team2,kill,40.72
Hunter+Shaman_vs_Warlock+Hunter,Hunter+Shaman,Warlock+Hunter,0,team1,kill,24.15
Hunter+Shaman_vs_Warlock+Hunter,Hunter+Shaman,Warlock+Hunter,1,team1,kill,25.67
Hunter+Shaman_vs_Warlock+Hunter,Hunter+Shaman,Warlock+Hunter,2,team1,kill,28.70
Hunter+Shaman_vs_Warlock+Hunter,Hunter+Shaman,Warlock+Hunter,3,team1,kill,23.57
Hunter+Shaman_vs_Warlock+Hunter,Hunter+Shaman,Warlock+Hunter,4,team1,kill,28.70
Hunter+Shaman_vs_Warlock+Shaman,Hunter+Shaman,Warlock+Shaman,0,team2,kill,46.23
Hunter+Shaman_vs_Warlock+Shaman,Hunter+Shaman,Warlock+Shaman,1,team2,kill,32.38
Hunter+Shaman_vs_Warlock+Shaman,Hunter+Shaman,Warlock+Shaman,2,team2,kill,32.38
Hunter+Shaman_vs_Warlock+Shaman,Hunter+Shaman,Warlock+Shaman,3,team2,kill,39.08
Hunter+Shaman_vs_Warlock+Shaman,Hunter+Shaman,Warlock+Shaman,4,team2,kill,36.37
Hunter+Shaman_vs_Paladin+Hunter,Hunter+Shaman,Paladin+Hunter,0,team1,kill,107.61
Hunter+Shaman_vs_Paladin+Hunter,Hunter+Shaman,Paladin+Hunter,1,team2,kill,81.22
Hunter+Shaman_vs_Paladin+Hunter,Hunter+Shaman,Paladin+Hunter,2,team2,kill,71.55
Hunter+Shaman_vs_Paladin+Hunter,Hunter+Shaman,Paladin+Hunter,3,team2,kill,173.24
Hunter+Shaman_vs_Paladin+Hunter,Hunter+Shaman,Paladin+Hunter,4,team1,kill,77.97
