label,team1,team2,seed,winner,end_reason,duration_secs
Hunter+Priest_vs_Warrior+Mage,Hunter+Priest,Warrior+Mage,0,team1,kill,38.83
Hunter+Priest_vs_Warrior+Mage,Hunter+Priest,Warrior+Mage,1,team1,kill,40.52
Hunter+Priest_vs_Warrior+Mage,Hunter+Priest,Warrior+Mage,2,team1,kill,36.82
Hunter+Priest_vs_Warrior+Mage,Hunter+Priest,Warrior+Mage,3,team1,kill,40.52
Hunter+Priest_vs_Warrior+Mage,Hunter+Priest,Warrior+Mage,4,team2,kill,24.25
Hunter+Priest_vs_Warrior+Mage,Hunter+Priest,Warrior+Mage,5,team1,kill,40.53
Hunter+Priest_vs_Warrior+Mage,Hunter+Priest,Warrior+Mage,6,team1,kill,36.20
Hunter+Priest_vs_Warrior+Mage,Hunter+Priest,Warrior+Mage,7,team1,kill,40.62
Hunter+Priest_vs_Warrior+Mage,Hunter+Priest,Warrior+Mage,8,team1,kill,38.40
Hunter+Priest_vs_Warrior+Mage,Hunter+Priest,Warrior+Mage,9,team1,kill,40.55
Hunter+Priest_vs_Warrior+Mage,Hunter+Priest,Warrior+Mage,10,team1,kill,38.92
Hunter+Priest_vs_Warrior+Mage,Hunter+Priest,Warrior+Mage,11,team1,kill,40.53
Hunter+Priest_vs_Warrior+Mage,Hunter+Priest,Warrior+Mage,12,team1,kill,40.57
Hunter+Priest_vs_Warrior+Mage,Hunter+Priest,Warrior+Mage,13,team1,kill,36.82
Hunter+Priest_vs_Warrior+Mage,Hunter+Priest,Warrior+Mage,14,team1,kill,39.00
Hunter+Priest_vs_Warrior+Mage,Hunter+Priest,Warrior+Mage,15,team1,kill,40.52
Hunter+Priest_vs_Warrior+Mage,Hunter+Priest,Warrior+Mage,16,team1,kill,32.83
Hunter+Priest_vs_Warrior+Mage,Hunter+Priest,Warrior+Mage,17,team1,kill,38.83
Hunter+Priest_vs_Warrior+Mage,Hunter+Priest,Warrior+Mage,18,team1,kill,40.12
Hunter+Priest_vs_Warrior+Mage,Hunter+Priest,Warrior+Mage,19,team1,kill,40.53
Hunter+Priest_vs_Warrior+Mage,Hunter+Priest,Warrior+Mage,20,team1,kill,40.52
Hunter+Priest_vs_Warrior+Mage,Hunter+Priest,Warrior+Mage,21,team1,kill,38.48
Hunter+Priest_vs_Warrior+Mage,Hunter+Priest,Warrior+Mage,22,team1,kill,40.68
Hunter+Priest_vs_Warrior+Mage,Hunter+Priest,Warrior+Mage,23,team1,kill,39.33
Hunter+Priest_vs_Warrior+Mage,Hunter+Priest,Warrior+Mage,24,team1,kill,36.73
Hunter+Priest_vs_Warrior+Mage,Hunter+Priest,Warrior+Mage,25,team1,kill,32.83
Hunter+Priest_vs_Warrior+Mage,Hunter+Priest,Warrior+Mage,26,team1,kill,40.52
Hunter+Priest_vs_Warrior+Mage,Hunter+Priest,Warrior+Mage,27,team1,kill,40.50
Hunter+Priest_vs_Warrior+Mage,Hunter+Priest,Warrior+Mage,28,team1,kill,34.40
Hunter+Priest_vs_Warrior+Mage,Hunter+Priest,Warrior+Mage,29,team1,kill,39.45
Hunter+Priest_vs_Warrior+Mage,Hunter+Priest,Warrior+Mage,30,team1,kill,41.07
Hunter+Priest_vs_Warrior+Mage,Hunter+Priest,Warrior+Mage,31,team1,kill,40.52
Hunter+Priest_vs_Warrior+Mage,Hunter+Priest,Warrior+Mage,32,team1,kill,40.52
Hunter+Priest_vs_Warrior+Mage,Hunter+Priest,Warrior+Mage,33,team1,kill,41.05
Hunter+Priest_vs_Warrior+Mage,Hunter+Priest,Warrior+Mage,34,team1,kill,32.80
Hunter+Priest_vs_Warrior+Mage,Hunter+Priest,Warrior+Mage,35,team1,kill,39.43
Hunter+Priest_vs_Warrior+Mage,Hunter+Priest,Warrior+Mage,36,team1,kill,40.60
Hunter+Priest_vs_Warrior+Mage,Hunter+Priest,Warrior+Mage,37,team1,kill,37.98
Hunter+Priest_vs_Warrior+Mage,Hunter+Priest,Warrior+Mage,38,team1,kill,40.55
Hunter+Priest_vs_Warrior+Mage,Hunter+Priest,Warrior+Mage,39,team1,kill,40.53
Hunter+Priest_vs_Warrior+Mage,Hunter+Priest,Warrior+Mage,40,team1,kill,40.98
Hunter+Priest_vs_Warrior+Mage,Hunter+Priest,Warrior+Mage,41,team2,kill,34.73
Hunter+Priest_vs_Warrior+Mage,Hunter+Priest,Warrior+Mage,42,team1,kill,39.98
Hunter+Priest_vs_Warrior+Mage,Hunter+Priest,Warrior+Mage,43,team1,kill,36.60
Hunter+Priest_vs_Warrior+Mage,Hunter+Priest,Warrior+Mage,44,team1,kill,37.75
Hunter+Priest_vs_Warrior+Mage,Hunter+Priest,Warrior+Mage,45,team1,kill,40.58
Hunter+Priest_vs_Warrior+Mage,Hunter+Priest,Warrior+Mage,46,team1,kill,40.55
Hunter+Priest_vs_Warrior+Mage,Hunter+Priest,Warrior+Mage,47,team1,kill,41.57
Hunter+Priest_vs_Warrior+Mage,Hunter+Priest,Warrior+Mage,48,team1,kill,40.50
Hunter+Priest_vs_Warrior+Mage,Hunter+Priest,Warrior+Mage,49,team1,kill,33.15
Hunter+Priest_vs_Warrior+Mage,Hunter+Priest,Warrior+Mage,50,team1,kill,33.20
Hunter+Priest_vs_Warrior+Mage,Hunter+Priest,Warrior+Mage,51,team1,kill,40.52
Hunter+Priest_vs_Warrior+Mage,Hunter+Priest,Warrior+Mage,52,team1,kill,32.77
Hunter+Priest_vs_Warrior+Mage,Hunter+Priest,Warrior+Mage,53,team1,kill,39.92
Hunter+Priest_vs_Warrior+Mage,Hunter+Priest,Warrior+Mage,54,team1,kill,40.60
Hunter+Priest_vs_Warrior+Mage,Hunter+Priest,Warrior+Mage,55,team1,kill,39.55
Hunter+Priest_vs_Warrior+Mage,Hunter+Priest,Warrior+Mage,56,team1,kill,40.53
Hunter+Priest_vs_Warrior+Mage,Hunter+Priest,Warrior+Mage,57,team1,kill,40.53
Hunter+Priest_vs_Warrior+Mage,Hunter+Priest,Warrior+Mage,58,team1,kill,37.93
Hunter+Priest_vs_Warrior+Mage,Hunter+Priest,Warrior+Mage,59,team1,kill,38.92
Hunter+Priest_vs_Warrior+Mage,Hunter+Priest,Warrior+Mage,60,team1,kill,38.50
Hunter+Priest_vs_Warrior+Mage,Hunter+Priest,Warrior+Mage,61,team1,kill,40.55
Hunter+Priest_vs_Warrior+Mage,Hunter+Priest,Warrior+Mage,62,team1,kill,39.13
Hunter+Priest_vs_Warrior+Mage,Hunter+Priest,Warrior+Mage,63,team1,kill,36.75
Hunter+Priest_vs_Warrior+Mage,Hunter+Priest,Warrior+Mage,64,team1,kill,40.52
Hunter+Priest_vs_Warrior+Mage,Hunter+Priest,Warrior+Mage,65,team1,kill,38.85
Hunter+Priest_vs_Warrior+Mage,Hunter+Priest,Warrior+Mage,66,team1,kill,40.57
Hunter+Priest_vs_Warrior+Mage,Hunter+Priest,Warrior+Mage,67,team1,kill,44.17
Hunter+Priest_vs_Warrior+Mage,Hunter+Priest,Warrior+Mage,68,team1,kill,36.03
Hunter+Priest_vs_Warrior+Mage,Hunter+Priest,Warrior+Mage,69,team1,kill,40.52
Hunter+Priest_vs_Warrior+Mage,Hunter+Priest,Warrior+Mage,70,team1,kill,40.53
Hunter+Priest_vs_Warrior+Mage,Hunter+Priest,Warrior+Mage,71,team1,kill,38.82
Hunter+Priest_vs_Warrior+Mage,Hunter+Priest,Warrior+Mage,72,team1,kill,37.98
Hunter+Priest_vs_Warrior+Mage,Hunter+Priest,Warrior+Mage,73,team1,kill,40.53
Hunter+Priest_vs_Warrior+Mage,Hunter+Priest,Warrior+Mage,74,team1,kill,40.50
Hunter+Priest_vs_Warrior+Mage,Hunter+Priest,Warrior+Mage,75,team1,kill,38.90
Hunter+Priest_vs_Warrior+Mage,Hunter+Priest,Warrior+Mage,76,team1,kill,40.50
Hunter+Priest_vs_Warrior+Mage,Hunter+Priest,Warrior+Mage,77,team1,kill,40.52
Hunter+Priest_vs_Warrior+Mage,Hunter+Priest,Warrior+Mage,78,team1,kill,36.80
Hunter+Priest_vs_Warrior+Mage,Hunter+Priest,Warrior+Mage,79,team1,kill,40.98
Hunter+Priest_vs_Warrior+Mage,Hunter+Priest,Warrior+Mage,80,team1,kill,32.90
Hunter+Priest_vs_Warrior+Mage,Hunter+Priest,Warrior+Mage,81,team1,kill,40.52
Hunter+Priest_vs_Warrior+Mage,Hunter+Priest,Warrior+Mage,82,team1,kill,40.52
Hunter+Priest_vs_Warrior+Mage,Hunter+Priest,Warrior+Mage,83,team1,kill,39.98
Hunter+Priest_vs_Warrior+Mage,Hunter+Priest,Warrior+Mage,84,team1,kill,35.65
Hunter+Priest_vs_Warrior+Mage,Hunter+Priest,Warrior+Mage,85,team1,kill,40.53
Hunter+Priest_vs_Warrior+Mage,Hunter+Priest,Warrior+Mage,86,team1,kill,36.82
Hunter+Priest_vs_Warrior+Mage,Hunter+Priest,Warrior+Mage,87,team1,kill,40.53
Hunter+Priest_vs_Warrior+Mage,Hunter+Priest,Warrior+Mage,88,team1,kill,37.98
Hunter+Priest_vs_Warrior+Mage,Hunter+Priest,Warrior+Mage,89,team1,kill,40.60
Hunter+Priest_vs_Warrior+Mage,Hunter+Priest,Warrior+Mage,90,team1,kill,38.67
Hunter+Priest_vs_Warrior+Mage,Hunter+Priest,Warrior+Mage,91,team1,kill,40.98
Hunter+Priest_vs_Warrior+Mage,Hunter+Priest,Warrior+Mage,92,team1,kill,40.52
Hunter+Priest_vs_Warrior+Mage,Hunter+Priest,Warrior+Mage,93,team1,kill,37.98
Hunter+Priest_vs_Warrior+Mage,Hunter+Priest,Warrior+Mage,94,team1,kill,33.47
Hunter+Priest_vs_Warrior+Mage,Hunter+Priest,Warrior+Mage,95,team1,kill,38.17
Hunter+Priest_vs_Warrior+Mage,Hunter+Priest,Warrior+Mage,96,team1,kill,40.52
Hunter+Priest_vs_Warrior+Mage,Hunter+Priest,Warrior+Mage,97,team1,kill,39.33
Hunter+Priest_vs_Warrior+Mage,Hunter+Priest,Warrior+Mage,98,team1,kill,34.30
Hunter+Priest_vs_Warrior+Mage,Hunter+Priest,Warrior+Mage,99,team1,kill,36.63
Hunter+Priest_vs_Warrior+Rogue,Hunter+Priest,Warrior+Rogue,0,team1,kill,48.87
Hunter+Priest_vs_Warrior+Rogue,Hunter+Priest,Warrior+Rogue,1,team1,kill,57.05
Hunter+Priest_vs_Warrior+Rogue,Hunter+Priest,Warrior+Rogue,2,team1,kill,37.62
Hunter+Priest_vs_Warrior+Rogue,Hunter+Priest,Warrior+Rogue,3,team1,kill,50.42
Hunter+Priest_vs_Warrior+Rogue,Hunter+Priest,Warrior+Rogue,4,team2,kill,43.08
Hunter+Priest_vs_Warrior+Rogue,Hunter+Priest,Warrior+Rogue,5,team2,kill,44.92
Hunter+Priest_vs_Warrior+Rogue,Hunter+Priest,Warrior+Rogue,6,team1,kill,37.20
Hunter+Priest_vs_Warrior+Rogue,Hunter+Priest,Warrior+Rogue,7,team1,kill,33.97
Hunter+Priest_vs_Warrior+Rogue,Hunter+Priest,Warrior+Rogue,8,team2,kill,43.00
Hunter+Priest_vs_Warrior+Rogue,Hunter+Priest,Warrior+Rogue,9,team1,kill,38.02
Hunter+Priest_vs_Warrior+Rogue,Hunter+Priest,Warrior+Rogue,10,team1,kill,42.05
Hunter+Priest_vs_Warrior+Rogue,Hunter+Priest,Warrior+Rogue,11,team2,kill,41.35
Hunter+Priest_vs_Warrior+Rogue,Hunter+Priest,Warrior+Rogue,12,team2,kill,40.58
Hunter+Priest_vs_Warrior+Rogue,Hunter+Priest,Warrior+Rogue,13,team1,kill,30.52
Hunter+Priest_vs_Warrior+Rogue,Hunter+Priest,Warrior+Rogue,14,team1,kill,39.93
Hunter+Priest_vs_Warrior+Rogue,Hunter+Priest,Warrior+Rogue,15,team1,kill,45.05
Hunter+Priest_vs_Warrior+Rogue,Hunter+Priest,Warrior+Rogue,16,team2,kill,42.32
Hunter+Priest_vs_Warrior+Rogue,Hunter+Priest,Warrior+Rogue,17,team2,kill,41.77
Hunter+Priest_vs_Warrior+Rogue,Hunter+Priest,Warrior+Rogue,18,team1,kill,34.00
Hunter+Priest_vs_Warrior+Rogue,Hunter+Priest,Warrior+Rogue,19,team2,kill,42.10
Hunter+Priest_vs_Warrior+Rogue,Hunter+Priest,Warrior+Rogue,20,team2,kill,42.10
Hunter+Priest_vs_Warrior+Rogue,Hunter+Priest,Warrior+Rogue,21,team2,kill,40.17
Hunter+Priest_vs_Warrior+Rogue,Hunter+Priest,Warrior+Rogue,22,team2,kill,41.77
Hunter+Priest_vs_Warrior+Rogue,Hunter+Priest,Warrior+Rogue,23,team1,kill,42.05
Hunter+Priest_vs_Warrior+Rogue,Hunter+Priest,Warrior+Rogue,24,team2,kill,52.45
Hunter+Priest_vs_Warrior+Rogue,Hunter+Priest,Warrior+Rogue,25,team2,kill,41.95
Hunter+Priest_vs_Warrior+Rogue,Hunter+Priest,Warrior+Rogue,26,team1,kill,36.48
Hunter+Priest_vs_Warrior+Rogue,Hunter+Priest,Warrior+Rogue,27,team1,kill,27.25
Hunter+Priest_vs_Warrior+Rogue,Hunter+Priest,Warrior+Rogue,28,team1,kill,34.17
Hunter+Priest_vs_Warrior+Rogue,Hunter+Priest,Warrior+Rogue,29,team1,kill,50.43
Hunter+Priest_vs_Warrior+Rogue,Hunter+Priest,Warrior+Rogue,30,team2,kill,50.50
Hunter+Priest_vs_Warrior+Rogue,Hunter+Priest,Warrior+Rogue,31,team2,kill,42.10
Hunter+Priest_vs_Warrior+Rogue,Hunter+Priest,Warrior+Rogue,32,team2,kill,42.60
Hunter+Priest_vs_Warrior+Rogue,Hunter+Priest,Warrior+Rogue,33,team1,kill,23.57
Hunter+Priest_vs_Warrior+Rogue,Hunter+Priest,Warrior+Rogue,34,team1,kill,45.58
Hunter+Priest_vs_Warrior+Rogue,Hunter+Priest,Warrior+Rogue,35,team2,kill,42.10
Hunter+Priest_vs_Warrior+Rogue,Hunter+Priest,Warrior+Rogue,36,team1,kill,23.57
Hunter+Priest_vs_Warrior+Rogue,Hunter+Priest,Warrior+Rogue,37,team1,kill,35.70
Hunter+Priest_vs_Warrior+Rogue,Hunter+Priest,Warrior+Rogue,38,team1,kill,51.22
Hunter+Priest_vs_Warrior+Rogue,Hunter+Priest,Warrior+Rogue,39,team2,kill,43.35
Hunter+Priest_vs_Warrior+Rogue,Hunter+Priest,Warrior+Rogue,40,team1,kill,50.38
Hunter+Priest_vs_Warrior+Rogue,Hunter+Priest,Warrior+Rogue,41,team1,kill,34.68
Hunter+Priest_vs_Warrior+Rogue,Hunter+Priest,Warrior+Rogue,42,team1,kill,57.50
Hunter+Priest_vs_Warrior+Rogue,Hunter+Priest,Warrior+Rogue,43,team1,kill,46.97
Hunter+Priest_vs_Warrior+Rogue,Hunter+Priest,Warrior+Rogue,44,team2,kill,43.93
Hunter+Priest_vs_Warrior+Rogue,Hunter+Priest,Warrior+Rogue,45,team2,kill,42.98
Hunter+Priest_vs_Warrior+Rogue,Hunter+Priest,Warrior+Rogue,46,team2,kill,39.35
Hunter+Priest_vs_Warrior+Rogue,Hunter+Priest,Warrior+Rogue,47,team2,kill,42.02
Hunter+Priest_vs_Warrior+Rogue,Hunter+Priest,Warrior+Rogue,48,team2,kill,51.72
Hunter+Priest_vs_Warrior+Rogue,Hunter+Priest,Warrior+Rogue,49,team1,kill,48.82
Hunter+Priest_vs_Warrior+Rogue,Hunter+Priest,Warrior+Rogue,50,team1,kill,33.20
Hunter+Priest_vs_Warrior+Rogue,Hunter+Priest,Warrior+Rogue,51,team1,kill,36.22
Hunter+Priest_vs_Warrior+Rogue,Hunter+Priest,Warrior+Rogue,52,team1,kill,40.32
Hunter+Priest_vs_Warrior+Rogue,Hunter+Priest,Warrior+Rogue,53,team1,kill,38.02
Hunter+Priest_vs_Warrior+Rogue,Hunter+Priest,Warrior+Rogue,54,team1,kill,50.42
Hunter+Priest_vs_Warrior+Rogue,Hunter+Priest,Warrior+Rogue,55,team1,kill,34.63
Hunter+Priest_vs_Warrior+Rogue,Hunter+Priest,Warrior+Rogue,56,team2,kill,40.53
Hunter+Priest_vs_Warrior+Rogue,Hunter+Priest,Warrior+Rogue,57,team2,kill,50.50
Hunter+Priest_vs_Warrior+Rogue,Hunter+Priest,Warrior+Rogue,58,team1,kill,33.20
Hunter+Priest_vs_Warrior+Rogue,Hunter+Priest,Warrior+Rogue,59,team1,kill,37.15
Hunter+Priest_vs_Warrior+Rogue,Hunter+Priest,Warrior+Rogue,60,team1,kill,39.03
Hunter+Priest_vs_Warrior+Rogue,Hunter+Priest,Warrior+Rogue,61,team2,kill,42.02
Hunter+Priest_vs_Warrior+Rogue,Hunter+Priest,Warrior+Rogue,62,team1,kill,50.38
Hunter+Priest_vs_Warrior+Rogue,Hunter+Priest,Warrior+Rogue,63,team1,kill,35.67
Hunter+Priest_vs_Warrior+Rogue,Hunter+Priest,Warrior+Rogue,64,team1,kill,47.23
Hunter+Priest_vs_Warrior+Rogue,Hunter+Priest,Warrior+Rogue,65,team2,kill,42.98
Hunter+Priest_vs_Warrior+Rogue,Hunter+Priest,Warrior+Rogue,66,team2,kill,50.50
Hunter+Priest_vs_Warrior+Rogue,Hunter+Priest,Warrior+Rogue,67,team2,kill,42.02
Hunter+Priest_vs_Warrior+Rogue,Hunter+Priest,Warrior+Rogue,68,team2,kill,51.75
Hunter+Priest_vs_Warrior+Rogue,Hunter+Priest,Warrior+Rogue,69,team1,kill,24.12
Hunter+Priest_vs_Warrior+Rogue,Hunter+Priest,Warrior+Rogue,70,team1,kill,23.68
Hunter+Priest_vs_Warrior+Rogue,Hunter+Priest,Warrior+Rogue,71,team2,kill,42.10
Hunter+Priest_vs_Warrior+Rogue,Hunter+Priest,Warrior+Rogue,72,team1,kill,50.43
Hunter+Priest_vs_Warrior+Rogue,Hunter+Priest,Warrior+Rogue,73,team1,kill,22.93
Hunter+Priest_vs_Warrior+Rogue,Hunter+Priest,Warrior+Rogue,74,team2,kill,51.08
Hunter+Priest_vs_Warrior+Rogue,Hunter+Priest,Warrior+Rogue,75,team1,kill,50.38
Hunter+Priest_vs_Warrior+Rogue,Hunter+Priest,Warrior+Rogue,76,team2,kill,42.25
Hunter+Priest_vs_Warrior+Rogue,Hunter+Priest,Warrior+Rogue,77,team1,kill,42.42
Hunter+Priest_vs_Warrior+Rogue,Hunter+Priest,Warrior+Rogue,78,team1,kill,35.80
Hunter+Priest_vs_Warrior+Rogue,Hunter+Priest,Warrior+Rogue,79,team2,kill,42.02
Hunter+Priest_vs_Warrior+Rogue,Hunter+Priest,Warrior+Rogue,80,team1,kill,24.27
Hunter+Priest_vs_Warrior+Rogue,Hunter+Priest,Warrior+Rogue,81,team1,kill,45.00
Hunter+Priest_vs_Warrior+Rogue,Hunter+Priest,Warrior+Rogue,82,team1,kill,31.68
Hunter+Priest_vs_Warrior+Rogue,Hunter+Priest,Warrior+Rogue,83,team2,kill,41.35
Hunter+Priest_vs_Warrior+Rogue,Hunter+Priest,Warrior+Rogue,84,team2,kill,43.20
Hunter+Priest_vs_Warrior+Rogue,Hunter+Priest,Warrior+Rogue,85,team1,kill,49.65
Hunter+Priest_vs_Warrior+Rogue,Hunter+Priest,Warrior+Rogue,86,team1,kill,50.43
Hunter+Priest_vs_Warrior+Rogue,Hunter+Priest,Warrior+Rogue,87,team1,kill,40.30
Hunter+Priest_vs_Warrior+Rogue,Hunter+Priest,Warrior+Rogue,88,team1,kill,45.05
Hunter+Priest_vs_Warrior+Rogue,Hunter+Priest,Warrior+Rogue,89,team2,kill,43.68
Hunter+Priest_vs_Warrior+Rogue,Hunter+Priest,Warrior+Rogue,90,team1,kill,37.63
Hunter+Priest_vs_Warrior+Rogue,Hunter+Priest,Warrior+Rogue,91,team1,kill,47.15
Hunter+Priest_vs_Warrior+Rogue,Hunter+Priest,Warrior+Rogue,92,team2,kill,40.58
Hunter+Priest_vs_Warrior+Rogue,Hunter+Priest,Warrior+Rogue,93,team2,kill,41.95
Hunter+Priest_vs_Warrior+Rogue,Hunter+Priest,Warrior+Rogue,94,team1,kill,42.45
Hunter+Priest_vs_Warrior+Rogue,Hunter+Priest,Warrior+Rogue,95,team1,kill,23.70
Hunter+Priest_vs_Warrior+Rogue,Hunter+Priest,Warrior+Rogue,96,team2,kill,41.35
Hunter+Priest_vs_Warrior+Rogue,Hunter+Priest,Warrior+Rogue,97,team1,kill,20.27
Hunter+Priest_vs_Warrior+Rogue,Hunter+Priest,Warrior+Rogue,98,team1,kill,42.05
Hunter+Priest_vs_Warrior+Rogue,Hunter+Priest,Warrior+Rogue,99,team2,kill,51.75
Hunter+Priest_vs_Warrior+Priest,Hunter+Priest,Warrior+Priest,0,team1,kill,64.02
Hunter+Priest_vs_Warrior+Priest,Hunter+Priest,Warrior+Priest,1,team1,kill,75.28
Hunter+Priest_vs_Warrior+Priest,Hunter+Priest,Warrior+Priest,2,team1,kill,65.85
Hunter+Priest_vs_Warrior+Priest,Hunter+Priest,Warrior+Priest,3,team1,kill,63.62
Hunter+Priest_vs_Warrior+Priest,Hunter+Priest,Warrior+Priest,4,team2,kill,52.88
Hunter+Priest_vs_Warrior+Priest,Hunter+Priest,Warrior+Priest,5,team1,kill,73.33
Hunter+Priest_vs_Warrior+Priest,Hunter+Priest,Warrior+Priest,6,team1,kill,59.20
Hunter+Priest_vs_Warrior+Priest,Hunter+Priest,Warrior+Priest,7,team1,kill,63.88
Hunter+Priest_vs_Warrior+Priest,Hunter+Priest,Warrior+Priest,8,team1,kill,73.65
Hunter+Priest_vs_Warrior+Priest,Hunter+Priest,Warrior+Priest,9,team1,kill,63.73
Hunter+Priest_vs_Warrior+Priest,Hunter+Priest,Warrior+Priest,10,team1,kill,59.30
Hunter+Priest_vs_Warrior+Priest,Hunter+Priest,Warrior+Priest,11,team1,kill,74.23
Hunter+Priest_vs_Warrior+Priest,Hunter+Priest,Warrior+Priest,12,team1,kill,64.02
Hunter+Priest_vs_Warrior+Priest,Hunter+Priest,Warrior+Priest,13,team1,kill,68.42
Hunter+Priest_vs_Warrior+Priest,Hunter+Priest,Warrior+Priest,14,team1,kill,56.43
Hunter+Priest_vs_Warrior+Priest,Hunter+Priest,Warrior+Priest,15,team1,kill,58.83
Hunter+Priest_vs_Warrior+Priest,Hunter+Priest,Warrior+Priest,16,team1,kill,61.33
Hunter+Priest_vs_Warrior+Priest,Hunter+Priest,Warrior+Priest,17,team1,kill,56.37
Hunter+Priest_vs_Warrior+Priest,Hunter+Priest,Warrior+Priest,18,team1,kill,67.98
Hunter+Priest_vs_Warrior+Priest,Hunter+Priest,Warrior+Priest,19,team1,kill,61.15
Hunter+Priest_vs_Warrior+Priest,Hunter+Priest,Warrior+Priest,20,team1,kill,76.14
Hunter+Priest_vs_Warrior+Priest,Hunter+Priest,Warrior+Priest,21,team1,kill,73.55
Hunter+Priest_vs_Warrior+Priest,Hunter+Priest,Warrior+Priest,22,team1,kill,56.17
Hunter+Priest_vs_Warrior+Priest,Hunter+Priest,Warrior+Priest,23,team1,kill,56.47
Hunter+Priest_vs_Warrior+Priest,Hunter+Priest,Warrior+Priest,24,team1,kill,56.68
Hunter+Priest_vs_Warrior+Priest,Hunter+Priest,Warrior+Priest,25,team1,kill,56.02
Hunter+Priest_vs_Warrior+Priest,Hunter+Priest,Warrior+Priest,26,team1,kill,65.50
Hunter+Priest_vs_Warrior+Priest,Hunter+Priest,Warrior+Priest,27,team1,kill,56.38
Hunter+Priest_vs_Warrior+Priest,Hunter+Priest,Warrior+Priest,28,team1,kill,67.15
Hunter+Priest_vs_Warrior+Priest,Hunter+Priest,Warrior+Priest,29,team1,kill,84.72
Hunter+Priest_vs_Warrior+Priest,Hunter+Priest,Warrior+Priest,30,team1,kill,67.43
Hunter+Priest_vs_Warrior+Priest,Hunter+Priest,Warrior+Priest,31,team1,kill,57.33
Hunter+Priest_vs_Warrior+Priest,Hunter+Priest,Warrior+Priest,32,team1,kill,58.90
Hunter+Priest_vs_Warrior+Priest,Hunter+Priest,Warrior+Priest,33,team1,kill,53.87
Hunter+Priest_vs_Warrior+Priest,Hunter+Priest,Warrior+Priest,34,team2,kill,74.48
Hunter+Priest_vs_Warrior+Priest,Hunter+Priest,Warrior+Priest,35,team1,kill,46.77
Hunter+Priest_vs_Warrior+Priest,Hunter+Priest,Warrior+Priest,36,team1,kill,56.42
Hunter+Priest_vs_Warrior+Priest,Hunter+Priest,Warrior+Priest,37,team1,kill,59.20
Hunter+Priest_vs_Warrior+Priest,Hunter+Priest,Warrior+Priest,38,team1,kill,60.97
Hunter+Priest_vs_Warrior+Priest,Hunter+Priest,Warrior+Priest,39,team1,kill,60.32
Hunter+Priest_vs_Warrior+Priest,Hunter+Priest,Warrior+Priest,40,team1,kill,63.33
Hunter+Priest_vs_Warrior+Priest,Hunter+Priest,Warrior+Priest,41,team1,kill,61.23
Hunter+Priest_vs_Warrior+Priest,Hunter+Priest,Warrior+Priest,42,team1,kill,73.78
Hunter+Priest_vs_Warrior+Priest,Hunter+Priest,Warrior+Priest,43,team1,kill,75.48
Hunter+Priest_vs_Warrior+Priest,Hunter+Priest,Warrior+Priest,44,team1,kill,64.55
Hunter+Priest_vs_Warrior+Priest,Hunter+Priest,Warrior+Priest,45,team1,kill,63.85
Hunter+Priest_vs_Warrior+Priest,Hunter+Priest,Warrior+Priest,46,team1,kill,55.37
Hunter+Priest_vs_Warrior+Priest,Hunter+Priest,Warrior+Priest,47,team1,kill,77.27
Hunter+Priest_vs_Warrior+Priest,Hunter+Priest,Warrior+Priest,48,team1,kill,59.25
Hunter+Priest_vs_Warrior+Priest,Hunter+Priest,Warrior+Priest,49,team1,kill,56.97
Hunter+Priest_vs_Warrior+Priest,Hunter+Priest,Warrior+Priest,50,team2,kill,63.98
Hunter+Priest_vs_Warrior+Priest,Hunter+Priest,Warrior+Priest,51,team1,kill,74.30
Hunter+Priest_vs_Warrior+Priest,Hunter+Priest,Warrior+Priest,52,team2,kill,45.12
Hunter+Priest_vs_Warrior+Priest,Hunter+Priest,Warrior+Priest,53,team1,kill,61.30
Hunter+Priest_vs_Warrior+Priest,Hunter+Priest,Warrior+Priest,54,team1,kill,54.15
Hunter+Priest_vs_Warrior+Priest,Hunter+Priest,Warrior+Priest,55,team1,kill,73.18
Hunter+Priest_vs_Warrior+Priest,Hunter+Priest,Warrior+Priest,56,team1,kill,56.35
Hunter+Priest_vs_Warrior+Priest,Hunter+Priest,Warrior+Priest,57,team1,kill,56.38
Hunter+Priest_vs_Warrior+Priest,Hunter+Priest,Warrior+Priest,58,team1,kill,55.42
Hunter+Priest_vs_Warrior+Priest,Hunter+Priest,Warrior+Priest,59,team1,kill,73.75
Hunter+Priest_vs_Warrior+Priest,Hunter+Priest,Warrior+Priest,60,team1,kill,56.22
Hunter+Priest_vs_Warrior+Priest,Hunter+Priest,Warrior+Priest,61,team1,kill,57.28
Hunter+Priest_vs_Warrior+Priest,Hunter+Priest,Warrior+Priest,62,team1,kill,59.20
Hunter+Priest_vs_Warrior+Priest,Hunter+Priest,Warrior+Priest,63,team1,kill,66.05
Hunter+Priest_vs_Warrior+Priest,Hunter+Priest,Warrior+Priest,64,team1,kill,67.63
Hunter+Priest_vs_Warrior+Priest,Hunter+Priest,Warrior+Priest,65,team1,kill,53.48
Hunter+Priest_vs_Warrior+Priest,Hunter+Priest,Warrior+Priest,66,team1,kill,65.53
Hunter+Priest_vs_Warrior+Priest,Hunter+Priest,Warrior+Priest,67,team1,kill,58.85
Hunter+Priest_vs_Warrior+Priest,Hunter+Priest,Warrior+Priest,68,team1,kill,73.57
Hunter+Priest_vs_Warrior+Priest,Hunter+Priest,Warrior+Priest,69,team1,kill,72.68
Hunter+Priest_vs_Warrior+Priest,Hunter+Priest,Warrior+Priest,70,team1,kill,72.83
Hunter+Priest_vs_Warrior+Priest,Hunter+Priest,Warrior+Priest,71,team1,kill,56.67
Hunter+Priest_vs_Warrior+Priest,Hunter+Priest,Warrior+Priest,72,team1,kill,73.83
Hunter+Priest_vs_Warrior+Priest,Hunter+Priest,Warrior+Priest,73,team1,kill,56.38
Hunter+Priest_vs_Warrior+Priest,Hunter+Priest,Warrior+Priest,74,team1,kill,77.27
Hunter+Priest_vs_Warrior+Priest,Hunter+Priest,Warrior+Priest,75,team2,kill,92.61
Hunter+Priest_vs_Warrior+Priest,Hunter+Priest,Warrior+Priest,76,team1,kill,56.50
Hunter+Priest_vs_Warrior+Priest,Hunter+Priest,Warrior+Priest,77,team1,kill,63.80
Hunter+Priest_vs_Warrior+Priest,Hunter+Priest,Warrior+Priest,78,team1,kill,73.58
Hunter+Priest_vs_Warrior+Priest,Hunter+Priest,Warrior+Priest,79,team1,kill,63.90
Hunter+Priest_vs_Warrior+Priest,Hunter+Priest,Warrior+Priest,80,team2,kill,67.58
Hunter+Priest_vs_Warrior+Priest,Hunter+Priest,Warrior+Priest,81,team1,kill,56.08
Hunter+Priest_vs_Warrior+Priest,Hunter+Priest,Warrior+Priest,82,team1,kill,66.07
Hunter+Priest_vs_Warrior+Priest,Hunter+Priest,Warrior+Priest,83,team1,kill,76.14
Hunter+Priest_vs_Warrior+Priest,Hunter+Priest,Warrior+Priest,84,team1,kill,56.62
Hunter+Priest_vs_Warrior+Priest,Hunter+Priest,Warrior+Priest,85,team1,kill,47.17
Hunter+Priest_vs_Warrior+Priest,Hunter+Priest,Warrior+Priest,86,team1,kill,75.55
Hunter+Priest_vs_Warrior+Priest,Hunter+Priest,Warrior+Priest,87,team1,kill,63.83
Hunter+Priest_vs_Warrior+Priest,Hunter+Priest,Warrior+Priest,88,team1,kill,63.18
Hunter+Priest_vs_Warrior+Priest,Hunter+Priest,Warrior+Priest,89,team2,kill,41.57
Hunter+Priest_vs_Warrior+Priest,Hunter+Priest,Warrior+Priest,90,team1,kill,71.37
Hunter+Priest_vs_Warrior+Priest,Hunter+Priest,Warrior+Priest,91,team1,kill,67.98
Hunter+Priest_vs_Warrior+Priest,Hunter+Priest,Warrior+Priest,92,team1,kill,61.25
Hunter+Priest_vs_Warrior+Priest,Hunter+Priest,Warrior+Priest,93,team1,kill,58.90
Hunter+Priest_vs_Warrior+Priest,Hunter+Priest,Warrior+Priest,94,team1,kill,48.15
Hunter+Priest_vs_Warrior+Priest,Hunter+Priest,Warrior+Priest,95,team1,kill,71.08
Hunter+Priest_vs_Warrior+Priest,Hunter+Priest,Warrior+Priest,96,team1,kill,68.43
Hunter+Priest_vs_Warrior+Priest,Hunter+Priest,Warrior+Priest,97,team1,kill,74.37
Hunter+Priest_vs_Warrior+Priest,Hunter+Priest,Warrior+Priest,98,team1,kill,63.93
Hunter+Priest_vs_Warrior+Priest,Hunter+Priest,Warrior+Priest,99,team1,kill,58.73
Hunter+Priest_vs_Warrior+Warlock,Hunter+Priest,Warrior+Warlock,0,team1,kill,43.48
Hunter+Priest_vs_Warrior+Warlock,Hunter+Priest,Warrior+Warlock,1,team1,kill,40.07
Hunter+Priest_vs_Warrior+Warlock,Hunter+Priest,Warrior+Warlock,2,team1,kill,38.83
Hunter+Priest_vs_Warrior+Warlock,Hunter+Priest,Warrior+Warlock,3,team1,kill,41.58
Hunter+Priest_vs_Warrior+Warlock,Hunter+Priest,Warrior+Warlock,4,team1,kill,40.60
Hunter+Priest_vs_Warrior+Warlock,Hunter+Priest,Warrior+Warlock,5,team2,kill,37.97
Hunter+Priest_vs_Warrior+Warlock,Hunter+Priest,Warrior+Warlock,6,team1,kill,37.05
Hunter+Priest_vs_Warrior+Warlock,Hunter+Priest,Warrior+Warlock,7,team1,kill,39.07
Hunter+Priest_vs_Warrior+Warlock,Hunter+Priest,Warrior+Warlock,8,team1,kill,40.07
Hunter+Priest_vs_Warrior+Warlock,Hunter+Priest,Warrior+Warlock,9,team1,kill,41.07
Hunter+Priest_vs_Warrior+Warlock,Hunter+Priest,Warrior+Warlock,10,team1,kill,38.98
Hunter+Priest_vs_Warrior+Warlock,Hunter+Priest,Warrior+Warlock,11,team1,kill,39.52
Hunter+Priest_vs_Warrior+Warlock,Hunter+Priest,Warrior+Warlock,12,team1,kill,41.05
Hunter+Priest_vs_Warrior+Warlock,Hunter+Priest,Warrior+Warlock,13,team2,kill,33.63
Hunter+Priest_vs_Warrior+Warlock,Hunter+Priest,Warrior+Warlock,14,team1,kill,40.07
Hunter+Priest_vs_Warrior+Warlock,Hunter+Priest,Warrior+Warlock,15,team1,kill,37.65
Hunter+Priest_vs_Warrior+Warlock,Hunter+Priest,Warrior+Warlock,16,team2,kill,33.75
Hunter+Priest_vs_Warrior+Warlock,Hunter+Priest,Warrior+Warlock,17,team1,kill,40.62
Hunter+Priest_vs_Warrior+Warlock,Hunter+Priest,Warrior+Warlock,18,team1,kill,40.60
Hunter+Priest_vs_Warrior+Warlock,Hunter+Priest,Warrior+Warlock,19,team1,kill,41.77
Hunter+Priest_vs_Warrior+Warlock,Hunter+Priest,Warrior+Warlock,20,team2,kill,33.78
Hunter+Priest_vs_Warrior+Warlock,Hunter+Priest,Warrior+Warlock,21,team2,kill,32.63
Hunter+Priest_vs_Warrior+Warlock,Hunter+Priest,Warrior+Warlock,22,team1,kill,41.32
Hunter+Priest_vs_Warrior+Warlock,Hunter+Priest,Warrior+Warlock,23,team1,kill,40.52
Hunter+Priest_vs_Warrior+Warlock,Hunter+Priest,Warrior+Warlock,24,team1,kill,41.65
Hunter+Priest_vs_Warrior+Warlock,Hunter+Priest,Warrior+Warlock,25,team2,kill,38.13
Hunter+Priest_vs_Warrior+Warlock,Hunter+Priest,Warrior+Warlock,26,team2,kill,33.53
Hunter+Priest_vs_Warrior+Warlock,Hunter+Priest,Warrior+Warlock,27,team1,kill,41.70
Hunter+Priest_vs_Warrior+Warlock,Hunter+Priest,Warrior+Warlock,28,team1,kill,37.13
Hunter+Priest_vs_Warrior+Warlock,Hunter+Priest,Warrior+Warlock,29,team2,kill,33.67
Hunter+Priest_vs_Warrior+Warlock,Hunter+Priest,Warrior+Warlock,30,team1,kill,39.42
Hunter+Priest_vs_Warrior+Warlock,Hunter+Priest,Warrior+Warlock,31,team1,kill,41.33
Hunter+Priest_vs_Warrior+Warlock,Hunter+Priest,Warrior+Warlock,32,team1,kill,51.85
Hunter+Priest_vs_Warrior+Warlock,Hunter+Priest,Warrior+Warlock,33,team2,kill,33.82
Hunter+Priest_vs_Warrior+Warlock,Hunter+Priest,Warrior+Warlock,34,team1,kill,41.65
Hunter+Priest_vs_Warrior+Warlock,Hunter+Priest,Warrior+Warlock,35,team1,kill,43.20
Hunter+Priest_vs_Warrior+Warlock,Hunter+Priest,Warrior+Warlock,36,team1,kill,49.57
Hunter+Priest_vs_Warrior+Warlock,Hunter+Priest,Warrior+Warlock,37,team1,kill,40.78
Hunter+Priest_vs_Warrior+Warlock,Hunter+Priest,Warrior+Warlock,38,team1,kill,39.33
Hunter+Priest_vs_Warrior+Warlock,Hunter+Priest,Warrior+Warlock,39,team2,kill,33.50
Hunter+Priest_vs_Warrior+Warlock,Hunter+Priest,Warrior+Warlock,40,team1,kill,40.60
Hunter+Priest_vs_Warrior+Warlock,Hunter+Priest,Warrior+Warlock,41,team1,kill,40.60
Hunter+Priest_vs_Warrior+Warlock,Hunter+Priest,Warrior+Warlock,42,team2,kill,35.02
Hunter+Priest_vs_Warrior+Warlock,Hunter+Priest,Warrior+Warlock,43,team2,kill,35.18
Hunter+Priest_vs_Warrior+Warlock,Hunter+Priest,Warrior+Warlock,44,team1,kill,39.08
Hunter+Priest_vs_Warrior+Warlock,Hunter+Priest,Warrior+Warlock,45,team1,kill,41.57
Hunter+Priest_vs_Warrior+Warlock,Hunter+Priest,Warrior+Warlock,46,team1,kill,40.45
Hunter+Priest_vs_Warrior+Warlock,Hunter+Priest,Warrior+Warlock,47,team1,kill,39.23
Hunter+Priest_vs_Warrior+Warlock,Hunter+Priest,Warrior+Warlock,48,team1,kill,40.60
Hunter+Priest_vs_Warrior+Warlock,Hunter+Priest,Warrior+Warlock,49,team1,kill,41.63
Hunter+Priest_vs_Warrior+Warlock,Hunter+Priest,Warrior+Warlock,50,team1,kill,39.52
Hunter+Priest_vs_Warrior+Warlock,Hunter+Priest,Warrior+Warlock,51,team1,kill,39.18
Hunter+Priest_vs_Warrior+Warlock,Hunter+Priest,Warrior+Warlock,52,team2,kill,33.52
Hunter+Priest_vs_Warrior+Warlock,Hunter+Priest,Warrior+Warlock,53,team1,kill,40.60
Hunter+Priest_vs_Warrior+Warlock,Hunter+Priest,Warrior+Warlock,54,team2,kill,33.22
Hunter+Priest_vs_Warrior+Warlock,Hunter+Priest,Warrior+Warlock,55,team1,kill,40.60
Hunter+Priest_vs_Warrior+Warlock,Hunter+Priest,Warrior+Warlock,56,team1,kill,40.05
Hunter+Priest_vs_Warrior+Warlock,Hunter+Priest,Warrior+Warlock,57,team1,kill,38.55
Hunter+Priest_vs_Warrior+Warlock,Hunter+Priest,Warrior+Warlock,58,team1,kill,39.12
Hunter+Priest_vs_Warrior+Warlock,Hunter+Priest,Warrior+Warlock,59,team1,kill,39.33
Hunter+Priest_vs_Warrior+Warlock,Hunter+Priest,Warrior+Warlock,60,team1,kill,41.03
Hunter+Priest_vs_Warrior+Warlock,Hunter+Priest,Warrior+Warlock,61,team2,kill,30.62
Hunter+Priest_vs_Warrior+Warlock,Hunter+Priest,Warrior+Warlock,62,team2,kill,35.30
Hunter+Priest_vs_Warrior+Warlock,Hunter+Priest,Warrior+Warlock,63,team1,kill,40.88
Hunter+Priest_vs_Warrior+Warlock,Hunter+Priest,Warrior+Warlock,64,team1,kill,40.60
Hunter+Priest_vs_Warrior+Warlock,Hunter+Priest,Warrior+Warlock,65,team1,kill,40.55
Hunter+Priest_vs_Warrior+Warlock,Hunter+Priest,Warrior+Warlock,66,team2,kill,35.85
Hunter+Priest_vs_Warrior+Warlock,Hunter+Priest,Warrior+Warlock,67,team1,kill,40.60
Hunter+Priest_vs_Warrior+Warlock,Hunter+Priest,Warrior+Warlock,68,team1,kill,40.53
Hunter+Priest_vs_Warrior+Warlock,Hunter+Priest,Warrior+Warlock,69,team1,kill,40.53
Hunter+Priest_vs_Warrior+Warlock,Hunter+Priest,Warrior+Warlock,70,team1,kill,41.58
Hunter+Priest_vs_Warrior+Warlock,Hunter+Priest,Warrior+Warlock,71,team1,kill,41.35
Hunter+Priest_vs_Warrior+Warlock,Hunter+Priest,Warrior+Warlock,72,team2,kill,38.23
Hunter+Priest_vs_Warrior+Warlock,Hunter+Priest,Warrior+Warlock,73,team2,kill,37.32
Hunter+Priest_vs_Warrior+Warlock,Hunter+Priest,Warrior+Warlock,74,team1,kill,41.63
Hunter+Priest_vs_Warrior+Warlock,Hunter+Priest,Warrior+Warlock,75,team1,kill,39.75
Hunter+Priest_vs_Warrior+Warlock,Hunter+Priest,Warrior+Warlock,76,team1,kill,40.75
Hunter+Priest_vs_Warrior+Warlock,Hunter+Priest,Warrior+Warlock,77,team1,kill,41.98
Hunter+Priest_vs_Warrior+Warlock,Hunter+Priest,Warrior+Warlock,78,team1,kill,40.68
Hunter+Priest_vs_Warrior+Warlock,Hunter+Priest,Warrior+Warlock,79,team1,kill,42.00
Hunter+Priest_vs_Warrior+Warlock,Hunter+Priest,Warrior+Warlock,80,team2,kill,51.67
Hunter+Priest_vs_Warrior+Warlock,Hunter+Priest,Warrior+Warlock,81,team1,kill,40.10
Hunter+Priest_vs_Warrior+Warlock,Hunter+Priest,Warrior+Warlock,82,team1,kill,41.88
Hunter+Priest_vs_Warrior+Warlock,Hunter+Priest,Warrior+Warlock,83,team2,kill,33.40
Hunter+Priest_vs_Warrior+Warlock,Hunter+Priest,Warrior+Warlock,84,team1,kill,39.07
Hunter+Priest_vs_Warrior+Warlock,Hunter+Priest,Warrior+Warlock,85,team1,kill,40.60
Hunter+Priest_vs_Warrior+Warlock,Hunter+Priest,Warrior+Warlock,86,team1,kill,41.62
Hunter+Priest_vs_Warrior+Warlock,Hunter+Priest,Warrior+Warlock,87,team2,kill,43.23
Hunter+Priest_vs_Warrior+Warlock,Hunter+Priest,Warrior+Warlock,88,team1,kill,39.53
Hunter+Priest_vs_Warrior+Warlock,Hunter+Priest,Warrior+Warlock,89,team2,kill,27.97
Hunter+Priest_vs_Warrior+Warlock,Hunter+Priest,Warrior+Warlock,90,team1,kill,46.72
Hunter+Priest_vs_Warrior+Warlock,Hunter+Priest,Warrior+Warlock,91,team2,kill,36.45
Hunter+Priest_vs_Warrior+Warlock,Hunter+Priest,Warrior+Warlock,92,team2,kill,33.48
Hunter+Priest_vs_Warrior+Warlock,Hunter+Priest,Warrior+Warlock,93,team2,kill,33.93
Hunter+Priest_vs_Warrior+Warlock,Hunter+Priest,Warrior+Warlock,94,team2,kill,35.12
Hunter+Priest_vs_Warrior+Warlock,Hunter+Priest,Warrior+Warlock,95,team2,kill,36.65
Hunter+Priest_vs_Warrior+Warlock,Hunter+Priest,Warrior+Warlock,96,team2,kill,30.87
Hunter+Priest_vs_Warrior+Warlock,Hunter+Priest,Warrior+Warlock,97,team2,kill,36.98
Hunter+Priest_vs_Warrior+Warlock,Hunter+Priest,Warrior+Warlock,98,team2,kill,47.52
Hunter+Priest_vs_Warrior+Warlock,Hunter+Priest,Warrior+Warlock,99,team1,kill,55.93
Hunter+Priest_vs_Warrior+Paladin,Hunter+Priest,Warrior+Paladin,0,team1,kill,72.30
Hunter+Priest_vs_Warrior+Paladin,Hunter+Priest,Warrior+Paladin,1,team1,kill,86.49
Hunter+Priest_vs_Warrior+Paladin,Hunter+Priest,Warrior+Paladin,2,team1,kill,78.49
Hunter+Priest_vs_Warrior+Paladin,Hunter+Priest,Warrior+Paladin,3,team1,kill,81.97
Hunter+Priest_vs_Warrior+Paladin,Hunter+Priest,Warrior+Paladin,4,team1,kill,79.69
Hunter+Priest_vs_Warrior+Paladin,Hunter+Priest,Warrior+Paladin,5,team1,kill,92.14
Hunter+Priest_vs_Warrior+Paladin,Hunter+Priest,Warrior+Paladin,6,team1,kill,74.73
Hunter+Priest_vs_Warrior+Paladin,Hunter+Priest,Warrior+Paladin,7,team1,kill,63.63
Hunter+Priest_vs_Warrior+Paladin,Hunter+Priest,Warrior+Paladin,8,team1,kill,84.14
Hunter+Priest_vs_Warrior+Paladin,Hunter+Priest,Warrior+Paladin,9,team1,kill,82.37
Hunter+Priest_vs_Warrior+Paladin,Hunter+Priest,Warrior+Paladin,10,team1,kill,78.32
Hunter+Priest_vs_Warrior+Paladin,Hunter+Priest,Warrior+Paladin,11,team1,kill,92.06
Hunter+Priest_vs_Warrior+Paladin,Hunter+Priest,Warrior+Paladin,12,team1,kill,64.42
Hunter+Priest_vs_Warrior+Paladin,Hunter+Priest,Warrior+Paladin,13,team1,kill,84.14
Hunter+Priest_vs_Warrior+Paladin,Hunter+Priest,Warrior+Paladin,14,team1,kill,90.39
Hunter+Priest_vs_Warrior+Paladin,Hunter+Priest,Warrior+Paladin,15,team1,kill,74.97
Hunter+Priest_vs_Warrior+Paladin,Hunter+Priest,Warrior+Paladin,16,team1,kill,88.85
Hunter+Priest_vs_Warrior+Paladin,Hunter+Priest,Warrior+Paladin,17,team1,kill,81.62
Hunter+Priest_vs_Warrior+Paladin,Hunter+Priest,Warrior+Paladin,18,team1,kill,81.97
Hunter+Priest_vs_Warrior+Paladin,Hunter+Priest,Warrior+Paladin,19,team1,kill,74.07
Hunter+Priest_vs_Warrior+Paladin,Hunter+Priest,Warrior+Paladin,20,team1,kill,86.97
Hunter+Priest_vs_Warrior+Paladin,Hunter+Priest,Warrior+Paladin,21,team1,kill,70.37
Hunter+Priest_vs_Warrior+Paladin,Hunter+Priest,Warrior+Paladin,22,team1,kill,82.79
Hunter+Priest_vs_Warrior+Paladin,Hunter+Priest,Warrior+Paladin,23,team1,kill,84.25
Hunter+Priest_vs_Warrior+Paladin,Hunter+Priest,Warrior+Paladin,24,team1,kill,64.37
Hunter+Priest_vs_Warrior+Paladin,Hunter+Priest,Warrior+Paladin,25,team1,kill,90.19
Hunter+Priest_vs_Warrior+Paladin,Hunter+Priest,Warrior+Paladin,26,team1,kill,83.62
Hunter+Priest_vs_Warrior+Paladin,Hunter+Priest,Warrior+Paladin,27,team1,kill,89.34
Hunter+Priest_vs_Warrior+Paladin,Hunter+Priest,Warrior+Paladin,28,team1,kill,70.57
Hunter+Priest_vs_Warrior+Paladin,Hunter+Priest,Warrior+Paladin,29,team1,kill,77.67
Hunter+Priest_vs_Warrior+Paladin,Hunter+Priest,Warrior+Paladin,30,team1,kill,84.35
Hunter+Priest_vs_Warrior+Paladin,Hunter+Priest,Warrior+Paladin,31,team1,kill,63.93
Hunter+Priest_vs_Warrior+Paladin,Hunter+Priest,Warrior+Paladin,32,team1,kill,76.87
Hunter+Priest_vs_Warrior+Paladin,Hunter+Priest,Warrior+Paladin,33,team1,kill,65.05
Hunter+Priest_vs_Warrior+Paladin,Hunter+Priest,Warrior+Paladin,34,team1,kill,94.41
Hunter+Priest_vs_Warrior+Paladin,Hunter+Priest,Warrior+Paladin,35,team1,kill,75.00
Hunter+Priest_vs_Warrior+Paladin,Hunter+Priest,Warrior+Paladin,36,team1,kill,83.89
Hunter+Priest_vs_Warrior+Paladin,Hunter+Priest,Warrior+Paladin,37,team1,kill,75.89
Hunter+Priest_vs_Warrior+Paladin,Hunter+Priest,Warrior+Paladin,38,team1,kill,77.80
Hunter+Priest_vs_Warrior+Paladin,Hunter+Priest,Warrior+Paladin,39,team1,kill,75.32
Hunter+Priest_vs_Warrior+Paladin,Hunter+Priest,Warrior+Paladin,40,team1,kill,74.48
Hunter+Priest_vs_Warrior+Paladin,Hunter+Priest,Warrior+Paladin,41,team1,kill,94.81
Hunter+Priest_vs_Warrior+Paladin,Hunter+Priest,Warrior+Paladin,42,team1,kill,89.00
Hunter+Priest_vs_Warrior+Paladin,Hunter+Priest,Warrior+Paladin,43,team1,kill,93.01
Hunter+Priest_vs_Warrior+Paladin,Hunter+Priest,Warrior+Paladin,44,team1,kill,80.20
Hunter+Priest_vs_Warrior+Paladin,Hunter+Priest,Warrior+Paladin,45,team1,kill,77.75
Hunter+Priest_vs_Warrior+Paladin,Hunter+Priest,Warrior+Paladin,46,team1,kill,78.15
Hunter+Priest_vs_Warrior+Paladin,Hunter+Priest,Warrior+Paladin,47,team1,kill,69.58
Hunter+Priest_vs_Warrior+Paladin,Hunter+Priest,Warrior+Paladin,48,team1,kill,81.97
Hunter+Priest_vs_Warrior+Paladin,Hunter+Priest,Warrior+Paladin,49,team1,kill,75.90
Hunter+Priest_vs_Warrior+Paladin,Hunter+Priest,Warrior+Paladin,50,team1,kill,81.97
Hunter+Priest_vs_Warrior+Paladin,Hunter+Priest,Warrior+Paladin,51,team1,kill,78.89
Hunter+Priest_vs_Warrior+Paladin,Hunter+Priest,Warrior+Paladin,52,team1,kill,81.97
Hunter+Priest_vs_Warrior+Paladin,Hunter+Priest,Warrior+Paladin,53,team1,kill,79.10
Hunter+Priest_vs_Warrior+Paladin,Hunter+Priest,Warrior+Paladin,54,team1,kill,86.75
Hunter+Priest_vs_Warrior+Paladin,Hunter+Priest,Warrior+Paladin,55,team1,kill,86.97
Hunter+Priest_vs_Warrior+Paladin,Hunter+Priest,Warrior+Paladin,56,team1,kill,84.59
Hunter+Priest_vs_Warrior+Paladin,Hunter+Priest,Warrior+Paladin,57,team1,kill,73.62
Hunter+Priest_vs_Warrior+Paladin,Hunter+Priest,Warrior+Paladin,58,team1,kill,76.27
Hunter+Priest_vs_Warrior+Paladin,Hunter+Priest,Warrior+Paladin,59,team1,kill,69.23
Hunter+Priest_vs_Warrior+Paladin,Hunter+Priest,Warrior+Paladin,60,team1,kill,79.84
Hunter+Priest_vs_Warrior+Paladin,Hunter+Priest,Warrior+Paladin,61,team1,kill,82.07
Hunter+Priest_vs_Warrior+Paladin,Hunter+Priest,Warrior+Paladin,62,team1,kill,74.07
Hunter+Priest_vs_Warrior+Paladin,Hunter+Priest,Warrior+Paladin,63,team1,kill,80.20
Hunter+Priest_vs_Warrior+Paladin,Hunter+Priest,Warrior+Paladin,64,team1,kill,81.97
Hunter+Priest_vs_Warrior+Paladin,Hunter+Priest,Warrior+Paladin,65,team1,kill,76.67
Hunter+Priest_vs_Warrior+Paladin,Hunter+Priest,Warrior+Paladin,66,team1,kill,68.08
Hunter+Priest_vs_Warrior+Paladin,Hunter+Priest,Warrior+Paladin,67,team1,kill,73.72
Hunter+Priest_vs_Warrior+Paladin,Hunter+Priest,Warrior+Paladin,68,team1,kill,83.39
Hunter+Priest_vs_Warrior+Paladin,Hunter+Priest,Warrior+Paladin,69,team1,kill,90.70
Hunter+Priest_vs_Warrior+Paladin,Hunter+Priest,Warrior+Paladin,70,team1,kill,89.90
Hunter+Priest_vs_Warrior+Paladin,Hunter+Priest,Warrior+Paladin,71,team1,kill,77.02
Hunter+Priest_vs_Warrior+Paladin,Hunter+Priest,Warrior+Paladin,72,team1,kill,76.92
Hunter+Priest_vs_Warrior+Paladin,Hunter+Priest,Warrior+Paladin,73,team1,kill,82.69
Hunter+Priest_vs_Warrior+Paladin,Hunter+Priest,Warrior+Paladin,74,team1,kill,78.47
Hunter+Priest_vs_Warrior+Paladin,Hunter+Priest,Warrior+Paladin,75,team1,kill,79.49
Hunter+Priest_vs_Warrior+Paladin,Hunter+Priest,Warrior+Paladin,76,team1,kill,81.97
Hunter+Priest_vs_Warrior+Paladin,Hunter+Priest,Warrior+Paladin,77,team1,kill,67.43
Hunter+Priest_vs_Warrior+Paladin,Hunter+Priest,Warrior+Paladin,78,team1,kill,81.97
Hunter+Priest_vs_Warrior+Paladin,Hunter+Priest,Warrior+Paladin,79,team1,kill,81.97
Hunter+Priest_vs_Warrior+Paladin,Hunter+Priest,Warrior+Paladin,80,team1,kill,76.30
Hunter+Priest_vs_Warrior+Paladin,Hunter+Priest,Warrior+Paladin,81,team1,kill,77.34
Hunter+Priest_vs_Warrior+Paladin,Hunter+Priest,Warrior+Paladin,82,team1,kill,75.07
Hunter+Priest_vs_Warrior+Paladin,Hunter+Priest,Warrior+Paladin,83,team1,kill,70.65
Hunter+Priest_vs_Warrior+Paladin,Hunter+Priest,Warrior+Paladin,84,team1,kill,80.54
Hunter+Priest_vs_Warrior+Paladin,Hunter+Priest,Warrior+Paladin,85,team1,kill,83.92
Hunter+Priest_vs_Warrior+Paladin,Hunter+Priest,Warrior+Paladin,86,team1,kill,98.22
Hunter+Priest_vs_Warrior+Paladin,Hunter+Priest,Warrior+Paladin,87,team1,kill,93.91
Hunter+Priest_vs_Warrior+Paladin,Hunter+Priest,Warrior+Paladin,88,team1,kill,89.07
Hunter+Priest_vs_Warrior+Paladin,Hunter+Priest,Warrior+Paladin,89,team1,kill,80.20
Hunter+Priest_vs_Warrior+Paladin,Hunter+Priest,Warrior+Paladin,90,team1,kill,82.29
Hunter+Priest_vs_Warrior+Paladin,Hunter+Priest,Warrior+Paladin,91,team1,kill,87.57
Hunter+Priest_vs_Warrior+Paladin,Hunter+Priest,Warrior+Paladin,92,team1,kill,93.26
Hunter+Priest_vs_Warrior+Paladin,Hunter+Priest,Warrior+Paladin,93,team1,kill,79.22
Hunter+Priest_vs_Warrior+Paladin,Hunter+Priest,Warrior+Paladin,94,team1,kill,81.62
Hunter+Priest_vs_Warrior+Paladin,Hunter+Priest,Warrior+Paladin,95,team1,kill,61.95
Hunter+Priest_vs_Warrior+Paladin,Hunter+Priest,Warrior+Paladin,96,team1,kill,76.77
Hunter+Priest_vs_Warrior+Paladin,Hunter+Priest,Warrior+Paladin,97,team1,kill,64.62
Hunter+Priest_vs_Warrior+Paladin,Hunter+Priest,Warrior+Paladin,98,team1,kill,77.95
Hunter+Priest_vs_Warrior+Paladin,Hunter+Priest,Warrior+Paladin,99,team2,kill,67.03
Hunter+Priest_vs_Warrior+Hunter,Hunter+Priest,Warrior+Hunter,0,team1,kill,41.58
Hunter+Priest_vs_Warrior+Hunter,Hunter+Priest,Warrior+Hunter,1,team2,kill,36.52
Hunter+Priest_vs_Warrior+Hunter,Hunter+Priest,Warrior+Hunter,2,team1,kill,39.07
Hunter+Priest_vs_Warrior+Hunter,Hunter+Priest,Warrior+Hunter,3,team1,kill,40.00
Hunter+Priest_vs_Warrior+Hunter,Hunter+Priest,Warrior+Hunter,4,team1,kill,39.98
Hunter+Priest_vs_Warrior+Hunter,Hunter+Priest,Warrior+Hunter,5,team1,kill,41.58
Hunter+Priest_vs_Warrior+Hunter,Hunter+Priest,Warrior+Hunter,6,team1,kill,39.07
Hunter+Priest_vs_Warrior+Hunter,Hunter+Priest,Warrior+Hunter,7,team1,kill,35.60
Hunter+Priest_vs_Warrior+Hunter,Hunter+Priest,Warrior+Hunter,8,team1,kill,39.08
Hunter+Priest_vs_Warrior+Hunter,Hunter+Priest,Warrior+Hunter,9,team1,kill,39.78
Hunter+Priest_vs_Warrior+Hunter,Hunter+Priest,Warrior+Hunter,10,team1,kill,39.98
Hunter+Priest_vs_Warrior+Hunter,Hunter+Priest,Warrior+Hunter,11,team1,kill,39.98
Hunter+Priest_vs_Warrior+Hunter,Hunter+Priest,Warrior+Hunter,12,team1,kill,35.60
Hunter+Priest_vs_Warrior+Hunter,Hunter+Priest,Warrior+Hunter,13,team1,kill,39.08
Hunter+Priest_vs_Warrior+Hunter,Hunter+Priest,Warrior+Hunter,14,team1,kill,39.08
Hunter+Priest_vs_Warrior+Hunter,Hunter+Priest,Warrior+Hunter,15,team2,kill,33.62
Hunter+Priest_vs_Warrior+Hunter,Hunter+Priest,Warrior+Hunter,16,team1,kill,40.00
Hunter+Priest_vs_Warrior+Hunter,Hunter+Priest,Warrior+Hunter,17,team1,kill,40.00
Hunter+Priest_vs_Warrior+Hunter,Hunter+Priest,Warrior+Hunter,18,team1,kill,39.08
Hunter+Priest_vs_Warrior+Hunter,Hunter+Priest,Warrior+Hunter,19,team1,kill,36.82
Hunter+Priest_vs_Warrior+Hunter,Hunter+Priest,Warrior+Hunter,20,team1,kill,30.53
Hunter+Priest_vs_Warrior+Hunter,Hunter+Priest,Warrior+Hunter,21,team2,kill,21.03
Hunter+Priest_vs_Warrior+Hunter,Hunter+Priest,Warrior+Hunter,22,team1,kill,39.98
Hunter+Priest_vs_Warrior+Hunter,Hunter+Priest,Warrior+Hunter,23,team1,kill,39.65
Hunter+Priest_vs_Warrior+Hunter,Hunter+Priest,Warrior+Hunter,24,team1,kill,39.95
Hunter+Priest_vs_Warrior+Hunter,Hunter+Priest,Warrior+Hunter,25,team1,kill,35.60
Hunter+Priest_vs_Warrior+Hunter,Hunter+Priest,Warrior+Hunter,26,team1,kill,35.60
Hunter+Priest_vs_Warrior+Hunter,Hunter+Priest,Warrior+Hunter,27,team2,kill,41.20
Hunter+Priest_vs_Warrior+Hunter,Hunter+Priest,Warrior+Hunter,28,team2,kill,36.13
Hunter+Priest_vs_Warrior+Hunter,Hunter+Priest,Warrior+Hunter,29,team1,kill,40.08
Hunter+Priest_vs_Warrior+Hunter,Hunter+Priest,Warrior+Hunter,30,team1,kill,35.60
Hunter+Priest_vs_Warrior+Hunter,Hunter+Priest,Warrior+Hunter,31,team1,kill,35.60
Hunter+Priest_vs_Warrior+Hunter,Hunter+Priest,Warrior+Hunter,32,team1,kill,39.98
Hunter+Priest_vs_Warrior+Hunter,Hunter+Priest,Warrior+Hunter,33,team1,kill,39.08
Hunter+Priest_vs_Warrior+Hunter,Hunter+Priest,Warrior+Hunter,34,team1,kill,30.53
Hunter+Priest_vs_Warrior+Hunter,Hunter+Priest,Warrior+Hunter,35,team1,kill,40.03
Hunter+Priest_vs_Warrior+Hunter,Hunter+Priest,Warrior+Hunter,36,team1,kill,33.77
Hunter+Priest_vs_Warrior+Hunter,Hunter+Priest,Warrior+Hunter,37,team1,kill,35.60
Hunter+Priest_vs_Warrior+Hunter,Hunter+Priest,Warrior+Hunter,38,team1,kill,39.30
Hunter+Priest_vs_Warrior+Hunter,Hunter+Priest,Warrior+Hunter,39,team1,kill,39.40
Hunter+Priest_vs_Warrior+Hunter,Hunter+Priest,Warrior+Hunter,40,team1,kill,39.08
Hunter+Priest_vs_Warrior+Hunter,Hunter+Priest,Warrior+Hunter,41,team1,kill,35.60
Hunter+Priest_vs_Warrior+Hunter,Hunter+Priest,Warrior+Hunter,42,team1,kill,39.98
Hunter+Priest_vs_Warrior+Hunter,Hunter+Priest,Warrior+Hunter,43,team1,kill,39.08
Hunter+Priest_vs_Warrior+Hunter,Hunter+Priest,Warrior+Hunter,44,team1,kill,41.58
Hunter+Priest_vs_Warrior+Hunter,Hunter+Priest,Warrior+Hunter,45,team1,kill,52.58
Hunter+Priest_vs_Warrior+Hunter,Hunter+Priest,Warrior+Hunter,46,team1,kill,40.33
Hunter+Priest_vs_Warrior+Hunter,Hunter+Priest,Warrior+Hunter,47,team1,kill,39.98
Hunter+Priest_vs_Warrior+Hunter,Hunter+Priest,Warrior+Hunter,48,team1,kill,34.05
Hunter+Priest_vs_Warrior+Hunter,Hunter+Priest,Warrior+Hunter,49,team1,kill,35.60
Hunter+Priest_vs_Warrior+Hunter,Hunter+Priest,Warrior+Hunter,50,team1,kill,38.93
Hunter+Priest_vs_Warrior+Hunter,Hunter+Priest,Warrior+Hunter,51,team1,kill,39.08
Hunter+Priest_vs_Warrior+Hunter,Hunter+Priest,Warrior+Hunter,52,team1,kill,28.42
Hunter+Priest_vs_Warrior+Hunter,Hunter+Priest,Warrior+Hunter,53,team1,kill,37.57
Hunter+Priest_vs_Warrior+Hunter,Hunter+Priest,Warrior+Hunter,54,team1,kill,35.60
Hunter+Priest_vs_Warrior+Hunter,Hunter+Priest,Warrior+Hunter,55,team1,kill,39.08
Hunter+Priest_vs_Warrior+Hunter,Hunter+Priest,Warrior+Hunter,56,team1,kill,40.45
Hunter+Priest_vs_Warrior+Hunter,Hunter+Priest,Warrior+Hunter,57,team1,kill,41.58
Hunter+Priest_vs_Warrior+Hunter,Hunter+Priest,Warrior+Hunter,58,team1,kill,40.08
Hunter+Priest_vs_Warrior+Hunter,Hunter+Priest,Warrior+Hunter,59,team1,kill,39.32
Hunter+Priest_vs_Warrior+Hunter,Hunter+Priest,Warrior+Hunter,60,team1,kill,39.08
Hunter+Priest_vs_Warrior+Hunter,Hunter+Priest,Warrior+Hunter,61,team1,kill,35.60
Hunter+Priest_vs_Warrior+Hunter,Hunter+Priest,Warrior+Hunter,62,team1,kill,35.55
Hunter+Priest_vs_Warrior+Hunter,Hunter+Priest,Warrior+Hunter,63,team1,kill,40.02
Hunter+Priest_vs_Warrior+Hunter,Hunter+Priest,Warrior+Hunter,64,team1,kill,39.97
Hunter+Priest_vs_Warrior+Hunter,Hunter+Priest,Warrior+Hunter,65,team1,kill,39.07
Hunter+Priest_vs_Warrior+Hunter,Hunter+Priest,Warrior+Hunter,66,team1,kill,40.00
Hunter+Priest_vs_Warrior+Hunter,Hunter+Priest,Warrior+Hunter,67,team1,kill,36.97
Hunter+Priest_vs_Warrior+Hunter,Hunter+Priest,Warrior+Hunter,68,team1,kill,41.60
Hunter+Priest_vs_Warrior+Hunter,Hunter+Priest,Warrior+Hunter,69,team1,kill,36.57
Hunter+Priest_vs_Warrior+Hunter,Hunter+Priest,Warrior+Hunter,70,team1,kill,35.60
Hunter+Priest_vs_Warrior+Hunter,Hunter+Priest,Warrior+Hunter,71,team1,kill,36.57
Hunter+Priest_vs_Warrior+Hunter,Hunter+Priest,Warrior+Hunter,72,team1,kill,41.38
Hunter+Priest_vs_Warrior+Hunter,Hunter+Priest,Warrior+Hunter,73,team2,kill,43.68
Hunter+Priest_vs_Warrior+Hunter,Hunter+Priest,Warrior+Hunter,74,team1,kill,35.60
Hunter+Priest_vs_Warrior+Hunter,Hunter+Priest,Warrior+Hunter,75,team1,kill,39.08
Hunter+Priest_vs_Warrior+Hunter,Hunter+Priest,Warrior+Hunter,76,team1,kill,38.92
Hunter+Priest_vs_Warrior+Hunter,Hunter+Priest,Warrior+Hunter,77,team1,kill,35.60
Hunter+Priest_vs_Warrior+Hunter,Hunter+Priest,Warrior+Hunter,78,team1,kill,40.08
Hunter+Priest_vs_Warrior+Hunter,Hunter+Priest,Warrior+Hunter,79,team1,kill,40.57
Hunter+Priest_vs_Warrior+Hunter,Hunter+Priest,Warrior+Hunter,80,team1,kill,30.90
Hunter+Priest_vs_Warrior+Hunter,Hunter+Priest,Warrior+Hunter,81,team1,kill,40.00
Hunter+Priest_vs_Warrior+Hunter,Hunter+Priest,Warrior+Hunter,82,team1,kill,39.33
Hunter+Priest_vs_Warrior+Hunter,Hunter+Priest,Warrior+Hunter,83,team1,kill,40.08
Hunter+Priest_vs_Warrior+Hunter,Hunter+Priest,Warrior+Hunter,84,team1,kill,38.03
Hunter+Priest_vs_Warrior+Hunter,Hunter+Priest,Warrior+Hunter,85,team1,kill,36.57
Hunter+Priest_vs_Warrior+Hunter,Hunter+Priest,Warrior+Hunter,86,team1,kill,40.00
Hunter+Priest_vs_Warrior+Hunter,Hunter+Priest,Warrior+Hunter,87,team1,kill,39.98
Hunter+Priest_vs_Warrior+Hunter,Hunter+Priest,Warrior+Hunter,88,team1,kill,32.53
Hunter+Priest_vs_Warrior+Hunter,Hunter+Priest,Warrior+Hunter,89,team1,kill,39.98
Hunter+Priest_vs_Warrior+Hunter,Hunter+Priest,Warrior+Hunter,90,team1,kill,41.58
Hunter+Priest_vs_Warrior+Hunter,Hunter+Priest,Warrior+Hunter,91,team1,kill,35.60
Hunter+Priest_vs_Warrior+Hunter,Hunter+Priest,Warrior+Hunter,92,team1,kill,41.58
Hunter+Priest_vs_Warrior+Hunter,Hunter+Priest,Warrior+Hunter,93,team1,kill,39.07
Hunter+Priest_vs_Warrior+Hunter,Hunter+Priest,Warrior+Hunter,94,team1,kill,39.08
Hunter+Priest_vs_Warrior+Hunter,Hunter+Priest,Warrior+Hunter,95,team1,kill,35.55
Hunter+Priest_vs_Warrior+Hunter,Hunter+Priest,Warrior+Hunter,96,team1,kill,39.98
Hunter+Priest_vs_Warrior+Hunter,Hunter+Priest,Warrior+Hunter,97,team1,kill,39.08
Hunter+Priest_vs_Warrior+Hunter,Hunter+Priest,Warrior+Hunter,98,team1,kill,35.60
Hunter+Priest_vs_Warrior+Hunter,Hunter+Priest,Warrior+Hunter,99,team1,kill,39.98
Hunter+Priest_vs_Warrior+Shaman,Hunter+Priest,Warrior+Shaman,0,team2,kill,21.08
Hunter+Priest_vs_Warrior+Shaman,Hunter+Priest,Warrior+Shaman,1,team2,kill,28.05
Hunter+Priest_vs_Warrior+Shaman,Hunter+Priest,Warrior+Shaman,2,team2,kill,25.27
Hunter+Priest_vs_Warrior+Shaman,Hunter+Priest,Warrior+Shaman,3,team1,kill,48.90
Hunter+Priest_vs_Warrior+Shaman,Hunter+Priest,Warrior+Shaman,4,team2,kill,21.08
Hunter+Priest_vs_Warrior+Shaman,Hunter+Priest,Warrior+Shaman,5,team1,kill,46.12
Hunter+Priest_vs_Warrior+Shaman,Hunter+Priest,Warrior+Shaman,6,team1,kill,46.32
Hunter+Priest_vs_Warrior+Shaman,Hunter+Priest,Warrior+Shaman,7,team1,kill,40.20
Hunter+Priest_vs_Warrior+Shaman,Hunter+Priest,Warrior+Shaman,8,team1,kill,46.57
Hunter+Priest_vs_Warrior+Shaman,Hunter+Priest,Warrior+Shaman,9,team1,kill,48.78
Hunter+Priest_vs_Warrior+Shaman,Hunter+Priest,Warrior+Shaman,10,team2,kill,33.03
Hunter+Priest_vs_Warrior+Shaman,Hunter+Priest,Warrior+Shaman,11,team2,kill,22.55
Hunter+Priest_vs_Warrior+Shaman,Hunter+Priest,Warrior+Shaman,12,team2,kill,26.78
Hunter+Priest_vs_Warrior+Shaman,Hunter+Priest,Warrior+Shaman,13,team2,kill,21.10
Hunter+Priest_vs_Warrior+Shaman,Hunter+Priest,Warrior+Shaman,14,team1,kill,48.63
Hunter+Priest_vs_Warrior+Shaman,Hunter+Priest,Warrior+Shaman,15,team1,kill,44.52
Hunter+Priest_vs_Warrior+Shaman,Hunter+Priest,Warrior+Shaman,16,team2,kill,23.32
Hunter+Priest_vs_Warrior+Shaman,Hunter+Priest,Warrior+Shaman,17,team2,kill,23.13
Hunter+Priest_vs_Warrior+Shaman,Hunter+Priest,Warrior+Shaman,18,team2,kill,23.42
Hunter+Priest_vs_Warrior+Shaman,Hunter+Priest,Warrior+Shaman,19,team2,kill,20.97
Hunter+Priest_vs_Warrior+Shaman,Hunter+Priest,Warrior+Shaman,20,team2,kill,21.10
Hunter+Priest_vs_Warrior+Shaman,Hunter+Priest,Warrior+Shaman,21,team1,kill,45.87
Hunter+Priest_vs_Warrior+Shaman,Hunter+Priest,Warrior+Shaman,22,team1,kill,44.87
Hunter+Priest_vs_Warrior+Shaman,Hunter+Priest,Warrior+Shaman,23,team1,kill,44.37
Hunter+Priest_vs_Warrior+Shaman,Hunter+Priest,Warrior+Shaman,24,team2,kill,25.28
Hunter+Priest_vs_Warrior+Shaman,Hunter+Priest,Warrior+Shaman,25,team2,kill,23.23
Hunter+Priest_vs_Warrior+Shaman,Hunter+Priest,Warrior+Shaman,26,team2,kill,24.07
Hunter+Priest_vs_Warrior+Shaman,Hunter+Priest,Warrior+Shaman,27,team2,kill,21.08
Hunter+Priest_vs_Warrior+Shaman,Hunter+Priest,Warrior+Shaman,28,team2,kill,22.55
Hunter+Priest_vs_Warrior+Shaman,Hunter+Priest,Warrior+Shaman,29,team2,kill,22.75
Hunter+Priest_vs_Warrior+Shaman,Hunter+Priest,Warrior+Shaman,30,team2,kill,22.55
Hunter+Priest_vs_Warrior+Shaman,Hunter+Priest,Warrior+Shaman,31,team1,kill,48.13
Hunter+Priest_vs_Warrior+Shaman,Hunter+Priest,Warrior+Shaman,32,team2,kill,23.17
Hunter+Priest_vs_Warrior+Shaman,Hunter+Priest,Warrior+Shaman,33,team2,kill,25.27
Hunter+Priest_vs_Warrior+Shaman,Hunter+Priest,Warrior+Shaman,34,team2,kill,22.55
Hunter+Priest_vs_Warrior+Shaman,Hunter+Priest,Warrior+Shaman,35,team2,kill,22.55
Hunter+Priest_vs_Warrior+Shaman,Hunter+Priest,Warrior+Shaman,36,team2,kill,23.42
Hunter+Priest_vs_Warrior+Shaman,Hunter+Priest,Warrior+Shaman,37,team2,kill,22.55
Hunter+Priest_vs_Warrior+Shaman,Hunter+Priest,Warrior+Shaman,38,team2,kill,26.78
Hunter+Priest_vs_Warrior+Shaman,Hunter+Priest,Warrior+Shaman,39,team2,kill,23.45
Hunter+Priest_vs_Warrior+Shaman,Hunter+Priest,Warrior+Shaman,40,team2,kill,25.27
Hunter+Priest_vs_Warrior+Shaman,Hunter+Priest,Warrior+Shaman,41,team1,kill,41.08
Hunter+Priest_vs_Warrior+Shaman,Hunter+Priest,Warrior+Shaman,42,team2,kill,25.05
Hunter+Priest_vs_Warrior+Shaman,Hunter+Priest,Warrior+Shaman,43,team1,kill,43.60
Hunter+Priest_vs_Warrior+Shaman,Hunter+Priest,Warrior+Shaman,44,team2,kill,21.28
Hunter+Priest_vs_Warrior+Shaman,Hunter+Priest,Warrior+Shaman,45,team2,kill,25.92
Hunter+Priest_vs_Warrior+Shaman,Hunter+Priest,Warrior+Shaman,46,team2,kill,22.40
Hunter+Priest_vs_Warrior+Shaman,Hunter+Priest,Warrior+Shaman,47,team2,kill,23.42
Hunter+Priest_vs_Warrior+Shaman,Hunter+Priest,Warrior+Shaman,48,team2,kill,23.90
Hunter+Priest_vs_Warrior+Shaman,Hunter+Priest,Warrior+Shaman,49,team2,kill,21.08
Hunter+Priest_vs_Warrior+Shaman,Hunter+Priest,Warrior+Shaman,50,team2,kill,23.13
Hunter+Priest_vs_Warrior+Shaman,Hunter+Priest,Warrior+Shaman,51,team1,kill,44.37
Hunter+Priest_vs_Warrior+Shaman,Hunter+Priest,Warrior+Shaman,52,team2,kill,21.08
Hunter+Priest_vs_Warrior+Shaman,Hunter+Priest,Warrior+Shaman,53,team2,kill,23.17
Hunter+Priest_vs_Warrior+Shaman,Hunter+Priest,Warrior+Shaman,54,team2,kill,24.07
Hunter+Priest_vs_Warrior+Shaman,Hunter+Priest,Warrior+Shaman,55,team2,kill,24.48
Hunter+Priest_vs_Warrior+Shaman,Hunter+Priest,Warrior+Shaman,56,team1,kill,48.65
Hunter+Priest_vs_Warrior+Shaman,Hunter+Priest,Warrior+Shaman,57,team2,kill,24.42
Hunter+Priest_vs_Warrior+Shaman,Hunter+Priest,Warrior+Shaman,58,team2,kill,23.27
Hunter+Priest_vs_Warrior+Shaman,Hunter+Priest,Warrior+Shaman,59,team2,kill,23.92
Hunter+Priest_vs_Warrior+Shaman,Hunter+Priest,Warrior+Shaman,60,team2,kill,21.10
Hunter+Priest_vs_Warrior+Shaman,Hunter+Priest,Warrior+Shaman,61,team2,kill,21.10
Hunter+Priest_vs_Warrior+Shaman,Hunter+Priest,Warrior+Shaman,62,team1,kill,49.15
Hunter+Priest_vs_Warrior+Shaman,Hunter+Priest,Warrior+Shaman,63,team1,kill,46.12
Hunter+Priest_vs_Warrior+Shaman,Hunter+Priest,Warrior+Shaman,64,team2,kill,23.45
Hunter+Priest_vs_Warrior+Shaman,Hunter+Priest,Warrior+Shaman,65,team2,kill,23.03
Hunter+Priest_vs_Warrior+Shaman,Hunter+Priest,Warrior+Shaman,66,team2,kill,21.08
Hunter+Priest_vs_Warrior+Shaman,Hunter+Priest,Warrior+Shaman,67,team2,kill,23.45
Hunter+Priest_vs_Warrior+Shaman,Hunter+Priest,Warrior+Shaman,68,team2,kill,24.42
Hunter+Priest_vs_Warrior+Shaman,Hunter+Priest,Warrior+Shaman,69,team1,kill,40.20
Hunter+Priest_vs_Warrior+Shaman,Hunter+Priest,Warrior+Shaman,70,team1,kill,43.12
Hunter+Priest_vs_Warrior+Shaman,Hunter+Priest,Warrior+Shaman,71,team2,kill,22.40
Hunter+Priest_vs_Warrior+Shaman,Hunter+Priest,Warrior+Shaman,72,team2,kill,22.55
Hunter+Priest_vs_Warrior+Shaman,Hunter+Priest,Warrior+Shaman,73,team2,kill,22.55
Hunter+Priest_vs_Warrior+Shaman,Hunter+Priest,Warrior+Shaman,74,team2,kill,21.28
Hunter+Priest_vs_Warrior+Shaman,Hunter+Priest,Warrior+Shaman,75,team2,kill,23.45
Hunter+Priest_vs_Warrior+Shaman,Hunter+Priest,Warrior+Shaman,76,team1,kill,60.38
Hunter+Priest_vs_Warrior+Shaman,Hunter+Priest,Warrior+Shaman,77,team2,kill,24.90
Hunter+Priest_vs_Warrior+Shaman,Hunter+Priest,Warrior+Shaman,78,team1,kill,43.60
Hunter+Priest_vs_Warrior+Shaman,Hunter+Priest,Warrior+Shaman,79,team1,kill,55.05
Hunter+Priest_vs_Warrior+Shaman,Hunter+Priest,Warrior+Shaman,80,team2,kill,21.08
Hunter+Priest_vs_Warrior+Shaman,Hunter+Priest,Warrior+Shaman,81,team2,kill,23.10
Hunter+Priest_vs_Warrior+Shaman,Hunter+Priest,Warrior+Shaman,82,team2,kill,26.78
Hunter+Priest_vs_Warrior+Shaman,Hunter+Priest,Warrior+Shaman,83,team2,kill,21.52
Hunter+Priest_vs_Warrior+Shaman,Hunter+Priest,Warrior+Shaman,84,team2,kill,23.17
Hunter+Priest_vs_Warrior+Shaman,Hunter+Priest,Warrior+Shaman,85,team2,kill,53.97
Hunter+Priest_vs_Warrior+Shaman,Hunter+Priest,Warrior+Shaman,86,team1,kill,41.37
Hunter+Priest_vs_Warrior+Shaman,Hunter+Priest,Warrior+Shaman,87,team2,kill,23.27
Hunter+Priest_vs_Warrior+Shaman,Hunter+Priest,Warrior+Shaman,88,team2,kill,23.27
Hunter+Priest_vs_Warrior+Shaman,Hunter+Priest,Warrior+Shaman,89,team1,kill,46.12
Hunter+Priest_vs_Warrior+Shaman,Hunter+Priest,Warrior+Shaman,90,team1,kill,40.20
Hunter+Priest_vs_Warrior+Shaman,Hunter+Priest,Warrior+Shaman,91,team2,kill,24.30
Hunter+Priest_vs_Warrior+Shaman,Hunter+Priest,Warrior+Shaman,92,team2,kill,23.17
Hunter+Priest_vs_Warrior+Shaman,Hunter+Priest,Warrior+Shaman,93,team2,kill,20.12
Hunter+Priest_vs_Warrior+Shaman,Hunter+Priest,Warrior+Shaman,94,team2,kill,18.97
Hunter+Priest_vs_Warrior+Shaman,Hunter+Priest,Warrior+Shaman,95,team2,kill,22.55
Hunter+Priest_vs_Warrior+Shaman,Hunter+Priest,Warrior+Shaman,96,team2,kill,23.45
Hunter+Priest_vs_Warrior+Shaman,Hunter+Priest,Warrior+Shaman,97,team2,kill,24.22
Hunter+Priest_vs_Warrior+Shaman,Hunter+Priest,Warrior+Shaman,98,team2,kill,23.27
Hunter+Priest_vs_Warrior+Shaman,Hunter+Priest,Warrior+Shaman,99,team2,kill,25.28
Hunter+Priest_vs_Mage+Rogue,Hunter+Priest,Mage+Rogue,0,team2,kill,36.87
Hunter+Priest_vs_Mage+Rogue,Hunter+Priest,Mage+Rogue,1,team2,kill,21.73
Hunter+Priest_vs_Mage+Rogue,Hunter+Priest,Mage+Rogue,2,team2,kill,42.75
Hunter+Priest_vs_Mage+Rogue,Hunter+Priest,Mage+Rogue,3,team2,kill,40.03
Hunter+Priest_vs_Mage+Rogue,Hunter+Priest,Mage+Rogue,4,team2,kill,32.57
Hunter+Priest_vs_Mage+Rogue,Hunter+Priest,Mage+Rogue,5,team2,kill,35.72
Hunter+Priest_vs_Mage+Rogue,Hunter+Priest,Mage+Rogue,6,team2,kill,32.40
Hunter+Priest_vs_Mage+Rogue,Hunter+Priest,Mage+Rogue,7,team2,kill,31.13
Hunter+Priest_vs_Mage+Rogue,Hunter+Priest,Mage+Rogue,8,team2,kill,21.75
Hunter+Priest_vs_Mage+Rogue,Hunter+Priest,Mage+Rogue,9,team2,kill,35.12
Hunter+Priest_vs_Mage+Rogue,Hunter+Priest,Mage+Rogue,10,team2,kill,35.98
Hunter+Priest_vs_Mage+Rogue,Hunter+Priest,Mage+Rogue,11,team2,kill,39.63
Hunter+Priest_vs_Mage+Rogue,Hunter+Priest,Mage+Rogue,12,team2,kill,34.78
Hunter+Priest_vs_Mage+Rogue,Hunter+Priest,Mage+Rogue,13,team2,kill,29.80
Hunter+Priest_vs_Mage+Rogue,Hunter+Priest,Mage+Rogue,14,team2,kill,31.75
Hunter+Priest_vs_Mage+Rogue,Hunter+Priest,Mage+Rogue,15,team2,kill,21.30
Hunter+Priest_vs_Mage+Rogue,Hunter+Priest,Mage+Rogue,16,team2,kill,33.30
Hunter+Priest_vs_Mage+Rogue,Hunter+Priest,Mage+Rogue,17,team2,kill,36.68
Hunter+Priest_vs_Mage+Rogue,Hunter+Priest,Mage+Rogue,18,team2,kill,28.55
Hunter+Priest_vs_Mage+Rogue,Hunter+Priest,Mage+Rogue,19,team2,kill,28.12
Hunter+Priest_vs_Mage+Rogue,Hunter+Priest,Mage+Rogue,20,team2,kill,44.52
Hunter+Priest_vs_Mage+Rogue,Hunter+Priest,Mage+Rogue,21,team2,kill,41.17
Hunter+Priest_vs_Mage+Rogue,Hunter+Priest,Mage+Rogue,22,team2,kill,33.57
Hunter+Priest_vs_Mage+Rogue,Hunter+Priest,Mage+Rogue,23,team2,kill,35.85
Hunter+Priest_vs_Mage+Rogue,Hunter+Priest,Mage+Rogue,24,team2,kill,38.67
Hunter+Priest_vs_Mage+Rogue,Hunter+Priest,Mage+Rogue,25,team2,kill,42.73
Hunter+Priest_vs_Mage+Rogue,Hunter+Priest,Mage+Rogue,26,team2,kill,28.97
Hunter+Priest_vs_Mage+Rogue,Hunter+Priest,Mage+Rogue,27,team2,kill,21.42
Hunter+Priest_vs_Mage+Rogue,Hunter+Priest,Mage+Rogue,28,team2,kill,22.10
Hunter+Priest_vs_Mage+Rogue,Hunter+Priest,Mage+Rogue,29,team2,kill,32.13
Hunter+Priest_vs_Mage+Rogue,Hunter+Priest,Mage+Rogue,30,team2,kill,27.18
Hunter+Priest_vs_Mage+Rogue,Hunter+Priest,Mage+Rogue,31,team2,kill,32.67
Hunter+Priest_vs_Mage+Rogue,Hunter+Priest,Mage+Rogue,32,team2,kill,32.25
Hunter+Priest_vs_Mage+Rogue,Hunter+Priest,Mage+Rogue,33,team2,kill,23.00
Hunter+Priest_vs_Mage+Rogue,Hunter+Priest,Mage+Rogue,34,team2,kill,34.97
Hunter+Priest_vs_Mage+Rogue,Hunter+Priest,Mage+Rogue,35,team2,kill,36.33
Hunter+Priest_vs_Mage+Rogue,Hunter+Priest,Mage+Rogue,36,team2,kill,21.42
Hunter+Priest_vs_Mage+Rogue,Hunter+Priest,Mage+Rogue,37,team2,kill,39.47
Hunter+Priest_vs_Mage+Rogue,Hunter+Priest,Mage+Rogue,38,team2,kill,34.33
Hunter+Priest_vs_Mage+Rogue,Hunter+Priest,Mage+Rogue,39,team2,kill,44.53
Hunter+Priest_vs_Mage+Rogue,Hunter+Priest,Mage+Rogue,40,team2,kill,21.33
Hunter+Priest_vs_Mage+Rogue,Hunter+Priest,Mage+Rogue,41,team2,kill,31.00
Hunter+Priest_vs_Mage+Rogue,Hunter+Priest,Mage+Rogue,42,team2,kill,30.90
Hunter+Priest_vs_Mage+Rogue,Hunter+Priest,Mage+Rogue,43,team2,kill,38.85
Hunter+Priest_vs_Mage+Rogue,Hunter+Priest,Mage+Rogue,44,team2,kill,40.80
Hunter+Priest_vs_Mage+Rogue,Hunter+Priest,Mage+Rogue,45,team2,kill,28.97
Hunter+Priest_vs_Mage+Rogue,Hunter+Priest,Mage+Rogue,46,team2,kill,39.35
Hunter+Priest_vs_Mage+Rogue,Hunter+Priest,Mage+Rogue,47,team2,kill,39.68
Hunter+Priest_vs_Mage+Rogue,Hunter+Priest,Mage+Rogue,48,team2,kill,34.97
Hunter+Priest_vs_Mage+Rogue,Hunter+Priest,Mage+Rogue,49,team2,kill,22.10
Hunter+Priest_vs_Mage+Rogue,Hunter+Priest,Mage+Rogue,50,team2,kill,30.97
Hunter+Priest_vs_Mage+Rogue,Hunter+Priest,Mage+Rogue,51,team2,kill,35.30
Hunter+Priest_vs_Mage+Rogue,Hunter+Priest,Mage+Rogue,52,team2,kill,36.10
Hunter+Priest_vs_Mage+Rogue,Hunter+Priest,Mage+Rogue,53,team2,kill,21.75
Hunter+Priest_vs_Mage+Rogue,Hunter+Priest,Mage+Rogue,54,team2,kill,28.92
Hunter+Priest_vs_Mage+Rogue,Hunter+Priest,Mage+Rogue,55,team2,kill,37.42
Hunter+Priest_vs_Mage+Rogue,Hunter+Priest,Mage+Rogue,56,team2,kill,34.97
Hunter+Priest_vs_Mage+Rogue,Hunter+Priest,Mage+Rogue,57,team2,kill,38.57
Hunter+Priest_vs_Mage+Rogue,Hunter+Priest,Mage+Rogue,58,team2,kill,41.65
Hunter+Priest_vs_Mage+Rogue,Hunter+Priest,Mage+Rogue,59,team2,kill,38.28
Hunter+Priest_vs_Mage+Rogue,Hunter+Priest,Mage+Rogue,60,team2,kill,32.65
Hunter+Priest_vs_Mage+Rogue,Hunter+Priest,Mage+Rogue,61,team2,kill,28.77
Hunter+Priest_vs_Mage+Rogue,Hunter+Priest,Mage+Rogue,62,team2,kill,30.92
Hunter+Priest_vs_Mage+Rogue,Hunter+Priest,Mage+Rogue,63,team2,kill,31.88
Hunter+Priest_vs_Mage+Rogue,Hunter+Priest,Mage+Rogue,64,team2,kill,31.17
Hunter+Priest_vs_Mage+Rogue,Hunter+Priest,Mage+Rogue,65,team2,kill,24.33
Hunter+Priest_vs_Mage+Rogue,Hunter+Priest,Mage+Rogue,66,team2,kill,34.02
Hunter+Priest_vs_Mage+Rogue,Hunter+Priest,Mage+Rogue,67,team2,kill,34.97
Hunter+Priest_vs_Mage+Rogue,Hunter+Priest,Mage+Rogue,68,team2,kill,30.48
Hunter+Priest_vs_Mage+Rogue,Hunter+Priest,Mage+Rogue,69,team2,kill,36.12
Hunter+Priest_vs_Mage+Rogue,Hunter+Priest,Mage+Rogue,70,team2,kill,33.05
Hunter+Priest_vs_Mage+Rogue,Hunter+Priest,Mage+Rogue,71,team2,kill,28.72
Hunter+Priest_vs_Mage+Rogue,Hunter+Priest,Mage+Rogue,72,team2,kill,34.63
Hunter+Priest_vs_Mage+Rogue,Hunter+Priest,Mage+Rogue,73,team2,kill,31.77
Hunter+Priest_vs_Mage+Rogue,Hunter+Priest,Mage+Rogue,74,team2,kill,34.80
Hunter+Priest_vs_Mage+Rogue,Hunter+Priest,Mage+Rogue,75,team2,kill,34.33
Hunter+Priest_vs_Mage+Rogue,Hunter+Priest,Mage+Rogue,76,team2,kill,40.12
Hunter+Priest_vs_Mage+Rogue,Hunter+Priest,Mage+Rogue,77,team2,kill,32.87
Hunter+Priest_vs_Mage+Rogue,Hunter+Priest,Mage+Rogue,78,team2,kill,30.67
Hunter+Priest_vs_Mage+Rogue,Hunter+Priest,Mage+Rogue,79,team2,kill,33.70
Hunter+Priest_vs_Mage+Rogue,Hunter+Priest,Mage+Rogue,80,team2,kill,28.88
Hunter+Priest_vs_Mage+Rogue,Hunter+Priest,Mage+Rogue,81,team2,kill,30.08
Hunter+Priest_vs_Mage+Rogue,Hunter+Priest,Mage+Rogue,82,team2,kill,30.02
Hunter+Priest_vs_Mage+Rogue,Hunter+Priest,Mage+Rogue,83,team2,kill,34.97
Hunter+Priest_vs_Mage+Rogue,Hunter+Priest,Mage+Rogue,84,team2,kill,38.77
Hunter+Priest_vs_Mage+Rogue,Hunter+Priest,Mage+Rogue,85,team2,kill,43.00
Hunter+Priest_vs_Mage+Rogue,Hunter+Priest,Mage+Rogue,86,team2,kill,34.63
Hunter+Priest_vs_Mage+Rogue,Hunter+Priest,Mage+Rogue,87,team2,kill,38.92
Hunter+Priest_vs_Mage+Rogue,Hunter+Priest,Mage+Rogue,88,team2,kill,31.65
Hunter+Priest_vs_Mage+Rogue,Hunter+Priest,Mage+Rogue,89,team2,kill,29.58
Hunter+Priest_vs_Mage+Rogue,Hunter+Priest,Mage+Rogue,90,team2,kill,21.90
Hunter+Priest_vs_Mage+Rogue,Hunter+Priest,Mage+Rogue,91,team2,kill,40.80
Hunter+Priest_vs_Mage+Rogue,Hunter+Priest,Mage+Rogue,92,team2,kill,30.25
Hunter+Priest_vs_Mage+Rogue,Hunter+Priest,Mage+Rogue,93,team2,kill,33.02
Hunter+Priest_vs_Mage+Rogue,Hunter+Priest,Mage+Rogue,94,team2,kill,34.97
Hunter+Priest_vs_Mage+Rogue,Hunter+Priest,Mage+Rogue,95,team2,kill,34.58
Hunter+Priest_vs_Mage+Rogue,Hunter+Priest,Mage+Rogue,96,team2,kill,36.92
Hunter+Priest_vs_Mage+Rogue,Hunter+Priest,Mage+Rogue,97,team2,kill,31.92
Hunter+Priest_vs_Mage+Rogue,Hunter+Priest,Mage+Rogue,98,team2,kill,23.00
Hunter+Priest_vs_Mage+Rogue,Hunter+Priest,Mage+Rogue,99,team2,kill,35.07
Hunter+Priest_vs_Mage+Priest,Hunter+Priest,Mage+Priest,0,team2,kill,46.15
Hunter+Priest_vs_Mage+Priest,Hunter+Priest,Mage+Priest,1,team2,kill,58.17
Hunter+Priest_vs_Mage+Priest,Hunter+Priest,Mage+Priest,2,team2,kill,34.95
Hunter+Priest_vs_Mage+Priest,Hunter+Priest,Mage+Priest,3,team2,kill,57.88
Hunter+Priest_vs_Mage+Priest,Hunter+Priest,Mage+Priest,4,team2,kill,54.87
Hunter+Priest_vs_Mage+Priest,Hunter+Priest,Mage+Priest,5,team2,kill,35.00
Hunter+Priest_vs_Mage+Priest,Hunter+Priest,Mage+Priest,6,team1,kill,51.57
Hunter+Priest_vs_Mage+Priest,Hunter+Priest,Mage+Priest,7,team2,kill,32.12
Hunter+Priest_vs_Mage+Priest,Hunter+Priest,Mage+Priest,8,team2,kill,34.85
Hunter+Priest_vs_Mage+Priest,Hunter+Priest,Mage+Priest,9,team2,kill,35.22
Hunter+Priest_vs_Mage+Priest,Hunter+Priest,Mage+Priest,10,team2,kill,29.87
Hunter+Priest_vs_Mage+Priest,Hunter+Priest,Mage+Priest,11,team2,kill,34.85
Hunter+Priest_vs_Mage+Priest,Hunter+Priest,Mage+Priest,12,team2,kill,42.62
Hunter+Priest_vs_Mage+Priest,Hunter+Priest,Mage+Priest,13,team2,kill,35.12
Hunter+Priest_vs_Mage+Priest,Hunter+Priest,Mage+Priest,14,team2,kill,32.23
Hunter+Priest_vs_Mage+Priest,Hunter+Priest,Mage+Priest,15,team2,kill,35.52
Hunter+Priest_vs_Mage+Priest,Hunter+Priest,Mage+Priest,16,team2,kill,35.32
Hunter+Priest_vs_Mage+Priest,Hunter+Priest,Mage+Priest,17,team2,kill,45.72
Hunter+Priest_vs_Mage+Priest,Hunter+Priest,Mage+Priest,18,team2,kill,38.00
Hunter+Priest_vs_Mage+Priest,Hunter+Priest,Mage+Priest,19,team2,kill,33.78
Hunter+Priest_vs_Mage+Priest,Hunter+Priest,Mage+Priest,20,team2,kill,31.45
Hunter+Priest_vs_Mage+Priest,Hunter+Priest,Mage+Priest,21,team2,kill,34.95
Hunter+Priest_vs_Mage+Priest,Hunter+Priest,Mage+Priest,22,team2,kill,44.85
Hunter+Priest_vs_Mage+Priest,Hunter+Priest,Mage+Priest,23,team2,kill,54.93
Hunter+Priest_vs_Mage+Priest,Hunter+Priest,Mage+Priest,24,team2,kill,40.67
Hunter+Priest_vs_Mage+Priest,Hunter+Priest,Mage+Priest,25,team2,kill,40.73
Hunter+Priest_vs_Mage+Priest,Hunter+Priest,Mage+Priest,26,team2,kill,44.47
Hunter+Priest_vs_Mage+Priest,Hunter+Priest,Mage+Priest,27,team2,kill,54.90
Hunter+Priest_vs_Mage+Priest,Hunter+Priest,Mage+Priest,28,team2,kill,41.35
Hunter+Priest_vs_Mage+Priest,Hunter+Priest,Mage+Priest,29,team2,kill,55.35
Hunter+Priest_vs_Mage+Priest,Hunter+Priest,Mage+Priest,30,team2,kill,36.05
Hunter+Priest_vs_Mage+Priest,Hunter+Priest,Mage+Priest,31,team2,kill,39.35
Hunter+Priest_vs_Mage+Priest,Hunter+Priest,Mage+Priest,32,team2,kill,58.55
Hunter+Priest_vs_Mage+Priest,Hunter+Priest,Mage+Priest,33,team2,kill,33.97
Hunter+Priest_vs_Mage+Priest,Hunter+Priest,Mage+Priest,34,team2,kill,37.12
Hunter+Priest_vs_Mage+Priest,Hunter+Priest,Mage+Priest,35,team2,kill,35.18
Hunter+Priest_vs_Mage+Priest,Hunter+Priest,Mage+Priest,36,team2,kill,56.53
Hunter+Priest_vs_Mage+Priest,Hunter+Priest,Mage+Priest,37,team2,kill,35.03
Hunter+Priest_vs_Mage+Priest,Hunter+Priest,Mage+Priest,38,team2,kill,34.88
Hunter+Priest_vs_Mage+Priest,Hunter+Priest,Mage+Priest,39,team2,kill,42.75
Hunter+Priest_vs_Mage+Priest,Hunter+Priest,Mage+Priest,40,team2,kill,45.85
Hunter+Priest_vs_Mage+Priest,Hunter+Priest,Mage+Priest,41,team2,kill,42.38
Hunter+Priest_vs_Mage+Priest,Hunter+Priest,Mage+Priest,42,team2,kill,42.97
Hunter+Priest_vs_Mage+Priest,Hunter+Priest,Mage+Priest,43,team2,kill,31.38
Hunter+Priest_vs_Mage+Priest,Hunter+Priest,Mage+Priest,44,team2,kill,34.97
Hunter+Priest_vs_Mage+Priest,Hunter+Priest,Mage+Priest,45,team2,kill,31.95
Hunter+Priest_vs_Mage+Priest,Hunter+Priest,Mage+Priest,46,team2,kill,32.22
Hunter+Priest_vs_Mage+Priest,Hunter+Priest,Mage+Priest,47,team2,kill,47.05
Hunter+Priest_vs_Mage+Priest,Hunter+Priest,Mage+Priest,48,team2,kill,32.13
Hunter+Priest_vs_Mage+Priest,Hunter+Priest,Mage+Priest,49,team2,kill,51.25
Hunter+Priest_vs_Mage+Priest,Hunter+Priest,Mage+Priest,50,team2,kill,42.50
Hunter+Priest_vs_Mage+Priest,Hunter+Priest,Mage+Priest,51,team2,kill,34.90
Hunter+Priest_vs_Mage+Priest,Hunter+Priest,Mage+Priest,52,team2,kill,30.23
Hunter+Priest_vs_Mage+Priest,Hunter+Priest,Mage+Priest,53,team2,kill,34.98
Hunter+Priest_vs_Mage+Priest,Hunter+Priest,Mage+Priest,54,team2,kill,49.87
Hunter+Priest_vs_Mage+Priest,Hunter+Priest,Mage+Priest,55,team2,kill,34.68
Hunter+Priest_vs_Mage+Priest,Hunter+Priest,Mage+Priest,56,team2,kill,54.92
Hunter+Priest_vs_Mage+Priest,Hunter+Priest,Mage+Priest,57,team2,kill,45.07
Hunter+Priest_vs_Mage+Priest,Hunter+Priest,Mage+Priest,58,team2,kill,34.95
Hunter+Priest_vs_Mage+Priest,Hunter+Priest,Mage+Priest,59,team2,kill,35.92
Hunter+Priest_vs_Mage+Priest,Hunter+Priest,Mage+Priest,60,team2,kill,34.98
Hunter+Priest_vs_Mage+Priest,Hunter+Priest,Mage+Priest,61,team2,kill,35.53
Hunter+Priest_vs_Mage+Priest,Hunter+Priest,Mage+Priest,62,team2,kill,42.15
Hunter+Priest_vs_Mage+Priest,Hunter+Priest,Mage+Priest,63,team2,kill,41.23
Hunter+Priest_vs_Mage+Priest,Hunter+Priest,Mage+Priest,64,team2,kill,46.08
Hunter+Priest_vs_Mage+Priest,Hunter+Priest,Mage+Priest,65,team2,kill,23.63
Hunter+Priest_vs_Mage+Priest,Hunter+Priest,Mage+Priest,66,team2,kill,37.45
Hunter+Priest_vs_Mage+Priest,Hunter+Priest,Mage+Priest,67,team2,kill,38.07
Hunter+Priest_vs_Mage+Priest,Hunter+Priest,Mage+Priest,68,team2,kill,41.90
Hunter+Priest_vs_Mage+Priest,Hunter+Priest,Mage+Priest,69,team2,kill,34.97
Hunter+Priest_vs_Mage+Priest,Hunter+Priest,Mage+Priest,70,team2,kill,35.07
Hunter+Priest_vs_Mage+Priest,Hunter+Priest,Mage+Priest,71,team2,kill,34.92
Hunter+Priest_vs_Mage+Priest,Hunter+Priest,Mage+Priest,72,team2,kill,35.33
Hunter+Priest_vs_Mage+Priest,Hunter+Priest,Mage+Priest,73,team2,kill,54.82
Hunter+Priest_vs_Mage+Priest,Hunter+Priest,Mage+Priest,74,team2,kill,44.37
Hunter+Priest_vs_Mage+Priest,Hunter+Priest,Mage+Priest,75,team2,kill,34.98
Hunter+Priest_vs_Mage+Priest,Hunter+Priest,Mage+Priest,76,team2,kill,54.82
Hunter+Priest_vs_Mage+Priest,Hunter+Priest,Mage+Priest,77,team2,kill,33.97
Hunter+Priest_vs_Mage+Priest,Hunter+Priest,Mage+Priest,78,team2,kill,36.47
Hunter+Priest_vs_Mage+Priest,Hunter+Priest,Mage+Priest,79,team2,kill,34.97
Hunter+Priest_vs_Mage+Priest,Hunter+Priest,Mage+Priest,80,team2,kill,52.30
Hunter+Priest_vs_Mage+Priest,Hunter+Priest,Mage+Priest,81,team2,kill,32.25
Hunter+Priest_vs_Mage+Priest,Hunter+Priest,Mage+Priest,82,team2,kill,55.65
Hunter+Priest_vs_Mage+Priest,Hunter+Priest,Mage+Priest,83,team2,kill,35.85
Hunter+Priest_vs_Mage+Priest,Hunter+Priest,Mage+Priest,84,team2,kill,35.45
Hunter+Priest_vs_Mage+Priest,Hunter+Priest,Mage+Priest,85,team2,kill,33.78
Hunter+Priest_vs_Mage+Priest,Hunter+Priest,Mage+Priest,86,team2,kill,56.85
Hunter+Priest_vs_Mage+Priest,Hunter+Priest,Mage+Priest,87,team2,kill,44.33
Hunter+Priest_vs_Mage+Priest,Hunter+Priest,Mage+Priest,88,team2,kill,37.83
Hunter+Priest_vs_Mage+Priest,Hunter+Priest,Mage+Priest,89,team2,kill,47.00
Hunter+Priest_vs_Mage+Priest,Hunter+Priest,Mage+Priest,90,team2,kill,54.93
Hunter+Priest_vs_Mage+Priest,Hunter+Priest,Mage+Priest,91,team2,kill,50.53
Hunter+Priest_vs_Mage+Priest,Hunter+Priest,Mage+Priest,92,team2,kill,35.03
Hunter+Priest_vs_Mage+Priest,Hunter+Priest,Mage+Priest,93,team2,kill,41.63
Hunter+Priest_vs_Mage+Priest,Hunter+Priest,Mage+Priest,94,team2,kill,43.82
Hunter+Priest_vs_Mage+Priest,Hunter+Priest,Mage+Priest,95,team2,kill,43.95
Hunter+Priest_vs_Mage+Priest,Hunter+Priest,Mage+Priest,96,team2,kill,44.78
Hunter+Priest_vs_Mage+Priest,Hunter+Priest,Mage+Priest,97,team2,kill,54.82
Hunter+Priest_vs_Mage+Priest,Hunter+Priest,Mage+Priest,98,team2,kill,44.52
Hunter+Priest_vs_Mage+Priest,Hunter+Priest,Mage+Priest,99,team2,kill,40.05
Hunter+Priest_vs_Mage+Warlock,Hunter+Priest,Mage+Warlock,0,team2,kill,21.57
Hunter+Priest_vs_Mage+Warlock,Hunter+Priest,Mage+Warlock,1,team2,kill,26.90
Hunter+Priest_vs_Mage+Warlock,Hunter+Priest,Mage+Warlock,2,team2,kill,40.07
Hunter+Priest_vs_Mage+Warlock,Hunter+Priest,Mage+Warlock,3,team2,kill,25.75
Hunter+Priest_vs_Mage+Warlock,Hunter+Priest,Mage+Warlock,4,team2,kill,20.40
Hunter+Priest_vs_Mage+Warlock,Hunter+Priest,Mage+Warlock,5,team2,kill,24.30
Hunter+Priest_vs_Mage+Warlock,Hunter+Priest,Mage+Warlock,6,team1,kill,29.25
Hunter+Priest_vs_Mage+Warlock,Hunter+Priest,Mage+Warlock,7,team2,kill,20.95
Hunter+Priest_vs_Mage+Warlock,Hunter+Priest,Mage+Warlock,8,team2,kill,22.03
Hunter+Priest_vs_Mage+Warlock,Hunter+Priest,Mage+Warlock,9,team2,kill,20.82
Hunter+Priest_vs_Mage+Warlock,Hunter+Priest,Mage+Warlock,10,team1,kill,29.67
Hunter+Priest_vs_Mage+Warlock,Hunter+Priest,Mage+Warlock,11,team2,kill,21.63
Hunter+Priest_vs_Mage+Warlock,Hunter+Priest,Mage+Warlock,12,team2,kill,21.63
Hunter+Priest_vs_Mage+Warlock,Hunter+Priest,Mage+Warlock,13,team1,kill,35.13
Hunter+Priest_vs_Mage+Warlock,Hunter+Priest,Mage+Warlock,14,team1,kill,25.55
Hunter+Priest_vs_Mage+Warlock,Hunter+Priest,Mage+Warlock,15,team1,kill,31.90
Hunter+Priest_vs_Mage+Warlock,Hunter+Priest,Mage+Warlock,16,team2,kill,27.95
Hunter+Priest_vs_Mage+Warlock,Hunter+Priest,Mage+Warlock,17,team1,kill,26.67
Hunter+Priest_vs_Mage+Warlock,Hunter+Priest,Mage+Warlock,18,team2,kill,19.55
Hunter+Priest_vs_Mage+Warlock,Hunter+Priest,Mage+Warlock,19,team1,kill,27.33
Hunter+Priest_vs_Mage+Warlock,Hunter+Priest,Mage+Warlock,20,team1,kill,33.12
Hunter+Priest_vs_Mage+Warlock,Hunter+Priest,Mage+Warlock,21,team1,kill,41.18
Hunter+Priest_vs_Mage+Warlock,Hunter+Priest,Mage+Warlock,22,team2,kill,21.30
Hunter+Priest_vs_Mage+Warlock,Hunter+Priest,Mage+Warlock,23,team2,kill,19.55
Hunter+Priest_vs_Mage+Warlock,Hunter+Priest,Mage+Warlock,24,team2,kill,20.95
Hunter+Priest_vs_Mage+Warlock,Hunter+Priest,Mage+Warlock,25,team1,kill,33.40
Hunter+Priest_vs_Mage+Warlock,Hunter+Priest,Mage+Warlock,26,team1,kill,28.25
Hunter+Priest_vs_Mage+Warlock,Hunter+Priest,Mage+Warlock,27,team2,kill,28.25
Hunter+Priest_vs_Mage+Warlock,Hunter+Priest,Mage+Warlock,28,team2,kill,25.30
Hunter+Priest_vs_Mage+Warlock,Hunter+Priest,Mage+Warlock,29,team2,kill,22.02
Hunter+Priest_vs_Mage+Warlock,Hunter+Priest,Mage+Warlock,30,team2,kill,19.28
Hunter+Priest_vs_Mage+Warlock,Hunter+Priest,Mage+Warlock,31,team2,kill,24.37
Hunter+Priest_vs_Mage+Warlock,Hunter+Priest,Mage+Warlock,32,team1,kill,33.45
Hunter+Priest_vs_Mage+Warlock,Hunter+Priest,Mage+Warlock,33,team1,kill,29.18
Hunter+Priest_vs_Mage+Warlock,Hunter+Priest,Mage+Warlock,34,team1,kill,36.10
Hunter+Priest_vs_Mage+Warlock,Hunter+Priest,Mage+Warlock,35,team2,kill,26.83
Hunter+Priest_vs_Mage+Warlock,Hunter+Priest,Mage+Warlock,36,team2,kill,24.27
Hunter+Priest_vs_Mage+Warlock,Hunter+Priest,Mage+Warlock,37,team2,kill,20.72
Hunter+Priest_vs_Mage+Warlock,Hunter+Priest,Mage+Warlock,38,team2,kill,38.37
Hunter+Priest_vs_Mage+Warlock,Hunter+Priest,Mage+Warlock,39,team1,kill,30.63
Hunter+Priest_vs_Mage+Warlock,Hunter+Priest,Mage+Warlock,40,team1,kill,33.03
Hunter+Priest_vs_Mage+Warlock,Hunter+Priest,Mage+Warlock,41,team2,kill,20.53
Hunter+Priest_vs_Mage+Warlock,Hunter+Priest,Mage+Warlock,42,team1,kill,31.80
Hunter+Priest_vs_Mage+Warlock,Hunter+Priest,Mage+Warlock,43,team2,kill,34.00
Hunter+Priest_vs_Mage+Warlock,Hunter+Priest,Mage+Warlock,44,team2,kill,22.97
Hunter+Priest_vs_Mage+Warlock,Hunter+Priest,Mage+Warlock,45,team1,kill,32.03
Hunter+Priest_vs_Mage+Warlock,Hunter+Priest,Mage+Warlock,46,team2,kill,26.63
Hunter+Priest_vs_Mage+Warlock,Hunter+Priest,Mage+Warlock,47,team2,kill,43.33
Hunter+Priest_vs_Mage+Warlock,Hunter+Priest,Mage+Warlock,48,team1,kill,30.22
Hunter+Priest_vs_Mage+Warlock,Hunter+Priest,Mage+Warlock,49,team1,kill,30.75
Hunter+Priest_vs_Mage+Warlock,Hunter+Priest,Mage+Warlock,50,team2,kill,34.05
Hunter+Priest_vs_Mage+Warlock,Hunter+Priest,Mage+Warlock,51,team2,kill,21.18
Hunter+Priest_vs_Mage+Warlock,Hunter+Priest,Mage+Warlock,52,team1,kill,30.70
Hunter+Priest_vs_Mage+Warlock,Hunter+Priest,Mage+Warlock,53,team2,kill,25.28
Hunter+Priest_vs_Mage+Warlock,Hunter+Priest,Mage+Warlock,54,team2,kill,20.98
Hunter+Priest_vs_Mage+Warlock,Hunter+Priest,Mage+Warlock,55,team1,kill,31.30
Hunter+Priest_vs_Mage+Warlock,Hunter+Priest,Mage+Warlock,56,team2,kill,22.03
Hunter+Priest_vs_Mage+Warlock,Hunter+Priest,Mage+Warlock,57,team2,kill,27.37
Hunter+Priest_vs_Mage+Warlock,Hunter+Priest,Mage+Warlock,58,team1,kill,27.35
Hunter+Priest_vs_Mage+Warlock,Hunter+Priest,Mage+Warlock,59,team2,kill,21.07
Hunter+Priest_vs_Mage+Warlock,Hunter+Priest,Mage+Warlock,60,team1,kill,31.00
Hunter+Priest_vs_Mage+Warlock,Hunter+Priest,Mage+Warlock,61,team2,kill,21.65
Hunter+Priest_vs_Mage+Warlock,Hunter+Priest,Mage+Warlock,62,team1,kill,31.52
Hunter+Priest_vs_Mage+Warlock,Hunter+Priest,Mage+Warlock,63,team1,kill,34.12
Hunter+Priest_vs_Mage+Warlock,Hunter+Priest,Mage+Warlock,64,team1,kill,32.90
Hunter+Priest_vs_Mage+Warlock,Hunter+Priest,Mage+Warlock,65,team2,kill,21.98
Hunter+Priest_vs_Mage+Warlock,Hunter+Priest,Mage+Warlock,66,team2,kill,23.92
Hunter+Priest_vs_Mage+Warlock,Hunter+Priest,Mage+Warlock,67,team1,kill,30.70
Hunter+Priest_vs_Mage+Warlock,Hunter+Priest,Mage+Warlock,68,team2,kill,25.30
Hunter+Priest_vs_Mage+Warlock,Hunter+Priest,Mage+Warlock,69,team2,kill,20.67
Hunter+Priest_vs_Mage+Warlock,Hunter+Priest,Mage+Warlock,70,team2,kill,27.38
Hunter+Priest_vs_Mage+Warlock,Hunter+Priest,Mage+Warlock,71,team1,kill,29.42
Hunter+Priest_vs_Mage+Warlock,Hunter+Priest,Mage+Warlock,72,team1,kill,30.67
Hunter+Priest_vs_Mage+Warlock,Hunter+Priest,Mage+Warlock,73,team2,kill,28.18
Hunter+Priest_vs_Mage+Warlock,Hunter+Priest,Mage+Warlock,74,team2,kill,25.17
Hunter+Priest_vs_Mage+Warlock,Hunter+Priest,Mage+Warlock,75,team2,kill,20.97
Hunter+Priest_vs_Mage+Warlock,Hunter+Priest,Mage+Warlock,76,team1,kill,31.72
Hunter+Priest_vs_Mage+Warlock,Hunter+Priest,Mage+Warlock,77,team2,kill,20.80
Hunter+Priest_vs_Mage+Warlock,Hunter+Priest,Mage+Warlock,78,team1,kill,29.87
Hunter+Priest_vs_Mage+Warlock,Hunter+Priest,Mage+Warlock,79,team2,kill,19.20
Hunter+Priest_vs_Mage+Warlock,Hunter+Priest,Mage+Warlock,80,team2,kill,33.52
Hunter+Priest_vs_Mage+Warlock,Hunter+Priest,Mage+Warlock,81,team1,kill,27.48
Hunter+Priest_vs_Mage+Warlock,Hunter+Priest,Mage+Warlock,82,team2,kill,26.75
Hunter+Priest_vs_Mage+Warlock,Hunter+Priest,Mage+Warlock,83,team2,kill,20.98
Hunter+Priest_vs_Mage+Warlock,Hunter+Priest,Mage+Warlock,84,team2,kill,26.65
Hunter+Priest_vs_Mage+Warlock,Hunter+Priest,Mage+Warlock,85,team2,kill,20.95
Hunter+Priest_vs_Mage+Warlock,Hunter+Priest,Mage+Warlock,86,team1,kill,31.42
Hunter+Priest_vs_Mage+Warlock,Hunter+Priest,Mage+Warlock,87,team1,kill,31.33
Hunter+Priest_vs_Mage+Warlock,Hunter+Priest,Mage+Warlock,88,team1,kill,35.35
Hunter+Priest_vs_Mage+Warlock,Hunter+Priest,Mage+Warlock,89,team2,kill,34.57
Hunter+Priest_vs_Mage+Warlock,Hunter+Priest,Mage+Warlock,90,team2,kill,25.80
Hunter+Priest_vs_Mage+Warlock,Hunter+Priest,Mage+Warlock,91,team2,kill,30.18
Hunter+Priest_vs_Mage+Warlock,Hunter+Priest,Mage+Warlock,92,team2,kill,25.80
Hunter+Priest_vs_Mage+Warlock,Hunter+Priest,Mage+Warlock,93,team2,kill,23.85
Hunter+Priest_vs_Mage+Warlock,Hunter+Priest,Mage+Warlock,94,team2,kill,23.98
Hunter+Priest_vs_Mage+Warlock,Hunter+Priest,Mage+Warlock,95,team1,kill,31.53
Hunter+Priest_vs_Mage+Warlock,Hunter+Priest,Mage+Warlock,96,team2,kill,25.23
Hunter+Priest_vs_Mage+Warlock,Hunter+Priest,Mage+Warlock,97,team1,kill,42.87
Hunter+Priest_vs_Mage+Warlock,Hunter+Priest,Mage+Warlock,98,team1,kill,33.15
Hunter+Priest_vs_Mage+Warlock,Hunter+Priest,Mage+Warlock,99,team2,kill,28.78
Hunter+Priest_vs_Mage+Paladin,Hunter+Priest,Mage+Paladin,0,team2,kill,63.97
Hunter+Priest_vs_Mage+Paladin,Hunter+Priest,Mage+Paladin,1,team2,kill,68.83
Hunter+Priest_vs_Mage+Paladin,Hunter+Priest,Mage+Paladin,2,team2,kill,64.02
Hunter+Priest_vs_Mage+Paladin,Hunter+Priest,Mage+Paladin,3,team2,kill,74.67
Hunter+Priest_vs_Mage+Paladin,Hunter+Priest,Mage+Paladin,4,team2,kill,34.97
Hunter+Priest_vs_Mage+Paladin,Hunter+Priest,Mage+Paladin,5,team2,kill,36.35
Hunter+Priest_vs_Mage+Paladin,Hunter+Priest,Mage+Paladin,6,team2,kill,66.47
Hunter+Priest_vs_Mage+Paladin,Hunter+Priest,Mage+Paladin,7,team2,kill,63.95
Hunter+Priest_vs_Mage+Paladin,Hunter+Priest,Mage+Paladin,8,team2,kill,48.63
Hunter+Priest_vs_Mage+Paladin,Hunter+Priest,Mage+Paladin,9,team2,kill,33.52
Hunter+Priest_vs_Mage+Paladin,Hunter+Priest,Mage+Paladin,10,team2,kill,63.42
Hunter+Priest_vs_Mage+Paladin,Hunter+Priest,Mage+Paladin,11,team2,kill,74.73
Hunter+Priest_vs_Mage+Paladin,Hunter+Priest,Mage+Paladin,12,team2,kill,54.73
Hunter+Priest_vs_Mage+Paladin,Hunter+Priest,Mage+Paladin,13,team2,kill,54.83
Hunter+Priest_vs_Mage+Paladin,Hunter+Priest,Mage+Paladin,14,team2,kill,74.62
Hunter+Priest_vs_Mage+Paladin,Hunter+Priest,Mage+Paladin,15,team2,kill,59.63
Hunter+Priest_vs_Mage+Paladin,Hunter+Priest,Mage+Paladin,16,team2,kill,44.65
Hunter+Priest_vs_Mage+Paladin,Hunter+Priest,Mage+Paladin,17,team2,kill,74.80
Hunter+Priest_vs_Mage+Paladin,Hunter+Priest,Mage+Paladin,18,team2,kill,75.07
Hunter+Priest_vs_Mage+Paladin,Hunter+Priest,Mage+Paladin,19,team2,kill,37.07
Hunter+Priest_vs_Mage+Paladin,Hunter+Priest,Mage+Paladin,20,team2,kill,37.85
Hunter+Priest_vs_Mage+Paladin,Hunter+Priest,Mage+Paladin,21,team2,kill,61.38
Hunter+Priest_vs_Mage+Paladin,Hunter+Priest,Mage+Paladin,22,team2,kill,66.88
Hunter+Priest_vs_Mage+Paladin,Hunter+Priest,Mage+Paladin,23,team2,kill,63.55
Hunter+Priest_vs_Mage+Paladin,Hunter+Priest,Mage+Paladin,24,team2,kill,58.33
Hunter+Priest_vs_Mage+Paladin,Hunter+Priest,Mage+Paladin,25,team2,kill,33.13
Hunter+Priest_vs_Mage+Paladin,Hunter+Priest,Mage+Paladin,26,team2,kill,55.85
Hunter+Priest_vs_Mage+Paladin,Hunter+Priest,Mage+Paladin,27,team2,kill,75.00
Hunter+Priest_vs_Mage+Paladin,Hunter+Priest,Mage+Paladin,28,team2,kill,34.13
Hunter+Priest_vs_Mage+Paladin,Hunter+Priest,Mage+Paladin,29,team2,kill,58.82
Hunter+Priest_vs_Mage+Paladin,Hunter+Priest,Mage+Paladin,30,team2,kill,74.67
Hunter+Priest_vs_Mage+Paladin,Hunter+Priest,Mage+Paladin,31,team2,kill,59.72
Hunter+Priest_vs_Mage+Paladin,Hunter+Priest,Mage+Paladin,32,team2,kill,63.97
Hunter+Priest_vs_Mage+Paladin,Hunter+Priest,Mage+Paladin,33,team2,kill,39.82
Hunter+Priest_vs_Mage+Paladin,Hunter+Priest,Mage+Paladin,34,team2,kill,65.43
Hunter+Priest_vs_Mage+Paladin,Hunter+Priest,Mage+Paladin,35,team2,kill,74.77
Hunter+Priest_vs_Mage+Paladin,Hunter+Priest,Mage+Paladin,36,team2,kill,50.15
Hunter+Priest_vs_Mage+Paladin,Hunter+Priest,Mage+Paladin,37,team2,kill,50.20
Hunter+Priest_vs_Mage+Paladin,Hunter+Priest,Mage+Paladin,38,team2,kill,65.03
Hunter+Priest_vs_Mage+Paladin,Hunter+Priest,Mage+Paladin,39,team2,kill,54.70
Hunter+Priest_vs_Mage+Paladin,Hunter+Priest,Mage+Paladin,40,team2,kill,66.10
Hunter+Priest_vs_Mage+Paladin,Hunter+Priest,Mage+Paladin,41,team2,kill,66.90
Hunter+Priest_vs_Mage+Paladin,Hunter+Priest,Mage+Paladin,42,team2,kill,55.45
Hunter+Priest_vs_Mage+Paladin,Hunter+Priest,Mage+Paladin,43,team2,kill,74.73
Hunter+Priest_vs_Mage+Paladin,Hunter+Priest,Mage+Paladin,44,team2,kill,40.98
Hunter+Priest_vs_Mage+Paladin,Hunter+Priest,Mage+Paladin,45,team2,kill,63.97
Hunter+Priest_vs_Mage+Paladin,Hunter+Priest,Mage+Paladin,46,team2,kill,71.73
Hunter+Priest_vs_Mage+Paladin,Hunter+Priest,Mage+Paladin,47,team2,kill,40.97
Hunter+Priest_vs_Mage+Paladin,Hunter+Priest,Mage+Paladin,48,team2,kill,61.35
Hunter+Priest_vs_Mage+Paladin,Hunter+Priest,Mage+Paladin,49,team2,kill,62.73
Hunter+Priest_vs_Mage+Paladin,Hunter+Priest,Mage+Paladin,50,team2,kill,74.73
Hunter+Priest_vs_Mage+Paladin,Hunter+Priest,Mage+Paladin,51,team2,kill,54.65
Hunter+Priest_vs_Mage+Paladin,Hunter+Priest,Mage+Paladin,52,team2,kill,67.70
Hunter+Priest_vs_Mage+Paladin,Hunter+Priest,Mage+Paladin,53,team2,kill,72.17
Hunter+Priest_vs_Mage+Paladin,Hunter+Priest,Mage+Paladin,54,team2,kill,65.00
Hunter+Priest_vs_Mage+Paladin,Hunter+Priest,Mage+Paladin,55,team2,kill,75.17
Hunter+Priest_vs_Mage+Paladin,Hunter+Priest,Mage+Paladin,56,team2,kill,74.82
Hunter+Priest_vs_Mage+Paladin,Hunter+Priest,Mage+Paladin,57,team2,kill,72.50
Hunter+Priest_vs_Mage+Paladin,Hunter+Priest,Mage+Paladin,58,team2,kill,54.90
Hunter+Priest_vs_Mage+Paladin,Hunter+Priest,Mage+Paladin,59,team2,kill,62.53
Hunter+Priest_vs_Mage+Paladin,Hunter+Priest,Mage+Paladin,60,team2,kill,42.27
Hunter+Priest_vs_Mage+Paladin,Hunter+Priest,Mage+Paladin,61,team2,kill,54.93
Hunter+Priest_vs_Mage+Paladin,Hunter+Priest,Mage+Paladin,62,team2,kill,64.80
Hunter+Priest_vs_Mage+Paladin,Hunter+Priest,Mage+Paladin,63,team2,kill,62.85
Hunter+Priest_vs_Mage+Paladin,Hunter+Priest,Mage+Paladin,64,team2,kill,54.70
Hunter+Priest_vs_Mage+Paladin,Hunter+Priest,Mage+Paladin,65,team2,kill,55.37
Hunter+Priest_vs_Mage+Paladin,Hunter+Priest,Mage+Paladin,66,team2,kill,60.78
Hunter+Priest_vs_Mage+Paladin,Hunter+Priest,Mage+Paladin,67,team2,kill,49.32
Hunter+Priest_vs_Mage+Paladin,Hunter+Priest,Mage+Paladin,68,team2,kill,74.73
Hunter+Priest_vs_Mage+Paladin,Hunter+Priest,Mage+Paladin,69,team2,kill,65.12
Hunter+Priest_vs_Mage+Paladin,Hunter+Priest,Mage+Paladin,70,team2,kill,94.89
Hunter+Priest_vs_Mage+Paladin,Hunter+Priest,Mage+Paladin,71,team2,kill,54.82
Hunter+Priest_vs_Mage+Paladin,Hunter+Priest,Mage+Paladin,72,team2,kill,64.98
Hunter+Priest_vs_Mage+Paladin,Hunter+Priest,Mage+Paladin,73,team2,kill,52.25
Hunter+Priest_vs_Mage+Paladin,Hunter+Priest,Mage+Paladin,74,team2,kill,66.43
Hunter+Priest_vs_Mage+Paladin,Hunter+Priest,Mage+Paladin,75,team2,kill,85.97
Hunter+Priest_vs_Mage+Paladin,Hunter+Priest,Mage+Paladin,76,team2,kill,44.65
Hunter+Priest_vs_Mage+Paladin,Hunter+Priest,Mage+Paladin,77,team2,kill,64.82
Hunter+Priest_vs_Mage+Paladin,Hunter+Priest,Mage+Paladin,78,team2,kill,61.70
Hunter+Priest_vs_Mage+Paladin,Hunter+Priest,Mage+Paladin,79,team2,kill,41.92
Hunter+Priest_vs_Mage+Paladin,Hunter+Priest,Mage+Paladin,80,team2,kill,55.48
Hunter+Priest_vs_Mage+Paladin,Hunter+Priest,Mage+Paladin,81,team2,kill,48.70
Hunter+Priest_vs_Mage+Paladin,Hunter+Priest,Mage+Paladin,82,team2,kill,37.70
Hunter+Priest_vs_Mage+Paladin,Hunter+Priest,Mage+Paladin,83,team2,kill,37.85
Hunter+Priest_vs_Mage+Paladin,Hunter+Priest,Mage+Paladin,84,team2,kill,62.53
Hunter+Priest_vs_Mage+Paladin,Hunter+Priest,Mage+Paladin,85,team2,kill,91.81
Hunter+Priest_vs_Mage+Paladin,Hunter+Priest,Mage+Paladin,86,team2,kill,62.63
Hunter+Priest_vs_Mage+Paladin,Hunter+Priest,Mage+Paladin,87,team2,kill,66.27
Hunter+Priest_vs_Mage+Paladin,Hunter+Priest,Mage+Paladin,88,team2,kill,49.82
Hunter+Priest_vs_Mage+Paladin,Hunter+Priest,Mage+Paladin,89,team2,kill,75.17
Hunter+Priest_vs_Mage+Paladin,Hunter+Priest,Mage+Paladin,90,team2,kill,37.85
Hunter+Priest_vs_Mage+Paladin,Hunter+Priest,Mage+Paladin,91,team2,kill,63.95
Hunter+Priest_vs_Mage+Paladin,Hunter+Priest,Mage+Paladin,92,team2,kill,63.28
Hunter+Priest_vs_Mage+Paladin,Hunter+Priest,Mage+Paladin,93,team2,kill,38.13
Hunter+Priest_vs_Mage+Paladin,Hunter+Priest,Mage+Paladin,94,team2,kill,54.78
Hunter+Priest_vs_Mage+Paladin,Hunter+Priest,Mage+Paladin,95,team2,kill,57.63
Hunter+Priest_vs_Mage+Paladin,Hunter+Priest,Mage+Paladin,96,team2,kill,40.13
Hunter+Priest_vs_Mage+Paladin,Hunter+Priest,Mage+Paladin,97,team2,kill,94.49
Hunter+Priest_vs_Mage+Paladin,Hunter+Priest,Mage+Paladin,98,team2,kill,63.75
Hunter+Priest_vs_Mage+Paladin,Hunter+Priest,Mage+Paladin,99,team2,kill,57.25
Hunter+Priest_vs_Mage+Hunter,Hunter+Priest,Mage+Hunter,0,team2,kill,26.20
Hunter+Priest_vs_Mage+Hunter,Hunter+Priest,Mage+Hunter,1,team1,kill,23.55
Hunter+Priest_vs_Mage+Hunter,Hunter+Priest,Mage+Hunter,2,team2,kill,26.68
Hunter+Priest_vs_Mage+Hunter,Hunter+Priest,Mage+Hunter,3,team1,kill,26.08
Hunter+Priest_vs_Mage+Hunter,Hunter+Priest,Mage+Hunter,4,team2,kill,25.68
Hunter+Priest_vs_Mage+Hunter,Hunter+Priest,Mage+Hunter,5,team2,kill,25.83
Hunter+Priest_vs_Mage+Hunter,Hunter+Priest,Mage+Hunter,6,team1,kill,22.92
Hunter+Priest_vs_Mage+Hunter,Hunter+Priest,Mage+Hunter,7,team1,kill,28.63
Hunter+Priest_vs_Mage+Hunter,Hunter+Priest,Mage+Hunter,8,team2,kill,18.95
Hunter+Priest_vs_Mage+Hunter,Hunter+Priest,Mage+Hunter,9,team1,kill,27.53
Hunter+Priest_vs_Mage+Hunter,Hunter+Priest,Mage+Hunter,10,team1,kill,24.28
Hunter+Priest_vs_Mage+Hunter,Hunter+Priest,Mage+Hunter,11,team2,kill,26.03
Hunter+Priest_vs_Mage+Hunter,Hunter+Priest,Mage+Hunter,12,team1,kill,27.85
Hunter+Priest_vs_Mage+Hunter,Hunter+Priest,Mage+Hunter,13,team2,kill,22.18
Hunter+Priest_vs_Mage+Hunter,Hunter+Priest,Mage+Hunter,14,team1,kill,29.23
Hunter+Priest_vs_Mage+Hunter,Hunter+Priest,Mage+Hunter,15,team1,kill,25.98
Hunter+Priest_vs_Mage+Hunter,Hunter+Priest,Mage+Hunter,16,team2,kill,26.20
Hunter+Priest_vs_Mage+Hunter,Hunter+Priest,Mage+Hunter,17,team2,kill,18.95
Hunter+Priest_vs_Mage+Hunter,Hunter+Priest,Mage+Hunter,18,team1,kill,30.97
Hunter+Priest_vs_Mage+Hunter,Hunter+Priest,Mage+Hunter,19,team1,kill,26.08
Hunter+Priest_vs_Mage+Hunter,Hunter+Priest,Mage+Hunter,20,team1,kill,24.93
Hunter+Priest_vs_Mage+Hunter,Hunter+Priest,Mage+Hunter,21,team1,kill,24.20
Hunter+Priest_vs_Mage+Hunter,Hunter+Priest,Mage+Hunter,22,team1,kill,27.53
Hunter+Priest_vs_Mage+Hunter,Hunter+Priest,Mage+Hunter,23,team2,kill,25.75
Hunter+Priest_vs_Mage+Hunter,Hunter+Priest,Mage+Hunter,24,team1,kill,24.93
Hunter+Priest_vs_Mage+Hunter,Hunter+Priest,Mage+Hunter,25,team2,kill,20.50
Hunter+Priest_vs_Mage+Hunter,Hunter+Priest,Mage+Hunter,26,team2,kill,22.37
Hunter+Priest_vs_Mage+Hunter,Hunter+Priest,Mage+Hunter,27,team2,kill,17.15
Hunter+Priest_vs_Mage+Hunter,Hunter+Priest,Mage+Hunter,28,team1,kill,28.62
Hunter+Priest_vs_Mage+Hunter,Hunter+Priest,Mage+Hunter,29,team2,kill,26.20
Hunter+Priest_vs_Mage+Hunter,Hunter+Priest,Mage+Hunter,30,team1,kill,26.08
Hunter+Priest_vs_Mage+Hunter,Hunter+Priest,Mage+Hunter,31,team1,kill,26.27
Hunter+Priest_vs_Mage+Hunter,Hunter+Priest,Mage+Hunter,32,team1,kill,25.05
Hunter+Priest_vs_Mage+Hunter,Hunter+Priest,Mage+Hunter,33,team1,kill,23.37
Hunter+Priest_vs_Mage+Hunter,Hunter+Priest,Mage+Hunter,34,team1,kill,29.23
Hunter+Priest_vs_Mage+Hunter,Hunter+Priest,Mage+Hunter,35,team1,kill,24.93
Hunter+Priest_vs_Mage+Hunter,Hunter+Priest,Mage+Hunter,36,team2,kill,18.95
Hunter+Priest_vs_Mage+Hunter,Hunter+Priest,Mage+Hunter,37,team2,kill,30.18
Hunter+Priest_vs_Mage+Hunter,Hunter+Priest,Mage+Hunter,38,team1,kill,24.98
Hunter+Priest_vs_Mage+Hunter,Hunter+Priest,Mage+Hunter,39,team2,kill,24.70
Hunter+Priest_vs_Mage+Hunter,Hunter+Priest,Mage+Hunter,40,team2,kill,26.20
Hunter+Priest_vs_Mage+Hunter,Hunter+Priest,Mage+Hunter,41,team2,kill,26.03
Hunter+Priest_vs_Mage+Hunter,Hunter+Priest,Mage+Hunter,42,team2,kill,26.20
Hunter+Priest_vs_Mage+Hunter,Hunter+Priest,Mage+Hunter,43,team1,kill,25.98
Hunter+Priest_vs_Mage+Hunter,Hunter+Priest,Mage+Hunter,44,team1,kill,24.20
Hunter+Priest_vs_Mage+Hunter,Hunter+Priest,Mage+Hunter,45,team1,kill,24.90
Hunter+Priest_vs_Mage+Hunter,Hunter+Priest,Mage+Hunter,46,team1,kill,29.23
Hunter+Priest_vs_Mage+Hunter,Hunter+Priest,Mage+Hunter,47,team1,kill,27.53
Hunter+Priest_vs_Mage+Hunter,Hunter+Priest,Mage+Hunter,48,team1,kill,26.10
Hunter+Priest_vs_Mage+Hunter,Hunter+Priest,Mage+Hunter,49,team1,kill,24.93
Hunter+Priest_vs_Mage+Hunter,Hunter+Priest,Mage+Hunter,50,team1,kill,25.08
Hunter+Priest_vs_Mage+Hunter,Hunter+Priest,Mage+Hunter,51,team2,kill,25.75
Hunter+Priest_vs_Mage+Hunter,Hunter+Priest,Mage+Hunter,52,team1,kill,31.85
Hunter+Priest_vs_Mage+Hunter,Hunter+Priest,Mage+Hunter,53,team1,kill,30.98
Hunter+Priest_vs_Mage+Hunter,Hunter+Priest,Mage+Hunter,54,team2,kill,18.53
Hunter+Priest_vs_Mage+Hunter,Hunter+Priest,Mage+Hunter,55,team1,kill,27.83
Hunter+Priest_vs_Mage+Hunter,Hunter+Priest,Mage+Hunter,56,team1,kill,26.08
Hunter+Priest_vs_Mage+Hunter,Hunter+Priest,Mage+Hunter,57,team2,kill,27.17
Hunter+Priest_vs_Mage+Hunter,Hunter+Priest,Mage+Hunter,58,team2,kill,26.23
Hunter+Priest_vs_Mage+Hunter,Hunter+Priest,Mage+Hunter,59,team1,kill,27.05
Hunter+Priest_vs_Mage+Hunter,Hunter+Priest,Mage+Hunter,60,team1,kill,23.08
Hunter+Priest_vs_Mage+Hunter,Hunter+Priest,Mage+Hunter,61,team1,kill,28.63
Hunter+Priest_vs_Mage+Hunter,Hunter+Priest,Mage+Hunter,62,team1,kill,25.78
Hunter+Priest_vs_Mage+Hunter,Hunter+Priest,Mage+Hunter,63,team2,kill,21.83
Hunter+Priest_vs_Mage+Hunter,Hunter+Priest,Mage+Hunter,64,team2,kill,25.23
Hunter+Priest_vs_Mage+Hunter,Hunter+Priest,Mage+Hunter,65,team1,kill,30.18
Hunter+Priest_vs_Mage+Hunter,Hunter+Priest,Mage+Hunter,66,team1,kill,26.08
Hunter+Priest_vs_Mage+Hunter,Hunter+Priest,Mage+Hunter,67,team1,kill,27.08
Hunter+Priest_vs_Mage+Hunter,Hunter+Priest,Mage+Hunter,68,team1,kill,24.93
Hunter+Priest_vs_Mage+Hunter,Hunter+Priest,Mage+Hunter,69,team1,kill,24.92
Hunter+Priest_vs_Mage+Hunter,Hunter+Priest,Mage+Hunter,70,team1,kill,25.50
Hunter+Priest_vs_Mage+Hunter,Hunter+Priest,Mage+Hunter,71,team1,kill,21.62
Hunter+Priest_vs_Mage+Hunter,Hunter+Priest,Mage+Hunter,72,team1,kill,24.82
Hunter+Priest_vs_Mage+Hunter,Hunter+Priest,Mage+Hunter,73,team1,kill,24.92
Hunter+Priest_vs_Mage+Hunter,Hunter+Priest,Mage+Hunter,74,team1,kill,29.50
Hunter+Priest_vs_Mage+Hunter,Hunter+Priest,Mage+Hunter,75,team2,kill,24.60
Hunter+Priest_vs_Mage+Hunter,Hunter+Priest,Mage+Hunter,76,team2,kill,45.67
Hunter+Priest_vs_Mage+Hunter,Hunter+Priest,Mage+Hunter,77,team2,kill,25.60
Hunter+Priest_vs_Mage+Hunter,Hunter+Priest,Mage+Hunter,78,team1,kill,26.72
Hunter+Priest_vs_Mage+Hunter,Hunter+Priest,Mage+Hunter,79,team2,kill,25.67
Hunter+Priest_vs_Mage+Hunter,Hunter+Priest,Mage+Hunter,80,team1,kill,24.20
Hunter+Priest_vs_Mage+Hunter,Hunter+Priest,Mage+Hunter,81,team1,kill,24.93
Hunter+Priest_vs_Mage+Hunter,Hunter+Priest,Mage+Hunter,82,team1,kill,24.20
Hunter+Priest_vs_Mage+Hunter,Hunter+Priest,Mage+Hunter,83,team1,kill,27.35
Hunter+Priest_vs_Mage+Hunter,Hunter+Priest,Mage+Hunter,84,team1,kill,27.53
Hunter+Priest_vs_Mage+Hunter,Hunter+Priest,Mage+Hunter,85,team1,kill,30.18
Hunter+Priest_vs_Mage+Hunter,Hunter+Priest,Mage+Hunter,86,team1,kill,24.20
Hunter+Priest_vs_Mage+Hunter,Hunter+Priest,Mage+Hunter,87,team1,kill,26.08
Hunter+Priest_vs_Mage+Hunter,Hunter+Priest,Mage+Hunter,88,team1,kill,24.92
Hunter+Priest_vs_Mage+Hunter,Hunter+Priest,Mage+Hunter,89,team1,kill,24.72
Hunter+Priest_vs_Mage+Hunter,Hunter+Priest,Mage+Hunter,90,team1,kill,23.47
Hunter+Priest_vs_Mage+Hunter,Hunter+Priest,Mage+Hunter,91,team1,kill,24.93
Hunter+Priest_vs_Mage+Hunter,Hunter+Priest,Mage+Hunter,92,team1,kill,25.02
Hunter+Priest_vs_Mage+Hunter,Hunter+Priest,Mage+Hunter,93,team1,kill,24.20
Hunter+Priest_vs_Mage+Hunter,Hunter+Priest,Mage+Hunter,94,team1,kill,25.98
Hunter+Priest_vs_Mage+Hunter,Hunter+Priest,Mage+Hunter,95,team1,kill,27.35
Hunter+Priest_vs_Mage+Hunter,Hunter+Priest,Mage+Hunter,96,team1,kill,25.98
Hunter+Priest_vs_Mage+Hunter,Hunter+Priest,Mage+Hunter,97,team1,kill,23.55
Hunter+Priest_vs_Mage+Hunter,Hunter+Priest,Mage+Hunter,98,team1,kill,28.62
Hunter+Priest_vs_Mage+Hunter,Hunter+Priest,Mage+Hunter,99,team1,kill,26.08
Hunter+Priest_vs_Mage+Shaman,Hunter+Priest,Mage+Shaman,0,team2,kill,28.53
Hunter+Priest_vs_Mage+Shaman,Hunter+Priest,Mage+Shaman,1,team2,kill,26.38
Hunter+Priest_vs_Mage+Shaman,Hunter+Priest,Mage+Shaman,2,team2,kill,29.83
Hunter+Priest_vs_Mage+Shaman,Hunter+Priest,Mage+Shaman,3,team2,kill,28.78
Hunter+Priest_vs_Mage+Shaman,Hunter+Priest,Mage+Shaman,4,team2,kill,30.33
Hunter+Priest_vs_Mage+Shaman,Hunter+Priest,Mage+Shaman,5,team2,kill,29.83
Hunter+Priest_vs_Mage+Shaman,Hunter+Priest,Mage+Shaman,6,team2,kill,28.78
Hunter+Priest_vs_Mage+Shaman,Hunter+Priest,Mage+Shaman,7,team2,kill,30.45
Hunter+Priest_vs_Mage+Shaman,Hunter+Priest,Mage+Shaman,8,team2,kill,28.35
Hunter+Priest_vs_Mage+Shaman,Hunter+Priest,Mage+Shaman,9,team2,kill,29.98
Hunter+Priest_vs_Mage+Shaman,Hunter+Priest,Mage+Shaman,10,team2,kill,30.38
Hunter+Priest_vs_Mage+Shaman,Hunter+Priest,Mage+Shaman,11,team2,kill,28.78
Hunter+Priest_vs_Mage+Shaman,Hunter+Priest,Mage+Shaman,12,team2,kill,30.23
Hunter+Priest_vs_Mage+Shaman,Hunter+Priest,Mage+Shaman,13,team2,kill,27.10
Hunter+Priest_vs_Mage+Shaman,Hunter+Priest,Mage+Shaman,14,team2,kill,28.98
Hunter+Priest_vs_Mage+Shaman,Hunter+Priest,Mage+Shaman,15,team2,kill,27.10
Hunter+Priest_vs_Mage+Shaman,Hunter+Priest,Mage+Shaman,16,team2,kill,28.63
Hunter+Priest_vs_Mage+Shaman,Hunter+Priest,Mage+Shaman,17,team2,kill,23.98
Hunter+Priest_vs_Mage+Shaman,Hunter+Priest,Mage+Shaman,18,team2,kill,26.45
Hunter+Priest_vs_Mage+Shaman,Hunter+Priest,Mage+Shaman,19,team2,kill,28.55
Hunter+Priest_vs_Mage+Shaman,Hunter+Priest,Mage+Shaman,20,team2,kill,31.20
Hunter+Priest_vs_Mage+Shaman,Hunter+Priest,Mage+Shaman,21,team2,kill,31.28
Hunter+Priest_vs_Mage+Shaman,Hunter+Priest,Mage+Shaman,22,team2,kill,27.10
Hunter+Priest_vs_Mage+Shaman,Hunter+Priest,Mage+Shaman,23,team2,kill,28.40
Hunter+Priest_vs_Mage+Shaman,Hunter+Priest,Mage+Shaman,24,team2,kill,29.40
Hunter+Priest_vs_Mage+Shaman,Hunter+Priest,Mage+Shaman,25,team2,kill,29.22
Hunter+Priest_vs_Mage+Shaman,Hunter+Priest,Mage+Shaman,26,team2,kill,19.08
Hunter+Priest_vs_Mage+Shaman,Hunter+Priest,Mage+Shaman,27,team2,kill,28.57
Hunter+Priest_vs_Mage+Shaman,Hunter+Priest,Mage+Shaman,28,team2,kill,21.80
Hunter+Priest_vs_Mage+Shaman,Hunter+Priest,Mage+Shaman,29,team2,kill,30.13
Hunter+Priest_vs_Mage+Shaman,Hunter+Priest,Mage+Shaman,30,team2,kill,28.62
Hunter+Priest_vs_Mage+Shaman,Hunter+Priest,Mage+Shaman,31,team2,kill,25.78
Hunter+Priest_vs_Mage+Shaman,Hunter+Priest,Mage+Shaman,32,team2,kill,31.32
Hunter+Priest_vs_Mage+Shaman,Hunter+Priest,Mage+Shaman,33,team2,kill,28.57
Hunter+Priest_vs_Mage+Shaman,Hunter+Priest,Mage+Shaman,34,team2,kill,30.13
Hunter+Priest_vs_Mage+Shaman,Hunter+Priest,Mage+Shaman,35,team2,kill,29.00
Hunter+Priest_vs_Mage+Shaman,Hunter+Priest,Mage+Shaman,36,team2,kill,29.83
Hunter+Priest_vs_Mage+Shaman,Hunter+Priest,Mage+Shaman,37,team2,kill,29.48
Hunter+Priest_vs_Mage+Shaman,Hunter+Priest,Mage+Shaman,38,team2,kill,28.35
Hunter+Priest_vs_Mage+Shaman,Hunter+Priest,Mage+Shaman,39,team2,kill,29.25
Hunter+Priest_vs_Mage+Shaman,Hunter+Priest,Mage+Shaman,40,team2,kill,28.83
Hunter+Priest_vs_Mage+Shaman,Hunter+Priest,Mage+Shaman,41,team2,kill,29.83
Hunter+Priest_vs_Mage+Shaman,Hunter+Priest,Mage+Shaman,42,team2,kill,30.42
Hunter+Priest_vs_Mage+Shaman,Hunter+Priest,Mage+Shaman,43,team2,kill,30.28
Hunter+Priest_vs_Mage+Shaman,Hunter+Priest,Mage+Shaman,44,team2,kill,30.82
Hunter+Priest_vs_Mage+Shaman,Hunter+Priest,Mage+Shaman,45,team2,kill,20.70
Hunter+Priest_vs_Mage+Shaman,Hunter+Priest,Mage+Shaman,46,team2,kill,28.63
Hunter+Priest_vs_Mage+Shaman,Hunter+Priest,Mage+Shaman,47,team2,kill,29.00
Hunter+Priest_vs_Mage+Shaman,Hunter+Priest,Mage+Shaman,48,team2,kill,31.28
Hunter+Priest_vs_Mage+Shaman,Hunter+Priest,Mage+Shaman,49,team2,kill,28.62
Hunter+Priest_vs_Mage+Shaman,Hunter+Priest,Mage+Shaman,50,team2,kill,28.78
Hunter+Priest_vs_Mage+Shaman,Hunter+Priest,Mage+Shaman,51,team2,kill,30.33
Hunter+Priest_vs_Mage+Shaman,Hunter+Priest,Mage+Shaman,52,team2,kill,30.10
Hunter+Priest_vs_Mage+Shaman,Hunter+Priest,Mage+Shaman,53,team2,kill,29.37
Hunter+Priest_vs_Mage+Shaman,Hunter+Priest,Mage+Shaman,54,team2,kill,30.33
Hunter+Priest_vs_Mage+Shaman,Hunter+Priest,Mage+Shaman,55,team2,kill,31.28
Hunter+Priest_vs_Mage+Shaman,Hunter+Priest,Mage+Shaman,56,team2,kill,26.15
Hunter+Priest_vs_Mage+Shaman,Hunter+Priest,Mage+Shaman,57,team2,kill,30.73
Hunter+Priest_vs_Mage+Shaman,Hunter+Priest,Mage+Shaman,58,team2,kill,25.33
Hunter+Priest_vs_Mage+Shaman,Hunter+Priest,Mage+Shaman,59,team2,kill,29.77
Hunter+Priest_vs_Mage+Shaman,Hunter+Priest,Mage+Shaman,60,team2,kill,29.27
Hunter+Priest_vs_Mage+Shaman,Hunter+Priest,Mage+Shaman,61,team2,kill,29.37
Hunter+Priest_vs_Mage+Shaman,Hunter+Priest,Mage+Shaman,62,team2,kill,29.83
Hunter+Priest_vs_Mage+Shaman,Hunter+Priest,Mage+Shaman,63,team2,kill,26.55
Hunter+Priest_vs_Mage+Shaman,Hunter+Priest,Mage+Shaman,64,team2,kill,29.95
Hunter+Priest_vs_Mage+Shaman,Hunter+Priest,Mage+Shaman,65,team2,kill,32.03
Hunter+Priest_vs_Mage+Shaman,Hunter+Priest,Mage+Shaman,66,team2,kill,28.75
Hunter+Priest_vs_Mage+Shaman,Hunter+Priest,Mage+Shaman,67,team2,kill,29.00
Hunter+Priest_vs_Mage+Shaman,Hunter+Priest,Mage+Shaman,68,team2,kill,30.40
Hunter+Priest_vs_Mage+Shaman,Hunter+Priest,Mage+Shaman,69,team2,kill,28.62
Hunter+Priest_vs_Mage+Shaman,Hunter+Priest,Mage+Shaman,70,team2,kill,28.35
Hunter+Priest_vs_Mage+Shaman,Hunter+Priest,Mage+Shaman,71,team2,kill,27.10
Hunter+Priest_vs_Mage+Shaman,Hunter+Priest,Mage+Shaman,72,team2,kill,28.70
Hunter+Priest_vs_Mage+Shaman,Hunter+Priest,Mage+Shaman,73,team2,kill,29.83
Hunter+Priest_vs_Mage+Shaman,Hunter+Priest,Mage+Shaman,74,team2,kill,30.73
Hunter+Priest_vs_Mage+Shaman,Hunter+Priest,Mage+Shaman,75,team2,kill,31.28
Hunter+Priest_vs_Mage+Shaman,Hunter+Priest,Mage+Shaman,76,team2,kill,30.73
Hunter+Priest_vs_Mage+Shaman,Hunter+Priest,Mage+Shaman,77,team2,kill,29.67
Hunter+Priest_vs_Mage+Shaman,Hunter+Priest,Mage+Shaman,78,team2,kill,29.83
Hunter+Priest_vs_Mage+Shaman,Hunter+Priest,Mage+Shaman,79,team2,kill,17.78
Hunter+Priest_vs_Mage+Shaman,Hunter+Priest,Mage+Shaman,80,team2,kill,27.35
Hunter+Priest_vs_Mage+Shaman,Hunter+Priest,Mage+Shaman,81,team2,kill,29.17
Hunter+Priest_vs_Mage+Shaman,Hunter+Priest,Mage+Shaman,82,team2,kill,28.78
Hunter+Priest_vs_Mage+Shaman,Hunter+Priest,Mage+Shaman,83,team2,kill,20.15
Hunter+Priest_vs_Mage+Shaman,Hunter+Priest,Mage+Shaman,84,team2,kill,29.23
Hunter+Priest_vs_Mage+Shaman,Hunter+Priest,Mage+Shaman,85,team2,kill,17.87
Hunter+Priest_vs_Mage+Shaman,Hunter+Priest,Mage+Shaman,86,team2,kill,28.98
Hunter+Priest_vs_Mage+Shaman,Hunter+Priest,Mage+Shaman,87,team2,kill,31.25
Hunter+Priest_vs_Mage+Shaman,Hunter+Priest,Mage+Shaman,88,team2,kill,22.28
Hunter+Priest_vs_Mage+Shaman,Hunter+Priest,Mage+Shaman,89,team2,kill,26.50
Hunter+Priest_vs_Mage+Shaman,Hunter+Priest,Mage+Shaman,90,team2,kill,30.13
Hunter+Priest_vs_Mage+Shaman,Hunter+Priest,Mage+Shaman,91,team2,kill,31.48
Hunter+Priest_vs_Mage+Shaman,Hunter+Priest,Mage+Shaman,92,team2,kill,31.25
Hunter+Priest_vs_Mage+Shaman,Hunter+Priest,Mage+Shaman,93,team2,kill,19.08
Hunter+Priest_vs_Mage+Shaman,Hunter+Priest,Mage+Shaman,94,team2,kill,28.13
Hunter+Priest_vs_Mage+Shaman,Hunter+Priest,Mage+Shaman,95,team2,kill,26.83
Hunter+Priest_vs_Mage+Shaman,Hunter+Priest,Mage+Shaman,96,team2,kill,29.02
Hunter+Priest_vs_Mage+Shaman,Hunter+Priest,Mage+Shaman,97,team2,kill,29.10
Hunter+Priest_vs_Mage+Shaman,Hunter+Priest,Mage+Shaman,98,team2,kill,20.70
Hunter+Priest_vs_Mage+Shaman,Hunter+Priest,Mage+Shaman,99,team2,kill,28.70
Hunter+Priest_vs_Rogue+Priest,Hunter+Priest,Rogue+Priest,0,team2,kill,48.05
Hunter+Priest_vs_Rogue+Priest,Hunter+Priest,Rogue+Priest,1,team2,kill,65.87
Hunter+Priest_vs_Rogue+Priest,Hunter+Priest,Rogue+Priest,2,team2,kill,69.07
Hunter+Priest_vs_Rogue+Priest,Hunter+Priest,Rogue+Priest,3,team2,kill,46.57
Hunter+Priest_vs_Rogue+Priest,Hunter+Priest,Rogue+Priest,4,team2,kill,53.32
Hunter+Priest_vs_Rogue+Priest,Hunter+Priest,Rogue+Priest,5,team2,kill,67.57
Hunter+Priest_vs_Rogue+Priest,Hunter+Priest,Rogue+Priest,6,team2,kill,66.12
Hunter+Priest_vs_Rogue+Priest,Hunter+Priest,Rogue+Priest,7,team2,kill,67.65
Hunter+Priest_vs_Rogue+Priest,Hunter+Priest,Rogue+Priest,8,team1,kill,67.43
Hunter+Priest_vs_Rogue+Priest,Hunter+Priest,Rogue+Priest,9,team2,kill,69.13
Hunter+Priest_vs_Rogue+Priest,Hunter+Priest,Rogue+Priest,10,team2,kill,66.45
Hunter+Priest_vs_Rogue+Priest,Hunter+Priest,Rogue+Priest,11,team2,kill,52.02
Hunter+Priest_vs_Rogue+Priest,Hunter+Priest,Rogue+Priest,12,team2,kill,49.75
Hunter+Priest_vs_Rogue+Priest,Hunter+Priest,Rogue+Priest,13,team2,kill,68.40
Hunter+Priest_vs_Rogue+Priest,Hunter+Priest,Rogue+Priest,14,team2,kill,63.77
Hunter+Priest_vs_Rogue+Priest,Hunter+Priest,Rogue+Priest,15,team2,kill,68.17
Hunter+Priest_vs_Rogue+Priest,Hunter+Priest,Rogue+Priest,16,team2,kill,69.03
Hunter+Priest_vs_Rogue+Priest,Hunter+Priest,Rogue+Priest,17,team2,kill,60.85
Hunter+Priest_vs_Rogue+Priest,Hunter+Priest,Rogue+Priest,18,team2,kill,69.10
Hunter+Priest_vs_Rogue+Priest,Hunter+Priest,Rogue+Priest,19,team2,kill,67.05
Hunter+Priest_vs_Rogue+Priest,Hunter+Priest,Rogue+Priest,20,team2,kill,67.28
Hunter+Priest_vs_Rogue+Priest,Hunter+Priest,Rogue+Priest,21,team2,kill,68.17
Hunter+Priest_vs_Rogue+Priest,Hunter+Priest,Rogue+Priest,22,team2,kill,60.92
Hunter+Priest_vs_Rogue+Priest,Hunter+Priest,Rogue+Priest,23,team2,kill,64.77
Hunter+Priest_vs_Rogue+Priest,Hunter+Priest,Rogue+Priest,24,team2,kill,52.07
Hunter+Priest_vs_Rogue+Priest,Hunter+Priest,Rogue+Priest,25,team2,kill,68.08
Hunter+Priest_vs_Rogue+Priest,Hunter+Priest,Rogue+Priest,26,team2,kill,68.50
Hunter+Priest_vs_Rogue+Priest,Hunter+Priest,Rogue+Priest,27,team2,kill,67.95
Hunter+Priest_vs_Rogue+Priest,Hunter+Priest,Rogue+Priest,28,team2,kill,45.35
Hunter+Priest_vs_Rogue+Priest,Hunter+Priest,Rogue+Priest,29,team2,kill,49.85
Hunter+Priest_vs_Rogue+Priest,Hunter+Priest,Rogue+Priest,30,team2,kill,63.93
Hunter+Priest_vs_Rogue+Priest,Hunter+Priest,Rogue+Priest,31,team2,kill,55.92
Hunter+Priest_vs_Rogue+Priest,Hunter+Priest,Rogue+Priest,32,team2,kill,66.12
Hunter+Priest_vs_Rogue+Priest,Hunter+Priest,Rogue+Priest,33,team2,kill,51.23
Hunter+Priest_vs_Rogue+Priest,Hunter+Priest,Rogue+Priest,34,team2,kill,62.58
Hunter+Priest_vs_Rogue+Priest,Hunter+Priest,Rogue+Priest,35,team2,kill,70.62
Hunter+Priest_vs_Rogue+Priest,Hunter+Priest,Rogue+Priest,36,team2,kill,70.80
Hunter+Priest_vs_Rogue+Priest,Hunter+Priest,Rogue+Priest,37,team2,kill,68.72
Hunter+Priest_vs_Rogue+Priest,Hunter+Priest,Rogue+Priest,38,team2,kill,67.85
Hunter+Priest_vs_Rogue+Priest,Hunter+Priest,Rogue+Priest,39,team2,kill,69.17
Hunter+Priest_vs_Rogue+Priest,Hunter+Priest,Rogue+Priest,40,team2,kill,66.05
Hunter+Priest_vs_Rogue+Priest,Hunter+Priest,Rogue+Priest,41,team2,kill,65.95
Hunter+Priest_vs_Rogue+Priest,Hunter+Priest,Rogue+Priest,42,team2,kill,69.07
Hunter+Priest_vs_Rogue+Priest,Hunter+Priest,Rogue+Priest,43,team2,kill,68.60
Hunter+Priest_vs_Rogue+Priest,Hunter+Priest,Rogue+Priest,44,team2,kill,67.88
Hunter+Priest_vs_Rogue+Priest,Hunter+Priest,Rogue+Priest,45,team2,kill,63.18
Hunter+Priest_vs_Rogue+Priest,Hunter+Priest,Rogue+Priest,46,team2,kill,67.68
Hunter+Priest_vs_Rogue+Priest,Hunter+Priest,Rogue+Priest,47,team2,kill,50.80
Hunter+Priest_vs_Rogue+Priest,Hunter+Priest,Rogue+Priest,48,team2,kill,67.83
Hunter+Priest_vs_Rogue+Priest,Hunter+Priest,Rogue+Priest,49,team2,kill,66.37
Hunter+Priest_vs_Rogue+Priest,Hunter+Priest,Rogue+Priest,50,team2,kill,70.05
Hunter+Priest_vs_Rogue+Priest,Hunter+Priest,Rogue+Priest,51,team2,kill,51.80
Hunter+Priest_vs_Rogue+Priest,Hunter+Priest,Rogue+Priest,52,team2,kill,51.80
Hunter+Priest_vs_Rogue+Priest,Hunter+Priest,Rogue+Priest,53,team2,kill,68.67
Hunter+Priest_vs_Rogue+Priest,Hunter+Priest,Rogue+Priest,54,team2,kill,65.97
Hunter+Priest_vs_Rogue+Priest,Hunter+Priest,Rogue+Priest,55,team1,kill,54.70
Hunter+Priest_vs_Rogue+Priest,Hunter+Priest,Rogue+Priest,56,team2,kill,58.85
Hunter+Priest_vs_Rogue+Priest,Hunter+Priest,Rogue+Priest,57,team2,kill,72.03
Hunter+Priest_vs_Rogue+Priest,Hunter+Priest,Rogue+Priest,58,team1,kill,83.02
Hunter+Priest_vs_Rogue+Priest,Hunter+Priest,Rogue+Priest,59,team2,kill,66.20
Hunter+Priest_vs_Rogue+Priest,Hunter+Priest,Rogue+Priest,60,team2,kill,71.70
Hunter+Priest_vs_Rogue+Priest,Hunter+Priest,Rogue+Priest,61,team2,kill,67.13
Hunter+Priest_vs_Rogue+Priest,Hunter+Priest,Rogue+Priest,62,team2,kill,58.90
Hunter+Priest_vs_Rogue+Priest,Hunter+Priest,Rogue+Priest,63,team2,kill,64.65
Hunter+Priest_vs_Rogue+Priest,Hunter+Priest,Rogue+Priest,64,team2,kill,68.85
Hunter+Priest_vs_Rogue+Priest,Hunter+Priest,Rogue+Priest,65,team2,kill,57.05
Hunter+Priest_vs_Rogue+Priest,Hunter+Priest,Rogue+Priest,66,team2,kill,52.40
Hunter+Priest_vs_Rogue+Priest,Hunter+Priest,Rogue+Priest,67,team2,kill,67.42
Hunter+Priest_vs_Rogue+Priest,Hunter+Priest,Rogue+Priest,68,team2,kill,51.93
Hunter+Priest_vs_Rogue+Priest,Hunter+Priest,Rogue+Priest,69,team2,kill,64.27
Hunter+Priest_vs_Rogue+Priest,Hunter+Priest,Rogue+Priest,70,team2,kill,46.55
Hunter+Priest_vs_Rogue+Priest,Hunter+Priest,Rogue+Priest,71,team1,kill,57.92
Hunter+Priest_vs_Rogue+Priest,Hunter+Priest,Rogue+Priest,72,team2,kill,71.98
Hunter+Priest_vs_Rogue+Priest,Hunter+Priest,Rogue+Priest,73,team2,kill,66.18
Hunter+Priest_vs_Rogue+Priest,Hunter+Priest,Rogue+Priest,74,team1,kill,70.45
Hunter+Priest_vs_Rogue+Priest,Hunter+Priest,Rogue+Priest,75,team2,kill,69.90
Hunter+Priest_vs_Rogue+Priest,Hunter+Priest,Rogue+Priest,76,team2,kill,65.35
Hunter+Priest_vs_Rogue+Priest,Hunter+Priest,Rogue+Priest,77,team2,kill,53.45
Hunter+Priest_vs_Rogue+Priest,Hunter+Priest,Rogue+Priest,78,team2,kill,68.57
Hunter+Priest_vs_Rogue+Priest,Hunter+Priest,Rogue+Priest,79,team2,kill,64.83
Hunter+Priest_vs_Rogue+Priest,Hunter+Priest,Rogue+Priest,80,team2,kill,57.80
Hunter+Priest_vs_Rogue+Priest,Hunter+Priest,Rogue+Priest,81,team2,kill,66.05
Hunter+Priest_vs_Rogue+Priest,Hunter+Priest,Rogue+Priest,82,team2,kill,50.05
Hunter+Priest_vs_Rogue+Priest,Hunter+Priest,Rogue+Priest,83,team2,kill,71.22
Hunter+Priest_vs_Rogue+Priest,Hunter+Priest,Rogue+Priest,84,team2,kill,65.32
Hunter+Priest_vs_Rogue+Priest,Hunter+Priest,Rogue+Priest,85,team2,kill,69.55
Hunter+Priest_vs_Rogue+Priest,Hunter+Priest,Rogue+Priest,86,team1,kill,64.22
Hunter+Priest_vs_Rogue+Priest,Hunter+Priest,Rogue+Priest,87,team2,kill,69.43
Hunter+Priest_vs_Rogue+Priest,Hunter+Priest,Rogue+Priest,88,team2,kill,67.08
Hunter+Priest_vs_Rogue+Priest,Hunter+Priest,Rogue+Priest,89,team2,kill,67.88
Hunter+Priest_vs_Rogue+Priest,Hunter+Priest,Rogue+Priest,90,team2,kill,70.02
Hunter+Priest_vs_Rogue+Priest,Hunter+Priest,Rogue+Priest,91,team2,kill,68.72
Hunter+Priest_vs_Rogue+Priest,Hunter+Priest,Rogue+Priest,92,team2,kill,68.35
Hunter+Priest_vs_Rogue+Priest,Hunter+Priest,Rogue+Priest,93,team2,kill,54.02
Hunter+Priest_vs_Rogue+Priest,Hunter+Priest,Rogue+Priest,94,team2,kill,69.48
Hunter+Priest_vs_Rogue+Priest,Hunter+Priest,Rogue+Priest,95,team2,kill,71.42
Hunter+Priest_vs_Rogue+Priest,Hunter+Priest,Rogue+Priest,96,team2,kill,78.72
Hunter+Priest_vs_Rogue+Priest,Hunter+Priest,Rogue+Priest,97,team2,kill,65.28
Hunter+Priest_vs_Rogue+Priest,Hunter+Priest,Rogue+Priest,98,team2,kill,58.30
Hunter+Priest_vs_Rogue+Priest,Hunter+Priest,Rogue+Priest,99,team2,kill,52.33
Hunter+Priest_vs_Rogue+Warlock,Hunter+Priest,Rogue+Warlock,0,team1,kill,39.17
Hunter+Priest_vs_Rogue+Warlock,Hunter+Priest,Rogue+Warlock,1,team1,kill,36.03
Hunter+Priest_vs_Rogue+Warlock,Hunter+Priest,Rogue+Warlock,2,team1,kill,38.12
Hunter+Priest_vs_Rogue+Warlock,Hunter+Priest,Rogue+Warlock,3,team1,kill,37.25
Hunter+Priest_vs_Rogue+Warlock,Hunter+Priest,Rogue+Warlock,4,team1,kill,35.72
Hunter+Priest_vs_Rogue+Warlock,Hunter+Priest,Rogue+Warlock,5,team1,kill,42.20
Hunter+Priest_vs_Rogue+Warlock,Hunter+Priest,Rogue+Warlock,6,team1,kill,35.80
Hunter+Priest_vs_Rogue+Warlock,Hunter+Priest,Rogue+Warlock,7,team1,kill,42.73
Hunter+Priest_vs_Rogue+Warlock,Hunter+Priest,Rogue+Warlock,8,team1,kill,40.43
Hunter+Priest_vs_Rogue+Warlock,Hunter+Priest,Rogue+Warlock,9,team1,kill,36.75
Hunter+Priest_vs_Rogue+Warlock,Hunter+Priest,Rogue+Warlock,10,team1,kill,39.17
Hunter+Priest_vs_Rogue+Warlock,Hunter+Priest,Rogue+Warlock,11,team1,kill,40.03
Hunter+Priest_vs_Rogue+Warlock,Hunter+Priest,Rogue+Warlock,12,team1,kill,37.50
Hunter+Priest_vs_Rogue+Warlock,Hunter+Priest,Rogue+Warlock,13,team1,kill,39.82
Hunter+Priest_vs_Rogue+Warlock,Hunter+Priest,Rogue+Warlock,14,team1,kill,40.05
Hunter+Priest_vs_Rogue+Warlock,Hunter+Priest,Rogue+Warlock,15,team1,kill,36.63
Hunter+Priest_vs_Rogue+Warlock,Hunter+Priest,Rogue+Warlock,16,team1,kill,36.75
Hunter+Priest_vs_Rogue+Warlock,Hunter+Priest,Rogue+Warlock,17,team1,kill,36.07
Hunter+Priest_vs_Rogue+Warlock,Hunter+Priest,Rogue+Warlock,18,team1,kill,36.53
Hunter+Priest_vs_Rogue+Warlock,Hunter+Priest,Rogue+Warlock,19,team1,kill,37.25
Hunter+Priest_vs_Rogue+Warlock,Hunter+Priest,Rogue+Warlock,20,team1,kill,38.93
Hunter+Priest_vs_Rogue+Warlock,Hunter+Priest,Rogue+Warlock,21,team1,kill,37.52
Hunter+Priest_vs_Rogue+Warlock,Hunter+Priest,Rogue+Warlock,22,team1,kill,37.90
Hunter+Priest_vs_Rogue+Warlock,Hunter+Priest,Rogue+Warlock,23,team1,kill,37.27
Hunter+Priest_vs_Rogue+Warlock,Hunter+Priest,Rogue+Warlock,24,team1,kill,36.17
Hunter+Priest_vs_Rogue+Warlock,Hunter+Priest,Rogue+Warlock,25,team1,kill,38.90
Hunter+Priest_vs_Rogue+Warlock,Hunter+Priest,Rogue+Warlock,26,team1,kill,48.33
Hunter+Priest_vs_Rogue+Warlock,Hunter+Priest,Rogue+Warlock,27,team1,kill,39.12
Hunter+Priest_vs_Rogue+Warlock,Hunter+Priest,Rogue+Warlock,28,team1,kill,39.08
Hunter+Priest_vs_Rogue+Warlock,Hunter+Priest,Rogue+Warlock,29,team1,kill,39.12
Hunter+Priest_vs_Rogue+Warlock,Hunter+Priest,Rogue+Warlock,30,team1,kill,38.93
Hunter+Priest_vs_Rogue+Warlock,Hunter+Priest,Rogue+Warlock,31,team1,kill,34.20
Hunter+Priest_vs_Rogue+Warlock,Hunter+Priest,Rogue+Warlock,32,team1,kill,37.43
Hunter+Priest_vs_Rogue+Warlock,Hunter+Priest,Rogue+Warlock,33,team2,kill,50.92
Hunter+Priest_vs_Rogue+Warlock,Hunter+Priest,Rogue+Warlock,34,team1,kill,42.97
Hunter+Priest_vs_Rogue+Warlock,Hunter+Priest,Rogue+Warlock,35,team1,kill,40.03
Hunter+Priest_vs_Rogue+Warlock,Hunter+Priest,Rogue+Warlock,36,team1,kill,38.70
Hunter+Priest_vs_Rogue+Warlock,Hunter+Priest,Rogue+Warlock,37,team1,kill,37.43
Hunter+Priest_vs_Rogue+Warlock,Hunter+Priest,Rogue+Warlock,38,team1,kill,40.02
Hunter+Priest_vs_Rogue+Warlock,Hunter+Priest,Rogue+Warlock,39,team1,kill,37.23
Hunter+Priest_vs_Rogue+Warlock,Hunter+Priest,Rogue+Warlock,40,team1,kill,37.52
Hunter+Priest_vs_Rogue+Warlock,Hunter+Priest,Rogue+Warlock,41,team2,kill,49.63
Hunter+Priest_vs_Rogue+Warlock,Hunter+Priest,Rogue+Warlock,42,team1,kill,38.23
Hunter+Priest_vs_Rogue+Warlock,Hunter+Priest,Rogue+Warlock,43,team1,kill,39.97
Hunter+Priest_vs_Rogue+Warlock,Hunter+Priest,Rogue+Warlock,44,team1,kill,37.25
Hunter+Priest_vs_Rogue+Warlock,Hunter+Priest,Rogue+Warlock,45,team1,kill,36.13
Hunter+Priest_vs_Rogue+Warlock,Hunter+Priest,Rogue+Warlock,46,team1,kill,33.45
Hunter+Priest_vs_Rogue+Warlock,Hunter+Priest,Rogue+Warlock,47,team1,kill,37.20
Hunter+Priest_vs_Rogue+Warlock,Hunter+Priest,Rogue+Warlock,48,team1,kill,37.58
Hunter+Priest_vs_Rogue+Warlock,Hunter+Priest,Rogue+Warlock,49,team1,kill,36.65
Hunter+Priest_vs_Rogue+Warlock,Hunter+Priest,Rogue+Warlock,50,team1,kill,36.83
Hunter+Priest_vs_Rogue+Warlock,Hunter+Priest,Rogue+Warlock,51,team1,kill,38.70
Hunter+Priest_vs_Rogue+Warlock,Hunter+Priest,Rogue+Warlock,52,team1,kill,37.62
Hunter+Priest_vs_Rogue+Warlock,Hunter+Priest,Rogue+Warlock,53,team1,kill,39.93
Hunter+Priest_vs_Rogue+Warlock,Hunter+Priest,Rogue+Warlock,54,team1,kill,37.30
Hunter+Priest_vs_Rogue+Warlock,Hunter+Priest,Rogue+Warlock,55,team2,kill,38.88
Hunter+Priest_vs_Rogue+Warlock,Hunter+Priest,Rogue+Warlock,56,team1,kill,38.18
Hunter+Priest_vs_Rogue+Warlock,Hunter+Priest,Rogue+Warlock,57,team1,kill,35.67
Hunter+Priest_vs_Rogue+Warlock,Hunter+Priest,Rogue+Warlock,58,team1,kill,39.15
Hunter+Priest_vs_Rogue+Warlock,Hunter+Priest,Rogue+Warlock,59,team1,kill,37.42
Hunter+Priest_vs_Rogue+Warlock,Hunter+Priest,Rogue+Warlock,60,team1,kill,46.68
Hunter+Priest_vs_Rogue+Warlock,Hunter+Priest,Rogue+Warlock,61,team1,kill,41.45
Hunter+Priest_vs_Rogue+Warlock,Hunter+Priest,Rogue+Warlock,62,team1,kill,39.75
Hunter+Priest_vs_Rogue+Warlock,Hunter+Priest,Rogue+Warlock,63,team1,kill,39.12
Hunter+Priest_vs_Rogue+Warlock,Hunter+Priest,Rogue+Warlock,64,team1,kill,44.17
Hunter+Priest_vs_Rogue+Warlock,Hunter+Priest,Rogue+Warlock,65,team1,kill,37.52
Hunter+Priest_vs_Rogue+Warlock,Hunter+Priest,Rogue+Warlock,66,team1,kill,36.60
Hunter+Priest_vs_Rogue+Warlock,Hunter+Priest,Rogue+Warlock,67,team1,kill,37.35
Hunter+Priest_vs_Rogue+Warlock,Hunter+Priest,Rogue+Warlock,68,team1,kill,36.62
Hunter+Priest_vs_Rogue+Warlock,Hunter+Priest,Rogue+Warlock,69,team1,kill,40.02
Hunter+Priest_vs_Rogue+Warlock,Hunter+Priest,Rogue+Warlock,70,team1,kill,36.08
Hunter+Priest_vs_Rogue+Warlock,Hunter+Priest,Rogue+Warlock,71,team1,kill,36.80
Hunter+Priest_vs_Rogue+Warlock,Hunter+Priest,Rogue+Warlock,72,team1,kill,36.90
Hunter+Priest_vs_Rogue+Warlock,Hunter+Priest,Rogue+Warlock,73,team1,kill,39.17
Hunter+Priest_vs_Rogue+Warlock,Hunter+Priest,Rogue+Warlock,74,team1,kill,37.57
Hunter+Priest_vs_Rogue+Warlock,Hunter+Priest,Rogue+Warlock,75,team1,kill,39.70
Hunter+Priest_vs_Rogue+Warlock,Hunter+Priest,Rogue+Warlock,76,team1,kill,43.33
Hunter+Priest_vs_Rogue+Warlock,Hunter+Priest,Rogue+Warlock,77,team1,kill,38.37
Hunter+Priest_vs_Rogue+Warlock,Hunter+Priest,Rogue+Warlock,78,team1,kill,38.03
Hunter+Priest_vs_Rogue+Warlock,Hunter+Priest,Rogue+Warlock,79,team1,kill,37.43
Hunter+Priest_vs_Rogue+Warlock,Hunter+Priest,Rogue+Warlock,80,team1,kill,37.43
Hunter+Priest_vs_Rogue+Warlock,Hunter+Priest,Rogue+Warlock,81,team1,kill,36.63
Hunter+Priest_vs_Rogue+Warlock,Hunter+Priest,Rogue+Warlock,82,team1,kill,37.62
Hunter+Priest_vs_Rogue+Warlock,Hunter+Priest,Rogue+Warlock,83,team1,kill,39.15
Hunter+Priest_vs_Rogue+Warlock,Hunter+Priest,Rogue+Warlock,84,team1,kill,42.22
Hunter+Priest_vs_Rogue+Warlock,Hunter+Priest,Rogue+Warlock,85,team1,kill,37.57
Hunter+Priest_vs_Rogue+Warlock,Hunter+Priest,Rogue+Warlock,86,team1,kill,37.62
Hunter+Priest_vs_Rogue+Warlock,Hunter+Priest,Rogue+Warlock,87,team1,kill,39.07
Hunter+Priest_vs_Rogue+Warlock,Hunter+Priest,Rogue+Warlock,88,team2,kill,36.47
Hunter+Priest_vs_Rogue+Warlock,Hunter+Priest,Rogue+Warlock,89,team1,kill,36.03
Hunter+Priest_vs_Rogue+Warlock,Hunter+Priest,Rogue+Warlock,90,team1,kill,38.32
Hunter+Priest_vs_Rogue+Warlock,Hunter+Priest,Rogue+Warlock,91,team2,kill,24.25
Hunter+Priest_vs_Rogue+Warlock,Hunter+Priest,Rogue+Warlock,92,team1,kill,37.62
Hunter+Priest_vs_Rogue+Warlock,Hunter+Priest,Rogue+Warlock,93,team1,kill,40.03
Hunter+Priest_vs_Rogue+Warlock,Hunter+Priest,Rogue+Warlock,94,team1,kill,38.33
Hunter+Priest_vs_Rogue+Warlock,Hunter+Priest,Rogue+Warlock,95,team1,kill,37.13
Hunter+Priest_vs_Rogue+Warlock,Hunter+Priest,Rogue+Warlock,96,team1,kill,36.82
Hunter+Priest_vs_Rogue+Warlock,Hunter+Priest,Rogue+Warlock,97,team1,kill,38.93
Hunter+Priest_vs_Rogue+Warlock,Hunter+Priest,Rogue+Warlock,98,team1,kill,38.05
Hunter+Priest_vs_Rogue+Warlock,Hunter+Priest,Rogue+Warlock,99,team1,kill,40.03
Hunter+Priest_vs_Rogue+Paladin,Hunter+Priest,Rogue+Paladin,0,team2,kill,64.65
Hunter+Priest_vs_Rogue+Paladin,Hunter+Priest,Rogue+Paladin,1,team2,kill,51.37
Hunter+Priest_vs_Rogue+Paladin,Hunter+Priest,Rogue+Paladin,2,team2,kill,68.57
Hunter+Priest_vs_Rogue+Paladin,Hunter+Priest,Rogue+Paladin,3,team2,kill,68.97
Hunter+Priest_vs_Rogue+Paladin,Hunter+Priest,Rogue+Paladin,4,team2,kill,50.23
Hunter+Priest_vs_Rogue+Paladin,Hunter+Priest,Rogue+Paladin,5,team2,kill,51.48
Hunter+Priest_vs_Rogue+Paladin,Hunter+Priest,Rogue+Paladin,6,team2,kill,60.20
Hunter+Priest_vs_Rogue+Paladin,Hunter+Priest,Rogue+Paladin,7,team2,kill,66.05
Hunter+Priest_vs_Rogue+Paladin,Hunter+Priest,Rogue+Paladin,8,team2,kill,50.90
Hunter+Priest_vs_Rogue+Paladin,Hunter+Priest,Rogue+Paladin,9,team2,kill,90.39
Hunter+Priest_vs_Rogue+Paladin,Hunter+Priest,Rogue+Paladin,10,team2,kill,54.08
Hunter+Priest_vs_Rogue+Paladin,Hunter+Priest,Rogue+Paladin,11,team2,kill,50.37
Hunter+Priest_vs_Rogue+Paladin,Hunter+Priest,Rogue+Paladin,12,team2,kill,51.63
Hunter+Priest_vs_Rogue+Paladin,Hunter+Priest,Rogue+Paladin,13,team2,kill,63.05
Hunter+Priest_vs_Rogue+Paladin,Hunter+Priest,Rogue+Paladin,14,team2,kill,56.33
Hunter+Priest_vs_Rogue+Paladin,Hunter+Priest,Rogue+Paladin,15,team2,kill,52.68
Hunter+Priest_vs_Rogue+Paladin,Hunter+Priest,Rogue+Paladin,16,team2,kill,47.85
Hunter+Priest_vs_Rogue+Paladin,Hunter+Priest,Rogue+Paladin,17,team2,kill,64.10
Hunter+Priest_vs_Rogue+Paladin,Hunter+Priest,Rogue+Paladin,18,team2,kill,64.75
Hunter+Priest_vs_Rogue+Paladin,Hunter+Priest,Rogue+Paladin,19,team2,kill,57.80
Hunter+Priest_vs_Rogue+Paladin,Hunter+Priest,Rogue+Paladin,20,team2,kill,49.47
Hunter+Priest_vs_Rogue+Paladin,Hunter+Priest,Rogue+Paladin,21,team2,kill,57.37
Hunter+Priest_vs_Rogue+Paladin,Hunter+Priest,Rogue+Paladin,22,team2,kill,59.62
Hunter+Priest_vs_Rogue+Paladin,Hunter+Priest,Rogue+Paladin,23,team2,kill,50.58
Hunter+Priest_vs_Rogue+Paladin,Hunter+Priest,Rogue+Paladin,24,team2,kill,53.30
Hunter+Priest_vs_Rogue+Paladin,Hunter+Priest,Rogue+Paladin,25,team2,kill,49.22
Hunter+Priest_vs_Rogue+Paladin,Hunter+Priest,Rogue+Paladin,26,team2,kill,46.67
Hunter+Priest_vs_Rogue+Paladin,Hunter+Priest,Rogue+Paladin,27,team2,kill,65.83
Hunter+Priest_vs_Rogue+Paladin,Hunter+Priest,Rogue+Paladin,28,team2,kill,59.07
Hunter+Priest_vs_Rogue+Paladin,Hunter+Priest,Rogue+Paladin,29,team2,kill,58.83
Hunter+Priest_vs_Rogue+Paladin,Hunter+Priest,Rogue+Paladin,30,team2,kill,61.08
Hunter+Priest_vs_Rogue+Paladin,Hunter+Priest,Rogue+Paladin,31,team2,kill,56.22
Hunter+Priest_vs_Rogue+Paladin,Hunter+Priest,Rogue+Paladin,32,team2,kill,53.87
Hunter+Priest_vs_Rogue+Paladin,Hunter+Priest,Rogue+Paladin,33,team2,kill,56.65
Hunter+Priest_vs_Rogue+Paladin,Hunter+Priest,Rogue+Paladin,34,team2,kill,65.40
Hunter+Priest_vs_Rogue+Paladin,Hunter+Priest,Rogue+Paladin,35,team2,kill,63.87
Hunter+Priest_vs_Rogue+Paladin,Hunter+Priest,Rogue+Paladin,36,team2,kill,69.80
Hunter+Priest_vs_Rogue+Paladin,Hunter+Priest,Rogue+Paladin,37,team2,kill,71.13
Hunter+Priest_vs_Rogue+Paladin,Hunter+Priest,Rogue+Paladin,38,team2,kill,65.02
Hunter+Priest_vs_Rogue+Paladin,Hunter+Priest,Rogue+Paladin,39,team2,kill,49.72
Hunter+Priest_vs_Rogue+Paladin,Hunter+Priest,Rogue+Paladin,40,team2,kill,46.73
Hunter+Priest_vs_Rogue+Paladin,Hunter+Priest,Rogue+Paladin,41,team2,kill,60.97
Hunter+Priest_vs_Rogue+Paladin,Hunter+Priest,Rogue+Paladin,42,team2,kill,59.60
Hunter+Priest_vs_Rogue+Paladin,Hunter+Priest,Rogue+Paladin,43,team2,kill,81.60
Hunter+Priest_vs_Rogue+Paladin,Hunter+Priest,Rogue+Paladin,44,team2,kill,47.05
Hunter+Priest_vs_Rogue+Paladin,Hunter+Priest,Rogue+Paladin,45,team2,kill,53.05
Hunter+Priest_vs_Rogue+Paladin,Hunter+Priest,Rogue+Paladin,46,team2,kill,62.42
Hunter+Priest_vs_Rogue+Paladin,Hunter+Priest,Rogue+Paladin,47,team2,kill,49.22
Hunter+Priest_vs_Rogue+Paladin,Hunter+Priest,Rogue+Paladin,48,team2,kill,54.35
Hunter+Priest_vs_Rogue+Paladin,Hunter+Priest,Rogue+Paladin,49,team2,kill,65.32
Hunter+Priest_vs_Rogue+Paladin,Hunter+Priest,Rogue+Paladin,50,team2,kill,52.82
Hunter+Priest_vs_Rogue+Paladin,Hunter+Priest,Rogue+Paladin,51,team2,kill,54.58
Hunter+Priest_vs_Rogue+Paladin,Hunter+Priest,Rogue+Paladin,52,team2,kill,61.62
Hunter+Priest_vs_Rogue+Paladin,Hunter+Priest,Rogue+Paladin,53,team2,kill,56.55
Hunter+Priest_vs_Rogue+Paladin,Hunter+Priest,Rogue+Paladin,54,team2,kill,57.75
Hunter+Priest_vs_Rogue+Paladin,Hunter+Priest,Rogue+Paladin,55,team2,kill,51.30
Hunter+Priest_vs_Rogue+Paladin,Hunter+Priest,Rogue+Paladin,56,team2,kill,56.98
Hunter+Priest_vs_Rogue+Paladin,Hunter+Priest,Rogue+Paladin,57,team2,kill,56.93
Hunter+Priest_vs_Rogue+Paladin,Hunter+Priest,Rogue+Paladin,58,team2,kill,63.05
Hunter+Priest_vs_Rogue+Paladin,Hunter+Priest,Rogue+Paladin,59,team2,kill,67.20
Hunter+Priest_vs_Rogue+Paladin,Hunter+Priest,Rogue+Paladin,60,team2,kill,57.92
Hunter+Priest_vs_Rogue+Paladin,Hunter+Priest,Rogue+Paladin,61,team2,kill,57.83
Hunter+Priest_vs_Rogue+Paladin,Hunter+Priest,Rogue+Paladin,62,team2,kill,64.17
Hunter+Priest_vs_Rogue+Paladin,Hunter+Priest,Rogue+Paladin,63,team2,kill,67.88
Hunter+Priest_vs_Rogue+Paladin,Hunter+Priest,Rogue+Paladin,64,team2,kill,50.27
Hunter+Priest_vs_Rogue+Paladin,Hunter+Priest,Rogue+Paladin,65,team2,kill,56.97
Hunter+Priest_vs_Rogue+Paladin,Hunter+Priest,Rogue+Paladin,66,team1,kill,55.33
Hunter+Priest_vs_Rogue+Paladin,Hunter+Priest,Rogue+Paladin,67,team2,kill,66.17
Hunter+Priest_vs_Rogue+Paladin,Hunter+Priest,Rogue+Paladin,68,team2,kill,62.43
Hunter+Priest_vs_Rogue+Paladin,Hunter+Priest,Rogue+Paladin,69,team2,kill,54.08
Hunter+Priest_vs_Rogue+Paladin,Hunter+Priest,Rogue+Paladin,70,team2,kill,56.77
Hunter+Priest_vs_Rogue+Paladin,Hunter+Priest,Rogue+Paladin,71,team2,kill,60.98
Hunter+Priest_vs_Rogue+Paladin,Hunter+Priest,Rogue+Paladin,72,team2,kill,72.93
Hunter+Priest_vs_Rogue+Paladin,Hunter+Priest,Rogue+Paladin,73,team2,kill,69.05
Hunter+Priest_vs_Rogue+Paladin,Hunter+Priest,Rogue+Paladin,74,team2,kill,61.37
Hunter+Priest_vs_Rogue+Paladin,Hunter+Priest,Rogue+Paladin,75,team2,kill,61.38
Hunter+Priest_vs_Rogue+Paladin,Hunter+Priest,Rogue+Paladin,76,team2,kill,53.27
Hunter+Priest_vs_Rogue+Paladin,Hunter+Priest,Rogue+Paladin,77,team2,kill,67.40
Hunter+Priest_vs_Rogue+Paladin,Hunter+Priest,Rogue+Paladin,78,team2,kill,63.78
Hunter+Priest_vs_Rogue+Paladin,Hunter+Priest,Rogue+Paladin,79,team2,kill,66.25
Hunter+Priest_vs_Rogue+Paladin,Hunter+Priest,Rogue+Paladin,80,team2,kill,63.05
Hunter+Priest_vs_Rogue+Paladin,Hunter+Priest,Rogue+Paladin,81,team2,kill,59.15
Hunter+Priest_vs_Rogue+Paladin,Hunter+Priest,Rogue+Paladin,82,team2,kill,70.50
Hunter+Priest_vs_Rogue+Paladin,Hunter+Priest,Rogue+Paladin,83,team2,kill,54.83
Hunter+Priest_vs_Rogue+Paladin,Hunter+Priest,Rogue+Paladin,84,team2,kill,48.93
Hunter+Priest_vs_Rogue+Paladin,Hunter+Priest,Rogue+Paladin,85,team2,kill,54.85
Hunter+Priest_vs_Rogue+Paladin,Hunter+Priest,Rogue+Paladin,86,team2,kill,50.42
Hunter+Priest_vs_Rogue+Paladin,Hunter+Priest,Rogue+Paladin,87,team2,kill,60.65
Hunter+Priest_vs_Rogue+Paladin,Hunter+Priest,Rogue+Paladin,88,team2,kill,46.45
Hunter+Priest_vs_Rogue+Paladin,Hunter+Priest,Rogue+Paladin,89,team2,kill,51.42
Hunter+Priest_vs_Rogue+Paladin,Hunter+Priest,Rogue+Paladin,90,team2,kill,73.72
Hunter+Priest_vs_Rogue+Paladin,Hunter+Priest,Rogue+Paladin,91,team2,kill,64.45
Hunter+Priest_vs_Rogue+Paladin,Hunter+Priest,Rogue+Paladin,92,team2,kill,57.68
Hunter+Priest_vs_Rogue+Paladin,Hunter+Priest,Rogue+Paladin,93,team2,kill,60.43
Hunter+Priest_vs_Rogue+Paladin,Hunter+Priest,Rogue+Paladin,94,team2,kill,59.33
Hunter+Priest_vs_Rogue+Paladin,Hunter+Priest,Rogue+Paladin,95,team2,kill,58.37
Hunter+Priest_vs_Rogue+Paladin,Hunter+Priest,Rogue+Paladin,96,team2,kill,64.60
Hunter+Priest_vs_Rogue+Paladin,Hunter+Priest,Rogue+Paladin,97,team2,kill,72.45
Hunter+Priest_vs_Rogue+Paladin,Hunter+Priest,Rogue+Paladin,98,team2,kill,55.90
Hunter+Priest_vs_Rogue+Paladin,Hunter+Priest,Rogue+Paladin,99,team2,kill,52.27
Hunter+Priest_vs_Rogue+Hunter,Hunter+Priest,Rogue+Hunter,0,team1,kill,19.75
Hunter+Priest_vs_Rogue+Hunter,Hunter+Priest,Rogue+Hunter,1,team1,kill,19.88
Hunter+Priest_vs_Rogue+Hunter,Hunter+Priest,Rogue+Hunter,2,team1,kill,20.67
Hunter+Priest_vs_Rogue+Hunter,Hunter+Priest,Rogue+Hunter,3,team1,kill,20.67
Hunter+Priest_vs_Rogue+Hunter,Hunter+Priest,Rogue+Hunter,4,team1,kill,19.02
Hunter+Priest_vs_Rogue+Hunter,Hunter+Priest,Rogue+Hunter,5,team1,kill,22.32
Hunter+Priest_vs_Rogue+Hunter,Hunter+Priest,Rogue+Hunter,6,team1,kill,20.33
Hunter+Priest_vs_Rogue+Hunter,Hunter+Priest,Rogue+Hunter,7,team1,kill,20.53
Hunter+Priest_vs_Rogue+Hunter,Hunter+Priest,Rogue+Hunter,8,team1,kill,22.32
Hunter+Priest_vs_Rogue+Hunter,Hunter+Priest,Rogue+Hunter,9,team1,kill,22.32
Hunter+Priest_vs_Rogue+Hunter,Hunter+Priest,Rogue+Hunter,10,team1,kill,21.45
Hunter+Priest_vs_Rogue+Hunter,Hunter+Priest,Rogue+Hunter,11,team1,kill,20.67
Hunter+Priest_vs_Rogue+Hunter,Hunter+Priest,Rogue+Hunter,12,team1,kill,22.32
Hunter+Priest_vs_Rogue+Hunter,Hunter+Priest,Rogue+Hunter,13,team1,kill,19.40
Hunter+Priest_vs_Rogue+Hunter,Hunter+Priest,Rogue+Hunter,14,team1,kill,19.88
Hunter+Priest_vs_Rogue+Hunter,Hunter+Priest,Rogue+Hunter,15,team1,kill,20.67
Hunter+Priest_vs_Rogue+Hunter,Hunter+Priest,Rogue+Hunter,16,team1,kill,19.47
Hunter+Priest_vs_Rogue+Hunter,Hunter+Priest,Rogue+Hunter,17,team1,kill,16.97
Hunter+Priest_vs_Rogue+Hunter,Hunter+Priest,Rogue+Hunter,18,team1,kill,22.23
Hunter+Priest_vs_Rogue+Hunter,Hunter+Priest,Rogue+Hunter,19,team1,kill,19.88
Hunter+Priest_vs_Rogue+Hunter,Hunter+Priest,Rogue+Hunter,20,team1,kill,17.70
Hunter+Priest_vs_Rogue+Hunter,Hunter+Priest,Rogue+Hunter,21,team1,kill,20.52
Hunter+Priest_vs_Rogue+Hunter,Hunter+Priest,Rogue+Hunter,22,team1,kill,19.50
Hunter+Priest_vs_Rogue+Hunter,Hunter+Priest,Rogue+Hunter,23,team1,kill,20.77
Hunter+Priest_vs_Rogue+Hunter,Hunter+Priest,Rogue+Hunter,24,team1,kill,22.32
Hunter+Priest_vs_Rogue+Hunter,Hunter+Priest,Rogue+Hunter,25,team1,kill,20.67
Hunter+Priest_vs_Rogue+Hunter,Hunter+Priest,Rogue+Hunter,26,team1,kill,18.53
Hunter+Priest_vs_Rogue+Hunter,Hunter+Priest,Rogue+Hunter,27,team1,kill,19.10
Hunter+Priest_vs_Rogue+Hunter,Hunter+Priest,Rogue+Hunter,28,team1,kill,19.27
Hunter+Priest_vs_Rogue+Hunter,Hunter+Priest,Rogue+Hunter,29,team1,kill,19.02
Hunter+Priest_vs_Rogue+Hunter,Hunter+Priest,Rogue+Hunter,30,team1,kill,19.88
Hunter+Priest_vs_Rogue+Hunter,Hunter+Priest,Rogue+Hunter,31,team1,kill,20.67
Hunter+Priest_vs_Rogue+Hunter,Hunter+Priest,Rogue+Hunter,32,team1,kill,22.32
Hunter+Priest_vs_Rogue+Hunter,Hunter+Priest,Rogue+Hunter,33,team1,kill,20.52
Hunter+Priest_vs_Rogue+Hunter,Hunter+Priest,Rogue+Hunter,34,team1,kill,22.32
Hunter+Priest_vs_Rogue+Hunter,Hunter+Priest,Rogue+Hunter,35,team1,kill,20.67
Hunter+Priest_vs_Rogue+Hunter,Hunter+Priest,Rogue+Hunter,36,team1,kill,18.53
Hunter+Priest_vs_Rogue+Hunter,Hunter+Priest,Rogue+Hunter,37,team1,kill,22.32
Hunter+Priest_vs_Rogue+Hunter,Hunter+Priest,Rogue+Hunter,38,team1,kill,22.32
Hunter+Priest_vs_Rogue+Hunter,Hunter+Priest,Rogue+Hunter,39,team1,kill,19.50
Hunter+Priest_vs_Rogue+Hunter,Hunter+Priest,Rogue+Hunter,40,team1,kill,22.32
Hunter+Priest_vs_Rogue+Hunter,Hunter+Priest,Rogue+Hunter,41,team1,kill,18.53
Hunter+Priest_vs_Rogue+Hunter,Hunter+Priest,Rogue+Hunter,42,team1,kill,20.67
Hunter+Priest_vs_Rogue+Hunter,Hunter+Priest,Rogue+Hunter,43,team1,kill,19.27
Hunter+Priest_vs_Rogue+Hunter,Hunter+Priest,Rogue+Hunter,44,team1,kill,19.88
Hunter+Priest_vs_Rogue+Hunter,Hunter+Priest,Rogue+Hunter,45,team1,kill,19.27
Hunter+Priest_vs_Rogue+Hunter,Hunter+Priest,Rogue+Hunter,46,team1,kill,19.67
Hunter+Priest_vs_Rogue+Hunter,Hunter+Priest,Rogue+Hunter,47,team1,kill,20.43
Hunter+Priest_vs_Rogue+Hunter,Hunter+Priest,Rogue+Hunter,48,team1,kill,22.32
Hunter+Priest_vs_Rogue+Hunter,Hunter+Priest,Rogue+Hunter,49,team1,kill,20.77
Hunter+Priest_vs_Rogue+Hunter,Hunter+Priest,Rogue+Hunter,50,team1,kill,22.32
Hunter+Priest_vs_Rogue+Hunter,Hunter+Priest,Rogue+Hunter,51,team1,kill,22.32
Hunter+Priest_vs_Rogue+Hunter,Hunter+Priest,Rogue+Hunter,52,team1,kill,18.53
Hunter+Priest_vs_Rogue+Hunter,Hunter+Priest,Rogue+Hunter,53,team1,kill,20.67
Hunter+Priest_vs_Rogue+Hunter,Hunter+Priest,Rogue+Hunter,54,team1,kill,22.32
Hunter+Priest_vs_Rogue+Hunter,Hunter+Priest,Rogue+Hunter,55,team1,kill,19.10
Hunter+Priest_vs_Rogue+Hunter,Hunter+Priest,Rogue+Hunter,56,team1,kill,22.32
Hunter+Priest_vs_Rogue+Hunter,Hunter+Priest,Rogue+Hunter,57,team1,kill,22.32
Hunter+Priest_vs_Rogue+Hunter,Hunter+Priest,Rogue+Hunter,58,team1,kill,19.10
Hunter+Priest_vs_Rogue+Hunter,Hunter+Priest,Rogue+Hunter,59,team1,kill,22.32
Hunter+Priest_vs_Rogue+Hunter,Hunter+Priest,Rogue+Hunter,60,team1,kill,20.53
Hunter+Priest_vs_Rogue+Hunter,Hunter+Priest,Rogue+Hunter,61,team1,kill,19.42
Hunter+Priest_vs_Rogue+Hunter,Hunter+Priest,Rogue+Hunter,62,team1,kill,19.40
Hunter+Priest_vs_Rogue+Hunter,Hunter+Priest,Rogue+Hunter,63,team1,kill,20.67
Hunter+Priest_vs_Rogue+Hunter,Hunter+Priest,Rogue+Hunter,64,team1,kill,20.67
Hunter+Priest_vs_Rogue+Hunter,Hunter+Priest,Rogue+Hunter,65,team1,kill,22.32
Hunter+Priest_vs_Rogue+Hunter,Hunter+Priest,Rogue+Hunter,66,team1,kill,20.67
Hunter+Priest_vs_Rogue+Hunter,Hunter+Priest,Rogue+Hunter,67,team1,kill,22.32
Hunter+Priest_vs_Rogue+Hunter,Hunter+Priest,Rogue+Hunter,68,team1,kill,19.10
Hunter+Priest_vs_Rogue+Hunter,Hunter+Priest,Rogue+Hunter,69,team1,kill,20.67
Hunter+Priest_vs_Rogue+Hunter,Hunter+Priest,Rogue+Hunter,70,team1,kill,18.53
Hunter+Priest_vs_Rogue+Hunter,Hunter+Priest,Rogue+Hunter,71,team1,kill,18.53
Hunter+Priest_vs_Rogue+Hunter,Hunter+Priest,Rogue+Hunter,72,team1,kill,19.50
Hunter+Priest_vs_Rogue+Hunter,Hunter+Priest,Rogue+Hunter,73,team1,kill,19.88
Hunter+Priest_vs_Rogue+Hunter,Hunter+Priest,Rogue+Hunter,74,team1,kill,19.67
Hunter+Priest_vs_Rogue+Hunter,Hunter+Priest,Rogue+Hunter,75,team1,kill,22.32
Hunter+Priest_vs_Rogue+Hunter,Hunter+Priest,Rogue+Hunter,76,team1,kill,20.67
Hunter+Priest_vs_Rogue+Hunter,Hunter+Priest,Rogue+Hunter,77,team1,kill,22.32
Hunter+Priest_vs_Rogue+Hunter,Hunter+Priest,Rogue+Hunter,78,team1,kill,19.50
Hunter+Priest_vs_Rogue+Hunter,Hunter+Priest,Rogue+Hunter,79,team1,kill,22.32
Hunter+Priest_vs_Rogue+Hunter,Hunter+Priest,Rogue+Hunter,80,team1,kill,20.67
Hunter+Priest_vs_Rogue+Hunter,Hunter+Priest,Rogue+Hunter,81,team1,kill,22.32
Hunter+Priest_vs_Rogue+Hunter,Hunter+Priest,Rogue+Hunter,82,team1,kill,21.45
Hunter+Priest_vs_Rogue+Hunter,Hunter+Priest,Rogue+Hunter,83,team1,kill,18.57
Hunter+Priest_vs_Rogue+Hunter,Hunter+Priest,Rogue+Hunter,84,team1,kill,19.50
Hunter+Priest_vs_Rogue+Hunter,Hunter+Priest,Rogue+Hunter,85,team1,kill,19.27
Hunter+Priest_vs_Rogue+Hunter,Hunter+Priest,Rogue+Hunter,86,team1,kill,20.53
Hunter+Priest_vs_Rogue+Hunter,Hunter+Priest,Rogue+Hunter,87,team1,kill,22.32
Hunter+Priest_vs_Rogue+Hunter,Hunter+Priest,Rogue+Hunter,88,team1,kill,20.67
Hunter+Priest_vs_Rogue+Hunter,Hunter+Priest,Rogue+Hunter,89,team1,kill,20.77
Hunter+Priest_vs_Rogue+Hunter,Hunter+Priest,Rogue+Hunter,90,team1,kill,19.88
Hunter+Priest_vs_Rogue+Hunter,Hunter+Priest,Rogue+Hunter,91,team1,kill,20.67
Hunter+Priest_vs_Rogue+Hunter,Hunter+Priest,Rogue+Hunter,92,team1,kill,22.32
Hunter+Priest_vs_Rogue+Hunter,Hunter+Priest,Rogue+Hunter,93,team1,kill,18.53
Hunter+Priest_vs_Rogue+Hunter,Hunter+Priest,Rogue+Hunter,94,team1,kill,19.27
Hunter+Priest_vs_Rogue+Hunter,Hunter+Priest,Rogue+Hunter,95,team1,kill,20.82
Hunter+Priest_vs_Rogue+Hunter,Hunter+Priest,Rogue+Hunter,96,team1,kill,20.67
Hunter+Priest_vs_Rogue+Hunter,Hunter+Priest,Rogue+Hunter,97,team1,kill,17.98
Hunter+Priest_vs_Rogue+Hunter,Hunter+Priest,Rogue+Hunter,98,team1,kill,22.32
Hunter+Priest_vs_Rogue+Hunter,Hunter+Priest,Rogue+Hunter,99,team1,kill,22.32
Hunter+Priest_vs_Rogue+Shaman,Hunter+Priest,Rogue+Shaman,0,team2,kill,95.54
Hunter+Priest_vs_Rogue+Shaman,Hunter+Priest,Rogue+Shaman,1,team1,kill,66.38
Hunter+Priest_vs_Rogue+Shaman,Hunter+Priest,Rogue+Shaman,2,team2,kill,52.25
Hunter+Priest_vs_Rogue+Shaman,Hunter+Priest,Rogue+Shaman,3,team2,kill,84.67
Hunter+Priest_vs_Rogue+Shaman,Hunter+Priest,Rogue+Shaman,4,team2,kill,64.28
Hunter+Priest_vs_Rogue+Shaman,Hunter+Priest,Rogue+Shaman,5,team1,kill,69.72
Hunter+Priest_vs_Rogue+Shaman,Hunter+Priest,Rogue+Shaman,6,team2,kill,51.23
Hunter+Priest_vs_Rogue+Shaman,Hunter+Priest,Rogue+Shaman,7,team2,kill,45.45
Hunter+Priest_vs_Rogue+Shaman,Hunter+Priest,Rogue+Shaman,8,team2,kill,77.94
Hunter+Priest_vs_Rogue+Shaman,Hunter+Priest,Rogue+Shaman,9,team1,kill,73.52
Hunter+Priest_vs_Rogue+Shaman,Hunter+Priest,Rogue+Shaman,10,team2,kill,70.33
Hunter+Priest_vs_Rogue+Shaman,Hunter+Priest,Rogue+Shaman,11,team2,kill,68.28
Hunter+Priest_vs_Rogue+Shaman,Hunter+Priest,Rogue+Shaman,12,team1,kill,69.88
Hunter+Priest_vs_Rogue+Shaman,Hunter+Priest,Rogue+Shaman,13,team2,kill,40.23
Hunter+Priest_vs_Rogue+Shaman,Hunter+Priest,Rogue+Shaman,14,team2,kill,68.88
Hunter+Priest_vs_Rogue+Shaman,Hunter+Priest,Rogue+Shaman,15,team1,kill,61.08
Hunter+Priest_vs_Rogue+Shaman,Hunter+Priest,Rogue+Shaman,16,team2,kill,65.17
Hunter+Priest_vs_Rogue+Shaman,Hunter+Priest,Rogue+Shaman,17,team2,kill,65.73
Hunter+Priest_vs_Rogue+Shaman,Hunter+Priest,Rogue+Shaman,18,team1,kill,60.67
Hunter+Priest_vs_Rogue+Shaman,Hunter+Priest,Rogue+Shaman,19,team2,kill,70.58
Hunter+Priest_vs_Rogue+Shaman,Hunter+Priest,Rogue+Shaman,20,team2,kill,48.82
Hunter+Priest_vs_Rogue+Shaman,Hunter+Priest,Rogue+Shaman,21,team1,kill,76.30
Hunter+Priest_vs_Rogue+Shaman,Hunter+Priest,Rogue+Shaman,22,team2,kill,66.68
Hunter+Priest_vs_Rogue+Shaman,Hunter+Priest,Rogue+Shaman,23,team2,kill,54.52
Hunter+Priest_vs_Rogue+Shaman,Hunter+Priest,Rogue+Shaman,24,team1,kill,81.80
Hunter+Priest_vs_Rogue+Shaman,Hunter+Priest,Rogue+Shaman,25,team1,kill,79.69
Hunter+Priest_vs_Rogue+Shaman,Hunter+Priest,Rogue+Shaman,26,team1,kill,72.67
Hunter+Priest_vs_Rogue+Shaman,Hunter+Priest,Rogue+Shaman,27,team2,kill,45.87
Hunter+Priest_vs_Rogue+Shaman,Hunter+Priest,Rogue+Shaman,28,team1,kill,62.53
Hunter+Priest_vs_Rogue+Shaman,Hunter+Priest,Rogue+Shaman,29,team1,kill,59.62
Hunter+Priest_vs_Rogue+Shaman,Hunter+Priest,Rogue+Shaman,30,team2,kill,40.40
Hunter+Priest_vs_Rogue+Shaman,Hunter+Priest,Rogue+Shaman,31,team2,kill,75.58
Hunter+Priest_vs_Rogue+Shaman,Hunter+Priest,Rogue+Shaman,32,team2,kill,67.75
Hunter+Priest_vs_Rogue+Shaman,Hunter+Priest,Rogue+Shaman,33,team2,kill,70.05
Hunter+Priest_vs_Rogue+Shaman,Hunter+Priest,Rogue+Shaman,34,team2,kill,72.90
Hunter+Priest_vs_Rogue+Shaman,Hunter+Priest,Rogue+Shaman,35,team2,kill,69.13
Hunter+Priest_vs_Rogue+Shaman,Hunter+Priest,Rogue+Shaman,36,team2,kill,96.77
Hunter+Priest_vs_Rogue+Shaman,Hunter+Priest,Rogue+Shaman,37,team2,kill,69.73
Hunter+Priest_vs_Rogue+Shaman,Hunter+Priest,Rogue+Shaman,38,team2,kill,42.32
Hunter+Priest_vs_Rogue+Shaman,Hunter+Priest,Rogue+Shaman,39,team2,kill,64.45
Hunter+Priest_vs_Rogue+Shaman,Hunter+Priest,Rogue+Shaman,40,team2,kill,79.15
Hunter+Priest_vs_Rogue+Shaman,Hunter+Priest,Rogue+Shaman,41,team2,kill,77.14
Hunter+Priest_vs_Rogue+Shaman,Hunter+Priest,Rogue+Shaman,42,team1,kill,78.32
Hunter+Priest_vs_Rogue+Shaman,Hunter+Priest,Rogue+Shaman,43,team2,kill,74.43
Hunter+Priest_vs_Rogue+Shaman,Hunter+Priest,Rogue+Shaman,44,team2,kill,68.03
Hunter+Priest_vs_Rogue+Shaman,Hunter+Priest,Rogue+Shaman,45,team2,kill,52.67
Hunter+Priest_vs_Rogue+Shaman,Hunter+Priest,Rogue+Shaman,46,team1,kill,62.83
Hunter+Priest_vs_Rogue+Shaman,Hunter+Priest,Rogue+Shaman,47,team1,kill,66.95
Hunter+Priest_vs_Rogue+Shaman,Hunter+Priest,Rogue+Shaman,48,team2,kill,72.28
Hunter+Priest_vs_Rogue+Shaman,Hunter+Priest,Rogue+Shaman,49,team2,kill,83.84
Hunter+Priest_vs_Rogue+Shaman,Hunter+Priest,Rogue+Shaman,50,team2,kill,40.57
Hunter+Priest_vs_Rogue+Shaman,Hunter+Priest,Rogue+Shaman,51,team2,kill,94.56
Hunter+Priest_vs_Rogue+Shaman,Hunter+Priest,Rogue+Shaman,52,team1,kill,78.15
Hunter+Priest_vs_Rogue+Shaman,Hunter+Priest,Rogue+Shaman,53,team2,kill,71.85
Hunter+Priest_vs_Rogue+Shaman,Hunter+Priest,Rogue+Shaman,54,team2,kill,52.22
Hunter+Priest_vs_Rogue+Shaman,Hunter+Priest,Rogue+Shaman,55,team2,kill,66.30
Hunter+Priest_vs_Rogue+Shaman,Hunter+Priest,Rogue+Shaman,56,team2,kill,49.57
Hunter+Priest_vs_Rogue+Shaman,Hunter+Priest,Rogue+Shaman,57,team2,kill,65.78
Hunter+Priest_vs_Rogue+Shaman,Hunter+Priest,Rogue+Shaman,58,team2,kill,52.55
Hunter+Priest_vs_Rogue+Shaman,Hunter+Priest,Rogue+Shaman,59,team2,kill,73.23
Hunter+Priest_vs_Rogue+Shaman,Hunter+Priest,Rogue+Shaman,60,team1,kill,59.82
Hunter+Priest_vs_Rogue+Shaman,Hunter+Priest,Rogue+Shaman,61,team2,kill,55.17
Hunter+Priest_vs_Rogue+Shaman,Hunter+Priest,Rogue+Shaman,62,team1,kill,67.60
Hunter+Priest_vs_Rogue+Shaman,Hunter+Priest,Rogue+Shaman,63,team2,kill,75.22
Hunter+Priest_vs_Rogue+Shaman,Hunter+Priest,Rogue+Shaman,64,team2,kill,62.53
Hunter+Priest_vs_Rogue+Shaman,Hunter+Priest,Rogue+Shaman,65,team2,kill,50.42
Hunter+Priest_vs_Rogue+Shaman,Hunter+Priest,Rogue+Shaman,66,team2,kill,47.30
Hunter+Priest_vs_Rogue+Shaman,Hunter+Priest,Rogue+Shaman,67,team2,kill,82.07
Hunter+Priest_vs_Rogue+Shaman,Hunter+Priest,Rogue+Shaman,68,team2,kill,88.84
Hunter+Priest_vs_Rogue+Shaman,Hunter+Priest,Rogue+Shaman,69,team2,kill,71.48
Hunter+Priest_vs_Rogue+Shaman,Hunter+Priest,Rogue+Shaman,70,team2,kill,49.12
Hunter+Priest_vs_Rogue+Shaman,Hunter+Priest,Rogue+Shaman,71,team2,kill,68.72
Hunter+Priest_vs_Rogue+Shaman,Hunter+Priest,Rogue+Shaman,72,team2,kill,67.88
Hunter+Priest_vs_Rogue+Shaman,Hunter+Priest,Rogue+Shaman,73,team2,kill,69.25
Hunter+Priest_vs_Rogue+Shaman,Hunter+Priest,Rogue+Shaman,74,team2,kill,69.63
Hunter+Priest_vs_Rogue+Shaman,Hunter+Priest,Rogue+Shaman,75,team2,kill,88.19
Hunter+Priest_vs_Rogue+Shaman,Hunter+Priest,Rogue+Shaman,76,team1,kill,63.98
Hunter+Priest_vs_Rogue+Shaman,Hunter+Priest,Rogue+Shaman,77,team2,kill,66.73
Hunter+Priest_vs_Rogue+Shaman,Hunter+Priest,Rogue+Shaman,78,team2,kill,67.45
Hunter+Priest_vs_Rogue+Shaman,Hunter+Priest,Rogue+Shaman,79,team1,kill,65.32
Hunter+Priest_vs_Rogue+Shaman,Hunter+Priest,Rogue+Shaman,80,team2,kill,67.17
Hunter+Priest_vs_Rogue+Shaman,Hunter+Priest,Rogue+Shaman,81,team1,kill,73.33
Hunter+Priest_vs_Rogue+Shaman,Hunter+Priest,Rogue+Shaman,82,team2,kill,38.72
Hunter+Priest_vs_Rogue+Shaman,Hunter+Priest,Rogue+Shaman,83,team1,kill,80.77
Hunter+Priest_vs_Rogue+Shaman,Hunter+Priest,Rogue+Shaman,84,team2,kill,69.78
Hunter+Priest_vs_Rogue+Shaman,Hunter+Priest,Rogue+Shaman,85,team2,kill,36.78
Hunter+Priest_vs_Rogue+Shaman,Hunter+Priest,Rogue+Shaman,86,team2,kill,93.99
Hunter+Priest_vs_Rogue+Shaman,Hunter+Priest,Rogue+Shaman,87,team2,kill,68.97
Hunter+Priest_vs_Rogue+Shaman,Hunter+Priest,Rogue+Shaman,88,team1,kill,59.62
Hunter+Priest_vs_Rogue+Shaman,Hunter+Priest,Rogue+Shaman,89,team1,kill,69.70
Hunter+Priest_vs_Rogue+Shaman,Hunter+Priest,Rogue+Shaman,90,team2,kill,48.15
Hunter+Priest_vs_Rogue+Shaman,Hunter+Priest,Rogue+Shaman,91,team2,kill,65.32
Hunter+Priest_vs_Rogue+Shaman,Hunter+Priest,Rogue+Shaman,92,team2,kill,44.73
Hunter+Priest_vs_Rogue+Shaman,Hunter+Priest,Rogue+Shaman,93,team2,kill,60.75
Hunter+Priest_vs_Rogue+Shaman,Hunter+Priest,Rogue+Shaman,94,team2,kill,56.88
Hunter+Priest_vs_Rogue+Shaman,Hunter+Priest,Rogue+Shaman,95,team2,kill,66.90
Hunter+Priest_vs_Rogue+Shaman,Hunter+Priest,Rogue+Shaman,96,team2,kill,84.95
Hunter+Priest_vs_Rogue+Shaman,Hunter+Priest,Rogue+Shaman,97,team2,kill,62.17
Hunter+Priest_vs_Rogue+Shaman,Hunter+Priest,Rogue+Shaman,98,team2,kill,70.57
Hunter+Priest_vs_Rogue+Shaman,Hunter+Priest,Rogue+Shaman,99,team1,kill,80.50
Hunter+Priest_vs_Priest+Warlock,Hunter+Priest,Priest+Warlock,0,team1,kill,54.70
Hunter+Priest_vs_Priest+Warlock,Hunter+Priest,Priest+Warlock,1,team2,kill,41.57
Hunter+Priest_vs_Priest+Warlock,Hunter+Priest,Priest+Warlock,2,team2,kill,66.25
Hunter+Priest_vs_Priest+Warlock,Hunter+Priest,Priest+Warlock,3,team1,kill,51.87
Hunter+Priest_vs_Priest+Warlock,Hunter+Priest,Priest+Warlock,4,team1,kill,63.38
Hunter+Priest_vs_Priest+Warlock,Hunter+Priest,Priest+Warlock,5,team1,kill,55.40
Hunter+Priest_vs_Priest+Warlock,Hunter+Priest,Priest+Warlock,6,team2,kill,43.27
Hunter+Priest_vs_Priest+Warlock,Hunter+Priest,Priest+Warlock,7,team2,kill,50.55
Hunter+Priest_vs_Priest+Warlock,Hunter+Priest,Priest+Warlock,8,team2,kill,40.35
Hunter+Priest_vs_Priest+Warlock,Hunter+Priest,Priest+Warlock,9,team2,kill,37.43
Hunter+Priest_vs_Priest+Warlock,Hunter+Priest,Priest+Warlock,10,team2,kill,46.57
Hunter+Priest_vs_Priest+Warlock,Hunter+Priest,Priest+Warlock,11,team2,kill,56.25
Hunter+Priest_vs_Priest+Warlock,Hunter+Priest,Priest+Warlock,12,team1,kill,62.73
Hunter+Priest_vs_Priest+Warlock,Hunter+Priest,Priest+Warlock,13,team1,kill,61.65
Hunter+Priest_vs_Priest+Warlock,Hunter+Priest,Priest+Warlock,14,team2,kill,47.88
Hunter+Priest_vs_Priest+Warlock,Hunter+Priest,Priest+Warlock,15,team1,kill,58.68
Hunter+Priest_vs_Priest+Warlock,Hunter+Priest,Priest+Warlock,16,team1,kill,63.38
Hunter+Priest_vs_Priest+Warlock,Hunter+Priest,Priest+Warlock,17,team1,kill,42.40
Hunter+Priest_vs_Priest+Warlock,Hunter+Priest,Priest+Warlock,18,team2,kill,50.93
Hunter+Priest_vs_Priest+Warlock,Hunter+Priest,Priest+Warlock,19,team2,kill,46.02
Hunter+Priest_vs_Priest+Warlock,Hunter+Priest,Priest+Warlock,20,team2,kill,50.70
Hunter+Priest_vs_Priest+Warlock,Hunter+Priest,Priest+Warlock,21,team2,kill,37.03
Hunter+Priest_vs_Priest+Warlock,Hunter+Priest,Priest+Warlock,22,team2,kill,43.72
Hunter+Priest_vs_Priest+Warlock,Hunter+Priest,Priest+Warlock,23,team2,kill,44.17
Hunter+Priest_vs_Priest+Warlock,Hunter+Priest,Priest+Warlock,24,team2,kill,31.67
Hunter+Priest_vs_Priest+Warlock,Hunter+Priest,Priest+Warlock,25,team2,kill,58.10
Hunter+Priest_vs_Priest+Warlock,Hunter+Priest,Priest+Warlock,26,team1,kill,58.12
Hunter+Priest_vs_Priest+Warlock,Hunter+Priest,Priest+Warlock,27,team2,kill,37.90
Hunter+Priest_vs_Priest+Warlock,Hunter+Priest,Priest+Warlock,28,team2,kill,58.52
Hunter+Priest_vs_Priest+Warlock,Hunter+Priest,Priest+Warlock,29,team2,kill,54.38
Hunter+Priest_vs_Priest+Warlock,Hunter+Priest,Priest+Warlock,30,team2,kill,43.23
Hunter+Priest_vs_Priest+Warlock,Hunter+Priest,Priest+Warlock,31,team2,kill,54.72
Hunter+Priest_vs_Priest+Warlock,Hunter+Priest,Priest+Warlock,32,team2,kill,39.97
Hunter+Priest_vs_Priest+Warlock,Hunter+Priest,Priest+Warlock,33,team1,kill,51.48
Hunter+Priest_vs_Priest+Warlock,Hunter+Priest,Priest+Warlock,34,team1,kill,56.00
Hunter+Priest_vs_Priest+Warlock,Hunter+Priest,Priest+Warlock,35,team2,kill,53.28
Hunter+Priest_vs_Priest+Warlock,Hunter+Priest,Priest+Warlock,36,team2,kill,38.52
Hunter+Priest_vs_Priest+Warlock,Hunter+Priest,Priest+Warlock,37,team1,kill,62.27
Hunter+Priest_vs_Priest+Warlock,Hunter+Priest,Priest+Warlock,38,team1,kill,56.95
Hunter+Priest_vs_Priest+Warlock,Hunter+Priest,Priest+Warlock,39,team2,kill,39.88
Hunter+Priest_vs_Priest+Warlock,Hunter+Priest,Priest+Warlock,40,team2,kill,60.15
Hunter+Priest_vs_Priest+Warlock,Hunter+Priest,Priest+Warlock,41,team2,kill,36.05
Hunter+Priest_vs_Priest+Warlock,Hunter+Priest,Priest+Warlock,42,team2,kill,35.05
Hunter+Priest_vs_Priest+Warlock,Hunter+Priest,Priest+Warlock,43,team2,kill,46.28
Hunter+Priest_vs_Priest+Warlock,Hunter+Priest,Priest+Warlock,44,team2,kill,49.92
Hunter+Priest_vs_Priest+Warlock,Hunter+Priest,Priest+Warlock,45,team2,kill,37.47
Hunter+Priest_vs_Priest+Warlock,Hunter+Priest,Priest+Warlock,46,team1,kill,53.12
Hunter+Priest_vs_Priest+Warlock,Hunter+Priest,Priest+Warlock,47,team2,kill,50.22
Hunter+Priest_vs_Priest+Warlock,Hunter+Priest,Priest+Warlock,48,team2,kill,47.93
Hunter+Priest_vs_Priest+Warlock,Hunter+Priest,Priest+Warlock,49,team1,kill,61.80
Hunter+Priest_vs_Priest+Warlock,Hunter+Priest,Priest+Warlock,50,team2,kill,58.98
Hunter+Priest_vs_Priest+Warlock,Hunter+Priest,Priest+Warlock,51,team2,kill,60.00
Hunter+Priest_vs_Priest+Warlock,Hunter+Priest,Priest+Warlock,52,team2,kill,50.82
Hunter+Priest_vs_Priest+Warlock,Hunter+Priest,Priest+Warlock,53,team2,kill,50.60
Hunter+Priest_vs_Priest+Warlock,Hunter+Priest,Priest+Warlock,54,team2,kill,28.63
Hunter+Priest_vs_Priest+Warlock,Hunter+Priest,Priest+Warlock,55,team2,kill,65.38
Hunter+Priest_vs_Priest+Warlock,Hunter+Priest,Priest+Warlock,56,team2,kill,44.92
Hunter+Priest_vs_Priest+Warlock,Hunter+Priest,Priest+Warlock,57,team2,kill,59.33
Hunter+Priest_vs_Priest+Warlock,Hunter+Priest,Priest+Warlock,58,team2,kill,50.32
Hunter+Priest_vs_Priest+Warlock,Hunter+Priest,Priest+Warlock,59,team2,kill,55.93
Hunter+Priest_vs_Priest+Warlock,Hunter+Priest,Priest+Warlock,60,team2,kill,52.30
Hunter+Priest_vs_Priest+Warlock,Hunter+Priest,Priest+Warlock,61,team2,kill,65.67
Hunter+Priest_vs_Priest+Warlock,Hunter+Priest,Priest+Warlock,62,team2,kill,58.60
Hunter+Priest_vs_Priest+Warlock,Hunter+Priest,Priest+Warlock,63,team2,kill,46.87
Hunter+Priest_vs_Priest+Warlock,Hunter+Priest,Priest+Warlock,64,team2,kill,42.33
Hunter+Priest_vs_Priest+Warlock,Hunter+Priest,Priest+Warlock,65,team2,kill,42.65
Hunter+Priest_vs_Priest+Warlock,Hunter+Priest,Priest+Warlock,66,team1,kill,49.15
Hunter+Priest_vs_Priest+Warlock,Hunter+Priest,Priest+Warlock,67,team2,kill,51.02
Hunter+Priest_vs_Priest+Warlock,Hunter+Priest,Priest+Warlock,68,team1,kill,55.45
Hunter+Priest_vs_Priest+Warlock,Hunter+Priest,Priest+Warlock,69,team1,kill,51.30
Hunter+Priest_vs_Priest+Warlock,Hunter+Priest,Priest+Warlock,70,team2,kill,40.07
Hunter+Priest_vs_Priest+Warlock,Hunter+Priest,Priest+Warlock,71,team2,kill,60.22
Hunter+Priest_vs_Priest+Warlock,Hunter+Priest,Priest+Warlock,72,team2,kill,50.22
Hunter+Priest_vs_Priest+Warlock,Hunter+Priest,Priest+Warlock,73,team2,kill,37.73
Hunter+Priest_vs_Priest+Warlock,Hunter+Priest,Priest+Warlock,74,team1,kill,61.42
Hunter+Priest_vs_Priest+Warlock,Hunter+Priest,Priest+Warlock,75,team2,kill,37.78
Hunter+Priest_vs_Priest+Warlock,Hunter+Priest,Priest+Warlock,76,team2,kill,53.52
Hunter+Priest_vs_Priest+Warlock,Hunter+Priest,Priest+Warlock,77,team2,kill,32.10
Hunter+Priest_vs_Priest+Warlock,Hunter+Priest,Priest+Warlock,78,team2,kill,52.75
Hunter+Priest_vs_Priest+Warlock,Hunter+Priest,Priest+Warlock,79,team2,kill,43.50
Hunter+Priest_vs_Priest+Warlock,Hunter+Priest,Priest+Warlock,80,team2,kill,52.30
Hunter+Priest_vs_Priest+Warlock,Hunter+Priest,Priest+Warlock,81,team2,kill,56.07
Hunter+Priest_vs_Priest+Warlock,Hunter+Priest,Priest+Warlock,82,team2,kill,41.55
Hunter+Priest_vs_Priest+Warlock,Hunter+Priest,Priest+Warlock,83,team2,kill,45.18
Hunter+Priest_vs_Priest+Warlock,Hunter+Priest,Priest+Warlock,84,team2,kill,41.32
Hunter+Priest_vs_Priest+Warlock,Hunter+Priest,Priest+Warlock,85,team2,kill,43.47
Hunter+Priest_vs_Priest+Warlock,Hunter+Priest,Priest+Warlock,86,team2,kill,48.12
Hunter+Priest_vs_Priest+Warlock,Hunter+Priest,Priest+Warlock,87,team2,kill,53.25
Hunter+Priest_vs_Priest+Warlock,Hunter+Priest,Priest+Warlock,88,team1,kill,62.43
Hunter+Priest_vs_Priest+Warlock,Hunter+Priest,Priest+Warlock,89,team2,kill,40.43
Hunter+Priest_vs_Priest+Warlock,Hunter+Priest,Priest+Warlock,90,team1,kill,59.47
Hunter+Priest_vs_Priest+Warlock,Hunter+Priest,Priest+Warlock,91,team1,kill,56.80
Hunter+Priest_vs_Priest+Warlock,Hunter+Priest,Priest+Warlock,92,team2,kill,50.10
Hunter+Priest_vs_Priest+Warlock,Hunter+Priest,Priest+Warlock,93,team2,kill,52.20
Hunter+Priest_vs_Priest+Warlock,Hunter+Priest,Priest+Warlock,94,team2,kill,29.18
Hunter+Priest_vs_Priest+Warlock,Hunter+Priest,Priest+Warlock,95,team1,kill,74.03
Hunter+Priest_vs_Priest+Warlock,Hunter+Priest,Priest+Warlock,96,team2,kill,59.52
Hunter+Priest_vs_Priest+Warlock,Hunter+Priest,Priest+Warlock,97,team1,kill,56.87
Hunter+Priest_vs_Priest+Warlock,Hunter+Priest,Priest+Warlock,98,team1,kill,58.30
Hunter+Priest_vs_Priest+Warlock,Hunter+Priest,Priest+Warlock,99,team2,kill,42.05
Hunter+Priest_vs_Priest+Hunter,Hunter+Priest,Priest+Hunter,0,team1,kill,46.70
Hunter+Priest_vs_Priest+Hunter,Hunter+Priest,Priest+Hunter,1,team1,kill,63.08
Hunter+Priest_vs_Priest+Hunter,Hunter+Priest,Priest+Hunter,2,team1,kill,56.63
Hunter+Priest_vs_Priest+Hunter,Hunter+Priest,Priest+Hunter,3,team2,kill,43.00
Hunter+Priest_vs_Priest+Hunter,Hunter+Priest,Priest+Hunter,4,team2,kill,57.88
Hunter+Priest_vs_Priest+Hunter,Hunter+Priest,Priest+Hunter,5,team2,kill,61.87
Hunter+Priest_vs_Priest+Hunter,Hunter+Priest,Priest+Hunter,6,team1,kill,56.18
Hunter+Priest_vs_Priest+Hunter,Hunter+Priest,Priest+Hunter,7,team1,kill,64.07
Hunter+Priest_vs_Priest+Hunter,Hunter+Priest,Priest+Hunter,8,team2,kill,60.07
Hunter+Priest_vs_Priest+Hunter,Hunter+Priest,Priest+Hunter,9,team1,kill,56.63
Hunter+Priest_vs_Priest+Hunter,Hunter+Priest,Priest+Hunter,10,team2,kill,59.02
Hunter+Priest_vs_Priest+Hunter,Hunter+Priest,Priest+Hunter,11,team2,kill,61.53
Hunter+Priest_vs_Priest+Hunter,Hunter+Priest,Priest+Hunter,12,team1,kill,60.85
Hunter+Priest_vs_Priest+Hunter,Hunter+Priest,Priest+Hunter,13,team2,kill,54.00
Hunter+Priest_vs_Priest+Hunter,Hunter+Priest,Priest+Hunter,14,team2,kill,59.02
Hunter+Priest_vs_Priest+Hunter,Hunter+Priest,Priest+Hunter,15,team2,kill,64.05
Hunter+Priest_vs_Priest+Hunter,Hunter+Priest,Priest+Hunter,16,team2,kill,56.50
Hunter+Priest_vs_Priest+Hunter,Hunter+Priest,Priest+Hunter,17,team1,kill,58.53
Hunter+Priest_vs_Priest+Hunter,Hunter+Priest,Priest+Hunter,18,team1,kill,51.60
Hunter+Priest_vs_Priest+Hunter,Hunter+Priest,Priest+Hunter,19,team2,kill,48.97
Hunter+Priest_vs_Priest+Hunter,Hunter+Priest,Priest+Hunter,20,team1,kill,56.63
Hunter+Priest_vs_Priest+Hunter,Hunter+Priest,Priest+Hunter,21,team2,kill,54.00
Hunter+Priest_vs_Priest+Hunter,Hunter+Priest,Priest+Hunter,22,team1,kill,57.93
Hunter+Priest_vs_Priest+Hunter,Hunter+Priest,Priest+Hunter,23,team1,kill,56.65
Hunter+Priest_vs_Priest+Hunter,Hunter+Priest,Priest+Hunter,24,team1,kill,53.85
Hunter+Priest_vs_Priest+Hunter,Hunter+Priest,Priest+Hunter,25,team2,kill,56.52
Hunter+Priest_vs_Priest+Hunter,Hunter+Priest,Priest+Hunter,26,team1,kill,51.67
Hunter+Priest_vs_Priest+Hunter,Hunter+Priest,Priest+Hunter,27,team2,kill,58.77
Hunter+Priest_vs_Priest+Hunter,Hunter+Priest,Priest+Hunter,28,team2,kill,61.53
Hunter+Priest_vs_Priest+Hunter,Hunter+Priest,Priest+Hunter,29,team1,kill,60.57
Hunter+Priest_vs_Priest+Hunter,Hunter+Priest,Priest+Hunter,30,team2,kill,54.00
Hunter+Priest_vs_Priest+Hunter,Hunter+Priest,Priest+Hunter,31,team2,kill,59.02
Hunter+Priest_vs_Priest+Hunter,Hunter+Priest,Priest+Hunter,32,team1,kill,61.67
Hunter+Priest_vs_Priest+Hunter,Hunter+Priest,Priest+Hunter,33,team1,kill,48.10
Hunter+Priest_vs_Priest+Hunter,Hunter+Priest,Priest+Hunter,34,team2,kill,57.07
Hunter+Priest_vs_Priest+Hunter,Hunter+Priest,Priest+Hunter,35,team1,kill,56.90
Hunter+Priest_vs_Priest+Hunter,Hunter+Priest,Priest+Hunter,36,team1,kill,54.13
Hunter+Priest_vs_Priest+Hunter,Hunter+Priest,Priest+Hunter,37,team1,kill,54.67
Hunter+Priest_vs_Priest+Hunter,Hunter+Priest,Priest+Hunter,38,team1,kill,54.13
Hunter+Priest_vs_Priest+Hunter,Hunter+Priest,Priest+Hunter,39,team1,kill,56.75
Hunter+Priest_vs_Priest+Hunter,Hunter+Priest,Priest+Hunter,40,team1,kill,59.15
Hunter+Priest_vs_Priest+Hunter,Hunter+Priest,Priest+Hunter,41,team2,kill,52.40
Hunter+Priest_vs_Priest+Hunter,Hunter+Priest,Priest+Hunter,42,team1,kill,57.18
Hunter+Priest_vs_Priest+Hunter,Hunter+Priest,Priest+Hunter,43,team2,kill,48.97
Hunter+Priest_vs_Priest+Hunter,Hunter+Priest,Priest+Hunter,44,team2,kill,55.23
Hunter+Priest_vs_Priest+Hunter,Hunter+Priest,Priest+Hunter,45,team2,kill,56.52
Hunter+Priest_vs_Priest+Hunter,Hunter+Priest,Priest+Hunter,46,team2,kill,54.58
Hunter+Priest_vs_Priest+Hunter,Hunter+Priest,Priest+Hunter,47,team1,kill,52.23
Hunter+Priest_vs_Priest+Hunter,Hunter+Priest,Priest+Hunter,48,team2,kill,48.97
Hunter+Priest_vs_Priest+Hunter,Hunter+Priest,Priest+Hunter,49,team1,kill,56.65
Hunter+Priest_vs_Priest+Hunter,Hunter+Priest,Priest+Hunter,50,team2,kill,62.77
Hunter+Priest_vs_Priest+Hunter,Hunter+Priest,Priest+Hunter,51,team1,kill,62.02
Hunter+Priest_vs_Priest+Hunter,Hunter+Priest,Priest+Hunter,52,team2,kill,57.47
Hunter+Priest_vs_Priest+Hunter,Hunter+Priest,Priest+Hunter,53,team1,kill,56.37
Hunter+Priest_vs_Priest+Hunter,Hunter+Priest,Priest+Hunter,54,team1,kill,56.37
Hunter+Priest_vs_Priest+Hunter,Hunter+Priest,Priest+Hunter,55,team2,kill,48.10
Hunter+Priest_vs_Priest+Hunter,Hunter+Priest,Priest+Hunter,56,team1,kill,51.62
Hunter+Priest_vs_Priest+Hunter,Hunter+Priest,Priest+Hunter,57,team1,kill,57.07
Hunter+Priest_vs_Priest+Hunter,Hunter+Priest,Priest+Hunter,58,team1,kill,54.13
Hunter+Priest_vs_Priest+Hunter,Hunter+Priest,Priest+Hunter,59,team2,kill,59.02
Hunter+Priest_vs_Priest+Hunter,Hunter+Priest,Priest+Hunter,60,team2,kill,53.98
Hunter+Priest_vs_Priest+Hunter,Hunter+Priest,Priest+Hunter,61,team2,kill,53.67
Hunter+Priest_vs_Priest+Hunter,Hunter+Priest,Priest+Hunter,62,team1,kill,51.62
Hunter+Priest_vs_Priest+Hunter,Hunter+Priest,Priest+Hunter,63,team1,kill,58.72
Hunter+Priest_vs_Priest+Hunter,Hunter+Priest,Priest+Hunter,64,team1,kill,59.78
Hunter+Priest_vs_Priest+Hunter,Hunter+Priest,Priest+Hunter,65,team1,kill,61.20
Hunter+Priest_vs_Priest+Hunter,Hunter+Priest,Priest+Hunter,66,team1,kill,59.70
Hunter+Priest_vs_Priest+Hunter,Hunter+Priest,Priest+Hunter,67,team1,kill,51.67
Hunter+Priest_vs_Priest+Hunter,Hunter+Priest,Priest+Hunter,68,team1,kill,59.17
Hunter+Priest_vs_Priest+Hunter,Hunter+Priest,Priest+Hunter,69,team2,kill,53.13
Hunter+Priest_vs_Priest+Hunter,Hunter+Priest,Priest+Hunter,70,team1,kill,44.07
Hunter+Priest_vs_Priest+Hunter,Hunter+Priest,Priest+Hunter,71,team2,kill,59.03
Hunter+Priest_vs_Priest+Hunter,Hunter+Priest,Priest+Hunter,72,team1,kill,58.87
Hunter+Priest_vs_Priest+Hunter,Hunter+Priest,Priest+Hunter,73,team2,kill,59.28
Hunter+Priest_vs_Priest+Hunter,Hunter+Priest,Priest+Hunter,74,team1,kill,54.17
Hunter+Priest_vs_Priest+Hunter,Hunter+Priest,Priest+Hunter,75,team1,kill,59.15
Hunter+Priest_vs_Priest+Hunter,Hunter+Priest,Priest+Hunter,76,team1,kill,52.38
Hunter+Priest_vs_Priest+Hunter,Hunter+Priest,Priest+Hunter,77,team1,kill,46.70
Hunter+Priest_vs_Priest+Hunter,Hunter+Priest,Priest+Hunter,78,team1,kill,55.87
Hunter+Priest_vs_Priest+Hunter,Hunter+Priest,Priest+Hunter,79,team1,kill,57.68
Hunter+Priest_vs_Priest+Hunter,Hunter+Priest,Priest+Hunter,80,team2,kill,59.58
Hunter+Priest_vs_Priest+Hunter,Hunter+Priest,Priest+Hunter,81,team1,kill,57.30
Hunter+Priest_vs_Priest+Hunter,Hunter+Priest,Priest+Hunter,82,team1,kill,57.18
Hunter+Priest_vs_Priest+Hunter,Hunter+Priest,Priest+Hunter,83,team1,kill,58.10
Hunter+Priest_vs_Priest+Hunter,Hunter+Priest,Priest+Hunter,84,team1,kill,56.67
Hunter+Priest_vs_Priest+Hunter,Hunter+Priest,Priest+Hunter,85,team1,kill,57.68
Hunter+Priest_vs_Priest+Hunter,Hunter+Priest,Priest+Hunter,86,team2,kill,49.68
Hunter+Priest_vs_Priest+Hunter,Hunter+Priest,Priest+Hunter,87,team1,kill,57.30
Hunter+Priest_vs_Priest+Hunter,Hunter+Priest,Priest+Hunter,88,team1,kill,60.07
Hunter+Priest_vs_Priest+Hunter,Hunter+Priest,Priest+Hunter,89,team2,kill,45.77
Hunter+Priest_vs_Priest+Hunter,Hunter+Priest,Priest+Hunter,90,team1,kill,49.10
Hunter+Priest_vs_Priest+Hunter,Hunter+Priest,Priest+Hunter,91,team1,kill,51.62
Hunter+Priest_vs_Priest+Hunter,Hunter+Priest,Priest+Hunter,92,team1,kill,61.67
Hunter+Priest_vs_Priest+Hunter,Hunter+Priest,Priest+Hunter,93,team1,kill,55.58
Hunter+Priest_vs_Priest+Hunter,Hunter+Priest,Priest+Hunter,94,team1,kill,56.63
Hunter+Priest_vs_Priest+Hunter,Hunter+Priest,Priest+Hunter,95,team2,kill,49.77
Hunter+Priest_vs_Priest+Hunter,Hunter+Priest,Priest+Hunter,96,team2,kill,61.55
Hunter+Priest_vs_Priest+Hunter,Hunter+Priest,Priest+Hunter,97,team1,kill,59.23
Hunter+Priest_vs_Priest+Hunter,Hunter+Priest,Priest+Hunter,98,team2,kill,52.03
Hunter+Priest_vs_Priest+Hunter,Hunter+Priest,Priest+Hunter,99,team1,kill,55.60
Hunter+Priest_vs_Warlock+Paladin,Hunter+Priest,Warlock+Paladin,0,team2,kill,51.70
Hunter+Priest_vs_Warlock+Paladin,Hunter+Priest,Warlock+Paladin,1,team2,kill,68.25
Hunter+Priest_vs_Warlock+Paladin,Hunter+Priest,Warlock+Paladin,2,team2,kill,55.37
Hunter+Priest_vs_Warlock+Paladin,Hunter+Priest,Warlock+Paladin,3,team2,kill,66.70
Hunter+Priest_vs_Warlock+Paladin,Hunter+Priest,Warlock+Paladin,4,team2,kill,60.45
Hunter+Priest_vs_Warlock+Paladin,Hunter+Priest,Warlock+Paladin,5,team2,kill,59.07
Hunter+Priest_vs_Warlock+Paladin,Hunter+Priest,Warlock+Paladin,6,team2,kill,61.93
Hunter+Priest_vs_Warlock+Paladin,Hunter+Priest,Warlock+Paladin,7,team2,kill,62.85
Hunter+Priest_vs_Warlock+Paladin,Hunter+Priest,Warlock+Paladin,8,team2,kill,63.67
Hunter+Priest_vs_Warlock+Paladin,Hunter+Priest,Warlock+Paladin,9,team1,kill,80.37
Hunter+Priest_vs_Warlock+Paladin,Hunter+Priest,Warlock+Paladin,10,team2,kill,62.33
Hunter+Priest_vs_Warlock+Paladin,Hunter+Priest,Warlock+Paladin,11,team1,kill,78.70
Hunter+Priest_vs_Warlock+Paladin,Hunter+Priest,Warlock+Paladin,12,team2,kill,66.55
Hunter+Priest_vs_Warlock+Paladin,Hunter+Priest,Warlock+Paladin,13,team1,kill,89.59
Hunter+Priest_vs_Warlock+Paladin,Hunter+Priest,Warlock+Paladin,14,team2,kill,53.52
Hunter+Priest_vs_Warlock+Paladin,Hunter+Priest,Warlock+Paladin,15,team2,kill,69.72
Hunter+Priest_vs_Warlock+Paladin,Hunter+Priest,Warlock+Paladin,16,team2,kill,68.30
Hunter+Priest_vs_Warlock+Paladin,Hunter+Priest,Warlock+Paladin,17,team2,kill,69.77
Hunter+Priest_vs_Warlock+Paladin,Hunter+Priest,Warlock+Paladin,18,team2,kill,64.35
Hunter+Priest_vs_Warlock+Paladin,Hunter+Priest,Warlock+Paladin,19,team2,kill,67.60
Hunter+Priest_vs_Warlock+Paladin,Hunter+Priest,Warlock+Paladin,20,team2,kill,68.15
Hunter+Priest_vs_Warlock+Paladin,Hunter+Priest,Warlock+Paladin,21,team2,kill,58.63
Hunter+Priest_vs_Warlock+Paladin,Hunter+Priest,Warlock+Paladin,22,team2,kill,60.75
Hunter+Priest_vs_Warlock+Paladin,Hunter+Priest,Warlock+Paladin,23,team1,kill,76.62
Hunter+Priest_vs_Warlock+Paladin,Hunter+Priest,Warlock+Paladin,24,team2,kill,67.57
Hunter+Priest_vs_Warlock+Paladin,Hunter+Priest,Warlock+Paladin,25,team2,kill,60.85
Hunter+Priest_vs_Warlock+Paladin,Hunter+Priest,Warlock+Paladin,26,team2,kill,56.42
Hunter+Priest_vs_Warlock+Paladin,Hunter+Priest,Warlock+Paladin,27,team2,kill,65.40
Hunter+Priest_vs_Warlock+Paladin,Hunter+Priest,Warlock+Paladin,28,team2,kill,55.40
Hunter+Priest_vs_Warlock+Paladin,Hunter+Priest,Warlock+Paladin,29,team2,kill,61.47
Hunter+Priest_vs_Warlock+Paladin,Hunter+Priest,Warlock+Paladin,30,team2,kill,64.23
Hunter+Priest_vs_Warlock+Paladin,Hunter+Priest,Warlock+Paladin,31,team2,kill,65.43
Hunter+Priest_vs_Warlock+Paladin,Hunter+Priest,Warlock+Paladin,32,team2,kill,69.03
Hunter+Priest_vs_Warlock+Paladin,Hunter+Priest,Warlock+Paladin,33,team2,kill,65.27
Hunter+Priest_vs_Warlock+Paladin,Hunter+Priest,Warlock+Paladin,34,team2,kill,48.75
Hunter+Priest_vs_Warlock+Paladin,Hunter+Priest,Warlock+Paladin,35,team2,kill,62.80
Hunter+Priest_vs_Warlock+Paladin,Hunter+Priest,Warlock+Paladin,36,team1,kill,95.24
Hunter+Priest_vs_Warlock+Paladin,Hunter+Priest,Warlock+Paladin,37,team2,kill,69.72
Hunter+Priest_vs_Warlock+Paladin,Hunter+Priest,Warlock+Paladin,38,team2,kill,55.35
Hunter+Priest_vs_Warlock+Paladin,Hunter+Priest,Warlock+Paladin,39,team2,kill,69.30
Hunter+Priest_vs_Warlock+Paladin,Hunter+Priest,Warlock+Paladin,40,team2,kill,63.75
Hunter+Priest_vs_Warlock+Paladin,Hunter+Priest,Warlock+Paladin,41,team2,kill,67.62
Hunter+Priest_vs_Warlock+Paladin,Hunter+Priest,Warlock+Paladin,42,team2,kill,70.60
Hunter+Priest_vs_Warlock+Paladin,Hunter+Priest,Warlock+Paladin,43,team2,kill,58.18
Hunter+Priest_vs_Warlock+Paladin,Hunter+Priest,Warlock+Paladin,44,team2,kill,57.95
Hunter+Priest_vs_Warlock+Paladin,Hunter+Priest,Warlock+Paladin,45,team2,kill,70.45
Hunter+Priest_vs_Warlock+Paladin,Hunter+Priest,Warlock+Paladin,46,team2,kill,66.97
Hunter+Priest_vs_Warlock+Paladin,Hunter+Priest,Warlock+Paladin,47,team2,kill,68.38
Hunter+Priest_vs_Warlock+Paladin,Hunter+Priest,Warlock+Paladin,48,team2,kill,51.07
Hunter+Priest_vs_Warlock+Paladin,Hunter+Priest,Warlock+Paladin,49,team2,kill,57.55
Hunter+Priest_vs_Warlock+Paladin,Hunter+Priest,Warlock+Paladin,50,team1,kill,78.19
Hunter+Priest_vs_Warlock+Paladin,Hunter+Priest,Warlock+Paladin,51,team2,kill,51.33
Hunter+Priest_vs_Warlock+Paladin,Hunter+Priest,Warlock+Paladin,52,team1,kill,134.11
Hunter+Priest_vs_Warlock+Paladin,Hunter+Priest,Warlock+Paladin,53,team2,kill,65.18
Hunter+Priest_vs_Warlock+Paladin,Hunter+Priest,Warlock+Paladin,54,team2,kill,62.53
Hunter+Priest_vs_Warlock+Paladin,Hunter+Priest,Warlock+Paladin,55,team2,kill,70.02
Hunter+Priest_vs_Warlock+Paladin,Hunter+Priest,Warlock+Paladin,56,team2,kill,70.77
Hunter+Priest_vs_Warlock+Paladin,Hunter+Priest,Warlock+Paladin,57,team2,kill,66.70
Hunter+Priest_vs_Warlock+Paladin,Hunter+Priest,Warlock+Paladin,58,team2,kill,52.75
Hunter+Priest_vs_Warlock+Paladin,Hunter+Priest,Warlock+Paladin,59,team2,kill,63.58
Hunter+Priest_vs_Warlock+Paladin,Hunter+Priest,Warlock+Paladin,60,team2,kill,59.08
Hunter+Priest_vs_Warlock+Paladin,Hunter+Priest,Warlock+Paladin,61,team2,kill,58.77
Hunter+Priest_vs_Warlock+Paladin,Hunter+Priest,Warlock+Paladin,62,team2,kill,52.48
Hunter+Priest_vs_Warlock+Paladin,Hunter+Priest,Warlock+Paladin,63,team2,kill,61.75
Hunter+Priest_vs_Warlock+Paladin,Hunter+Priest,Warlock+Paladin,64,team2,kill,65.32
Hunter+Priest_vs_Warlock+Paladin,Hunter+Priest,Warlock+Paladin,65,team2,kill,60.62
Hunter+Priest_vs_Warlock+Paladin,Hunter+Priest,Warlock+Paladin,66,team2,kill,55.55
Hunter+Priest_vs_Warlock+Paladin,Hunter+Priest,Warlock+Paladin,67,team2,kill,70.98
Hunter+Priest_vs_Warlock+Paladin,Hunter+Priest,Warlock+Paladin,68,team1,kill,160.22
Hunter+Priest_vs_Warlock+Paladin,Hunter+Priest,Warlock+Paladin,69,team2,kill,55.47
Hunter+Priest_vs_Warlock+Paladin,Hunter+Priest,Warlock+Paladin,70,team2,kill,50.48
Hunter+Priest_vs_Warlock+Paladin,Hunter+Priest,Warlock+Paladin,71,team2,kill,58.33
Hunter+Priest_vs_Warlock+Paladin,Hunter+Priest,Warlock+Paladin,72,team2,kill,61.40
Hunter+Priest_vs_Warlock+Paladin,Hunter+Priest,Warlock+Paladin,73,team2,kill,70.38
Hunter+Priest_vs_Warlock+Paladin,Hunter+Priest,Warlock+Paladin,74,team2,kill,59.07
Hunter+Priest_vs_Warlock+Paladin,Hunter+Priest,Warlock+Paladin,75,team2,kill,47.98
Hunter+Priest_vs_Warlock+Paladin,Hunter+Priest,Warlock+Paladin,76,team2,kill,65.62
Hunter+Priest_vs_Warlock+Paladin,Hunter+Priest,Warlock+Paladin,77,team2,kill,66.03
Hunter+Priest_vs_Warlock+Paladin,Hunter+Priest,Warlock+Paladin,78,team2,kill,60.92
Hunter+Priest_vs_Warlock+Paladin,Hunter+Priest,Warlock+Paladin,79,team2,kill,58.50
Hunter+Priest_vs_Warlock+Paladin,Hunter+Priest,Warlock+Paladin,80,team2,kill,51.58
Hunter+Priest_vs_Warlock+Paladin,Hunter+Priest,Warlock+Paladin,81,team2,kill,50.67
Hunter+Priest_vs_Warlock+Paladin,Hunter+Priest,Warlock+Paladin,82,team2,kill,66.78
Hunter+Priest_vs_Warlock+Paladin,Hunter+Priest,Warlock+Paladin,83,team2,kill,61.50
Hunter+Priest_vs_Warlock+Paladin,Hunter+Priest,Warlock+Paladin,84,team2,kill,61.17
Hunter+Priest_vs_Warlock+Paladin,Hunter+Priest,Warlock+Paladin,85,team2,kill,58.00
Hunter+Priest_vs_Warlock+Paladin,Hunter+Priest,Warlock+Paladin,86,team2,kill,52.73
Hunter+Priest_vs_Warlock+Paladin,Hunter+Priest,Warlock+Paladin,87,team2,kill,71.37
Hunter+Priest_vs_Warlock+Paladin,Hunter+Priest,Warlock+Paladin,88,team2,kill,69.72
Hunter+Priest_vs_Warlock+Paladin,Hunter+Priest,Warlock+Paladin,89,team2,kill,65.08
Hunter+Priest_vs_Warlock+Paladin,Hunter+Priest,Warlock+Paladin,90,team2,kill,68.98
Hunter+Priest_vs_Warlock+Paladin,Hunter+Priest,Warlock+Paladin,91,team2,kill,61.75
Hunter+Priest_vs_Warlock+Paladin,Hunter+Priest,Warlock+Paladin,92,team2,kill,66.73
Hunter+Priest_vs_Warlock+Paladin,Hunter+Priest,Warlock+Paladin,93,team2,kill,64.10
Hunter+Priest_vs_Warlock+Paladin,Hunter+Priest,Warlock+Paladin,94,team2,kill,64.33
Hunter+Priest_vs_Warlock+Paladin,Hunter+Priest,Warlock+Paladin,95,team2,kill,60.75
Hunter+Priest_vs_Warlock+Paladin,Hunter+Priest,Warlock+Paladin,96,team2,kill,60.12
Hunter+Priest_vs_Warlock+Paladin,Hunter+Priest,Warlock+Paladin,97,team2,kill,60.10
Hunter+Priest_vs_Warlock+Paladin,Hunter+Priest,Warlock+Paladin,98,team2,kill,62.27
Hunter+Priest_vs_Warlock+Paladin,Hunter+Priest,Warlock+Paladin,99,team2,kill,62.63
Hunter+Priest_vs_Warlock+Hunter,Hunter+Priest,Warlock+Hunter,0,team1,kill,29.60
Hunter+Priest_vs_Warlock+Hunter,Hunter+Priest,Warlock+Hunter,1,team1,kill,33.45
Hunter+Priest_vs_Warlock+Hunter,Hunter+Priest,Warlock+Hunter,2,team1,kill,34.65
Hunter+Priest_vs_Warlock+Hunter,Hunter+Priest,Warlock+Hunter,3,team1,kill,31.17
Hunter+Priest_vs_Warlock+Hunter,Hunter+Priest,Warlock+Hunter,4,team1,kill,30.38
Hunter+Priest_vs_Warlock+Hunter,Hunter+Priest,Warlock+Hunter,5,team1,kill,28.95
Hunter+Priest_vs_Warlock+Hunter,Hunter+Priest,Warlock+Hunter,6,team1,kill,30.80
Hunter+Priest_vs_Warlock+Hunter,Hunter+Priest,Warlock+Hunter,7,team1,kill,27.20
Hunter+Priest_vs_Warlock+Hunter,Hunter+Priest,Warlock+Hunter,8,team1,kill,31.60
Hunter+Priest_vs_Warlock+Hunter,Hunter+Priest,Warlock+Hunter,9,team1,kill,27.30
Hunter+Priest_vs_Warlock+Hunter,Hunter+Priest,Warlock+Hunter,10,team1,kill,26.85
Hunter+Priest_vs_Warlock+Hunter,Hunter+Priest,Warlock+Hunter,11,team1,kill,34.60
Hunter+Priest_vs_Warlock+Hunter,Hunter+Priest,Warlock+Hunter,12,team1,kill,27.30
Hunter+Priest_vs_Warlock+Hunter,Hunter+Priest,Warlock+Hunter,13,team1,kill,33.90
Hunter+Priest_vs_Warlock+Hunter,Hunter+Priest,Warlock+Hunter,14,team1,kill,26.85
Hunter+Priest_vs_Warlock+Hunter,Hunter+Priest,Warlock+Hunter,15,team1,kill,33.45
Hunter+Priest_vs_Warlock+Hunter,Hunter+Priest,Warlock+Hunter,16,team1,kill,26.85
Hunter+Priest_vs_Warlock+Hunter,Hunter+Priest,Warlock+Hunter,17,team1,kill,28.03
Hunter+Priest_vs_Warlock+Hunter,Hunter+Priest,Warlock+Hunter,18,team1,kill,27.20
Hunter+Priest_vs_Warlock+Hunter,Hunter+Priest,Warlock+Hunter,19,team1,kill,28.95
Hunter+Priest_vs_Warlock+Hunter,Hunter+Priest,Warlock+Hunter,20,team1,kill,27.10
Hunter+Priest_vs_Warlock+Hunter,Hunter+Priest,Warlock+Hunter,21,team1,kill,28.03
Hunter+Priest_vs_Warlock+Hunter,Hunter+Priest,Warlock+Hunter,22,team1,kill,33.48
Hunter+Priest_vs_Warlock+Hunter,Hunter+Priest,Warlock+Hunter,23,team1,kill,26.60
Hunter+Priest_vs_Warlock+Hunter,Hunter+Priest,Warlock+Hunter,24,team1,kill,27.30
Hunter+Priest_vs_Warlock+Hunter,Hunter+Priest,Warlock+Hunter,25,team1,kill,27.20
Hunter+Priest_vs_Warlock+Hunter,Hunter+Priest,Warlock+Hunter,26,team1,kill,33.45
Hunter+Priest_vs_Warlock+Hunter,Hunter+Priest,Warlock+Hunter,27,team1,kill,29.60
Hunter+Priest_vs_Warlock+Hunter,Hunter+Priest,Warlock+Hunter,28,team1,kill,24.12
Hunter+Priest_vs_Warlock+Hunter,Hunter+Priest,Warlock+Hunter,29,team2,kill,24.97
Hunter+Priest_vs_Warlock+Hunter,Hunter+Priest,Warlock+Hunter,30,team1,kill,27.20
Hunter+Priest_vs_Warlock+Hunter,Hunter+Priest,Warlock+Hunter,31,team1,kill,28.27
Hunter+Priest_vs_Warlock+Hunter,Hunter+Priest,Warlock+Hunter,32,team2,kill,24.88
Hunter+Priest_vs_Warlock+Hunter,Hunter+Priest,Warlock+Hunter,33,team1,kill,30.80
Hunter+Priest_vs_Warlock+Hunter,Hunter+Priest,Warlock+Hunter,34,team1,kill,29.25
Hunter+Priest_vs_Warlock+Hunter,Hunter+Priest,Warlock+Hunter,35,team1,kill,33.47
Hunter+Priest_vs_Warlock+Hunter,Hunter+Priest,Warlock+Hunter,36,team1,kill,34.45
Hunter+Priest_vs_Warlock+Hunter,Hunter+Priest,Warlock+Hunter,37,team1,kill,28.17
Hunter+Priest_vs_Warlock+Hunter,Hunter+Priest,Warlock+Hunter,38,team1,kill,30.38
Hunter+Priest_vs_Warlock+Hunter,Hunter+Priest,Warlock+Hunter,39,team1,kill,34.13
Hunter+Priest_vs_Warlock+Hunter,Hunter+Priest,Warlock+Hunter,40,team1,kill,27.72
Hunter+Priest_vs_Warlock+Hunter,Hunter+Priest,Warlock+Hunter,41,team1,kill,31.37
Hunter+Priest_vs_Warlock+Hunter,Hunter+Priest,Warlock+Hunter,42,team1,kill,33.73
Hunter+Priest_vs_Warlock+Hunter,Hunter+Priest,Warlock+Hunter,43,team1,kill,34.45
Hunter+Priest_vs_Warlock+Hunter,Hunter+Priest,Warlock+Hunter,44,team1,kill,30.80
Hunter+Priest_vs_Warlock+Hunter,Hunter+Priest,Warlock+Hunter,45,team1,kill,32.07
Hunter+Priest_vs_Warlock+Hunter,Hunter+Priest,Warlock+Hunter,46,team2,kill,24.88
Hunter+Priest_vs_Warlock+Hunter,Hunter+Priest,Warlock+Hunter,47,team1,kill,31.42
Hunter+Priest_vs_Warlock+Hunter,Hunter+Priest,Warlock+Hunter,48,team1,kill,31.95
Hunter+Priest_vs_Warlock+Hunter,Hunter+Priest,Warlock+Hunter,49,team1,kill,29.60
Hunter+Priest_vs_Warlock+Hunter,Hunter+Priest,Warlock+Hunter,50,team2,kill,26.20
Hunter+Priest_vs_Warlock+Hunter,Hunter+Priest,Warlock+Hunter,51,team1,kill,30.80
Hunter+Priest_vs_Warlock+Hunter,Hunter+Priest,Warlock+Hunter,52,team1,kill,28.17
Hunter+Priest_vs_Warlock+Hunter,Hunter+Priest,Warlock+Hunter,53,team1,kill,27.67
Hunter+Priest_vs_Warlock+Hunter,Hunter+Priest,Warlock+Hunter,54,team1,kill,27.20
Hunter+Priest_vs_Warlock+Hunter,Hunter+Priest,Warlock+Hunter,55,team1,kill,27.38
Hunter+Priest_vs_Warlock+Hunter,Hunter+Priest,Warlock+Hunter,56,team1,kill,28.27
Hunter+Priest_vs_Warlock+Hunter,Hunter+Priest,Warlock+Hunter,57,team1,kill,27.20
Hunter+Priest_vs_Warlock+Hunter,Hunter+Priest,Warlock+Hunter,58,team1,kill,26.47
Hunter+Priest_vs_Warlock+Hunter,Hunter+Priest,Warlock+Hunter,59,team1,kill,32.73
Hunter+Priest_vs_Warlock+Hunter,Hunter+Priest,Warlock+Hunter,60,team1,kill,31.60
Hunter+Priest_vs_Warlock+Hunter,Hunter+Priest,Warlock+Hunter,61,team2,kill,23.70
Hunter+Priest_vs_Warlock+Hunter,Hunter+Priest,Warlock+Hunter,62,team1,kill,29.07
Hunter+Priest_vs_Warlock+Hunter,Hunter+Priest,Warlock+Hunter,63,team1,kill,30.38
Hunter+Priest_vs_Warlock+Hunter,Hunter+Priest,Warlock+Hunter,64,team2,kill,28.80
Hunter+Priest_vs_Warlock+Hunter,Hunter+Priest,Warlock+Hunter,65,team1,kill,30.80
Hunter+Priest_vs_Warlock+Hunter,Hunter+Priest,Warlock+Hunter,66,team1,kill,26.58
Hunter+Priest_vs_Warlock+Hunter,Hunter+Priest,Warlock+Hunter,67,team1,kill,26.85
Hunter+Priest_vs_Warlock+Hunter,Hunter+Priest,Warlock+Hunter,68,team1,kill,27.10
Hunter+Priest_vs_Warlock+Hunter,Hunter+Priest,Warlock+Hunter,69,team1,kill,26.57
Hunter+Priest_vs_Warlock+Hunter,Hunter+Priest,Warlock+Hunter,70,team2,kill,26.20
Hunter+Priest_vs_Warlock+Hunter,Hunter+Priest,Warlock+Hunter,71,team1,kill,34.45
Hunter+Priest_vs_Warlock+Hunter,Hunter+Priest,Warlock+Hunter,72,team1,kill,28.27
Hunter+Priest_vs_Warlock+Hunter,Hunter+Priest,Warlock+Hunter,73,team1,kill,26.85
Hunter+Priest_vs_Warlock+Hunter,Hunter+Priest,Warlock+Hunter,74,team1,kill,26.88
Hunter+Priest_vs_Warlock+Hunter,Hunter+Priest,Warlock+Hunter,75,team1,kill,32.07
Hunter+Priest_vs_Warlock+Hunter,Hunter+Priest,Warlock+Hunter,76,team1,kill,35.63
Hunter+Priest_vs_Warlock+Hunter,Hunter+Priest,Warlock+Hunter,77,team1,kill,31.95
Hunter+Priest_vs_Warlock+Hunter,Hunter+Priest,Warlock+Hunter,78,team2,kill,26.90
Hunter+Priest_vs_Warlock+Hunter,Hunter+Priest,Warlock+Hunter,79,team1,kill,27.20
Hunter+Priest_vs_Warlock+Hunter,Hunter+Priest,Warlock+Hunter,80,team1,kill,23.33
Hunter+Priest_vs_Warlock+Hunter,Hunter+Priest,Warlock+Hunter,81,team1,kill,27.07
Hunter+Priest_vs_Warlock+Hunter,Hunter+Priest,Warlock+Hunter,82,team1,kill,26.87
Hunter+Priest_vs_Warlock+Hunter,Hunter+Priest,Warlock+Hunter,83,team1,kill,34.65
Hunter+Priest_vs_Warlock+Hunter,Hunter+Priest,Warlock+Hunter,84,team1,kill,27.38
Hunter+Priest_vs_Warlock+Hunter,Hunter+Priest,Warlock+Hunter,85,team1,kill,31.95
Hunter+Priest_vs_Warlock+Hunter,Hunter+Priest,Warlock+Hunter,86,team1,kill,27.10
Hunter+Priest_vs_Warlock+Hunter,Hunter+Priest,Warlock+Hunter,87,team1,kill,32.87
Hunter+Priest_vs_Warlock+Hunter,Hunter+Priest,Warlock+Hunter,88,team1,kill,29.07
Hunter+Priest_vs_Warlock+Hunter,Hunter+Priest,Warlock+Hunter,89,team1,kill,33.45
Hunter+Priest_vs_Warlock+Hunter,Hunter+Priest,Warlock+Hunter,90,team1,kill,30.33
Hunter+Priest_vs_Warlock+Hunter,Hunter+Priest,Warlock+Hunter,91,team1,kill,29.60
Hunter+Priest_vs_Warlock+Hunter,Hunter+Priest,Warlock+Hunter,92,team1,kill,34.37
Hunter+Priest_vs_Warlock+Hunter,Hunter+Priest,Warlock+Hunter,93,team1,kill,26.47
Hunter+Priest_vs_Warlock+Hunter,Hunter+Priest,Warlock+Hunter,94,team1,kill,33.47
Hunter+Priest_vs_Warlock+Hunter,Hunter+Priest,Warlock+Hunter,95,team1,kill,27.20
Hunter+Priest_vs_Warlock+Hunter,Hunter+Priest,Warlock+Hunter,96,team1,kill,30.38
Hunter+Priest_vs_Warlock+Hunter,Hunter+Priest,Warlock+Hunter,97,team1,kill,27.30
Hunter+Priest_vs_Warlock+Hunter,Hunter+Priest,Warlock+Hunter,98,team1,kill,29.30
Hunter+Priest_vs_Warlock+Hunter,Hunter+Priest,Warlock+Hunter,99,team1,kill,27.38
Hunter+Priest_vs_Warlock+Shaman,Hunter+Priest,Warlock+Shaman,0,team2,kill,42.03
Hunter+Priest_vs_Warlock+Shaman,Hunter+Priest,Warlock+Shaman,1,team2,kill,33.68
Hunter+Priest_vs_Warlock+Shaman,Hunter+Priest,Warlock+Shaman,2,team2,kill,42.03
Hunter+Priest_vs_Warlock+Shaman,Hunter+Priest,Warlock+Shaman,3,team2,kill,35.40
Hunter+Priest_vs_Warlock+Shaman,Hunter+Priest,Warlock+Shaman,4,team2,kill,42.17
Hunter+Priest_vs_Warlock+Shaman,Hunter+Priest,Warlock+Shaman,5,team2,kill,45.93
Hunter+Priest_vs_Warlock+Shaman,Hunter+Priest,Warlock+Shaman,6,team2,kill,28.18
Hunter+Priest_vs_Warlock+Shaman,Hunter+Priest,Warlock+Shaman,7,team2,kill,35.12
Hunter+Priest_vs_Warlock+Shaman,Hunter+Priest,Warlock+Shaman,8,team2,kill,39.08
Hunter+Priest_vs_Warlock+Shaman,Hunter+Priest,Warlock+Shaman,9,team2,kill,39.78
Hunter+Priest_vs_Warlock+Shaman,Hunter+Priest,Warlock+Shaman,10,team2,kill,38.77
Hunter+Priest_vs_Warlock+Shaman,Hunter+Priest,Warlock+Shaman,11,team2,kill,35.40
Hunter+Priest_vs_Warlock+Shaman,Hunter+Priest,Warlock+Shaman,12,team2,kill,37.38
Hunter+Priest_vs_Warlock+Shaman,Hunter+Priest,Warlock+Shaman,13,team2,kill,38.88
Hunter+Priest_vs_Warlock+Shaman,Hunter+Priest,Warlock+Shaman,14,team2,kill,45.43
Hunter+Priest_vs_Warlock+Shaman,Hunter+Priest,Warlock+Shaman,15,team2,kill,36.20
Hunter+Priest_vs_Warlock+Shaman,Hunter+Priest,Warlock+Shaman,16,team2,kill,40.27
Hunter+Priest_vs_Warlock+Shaman,Hunter+Priest,Warlock+Shaman,17,team2,kill,42.40
Hunter+Priest_vs_Warlock+Shaman,Hunter+Priest,Warlock+Shaman,18,team2,kill,46.35
Hunter+Priest_vs_Warlock+Shaman,Hunter+Priest,Warlock+Shaman,19,team2,kill,43.60
Hunter+Priest_vs_Warlock+Shaman,Hunter+Priest,Warlock+Shaman,20,team2,kill,40.13
Hunter+Priest_vs_Warlock+Shaman,Hunter+Priest,Warlock+Shaman,21,team2,kill,41.17
Hunter+Priest_vs_Warlock+Shaman,Hunter+Priest,Warlock+Shaman,22,team2,kill,37.25
Hunter+Priest_vs_Warlock+Shaman,Hunter+Priest,Warlock+Shaman,23,team2,kill,31.37
Hunter+Priest_vs_Warlock+Shaman,Hunter+Priest,Warlock+Shaman,24,team2,kill,38.70
Hunter+Priest_vs_Warlock+Shaman,Hunter+Priest,Warlock+Shaman,25,team2,kill,40.12
Hunter+Priest_vs_Warlock+Shaman,Hunter+Priest,Warlock+Shaman,26,team2,kill,36.10
Hunter+Priest_vs_Warlock+Shaman,Hunter+Priest,Warlock+Shaman,27,team2,kill,41.60
Hunter+Priest_vs_Warlock+Shaman,Hunter+Priest,Warlock+Shaman,28,team2,kill,29.17
Hunter+Priest_vs_Warlock+Shaman,Hunter+Priest,Warlock+Shaman,29,team2,kill,42.03
Hunter+Priest_vs_Warlock+Shaman,Hunter+Priest,Warlock+Shaman,30,team2,kill,33.15
Hunter+Priest_vs_Warlock+Shaman,Hunter+Priest,Warlock+Shaman,31,team2,kill,42.23
Hunter+Priest_vs_Warlock+Shaman,Hunter+Priest,Warlock+Shaman,32,team2,kill,42.03
Hunter+Priest_vs_Warlock+Shaman,Hunter+Priest,Warlock+Shaman,33,team2,kill,32.97
Hunter+Priest_vs_Warlock+Shaman,Hunter+Priest,Warlock+Shaman,34,team2,kill,35.23
Hunter+Priest_vs_Warlock+Shaman,Hunter+Priest,Warlock+Shaman,35,team2,kill,42.23
Hunter+Priest_vs_Warlock+Shaman,Hunter+Priest,Warlock+Shaman,36,team2,kill,38.65
Hunter+Priest_vs_Warlock+Shaman,Hunter+Priest,Warlock+Shaman,37,team2,kill,37.28
Hunter+Priest_vs_Warlock+Shaman,Hunter+Priest,Warlock+Shaman,38,team2,kill,40.07
Hunter+Priest_vs_Warlock+Shaman,Hunter+Priest,Warlock+Shaman,39,team2,kill,35.28
Hunter+Priest_vs_Warlock+Shaman,Hunter+Priest,Warlock+Shaman,40,team2,kill,40.52
Hunter+Priest_vs_Warlock+Shaman,Hunter+Priest,Warlock+Shaman,41,team2,kill,39.38
Hunter+Priest_vs_Warlock+Shaman,Hunter+Priest,Warlock+Shaman,42,team2,kill,31.77
Hunter+Priest_vs_Warlock+Shaman,Hunter+Priest,Warlock+Shaman,43,team2,kill,33.15
Hunter+Priest_vs_Warlock+Shaman,Hunter+Priest,Warlock+Shaman,44,team2,kill,39.72
Hunter+Priest_vs_Warlock+Shaman,Hunter+Priest,Warlock+Shaman,45,team2,kill,37.25
Hunter+Priest_vs_Warlock+Shaman,Hunter+Priest,Warlock+Shaman,46,team2,kill,42.05
Hunter+Priest_vs_Warlock+Shaman,Hunter+Priest,Warlock+Shaman,47,team2,kill,35.40
Hunter+Priest_vs_Warlock+Shaman,Hunter+Priest,Warlock+Shaman,48,team2,kill,33.15
Hunter+Priest_vs_Warlock+Shaman,Hunter+Priest,Warlock+Shaman,49,team2,kill,41.07
Hunter+Priest_vs_Warlock+Shaman,Hunter+Priest,Warlock+Shaman,50,team2,kill,37.25
Hunter+Priest_vs_Warlock+Shaman,Hunter+Priest,Warlock+Shaman,51,team2,kill,32.97
Hunter+Priest_vs_Warlock+Shaman,Hunter+Priest,Warlock+Shaman,52,team2,kill,37.07
Hunter+Priest_vs_Warlock+Shaman,Hunter+Priest,Warlock+Shaman,53,team2,kill,32.73
Hunter+Priest_vs_Warlock+Shaman,Hunter+Priest,Warlock+Shaman,54,team2,kill,32.97
Hunter+Priest_vs_Warlock+Shaman,Hunter+Priest,Warlock+Shaman,55,team2,kill,42.70
Hunter+Priest_vs_Warlock+Shaman,Hunter+Priest,Warlock+Shaman,56,team2,kill,40.10
Hunter+Priest_vs_Warlock+Shaman,Hunter+Priest,Warlock+Shaman,57,team2,kill,40.15
Hunter+Priest_vs_Warlock+Shaman,Hunter+Priest,Warlock+Shaman,58,team2,kill,39.07
Hunter+Priest_vs_Warlock+Shaman,Hunter+Priest,Warlock+Shaman,59,team2,kill,37.53
Hunter+Priest_vs_Warlock+Shaman,Hunter+Priest,Warlock+Shaman,60,team2,kill,38.25
Hunter+Priest_vs_Warlock+Shaman,Hunter+Priest,Warlock+Shaman,61,team2,kill,44.95
Hunter+Priest_vs_Warlock+Shaman,Hunter+Priest,Warlock+Shaman,62,team2,kill,37.05
Hunter+Priest_vs_Warlock+Shaman,Hunter+Priest,Warlock+Shaman,63,team2,kill,39.53
Hunter+Priest_vs_Warlock+Shaman,Hunter+Priest,Warlock+Shaman,64,team2,kill,39.23
Hunter+Priest_vs_Warlock+Shaman,Hunter+Priest,Warlock+Shaman,65,team2,kill,16.78
Hunter+Priest_vs_Warlock+Shaman,Hunter+Priest,Warlock+Shaman,66,team2,kill,42.72
Hunter+Priest_vs_Warlock+Shaman,Hunter+Priest,Warlock+Shaman,67,team2,kill,41.05
Hunter+Priest_vs_Warlock+Shaman,Hunter+Priest,Warlock+Shaman,68,team2,kill,39.85
Hunter+Priest_vs_Warlock+Shaman,Hunter+Priest,Warlock+Shaman,69,team2,kill,32.97
Hunter+Priest_vs_Warlock+Shaman,Hunter+Priest,Warlock+Shaman,70,team2,kill,33.05
Hunter+Priest_vs_Warlock+Shaman,Hunter+Priest,Warlock+Shaman,71,team2,kill,44.85
Hunter+Priest_vs_Warlock+Shaman,Hunter+Priest,Warlock+Shaman,72,team2,kill,38.33
Hunter+Priest_vs_Warlock+Shaman,Hunter+Priest,Warlock+Shaman,73,team2,kill,41.35
Hunter+Priest_vs_Warlock+Shaman,Hunter+Priest,Warlock+Shaman,74,team2,kill,42.95
Hunter+Priest_vs_Warlock+Shaman,Hunter+Priest,Warlock+Shaman,75,team2,kill,42.92
Hunter+Priest_vs_Warlock+Shaman,Hunter+Priest,Warlock+Shaman,76,team2,kill,38.47
Hunter+Priest_vs_Warlock+Shaman,Hunter+Priest,Warlock+Shaman,77,team2,kill,33.10
Hunter+Priest_vs_Warlock+Shaman,Hunter+Priest,Warlock+Shaman,78,team2,kill,38.53
Hunter+Priest_vs_Warlock+Shaman,Hunter+Priest,Warlock+Shaman,79,team2,kill,43.97
Hunter+Priest_vs_Warlock+Shaman,Hunter+Priest,Warlock+Shaman,80,team2,kill,45.18
Hunter+Priest_vs_Warlock+Shaman,Hunter+Priest,Warlock+Shaman,81,team2,kill,35.48
Hunter+Priest_vs_Warlock+Shaman,Hunter+Priest,Warlock+Shaman,82,team2,kill,35.83
Hunter+Priest_vs_Warlock+Shaman,Hunter+Priest,Warlock+Shaman,83,team2,kill,34.18
Hunter+Priest_vs_Warlock+Shaman,Hunter+Priest,Warlock+Shaman,84,team2,kill,37.08
Hunter+Priest_vs_Warlock+Shaman,Hunter+Priest,Warlock+Shaman,85,team2,kill,44.82
Hunter+Priest_vs_Warlock+Shaman,Hunter+Priest,Warlock+Shaman,86,team2,kill,38.72
Hunter+Priest_vs_Warlock+Shaman,Hunter+Priest,Warlock+Shaman,87,team2,kill,31.20
Hunter+Priest_vs_Warlock+Shaman,Hunter+Priest,Warlock+Shaman,88,team2,kill,32.97
Hunter+Priest_vs_Warlock+Shaman,Hunter+Priest,Warlock+Shaman,89,team2,kill,18.07
Hunter+Priest_vs_Warlock+Shaman,Hunter+Priest,Warlock+Shaman,90,team2,kill,35.07
Hunter+Priest_vs_Warlock+Shaman,Hunter+Priest,Warlock+Shaman,91,team2,kill,42.70
Hunter+Priest_vs_Warlock+Shaman,Hunter+Priest,Warlock+Shaman,92,team2,kill,36.33
Hunter+Priest_vs_Warlock+Shaman,Hunter+Priest,Warlock+Shaman,93,team2,kill,40.08
Hunter+Priest_vs_Warlock+Shaman,Hunter+Priest,Warlock+Shaman,94,team2,kill,24.47
Hunter+Priest_vs_Warlock+Shaman,Hunter+Priest,Warlock+Shaman,95,team2,kill,43.67
Hunter+Priest_vs_Warlock+Shaman,Hunter+Priest,Warlock+Shaman,96,team2,kill,39.78
Hunter+Priest_vs_Warlock+Shaman,Hunter+Priest,Warlock+Shaman,97,team2,kill,31.07
Hunter+Priest_vs_Warlock+Shaman,Hunter+Priest,Warlock+Shaman,98,team2,kill,37.87
Hunter+Priest_vs_Warlock+Shaman,Hunter+Priest,Warlock+Shaman,99,team2,kill,43.78
Hunter+Priest_vs_Paladin+Hunter,Hunter+Priest,Paladin+Hunter,0,team2,kill,98.01
Hunter+Priest_vs_Paladin+Hunter,Hunter+Priest,Paladin+Hunter,1,team2,kill,81.62
Hunter+Priest_vs_Paladin+Hunter,Hunter+Priest,Paladin+Hunter,2,team2,kill,82.60
Hunter+Priest_vs_Paladin+Hunter,Hunter+Priest,Paladin+Hunter,3,team2,kill,87.95
Hunter+Priest_vs_Paladin+Hunter,Hunter+Priest,Paladin+Hunter,4,team2,kill,82.60
Hunter+Priest_vs_Paladin+Hunter,Hunter+Priest,Paladin+Hunter,5,team2,kill,92.89
Hunter+Priest_vs_Paladin+Hunter,Hunter+Priest,Paladin+Hunter,6,team2,kill,86.32
Hunter+Priest_vs_Paladin+Hunter,Hunter+Priest,Paladin+Hunter,7,team2,kill,94.01
Hunter+Priest_vs_Paladin+Hunter,Hunter+Priest,Paladin+Hunter,8,team2,kill,82.27
Hunter+Priest_vs_Paladin+Hunter,Hunter+Priest,Paladin+Hunter,9,team2,kill,69.43
Hunter+Priest_vs_Paladin+Hunter,Hunter+Priest,Paladin+Hunter,10,team2,kill,95.87
Hunter+Priest_vs_Paladin+Hunter,Hunter+Priest,Paladin+Hunter,11,team2,kill,83.17
Hunter+Priest_vs_Paladin+Hunter,Hunter+Priest,Paladin+Hunter,12,team2,kill,82.12
Hunter+Priest_vs_Paladin+Hunter,Hunter+Priest,Paladin+Hunter,13,team2,kill,105.69
Hunter+Priest_vs_Paladin+Hunter,Hunter+Priest,Paladin+Hunter,14,team2,kill,93.82
Hunter+Priest_vs_Paladin+Hunter,Hunter+Priest,Paladin+Hunter,15,team2,kill,117.24
Hunter+Priest_vs_Paladin+Hunter,Hunter+Priest,Paladin+Hunter,16,team2,kill,94.69
Hunter+Priest_vs_Paladin+Hunter,Hunter+Priest,Paladin+Hunter,17,team2,kill,95.67
Hunter+Priest_vs_Paladin+Hunter,Hunter+Priest,Paladin+Hunter,18,team2,kill,96.37
Hunter+Priest_vs_Paladin+Hunter,Hunter+Priest,Paladin+Hunter,19,team2,kill,77.10
Hunter+Priest_vs_Paladin+Hunter,Hunter+Priest,Paladin+Hunter,20,team2,kill,103.49
Hunter+Priest_vs_Paladin+Hunter,Hunter+Priest,Paladin+Hunter,21,team2,kill,88.82
Hunter+Priest_vs_Paladin+Hunter,Hunter+Priest,Paladin+Hunter,22,team2,kill,90.22
Hunter+Priest_vs_Paladin+Hunter,Hunter+Priest,Paladin+Hunter,23,team2,kill,73.73
Hunter+Priest_vs_Paladin+Hunter,Hunter+Priest,Paladin+Hunter,24,team2,kill,74.58
Hunter+Priest_vs_Paladin+Hunter,Hunter+Priest,Paladin+Hunter,25,team2,kill,79.77
Hunter+Priest_vs_Paladin+Hunter,Hunter+Priest,Paladin+Hunter,26,team2,kill,74.13
Hunter+Priest_vs_Paladin+Hunter,Hunter+Priest,Paladin+Hunter,27,team2,kill,112.28
Hunter+Priest_vs_Paladin+Hunter,Hunter+Priest,Paladin+Hunter,28,team2,kill,90.12
Hunter+Priest_vs_Paladin+Hunter,Hunter+Priest,Paladin+Hunter,29,team2,kill,65.98
Hunter+Priest_vs_Paladin+Hunter,Hunter+Priest,Paladin+Hunter,30,team2,kill,72.50
Hunter+Priest_vs_Paladin+Hunter,Hunter+Priest,Paladin+Hunter,31,team2,kill,92.12
Hunter+Priest_vs_Paladin+Hunter,Hunter+Priest,Paladin+Hunter,32,team2,kill,80.40
Hunter+Priest_vs_Paladin+Hunter,Hunter+Priest,Paladin+Hunter,33,team2,kill,93.82
Hunter+Priest_vs_Paladin+Hunter,Hunter+Priest,Paladin+Hunter,34,team2,kill,86.47
Hunter+Priest_vs_Paladin+Hunter,Hunter+Priest,Paladin+Hunter,35,team2,kill,83.97
Hunter+Priest_vs_Paladin+Hunter,Hunter+Priest,Paladin+Hunter,36,team2,kill,116.99
Hunter+Priest_vs_Paladin+Hunter,Hunter+Priest,Paladin+Hunter,37,team2,kill,77.74
Hunter+Priest_vs_Paladin+Hunter,Hunter+Priest,Paladin+Hunter,38,team2,kill,73.52
Hunter+Priest_vs_Paladin+Hunter,Hunter+Priest,Paladin+Hunter,39,team2,kill,71.62
Hunter+Priest_vs_Paladin+Hunter,Hunter+Priest,Paladin+Hunter,40,team2,kill,71.60
Hunter+Priest_vs_Paladin+Hunter,Hunter+Priest,Paladin+Hunter,41,team2,kill,74.13
Hunter+Priest_vs_Paladin+Hunter,Hunter+Priest,Paladin+Hunter,42,team2,kill,76.64
Hunter+Priest_vs_Paladin+Hunter,Hunter+Priest,Paladin+Hunter,43,team2,kill,88.75
Hunter+Priest_vs_Paladin+Hunter,Hunter+Priest,Paladin+Hunter,44,team2,kill,114.64
Hunter+Priest_vs_Paladin+Hunter,Hunter+Priest,Paladin+Hunter,45,team2,kill,92.59
Hunter+Priest_vs_Paladin+Hunter,Hunter+Priest,Paladin+Hunter,46,team2,kill,97.82
Hunter+Priest_vs_Paladin+Hunter,Hunter+Priest,Paladin+Hunter,47,team2,kill,106.26
Hunter+Priest_vs_Paladin+Hunter,Hunter+Priest,Paladin+Hunter,48,team2,kill,67.00
Hunter+Priest_vs_Paladin+Hunter,Hunter+Priest,Paladin+Hunter,49,team2,kill,70.10
Hunter+Priest_vs_Paladin+Hunter,Hunter+Priest,Paladin+Hunter,50,team2,kill,66.58
Hunter+Priest_vs_Paladin+Hunter,Hunter+Priest,Paladin+Hunter,51,team2,kill,79.37
Hunter+Priest_vs_Paladin+Hunter,Hunter+Priest,Paladin+Hunter,52,team2,kill,74.90
Hunter+Priest_vs_Paladin+Hunter,Hunter+Priest,Paladin+Hunter,53,team2,kill,70.15
Hunter+Priest_vs_Paladin+Hunter,Hunter+Priest,Paladin+Hunter,54,team2,kill,98.87
Hunter+Priest_vs_Paladin+Hunter,Hunter+Priest,Paladin+Hunter,55,team2,kill,86.32
Hunter+Priest_vs_Paladin+Hunter,Hunter+Priest,Paladin+Hunter,56,team2,kill,80.59
Hunter+Priest_vs_Paladin+Hunter,Hunter+Priest,Paladin+Hunter,57,team2,kill,94.99
Hunter+Priest_vs_Paladin+Hunter,Hunter+Priest,Paladin+Hunter,58,team2,kill,99.74
Hunter+Priest_vs_Paladin+Hunter,Hunter+Priest,Paladin+Hunter,59,team2,kill,81.42
Hunter+Priest_vs_Paladin+Hunter,Hunter+Priest,Paladin+Hunter,60,team2,kill,78.50
Hunter+Priest_vs_Paladin+Hunter,Hunter+Priest,Paladin+Hunter,61,team2,kill,93.81
Hunter+Priest_vs_Paladin+Hunter,Hunter+Priest,Paladin+Hunter,62,team2,kill,76.65
Hunter+Priest_vs_Paladin+Hunter,Hunter+Priest,Paladin+Hunter,63,team2,kill,89.90
Hunter+Priest_vs_Paladin+Hunter,Hunter+Priest,Paladin+Hunter,64,team2,kill,117.49
Hunter+Priest_vs_Paladin+Hunter,Hunter+Priest,Paladin+Hunter,65,team2,kill,78.20
Hunter+Priest_vs_Paladin+Hunter,Hunter+Priest,Paladin+Hunter,66,team2,kill,101.52
Hunter+Priest_vs_Paladin+Hunter,Hunter+Priest,Paladin+Hunter,67,team2,kill,89.42
Hunter+Priest_vs_Paladin+Hunter,Hunter+Priest,Paladin+Hunter,68,team2,kill,66.57
Hunter+Priest_vs_Paladin+Hunter,Hunter+Priest,Paladin+Hunter,69,team2,kill,65.68
Hunter+Priest_vs_Paladin+Hunter,Hunter+Priest,Paladin+Hunter,70,team2,kill,69.42
Hunter+Priest_vs_Paladin+Hunter,Hunter+Priest,Paladin+Hunter,71,team2,kill,83.32
Hunter+Priest_vs_Paladin+Hunter,Hunter+Priest,Paladin+Hunter,72,team2,kill,89.47
Hunter+Priest_vs_Paladin+Hunter,Hunter+Priest,Paladin+Hunter,73,team2,kill,93.44
Hunter+Priest_vs_Paladin+Hunter,Hunter+Priest,Paladin+Hunter,74,team2,kill,79.67
Hunter+Priest_vs_Paladin+Hunter,Hunter+Priest,Paladin+Hunter,75,team2,kill,77.32
Hunter+Priest_vs_Paladin+Hunter,Hunter+Priest,Paladin+Hunter,76,team2,kill,81.74
Hunter+Priest_vs_Paladin+Hunter,Hunter+Priest,Paladin+Hunter,77,team2,kill,90.77
Hunter+Priest_vs_Paladin+Hunter,Hunter+Priest,Paladin+Hunter,78,team2,kill,88.85
Hunter+Priest_vs_Paladin+Hunter,Hunter+Priest,Paladin+Hunter,79,team2,kill,103.49
Hunter+Priest_vs_Paladin+Hunter,Hunter+Priest,Paladin+Hunter,80,team2,kill,71.60
Hunter+Priest_vs_Paladin+Hunter,Hunter+Priest,Paladin+Hunter,81,team2,kill,71.62
Hunter+Priest_vs_Paladin+Hunter,Hunter+Priest,Paladin+Hunter,82,team2,kill,94.54
Hunter+Priest_vs_Paladin+Hunter,Hunter+Priest,Paladin+Hunter,83,team2,kill,116.51
Hunter+Priest_vs_Paladin+Hunter,Hunter+Priest,Paladin+Hunter,84,team2,kill,80.39
Hunter+Priest_vs_Paladin+Hunter,Hunter+Priest,Paladin+Hunter,85,team2,kill,98.81
Hunter+Priest_vs_Paladin+Hunter,Hunter+Priest,Paladin+Hunter,86,team2,kill,82.64
Hunter+Priest_vs_Paladin+Hunter,Hunter+Priest,Paladin+Hunter,87,team2,kill,73.28
Hunter+Priest_vs_Paladin+Hunter,Hunter+Priest,Paladin+Hunter,88,team2,kill,72.25
Hunter+Priest_vs_Paladin+Hunter,Hunter+Priest,Paladin+Hunter,89,team2,kill,92.99
Hunter+Priest_vs_Paladin+Hunter,Hunter+Priest,Paladin+Hunter,90,team2,kill,81.42
Hunter+Priest_vs_Paladin+Hunter,Hunter+Priest,Paladin+Hunter,91,team2,kill,109.14
Hunter+Priest_vs_Paladin+Hunter,Hunter+Priest,Paladin+Hunter,92,team2,kill,85.65
Hunter+Priest_vs_Paladin+Hunter,Hunter+Priest,Paladin+Hunter,93,team2,kill,83.44
Hunter+Priest_vs_Paladin+Hunter,Hunter+Priest,Paladin+Hunter,94,team2,kill,92.02
Hunter+Priest_vs_Paladin+Hunter,Hunter+Priest,Paladin+Hunter,95,team2,kill,77.49
Hunter+Priest_vs_Paladin+Hunter,Hunter+Priest,Paladin+Hunter,96,team2,kill,83.55
Hunter+Priest_vs_Paladin+Hunter,Hunter+Priest,Paladin+Hunter,97,team2,kill,92.04
Hunter+Priest_vs_Paladin+Hunter,Hunter+Priest,Paladin+Hunter,98,team2,kill,71.62
Hunter+Priest_vs_Paladin+Hunter,Hunter+Priest,Paladin+Hunter,99,team2,kill,74.35
Hunter+Priest_vs_Hunter+Shaman,Hunter+Priest,Hunter+Shaman,0,team2,kill,43.60
Hunter+Priest_vs_Hunter+Shaman,Hunter+Priest,Hunter+Shaman,1,team2,kill,36.22
Hunter+Priest_vs_Hunter+Shaman,Hunter+Priest,Hunter+Shaman,2,team2,kill,43.57
Hunter+Priest_vs_Hunter+Shaman,Hunter+Priest,Hunter+Shaman,3,team1,kill,49.93
Hunter+Priest_vs_Hunter+Shaman,Hunter+Priest,Hunter+Shaman,4,team2,kill,38.63
Hunter+Priest_vs_Hunter+Shaman,Hunter+Priest,Hunter+Shaman,5,team2,kill,44.75
Hunter+Priest_vs_Hunter+Shaman,Hunter+Priest,Hunter+Shaman,6,team2,kill,33.60
Hunter+Priest_vs_Hunter+Shaman,Hunter+Priest,Hunter+Shaman,7,team2,kill,38.65
Hunter+Priest_vs_Hunter+Shaman,Hunter+Priest,Hunter+Shaman,8,team2,kill,39.77
Hunter+Priest_vs_Hunter+Shaman,Hunter+Priest,Hunter+Shaman,9,team2,kill,42.47
Hunter+Priest_vs_Hunter+Shaman,Hunter+Priest,Hunter+Shaman,10,team2,kill,38.33
Hunter+Priest_vs_Hunter+Shaman,Hunter+Priest,Hunter+Shaman,11,team2,kill,43.95
Hunter+Priest_vs_Hunter+Shaman,Hunter+Priest,Hunter+Shaman,12,team2,kill,40.57
Hunter+Priest_vs_Hunter+Shaman,Hunter+Priest,Hunter+Shaman,13,team2,kill,42.37
Hunter+Priest_vs_Hunter+Shaman,Hunter+Priest,Hunter+Shaman,14,team2,kill,38.63
Hunter+Priest_vs_Hunter+Shaman,Hunter+Priest,Hunter+Shaman,15,team2,kill,33.60
Hunter+Priest_vs_Hunter+Shaman,Hunter+Priest,Hunter+Shaman,16,team2,kill,41.15
Hunter+Priest_vs_Hunter+Shaman,Hunter+Priest,Hunter+Shaman,17,team2,kill,26.05
Hunter+Priest_vs_Hunter+Shaman,Hunter+Priest,Hunter+Shaman,18,team1,kill,36.63
Hunter+Priest_vs_Hunter+Shaman,Hunter+Priest,Hunter+Shaman,19,team2,kill,42.75
Hunter+Priest_vs_Hunter+Shaman,Hunter+Priest,Hunter+Shaman,20,team2,kill,32.05
Hunter+Priest_vs_Hunter+Shaman,Hunter+Priest,Hunter+Shaman,21,team2,kill,41.37
Hunter+Priest_vs_Hunter+Shaman,Hunter+Priest,Hunter+Shaman,22,team2,kill,39.13
Hunter+Priest_vs_Hunter+Shaman,Hunter+Priest,Hunter+Shaman,23,team2,kill,39.30
Hunter+Priest_vs_Hunter+Shaman,Hunter+Priest,Hunter+Shaman,24,team2,kill,39.70
Hunter+Priest_vs_Hunter+Shaman,Hunter+Priest,Hunter+Shaman,25,team2,kill,36.03
Hunter+Priest_vs_Hunter+Shaman,Hunter+Priest,Hunter+Shaman,26,team2,kill,38.63
Hunter+Priest_vs_Hunter+Shaman,Hunter+Priest,Hunter+Shaman,27,team2,kill,38.63
Hunter+Priest_vs_Hunter+Shaman,Hunter+Priest,Hunter+Shaman,28,team2,kill,42.22
Hunter+Priest_vs_Hunter+Shaman,Hunter+Priest,Hunter+Shaman,29,team2,kill,42.57
Hunter+Priest_vs_Hunter+Shaman,Hunter+Priest,Hunter+Shaman,30,team2,kill,36.12
Hunter+Priest_vs_Hunter+Shaman,Hunter+Priest,Hunter+Shaman,31,team2,kill,41.15
Hunter+Priest_vs_Hunter+Shaman,Hunter+Priest,Hunter+Shaman,32,team2,kill,48.70
Hunter+Priest_vs_Hunter+Shaman,Hunter+Priest,Hunter+Shaman,33,team2,kill,45.10
Hunter+Priest_vs_Hunter+Shaman,Hunter+Priest,Hunter+Shaman,34,team2,kill,39.23
Hunter+Priest_vs_Hunter+Shaman,Hunter+Priest,Hunter+Shaman,35,team1,kill,34.10
Hunter+Priest_vs_Hunter+Shaman,Hunter+Priest,Hunter+Shaman,36,team2,kill,144.44
Hunter+Priest_vs_Hunter+Shaman,Hunter+Priest,Hunter+Shaman,37,team2,kill,33.50
Hunter+Priest_vs_Hunter+Shaman,Hunter+Priest,Hunter+Shaman,38,team1,kill,41.65
Hunter+Priest_vs_Hunter+Shaman,Hunter+Priest,Hunter+Shaman,39,team2,kill,41.97
Hunter+Priest_vs_Hunter+Shaman,Hunter+Priest,Hunter+Shaman,40,team2,kill,43.87
Hunter+Priest_vs_Hunter+Shaman,Hunter+Priest,Hunter+Shaman,41,team2,kill,36.27
Hunter+Priest_vs_Hunter+Shaman,Hunter+Priest,Hunter+Shaman,42,team2,kill,37.62
Hunter+Priest_vs_Hunter+Shaman,Hunter+Priest,Hunter+Shaman,43,team2,kill,41.15
Hunter+Priest_vs_Hunter+Shaman,Hunter+Priest,Hunter+Shaman,44,team2,kill,24.72
Hunter+Priest_vs_Hunter+Shaman,Hunter+Priest,Hunter+Shaman,45,team2,kill,43.67
Hunter+Priest_vs_Hunter+Shaman,Hunter+Priest,Hunter+Shaman,46,team2,kill,41.30
Hunter+Priest_vs_Hunter+Shaman,Hunter+Priest,Hunter+Shaman,47,team2,kill,37.62
Hunter+Priest_vs_Hunter+Shaman,Hunter+Priest,Hunter+Shaman,48,team2,kill,36.12
Hunter+Priest_vs_Hunter+Shaman,Hunter+Priest,Hunter+Shaman,49,team2,kill,39.37
Hunter+Priest_vs_Hunter+Shaman,Hunter+Priest,Hunter+Shaman,50,team2,kill,39.42
Hunter+Priest_vs_Hunter+Shaman,Hunter+Priest,Hunter+Shaman,51,team2,kill,36.12
Hunter+Priest_vs_Hunter+Shaman,Hunter+Priest,Hunter+Shaman,52,team2,kill,41.15
Hunter+Priest_vs_Hunter+Shaman,Hunter+Priest,Hunter+Shaman,53,team2,kill,41.27
Hunter+Priest_vs_Hunter+Shaman,Hunter+Priest,Hunter+Shaman,54,team2,kill,41.15
Hunter+Priest_vs_Hunter+Shaman,Hunter+Priest,Hunter+Shaman,55,team2,kill,41.15
Hunter+Priest_vs_Hunter+Shaman,Hunter+Priest,Hunter+Shaman,56,team2,kill,41.13
Hunter+Priest_vs_Hunter+Shaman,Hunter+Priest,Hunter+Shaman,57,team2,kill,35.70
Hunter+Priest_vs_Hunter+Shaman,Hunter+Priest,Hunter+Shaman,58,team2,kill,34.87
Hunter+Priest_vs_Hunter+Shaman,Hunter+Priest,Hunter+Shaman,59,team2,kill,33.93
Hunter+Priest_vs_Hunter+Shaman,Hunter+Priest,Hunter+Shaman,60,team2,kill,42.40
Hunter+Priest_vs_Hunter+Shaman,Hunter+Priest,Hunter+Shaman,61,team2,kill,41.92
Hunter+Priest_vs_Hunter+Shaman,Hunter+Priest,Hunter+Shaman,62,team2,kill,41.18
Hunter+Priest_vs_Hunter+Shaman,Hunter+Priest,Hunter+Shaman,63,team2,kill,31.08
Hunter+Priest_vs_Hunter+Shaman,Hunter+Priest,Hunter+Shaman,64,team2,kill,41.15
Hunter+Priest_vs_Hunter+Shaman,Hunter+Priest,Hunter+Shaman,65,team1,kill,32.18
Hunter+Priest_vs_Hunter+Shaman,Hunter+Priest,Hunter+Shaman,66,team2,kill,43.67
Hunter+Priest_vs_Hunter+Shaman,Hunter+Priest,Hunter+Shaman,67,team1,kill,40.93
Hunter+Priest_vs_Hunter+Shaman,Hunter+Priest,Hunter+Shaman,68,team2,kill,39.88
Hunter+Priest_vs_Hunter+Shaman,Hunter+Priest,Hunter+Shaman,69,team2,kill,36.37
Hunter+Priest_vs_Hunter+Shaman,Hunter+Priest,Hunter+Shaman,70,team2,kill,37.25
Hunter+Priest_vs_Hunter+Shaman,Hunter+Priest,Hunter+Shaman,71,team2,kill,38.63
Hunter+Priest_vs_Hunter+Shaman,Hunter+Priest,Hunter+Shaman,72,team2,kill,43.67
Hunter+Priest_vs_Hunter+Shaman,Hunter+Priest,Hunter+Shaman,73,team2,kill,38.63
Hunter+Priest_vs_Hunter+Shaman,Hunter+Priest,Hunter+Shaman,74,team2,kill,36.12
Hunter+Priest_vs_Hunter+Shaman,Hunter+Priest,Hunter+Shaman,75,team2,kill,39.90
Hunter+Priest_vs_Hunter+Shaman,Hunter+Priest,Hunter+Shaman,76,team2,kill,33.60
Hunter+Priest_vs_Hunter+Shaman,Hunter+Priest,Hunter+Shaman,77,team1,kill,51.72
Hunter+Priest_vs_Hunter+Shaman,Hunter+Priest,Hunter+Shaman,78,team2,kill,39.83
Hunter+Priest_vs_Hunter+Shaman,Hunter+Priest,Hunter+Shaman,79,team2,kill,44.95
Hunter+Priest_vs_Hunter+Shaman,Hunter+Priest,Hunter+Shaman,80,team2,kill,46.97
Hunter+Priest_vs_Hunter+Shaman,Hunter+Priest,Hunter+Shaman,81,team2,kill,36.32
Hunter+Priest_vs_Hunter+Shaman,Hunter+Priest,Hunter+Shaman,82,team2,kill,36.12
Hunter+Priest_vs_Hunter+Shaman,Hunter+Priest,Hunter+Shaman,83,team1,kill,33.48
Hunter+Priest_vs_Hunter+Shaman,Hunter+Priest,Hunter+Shaman,84,team2,kill,38.63
Hunter+Priest_vs_Hunter+Shaman,Hunter+Priest,Hunter+Shaman,85,team1,kill,40.12
Hunter+Priest_vs_Hunter+Shaman,Hunter+Priest,Hunter+Shaman,86,team2,kill,41.62
Hunter+Priest_vs_Hunter+Shaman,Hunter+Priest,Hunter+Shaman,87,team2,kill,45.37
Hunter+Priest_vs_Hunter+Shaman,Hunter+Priest,Hunter+Shaman,88,team2,kill,33.60
Hunter+Priest_vs_Hunter+Shaman,Hunter+Priest,Hunter+Shaman,89,team2,kill,31.08
Hunter+Priest_vs_Hunter+Shaman,Hunter+Priest,Hunter+Shaman,90,team2,kill,46.33
Hunter+Priest_vs_Hunter+Shaman,Hunter+Priest,Hunter+Shaman,91,team2,kill,38.85
Hunter+Priest_vs_Hunter+Shaman,Hunter+Priest,Hunter+Shaman,92,team2,kill,33.97
Hunter+Priest_vs_Hunter+Shaman,Hunter+Priest,Hunter+Shaman,93,team2,kill,41.27
Hunter+Priest_vs_Hunter+Shaman,Hunter+Priest,Hunter+Shaman,94,team2,kill,38.63
Hunter+Priest_vs_Hunter+Shaman,Hunter+Priest,Hunter+Shaman,95,team2,kill,38.75
Hunter+Priest_vs_Hunter+Shaman,Hunter+Priest,Hunter+Shaman,96,team2,kill,48.75
Hunter+Priest_vs_Hunter+Shaman,Hunter+Priest,Hunter+Shaman,97,team2,kill,38.63
Hunter+Priest_vs_Hunter+Shaman,Hunter+Priest,Hunter+Shaman,98,team2,kill,43.10
Hunter+Priest_vs_Hunter+Shaman,Hunter+Priest,Hunter+Shaman,99,team2,kill,48.70
