label,team1,team2,seed,winner,end_reason,duration_secs
Warrior+Mage_vs_Warrior+Hunter,Warrior+Mage,Warrior+Hunter,0,team1,kill,15.52
Warrior+Mage_vs_Warrior+Hunter,Warrior+Mage,Warrior+Hunter,1,team1,kill,13.58
Warrior+Mage_vs_Warrior+Hunter,Warrior+Mage,Warrior+Hunter,2,team1,kill,15.52
Warrior+Mage_vs_Warrior+Hunter,Warrior+Mage,Warrior+Hunter,3,team1,kill,15.72
Warrior+Mage_vs_Warrior+Hunter,Warrior+Mage,Warrior+Hunter,4,team1,kill,15.52
Warrior+Mage_vs_Warrior+Hunter,Warrior+Mage,Warrior+Hunter,5,team1,kill,15.72
Warrior+Mage_vs_Warrior+Hunter,Warrior+Mage,Warrior+Hunter,6,team1,kill,14.22
Warrior+Mage_vs_Warrior+Hunter,Warrior+Mage,Warrior+Hunter,7,team1,kill,14.22
Warrior+Mage_vs_Warrior+Hunter,Warrior+Mage,Warrior+Hunter,8,team1,kill,13.58
Warrior+Mage_vs_Warrior+Hunter,Warrior+Mage,Warrior+Hunter,9,team1,kill,15.72
Warrior+Mage_vs_Mage+Warlock,Warrior+Mage,Mage+Warlock,0,team2,kill,19.60
Warrior+Mage_vs_Mage+Warlock,Warrior+Mage,Mage+Warlock,1,team2,kill,17.77
Warrior+Mage_vs_Mage+Warlock,Warrior+Mage,Mage+Warlock,2,team2,kill,18.83
Warrior+Mage_vs_Mage+Warlock,Warrior+Mage,Mage+Warlock,3,team2,kill,19.28
Warrior+Mage_vs_Mage+Warlock,Warrior+Mage,Mage+Warlock,4,team2,kill,14.27
Warrior+Mage_vs_Mage+Warlock,Warrior+Mage,Mage+Warlock,5,team2,kill,18.83
Warrior+Mage_vs_Mage+Warlock,Warrior+Mage,Mage+Warlock,6,team2,kill,17.60
Warrior+Mage_vs_Mage+Warlock,Warrior+Mage,Mage+Warlock,7,team2,kill,16.27
Warrior+Mage_vs_Mage+Warlock,Warrior+Mage,Mage+Warlock,8,team2,kill,17.68
Warrior+Mage_vs_Mage+Warlock,Warrior+Mage,Mage+Warlock,9,team2,kill,17.48
Warrior+Mage_vs_Mage+Hunter,Warrior+Mage,Mage+Hunter,0,team1,kill,16.85
Warrior+Mage_vs_Mage+Hunter,Warrior+Mage,Mage+Hunter,1,team1,kill,14.40
Warrior+Mage_vs_Mage+Hunter,Warrior+Mage,Mage+Hunter,2,team1,kill,17.43
Warrior+Mage_vs_Mage+Hunter,Warrior+Mage,Mage+Hunter,3,team1,kill,18.92
Warrior+Mage_vs_Mage+Hunter,Warrior+Mage,Mage+Hunter,4,team1,kill,17.77
Warrior+Mage_vs_Mage+Hunter,Warrior+Mage,Mage+Hunter,5,team1,kill,18.92
Warrior+Mage_vs_Mage+Hunter,Warrior+Mage,Mage+Hunter,6,team1,kill,14.40
Warrior+Mage_vs_Mage+Hunter,Warrior+Mage,Mage+Hunter,7,team1,kill,16.85
Warrior+Mage_vs_Mage+Hunter,Warrior+Mage,Mage+Hunter,8,team1,kill,16.85
Warrior+Mage_vs_Mage+Hunter,Warrior+Mage,Mage+Hunter,9,team1,kill,20.43
Warrior+Mage_vs_Rogue+Hunter,Warrior+Mage,Rogue+Hunter,0,team1,kill,15.00
Warrior+Mage_vs_Rogue+Hunter,Warrior+Mage,Rogue+Hunter,1,team1,kill,22.93
Warrior+Mage_vs_Rogue+Hunter,Warrior+Mage,Rogue+Hunter,2,team1,kill,29.92
Warrior+Mage_vs_Rogue+Hunter,Warrior+Mage,Rogue+Hunter,3,team1,kill,15.00
Warrior+Mage_vs_Rogue+Hunter,Warrior+Mage,Rogue+Hunter,4,team1,kill,22.60
Warrior+Mage_vs_Rogue+Hunter,Warrior+Mage,Rogue+Hunter,5,team1,kill,23.65
Warrior+Mage_vs_Rogue+Hunter,Warrior+Mage,Rogue+Hunter,6,team1,kill,14.85
Warrior+Mage_vs_Rogue+Hunter,Warrior+Mage,Rogue+Hunter,7,team1,kill,20.20
Warrior+Mage_vs_Rogue+Hunter,Warrior+Mage,Rogue+Hunter,8,team1,kill,22.93
Warrior+Mage_vs_Rogue+Hunter,Warrior+Mage,Rogue+Hunter,9,team2,kill,32.13
Warrior+Mage_vs_Priest+Hunter,Warrior+Mage,Priest+Hunter,0,team1,kill,24.77
Warrior+Mage_vs_Priest+Hunter,Warrior+Mage,Priest+Hunter,1,team1,kill,24.13
Warrior+Mage_vs_Priest+Hunter,Warrior+Mage,Priest+Hunter,2,team1,kill,24.77
Warrior+Mage_vs_Priest+Hunter,Warrior+Mage,Priest+Hunter,3,team1,kill,21.08
Warrior+Mage_vs_Priest+Hunter,Warrior+Mage,Priest+Hunter,4,team1,kill,30.83
Warrior+Mage_vs_Priest+Hunter,Warrior+Mage,Priest+Hunter,5,team1,kill,24.13
Warrior+Mage_vs_Priest+Hunter,Warrior+Mage,Priest+Hunter,6,team1,kill,24.77
Warrior+Mage_vs_Priest+Hunter,Warrior+Mage,Priest+Hunter,7,team2,kill,24.48
Warrior+Mage_vs_Priest+Hunter,Warrior+Mage,Priest+Hunter,8,team2,kill,26.88
Warrior+Mage_vs_Priest+Hunter,Warrior+Mage,Priest+Hunter,9,team1,kill,30.83
Warrior+Mage_vs_Warlock+Hunter,Warrior+Mage,Warlock+Hunter,0,team1,kill,23.98
Warrior+Mage_vs_Warlock+Hunter,Warrior+Mage,Warlock+Hunter,1,team1,kill,25.50
Warrior+Mage_vs_Warlock+Hunter,Warrior+Mage,Warlock+Hunter,2,team2,kill,24.63
Warrior+Mage_vs_Warlock+Hunter,Warrior+Mage,Warlock+Hunter,3,team1,kill,25.50
Warrior+Mage_vs_Warlock+Hunter,Warrior+Mage,Warlock+Hunter,4,team2,kill,19.50
Warrior+Mage_vs_Warlock+Hunter,Warrior+Mage,Warlock+Hunter,5,team2,kill,24.68
Warrior+Mage_vs_Warlock+Hunter,Warrior+Mage,Warlock+Hunter,6,team1,kill,17.97
Warrior+Mage_vs_Warlock+Hunter,Warrior+Mage,Warlock+Hunter,7,team2,kill,23.55
Warrior+Mage_vs_Warlock+Hunter,Warrior+Mage,Warlock+Hunter,8,team1,kill,25.50
Warrior+Mage_vs_Warlock+Hunter,Warrior+Mage,Warlock+Hunter,9,team1,kill,25.50
Warrior+Mage_vs_Paladin+Hunter,Warrior+Mage,Paladin+Hunter,0,team1,kill,40.17
Warrior+Mage_vs_Paladin+Hunter,Warrior+Mage,Paladin+Hunter,1,team1,kill,41.68
Warrior+Mage_vs_Paladin+Hunter,Warrior+Mage,Paladin+Hunter,2,team2,kill,48.22
Warrior+Mage_vs_Paladin+Hunter,Warrior+Mage,Paladin+Hunter,3,team2,kill,50.13
Warrior+Mage_vs_Paladin+Hunter,Warrior+Mage,Paladin+Hunter,4,team2,kill,31.43
Warrior+Mage_vs_Paladin+Hunter,Warrior+Mage,Paladin+Hunter,5,team1,kill,56.50
Warrior+Mage_vs_Paladin+Hunter,Warrior+Mage,Paladin+Hunter,6,team2,kill,48.20
Warrior+Mage_vs_Paladin+Hunter,Warrior+Mage,Paladin+Hunter,7,team1,kill,37.18
Warrior+Mage_vs_Paladin+Hunter,Warrior+Mage,Paladin+Hunter,8,team1,kill,41.68
Warrior+Mage_vs_Paladin+Hunter,Warrior+Mage,Paladin+Hunter,9,team2,kill,47.42
Warrior+Mage_vs_Hunter+Shaman,Warrior+Mage,Hunter+Shaman,0,team1,kill,25.37
Warrior+Mage_vs_Hunter+Shaman,Warrior+Mage,Hunter+Shaman,1,team1,kill,28.42
Warrior+Mage_vs_Hunter+Shaman,Warrior+Mage,Hunter+Shaman,2,team1,kill,21.55
Warrior+Mage_vs_Hunter+Shaman,Warrior+Mage,Hunter+Shaman,3,team1,kill,25.28
Warrior+Mage_vs_Hunter+Shaman,Warrior+Mage,Hunter+Shaman,4,team1,kill,22.05
Warrior+Mage_vs_Hunter+Shaman,Warrior+Mage,Hunter+Shaman,5,team1,kill,23.43
Warrior+Mage_vs_Hunter+Shaman,Warrior+Mage,Hunter+Shaman,6,team1,kill,26.20
Warrior+Mage_vs_Hunter+Shaman,Warrior+Mage,Hunter+Shaman,7,team1,kill,22.68
Warrior+Mage_vs_Hunter+Shaman,Warrior+Mage,Hunter+Shaman,8,team1,kill,21.67
Warrior+Mage_vs_Hunter+Shaman,Warrior+Mage,Hunter+Shaman,9,team1,kill,25.38
Warrior+Rogue_vs_Warrior+Hunter,Warrior+Rogue,Warrior+Hunter,0,team2,kill,23.07
Warrior+Rogue_vs_Warrior+Hunter,Warrior+Rogue,Warrior+Hunter,1,team2,kill,19.87
Warrior+Rogue_vs_Warrior+Hunter,Warrior+Rogue,Warrior+Hunter,2,team2,kill,20.45
Warrior+Rogue_vs_Warrior+Hunter,Warrior+Rogue,Warrior+Hunter,3,team2,kill,19.93
Warrior+Rogue_vs_Warrior+Hunter,Warrior+Rogue,Warrior+Hunter,4,team2,kill,20.78
Warrior+Rogue_vs_Warrior+Hunter,Warrior+Rogue,Warrior+Hunter,5,team2,kill,20.78
Warrior+Rogue_vs_Warrior+Hunter,Warrior+Rogue,Warrior+Hunter,6,team2,kill,23.07
Warrior+Rogue_vs_Warrior+Hunter,Warrior+Rogue,Warrior+Hunter,7,team2,kill,23.07
Warrior+Rogue_vs_Warrior+Hunter,Warrior+Rogue,Warrior+Hunter,8,team2,kill,23.07
Warrior+Rogue_vs_Warrior+Hunter,Warrior+Rogue,Warrior+Hunter,9,team2,kill,23.07
Warrior+Rogue_vs_Mage+Hunter,Warrior+Rogue,Mage+Hunter,0,team2,kill,16.45
Warrior+Rogue_vs_Mage+Hunter,Warrior+Rogue,Mage+Hunter,1,team2,kill,16.45
Warrior+Rogue_vs_Mage+Hunter,Warrior+Rogue,Mage+Hunter,2,team2,kill,16.45
Warrior+Rogue_vs_Mage+Hunter,Warrior+Rogue,Mage+Hunter,3,team2,kill,16.45
Warrior+Rogue_vs_Mage+Hunter,Warrior+Rogue,Mage+Hunter,4,team2,kill,16.45
Warrior+Rogue_vs_Mage+Hunter,Warrior+Rogue,Mage+Hunter,5,team2,kill,16.45
Warrior+Rogue_vs_Mage+Hunter,Warrior+Rogue,Mage+Hunter,6,team2,kill,17.90
Warrior+Rogue_vs_Mage+Hunter,Warrior+Rogue,Mage+Hunter,7,team2,kill,16.45
Warrior+Rogue_vs_Mage+Hunter,Warrior+Rogue,Mage+Hunter,8,team2,kill,17.90
Warrior+Rogue_vs_Mage+Hunter,Warrior+Rogue,Mage+Hunter,9,team2,kill,17.65
Warrior+Rogue_vs_Rogue+Hunter,Warrior+Rogue,Rogue+Hunter,0,team2,kill,20.45
Warrior+Rogue_vs_Rogue+Hunter,Warrior+Rogue,Rogue+Hunter,1,team2,kill,20.47
Warrior+Rogue_vs_Rogue+Hunter,Warrior+Rogue,Rogue+Hunter,2,team2,kill,22.22
Warrior+Rogue_vs_Rogue+Hunter,Warrior+Rogue,Rogue+Hunter,3,team2,kill,20.47
Warrior+Rogue_vs_Rogue+Hunter,Warrior+Rogue,Rogue+Hunter,4,team2,kill,22.22
Warrior+Rogue_vs_Rogue+Hunter,Warrior+Rogue,Rogue+Hunter,5,team2,kill,21.32
Warrior+Rogue_vs_Rogue+Hunter,Warrior+Rogue,Rogue+Hunter,6,team2,kill,20.45
Warrior+Rogue_vs_Rogue+Hunter,Warrior+Rogue,Rogue+Hunter,7,team2,kill,20.45
Warrior+Rogue_vs_Rogue+Hunter,Warrior+Rogue,Rogue+Hunter,8,team2,kill,20.47
Warrior+Rogue_vs_Rogue+Hunter,Warrior+Rogue,Rogue+Hunter,9,team2,kill,19.38
Warrior+Rogue_vs_Priest+Hunter,Warrior+Rogue,Priest+Hunter,0,team2,kill,22.95
Warrior+Rogue_vs_Priest+Hunter,Warrior+Rogue,Priest+Hunter,1,team2,kill,22.83
Warrior+Rogue_vs_Priest+Hunter,Warrior+Rogue,Priest+Hunter,2,team2,kill,19.60
Warrior+Rogue_vs_Priest+Hunter,Warrior+Rogue,Priest+Hunter,3,team2,kill,22.83
Warrior+Rogue_vs_Priest+Hunter,Warrior+Rogue,Priest+Hunter,4,team2,kill,20.68
Warrior+Rogue_vs_Priest+Hunter,Warrior+Rogue,Priest+Hunter,5,team2,kill,20.53
Warrior+Rogue_vs_Priest+Hunter,Warrior+Rogue,Priest+Hunter,6,team2,kill,22.95
Warrior+Rogue_vs_Priest+Hunter,Warrior+Rogue,Priest+Hunter,7,team2,kill,20.08
Warrior+Rogue_vs_Priest+Hunter,Warrior+Rogue,Priest+Hunter,8,team2,kill,22.95
Warrior+Rogue_vs_Priest+Hunter,Warrior+Rogue,Priest+Hunter,9,team2,kill,21.58
Warrior+Rogue_vs_Warlock+Hunter,Warrior+Rogue,Warlock+Hunter,0,team2,kill,20.53
Warrior+Rogue_vs_Warlock+Hunter,Warrior+Rogue,Warlock+Hunter,1,team2,kill,21.83
Warrior+Rogue_vs_Warlock+Hunter,Warrior+Rogue,Warlock+Hunter,2,team2,kill,20.53
Warrior+Rogue_vs_Warlock+Hunter,Warrior+Rogue,Warlock+Hunter,3,team2,kill,20.73
Warrior+Rogue_vs_Warlock+Hunter,Warrior+Rogue,Warlock+Hunter,4,team2,kill,20.53
Warrior+Rogue_vs_Warlock+Hunter,Warrior+Rogue,Warlock+Hunter,5,team2,kill,19.62
Warrior+Rogue_vs_Warlock+Hunter,Warrior+Rogue,Warlock+Hunter,6,team2,kill,20.53
Warrior+Rogue_vs_Warlock+Hunter,Warrior+Rogue,Warlock+Hunter,7,team2,kill,20.53
Warrior+Rogue_vs_Warlock+Hunter,Warrior+Rogue,Warlock+Hunter,8,team2,kill,20.53
Warrior+Rogue_vs_Warlock+Hunter,Warrior+Rogue,Warlock+Hunter,9,team2,kill,20.53
Warrior+Rogue_vs_Paladin+Hunter,Warrior+Rogue,Paladin+Hunter,0,team2,kill,25.37
Warrior+Rogue_vs_Paladin+Hunter,Warrior+Rogue,Paladin+Hunter,1,team2,kill,27.15
Warrior+Rogue_vs_Paladin+Hunter,Warrior+Rogue,Paladin+Hunter,2,team2,kill,24.60
Warrior+Rogue_vs_Paladin+Hunter,Warrior+Rogue,Paladin+Hunter,3,team2,kill,27.18
Warrior+Rogue_vs_Paladin+Hunter,Warrior+Rogue,Paladin+Hunter,4,team2,kill,25.37
Warrior+Rogue_vs_Paladin+Hunter,Warrior+Rogue,Paladin+Hunter,5,team2,kill,27.95
Warrior+Rogue_vs_Paladin+Hunter,Warrior+Rogue,Paladin+Hunter,6,team2,kill,27.15
Warrior+Rogue_vs_Paladin+Hunter,Warrior+Rogue,Paladin+Hunter,7,team2,kill,27.15
Warrior+Rogue_vs_Paladin+Hunter,Warrior+Rogue,Paladin+Hunter,8,team2,kill,27.97
Warrior+Rogue_vs_Paladin+Hunter,Warrior+Rogue,Paladin+Hunter,9,team2,kill,27.95
Warrior+Rogue_vs_Hunter+Shaman,Warrior+Rogue,Hunter+Shaman,0,team2,kill,16.15
Warrior+Rogue_vs_Hunter+Shaman,Warrior+Rogue,Hunter+Shaman,1,team2,kill,16.15
Warrior+Rogue_vs_Hunter+Shaman,Warrior+Rogue,Hunter+Shaman,2,team2,kill,15.53
Warrior+Rogue_vs_Hunter+Shaman,Warrior+Rogue,Hunter+Shaman,3,team2,kill,14.58
Warrior+Rogue_vs_Hunter+Shaman,Warrior+Rogue,Hunter+Shaman,4,team2,kill,16.07
Warrior+Rogue_vs_Hunter+Shaman,Warrior+Rogue,Hunter+Shaman,5,team2,kill,14.45
Warrior+Rogue_vs_Hunter+Shaman,Warrior+Rogue,Hunter+Shaman,6,team2,kill,13.97
Warrior+Rogue_vs_Hunter+Shaman,Warrior+Rogue,Hunter+Shaman,7,team2,kill,15.53
Warrior+Rogue_vs_Hunter+Shaman,Warrior+Rogue,Hunter+Shaman,8,team2,kill,16.15
Warrior+Rogue_vs_Hunter+Shaman,Warrior+Rogue,Hunter+Shaman,9,team2,kill,16.15
Warrior+Priest_vs_Warrior+Hunter,Warrior+Priest,Warrior+Hunter,0,team2,kill,37.55
Warrior+Priest_vs_Warrior+Hunter,Warrior+Priest,Warrior+Hunter,1,team2,kill,21.70
Warrior+Priest_vs_Warrior+Hunter,Warrior+Priest,Warrior+Hunter,2,team1,kill,24.05
Warrior+Priest_vs_Warrior+Hunter,Warrior+Priest,Warrior+Hunter,3,team1,kill,24.05
Warrior+Priest_vs_Warrior+Hunter,Warrior+Priest,Warrior+Hunter,4,team2,kill,21.70
Warrior+Priest_vs_Warrior+Hunter,Warrior+Priest,Warrior+Hunter,5,team2,kill,35.12
Warrior+Priest_vs_Warrior+Hunter,Warrior+Priest,Warrior+Hunter,6,team2,kill,26.50
Warrior+Priest_vs_Warrior+Hunter,Warrior+Priest,Warrior+Hunter,7,team2,kill,41.60
Warrior+Priest_vs_Warrior+Hunter,Warrior+Priest,Warrior+Hunter,8,team1,kill,35.55
Warrior+Priest_vs_Warrior+Hunter,Warrior+Priest,Warrior+Hunter,9,team2,kill,35.12
Warrior+Priest_vs_Mage+Hunter,Warrior+Priest,Mage+Hunter,0,team2,kill,18.95
Warrior+Priest_vs_Mage+Hunter,Warrior+Priest,Mage+Hunter,1,team2,kill,33.05
Warrior+Priest_vs_Mage+Hunter,Warrior+Priest,Mage+Hunter,2,team2,kill,34.40
Warrior+Priest_vs_Mage+Hunter,Warrior+Priest,Mage+Hunter,3,team2,kill,30.07
Warrior+Priest_vs_Mage+Hunter,Warrior+Priest,Mage+Hunter,4,team2,kill,30.97
Warrior+Priest_vs_Mage+Hunter,Warrior+Priest,Mage+Hunter,5,team2,kill,32.95
Warrior+Priest_vs_Mage+Hunter,Warrior+Priest,Mage+Hunter,6,team2,kill,31.60
Warrior+Priest_vs_Mage+Hunter,Warrior+Priest,Mage+Hunter,7,team2,kill,32.90
Warrior+Priest_vs_Mage+Hunter,Warrior+Priest,Mage+Hunter,8,team2,kill,32.90
Warrior+Priest_vs_Mage+Hunter,Warrior+Priest,Mage+Hunter,9,team2,kill,33.92
Warrior+Priest_vs_Rogue+Hunter,Warrior+Priest,Rogue+Hunter,0,team2,kill,40.58
Warrior+Priest_vs_Rogue+Hunter,Warrior+Priest,Rogue+Hunter,1,team2,kill,31.77
Warrior+Priest_vs_Rogue+Hunter,Warrior+Priest,Rogue+Hunter,2,team2,kill,34.22
Warrior+Priest_vs_Rogue+Hunter,Warrior+Priest,Rogue+Hunter,3,team2,kill,37.93
Warrior+Priest_vs_Rogue+Hunter,Warrior+Priest,Rogue+Hunter,4,team2,kill,44.63
Warrior+Priest_vs_Rogue+Hunter,Warrior+Priest,Rogue+Hunter,5,team2,kill,35.88
Warrior+Priest_vs_Rogue+Hunter,Warrior+Priest,Rogue+Hunter,6,team2,kill,34.22
Warrior+Priest_vs_Rogue+Hunter,Warrior+Priest,Rogue+Hunter,7,team2,kill,35.72
Warrior+Priest_vs_Rogue+Hunter,Warrior+Priest,Rogue+Hunter,8,team2,kill,35.33
Warrior+Priest_vs_Rogue+Hunter,Warrior+Priest,Rogue+Hunter,9,team2,kill,34.22
Warrior+Priest_vs_Priest+Hunter,Warrior+Priest,Priest+Hunter,0,team1,kill,61.67
Warrior+Priest_vs_Priest+Hunter,Warrior+Priest,Priest+Hunter,1,team1,kill,58.67
Warrior+Priest_vs_Priest+Hunter,Warrior+Priest,Priest+Hunter,2,team1,kill,58.97
Warrior+Priest_vs_Priest+Hunter,Warrior+Priest,Priest+Hunter,3,team1,kill,46.28
Warrior+Priest_vs_Priest+Hunter,Warrior+Priest,Priest+Hunter,4,team1,kill,59.25
Warrior+Priest_vs_Priest+Hunter,Warrior+Priest,Priest+Hunter,5,team1,kill,58.72
Warrior+Priest_vs_Priest+Hunter,Warrior+Priest,Priest+Hunter,6,team1,kill,43.12
Warrior+Priest_vs_Priest+Hunter,Warrior+Priest,Priest+Hunter,7,team1,kill,35.77
Warrior+Priest_vs_Priest+Hunter,Warrior+Priest,Priest+Hunter,8,team1,kill,40.18
Warrior+Priest_vs_Priest+Hunter,Warrior+Priest,Priest+Hunter,9,team1,kill,49.80
Warrior+Priest_vs_Warlock+Hunter,Warrior+Priest,Warlock+Hunter,0,team1,kill,46.10
Warrior+Priest_vs_Warlock+Hunter,Warrior+Priest,Warlock+Hunter,1,team1,kill,26.83
Warrior+Priest_vs_Warlock+Hunter,Warrior+Priest,Warlock+Hunter,2,team2,kill,33.00
Warrior+Priest_vs_Warlock+Hunter,Warrior+Priest,Warlock+Hunter,3,team1,kill,45.25
Warrior+Priest_vs_Warlock+Hunter,Warrior+Priest,Warlock+Hunter,4,team1,kill,37.60
Warrior+Priest_vs_Warlock+Hunter,Warrior+Priest,Warlock+Hunter,5,team1,kill,38.18
Warrior+Priest_vs_Warlock+Hunter,Warrior+Priest,Warlock+Hunter,6,team1,kill,37.63
Warrior+Priest_vs_Warlock+Hunter,Warrior+Priest,Warlock+Hunter,7,team2,kill,31.90
Warrior+Priest_vs_Warlock+Hunter,Warrior+Priest,Warlock+Hunter,8,team1,kill,57.78
Warrior+Priest_vs_Warlock+Hunter,Warrior+Priest,Warlock+Hunter,9,team2,kill,35.62
Warrior+Priest_vs_Paladin+Hunter,Warrior+Priest,Paladin+Hunter,0,team1,kill,82.37
Warrior+Priest_vs_Paladin+Hunter,Warrior+Priest,Paladin+Hunter,1,team1,kill,107.79
Warrior+Priest_vs_Paladin+Hunter,Warrior+Priest,Paladin+Hunter,2,team1,kill,79.89
Warrior+Priest_vs_Paladin+Hunter,Warrior+Priest,Paladin+Hunter,3,team1,kill,111.39
Warrior+Priest_vs_Paladin+Hunter,Warrior+Priest,Paladin+Hunter,4,team2,kill,50.10
Warrior+Priest_vs_Paladin+Hunter,Warrior+Priest,Paladin+Hunter,5,team1,kill,96.49
Warrior+Priest_vs_Paladin+Hunter,Warrior+Priest,Paladin+Hunter,6,team1,kill,125.06
Warrior+Priest_vs_Paladin+Hunter,Warrior+Priest,Paladin+Hunter,7,team1,kill,87.40
Warrior+Priest_vs_Paladin+Hunter,Warrior+Priest,Paladin+Hunter,8,team1,kill,195.01
Warrior+Priest_vs_Paladin+Hunter,Warrior+Priest,Paladin+Hunter,9,team1,kill,107.06
Warrior+Priest_vs_Hunter+Shaman,Warrior+Priest,Hunter+Shaman,0,team2,kill,57.83
Warrior+Priest_vs_Hunter+Shaman,Warrior+Priest,Hunter+Shaman,1,team2,kill,66.58
Warrior+Priest_vs_Hunter+Shaman,Warrior+Priest,Hunter+Shaman,2,team1,kill,66.45
Warrior+Priest_vs_Hunter+Shaman,Warrior+Priest,Hunter+Shaman,3,team2,kill,61.75
Warrior+Priest_vs_Hunter+Shaman,Warrior+Priest,Hunter+Shaman,4,team2,kill,63.02
Warrior+Priest_vs_Hunter+Shaman,Warrior+Priest,Hunter+Shaman,5,team2,kill,61.75
Warrior+Priest_vs_Hunter+Shaman,Warrior+Priest,Hunter+Shaman,6,team1,kill,31.42
Warrior+Priest_vs_Hunter+Shaman,Warrior+Priest,Hunter+Shaman,7,team2,kill,28.73
Warrior+Priest_vs_Hunter+Shaman,Warrior+Priest,Hunter+Shaman,8,team2,kill,66.58
Warrior+Priest_vs_Hunter+Shaman,Warrior+Priest,Hunter+Shaman,9,team2,kill,57.23
Warrior+Warlock_vs_Warrior+Priest,Warrior+Warlock,Warrior+Priest,0,team2,kill,26.70
Warrior+Warlock_vs_Warrior+Priest,Warrior+Warlock,Warrior+Priest,1,team2,kill,28.10
Warrior+Warlock_vs_Warrior+Priest,Warrior+Warlock,Warrior+Priest,2,team2,kill,30.88
Warrior+Warlock_vs_Warrior+Priest,Warrior+Warlock,Warrior+Priest,3,team2,kill,23.90
Warrior+Warlock_vs_Warrior+Priest,Warrior+Warlock,Warrior+Priest,4,team2,kill,28.10
Warrior+Warlock_vs_Warrior+Priest,Warrior+Warlock,Warrior+Priest,5,team2,kill,21.42
Warrior+Warlock_vs_Warrior+Priest,Warrior+Warlock,Warrior+Priest,6,team2,kill,24.32
Warrior+Warlock_vs_Warrior+Priest,Warrior+Warlock,Warrior+Priest,7,team2,kill,23.07
Warrior+Warlock_vs_Warrior+Priest,Warrior+Warlock,Warrior+Priest,8,team2,kill,25.88
Warrior+Warlock_vs_Warrior+Priest,Warrior+Warlock,Warrior+Priest,9,team2,kill,30.18
Warrior+Warlock_vs_Warrior+Hunter,Warrior+Warlock,Warrior+Hunter,0,team1,kill,21.03
Warrior+Warlock_vs_Warrior+Hunter,Warrior+Warlock,Warrior+Hunter,1,team1,kill,24.78
Warrior+Warlock_vs_Warrior+Hunter,Warrior+Warlock,Warrior+Hunter,2,team1,kill,22.18
Warrior+Warlock_vs_Warrior+Hunter,Warrior+Warlock,Warrior+Hunter,3,team1,kill,19.45
Warrior+Warlock_vs_Warrior+Hunter,Warrior+Warlock,Warrior+Hunter,4,team1,kill,19.42
Warrior+Warlock_vs_Warrior+Hunter,Warrior+Warlock,Warrior+Hunter,5,team1,kill,25.20
Warrior+Warlock_vs_Warrior+Hunter,Warrior+Warlock,Warrior+Hunter,6,team1,kill,21.03
Warrior+Warlock_vs_Warrior+Hunter,Warrior+Warlock,Warrior+Hunter,7,team1,kill,20.37
Warrior+Warlock_vs_Warrior+Hunter,Warrior+Warlock,Warrior+Hunter,8,team1,kill,21.03
Warrior+Warlock_vs_Warrior+Hunter,Warrior+Warlock,Warrior+Hunter,9,team1,kill,24.37
Warrior+Warlock_vs_Mage+Hunter,Warrior+Warlock,Mage+Hunter,0,team1,kill,25.28
Warrior+Warlock_vs_Mage+Hunter,Warrior+Warlock,Mage+Hunter,1,team2,kill,19.68
Warrior+Warlock_vs_Mage+Hunter,Warrior+Warlock,Mage+Hunter,2,team2,kill,19.68
Warrior+Warlock_vs_Mage+Hunter,Warrior+Warlock,Mage+Hunter,3,team2,kill,19.68
Warrior+Warlock_vs_Mage+Hunter,Warrior+Warlock,Mage+Hunter,4,team2,kill,18.23
Warrior+Warlock_vs_Mage+Hunter,Warrior+Warlock,Mage+Hunter,5,team2,kill,19.68
Warrior+Warlock_vs_Mage+Hunter,Warrior+Warlock,Mage+Hunter,6,team2,kill,28.27
Warrior+Warlock_vs_Mage+Hunter,Warrior+Warlock,Mage+Hunter,7,team2,kill,29.63
Warrior+Warlock_vs_Mage+Hunter,Warrior+Warlock,Mage+Hunter,8,team2,kill,19.68
Warrior+Warlock_vs_Mage+Hunter,Warrior+Warlock,Mage+Hunter,9,team2,kill,18.30
Warrior+Warlock_vs_Rogue+Hunter,Warrior+Warlock,Rogue+Hunter,0,team2,kill,28.00
Warrior+Warlock_vs_Rogue+Hunter,Warrior+Warlock,Rogue+Hunter,1,team2,kill,19.97
Warrior+Warlock_vs_Rogue+Hunter,Warrior+Warlock,Rogue+Hunter,2,team2,kill,22.77
Warrior+Warlock_vs_Rogue+Hunter,Warrior+Warlock,Rogue+Hunter,3,team2,kill,23.70
Warrior+Warlock_vs_Rogue+Hunter,Warrior+Warlock,Rogue+Hunter,4,team2,kill,24.58
Warrior+Warlock_vs_Rogue+Hunter,Warrior+Warlock,Rogue+Hunter,5,team2,kill,18.85
Warrior+Warlock_vs_Rogue+Hunter,Warrior+Warlock,Rogue+Hunter,6,team2,kill,22.40
Warrior+Warlock_vs_Rogue+Hunter,Warrior+Warlock,Rogue+Hunter,7,team1,kill,30.93
Warrior+Warlock_vs_Rogue+Hunter,Warrior+Warlock,Rogue+Hunter,8,team2,kill,25.82
Warrior+Warlock_vs_Rogue+Hunter,Warrior+Warlock,Rogue+Hunter,9,team2,kill,24.78
Warrior+Warlock_vs_Priest+Hunter,Warrior+Warlock,Priest+Hunter,0,team1,kill,30.30
Warrior+Warlock_vs_Priest+Hunter,Warrior+Warlock,Priest+Hunter,1,team2,kill,39.52
Warrior+Warlock_vs_Priest+Hunter,Warrior+Warlock,Priest+Hunter,2,team1,kill,32.90
Warrior+Warlock_vs_Priest+Hunter,Warrior+Warlock,Priest+Hunter,3,team1,kill,51.23
Warrior+Warlock_vs_Priest+Hunter,Warrior+Warlock,Priest+Hunter,4,team2,kill,33.30
Warrior+Warlock_vs_Priest+Hunter,Warrior+Warlock,Priest+Hunter,5,team2,kill,33.30
Warrior+Warlock_vs_Priest+Hunter,Warrior+Warlock,Priest+Hunter,6,team2,kill,33.28
Warrior+Warlock_vs_Priest+Hunter,Warrior+Warlock,Priest+Hunter,7,team1,kill,55.17
Warrior+Warlock_vs_Priest+Hunter,Warrior+Warlock,Priest+Hunter,8,team2,kill,29.72
Warrior+Warlock_vs_Priest+Hunter,Warrior+Warlock,Priest+Hunter,9,team1,kill,56.22
Warrior+Warlock_vs_Warlock+Hunter,Warrior+Warlock,Warlock+Hunter,0,team2,kill,23.70
Warrior+Warlock_vs_Warlock+Hunter,Warrior+Warlock,Warlock+Hunter,1,team2,kill,22.00
Warrior+Warlock_vs_Warlock+Hunter,Warrior+Warlock,Warlock+Hunter,2,team2,kill,26.33
Warrior+Warlock_vs_Warlock+Hunter,Warrior+Warlock,Warlock+Hunter,3,team2,kill,25.30
Warrior+Warlock_vs_Warlock+Hunter,Warrior+Warlock,Warlock+Hunter,4,team2,kill,26.30
Warrior+Warlock_vs_Warlock+Hunter,Warrior+Warlock,Warlock+Hunter,5,team2,kill,23.70
Warrior+Warlock_vs_Warlock+Hunter,Warrior+Warlock,Warlock+Hunter,6,team2,kill,22.28
Warrior+Warlock_vs_Warlock+Hunter,Warrior+Warlock,Warlock+Hunter,7,team2,kill,25.30
Warrior+Warlock_vs_Warlock+Hunter,Warrior+Warlock,Warlock+Hunter,8,team2,kill,27.15
Warrior+Warlock_vs_Warlock+Hunter,Warrior+Warlock,Warlock+Hunter,9,team2,kill,24.08
Warrior+Warlock_vs_Paladin+Hunter,Warrior+Warlock,Paladin+Hunter,0,team2,kill,39.58
Warrior+Warlock_vs_Paladin+Hunter,Warrior+Warlock,Paladin+Hunter,1,team2,kill,49.63
Warrior+Warlock_vs_Paladin+Hunter,Warrior+Warlock,Paladin+Hunter,2,team2,kill,40.18
Warrior+Warlock_vs_Paladin+Hunter,Warrior+Warlock,Paladin+Hunter,3,team2,kill,41.87
Warrior+Warlock_vs_Paladin+Hunter,Warrior+Warlock,Paladin+Hunter,4,team2,kill,39.58
Warrior+Warlock_vs_Paladin+Hunter,Warrior+Warlock,Paladin+Hunter,5,team2,kill,45.25
Warrior+Warlock_vs_Paladin+Hunter,Warrior+Warlock,Paladin+Hunter,6,team2,kill,34.75
Warrior+Warlock_vs_Paladin+Hunter,Warrior+Warlock,Paladin+Hunter,7,team2,kill,40.92
Warrior+Warlock_vs_Paladin+Hunter,Warrior+Warlock,Paladin+Hunter,8,team2,kill,49.65
Warrior+Warlock_vs_Paladin+Hunter,Warrior+Warlock,Paladin+Hunter,9,team2,kill,32.33
Warrior+Warlock_vs_Hunter+Shaman,Warrior+Warlock,Hunter+Shaman,0,team1,kill,36.95
Warrior+Warlock_vs_Hunter+Shaman,Warrior+Warlock,Hunter+Shaman,1,team1,kill,22.55
Warrior+Warlock_vs_Hunter+Shaman,Warrior+Warlock,Hunter+Shaman,2,team2,kill,42.52
Warrior+Warlock_vs_Hunter+Shaman,Warrior+Warlock,Hunter+Shaman,3,team1,kill,28.37
Warrior+Warlock_vs_Hunter+Shaman,Warrior+Warlock,Hunter+Shaman,4,team1,kill,31.73
Warrior+Warlock_vs_Hunter+Shaman,Warrior+Warlock,Hunter+Shaman,5,team1,kill,27.40
Warrior+Warlock_vs_Hunter+Shaman,Warrior+Warlock,Hunter+Shaman,6,team2,kill,43.58
Warrior+Warlock_vs_Hunter+Shaman,Warrior+Warlock,Hunter+Shaman,7,team1,kill,32.40
Warrior+Warlock_vs_Hunter+Shaman,Warrior+Warlock,Hunter+Shaman,8,team1,kill,22.75
Warrior+Warlock_vs_Hunter+Shaman,Warrior+Warlock,Hunter+Shaman,9,team1,kill,28.17
Warrior+Paladin_vs_Warrior+Hunter,Warrior+Paladin,Warrior+Hunter,0,team1,kill,39.15
Warrior+Paladin_vs_Warrior+Hunter,Warrior+Paladin,Warrior+Hunter,1,team1,kill,42.92
Warrior+Paladin_vs_Warrior+Hunter,Warrior+Paladin,Warrior+Hunter,2,team1,kill,41.98
Warrior+Paladin_vs_Warrior+Hunter,Warrior+Paladin,Warrior+Hunter,3,team1,kill,42.03
Warrior+Paladin_vs_Warrior+Hunter,Warrior+Paladin,Warrior+Hunter,4,team1,kill,36.53
Warrior+Paladin_vs_Warrior+Hunter,Warrior+Paladin,Warrior+Hunter,5,team1,kill,42.78
Warrior+Paladin_vs_Warrior+Hunter,Warrior+Paladin,Warrior+Hunter,6,team1,kill,42.82
Warrior+Paladin_vs_Warrior+Hunter,Warrior+Paladin,Warrior+Hunter,7,team1,kill,39.22
Warrior+Paladin_vs_Warrior+Hunter,Warrior+Paladin,Warrior+Hunter,8,team1,kill,42.85
Warrior+Paladin_vs_Warrior+Hunter,Warrior+Paladin,Warrior+Hunter,9,team1,kill,39.00
Warrior+Paladin_vs_Mage+Hunter,Warrior+Paladin,Mage+Hunter,0,team1,kill,44.38
Warrior+Paladin_vs_Mage+Hunter,Warrior+Paladin,Mage+Hunter,1,team1,kill,37.87
Warrior+Paladin_vs_Mage+Hunter,Warrior+Paladin,Mage+Hunter,2,team1,kill,30.50
Warrior+Paladin_vs_Mage+Hunter,Warrior+Paladin,Mage+Hunter,3,team1,kill,37.88
Warrior+Paladin_vs_Mage+Hunter,Warrior+Paladin,Mage+Hunter,4,team1,kill,52.45
Warrior+Paladin_vs_Mage+Hunter,Warrior+Paladin,Mage+Hunter,5,team2,kill,46.10
Warrior+Paladin_vs_Mage+Hunter,Warrior+Paladin,Mage+Hunter,6,team1,kill,30.50
Warrior+Paladin_vs_Mage+Hunter,Warrior+Paladin,Mage+Hunter,7,team1,kill,52.88
Warrior+Paladin_vs_Mage+Hunter,Warrior+Paladin,Mage+Hunter,8,team1,kill,45.07
Warrior+Paladin_vs_Mage+Hunter,Warrior+Paladin,Mage+Hunter,9,team1,kill,40.57
Warrior+Paladin_vs_Rogue+Hunter,Warrior+Paladin,Rogue+Hunter,0,team1,kill,55.03
Warrior+Paladin_vs_Rogue+Hunter,Warrior+Paladin,Rogue+Hunter,1,team1,kill,52.53
Warrior+Paladin_vs_Rogue+Hunter,Warrior+Paladin,Rogue+Hunter,2,team1,kill,56.18
Warrior+Paladin_vs_Rogue+Hunter,Warrior+Paladin,Rogue+Hunter,3,team1,kill,52.53
Warrior+Paladin_vs_Rogue+Hunter,Warrior+Paladin,Rogue+Hunter,4,team1,kill,59.70
Warrior+Paladin_vs_Rogue+Hunter,Warrior+Paladin,Rogue+Hunter,5,team1,kill,36.77
Warrior+Paladin_vs_Rogue+Hunter,Warrior+Paladin,Rogue+Hunter,6,team1,kill,45.32
Warrior+Paladin_vs_Rogue+Hunter,Warrior+Paladin,Rogue+Hunter,7,team1,kill,54.07
Warrior+Paladin_vs_Rogue+Hunter,Warrior+Paladin,Rogue+Hunter,8,team1,kill,52.90
Warrior+Paladin_vs_Rogue+Hunter,Warrior+Paladin,Rogue+Hunter,9,team1,kill,57.58
Warrior+Paladin_vs_Priest+Hunter,Warrior+Paladin,Priest+Hunter,0,team1,kill,53.57
Warrior+Paladin_vs_Priest+Hunter,Warrior+Paladin,Priest+Hunter,1,team1,kill,80.24
Warrior+Paladin_vs_Priest+Hunter,Warrior+Paladin,Priest+Hunter,2,team1,kill,51.97
Warrior+Paladin_vs_Priest+Hunter,Warrior+Paladin,Priest+Hunter,3,team1,kill,38.37
Warrior+Paladin_vs_Priest+Hunter,Warrior+Paladin,Priest+Hunter,4,team1,kill,36.48
Warrior+Paladin_vs_Priest+Hunter,Warrior+Paladin,Priest+Hunter,5,team1,kill,56.35
Warrior+Paladin_vs_Priest+Hunter,Warrior+Paladin,Priest+Hunter,6,team1,kill,41.27
Warrior+Paladin_vs_Priest+Hunter,Warrior+Paladin,Priest+Hunter,7,team1,kill,44.00
Warrior+Paladin_vs_Priest+Hunter,Warrior+Paladin,Priest+Hunter,8,team1,kill,44.05
Warrior+Paladin_vs_Priest+Hunter,Warrior+Paladin,Priest+Hunter,9,team1,kill,55.88
Warrior+Paladin_vs_Warlock+Hunter,Warrior+Paladin,Warlock+Hunter,0,team1,kill,37.98
Warrior+Paladin_vs_Warlock+Hunter,Warrior+Paladin,Warlock+Hunter,1,team1,kill,35.72
Warrior+Paladin_vs_Warlock+Hunter,Warrior+Paladin,Warlock+Hunter,2,team1,kill,40.32
Warrior+Paladin_vs_Warlock+Hunter,Warrior+Paladin,Warlock+Hunter,3,team2,kill,69.93
Warrior+Paladin_vs_Warlock+Hunter,Warrior+Paladin,Warlock+Hunter,4,team1,kill,72.57
Warrior+Paladin_vs_Warlock+Hunter,Warrior+Paladin,Warlock+Hunter,5,team1,kill,33.48
Warrior+Paladin_vs_Warlock+Hunter,Warrior+Paladin,Warlock+Hunter,6,team1,kill,36.67
Warrior+Paladin_vs_Warlock+Hunter,Warrior+Paladin,Warlock+Hunter,7,team1,kill,37.23
Warrior+Paladin_vs_Warlock+Hunter,Warrior+Paladin,Warlock+Hunter,8,team1,kill,40.27
Warrior+Paladin_vs_Warlock+Hunter,Warrior+Paladin,Warlock+Hunter,9,team1,kill,38.85
Warrior+Paladin_vs_Paladin+Hunter,Warrior+Paladin,Paladin+Hunter,0,team1,kill,76.70
Warrior+Paladin_vs_Paladin+Hunter,Warrior+Paladin,Paladin+Hunter,1,team1,kill,67.02
Warrior+Paladin_vs_Paladin+Hunter,Warrior+Paladin,Paladin+Hunter,2,team1,kill,71.73
Warrior+Paladin_vs_Paladin+Hunter,Warrior+Paladin,Paladin+Hunter,3,team1,kill,91.27
Warrior+Paladin_vs_Paladin+Hunter,Warrior+Paladin,Paladin+Hunter,4,team2,kill,131.80
Warrior+Paladin_vs_Paladin+Hunter,Warrior+Paladin,Paladin+Hunter,5,team1,kill,70.08
Warrior+Paladin_vs_Paladin+Hunter,Warrior+Paladin,Paladin+Hunter,6,team1,kill,52.92
Warrior+Paladin_vs_Paladin+Hunter,Warrior+Paladin,Paladin+Hunter,7,team1,kill,89.57
Warrior+Paladin_vs_Paladin+Hunter,Warrior+Paladin,Paladin+Hunter,8,team2,kill,145.64
Warrior+Paladin_vs_Paladin+Hunter,Warrior+Paladin,Paladin+Hunter,9,team2,kill,139.84
Warrior+Paladin_vs_Hunter+Shaman,Warrior+Paladin,Hunter+Shaman,0,team1,kill,96.96
Warrior+Paladin_vs_Hunter+Shaman,Warrior+Paladin,Hunter+Shaman,1,team1,kill,112.46
Warrior+Paladin_vs_Hunter+Shaman,Warrior+Paladin,Hunter+Shaman,2,team1,kill,73.18
Warrior+Paladin_vs_Hunter+Shaman,Warrior+Paladin,Hunter+Shaman,3,team1,kill,98.49
Warrior+Paladin_vs_Hunter+Shaman,Warrior+Paladin,Hunter+Shaman,4,team1,kill,98.34
Warrior+Paladin_vs_Hunter+Shaman,Warrior+Paladin,Hunter+Shaman,5,team1,kill,98.37
Warrior+Paladin_vs_Hunter+Shaman,Warrior+Paladin,Hunter+Shaman,6,team1,kill,95.07
Warrior+Paladin_vs_Hunter+Shaman,Warrior+Paladin,Hunter+Shaman,7,team1,kill,96.51
Warrior+Paladin_vs_Hunter+Shaman,Warrior+Paladin,Hunter+Shaman,8,team1,kill,111.01
Warrior+Paladin_vs_Hunter+Shaman,Warrior+Paladin,Hunter+Shaman,9,team2,kill,94.94
Warrior+Hunter_vs_Warrior+Mage,Warrior+Hunter,Warrior+Mage,0,team2,kill,14.22
Warrior+Hunter_vs_Warrior+Mage,Warrior+Hunter,Warrior+Mage,1,team2,kill,16.82
Warrior+Hunter_vs_Warrior+Mage,Warrior+Hunter,Warrior+Mage,2,team2,kill,14.22
Warrior+Hunter_vs_Warrior+Mage,Warrior+Hunter,Warrior+Mage,3,team2,kill,15.72
Warrior+Hunter_vs_Warrior+Mage,Warrior+Hunter,Warrior+Mage,4,team2,kill,14.22
Warrior+Hunter_vs_Warrior+Mage,Warrior+Hunter,Warrior+Mage,5,team2,kill,15.72
Warrior+Hunter_vs_Warrior+Mage,Warrior+Hunter,Warrior+Mage,6,team2,kill,14.22
Warrior+Hunter_vs_Warrior+Mage,Warrior+Hunter,Warrior+Mage,7,team2,kill,14.22
Warrior+Hunter_vs_Warrior+Mage,Warrior+Hunter,Warrior+Mage,8,team2,kill,16.82
Warrior+Hunter_vs_Warrior+Mage,Warrior+Hunter,Warrior+Mage,9,team2,kill,15.72
Warrior+Hunter_vs_Warrior+Rogue,Warrior+Hunter,Warrior+Rogue,0,team1,kill,23.07
Warrior+Hunter_vs_Warrior+Rogue,Warrior+Hunter,Warrior+Rogue,1,team1,kill,19.87
Warrior+Hunter_vs_Warrior+Rogue,Warrior+Hunter,Warrior+Rogue,2,team1,kill,20.45
Warrior+Hunter_vs_Warrior+Rogue,Warrior+Hunter,Warrior+Rogue,3,team1,kill,19.93
Warrior+Hunter_vs_Warrior+Rogue,Warrior+Hunter,Warrior+Rogue,4,team1,kill,20.78
Warrior+Hunter_vs_Warrior+Rogue,Warrior+Hunter,Warrior+Rogue,5,team1,kill,20.78
Warrior+Hunter_vs_Warrior+Rogue,Warrior+Hunter,Warrior+Rogue,6,team1,kill,23.07
Warrior+Hunter_vs_Warrior+Rogue,Warrior+Hunter,Warrior+Rogue,7,team1,kill,23.07
Warrior+Hunter_vs_Warrior+Rogue,Warrior+Hunter,Warrior+Rogue,8,team1,kill,23.07
Warrior+Hunter_vs_Warrior+Rogue,Warrior+Hunter,Warrior+Rogue,9,team1,kill,23.07
Warrior+Hunter_vs_Warrior+Priest,Warrior+Hunter,Warrior+Priest,0,team1,kill,44.17
Warrior+Hunter_vs_Warrior+Priest,Warrior+Hunter,Warrior+Priest,1,team1,kill,21.70
Warrior+Hunter_vs_Warrior+Priest,Warrior+Hunter,Warrior+Priest,2,team2,kill,24.05
Warrior+Hunter_vs_Warrior+Priest,Warrior+Hunter,Warrior+Priest,3,team2,kill,24.05
Warrior+Hunter_vs_Warrior+Priest,Warrior+Hunter,Warrior+Priest,4,team1,kill,21.70
Warrior+Hunter_vs_Warrior+Priest,Warrior+Hunter,Warrior+Priest,5,team1,kill,35.12
Warrior+Hunter_vs_Warrior+Priest,Warrior+Hunter,Warrior+Priest,6,team1,kill,28.75
Warrior+Hunter_vs_Warrior+Priest,Warrior+Hunter,Warrior+Priest,7,team1,kill,44.73
Warrior+Hunter_vs_Warrior+Priest,Warrior+Hunter,Warrior+Priest,8,team2,kill,35.55
Warrior+Hunter_vs_Warrior+Priest,Warrior+Hunter,Warrior+Priest,9,team1,kill,35.12
Warrior+Hunter_vs_Warrior+Warlock,Warrior+Hunter,Warrior+Warlock,0,team1,kill,16.07
Warrior+Hunter_vs_Warrior+Warlock,Warrior+Hunter,Warrior+Warlock,1,team1,kill,17.57
Warrior+Hunter_vs_Warrior+Warlock,Warrior+Hunter,Warrior+Warlock,2,team2,kill,25.20
Warrior+Hunter_vs_Warrior+Warlock,Warrior+Hunter,Warrior+Warlock,3,team2,kill,21.03
Warrior+Hunter_vs_Warrior+Warlock,Warrior+Hunter,Warrior+Warlock,4,team2,kill,21.03
Warrior+Hunter_vs_Warrior+Warlock,Warrior+Hunter,Warrior+Warlock,5,team1,kill,16.18
Warrior+Hunter_vs_Warrior+Warlock,Warrior+Hunter,Warrior+Warlock,6,team2,kill,17.93
Warrior+Hunter_vs_Warrior+Warlock,Warrior+Hunter,Warrior+Warlock,7,team1,kill,17.53
Warrior+Hunter_vs_Warrior+Warlock,Warrior+Hunter,Warrior+Warlock,8,team1,kill,18.60
Warrior+Hunter_vs_Warrior+Warlock,Warrior+Hunter,Warrior+Warlock,9,team2,kill,19.63
Warrior+Hunter_vs_Warrior+Paladin,Warrior+Hunter,Warrior+Paladin,0,team2,kill,42.83
Warrior+Hunter_vs_Warrior+Paladin,Warrior+Hunter,Warrior+Paladin,1,team2,kill,42.92
Warrior+Hunter_vs_Warrior+Paladin,Warrior+Hunter,Warrior+Paladin,2,team2,kill,35.52
Warrior+Hunter_vs_Warrior+Paladin,Warrior+Hunter,Warrior+Paladin,3,team2,kill,42.03
Warrior+Hunter_vs_Warrior+Paladin,Warrior+Hunter,Warrior+Paladin,4,team2,kill,35.98
Warrior+Hunter_vs_Warrior+Paladin,Warrior+Hunter,Warrior+Paladin,5,team2,kill,42.78
Warrior+Hunter_vs_Warrior+Paladin,Warrior+Hunter,Warrior+Paladin,6,team2,kill,42.82
Warrior+Hunter_vs_Warrior+Paladin,Warrior+Hunter,Warrior+Paladin,7,team2,kill,42.82
Warrior+Hunter_vs_Warrior+Paladin,Warrior+Hunter,Warrior+Paladin,8,team2,kill,42.85
Warrior+Hunter_vs_Warrior+Paladin,Warrior+Hunter,Warrior+Paladin,9,team2,kill,78.17
Warrior+Hunter_vs_Warrior+Hunter,Warrior+Hunter,Warrior+Hunter,0,team2,kill,15.63
Warrior+Hunter_vs_Warrior+Hunter,Warrior+Hunter,Warrior+Hunter,1,team1,kill,20.10
Warrior+Hunter_vs_Warrior+Hunter,Warrior+Hunter,Warrior+Hunter,2,team1,kill,20.70
Warrior+Hunter_vs_Warrior+Hunter,Warrior+Hunter,Warrior+Hunter,3,team2,kill,16.43
Warrior+Hunter_vs_Warrior+Hunter,Warrior+Hunter,Warrior+Hunter,4,team1,kill,15.80
Warrior+Hunter_vs_Warrior+Hunter,Warrior+Hunter,Warrior+Hunter,5,team2,kill,20.70
Warrior+Hunter_vs_Warrior+Hunter,Warrior+Hunter,Warrior+Hunter,6,team1,kill,19.55
Warrior+Hunter_vs_Warrior+Hunter,Warrior+Hunter,Warrior+Hunter,7,team1,kill,15.87
Warrior+Hunter_vs_Warrior+Hunter,Warrior+Hunter,Warrior+Hunter,8,team2,kill,19.77
Warrior+Hunter_vs_Warrior+Hunter,Warrior+Hunter,Warrior+Hunter,9,team2,kill,20.63
Warrior+Hunter_vs_Warrior+Shaman,Warrior+Hunter,Warrior+Shaman,0,team1,kill,18.27
Warrior+Hunter_vs_Warrior+Shaman,Warrior+Hunter,Warrior+Shaman,1,team1,kill,21.93
Warrior+Hunter_vs_Warrior+Shaman,Warrior+Hunter,Warrior+Shaman,2,team1,kill,20.32
Warrior+Hunter_vs_Warrior+Shaman,Warrior+Hunter,Warrior+Shaman,3,team1,kill,17.47
Warrior+Hunter_vs_Warrior+Shaman,Warrior+Hunter,Warrior+Shaman,4,team1,kill,27.43
Warrior+Hunter_vs_Warrior+Shaman,Warrior+Hunter,Warrior+Shaman,5,team1,kill,18.20
Warrior+Hunter_vs_Warrior+Shaman,Warrior+Hunter,Warrior+Shaman,6,team1,kill,23.37
Warrior+Hunter_vs_Warrior+Shaman,Warrior+Hunter,Warrior+Shaman,7,team1,kill,19.67
Warrior+Hunter_vs_Warrior+Shaman,Warrior+Hunter,Warrior+Shaman,8,team1,kill,19.67
Warrior+Hunter_vs_Warrior+Shaman,Warrior+Hunter,Warrior+Shaman,9,team1,kill,19.67
Warrior+Hunter_vs_Mage+Rogue,Warrior+Hunter,Mage+Rogue,0,team1,kill,27.85
Warrior+Hunter_vs_Mage+Rogue,Warrior+Hunter,Mage+Rogue,1,team2,kill,29.78
Warrior+Hunter_vs_Mage+Rogue,Warrior+Hunter,Mage+Rogue,2,team1,kill,29.62
Warrior+Hunter_vs_Mage+Rogue,Warrior+Hunter,Mage+Rogue,3,team1,kill,29.85
Warrior+Hunter_vs_Mage+Rogue,Warrior+Hunter,Mage+Rogue,4,team1,kill,27.95
Warrior+Hunter_vs_Mage+Rogue,Warrior+Hunter,Mage+Rogue,5,team1,kill,29.62
Warrior+Hunter_vs_Mage+Rogue,Warrior+Hunter,Mage+Rogue,6,team1,kill,30.22
Warrior+Hunter_vs_Mage+Rogue,Warrior+Hunter,Mage+Rogue,7,team1,kill,27.85
Warrior+Hunter_vs_Mage+Rogue,Warrior+Hunter,Mage+Rogue,8,team1,kill,27.95
Warrior+Hunter_vs_Mage+Rogue,Warrior+Hunter,Mage+Rogue,9,team1,kill,27.95
Warrior+Hunter_vs_Mage+Priest,Warrior+Hunter,Mage+Priest,0,team2,kill,24.48
Warrior+Hunter_vs_Mage+Priest,Warrior+Hunter,Mage+Priest,1,team2,kill,24.58
Warrior+Hunter_vs_Mage+Priest,Warrior+Hunter,Mage+Priest,2,team2,kill,26.05
Warrior+Hunter_vs_Mage+Priest,Warrior+Hunter,Mage+Priest,3,team2,kill,26.03
Warrior+Hunter_vs_Mage+Priest,Warrior+Hunter,Mage+Priest,4,team2,kill,25.97
Warrior+Hunter_vs_Mage+Priest,Warrior+Hunter,Mage+Priest,5,team2,kill,25.95
Warrior+Hunter_vs_Mage+Priest,Warrior+Hunter,Mage+Priest,6,team2,kill,25.95
Warrior+Hunter_vs_Mage+Priest,Warrior+Hunter,Mage+Priest,7,team2,kill,26.08
Warrior+Hunter_vs_Mage+Priest,Warrior+Hunter,Mage+Priest,8,team2,kill,25.97
Warrior+Hunter_vs_Mage+Priest,Warrior+Hunter,Mage+Priest,9,team2,kill,24.65
Warrior+Hunter_vs_Mage+Warlock,Warrior+Hunter,Mage+Warlock,0,team1,kill,18.20
Warrior+Hunter_vs_Mage+Warlock,Warrior+Hunter,Mage+Warlock,1,team1,kill,17.93
Warrior+Hunter_vs_Mage+Warlock,Warrior+Hunter,Mage+Warlock,2,team2,kill,17.25
Warrior+Hunter_vs_Mage+Warlock,Warrior+Hunter,Mage+Warlock,3,team2,kill,19.88
Warrior+Hunter_vs_Mage+Warlock,Warrior+Hunter,Mage+Warlock,4,team2,kill,17.07
Warrior+Hunter_vs_Mage+Warlock,Warrior+Hunter,Mage+Warlock,5,team1,kill,15.05
Warrior+Hunter_vs_Mage+Warlock,Warrior+Hunter,Mage+Warlock,6,team1,kill,15.78
Warrior+Hunter_vs_Mage+Warlock,Warrior+Hunter,Mage+Warlock,7,team1,kill,15.98
Warrior+Hunter_vs_Mage+Warlock,Warrior+Hunter,Mage+Warlock,8,team1,kill,18.20
Warrior+Hunter_vs_Mage+Warlock,Warrior+Hunter,Mage+Warlock,9,team2,kill,19.37
Warrior+Hunter_vs_Mage+Paladin,Warrior+Hunter,Mage+Paladin,0,team2,kill,29.73
Warrior+Hunter_vs_Mage+Paladin,Warrior+Hunter,Mage+Paladin,1,team2,kill,28.20
Warrior+Hunter_vs_Mage+Paladin,Warrior+Hunter,Mage+Paladin,2,team2,kill,27.67
Warrior+Hunter_vs_Mage+Paladin,Warrior+Hunter,Mage+Paladin,3,team2,kill,29.70
Warrior+Hunter_vs_Mage+Paladin,Warrior+Hunter,Mage+Paladin,4,team2,kill,29.68
Warrior+Hunter_vs_Mage+Paladin,Warrior+Hunter,Mage+Paladin,5,team2,kill,28.60
Warrior+Hunter_vs_Mage+Paladin,Warrior+Hunter,Mage+Paladin,6,team2,kill,28.22
Warrior+Hunter_vs_Mage+Paladin,Warrior+Hunter,Mage+Paladin,7,team2,kill,26.72
Warrior+Hunter_vs_Mage+Paladin,Warrior+Hunter,Mage+Paladin,8,team2,kill,29.63
Warrior+Hunter_vs_Mage+Paladin,Warrior+Hunter,Mage+Paladin,9,team2,kill,28.20
Warrior+Hunter_vs_Mage+Hunter,Warrior+Hunter,Mage+Hunter,0,team1,kill,17.98
Warrior+Hunter_vs_Mage+Hunter,Warrior+Hunter,Mage+Hunter,1,team1,kill,15.98
Warrior+Hunter_vs_Mage+Hunter,Warrior+Hunter,Mage+Hunter,2,team2,kill,20.07
Warrior+Hunter_vs_Mage+Hunter,Warrior+Hunter,Mage+Hunter,3,team2,kill,17.98
Warrior+Hunter_vs_Mage+Hunter,Warrior+Hunter,Mage+Hunter,4,team1,kill,19.05
Warrior+Hunter_vs_Mage+Hunter,Warrior+Hunter,Mage+Hunter,5,team2,kill,20.07
Warrior+Hunter_vs_Mage+Hunter,Warrior+Hunter,Mage+Hunter,6,team2,kill,17.98
Warrior+Hunter_vs_Mage+Hunter,Warrior+Hunter,Mage+Hunter,7,team2,kill,17.98
Warrior+Hunter_vs_Mage+Hunter,Warrior+Hunter,Mage+Hunter,8,team1,kill,19.82
Warrior+Hunter_vs_Mage+Hunter,Warrior+Hunter,Mage+Hunter,9,team1,kill,19.82
Warrior+Hunter_vs_Mage+Shaman,Warrior+Hunter,Mage+Shaman,0,team2,kill,18.45
Warrior+Hunter_vs_Mage+Shaman,Warrior+Hunter,Mage+Shaman,1,team2,kill,19.13
Warrior+Hunter_vs_Mage+Shaman,Warrior+Hunter,Mage+Shaman,2,team2,kill,19.82
Warrior+Hunter_vs_Mage+Shaman,Warrior+Hunter,Mage+Shaman,3,team2,kill,13.53
Warrior+Hunter_vs_Mage+Shaman,Warrior+Hunter,Mage+Shaman,4,team2,kill,19.13
Warrior+Hunter_vs_Mage+Shaman,Warrior+Hunter,Mage+Shaman,5,team2,kill,18.43
Warrior+Hunter_vs_Mage+Shaman,Warrior+Hunter,Mage+Shaman,6,team2,kill,13.53
Warrior+Hunter_vs_Mage+Shaman,Warrior+Hunter,Mage+Shaman,7,team2,kill,19.13
Warrior+Hunter_vs_Mage+Shaman,Warrior+Hunter,Mage+Shaman,8,team2,kill,19.13
Warrior+Hunter_vs_Mage+Shaman,Warrior+Hunter,Mage+Shaman,9,team2,kill,13.53
Warrior+Hunter_vs_Rogue+Priest,Warrior+Hunter,Rogue+Priest,0,team2,kill,60.32
Warrior+Hunter_vs_Rogue+Priest,Warrior+Hunter,Rogue+Priest,1,team2,kill,46.98
Warrior+Hunter_vs_Rogue+Priest,Warrior+Hunter,Rogue+Priest,2,team2,kill,40.72
Warrior+Hunter_vs_Rogue+Priest,Warrior+Hunter,Rogue+Priest,3,team2,kill,49.38
Warrior+Hunter_vs_Rogue+Priest,Warrior+Hunter,Rogue+Priest,4,team2,kill,61.20
Warrior+Hunter_vs_Rogue+Priest,Warrior+Hunter,Rogue+Priest,5,team2,kill,50.47
Warrior+Hunter_vs_Rogue+Priest,Warrior+Hunter,Rogue+Priest,6,team2,kill,61.20
Warrior+Hunter_vs_Rogue+Priest,Warrior+Hunter,Rogue+Priest,7,team2,kill,63.90
Warrior+Hunter_vs_Rogue+Priest,Warrior+Hunter,Rogue+Priest,8,team2,kill,70.53
Warrior+Hunter_vs_Rogue+Priest,Warrior+Hunter,Rogue+Priest,9,team2,kill,36.80
Warrior+Hunter_vs_Rogue+Warlock,Warrior+Hunter,Rogue+Warlock,0,team1,kill,19.12
Warrior+Hunter_vs_Rogue+Warlock,Warrior+Hunter,Rogue+Warlock,1,team1,kill,21.42
Warrior+Hunter_vs_Rogue+Warlock,Warrior+Hunter,Rogue+Warlock,2,team1,kill,17.62
Warrior+Hunter_vs_Rogue+Warlock,Warrior+Hunter,Rogue+Warlock,3,team1,kill,21.38
Warrior+Hunter_vs_Rogue+Warlock,Warrior+Hunter,Rogue+Warlock,4,team1,kill,19.12
Warrior+Hunter_vs_Rogue+Warlock,Warrior+Hunter,Rogue+Warlock,5,team1,kill,21.42
Warrior+Hunter_vs_Rogue+Warlock,Warrior+Hunter,Rogue+Warlock,6,team1,kill,21.42
Warrior+Hunter_vs_Rogue+Warlock,Warrior+Hunter,Rogue+Warlock,7,team1,kill,20.38
Warrior+Hunter_vs_Rogue+Warlock,Warrior+Hunter,Rogue+Warlock,8,team1,kill,21.38
Warrior+Hunter_vs_Rogue+Warlock,Warrior+Hunter,Rogue+Warlock,9,team1,kill,21.35
Warrior+Hunter_vs_Rogue+Paladin,Warrior+Hunter,Rogue+Paladin,0,team2,kill,69.97
Warrior+Hunter_vs_Rogue+Paladin,Warrior+Hunter,Rogue+Paladin,1,team2,kill,69.47
Warrior+Hunter_vs_Rogue+Paladin,Warrior+Hunter,Rogue+Paladin,2,team2,kill,41.97
Warrior+Hunter_vs_Rogue+Paladin,Warrior+Hunter,Rogue+Paladin,3,team2,kill,74.87
Warrior+Hunter_vs_Rogue+Paladin,Warrior+Hunter,Rogue+Paladin,4,team2,kill,74.32
Warrior+Hunter_vs_Rogue+Paladin,Warrior+Hunter,Rogue+Paladin,5,team2,kill,74.87
Warrior+Hunter_vs_Rogue+Paladin,Warrior+Hunter,Rogue+Paladin,6,team2,kill,73.97
Warrior+Hunter_vs_Rogue+Paladin,Warrior+Hunter,Rogue+Paladin,7,team2,kill,61.32
Warrior+Hunter_vs_Rogue+Paladin,Warrior+Hunter,Rogue+Paladin,8,team2,kill,76.25
Warrior+Hunter_vs_Rogue+Paladin,Warrior+Hunter,Rogue+Paladin,9,team2,kill,80.00
Warrior+Hunter_vs_Rogue+Hunter,Warrior+Hunter,Rogue+Hunter,0,team1,kill,21.55
Warrior+Hunter_vs_Rogue+Hunter,Warrior+Hunter,Rogue+Hunter,1,team1,kill,19.03
Warrior+Hunter_vs_Rogue+Hunter,Warrior+Hunter,Rogue+Hunter,2,team1,kill,24.07
Warrior+Hunter_vs_Rogue+Hunter,Warrior+Hunter,Rogue+Hunter,3,team1,kill,20.68
Warrior+Hunter_vs_Rogue+Hunter,Warrior+Hunter,Rogue+Hunter,4,team1,kill,21.53
Warrior+Hunter_vs_Rogue+Hunter,Warrior+Hunter,Rogue+Hunter,5,team1,kill,19.03
Warrior+Hunter_vs_Rogue+Hunter,Warrior+Hunter,Rogue+Hunter,6,team1,kill,19.03
Warrior+Hunter_vs_Rogue+Hunter,Warrior+Hunter,Rogue+Hunter,7,team1,kill,23.02
Warrior+Hunter_vs_Rogue+Hunter,Warrior+Hunter,Rogue+Hunter,8,team1,kill,21.55
Warrior+Hunter_vs_Rogue+Hunter,Warrior+Hunter,Rogue+Hunter,9,team1,kill,20.68
Warrior+Hunter_vs_Rogue+Shaman,Warrior+Hunter,Rogue+Shaman,0,team1,kill,35.87
Warrior+Hunter_vs_Rogue+Shaman,Warrior+Hunter,Rogue+Shaman,1,team1,kill,50.65
Warrior+Hunter_vs_Rogue+Shaman,Warrior+Hunter,Rogue+Shaman,2,team1,kill,54.30
Warrior+Hunter_vs_Rogue+Shaman,Warrior+Hunter,Rogue+Shaman,3,team1,kill,48.73
Warrior+Hunter_vs_Rogue+Shaman,Warrior+Hunter,Rogue+Shaman,4,team1,kill,19.85
Warrior+Hunter_vs_Rogue+Shaman,Warrior+Hunter,Rogue+Shaman,5,team1,kill,34.55
Warrior+Hunter_vs_Rogue+Shaman,Warrior+Hunter,Rogue+Shaman,6,team1,kill,27.25
Warrior+Hunter_vs_Rogue+Shaman,Warrior+Hunter,Rogue+Shaman,7,team1,kill,28.90
Warrior+Hunter_vs_Rogue+Shaman,Warrior+Hunter,Rogue+Shaman,8,team1,kill,46.85
Warrior+Hunter_vs_Rogue+Shaman,Warrior+Hunter,Rogue+Shaman,9,team2,kill,51.42
Warrior+Hunter_vs_Priest+Warlock,Warrior+Hunter,Priest+Warlock,0,team2,kill,28.70
Warrior+Hunter_vs_Priest+Warlock,Warrior+Hunter,Priest+Warlock,1,team1,kill,24.70
Warrior+Hunter_vs_Priest+Warlock,Warrior+Hunter,Priest+Warlock,2,team1,kill,23.08
Warrior+Hunter_vs_Priest+Warlock,Warrior+Hunter,Priest+Warlock,3,team2,kill,28.23
Warrior+Hunter_vs_Priest+Warlock,Warrior+Hunter,Priest+Warlock,4,team2,kill,28.13
Warrior+Hunter_vs_Priest+Warlock,Warrior+Hunter,Priest+Warlock,5,team2,kill,26.85
Warrior+Hunter_vs_Priest+Warlock,Warrior+Hunter,Priest+Warlock,6,team2,kill,28.80
Warrior+Hunter_vs_Priest+Warlock,Warrior+Hunter,Priest+Warlock,7,team1,kill,24.50
Warrior+Hunter_vs_Priest+Warlock,Warrior+Hunter,Priest+Warlock,8,team2,kill,33.67
Warrior+Hunter_vs_Priest+Warlock,Warrior+Hunter,Priest+Warlock,9,team2,kill,27.80
Warrior+Hunter_vs_Priest+Hunter,Warrior+Hunter,Priest+Hunter,0,team1,kill,21.40
Warrior+Hunter_vs_Priest+Hunter,Warrior+Hunter,Priest+Hunter,1,team1,kill,17.88
Warrior+Hunter_vs_Priest+Hunter,Warrior+Hunter,Priest+Hunter,2,team1,kill,21.40
Warrior+Hunter_vs_Priest+Hunter,Warrior+Hunter,Priest+Hunter,3,team1,kill,25.32
Warrior+Hunter_vs_Priest+Hunter,Warrior+Hunter,Priest+Hunter,4,team1,kill,21.40
Warrior+Hunter_vs_Priest+Hunter,Warrior+Hunter,Priest+Hunter,5,team1,kill,18.10
Warrior+Hunter_vs_Priest+Hunter,Warrior+Hunter,Priest+Hunter,6,team1,kill,21.40
Warrior+Hunter_vs_Priest+Hunter,Warrior+Hunter,Priest+Hunter,7,team1,kill,27.47
Warrior+Hunter_vs_Priest+Hunter,Warrior+Hunter,Priest+Hunter,8,team2,kill,33.52
Warrior+Hunter_vs_Priest+Hunter,Warrior+Hunter,Priest+Hunter,9,team1,kill,25.32
Warrior+Hunter_vs_Warlock+Paladin,Warrior+Hunter,Warlock+Paladin,0,team2,kill,40.13
Warrior+Hunter_vs_Warlock+Paladin,Warrior+Hunter,Warlock+Paladin,1,team2,kill,33.05
Warrior+Hunter_vs_Warlock+Paladin,Warrior+Hunter,Warlock+Paladin,2,team2,kill,40.13
Warrior+Hunter_vs_Warlock+Paladin,Warrior+Hunter,Warlock+Paladin,3,team2,kill,44.60
Warrior+Hunter_vs_Warlock+Paladin,Warrior+Hunter,Warlock+Paladin,4,team2,kill,32.08
Warrior+Hunter_vs_Warlock+Paladin,Warrior+Hunter,Warlock+Paladin,5,team2,kill,45.20
Warrior+Hunter_vs_Warlock+Paladin,Warrior+Hunter,Warlock+Paladin,6,team2,kill,31.70
Warrior+Hunter_vs_Warlock+Paladin,Warrior+Hunter,Warlock+Paladin,7,team2,kill,36.48
Warrior+Hunter_vs_Warlock+Paladin,Warrior+Hunter,Warlock+Paladin,8,team2,kill,37.30
Warrior+Hunter_vs_Warlock+Paladin,Warrior+Hunter,Warlock+Paladin,9,team2,kill,32.73
Warrior+Hunter_vs_Warlock+Hunter,Warrior+Hunter,Warlock+Hunter,0,team2,kill,18.27
Warrior+Hunter_vs_Warlock+Hunter,Warrior+Hunter,Warlock+Hunter,1,team2,kill,24.17
Warrior+Hunter_vs_Warlock+Hunter,Warrior+Hunter,Warlock+Hunter,2,team2,kill,18.27
Warrior+Hunter_vs_Warlock+Hunter,Warrior+Hunter,Warlock+Hunter,3,team2,kill,27.63
Warrior+Hunter_vs_Warlock+Hunter,Warrior+Hunter,Warlock+Hunter,4,team2,kill,18.35
Warrior+Hunter_vs_Warlock+Hunter,Warrior+Hunter,Warlock+Hunter,5,team2,kill,17.72
Warrior+Hunter_vs_Warlock+Hunter,Warrior+Hunter,Warlock+Hunter,6,team2,kill,22.13
Warrior+Hunter_vs_Warlock+Hunter,Warrior+Hunter,Warlock+Hunter,7,team2,kill,25.17
Warrior+Hunter_vs_Warlock+Hunter,Warrior+Hunter,Warlock+Hunter,8,team2,kill,25.52
Warrior+Hunter_vs_Warlock+Hunter,Warrior+Hunter,Warlock+Hunter,9,team2,kill,18.47
Warrior+Hunter_vs_Warlock+Shaman,Warrior+Hunter,Warlock+Shaman,0,team2,kill,19.60
Warrior+Hunter_vs_Warlock+Shaman,Warrior+Hunter,Warlock+Shaman,1,team2,kill,25.60
Warrior+Hunter_vs_Warlock+Shaman,Warrior+Hunter,Warlock+Shaman,2,team2,kill,19.67
Warrior+Hunter_vs_Warlock+Shaman,Warrior+Hunter,Warlock+Shaman,3,team2,kill,19.60
Warrior+Hunter_vs_Warlock+Shaman,Warrior+Hunter,Warlock+Shaman,4,team2,kill,16.55
Warrior+Hunter_vs_Warlock+Shaman,Warrior+Hunter,Warlock+Shaman,5,team2,kill,22.18
Warrior+Hunter_vs_Warlock+Shaman,Warrior+Hunter,Warlock+Shaman,6,team1,kill,18.43
Warrior+Hunter_vs_Warlock+Shaman,Warrior+Hunter,Warlock+Shaman,7,team2,kill,19.15
Warrior+Hunter_vs_Warlock+Shaman,Warrior+Hunter,Warlock+Shaman,8,team2,kill,19.15
Warrior+Hunter_vs_Warlock+Shaman,Warrior+Hunter,Warlock+Shaman,9,team2,kill,19.60
Warrior+Hunter_vs_Paladin+Hunter,Warrior+Hunter,Paladin+Hunter,0,team1,kill,49.22
Warrior+Hunter_vs_Paladin+Hunter,Warrior+Hunter,Paladin+Hunter,1,team2,kill,40.55
Warrior+Hunter_vs_Paladin+Hunter,Warrior+Hunter,Paladin+Hunter,2,team2,kill,32.40
Warrior+Hunter_vs_Paladin+Hunter,Warrior+Hunter,Paladin+Hunter,3,team1,kill,51.77
Warrior+Hunter_vs_Paladin+Hunter,Warrior+Hunter,Paladin+Hunter,4,team2,kill,38.57
Warrior+Hunter_vs_Paladin+Hunter,Warrior+Hunter,Paladin+Hunter,5,team1,kill,56.87
Warrior+Hunter_vs_Paladin+Hunter,Warrior+Hunter,Paladin+Hunter,6,team1,kill,52.93
Warrior+Hunter_vs_Paladin+Hunter,Warrior+Hunter,Paladin+Hunter,7,team1,kill,34.63
Warrior+Hunter_vs_Paladin+Hunter,Warrior+Hunter,Paladin+Hunter,8,team2,kill,40.55
Warrior+Hunter_vs_Paladin+Hunter,Warrior+Hunter,Paladin+Hunter,9,team1,kill,51.77
Warrior+Hunter_vs_Hunter+Shaman,Warrior+Hunter,Hunter+Shaman,0,team2,kill,17.58
Warrior+Hunter_vs_Hunter+Shaman,Warrior+Hunter,Hunter+Shaman,1,team2,kill,19.15
Warrior+Hunter_vs_Hunter+Shaman,Warrior+Hunter,Hunter+Shaman,2,team2,kill,14.97
Warrior+Hunter_vs_Hunter+Shaman,Warrior+Hunter,Hunter+Shaman,3,team2,kill,17.22
Warrior+Hunter_vs_Hunter+Shaman,Warrior+Hunter,Hunter+Shaman,4,team2,kill,16.80
Warrior+Hunter_vs_Hunter+Shaman,Warrior+Hunter,Hunter+Shaman,5,team2,kill,17.22
Warrior+Hunter_vs_Hunter+Shaman,Warrior+Hunter,Hunter+Shaman,6,team2,kill,17.22
Warrior+Hunter_vs_Hunter+Shaman,Warrior+Hunter,Hunter+Shaman,7,team2,kill,19.60
Warrior+Hunter_vs_Hunter+Shaman,Warrior+Hunter,Hunter+Shaman,8,team2,kill,19.60
Warrior+Hunter_vs_Hunter+Shaman,Warrior+Hunter,Hunter+Shaman,9,team2,kill,19.60
Warrior+Shaman_vs_Warrior+Hunter,Warrior+Shaman,Warrior+Hunter,0,team2,kill,18.27
Warrior+Shaman_vs_Warrior+Hunter,Warrior+Shaman,Warrior+Hunter,1,team2,kill,21.93
Warrior+Shaman_vs_Warrior+Hunter,Warrior+Shaman,Warrior+Hunter,2,team2,kill,20.32
Warrior+Shaman_vs_Warrior+Hunter,Warrior+Shaman,Warrior+Hunter,3,team2,kill,17.47
Warrior+Shaman_vs_Warrior+Hunter,Warrior+Shaman,Warrior+Hunter,4,team2,kill,27.43
Warrior+Shaman_vs_Warrior+Hunter,Warrior+Shaman,Warrior+Hunter,5,team2,kill,18.20
Warrior+Shaman_vs_Warrior+Hunter,Warrior+Shaman,Warrior+Hunter,6,team2,kill,23.37
Warrior+Shaman_vs_Warrior+Hunter,Warrior+Shaman,Warrior+Hunter,7,team2,kill,19.67
Warrior+Shaman_vs_Warrior+Hunter,Warrior+Shaman,Warrior+Hunter,8,team2,kill,19.67
Warrior+Shaman_vs_Warrior+Hunter,Warrior+Shaman,Warrior+Hunter,9,team2,kill,19.67
Warrior+Shaman_vs_Mage+Hunter,Warrior+Shaman,Mage+Hunter,0,team1,kill,22.55
Warrior+Shaman_vs_Mage+Hunter,Warrior+Shaman,Mage+Hunter,1,team1,kill,23.43
Warrior+Shaman_vs_Mage+Hunter,Warrior+Shaman,Mage+Hunter,2,team1,kill,19.92
Warrior+Shaman_vs_Mage+Hunter,Warrior+Shaman,Mage+Hunter,3,team1,kill,25.23
Warrior+Shaman_vs_Mage+Hunter,Warrior+Shaman,Mage+Hunter,4,team1,kill,20.78
Warrior+Shaman_vs_Mage+Hunter,Warrior+Shaman,Mage+Hunter,5,team1,kill,24.48
Warrior+Shaman_vs_Mage+Hunter,Warrior+Shaman,Mage+Hunter,6,team1,kill,23.43
Warrior+Shaman_vs_Mage+Hunter,Warrior+Shaman,Mage+Hunter,7,team1,kill,25.23
Warrior+Shaman_vs_Mage+Hunter,Warrior+Shaman,Mage+Hunter,8,team1,kill,25.23
Warrior+Shaman_vs_Mage+Hunter,Warrior+Shaman,Mage+Hunter,9,team1,kill,25.23
Warrior+Shaman_vs_Rogue+Hunter,Warrior+Shaman,Rogue+Hunter,0,team2,kill,38.73
Warrior+Shaman_vs_Rogue+Hunter,Warrior+Shaman,Rogue+Hunter,1,team2,kill,33.47
Warrior+Shaman_vs_Rogue+Hunter,Warrior+Shaman,Rogue+Hunter,2,team2,kill,42.57
Warrior+Shaman_vs_Rogue+Hunter,Warrior+Shaman,Rogue+Hunter,3,team2,kill,33.70
Warrior+Shaman_vs_Rogue+Hunter,Warrior+Shaman,Rogue+Hunter,4,team2,kill,43.47
Warrior+Shaman_vs_Rogue+Hunter,Warrior+Shaman,Rogue+Hunter,5,team2,kill,37.73
Warrior+Shaman_vs_Rogue+Hunter,Warrior+Shaman,Rogue+Hunter,6,team2,kill,30.87
Warrior+Shaman_vs_Rogue+Hunter,Warrior+Shaman,Rogue+Hunter,7,team2,kill,21.70
Warrior+Shaman_vs_Rogue+Hunter,Warrior+Shaman,Rogue+Hunter,8,team2,kill,34.95
Warrior+Shaman_vs_Rogue+Hunter,Warrior+Shaman,Rogue+Hunter,9,team1,kill,29.38
Warrior+Shaman_vs_Priest+Hunter,Warrior+Shaman,Priest+Hunter,0,team2,kill,37.48
Warrior+Shaman_vs_Priest+Hunter,Warrior+Shaman,Priest+Hunter,1,team1,kill,49.20
Warrior+Shaman_vs_Priest+Hunter,Warrior+Shaman,Priest+Hunter,2,team2,kill,36.95
Warrior+Shaman_vs_Priest+Hunter,Warrior+Shaman,Priest+Hunter,3,team1,kill,47.55
Warrior+Shaman_vs_Priest+Hunter,Warrior+Shaman,Priest+Hunter,4,team1,kill,45.27
Warrior+Shaman_vs_Priest+Hunter,Warrior+Shaman,Priest+Hunter,5,team1,kill,58.63
Warrior+Shaman_vs_Priest+Hunter,Warrior+Shaman,Priest+Hunter,6,team2,kill,37.95
Warrior+Shaman_vs_Priest+Hunter,Warrior+Shaman,Priest+Hunter,7,team1,kill,44.73
Warrior+Shaman_vs_Priest+Hunter,Warrior+Shaman,Priest+Hunter,8,team1,kill,47.08
Warrior+Shaman_vs_Priest+Hunter,Warrior+Shaman,Priest+Hunter,9,team1,kill,58.63
Warrior+Shaman_vs_Warlock+Hunter,Warrior+Shaman,Warlock+Hunter,0,team1,kill,27.28
Warrior+Shaman_vs_Warlock+Hunter,Warrior+Shaman,Warlock+Hunter,1,team1,kill,25.23
Warrior+Shaman_vs_Warlock+Hunter,Warrior+Shaman,Warlock+Hunter,2,team1,kill,27.77
Warrior+Shaman_vs_Warlock+Hunter,Warrior+Shaman,Warlock+Hunter,3,team1,kill,25.68
Warrior+Shaman_vs_Warlock+Hunter,Warrior+Shaman,Warlock+Hunter,4,team1,kill,71.13
Warrior+Shaman_vs_Warlock+Hunter,Warrior+Shaman,Warlock+Hunter,5,team1,kill,26.28
Warrior+Shaman_vs_Warlock+Hunter,Warrior+Shaman,Warlock+Hunter,6,team1,kill,24.63
Warrior+Shaman_vs_Warlock+Hunter,Warrior+Shaman,Warlock+Hunter,7,team2,kill,56.20
Warrior+Shaman_vs_Warlock+Hunter,Warrior+Shaman,Warlock+Hunter,8,team2,kill,57.20
Warrior+Shaman_vs_Warlock+Hunter,Warrior+Shaman,Warlock+Hunter,9,team1,kill,24.93
Warrior+Shaman_vs_Paladin+Hunter,Warrior+Shaman,Paladin+Hunter,0,team1,kill,61.20
Warrior+Shaman_vs_Paladin+Hunter,Warrior+Shaman,Paladin+Hunter,1,team2,kill,52.42
Warrior+Shaman_vs_Paladin+Hunter,Warrior+Shaman,Paladin+Hunter,2,team2,kill,46.58
Warrior+Shaman_vs_Paladin+Hunter,Warrior+Shaman,Paladin+Hunter,3,team2,kill,46.58
Warrior+Shaman_vs_Paladin+Hunter,Warrior+Shaman,Paladin+Hunter,4,team2,kill,46.03
Warrior+Shaman_vs_Paladin+Hunter,Warrior+Shaman,Paladin+Hunter,5,team2,kill,47.58
Warrior+Shaman_vs_Paladin+Hunter,Warrior+Shaman,Paladin+Hunter,6,team2,kill,50.00
Warrior+Shaman_vs_Paladin+Hunter,Warrior+Shaman,Paladin+Hunter,7,team2,kill,52.42
Warrior+Shaman_vs_Paladin+Hunter,Warrior+Shaman,Paladin+Hunter,8,team2,kill,49.00
Warrior+Shaman_vs_Paladin+Hunter,Warrior+Shaman,Paladin+Hunter,9,team1,kill,61.72
Warrior+Shaman_vs_Hunter+Shaman,Warrior+Shaman,Hunter+Shaman,0,team2,kill,59.57
Warrior+Shaman_vs_Hunter+Shaman,Warrior+Shaman,Hunter+Shaman,1,team2,kill,20.60
Warrior+Shaman_vs_Hunter+Shaman,Warrior+Shaman,Hunter+Shaman,2,team2,kill,45.27
Warrior+Shaman_vs_Hunter+Shaman,Warrior+Shaman,Hunter+Shaman,3,team2,kill,64.57
Warrior+Shaman_vs_Hunter+Shaman,Warrior+Shaman,Hunter+Shaman,4,team2,kill,47.32
Warrior+Shaman_vs_Hunter+Shaman,Warrior+Shaman,Hunter+Shaman,5,team2,kill,54.27
Warrior+Shaman_vs_Hunter+Shaman,Warrior+Shaman,Hunter+Shaman,6,team2,kill,69.75
Warrior+Shaman_vs_Hunter+Shaman,Warrior+Shaman,Hunter+Shaman,7,team2,kill,42.85
Warrior+Shaman_vs_Hunter+Shaman,Warrior+Shaman,Hunter+Shaman,8,team2,kill,47.35
Warrior+Shaman_vs_Hunter+Shaman,Warrior+Shaman,Hunter+Shaman,9,team2,kill,46.02
Mage+Rogue_vs_Warrior+Hunter,Mage+Rogue,Warrior+Hunter,0,team2,kill,27.85
Mage+Rogue_vs_Warrior+Hunter,Mage+Rogue,Warrior+Hunter,1,team1,kill,29.78
Mage+Rogue_vs_Warrior+Hunter,Mage+Rogue,Warrior+Hunter,2,team2,kill,29.62
Mage+Rogue_vs_Warrior+Hunter,Mage+Rogue,Warrior+Hunter,3,team2,kill,29.85
Mage+Rogue_vs_Warrior+Hunter,Mage+Rogue,Warrior+Hunter,4,team2,kill,27.95
Mage+Rogue_vs_Warrior+Hunter,Mage+Rogue,Warrior+Hunter,5,team2,kill,29.62
Mage+Rogue_vs_Warrior+Hunter,Mage+Rogue,Warrior+Hunter,6,team2,kill,30.22
Mage+Rogue_vs_Warrior+Hunter,Mage+Rogue,Warrior+Hunter,7,team2,kill,27.85
Mage+Rogue_vs_Warrior+Hunter,Mage+Rogue,Warrior+Hunter,8,team2,kill,27.95
Mage+Rogue_vs_Warrior+Hunter,Mage+Rogue,Warrior+Hunter,9,team2,kill,27.95
Mage+Rogue_vs_Mage+Hunter,Mage+Rogue,Mage+Hunter,0,team2,kill,17.83
Mage+Rogue_vs_Mage+Hunter,Mage+Rogue,Mage+Hunter,1,team2,kill,17.83
Mage+Rogue_vs_Mage+Hunter,Mage+Rogue,Mage+Hunter,2,team2,kill,16.43
Mage+Rogue_vs_Mage+Hunter,Mage+Rogue,Mage+Hunter,3,team2,kill,17.83
Mage+Rogue_vs_Mage+Hunter,Mage+Rogue,Mage+Hunter,4,team2,kill,20.27
Mage+Rogue_vs_Mage+Hunter,Mage+Rogue,Mage+Hunter,5,team2,kill,16.95
Mage+Rogue_vs_Mage+Hunter,Mage+Rogue,Mage+Hunter,6,team2,kill,16.37
Mage+Rogue_vs_Mage+Hunter,Mage+Rogue,Mage+Hunter,7,team2,kill,17.83
Mage+Rogue_vs_Mage+Hunter,Mage+Rogue,Mage+Hunter,8,team2,kill,17.83
Mage+Rogue_vs_Mage+Hunter,Mage+Rogue,Mage+Hunter,9,team2,kill,22.37
Mage+Rogue_vs_Rogue+Hunter,Mage+Rogue,Rogue+Hunter,0,team2,kill,29.72
Mage+Rogue_vs_Rogue+Hunter,Mage+Rogue,Rogue+Hunter,1,team2,kill,25.53
Mage+Rogue_vs_Rogue+Hunter,Mage+Rogue,Rogue+Hunter,2,team2,kill,21.25
Mage+Rogue_vs_Rogue+Hunter,Mage+Rogue,Rogue+Hunter,3,team2,kill,26.43
Mage+Rogue_vs_Rogue+Hunter,Mage+Rogue,Rogue+Hunter,4,team2,kill,25.55
Mage+Rogue_vs_Rogue+Hunter,Mage+Rogue,Rogue+Hunter,5,team2,kill,25.55
Mage+Rogue_vs_Rogue+Hunter,Mage+Rogue,Rogue+Hunter,6,team2,kill,23.32
Mage+Rogue_vs_Rogue+Hunter,Mage+Rogue,Rogue+Hunter,7,team2,kill,31.13
Mage+Rogue_vs_Rogue+Hunter,Mage+Rogue,Rogue+Hunter,8,team2,kill,31.13
Mage+Rogue_vs_Rogue+Hunter,Mage+Rogue,Rogue+Hunter,9,team2,kill,30.52
Mage+Rogue_vs_Priest+Hunter,Mage+Rogue,Priest+Hunter,0,team2,kill,48.05
Mage+Rogue_vs_Priest+Hunter,Mage+Rogue,Priest+Hunter,1,team2,kill,45.43
Mage+Rogue_vs_Priest+Hunter,Mage+Rogue,Priest+Hunter,2,team2,kill,53.67
Mage+Rogue_vs_Priest+Hunter,Mage+Rogue,Priest+Hunter,3,team1,kill,48.55
Mage+Rogue_vs_Priest+Hunter,Mage+Rogue,Priest+Hunter,4,team1,kill,45.73
Mage+Rogue_vs_Priest+Hunter,Mage+Rogue,Priest+Hunter,5,team1,kill,36.32
Mage+Rogue_vs_Priest+Hunter,Mage+Rogue,Priest+Hunter,6,team1,kill,45.03
Mage+Rogue_vs_Priest+Hunter,Mage+Rogue,Priest+Hunter,7,team2,kill,48.83
Mage+Rogue_vs_Priest+Hunter,Mage+Rogue,Priest+Hunter,8,team1,kill,48.73
Mage+Rogue_vs_Priest+Hunter,Mage+Rogue,Priest+Hunter,9,team2,kill,31.85
Mage+Rogue_vs_Warlock+Hunter,Mage+Rogue,Warlock+Hunter,0,team2,kill,29.33
Mage+Rogue_vs_Warlock+Hunter,Mage+Rogue,Warlock+Hunter,1,team2,kill,29.32
Mage+Rogue_vs_Warlock+Hunter,Mage+Rogue,Warlock+Hunter,2,team2,kill,29.32
Mage+Rogue_vs_Warlock+Hunter,Mage+Rogue,Warlock+Hunter,3,team2,kill,29.77
Mage+Rogue_vs_Warlock+Hunter,Mage+Rogue,Warlock+Hunter,4,team2,kill,29.77
Mage+Rogue_vs_Warlock+Hunter,Mage+Rogue,Warlock+Hunter,5,team2,kill,23.52
Mage+Rogue_vs_Warlock+Hunter,Mage+Rogue,Warlock+Hunter,6,team2,kill,21.60
Mage+Rogue_vs_Warlock+Hunter,Mage+Rogue,Warlock+Hunter,7,team2,kill,29.32
Mage+Rogue_vs_Warlock+Hunter,Mage+Rogue,Warlock+Hunter,8,team2,kill,29.32
Mage+Rogue_vs_Warlock+Hunter,Mage+Rogue,Warlock+Hunter,9,team2,kill,29.32
Mage+Rogue_vs_Paladin+Hunter,Mage+Rogue,Paladin+Hunter,0,team2,kill,54.68
Mage+Rogue_vs_Paladin+Hunter,Mage+Rogue,Paladin+Hunter,1,team2,kill,57.62
Mage+Rogue_vs_Paladin+Hunter,Mage+Rogue,Paladin+Hunter,2,team2,kill,53.28
Mage+Rogue_vs_Paladin+Hunter,Mage+Rogue,Paladin+Hunter,3,team2,kill,57.62
Mage+Rogue_vs_Paladin+Hunter,Mage+Rogue,Paladin+Hunter,4,team2,kill,45.83
Mage+Rogue_vs_Paladin+Hunter,Mage+Rogue,Paladin+Hunter,5,team2,kill,53.93
Mage+Rogue_vs_Paladin+Hunter,Mage+Rogue,Paladin+Hunter,6,team1,kill,47.55
Mage+Rogue_vs_Paladin+Hunter,Mage+Rogue,Paladin+Hunter,7,team2,kill,52.28
Mage+Rogue_vs_Paladin+Hunter,Mage+Rogue,Paladin+Hunter,8,team2,kill,52.93
Mage+Rogue_vs_Paladin+Hunter,Mage+Rogue,Paladin+Hunter,9,team1,kill,54.98
Mage+Rogue_vs_Hunter+Shaman,Mage+Rogue,Hunter+Shaman,0,team1,kill,23.87
Mage+Rogue_vs_Hunter+Shaman,Mage+Rogue,Hunter+Shaman,1,team1,kill,23.82
Mage+Rogue_vs_Hunter+Shaman,Mage+Rogue,Hunter+Shaman,2,team1,kill,21.47
Mage+Rogue_vs_Hunter+Shaman,Mage+Rogue,Hunter+Shaman,3,team1,kill,23.87
Mage+Rogue_vs_Hunter+Shaman,Mage+Rogue,Hunter+Shaman,4,team1,kill,23.83
Mage+Rogue_vs_Hunter+Shaman,Mage+Rogue,Hunter+Shaman,5,team1,kill,23.83
Mage+Rogue_vs_Hunter+Shaman,Mage+Rogue,Hunter+Shaman,6,team1,kill,30.60
Mage+Rogue_vs_Hunter+Shaman,Mage+Rogue,Hunter+Shaman,7,team1,kill,25.40
Mage+Rogue_vs_Hunter+Shaman,Mage+Rogue,Hunter+Shaman,8,team1,kill,23.82
Mage+Rogue_vs_Hunter+Shaman,Mage+Rogue,Hunter+Shaman,9,team1,kill,23.38
Mage+Priest_vs_Warrior+Hunter,Mage+Priest,Warrior+Hunter,0,team1,kill,24.52
Mage+Priest_vs_Warrior+Hunter,Mage+Priest,Warrior+Hunter,1,team1,kill,23.17
Mage+Priest_vs_Warrior+Hunter,Mage+Priest,Warrior+Hunter,2,team1,kill,26.05
Mage+Priest_vs_Warrior+Hunter,Mage+Priest,Warrior+Hunter,3,team1,kill,25.97
Mage+Priest_vs_Warrior+Hunter,Mage+Priest,Warrior+Hunter,4,team1,kill,25.98
Mage+Priest_vs_Warrior+Hunter,Mage+Priest,Warrior+Hunter,5,team1,kill,26.02
Mage+Priest_vs_Warrior+Hunter,Mage+Priest,Warrior+Hunter,6,team1,kill,25.95
Mage+Priest_vs_Warrior+Hunter,Mage+Priest,Warrior+Hunter,7,team1,kill,26.10
Mage+Priest_vs_Warrior+Hunter,Mage+Priest,Warrior+Hunter,8,team1,kill,25.97
Mage+Priest_vs_Warrior+Hunter,Mage+Priest,Warrior+Hunter,9,team1,kill,24.43
Mage+Priest_vs_Mage+Hunter,Mage+Priest,Mage+Hunter,0,team1,kill,21.12
Mage+Priest_vs_Mage+Hunter,Mage+Priest,Mage+Hunter,1,team1,kill,23.05
Mage+Priest_vs_Mage+Hunter,Mage+Priest,Mage+Hunter,2,team1,kill,22.23
Mage+Priest_vs_Mage+Hunter,Mage+Priest,Mage+Hunter,3,team1,kill,22.00
Mage+Priest_vs_Mage+Hunter,Mage+Priest,Mage+Hunter,4,team1,kill,22.67
Mage+Priest_vs_Mage+Hunter,Mage+Priest,Mage+Hunter,5,team1,kill,21.90
Mage+Priest_vs_Mage+Hunter,Mage+Priest,Mage+Hunter,6,team1,kill,22.68
Mage+Priest_vs_Mage+Hunter,Mage+Priest,Mage+Hunter,7,team1,kill,21.23
Mage+Priest_vs_Mage+Hunter,Mage+Priest,Mage+Hunter,8,team1,kill,22.68
Mage+Priest_vs_Mage+Hunter,Mage+Priest,Mage+Hunter,9,team1,kill,22.72
Mage+Priest_vs_Rogue+Hunter,Mage+Priest,Rogue+Hunter,0,team1,kill,24.45
Mage+Priest_vs_Rogue+Hunter,Mage+Priest,Rogue+Hunter,1,team1,kill,24.45
Mage+Priest_vs_Rogue+Hunter,Mage+Priest,Rogue+Hunter,2,team1,kill,24.45
Mage+Priest_vs_Rogue+Hunter,Mage+Priest,Rogue+Hunter,3,team1,kill,24.45
Mage+Priest_vs_Rogue+Hunter,Mage+Priest,Rogue+Hunter,4,team1,kill,30.18
Mage+Priest_vs_Rogue+Hunter,Mage+Priest,Rogue+Hunter,5,team1,kill,24.30
Mage+Priest_vs_Rogue+Hunter,Mage+Priest,Rogue+Hunter,6,team1,kill,24.45
Mage+Priest_vs_Rogue+Hunter,Mage+Priest,Rogue+Hunter,7,team1,kill,24.45
Mage+Priest_vs_Rogue+Hunter,Mage+Priest,Rogue+Hunter,8,team1,kill,24.45
Mage+Priest_vs_Rogue+Hunter,Mage+Priest,Rogue+Hunter,9,team1,kill,24.45
Mage+Priest_vs_Priest+Hunter,Mage+Priest,Priest+Hunter,0,team2,kill,47.12
Mage+Priest_vs_Priest+Hunter,Mage+Priest,Priest+Hunter,1,team2,kill,55.40
Mage+Priest_vs_Priest+Hunter,Mage+Priest,Priest+Hunter,2,team2,kill,50.58
Mage+Priest_vs_Priest+Hunter,Mage+Priest,Priest+Hunter,3,team2,kill,47.12
Mage+Priest_vs_Priest+Hunter,Mage+Priest,Priest+Hunter,4,team2,kill,43.12
Mage+Priest_vs_Priest+Hunter,Mage+Priest,Priest+Hunter,5,team2,kill,44.70
Mage+Priest_vs_Priest+Hunter,Mage+Priest,Priest+Hunter,6,team2,kill,49.58
Mage+Priest_vs_Priest+Hunter,Mage+Priest,Priest+Hunter,7,team2,kill,46.23
Mage+Priest_vs_Priest+Hunter,Mage+Priest,Priest+Hunter,8,team2,kill,49.53
Mage+Priest_vs_Priest+Hunter,Mage+Priest,Priest+Hunter,9,team2,kill,52.12
Mage+Priest_vs_Warlock+Hunter,Mage+Priest,Warlock+Hunter,0,team1,kill,22.85
Mage+Priest_vs_Warlock+Hunter,Mage+Priest,Warlock+Hunter,1,team1,kill,24.60
Mage+Priest_vs_Warlock+Hunter,Mage+Priest,Warlock+Hunter,2,team1,kill,24.38
Mage+Priest_vs_Warlock+Hunter,Mage+Priest,Warlock+Hunter,3,team1,kill,23.18
Mage+Priest_vs_Warlock+Hunter,Mage+Priest,Warlock+Hunter,4,team1,kill,24.32
Mage+Priest_vs_Warlock+Hunter,Mage+Priest,Warlock+Hunter,5,team1,kill,24.57
Mage+Priest_vs_Warlock+Hunter,Mage+Priest,Warlock+Hunter,6,team1,kill,24.57
Mage+Priest_vs_Warlock+Hunter,Mage+Priest,Warlock+Hunter,7,team1,kill,24.40
Mage+Priest_vs_Warlock+Hunter,Mage+Priest,Warlock+Hunter,8,team1,kill,24.38
Mage+Priest_vs_Warlock+Hunter,Mage+Priest,Warlock+Hunter,9,team1,kill,23.03
Mage+Priest_vs_Paladin+Hunter,Mage+Priest,Paladin+Hunter,0,team1,kill,32.50
Mage+Priest_vs_Paladin+Hunter,Mage+Priest,Paladin+Hunter,1,team1,kill,61.35
Mage+Priest_vs_Paladin+Hunter,Mage+Priest,Paladin+Hunter,2,team2,kill,66.47
Mage+Priest_vs_Paladin+Hunter,Mage+Priest,Paladin+Hunter,3,team1,kill,73.77
Mage+Priest_vs_Paladin+Hunter,Mage+Priest,Paladin+Hunter,4,team1,kill,39.85
Mage+Priest_vs_Paladin+Hunter,Mage+Priest,Paladin+Hunter,5,team1,kill,78.17
Mage+Priest_vs_Paladin+Hunter,Mage+Priest,Paladin+Hunter,6,team1,kill,63.05
Mage+Priest_vs_Paladin+Hunter,Mage+Priest,Paladin+Hunter,7,team1,kill,34.17
Mage+Priest_vs_Paladin+Hunter,Mage+Priest,Paladin+Hunter,8,team1,kill,34.35
Mage+Priest_vs_Paladin+Hunter,Mage+Priest,Paladin+Hunter,9,team1,kill,76.55
Mage+Priest_vs_Hunter+Shaman,Mage+Priest,Hunter+Shaman,0,team1,kill,32.60
Mage+Priest_vs_Hunter+Shaman,Mage+Priest,Hunter+Shaman,1,team1,kill,34.90
Mage+Priest_vs_Hunter+Shaman,Mage+Priest,Hunter+Shaman,2,team1,kill,29.58
Mage+Priest_vs_Hunter+Shaman,Mage+Priest,Hunter+Shaman,3,team1,kill,36.03
Mage+Priest_vs_Hunter+Shaman,Mage+Priest,Hunter+Shaman,4,team1,kill,32.60
Mage+Priest_vs_Hunter+Shaman,Mage+Priest,Hunter+Shaman,5,team1,kill,67.18
Mage+Priest_vs_Hunter+Shaman,Mage+Priest,Hunter+Shaman,6,team1,kill,32.78
Mage+Priest_vs_Hunter+Shaman,Mage+Priest,Hunter+Shaman,7,team1,kill,26.03
Mage+Priest_vs_Hunter+Shaman,Mage+Priest,Hunter+Shaman,8,team1,kill,51.47
Mage+Priest_vs_Hunter+Shaman,Mage+Priest,Hunter+Shaman,9,team1,kill,40.72
Mage+Warlock_vs_Warrior+Mage,Mage+Warlock,Warrior+Mage,0,team1,kill,17.77
Mage+Warlock_vs_Warrior+Mage,Mage+Warlock,Warrior+Mage,1,team1,kill,18.28
Mage+Warlock_vs_Warrior+Mage,Mage+Warlock,Warrior+Mage,2,team1,kill,17.57
Mage+Warlock_vs_Warrior+Mage,Mage+Warlock,Warrior+Mage,3,team1,kill,17.52
Mage+Warlock_vs_Warrior+Mage,Mage+Warlock,Warrior+Mage,4,team1,kill,14.80
Mage+Warlock_vs_Warrior+Mage,Mage+Warlock,Warrior+Mage,5,team1,kill,17.58
Mage+Warlock_vs_Warrior+Mage,Mage+Warlock,Warrior+Mage,6,team1,kill,18.28
Mage+Warlock_vs_Warrior+Mage,Mage+Warlock,Warrior+Mage,7,team1,kill,18.95
Mage+Warlock_vs_Warrior+Mage,Mage+Warlock,Warrior+Mage,8,team1,kill,19.15
Mage+Warlock_vs_Warrior+Mage,Mage+Warlock,Warrior+Mage,9,team1,kill,19.28
Mage+Warlock_vs_Warrior+Hunter,Mage+Warlock,Warrior+Hunter,0,team2,kill,18.20
Mage+Warlock_vs_Warrior+Hunter,Mage+Warlock,Warrior+Hunter,1,team2,kill,17.93
Mage+Warlock_vs_Warrior+Hunter,Mage+Warlock,Warrior+Hunter,2,team1,kill,17.25
Mage+Warlock_vs_Warrior+Hunter,Mage+Warlock,Warrior+Hunter,3,team1,kill,19.88
Mage+Warlock_vs_Warrior+Hunter,Mage+Warlock,Warrior+Hunter,4,team1,kill,16.87
Mage+Warlock_vs_Warrior+Hunter,Mage+Warlock,Warrior+Hunter,5,team2,kill,15.05
Mage+Warlock_vs_Warrior+Hunter,Mage+Warlock,Warrior+Hunter,6,team2,kill,15.78
Mage+Warlock_vs_Warrior+Hunter,Mage+Warlock,Warrior+Hunter,7,team2,kill,15.98
Mage+Warlock_vs_Warrior+Hunter,Mage+Warlock,Warrior+Hunter,8,team2,kill,18.20
Mage+Warlock_vs_Warrior+Hunter,Mage+Warlock,Warrior+Hunter,9,team1,kill,19.37
Mage+Warlock_vs_Mage+Hunter,Mage+Warlock,Mage+Hunter,0,team1,kill,16.23
Mage+Warlock_vs_Mage+Hunter,Mage+Warlock,Mage+Hunter,1,team1,kill,15.23
Mage+Warlock_vs_Mage+Hunter,Mage+Warlock,Mage+Hunter,2,team1,kill,14.87
Mage+Warlock_vs_Mage+Hunter,Mage+Warlock,Mage+Hunter,3,team1,kill,16.15
Mage+Warlock_vs_Mage+Hunter,Mage+Warlock,Mage+Hunter,4,team1,kill,14.60
Mage+Warlock_vs_Mage+Hunter,Mage+Warlock,Mage+Hunter,5,team1,kill,15.23
Mage+Warlock_vs_Mage+Hunter,Mage+Warlock,Mage+Hunter,6,team1,kill,15.23
Mage+Warlock_vs_Mage+Hunter,Mage+Warlock,Mage+Hunter,7,team1,kill,14.78
Mage+Warlock_vs_Mage+Hunter,Mage+Warlock,Mage+Hunter,8,team2,kill,16.27
Mage+Warlock_vs_Mage+Hunter,Mage+Warlock,Mage+Hunter,9,team1,kill,14.80
Mage+Warlock_vs_Rogue+Hunter,Mage+Warlock,Rogue+Hunter,0,team1,kill,21.30
Mage+Warlock_vs_Rogue+Hunter,Mage+Warlock,Rogue+Hunter,1,team1,kill,23.35
Mage+Warlock_vs_Rogue+Hunter,Mage+Warlock,Rogue+Hunter,2,team1,kill,24.53
Mage+Warlock_vs_Rogue+Hunter,Mage+Warlock,Rogue+Hunter,3,team1,kill,22.85
Mage+Warlock_vs_Rogue+Hunter,Mage+Warlock,Rogue+Hunter,4,team1,kill,21.47
Mage+Warlock_vs_Rogue+Hunter,Mage+Warlock,Rogue+Hunter,5,team1,kill,25.67
Mage+Warlock_vs_Rogue+Hunter,Mage+Warlock,Rogue+Hunter,6,team1,kill,23.87
Mage+Warlock_vs_Rogue+Hunter,Mage+Warlock,Rogue+Hunter,7,team1,kill,18.27
Mage+Warlock_vs_Rogue+Hunter,Mage+Warlock,Rogue+Hunter,8,team1,kill,26.30
Mage+Warlock_vs_Rogue+Hunter,Mage+Warlock,Rogue+Hunter,9,team1,kill,27.67
Mage+Warlock_vs_Priest+Hunter,Mage+Warlock,Priest+Hunter,0,team1,kill,18.95
Mage+Warlock_vs_Priest+Hunter,Mage+Warlock,Priest+Hunter,1,team1,kill,18.95
Mage+Warlock_vs_Priest+Hunter,Mage+Warlock,Priest+Hunter,2,team1,kill,20.47
Mage+Warlock_vs_Priest+Hunter,Mage+Warlock,Priest+Hunter,3,team1,kill,17.52
Mage+Warlock_vs_Priest+Hunter,Mage+Warlock,Priest+Hunter,4,team1,kill,18.95
Mage+Warlock_vs_Priest+Hunter,Mage+Warlock,Priest+Hunter,5,team1,kill,17.63
Mage+Warlock_vs_Priest+Hunter,Mage+Warlock,Priest+Hunter,6,team1,kill,17.48
Mage+Warlock_vs_Priest+Hunter,Mage+Warlock,Priest+Hunter,7,team1,kill,17.75
Mage+Warlock_vs_Priest+Hunter,Mage+Warlock,Priest+Hunter,8,team1,kill,17.43
Mage+Warlock_vs_Priest+Hunter,Mage+Warlock,Priest+Hunter,9,team1,kill,20.47
Mage+Warlock_vs_Warlock+Hunter,Mage+Warlock,Warlock+Hunter,0,team1,kill,20.00
Mage+Warlock_vs_Warlock+Hunter,Mage+Warlock,Warlock+Hunter,1,team2,kill,19.60
Mage+Warlock_vs_Warlock+Hunter,Mage+Warlock,Warlock+Hunter,2,team2,kill,23.03
Mage+Warlock_vs_Warlock+Hunter,Mage+Warlock,Warlock+Hunter,3,team1,kill,18.48
Mage+Warlock_vs_Warlock+Hunter,Mage+Warlock,Warlock+Hunter,4,team1,kill,18.48
Mage+Warlock_vs_Warlock+Hunter,Mage+Warlock,Warlock+Hunter,5,team2,kill,21.90
Mage+Warlock_vs_Warlock+Hunter,Mage+Warlock,Warlock+Hunter,6,team2,kill,20.62
Mage+Warlock_vs_Warlock+Hunter,Mage+Warlock,Warlock+Hunter,7,team2,kill,18.35
Mage+Warlock_vs_Warlock+Hunter,Mage+Warlock,Warlock+Hunter,8,team1,kill,20.00
Mage+Warlock_vs_Warlock+Hunter,Mage+Warlock,Warlock+Hunter,9,team1,kill,20.00
Mage+Warlock_vs_Paladin+Hunter,Mage+Warlock,Paladin+Hunter,0,team2,kill,37.65
Mage+Warlock_vs_Paladin+Hunter,Mage+Warlock,Paladin+Hunter,1,team2,kill,50.42
Mage+Warlock_vs_Paladin+Hunter,Mage+Warlock,Paladin+Hunter,2,team2,kill,27.95
Mage+Warlock_vs_Paladin+Hunter,Mage+Warlock,Paladin+Hunter,3,team1,kill,41.85
Mage+Warlock_vs_Paladin+Hunter,Mage+Warlock,Paladin+Hunter,4,team1,kill,42.50
Mage+Warlock_vs_Paladin+Hunter,Mage+Warlock,Paladin+Hunter,5,team2,kill,45.82
Mage+Warlock_vs_Paladin+Hunter,Mage+Warlock,Paladin+Hunter,6,team1,kill,49.55
Mage+Warlock_vs_Paladin+Hunter,Mage+Warlock,Paladin+Hunter,7,team1,kill,44.17
Mage+Warlock_vs_Paladin+Hunter,Mage+Warlock,Paladin+Hunter,8,team2,kill,53.85
Mage+Warlock_vs_Paladin+Hunter,Mage+Warlock,Paladin+Hunter,9,team1,kill,41.22
Mage+Warlock_vs_Hunter+Shaman,Mage+Warlock,Hunter+Shaman,0,team1,kill,26.97
Mage+Warlock_vs_Hunter+Shaman,Mage+Warlock,Hunter+Shaman,1,team1,kill,27.15
Mage+Warlock_vs_Hunter+Shaman,Mage+Warlock,Hunter+Shaman,2,team1,kill,24.80
Mage+Warlock_vs_Hunter+Shaman,Mage+Warlock,Hunter+Shaman,3,team1,kill,28.95
Mage+Warlock_vs_Hunter+Shaman,Mage+Warlock,Hunter+Shaman,4,team1,kill,21.67
Mage+Warlock_vs_Hunter+Shaman,Mage+Warlock,Hunter+Shaman,5,team1,kill,29.75
Mage+Warlock_vs_Hunter+Shaman,Mage+Warlock,Hunter+Shaman,6,team1,kill,28.55
Mage+Warlock_vs_Hunter+Shaman,Mage+Warlock,Hunter+Shaman,7,team1,kill,28.40
Mage+Warlock_vs_Hunter+Shaman,Mage+Warlock,Hunter+Shaman,8,team1,kill,51.03
Mage+Warlock_vs_Hunter+Shaman,Mage+Warlock,Hunter+Shaman,9,team1,kill,25.35
Mage+Paladin_vs_Warrior+Hunter,Mage+Paladin,Warrior+Hunter,0,team1,kill,28.18
Mage+Paladin_vs_Warrior+Hunter,Mage+Paladin,Warrior+Hunter,1,team1,kill,29.73
Mage+Paladin_vs_Warrior+Hunter,Mage+Paladin,Warrior+Hunter,2,team1,kill,28.62
Mage+Paladin_vs_Warrior+Hunter,Mage+Paladin,Warrior+Hunter,3,team1,kill,29.68
Mage+Paladin_vs_Warrior+Hunter,Mage+Paladin,Warrior+Hunter,4,team1,kill,28.22
Mage+Paladin_vs_Warrior+Hunter,Mage+Paladin,Warrior+Hunter,5,team1,kill,29.80
Mage+Paladin_vs_Warrior+Hunter,Mage+Paladin,Warrior+Hunter,6,team1,kill,29.75
Mage+Paladin_vs_Warrior+Hunter,Mage+Paladin,Warrior+Hunter,7,team1,kill,29.68
Mage+Paladin_vs_Warrior+Hunter,Mage+Paladin,Warrior+Hunter,8,team1,kill,29.67
Mage+Paladin_vs_Warrior+Hunter,Mage+Paladin,Warrior+Hunter,9,team1,kill,28.18
Mage+Paladin_vs_Mage+Hunter,Mage+Paladin,Mage+Hunter,0,team1,kill,29.10
Mage+Paladin_vs_Mage+Hunter,Mage+Paladin,Mage+Hunter,1,team1,kill,25.87
Mage+Paladin_vs_Mage+Hunter,Mage+Paladin,Mage+Hunter,2,team1,kill,29.12
Mage+Paladin_vs_Mage+Hunter,Mage+Paladin,Mage+Hunter,3,team1,kill,28.95
Mage+Paladin_vs_Mage+Hunter,Mage+Paladin,Mage+Hunter,4,team1,kill,25.80
Mage+Paladin_vs_Mage+Hunter,Mage+Paladin,Mage+Hunter,5,team1,kill,27.38
Mage+Paladin_vs_Mage+Hunter,Mage+Paladin,Mage+Hunter,6,team1,kill,28.87
Mage+Paladin_vs_Mage+Hunter,Mage+Paladin,Mage+Hunter,7,team1,kill,56.20
Mage+Paladin_vs_Mage+Hunter,Mage+Paladin,Mage+Hunter,8,team1,kill,70.27
Mage+Paladin_vs_Mage+Hunter,Mage+Paladin,Mage+Hunter,9,team1,kill,27.40
Mage+Paladin_vs_Rogue+Hunter,Mage+Paladin,Rogue+Hunter,0,team1,kill,34.77
Mage+Paladin_vs_Rogue+Hunter,Mage+Paladin,Rogue+Hunter,1,team1,kill,32.90
Mage+Paladin_vs_Rogue+Hunter,Mage+Paladin,Rogue+Hunter,2,team1,kill,35.93
Mage+Paladin_vs_Rogue+Hunter,Mage+Paladin,Rogue+Hunter,3,team1,kill,34.42
Mage+Paladin_vs_Rogue+Hunter,Mage+Paladin,Rogue+Hunter,4,team1,kill,34.45
Mage+Paladin_vs_Rogue+Hunter,Mage+Paladin,Rogue+Hunter,5,team1,kill,33.25
Mage+Paladin_vs_Rogue+Hunter,Mage+Paladin,Rogue+Hunter,6,team1,kill,34.42
Mage+Paladin_vs_Rogue+Hunter,Mage+Paladin,Rogue+Hunter,7,team1,kill,33.25
Mage+Paladin_vs_Rogue+Hunter,Mage+Paladin,Rogue+Hunter,8,team1,kill,33.65
Mage+Paladin_vs_Rogue+Hunter,Mage+Paladin,Rogue+Hunter,9,team1,kill,35.92
Mage+Paladin_vs_Priest+Hunter,Mage+Paladin,Priest+Hunter,0,team1,kill,87.12
Mage+Paladin_vs_Priest+Hunter,Mage+Paladin,Priest+Hunter,1,team2,kill,90.67
Mage+Paladin_vs_Priest+Hunter,Mage+Paladin,Priest+Hunter,2,team1,kill,106.16
Mage+Paladin_vs_Priest+Hunter,Mage+Paladin,Priest+Hunter,3,team1,kill,114.79
Mage+Paladin_vs_Priest+Hunter,Mage+Paladin,Priest+Hunter,4,team1,kill,123.33
Mage+Paladin_vs_Priest+Hunter,Mage+Paladin,Priest+Hunter,5,team1,kill,111.39
Mage+Paladin_vs_Priest+Hunter,Mage+Paladin,Priest+Hunter,6,team1,kill,88.44
Mage+Paladin_vs_Priest+Hunter,Mage+Paladin,Priest+Hunter,7,team1,kill,97.31
Mage+Paladin_vs_Priest+Hunter,Mage+Paladin,Priest+Hunter,8,team1,kill,101.69
Mage+Paladin_vs_Priest+Hunter,Mage+Paladin,Priest+Hunter,9,team1,kill,97.54
Mage+Paladin_vs_Warlock+Hunter,Mage+Paladin,Warlock+Hunter,0,team1,kill,30.33
Mage+Paladin_vs_Warlock+Hunter,Mage+Paladin,Warlock+Hunter,1,team1,kill,28.43
Mage+Paladin_vs_Warlock+Hunter,Mage+Paladin,Warlock+Hunter,2,team1,kill,28.55
Mage+Paladin_vs_Warlock+Hunter,Mage+Paladin,Warlock+Hunter,3,team1,kill,30.82
Mage+Paladin_vs_Warlock+Hunter,Mage+Paladin,Warlock+Hunter,4,team1,kill,26.53
Mage+Paladin_vs_Warlock+Hunter,Mage+Paladin,Warlock+Hunter,5,team1,kill,29.05
Mage+Paladin_vs_Warlock+Hunter,Mage+Paladin,Warlock+Hunter,6,team1,kill,32.17
Mage+Paladin_vs_Warlock+Hunter,Mage+Paladin,Warlock+Hunter,7,team1,kill,25.25
Mage+Paladin_vs_Warlock+Hunter,Mage+Paladin,Warlock+Hunter,8,team1,kill,24.97
Mage+Paladin_vs_Warlock+Hunter,Mage+Paladin,Warlock+Hunter,9,team1,kill,22.97
Mage+Paladin_vs_Paladin+Hunter,Mage+Paladin,Paladin+Hunter,0,team1,kill,74.17
Mage+Paladin_vs_Paladin+Hunter,Mage+Paladin,Paladin+Hunter,1,team1,kill,54.17
Mage+Paladin_vs_Paladin+Hunter,Mage+Paladin,Paladin+Hunter,2,team1,kill,28.03
Mage+Paladin_vs_Paladin+Hunter,Mage+Paladin,Paladin+Hunter,3,team1,kill,64.33
Mage+Paladin_vs_Paladin+Hunter,Mage+Paladin,Paladin+Hunter,4,team1,kill,54.17
Mage+Paladin_vs_Paladin+Hunter,Mage+Paladin,Paladin+Hunter,5,team1,kill,71.55
Mage+Paladin_vs_Paladin+Hunter,Mage+Paladin,Paladin+Hunter,6,team1,kill,64.22
Mage+Paladin_vs_Paladin+Hunter,Mage+Paladin,Paladin+Hunter,7,team1,kill,54.17
Mage+Paladin_vs_Paladin+Hunter,Mage+Paladin,Paladin+Hunter,8,team1,kill,30.83
Mage+Paladin_vs_Paladin+Hunter,Mage+Paladin,Paladin+Hunter,9,team1,kill,53.68
Mage+Paladin_vs_Hunter+Shaman,Mage+Paladin,Hunter+Shaman,0,team1,kill,29.85
Mage+Paladin_vs_Hunter+Shaman,Mage+Paladin,Hunter+Shaman,1,team1,kill,34.53
Mage+Paladin_vs_Hunter+Shaman,Mage+Paladin,Hunter+Shaman,2,team1,kill,32.93
Mage+Paladin_vs_Hunter+Shaman,Mage+Paladin,Hunter+Shaman,3,team1,kill,31.08
Mage+Paladin_vs_Hunter+Shaman,Mage+Paladin,Hunter+Shaman,4,team1,kill,17.88
Mage+Paladin_vs_Hunter+Shaman,Mage+Paladin,Hunter+Shaman,5,team1,kill,31.93
Mage+Paladin_vs_Hunter+Shaman,Mage+Paladin,Hunter+Shaman,6,team1,kill,29.25
Mage+Paladin_vs_Hunter+Shaman,Mage+Paladin,Hunter+Shaman,7,team1,kill,29.58
Mage+Paladin_vs_Hunter+Shaman,Mage+Paladin,Hunter+Shaman,8,team1,kill,29.57
Mage+Paladin_vs_Hunter+Shaman,Mage+Paladin,Hunter+Shaman,9,team1,kill,28.75
Mage+Hunter_vs_Warrior+Mage,Mage+Hunter,Warrior+Mage,0,team2,kill,16.85
Mage+Hunter_vs_Warrior+Mage,Mage+Hunter,Warrior+Mage,1,team2,kill,14.40
Mage+Hunter_vs_Warrior+Mage,Mage+Hunter,Warrior+Mage,2,team2,kill,17.43
Mage+Hunter_vs_Warrior+Mage,Mage+Hunter,Warrior+Mage,3,team2,kill,18.92
Mage+Hunter_vs_Warrior+Mage,Mage+Hunter,Warrior+Mage,4,team2,kill,17.77
Mage+Hunter_vs_Warrior+Mage,Mage+Hunter,Warrior+Mage,5,team2,kill,18.92
Mage+Hunter_vs_Warrior+Mage,Mage+Hunter,Warrior+Mage,6,team2,kill,14.40
Mage+Hunter_vs_Warrior+Mage,Mage+Hunter,Warrior+Mage,7,team2,kill,16.85
Mage+Hunter_vs_Warrior+Mage,Mage+Hunter,Warrior+Mage,8,team2,kill,16.85
Mage+Hunter_vs_Warrior+Mage,Mage+Hunter,Warrior+Mage,9,team2,kill,20.43
Mage+Hunter_vs_Warrior+Rogue,Mage+Hunter,Warrior+Rogue,0,team1,kill,16.45
Mage+Hunter_vs_Warrior+Rogue,Mage+Hunter,Warrior+Rogue,1,team1,kill,16.45
Mage+Hunter_vs_Warrior+Rogue,Mage+Hunter,Warrior+Rogue,2,team1,kill,16.45
Mage+Hunter_vs_Warrior+Rogue,Mage+Hunter,Warrior+Rogue,3,team1,kill,16.45
Mage+Hunter_vs_Warrior+Rogue,Mage+Hunter,Warrior+Rogue,4,team1,kill,16.45
Mage+Hunter_vs_Warrior+Rogue,Mage+Hunter,Warrior+Rogue,5,team1,kill,16.45
Mage+Hunter_vs_Warrior+Rogue,Mage+Hunter,Warrior+Rogue,6,team1,kill,17.90
Mage+Hunter_vs_Warrior+Rogue,Mage+Hunter,Warrior+Rogue,7,team1,kill,16.45
Mage+Hunter_vs_Warrior+Rogue,Mage+Hunter,Warrior+Rogue,8,team1,kill,17.90
Mage+Hunter_vs_Warrior+Rogue,Mage+Hunter,Warrior+Rogue,9,team1,kill,17.65
Mage+Hunter_vs_Warrior+Priest,Mage+Hunter,Warrior+Priest,0,team1,kill,18.95
Mage+Hunter_vs_Warrior+Priest,Mage+Hunter,Warrior+Priest,1,team1,kill,33.05
Mage+Hunter_vs_Warrior+Priest,Mage+Hunter,Warrior+Priest,2,team1,kill,34.40
Mage+Hunter_vs_Warrior+Priest,Mage+Hunter,Warrior+Priest,3,team1,kill,30.07
Mage+Hunter_vs_Warrior+Priest,Mage+Hunter,Warrior+Priest,4,team1,kill,30.97
Mage+Hunter_vs_Warrior+Priest,Mage+Hunter,Warrior+Priest,5,team1,kill,32.95
Mage+Hunter_vs_Warrior+Priest,Mage+Hunter,Warrior+Priest,6,team1,kill,31.60
Mage+Hunter_vs_Warrior+Priest,Mage+Hunter,Warrior+Priest,7,team1,kill,32.90
Mage+Hunter_vs_Warrior+Priest,Mage+Hunter,Warrior+Priest,8,team1,kill,32.90
Mage+Hunter_vs_Warrior+Priest,Mage+Hunter,Warrior+Priest,9,team1,kill,33.92
Mage+Hunter_vs_Warrior+Warlock,Mage+Hunter,Warrior+Warlock,0,team1,kill,20.85
Mage+Hunter_vs_Warrior+Warlock,Mage+Hunter,Warrior+Warlock,1,team1,kill,20.85
Mage+Hunter_vs_Warrior+Warlock,Mage+Hunter,Warrior+Warlock,2,team1,kill,20.85
Mage+Hunter_vs_Warrior+Warlock,Mage+Hunter,Warrior+Warlock,3,team1,kill,20.85
Mage+Hunter_vs_Warrior+Warlock,Mage+Hunter,Warrior+Warlock,4,team1,kill,18.33
Mage+Hunter_vs_Warrior+Warlock,Mage+Hunter,Warrior+Warlock,5,team1,kill,20.85
Mage+Hunter_vs_Warrior+Warlock,Mage+Hunter,Warrior+Warlock,6,team1,kill,19.68
Mage+Hunter_vs_Warrior+Warlock,Mage+Hunter,Warrior+Warlock,7,team1,kill,20.85
Mage+Hunter_vs_Warrior+Warlock,Mage+Hunter,Warrior+Warlock,8,team1,kill,19.68
Mage+Hunter_vs_Warrior+Warlock,Mage+Hunter,Warrior+Warlock,9,team1,kill,20.85
Mage+Hunter_vs_Warrior+Paladin,Mage+Hunter,Warrior+Paladin,0,team2,kill,44.38
Mage+Hunter_vs_Warrior+Paladin,Mage+Hunter,Warrior+Paladin,1,team2,kill,37.87
Mage+Hunter_vs_Warrior+Paladin,Mage+Hunter,Warrior+Paladin,2,team2,kill,30.50
Mage+Hunter_vs_Warrior+Paladin,Mage+Hunter,Warrior+Paladin,3,team2,kill,37.88
Mage+Hunter_vs_Warrior+Paladin,Mage+Hunter,Warrior+Paladin,4,team2,kill,52.45
Mage+Hunter_vs_Warrior+Paladin,Mage+Hunter,Warrior+Paladin,5,team1,kill,46.10
Mage+Hunter_vs_Warrior+Paladin,Mage+Hunter,Warrior+Paladin,6,team2,kill,30.50
Mage+Hunter_vs_Warrior+Paladin,Mage+Hunter,Warrior+Paladin,7,team2,kill,52.88
Mage+Hunter_vs_Warrior+Paladin,Mage+Hunter,Warrior+Paladin,8,team2,kill,45.07
Mage+Hunter_vs_Warrior+Paladin,Mage+Hunter,Warrior+Paladin,9,team2,kill,40.57
Mage+Hunter_vs_Warrior+Hunter,Mage+Hunter,Warrior+Hunter,0,team2,kill,17.98
Mage+Hunter_vs_Warrior+Hunter,Mage+Hunter,Warrior+Hunter,1,team1,kill,17.98
Mage+Hunter_vs_Warrior+Hunter,Mage+Hunter,Warrior+Hunter,2,team1,kill,17.98
Mage+Hunter_vs_Warrior+Hunter,Mage+Hunter,Warrior+Hunter,3,team2,kill,19.05
Mage+Hunter_vs_Warrior+Hunter,Mage+Hunter,Warrior+Hunter,4,team2,kill,19.05
Mage+Hunter_vs_Warrior+Hunter,Mage+Hunter,Warrior+Hunter,5,team1,kill,20.07
Mage+Hunter_vs_Warrior+Hunter,Mage+Hunter,Warrior+Hunter,6,team1,kill,17.98
Mage+Hunter_vs_Warrior+Hunter,Mage+Hunter,Warrior+Hunter,7,team1,kill,17.98
Mage+Hunter_vs_Warrior+Hunter,Mage+Hunter,Warrior+Hunter,8,team2,kill,19.82
Mage+Hunter_vs_Warrior+Hunter,Mage+Hunter,Warrior+Hunter,9,team2,kill,19.82
Mage+Hunter_vs_Warrior+Shaman,Mage+Hunter,Warrior+Shaman,0,team2,kill,22.55
Mage+Hunter_vs_Warrior+Shaman,Mage+Hunter,Warrior+Shaman,1,team2,kill,23.43
Mage+Hunter_vs_Warrior+Shaman,Mage+Hunter,Warrior+Shaman,2,team2,kill,19.92
Mage+Hunter_vs_Warrior+Shaman,Mage+Hunter,Warrior+Shaman,3,team2,kill,25.23
Mage+Hunter_vs_Warrior+Shaman,Mage+Hunter,Warrior+Shaman,4,team2,kill,20.78
Mage+Hunter_vs_Warrior+Shaman,Mage+Hunter,Warrior+Shaman,5,team2,kill,24.48
Mage+Hunter_vs_Warrior+Shaman,Mage+Hunter,Warrior+Shaman,6,team2,kill,23.43
Mage+Hunter_vs_Warrior+Shaman,Mage+Hunter,Warrior+Shaman,7,team2,kill,25.23
Mage+Hunter_vs_Warrior+Shaman,Mage+Hunter,Warrior+Shaman,8,team2,kill,25.23
Mage+Hunter_vs_Warrior+Shaman,Mage+Hunter,Warrior+Shaman,9,team2,kill,25.23
Mage+Hunter_vs_Mage+Rogue,Mage+Hunter,Mage+Rogue,0,team1,kill,17.83
Mage+Hunter_vs_Mage+Rogue,Mage+Hunter,Mage+Rogue,1,team1,kill,17.83
Mage+Hunter_vs_Mage+Rogue,Mage+Hunter,Mage+Rogue,2,team1,kill,16.43
Mage+Hunter_vs_Mage+Rogue,Mage+Hunter,Mage+Rogue,3,team1,kill,17.83
Mage+Hunter_vs_Mage+Rogue,Mage+Hunter,Mage+Rogue,4,team1,kill,20.27
Mage+Hunter_vs_Mage+Rogue,Mage+Hunter,Mage+Rogue,5,team1,kill,16.95
Mage+Hunter_vs_Mage+Rogue,Mage+Hunter,Mage+Rogue,6,team1,kill,16.37
Mage+Hunter_vs_Mage+Rogue,Mage+Hunter,Mage+Rogue,7,team1,kill,17.83
Mage+Hunter_vs_Mage+Rogue,Mage+Hunter,Mage+Rogue,8,team1,kill,17.83
Mage+Hunter_vs_Mage+Rogue,Mage+Hunter,Mage+Rogue,9,team1,kill,22.37
Mage+Hunter_vs_Mage+Priest,Mage+Hunter,Mage+Priest,0,team2,kill,21.30
Mage+Hunter_vs_Mage+Priest,Mage+Hunter,Mage+Priest,1,team2,kill,23.13
Mage+Hunter_vs_Mage+Priest,Mage+Hunter,Mage+Priest,2,team2,kill,21.82
Mage+Hunter_vs_Mage+Priest,Mage+Hunter,Mage+Priest,3,team2,kill,21.47
Mage+Hunter_vs_Mage+Priest,Mage+Hunter,Mage+Priest,4,team2,kill,22.78
Mage+Hunter_vs_Mage+Priest,Mage+Hunter,Mage+Priest,5,team2,kill,22.13
Mage+Hunter_vs_Mage+Priest,Mage+Hunter,Mage+Priest,6,team2,kill,22.65
Mage+Hunter_vs_Mage+Priest,Mage+Hunter,Mage+Priest,7,team2,kill,21.27
Mage+Hunter_vs_Mage+Priest,Mage+Hunter,Mage+Priest,8,team2,kill,22.65
Mage+Hunter_vs_Mage+Priest,Mage+Hunter,Mage+Priest,9,team2,kill,21.08
Mage+Hunter_vs_Mage+Warlock,Mage+Hunter,Mage+Warlock,0,team2,kill,16.22
Mage+Hunter_vs_Mage+Warlock,Mage+Hunter,Mage+Warlock,1,team2,kill,15.23
Mage+Hunter_vs_Mage+Warlock,Mage+Hunter,Mage+Warlock,2,team2,kill,14.92
Mage+Hunter_vs_Mage+Warlock,Mage+Hunter,Mage+Warlock,3,team2,kill,15.63
Mage+Hunter_vs_Mage+Warlock,Mage+Hunter,Mage+Warlock,4,team2,kill,14.93
Mage+Hunter_vs_Mage+Warlock,Mage+Hunter,Mage+Warlock,5,team2,kill,15.23
Mage+Hunter_vs_Mage+Warlock,Mage+Hunter,Mage+Warlock,6,team2,kill,15.23
Mage+Hunter_vs_Mage+Warlock,Mage+Hunter,Mage+Warlock,7,team2,kill,14.67
Mage+Hunter_vs_Mage+Warlock,Mage+Hunter,Mage+Warlock,8,team1,kill,16.27
Mage+Hunter_vs_Mage+Warlock,Mage+Hunter,Mage+Warlock,9,team2,kill,14.67
Mage+Hunter_vs_Mage+Paladin,Mage+Hunter,Mage+Paladin,0,team2,kill,27.27
Mage+Hunter_vs_Mage+Paladin,Mage+Hunter,Mage+Paladin,1,team2,kill,27.40
Mage+Hunter_vs_Mage+Paladin,Mage+Hunter,Mage+Paladin,2,team2,kill,29.12
Mage+Hunter_vs_Mage+Paladin,Mage+Hunter,Mage+Paladin,3,team2,kill,28.88
Mage+Hunter_vs_Mage+Paladin,Mage+Hunter,Mage+Paladin,4,team2,kill,28.97
Mage+Hunter_vs_Mage+Paladin,Mage+Hunter,Mage+Paladin,5,team2,kill,28.93
Mage+Hunter_vs_Mage+Paladin,Mage+Hunter,Mage+Paladin,6,team2,kill,28.80
Mage+Hunter_vs_Mage+Paladin,Mage+Hunter,Mage+Paladin,7,team2,kill,56.22
Mage+Hunter_vs_Mage+Paladin,Mage+Hunter,Mage+Paladin,8,team2,kill,68.47
Mage+Hunter_vs_Mage+Paladin,Mage+Hunter,Mage+Paladin,9,team2,kill,27.42
Mage+Hunter_vs_Mage+Hunter,Mage+Hunter,Mage+Hunter,0,team2,kill,13.27
Mage+Hunter_vs_Mage+Hunter,Mage+Hunter,Mage+Hunter,1,team2,kill,13.27
Mage+Hunter_vs_Mage+Hunter,Mage+Hunter,Mage+Hunter,2,draw,kill,18.00
Mage+Hunter_vs_Mage+Hunter,Mage+Hunter,Mage+Hunter,3,draw,kill,18.00
Mage+Hunter_vs_Mage+Hunter,Mage+Hunter,Mage+Hunter,4,team2,kill,11.75
Mage+Hunter_vs_Mage+Hunter,Mage+Hunter,Mage+Hunter,5,team2,kill,13.27
Mage+Hunter_vs_Mage+Hunter,Mage+Hunter,Mage+Hunter,6,team2,kill,11.95
Mage+Hunter_vs_Mage+Hunter,Mage+Hunter,Mage+Hunter,7,draw,kill,18.00
Mage+Hunter_vs_Mage+Hunter,Mage+Hunter,Mage+Hunter,8,draw,kill,18.00
Mage+Hunter_vs_Mage+Hunter,Mage+Hunter,Mage+Hunter,9,team1,kill,14.78
Mage+Hunter_vs_Mage+Shaman,Mage+Hunter,Mage+Shaman,0,team2,kill,19.47
Mage+Hunter_vs_Mage+Shaman,Mage+Hunter,Mage+Shaman,1,team1,kill,15.28
Mage+Hunter_vs_Mage+Shaman,Mage+Hunter,Mage+Shaman,2,team2,kill,22.15
Mage+Hunter_vs_Mage+Shaman,Mage+Hunter,Mage+Shaman,3,team2,kill,19.35
Mage+Hunter_vs_Mage+Shaman,Mage+Hunter,Mage+Shaman,4,team2,kill,23.67
Mage+Hunter_vs_Mage+Shaman,Mage+Hunter,Mage+Shaman,5,team2,kill,19.48
Mage+Hunter_vs_Mage+Shaman,Mage+Hunter,Mage+Shaman,6,team1,kill,16.05
Mage+Hunter_vs_Mage+Shaman,Mage+Hunter,Mage+Shaman,7,team2,kill,23.67
Mage+Hunter_vs_Mage+Shaman,Mage+Hunter,Mage+Shaman,8,team2,kill,22.15
Mage+Hunter_vs_Mage+Shaman,Mage+Hunter,Mage+Shaman,9,team1,kill,17.90
Mage+Hunter_vs_Rogue+Priest,Mage+Hunter,Rogue+Priest,0,team2,kill,25.35
Mage+Hunter_vs_Rogue+Priest,Mage+Hunter,Rogue+Priest,1,team2,kill,23.50
Mage+Hunter_vs_Rogue+Priest,Mage+Hunter,Rogue+Priest,2,team1,kill,26.55
Mage+Hunter_vs_Rogue+Priest,Mage+Hunter,Rogue+Priest,3,team2,kill,24.68
Mage+Hunter_vs_Rogue+Priest,Mage+Hunter,Rogue+Priest,4,team2,kill,23.13
Mage+Hunter_vs_Rogue+Priest,Mage+Hunter,Rogue+Priest,5,team2,kill,25.42
Mage+Hunter_vs_Rogue+Priest,Mage+Hunter,Rogue+Priest,6,team2,kill,22.97
Mage+Hunter_vs_Rogue+Priest,Mage+Hunter,Rogue+Priest,7,team2,kill,22.85
Mage+Hunter_vs_Rogue+Priest,Mage+Hunter,Rogue+Priest,8,team1,kill,33.32
Mage+Hunter_vs_Rogue+Priest,Mage+Hunter,Rogue+Priest,9,team2,kill,24.37
Mage+Hunter_vs_Rogue+Warlock,Mage+Hunter,Rogue+Warlock,0,team1,kill,25.35
Mage+Hunter_vs_Rogue+Warlock,Mage+Hunter,Rogue+Warlock,1,team2,kill,28.05
Mage+Hunter_vs_Rogue+Warlock,Mage+Hunter,Rogue+Warlock,2,team1,kill,23.03
Mage+Hunter_vs_Rogue+Warlock,Mage+Hunter,Rogue+Warlock,3,team2,kill,23.68
Mage+Hunter_vs_Rogue+Warlock,Mage+Hunter,Rogue+Warlock,4,team1,kill,18.20
Mage+Hunter_vs_Rogue+Warlock,Mage+Hunter,Rogue+Warlock,5,team2,kill,25.45
Mage+Hunter_vs_Rogue+Warlock,Mage+Hunter,Rogue+Warlock,6,team1,kill,23.25
Mage+Hunter_vs_Rogue+Warlock,Mage+Hunter,Rogue+Warlock,7,team1,kill,23.10
Mage+Hunter_vs_Rogue+Warlock,Mage+Hunter,Rogue+Warlock,8,team2,kill,18.82
Mage+Hunter_vs_Rogue+Warlock,Mage+Hunter,Rogue+Warlock,9,team1,kill,23.25
Mage+Hunter_vs_Rogue+Paladin,Mage+Hunter,Rogue+Paladin,0,team2,kill,50.90
Mage+Hunter_vs_Rogue+Paladin,Mage+Hunter,Rogue+Paladin,1,team2,kill,47.28
Mage+Hunter_vs_Rogue+Paladin,Mage+Hunter,Rogue+Paladin,2,team2,kill,46.77
Mage+Hunter_vs_Rogue+Paladin,Mage+Hunter,Rogue+Paladin,3,team2,kill,49.47
Mage+Hunter_vs_Rogue+Paladin,Mage+Hunter,Rogue+Paladin,4,team2,kill,48.95
Mage+Hunter_vs_Rogue+Paladin,Mage+Hunter,Rogue+Paladin,5,team2,kill,47.47
Mage+Hunter_vs_Rogue+Paladin,Mage+Hunter,Rogue+Paladin,6,team2,kill,36.60
Mage+Hunter_vs_Rogue+Paladin,Mage+Hunter,Rogue+Paladin,7,team2,kill,47.52
Mage+Hunter_vs_Rogue+Paladin,Mage+Hunter,Rogue+Paladin,8,team2,kill,47.23
Mage+Hunter_vs_Rogue+Paladin,Mage+Hunter,Rogue+Paladin,9,team2,kill,46.03
Mage+Hunter_vs_Rogue+Hunter,Mage+Hunter,Rogue+Hunter,0,team1,kill,17.38
Mage+Hunter_vs_Rogue+Hunter,Mage+Hunter,Rogue+Hunter,1,team1,kill,17.38
Mage+Hunter_vs_Rogue+Hunter,Mage+Hunter,Rogue+Hunter,2,team1,kill,17.40
Mage+Hunter_vs_Rogue+Hunter,Mage+Hunter,Rogue+Hunter,3,team1,kill,17.38
Mage+Hunter_vs_Rogue+Hunter,Mage+Hunter,Rogue+Hunter,4,team1,kill,17.38
Mage+Hunter_vs_Rogue+Hunter,Mage+Hunter,Rogue+Hunter,5,team1,kill,17.38
Mage+Hunter_vs_Rogue+Hunter,Mage+Hunter,Rogue+Hunter,6,team1,kill,17.40
Mage+Hunter_vs_Rogue+Hunter,Mage+Hunter,Rogue+Hunter,7,team1,kill,17.40
Mage+Hunter_vs_Rogue+Hunter,Mage+Hunter,Rogue+Hunter,8,team1,kill,17.38
Mage+Hunter_vs_Rogue+Hunter,Mage+Hunter,Rogue+Hunter,9,team1,kill,17.40
Mage+Hunter_vs_Rogue+Shaman,Mage+Hunter,Rogue+Shaman,0,team1,kill,17.35
Mage+Hunter_vs_Rogue+Shaman,Mage+Hunter,Rogue+Shaman,1,team1,kill,17.72
Mage+Hunter_vs_Rogue+Shaman,Mage+Hunter,Rogue+Shaman,2,team1,kill,17.72
Mage+Hunter_vs_Rogue+Shaman,Mage+Hunter,Rogue+Shaman,3,team1,kill,17.72
Mage+Hunter_vs_Rogue+Shaman,Mage+Hunter,Rogue+Shaman,4,team1,kill,17.72
Mage+Hunter_vs_Rogue+Shaman,Mage+Hunter,Rogue+Shaman,5,team1,kill,17.72
Mage+Hunter_vs_Rogue+Shaman,Mage+Hunter,Rogue+Shaman,6,team1,kill,17.72
Mage+Hunter_vs_Rogue+Shaman,Mage+Hunter,Rogue+Shaman,7,team1,kill,17.72
Mage+Hunter_vs_Rogue+Shaman,Mage+Hunter,Rogue+Shaman,8,team1,kill,16.48
Mage+Hunter_vs_Rogue+Shaman,Mage+Hunter,Rogue+Shaman,9,team1,kill,17.72
Mage+Hunter_vs_Priest+Warlock,Mage+Hunter,Priest+Warlock,0,team2,kill,30.53
Mage+Hunter_vs_Priest+Warlock,Mage+Hunter,Priest+Warlock,1,team2,kill,30.37
Mage+Hunter_vs_Priest+Warlock,Mage+Hunter,Priest+Warlock,2,team2,kill,34.67
Mage+Hunter_vs_Priest+Warlock,Mage+Hunter,Priest+Warlock,3,team2,kill,31.68
Mage+Hunter_vs_Priest+Warlock,Mage+Hunter,Priest+Warlock,4,team2,kill,34.67
Mage+Hunter_vs_Priest+Warlock,Mage+Hunter,Priest+Warlock,5,team2,kill,30.80
Mage+Hunter_vs_Priest+Warlock,Mage+Hunter,Priest+Warlock,6,team2,kill,34.67
Mage+Hunter_vs_Priest+Warlock,Mage+Hunter,Priest+Warlock,7,team2,kill,30.22
Mage+Hunter_vs_Priest+Warlock,Mage+Hunter,Priest+Warlock,8,team1,kill,24.00
Mage+Hunter_vs_Priest+Warlock,Mage+Hunter,Priest+Warlock,9,team2,kill,31.25
Mage+Hunter_vs_Priest+Hunter,Mage+Hunter,Priest+Hunter,0,team2,kill,36.25
Mage+Hunter_vs_Priest+Hunter,Mage+Hunter,Priest+Hunter,1,team1,kill,28.05
Mage+Hunter_vs_Priest+Hunter,Mage+Hunter,Priest+Hunter,2,team1,kill,16.17
Mage+Hunter_vs_Priest+Hunter,Mage+Hunter,Priest+Hunter,3,team1,kill,28.05
Mage+Hunter_vs_Priest+Hunter,Mage+Hunter,Priest+Hunter,4,team1,kill,25.02
Mage+Hunter_vs_Priest+Hunter,Mage+Hunter,Priest+Hunter,5,team2,kill,20.52
Mage+Hunter_vs_Priest+Hunter,Mage+Hunter,Priest+Hunter,6,team1,kill,20.48
Mage+Hunter_vs_Priest+Hunter,Mage+Hunter,Priest+Hunter,7,team1,kill,16.17
Mage+Hunter_vs_Priest+Hunter,Mage+Hunter,Priest+Hunter,8,team1,kill,16.17
Mage+Hunter_vs_Priest+Hunter,Mage+Hunter,Priest+Hunter,9,team2,kill,39.82
Mage+Hunter_vs_Warlock+Paladin,Mage+Hunter,Warlock+Paladin,0,team2,kill,32.07
Mage+Hunter_vs_Warlock+Paladin,Mage+Hunter,Warlock+Paladin,1,team2,kill,82.67
Mage+Hunter_vs_Warlock+Paladin,Mage+Hunter,Warlock+Paladin,2,team2,kill,34.92
Mage+Hunter_vs_Warlock+Paladin,Mage+Hunter,Warlock+Paladin,3,team2,kill,34.92
Mage+Hunter_vs_Warlock+Paladin,Mage+Hunter,Warlock+Paladin,4,team2,kill,34.47
Mage+Hunter_vs_Warlock+Paladin,Mage+Hunter,Warlock+Paladin,5,team2,kill,34.47
Mage+Hunter_vs_Warlock+Paladin,Mage+Hunter,Warlock+Paladin,6,team2,kill,34.47
Mage+Hunter_vs_Warlock+Paladin,Mage+Hunter,Warlock+Paladin,7,team2,kill,31.90
Mage+Hunter_vs_Warlock+Paladin,Mage+Hunter,Warlock+Paladin,8,team2,kill,34.92
Mage+Hunter_vs_Warlock+Paladin,Mage+Hunter,Warlock+Paladin,9,team2,kill,34.92
Mage+Hunter_vs_Warlock+Hunter,Mage+Hunter,Warlock+Hunter,0,team1,kill,15.60
Mage+Hunter_vs_Warlock+Hunter,Mage+Hunter,Warlock+Hunter,1,team1,kill,15.60
Mage+Hunter_vs_Warlock+Hunter,Mage+Hunter,Warlock+Hunter,2,team1,kill,16.15
Mage+Hunter_vs_Warlock+Hunter,Mage+Hunter,Warlock+Hunter,3,team1,kill,17.90
Mage+Hunter_vs_Warlock+Hunter,Mage+Hunter,Warlock+Hunter,4,team1,kill,14.87
Mage+Hunter_vs_Warlock+Hunter,Mage+Hunter,Warlock+Hunter,5,team1,kill,16.15
Mage+Hunter_vs_Warlock+Hunter,Mage+Hunter,Warlock+Hunter,6,team1,kill,17.67
Mage+Hunter_vs_Warlock+Hunter,Mage+Hunter,Warlock+Hunter,7,team1,kill,17.80
Mage+Hunter_vs_Warlock+Hunter,Mage+Hunter,Warlock+Hunter,8,team1,kill,17.77
Mage+Hunter_vs_Warlock+Hunter,Mage+Hunter,Warlock+Hunter,9,team1,kill,16.15
Mage+Hunter_vs_Warlock+Shaman,Mage+Hunter,Warlock+Shaman,0,team2,kill,25.15
Mage+Hunter_vs_Warlock+Shaman,Mage+Hunter,Warlock+Shaman,1,team2,kill,26.23
Mage+Hunter_vs_Warlock+Shaman,Mage+Hunter,Warlock+Shaman,2,team1,kill,31.43
Mage+Hunter_vs_Warlock+Shaman,Mage+Hunter,Warlock+Shaman,3,team2,kill,18.58
Mage+Hunter_vs_Warlock+Shaman,Mage+Hunter,Warlock+Shaman,4,team2,kill,25.15
Mage+Hunter_vs_Warlock+Shaman,Mage+Hunter,Warlock+Shaman,5,team2,kill,25.15
Mage+Hunter_vs_Warlock+Shaman,Mage+Hunter,Warlock+Shaman,6,team2,kill,19.30
Mage+Hunter_vs_Warlock+Shaman,Mage+Hunter,Warlock+Shaman,7,team2,kill,25.15
Mage+Hunter_vs_Warlock+Shaman,Mage+Hunter,Warlock+Shaman,8,team2,kill,25.15
Mage+Hunter_vs_Warlock+Shaman,Mage+Hunter,Warlock+Shaman,9,team2,kill,20.25
Mage+Hunter_vs_Paladin+Hunter,Mage+Hunter,Paladin+Hunter,0,team1,kill,30.63
Mage+Hunter_vs_Paladin+Hunter,Mage+Hunter,Paladin+Hunter,1,team2,kill,39.63
Mage+Hunter_vs_Paladin+Hunter,Mage+Hunter,Paladin+Hunter,2,team1,kill,42.40
Mage+Hunter_vs_Paladin+Hunter,Mage+Hunter,Paladin+Hunter,3,team2,kill,36.22
Mage+Hunter_vs_Paladin+Hunter,Mage+Hunter,Paladin+Hunter,4,team1,kill,44.17
Mage+Hunter_vs_Paladin+Hunter,Mage+Hunter,Paladin+Hunter,5,team1,kill,38.30
Mage+Hunter_vs_Paladin+Hunter,Mage+Hunter,Paladin+Hunter,6,team2,kill,28.02
Mage+Hunter_vs_Paladin+Hunter,Mage+Hunter,Paladin+Hunter,7,team1,kill,39.63
Mage+Hunter_vs_Paladin+Hunter,Mage+Hunter,Paladin+Hunter,8,team1,kill,44.13
Mage+Hunter_vs_Paladin+Hunter,Mage+Hunter,Paladin+Hunter,9,team1,kill,31.98
Mage+Hunter_vs_Hunter+Shaman,Mage+Hunter,Hunter+Shaman,0,team1,kill,30.03
Mage+Hunter_vs_Hunter+Shaman,Mage+Hunter,Hunter+Shaman,1,team1,kill,20.35
Mage+Hunter_vs_Hunter+Shaman,Mage+Hunter,Hunter+Shaman,2,team1,kill,26.78
Mage+Hunter_vs_Hunter+Shaman,Mage+Hunter,Hunter+Shaman,3,team2,kill,23.90
Mage+Hunter_vs_Hunter+Shaman,Mage+Hunter,Hunter+Shaman,4,team2,kill,16.57
Mage+Hunter_vs_Hunter+Shaman,Mage+Hunter,Hunter+Shaman,5,team2,kill,15.93
Mage+Hunter_vs_Hunter+Shaman,Mage+Hunter,Hunter+Shaman,6,team1,kill,29.23
Mage+Hunter_vs_Hunter+Shaman,Mage+Hunter,Hunter+Shaman,7,team1,kill,16.28
Mage+Hunter_vs_Hunter+Shaman,Mage+Hunter,Hunter+Shaman,8,team1,kill,29.02
Mage+Hunter_vs_Hunter+Shaman,Mage+Hunter,Hunter+Shaman,9,team1,kill,46.12
Mage+Shaman_vs_Warrior+Hunter,Mage+Shaman,Warrior+Hunter,0,team1,kill,18.45
Mage+Shaman_vs_Warrior+Hunter,Mage+Shaman,Warrior+Hunter,1,team1,kill,19.13
Mage+Shaman_vs_Warrior+Hunter,Mage+Shaman,Warrior+Hunter,2,team1,kill,19.82
Mage+Shaman_vs_Warrior+Hunter,Mage+Shaman,Warrior+Hunter,3,team1,kill,13.53
Mage+Shaman_vs_Warrior+Hunter,Mage+Shaman,Warrior+Hunter,4,team1,kill,19.13
Mage+Shaman_vs_Warrior+Hunter,Mage+Shaman,Warrior+Hunter,5,team1,kill,18.43
Mage+Shaman_vs_Warrior+Hunter,Mage+Shaman,Warrior+Hunter,6,team1,kill,13.53
Mage+Shaman_vs_Warrior+Hunter,Mage+Shaman,Warrior+Hunter,7,team1,kill,19.13
Mage+Shaman_vs_Warrior+Hunter,Mage+Shaman,Warrior+Hunter,8,team1,kill,19.13
Mage+Shaman_vs_Warrior+Hunter,Mage+Shaman,Warrior+Hunter,9,team1,kill,13.53
Mage+Shaman_vs_Mage+Hunter,Mage+Shaman,Mage+Hunter,0,team1,kill,19.43
Mage+Shaman_vs_Mage+Hunter,Mage+Shaman,Mage+Hunter,1,team2,kill,15.28
Mage+Shaman_vs_Mage+Hunter,Mage+Shaman,Mage+Hunter,2,team1,kill,22.15
Mage+Shaman_vs_Mage+Hunter,Mage+Shaman,Mage+Hunter,3,team1,kill,19.47
Mage+Shaman_vs_Mage+Hunter,Mage+Shaman,Mage+Hunter,4,team1,kill,23.67
Mage+Shaman_vs_Mage+Hunter,Mage+Shaman,Mage+Hunter,5,team1,kill,19.38
Mage+Shaman_vs_Mage+Hunter,Mage+Shaman,Mage+Hunter,6,team2,kill,16.03
Mage+Shaman_vs_Mage+Hunter,Mage+Shaman,Mage+Hunter,7,team1,kill,22.15
Mage+Shaman_vs_Mage+Hunter,Mage+Shaman,Mage+Hunter,8,team1,kill,22.15
Mage+Shaman_vs_Mage+Hunter,Mage+Shaman,Mage+Hunter,9,team2,kill,16.60
Mage+Shaman_vs_Rogue+Warlock,Mage+Shaman,Rogue+Warlock,0,team1,kill,23.67
Mage+Shaman_vs_Rogue+Warlock,Mage+Shaman,Rogue+Warlock,1,team1,kill,28.17
Mage+Shaman_vs_Rogue+Warlock,Mage+Shaman,Rogue+Warlock,2,team1,kill,27.13
Mage+Shaman_vs_Rogue+Warlock,Mage+Shaman,Rogue+Warlock,3,team1,kill,27.13
Mage+Shaman_vs_Rogue+Warlock,Mage+Shaman,Rogue+Warlock,4,team1,kill,28.50
Mage+Shaman_vs_Rogue+Warlock,Mage+Shaman,Rogue+Warlock,5,team1,kill,28.65
Mage+Shaman_vs_Rogue+Warlock,Mage+Shaman,Rogue+Warlock,6,team1,kill,28.50
Mage+Shaman_vs_Rogue+Warlock,Mage+Shaman,Rogue+Warlock,7,team1,kill,27.13
Mage+Shaman_vs_Rogue+Warlock,Mage+Shaman,Rogue+Warlock,8,team1,kill,28.50
Mage+Shaman_vs_Rogue+Warlock,Mage+Shaman,Rogue+Warlock,9,team1,kill,28.52
Mage+Shaman_vs_Rogue+Hunter,Mage+Shaman,Rogue+Hunter,0,team1,kill,18.22
Mage+Shaman_vs_Rogue+Hunter,Mage+Shaman,Rogue+Hunter,1,team1,kill,18.22
Mage+Shaman_vs_Rogue+Hunter,Mage+Shaman,Rogue+Hunter,2,team1,kill,18.22
Mage+Shaman_vs_Rogue+Hunter,Mage+Shaman,Rogue+Hunter,3,team1,kill,13.52
Mage+Shaman_vs_Rogue+Hunter,Mage+Shaman,Rogue+Hunter,4,team1,kill,18.22
Mage+Shaman_vs_Rogue+Hunter,Mage+Shaman,Rogue+Hunter,5,team1,kill,18.22
Mage+Shaman_vs_Rogue+Hunter,Mage+Shaman,Rogue+Hunter,6,team1,kill,13.53
Mage+Shaman_vs_Rogue+Hunter,Mage+Shaman,Rogue+Hunter,7,team1,kill,13.53
Mage+Shaman_vs_Rogue+Hunter,Mage+Shaman,Rogue+Hunter,8,team1,kill,18.22
Mage+Shaman_vs_Rogue+Hunter,Mage+Shaman,Rogue+Hunter,9,team1,kill,15.82
Mage+Shaman_vs_Priest+Hunter,Mage+Shaman,Priest+Hunter,0,team1,kill,19.90
Mage+Shaman_vs_Priest+Hunter,Mage+Shaman,Priest+Hunter,1,team1,kill,21.43
Mage+Shaman_vs_Priest+Hunter,Mage+Shaman,Priest+Hunter,2,team1,kill,21.38
Mage+Shaman_vs_Priest+Hunter,Mage+Shaman,Priest+Hunter,3,team1,kill,19.87
Mage+Shaman_vs_Priest+Hunter,Mage+Shaman,Priest+Hunter,4,team1,kill,24.63
Mage+Shaman_vs_Priest+Hunter,Mage+Shaman,Priest+Hunter,5,team1,kill,24.63
Mage+Shaman_vs_Priest+Hunter,Mage+Shaman,Priest+Hunter,6,team1,kill,21.43
Mage+Shaman_vs_Priest+Hunter,Mage+Shaman,Priest+Hunter,7,team1,kill,21.43
Mage+Shaman_vs_Priest+Hunter,Mage+Shaman,Priest+Hunter,8,team1,kill,19.60
Mage+Shaman_vs_Priest+Hunter,Mage+Shaman,Priest+Hunter,9,team1,kill,47.10
Mage+Shaman_vs_Warlock+Hunter,Mage+Shaman,Warlock+Hunter,0,team1,kill,19.67
Mage+Shaman_vs_Warlock+Hunter,Mage+Shaman,Warlock+Hunter,1,team1,kill,18.23
Mage+Shaman_vs_Warlock+Hunter,Mage+Shaman,Warlock+Hunter,2,team1,kill,18.15
Mage+Shaman_vs_Warlock+Hunter,Mage+Shaman,Warlock+Hunter,3,team1,kill,13.17
Mage+Shaman_vs_Warlock+Hunter,Mage+Shaman,Warlock+Hunter,4,team1,kill,13.05
Mage+Shaman_vs_Warlock+Hunter,Mage+Shaman,Warlock+Hunter,5,team1,kill,19.78
Mage+Shaman_vs_Warlock+Hunter,Mage+Shaman,Warlock+Hunter,6,team1,kill,13.17
Mage+Shaman_vs_Warlock+Hunter,Mage+Shaman,Warlock+Hunter,7,team1,kill,18.57
Mage+Shaman_vs_Warlock+Hunter,Mage+Shaman,Warlock+Hunter,8,team1,kill,18.25
Mage+Shaman_vs_Warlock+Hunter,Mage+Shaman,Warlock+Hunter,9,team1,kill,13.17
Mage+Shaman_vs_Paladin+Hunter,Mage+Shaman,Paladin+Hunter,0,team1,kill,35.00
Mage+Shaman_vs_Paladin+Hunter,Mage+Shaman,Paladin+Hunter,1,team1,kill,94.79
Mage+Shaman_vs_Paladin+Hunter,Mage+Shaman,Paladin+Hunter,2,team2,kill,30.90
Mage+Shaman_vs_Paladin+Hunter,Mage+Shaman,Paladin+Hunter,3,team1,kill,33.00
Mage+Shaman_vs_Paladin+Hunter,Mage+Shaman,Paladin+Hunter,4,team1,kill,35.00
Mage+Shaman_vs_Paladin+Hunter,Mage+Shaman,Paladin+Hunter,5,team1,kill,54.28
Mage+Shaman_vs_Paladin+Hunter,Mage+Shaman,Paladin+Hunter,6,team1,kill,54.68
Mage+Shaman_vs_Paladin+Hunter,Mage+Shaman,Paladin+Hunter,7,team1,kill,35.52
Mage+Shaman_vs_Paladin+Hunter,Mage+Shaman,Paladin+Hunter,8,team1,kill,25.95
Mage+Shaman_vs_Paladin+Hunter,Mage+Shaman,Paladin+Hunter,9,team1,kill,35.90
Mage+Shaman_vs_Hunter+Shaman,Mage+Shaman,Hunter+Shaman,0,team1,kill,14.70
Mage+Shaman_vs_Hunter+Shaman,Mage+Shaman,Hunter+Shaman,1,team1,kill,14.70
Mage+Shaman_vs_Hunter+Shaman,Mage+Shaman,Hunter+Shaman,2,team1,kill,14.70
Mage+Shaman_vs_Hunter+Shaman,Mage+Shaman,Hunter+Shaman,3,team1,kill,14.70
Mage+Shaman_vs_Hunter+Shaman,Mage+Shaman,Hunter+Shaman,4,team1,kill,13.18
Mage+Shaman_vs_Hunter+Shaman,Mage+Shaman,Hunter+Shaman,5,team1,kill,14.70
Mage+Shaman_vs_Hunter+Shaman,Mage+Shaman,Hunter+Shaman,6,team1,kill,14.70
Mage+Shaman_vs_Hunter+Shaman,Mage+Shaman,Hunter+Shaman,7,team1,kill,14.70
Mage+Shaman_vs_Hunter+Shaman,Mage+Shaman,Hunter+Shaman,8,team1,kill,14.70
Mage+Shaman_vs_Hunter+Shaman,Mage+Shaman,Hunter+Shaman,9,team1,kill,13.53
Rogue+Priest_vs_Warrior+Priest,Rogue+Priest,Warrior+Priest,0,team2,kill,25.18
Rogue+Priest_vs_Warrior+Priest,Rogue+Priest,Warrior+Priest,1,team1,kill,48.47
Rogue+Priest_vs_Warrior+Priest,Rogue+Priest,Warrior+Priest,2,team2,kill,22.32
Rogue+Priest_vs_Warrior+Priest,Rogue+Priest,Warrior+Priest,3,team1,kill,50.85
Rogue+Priest_vs_Warrior+Priest,Rogue+Priest,Warrior+Priest,4,team1,kill,51.07
Rogue+Priest_vs_Warrior+Priest,Rogue+Priest,Warrior+Priest,5,team1,kill,49.87
Rogue+Priest_vs_Warrior+Priest,Rogue+Priest,Warrior+Priest,6,team1,kill,48.58
Rogue+Priest_vs_Warrior+Priest,Rogue+Priest,Warrior+Priest,7,team1,kill,54.07
Rogue+Priest_vs_Warrior+Priest,Rogue+Priest,Warrior+Priest,8,team1,kill,56.18
Rogue+Priest_vs_Warrior+Priest,Rogue+Priest,Warrior+Priest,9,team2,kill,25.18
Rogue+Priest_vs_Warrior+Hunter,Rogue+Priest,Warrior+Hunter,0,team1,kill,60.32
Rogue+Priest_vs_Warrior+Hunter,Rogue+Priest,Warrior+Hunter,1,team1,kill,46.98
Rogue+Priest_vs_Warrior+Hunter,Rogue+Priest,Warrior+Hunter,2,team1,kill,40.72
Rogue+Priest_vs_Warrior+Hunter,Rogue+Priest,Warrior+Hunter,3,team1,kill,49.38
Rogue+Priest_vs_Warrior+Hunter,Rogue+Priest,Warrior+Hunter,4,team1,kill,61.20
Rogue+Priest_vs_Warrior+Hunter,Rogue+Priest,Warrior+Hunter,5,team1,kill,50.43
Rogue+Priest_vs_Warrior+Hunter,Rogue+Priest,Warrior+Hunter,6,team1,kill,61.20
Rogue+Priest_vs_Warrior+Hunter,Rogue+Priest,Warrior+Hunter,7,team1,kill,63.90
Rogue+Priest_vs_Warrior+Hunter,Rogue+Priest,Warrior+Hunter,8,team1,kill,70.53
Rogue+Priest_vs_Warrior+Hunter,Rogue+Priest,Warrior+Hunter,9,team1,kill,36.80
Rogue+Priest_vs_Mage+Hunter,Rogue+Priest,Mage+Hunter,0,team1,kill,25.35
Rogue+Priest_vs_Mage+Hunter,Rogue+Priest,Mage+Hunter,1,team1,kill,23.50
Rogue+Priest_vs_Mage+Hunter,Rogue+Priest,Mage+Hunter,2,team2,kill,26.55
Rogue+Priest_vs_Mage+Hunter,Rogue+Priest,Mage+Hunter,3,team1,kill,24.68
Rogue+Priest_vs_Mage+Hunter,Rogue+Priest,Mage+Hunter,4,team1,kill,23.13
Rogue+Priest_vs_Mage+Hunter,Rogue+Priest,Mage+Hunter,5,team1,kill,25.42
Rogue+Priest_vs_Mage+Hunter,Rogue+Priest,Mage+Hunter,6,team1,kill,22.97
Rogue+Priest_vs_Mage+Hunter,Rogue+Priest,Mage+Hunter,7,team1,kill,22.85
Rogue+Priest_vs_Mage+Hunter,Rogue+Priest,Mage+Hunter,8,team2,kill,33.32
Rogue+Priest_vs_Mage+Hunter,Rogue+Priest,Mage+Hunter,9,team1,kill,24.37
Rogue+Priest_vs_Rogue+Hunter,Rogue+Priest,Rogue+Hunter,0,team1,kill,24.48
Rogue+Priest_vs_Rogue+Hunter,Rogue+Priest,Rogue+Hunter,1,team1,kill,24.05
Rogue+Priest_vs_Rogue+Hunter,Rogue+Priest,Rogue+Hunter,2,team1,kill,19.82
Rogue+Priest_vs_Rogue+Hunter,Rogue+Priest,Rogue+Hunter,3,team1,kill,24.07
Rogue+Priest_vs_Rogue+Hunter,Rogue+Priest,Rogue+Hunter,4,team1,kill,20.88
Rogue+Priest_vs_Rogue+Hunter,Rogue+Priest,Rogue+Hunter,5,team1,kill,24.07
Rogue+Priest_vs_Rogue+Hunter,Rogue+Priest,Rogue+Hunter,6,team1,kill,22.07
Rogue+Priest_vs_Rogue+Hunter,Rogue+Priest,Rogue+Hunter,7,team1,kill,23.25
Rogue+Priest_vs_Rogue+Hunter,Rogue+Priest,Rogue+Hunter,8,team1,kill,20.95
Rogue+Priest_vs_Rogue+Hunter,Rogue+Priest,Rogue+Hunter,9,team1,kill,20.95
Rogue+Priest_vs_Priest+Hunter,Rogue+Priest,Priest+Hunter,0,team2,kill,55.57
Rogue+Priest_vs_Priest+Hunter,Rogue+Priest,Priest+Hunter,1,team2,kill,60.85
Rogue+Priest_vs_Priest+Hunter,Rogue+Priest,Priest+Hunter,2,team1,kill,40.95
Rogue+Priest_vs_Priest+Hunter,Rogue+Priest,Priest+Hunter,3,team1,kill,64.48
Rogue+Priest_vs_Priest+Hunter,Rogue+Priest,Priest+Hunter,4,team2,kill,60.07
Rogue+Priest_vs_Priest+Hunter,Rogue+Priest,Priest+Hunter,5,team2,kill,58.05
Rogue+Priest_vs_Priest+Hunter,Rogue+Priest,Priest+Hunter,6,team1,kill,44.82
Rogue+Priest_vs_Priest+Hunter,Rogue+Priest,Priest+Hunter,7,team2,kill,60.07
Rogue+Priest_vs_Priest+Hunter,Rogue+Priest,Priest+Hunter,8,team1,kill,30.47
Rogue+Priest_vs_Priest+Hunter,Rogue+Priest,Priest+Hunter,9,team1,kill,38.35
Rogue+Priest_vs_Warlock+Hunter,Rogue+Priest,Warlock+Hunter,0,team2,kill,40.85
Rogue+Priest_vs_Warlock+Hunter,Rogue+Priest,Warlock+Hunter,1,team2,kill,25.48
Rogue+Priest_vs_Warlock+Hunter,Rogue+Priest,Warlock+Hunter,2,team2,kill,26.38
Rogue+Priest_vs_Warlock+Hunter,Rogue+Priest,Warlock+Hunter,3,team1,kill,43.72
Rogue+Priest_vs_Warlock+Hunter,Rogue+Priest,Warlock+Hunter,4,team2,kill,24.57
Rogue+Priest_vs_Warlock+Hunter,Rogue+Priest,Warlock+Hunter,5,team2,kill,25.68
Rogue+Priest_vs_Warlock+Hunter,Rogue+Priest,Warlock+Hunter,6,team2,kill,25.67
Rogue+Priest_vs_Warlock+Hunter,Rogue+Priest,Warlock+Hunter,7,team2,kill,25.97
Rogue+Priest_vs_Warlock+Hunter,Rogue+Priest,Warlock+Hunter,8,team2,kill,27.78
Rogue+Priest_vs_Warlock+Hunter,Rogue+Priest,Warlock+Hunter,9,team2,kill,35.03
Rogue+Priest_vs_Paladin+Hunter,Rogue+Priest,Paladin+Hunter,0,team1,kill,70.53
Rogue+Priest_vs_Paladin+Hunter,Rogue+Priest,Paladin+Hunter,1,team1,kill,74.55
Rogue+Priest_vs_Paladin+Hunter,Rogue+Priest,Paladin+Hunter,2,team2,kill,56.72
Rogue+Priest_vs_Paladin+Hunter,Rogue+Priest,Paladin+Hunter,3,team1,kill,75.75
Rogue+Priest_vs_Paladin+Hunter,Rogue+Priest,Paladin+Hunter,4,team2,kill,58.48
Rogue+Priest_vs_Paladin+Hunter,Rogue+Priest,Paladin+Hunter,5,team1,kill,120.61
Rogue+Priest_vs_Paladin+Hunter,Rogue+Priest,Paladin+Hunter,6,team1,kill,75.67
Rogue+Priest_vs_Paladin+Hunter,Rogue+Priest,Paladin+Hunter,7,team2,kill,72.50
Rogue+Priest_vs_Paladin+Hunter,Rogue+Priest,Paladin+Hunter,8,team1,kill,76.45
Rogue+Priest_vs_Paladin+Hunter,Rogue+Priest,Paladin+Hunter,9,team1,kill,79.90
Rogue+Priest_vs_Hunter+Shaman,Rogue+Priest,Hunter+Shaman,0,team1,kill,43.58
Rogue+Priest_vs_Hunter+Shaman,Rogue+Priest,Hunter+Shaman,1,team1,kill,46.63
Rogue+Priest_vs_Hunter+Shaman,Rogue+Priest,Hunter+Shaman,2,team2,kill,72.83
Rogue+Priest_vs_Hunter+Shaman,Rogue+Priest,Hunter+Shaman,3,team2,kill,79.10
Rogue+Priest_vs_Hunter+Shaman,Rogue+Priest,Hunter+Shaman,4,team1,kill,50.33
Rogue+Priest_vs_Hunter+Shaman,Rogue+Priest,Hunter+Shaman,5,team1,kill,47.78
Rogue+Priest_vs_Hunter+Shaman,Rogue+Priest,Hunter+Shaman,6,team1,kill,39.10
Rogue+Priest_vs_Hunter+Shaman,Rogue+Priest,Hunter+Shaman,7,team1,kill,39.10
Rogue+Priest_vs_Hunter+Shaman,Rogue+Priest,Hunter+Shaman,8,team1,kill,41.72
Rogue+Priest_vs_Hunter+Shaman,Rogue+Priest,Hunter+Shaman,9,team2,kill,66.18
Rogue+Warlock_vs_Warrior+Hunter,Rogue+Warlock,Warrior+Hunter,0,team2,kill,19.12
Rogue+Warlock_vs_Warrior+Hunter,Rogue+Warlock,Warrior+Hunter,1,team2,kill,21.42
Rogue+Warlock_vs_Warrior+Hunter,Rogue+Warlock,Warrior+Hunter,2,team2,kill,17.62
Rogue+Warlock_vs_Warrior+Hunter,Rogue+Warlock,Warrior+Hunter,3,team2,kill,21.38
Rogue+Warlock_vs_Warrior+Hunter,Rogue+Warlock,Warrior+Hunter,4,team2,kill,19.12
Rogue+Warlock_vs_Warrior+Hunter,Rogue+Warlock,Warrior+Hunter,5,team2,kill,21.42
Rogue+Warlock_vs_Warrior+Hunter,Rogue+Warlock,Warrior+Hunter,6,team2,kill,21.42
Rogue+Warlock_vs_Warrior+Hunter,Rogue+Warlock,Warrior+Hunter,7,team2,kill,20.38
Rogue+Warlock_vs_Warrior+Hunter,Rogue+Warlock,Warrior+Hunter,8,team2,kill,21.38
Rogue+Warlock_vs_Warrior+Hunter,Rogue+Warlock,Warrior+Hunter,9,team2,kill,21.35
Rogue+Warlock_vs_Mage+Hunter,Rogue+Warlock,Mage+Hunter,0,team2,kill,25.35
Rogue+Warlock_vs_Mage+Hunter,Rogue+Warlock,Mage+Hunter,1,team1,kill,28.05
Rogue+Warlock_vs_Mage+Hunter,Rogue+Warlock,Mage+Hunter,2,team2,kill,23.03
Rogue+Warlock_vs_Mage+Hunter,Rogue+Warlock,Mage+Hunter,3,team1,kill,23.50
Rogue+Warlock_vs_Mage+Hunter,Rogue+Warlock,Mage+Hunter,4,team2,kill,18.20
Rogue+Warlock_vs_Mage+Hunter,Rogue+Warlock,Mage+Hunter,5,team1,kill,18.82
Rogue+Warlock_vs_Mage+Hunter,Rogue+Warlock,Mage+Hunter,6,team2,kill,23.25
Rogue+Warlock_vs_Mage+Hunter,Rogue+Warlock,Mage+Hunter,7,team2,kill,23.10
Rogue+Warlock_vs_Mage+Hunter,Rogue+Warlock,Mage+Hunter,8,team1,kill,18.82
Rogue+Warlock_vs_Mage+Hunter,Rogue+Warlock,Mage+Hunter,9,team2,kill,23.25
Rogue+Warlock_vs_Rogue+Hunter,Rogue+Warlock,Rogue+Hunter,0,team1,kill,21.48
Rogue+Warlock_vs_Rogue+Hunter,Rogue+Warlock,Rogue+Hunter,1,team2,kill,19.58
Rogue+Warlock_vs_Rogue+Hunter,Rogue+Warlock,Rogue+Hunter,2,team1,kill,22.48
Rogue+Warlock_vs_Rogue+Hunter,Rogue+Warlock,Rogue+Hunter,3,team2,kill,23.32
Rogue+Warlock_vs_Rogue+Hunter,Rogue+Warlock,Rogue+Hunter,4,team1,kill,21.33
Rogue+Warlock_vs_Rogue+Hunter,Rogue+Warlock,Rogue+Hunter,5,team1,kill,22.48
Rogue+Warlock_vs_Rogue+Hunter,Rogue+Warlock,Rogue+Hunter,6,team1,kill,21.18
Rogue+Warlock_vs_Rogue+Hunter,Rogue+Warlock,Rogue+Hunter,7,team1,kill,20.48
Rogue+Warlock_vs_Rogue+Hunter,Rogue+Warlock,Rogue+Hunter,8,team1,kill,20.48
Rogue+Warlock_vs_Rogue+Hunter,Rogue+Warlock,Rogue+Hunter,9,team1,kill,21.42
Rogue+Warlock_vs_Priest+Hunter,Rogue+Warlock,Priest+Hunter,0,team1,kill,44.10
Rogue+Warlock_vs_Priest+Hunter,Rogue+Warlock,Priest+Hunter,1,team1,kill,38.77
Rogue+Warlock_vs_Priest+Hunter,Rogue+Warlock,Priest+Hunter,2,team1,kill,25.82
Rogue+Warlock_vs_Priest+Hunter,Rogue+Warlock,Priest+Hunter,3,team1,kill,26.30
Rogue+Warlock_vs_Priest+Hunter,Rogue+Warlock,Priest+Hunter,4,team2,kill,30.37
Rogue+Warlock_vs_Priest+Hunter,Rogue+Warlock,Priest+Hunter,5,team2,kill,25.53
Rogue+Warlock_vs_Priest+Hunter,Rogue+Warlock,Priest+Hunter,6,team2,kill,33.93
Rogue+Warlock_vs_Priest+Hunter,Rogue+Warlock,Priest+Hunter,7,team1,kill,43.22
Rogue+Warlock_vs_Priest+Hunter,Rogue+Warlock,Priest+Hunter,8,team1,kill,30.32
Rogue+Warlock_vs_Priest+Hunter,Rogue+Warlock,Priest+Hunter,9,team1,kill,43.22
Rogue+Warlock_vs_Warlock+Paladin,Rogue+Warlock,Warlock+Paladin,0,team1,kill,53.90
Rogue+Warlock_vs_Warlock+Paladin,Rogue+Warlock,Warlock+Paladin,1,team2,kill,50.23
Rogue+Warlock_vs_Warlock+Paladin,Rogue+Warlock,Warlock+Paladin,2,team2,kill,50.17
Rogue+Warlock_vs_Warlock+Paladin,Rogue+Warlock,Warlock+Paladin,3,team1,kill,60.72
Rogue+Warlock_vs_Warlock+Paladin,Rogue+Warlock,Warlock+Paladin,4,team2,kill,51.12
Rogue+Warlock_vs_Warlock+Paladin,Rogue+Warlock,Warlock+Paladin,5,team2,kill,51.27
Rogue+Warlock_vs_Warlock+Paladin,Rogue+Warlock,Warlock+Paladin,6,team1,kill,54.33
Rogue+Warlock_vs_Warlock+Paladin,Rogue+Warlock,Warlock+Paladin,7,team2,kill,44.75
Rogue+Warlock_vs_Warlock+Paladin,Rogue+Warlock,Warlock+Paladin,8,team2,kill,47.00
Rogue+Warlock_vs_Warlock+Paladin,Rogue+Warlock,Warlock+Paladin,9,team1,kill,58.83
Rogue+Warlock_vs_Warlock+Hunter,Rogue+Warlock,Warlock+Hunter,0,team2,kill,23.08
Rogue+Warlock_vs_Warlock+Hunter,Rogue+Warlock,Warlock+Hunter,1,team2,kill,25.17
Rogue+Warlock_vs_Warlock+Hunter,Rogue+Warlock,Warlock+Hunter,2,team2,kill,22.88
Rogue+Warlock_vs_Warlock+Hunter,Rogue+Warlock,Warlock+Hunter,3,team2,kill,23.05
Rogue+Warlock_vs_Warlock+Hunter,Rogue+Warlock,Warlock+Hunter,4,team2,kill,23.52
Rogue+Warlock_vs_Warlock+Hunter,Rogue+Warlock,Warlock+Hunter,5,team2,kill,22.72
Rogue+Warlock_vs_Warlock+Hunter,Rogue+Warlock,Warlock+Hunter,6,team2,kill,23.52
Rogue+Warlock_vs_Warlock+Hunter,Rogue+Warlock,Warlock+Hunter,7,team2,kill,23.08
Rogue+Warlock_vs_Warlock+Hunter,Rogue+Warlock,Warlock+Hunter,8,team2,kill,23.07
Rogue+Warlock_vs_Warlock+Hunter,Rogue+Warlock,Warlock+Hunter,9,team2,kill,23.52
Rogue+Warlock_vs_Paladin+Hunter,Rogue+Warlock,Paladin+Hunter,0,team1,kill,34.90
Rogue+Warlock_vs_Paladin+Hunter,Rogue+Warlock,Paladin+Hunter,1,team2,kill,47.90
Rogue+Warlock_vs_Paladin+Hunter,Rogue+Warlock,Paladin+Hunter,2,team2,kill,33.93
Rogue+Warlock_vs_Paladin+Hunter,Rogue+Warlock,Paladin+Hunter,3,team1,kill,45.50
Rogue+Warlock_vs_Paladin+Hunter,Rogue+Warlock,Paladin+Hunter,4,team2,kill,34.02
Rogue+Warlock_vs_Paladin+Hunter,Rogue+Warlock,Paladin+Hunter,5,team2,kill,34.62
Rogue+Warlock_vs_Paladin+Hunter,Rogue+Warlock,Paladin+Hunter,6,team2,kill,32.52
Rogue+Warlock_vs_Paladin+Hunter,Rogue+Warlock,Paladin+Hunter,7,team2,kill,33.77
Rogue+Warlock_vs_Paladin+Hunter,Rogue+Warlock,Paladin+Hunter,8,team2,kill,34.10
Rogue+Warlock_vs_Paladin+Hunter,Rogue+Warlock,Paladin+Hunter,9,team2,kill,53.30
Rogue+Warlock_vs_Hunter+Shaman,Rogue+Warlock,Hunter+Shaman,0,team2,kill,30.07
Rogue+Warlock_vs_Hunter+Shaman,Rogue+Warlock,Hunter+Shaman,1,team2,kill,30.85
Rogue+Warlock_vs_Hunter+Shaman,Rogue+Warlock,Hunter+Shaman,2,team2,kill,28.60
Rogue+Warlock_vs_Hunter+Shaman,Rogue+Warlock,Hunter+Shaman,3,team2,kill,28.62
Rogue+Warlock_vs_Hunter+Shaman,Rogue+Warlock,Hunter+Shaman,4,team2,kill,27.38
Rogue+Warlock_vs_Hunter+Shaman,Rogue+Warlock,Hunter+Shaman,5,team2,kill,28.60
Rogue+Warlock_vs_Hunter+Shaman,Rogue+Warlock,Hunter+Shaman,6,team2,kill,26.83
Rogue+Warlock_vs_Hunter+Shaman,Rogue+Warlock,Hunter+Shaman,7,team2,kill,28.87
Rogue+Warlock_vs_Hunter+Shaman,Rogue+Warlock,Hunter+Shaman,8,team2,kill,28.87
Rogue+Warlock_vs_Hunter+Shaman,Rogue+Warlock,Hunter+Shaman,9,team2,kill,28.12
Rogue+Paladin_vs_Warrior+Hunter,Rogue+Paladin,Warrior+Hunter,0,team1,kill,69.97
Rogue+Paladin_vs_Warrior+Hunter,Rogue+Paladin,Warrior+Hunter,1,team1,kill,69.47
Rogue+Paladin_vs_Warrior+Hunter,Rogue+Paladin,Warrior+Hunter,2,team1,kill,41.97
Rogue+Paladin_vs_Warrior+Hunter,Rogue+Paladin,Warrior+Hunter,3,team1,kill,74.87
Rogue+Paladin_vs_Warrior+Hunter,Rogue+Paladin,Warrior+Hunter,4,team1,kill,74.32
Rogue+Paladin_vs_Warrior+Hunter,Rogue+Paladin,Warrior+Hunter,5,team1,kill,74.87
Rogue+Paladin_vs_Warrior+Hunter,Rogue+Paladin,Warrior+Hunter,6,team1,kill,73.97
Rogue+Paladin_vs_Warrior+Hunter,Rogue+Paladin,Warrior+Hunter,7,team1,kill,61.32
Rogue+Paladin_vs_Warrior+Hunter,Rogue+Paladin,Warrior+Hunter,8,team1,kill,76.25
Rogue+Paladin_vs_Warrior+Hunter,Rogue+Paladin,Warrior+Hunter,9,team1,kill,80.00
Rogue+Paladin_vs_Warrior+Shaman,Rogue+Paladin,Warrior+Shaman,0,team2,kill,52.77
Rogue+Paladin_vs_Warrior+Shaman,Rogue+Paladin,Warrior+Shaman,1,team1,kill,100.22
Rogue+Paladin_vs_Warrior+Shaman,Rogue+Paladin,Warrior+Shaman,2,team2,kill,68.15
Rogue+Paladin_vs_Warrior+Shaman,Rogue+Paladin,Warrior+Shaman,3,team1,kill,48.52
Rogue+Paladin_vs_Warrior+Shaman,Rogue+Paladin,Warrior+Shaman,4,team1,kill,43.40
Rogue+Paladin_vs_Warrior+Shaman,Rogue+Paladin,Warrior+Shaman,5,team2,kill,58.33
Rogue+Paladin_vs_Warrior+Shaman,Rogue+Paladin,Warrior+Shaman,6,team2,kill,57.60
Rogue+Paladin_vs_Warrior+Shaman,Rogue+Paladin,Warrior+Shaman,7,team2,kill,59.13
Rogue+Paladin_vs_Warrior+Shaman,Rogue+Paladin,Warrior+Shaman,8,team2,kill,52.35
Rogue+Paladin_vs_Warrior+Shaman,Rogue+Paladin,Warrior+Shaman,9,team2,kill,60.02
Rogue+Paladin_vs_Mage+Hunter,Rogue+Paladin,Mage+Hunter,0,team1,kill,50.90
Rogue+Paladin_vs_Mage+Hunter,Rogue+Paladin,Mage+Hunter,1,team1,kill,47.28
Rogue+Paladin_vs_Mage+Hunter,Rogue+Paladin,Mage+Hunter,2,team1,kill,46.77
Rogue+Paladin_vs_Mage+Hunter,Rogue+Paladin,Mage+Hunter,3,team1,kill,49.47
Rogue+Paladin_vs_Mage+Hunter,Rogue+Paladin,Mage+Hunter,4,team1,kill,48.95
Rogue+Paladin_vs_Mage+Hunter,Rogue+Paladin,Mage+Hunter,5,team1,kill,47.47
Rogue+Paladin_vs_Mage+Hunter,Rogue+Paladin,Mage+Hunter,6,team1,kill,36.60
Rogue+Paladin_vs_Mage+Hunter,Rogue+Paladin,Mage+Hunter,7,team1,kill,51.75
Rogue+Paladin_vs_Mage+Hunter,Rogue+Paladin,Mage+Hunter,8,team1,kill,47.28
Rogue+Paladin_vs_Mage+Hunter,Rogue+Paladin,Mage+Hunter,9,team1,kill,46.03
Rogue+Paladin_vs_Rogue+Hunter,Rogue+Paladin,Rogue+Hunter,0,team2,kill,50.37
Rogue+Paladin_vs_Rogue+Hunter,Rogue+Paladin,Rogue+Hunter,1,team2,kill,56.95
Rogue+Paladin_vs_Rogue+Hunter,Rogue+Paladin,Rogue+Hunter,2,team2,kill,63.63
Rogue+Paladin_vs_Rogue+Hunter,Rogue+Paladin,Rogue+Hunter,3,team2,kill,57.42
Rogue+Paladin_vs_Rogue+Hunter,Rogue+Paladin,Rogue+Hunter,4,team2,kill,49.82
Rogue+Paladin_vs_Rogue+Hunter,Rogue+Paladin,Rogue+Hunter,5,team2,kill,51.02
Rogue+Paladin_vs_Rogue+Hunter,Rogue+Paladin,Rogue+Hunter,6,team2,kill,47.75
Rogue+Paladin_vs_Rogue+Hunter,Rogue+Paladin,Rogue+Hunter,7,team2,kill,59.90
Rogue+Paladin_vs_Rogue+Hunter,Rogue+Paladin,Rogue+Hunter,8,team2,kill,52.57
Rogue+Paladin_vs_Rogue+Hunter,Rogue+Paladin,Rogue+Hunter,9,team2,kill,46.87
Rogue+Paladin_vs_Priest+Hunter,Rogue+Paladin,Priest+Hunter,0,team1,kill,40.90
Rogue+Paladin_vs_Priest+Hunter,Rogue+Paladin,Priest+Hunter,1,team1,kill,37.32
Rogue+Paladin_vs_Priest+Hunter,Rogue+Paladin,Priest+Hunter,2,team1,kill,29.83
Rogue+Paladin_vs_Priest+Hunter,Rogue+Paladin,Priest+Hunter,3,team1,kill,62.00
Rogue+Paladin_vs_Priest+Hunter,Rogue+Paladin,Priest+Hunter,4,team1,kill,33.98
Rogue+Paladin_vs_Priest+Hunter,Rogue+Paladin,Priest+Hunter,5,team1,kill,46.58
Rogue+Paladin_vs_Priest+Hunter,Rogue+Paladin,Priest+Hunter,6,team1,kill,64.28
Rogue+Paladin_vs_Priest+Hunter,Rogue+Paladin,Priest+Hunter,7,team1,kill,50.48
Rogue+Paladin_vs_Priest+Hunter,Rogue+Paladin,Priest+Hunter,8,team1,kill,90.32
Rogue+Paladin_vs_Priest+Hunter,Rogue+Paladin,Priest+Hunter,9,team1,kill,38.55
Rogue+Paladin_vs_Warlock+Hunter,Rogue+Paladin,Warlock+Hunter,0,team1,kill,42.55
Rogue+Paladin_vs_Warlock+Hunter,Rogue+Paladin,Warlock+Hunter,1,team1,kill,41.83
Rogue+Paladin_vs_Warlock+Hunter,Rogue+Paladin,Warlock+Hunter,2,team1,kill,44.13
Rogue+Paladin_vs_Warlock+Hunter,Rogue+Paladin,Warlock+Hunter,3,team1,kill,40.90
Rogue+Paladin_vs_Warlock+Hunter,Rogue+Paladin,Warlock+Hunter,4,team1,kill,40.70
Rogue+Paladin_vs_Warlock+Hunter,Rogue+Paladin,Warlock+Hunter,5,team1,kill,49.27
Rogue+Paladin_vs_Warlock+Hunter,Rogue+Paladin,Warlock+Hunter,6,team1,kill,39.72
Rogue+Paladin_vs_Warlock+Hunter,Rogue+Paladin,Warlock+Hunter,7,team1,kill,44.63
Rogue+Paladin_vs_Warlock+Hunter,Rogue+Paladin,Warlock+Hunter,8,team1,kill,45.67
Rogue+Paladin_vs_Warlock+Hunter,Rogue+Paladin,Warlock+Hunter,9,team1,kill,40.77
Rogue+Paladin_vs_Paladin+Hunter,Rogue+Paladin,Paladin+Hunter,0,team1,kill,87.10
Rogue+Paladin_vs_Paladin+Hunter,Rogue+Paladin,Paladin+Hunter,1,team2,kill,135.41
Rogue+Paladin_vs_Paladin+Hunter,Rogue+Paladin,Paladin+Hunter,2,team2,kill,96.94
Rogue+Paladin_vs_Paladin+Hunter,Rogue+Paladin,Paladin+Hunter,3,team2,kill,170.59
Rogue+Paladin_vs_Paladin+Hunter,Rogue+Paladin,Paladin+Hunter,4,team1,kill,72.37
Rogue+Paladin_vs_Paladin+Hunter,Rogue+Paladin,Paladin+Hunter,5,team2,kill,146.99
Rogue+Paladin_vs_Paladin+Hunter,Rogue+Paladin,Paladin+Hunter,6,team2,kill,142.88
Rogue+Paladin_vs_Paladin+Hunter,Rogue+Paladin,Paladin+Hunter,7,team1,kill,88.34
Rogue+Paladin_vs_Paladin+Hunter,Rogue+Paladin,Paladin+Hunter,8,team2,kill,163.77
Rogue+Paladin_vs_Paladin+Hunter,Rogue+Paladin,Paladin+Hunter,9,team1,kill,70.22
Rogue+Paladin_vs_Hunter+Shaman,Rogue+Paladin,Hunter+Shaman,0,team2,kill,76.92
Rogue+Paladin_vs_Hunter+Shaman,Rogue+Paladin,Hunter+Shaman,1,team1,kill,76.54
Rogue+Paladin_vs_Hunter+Shaman,Rogue+Paladin,Hunter+Shaman,2,team1,kill,58.85
Rogue+Paladin_vs_Hunter+Shaman,Rogue+Paladin,Hunter+Shaman,3,team2,kill,93.57
Rogue+Paladin_vs_Hunter+Shaman,Rogue+Paladin,Hunter+Shaman,4,team1,kill,53.23
Rogue+Paladin_vs_Hunter+Shaman,Rogue+Paladin,Hunter+Shaman,5,team1,kill,33.55
Rogue+Paladin_vs_Hunter+Shaman,Rogue+Paladin,Hunter+Shaman,6,team1,kill,64.13
Rogue+Paladin_vs_Hunter+Shaman,Rogue+Paladin,Hunter+Shaman,7,team1,kill,45.18
Rogue+Paladin_vs_Hunter+Shaman,Rogue+Paladin,Hunter+Shaman,8,team1,kill,35.18
Rogue+Paladin_vs_Hunter+Shaman,Rogue+Paladin,Hunter+Shaman,9,team2,kill,113.11
Rogue+Hunter_vs_Warrior+Mage,Rogue+Hunter,Warrior+Mage,0,team2,kill,15.00
Rogue+Hunter_vs_Warrior+Mage,Rogue+Hunter,Warrior+Mage,1,team2,kill,22.93
Rogue+Hunter_vs_Warrior+Mage,Rogue+Hunter,Warrior+Mage,2,team2,kill,29.92
Rogue+Hunter_vs_Warrior+Mage,Rogue+Hunter,Warrior+Mage,3,team2,kill,15.00
Rogue+Hunter_vs_Warrior+Mage,Rogue+Hunter,Warrior+Mage,4,team2,kill,22.60
Rogue+Hunter_vs_Warrior+Mage,Rogue+Hunter,Warrior+Mage,5,team2,kill,23.65
Rogue+Hunter_vs_Warrior+Mage,Rogue+Hunter,Warrior+Mage,6,team2,kill,14.85
Rogue+Hunter_vs_Warrior+Mage,Rogue+Hunter,Warrior+Mage,7,team2,kill,20.20
Rogue+Hunter_vs_Warrior+Mage,Rogue+Hunter,Warrior+Mage,8,team2,kill,22.93
Rogue+Hunter_vs_Warrior+Mage,Rogue+Hunter,Warrior+Mage,9,team1,kill,32.13
Rogue+Hunter_vs_Warrior+Rogue,Rogue+Hunter,Warrior+Rogue,0,team1,kill,20.45
Rogue+Hunter_vs_Warrior+Rogue,Rogue+Hunter,Warrior+Rogue,1,team1,kill,20.47
Rogue+Hunter_vs_Warrior+Rogue,Rogue+Hunter,Warrior+Rogue,2,team1,kill,22.22
Rogue+Hunter_vs_Warrior+Rogue,Rogue+Hunter,Warrior+Rogue,3,team1,kill,20.47
Rogue+Hunter_vs_Warrior+Rogue,Rogue+Hunter,Warrior+Rogue,4,team1,kill,22.22
Rogue+Hunter_vs_Warrior+Rogue,Rogue+Hunter,Warrior+Rogue,5,team1,kill,21.32
Rogue+Hunter_vs_Warrior+Rogue,Rogue+Hunter,Warrior+Rogue,6,team1,kill,20.45
Rogue+Hunter_vs_Warrior+Rogue,Rogue+Hunter,Warrior+Rogue,7,team1,kill,20.45
Rogue+Hunter_vs_Warrior+Rogue,Rogue+Hunter,Warrior+Rogue,8,team1,kill,20.47
Rogue+Hunter_vs_Warrior+Rogue,Rogue+Hunter,Warrior+Rogue,9,team1,kill,19.38
Rogue+Hunter_vs_Warrior+Priest,Rogue+Hunter,Warrior+Priest,0,team1,kill,40.58
Rogue+Hunter_vs_Warrior+Priest,Rogue+Hunter,Warrior+Priest,1,team1,kill,31.77
Rogue+Hunter_vs_Warrior+Priest,Rogue+Hunter,Warrior+Priest,2,team1,kill,34.22
Rogue+Hunter_vs_Warrior+Priest,Rogue+Hunter,Warrior+Priest,3,team1,kill,37.93
Rogue+Hunter_vs_Warrior+Priest,Rogue+Hunter,Warrior+Priest,4,team1,kill,44.63
Rogue+Hunter_vs_Warrior+Priest,Rogue+Hunter,Warrior+Priest,5,team1,kill,35.88
Rogue+Hunter_vs_Warrior+Priest,Rogue+Hunter,Warrior+Priest,6,team1,kill,34.22
Rogue+Hunter_vs_Warrior+Priest,Rogue+Hunter,Warrior+Priest,7,team1,kill,35.72
Rogue+Hunter_vs_Warrior+Priest,Rogue+Hunter,Warrior+Priest,8,team1,kill,35.33
Rogue+Hunter_vs_Warrior+Priest,Rogue+Hunter,Warrior+Priest,9,team1,kill,34.22
Rogue+Hunter_vs_Warrior+Warlock,Rogue+Hunter,Warrior+Warlock,0,team1,kill,25.02
Rogue+Hunter_vs_Warrior+Warlock,Rogue+Hunter,Warrior+Warlock,1,team1,kill,24.62
Rogue+Hunter_vs_Warrior+Warlock,Rogue+Hunter,Warrior+Warlock,2,team1,kill,23.07
Rogue+Hunter_vs_Warrior+Warlock,Rogue+Hunter,Warrior+Warlock,3,team1,kill,25.32
Rogue+Hunter_vs_Warrior+Warlock,Rogue+Hunter,Warrior+Warlock,4,team1,kill,24.27
Rogue+Hunter_vs_Warrior+Warlock,Rogue+Hunter,Warrior+Warlock,5,team1,kill,18.85
Rogue+Hunter_vs_Warrior+Warlock,Rogue+Hunter,Warrior+Warlock,6,team1,kill,21.98
Rogue+Hunter_vs_Warrior+Warlock,Rogue+Hunter,Warrior+Warlock,7,team1,kill,29.07
Rogue+Hunter_vs_Warrior+Warlock,Rogue+Hunter,Warrior+Warlock,8,team1,kill,25.37
Rogue+Hunter_vs_Warrior+Warlock,Rogue+Hunter,Warrior+Warlock,9,team1,kill,23.12
Rogue+Hunter_vs_Warrior+Paladin,Rogue+Hunter,Warrior+Paladin,0,team2,kill,55.03
Rogue+Hunter_vs_Warrior+Paladin,Rogue+Hunter,Warrior+Paladin,1,team2,kill,51.02
Rogue+Hunter_vs_Warrior+Paladin,Rogue+Hunter,Warrior+Paladin,2,team2,kill,56.18
Rogue+Hunter_vs_Warrior+Paladin,Rogue+Hunter,Warrior+Paladin,3,team2,kill,52.53
Rogue+Hunter_vs_Warrior+Paladin,Rogue+Hunter,Warrior+Paladin,4,team2,kill,59.70
Rogue+Hunter_vs_Warrior+Paladin,Rogue+Hunter,Warrior+Paladin,5,team2,kill,36.77
Rogue+Hunter_vs_Warrior+Paladin,Rogue+Hunter,Warrior+Paladin,6,team2,kill,45.32
Rogue+Hunter_vs_Warrior+Paladin,Rogue+Hunter,Warrior+Paladin,7,team2,kill,54.07
Rogue+Hunter_vs_Warrior+Paladin,Rogue+Hunter,Warrior+Paladin,8,team2,kill,52.90
Rogue+Hunter_vs_Warrior+Paladin,Rogue+Hunter,Warrior+Paladin,9,team2,kill,58.82
Rogue+Hunter_vs_Warrior+Hunter,Rogue+Hunter,Warrior+Hunter,0,team2,kill,21.55
Rogue+Hunter_vs_Warrior+Hunter,Rogue+Hunter,Warrior+Hunter,1,team2,kill,19.03
Rogue+Hunter_vs_Warrior+Hunter,Rogue+Hunter,Warrior+Hunter,2,team2,kill,24.07
Rogue+Hunter_vs_Warrior+Hunter,Rogue+Hunter,Warrior+Hunter,3,team2,kill,20.68
Rogue+Hunter_vs_Warrior+Hunter,Rogue+Hunter,Warrior+Hunter,4,team2,kill,21.53
Rogue+Hunter_vs_Warrior+Hunter,Rogue+Hunter,Warrior+Hunter,5,team2,kill,19.03
Rogue+Hunter_vs_Warrior+Hunter,Rogue+Hunter,Warrior+Hunter,6,team2,kill,19.03
Rogue+Hunter_vs_Warrior+Hunter,Rogue+Hunter,Warrior+Hunter,7,team2,kill,23.02
Rogue+Hunter_vs_Warrior+Hunter,Rogue+Hunter,Warrior+Hunter,8,team2,kill,21.55
Rogue+Hunter_vs_Warrior+Hunter,Rogue+Hunter,Warrior+Hunter,9,team2,kill,20.68
Rogue+Hunter_vs_Warrior+Shaman,Rogue+Hunter,Warrior+Shaman,0,team1,kill,29.92
Rogue+Hunter_vs_Warrior+Shaman,Rogue+Hunter,Warrior+Shaman,1,team1,kill,30.82
Rogue+Hunter_vs_Warrior+Shaman,Rogue+Hunter,Warrior+Shaman,2,team1,kill,37.73
Rogue+Hunter_vs_Warrior+Shaman,Rogue+Hunter,Warrior+Shaman,3,team1,kill,27.20
Rogue+Hunter_vs_Warrior+Shaman,Rogue+Hunter,Warrior+Shaman,4,team1,kill,28.57
Rogue+Hunter_vs_Warrior+Shaman,Rogue+Hunter,Warrior+Shaman,5,team1,kill,20.92
Rogue+Hunter_vs_Warrior+Shaman,Rogue+Hunter,Warrior+Shaman,6,team1,kill,31.37
Rogue+Hunter_vs_Warrior+Shaman,Rogue+Hunter,Warrior+Shaman,7,team1,kill,34.95
Rogue+Hunter_vs_Warrior+Shaman,Rogue+Hunter,Warrior+Shaman,8,team1,kill,20.43
Rogue+Hunter_vs_Warrior+Shaman,Rogue+Hunter,Warrior+Shaman,9,team1,kill,36.33
Rogue+Hunter_vs_Mage+Rogue,Rogue+Hunter,Mage+Rogue,0,team1,kill,29.72
Rogue+Hunter_vs_Mage+Rogue,Rogue+Hunter,Mage+Rogue,1,team1,kill,25.53
Rogue+Hunter_vs_Mage+Rogue,Rogue+Hunter,Mage+Rogue,2,team1,kill,21.25
Rogue+Hunter_vs_Mage+Rogue,Rogue+Hunter,Mage+Rogue,3,team1,kill,26.43
Rogue+Hunter_vs_Mage+Rogue,Rogue+Hunter,Mage+Rogue,4,team1,kill,25.55
Rogue+Hunter_vs_Mage+Rogue,Rogue+Hunter,Mage+Rogue,5,team1,kill,25.55
Rogue+Hunter_vs_Mage+Rogue,Rogue+Hunter,Mage+Rogue,6,team1,kill,23.32
Rogue+Hunter_vs_Mage+Rogue,Rogue+Hunter,Mage+Rogue,7,team1,kill,31.13
Rogue+Hunter_vs_Mage+Rogue,Rogue+Hunter,Mage+Rogue,8,team1,kill,31.13
Rogue+Hunter_vs_Mage+Rogue,Rogue+Hunter,Mage+Rogue,9,team1,kill,30.52
Rogue+Hunter_vs_Mage+Priest,Rogue+Hunter,Mage+Priest,0,team2,kill,24.45
Rogue+Hunter_vs_Mage+Priest,Rogue+Hunter,Mage+Priest,1,team2,kill,24.45
Rogue+Hunter_vs_Mage+Priest,Rogue+Hunter,Mage+Priest,2,team2,kill,24.45
Rogue+Hunter_vs_Mage+Priest,Rogue+Hunter,Mage+Priest,3,team2,kill,24.45
Rogue+Hunter_vs_Mage+Priest,Rogue+Hunter,Mage+Priest,4,team2,kill,30.18
Rogue+Hunter_vs_Mage+Priest,Rogue+Hunter,Mage+Priest,5,team2,kill,24.30
Rogue+Hunter_vs_Mage+Priest,Rogue+Hunter,Mage+Priest,6,team2,kill,24.45
Rogue+Hunter_vs_Mage+Priest,Rogue+Hunter,Mage+Priest,7,team2,kill,24.45
Rogue+Hunter_vs_Mage+Priest,Rogue+Hunter,Mage+Priest,8,team2,kill,24.45
Rogue+Hunter_vs_Mage+Priest,Rogue+Hunter,Mage+Priest,9,team2,kill,24.45
Rogue+Hunter_vs_Mage+Warlock,Rogue+Hunter,Mage+Warlock,0,team2,kill,21.28
Rogue+Hunter_vs_Mage+Warlock,Rogue+Hunter,Mage+Warlock,1,team2,kill,18.27
Rogue+Hunter_vs_Mage+Warlock,Rogue+Hunter,Mage+Warlock,2,team2,kill,24.53
Rogue+Hunter_vs_Mage+Warlock,Rogue+Hunter,Mage+Warlock,3,team2,kill,22.85
Rogue+Hunter_vs_Mage+Warlock,Rogue+Hunter,Mage+Warlock,4,team2,kill,22.82
Rogue+Hunter_vs_Mage+Warlock,Rogue+Hunter,Mage+Warlock,5,team2,kill,22.28
Rogue+Hunter_vs_Mage+Warlock,Rogue+Hunter,Mage+Warlock,6,team2,kill,25.83
Rogue+Hunter_vs_Mage+Warlock,Rogue+Hunter,Mage+Warlock,7,team2,kill,22.35
Rogue+Hunter_vs_Mage+Warlock,Rogue+Hunter,Mage+Warlock,8,team2,kill,25.48
Rogue+Hunter_vs_Mage+Warlock,Rogue+Hunter,Mage+Warlock,9,team2,kill,27.67
Rogue+Hunter_vs_Mage+Paladin,Rogue+Hunter,Mage+Paladin,0,team2,kill,34.77
Rogue+Hunter_vs_Mage+Paladin,Rogue+Hunter,Mage+Paladin,1,team2,kill,32.90
Rogue+Hunter_vs_Mage+Paladin,Rogue+Hunter,Mage+Paladin,2,team2,kill,35.93
Rogue+Hunter_vs_Mage+Paladin,Rogue+Hunter,Mage+Paladin,3,team2,kill,34.42
Rogue+Hunter_vs_Mage+Paladin,Rogue+Hunter,Mage+Paladin,4,team2,kill,34.45
Rogue+Hunter_vs_Mage+Paladin,Rogue+Hunter,Mage+Paladin,5,team2,kill,33.25
Rogue+Hunter_vs_Mage+Paladin,Rogue+Hunter,Mage+Paladin,6,team2,kill,34.42
Rogue+Hunter_vs_Mage+Paladin,Rogue+Hunter,Mage+Paladin,7,team2,kill,33.25
Rogue+Hunter_vs_Mage+Paladin,Rogue+Hunter,Mage+Paladin,8,team2,kill,33.65
Rogue+Hunter_vs_Mage+Paladin,Rogue+Hunter,Mage+Paladin,9,team2,kill,35.92
Rogue+Hunter_vs_Mage+Hunter,Rogue+Hunter,Mage+Hunter,0,team2,kill,17.38
Rogue+Hunter_vs_Mage+Hunter,Rogue+Hunter,Mage+Hunter,1,team2,kill,17.38
Rogue+Hunter_vs_Mage+Hunter,Rogue+Hunter,Mage+Hunter,2,team2,kill,17.40
Rogue+Hunter_vs_Mage+Hunter,Rogue+Hunter,Mage+Hunter,3,team2,kill,17.38
Rogue+Hunter_vs_Mage+Hunter,Rogue+Hunter,Mage+Hunter,4,team2,kill,17.38
Rogue+Hunter_vs_Mage+Hunter,Rogue+Hunter,Mage+Hunter,5,team2,kill,17.38
Rogue+Hunter_vs_Mage+Hunter,Rogue+Hunter,Mage+Hunter,6,team2,kill,17.40
Rogue+Hunter_vs_Mage+Hunter,Rogue+Hunter,Mage+Hunter,7,team2,kill,17.40
Rogue+Hunter_vs_Mage+Hunter,Rogue+Hunter,Mage+Hunter,8,team2,kill,17.38
Rogue+Hunter_vs_Mage+Hunter,Rogue+Hunter,Mage+Hunter,9,team2,kill,17.40
Rogue+Hunter_vs_Mage+Shaman,Rogue+Hunter,Mage+Shaman,0,team2,kill,18.22
Rogue+Hunter_vs_Mage+Shaman,Rogue+Hunter,Mage+Shaman,1,team2,kill,18.22
Rogue+Hunter_vs_Mage+Shaman,Rogue+Hunter,Mage+Shaman,2,team2,kill,18.22
Rogue+Hunter_vs_Mage+Shaman,Rogue+Hunter,Mage+Shaman,3,team2,kill,13.52
Rogue+Hunter_vs_Mage+Shaman,Rogue+Hunter,Mage+Shaman,4,team2,kill,18.22
Rogue+Hunter_vs_Mage+Shaman,Rogue+Hunter,Mage+Shaman,5,team2,kill,18.22
Rogue+Hunter_vs_Mage+Shaman,Rogue+Hunter,Mage+Shaman,6,team2,kill,13.53
Rogue+Hunter_vs_Mage+Shaman,Rogue+Hunter,Mage+Shaman,7,team2,kill,13.53
Rogue+Hunter_vs_Mage+Shaman,Rogue+Hunter,Mage+Shaman,8,team2,kill,19.60
Rogue+Hunter_vs_Mage+Shaman,Rogue+Hunter,Mage+Shaman,9,team2,kill,15.82
Rogue+Hunter_vs_Rogue+Priest,Rogue+Hunter,Rogue+Priest,0,team2,kill,24.48
Rogue+Hunter_vs_Rogue+Priest,Rogue+Hunter,Rogue+Priest,1,team2,kill,24.05
Rogue+Hunter_vs_Rogue+Priest,Rogue+Hunter,Rogue+Priest,2,team2,kill,19.82
Rogue+Hunter_vs_Rogue+Priest,Rogue+Hunter,Rogue+Priest,3,team2,kill,24.07
Rogue+Hunter_vs_Rogue+Priest,Rogue+Hunter,Rogue+Priest,4,team2,kill,20.88
Rogue+Hunter_vs_Rogue+Priest,Rogue+Hunter,Rogue+Priest,5,team2,kill,24.07
Rogue+Hunter_vs_Rogue+Priest,Rogue+Hunter,Rogue+Priest,6,team2,kill,22.08
Rogue+Hunter_vs_Rogue+Priest,Rogue+Hunter,Rogue+Priest,7,team2,kill,23.25
Rogue+Hunter_vs_Rogue+Priest,Rogue+Hunter,Rogue+Priest,8,team2,kill,20.95
Rogue+Hunter_vs_Rogue+Priest,Rogue+Hunter,Rogue+Priest,9,team2,kill,20.95
Rogue+Hunter_vs_Rogue+Warlock,Rogue+Hunter,Rogue+Warlock,0,team2,kill,21.48
Rogue+Hunter_vs_Rogue+Warlock,Rogue+Hunter,Rogue+Warlock,1,team1,kill,19.58
Rogue+Hunter_vs_Rogue+Warlock,Rogue+Hunter,Rogue+Warlock,2,team2,kill,22.48
Rogue+Hunter_vs_Rogue+Warlock,Rogue+Hunter,Rogue+Warlock,3,team1,kill,23.32
Rogue+Hunter_vs_Rogue+Warlock,Rogue+Hunter,Rogue+Warlock,4,team1,kill,21.33
Rogue+Hunter_vs_Rogue+Warlock,Rogue+Hunter,Rogue+Warlock,5,team2,kill,22.48
Rogue+Hunter_vs_Rogue+Warlock,Rogue+Hunter,Rogue+Warlock,6,team2,kill,21.18
Rogue+Hunter_vs_Rogue+Warlock,Rogue+Hunter,Rogue+Warlock,7,team2,kill,20.48
Rogue+Hunter_vs_Rogue+Warlock,Rogue+Hunter,Rogue+Warlock,8,team2,kill,20.48
Rogue+Hunter_vs_Rogue+Warlock,Rogue+Hunter,Rogue+Warlock,9,team2,kill,21.42
Rogue+Hunter_vs_Rogue+Paladin,Rogue+Hunter,Rogue+Paladin,0,team1,kill,50.37
Rogue+Hunter_vs_Rogue+Paladin,Rogue+Hunter,Rogue+Paladin,1,team1,kill,56.95
Rogue+Hunter_vs_Rogue+Paladin,Rogue+Hunter,Rogue+Paladin,2,team1,kill,63.63
Rogue+Hunter_vs_Rogue+Paladin,Rogue+Hunter,Rogue+Paladin,3,team1,kill,57.42
Rogue+Hunter_vs_Rogue+Paladin,Rogue+Hunter,Rogue+Paladin,4,team1,kill,49.82
Rogue+Hunter_vs_Rogue+Paladin,Rogue+Hunter,Rogue+Paladin,5,team1,kill,51.02
Rogue+Hunter_vs_Rogue+Paladin,Rogue+Hunter,Rogue+Paladin,6,team1,kill,47.75
Rogue+Hunter_vs_Rogue+Paladin,Rogue+Hunter,Rogue+Paladin,7,team1,kill,59.90
Rogue+Hunter_vs_Rogue+Paladin,Rogue+Hunter,Rogue+Paladin,8,team1,kill,52.57
Rogue+Hunter_vs_Rogue+Paladin,Rogue+Hunter,Rogue+Paladin,9,team1,kill,46.87
Rogue+Hunter_vs_Rogue+Hunter,Rogue+Hunter,Rogue+Hunter,0,team1,kill,23.05
Rogue+Hunter_vs_Rogue+Hunter,Rogue+Hunter,Rogue+Hunter,1,team2,kill,40.17
Rogue+Hunter_vs_Rogue+Hunter,Rogue+Hunter,Rogue+Hunter,2,team1,kill,19.50
Rogue+Hunter_vs_Rogue+Hunter,Rogue+Hunter,Rogue+Hunter,3,team2,kill,37.98
Rogue+Hunter_vs_Rogue+Hunter,Rogue+Hunter,Rogue+Hunter,4,team1,kill,30.27
Rogue+Hunter_vs_Rogue+Hunter,Rogue+Hunter,Rogue+Hunter,5,team1,kill,23.05
Rogue+Hunter_vs_Rogue+Hunter,Rogue+Hunter,Rogue+Hunter,6,team2,kill,38.75
Rogue+Hunter_vs_Rogue+Hunter,Rogue+Hunter,Rogue+Hunter,7,team1,kill,18.75
Rogue+Hunter_vs_Rogue+Hunter,Rogue+Hunter,Rogue+Hunter,8,team2,kill,40.02
Rogue+Hunter_vs_Rogue+Hunter,Rogue+Hunter,Rogue+Hunter,9,team2,kill,31.78
Rogue+Hunter_vs_Rogue+Shaman,Rogue+Hunter,Rogue+Shaman,0,team1,kill,18.18
Rogue+Hunter_vs_Rogue+Shaman,Rogue+Hunter,Rogue+Shaman,1,team1,kill,19.37
Rogue+Hunter_vs_Rogue+Shaman,Rogue+Hunter,Rogue+Shaman,2,team1,kill,19.28
Rogue+Hunter_vs_Rogue+Shaman,Rogue+Hunter,Rogue+Shaman,3,team1,kill,19.30
Rogue+Hunter_vs_Rogue+Shaman,Rogue+Hunter,Rogue+Shaman,4,team1,kill,18.57
Rogue+Hunter_vs_Rogue+Shaman,Rogue+Hunter,Rogue+Shaman,5,team1,kill,19.53
Rogue+Hunter_vs_Rogue+Shaman,Rogue+Hunter,Rogue+Shaman,6,team1,kill,18.05
Rogue+Hunter_vs_Rogue+Shaman,Rogue+Hunter,Rogue+Shaman,7,team1,kill,18.18
Rogue+Hunter_vs_Rogue+Shaman,Rogue+Hunter,Rogue+Shaman,8,team1,kill,18.57
Rogue+Hunter_vs_Rogue+Shaman,Rogue+Hunter,Rogue+Shaman,9,team1,kill,21.70
Rogue+Hunter_vs_Priest+Warlock,Rogue+Hunter,Priest+Warlock,0,team2,kill,34.75
Rogue+Hunter_vs_Priest+Warlock,Rogue+Hunter,Priest+Warlock,1,team1,kill,27.27
Rogue+Hunter_vs_Priest+Warlock,Rogue+Hunter,Priest+Warlock,2,team1,kill,42.35
Rogue+Hunter_vs_Priest+Warlock,Rogue+Hunter,Priest+Warlock,3,team1,kill,42.73
Rogue+Hunter_vs_Priest+Warlock,Rogue+Hunter,Priest+Warlock,4,team1,kill,27.00
Rogue+Hunter_vs_Priest+Warlock,Rogue+Hunter,Priest+Warlock,5,team1,kill,26.43
Rogue+Hunter_vs_Priest+Warlock,Rogue+Hunter,Priest+Warlock,6,team2,kill,40.67
Rogue+Hunter_vs_Priest+Warlock,Rogue+Hunter,Priest+Warlock,7,team1,kill,27.47
Rogue+Hunter_vs_Priest+Warlock,Rogue+Hunter,Priest+Warlock,8,team2,kill,29.17
Rogue+Hunter_vs_Priest+Warlock,Rogue+Hunter,Priest+Warlock,9,team2,kill,27.28
Rogue+Hunter_vs_Priest+Hunter,Rogue+Hunter,Priest+Hunter,0,team2,kill,21.52
Rogue+Hunter_vs_Priest+Hunter,Rogue+Hunter,Priest+Hunter,1,team2,kill,19.52
Rogue+Hunter_vs_Priest+Hunter,Rogue+Hunter,Priest+Hunter,2,team2,kill,18.70
Rogue+Hunter_vs_Priest+Hunter,Rogue+Hunter,Priest+Hunter,3,team2,kill,22.45
Rogue+Hunter_vs_Priest+Hunter,Rogue+Hunter,Priest+Hunter,4,team2,kill,20.38
Rogue+Hunter_vs_Priest+Hunter,Rogue+Hunter,Priest+Hunter,5,team2,kill,21.60
Rogue+Hunter_vs_Priest+Hunter,Rogue+Hunter,Priest+Hunter,6,team2,kill,20.47
Rogue+Hunter_vs_Priest+Hunter,Rogue+Hunter,Priest+Hunter,7,team2,kill,20.57
Rogue+Hunter_vs_Priest+Hunter,Rogue+Hunter,Priest+Hunter,8,team2,kill,21.58
Rogue+Hunter_vs_Priest+Hunter,Rogue+Hunter,Priest+Hunter,9,team2,kill,19.35
Rogue+Hunter_vs_Warlock+Paladin,Rogue+Hunter,Warlock+Paladin,0,team2,kill,39.13
Rogue+Hunter_vs_Warlock+Paladin,Rogue+Hunter,Warlock+Paladin,1,team2,kill,38.40
Rogue+Hunter_vs_Warlock+Paladin,Rogue+Hunter,Warlock+Paladin,2,team2,kill,31.98
Rogue+Hunter_vs_Warlock+Paladin,Rogue+Hunter,Warlock+Paladin,3,team2,kill,38.30
Rogue+Hunter_vs_Warlock+Paladin,Rogue+Hunter,Warlock+Paladin,4,team2,kill,36.17
Rogue+Hunter_vs_Warlock+Paladin,Rogue+Hunter,Warlock+Paladin,5,team2,kill,35.82
Rogue+Hunter_vs_Warlock+Paladin,Rogue+Hunter,Warlock+Paladin,6,team2,kill,46.37
Rogue+Hunter_vs_Warlock+Paladin,Rogue+Hunter,Warlock+Paladin,7,team2,kill,37.98
Rogue+Hunter_vs_Warlock+Paladin,Rogue+Hunter,Warlock+Paladin,8,team2,kill,35.62
Rogue+Hunter_vs_Warlock+Paladin,Rogue+Hunter,Warlock+Paladin,9,team2,kill,40.90
Rogue+Hunter_vs_Warlock+Hunter,Rogue+Hunter,Warlock+Hunter,0,team2,kill,20.43
Rogue+Hunter_vs_Warlock+Hunter,Rogue+Hunter,Warlock+Hunter,1,team2,kill,19.10
Rogue+Hunter_vs_Warlock+Hunter,Rogue+Hunter,Warlock+Hunter,2,team2,kill,20.43
Rogue+Hunter_vs_Warlock+Hunter,Rogue+Hunter,Warlock+Hunter,3,team2,kill,20.45
Rogue+Hunter_vs_Warlock+Hunter,Rogue+Hunter,Warlock+Hunter,4,team2,kill,18.02
Rogue+Hunter_vs_Warlock+Hunter,Rogue+Hunter,Warlock+Hunter,5,team2,kill,19.92
Rogue+Hunter_vs_Warlock+Hunter,Rogue+Hunter,Warlock+Hunter,6,team2,kill,18.27
Rogue+Hunter_vs_Warlock+Hunter,Rogue+Hunter,Warlock+Hunter,7,team2,kill,20.43
Rogue+Hunter_vs_Warlock+Hunter,Rogue+Hunter,Warlock+Hunter,8,team2,kill,20.43
Rogue+Hunter_vs_Warlock+Hunter,Rogue+Hunter,Warlock+Hunter,9,team2,kill,20.32
Rogue+Hunter_vs_Warlock+Shaman,Rogue+Hunter,Warlock+Shaman,0,team2,kill,20.52
Rogue+Hunter_vs_Warlock+Shaman,Rogue+Hunter,Warlock+Shaman,1,team2,kill,19.60
Rogue+Hunter_vs_Warlock+Shaman,Rogue+Hunter,Warlock+Shaman,2,team2,kill,19.60
Rogue+Hunter_vs_Warlock+Shaman,Rogue+Hunter,Warlock+Shaman,3,team2,kill,20.48
Rogue+Hunter_vs_Warlock+Shaman,Rogue+Hunter,Warlock+Shaman,4,team2,kill,19.60
Rogue+Hunter_vs_Warlock+Shaman,Rogue+Hunter,Warlock+Shaman,5,team2,kill,21.12
Rogue+Hunter_vs_Warlock+Shaman,Rogue+Hunter,Warlock+Shaman,6,team2,kill,25.10
Rogue+Hunter_vs_Warlock+Shaman,Rogue+Hunter,Warlock+Shaman,7,team2,kill,19.60
Rogue+Hunter_vs_Warlock+Shaman,Rogue+Hunter,Warlock+Shaman,8,team2,kill,19.60
Rogue+Hunter_vs_Warlock+Shaman,Rogue+Hunter,Warlock+Shaman,9,team2,kill,19.60
Rogue+Hunter_vs_Paladin+Hunter,Rogue+Hunter,Paladin+Hunter,0,team2,kill,25.35
Rogue+Hunter_vs_Paladin+Hunter,Rogue+Hunter,Paladin+Hunter,1,team2,kill,25.35
Rogue+Hunter_vs_Paladin+Hunter,Rogue+Hunter,Paladin+Hunter,2,team2,kill,23.72
Rogue+Hunter_vs_Paladin+Hunter,Rogue+Hunter,Paladin+Hunter,3,team2,kill,22.93
Rogue+Hunter_vs_Paladin+Hunter,Rogue+Hunter,Paladin+Hunter,4,team2,kill,25.35
Rogue+Hunter_vs_Paladin+Hunter,Rogue+Hunter,Paladin+Hunter,5,team2,kill,25.35
Rogue+Hunter_vs_Paladin+Hunter,Rogue+Hunter,Paladin+Hunter,6,team2,kill,25.15
Rogue+Hunter_vs_Paladin+Hunter,Rogue+Hunter,Paladin+Hunter,7,team2,kill,22.20
Rogue+Hunter_vs_Paladin+Hunter,Rogue+Hunter,Paladin+Hunter,8,team2,kill,22.93
Rogue+Hunter_vs_Paladin+Hunter,Rogue+Hunter,Paladin+Hunter,9,team2,kill,22.93
Rogue+Hunter_vs_Hunter+Shaman,Rogue+Hunter,Hunter+Shaman,0,team2,kill,19.37
Rogue+Hunter_vs_Hunter+Shaman,Rogue+Hunter,Hunter+Shaman,1,team2,kill,19.37
Rogue+Hunter_vs_Hunter+Shaman,Rogue+Hunter,Hunter+Shaman,2,team2,kill,19.37
Rogue+Hunter_vs_Hunter+Shaman,Rogue+Hunter,Hunter+Shaman,3,team2,kill,18.32
Rogue+Hunter_vs_Hunter+Shaman,Rogue+Hunter,Hunter+Shaman,4,team2,kill,19.37
Rogue+Hunter_vs_Hunter+Shaman,Rogue+Hunter,Hunter+Shaman,5,team2,kill,19.37
Rogue+Hunter_vs_Hunter+Shaman,Rogue+Hunter,Hunter+Shaman,6,team2,kill,19.37
Rogue+Hunter_vs_Hunter+Shaman,Rogue+Hunter,Hunter+Shaman,7,team2,kill,16.38
Rogue+Hunter_vs_Hunter+Shaman,Rogue+Hunter,Hunter+Shaman,8,team2,kill,19.37
Rogue+Hunter_vs_Hunter+Shaman,Rogue+Hunter,Hunter+Shaman,9,team2,kill,19.37
Rogue+Shaman_vs_Warrior+Hunter,Rogue+Shaman,Warrior+Hunter,0,team2,kill,35.87
Rogue+Shaman_vs_Warrior+Hunter,Rogue+Shaman,Warrior+Hunter,1,team2,kill,50.65
Rogue+Shaman_vs_Warrior+Hunter,Rogue+Shaman,Warrior+Hunter,2,team2,kill,54.30
Rogue+Shaman_vs_Warrior+Hunter,Rogue+Shaman,Warrior+Hunter,3,team2,kill,48.73
Rogue+Shaman_vs_Warrior+Hunter,Rogue+Shaman,Warrior+Hunter,4,team2,kill,19.85
Rogue+Shaman_vs_Warrior+Hunter,Rogue+Shaman,Warrior+Hunter,5,team2,kill,34.55
Rogue+Shaman_vs_Warrior+Hunter,Rogue+Shaman,Warrior+Hunter,6,team2,kill,27.25
Rogue+Shaman_vs_Warrior+Hunter,Rogue+Shaman,Warrior+Hunter,7,team2,kill,28.90
Rogue+Shaman_vs_Warrior+Hunter,Rogue+Shaman,Warrior+Hunter,8,team2,kill,46.85
Rogue+Shaman_vs_Warrior+Hunter,Rogue+Shaman,Warrior+Hunter,9,team1,kill,51.42
Rogue+Shaman_vs_Mage+Hunter,Rogue+Shaman,Mage+Hunter,0,team2,kill,17.35
Rogue+Shaman_vs_Mage+Hunter,Rogue+Shaman,Mage+Hunter,1,team2,kill,17.72
Rogue+Shaman_vs_Mage+Hunter,Rogue+Shaman,Mage+Hunter,2,team2,kill,17.72
Rogue+Shaman_vs_Mage+Hunter,Rogue+Shaman,Mage+Hunter,3,team2,kill,17.72
Rogue+Shaman_vs_Mage+Hunter,Rogue+Shaman,Mage+Hunter,4,team2,kill,17.72
Rogue+Shaman_vs_Mage+Hunter,Rogue+Shaman,Mage+Hunter,5,team2,kill,17.72
Rogue+Shaman_vs_Mage+Hunter,Rogue+Shaman,Mage+Hunter,6,team2,kill,17.72
Rogue+Shaman_vs_Mage+Hunter,Rogue+Shaman,Mage+Hunter,7,team2,kill,17.72
Rogue+Shaman_vs_Mage+Hunter,Rogue+Shaman,Mage+Hunter,8,team2,kill,16.48
Rogue+Shaman_vs_Mage+Hunter,Rogue+Shaman,Mage+Hunter,9,team2,kill,17.72
Rogue+Shaman_vs_Rogue+Hunter,Rogue+Shaman,Rogue+Hunter,0,team2,kill,18.18
Rogue+Shaman_vs_Rogue+Hunter,Rogue+Shaman,Rogue+Hunter,1,team2,kill,19.37
Rogue+Shaman_vs_Rogue+Hunter,Rogue+Shaman,Rogue+Hunter,2,team2,kill,19.28
Rogue+Shaman_vs_Rogue+Hunter,Rogue+Shaman,Rogue+Hunter,3,team2,kill,19.30
Rogue+Shaman_vs_Rogue+Hunter,Rogue+Shaman,Rogue+Hunter,4,team2,kill,18.57
Rogue+Shaman_vs_Rogue+Hunter,Rogue+Shaman,Rogue+Hunter,5,team2,kill,19.53
Rogue+Shaman_vs_Rogue+Hunter,Rogue+Shaman,Rogue+Hunter,6,team2,kill,18.05
Rogue+Shaman_vs_Rogue+Hunter,Rogue+Shaman,Rogue+Hunter,7,team2,kill,18.18
Rogue+Shaman_vs_Rogue+Hunter,Rogue+Shaman,Rogue+Hunter,8,team2,kill,18.57
Rogue+Shaman_vs_Rogue+Hunter,Rogue+Shaman,Rogue+Hunter,9,team2,kill,21.70
Rogue+Shaman_vs_Priest+Hunter,Rogue+Shaman,Priest+Hunter,0,team1,kill,50.30
Rogue+Shaman_vs_Priest+Hunter,Rogue+Shaman,Priest+Hunter,1,team1,kill,62.63
Rogue+Shaman_vs_Priest+Hunter,Rogue+Shaman,Priest+Hunter,2,team1,kill,59.43
Rogue+Shaman_vs_Priest+Hunter,Rogue+Shaman,Priest+Hunter,3,team1,kill,53.05
Rogue+Shaman_vs_Priest+Hunter,Rogue+Shaman,Priest+Hunter,4,team2,kill,63.52
Rogue+Shaman_vs_Priest+Hunter,Rogue+Shaman,Priest+Hunter,5,team1,kill,41.40
Rogue+Shaman_vs_Priest+Hunter,Rogue+Shaman,Priest+Hunter,6,team2,kill,66.88
Rogue+Shaman_vs_Priest+Hunter,Rogue+Shaman,Priest+Hunter,7,team1,kill,56.15
Rogue+Shaman_vs_Priest+Hunter,Rogue+Shaman,Priest+Hunter,8,team1,kill,69.52
Rogue+Shaman_vs_Priest+Hunter,Rogue+Shaman,Priest+Hunter,9,team1,kill,50.73
Rogue+Shaman_vs_Warlock+Hunter,Rogue+Shaman,Warlock+Hunter,0,team2,kill,38.02
Rogue+Shaman_vs_Warlock+Hunter,Rogue+Shaman,Warlock+Hunter,1,team1,kill,55.55
Rogue+Shaman_vs_Warlock+Hunter,Rogue+Shaman,Warlock+Hunter,2,team1,kill,61.33
Rogue+Shaman_vs_Warlock+Hunter,Rogue+Shaman,Warlock+Hunter,3,team2,kill,37.27
Rogue+Shaman_vs_Warlock+Hunter,Rogue+Shaman,Warlock+Hunter,4,team2,kill,36.78
Rogue+Shaman_vs_Warlock+Hunter,Rogue+Shaman,Warlock+Hunter,5,team1,kill,48.60
Rogue+Shaman_vs_Warlock+Hunter,Rogue+Shaman,Warlock+Hunter,6,team1,kill,62.93
Rogue+Shaman_vs_Warlock+Hunter,Rogue+Shaman,Warlock+Hunter,7,team1,kill,62.20
Rogue+Shaman_vs_Warlock+Hunter,Rogue+Shaman,Warlock+Hunter,8,team1,kill,75.15
Rogue+Shaman_vs_Warlock+Hunter,Rogue+Shaman,Warlock+Hunter,9,team1,kill,49.48
Rogue+Shaman_vs_Paladin+Hunter,Rogue+Shaman,Paladin+Hunter,0,team1,kill,71.15
Rogue+Shaman_vs_Paladin+Hunter,Rogue+Shaman,Paladin+Hunter,1,team1,kill,80.64
Rogue+Shaman_vs_Paladin+Hunter,Rogue+Shaman,Paladin+Hunter,2,team1,kill,73.37
Rogue+Shaman_vs_Paladin+Hunter,Rogue+Shaman,Paladin+Hunter,3,team1,kill,87.12
Rogue+Shaman_vs_Paladin+Hunter,Rogue+Shaman,Paladin+Hunter,4,team1,kill,77.87
Rogue+Shaman_vs_Paladin+Hunter,Rogue+Shaman,Paladin+Hunter,5,team2,kill,68.55
Rogue+Shaman_vs_Paladin+Hunter,Rogue+Shaman,Paladin+Hunter,6,team1,kill,82.10
Rogue+Shaman_vs_Paladin+Hunter,Rogue+Shaman,Paladin+Hunter,7,team1,kill,77.39
Rogue+Shaman_vs_Paladin+Hunter,Rogue+Shaman,Paladin+Hunter,8,team1,kill,75.43
Rogue+Shaman_vs_Paladin+Hunter,Rogue+Shaman,Paladin+Hunter,9,team1,kill,72.87
Rogue+Shaman_vs_Hunter+Shaman,Rogue+Shaman,Hunter+Shaman,0,team1,kill,41.47
Rogue+Shaman_vs_Hunter+Shaman,Rogue+Shaman,Hunter+Shaman,1,team1,kill,42.67
Rogue+Shaman_vs_Hunter+Shaman,Rogue+Shaman,Hunter+Shaman,2,team1,kill,56.50
Rogue+Shaman_vs_Hunter+Shaman,Rogue+Shaman,Hunter+Shaman,3,team2,kill,87.60
Rogue+Shaman_vs_Hunter+Shaman,Rogue+Shaman,Hunter+Shaman,4,team1,kill,39.75
Rogue+Shaman_vs_Hunter+Shaman,Rogue+Shaman,Hunter+Shaman,5,team1,kill,58.02
Rogue+Shaman_vs_Hunter+Shaman,Rogue+Shaman,Hunter+Shaman,6,team1,kill,48.48
Rogue+Shaman_vs_Hunter+Shaman,Rogue+Shaman,Hunter+Shaman,7,team1,kill,41.08
Rogue+Shaman_vs_Hunter+Shaman,Rogue+Shaman,Hunter+Shaman,8,team1,kill,58.95
Rogue+Shaman_vs_Hunter+Shaman,Rogue+Shaman,Hunter+Shaman,9,team1,kill,39.75
Priest+Warlock_vs_Warrior+Hunter,Priest+Warlock,Warrior+Hunter,0,team1,kill,25.80
Priest+Warlock_vs_Warrior+Hunter,Priest+Warlock,Warrior+Hunter,1,team2,kill,24.50
Priest+Warlock_vs_Warrior+Hunter,Priest+Warlock,Warrior+Hunter,2,team1,kill,26.10
Priest+Warlock_vs_Warrior+Hunter,Priest+Warlock,Warrior+Hunter,3,team1,kill,28.53
Priest+Warlock_vs_Warrior+Hunter,Priest+Warlock,Warrior+Hunter,4,team2,kill,21.48
Priest+Warlock_vs_Warrior+Hunter,Priest+Warlock,Warrior+Hunter,5,team2,kill,20.35
Priest+Warlock_vs_Warrior+Hunter,Priest+Warlock,Warrior+Hunter,6,team1,kill,28.80
Priest+Warlock_vs_Warrior+Hunter,Priest+Warlock,Warrior+Hunter,7,team2,kill,24.48
Priest+Warlock_vs_Warrior+Hunter,Priest+Warlock,Warrior+Hunter,8,team1,kill,32.73
Priest+Warlock_vs_Warrior+Hunter,Priest+Warlock,Warrior+Hunter,9,team1,kill,28.80
Priest+Warlock_vs_Mage+Hunter,Priest+Warlock,Mage+Hunter,0,team1,kill,30.82
Priest+Warlock_vs_Mage+Hunter,Priest+Warlock,Mage+Hunter,1,team1,kill,31.03
Priest+Warlock_vs_Mage+Hunter,Priest+Warlock,Mage+Hunter,2,team1,kill,34.67
Priest+Warlock_vs_Mage+Hunter,Priest+Warlock,Mage+Hunter,3,team1,kill,31.68
Priest+Warlock_vs_Mage+Hunter,Priest+Warlock,Mage+Hunter,4,team1,kill,34.67
Priest+Warlock_vs_Mage+Hunter,Priest+Warlock,Mage+Hunter,5,team1,kill,30.60
Priest+Warlock_vs_Mage+Hunter,Priest+Warlock,Mage+Hunter,6,team1,kill,34.67
Priest+Warlock_vs_Mage+Hunter,Priest+Warlock,Mage+Hunter,7,team1,kill,30.22
Priest+Warlock_vs_Mage+Hunter,Priest+Warlock,Mage+Hunter,8,team2,kill,24.00
Priest+Warlock_vs_Mage+Hunter,Priest+Warlock,Mage+Hunter,9,team1,kill,31.25
Priest+Warlock_vs_Rogue+Hunter,Priest+Warlock,Rogue+Hunter,0,team1,kill,25.35
Priest+Warlock_vs_Rogue+Hunter,Priest+Warlock,Rogue+Hunter,1,team2,kill,37.23
Priest+Warlock_vs_Rogue+Hunter,Priest+Warlock,Rogue+Hunter,2,team1,kill,27.05
Priest+Warlock_vs_Rogue+Hunter,Priest+Warlock,Rogue+Hunter,3,team1,kill,29.67
Priest+Warlock_vs_Rogue+Hunter,Priest+Warlock,Rogue+Hunter,4,team1,kill,34.25
Priest+Warlock_vs_Rogue+Hunter,Priest+Warlock,Rogue+Hunter,5,team2,kill,42.18
Priest+Warlock_vs_Rogue+Hunter,Priest+Warlock,Rogue+Hunter,6,team2,kill,27.00
Priest+Warlock_vs_Rogue+Hunter,Priest+Warlock,Rogue+Hunter,7,team2,kill,39.88
Priest+Warlock_vs_Rogue+Hunter,Priest+Warlock,Rogue+Hunter,8,team2,kill,27.97
Priest+Warlock_vs_Rogue+Hunter,Priest+Warlock,Rogue+Hunter,9,team1,kill,30.20
Priest+Warlock_vs_Priest+Hunter,Priest+Warlock,Priest+Hunter,0,team1,kill,38.42
Priest+Warlock_vs_Priest+Hunter,Priest+Warlock,Priest+Hunter,1,team1,kill,47.53
Priest+Warlock_vs_Priest+Hunter,Priest+Warlock,Priest+Hunter,2,team1,kill,45.75
Priest+Warlock_vs_Priest+Hunter,Priest+Warlock,Priest+Hunter,3,team1,kill,38.22
Priest+Warlock_vs_Priest+Hunter,Priest+Warlock,Priest+Hunter,4,team1,kill,53.67
Priest+Warlock_vs_Priest+Hunter,Priest+Warlock,Priest+Hunter,5,team1,kill,45.48
Priest+Warlock_vs_Priest+Hunter,Priest+Warlock,Priest+Hunter,6,team1,kill,191.15
Priest+Warlock_vs_Priest+Hunter,Priest+Warlock,Priest+Hunter,7,team1,kill,38.57
Priest+Warlock_vs_Priest+Hunter,Priest+Warlock,Priest+Hunter,8,team2,kill,52.38
Priest+Warlock_vs_Priest+Hunter,Priest+Warlock,Priest+Hunter,9,team1,kill,52.88
Priest+Warlock_vs_Warlock+Hunter,Priest+Warlock,Warlock+Hunter,0,team1,kill,45.68
Priest+Warlock_vs_Warlock+Hunter,Priest+Warlock,Warlock+Hunter,1,team1,kill,39.30
Priest+Warlock_vs_Warlock+Hunter,Priest+Warlock,Warlock+Hunter,2,team2,kill,42.45
Priest+Warlock_vs_Warlock+Hunter,Priest+Warlock,Warlock+Hunter,3,team2,kill,34.57
Priest+Warlock_vs_Warlock+Hunter,Priest+Warlock,Warlock+Hunter,4,team1,kill,32.80
Priest+Warlock_vs_Warlock+Hunter,Priest+Warlock,Warlock+Hunter,5,team1,kill,42.93
Priest+Warlock_vs_Warlock+Hunter,Priest+Warlock,Warlock+Hunter,6,team1,kill,38.78
Priest+Warlock_vs_Warlock+Hunter,Priest+Warlock,Warlock+Hunter,7,team2,kill,26.93
Priest+Warlock_vs_Warlock+Hunter,Priest+Warlock,Warlock+Hunter,8,team2,kill,33.48
Priest+Warlock_vs_Warlock+Hunter,Priest+Warlock,Warlock+Hunter,9,team1,kill,30.98
Priest+Warlock_vs_Paladin+Hunter,Priest+Warlock,Paladin+Hunter,0,team1,kill,79.72
Priest+Warlock_vs_Paladin+Hunter,Priest+Warlock,Paladin+Hunter,1,team1,kill,68.33
Priest+Warlock_vs_Paladin+Hunter,Priest+Warlock,Paladin+Hunter,2,team1,kill,81.15
Priest+Warlock_vs_Paladin+Hunter,Priest+Warlock,Paladin+Hunter,3,team1,kill,77.35
Priest+Warlock_vs_Paladin+Hunter,Priest+Warlock,Paladin+Hunter,4,team1,kill,64.00
Priest+Warlock_vs_Paladin+Hunter,Priest+Warlock,Paladin+Hunter,5,team1,kill,79.72
Priest+Warlock_vs_Paladin+Hunter,Priest+Warlock,Paladin+Hunter,6,team1,kill,83.44
Priest+Warlock_vs_Paladin+Hunter,Priest+Warlock,Paladin+Hunter,7,team1,kill,73.97
Priest+Warlock_vs_Paladin+Hunter,Priest+Warlock,Paladin+Hunter,8,team1,kill,78.64
Priest+Warlock_vs_Paladin+Hunter,Priest+Warlock,Paladin+Hunter,9,team1,kill,78.69
Priest+Warlock_vs_Hunter+Shaman,Priest+Warlock,Hunter+Shaman,0,team1,kill,65.22
Priest+Warlock_vs_Hunter+Shaman,Priest+Warlock,Hunter+Shaman,1,team1,kill,25.55
Priest+Warlock_vs_Hunter+Shaman,Priest+Warlock,Hunter+Shaman,2,team1,kill,32.60
Priest+Warlock_vs_Hunter+Shaman,Priest+Warlock,Hunter+Shaman,3,team1,kill,41.92
Priest+Warlock_vs_Hunter+Shaman,Priest+Warlock,Hunter+Shaman,4,team1,kill,57.42
Priest+Warlock_vs_Hunter+Shaman,Priest+Warlock,Hunter+Shaman,5,team1,kill,29.55
Priest+Warlock_vs_Hunter+Shaman,Priest+Warlock,Hunter+Shaman,6,team1,kill,53.23
Priest+Warlock_vs_Hunter+Shaman,Priest+Warlock,Hunter+Shaman,7,team1,kill,33.73
Priest+Warlock_vs_Hunter+Shaman,Priest+Warlock,Hunter+Shaman,8,team1,kill,32.88
Priest+Warlock_vs_Hunter+Shaman,Priest+Warlock,Hunter+Shaman,9,team1,kill,37.97
Priest+Hunter_vs_Warrior+Mage,Priest+Hunter,Warrior+Mage,0,team2,kill,24.77
Priest+Hunter_vs_Warrior+Mage,Priest+Hunter,Warrior+Mage,1,team2,kill,24.13
Priest+Hunter_vs_Warrior+Mage,Priest+Hunter,Warrior+Mage,2,team2,kill,26.50
Priest+Hunter_vs_Warrior+Mage,Priest+Hunter,Warrior+Mage,3,team2,kill,21.08
Priest+Hunter_vs_Warrior+Mage,Priest+Hunter,Warrior+Mage,4,team2,kill,30.83
Priest+Hunter_vs_Warrior+Mage,Priest+Hunter,Warrior+Mage,5,team2,kill,24.13
Priest+Hunter_vs_Warrior+Mage,Priest+Hunter,Warrior+Mage,6,team2,kill,24.77
Priest+Hunter_vs_Warrior+Mage,Priest+Hunter,Warrior+Mage,7,team1,kill,24.48
Priest+Hunter_vs_Warrior+Mage,Priest+Hunter,Warrior+Mage,8,team2,kill,21.02
Priest+Hunter_vs_Warrior+Mage,Priest+Hunter,Warrior+Mage,9,team2,kill,30.83
Priest+Hunter_vs_Warrior+Rogue,Priest+Hunter,Warrior+Rogue,0,team1,kill,22.95
Priest+Hunter_vs_Warrior+Rogue,Priest+Hunter,Warrior+Rogue,1,team1,kill,22.83
Priest+Hunter_vs_Warrior+Rogue,Priest+Hunter,Warrior+Rogue,2,team1,kill,19.60
Priest+Hunter_vs_Warrior+Rogue,Priest+Hunter,Warrior+Rogue,3,team1,kill,22.83
Priest+Hunter_vs_Warrior+Rogue,Priest+Hunter,Warrior+Rogue,4,team1,kill,20.68
Priest+Hunter_vs_Warrior+Rogue,Priest+Hunter,Warrior+Rogue,5,team1,kill,20.53
Priest+Hunter_vs_Warrior+Rogue,Priest+Hunter,Warrior+Rogue,6,team1,kill,22.95
Priest+Hunter_vs_Warrior+Rogue,Priest+Hunter,Warrior+Rogue,7,team1,kill,20.08
Priest+Hunter_vs_Warrior+Rogue,Priest+Hunter,Warrior+Rogue,8,team1,kill,22.95
Priest+Hunter_vs_Warrior+Rogue,Priest+Hunter,Warrior+Rogue,9,team1,kill,21.58
Priest+Hunter_vs_Warrior+Priest,Priest+Hunter,Warrior+Priest,0,team2,kill,61.70
Priest+Hunter_vs_Warrior+Priest,Priest+Hunter,Warrior+Priest,1,team2,kill,58.67
Priest+Hunter_vs_Warrior+Priest,Priest+Hunter,Warrior+Priest,2,team2,kill,58.97
Priest+Hunter_vs_Warrior+Priest,Priest+Hunter,Warrior+Priest,3,team2,kill,46.28
Priest+Hunter_vs_Warrior+Priest,Priest+Hunter,Warrior+Priest,4,team2,kill,59.25
Priest+Hunter_vs_Warrior+Priest,Priest+Hunter,Warrior+Priest,5,team2,kill,58.72
Priest+Hunter_vs_Warrior+Priest,Priest+Hunter,Warrior+Priest,6,team2,kill,43.12
Priest+Hunter_vs_Warrior+Priest,Priest+Hunter,Warrior+Priest,7,team2,kill,35.77
Priest+Hunter_vs_Warrior+Priest,Priest+Hunter,Warrior+Priest,8,team2,kill,40.18
Priest+Hunter_vs_Warrior+Priest,Priest+Hunter,Warrior+Priest,9,team2,kill,49.80
Priest+Hunter_vs_Warrior+Warlock,Priest+Hunter,Warrior+Warlock,0,team2,kill,55.08
Priest+Hunter_vs_Warrior+Warlock,Priest+Hunter,Warrior+Warlock,1,team1,kill,39.52
Priest+Hunter_vs_Warrior+Warlock,Priest+Hunter,Warrior+Warlock,2,team2,kill,32.90
Priest+Hunter_vs_Warrior+Warlock,Priest+Hunter,Warrior+Warlock,3,team1,kill,36.20
Priest+Hunter_vs_Warrior+Warlock,Priest+Hunter,Warrior+Warlock,4,team1,kill,29.72
Priest+Hunter_vs_Warrior+Warlock,Priest+Hunter,Warrior+Warlock,5,team1,kill,36.20
Priest+Hunter_vs_Warrior+Warlock,Priest+Hunter,Warrior+Warlock,6,team2,kill,34.67
Priest+Hunter_vs_Warrior+Warlock,Priest+Hunter,Warrior+Warlock,7,team1,kill,39.75
Priest+Hunter_vs_Warrior+Warlock,Priest+Hunter,Warrior+Warlock,8,team1,kill,29.72
Priest+Hunter_vs_Warrior+Warlock,Priest+Hunter,Warrior+Warlock,9,team2,kill,34.78
Priest+Hunter_vs_Warrior+Paladin,Priest+Hunter,Warrior+Paladin,0,team2,kill,53.57
Priest+Hunter_vs_Warrior+Paladin,Priest+Hunter,Warrior+Paladin,1,team2,kill,80.24
Priest+Hunter_vs_Warrior+Paladin,Priest+Hunter,Warrior+Paladin,2,team2,kill,51.97
Priest+Hunter_vs_Warrior+Paladin,Priest+Hunter,Warrior+Paladin,3,team2,kill,38.37
Priest+Hunter_vs_Warrior+Paladin,Priest+Hunter,Warrior+Paladin,4,team2,kill,36.48
Priest+Hunter_vs_Warrior+Paladin,Priest+Hunter,Warrior+Paladin,5,team2,kill,56.35
Priest+Hunter_vs_Warrior+Paladin,Priest+Hunter,Warrior+Paladin,6,team2,kill,41.27
Priest+Hunter_vs_Warrior+Paladin,Priest+Hunter,Warrior+Paladin,7,team2,kill,44.00
Priest+Hunter_vs_Warrior+Paladin,Priest+Hunter,Warrior+Paladin,8,team2,kill,44.05
Priest+Hunter_vs_Warrior+Paladin,Priest+Hunter,Warrior+Paladin,9,team2,kill,55.88
Priest+Hunter_vs_Warrior+Hunter,Priest+Hunter,Warrior+Hunter,0,team2,kill,21.40
Priest+Hunter_vs_Warrior+Hunter,Priest+Hunter,Warrior+Hunter,1,team2,kill,17.88
Priest+Hunter_vs_Warrior+Hunter,Priest+Hunter,Warrior+Hunter,2,team2,kill,21.40
Priest+Hunter_vs_Warrior+Hunter,Priest+Hunter,Warrior+Hunter,3,team2,kill,25.32
Priest+Hunter_vs_Warrior+Hunter,Priest+Hunter,Warrior+Hunter,4,team2,kill,21.40
Priest+Hunter_vs_Warrior+Hunter,Priest+Hunter,Warrior+Hunter,5,team2,kill,18.10
Priest+Hunter_vs_Warrior+Hunter,Priest+Hunter,Warrior+Hunter,6,team2,kill,20.95
Priest+Hunter_vs_Warrior+Hunter,Priest+Hunter,Warrior+Hunter,7,team2,kill,27.47
Priest+Hunter_vs_Warrior+Hunter,Priest+Hunter,Warrior+Hunter,8,team1,kill,33.52
Priest+Hunter_vs_Warrior+Hunter,Priest+Hunter,Warrior+Hunter,9,team2,kill,25.32
Priest+Hunter_vs_Warrior+Shaman,Priest+Hunter,Warrior+Shaman,0,team1,kill,37.48
Priest+Hunter_vs_Warrior+Shaman,Priest+Hunter,Warrior+Shaman,1,team2,kill,49.20
Priest+Hunter_vs_Warrior+Shaman,Priest+Hunter,Warrior+Shaman,2,team1,kill,36.95
Priest+Hunter_vs_Warrior+Shaman,Priest+Hunter,Warrior+Shaman,3,team2,kill,47.55
Priest+Hunter_vs_Warrior+Shaman,Priest+Hunter,Warrior+Shaman,4,team2,kill,44.75
Priest+Hunter_vs_Warrior+Shaman,Priest+Hunter,Warrior+Shaman,5,team2,kill,58.63
Priest+Hunter_vs_Warrior+Shaman,Priest+Hunter,Warrior+Shaman,6,team1,kill,37.95
Priest+Hunter_vs_Warrior+Shaman,Priest+Hunter,Warrior+Shaman,7,team2,kill,47.55
Priest+Hunter_vs_Warrior+Shaman,Priest+Hunter,Warrior+Shaman,8,team2,kill,47.05
Priest+Hunter_vs_Warrior+Shaman,Priest+Hunter,Warrior+Shaman,9,team2,kill,58.63
Priest+Hunter_vs_Mage+Rogue,Priest+Hunter,Mage+Rogue,0,team1,kill,34.18
Priest+Hunter_vs_Mage+Rogue,Priest+Hunter,Mage+Rogue,1,team1,kill,40.53
Priest+Hunter_vs_Mage+Rogue,Priest+Hunter,Mage+Rogue,2,team1,kill,34.23
Priest+Hunter_vs_Mage+Rogue,Priest+Hunter,Mage+Rogue,3,team1,kill,36.07
Priest+Hunter_vs_Mage+Rogue,Priest+Hunter,Mage+Rogue,4,team2,kill,45.38
Priest+Hunter_vs_Mage+Rogue,Priest+Hunter,Mage+Rogue,5,team2,kill,36.32
Priest+Hunter_vs_Mage+Rogue,Priest+Hunter,Mage+Rogue,6,team2,kill,45.03
Priest+Hunter_vs_Mage+Rogue,Priest+Hunter,Mage+Rogue,7,team1,kill,48.83
Priest+Hunter_vs_Mage+Rogue,Priest+Hunter,Mage+Rogue,8,team2,kill,45.50
Priest+Hunter_vs_Mage+Rogue,Priest+Hunter,Mage+Rogue,9,team1,kill,24.72
Priest+Hunter_vs_Mage+Priest,Priest+Hunter,Mage+Priest,0,team1,kill,47.12
Priest+Hunter_vs_Mage+Priest,Priest+Hunter,Mage+Priest,1,team1,kill,51.95
Priest+Hunter_vs_Mage+Priest,Priest+Hunter,Mage+Priest,2,team1,kill,50.58
Priest+Hunter_vs_Mage+Priest,Priest+Hunter,Mage+Priest,3,team1,kill,47.12
Priest+Hunter_vs_Mage+Priest,Priest+Hunter,Mage+Priest,4,team1,kill,43.12
Priest+Hunter_vs_Mage+Priest,Priest+Hunter,Mage+Priest,5,team1,kill,44.70
Priest+Hunter_vs_Mage+Priest,Priest+Hunter,Mage+Priest,6,team1,kill,49.58
Priest+Hunter_vs_Mage+Priest,Priest+Hunter,Mage+Priest,7,team1,kill,46.23
Priest+Hunter_vs_Mage+Priest,Priest+Hunter,Mage+Priest,8,team1,kill,51.95
Priest+Hunter_vs_Mage+Priest,Priest+Hunter,Mage+Priest,9,team1,kill,52.12
Priest+Hunter_vs_Mage+Warlock,Priest+Hunter,Mage+Warlock,0,team2,kill,18.95
Priest+Hunter_vs_Mage+Warlock,Priest+Hunter,Mage+Warlock,1,team2,kill,18.95
Priest+Hunter_vs_Mage+Warlock,Priest+Hunter,Mage+Warlock,2,team2,kill,20.47
Priest+Hunter_vs_Mage+Warlock,Priest+Hunter,Mage+Warlock,3,team2,kill,17.72
Priest+Hunter_vs_Mage+Warlock,Priest+Hunter,Mage+Warlock,4,team2,kill,18.95
Priest+Hunter_vs_Mage+Warlock,Priest+Hunter,Mage+Warlock,5,team2,kill,17.45
Priest+Hunter_vs_Mage+Warlock,Priest+Hunter,Mage+Warlock,6,team2,kill,17.65
Priest+Hunter_vs_Mage+Warlock,Priest+Hunter,Mage+Warlock,7,team2,kill,17.75
Priest+Hunter_vs_Mage+Warlock,Priest+Hunter,Mage+Warlock,8,team2,kill,17.75
Priest+Hunter_vs_Mage+Warlock,Priest+Hunter,Mage+Warlock,9,team2,kill,20.47
Priest+Hunter_vs_Mage+Paladin,Priest+Hunter,Mage+Paladin,0,team2,kill,85.65
Priest+Hunter_vs_Mage+Paladin,Priest+Hunter,Mage+Paladin,1,team1,kill,90.67
Priest+Hunter_vs_Mage+Paladin,Priest+Hunter,Mage+Paladin,2,team2,kill,105.51
Priest+Hunter_vs_Mage+Paladin,Priest+Hunter,Mage+Paladin,3,team2,kill,114.81
Priest+Hunter_vs_Mage+Paladin,Priest+Hunter,Mage+Paladin,4,team2,kill,123.33
Priest+Hunter_vs_Mage+Paladin,Priest+Hunter,Mage+Paladin,5,team2,kill,111.39
Priest+Hunter_vs_Mage+Paladin,Priest+Hunter,Mage+Paladin,6,team2,kill,88.44
Priest+Hunter_vs_Mage+Paladin,Priest+Hunter,Mage+Paladin,7,team2,kill,97.32
Priest+Hunter_vs_Mage+Paladin,Priest+Hunter,Mage+Paladin,8,team2,kill,101.67
Priest+Hunter_vs_Mage+Paladin,Priest+Hunter,Mage+Paladin,9,team2,kill,101.62
Priest+Hunter_vs_Mage+Hunter,Priest+Hunter,Mage+Hunter,0,team1,kill,38.25
Priest+Hunter_vs_Mage+Hunter,Priest+Hunter,Mage+Hunter,1,team2,kill,28.05
Priest+Hunter_vs_Mage+Hunter,Priest+Hunter,Mage+Hunter,2,team2,kill,16.17
Priest+Hunter_vs_Mage+Hunter,Priest+Hunter,Mage+Hunter,3,team2,kill,28.05
Priest+Hunter_vs_Mage+Hunter,Priest+Hunter,Mage+Hunter,4,team2,kill,25.02
Priest+Hunter_vs_Mage+Hunter,Priest+Hunter,Mage+Hunter,5,team1,kill,20.52
Priest+Hunter_vs_Mage+Hunter,Priest+Hunter,Mage+Hunter,6,team2,kill,20.48
Priest+Hunter_vs_Mage+Hunter,Priest+Hunter,Mage+Hunter,7,team2,kill,16.17
Priest+Hunter_vs_Mage+Hunter,Priest+Hunter,Mage+Hunter,8,team2,kill,16.17
Priest+Hunter_vs_Mage+Hunter,Priest+Hunter,Mage+Hunter,9,team1,kill,39.82
Priest+Hunter_vs_Mage+Shaman,Priest+Hunter,Mage+Shaman,0,team2,kill,21.40
Priest+Hunter_vs_Mage+Shaman,Priest+Hunter,Mage+Shaman,1,team2,kill,21.12
Priest+Hunter_vs_Mage+Shaman,Priest+Hunter,Mage+Shaman,2,team2,kill,21.45
Priest+Hunter_vs_Mage+Shaman,Priest+Hunter,Mage+Shaman,3,team2,kill,19.92
Priest+Hunter_vs_Mage+Shaman,Priest+Hunter,Mage+Shaman,4,team2,kill,24.63
Priest+Hunter_vs_Mage+Shaman,Priest+Hunter,Mage+Shaman,5,team2,kill,21.47
Priest+Hunter_vs_Mage+Shaman,Priest+Hunter,Mage+Shaman,6,team2,kill,21.38
Priest+Hunter_vs_Mage+Shaman,Priest+Hunter,Mage+Shaman,7,team2,kill,21.38
Priest+Hunter_vs_Mage+Shaman,Priest+Hunter,Mage+Shaman,8,team2,kill,19.60
Priest+Hunter_vs_Mage+Shaman,Priest+Hunter,Mage+Shaman,9,team2,kill,24.63
Priest+Hunter_vs_Rogue+Priest,Priest+Hunter,Rogue+Priest,0,team1,kill,55.57
Priest+Hunter_vs_Rogue+Priest,Priest+Hunter,Rogue+Priest,1,team1,kill,60.85
Priest+Hunter_vs_Rogue+Priest,Priest+Hunter,Rogue+Priest,2,team2,kill,40.95
Priest+Hunter_vs_Rogue+Priest,Priest+Hunter,Rogue+Priest,3,team2,kill,64.48
Priest+Hunter_vs_Rogue+Priest,Priest+Hunter,Rogue+Priest,4,team1,kill,60.07
Priest+Hunter_vs_Rogue+Priest,Priest+Hunter,Rogue+Priest,5,team1,kill,58.05
Priest+Hunter_vs_Rogue+Priest,Priest+Hunter,Rogue+Priest,6,team2,kill,44.82
Priest+Hunter_vs_Rogue+Priest,Priest+Hunter,Rogue+Priest,7,team1,kill,60.07
Priest+Hunter_vs_Rogue+Priest,Priest+Hunter,Rogue+Priest,8,team2,kill,30.47
Priest+Hunter_vs_Rogue+Priest,Priest+Hunter,Rogue+Priest,9,team2,kill,38.35
Priest+Hunter_vs_Rogue+Warlock,Priest+Hunter,Rogue+Warlock,0,team2,kill,44.12
Priest+Hunter_vs_Rogue+Warlock,Priest+Hunter,Rogue+Warlock,1,team2,kill,38.58
Priest+Hunter_vs_Rogue+Warlock,Priest+Hunter,Rogue+Warlock,2,team2,kill,25.82
Priest+Hunter_vs_Rogue+Warlock,Priest+Hunter,Rogue+Warlock,3,team2,kill,26.30
Priest+Hunter_vs_Rogue+Warlock,Priest+Hunter,Rogue+Warlock,4,team1,kill,30.37
Priest+Hunter_vs_Rogue+Warlock,Priest+Hunter,Rogue+Warlock,5,team1,kill,25.53
Priest+Hunter_vs_Rogue+Warlock,Priest+Hunter,Rogue+Warlock,6,team1,kill,33.93
Priest+Hunter_vs_Rogue+Warlock,Priest+Hunter,Rogue+Warlock,7,team2,kill,43.22
Priest+Hunter_vs_Rogue+Warlock,Priest+Hunter,Rogue+Warlock,8,team2,kill,30.32
Priest+Hunter_vs_Rogue+Warlock,Priest+Hunter,Rogue+Warlock,9,team2,kill,43.22
Priest+Hunter_vs_Rogue+Paladin,Priest+Hunter,Rogue+Paladin,0,team2,kill,40.90
Priest+Hunter_vs_Rogue+Paladin,Priest+Hunter,Rogue+Paladin,1,team2,kill,37.32
Priest+Hunter_vs_Rogue+Paladin,Priest+Hunter,Rogue+Paladin,2,team2,kill,29.83
Priest+Hunter_vs_Rogue+Paladin,Priest+Hunter,Rogue+Paladin,3,team2,kill,62.00
Priest+Hunter_vs_Rogue+Paladin,Priest+Hunter,Rogue+Paladin,4,team2,kill,33.98
Priest+Hunter_vs_Rogue+Paladin,Priest+Hunter,Rogue+Paladin,5,team2,kill,46.75
Priest+Hunter_vs_Rogue+Paladin,Priest+Hunter,Rogue+Paladin,6,team2,kill,64.28
Priest+Hunter_vs_Rogue+Paladin,Priest+Hunter,Rogue+Paladin,7,team2,kill,50.50
Priest+Hunter_vs_Rogue+Paladin,Priest+Hunter,Rogue+Paladin,8,team2,kill,90.32
Priest+Hunter_vs_Rogue+Paladin,Priest+Hunter,Rogue+Paladin,9,team2,kill,38.55
Priest+Hunter_vs_Rogue+Hunter,Priest+Hunter,Rogue+Hunter,0,team1,kill,21.52
Priest+Hunter_vs_Rogue+Hunter,Priest+Hunter,Rogue+Hunter,1,team1,kill,19.52
Priest+Hunter_vs_Rogue+Hunter,Priest+Hunter,Rogue+Hunter,2,team1,kill,18.70
Priest+Hunter_vs_Rogue+Hunter,Priest+Hunter,Rogue+Hunter,3,team1,kill,22.45
Priest+Hunter_vs_Rogue+Hunter,Priest+Hunter,Rogue+Hunter,4,team1,kill,20.55
Priest+Hunter_vs_Rogue+Hunter,Priest+Hunter,Rogue+Hunter,5,team1,kill,21.42
Priest+Hunter_vs_Rogue+Hunter,Priest+Hunter,Rogue+Hunter,6,team1,kill,20.55
Priest+Hunter_vs_Rogue+Hunter,Priest+Hunter,Rogue+Hunter,7,team1,kill,20.37
Priest+Hunter_vs_Rogue+Hunter,Priest+Hunter,Rogue+Hunter,8,team1,kill,21.40
Priest+Hunter_vs_Rogue+Hunter,Priest+Hunter,Rogue+Hunter,9,team1,kill,21.17
Priest+Hunter_vs_Rogue+Shaman,Priest+Hunter,Rogue+Shaman,0,team2,kill,66.10
Priest+Hunter_vs_Rogue+Shaman,Priest+Hunter,Rogue+Shaman,1,team2,kill,55.98
Priest+Hunter_vs_Rogue+Shaman,Priest+Hunter,Rogue+Shaman,2,team2,kill,56.30
Priest+Hunter_vs_Rogue+Shaman,Priest+Hunter,Rogue+Shaman,3,team2,kill,60.47
Priest+Hunter_vs_Rogue+Shaman,Priest+Hunter,Rogue+Shaman,4,team2,kill,53.72
Priest+Hunter_vs_Rogue+Shaman,Priest+Hunter,Rogue+Shaman,5,team2,kill,41.40
Priest+Hunter_vs_Rogue+Shaman,Priest+Hunter,Rogue+Shaman,6,team2,kill,50.50
Priest+Hunter_vs_Rogue+Shaman,Priest+Hunter,Rogue+Shaman,7,team2,kill,56.02
Priest+Hunter_vs_Rogue+Shaman,Priest+Hunter,Rogue+Shaman,8,team2,kill,52.78
Priest+Hunter_vs_Rogue+Shaman,Priest+Hunter,Rogue+Shaman,9,team2,kill,50.73
Priest+Hunter_vs_Priest+Warlock,Priest+Hunter,Priest+Warlock,0,team2,kill,38.42
Priest+Hunter_vs_Priest+Warlock,Priest+Hunter,Priest+Warlock,1,team2,kill,47.53
Priest+Hunter_vs_Priest+Warlock,Priest+Hunter,Priest+Warlock,2,team2,kill,45.75
Priest+Hunter_vs_Priest+Warlock,Priest+Hunter,Priest+Warlock,3,team2,kill,38.22
Priest+Hunter_vs_Priest+Warlock,Priest+Hunter,Priest+Warlock,4,team2,kill,53.67
Priest+Hunter_vs_Priest+Warlock,Priest+Hunter,Priest+Warlock,5,team2,kill,45.48
Priest+Hunter_vs_Priest+Warlock,Priest+Hunter,Priest+Warlock,6,team2,kill,196.40
Priest+Hunter_vs_Priest+Warlock,Priest+Hunter,Priest+Warlock,7,team2,kill,43.47
Priest+Hunter_vs_Priest+Warlock,Priest+Hunter,Priest+Warlock,8,team1,kill,52.38
Priest+Hunter_vs_Priest+Warlock,Priest+Hunter,Priest+Warlock,9,team2,kill,52.88
Priest+Hunter_vs_Priest+Hunter,Priest+Hunter,Priest+Hunter,0,team1,kill,56.85
Priest+Hunter_vs_Priest+Hunter,Priest+Hunter,Priest+Hunter,1,team1,kill,56.85
Priest+Hunter_vs_Priest+Hunter,Priest+Hunter,Priest+Hunter,2,team1,kill,52.27
Priest+Hunter_vs_Priest+Hunter,Priest+Hunter,Priest+Hunter,3,draw,kill,192.46
Priest+Hunter_vs_Priest+Hunter,Priest+Hunter,Priest+Hunter,4,team2,kill,49.90
Priest+Hunter_vs_Priest+Hunter,Priest+Hunter,Priest+Hunter,5,team2,kill,52.53
Priest+Hunter_vs_Priest+Hunter,Priest+Hunter,Priest+Hunter,6,team2,kill,56.85
Priest+Hunter_vs_Priest+Hunter,Priest+Hunter,Priest+Hunter,7,team1,kill,49.60
Priest+Hunter_vs_Priest+Hunter,Priest+Hunter,Priest+Hunter,8,team1,kill,52.53
Priest+Hunter_vs_Priest+Hunter,Priest+Hunter,Priest+Hunter,9,team1,kill,45.07
Priest+Hunter_vs_Warlock+Paladin,Priest+Hunter,Warlock+Paladin,0,team2,kill,88.00
Priest+Hunter_vs_Warlock+Paladin,Priest+Hunter,Warlock+Paladin,1,team2,kill,75.47
Priest+Hunter_vs_Warlock+Paladin,Priest+Hunter,Warlock+Paladin,2,team2,kill,61.25
Priest+Hunter_vs_Warlock+Paladin,Priest+Hunter,Warlock+Paladin,3,team2,kill,90.04
Priest+Hunter_vs_Warlock+Paladin,Priest+Hunter,Warlock+Paladin,4,team2,kill,66.37
Priest+Hunter_vs_Warlock+Paladin,Priest+Hunter,Warlock+Paladin,5,team2,kill,50.02
Priest+Hunter_vs_Warlock+Paladin,Priest+Hunter,Warlock+Paladin,6,team2,kill,57.93
Priest+Hunter_vs_Warlock+Paladin,Priest+Hunter,Warlock+Paladin,7,team1,kill,77.70
Priest+Hunter_vs_Warlock+Paladin,Priest+Hunter,Warlock+Paladin,8,team2,kill,87.15
Priest+Hunter_vs_Warlock+Paladin,Priest+Hunter,Warlock+Paladin,9,team2,kill,85.32
Priest+Hunter_vs_Warlock+Hunter,Priest+Hunter,Warlock+Hunter,0,team1,kill,31.23
Priest+Hunter_vs_Warlock+Hunter,Priest+Hunter,Warlock+Hunter,1,team1,kill,32.68
Priest+Hunter_vs_Warlock+Hunter,Priest+Hunter,Warlock+Hunter,2,team1,kill,34.92
Priest+Hunter_vs_Warlock+Hunter,Priest+Hunter,Warlock+Hunter,3,team1,kill,32.78
Priest+Hunter_vs_Warlock+Hunter,Priest+Hunter,Warlock+Hunter,4,team1,kill,34.17
Priest+Hunter_vs_Warlock+Hunter,Priest+Hunter,Warlock+Hunter,5,team1,kill,33.73
Priest+Hunter_vs_Warlock+Hunter,Priest+Hunter,Warlock+Hunter,6,team1,kill,32.05
Priest+Hunter_vs_Warlock+Hunter,Priest+Hunter,Warlock+Hunter,7,team1,kill,32.07
Priest+Hunter_vs_Warlock+Hunter,Priest+Hunter,Warlock+Hunter,8,team1,kill,32.80
Priest+Hunter_vs_Warlock+Hunter,Priest+Hunter,Warlock+Hunter,9,team1,kill,31.23
Priest+Hunter_vs_Warlock+Shaman,Priest+Hunter,Warlock+Shaman,0,team2,kill,60.87
Priest+Hunter_vs_Warlock+Shaman,Priest+Hunter,Warlock+Shaman,1,team2,kill,55.22
Priest+Hunter_vs_Warlock+Shaman,Priest+Hunter,Warlock+Shaman,2,team2,kill,53.85
Priest+Hunter_vs_Warlock+Shaman,Priest+Hunter,Warlock+Shaman,3,team2,kill,62.83
Priest+Hunter_vs_Warlock+Shaman,Priest+Hunter,Warlock+Shaman,4,team2,kill,57.00
Priest+Hunter_vs_Warlock+Shaman,Priest+Hunter,Warlock+Shaman,5,team2,kill,60.70
Priest+Hunter_vs_Warlock+Shaman,Priest+Hunter,Warlock+Shaman,6,team2,kill,57.38
Priest+Hunter_vs_Warlock+Shaman,Priest+Hunter,Warlock+Shaman,7,team2,kill,44.27
Priest+Hunter_vs_Warlock+Shaman,Priest+Hunter,Warlock+Shaman,8,team2,kill,55.28
Priest+Hunter_vs_Warlock+Shaman,Priest+Hunter,Warlock+Shaman,9,team2,kill,53.98
Priest+Hunter_vs_Paladin+Hunter,Priest+Hunter,Paladin+Hunter,0,team2,kill,53.87
Priest+Hunter_vs_Paladin+Hunter,Priest+Hunter,Paladin+Hunter,1,team2,kill,57.67
Priest+Hunter_vs_Paladin+Hunter,Priest+Hunter,Paladin+Hunter,2,team2,kill,59.27
Priest+Hunter_vs_Paladin+Hunter,Priest+Hunter,Paladin+Hunter,3,team1,kill,167.30
Priest+Hunter_vs_Paladin+Hunter,Priest+Hunter,Paladin+Hunter,4,team1,kill,164.50
Priest+Hunter_vs_Paladin+Hunter,Priest+Hunter,Paladin+Hunter,5,team1,kill,74.32
Priest+Hunter_vs_Paladin+Hunter,Priest+Hunter,Paladin+Hunter,6,team2,kill,57.28
Priest+Hunter_vs_Paladin+Hunter,Priest+Hunter,Paladin+Hunter,7,team2,kill,54.90
Priest+Hunter_vs_Paladin+Hunter,Priest+Hunter,Paladin+Hunter,8,team1,kill,154.46
Priest+Hunter_vs_Paladin+Hunter,Priest+Hunter,Paladin+Hunter,9,team2,kill,59.27
Priest+Hunter_vs_Hunter+Shaman,Priest+Hunter,Hunter+Shaman,0,team2,kill,53.48
Priest+Hunter_vs_Hunter+Shaman,Priest+Hunter,Hunter+Shaman,1,team2,kill,55.02
Priest+Hunter_vs_Hunter+Shaman,Priest+Hunter,Hunter+Shaman,2,team2,kill,47.68
Priest+Hunter_vs_Hunter+Shaman,Priest+Hunter,Hunter+Shaman,3,team2,kill,54.05
Priest+Hunter_vs_Hunter+Shaman,Priest+Hunter,Hunter+Shaman,4,team2,kill,47.07
Priest+Hunter_vs_Hunter+Shaman,Priest+Hunter,Hunter+Shaman,5,team2,kill,47.68
Priest+Hunter_vs_Hunter+Shaman,Priest+Hunter,Hunter+Shaman,6,team2,kill,45.50
Priest+Hunter_vs_Hunter+Shaman,Priest+Hunter,Hunter+Shaman,7,team2,kill,63.20
Priest+Hunter_vs_Hunter+Shaman,Priest+Hunter,Hunter+Shaman,8,team2,kill,50.10
Priest+Hunter_vs_Hunter+Shaman,Priest+Hunter,Hunter+Shaman,9,team2,kill,53.82
Warlock+Paladin_vs_Warrior+Hunter,Warlock+Paladin,Warrior+Hunter,0,team1,kill,39.25
Warlock+Paladin_vs_Warrior+Hunter,Warlock+Paladin,Warrior+Hunter,1,team1,kill,31.17
Warlock+Paladin_vs_Warrior+Hunter,Warlock+Paladin,Warrior+Hunter,2,team1,kill,42.27
Warlock+Paladin_vs_Warrior+Hunter,Warlock+Paladin,Warrior+Hunter,3,team1,kill,51.32
Warlock+Paladin_vs_Warrior+Hunter,Warlock+Paladin,Warrior+Hunter,4,team1,kill,29.90
Warlock+Paladin_vs_Warrior+Hunter,Warlock+Paladin,Warrior+Hunter,5,team1,kill,40.13
Warlock+Paladin_vs_Warrior+Hunter,Warlock+Paladin,Warrior+Hunter,6,team1,kill,33.58
Warlock+Paladin_vs_Warrior+Hunter,Warlock+Paladin,Warrior+Hunter,7,team1,kill,37.88
Warlock+Paladin_vs_Warrior+Hunter,Warlock+Paladin,Warrior+Hunter,8,team1,kill,45.78
Warlock+Paladin_vs_Warrior+Hunter,Warlock+Paladin,Warrior+Hunter,9,team1,kill,34.73
Warlock+Paladin_vs_Mage+Hunter,Warlock+Paladin,Mage+Hunter,0,team1,kill,34.92
Warlock+Paladin_vs_Mage+Hunter,Warlock+Paladin,Mage+Hunter,1,team1,kill,70.50
Warlock+Paladin_vs_Mage+Hunter,Warlock+Paladin,Mage+Hunter,2,team1,kill,34.92
Warlock+Paladin_vs_Mage+Hunter,Warlock+Paladin,Mage+Hunter,3,team1,kill,34.47
Warlock+Paladin_vs_Mage+Hunter,Warlock+Paladin,Mage+Hunter,4,team1,kill,34.92
Warlock+Paladin_vs_Mage+Hunter,Warlock+Paladin,Mage+Hunter,5,team1,kill,35.00
Warlock+Paladin_vs_Mage+Hunter,Warlock+Paladin,Mage+Hunter,6,team1,kill,36.28
Warlock+Paladin_vs_Mage+Hunter,Warlock+Paladin,Mage+Hunter,7,team1,kill,34.92
Warlock+Paladin_vs_Mage+Hunter,Warlock+Paladin,Mage+Hunter,8,team1,kill,38.72
Warlock+Paladin_vs_Mage+Hunter,Warlock+Paladin,Mage+Hunter,9,team1,kill,34.47
Warlock+Paladin_vs_Mage+Shaman,Warlock+Paladin,Mage+Shaman,0,team2,kill,31.30
Warlock+Paladin_vs_Mage+Shaman,Warlock+Paladin,Mage+Shaman,1,team2,kill,35.68
Warlock+Paladin_vs_Mage+Shaman,Warlock+Paladin,Mage+Shaman,2,team2,kill,31.87
Warlock+Paladin_vs_Mage+Shaman,Warlock+Paladin,Mage+Shaman,3,team2,kill,55.05
Warlock+Paladin_vs_Mage+Shaman,Warlock+Paladin,Mage+Shaman,4,team2,kill,30.18
Warlock+Paladin_vs_Mage+Shaman,Warlock+Paladin,Mage+Shaman,5,team1,kill,54.53
Warlock+Paladin_vs_Mage+Shaman,Warlock+Paladin,Mage+Shaman,6,team1,kill,76.75
Warlock+Paladin_vs_Mage+Shaman,Warlock+Paladin,Mage+Shaman,7,team1,kill,31.63
Warlock+Paladin_vs_Mage+Shaman,Warlock+Paladin,Mage+Shaman,8,team1,kill,60.98
Warlock+Paladin_vs_Mage+Shaman,Warlock+Paladin,Mage+Shaman,9,team2,kill,34.57
Warlock+Paladin_vs_Rogue+Hunter,Warlock+Paladin,Rogue+Hunter,0,team1,kill,35.82
Warlock+Paladin_vs_Rogue+Hunter,Warlock+Paladin,Rogue+Hunter,1,team1,kill,38.40
Warlock+Paladin_vs_Rogue+Hunter,Warlock+Paladin,Rogue+Hunter,2,team1,kill,36.75
Warlock+Paladin_vs_Rogue+Hunter,Warlock+Paladin,Rogue+Hunter,3,team1,kill,40.25
Warlock+Paladin_vs_Rogue+Hunter,Warlock+Paladin,Rogue+Hunter,4,team1,kill,41.92
Warlock+Paladin_vs_Rogue+Hunter,Warlock+Paladin,Rogue+Hunter,5,team1,kill,42.22
Warlock+Paladin_vs_Rogue+Hunter,Warlock+Paladin,Rogue+Hunter,6,team1,kill,45.00
Warlock+Paladin_vs_Rogue+Hunter,Warlock+Paladin,Rogue+Hunter,7,team1,kill,37.92
Warlock+Paladin_vs_Rogue+Hunter,Warlock+Paladin,Rogue+Hunter,8,team1,kill,36.67
Warlock+Paladin_vs_Rogue+Hunter,Warlock+Paladin,Rogue+Hunter,9,team1,kill,39.77
Warlock+Paladin_vs_Priest+Hunter,Warlock+Paladin,Priest+Hunter,0,team1,kill,88.00
Warlock+Paladin_vs_Priest+Hunter,Warlock+Paladin,Priest+Hunter,1,team1,kill,75.47
Warlock+Paladin_vs_Priest+Hunter,Warlock+Paladin,Priest+Hunter,2,team1,kill,61.25
Warlock+Paladin_vs_Priest+Hunter,Warlock+Paladin,Priest+Hunter,3,team1,kill,90.04
Warlock+Paladin_vs_Priest+Hunter,Warlock+Paladin,Priest+Hunter,4,team1,kill,66.37
Warlock+Paladin_vs_Priest+Hunter,Warlock+Paladin,Priest+Hunter,5,team1,kill,50.02
Warlock+Paladin_vs_Priest+Hunter,Warlock+Paladin,Priest+Hunter,6,team1,kill,57.93
Warlock+Paladin_vs_Priest+Hunter,Warlock+Paladin,Priest+Hunter,7,team2,kill,77.70
Warlock+Paladin_vs_Priest+Hunter,Warlock+Paladin,Priest+Hunter,8,team1,kill,87.15
Warlock+Paladin_vs_Priest+Hunter,Warlock+Paladin,Priest+Hunter,9,team1,kill,85.32
Warlock+Paladin_vs_Warlock+Hunter,Warlock+Paladin,Warlock+Hunter,0,team1,kill,48.97
Warlock+Paladin_vs_Warlock+Hunter,Warlock+Paladin,Warlock+Hunter,1,team1,kill,60.83
Warlock+Paladin_vs_Warlock+Hunter,Warlock+Paladin,Warlock+Hunter,2,team1,kill,66.87
Warlock+Paladin_vs_Warlock+Hunter,Warlock+Paladin,Warlock+Hunter,3,team1,kill,70.83
Warlock+Paladin_vs_Warlock+Hunter,Warlock+Paladin,Warlock+Hunter,4,team1,kill,66.75
Warlock+Paladin_vs_Warlock+Hunter,Warlock+Paladin,Warlock+Hunter,5,team1,kill,57.78
Warlock+Paladin_vs_Warlock+Hunter,Warlock+Paladin,Warlock+Hunter,6,team1,kill,64.40
Warlock+Paladin_vs_Warlock+Hunter,Warlock+Paladin,Warlock+Hunter,7,team1,kill,44.92
Warlock+Paladin_vs_Warlock+Hunter,Warlock+Paladin,Warlock+Hunter,8,team1,kill,45.42
Warlock+Paladin_vs_Warlock+Hunter,Warlock+Paladin,Warlock+Hunter,9,team2,kill,51.97
Warlock+Paladin_vs_Paladin+Hunter,Warlock+Paladin,Paladin+Hunter,0,team1,kill,133.19
Warlock+Paladin_vs_Paladin+Hunter,Warlock+Paladin,Paladin+Hunter,1,team2,kill,131.16
Warlock+Paladin_vs_Paladin+Hunter,Warlock+Paladin,Paladin+Hunter,2,team2,kill,133.44
Warlock+Paladin_vs_Paladin+Hunter,Warlock+Paladin,Paladin+Hunter,3,team1,kill,104.21
Warlock+Paladin_vs_Paladin+Hunter,Warlock+Paladin,Paladin+Hunter,4,team2,kill,145.04
Warlock+Paladin_vs_Paladin+Hunter,Warlock+Paladin,Paladin+Hunter,5,team1,kill,145.86
Warlock+Paladin_vs_Paladin+Hunter,Warlock+Paladin,Paladin+Hunter,6,team2,kill,127.56
Warlock+Paladin_vs_Paladin+Hunter,Warlock+Paladin,Paladin+Hunter,7,team1,kill,98.42
Warlock+Paladin_vs_Paladin+Hunter,Warlock+Paladin,Paladin+Hunter,8,team1,kill,90.40
Warlock+Paladin_vs_Paladin+Hunter,Warlock+Paladin,Paladin+Hunter,9,team2,kill,114.01
Warlock+Paladin_vs_Hunter+Shaman,Warlock+Paladin,Hunter+Shaman,0,team1,kill,42.98
Warlock+Paladin_vs_Hunter+Shaman,Warlock+Paladin,Hunter+Shaman,1,team1,kill,46.05
Warlock+Paladin_vs_Hunter+Shaman,Warlock+Paladin,Hunter+Shaman,2,team1,kill,44.40
Warlock+Paladin_vs_Hunter+Shaman,Warlock+Paladin,Hunter+Shaman,3,team1,kill,56.13
Warlock+Paladin_vs_Hunter+Shaman,Warlock+Paladin,Hunter+Shaman,4,team1,kill,42.98
Warlock+Paladin_vs_Hunter+Shaman,Warlock+Paladin,Hunter+Shaman,5,team1,kill,58.77
Warlock+Paladin_vs_Hunter+Shaman,Warlock+Paladin,Hunter+Shaman,6,team1,kill,54.25
Warlock+Paladin_vs_Hunter+Shaman,Warlock+Paladin,Hunter+Shaman,7,team1,kill,42.98
Warlock+Paladin_vs_Hunter+Shaman,Warlock+Paladin,Hunter+Shaman,8,team1,kill,42.98
Warlock+Paladin_vs_Hunter+Shaman,Warlock+Paladin,Hunter+Shaman,9,team1,kill,41.13
Warlock+Hunter_vs_Warrior+Mage,Warlock+Hunter,Warrior+Mage,0,team2,kill,23.98
Warlock+Hunter_vs_Warrior+Mage,Warlock+Hunter,Warrior+Mage,1,team2,kill,25.50
Warlock+Hunter_vs_Warrior+Mage,Warlock+Hunter,Warrior+Mage,2,team1,kill,21.58
Warlock+Hunter_vs_Warrior+Mage,Warlock+Hunter,Warrior+Mage,3,team2,kill,25.50
Warlock+Hunter_vs_Warrior+Mage,Warlock+Hunter,Warrior+Mage,4,team1,kill,19.50
Warlock+Hunter_vs_Warrior+Mage,Warlock+Hunter,Warrior+Mage,5,team2,kill,25.50
Warlock+Hunter_vs_Warrior+Mage,Warlock+Hunter,Warrior+Mage,6,team2,kill,17.97
Warlock+Hunter_vs_Warrior+Mage,Warlock+Hunter,Warrior+Mage,7,team1,kill,22.92
Warlock+Hunter_vs_Warrior+Mage,Warlock+Hunter,Warrior+Mage,8,team1,kill,16.75
Warlock+Hunter_vs_Warrior+Mage,Warlock+Hunter,Warrior+Mage,9,team2,kill,25.50
Warlock+Hunter_vs_Warrior+Rogue,Warlock+Hunter,Warrior+Rogue,0,team1,kill,20.65
Warlock+Hunter_vs_Warrior+Rogue,Warlock+Hunter,Warrior+Rogue,1,team1,kill,20.92
Warlock+Hunter_vs_Warrior+Rogue,Warlock+Hunter,Warrior+Rogue,2,team1,kill,20.63
Warlock+Hunter_vs_Warrior+Rogue,Warlock+Hunter,Warrior+Rogue,3,team1,kill,20.68
Warlock+Hunter_vs_Warrior+Rogue,Warlock+Hunter,Warrior+Rogue,4,team1,kill,20.75
Warlock+Hunter_vs_Warrior+Rogue,Warlock+Hunter,Warrior+Rogue,5,team1,kill,20.63
Warlock+Hunter_vs_Warrior+Rogue,Warlock+Hunter,Warrior+Rogue,6,team1,kill,21.18
Warlock+Hunter_vs_Warrior+Rogue,Warlock+Hunter,Warrior+Rogue,7,team1,kill,20.53
Warlock+Hunter_vs_Warrior+Rogue,Warlock+Hunter,Warrior+Rogue,8,team1,kill,21.17
Warlock+Hunter_vs_Warrior+Rogue,Warlock+Hunter,Warrior+Rogue,9,team1,kill,21.25
Warlock+Hunter_vs_Warrior+Priest,Warlock+Hunter,Warrior+Priest,0,team2,kill,37.63
Warlock+Hunter_vs_Warrior+Priest,Warlock+Hunter,Warrior+Priest,1,team1,kill,38.20
Warlock+Hunter_vs_Warrior+Priest,Warlock+Hunter,Warrior+Priest,2,team1,kill,19.55
Warlock+Hunter_vs_Warrior+Priest,Warlock+Hunter,Warrior+Priest,3,team1,kill,41.33
Warlock+Hunter_vs_Warrior+Priest,Warlock+Hunter,Warrior+Priest,4,team2,kill,26.88
Warlock+Hunter_vs_Warrior+Priest,Warlock+Hunter,Warrior+Priest,5,team1,kill,23.70
Warlock+Hunter_vs_Warrior+Priest,Warlock+Hunter,Warrior+Priest,6,team2,kill,45.50
Warlock+Hunter_vs_Warrior+Priest,Warlock+Hunter,Warrior+Priest,7,team2,kill,37.47
Warlock+Hunter_vs_Warrior+Priest,Warlock+Hunter,Warrior+Priest,8,team2,kill,34.62
Warlock+Hunter_vs_Warrior+Priest,Warlock+Hunter,Warrior+Priest,9,team1,kill,35.12
Warlock+Hunter_vs_Warrior+Warlock,Warlock+Hunter,Warrior+Warlock,0,team1,kill,24.18
Warlock+Hunter_vs_Warrior+Warlock,Warlock+Hunter,Warrior+Warlock,1,team1,kill,22.28
Warlock+Hunter_vs_Warrior+Warlock,Warlock+Hunter,Warrior+Warlock,2,team1,kill,26.22
Warlock+Hunter_vs_Warrior+Warlock,Warlock+Hunter,Warrior+Warlock,3,team1,kill,26.28
Warlock+Hunter_vs_Warrior+Warlock,Warlock+Hunter,Warrior+Warlock,4,team1,kill,26.27
Warlock+Hunter_vs_Warrior+Warlock,Warlock+Hunter,Warrior+Warlock,5,team2,kill,22.97
Warlock+Hunter_vs_Warrior+Warlock,Warlock+Hunter,Warrior+Warlock,6,team2,kill,25.02
Warlock+Hunter_vs_Warrior+Warlock,Warlock+Hunter,Warrior+Warlock,7,team1,kill,23.70
Warlock+Hunter_vs_Warrior+Warlock,Warlock+Hunter,Warrior+Warlock,8,team1,kill,26.78
Warlock+Hunter_vs_Warrior+Warlock,Warlock+Hunter,Warrior+Warlock,9,team1,kill,24.37
Warlock+Hunter_vs_Warrior+Paladin,Warlock+Hunter,Warrior+Paladin,0,team1,kill,53.25
Warlock+Hunter_vs_Warrior+Paladin,Warlock+Hunter,Warrior+Paladin,1,team2,kill,35.70
Warlock+Hunter_vs_Warrior+Paladin,Warlock+Hunter,Warrior+Paladin,2,team2,kill,36.78
Warlock+Hunter_vs_Warrior+Paladin,Warlock+Hunter,Warrior+Paladin,3,team2,kill,65.48
Warlock+Hunter_vs_Warrior+Paladin,Warlock+Hunter,Warrior+Paladin,4,team2,kill,37.48
Warlock+Hunter_vs_Warrior+Paladin,Warlock+Hunter,Warrior+Paladin,5,team2,kill,39.05
Warlock+Hunter_vs_Warrior+Paladin,Warlock+Hunter,Warrior+Paladin,6,team1,kill,48.62
Warlock+Hunter_vs_Warrior+Paladin,Warlock+Hunter,Warrior+Paladin,7,team2,kill,37.23
Warlock+Hunter_vs_Warrior+Paladin,Warlock+Hunter,Warrior+Paladin,8,team2,kill,36.67
Warlock+Hunter_vs_Warrior+Paladin,Warlock+Hunter,Warrior+Paladin,9,team2,kill,35.08
Warlock+Hunter_vs_Warrior+Hunter,Warlock+Hunter,Warrior+Hunter,0,team1,kill,18.27
Warlock+Hunter_vs_Warrior+Hunter,Warlock+Hunter,Warrior+Hunter,1,team1,kill,18.20
Warlock+Hunter_vs_Warrior+Hunter,Warlock+Hunter,Warrior+Hunter,2,team1,kill,23.85
Warlock+Hunter_vs_Warrior+Hunter,Warlock+Hunter,Warrior+Hunter,3,team1,kill,25.35
Warlock+Hunter_vs_Warrior+Hunter,Warlock+Hunter,Warrior+Hunter,4,team1,kill,24.07
Warlock+Hunter_vs_Warrior+Hunter,Warlock+Hunter,Warrior+Hunter,5,team1,kill,24.17
Warlock+Hunter_vs_Warrior+Hunter,Warlock+Hunter,Warrior+Hunter,6,team1,kill,22.33
Warlock+Hunter_vs_Warrior+Hunter,Warlock+Hunter,Warrior+Hunter,7,team1,kill,26.30
Warlock+Hunter_vs_Warrior+Hunter,Warlock+Hunter,Warrior+Hunter,8,team1,kill,25.52
Warlock+Hunter_vs_Warrior+Hunter,Warlock+Hunter,Warrior+Hunter,9,team1,kill,22.28
Warlock+Hunter_vs_Warrior+Shaman,Warlock+Hunter,Warrior+Shaman,0,team2,kill,27.28
Warlock+Hunter_vs_Warrior+Shaman,Warlock+Hunter,Warrior+Shaman,1,team2,kill,25.23
Warlock+Hunter_vs_Warrior+Shaman,Warlock+Hunter,Warrior+Shaman,2,team2,kill,27.77
Warlock+Hunter_vs_Warrior+Shaman,Warlock+Hunter,Warrior+Shaman,3,team2,kill,27.32
Warlock+Hunter_vs_Warrior+Shaman,Warlock+Hunter,Warrior+Shaman,4,team2,kill,30.48
Warlock+Hunter_vs_Warrior+Shaman,Warlock+Hunter,Warrior+Shaman,5,team2,kill,29.33
Warlock+Hunter_vs_Warrior+Shaman,Warlock+Hunter,Warrior+Shaman,6,team2,kill,24.63
Warlock+Hunter_vs_Warrior+Shaman,Warlock+Hunter,Warrior+Shaman,7,team2,kill,23.60
Warlock+Hunter_vs_Warrior+Shaman,Warlock+Hunter,Warrior+Shaman,8,team2,kill,29.70
Warlock+Hunter_vs_Warrior+Shaman,Warlock+Hunter,Warrior+Shaman,9,team2,kill,36.25
Warlock+Hunter_vs_Mage+Rogue,Warlock+Hunter,Mage+Rogue,0,team1,kill,29.33
Warlock+Hunter_vs_Mage+Rogue,Warlock+Hunter,Mage+Rogue,1,team1,kill,29.32
Warlock+Hunter_vs_Mage+Rogue,Warlock+Hunter,Mage+Rogue,2,team1,kill,29.32
Warlock+Hunter_vs_Mage+Rogue,Warlock+Hunter,Mage+Rogue,3,team1,kill,29.77
Warlock+Hunter_vs_Mage+Rogue,Warlock+Hunter,Mage+Rogue,4,team1,kill,29.77
Warlock+Hunter_vs_Mage+Rogue,Warlock+Hunter,Mage+Rogue,5,team1,kill,23.52
Warlock+Hunter_vs_Mage+Rogue,Warlock+Hunter,Mage+Rogue,6,team1,kill,21.58
Warlock+Hunter_vs_Mage+Rogue,Warlock+Hunter,Mage+Rogue,7,team1,kill,29.32
Warlock+Hunter_vs_Mage+Rogue,Warlock+Hunter,Mage+Rogue,8,team1,kill,29.32
Warlock+Hunter_vs_Mage+Rogue,Warlock+Hunter,Mage+Rogue,9,team1,kill,29.32
Warlock+Hunter_vs_Mage+Priest,Warlock+Hunter,Mage+Priest,0,team2,kill,24.62
Warlock+Hunter_vs_Mage+Priest,Warlock+Hunter,Mage+Priest,1,team2,kill,24.35
Warlock+Hunter_vs_Mage+Priest,Warlock+Hunter,Mage+Priest,2,team2,kill,24.52
Warlock+Hunter_vs_Mage+Priest,Warlock+Hunter,Mage+Priest,3,team2,kill,24.42
Warlock+Hunter_vs_Mage+Priest,Warlock+Hunter,Mage+Priest,4,team2,kill,24.55
Warlock+Hunter_vs_Mage+Priest,Warlock+Hunter,Mage+Priest,5,team2,kill,24.45
Warlock+Hunter_vs_Mage+Priest,Warlock+Hunter,Mage+Priest,6,team2,kill,22.90
Warlock+Hunter_vs_Mage+Priest,Warlock+Hunter,Mage+Priest,7,team2,kill,24.32
Warlock+Hunter_vs_Mage+Priest,Warlock+Hunter,Mage+Priest,8,team2,kill,22.65
Warlock+Hunter_vs_Mage+Priest,Warlock+Hunter,Mage+Priest,9,team2,kill,22.68
Warlock+Hunter_vs_Mage+Warlock,Warlock+Hunter,Mage+Warlock,0,team2,kill,20.00
Warlock+Hunter_vs_Mage+Warlock,Warlock+Hunter,Mage+Warlock,1,team1,kill,19.65
Warlock+Hunter_vs_Mage+Warlock,Warlock+Hunter,Mage+Warlock,2,team1,kill,21.03
Warlock+Hunter_vs_Mage+Warlock,Warlock+Hunter,Mage+Warlock,3,team2,kill,18.48
Warlock+Hunter_vs_Mage+Warlock,Warlock+Hunter,Mage+Warlock,4,team2,kill,18.48
Warlock+Hunter_vs_Mage+Warlock,Warlock+Hunter,Mage+Warlock,5,team1,kill,21.03
Warlock+Hunter_vs_Mage+Warlock,Warlock+Hunter,Mage+Warlock,6,team1,kill,20.62
Warlock+Hunter_vs_Mage+Warlock,Warlock+Hunter,Mage+Warlock,7,team1,kill,18.35
Warlock+Hunter_vs_Mage+Warlock,Warlock+Hunter,Mage+Warlock,8,team2,kill,20.00
Warlock+Hunter_vs_Mage+Warlock,Warlock+Hunter,Mage+Warlock,9,team2,kill,20.00
Warlock+Hunter_vs_Mage+Paladin,Warlock+Hunter,Mage+Paladin,0,team2,kill,24.85
Warlock+Hunter_vs_Mage+Paladin,Warlock+Hunter,Mage+Paladin,1,team2,kill,32.18
Warlock+Hunter_vs_Mage+Paladin,Warlock+Hunter,Mage+Paladin,2,team2,kill,29.90
Warlock+Hunter_vs_Mage+Paladin,Warlock+Hunter,Mage+Paladin,3,team2,kill,22.22
Warlock+Hunter_vs_Mage+Paladin,Warlock+Hunter,Mage+Paladin,4,team2,kill,29.25
Warlock+Hunter_vs_Mage+Paladin,Warlock+Hunter,Mage+Paladin,5,team2,kill,22.25
Warlock+Hunter_vs_Mage+Paladin,Warlock+Hunter,Mage+Paladin,6,team2,kill,30.68
Warlock+Hunter_vs_Mage+Paladin,Warlock+Hunter,Mage+Paladin,7,team2,kill,28.52
Warlock+Hunter_vs_Mage+Paladin,Warlock+Hunter,Mage+Paladin,8,team2,kill,30.13
Warlock+Hunter_vs_Mage+Paladin,Warlock+Hunter,Mage+Paladin,9,team2,kill,26.37
Warlock+Hunter_vs_Mage+Hunter,Warlock+Hunter,Mage+Hunter,0,team2,kill,15.60
Warlock+Hunter_vs_Mage+Hunter,Warlock+Hunter,Mage+Hunter,1,team2,kill,15.60
Warlock+Hunter_vs_Mage+Hunter,Warlock+Hunter,Mage+Hunter,2,team2,kill,16.15
Warlock+Hunter_vs_Mage+Hunter,Warlock+Hunter,Mage+Hunter,3,team2,kill,17.70
Warlock+Hunter_vs_Mage+Hunter,Warlock+Hunter,Mage+Hunter,4,team2,kill,14.87
Warlock+Hunter_vs_Mage+Hunter,Warlock+Hunter,Mage+Hunter,5,team2,kill,16.15
Warlock+Hunter_vs_Mage+Hunter,Warlock+Hunter,Mage+Hunter,6,team2,kill,17.67
Warlock+Hunter_vs_Mage+Hunter,Warlock+Hunter,Mage+Hunter,7,team2,kill,17.83
Warlock+Hunter_vs_Mage+Hunter,Warlock+Hunter,Mage+Hunter,8,team2,kill,17.85
Warlock+Hunter_vs_Mage+Hunter,Warlock+Hunter,Mage+Hunter,9,team2,kill,16.15
Warlock+Hunter_vs_Mage+Shaman,Warlock+Hunter,Mage+Shaman,0,team2,kill,20.12
Warlock+Hunter_vs_Mage+Shaman,Warlock+Hunter,Mage+Shaman,1,team2,kill,18.18
Warlock+Hunter_vs_Mage+Shaman,Warlock+Hunter,Mage+Shaman,2,team2,kill,18.22
Warlock+Hunter_vs_Mage+Shaman,Warlock+Hunter,Mage+Shaman,3,team2,kill,13.17
Warlock+Hunter_vs_Mage+Shaman,Warlock+Hunter,Mage+Shaman,4,team2,kill,13.05
Warlock+Hunter_vs_Mage+Shaman,Warlock+Hunter,Mage+Shaman,5,team2,kill,20.02
Warlock+Hunter_vs_Mage+Shaman,Warlock+Hunter,Mage+Shaman,6,team2,kill,13.17
Warlock+Hunter_vs_Mage+Shaman,Warlock+Hunter,Mage+Shaman,7,team2,kill,18.47
Warlock+Hunter_vs_Mage+Shaman,Warlock+Hunter,Mage+Shaman,8,team2,kill,18.22
Warlock+Hunter_vs_Mage+Shaman,Warlock+Hunter,Mage+Shaman,9,team2,kill,13.17
Warlock+Hunter_vs_Rogue+Priest,Warlock+Hunter,Rogue+Priest,0,team1,kill,40.85
Warlock+Hunter_vs_Rogue+Priest,Warlock+Hunter,Rogue+Priest,1,team1,kill,25.52
Warlock+Hunter_vs_Rogue+Priest,Warlock+Hunter,Rogue+Priest,2,team1,kill,26.38
Warlock+Hunter_vs_Rogue+Priest,Warlock+Hunter,Rogue+Priest,3,team2,kill,43.72
Warlock+Hunter_vs_Rogue+Priest,Warlock+Hunter,Rogue+Priest,4,team1,kill,25.08
Warlock+Hunter_vs_Rogue+Priest,Warlock+Hunter,Rogue+Priest,5,team1,kill,27.38
Warlock+Hunter_vs_Rogue+Priest,Warlock+Hunter,Rogue+Priest,6,team1,kill,25.68
Warlock+Hunter_vs_Rogue+Priest,Warlock+Hunter,Rogue+Priest,7,team1,kill,31.62
Warlock+Hunter_vs_Rogue+Priest,Warlock+Hunter,Rogue+Priest,8,team1,kill,30.20
Warlock+Hunter_vs_Rogue+Priest,Warlock+Hunter,Rogue+Priest,9,team2,kill,46.38
Warlock+Hunter_vs_Rogue+Warlock,Warlock+Hunter,Rogue+Warlock,0,team1,kill,23.08
Warlock+Hunter_vs_Rogue+Warlock,Warlock+Hunter,Rogue+Warlock,1,team1,kill,25.17
Warlock+Hunter_vs_Rogue+Warlock,Warlock+Hunter,Rogue+Warlock,2,team1,kill,23.60
Warlock+Hunter_vs_Rogue+Warlock,Warlock+Hunter,Rogue+Warlock,3,team1,kill,22.97
Warlock+Hunter_vs_Rogue+Warlock,Warlock+Hunter,Rogue+Warlock,4,team1,kill,23.53
Warlock+Hunter_vs_Rogue+Warlock,Warlock+Hunter,Rogue+Warlock,5,team1,kill,23.27
Warlock+Hunter_vs_Rogue+Warlock,Warlock+Hunter,Rogue+Warlock,6,team1,kill,23.52
Warlock+Hunter_vs_Rogue+Warlock,Warlock+Hunter,Rogue+Warlock,7,team1,kill,23.52
Warlock+Hunter_vs_Rogue+Warlock,Warlock+Hunter,Rogue+Warlock,8,team1,kill,23.52
Warlock+Hunter_vs_Rogue+Warlock,Warlock+Hunter,Rogue+Warlock,9,team1,kill,23.52
Warlock+Hunter_vs_Rogue+Paladin,Warlock+Hunter,Rogue+Paladin,0,team2,kill,50.43
Warlock+Hunter_vs_Rogue+Paladin,Warlock+Hunter,Rogue+Paladin,1,team2,kill,41.83
Warlock+Hunter_vs_Rogue+Paladin,Warlock+Hunter,Rogue+Paladin,2,team2,kill,42.65
Warlock+Hunter_vs_Rogue+Paladin,Warlock+Hunter,Rogue+Paladin,3,team2,kill,39.47
Warlock+Hunter_vs_Rogue+Paladin,Warlock+Hunter,Rogue+Paladin,4,team2,kill,40.70
Warlock+Hunter_vs_Rogue+Paladin,Warlock+Hunter,Rogue+Paladin,5,team2,kill,93.17
Warlock+Hunter_vs_Rogue+Paladin,Warlock+Hunter,Rogue+Paladin,6,team2,kill,41.77
Warlock+Hunter_vs_Rogue+Paladin,Warlock+Hunter,Rogue+Paladin,7,team2,kill,44.63
Warlock+Hunter_vs_Rogue+Paladin,Warlock+Hunter,Rogue+Paladin,8,team2,kill,44.90
Warlock+Hunter_vs_Rogue+Paladin,Warlock+Hunter,Rogue+Paladin,9,team2,kill,40.77
Warlock+Hunter_vs_Rogue+Hunter,Warlock+Hunter,Rogue+Hunter,0,team1,kill,20.32
Warlock+Hunter_vs_Rogue+Hunter,Warlock+Hunter,Rogue+Hunter,1,team1,kill,20.43
Warlock+Hunter_vs_Rogue+Hunter,Warlock+Hunter,Rogue+Hunter,2,team1,kill,19.92
Warlock+Hunter_vs_Rogue+Hunter,Warlock+Hunter,Rogue+Hunter,3,team2,kill,29.70
Warlock+Hunter_vs_Rogue+Hunter,Warlock+Hunter,Rogue+Hunter,4,team1,kill,20.43
Warlock+Hunter_vs_Rogue+Hunter,Warlock+Hunter,Rogue+Hunter,5,team1,kill,19.92
Warlock+Hunter_vs_Rogue+Hunter,Warlock+Hunter,Rogue+Hunter,6,team1,kill,18.55
Warlock+Hunter_vs_Rogue+Hunter,Warlock+Hunter,Rogue+Hunter,7,team1,kill,20.25
Warlock+Hunter_vs_Rogue+Hunter,Warlock+Hunter,Rogue+Hunter,8,team1,kill,19.92
Warlock+Hunter_vs_Rogue+Hunter,Warlock+Hunter,Rogue+Hunter,9,team1,kill,20.25
Warlock+Hunter_vs_Rogue+Shaman,Warlock+Hunter,Rogue+Shaman,0,team1,kill,37.08
Warlock+Hunter_vs_Rogue+Shaman,Warlock+Hunter,Rogue+Shaman,1,team2,kill,46.98
Warlock+Hunter_vs_Rogue+Shaman,Warlock+Hunter,Rogue+Shaman,2,team1,kill,48.23
Warlock+Hunter_vs_Rogue+Shaman,Warlock+Hunter,Rogue+Shaman,3,team2,kill,60.10
Warlock+Hunter_vs_Rogue+Shaman,Warlock+Hunter,Rogue+Shaman,4,team1,kill,34.85
Warlock+Hunter_vs_Rogue+Shaman,Warlock+Hunter,Rogue+Shaman,5,team2,kill,53.67
Warlock+Hunter_vs_Rogue+Shaman,Warlock+Hunter,Rogue+Shaman,6,team2,kill,47.13
Warlock+Hunter_vs_Rogue+Shaman,Warlock+Hunter,Rogue+Shaman,7,team2,kill,63.15
Warlock+Hunter_vs_Rogue+Shaman,Warlock+Hunter,Rogue+Shaman,8,team2,kill,48.63
Warlock+Hunter_vs_Rogue+Shaman,Warlock+Hunter,Rogue+Shaman,9,team2,kill,60.55
Warlock+Hunter_vs_Priest+Warlock,Warlock+Hunter,Priest+Warlock,0,team2,kill,37.17
Warlock+Hunter_vs_Priest+Warlock,Warlock+Hunter,Priest+Warlock,1,team2,kill,37.40
Warlock+Hunter_vs_Priest+Warlock,Warlock+Hunter,Priest+Warlock,2,team1,kill,45.67
Warlock+Hunter_vs_Priest+Warlock,Warlock+Hunter,Priest+Warlock,3,team2,kill,38.15
Warlock+Hunter_vs_Priest+Warlock,Warlock+Hunter,Priest+Warlock,4,team2,kill,32.80
Warlock+Hunter_vs_Priest+Warlock,Warlock+Hunter,Priest+Warlock,5,team1,kill,51.05
Warlock+Hunter_vs_Priest+Warlock,Warlock+Hunter,Priest+Warlock,6,team1,kill,28.45
Warlock+Hunter_vs_Priest+Warlock,Warlock+Hunter,Priest+Warlock,7,team1,kill,25.87
Warlock+Hunter_vs_Priest+Warlock,Warlock+Hunter,Priest+Warlock,8,team2,kill,37.77
Warlock+Hunter_vs_Priest+Warlock,Warlock+Hunter,Priest+Warlock,9,team2,kill,38.05
Warlock+Hunter_vs_Priest+Hunter,Warlock+Hunter,Priest+Hunter,0,team2,kill,28.03
Warlock+Hunter_vs_Priest+Hunter,Warlock+Hunter,Priest+Hunter,1,team2,kill,29.42
Warlock+Hunter_vs_Priest+Hunter,Warlock+Hunter,Priest+Hunter,2,team2,kill,34.57
Warlock+Hunter_vs_Priest+Hunter,Warlock+Hunter,Priest+Hunter,3,team1,kill,28.20
Warlock+Hunter_vs_Priest+Hunter,Warlock+Hunter,Priest+Hunter,4,team2,kill,35.05
Warlock+Hunter_vs_Priest+Hunter,Warlock+Hunter,Priest+Hunter,5,team2,kill,33.75
Warlock+Hunter_vs_Priest+Hunter,Warlock+Hunter,Priest+Hunter,6,team2,kill,31.97
Warlock+Hunter_vs_Priest+Hunter,Warlock+Hunter,Priest+Hunter,7,team2,kill,31.67
Warlock+Hunter_vs_Priest+Hunter,Warlock+Hunter,Priest+Hunter,8,team2,kill,32.93
Warlock+Hunter_vs_Priest+Hunter,Warlock+Hunter,Priest+Hunter,9,team2,kill,32.73
Warlock+Hunter_vs_Warlock+Paladin,Warlock+Hunter,Warlock+Paladin,0,team2,kill,36.95
Warlock+Hunter_vs_Warlock+Paladin,Warlock+Hunter,Warlock+Paladin,1,team2,kill,61.47
Warlock+Hunter_vs_Warlock+Paladin,Warlock+Hunter,Warlock+Paladin,2,team2,kill,53.85
Warlock+Hunter_vs_Warlock+Paladin,Warlock+Hunter,Warlock+Paladin,3,team2,kill,64.17
Warlock+Hunter_vs_Warlock+Paladin,Warlock+Hunter,Warlock+Paladin,4,team2,kill,64.93
Warlock+Hunter_vs_Warlock+Paladin,Warlock+Hunter,Warlock+Paladin,5,team2,kill,61.15
Warlock+Hunter_vs_Warlock+Paladin,Warlock+Hunter,Warlock+Paladin,6,team2,kill,62.05
Warlock+Hunter_vs_Warlock+Paladin,Warlock+Hunter,Warlock+Paladin,7,team2,kill,49.48
Warlock+Hunter_vs_Warlock+Paladin,Warlock+Hunter,Warlock+Paladin,8,team2,kill,38.95
Warlock+Hunter_vs_Warlock+Paladin,Warlock+Hunter,Warlock+Paladin,9,team2,kill,65.78
Warlock+Hunter_vs_Warlock+Hunter,Warlock+Hunter,Warlock+Hunter,0,team1,kill,19.80
Warlock+Hunter_vs_Warlock+Hunter,Warlock+Hunter,Warlock+Hunter,1,team1,kill,18.45
Warlock+Hunter_vs_Warlock+Hunter,Warlock+Hunter,Warlock+Hunter,2,team1,kill,18.28
Warlock+Hunter_vs_Warlock+Hunter,Warlock+Hunter,Warlock+Hunter,3,team2,kill,19.37
Warlock+Hunter_vs_Warlock+Hunter,Warlock+Hunter,Warlock+Hunter,4,team1,kill,19.53
Warlock+Hunter_vs_Warlock+Hunter,Warlock+Hunter,Warlock+Hunter,5,team1,kill,18.13
Warlock+Hunter_vs_Warlock+Hunter,Warlock+Hunter,Warlock+Hunter,6,team1,kill,19.55
Warlock+Hunter_vs_Warlock+Hunter,Warlock+Hunter,Warlock+Hunter,7,team1,kill,19.67
Warlock+Hunter_vs_Warlock+Hunter,Warlock+Hunter,Warlock+Hunter,8,team1,kill,19.62
Warlock+Hunter_vs_Warlock+Hunter,Warlock+Hunter,Warlock+Hunter,9,draw,kill,18.13
Warlock+Hunter_vs_Warlock+Shaman,Warlock+Hunter,Warlock+Shaman,0,team2,kill,21.32
Warlock+Hunter_vs_Warlock+Shaman,Warlock+Hunter,Warlock+Shaman,1,team2,kill,23.58
Warlock+Hunter_vs_Warlock+Shaman,Warlock+Hunter,Warlock+Shaman,2,team2,kill,23.17
Warlock+Hunter_vs_Warlock+Shaman,Warlock+Hunter,Warlock+Shaman,3,team2,kill,22.47
Warlock+Hunter_vs_Warlock+Shaman,Warlock+Hunter,Warlock+Shaman,4,team2,kill,21.58
Warlock+Hunter_vs_Warlock+Shaman,Warlock+Hunter,Warlock+Shaman,5,team2,kill,22.30
Warlock+Hunter_vs_Warlock+Shaman,Warlock+Hunter,Warlock+Shaman,6,team2,kill,22.30
Warlock+Hunter_vs_Warlock+Shaman,Warlock+Hunter,Warlock+Shaman,7,team2,kill,24.33
Warlock+Hunter_vs_Warlock+Shaman,Warlock+Hunter,Warlock+Shaman,8,team2,kill,23.15
Warlock+Hunter_vs_Warlock+Shaman,Warlock+Hunter,Warlock+Shaman,9,team2,kill,22.95
Warlock+Hunter_vs_Paladin+Hunter,Warlock+Hunter,Paladin+Hunter,0,team2,kill,32.27
Warlock+Hunter_vs_Paladin+Hunter,Warlock+Hunter,Paladin+Hunter,1,team2,kill,34.43
Warlock+Hunter_vs_Paladin+Hunter,Warlock+Hunter,Paladin+Hunter,2,team2,kill,31.27
Warlock+Hunter_vs_Paladin+Hunter,Warlock+Hunter,Paladin+Hunter,3,team2,kill,35.62
Warlock+Hunter_vs_Paladin+Hunter,Warlock+Hunter,Paladin+Hunter,4,team2,kill,31.32
Warlock+Hunter_vs_Paladin+Hunter,Warlock+Hunter,Paladin+Hunter,5,team2,kill,34.87
Warlock+Hunter_vs_Paladin+Hunter,Warlock+Hunter,Paladin+Hunter,6,team2,kill,35.08
Warlock+Hunter_vs_Paladin+Hunter,Warlock+Hunter,Paladin+Hunter,7,team1,kill,59.12
Warlock+Hunter_vs_Paladin+Hunter,Warlock+Hunter,Paladin+Hunter,8,team1,kill,55.20
Warlock+Hunter_vs_Paladin+Hunter,Warlock+Hunter,Paladin+Hunter,9,team2,kill,44.22
Warlock+Hunter_vs_Hunter+Shaman,Warlock+Hunter,Hunter+Shaman,0,team2,kill,25.67
Warlock+Hunter_vs_Hunter+Shaman,Warlock+Hunter,Hunter+Shaman,1,team1,kill,38.87
Warlock+Hunter_vs_Hunter+Shaman,Warlock+Hunter,Hunter+Shaman,2,team1,kill,44.02
Warlock+Hunter_vs_Hunter+Shaman,Warlock+Hunter,Hunter+Shaman,3,team1,kill,31.00
Warlock+Hunter_vs_Hunter+Shaman,Warlock+Hunter,Hunter+Shaman,4,team1,kill,41.92
Warlock+Hunter_vs_Hunter+Shaman,Warlock+Hunter,Hunter+Shaman,5,team1,kill,30.48
Warlock+Hunter_vs_Hunter+Shaman,Warlock+Hunter,Hunter+Shaman,6,team1,kill,39.28
Warlock+Hunter_vs_Hunter+Shaman,Warlock+Hunter,Hunter+Shaman,7,team2,kill,17.13
Warlock+Hunter_vs_Hunter+Shaman,Warlock+Hunter,Hunter+Shaman,8,team1,kill,28.05
Warlock+Hunter_vs_Hunter+Shaman,Warlock+Hunter,Hunter+Shaman,9,team1,kill,44.40
Warlock+Shaman_vs_Warrior+Hunter,Warlock+Shaman,Warrior+Hunter,0,team1,kill,19.45
Warlock+Shaman_vs_Warrior+Hunter,Warlock+Shaman,Warrior+Hunter,1,team1,kill,25.60
Warlock+Shaman_vs_Warrior+Hunter,Warlock+Shaman,Warrior+Hunter,2,team1,kill,26.33
Warlock+Shaman_vs_Warrior+Hunter,Warlock+Shaman,Warrior+Hunter,3,team1,kill,19.67
Warlock+Shaman_vs_Warrior+Hunter,Warlock+Shaman,Warrior+Hunter,4,team1,kill,16.55
Warlock+Shaman_vs_Warrior+Hunter,Warlock+Shaman,Warrior+Hunter,5,team1,kill,21.17
Warlock+Shaman_vs_Warrior+Hunter,Warlock+Shaman,Warrior+Hunter,6,team2,kill,23.53
Warlock+Shaman_vs_Warrior+Hunter,Warlock+Shaman,Warrior+Hunter,7,team1,kill,19.15
Warlock+Shaman_vs_Warrior+Hunter,Warlock+Shaman,Warrior+Hunter,8,team1,kill,19.15
Warlock+Shaman_vs_Warrior+Hunter,Warlock+Shaman,Warrior+Hunter,9,team1,kill,17.75
Warlock+Shaman_vs_Mage+Hunter,Warlock+Shaman,Mage+Hunter,0,team1,kill,25.15
Warlock+Shaman_vs_Mage+Hunter,Warlock+Shaman,Mage+Hunter,1,team1,kill,26.23
Warlock+Shaman_vs_Mage+Hunter,Warlock+Shaman,Mage+Hunter,2,team1,kill,24.32
Warlock+Shaman_vs_Mage+Hunter,Warlock+Shaman,Mage+Hunter,3,team1,kill,18.53
Warlock+Shaman_vs_Mage+Hunter,Warlock+Shaman,Mage+Hunter,4,team1,kill,25.15
Warlock+Shaman_vs_Mage+Hunter,Warlock+Shaman,Mage+Hunter,5,team1,kill,25.15
Warlock+Shaman_vs_Mage+Hunter,Warlock+Shaman,Mage+Hunter,6,team1,kill,18.52
Warlock+Shaman_vs_Mage+Hunter,Warlock+Shaman,Mage+Hunter,7,team1,kill,25.15
Warlock+Shaman_vs_Mage+Hunter,Warlock+Shaman,Mage+Hunter,8,team1,kill,25.15
Warlock+Shaman_vs_Mage+Hunter,Warlock+Shaman,Mage+Hunter,9,team1,kill,20.25
Warlock+Shaman_vs_Rogue+Hunter,Warlock+Shaman,Rogue+Hunter,0,team1,kill,19.60
Warlock+Shaman_vs_Rogue+Hunter,Warlock+Shaman,Rogue+Hunter,1,team1,kill,19.60
Warlock+Shaman_vs_Rogue+Hunter,Warlock+Shaman,Rogue+Hunter,2,team1,kill,19.60
Warlock+Shaman_vs_Rogue+Hunter,Warlock+Shaman,Rogue+Hunter,3,team1,kill,20.50
Warlock+Shaman_vs_Rogue+Hunter,Warlock+Shaman,Rogue+Hunter,4,team1,kill,19.60
Warlock+Shaman_vs_Rogue+Hunter,Warlock+Shaman,Rogue+Hunter,5,team1,kill,21.12
Warlock+Shaman_vs_Rogue+Hunter,Warlock+Shaman,Rogue+Hunter,6,team1,kill,25.10
Warlock+Shaman_vs_Rogue+Hunter,Warlock+Shaman,Rogue+Hunter,7,team1,kill,19.60
Warlock+Shaman_vs_Rogue+Hunter,Warlock+Shaman,Rogue+Hunter,8,team1,kill,19.60
Warlock+Shaman_vs_Rogue+Hunter,Warlock+Shaman,Rogue+Hunter,9,team1,kill,20.20
Warlock+Shaman_vs_Priest+Hunter,Warlock+Shaman,Priest+Hunter,0,team1,kill,63.95
Warlock+Shaman_vs_Priest+Hunter,Warlock+Shaman,Priest+Hunter,1,team1,kill,47.20
Warlock+Shaman_vs_Priest+Hunter,Warlock+Shaman,Priest+Hunter,2,team1,kill,53.70
Warlock+Shaman_vs_Priest+Hunter,Warlock+Shaman,Priest+Hunter,3,team1,kill,55.32
Warlock+Shaman_vs_Priest+Hunter,Warlock+Shaman,Priest+Hunter,4,team1,kill,56.20
Warlock+Shaman_vs_Priest+Hunter,Warlock+Shaman,Priest+Hunter,5,team1,kill,60.23
Warlock+Shaman_vs_Priest+Hunter,Warlock+Shaman,Priest+Hunter,6,team1,kill,46.83
Warlock+Shaman_vs_Priest+Hunter,Warlock+Shaman,Priest+Hunter,7,team1,kill,57.22
Warlock+Shaman_vs_Priest+Hunter,Warlock+Shaman,Priest+Hunter,8,team1,kill,51.22
Warlock+Shaman_vs_Priest+Hunter,Warlock+Shaman,Priest+Hunter,9,team1,kill,51.53
Warlock+Shaman_vs_Warlock+Hunter,Warlock+Shaman,Warlock+Hunter,0,team1,kill,22.30
Warlock+Shaman_vs_Warlock+Hunter,Warlock+Shaman,Warlock+Hunter,1,team1,kill,23.03
Warlock+Shaman_vs_Warlock+Hunter,Warlock+Shaman,Warlock+Hunter,2,team1,kill,23.12
Warlock+Shaman_vs_Warlock+Hunter,Warlock+Shaman,Warlock+Hunter,3,team1,kill,22.30
Warlock+Shaman_vs_Warlock+Hunter,Warlock+Shaman,Warlock+Hunter,4,team1,kill,21.60
Warlock+Shaman_vs_Warlock+Hunter,Warlock+Shaman,Warlock+Hunter,5,team1,kill,22.83
Warlock+Shaman_vs_Warlock+Hunter,Warlock+Shaman,Warlock+Hunter,6,team1,kill,22.30
Warlock+Shaman_vs_Warlock+Hunter,Warlock+Shaman,Warlock+Hunter,7,team1,kill,22.95
Warlock+Shaman_vs_Warlock+Hunter,Warlock+Shaman,Warlock+Hunter,8,team1,kill,23.43
Warlock+Shaman_vs_Warlock+Hunter,Warlock+Shaman,Warlock+Hunter,9,team1,kill,23.00
Warlock+Shaman_vs_Paladin+Hunter,Warlock+Shaman,Paladin+Hunter,0,draw,cap,300.00
Warlock+Shaman_vs_Paladin+Hunter,Warlock+Shaman,Paladin+Hunter,1,team2,kill,167.07
Warlock+Shaman_vs_Paladin+Hunter,Warlock+Shaman,Paladin+Hunter,2,team2,kill,208.78
Warlock+Shaman_vs_Paladin+Hunter,Warlock+Shaman,Paladin+Hunter,3,team2,kill,189.30
Warlock+Shaman_vs_Paladin+Hunter,Warlock+Shaman,Paladin+Hunter,4,team2,kill,60.15
Warlock+Shaman_vs_Paladin+Hunter,Warlock+Shaman,Paladin+Hunter,5,team2,kill,81.64
Warlock+Shaman_vs_Paladin+Hunter,Warlock+Shaman,Paladin+Hunter,6,draw,cap,300.00
Warlock+Shaman_vs_Paladin+Hunter,Warlock+Shaman,Paladin+Hunter,7,team2,kill,84.94
Warlock+Shaman_vs_Paladin+Hunter,Warlock+Shaman,Paladin+Hunter,8,team2,kill,118.61
Warlock+Shaman_vs_Paladin+Hunter,Warlock+Shaman,Paladin+Hunter,9,team2,kill,78.64
Warlock+Shaman_vs_Hunter+Shaman,Warlock+Shaman,Hunter+Shaman,0,team1,kill,39.30
Warlock+Shaman_vs_Hunter+Shaman,Warlock+Shaman,Hunter+Shaman,1,team1,kill,33.63
Warlock+Shaman_vs_Hunter+Shaman,Warlock+Shaman,Hunter+Shaman,2,team1,kill,44.65
Warlock+Shaman_vs_Hunter+Shaman,Warlock+Shaman,Hunter+Shaman,3,team1,kill,45.20
Warlock+Shaman_vs_Hunter+Shaman,Warlock+Shaman,Hunter+Shaman,4,team1,kill,39.38
Warlock+Shaman_vs_Hunter+Shaman,Warlock+Shaman,Hunter+Shaman,5,team1,kill,35.35
Warlock+Shaman_vs_Hunter+Shaman,Warlock+Shaman,Hunter+Shaman,6,team1,kill,32.35
Warlock+Shaman_vs_Hunter+Shaman,Warlock+Shaman,Hunter+Shaman,7,team1,kill,54.22
Warlock+Shaman_vs_Hunter+Shaman,Warlock+Shaman,Hunter+Shaman,8,team1,kill,43.87
Warlock+Shaman_vs_Hunter+Shaman,Warlock+Shaman,Hunter+Shaman,9,team1,kill,49.32
Paladin+Hunter_vs_Warrior+Mage,Paladin+Hunter,Warrior+Mage,0,team2,kill,40.17
Paladin+Hunter_vs_Warrior+Mage,Paladin+Hunter,Warrior+Mage,1,team2,kill,41.68
Paladin+Hunter_vs_Warrior+Mage,Paladin+Hunter,Warrior+Mage,2,team1,kill,48.22
Paladin+Hunter_vs_Warrior+Mage,Paladin+Hunter,Warrior+Mage,3,team1,kill,50.13
Paladin+Hunter_vs_Warrior+Mage,Paladin+Hunter,Warrior+Mage,4,team1,kill,31.43
Paladin+Hunter_vs_Warrior+Mage,Paladin+Hunter,Warrior+Mage,5,team2,kill,54.98
Paladin+Hunter_vs_Warrior+Mage,Paladin+Hunter,Warrior+Mage,6,team1,kill,48.20
Paladin+Hunter_vs_Warrior+Mage,Paladin+Hunter,Warrior+Mage,7,team2,kill,23.30
Paladin+Hunter_vs_Warrior+Mage,Paladin+Hunter,Warrior+Mage,8,team2,kill,41.68
Paladin+Hunter_vs_Warrior+Mage,Paladin+Hunter,Warrior+Mage,9,team1,kill,47.42
Paladin+Hunter_vs_Warrior+Rogue,Paladin+Hunter,Warrior+Rogue,0,team1,kill,25.37
Paladin+Hunter_vs_Warrior+Rogue,Paladin+Hunter,Warrior+Rogue,1,team1,kill,27.15
Paladin+Hunter_vs_Warrior+Rogue,Paladin+Hunter,Warrior+Rogue,2,team1,kill,24.60
Paladin+Hunter_vs_Warrior+Rogue,Paladin+Hunter,Warrior+Rogue,3,team1,kill,27.18
Paladin+Hunter_vs_Warrior+Rogue,Paladin+Hunter,Warrior+Rogue,4,team1,kill,25.37
Paladin+Hunter_vs_Warrior+Rogue,Paladin+Hunter,Warrior+Rogue,5,team1,kill,27.95
Paladin+Hunter_vs_Warrior+Rogue,Paladin+Hunter,Warrior+Rogue,6,team1,kill,27.15
Paladin+Hunter_vs_Warrior+Rogue,Paladin+Hunter,Warrior+Rogue,7,team1,kill,27.15
Paladin+Hunter_vs_Warrior+Rogue,Paladin+Hunter,Warrior+Rogue,8,team1,kill,27.97
Paladin+Hunter_vs_Warrior+Rogue,Paladin+Hunter,Warrior+Rogue,9,team1,kill,27.95
Paladin+Hunter_vs_Warrior+Priest,Paladin+Hunter,Warrior+Priest,0,team2,kill,82.37
Paladin+Hunter_vs_Warrior+Priest,Paladin+Hunter,Warrior+Priest,1,team1,kill,198.91
Paladin+Hunter_vs_Warrior+Priest,Paladin+Hunter,Warrior+Priest,2,team2,kill,78.02
Paladin+Hunter_vs_Warrior+Priest,Paladin+Hunter,Warrior+Priest,3,team2,kill,130.35
Paladin+Hunter_vs_Warrior+Priest,Paladin+Hunter,Warrior+Priest,4,team1,kill,50.10
Paladin+Hunter_vs_Warrior+Priest,Paladin+Hunter,Warrior+Priest,5,team2,kill,97.26
Paladin+Hunter_vs_Warrior+Priest,Paladin+Hunter,Warrior+Priest,6,team1,kill,116.66
Paladin+Hunter_vs_Warrior+Priest,Paladin+Hunter,Warrior+Priest,7,team2,kill,87.40
Paladin+Hunter_vs_Warrior+Priest,Paladin+Hunter,Warrior+Priest,8,team2,kill,120.89
Paladin+Hunter_vs_Warrior+Priest,Paladin+Hunter,Warrior+Priest,9,team2,kill,93.51
Paladin+Hunter_vs_Warrior+Warlock,Paladin+Hunter,Warrior+Warlock,0,team1,kill,39.58
Paladin+Hunter_vs_Warrior+Warlock,Paladin+Hunter,Warrior+Warlock,1,team1,kill,49.60
Paladin+Hunter_vs_Warrior+Warlock,Paladin+Hunter,Warrior+Warlock,2,team1,kill,42.95
Paladin+Hunter_vs_Warrior+Warlock,Paladin+Hunter,Warrior+Warlock,3,team1,kill,34.95
Paladin+Hunter_vs_Warrior+Warlock,Paladin+Hunter,Warrior+Warlock,4,team1,kill,39.58
Paladin+Hunter_vs_Warrior+Warlock,Paladin+Hunter,Warrior+Warlock,5,team1,kill,39.93
Paladin+Hunter_vs_Warrior+Warlock,Paladin+Hunter,Warrior+Warlock,6,team1,kill,34.75
Paladin+Hunter_vs_Warrior+Warlock,Paladin+Hunter,Warrior+Warlock,7,team1,kill,40.92
Paladin+Hunter_vs_Warrior+Warlock,Paladin+Hunter,Warrior+Warlock,8,team1,kill,49.60
Paladin+Hunter_vs_Warrior+Warlock,Paladin+Hunter,Warrior+Warlock,9,team1,kill,32.33
Paladin+Hunter_vs_Warrior+Paladin,Paladin+Hunter,Warrior+Paladin,0,team2,kill,76.70
Paladin+Hunter_vs_Warrior+Paladin,Paladin+Hunter,Warrior+Paladin,1,team2,kill,67.02
Paladin+Hunter_vs_Warrior+Paladin,Paladin+Hunter,Warrior+Paladin,2,team2,kill,71.73
Paladin+Hunter_vs_Warrior+Paladin,Paladin+Hunter,Warrior+Paladin,3,team2,kill,91.27
Paladin+Hunter_vs_Warrior+Paladin,Paladin+Hunter,Warrior+Paladin,4,team1,kill,131.80
Paladin+Hunter_vs_Warrior+Paladin,Paladin+Hunter,Warrior+Paladin,5,team2,kill,70.08
Paladin+Hunter_vs_Warrior+Paladin,Paladin+Hunter,Warrior+Paladin,6,team2,kill,54.63
Paladin+Hunter_vs_Warrior+Paladin,Paladin+Hunter,Warrior+Paladin,7,team2,kill,89.57
Paladin+Hunter_vs_Warrior+Paladin,Paladin+Hunter,Warrior+Paladin,8,team1,kill,145.64
Paladin+Hunter_vs_Warrior+Paladin,Paladin+Hunter,Warrior+Paladin,9,team1,kill,139.84
Paladin+Hunter_vs_Warrior+Hunter,Paladin+Hunter,Warrior+Hunter,0,team2,kill,49.22
Paladin+Hunter_vs_Warrior+Hunter,Paladin+Hunter,Warrior+Hunter,1,team1,kill,40.55
Paladin+Hunter_vs_Warrior+Hunter,Paladin+Hunter,Warrior+Hunter,2,team1,kill,40.55
Paladin+Hunter_vs_Warrior+Hunter,Paladin+Hunter,Warrior+Hunter,3,team1,kill,27.97
Paladin+Hunter_vs_Warrior+Hunter,Paladin+Hunter,Warrior+Hunter,4,team1,kill,38.57
Paladin+Hunter_vs_Warrior+Hunter,Paladin+Hunter,Warrior+Hunter,5,team2,kill,56.87
Paladin+Hunter_vs_Warrior+Hunter,Paladin+Hunter,Warrior+Hunter,6,team2,kill,52.93
Paladin+Hunter_vs_Warrior+Hunter,Paladin+Hunter,Warrior+Hunter,7,team1,kill,30.27
Paladin+Hunter_vs_Warrior+Hunter,Paladin+Hunter,Warrior+Hunter,8,team1,kill,40.55
Paladin+Hunter_vs_Warrior+Hunter,Paladin+Hunter,Warrior+Hunter,9,team2,kill,51.77
Paladin+Hunter_vs_Warrior+Shaman,Paladin+Hunter,Warrior+Shaman,0,team2,kill,61.20
Paladin+Hunter_vs_Warrior+Shaman,Paladin+Hunter,Warrior+Shaman,1,team1,kill,52.42
Paladin+Hunter_vs_Warrior+Shaman,Paladin+Hunter,Warrior+Shaman,2,team1,kill,46.58
Paladin+Hunter_vs_Warrior+Shaman,Paladin+Hunter,Warrior+Shaman,3,team1,kill,46.58
Paladin+Hunter_vs_Warrior+Shaman,Paladin+Hunter,Warrior+Shaman,4,team1,kill,46.03
Paladin+Hunter_vs_Warrior+Shaman,Paladin+Hunter,Warrior+Shaman,5,team1,kill,47.58
Paladin+Hunter_vs_Warrior+Shaman,Paladin+Hunter,Warrior+Shaman,6,team1,kill,50.00
Paladin+Hunter_vs_Warrior+Shaman,Paladin+Hunter,Warrior+Shaman,7,team1,kill,52.42
Paladin+Hunter_vs_Warrior+Shaman,Paladin+Hunter,Warrior+Shaman,8,team1,kill,49.00
Paladin+Hunter_vs_Warrior+Shaman,Paladin+Hunter,Warrior+Shaman,9,team2,kill,61.72
Paladin+Hunter_vs_Mage+Rogue,Paladin+Hunter,Mage+Rogue,0,team1,kill,54.68
Paladin+Hunter_vs_Mage+Rogue,Paladin+Hunter,Mage+Rogue,1,team1,kill,57.62
Paladin+Hunter_vs_Mage+Rogue,Paladin+Hunter,Mage+Rogue,2,team1,kill,53.28
Paladin+Hunter_vs_Mage+Rogue,Paladin+Hunter,Mage+Rogue,3,team1,kill,57.62
Paladin+Hunter_vs_Mage+Rogue,Paladin+Hunter,Mage+Rogue,4,team1,kill,45.83
Paladin+Hunter_vs_Mage+Rogue,Paladin+Hunter,Mage+Rogue,5,team1,kill,53.93
Paladin+Hunter_vs_Mage+Rogue,Paladin+Hunter,Mage+Rogue,6,team2,kill,47.55
Paladin+Hunter_vs_Mage+Rogue,Paladin+Hunter,Mage+Rogue,7,team1,kill,52.28
Paladin+Hunter_vs_Mage+Rogue,Paladin+Hunter,Mage+Rogue,8,team1,kill,52.93
Paladin+Hunter_vs_Mage+Rogue,Paladin+Hunter,Mage+Rogue,9,team2,kill,54.98
Paladin+Hunter_vs_Mage+Priest,Paladin+Hunter,Mage+Priest,0,team2,kill,32.50
Paladin+Hunter_vs_Mage+Priest,Paladin+Hunter,Mage+Priest,1,team2,kill,61.35
Paladin+Hunter_vs_Mage+Priest,Paladin+Hunter,Mage+Priest,2,team1,kill,66.47
Paladin+Hunter_vs_Mage+Priest,Paladin+Hunter,Mage+Priest,3,team2,kill,73.77
Paladin+Hunter_vs_Mage+Priest,Paladin+Hunter,Mage+Priest,4,team2,kill,39.85
Paladin+Hunter_vs_Mage+Priest,Paladin+Hunter,Mage+Priest,5,team2,kill,78.17
Paladin+Hunter_vs_Mage+Priest,Paladin+Hunter,Mage+Priest,6,team2,kill,63.05
Paladin+Hunter_vs_Mage+Priest,Paladin+Hunter,Mage+Priest,7,team2,kill,34.17
Paladin+Hunter_vs_Mage+Priest,Paladin+Hunter,Mage+Priest,8,team2,kill,34.35
Paladin+Hunter_vs_Mage+Priest,Paladin+Hunter,Mage+Priest,9,team2,kill,76.55
Paladin+Hunter_vs_Mage+Warlock,Paladin+Hunter,Mage+Warlock,0,team2,kill,38.82
Paladin+Hunter_vs_Mage+Warlock,Paladin+Hunter,Mage+Warlock,1,team2,kill,49.57
Paladin+Hunter_vs_Mage+Warlock,Paladin+Hunter,Mage+Warlock,2,team2,kill,44.17
Paladin+Hunter_vs_Mage+Warlock,Paladin+Hunter,Mage+Warlock,3,team2,kill,50.82
Paladin+Hunter_vs_Mage+Warlock,Paladin+Hunter,Mage+Warlock,4,team2,kill,45.53
Paladin+Hunter_vs_Mage+Warlock,Paladin+Hunter,Mage+Warlock,5,team2,kill,38.12
Paladin+Hunter_vs_Mage+Warlock,Paladin+Hunter,Mage+Warlock,6,team2,kill,61.55
Paladin+Hunter_vs_Mage+Warlock,Paladin+Hunter,Mage+Warlock,7,team1,kill,60.68
Paladin+Hunter_vs_Mage+Warlock,Paladin+Hunter,Mage+Warlock,8,team1,kill,36.37
Paladin+Hunter_vs_Mage+Warlock,Paladin+Hunter,Mage+Warlock,9,team1,kill,53.20
Paladin+Hunter_vs_Mage+Paladin,Paladin+Hunter,Mage+Paladin,0,team2,kill,74.17
Paladin+Hunter_vs_Mage+Paladin,Paladin+Hunter,Mage+Paladin,1,team2,kill,54.17
Paladin+Hunter_vs_Mage+Paladin,Paladin+Hunter,Mage+Paladin,2,team2,kill,28.03
Paladin+Hunter_vs_Mage+Paladin,Paladin+Hunter,Mage+Paladin,3,team2,kill,64.33
Paladin+Hunter_vs_Mage+Paladin,Paladin+Hunter,Mage+Paladin,4,team2,kill,54.17
Paladin+Hunter_vs_Mage+Paladin,Paladin+Hunter,Mage+Paladin,5,team2,kill,71.55
Paladin+Hunter_vs_Mage+Paladin,Paladin+Hunter,Mage+Paladin,6,team2,kill,64.22
Paladin+Hunter_vs_Mage+Paladin,Paladin+Hunter,Mage+Paladin,7,team2,kill,54.17
Paladin+Hunter_vs_Mage+Paladin,Paladin+Hunter,Mage+Paladin,8,team2,kill,30.83
Paladin+Hunter_vs_Mage+Paladin,Paladin+Hunter,Mage+Paladin,9,team2,kill,53.68
Paladin+Hunter_vs_Mage+Hunter,Paladin+Hunter,Mage+Hunter,0,team2,kill,45.93
Paladin+Hunter_vs_Mage+Hunter,Paladin+Hunter,Mage+Hunter,1,team1,kill,39.63
Paladin+Hunter_vs_Mage+Hunter,Paladin+Hunter,Mage+Hunter,2,team2,kill,37.08
Paladin+Hunter_vs_Mage+Hunter,Paladin+Hunter,Mage+Hunter,3,team2,kill,42.95
Paladin+Hunter_vs_Mage+Hunter,Paladin+Hunter,Mage+Hunter,4,team2,kill,44.17
Paladin+Hunter_vs_Mage+Hunter,Paladin+Hunter,Mage+Hunter,5,team2,kill,38.30
Paladin+Hunter_vs_Mage+Hunter,Paladin+Hunter,Mage+Hunter,6,team1,kill,28.02
Paladin+Hunter_vs_Mage+Hunter,Paladin+Hunter,Mage+Hunter,7,team2,kill,38.10
Paladin+Hunter_vs_Mage+Hunter,Paladin+Hunter,Mage+Hunter,8,team2,kill,44.13
Paladin+Hunter_vs_Mage+Hunter,Paladin+Hunter,Mage+Hunter,9,team2,kill,31.98
Paladin+Hunter_vs_Mage+Shaman,Paladin+Hunter,Mage+Shaman,0,team2,kill,32.50
Paladin+Hunter_vs_Mage+Shaman,Paladin+Hunter,Mage+Shaman,1,team2,kill,64.52
Paladin+Hunter_vs_Mage+Shaman,Paladin+Hunter,Mage+Shaman,2,team2,kill,58.42
Paladin+Hunter_vs_Mage+Shaman,Paladin+Hunter,Mage+Shaman,3,team2,kill,34.72
Paladin+Hunter_vs_Mage+Shaman,Paladin+Hunter,Mage+Shaman,4,team2,kill,74.88
Paladin+Hunter_vs_Mage+Shaman,Paladin+Hunter,Mage+Shaman,5,team2,kill,54.28
Paladin+Hunter_vs_Mage+Shaman,Paladin+Hunter,Mage+Shaman,6,team2,kill,35.02
Paladin+Hunter_vs_Mage+Shaman,Paladin+Hunter,Mage+Shaman,7,team2,kill,34.48
Paladin+Hunter_vs_Mage+Shaman,Paladin+Hunter,Mage+Shaman,8,team2,kill,25.95
Paladin+Hunter_vs_Mage+Shaman,Paladin+Hunter,Mage+Shaman,9,team1,kill,39.43
Paladin+Hunter_vs_Rogue+Priest,Paladin+Hunter,Rogue+Priest,0,team2,kill,82.95
Paladin+Hunter_vs_Rogue+Priest,Paladin+Hunter,Rogue+Priest,1,team2,kill,76.50
Paladin+Hunter_vs_Rogue+Priest,Paladin+Hunter,Rogue+Priest,2,team1,kill,54.75
Paladin+Hunter_vs_Rogue+Priest,Paladin+Hunter,Rogue+Priest,3,team2,kill,79.79
Paladin+Hunter_vs_Rogue+Priest,Paladin+Hunter,Rogue+Priest,4,team1,kill,64.40
Paladin+Hunter_vs_Rogue+Priest,Paladin+Hunter,Rogue+Priest,5,team2,kill,83.75
Paladin+Hunter_vs_Rogue+Priest,Paladin+Hunter,Rogue+Priest,6,team2,kill,76.50
Paladin+Hunter_vs_Rogue+Priest,Paladin+Hunter,Rogue+Priest,7,team1,kill,72.60
Paladin+Hunter_vs_Rogue+Priest,Paladin+Hunter,Rogue+Priest,8,team2,kill,74.73
Paladin+Hunter_vs_Rogue+Priest,Paladin+Hunter,Rogue+Priest,9,team2,kill,83.55
Paladin+Hunter_vs_Rogue+Warlock,Paladin+Hunter,Rogue+Warlock,0,team2,kill,51.48
Paladin+Hunter_vs_Rogue+Warlock,Paladin+Hunter,Rogue+Warlock,1,team2,kill,49.48
Paladin+Hunter_vs_Rogue+Warlock,Paladin+Hunter,Rogue+Warlock,2,team1,kill,33.95
Paladin+Hunter_vs_Rogue+Warlock,Paladin+Hunter,Rogue+Warlock,3,team2,kill,56.75
Paladin+Hunter_vs_Rogue+Warlock,Paladin+Hunter,Rogue+Warlock,4,team1,kill,34.60
Paladin+Hunter_vs_Rogue+Warlock,Paladin+Hunter,Rogue+Warlock,5,team1,kill,33.73
Paladin+Hunter_vs_Rogue+Warlock,Paladin+Hunter,Rogue+Warlock,6,team1,kill,32.10
Paladin+Hunter_vs_Rogue+Warlock,Paladin+Hunter,Rogue+Warlock,7,team1,kill,33.08
Paladin+Hunter_vs_Rogue+Warlock,Paladin+Hunter,Rogue+Warlock,8,team1,kill,35.53
Paladin+Hunter_vs_Rogue+Warlock,Paladin+Hunter,Rogue+Warlock,9,team1,kill,35.17
Paladin+Hunter_vs_Rogue+Paladin,Paladin+Hunter,Rogue+Paladin,0,team2,kill,87.10
Paladin+Hunter_vs_Rogue+Paladin,Paladin+Hunter,Rogue+Paladin,1,team1,kill,135.41
Paladin+Hunter_vs_Rogue+Paladin,Paladin+Hunter,Rogue+Paladin,2,team1,kill,96.94
Paladin+Hunter_vs_Rogue+Paladin,Paladin+Hunter,Rogue+Paladin,3,team1,kill,170.59
Paladin+Hunter_vs_Rogue+Paladin,Paladin+Hunter,Rogue+Paladin,4,team2,kill,72.37
Paladin+Hunter_vs_Rogue+Paladin,Paladin+Hunter,Rogue+Paladin,5,team1,kill,146.99
Paladin+Hunter_vs_Rogue+Paladin,Paladin+Hunter,Rogue+Paladin,6,team1,kill,142.88
Paladin+Hunter_vs_Rogue+Paladin,Paladin+Hunter,Rogue+Paladin,7,team2,kill,88.34
Paladin+Hunter_vs_Rogue+Paladin,Paladin+Hunter,Rogue+Paladin,8,team1,kill,163.77
Paladin+Hunter_vs_Rogue+Paladin,Paladin+Hunter,Rogue+Paladin,9,team2,kill,70.22
Paladin+Hunter_vs_Rogue+Hunter,Paladin+Hunter,Rogue+Hunter,0,team1,kill,25.35
Paladin+Hunter_vs_Rogue+Hunter,Paladin+Hunter,Rogue+Hunter,1,team1,kill,25.35
Paladin+Hunter_vs_Rogue+Hunter,Paladin+Hunter,Rogue+Hunter,2,team1,kill,23.72
Paladin+Hunter_vs_Rogue+Hunter,Paladin+Hunter,Rogue+Hunter,3,team1,kill,22.93
Paladin+Hunter_vs_Rogue+Hunter,Paladin+Hunter,Rogue+Hunter,4,team1,kill,25.35
Paladin+Hunter_vs_Rogue+Hunter,Paladin+Hunter,Rogue+Hunter,5,team1,kill,25.35
Paladin+Hunter_vs_Rogue+Hunter,Paladin+Hunter,Rogue+Hunter,6,team1,kill,25.15
Paladin+Hunter_vs_Rogue+Hunter,Paladin+Hunter,Rogue+Hunter,7,team1,kill,22.20
Paladin+Hunter_vs_Rogue+Hunter,Paladin+Hunter,Rogue+Hunter,8,team1,kill,22.93
Paladin+Hunter_vs_Rogue+Hunter,Paladin+Hunter,Rogue+Hunter,9,team1,kill,22.93
Paladin+Hunter_vs_Rogue+Shaman,Paladin+Hunter,Rogue+Shaman,0,team2,kill,71.15
Paladin+Hunter_vs_Rogue+Shaman,Paladin+Hunter,Rogue+Shaman,1,team2,kill,80.64
Paladin+Hunter_vs_Rogue+Shaman,Paladin+Hunter,Rogue+Shaman,2,team1,kill,60.88
Paladin+Hunter_vs_Rogue+Shaman,Paladin+Hunter,Rogue+Shaman,3,team2,kill,87.12
Paladin+Hunter_vs_Rogue+Shaman,Paladin+Hunter,Rogue+Shaman,4,team2,kill,77.87
Paladin+Hunter_vs_Rogue+Shaman,Paladin+Hunter,Rogue+Shaman,5,team1,kill,68.55
Paladin+Hunter_vs_Rogue+Shaman,Paladin+Hunter,Rogue+Shaman,6,team2,kill,82.10
Paladin+Hunter_vs_Rogue+Shaman,Paladin+Hunter,Rogue+Shaman,7,team2,kill,77.39
Paladin+Hunter_vs_Rogue+Shaman,Paladin+Hunter,Rogue+Shaman,8,team2,kill,75.43
Paladin+Hunter_vs_Rogue+Shaman,Paladin+Hunter,Rogue+Shaman,9,team2,kill,72.87
Paladin+Hunter_vs_Priest+Warlock,Paladin+Hunter,Priest+Warlock,0,team1,kill,153.21
Paladin+Hunter_vs_Priest+Warlock,Paladin+Hunter,Priest+Warlock,1,team2,kill,81.67
Paladin+Hunter_vs_Priest+Warlock,Paladin+Hunter,Priest+Warlock,2,team2,kill,67.07
Paladin+Hunter_vs_Priest+Warlock,Paladin+Hunter,Priest+Warlock,3,team2,kill,74.52
Paladin+Hunter_vs_Priest+Warlock,Paladin+Hunter,Priest+Warlock,4,team2,kill,62.15
Paladin+Hunter_vs_Priest+Warlock,Paladin+Hunter,Priest+Warlock,5,team2,kill,78.89
Paladin+Hunter_vs_Priest+Warlock,Paladin+Hunter,Priest+Warlock,6,team2,kill,65.87
Paladin+Hunter_vs_Priest+Warlock,Paladin+Hunter,Priest+Warlock,7,team2,kill,86.64
Paladin+Hunter_vs_Priest+Warlock,Paladin+Hunter,Priest+Warlock,8,team2,kill,70.52
Paladin+Hunter_vs_Priest+Warlock,Paladin+Hunter,Priest+Warlock,9,team2,kill,74.40
Paladin+Hunter_vs_Priest+Hunter,Paladin+Hunter,Priest+Hunter,0,team2,kill,73.15
Paladin+Hunter_vs_Priest+Hunter,Paladin+Hunter,Priest+Hunter,1,team1,kill,61.93
Paladin+Hunter_vs_Priest+Hunter,Paladin+Hunter,Priest+Hunter,2,team1,kill,59.27
Paladin+Hunter_vs_Priest+Hunter,Paladin+Hunter,Priest+Hunter,3,team2,kill,167.30
Paladin+Hunter_vs_Priest+Hunter,Paladin+Hunter,Priest+Hunter,4,team2,kill,70.77
Paladin+Hunter_vs_Priest+Hunter,Paladin+Hunter,Priest+Hunter,5,team1,kill,57.37
Paladin+Hunter_vs_Priest+Hunter,Paladin+Hunter,Priest+Hunter,6,team2,kill,87.55
Paladin+Hunter_vs_Priest+Hunter,Paladin+Hunter,Priest+Hunter,7,team1,kill,57.48
Paladin+Hunter_vs_Priest+Hunter,Paladin+Hunter,Priest+Hunter,8,team1,kill,56.43
Paladin+Hunter_vs_Priest+Hunter,Paladin+Hunter,Priest+Hunter,9,team1,kill,61.68
Paladin+Hunter_vs_Warlock+Paladin,Paladin+Hunter,Warlock+Paladin,0,team1,kill,117.44
Paladin+Hunter_vs_Warlock+Paladin,Paladin+Hunter,Warlock+Paladin,1,team2,kill,126.81
Paladin+Hunter_vs_Warlock+Paladin,Paladin+Hunter,Warlock+Paladin,2,team1,kill,146.34
Paladin+Hunter_vs_Warlock+Paladin,Paladin+Hunter,Warlock+Paladin,3,team2,kill,136.61
Paladin+Hunter_vs_Warlock+Paladin,Paladin+Hunter,Warlock+Paladin,4,team2,kill,183.13
Paladin+Hunter_vs_Warlock+Paladin,Paladin+Hunter,Warlock+Paladin,5,team2,kill,147.32
Paladin+Hunter_vs_Warlock+Paladin,Paladin+Hunter,Warlock+Paladin,6,team1,kill,127.56
Paladin+Hunter_vs_Warlock+Paladin,Paladin+Hunter,Warlock+Paladin,7,team2,kill,98.44
Paladin+Hunter_vs_Warlock+Paladin,Paladin+Hunter,Warlock+Paladin,8,team2,kill,123.80
Paladin+Hunter_vs_Warlock+Paladin,Paladin+Hunter,Warlock+Paladin,9,team1,kill,114.01
Paladin+Hunter_vs_Warlock+Hunter,Paladin+Hunter,Warlock+Hunter,0,team1,kill,37.48
Paladin+Hunter_vs_Warlock+Hunter,Paladin+Hunter,Warlock+Hunter,1,team1,kill,33.55
Paladin+Hunter_vs_Warlock+Hunter,Paladin+Hunter,Warlock+Hunter,2,team1,kill,28.95
Paladin+Hunter_vs_Warlock+Hunter,Paladin+Hunter,Warlock+Hunter,3,team2,kill,57.27
Paladin+Hunter_vs_Warlock+Hunter,Paladin+Hunter,Warlock+Hunter,4,team1,kill,31.23
Paladin+Hunter_vs_Warlock+Hunter,Paladin+Hunter,Warlock+Hunter,5,team2,kill,57.57
Paladin+Hunter_vs_Warlock+Hunter,Paladin+Hunter,Warlock+Hunter,6,team2,kill,48.30
Paladin+Hunter_vs_Warlock+Hunter,Paladin+Hunter,Warlock+Hunter,7,team2,kill,50.28
Paladin+Hunter_vs_Warlock+Hunter,Paladin+Hunter,Warlock+Hunter,8,team2,kill,55.20
Paladin+Hunter_vs_Warlock+Hunter,Paladin+Hunter,Warlock+Hunter,9,team1,kill,33.25
Paladin+Hunter_vs_Warlock+Shaman,Paladin+Hunter,Warlock+Shaman,0,draw,cap,300.00
Paladin+Hunter_vs_Warlock+Shaman,Paladin+Hunter,Warlock+Shaman,1,team2,kill,75.22
Paladin+Hunter_vs_Warlock+Shaman,Paladin+Hunter,Warlock+Shaman,2,team1,kill,282.61
Paladin+Hunter_vs_Warlock+Shaman,Paladin+Hunter,Warlock+Shaman,3,team2,kill,74.82
Paladin+Hunter_vs_Warlock+Shaman,Paladin+Hunter,Warlock+Shaman,4,team2,kill,87.89
Paladin+Hunter_vs_Warlock+Shaman,Paladin+Hunter,Warlock+Shaman,5,team2,kill,96.09
Paladin+Hunter_vs_Warlock+Shaman,Paladin+Hunter,Warlock+Shaman,6,team1,kill,45.03
Paladin+Hunter_vs_Warlock+Shaman,Paladin+Hunter,Warlock+Shaman,7,team1,kill,257.93
Paladin+Hunter_vs_Warlock+Shaman,Paladin+Hunter,Warlock+Shaman,8,team1,kill,86.09
Paladin+Hunter_vs_Warlock+Shaman,Paladin+Hunter,Warlock+Shaman,9,team1,kill,294.19
Paladin+Hunter_vs_Paladin+Hunter,Paladin+Hunter,Paladin+Hunter,0,team1,kill,82.44
Paladin+Hunter_vs_Paladin+Hunter,Paladin+Hunter,Paladin+Hunter,1,team2,kill,99.52
Paladin+Hunter_vs_Paladin+Hunter,Paladin+Hunter,Paladin+Hunter,2,team1,kill,94.14
Paladin+Hunter_vs_Paladin+Hunter,Paladin+Hunter,Paladin+Hunter,3,team2,kill,99.96
Paladin+Hunter_vs_Paladin+Hunter,Paladin+Hunter,Paladin+Hunter,4,team2,kill,98.56
Paladin+Hunter_vs_Paladin+Hunter,Paladin+Hunter,Paladin+Hunter,5,team2,kill,94.37
Paladin+Hunter_vs_Paladin+Hunter,Paladin+Hunter,Paladin+Hunter,6,team2,kill,160.64
Paladin+Hunter_vs_Paladin+Hunter,Paladin+Hunter,Paladin+Hunter,7,team2,kill,98.29
Paladin+Hunter_vs_Paladin+Hunter,Paladin+Hunter,Paladin+Hunter,8,team2,kill,90.70
Paladin+Hunter_vs_Paladin+Hunter,Paladin+Hunter,Paladin+Hunter,9,team2,kill,82.54
Paladin+Hunter_vs_Hunter+Shaman,Paladin+Hunter,Hunter+Shaman,0,team1,kill,90.44
Paladin+Hunter_vs_Hunter+Shaman,Paladin+Hunter,Hunter+Shaman,1,team1,kill,87.80
Paladin+Hunter_vs_Hunter+Shaman,Paladin+Hunter,Hunter+Shaman,2,team1,kill,53.28
Paladin+Hunter_vs_Hunter+Shaman,Paladin+Hunter,Hunter+Shaman,3,team1,kill,134.89
Paladin+Hunter_vs_Hunter+Shaman,Paladin+Hunter,Hunter+Shaman,4,team1,kill,93.46
Paladin+Hunter_vs_Hunter+Shaman,Paladin+Hunter,Hunter+Shaman,5,team1,kill,85.69
Paladin+Hunter_vs_Hunter+Shaman,Paladin+Hunter,Hunter+Shaman,6,team1,kill,73.15
Paladin+Hunter_vs_Hunter+Shaman,Paladin+Hunter,Hunter+Shaman,7,team1,kill,72.57
Paladin+Hunter_vs_Hunter+Shaman,Paladin+Hunter,Hunter+Shaman,8,team1,kill,75.33
Paladin+Hunter_vs_Hunter+Shaman,Paladin+Hunter,Hunter+Shaman,9,team1,kill,91.07
Hunter+Shaman_vs_Warrior+Mage,Hunter+Shaman,Warrior+Mage,0,team2,kill,23.18
Hunter+Shaman_vs_Warrior+Mage,Hunter+Shaman,Warrior+Mage,1,team2,kill,26.20
Hunter+Shaman_vs_Warrior+Mage,Hunter+Shaman,Warrior+Mage,2,team2,kill,26.90
Hunter+Shaman_vs_Warrior+Mage,Hunter+Shaman,Warrior+Mage,3,team2,kill,28.23
Hunter+Shaman_vs_Warrior+Mage,Hunter+Shaman,Warrior+Mage,4,team2,kill,21.65
Hunter+Shaman_vs_Warrior+Mage,Hunter+Shaman,Warrior+Mage,5,team2,kill,23.37
Hunter+Shaman_vs_Warrior+Mage,Hunter+Shaman,Warrior+Mage,6,team2,kill,24.67
Hunter+Shaman_vs_Warrior+Mage,Hunter+Shaman,Warrior+Mage,7,team2,kill,25.18
Hunter+Shaman_vs_Warrior+Mage,Hunter+Shaman,Warrior+Mage,8,team2,kill,25.12
Hunter+Shaman_vs_Warrior+Mage,Hunter+Shaman,Warrior+Mage,9,team2,kill,23.37
Hunter+Shaman_vs_Warrior+Rogue,Hunter+Shaman,Warrior+Rogue,0,team1,kill,15.37
Hunter+Shaman_vs_Warrior+Rogue,Hunter+Shaman,Warrior+Rogue,1,team1,kill,13.80
Hunter+Shaman_vs_Warrior+Rogue,Hunter+Shaman,Warrior+Rogue,2,team1,kill,16.15
Hunter+Shaman_vs_Warrior+Rogue,Hunter+Shaman,Warrior+Rogue,3,team1,kill,14.58
Hunter+Shaman_vs_Warrior+Rogue,Hunter+Shaman,Warrior+Rogue,4,team1,kill,15.37
Hunter+Shaman_vs_Warrior+Rogue,Hunter+Shaman,Warrior+Rogue,5,team1,kill,13.97
Hunter+Shaman_vs_Warrior+Rogue,Hunter+Shaman,Warrior+Rogue,6,team1,kill,13.97
Hunter+Shaman_vs_Warrior+Rogue,Hunter+Shaman,Warrior+Rogue,7,team1,kill,15.53
Hunter+Shaman_vs_Warrior+Rogue,Hunter+Shaman,Warrior+Rogue,8,team1,kill,16.15
Hunter+Shaman_vs_Warrior+Rogue,Hunter+Shaman,Warrior+Rogue,9,team1,kill,15.53
Hunter+Shaman_vs_Warrior+Priest,Hunter+Shaman,Warrior+Priest,0,team2,kill,28.53
Hunter+Shaman_vs_Warrior+Priest,Hunter+Shaman,Warrior+Priest,1,team1,kill,60.30
Hunter+Shaman_vs_Warrior+Priest,Hunter+Shaman,Warrior+Priest,2,team2,kill,64.83
Hunter+Shaman_vs_Warrior+Priest,Hunter+Shaman,Warrior+Priest,3,team1,kill,59.42
Hunter+Shaman_vs_Warrior+Priest,Hunter+Shaman,Warrior+Priest,4,team1,kill,55.42
Hunter+Shaman_vs_Warrior+Priest,Hunter+Shaman,Warrior+Priest,5,team1,kill,61.75
Hunter+Shaman_vs_Warrior+Priest,Hunter+Shaman,Warrior+Priest,6,team1,kill,68.83
Hunter+Shaman_vs_Warrior+Priest,Hunter+Shaman,Warrior+Priest,7,team1,kill,59.90
Hunter+Shaman_vs_Warrior+Priest,Hunter+Shaman,Warrior+Priest,8,team1,kill,29.50
Hunter+Shaman_vs_Warrior+Priest,Hunter+Shaman,Warrior+Priest,9,team1,kill,59.52
Hunter+Shaman_vs_Warrior+Warlock,Hunter+Shaman,Warrior+Warlock,0,team2,kill,24.98
Hunter+Shaman_vs_Warrior+Warlock,Hunter+Shaman,Warrior+Warlock,1,team2,kill,24.13
Hunter+Shaman_vs_Warrior+Warlock,Hunter+Shaman,Warrior+Warlock,2,team1,kill,43.75
Hunter+Shaman_vs_Warrior+Warlock,Hunter+Shaman,Warrior+Warlock,3,team2,kill,27.48
Hunter+Shaman_vs_Warrior+Warlock,Hunter+Shaman,Warrior+Warlock,4,team2,kill,25.77
Hunter+Shaman_vs_Warrior+Warlock,Hunter+Shaman,Warrior+Warlock,5,team2,kill,22.55
Hunter+Shaman_vs_Warrior+Warlock,Hunter+Shaman,Warrior+Warlock,6,team2,kill,43.48
Hunter+Shaman_vs_Warrior+Warlock,Hunter+Shaman,Warrior+Warlock,7,team2,kill,31.38
Hunter+Shaman_vs_Warrior+Warlock,Hunter+Shaman,Warrior+Warlock,8,team2,kill,24.20
Hunter+Shaman_vs_Warrior+Warlock,Hunter+Shaman,Warrior+Warlock,9,team2,kill,24.78
Hunter+Shaman_vs_Warrior+Paladin,Hunter+Shaman,Warrior+Paladin,0,team2,kill,97.04
Hunter+Shaman_vs_Warrior+Paladin,Hunter+Shaman,Warrior+Paladin,1,team2,kill,94.76
Hunter+Shaman_vs_Warrior+Paladin,Hunter+Shaman,Warrior+Paladin,2,team2,kill,73.18
Hunter+Shaman_vs_Warrior+Paladin,Hunter+Shaman,Warrior+Paladin,3,team2,kill,98.49
Hunter+Shaman_vs_Warrior+Paladin,Hunter+Shaman,Warrior+Paladin,4,team2,kill,96.96
Hunter+Shaman_vs_Warrior+Paladin,Hunter+Shaman,Warrior+Paladin,5,team2,kill,107.71
Hunter+Shaman_vs_Warrior+Paladin,Hunter+Shaman,Warrior+Paladin,6,team1,kill,113.46
Hunter+Shaman_vs_Warrior+Paladin,Hunter+Shaman,Warrior+Paladin,7,team2,kill,98.11
Hunter+Shaman_vs_Warrior+Paladin,Hunter+Shaman,Warrior+Paladin,8,team1,kill,106.67
Hunter+Shaman_vs_Warrior+Paladin,Hunter+Shaman,Warrior+Paladin,9,team2,kill,88.55
Hunter+Shaman_vs_Warrior+Hunter,Hunter+Shaman,Warrior+Hunter,0,team1,kill,17.58
Hunter+Shaman_vs_Warrior+Hunter,Hunter+Shaman,Warrior+Hunter,1,team1,kill,19.15
Hunter+Shaman_vs_Warrior+Hunter,Hunter+Shaman,Warrior+Hunter,2,team1,kill,14.97
Hunter+Shaman_vs_Warrior+Hunter,Hunter+Shaman,Warrior+Hunter,3,team1,kill,17.22
Hunter+Shaman_vs_Warrior+Hunter,Hunter+Shaman,Warrior+Hunter,4,team1,kill,16.80
Hunter+Shaman_vs_Warrior+Hunter,Hunter+Shaman,Warrior+Hunter,5,team1,kill,17.22
Hunter+Shaman_vs_Warrior+Hunter,Hunter+Shaman,Warrior+Hunter,6,team1,kill,17.22
Hunter+Shaman_vs_Warrior+Hunter,Hunter+Shaman,Warrior+Hunter,7,team1,kill,19.60
Hunter+Shaman_vs_Warrior+Hunter,Hunter+Shaman,Warrior+Hunter,8,team1,kill,19.60
Hunter+Shaman_vs_Warrior+Hunter,Hunter+Shaman,Warrior+Hunter,9,team1,kill,19.60
Hunter+Shaman_vs_Warrior+Shaman,Hunter+Shaman,Warrior+Shaman,0,team1,kill,53.68
Hunter+Shaman_vs_Warrior+Shaman,Hunter+Shaman,Warrior+Shaman,1,team2,kill,27.97
Hunter+Shaman_vs_Warrior+Shaman,Hunter+Shaman,Warrior+Shaman,2,team1,kill,60.70
Hunter+Shaman_vs_Warrior+Shaman,Hunter+Shaman,Warrior+Shaman,3,team1,kill,64.57
Hunter+Shaman_vs_Warrior+Shaman,Hunter+Shaman,Warrior+Shaman,4,team1,kill,57.82
Hunter+Shaman_vs_Warrior+Shaman,Hunter+Shaman,Warrior+Shaman,5,team1,kill,56.62
Hunter+Shaman_vs_Warrior+Shaman,Hunter+Shaman,Warrior+Shaman,6,team2,kill,22.30
Hunter+Shaman_vs_Warrior+Shaman,Hunter+Shaman,Warrior+Shaman,7,team1,kill,46.63
Hunter+Shaman_vs_Warrior+Shaman,Hunter+Shaman,Warrior+Shaman,8,team1,kill,46.67
Hunter+Shaman_vs_Warrior+Shaman,Hunter+Shaman,Warrior+Shaman,9,team1,kill,48.08
Hunter+Shaman_vs_Mage+Rogue,Hunter+Shaman,Mage+Rogue,0,team2,kill,21.70
Hunter+Shaman_vs_Mage+Rogue,Hunter+Shaman,Mage+Rogue,1,team2,kill,25.30
Hunter+Shaman_vs_Mage+Rogue,Hunter+Shaman,Mage+Rogue,2,team2,kill,21.57
Hunter+Shaman_vs_Mage+Rogue,Hunter+Shaman,Mage+Rogue,3,team2,kill,21.40
Hunter+Shaman_vs_Mage+Rogue,Hunter+Shaman,Mage+Rogue,4,team2,kill,23.85
Hunter+Shaman_vs_Mage+Rogue,Hunter+Shaman,Mage+Rogue,5,team2,kill,23.80
Hunter+Shaman_vs_Mage+Rogue,Hunter+Shaman,Mage+Rogue,6,team2,kill,29.18
Hunter+Shaman_vs_Mage+Rogue,Hunter+Shaman,Mage+Rogue,7,team2,kill,21.40
Hunter+Shaman_vs_Mage+Rogue,Hunter+Shaman,Mage+Rogue,8,team2,kill,23.85
Hunter+Shaman_vs_Mage+Rogue,Hunter+Shaman,Mage+Rogue,9,team2,kill,28.00
Hunter+Shaman_vs_Mage+Priest,Hunter+Shaman,Mage+Priest,0,team2,kill,59.90
Hunter+Shaman_vs_Mage+Priest,Hunter+Shaman,Mage+Priest,1,team2,kill,34.90
Hunter+Shaman_vs_Mage+Priest,Hunter+Shaman,Mage+Priest,2,team2,kill,29.92
Hunter+Shaman_vs_Mage+Priest,Hunter+Shaman,Mage+Priest,3,team2,kill,33.15
Hunter+Shaman_vs_Mage+Priest,Hunter+Shaman,Mage+Priest,4,team2,kill,30.10
Hunter+Shaman_vs_Mage+Priest,Hunter+Shaman,Mage+Priest,5,team2,kill,67.58
Hunter+Shaman_vs_Mage+Priest,Hunter+Shaman,Mage+Priest,6,team2,kill,29.55
Hunter+Shaman_vs_Mage+Priest,Hunter+Shaman,Mage+Priest,7,team2,kill,31.50
Hunter+Shaman_vs_Mage+Priest,Hunter+Shaman,Mage+Priest,8,team2,kill,29.32
Hunter+Shaman_vs_Mage+Priest,Hunter+Shaman,Mage+Priest,9,team2,kill,35.08
Hunter+Shaman_vs_Mage+Warlock,Hunter+Shaman,Mage+Warlock,0,team2,kill,27.70
Hunter+Shaman_vs_Mage+Warlock,Hunter+Shaman,Mage+Warlock,1,team2,kill,25.52
Hunter+Shaman_vs_Mage+Warlock,Hunter+Shaman,Mage+Warlock,2,team2,kill,26.57
Hunter+Shaman_vs_Mage+Warlock,Hunter+Shaman,Mage+Warlock,3,team2,kill,28.72
Hunter+Shaman_vs_Mage+Warlock,Hunter+Shaman,Mage+Warlock,4,team2,kill,24.60
Hunter+Shaman_vs_Mage+Warlock,Hunter+Shaman,Mage+Warlock,5,team2,kill,26.62
Hunter+Shaman_vs_Mage+Warlock,Hunter+Shaman,Mage+Warlock,6,team2,kill,25.97
Hunter+Shaman_vs_Mage+Warlock,Hunter+Shaman,Mage+Warlock,7,team2,kill,36.37
Hunter+Shaman_vs_Mage+Warlock,Hunter+Shaman,Mage+Warlock,8,team2,kill,25.47
Hunter+Shaman_vs_Mage+Warlock,Hunter+Shaman,Mage+Warlock,9,team2,kill,26.93
Hunter+Shaman_vs_Mage+Paladin,Hunter+Shaman,Mage+Paladin,0,team2,kill,29.85
Hunter+Shaman_vs_Mage+Paladin,Hunter+Shaman,Mage+Paladin,1,team2,kill,33.40
Hunter+Shaman_vs_Mage+Paladin,Hunter+Shaman,Mage+Paladin,2,team2,kill,28.60
Hunter+Shaman_vs_Mage+Paladin,Hunter+Shaman,Mage+Paladin,3,team2,kill,31.08
Hunter+Shaman_vs_Mage+Paladin,Hunter+Shaman,Mage+Paladin,4,team2,kill,17.88
Hunter+Shaman_vs_Mage+Paladin,Hunter+Shaman,Mage+Paladin,5,team2,kill,31.60
Hunter+Shaman_vs_Mage+Paladin,Hunter+Shaman,Mage+Paladin,6,team2,kill,29.25
Hunter+Shaman_vs_Mage+Paladin,Hunter+Shaman,Mage+Paladin,7,team2,kill,29.58
Hunter+Shaman_vs_Mage+Paladin,Hunter+Shaman,Mage+Paladin,8,team2,kill,28.00
Hunter+Shaman_vs_Mage+Paladin,Hunter+Shaman,Mage+Paladin,9,team2,kill,36.68
Hunter+Shaman_vs_Mage+Hunter,Hunter+Shaman,Mage+Hunter,0,team2,kill,30.03
Hunter+Shaman_vs_Mage+Hunter,Hunter+Shaman,Mage+Hunter,1,team2,kill,20.35
Hunter+Shaman_vs_Mage+Hunter,Hunter+Shaman,Mage+Hunter,2,team2,kill,26.78
Hunter+Shaman_vs_Mage+Hunter,Hunter+Shaman,Mage+Hunter,3,team1,kill,23.90
Hunter+Shaman_vs_Mage+Hunter,Hunter+Shaman,Mage+Hunter,4,team2,kill,16.02
Hunter+Shaman_vs_Mage+Hunter,Hunter+Shaman,Mage+Hunter,5,team1,kill,15.93
Hunter+Shaman_vs_Mage+Hunter,Hunter+Shaman,Mage+Hunter,6,team2,kill,29.23
Hunter+Shaman_vs_Mage+Hunter,Hunter+Shaman,Mage+Hunter,7,team2,kill,16.28
Hunter+Shaman_vs_Mage+Hunter,Hunter+Shaman,Mage+Hunter,8,team2,kill,29.02
Hunter+Shaman_vs_Mage+Hunter,Hunter+Shaman,Mage+Hunter,9,team2,kill,46.12
Hunter+Shaman_vs_Mage+Shaman,Hunter+Shaman,Mage+Shaman,0,team2,kill,14.70
Hunter+Shaman_vs_Mage+Shaman,Hunter+Shaman,Mage+Shaman,1,team2,kill,14.70
Hunter+Shaman_vs_Mage+Shaman,Hunter+Shaman,Mage+Shaman,2,team2,kill,14.70
Hunter+Shaman_vs_Mage+Shaman,Hunter+Shaman,Mage+Shaman,3,team2,kill,14.70
Hunter+Shaman_vs_Mage+Shaman,Hunter+Shaman,Mage+Shaman,4,team2,kill,14.03
Hunter+Shaman_vs_Mage+Shaman,Hunter+Shaman,Mage+Shaman,5,team2,kill,14.70
Hunter+Shaman_vs_Mage+Shaman,Hunter+Shaman,Mage+Shaman,6,team2,kill,14.70
Hunter+Shaman_vs_Mage+Shaman,Hunter+Shaman,Mage+Shaman,7,team2,kill,14.70
Hunter+Shaman_vs_Mage+Shaman,Hunter+Shaman,Mage+Shaman,8,team2,kill,14.70
Hunter+Shaman_vs_Mage+Shaman,Hunter+Shaman,Mage+Shaman,9,team2,kill,13.53
Hunter+Shaman_vs_Rogue+Priest,Hunter+Shaman,Rogue+Priest,0,team2,kill,39.00
Hunter+Shaman_vs_Rogue+Priest,Hunter+Shaman,Rogue+Priest,1,team2,kill,44.40
Hunter+Shaman_vs_Rogue+Priest,Hunter+Shaman,Rogue+Priest,2,team1,kill,77.57
Hunter+Shaman_vs_Rogue+Priest,Hunter+Shaman,Rogue+Priest,3,team1,kill,75.80
Hunter+Shaman_vs_Rogue+Priest,Hunter+Shaman,Rogue+Priest,4,team2,kill,50.23
Hunter+Shaman_vs_Rogue+Priest,Hunter+Shaman,Rogue+Priest,5,team2,kill,46.87
Hunter+Shaman_vs_Rogue+Priest,Hunter+Shaman,Rogue+Priest,6,team2,kill,44.93
Hunter+Shaman_vs_Rogue+Priest,Hunter+Shaman,Rogue+Priest,7,team2,kill,35.78
Hunter+Shaman_vs_Rogue+Priest,Hunter+Shaman,Rogue+Priest,8,team2,kill,45.97
Hunter+Shaman_vs_Rogue+Priest,Hunter+Shaman,Rogue+Priest,9,team2,kill,60.93
Hunter+Shaman_vs_Rogue+Warlock,Hunter+Shaman,Rogue+Warlock,0,team1,kill,28.12
Hunter+Shaman_vs_Rogue+Warlock,Hunter+Shaman,Rogue+Warlock,1,team1,kill,28.10
Hunter+Shaman_vs_Rogue+Warlock,Hunter+Shaman,Rogue+Warlock,2,team1,kill,28.12
Hunter+Shaman_vs_Rogue+Warlock,Hunter+Shaman,Rogue+Warlock,3,team1,kill,28.62
Hunter+Shaman_vs_Rogue+Warlock,Hunter+Shaman,Rogue+Warlock,4,team1,kill,27.38
Hunter+Shaman_vs_Rogue+Warlock,Hunter+Shaman,Rogue+Warlock,5,team1,kill,28.60
Hunter+Shaman_vs_Rogue+Warlock,Hunter+Shaman,Rogue+Warlock,6,team1,kill,29.93
Hunter+Shaman_vs_Rogue+Warlock,Hunter+Shaman,Rogue+Warlock,7,team1,kill,28.37
Hunter+Shaman_vs_Rogue+Warlock,Hunter+Shaman,Rogue+Warlock,8,team1,kill,28.87
Hunter+Shaman_vs_Rogue+Warlock,Hunter+Shaman,Rogue+Warlock,9,team1,kill,28.12
Hunter+Shaman_vs_Rogue+Paladin,Hunter+Shaman,Rogue+Paladin,0,team1,kill,77.19
Hunter+Shaman_vs_Rogue+Paladin,Hunter+Shaman,Rogue+Paladin,1,team2,kill,36.35
Hunter+Shaman_vs_Rogue+Paladin,Hunter+Shaman,Rogue+Paladin,2,team2,kill,70.18
Hunter+Shaman_vs_Rogue+Paladin,Hunter+Shaman,Rogue+Paladin,3,team1,kill,106.09
Hunter+Shaman_vs_Rogue+Paladin,Hunter+Shaman,Rogue+Paladin,4,team2,kill,33.55
Hunter+Shaman_vs_Rogue+Paladin,Hunter+Shaman,Rogue+Paladin,5,team2,kill,78.05
Hunter+Shaman_vs_Rogue+Paladin,Hunter+Shaman,Rogue+Paladin,6,team2,kill,57.52
Hunter+Shaman_vs_Rogue+Paladin,Hunter+Shaman,Rogue+Paladin,7,team2,kill,45.18
Hunter+Shaman_vs_Rogue+Paladin,Hunter+Shaman,Rogue+Paladin,8,team2,kill,35.18
Hunter+Shaman_vs_Rogue+Paladin,Hunter+Shaman,Rogue+Paladin,9,team2,kill,70.82
Hunter+Shaman_vs_Rogue+Hunter,Hunter+Shaman,Rogue+Hunter,0,team1,kill,19.37
Hunter+Shaman_vs_Rogue+Hunter,Hunter+Shaman,Rogue+Hunter,1,team1,kill,19.37
Hunter+Shaman_vs_Rogue+Hunter,Hunter+Shaman,Rogue+Hunter,2,team1,kill,19.37
Hunter+Shaman_vs_Rogue+Hunter,Hunter+Shaman,Rogue+Hunter,3,team1,kill,18.32
Hunter+Shaman_vs_Rogue+Hunter,Hunter+Shaman,Rogue+Hunter,4,team1,kill,19.37
Hunter+Shaman_vs_Rogue+Hunter,Hunter+Shaman,Rogue+Hunter,5,team1,kill,19.37
Hunter+Shaman_vs_Rogue+Hunter,Hunter+Shaman,Rogue+Hunter,6,team1,kill,19.37
Hunter+Shaman_vs_Rogue+Hunter,Hunter+Shaman,Rogue+Hunter,7,team1,kill,16.38
Hunter+Shaman_vs_Rogue+Hunter,Hunter+Shaman,Rogue+Hunter,8,team1,kill,19.37
Hunter+Shaman_vs_Rogue+Hunter,Hunter+Shaman,Rogue+Hunter,9,team1,kill,19.37
Hunter+Shaman_vs_Rogue+Shaman,Hunter+Shaman,Rogue+Shaman,0,team2,kill,39.57
Hunter+Shaman_vs_Rogue+Shaman,Hunter+Shaman,Rogue+Shaman,1,team2,kill,68.65
Hunter+Shaman_vs_Rogue+Shaman,Hunter+Shaman,Rogue+Shaman,2,team2,kill,41.08
Hunter+Shaman_vs_Rogue+Shaman,Hunter+Shaman,Rogue+Shaman,3,team1,kill,90.02
Hunter+Shaman_vs_Rogue+Shaman,Hunter+Shaman,Rogue+Shaman,4,team2,kill,39.75
Hunter+Shaman_vs_Rogue+Shaman,Hunter+Shaman,Rogue+Shaman,5,team2,kill,55.92
Hunter+Shaman_vs_Rogue+Shaman,Hunter+Shaman,Rogue+Shaman,6,team2,kill,49.22
Hunter+Shaman_vs_Rogue+Shaman,Hunter+Shaman,Rogue+Shaman,7,team2,kill,41.08
Hunter+Shaman_vs_Rogue+Shaman,Hunter+Shaman,Rogue+Shaman,8,team2,kill,55.37
Hunter+Shaman_vs_Rogue+Shaman,Hunter+Shaman,Rogue+Shaman,9,team2,kill,58.95
Hunter+Shaman_vs_Priest+Warlock,Hunter+Shaman,Priest+Warlock,0,team2,kill,31.73
Hunter+Shaman_vs_Priest+Warlock,Hunter+Shaman,Priest+Warlock,1,team2,kill,36.58
Hunter+Shaman_vs_Priest+Warlock,Hunter+Shaman,Priest+Warlock,2,team2,kill,33.43
Hunter+Shaman_vs_Priest+Warlock,Hunter+Shaman,Priest+Warlock,3,team2,kill,41.78
Hunter+Shaman_vs_Priest+Warlock,Hunter+Shaman,Priest+Warlock,4,team2,kill,49.27
Hunter+Shaman_vs_Priest+Warlock,Hunter+Shaman,Priest+Warlock,5,team2,kill,37.67
Hunter+Shaman_vs_Priest+Warlock,Hunter+Shaman,Priest+Warlock,6,team2,kill,48.78
Hunter+Shaman_vs_Priest+Warlock,Hunter+Shaman,Priest+Warlock,7,team2,kill,35.57
Hunter+Shaman_vs_Priest+Warlock,Hunter+Shaman,Priest+Warlock,8,team2,kill,44.18
Hunter+Shaman_vs_Priest+Warlock,Hunter+Shaman,Priest+Warlock,9,team2,kill,29.48
Hunter+Shaman_vs_Priest+Hunter,Hunter+Shaman,Priest+Hunter,0,team1,kill,55.23
Hunter+Shaman_vs_Priest+Hunter,Hunter+Shaman,Priest+Hunter,1,team1,kill,55.02
Hunter+Shaman_vs_Priest+Hunter,Hunter+Shaman,Priest+Hunter,2,team1,kill,47.12
Hunter+Shaman_vs_Priest+Hunter,Hunter+Shaman,Priest+Hunter,3,team1,kill,52.53
Hunter+Shaman_vs_Priest+Hunter,Hunter+Shaman,Priest+Hunter,4,team1,kill,47.07
Hunter+Shaman_vs_Priest+Hunter,Hunter+Shaman,Priest+Hunter,5,team1,kill,47.70
Hunter+Shaman_vs_Priest+Hunter,Hunter+Shaman,Priest+Hunter,6,team1,kill,47.10
Hunter+Shaman_vs_Priest+Hunter,Hunter+Shaman,Priest+Hunter,7,team1,kill,63.20
Hunter+Shaman_vs_Priest+Hunter,Hunter+Shaman,Priest+Hunter,8,team1,kill,50.10
Hunter+Shaman_vs_Priest+Hunter,Hunter+Shaman,Priest+Hunter,9,team1,kill,53.82
Hunter+Shaman_vs_Warlock+Paladin,Hunter+Shaman,Warlock+Paladin,0,team2,kill,42.98
Hunter+Shaman_vs_Warlock+Paladin,Hunter+Shaman,Warlock+Paladin,1,team2,kill,46.05
Hunter+Shaman_vs_Warlock+Paladin,Hunter+Shaman,Warlock+Paladin,2,team2,kill,44.40
Hunter+Shaman_vs_Warlock+Paladin,Hunter+Shaman,Warlock+Paladin,3,team2,kill,56.13
Hunter+Shaman_vs_Warlock+Paladin,Hunter+Shaman,Warlock+Paladin,4,team2,kill,42.98
Hunter+Shaman_vs_Warlock+Paladin,Hunter+Shaman,Warlock+Paladin,5,team2,kill,56.95
Hunter+Shaman_vs_Warlock+Paladin,Hunter+Shaman,Warlock+Paladin,6,team2,kill,54.25
Hunter+Shaman_vs_Warlock+Paladin,Hunter+Shaman,Warlock+Paladin,7,team2,kill,42.98
Hunter+Shaman_vs_Warlock+Paladin,Hunter+Shaman,Warlock+Paladin,8,team2,kill,42.98
Hunter+Shaman_vs_Warlock+Paladin,Hunter+Shaman,Warlock+Paladin,9,team2,kill,41.13
Hunter+Shaman_vs_Warlock+Hunter,Hunter+Shaman,Warlock+Hunter,0,team1,kill,25.67
Hunter+Shaman_vs_Warlock+Hunter,Hunter+Shaman,Warlock+Hunter,1,team2,kill,40.22
Hunter+Shaman_vs_Warlock+Hunter,Hunter+Shaman,Warlock+Hunter,2,team2,kill,44.02
Hunter+Shaman_vs_Warlock+Hunter,Hunter+Shaman,Warlock+Hunter,3,team2,kill,31.00
Hunter+Shaman_vs_Warlock+Hunter,Hunter+Shaman,Warlock+Hunter,4,team2,kill,41.92
Hunter+Shaman_vs_Warlock+Hunter,Hunter+Shaman,Warlock+Hunter,5,team2,kill,30.48
Hunter+Shaman_vs_Warlock+Hunter,Hunter+Shaman,Warlock+Hunter,6,team2,kill,37.80
Hunter+Shaman_vs_Warlock+Hunter,Hunter+Shaman,Warlock+Hunter,7,team1,kill,17.13
Hunter+Shaman_vs_Warlock+Hunter,Hunter+Shaman,Warlock+Hunter,8,team2,kill,28.05
Hunter+Shaman_vs_Warlock+Hunter,Hunter+Shaman,Warlock+Hunter,9,team2,kill,44.40
Hunter+Shaman_vs_Warlock+Shaman,Hunter+Shaman,Warlock+Shaman,0,team2,kill,39.38
Hunter+Shaman_vs_Warlock+Shaman,Hunter+Shaman,Warlock+Shaman,1,team2,kill,33.58
Hunter+Shaman_vs_Warlock+Shaman,Hunter+Shaman,Warlock+Shaman,2,team2,kill,42.27
Hunter+Shaman_vs_Warlock+Shaman,Hunter+Shaman,Warlock+Shaman,3,team2,kill,43.10
Hunter+Shaman_vs_Warlock+Shaman,Hunter+Shaman,Warlock+Shaman,4,team2,kill,39.38
Hunter+Shaman_vs_Warlock+Shaman,Hunter+Shaman,Warlock+Shaman,5,team2,kill,36.37
Hunter+Shaman_vs_Warlock+Shaman,Hunter+Shaman,Warlock+Shaman,6,team2,kill,32.35
Hunter+Shaman_vs_Warlock+Shaman,Hunter+Shaman,Warlock+Shaman,7,team2,kill,51.13
Hunter+Shaman_vs_Warlock+Shaman,Hunter+Shaman,Warlock+Shaman,8,team2,kill,45.68
Hunter+Shaman_vs_Warlock+Shaman,Hunter+Shaman,Warlock+Shaman,9,team2,kill,49.32
Hunter+Shaman_vs_Paladin+Hunter,Hunter+Shaman,Paladin+Hunter,0,team2,kill,90.44
Hunter+Shaman_vs_Paladin+Hunter,Hunter+Shaman,Paladin+Hunter,1,team2,kill,87.80
Hunter+Shaman_vs_Paladin+Hunter,Hunter+Shaman,Paladin+Hunter,2,team2,kill,66.52
Hunter+Shaman_vs_Paladin+Hunter,Hunter+Shaman,Paladin+Hunter,3,team2,kill,134.89
Hunter+Shaman_vs_Paladin+Hunter,Hunter+Shaman,Paladin+Hunter,4,team2,kill,93.46
Hunter+Shaman_vs_Paladin+Hunter,Hunter+Shaman,Paladin+Hunter,5,team2,kill,85.69
Hunter+Shaman_vs_Paladin+Hunter,Hunter+Shaman,Paladin+Hunter,6,team2,kill,56.75
Hunter+Shaman_vs_Paladin+Hunter,Hunter+Shaman,Paladin+Hunter,7,team2,kill,78.00
Hunter+Shaman_vs_Paladin+Hunter,Hunter+Shaman,Paladin+Hunter,8,team2,kill,79.55
Hunter+Shaman_vs_Paladin+Hunter,Hunter+Shaman,Paladin+Hunter,9,team2,kill,91.07
Hunter+Shaman_vs_Hunter+Shaman,Hunter+Shaman,Hunter+Shaman,0,draw,cap,300.00
Hunter+Shaman_vs_Hunter+Shaman,Hunter+Shaman,Hunter+Shaman,1,team2,kill,22.42
Hunter+Shaman_vs_Hunter+Shaman,Hunter+Shaman,Hunter+Shaman,2,team2,kill,24.83
Hunter+Shaman_vs_Hunter+Shaman,Hunter+Shaman,Hunter+Shaman,3,team1,kill,32.77
Hunter+Shaman_vs_Hunter+Shaman,Hunter+Shaman,Hunter+Shaman,4,team1,kill,22.25
Hunter+Shaman_vs_Hunter+Shaman,Hunter+Shaman,Hunter+Shaman,5,team2,kill,17.50
Hunter+Shaman_vs_Hunter+Shaman,Hunter+Shaman,Hunter+Shaman,6,team2,kill,32.93
Hunter+Shaman_vs_Hunter+Shaman,Hunter+Shaman,Hunter+Shaman,7,team2,kill,37.98
Hunter+Shaman_vs_Hunter+Shaman,Hunter+Shaman,Hunter+Shaman,8,team2,kill,39.82
Hunter+Shaman_vs_Hunter+Shaman,Hunter+Shaman,Hunter+Shaman,9,team1,kill,43.23
