label,team1,team2,seed,winner,end_reason,duration_secs
Rogue+Priest_vs_Warrior+Mage,Rogue+Priest,Warrior+Mage,0,team1,kill,34.17
Rogue+Priest_vs_Warrior+Mage,Rogue+Priest,Warrior+Mage,1,team1,kill,32.30
Rogue+Priest_vs_Warrior+Mage,Rogue+Priest,Warrior+Mage,2,team1,kill,29.42
Rogue+Priest_vs_Warrior+Mage,Rogue+Priest,Warrior+Mage,3,team1,kill,31.72
Rogue+Priest_vs_Warrior+Mage,Rogue+Priest,Warrior+Mage,4,team1,kill,45.72
Rogue+Priest_vs_Warrior+Mage,Rogue+Priest,Warrior+Mage,5,team1,kill,30.08
Rogue+Priest_vs_Warrior+Mage,Rogue+Priest,Warrior+Mage,6,team1,kill,36.88
Rogue+Priest_vs_Warrior+Mage,Rogue+Priest,Warrior+Mage,7,team2,kill,33.70
Rogue+Priest_vs_Warrior+Mage,Rogue+Priest,Warrior+Mage,8,team1,kill,36.08
Rogue+Priest_vs_Warrior+Mage,Rogue+Priest,Warrior+Mage,9,team1,kill,36.08
Rogue+Priest_vs_Warrior+Mage,Rogue+Priest,Warrior+Mage,10,team1,kill,32.43
Rogue+Priest_vs_Warrior+Mage,Rogue+Priest,Warrior+Mage,11,team1,kill,45.38
Rogue+Priest_vs_Warrior+Mage,Rogue+Priest,Warrior+Mage,12,team1,kill,29.90
Rogue+Priest_vs_Warrior+Mage,Rogue+Priest,Warrior+Mage,13,team1,kill,38.08
Rogue+Priest_vs_Warrior+Mage,Rogue+Priest,Warrior+Mage,14,team1,kill,46.95
Rogue+Priest_vs_Warrior+Mage,Rogue+Priest,Warrior+Mage,15,team1,kill,29.05
Rogue+Priest_vs_Warrior+Mage,Rogue+Priest,Warrior+Mage,16,team1,kill,33.67
Rogue+Priest_vs_Warrior+Mage,Rogue+Priest,Warrior+Mage,17,team1,kill,29.45
Rogue+Priest_vs_Warrior+Mage,Rogue+Priest,Warrior+Mage,18,team2,kill,41.32
Rogue+Priest_vs_Warrior+Mage,Rogue+Priest,Warrior+Mage,19,team1,kill,30.62
Rogue+Priest_vs_Warrior+Mage,Rogue+Priest,Warrior+Mage,20,team2,kill,33.70
Rogue+Priest_vs_Warrior+Mage,Rogue+Priest,Warrior+Mage,21,team2,kill,41.50
Rogue+Priest_vs_Warrior+Mage,Rogue+Priest,Warrior+Mage,22,team1,kill,29.82
Rogue+Priest_vs_Warrior+Mage,Rogue+Priest,Warrior+Mage,23,team1,kill,31.82
Rogue+Priest_vs_Warrior+Mage,Rogue+Priest,Warrior+Mage,24,team1,kill,33.67
Rogue+Priest_vs_Warrior+Mage,Rogue+Priest,Warrior+Mage,25,team2,kill,37.25
Rogue+Priest_vs_Warrior+Mage,Rogue+Priest,Warrior+Mage,26,team1,kill,46.42
Rogue+Priest_vs_Warrior+Mage,Rogue+Priest,Warrior+Mage,27,team1,kill,45.43
Rogue+Priest_vs_Warrior+Mage,Rogue+Priest,Warrior+Mage,28,team1,kill,36.90
Rogue+Priest_vs_Warrior+Mage,Rogue+Priest,Warrior+Mage,29,team2,kill,36.20
Rogue+Priest_vs_Warrior+Mage,Rogue+Priest,Warrior+Mage,30,team2,kill,36.15
Rogue+Priest_vs_Warrior+Mage,Rogue+Priest,Warrior+Mage,31,team1,kill,45.72
Rogue+Priest_vs_Warrior+Mage,Rogue+Priest,Warrior+Mage,32,team1,kill,33.70
Rogue+Priest_vs_Warrior+Mage,Rogue+Priest,Warrior+Mage,33,team1,kill,30.62
Rogue+Priest_vs_Warrior+Mage,Rogue+Priest,Warrior+Mage,34,team1,kill,31.48
Rogue+Priest_vs_Warrior+Mage,Rogue+Priest,Warrior+Mage,35,team1,kill,32.17
Rogue+Priest_vs_Warrior+Mage,Rogue+Priest,Warrior+Mage,36,team1,kill,33.57
Rogue+Priest_vs_Warrior+Mage,Rogue+Priest,Warrior+Mage,37,team1,kill,35.43
Rogue+Priest_vs_Warrior+Mage,Rogue+Priest,Warrior+Mage,38,team1,kill,47.72
Rogue+Priest_vs_Warrior+Mage,Rogue+Priest,Warrior+Mage,39,team2,kill,33.70
Rogue+Priest_vs_Warrior+Mage,Rogue+Priest,Warrior+Mage,40,team1,kill,32.80
Rogue+Priest_vs_Warrior+Mage,Rogue+Priest,Warrior+Mage,41,team1,kill,37.08
Rogue+Priest_vs_Warrior+Mage,Rogue+Priest,Warrior+Mage,42,team1,kill,32.92
Rogue+Priest_vs_Warrior+Mage,Rogue+Priest,Warrior+Mage,43,team1,kill,35.97
Rogue+Priest_vs_Warrior+Mage,Rogue+Priest,Warrior+Mage,44,team1,kill,33.92
Rogue+Priest_vs_Warrior+Mage,Rogue+Priest,Warrior+Mage,45,team1,kill,31.38
Rogue+Priest_vs_Warrior+Mage,Rogue+Priest,Warrior+Mage,46,team1,kill,31.72
Rogue+Priest_vs_Warrior+Mage,Rogue+Priest,Warrior+Mage,47,team2,kill,37.25
Rogue+Priest_vs_Warrior+Mage,Rogue+Priest,Warrior+Mage,48,team2,kill,36.20
Rogue+Priest_vs_Warrior+Mage,Rogue+Priest,Warrior+Mage,49,team1,kill,32.17
Rogue+Priest_vs_Warrior+Mage,Rogue+Priest,Warrior+Mage,50,team2,kill,30.20
Rogue+Priest_vs_Warrior+Mage,Rogue+Priest,Warrior+Mage,51,team1,kill,45.43
Rogue+Priest_vs_Warrior+Mage,Rogue+Priest,Warrior+Mage,52,team1,kill,32.13
Rogue+Priest_vs_Warrior+Mage,Rogue+Priest,Warrior+Mage,53,team1,kill,37.58
Rogue+Priest_vs_Warrior+Mage,Rogue+Priest,Warrior+Mage,54,team2,kill,30.38
Rogue+Priest_vs_Warrior+Mage,Rogue+Priest,Warrior+Mage,55,team1,kill,32.17
Rogue+Priest_vs_Warrior+Mage,Rogue+Priest,Warrior+Mage,56,team2,kill,36.20
Rogue+Priest_vs_Warrior+Mage,Rogue+Priest,Warrior+Mage,57,team1,kill,34.23
Rogue+Priest_vs_Warrior+Mage,Rogue+Priest,Warrior+Mage,58,team1,kill,30.90
Rogue+Priest_vs_Warrior+Mage,Rogue+Priest,Warrior+Mage,59,team1,kill,35.62
Rogue+Priest_vs_Warrior+Mage,Rogue+Priest,Warrior+Mage,60,team1,kill,46.95
Rogue+Priest_vs_Warrior+Mage,Rogue+Priest,Warrior+Mage,61,team1,kill,32.13
Rogue+Priest_vs_Warrior+Mage,Rogue+Priest,Warrior+Mage,62,team1,kill,38.47
Rogue+Priest_vs_Warrior+Mage,Rogue+Priest,Warrior+Mage,63,team1,kill,34.73
Rogue+Priest_vs_Warrior+Mage,Rogue+Priest,Warrior+Mage,64,team1,kill,31.97
Rogue+Priest_vs_Warrior+Mage,Rogue+Priest,Warrior+Mage,65,team1,kill,26.83
Rogue+Priest_vs_Warrior+Mage,Rogue+Priest,Warrior+Mage,66,team1,kill,34.08
Rogue+Priest_vs_Warrior+Mage,Rogue+Priest,Warrior+Mage,67,team1,kill,32.17
Rogue+Priest_vs_Warrior+Mage,Rogue+Priest,Warrior+Mage,68,team1,kill,33.28
Rogue+Priest_vs_Warrior+Mage,Rogue+Priest,Warrior+Mage,69,team2,kill,33.70
Rogue+Priest_vs_Warrior+Mage,Rogue+Priest,Warrior+Mage,70,team1,kill,44.87
Rogue+Priest_vs_Warrior+Mage,Rogue+Priest,Warrior+Mage,71,team1,kill,36.08
Rogue+Priest_vs_Warrior+Mage,Rogue+Priest,Warrior+Mage,72,team1,kill,46.42
Rogue+Priest_vs_Warrior+Mage,Rogue+Priest,Warrior+Mage,73,team1,kill,37.68
Rogue+Priest_vs_Warrior+Mage,Rogue+Priest,Warrior+Mage,74,team1,kill,34.13
Rogue+Priest_vs_Warrior+Mage,Rogue+Priest,Warrior+Mage,75,team2,kill,36.20
Rogue+Priest_vs_Warrior+Mage,Rogue+Priest,Warrior+Mage,76,team1,kill,34.23
Rogue+Priest_vs_Warrior+Mage,Rogue+Priest,Warrior+Mage,77,team1,kill,31.72
Rogue+Priest_vs_Warrior+Mage,Rogue+Priest,Warrior+Mage,78,team1,kill,35.63
Rogue+Priest_vs_Warrior+Mage,Rogue+Priest,Warrior+Mage,79,team1,kill,35.68
Rogue+Priest_vs_Warrior+Mage,Rogue+Priest,Warrior+Mage,80,team1,kill,37.15
Rogue+Priest_vs_Warrior+Mage,Rogue+Priest,Warrior+Mage,81,team1,kill,31.97
Rogue+Priest_vs_Warrior+Mage,Rogue+Priest,Warrior+Mage,82,team1,kill,43.03
Rogue+Priest_vs_Warrior+Mage,Rogue+Priest,Warrior+Mage,83,team1,kill,35.43
Rogue+Priest_vs_Warrior+Mage,Rogue+Priest,Warrior+Mage,84,team1,kill,35.28
Rogue+Priest_vs_Warrior+Mage,Rogue+Priest,Warrior+Mage,85,team1,kill,46.38
Rogue+Priest_vs_Warrior+Mage,Rogue+Priest,Warrior+Mage,86,team1,kill,45.43
Rogue+Priest_vs_Warrior+Mage,Rogue+Priest,Warrior+Mage,87,team1,kill,48.35
Rogue+Priest_vs_Warrior+Mage,Rogue+Priest,Warrior+Mage,88,team2,kill,41.50
Rogue+Priest_vs_Warrior+Mage,Rogue+Priest,Warrior+Mage,89,team1,kill,32.08
Rogue+Priest_vs_Warrior+Mage,Rogue+Priest,Warrior+Mage,90,team1,kill,32.30
Rogue+Priest_vs_Warrior+Mage,Rogue+Priest,Warrior+Mage,91,team1,kill,33.67
Rogue+Priest_vs_Warrior+Mage,Rogue+Priest,Warrior+Mage,92,team1,kill,31.72
Rogue+Priest_vs_Warrior+Mage,Rogue+Priest,Warrior+Mage,93,team1,kill,28.37
Rogue+Priest_vs_Warrior+Mage,Rogue+Priest,Warrior+Mage,94,team1,kill,34.02
Rogue+Priest_vs_Warrior+Mage,Rogue+Priest,Warrior+Mage,95,team1,kill,45.43
Rogue+Priest_vs_Warrior+Mage,Rogue+Priest,Warrior+Mage,96,team1,kill,31.72
Rogue+Priest_vs_Warrior+Mage,Rogue+Priest,Warrior+Mage,97,team1,kill,46.38
Rogue+Priest_vs_Warrior+Mage,Rogue+Priest,Warrior+Mage,98,team1,kill,38.83
Rogue+Priest_vs_Warrior+Mage,Rogue+Priest,Warrior+Mage,99,team1,kill,31.75
Rogue+Priest_vs_Warrior+Rogue,Rogue+Priest,Warrior+Rogue,0,team1,kill,24.90
Rogue+Priest_vs_Warrior+Rogue,Rogue+Priest,Warrior+Rogue,1,team2,kill,24.63
Rogue+Priest_vs_Warrior+Rogue,Rogue+Priest,Warrior+Rogue,2,team2,kill,24.87
Rogue+Priest_vs_Warrior+Rogue,Rogue+Priest,Warrior+Rogue,3,team2,kill,26.63
Rogue+Priest_vs_Warrior+Rogue,Rogue+Priest,Warrior+Rogue,4,team2,kill,22.95
Rogue+Priest_vs_Warrior+Rogue,Rogue+Priest,Warrior+Rogue,5,team2,kill,24.87
Rogue+Priest_vs_Warrior+Rogue,Rogue+Priest,Warrior+Rogue,6,team2,kill,22.63
Rogue+Priest_vs_Warrior+Rogue,Rogue+Priest,Warrior+Rogue,7,team2,kill,24.87
Rogue+Priest_vs_Warrior+Rogue,Rogue+Priest,Warrior+Rogue,8,team2,kill,24.87
Rogue+Priest_vs_Warrior+Rogue,Rogue+Priest,Warrior+Rogue,9,team2,kill,23.30
Rogue+Priest_vs_Warrior+Rogue,Rogue+Priest,Warrior+Rogue,10,team2,kill,26.87
Rogue+Priest_vs_Warrior+Rogue,Rogue+Priest,Warrior+Rogue,11,team2,kill,26.87
Rogue+Priest_vs_Warrior+Rogue,Rogue+Priest,Warrior+Rogue,12,team1,kill,26.20
Rogue+Priest_vs_Warrior+Rogue,Rogue+Priest,Warrior+Rogue,13,team2,kill,25.30
Rogue+Priest_vs_Warrior+Rogue,Rogue+Priest,Warrior+Rogue,14,team2,kill,24.87
Rogue+Priest_vs_Warrior+Rogue,Rogue+Priest,Warrior+Rogue,15,team2,kill,24.87
Rogue+Priest_vs_Warrior+Rogue,Rogue+Priest,Warrior+Rogue,16,team2,kill,22.87
Rogue+Priest_vs_Warrior+Rogue,Rogue+Priest,Warrior+Rogue,17,team2,kill,22.87
Rogue+Priest_vs_Warrior+Rogue,Rogue+Priest,Warrior+Rogue,18,team2,kill,24.87
Rogue+Priest_vs_Warrior+Rogue,Rogue+Priest,Warrior+Rogue,19,team2,kill,25.97
Rogue+Priest_vs_Warrior+Rogue,Rogue+Priest,Warrior+Rogue,20,team2,kill,25.97
Rogue+Priest_vs_Warrior+Rogue,Rogue+Priest,Warrior+Rogue,21,team2,kill,25.97
Rogue+Priest_vs_Warrior+Rogue,Rogue+Priest,Warrior+Rogue,22,team1,kill,25.53
Rogue+Priest_vs_Warrior+Rogue,Rogue+Priest,Warrior+Rogue,23,team2,kill,20.92
Rogue+Priest_vs_Warrior+Rogue,Rogue+Priest,Warrior+Rogue,24,team2,kill,26.87
Rogue+Priest_vs_Warrior+Rogue,Rogue+Priest,Warrior+Rogue,25,team2,kill,26.63
Rogue+Priest_vs_Warrior+Rogue,Rogue+Priest,Warrior+Rogue,26,team2,kill,22.87
Rogue+Priest_vs_Warrior+Rogue,Rogue+Priest,Warrior+Rogue,27,team2,kill,21.97
Rogue+Priest_vs_Warrior+Rogue,Rogue+Priest,Warrior+Rogue,28,team2,kill,24.87
Rogue+Priest_vs_Warrior+Rogue,Rogue+Priest,Warrior+Rogue,29,team2,kill,25.97
Rogue+Priest_vs_Warrior+Rogue,Rogue+Priest,Warrior+Rogue,30,team2,kill,26.87
Rogue+Priest_vs_Warrior+Rogue,Rogue+Priest,Warrior+Rogue,31,team2,kill,23.30
Rogue+Priest_vs_Warrior+Rogue,Rogue+Priest,Warrior+Rogue,32,team2,kill,23.97
Rogue+Priest_vs_Warrior+Rogue,Rogue+Priest,Warrior+Rogue,33,team2,kill,26.63
Rogue+Priest_vs_Warrior+Rogue,Rogue+Priest,Warrior+Rogue,34,team1,kill,24.90
Rogue+Priest_vs_Warrior+Rogue,Rogue+Priest,Warrior+Rogue,35,team2,kill,25.30
Rogue+Priest_vs_Warrior+Rogue,Rogue+Priest,Warrior+Rogue,36,team2,kill,24.90
Rogue+Priest_vs_Warrior+Rogue,Rogue+Priest,Warrior+Rogue,37,team2,kill,24.87
Rogue+Priest_vs_Warrior+Rogue,Rogue+Priest,Warrior+Rogue,38,team2,kill,24.87
Rogue+Priest_vs_Warrior+Rogue,Rogue+Priest,Warrior+Rogue,39,team2,kill,24.87
Rogue+Priest_vs_Warrior+Rogue,Rogue+Priest,Warrior+Rogue,40,team2,kill,26.87
Rogue+Priest_vs_Warrior+Rogue,Rogue+Priest,Warrior+Rogue,41,team2,kill,23.97
Rogue+Priest_vs_Warrior+Rogue,Rogue+Priest,Warrior+Rogue,42,team2,kill,26.87
Rogue+Priest_vs_Warrior+Rogue,Rogue+Priest,Warrior+Rogue,43,team2,kill,26.87
Rogue+Priest_vs_Warrior+Rogue,Rogue+Priest,Warrior+Rogue,44,team2,kill,26.87
Rogue+Priest_vs_Warrior+Rogue,Rogue+Priest,Warrior+Rogue,45,team2,kill,22.63
Rogue+Priest_vs_Warrior+Rogue,Rogue+Priest,Warrior+Rogue,46,team2,kill,24.63
Rogue+Priest_vs_Warrior+Rogue,Rogue+Priest,Warrior+Rogue,47,team2,kill,20.92
Rogue+Priest_vs_Warrior+Rogue,Rogue+Priest,Warrior+Rogue,48,team2,kill,23.30
Rogue+Priest_vs_Warrior+Rogue,Rogue+Priest,Warrior+Rogue,49,team2,kill,25.30
Rogue+Priest_vs_Warrior+Rogue,Rogue+Priest,Warrior+Rogue,50,team2,kill,26.87
Rogue+Priest_vs_Warrior+Rogue,Rogue+Priest,Warrior+Rogue,51,team2,kill,22.87
Rogue+Priest_vs_Warrior+Rogue,Rogue+Priest,Warrior+Rogue,52,team2,kill,21.30
Rogue+Priest_vs_Warrior+Rogue,Rogue+Priest,Warrior+Rogue,53,team2,kill,24.87
Rogue+Priest_vs_Warrior+Rogue,Rogue+Priest,Warrior+Rogue,54,team2,kill,20.92
Rogue+Priest_vs_Warrior+Rogue,Rogue+Priest,Warrior+Rogue,55,team2,kill,24.87
Rogue+Priest_vs_Warrior+Rogue,Rogue+Priest,Warrior+Rogue,56,team2,kill,23.97
Rogue+Priest_vs_Warrior+Rogue,Rogue+Priest,Warrior+Rogue,57,team2,kill,20.92
Rogue+Priest_vs_Warrior+Rogue,Rogue+Priest,Warrior+Rogue,58,team2,kill,22.87
Rogue+Priest_vs_Warrior+Rogue,Rogue+Priest,Warrior+Rogue,59,team1,kill,24.90
Rogue+Priest_vs_Warrior+Rogue,Rogue+Priest,Warrior+Rogue,60,team2,kill,24.92
Rogue+Priest_vs_Warrior+Rogue,Rogue+Priest,Warrior+Rogue,61,team2,kill,24.63
Rogue+Priest_vs_Warrior+Rogue,Rogue+Priest,Warrior+Rogue,62,team2,kill,24.87
Rogue+Priest_vs_Warrior+Rogue,Rogue+Priest,Warrior+Rogue,63,team2,kill,26.87
Rogue+Priest_vs_Warrior+Rogue,Rogue+Priest,Warrior+Rogue,64,team2,kill,26.87
Rogue+Priest_vs_Warrior+Rogue,Rogue+Priest,Warrior+Rogue,65,team1,kill,24.90
Rogue+Priest_vs_Warrior+Rogue,Rogue+Priest,Warrior+Rogue,66,team2,kill,24.87
Rogue+Priest_vs_Warrior+Rogue,Rogue+Priest,Warrior+Rogue,67,team1,kill,23.53
Rogue+Priest_vs_Warrior+Rogue,Rogue+Priest,Warrior+Rogue,68,team2,kill,26.87
Rogue+Priest_vs_Warrior+Rogue,Rogue+Priest,Warrior+Rogue,69,team2,kill,26.87
Rogue+Priest_vs_Warrior+Rogue,Rogue+Priest,Warrior+Rogue,70,team2,kill,25.97
Rogue+Priest_vs_Warrior+Rogue,Rogue+Priest,Warrior+Rogue,71,team1,kill,25.53
Rogue+Priest_vs_Warrior+Rogue,Rogue+Priest,Warrior+Rogue,72,team2,kill,20.92
Rogue+Priest_vs_Warrior+Rogue,Rogue+Priest,Warrior+Rogue,73,team2,kill,22.87
Rogue+Priest_vs_Warrior+Rogue,Rogue+Priest,Warrior+Rogue,74,team2,kill,24.87
Rogue+Priest_vs_Warrior+Rogue,Rogue+Priest,Warrior+Rogue,75,team2,kill,24.87
Rogue+Priest_vs_Warrior+Rogue,Rogue+Priest,Warrior+Rogue,76,team2,kill,22.87
Rogue+Priest_vs_Warrior+Rogue,Rogue+Priest,Warrior+Rogue,77,team2,kill,26.87
Rogue+Priest_vs_Warrior+Rogue,Rogue+Priest,Warrior+Rogue,78,team2,kill,24.63
Rogue+Priest_vs_Warrior+Rogue,Rogue+Priest,Warrior+Rogue,79,team2,kill,23.30
Rogue+Priest_vs_Warrior+Rogue,Rogue+Priest,Warrior+Rogue,80,team1,kill,24.90
Rogue+Priest_vs_Warrior+Rogue,Rogue+Priest,Warrior+Rogue,81,team2,kill,22.87
Rogue+Priest_vs_Warrior+Rogue,Rogue+Priest,Warrior+Rogue,82,team2,kill,24.63
Rogue+Priest_vs_Warrior+Rogue,Rogue+Priest,Warrior+Rogue,83,team2,kill,23.97
Rogue+Priest_vs_Warrior+Rogue,Rogue+Priest,Warrior+Rogue,84,team1,kill,24.90
Rogue+Priest_vs_Warrior+Rogue,Rogue+Priest,Warrior+Rogue,85,team2,kill,26.87
Rogue+Priest_vs_Warrior+Rogue,Rogue+Priest,Warrior+Rogue,86,team2,kill,24.87
Rogue+Priest_vs_Warrior+Rogue,Rogue+Priest,Warrior+Rogue,87,team2,kill,22.87
Rogue+Priest_vs_Warrior+Rogue,Rogue+Priest,Warrior+Rogue,88,team2,kill,26.87
Rogue+Priest_vs_Warrior+Rogue,Rogue+Priest,Warrior+Rogue,89,team2,kill,22.87
Rogue+Priest_vs_Warrior+Rogue,Rogue+Priest,Warrior+Rogue,90,team2,kill,22.63
Rogue+Priest_vs_Warrior+Rogue,Rogue+Priest,Warrior+Rogue,91,team2,kill,26.87
Rogue+Priest_vs_Warrior+Rogue,Rogue+Priest,Warrior+Rogue,92,team1,kill,26.90
Rogue+Priest_vs_Warrior+Rogue,Rogue+Priest,Warrior+Rogue,93,team2,kill,24.87
Rogue+Priest_vs_Warrior+Rogue,Rogue+Priest,Warrior+Rogue,94,team1,kill,26.90
Rogue+Priest_vs_Warrior+Rogue,Rogue+Priest,Warrior+Rogue,95,team2,kill,24.87
Rogue+Priest_vs_Warrior+Rogue,Rogue+Priest,Warrior+Rogue,96,team2,kill,19.40
Rogue+Priest_vs_Warrior+Rogue,Rogue+Priest,Warrior+Rogue,97,team2,kill,24.87
Rogue+Priest_vs_Warrior+Rogue,Rogue+Priest,Warrior+Rogue,98,team2,kill,25.30
Rogue+Priest_vs_Warrior+Rogue,Rogue+Priest,Warrior+Rogue,99,team2,kill,26.63
Rogue+Priest_vs_Warrior+Priest,Rogue+Priest,Warrior+Priest,0,team1,kill,50.30
Rogue+Priest_vs_Warrior+Priest,Rogue+Priest,Warrior+Priest,1,team1,kill,55.78
Rogue+Priest_vs_Warrior+Priest,Rogue+Priest,Warrior+Priest,2,team1,kill,55.80
Rogue+Priest_vs_Warrior+Priest,Rogue+Priest,Warrior+Priest,3,team1,kill,50.35
Rogue+Priest_vs_Warrior+Priest,Rogue+Priest,Warrior+Priest,4,team1,kill,58.10
Rogue+Priest_vs_Warrior+Priest,Rogue+Priest,Warrior+Priest,5,team1,kill,48.37
Rogue+Priest_vs_Warrior+Priest,Rogue+Priest,Warrior+Priest,6,team1,kill,55.15
Rogue+Priest_vs_Warrior+Priest,Rogue+Priest,Warrior+Priest,7,team1,kill,46.48
Rogue+Priest_vs_Warrior+Priest,Rogue+Priest,Warrior+Priest,8,team1,kill,54.40
Rogue+Priest_vs_Warrior+Priest,Rogue+Priest,Warrior+Priest,9,team1,kill,56.23
Rogue+Priest_vs_Warrior+Priest,Rogue+Priest,Warrior+Priest,10,team1,kill,59.57
Rogue+Priest_vs_Warrior+Priest,Rogue+Priest,Warrior+Priest,11,team1,kill,56.45
Rogue+Priest_vs_Warrior+Priest,Rogue+Priest,Warrior+Priest,12,team1,kill,52.67
Rogue+Priest_vs_Warrior+Priest,Rogue+Priest,Warrior+Priest,13,team1,kill,56.95
Rogue+Priest_vs_Warrior+Priest,Rogue+Priest,Warrior+Priest,14,team1,kill,55.63
Rogue+Priest_vs_Warrior+Priest,Rogue+Priest,Warrior+Priest,15,team2,kill,24.37
Rogue+Priest_vs_Warrior+Priest,Rogue+Priest,Warrior+Priest,16,team1,kill,55.13
Rogue+Priest_vs_Warrior+Priest,Rogue+Priest,Warrior+Priest,17,team1,kill,57.73
Rogue+Priest_vs_Warrior+Priest,Rogue+Priest,Warrior+Priest,18,team1,kill,62.40
Rogue+Priest_vs_Warrior+Priest,Rogue+Priest,Warrior+Priest,19,team1,kill,49.80
Rogue+Priest_vs_Warrior+Priest,Rogue+Priest,Warrior+Priest,20,team1,kill,58.15
Rogue+Priest_vs_Warrior+Priest,Rogue+Priest,Warrior+Priest,21,team1,kill,53.80
Rogue+Priest_vs_Warrior+Priest,Rogue+Priest,Warrior+Priest,22,team1,kill,55.38
Rogue+Priest_vs_Warrior+Priest,Rogue+Priest,Warrior+Priest,23,team2,kill,22.83
Rogue+Priest_vs_Warrior+Priest,Rogue+Priest,Warrior+Priest,24,team1,kill,54.17
Rogue+Priest_vs_Warrior+Priest,Rogue+Priest,Warrior+Priest,25,team1,kill,54.48
Rogue+Priest_vs_Warrior+Priest,Rogue+Priest,Warrior+Priest,26,team2,kill,24.37
Rogue+Priest_vs_Warrior+Priest,Rogue+Priest,Warrior+Priest,27,team2,kill,24.37
Rogue+Priest_vs_Warrior+Priest,Rogue+Priest,Warrior+Priest,28,team1,kill,58.83
Rogue+Priest_vs_Warrior+Priest,Rogue+Priest,Warrior+Priest,29,team1,kill,54.58
Rogue+Priest_vs_Warrior+Priest,Rogue+Priest,Warrior+Priest,30,team1,kill,57.33
Rogue+Priest_vs_Warrior+Priest,Rogue+Priest,Warrior+Priest,31,team1,kill,51.57
Rogue+Priest_vs_Warrior+Priest,Rogue+Priest,Warrior+Priest,32,team1,kill,56.70
Rogue+Priest_vs_Warrior+Priest,Rogue+Priest,Warrior+Priest,33,team1,kill,59.63
Rogue+Priest_vs_Warrior+Priest,Rogue+Priest,Warrior+Priest,34,team1,kill,51.70
Rogue+Priest_vs_Warrior+Priest,Rogue+Priest,Warrior+Priest,35,team1,kill,55.52
Rogue+Priest_vs_Warrior+Priest,Rogue+Priest,Warrior+Priest,36,team1,kill,55.08
Rogue+Priest_vs_Warrior+Priest,Rogue+Priest,Warrior+Priest,37,team1,kill,60.13
Rogue+Priest_vs_Warrior+Priest,Rogue+Priest,Warrior+Priest,38,team1,kill,56.47
Rogue+Priest_vs_Warrior+Priest,Rogue+Priest,Warrior+Priest,39,team1,kill,58.37
Rogue+Priest_vs_Warrior+Priest,Rogue+Priest,Warrior+Priest,40,team1,kill,53.27
Rogue+Priest_vs_Warrior+Priest,Rogue+Priest,Warrior+Priest,41,team1,kill,51.90
Rogue+Priest_vs_Warrior+Priest,Rogue+Priest,Warrior+Priest,42,team1,kill,60.33
Rogue+Priest_vs_Warrior+Priest,Rogue+Priest,Warrior+Priest,43,team1,kill,57.32
Rogue+Priest_vs_Warrior+Priest,Rogue+Priest,Warrior+Priest,44,team1,kill,54.07
Rogue+Priest_vs_Warrior+Priest,Rogue+Priest,Warrior+Priest,45,team1,kill,54.58
Rogue+Priest_vs_Warrior+Priest,Rogue+Priest,Warrior+Priest,46,team1,kill,57.45
Rogue+Priest_vs_Warrior+Priest,Rogue+Priest,Warrior+Priest,47,team1,kill,57.40
Rogue+Priest_vs_Warrior+Priest,Rogue+Priest,Warrior+Priest,48,team1,kill,57.20
Rogue+Priest_vs_Warrior+Priest,Rogue+Priest,Warrior+Priest,49,team1,kill,56.77
Rogue+Priest_vs_Warrior+Priest,Rogue+Priest,Warrior+Priest,50,team1,kill,57.03
Rogue+Priest_vs_Warrior+Priest,Rogue+Priest,Warrior+Priest,51,team1,kill,55.57
Rogue+Priest_vs_Warrior+Priest,Rogue+Priest,Warrior+Priest,52,team1,kill,57.68
Rogue+Priest_vs_Warrior+Priest,Rogue+Priest,Warrior+Priest,53,team1,kill,53.87
Rogue+Priest_vs_Warrior+Priest,Rogue+Priest,Warrior+Priest,54,team2,kill,24.37
Rogue+Priest_vs_Warrior+Priest,Rogue+Priest,Warrior+Priest,55,team1,kill,57.08
Rogue+Priest_vs_Warrior+Priest,Rogue+Priest,Warrior+Priest,56,team1,kill,53.80
Rogue+Priest_vs_Warrior+Priest,Rogue+Priest,Warrior+Priest,57,team1,kill,57.28
Rogue+Priest_vs_Warrior+Priest,Rogue+Priest,Warrior+Priest,58,team1,kill,55.98
Rogue+Priest_vs_Warrior+Priest,Rogue+Priest,Warrior+Priest,59,team1,kill,62.38
Rogue+Priest_vs_Warrior+Priest,Rogue+Priest,Warrior+Priest,60,team1,kill,59.97
Rogue+Priest_vs_Warrior+Priest,Rogue+Priest,Warrior+Priest,61,team1,kill,55.43
Rogue+Priest_vs_Warrior+Priest,Rogue+Priest,Warrior+Priest,62,team1,kill,54.68
Rogue+Priest_vs_Warrior+Priest,Rogue+Priest,Warrior+Priest,63,team1,kill,56.93
Rogue+Priest_vs_Warrior+Priest,Rogue+Priest,Warrior+Priest,64,team1,kill,56.50
Rogue+Priest_vs_Warrior+Priest,Rogue+Priest,Warrior+Priest,65,team1,kill,55.58
Rogue+Priest_vs_Warrior+Priest,Rogue+Priest,Warrior+Priest,66,team2,kill,24.37
Rogue+Priest_vs_Warrior+Priest,Rogue+Priest,Warrior+Priest,67,team1,kill,54.82
Rogue+Priest_vs_Warrior+Priest,Rogue+Priest,Warrior+Priest,68,team1,kill,60.25
Rogue+Priest_vs_Warrior+Priest,Rogue+Priest,Warrior+Priest,69,team1,kill,61.43
Rogue+Priest_vs_Warrior+Priest,Rogue+Priest,Warrior+Priest,70,team2,kill,24.37
Rogue+Priest_vs_Warrior+Priest,Rogue+Priest,Warrior+Priest,71,team1,kill,53.77
Rogue+Priest_vs_Warrior+Priest,Rogue+Priest,Warrior+Priest,72,team1,kill,57.35
Rogue+Priest_vs_Warrior+Priest,Rogue+Priest,Warrior+Priest,73,team1,kill,57.33
Rogue+Priest_vs_Warrior+Priest,Rogue+Priest,Warrior+Priest,74,team1,kill,55.80
Rogue+Priest_vs_Warrior+Priest,Rogue+Priest,Warrior+Priest,75,team1,kill,56.77
Rogue+Priest_vs_Warrior+Priest,Rogue+Priest,Warrior+Priest,76,team1,kill,61.05
Rogue+Priest_vs_Warrior+Priest,Rogue+Priest,Warrior+Priest,77,team1,kill,55.20
Rogue+Priest_vs_Warrior+Priest,Rogue+Priest,Warrior+Priest,78,team1,kill,55.50
Rogue+Priest_vs_Warrior+Priest,Rogue+Priest,Warrior+Priest,79,team2,kill,23.47
Rogue+Priest_vs_Warrior+Priest,Rogue+Priest,Warrior+Priest,80,team1,kill,50.23
Rogue+Priest_vs_Warrior+Priest,Rogue+Priest,Warrior+Priest,81,team1,kill,59.02
Rogue+Priest_vs_Warrior+Priest,Rogue+Priest,Warrior+Priest,82,team1,kill,53.55
Rogue+Priest_vs_Warrior+Priest,Rogue+Priest,Warrior+Priest,83,team2,kill,24.37
Rogue+Priest_vs_Warrior+Priest,Rogue+Priest,Warrior+Priest,84,team1,kill,59.73
Rogue+Priest_vs_Warrior+Priest,Rogue+Priest,Warrior+Priest,85,team1,kill,50.37
Rogue+Priest_vs_Warrior+Priest,Rogue+Priest,Warrior+Priest,86,team1,kill,59.03
Rogue+Priest_vs_Warrior+Priest,Rogue+Priest,Warrior+Priest,87,team1,kill,57.62
Rogue+Priest_vs_Warrior+Priest,Rogue+Priest,Warrior+Priest,88,team1,kill,57.07
Rogue+Priest_vs_Warrior+Priest,Rogue+Priest,Warrior+Priest,89,team1,kill,57.08
Rogue+Priest_vs_Warrior+Priest,Rogue+Priest,Warrior+Priest,90,team2,kill,24.37
Rogue+Priest_vs_Warrior+Priest,Rogue+Priest,Warrior+Priest,91,team1,kill,54.08
Rogue+Priest_vs_Warrior+Priest,Rogue+Priest,Warrior+Priest,92,team1,kill,53.00
Rogue+Priest_vs_Warrior+Priest,Rogue+Priest,Warrior+Priest,93,team1,kill,61.13
Rogue+Priest_vs_Warrior+Priest,Rogue+Priest,Warrior+Priest,94,team1,kill,59.28
Rogue+Priest_vs_Warrior+Priest,Rogue+Priest,Warrior+Priest,95,team1,kill,56.45
Rogue+Priest_vs_Warrior+Priest,Rogue+Priest,Warrior+Priest,96,team1,kill,53.85
Rogue+Priest_vs_Warrior+Priest,Rogue+Priest,Warrior+Priest,97,team1,kill,60.05
Rogue+Priest_vs_Warrior+Priest,Rogue+Priest,Warrior+Priest,98,team1,kill,54.47
Rogue+Priest_vs_Warrior+Priest,Rogue+Priest,Warrior+Priest,99,team1,kill,58.65
Rogue+Priest_vs_Warrior+Warlock,Rogue+Priest,Warrior+Warlock,0,team1,kill,29.12
Rogue+Priest_vs_Warrior+Warlock,Rogue+Priest,Warrior+Warlock,1,team2,kill,28.80
Rogue+Priest_vs_Warrior+Warlock,Rogue+Priest,Warrior+Warlock,2,team1,kill,30.83
Rogue+Priest_vs_Warrior+Warlock,Rogue+Priest,Warrior+Warlock,3,team1,kill,29.35
Rogue+Priest_vs_Warrior+Warlock,Rogue+Priest,Warrior+Warlock,4,team1,kill,28.77
Rogue+Priest_vs_Warrior+Warlock,Rogue+Priest,Warrior+Warlock,5,team1,kill,28.80
Rogue+Priest_vs_Warrior+Warlock,Rogue+Priest,Warrior+Warlock,6,team1,kill,28.00
Rogue+Priest_vs_Warrior+Warlock,Rogue+Priest,Warrior+Warlock,7,team1,kill,27.58
Rogue+Priest_vs_Warrior+Warlock,Rogue+Priest,Warrior+Warlock,8,team2,kill,36.72
Rogue+Priest_vs_Warrior+Warlock,Rogue+Priest,Warrior+Warlock,9,team1,kill,30.52
Rogue+Priest_vs_Warrior+Warlock,Rogue+Priest,Warrior+Warlock,10,team2,kill,35.87
Rogue+Priest_vs_Warrior+Warlock,Rogue+Priest,Warrior+Warlock,11,team1,kill,30.83
Rogue+Priest_vs_Warrior+Warlock,Rogue+Priest,Warrior+Warlock,12,team2,kill,28.68
Rogue+Priest_vs_Warrior+Warlock,Rogue+Priest,Warrior+Warlock,13,team1,kill,30.08
Rogue+Priest_vs_Warrior+Warlock,Rogue+Priest,Warrior+Warlock,14,team1,kill,29.15
Rogue+Priest_vs_Warrior+Warlock,Rogue+Priest,Warrior+Warlock,15,team1,kill,28.83
Rogue+Priest_vs_Warrior+Warlock,Rogue+Priest,Warrior+Warlock,16,team1,kill,29.58
Rogue+Priest_vs_Warrior+Warlock,Rogue+Priest,Warrior+Warlock,17,team1,kill,28.83
Rogue+Priest_vs_Warrior+Warlock,Rogue+Priest,Warrior+Warlock,18,team1,kill,29.58
Rogue+Priest_vs_Warrior+Warlock,Rogue+Priest,Warrior+Warlock,19,team1,kill,29.33
Rogue+Priest_vs_Warrior+Warlock,Rogue+Priest,Warrior+Warlock,20,team2,kill,29.05
Rogue+Priest_vs_Warrior+Warlock,Rogue+Priest,Warrior+Warlock,21,team1,kill,28.83
Rogue+Priest_vs_Warrior+Warlock,Rogue+Priest,Warrior+Warlock,22,team1,kill,29.60
Rogue+Priest_vs_Warrior+Warlock,Rogue+Priest,Warrior+Warlock,23,team1,kill,28.67
Rogue+Priest_vs_Warrior+Warlock,Rogue+Priest,Warrior+Warlock,24,team1,kill,29.58
Rogue+Priest_vs_Warrior+Warlock,Rogue+Priest,Warrior+Warlock,25,team1,kill,24.83
Rogue+Priest_vs_Warrior+Warlock,Rogue+Priest,Warrior+Warlock,26,team1,kill,25.58
Rogue+Priest_vs_Warrior+Warlock,Rogue+Priest,Warrior+Warlock,27,team1,kill,29.58
Rogue+Priest_vs_Warrior+Warlock,Rogue+Priest,Warrior+Warlock,28,team2,kill,26.28
Rogue+Priest_vs_Warrior+Warlock,Rogue+Priest,Warrior+Warlock,29,team1,kill,30.83
Rogue+Priest_vs_Warrior+Warlock,Rogue+Priest,Warrior+Warlock,30,team1,kill,28.83
Rogue+Priest_vs_Warrior+Warlock,Rogue+Priest,Warrior+Warlock,31,team2,kill,30.40
Rogue+Priest_vs_Warrior+Warlock,Rogue+Priest,Warrior+Warlock,32,team1,kill,29.13
Rogue+Priest_vs_Warrior+Warlock,Rogue+Priest,Warrior+Warlock,33,team1,kill,28.83
Rogue+Priest_vs_Warrior+Warlock,Rogue+Priest,Warrior+Warlock,34,team1,kill,29.80
Rogue+Priest_vs_Warrior+Warlock,Rogue+Priest,Warrior+Warlock,35,team1,kill,30.83
Rogue+Priest_vs_Warrior+Warlock,Rogue+Priest,Warrior+Warlock,36,team1,kill,27.58
Rogue+Priest_vs_Warrior+Warlock,Rogue+Priest,Warrior+Warlock,37,team1,kill,29.58
Rogue+Priest_vs_Warrior+Warlock,Rogue+Priest,Warrior+Warlock,38,team2,kill,27.78
Rogue+Priest_vs_Warrior+Warlock,Rogue+Priest,Warrior+Warlock,39,team1,kill,28.83
Rogue+Priest_vs_Warrior+Warlock,Rogue+Priest,Warrior+Warlock,40,team1,kill,28.83
Rogue+Priest_vs_Warrior+Warlock,Rogue+Priest,Warrior+Warlock,41,team2,kill,36.62
Rogue+Priest_vs_Warrior+Warlock,Rogue+Priest,Warrior+Warlock,42,team1,kill,30.67
Rogue+Priest_vs_Warrior+Warlock,Rogue+Priest,Warrior+Warlock,43,team1,kill,30.00
Rogue+Priest_vs_Warrior+Warlock,Rogue+Priest,Warrior+Warlock,44,team1,kill,29.38
Rogue+Priest_vs_Warrior+Warlock,Rogue+Priest,Warrior+Warlock,45,team1,kill,29.33
Rogue+Priest_vs_Warrior+Warlock,Rogue+Priest,Warrior+Warlock,46,team1,kill,30.83
Rogue+Priest_vs_Warrior+Warlock,Rogue+Priest,Warrior+Warlock,47,team1,kill,27.33
Rogue+Priest_vs_Warrior+Warlock,Rogue+Priest,Warrior+Warlock,48,team1,kill,28.83
Rogue+Priest_vs_Warrior+Warlock,Rogue+Priest,Warrior+Warlock,49,team1,kill,30.83
Rogue+Priest_vs_Warrior+Warlock,Rogue+Priest,Warrior+Warlock,50,team1,kill,29.58
Rogue+Priest_vs_Warrior+Warlock,Rogue+Priest,Warrior+Warlock,51,team1,kill,28.83
Rogue+Priest_vs_Warrior+Warlock,Rogue+Priest,Warrior+Warlock,52,team1,kill,28.83
Rogue+Priest_vs_Warrior+Warlock,Rogue+Priest,Warrior+Warlock,53,team1,kill,28.83
Rogue+Priest_vs_Warrior+Warlock,Rogue+Priest,Warrior+Warlock,54,team1,kill,28.83
Rogue+Priest_vs_Warrior+Warlock,Rogue+Priest,Warrior+Warlock,55,team1,kill,29.15
Rogue+Priest_vs_Warrior+Warlock,Rogue+Priest,Warrior+Warlock,56,team1,kill,28.83
Rogue+Priest_vs_Warrior+Warlock,Rogue+Priest,Warrior+Warlock,57,team2,kill,29.45
Rogue+Priest_vs_Warrior+Warlock,Rogue+Priest,Warrior+Warlock,58,team2,kill,30.52
Rogue+Priest_vs_Warrior+Warlock,Rogue+Priest,Warrior+Warlock,59,team1,kill,28.83
Rogue+Priest_vs_Warrior+Warlock,Rogue+Priest,Warrior+Warlock,60,team1,kill,28.00
Rogue+Priest_vs_Warrior+Warlock,Rogue+Priest,Warrior+Warlock,61,team1,kill,26.83
Rogue+Priest_vs_Warrior+Warlock,Rogue+Priest,Warrior+Warlock,62,team2,kill,36.30
Rogue+Priest_vs_Warrior+Warlock,Rogue+Priest,Warrior+Warlock,63,team1,kill,28.83
Rogue+Priest_vs_Warrior+Warlock,Rogue+Priest,Warrior+Warlock,64,team1,kill,30.67
Rogue+Priest_vs_Warrior+Warlock,Rogue+Priest,Warrior+Warlock,65,team1,kill,27.73
Rogue+Priest_vs_Warrior+Warlock,Rogue+Priest,Warrior+Warlock,66,team1,kill,29.58
Rogue+Priest_vs_Warrior+Warlock,Rogue+Priest,Warrior+Warlock,67,team1,kill,30.83
Rogue+Priest_vs_Warrior+Warlock,Rogue+Priest,Warrior+Warlock,68,team1,kill,28.83
Rogue+Priest_vs_Warrior+Warlock,Rogue+Priest,Warrior+Warlock,69,team1,kill,29.58
Rogue+Priest_vs_Warrior+Warlock,Rogue+Priest,Warrior+Warlock,70,team1,kill,28.93
Rogue+Priest_vs_Warrior+Warlock,Rogue+Priest,Warrior+Warlock,71,team1,kill,28.83
Rogue+Priest_vs_Warrior+Warlock,Rogue+Priest,Warrior+Warlock,72,team1,kill,28.83
Rogue+Priest_vs_Warrior+Warlock,Rogue+Priest,Warrior+Warlock,73,team1,kill,28.97
Rogue+Priest_vs_Warrior+Warlock,Rogue+Priest,Warrior+Warlock,74,team1,kill,30.67
Rogue+Priest_vs_Warrior+Warlock,Rogue+Priest,Warrior+Warlock,75,team1,kill,28.93
Rogue+Priest_vs_Warrior+Warlock,Rogue+Priest,Warrior+Warlock,76,team2,kill,27.78
Rogue+Priest_vs_Warrior+Warlock,Rogue+Priest,Warrior+Warlock,77,team2,kill,28.80
Rogue+Priest_vs_Warrior+Warlock,Rogue+Priest,Warrior+Warlock,78,team1,kill,27.58
Rogue+Priest_vs_Warrior+Warlock,Rogue+Priest,Warrior+Warlock,79,team2,kill,37.05
Rogue+Priest_vs_Warrior+Warlock,Rogue+Priest,Warrior+Warlock,80,team1,kill,27.60
Rogue+Priest_vs_Warrior+Warlock,Rogue+Priest,Warrior+Warlock,81,team1,kill,28.83
Rogue+Priest_vs_Warrior+Warlock,Rogue+Priest,Warrior+Warlock,82,team1,kill,27.58
Rogue+Priest_vs_Warrior+Warlock,Rogue+Priest,Warrior+Warlock,83,team1,kill,30.83
Rogue+Priest_vs_Warrior+Warlock,Rogue+Priest,Warrior+Warlock,84,team1,kill,28.37
Rogue+Priest_vs_Warrior+Warlock,Rogue+Priest,Warrior+Warlock,85,team1,kill,28.83
Rogue+Priest_vs_Warrior+Warlock,Rogue+Priest,Warrior+Warlock,86,team2,kill,27.28
Rogue+Priest_vs_Warrior+Warlock,Rogue+Priest,Warrior+Warlock,87,team1,kill,28.83
Rogue+Priest_vs_Warrior+Warlock,Rogue+Priest,Warrior+Warlock,88,team1,kill,30.83
Rogue+Priest_vs_Warrior+Warlock,Rogue+Priest,Warrior+Warlock,89,team1,kill,28.83
Rogue+Priest_vs_Warrior+Warlock,Rogue+Priest,Warrior+Warlock,90,team1,kill,25.58
Rogue+Priest_vs_Warrior+Warlock,Rogue+Priest,Warrior+Warlock,91,team2,kill,36.62
Rogue+Priest_vs_Warrior+Warlock,Rogue+Priest,Warrior+Warlock,92,team1,kill,28.83
Rogue+Priest_vs_Warrior+Warlock,Rogue+Priest,Warrior+Warlock,93,team1,kill,29.33
Rogue+Priest_vs_Warrior+Warlock,Rogue+Priest,Warrior+Warlock,94,team1,kill,28.83
Rogue+Priest_vs_Warrior+Warlock,Rogue+Priest,Warrior+Warlock,95,team1,kill,27.58
Rogue+Priest_vs_Warrior+Warlock,Rogue+Priest,Warrior+Warlock,96,team2,kill,28.80
Rogue+Priest_vs_Warrior+Warlock,Rogue+Priest,Warrior+Warlock,97,team2,kill,36.30
Rogue+Priest_vs_Warrior+Warlock,Rogue+Priest,Warrior+Warlock,98,team2,kill,30.55
Rogue+Priest_vs_Warrior+Warlock,Rogue+Priest,Warrior+Warlock,99,team2,kill,28.80
Rogue+Priest_vs_Warrior+Paladin,Rogue+Priest,Warrior+Paladin,0,team1,kill,78.10
Rogue+Priest_vs_Warrior+Paladin,Rogue+Priest,Warrior+Paladin,1,team1,kill,67.27
Rogue+Priest_vs_Warrior+Paladin,Rogue+Priest,Warrior+Paladin,2,team1,kill,61.60
Rogue+Priest_vs_Warrior+Paladin,Rogue+Priest,Warrior+Paladin,3,team1,kill,68.48
Rogue+Priest_vs_Warrior+Paladin,Rogue+Priest,Warrior+Paladin,4,team1,kill,68.68
Rogue+Priest_vs_Warrior+Paladin,Rogue+Priest,Warrior+Paladin,5,team1,kill,69.08
Rogue+Priest_vs_Warrior+Paladin,Rogue+Priest,Warrior+Paladin,6,team1,kill,68.80
Rogue+Priest_vs_Warrior+Paladin,Rogue+Priest,Warrior+Paladin,7,team1,kill,58.65
Rogue+Priest_vs_Warrior+Paladin,Rogue+Priest,Warrior+Paladin,8,team1,kill,73.97
Rogue+Priest_vs_Warrior+Paladin,Rogue+Priest,Warrior+Paladin,9,team1,kill,66.30
Rogue+Priest_vs_Warrior+Paladin,Rogue+Priest,Warrior+Paladin,10,team1,kill,67.47
Rogue+Priest_vs_Warrior+Paladin,Rogue+Priest,Warrior+Paladin,11,team1,kill,63.37
Rogue+Priest_vs_Warrior+Paladin,Rogue+Priest,Warrior+Paladin,12,team1,kill,68.20
Rogue+Priest_vs_Warrior+Paladin,Rogue+Priest,Warrior+Paladin,13,team1,kill,67.15
Rogue+Priest_vs_Warrior+Paladin,Rogue+Priest,Warrior+Paladin,14,team1,kill,65.32
Rogue+Priest_vs_Warrior+Paladin,Rogue+Priest,Warrior+Paladin,15,team1,kill,64.28
Rogue+Priest_vs_Warrior+Paladin,Rogue+Priest,Warrior+Paladin,16,team1,kill,67.98
Rogue+Priest_vs_Warrior+Paladin,Rogue+Priest,Warrior+Paladin,17,team1,kill,65.83
Rogue+Priest_vs_Warrior+Paladin,Rogue+Priest,Warrior+Paladin,18,team2,kill,37.93
Rogue+Priest_vs_Warrior+Paladin,Rogue+Priest,Warrior+Paladin,19,team1,kill,61.80
Rogue+Priest_vs_Warrior+Paladin,Rogue+Priest,Warrior+Paladin,20,team1,kill,68.45
Rogue+Priest_vs_Warrior+Paladin,Rogue+Priest,Warrior+Paladin,21,team1,kill,83.15
Rogue+Priest_vs_Warrior+Paladin,Rogue+Priest,Warrior+Paladin,22,team1,kill,71.43
Rogue+Priest_vs_Warrior+Paladin,Rogue+Priest,Warrior+Paladin,23,team1,kill,70.75
Rogue+Priest_vs_Warrior+Paladin,Rogue+Priest,Warrior+Paladin,24,team1,kill,62.40
Rogue+Priest_vs_Warrior+Paladin,Rogue+Priest,Warrior+Paladin,25,team1,kill,71.20
Rogue+Priest_vs_Warrior+Paladin,Rogue+Priest,Warrior+Paladin,26,team1,kill,60.95
Rogue+Priest_vs_Warrior+Paladin,Rogue+Priest,Warrior+Paladin,27,team1,kill,71.87
Rogue+Priest_vs_Warrior+Paladin,Rogue+Priest,Warrior+Paladin,28,team1,kill,57.28
Rogue+Priest_vs_Warrior+Paladin,Rogue+Priest,Warrior+Paladin,29,team1,kill,71.37
Rogue+Priest_vs_Warrior+Paladin,Rogue+Priest,Warrior+Paladin,30,team1,kill,63.92
Rogue+Priest_vs_Warrior+Paladin,Rogue+Priest,Warrior+Paladin,31,team1,kill,83.44
Rogue+Priest_vs_Warrior+Paladin,Rogue+Priest,Warrior+Paladin,32,team1,kill,70.08
Rogue+Priest_vs_Warrior+Paladin,Rogue+Priest,Warrior+Paladin,33,team1,kill,68.77
Rogue+Priest_vs_Warrior+Paladin,Rogue+Priest,Warrior+Paladin,34,team1,kill,71.10
Rogue+Priest_vs_Warrior+Paladin,Rogue+Priest,Warrior+Paladin,35,team1,kill,69.72
Rogue+Priest_vs_Warrior+Paladin,Rogue+Priest,Warrior+Paladin,36,team1,kill,68.98
Rogue+Priest_vs_Warrior+Paladin,Rogue+Priest,Warrior+Paladin,37,team1,kill,72.25
Rogue+Priest_vs_Warrior+Paladin,Rogue+Priest,Warrior+Paladin,38,team1,kill,63.93
Rogue+Priest_vs_Warrior+Paladin,Rogue+Priest,Warrior+Paladin,39,team1,kill,77.59
Rogue+Priest_vs_Warrior+Paladin,Rogue+Priest,Warrior+Paladin,40,team1,kill,63.80
Rogue+Priest_vs_Warrior+Paladin,Rogue+Priest,Warrior+Paladin,41,team1,kill,65.03
Rogue+Priest_vs_Warrior+Paladin,Rogue+Priest,Warrior+Paladin,42,team1,kill,62.23
Rogue+Priest_vs_Warrior+Paladin,Rogue+Priest,Warrior+Paladin,43,team1,kill,65.12
Rogue+Priest_vs_Warrior+Paladin,Rogue+Priest,Warrior+Paladin,44,team1,kill,77.19
Rogue+Priest_vs_Warrior+Paladin,Rogue+Priest,Warrior+Paladin,45,team1,kill,70.08
Rogue+Priest_vs_Warrior+Paladin,Rogue+Priest,Warrior+Paladin,46,team1,kill,70.78
Rogue+Priest_vs_Warrior+Paladin,Rogue+Priest,Warrior+Paladin,47,team1,kill,67.77
Rogue+Priest_vs_Warrior+Paladin,Rogue+Priest,Warrior+Paladin,48,team1,kill,77.10
Rogue+Priest_vs_Warrior+Paladin,Rogue+Priest,Warrior+Paladin,49,team1,kill,81.07
Rogue+Priest_vs_Warrior+Paladin,Rogue+Priest,Warrior+Paladin,50,team1,kill,59.82
Rogue+Priest_vs_Warrior+Paladin,Rogue+Priest,Warrior+Paladin,51,team1,kill,69.08
Rogue+Priest_vs_Warrior+Paladin,Rogue+Priest,Warrior+Paladin,52,team1,kill,73.65
Rogue+Priest_vs_Warrior+Paladin,Rogue+Priest,Warrior+Paladin,53,team1,kill,77.30
Rogue+Priest_vs_Warrior+Paladin,Rogue+Priest,Warrior+Paladin,54,team1,kill,73.35
Rogue+Priest_vs_Warrior+Paladin,Rogue+Priest,Warrior+Paladin,55,team1,kill,63.83
Rogue+Priest_vs_Warrior+Paladin,Rogue+Priest,Warrior+Paladin,56,team1,kill,81.04
Rogue+Priest_vs_Warrior+Paladin,Rogue+Priest,Warrior+Paladin,57,team1,kill,68.42
Rogue+Priest_vs_Warrior+Paladin,Rogue+Priest,Warrior+Paladin,58,team1,kill,64.63
Rogue+Priest_vs_Warrior+Paladin,Rogue+Priest,Warrior+Paladin,59,team1,kill,83.99
Rogue+Priest_vs_Warrior+Paladin,Rogue+Priest,Warrior+Paladin,60,team1,kill,73.03
Rogue+Priest_vs_Warrior+Paladin,Rogue+Priest,Warrior+Paladin,61,team1,kill,69.77
Rogue+Priest_vs_Warrior+Paladin,Rogue+Priest,Warrior+Paladin,62,team1,kill,69.77
Rogue+Priest_vs_Warrior+Paladin,Rogue+Priest,Warrior+Paladin,63,team1,kill,64.78
Rogue+Priest_vs_Warrior+Paladin,Rogue+Priest,Warrior+Paladin,64,team1,kill,64.32
Rogue+Priest_vs_Warrior+Paladin,Rogue+Priest,Warrior+Paladin,65,team2,kill,33.03
Rogue+Priest_vs_Warrior+Paladin,Rogue+Priest,Warrior+Paladin,66,team1,kill,62.50
Rogue+Priest_vs_Warrior+Paladin,Rogue+Priest,Warrior+Paladin,67,team1,kill,63.98
Rogue+Priest_vs_Warrior+Paladin,Rogue+Priest,Warrior+Paladin,68,team1,kill,65.83
Rogue+Priest_vs_Warrior+Paladin,Rogue+Priest,Warrior+Paladin,69,team1,kill,70.02
Rogue+Priest_vs_Warrior+Paladin,Rogue+Priest,Warrior+Paladin,70,team1,kill,70.12
Rogue+Priest_vs_Warrior+Paladin,Rogue+Priest,Warrior+Paladin,71,team1,kill,76.90
Rogue+Priest_vs_Warrior+Paladin,Rogue+Priest,Warrior+Paladin,72,team1,kill,70.47
Rogue+Priest_vs_Warrior+Paladin,Rogue+Priest,Warrior+Paladin,73,team1,kill,66.93
Rogue+Priest_vs_Warrior+Paladin,Rogue+Priest,Warrior+Paladin,74,team1,kill,67.57
Rogue+Priest_vs_Warrior+Paladin,Rogue+Priest,Warrior+Paladin,75,team1,kill,72.42
Rogue+Priest_vs_Warrior+Paladin,Rogue+Priest,Warrior+Paladin,76,team1,kill,66.37
Rogue+Priest_vs_Warrior+Paladin,Rogue+Priest,Warrior+Paladin,77,team1,kill,61.05
Rogue+Priest_vs_Warrior+Paladin,Rogue+Priest,Warrior+Paladin,78,team1,kill,82.65
Rogue+Priest_vs_Warrior+Paladin,Rogue+Priest,Warrior+Paladin,79,team1,kill,66.48
Rogue+Priest_vs_Warrior+Paladin,Rogue+Priest,Warrior+Paladin,80,team1,kill,66.58
Rogue+Priest_vs_Warrior+Paladin,Rogue+Priest,Warrior+Paladin,81,team1,kill,66.78
Rogue+Priest_vs_Warrior+Paladin,Rogue+Priest,Warrior+Paladin,82,team1,kill,68.50
Rogue+Priest_vs_Warrior+Paladin,Rogue+Priest,Warrior+Paladin,83,team1,kill,66.30
Rogue+Priest_vs_Warrior+Paladin,Rogue+Priest,Warrior+Paladin,84,team1,kill,67.30
Rogue+Priest_vs_Warrior+Paladin,Rogue+Priest,Warrior+Paladin,85,team1,kill,51.78
Rogue+Priest_vs_Warrior+Paladin,Rogue+Priest,Warrior+Paladin,86,team1,kill,73.97
Rogue+Priest_vs_Warrior+Paladin,Rogue+Priest,Warrior+Paladin,87,team1,kill,67.78
Rogue+Priest_vs_Warrior+Paladin,Rogue+Priest,Warrior+Paladin,88,team1,kill,70.80
Rogue+Priest_vs_Warrior+Paladin,Rogue+Priest,Warrior+Paladin,89,team1,kill,67.12
Rogue+Priest_vs_Warrior+Paladin,Rogue+Priest,Warrior+Paladin,90,team1,kill,70.23
Rogue+Priest_vs_Warrior+Paladin,Rogue+Priest,Warrior+Paladin,91,team1,kill,57.07
Rogue+Priest_vs_Warrior+Paladin,Rogue+Priest,Warrior+Paladin,92,team1,kill,69.20
Rogue+Priest_vs_Warrior+Paladin,Rogue+Priest,Warrior+Paladin,93,team1,kill,64.52
Rogue+Priest_vs_Warrior+Paladin,Rogue+Priest,Warrior+Paladin,94,team1,kill,67.35
Rogue+Priest_vs_Warrior+Paladin,Rogue+Priest,Warrior+Paladin,95,team1,kill,62.77
Rogue+Priest_vs_Warrior+Paladin,Rogue+Priest,Warrior+Paladin,96,team1,kill,65.45
Rogue+Priest_vs_Warrior+Paladin,Rogue+Priest,Warrior+Paladin,97,team1,kill,74.63
Rogue+Priest_vs_Warrior+Paladin,Rogue+Priest,Warrior+Paladin,98,team1,kill,62.65
Rogue+Priest_vs_Warrior+Paladin,Rogue+Priest,Warrior+Paladin,99,team1,kill,63.87
Rogue+Priest_vs_Warrior+Hunter,Rogue+Priest,Warrior+Hunter,0,team2,kill,16.80
Rogue+Priest_vs_Warrior+Hunter,Rogue+Priest,Warrior+Hunter,1,team2,kill,16.17
Rogue+Priest_vs_Warrior+Hunter,Rogue+Priest,Warrior+Hunter,2,team2,kill,16.02
Rogue+Priest_vs_Warrior+Hunter,Rogue+Priest,Warrior+Hunter,3,team2,kill,16.80
Rogue+Priest_vs_Warrior+Hunter,Rogue+Priest,Warrior+Hunter,4,team2,kill,15.55
Rogue+Priest_vs_Warrior+Hunter,Rogue+Priest,Warrior+Hunter,5,team2,kill,16.17
Rogue+Priest_vs_Warrior+Hunter,Rogue+Priest,Warrior+Hunter,6,team2,kill,15.55
Rogue+Priest_vs_Warrior+Hunter,Rogue+Priest,Warrior+Hunter,7,team2,kill,16.17
Rogue+Priest_vs_Warrior+Hunter,Rogue+Priest,Warrior+Hunter,8,team2,kill,16.08
Rogue+Priest_vs_Warrior+Hunter,Rogue+Priest,Warrior+Hunter,9,team2,kill,16.15
Rogue+Priest_vs_Warrior+Hunter,Rogue+Priest,Warrior+Hunter,10,team2,kill,16.17
Rogue+Priest_vs_Warrior+Hunter,Rogue+Priest,Warrior+Hunter,11,team2,kill,16.17
Rogue+Priest_vs_Warrior+Hunter,Rogue+Priest,Warrior+Hunter,12,team2,kill,17.12
Rogue+Priest_vs_Warrior+Hunter,Rogue+Priest,Warrior+Hunter,13,team2,kill,16.08
Rogue+Priest_vs_Warrior+Hunter,Rogue+Priest,Warrior+Hunter,14,team2,kill,16.17
Rogue+Priest_vs_Warrior+Hunter,Rogue+Priest,Warrior+Hunter,15,team2,kill,16.08
Rogue+Priest_vs_Warrior+Hunter,Rogue+Priest,Warrior+Hunter,16,team2,kill,16.08
Rogue+Priest_vs_Warrior+Hunter,Rogue+Priest,Warrior+Hunter,17,team2,kill,16.02
Rogue+Priest_vs_Warrior+Hunter,Rogue+Priest,Warrior+Hunter,18,team2,kill,17.12
Rogue+Priest_vs_Warrior+Hunter,Rogue+Priest,Warrior+Hunter,19,team2,kill,16.17
Rogue+Priest_vs_Warrior+Hunter,Rogue+Priest,Warrior+Hunter,20,team2,kill,15.05
Rogue+Priest_vs_Warrior+Hunter,Rogue+Priest,Warrior+Hunter,21,team2,kill,16.78
Rogue+Priest_vs_Warrior+Hunter,Rogue+Priest,Warrior+Hunter,22,team2,kill,16.08
Rogue+Priest_vs_Warrior+Hunter,Rogue+Priest,Warrior+Hunter,23,team2,kill,17.12
Rogue+Priest_vs_Warrior+Hunter,Rogue+Priest,Warrior+Hunter,24,team2,kill,16.02
Rogue+Priest_vs_Warrior+Hunter,Rogue+Priest,Warrior+Hunter,25,team2,kill,19.13
Rogue+Priest_vs_Warrior+Hunter,Rogue+Priest,Warrior+Hunter,26,team2,kill,16.08
Rogue+Priest_vs_Warrior+Hunter,Rogue+Priest,Warrior+Hunter,27,team2,kill,15.55
Rogue+Priest_vs_Warrior+Hunter,Rogue+Priest,Warrior+Hunter,28,team2,kill,16.17
Rogue+Priest_vs_Warrior+Hunter,Rogue+Priest,Warrior+Hunter,29,team2,kill,17.12
Rogue+Priest_vs_Warrior+Hunter,Rogue+Priest,Warrior+Hunter,30,team2,kill,18.70
Rogue+Priest_vs_Warrior+Hunter,Rogue+Priest,Warrior+Hunter,31,team2,kill,16.53
Rogue+Priest_vs_Warrior+Hunter,Rogue+Priest,Warrior+Hunter,32,team2,kill,16.80
Rogue+Priest_vs_Warrior+Hunter,Rogue+Priest,Warrior+Hunter,33,team2,kill,16.02
Rogue+Priest_vs_Warrior+Hunter,Rogue+Priest,Warrior+Hunter,34,team2,kill,16.15
Rogue+Priest_vs_Warrior+Hunter,Rogue+Priest,Warrior+Hunter,35,team2,kill,16.02
Rogue+Priest_vs_Warrior+Hunter,Rogue+Priest,Warrior+Hunter,36,team2,kill,16.02
Rogue+Priest_vs_Warrior+Hunter,Rogue+Priest,Warrior+Hunter,37,team2,kill,16.17
Rogue+Priest_vs_Warrior+Hunter,Rogue+Priest,Warrior+Hunter,38,team2,kill,16.02
Rogue+Priest_vs_Warrior+Hunter,Rogue+Priest,Warrior+Hunter,39,team2,kill,15.55
Rogue+Priest_vs_Warrior+Hunter,Rogue+Priest,Warrior+Hunter,40,team2,kill,16.17
Rogue+Priest_vs_Warrior+Hunter,Rogue+Priest,Warrior+Hunter,41,team2,kill,17.05
Rogue+Priest_vs_Warrior+Hunter,Rogue+Priest,Warrior+Hunter,42,team2,kill,15.50
Rogue+Priest_vs_Warrior+Hunter,Rogue+Priest,Warrior+Hunter,43,team2,kill,17.13
Rogue+Priest_vs_Warrior+Hunter,Rogue+Priest,Warrior+Hunter,44,team2,kill,16.17
Rogue+Priest_vs_Warrior+Hunter,Rogue+Priest,Warrior+Hunter,45,team2,kill,15.55
Rogue+Priest_vs_Warrior+Hunter,Rogue+Priest,Warrior+Hunter,46,team2,kill,16.17
Rogue+Priest_vs_Warrior+Hunter,Rogue+Priest,Warrior+Hunter,47,team2,kill,13.93
Rogue+Priest_vs_Warrior+Hunter,Rogue+Priest,Warrior+Hunter,48,team2,kill,15.55
Rogue+Priest_vs_Warrior+Hunter,Rogue+Priest,Warrior+Hunter,49,team2,kill,16.02
Rogue+Priest_vs_Warrior+Hunter,Rogue+Priest,Warrior+Hunter,50,team2,kill,16.78
Rogue+Priest_vs_Warrior+Hunter,Rogue+Priest,Warrior+Hunter,51,team2,kill,17.12
Rogue+Priest_vs_Warrior+Hunter,Rogue+Priest,Warrior+Hunter,52,team2,kill,17.68
Rogue+Priest_vs_Warrior+Hunter,Rogue+Priest,Warrior+Hunter,53,team2,kill,15.55
Rogue+Priest_vs_Warrior+Hunter,Rogue+Priest,Warrior+Hunter,54,team2,kill,16.02
Rogue+Priest_vs_Warrior+Hunter,Rogue+Priest,Warrior+Hunter,55,team2,kill,16.17
Rogue+Priest_vs_Warrior+Hunter,Rogue+Priest,Warrior+Hunter,56,team2,kill,16.08
Rogue+Priest_vs_Warrior+Hunter,Rogue+Priest,Warrior+Hunter,57,team2,kill,16.78
Rogue+Priest_vs_Warrior+Hunter,Rogue+Priest,Warrior+Hunter,58,team2,kill,15.50
Rogue+Priest_vs_Warrior+Hunter,Rogue+Priest,Warrior+Hunter,59,team2,kill,15.55
Rogue+Priest_vs_Warrior+Hunter,Rogue+Priest,Warrior+Hunter,60,team2,kill,15.50
Rogue+Priest_vs_Warrior+Hunter,Rogue+Priest,Warrior+Hunter,61,team2,kill,17.07
Rogue+Priest_vs_Warrior+Hunter,Rogue+Priest,Warrior+Hunter,62,team2,kill,17.12
Rogue+Priest_vs_Warrior+Hunter,Rogue+Priest,Warrior+Hunter,63,team2,kill,16.02
Rogue+Priest_vs_Warrior+Hunter,Rogue+Priest,Warrior+Hunter,64,team2,kill,16.08
Rogue+Priest_vs_Warrior+Hunter,Rogue+Priest,Warrior+Hunter,65,team2,kill,15.55
Rogue+Priest_vs_Warrior+Hunter,Rogue+Priest,Warrior+Hunter,66,team2,kill,15.55
Rogue+Priest_vs_Warrior+Hunter,Rogue+Priest,Warrior+Hunter,67,team2,kill,16.17
Rogue+Priest_vs_Warrior+Hunter,Rogue+Priest,Warrior+Hunter,68,team2,kill,16.17
Rogue+Priest_vs_Warrior+Hunter,Rogue+Priest,Warrior+Hunter,69,team2,kill,16.80
Rogue+Priest_vs_Warrior+Hunter,Rogue+Priest,Warrior+Hunter,70,team2,kill,15.55
Rogue+Priest_vs_Warrior+Hunter,Rogue+Priest,Warrior+Hunter,71,team2,kill,16.02
Rogue+Priest_vs_Warrior+Hunter,Rogue+Priest,Warrior+Hunter,72,team2,kill,16.80
Rogue+Priest_vs_Warrior+Hunter,Rogue+Priest,Warrior+Hunter,73,team2,kill,16.08
Rogue+Priest_vs_Warrior+Hunter,Rogue+Priest,Warrior+Hunter,74,team2,kill,18.88
Rogue+Priest_vs_Warrior+Hunter,Rogue+Priest,Warrior+Hunter,75,team2,kill,15.55
Rogue+Priest_vs_Warrior+Hunter,Rogue+Priest,Warrior+Hunter,76,team2,kill,15.55
Rogue+Priest_vs_Warrior+Hunter,Rogue+Priest,Warrior+Hunter,77,team2,kill,17.12
Rogue+Priest_vs_Warrior+Hunter,Rogue+Priest,Warrior+Hunter,78,team2,kill,16.15
Rogue+Priest_vs_Warrior+Hunter,Rogue+Priest,Warrior+Hunter,79,team2,kill,17.12
Rogue+Priest_vs_Warrior+Hunter,Rogue+Priest,Warrior+Hunter,80,team2,kill,17.12
Rogue+Priest_vs_Warrior+Hunter,Rogue+Priest,Warrior+Hunter,81,team2,kill,15.55
Rogue+Priest_vs_Warrior+Hunter,Rogue+Priest,Warrior+Hunter,82,team2,kill,16.02
Rogue+Priest_vs_Warrior+Hunter,Rogue+Priest,Warrior+Hunter,83,team2,kill,16.08
Rogue+Priest_vs_Warrior+Hunter,Rogue+Priest,Warrior+Hunter,84,team2,kill,16.17
Rogue+Priest_vs_Warrior+Hunter,Rogue+Priest,Warrior+Hunter,85,team2,kill,16.78
Rogue+Priest_vs_Warrior+Hunter,Rogue+Priest,Warrior+Hunter,86,team2,kill,16.80
Rogue+Priest_vs_Warrior+Hunter,Rogue+Priest,Warrior+Hunter,87,team2,kill,16.17
Rogue+Priest_vs_Warrior+Hunter,Rogue+Priest,Warrior+Hunter,88,team2,kill,15.55
Rogue+Priest_vs_Warrior+Hunter,Rogue+Priest,Warrior+Hunter,89,team2,kill,15.55
Rogue+Priest_vs_Warrior+Hunter,Rogue+Priest,Warrior+Hunter,90,team2,kill,15.55
Rogue+Priest_vs_Warrior+Hunter,Rogue+Priest,Warrior+Hunter,91,team2,kill,16.02
Rogue+Priest_vs_Warrior+Hunter,Rogue+Priest,Warrior+Hunter,92,team2,kill,16.17
Rogue+Priest_vs_Warrior+Hunter,Rogue+Priest,Warrior+Hunter,93,team2,kill,16.02
Rogue+Priest_vs_Warrior+Hunter,Rogue+Priest,Warrior+Hunter,94,team2,kill,16.08
Rogue+Priest_vs_Warrior+Hunter,Rogue+Priest,Warrior+Hunter,95,team2,kill,15.05
Rogue+Priest_vs_Warrior+Hunter,Rogue+Priest,Warrior+Hunter,96,team2,kill,15.55
Rogue+Priest_vs_Warrior+Hunter,Rogue+Priest,Warrior+Hunter,97,team2,kill,16.15
Rogue+Priest_vs_Warrior+Hunter,Rogue+Priest,Warrior+Hunter,98,team2,kill,16.53
Rogue+Priest_vs_Warrior+Hunter,Rogue+Priest,Warrior+Hunter,99,team2,kill,16.02
Rogue+Priest_vs_Warrior+Shaman,Rogue+Priest,Warrior+Shaman,0,team1,kill,50.28
Rogue+Priest_vs_Warrior+Shaman,Rogue+Priest,Warrior+Shaman,1,team1,kill,56.23
Rogue+Priest_vs_Warrior+Shaman,Rogue+Priest,Warrior+Shaman,2,team1,kill,51.03
Rogue+Priest_vs_Warrior+Shaman,Rogue+Priest,Warrior+Shaman,3,team1,kill,51.28
Rogue+Priest_vs_Warrior+Shaman,Rogue+Priest,Warrior+Shaman,4,team1,kill,48.62
Rogue+Priest_vs_Warrior+Shaman,Rogue+Priest,Warrior+Shaman,5,team1,kill,49.45
Rogue+Priest_vs_Warrior+Shaman,Rogue+Priest,Warrior+Shaman,6,team1,kill,48.33
Rogue+Priest_vs_Warrior+Shaman,Rogue+Priest,Warrior+Shaman,7,team1,kill,48.33
Rogue+Priest_vs_Warrior+Shaman,Rogue+Priest,Warrior+Shaman,8,team1,kill,49.42
Rogue+Priest_vs_Warrior+Shaman,Rogue+Priest,Warrior+Shaman,9,team1,kill,48.58
Rogue+Priest_vs_Warrior+Shaman,Rogue+Priest,Warrior+Shaman,10,team1,kill,50.33
Rogue+Priest_vs_Warrior+Shaman,Rogue+Priest,Warrior+Shaman,11,team1,kill,47.58
Rogue+Priest_vs_Warrior+Shaman,Rogue+Priest,Warrior+Shaman,12,team1,kill,56.47
Rogue+Priest_vs_Warrior+Shaman,Rogue+Priest,Warrior+Shaman,13,team1,kill,56.72
Rogue+Priest_vs_Warrior+Shaman,Rogue+Priest,Warrior+Shaman,14,team1,kill,48.33
Rogue+Priest_vs_Warrior+Shaman,Rogue+Priest,Warrior+Shaman,15,team1,kill,47.93
Rogue+Priest_vs_Warrior+Shaman,Rogue+Priest,Warrior+Shaman,16,team1,kill,48.33
Rogue+Priest_vs_Warrior+Shaman,Rogue+Priest,Warrior+Shaman,17,team1,kill,46.50
Rogue+Priest_vs_Warrior+Shaman,Rogue+Priest,Warrior+Shaman,18,team1,kill,47.35
Rogue+Priest_vs_Warrior+Shaman,Rogue+Priest,Warrior+Shaman,19,team1,kill,48.57
Rogue+Priest_vs_Warrior+Shaman,Rogue+Priest,Warrior+Shaman,20,team1,kill,44.22
Rogue+Priest_vs_Warrior+Shaman,Rogue+Priest,Warrior+Shaman,21,team1,kill,46.07
Rogue+Priest_vs_Warrior+Shaman,Rogue+Priest,Warrior+Shaman,22,team1,kill,48.80
Rogue+Priest_vs_Warrior+Shaman,Rogue+Priest,Warrior+Shaman,23,team1,kill,48.33
Rogue+Priest_vs_Warrior+Shaman,Rogue+Priest,Warrior+Shaman,24,team1,kill,48.33
Rogue+Priest_vs_Warrior+Shaman,Rogue+Priest,Warrior+Shaman,25,team1,kill,55.35
Rogue+Priest_vs_Warrior+Shaman,Rogue+Priest,Warrior+Shaman,26,team1,kill,48.80
Rogue+Priest_vs_Warrior+Shaman,Rogue+Priest,Warrior+Shaman,27,team1,kill,52.50
Rogue+Priest_vs_Warrior+Shaman,Rogue+Priest,Warrior+Shaman,28,team1,kill,53.35
Rogue+Priest_vs_Warrior+Shaman,Rogue+Priest,Warrior+Shaman,29,team1,kill,47.38
Rogue+Priest_vs_Warrior+Shaman,Rogue+Priest,Warrior+Shaman,30,team1,kill,47.28
Rogue+Priest_vs_Warrior+Shaman,Rogue+Priest,Warrior+Shaman,31,team1,kill,51.65
Rogue+Priest_vs_Warrior+Shaman,Rogue+Priest,Warrior+Shaman,32,team1,kill,48.58
Rogue+Priest_vs_Warrior+Shaman,Rogue+Priest,Warrior+Shaman,33,team1,kill,47.95
Rogue+Priest_vs_Warrior+Shaman,Rogue+Priest,Warrior+Shaman,34,team1,kill,48.45
Rogue+Priest_vs_Warrior+Shaman,Rogue+Priest,Warrior+Shaman,35,team1,kill,49.60
Rogue+Priest_vs_Warrior+Shaman,Rogue+Priest,Warrior+Shaman,36,team1,kill,49.50
Rogue+Priest_vs_Warrior+Shaman,Rogue+Priest,Warrior+Shaman,37,team1,kill,48.60
Rogue+Priest_vs_Warrior+Shaman,Rogue+Priest,Warrior+Shaman,38,team1,kill,50.33
Rogue+Priest_vs_Warrior+Shaman,Rogue+Priest,Warrior+Shaman,39,team1,kill,48.40
Rogue+Priest_vs_Warrior+Shaman,Rogue+Priest,Warrior+Shaman,40,team1,kill,55.93
Rogue+Priest_vs_Warrior+Shaman,Rogue+Priest,Warrior+Shaman,41,team1,kill,48.70
Rogue+Priest_vs_Warrior+Shaman,Rogue+Priest,Warrior+Shaman,42,team1,kill,56.23
Rogue+Priest_vs_Warrior+Shaman,Rogue+Priest,Warrior+Shaman,43,team1,kill,49.00
Rogue+Priest_vs_Warrior+Shaman,Rogue+Priest,Warrior+Shaman,44,team1,kill,47.25
Rogue+Priest_vs_Warrior+Shaman,Rogue+Priest,Warrior+Shaman,45,team1,kill,48.43
Rogue+Priest_vs_Warrior+Shaman,Rogue+Priest,Warrior+Shaman,46,team1,kill,46.75
Rogue+Priest_vs_Warrior+Shaman,Rogue+Priest,Warrior+Shaman,47,team1,kill,52.28
Rogue+Priest_vs_Warrior+Shaman,Rogue+Priest,Warrior+Shaman,48,team1,kill,49.73
Rogue+Priest_vs_Warrior+Shaman,Rogue+Priest,Warrior+Shaman,49,team1,kill,49.10
Rogue+Priest_vs_Warrior+Shaman,Rogue+Priest,Warrior+Shaman,50,team1,kill,48.68
Rogue+Priest_vs_Warrior+Shaman,Rogue+Priest,Warrior+Shaman,51,team1,kill,48.68
Rogue+Priest_vs_Warrior+Shaman,Rogue+Priest,Warrior+Shaman,52,team1,kill,51.03
Rogue+Priest_vs_Warrior+Shaman,Rogue+Priest,Warrior+Shaman,53,team1,kill,50.40
Rogue+Priest_vs_Warrior+Shaman,Rogue+Priest,Warrior+Shaman,54,team1,kill,47.58
Rogue+Priest_vs_Warrior+Shaman,Rogue+Priest,Warrior+Shaman,55,team1,kill,49.38
Rogue+Priest_vs_Warrior+Shaman,Rogue+Priest,Warrior+Shaman,56,team1,kill,50.83
Rogue+Priest_vs_Warrior+Shaman,Rogue+Priest,Warrior+Shaman,57,team1,kill,46.58
Rogue+Priest_vs_Warrior+Shaman,Rogue+Priest,Warrior+Shaman,58,team1,kill,47.05
Rogue+Priest_vs_Warrior+Shaman,Rogue+Priest,Warrior+Shaman,59,team1,kill,48.00
Rogue+Priest_vs_Warrior+Shaman,Rogue+Priest,Warrior+Shaman,60,team1,kill,46.75
Rogue+Priest_vs_Warrior+Shaman,Rogue+Priest,Warrior+Shaman,61,team1,kill,48.52
Rogue+Priest_vs_Warrior+Shaman,Rogue+Priest,Warrior+Shaman,62,team1,kill,48.33
Rogue+Priest_vs_Warrior+Shaman,Rogue+Priest,Warrior+Shaman,63,team1,kill,49.25
Rogue+Priest_vs_Warrior+Shaman,Rogue+Priest,Warrior+Shaman,64,team1,kill,49.63
Rogue+Priest_vs_Warrior+Shaman,Rogue+Priest,Warrior+Shaman,65,team1,kill,50.55
Rogue+Priest_vs_Warrior+Shaman,Rogue+Priest,Warrior+Shaman,66,team1,kill,48.33
Rogue+Priest_vs_Warrior+Shaman,Rogue+Priest,Warrior+Shaman,67,team1,kill,48.60
Rogue+Priest_vs_Warrior+Shaman,Rogue+Priest,Warrior+Shaman,68,team2,kill,36.85
Rogue+Priest_vs_Warrior+Shaman,Rogue+Priest,Warrior+Shaman,69,team1,kill,48.00
Rogue+Priest_vs_Warrior+Shaman,Rogue+Priest,Warrior+Shaman,70,team1,kill,47.10
Rogue+Priest_vs_Warrior+Shaman,Rogue+Priest,Warrior+Shaman,71,team1,kill,51.37
Rogue+Priest_vs_Warrior+Shaman,Rogue+Priest,Warrior+Shaman,72,team1,kill,48.15
Rogue+Priest_vs_Warrior+Shaman,Rogue+Priest,Warrior+Shaman,73,team1,kill,48.33
Rogue+Priest_vs_Warrior+Shaman,Rogue+Priest,Warrior+Shaman,74,team1,kill,47.28
Rogue+Priest_vs_Warrior+Shaman,Rogue+Priest,Warrior+Shaman,75,team1,kill,53.77
Rogue+Priest_vs_Warrior+Shaman,Rogue+Priest,Warrior+Shaman,76,team1,kill,54.80
Rogue+Priest_vs_Warrior+Shaman,Rogue+Priest,Warrior+Shaman,77,team1,kill,51.53
Rogue+Priest_vs_Warrior+Shaman,Rogue+Priest,Warrior+Shaman,78,team1,kill,48.33
Rogue+Priest_vs_Warrior+Shaman,Rogue+Priest,Warrior+Shaman,79,team1,kill,50.92
Rogue+Priest_vs_Warrior+Shaman,Rogue+Priest,Warrior+Shaman,80,team1,kill,47.78
Rogue+Priest_vs_Warrior+Shaman,Rogue+Priest,Warrior+Shaman,81,team1,kill,50.33
Rogue+Priest_vs_Warrior+Shaman,Rogue+Priest,Warrior+Shaman,82,team1,kill,53.82
Rogue+Priest_vs_Warrior+Shaman,Rogue+Priest,Warrior+Shaman,83,team1,kill,49.65
Rogue+Priest_vs_Warrior+Shaman,Rogue+Priest,Warrior+Shaman,84,team1,kill,45.92
Rogue+Priest_vs_Warrior+Shaman,Rogue+Priest,Warrior+Shaman,85,team1,kill,48.00
Rogue+Priest_vs_Warrior+Shaman,Rogue+Priest,Warrior+Shaman,86,team1,kill,48.25
Rogue+Priest_vs_Warrior+Shaman,Rogue+Priest,Warrior+Shaman,87,team1,kill,48.33
Rogue+Priest_vs_Warrior+Shaman,Rogue+Priest,Warrior+Shaman,88,team1,kill,48.33
Rogue+Priest_vs_Warrior+Shaman,Rogue+Priest,Warrior+Shaman,89,team1,kill,49.10
Rogue+Priest_vs_Warrior+Shaman,Rogue+Priest,Warrior+Shaman,90,team1,kill,46.93
Rogue+Priest_vs_Warrior+Shaman,Rogue+Priest,Warrior+Shaman,91,team1,kill,49.97
Rogue+Priest_vs_Warrior+Shaman,Rogue+Priest,Warrior+Shaman,92,team1,kill,48.68
Rogue+Priest_vs_Warrior+Shaman,Rogue+Priest,Warrior+Shaman,93,team1,kill,44.77
Rogue+Priest_vs_Warrior+Shaman,Rogue+Priest,Warrior+Shaman,94,team1,kill,46.98
Rogue+Priest_vs_Warrior+Shaman,Rogue+Priest,Warrior+Shaman,95,team1,kill,44.35
Rogue+Priest_vs_Warrior+Shaman,Rogue+Priest,Warrior+Shaman,96,team1,kill,49.08
Rogue+Priest_vs_Warrior+Shaman,Rogue+Priest,Warrior+Shaman,97,team1,kill,48.97
Rogue+Priest_vs_Warrior+Shaman,Rogue+Priest,Warrior+Shaman,98,team1,kill,48.33
Rogue+Priest_vs_Warrior+Shaman,Rogue+Priest,Warrior+Shaman,99,team1,kill,51.78
Rogue+Priest_vs_Mage+Rogue,Rogue+Priest,Mage+Rogue,0,team2,kill,21.80
Rogue+Priest_vs_Mage+Rogue,Rogue+Priest,Mage+Rogue,1,team2,kill,23.32
Rogue+Priest_vs_Mage+Rogue,Rogue+Priest,Mage+Rogue,2,team2,kill,25.08
Rogue+Priest_vs_Mage+Rogue,Rogue+Priest,Mage+Rogue,3,team2,kill,25.08
Rogue+Priest_vs_Mage+Rogue,Rogue+Priest,Mage+Rogue,4,team2,kill,26.57
Rogue+Priest_vs_Mage+Rogue,Rogue+Priest,Mage+Rogue,5,team2,kill,23.58
Rogue+Priest_vs_Mage+Rogue,Rogue+Priest,Mage+Rogue,6,team2,kill,21.40
Rogue+Priest_vs_Mage+Rogue,Rogue+Priest,Mage+Rogue,7,team2,kill,21.40
Rogue+Priest_vs_Mage+Rogue,Rogue+Priest,Mage+Rogue,8,team2,kill,25.08
Rogue+Priest_vs_Mage+Rogue,Rogue+Priest,Mage+Rogue,9,team2,kill,23.98
Rogue+Priest_vs_Mage+Rogue,Rogue+Priest,Mage+Rogue,10,team2,kill,23.05
Rogue+Priest_vs_Mage+Rogue,Rogue+Priest,Mage+Rogue,11,team2,kill,25.08
Rogue+Priest_vs_Mage+Rogue,Rogue+Priest,Mage+Rogue,12,team2,kill,23.90
Rogue+Priest_vs_Mage+Rogue,Rogue+Priest,Mage+Rogue,13,team2,kill,25.08
Rogue+Priest_vs_Mage+Rogue,Rogue+Priest,Mage+Rogue,14,team2,kill,25.08
Rogue+Priest_vs_Mage+Rogue,Rogue+Priest,Mage+Rogue,15,team2,kill,24.25
Rogue+Priest_vs_Mage+Rogue,Rogue+Priest,Mage+Rogue,16,team2,kill,23.05
Rogue+Priest_vs_Mage+Rogue,Rogue+Priest,Mage+Rogue,17,team2,kill,23.32
Rogue+Priest_vs_Mage+Rogue,Rogue+Priest,Mage+Rogue,18,team2,kill,23.32
Rogue+Priest_vs_Mage+Rogue,Rogue+Priest,Mage+Rogue,19,team2,kill,25.08
Rogue+Priest_vs_Mage+Rogue,Rogue+Priest,Mage+Rogue,20,team2,kill,25.08
Rogue+Priest_vs_Mage+Rogue,Rogue+Priest,Mage+Rogue,21,team2,kill,23.32
Rogue+Priest_vs_Mage+Rogue,Rogue+Priest,Mage+Rogue,22,team2,kill,24.57
Rogue+Priest_vs_Mage+Rogue,Rogue+Priest,Mage+Rogue,23,team2,kill,21.80
Rogue+Priest_vs_Mage+Rogue,Rogue+Priest,Mage+Rogue,24,team2,kill,25.08
Rogue+Priest_vs_Mage+Rogue,Rogue+Priest,Mage+Rogue,25,team2,kill,24.57
Rogue+Priest_vs_Mage+Rogue,Rogue+Priest,Mage+Rogue,26,team2,kill,25.08
Rogue+Priest_vs_Mage+Rogue,Rogue+Priest,Mage+Rogue,27,team2,kill,23.32
Rogue+Priest_vs_Mage+Rogue,Rogue+Priest,Mage+Rogue,28,team2,kill,23.32
Rogue+Priest_vs_Mage+Rogue,Rogue+Priest,Mage+Rogue,29,team2,kill,24.57
Rogue+Priest_vs_Mage+Rogue,Rogue+Priest,Mage+Rogue,30,team2,kill,24.57
Rogue+Priest_vs_Mage+Rogue,Rogue+Priest,Mage+Rogue,31,team2,kill,23.90
Rogue+Priest_vs_Mage+Rogue,Rogue+Priest,Mage+Rogue,32,team2,kill,24.65
Rogue+Priest_vs_Mage+Rogue,Rogue+Priest,Mage+Rogue,33,team2,kill,25.08
Rogue+Priest_vs_Mage+Rogue,Rogue+Priest,Mage+Rogue,34,team2,kill,21.40
Rogue+Priest_vs_Mage+Rogue,Rogue+Priest,Mage+Rogue,35,team2,kill,22.07
Rogue+Priest_vs_Mage+Rogue,Rogue+Priest,Mage+Rogue,36,team2,kill,21.40
Rogue+Priest_vs_Mage+Rogue,Rogue+Priest,Mage+Rogue,37,team2,kill,23.32
Rogue+Priest_vs_Mage+Rogue,Rogue+Priest,Mage+Rogue,38,team2,kill,23.32
Rogue+Priest_vs_Mage+Rogue,Rogue+Priest,Mage+Rogue,39,team2,kill,23.32
Rogue+Priest_vs_Mage+Rogue,Rogue+Priest,Mage+Rogue,40,team2,kill,24.57
Rogue+Priest_vs_Mage+Rogue,Rogue+Priest,Mage+Rogue,41,team2,kill,23.32
Rogue+Priest_vs_Mage+Rogue,Rogue+Priest,Mage+Rogue,42,team2,kill,25.08
Rogue+Priest_vs_Mage+Rogue,Rogue+Priest,Mage+Rogue,43,team2,kill,23.32
Rogue+Priest_vs_Mage+Rogue,Rogue+Priest,Mage+Rogue,44,team2,kill,23.32
Rogue+Priest_vs_Mage+Rogue,Rogue+Priest,Mage+Rogue,45,team2,kill,23.32
Rogue+Priest_vs_Mage+Rogue,Rogue+Priest,Mage+Rogue,46,team2,kill,21.80
Rogue+Priest_vs_Mage+Rogue,Rogue+Priest,Mage+Rogue,47,team2,kill,25.08
Rogue+Priest_vs_Mage+Rogue,Rogue+Priest,Mage+Rogue,48,team2,kill,25.08
Rogue+Priest_vs_Mage+Rogue,Rogue+Priest,Mage+Rogue,49,team2,kill,23.32
Rogue+Priest_vs_Mage+Rogue,Rogue+Priest,Mage+Rogue,50,team2,kill,23.32
Rogue+Priest_vs_Mage+Rogue,Rogue+Priest,Mage+Rogue,51,team2,kill,25.08
Rogue+Priest_vs_Mage+Rogue,Rogue+Priest,Mage+Rogue,52,team2,kill,22.07
Rogue+Priest_vs_Mage+Rogue,Rogue+Priest,Mage+Rogue,53,team2,kill,23.90
Rogue+Priest_vs_Mage+Rogue,Rogue+Priest,Mage+Rogue,54,team2,kill,21.80
Rogue+Priest_vs_Mage+Rogue,Rogue+Priest,Mage+Rogue,55,team2,kill,25.08
Rogue+Priest_vs_Mage+Rogue,Rogue+Priest,Mage+Rogue,56,team2,kill,25.08
Rogue+Priest_vs_Mage+Rogue,Rogue+Priest,Mage+Rogue,57,team2,kill,25.23
Rogue+Priest_vs_Mage+Rogue,Rogue+Priest,Mage+Rogue,58,team2,kill,25.08
Rogue+Priest_vs_Mage+Rogue,Rogue+Priest,Mage+Rogue,59,team2,kill,25.08
Rogue+Priest_vs_Mage+Rogue,Rogue+Priest,Mage+Rogue,60,team2,kill,25.08
Rogue+Priest_vs_Mage+Rogue,Rogue+Priest,Mage+Rogue,61,team2,kill,25.08
Rogue+Priest_vs_Mage+Rogue,Rogue+Priest,Mage+Rogue,62,team2,kill,25.23
Rogue+Priest_vs_Mage+Rogue,Rogue+Priest,Mage+Rogue,63,team2,kill,25.08
Rogue+Priest_vs_Mage+Rogue,Rogue+Priest,Mage+Rogue,64,team2,kill,25.23
Rogue+Priest_vs_Mage+Rogue,Rogue+Priest,Mage+Rogue,65,team2,kill,23.95
Rogue+Priest_vs_Mage+Rogue,Rogue+Priest,Mage+Rogue,66,team2,kill,22.92
Rogue+Priest_vs_Mage+Rogue,Rogue+Priest,Mage+Rogue,67,team2,kill,23.32
Rogue+Priest_vs_Mage+Rogue,Rogue+Priest,Mage+Rogue,68,team2,kill,25.08
Rogue+Priest_vs_Mage+Rogue,Rogue+Priest,Mage+Rogue,69,team2,kill,22.38
Rogue+Priest_vs_Mage+Rogue,Rogue+Priest,Mage+Rogue,70,team2,kill,25.08
Rogue+Priest_vs_Mage+Rogue,Rogue+Priest,Mage+Rogue,71,team2,kill,23.32
Rogue+Priest_vs_Mage+Rogue,Rogue+Priest,Mage+Rogue,72,team2,kill,21.80
Rogue+Priest_vs_Mage+Rogue,Rogue+Priest,Mage+Rogue,73,team2,kill,24.57
Rogue+Priest_vs_Mage+Rogue,Rogue+Priest,Mage+Rogue,74,team2,kill,25.23
Rogue+Priest_vs_Mage+Rogue,Rogue+Priest,Mage+Rogue,75,team2,kill,25.23
Rogue+Priest_vs_Mage+Rogue,Rogue+Priest,Mage+Rogue,76,team2,kill,21.80
Rogue+Priest_vs_Mage+Rogue,Rogue+Priest,Mage+Rogue,77,team2,kill,22.73
Rogue+Priest_vs_Mage+Rogue,Rogue+Priest,Mage+Rogue,78,team2,kill,23.32
Rogue+Priest_vs_Mage+Rogue,Rogue+Priest,Mage+Rogue,79,team2,kill,22.92
Rogue+Priest_vs_Mage+Rogue,Rogue+Priest,Mage+Rogue,80,team2,kill,23.72
Rogue+Priest_vs_Mage+Rogue,Rogue+Priest,Mage+Rogue,81,team1,kill,24.93
Rogue+Priest_vs_Mage+Rogue,Rogue+Priest,Mage+Rogue,82,team2,kill,23.32
Rogue+Priest_vs_Mage+Rogue,Rogue+Priest,Mage+Rogue,83,team2,kill,25.08
Rogue+Priest_vs_Mage+Rogue,Rogue+Priest,Mage+Rogue,84,team2,kill,23.90
Rogue+Priest_vs_Mage+Rogue,Rogue+Priest,Mage+Rogue,85,team2,kill,23.92
Rogue+Priest_vs_Mage+Rogue,Rogue+Priest,Mage+Rogue,86,team2,kill,23.32
Rogue+Priest_vs_Mage+Rogue,Rogue+Priest,Mage+Rogue,87,team2,kill,25.08
Rogue+Priest_vs_Mage+Rogue,Rogue+Priest,Mage+Rogue,88,team2,kill,25.08
Rogue+Priest_vs_Mage+Rogue,Rogue+Priest,Mage+Rogue,89,team2,kill,23.23
Rogue+Priest_vs_Mage+Rogue,Rogue+Priest,Mage+Rogue,90,team2,kill,23.32
Rogue+Priest_vs_Mage+Rogue,Rogue+Priest,Mage+Rogue,91,team2,kill,24.57
Rogue+Priest_vs_Mage+Rogue,Rogue+Priest,Mage+Rogue,92,team2,kill,25.08
Rogue+Priest_vs_Mage+Rogue,Rogue+Priest,Mage+Rogue,93,team2,kill,22.65
Rogue+Priest_vs_Mage+Rogue,Rogue+Priest,Mage+Rogue,94,team2,kill,26.57
Rogue+Priest_vs_Mage+Rogue,Rogue+Priest,Mage+Rogue,95,team2,kill,23.92
Rogue+Priest_vs_Mage+Rogue,Rogue+Priest,Mage+Rogue,96,team2,kill,23.32
Rogue+Priest_vs_Mage+Rogue,Rogue+Priest,Mage+Rogue,97,team2,kill,25.23
Rogue+Priest_vs_Mage+Rogue,Rogue+Priest,Mage+Rogue,98,team2,kill,25.08
Rogue+Priest_vs_Mage+Rogue,Rogue+Priest,Mage+Rogue,99,team2,kill,25.08
Rogue+Priest_vs_Mage+Priest,Rogue+Priest,Mage+Priest,0,team2,kill,43.55
Rogue+Priest_vs_Mage+Priest,Rogue+Priest,Mage+Priest,1,team2,kill,40.05
Rogue+Priest_vs_Mage+Priest,Rogue+Priest,Mage+Priest,2,team1,kill,58.43
Rogue+Priest_vs_Mage+Priest,Rogue+Priest,Mage+Priest,3,team2,kill,43.55
Rogue+Priest_vs_Mage+Priest,Rogue+Priest,Mage+Priest,4,team2,kill,43.62
Rogue+Priest_vs_Mage+Priest,Rogue+Priest,Mage+Priest,5,team2,kill,44.23
Rogue+Priest_vs_Mage+Priest,Rogue+Priest,Mage+Priest,6,team2,kill,52.48
Rogue+Priest_vs_Mage+Priest,Rogue+Priest,Mage+Priest,7,team2,kill,42.90
Rogue+Priest_vs_Mage+Priest,Rogue+Priest,Mage+Priest,8,team2,kill,44.30
Rogue+Priest_vs_Mage+Priest,Rogue+Priest,Mage+Priest,9,team1,kill,52.63
Rogue+Priest_vs_Mage+Priest,Rogue+Priest,Mage+Priest,10,team2,kill,43.55
Rogue+Priest_vs_Mage+Priest,Rogue+Priest,Mage+Priest,11,team2,kill,43.53
Rogue+Priest_vs_Mage+Priest,Rogue+Priest,Mage+Priest,12,team1,kill,51.88
Rogue+Priest_vs_Mage+Priest,Rogue+Priest,Mage+Priest,13,team2,kill,43.40
Rogue+Priest_vs_Mage+Priest,Rogue+Priest,Mage+Priest,14,team1,kill,53.07
Rogue+Priest_vs_Mage+Priest,Rogue+Priest,Mage+Priest,15,team2,kill,42.03
Rogue+Priest_vs_Mage+Priest,Rogue+Priest,Mage+Priest,16,team1,kill,51.92
Rogue+Priest_vs_Mage+Priest,Rogue+Priest,Mage+Priest,17,team1,kill,51.42
Rogue+Priest_vs_Mage+Priest,Rogue+Priest,Mage+Priest,18,team2,kill,43.55
Rogue+Priest_vs_Mage+Priest,Rogue+Priest,Mage+Priest,19,team2,kill,42.92
Rogue+Priest_vs_Mage+Priest,Rogue+Priest,Mage+Priest,20,team1,kill,61.73
Rogue+Priest_vs_Mage+Priest,Rogue+Priest,Mage+Priest,21,team2,kill,44.23
Rogue+Priest_vs_Mage+Priest,Rogue+Priest,Mage+Priest,22,team2,kill,42.35
Rogue+Priest_vs_Mage+Priest,Rogue+Priest,Mage+Priest,23,team2,kill,49.18
Rogue+Priest_vs_Mage+Priest,Rogue+Priest,Mage+Priest,24,team1,kill,64.10
Rogue+Priest_vs_Mage+Priest,Rogue+Priest,Mage+Priest,25,team2,kill,43.55
Rogue+Priest_vs_Mage+Priest,Rogue+Priest,Mage+Priest,26,team2,kill,42.92
Rogue+Priest_vs_Mage+Priest,Rogue+Priest,Mage+Priest,27,team2,kill,43.53
Rogue+Priest_vs_Mage+Priest,Rogue+Priest,Mage+Priest,28,team2,kill,43.67
Rogue+Priest_vs_Mage+Priest,Rogue+Priest,Mage+Priest,29,team2,kill,42.03
Rogue+Priest_vs_Mage+Priest,Rogue+Priest,Mage+Priest,30,team2,kill,44.63
Rogue+Priest_vs_Mage+Priest,Rogue+Priest,Mage+Priest,31,team2,kill,43.55
Rogue+Priest_vs_Mage+Priest,Rogue+Priest,Mage+Priest,32,team2,kill,43.28
Rogue+Priest_vs_Mage+Priest,Rogue+Priest,Mage+Priest,33,team1,kill,50.13
Rogue+Priest_vs_Mage+Priest,Rogue+Priest,Mage+Priest,34,team1,kill,51.33
Rogue+Priest_vs_Mage+Priest,Rogue+Priest,Mage+Priest,35,team1,kill,56.47
Rogue+Priest_vs_Mage+Priest,Rogue+Priest,Mage+Priest,36,team2,kill,43.67
Rogue+Priest_vs_Mage+Priest,Rogue+Priest,Mage+Priest,37,team1,kill,58.32
Rogue+Priest_vs_Mage+Priest,Rogue+Priest,Mage+Priest,38,team2,kill,42.03
Rogue+Priest_vs_Mage+Priest,Rogue+Priest,Mage+Priest,39,team2,kill,43.55
Rogue+Priest_vs_Mage+Priest,Rogue+Priest,Mage+Priest,40,team2,kill,37.33
Rogue+Priest_vs_Mage+Priest,Rogue+Priest,Mage+Priest,41,team2,kill,43.55
Rogue+Priest_vs_Mage+Priest,Rogue+Priest,Mage+Priest,42,team2,kill,47.62
Rogue+Priest_vs_Mage+Priest,Rogue+Priest,Mage+Priest,43,team2,kill,43.55
Rogue+Priest_vs_Mage+Priest,Rogue+Priest,Mage+Priest,44,team2,kill,40.98
Rogue+Priest_vs_Mage+Priest,Rogue+Priest,Mage+Priest,45,team2,kill,45.60
Rogue+Priest_vs_Mage+Priest,Rogue+Priest,Mage+Priest,46,team2,kill,39.18
Rogue+Priest_vs_Mage+Priest,Rogue+Priest,Mage+Priest,47,team2,kill,39.93
Rogue+Priest_vs_Mage+Priest,Rogue+Priest,Mage+Priest,48,team2,kill,40.95
Rogue+Priest_vs_Mage+Priest,Rogue+Priest,Mage+Priest,49,team2,kill,43.55
Rogue+Priest_vs_Mage+Priest,Rogue+Priest,Mage+Priest,50,team2,kill,42.53
Rogue+Priest_vs_Mage+Priest,Rogue+Priest,Mage+Priest,51,team2,kill,43.55
Rogue+Priest_vs_Mage+Priest,Rogue+Priest,Mage+Priest,52,team2,kill,43.55
Rogue+Priest_vs_Mage+Priest,Rogue+Priest,Mage+Priest,53,team2,kill,44.00
Rogue+Priest_vs_Mage+Priest,Rogue+Priest,Mage+Priest,54,team2,kill,49.95
Rogue+Priest_vs_Mage+Priest,Rogue+Priest,Mage+Priest,55,team2,kill,50.00
Rogue+Priest_vs_Mage+Priest,Rogue+Priest,Mage+Priest,56,team2,kill,43.55
Rogue+Priest_vs_Mage+Priest,Rogue+Priest,Mage+Priest,57,team2,kill,44.63
Rogue+Priest_vs_Mage+Priest,Rogue+Priest,Mage+Priest,58,team2,kill,44.03
Rogue+Priest_vs_Mage+Priest,Rogue+Priest,Mage+Priest,59,team2,kill,40.52
Rogue+Priest_vs_Mage+Priest,Rogue+Priest,Mage+Priest,60,team2,kill,43.67
Rogue+Priest_vs_Mage+Priest,Rogue+Priest,Mage+Priest,61,team2,kill,43.55
Rogue+Priest_vs_Mage+Priest,Rogue+Priest,Mage+Priest,62,team2,kill,42.35
Rogue+Priest_vs_Mage+Priest,Rogue+Priest,Mage+Priest,63,team2,kill,35.78
Rogue+Priest_vs_Mage+Priest,Rogue+Priest,Mage+Priest,64,team2,kill,45.65
Rogue+Priest_vs_Mage+Priest,Rogue+Priest,Mage+Priest,65,team2,kill,43.55
Rogue+Priest_vs_Mage+Priest,Rogue+Priest,Mage+Priest,66,team2,kill,48.18
Rogue+Priest_vs_Mage+Priest,Rogue+Priest,Mage+Priest,67,team2,kill,41.98
Rogue+Priest_vs_Mage+Priest,Rogue+Priest,Mage+Priest,68,team2,kill,43.55
Rogue+Priest_vs_Mage+Priest,Rogue+Priest,Mage+Priest,69,team2,kill,42.15
Rogue+Priest_vs_Mage+Priest,Rogue+Priest,Mage+Priest,70,team2,kill,41.00
Rogue+Priest_vs_Mage+Priest,Rogue+Priest,Mage+Priest,71,team2,kill,43.55
Rogue+Priest_vs_Mage+Priest,Rogue+Priest,Mage+Priest,72,team2,kill,41.53
Rogue+Priest_vs_Mage+Priest,Rogue+Priest,Mage+Priest,73,team2,kill,53.75
Rogue+Priest_vs_Mage+Priest,Rogue+Priest,Mage+Priest,74,team2,kill,35.12
Rogue+Priest_vs_Mage+Priest,Rogue+Priest,Mage+Priest,75,team2,kill,43.53
Rogue+Priest_vs_Mage+Priest,Rogue+Priest,Mage+Priest,76,team2,kill,44.35
Rogue+Priest_vs_Mage+Priest,Rogue+Priest,Mage+Priest,77,team2,kill,43.55
Rogue+Priest_vs_Mage+Priest,Rogue+Priest,Mage+Priest,78,team2,kill,43.55
Rogue+Priest_vs_Mage+Priest,Rogue+Priest,Mage+Priest,79,team2,kill,43.55
Rogue+Priest_vs_Mage+Priest,Rogue+Priest,Mage+Priest,80,team2,kill,43.45
Rogue+Priest_vs_Mage+Priest,Rogue+Priest,Mage+Priest,81,team1,kill,54.75
Rogue+Priest_vs_Mage+Priest,Rogue+Priest,Mage+Priest,82,team2,kill,42.35
Rogue+Priest_vs_Mage+Priest,Rogue+Priest,Mage+Priest,83,team2,kill,42.35
Rogue+Priest_vs_Mage+Priest,Rogue+Priest,Mage+Priest,84,team2,kill,42.52
Rogue+Priest_vs_Mage+Priest,Rogue+Priest,Mage+Priest,85,team2,kill,47.98
Rogue+Priest_vs_Mage+Priest,Rogue+Priest,Mage+Priest,86,team2,kill,43.55
Rogue+Priest_vs_Mage+Priest,Rogue+Priest,Mage+Priest,87,team1,kill,63.70
Rogue+Priest_vs_Mage+Priest,Rogue+Priest,Mage+Priest,88,team2,kill,43.53
Rogue+Priest_vs_Mage+Priest,Rogue+Priest,Mage+Priest,89,team2,kill,42.73
Rogue+Priest_vs_Mage+Priest,Rogue+Priest,Mage+Priest,90,team2,kill,43.55
Rogue+Priest_vs_Mage+Priest,Rogue+Priest,Mage+Priest,91,team2,kill,41.08
Rogue+Priest_vs_Mage+Priest,Rogue+Priest,Mage+Priest,92,team2,kill,43.55
Rogue+Priest_vs_Mage+Priest,Rogue+Priest,Mage+Priest,93,team2,kill,45.58
Rogue+Priest_vs_Mage+Priest,Rogue+Priest,Mage+Priest,94,team2,kill,43.97
Rogue+Priest_vs_Mage+Priest,Rogue+Priest,Mage+Priest,95,team2,kill,47.13
Rogue+Priest_vs_Mage+Priest,Rogue+Priest,Mage+Priest,96,team2,kill,43.65
Rogue+Priest_vs_Mage+Priest,Rogue+Priest,Mage+Priest,97,team2,kill,46.18
Rogue+Priest_vs_Mage+Priest,Rogue+Priest,Mage+Priest,98,team2,kill,42.12
Rogue+Priest_vs_Mage+Priest,Rogue+Priest,Mage+Priest,99,team2,kill,42.37
Rogue+Priest_vs_Mage+Warlock,Rogue+Priest,Mage+Warlock,0,team1,kill,32.97
Rogue+Priest_vs_Mage+Warlock,Rogue+Priest,Mage+Warlock,1,team1,kill,24.87
Rogue+Priest_vs_Mage+Warlock,Rogue+Priest,Mage+Warlock,2,team1,kill,29.32
Rogue+Priest_vs_Mage+Warlock,Rogue+Priest,Mage+Warlock,3,team1,kill,30.55
Rogue+Priest_vs_Mage+Warlock,Rogue+Priest,Mage+Warlock,4,team2,kill,35.53
Rogue+Priest_vs_Mage+Warlock,Rogue+Priest,Mage+Warlock,5,team1,kill,30.40
Rogue+Priest_vs_Mage+Warlock,Rogue+Priest,Mage+Warlock,6,team1,kill,29.98
Rogue+Priest_vs_Mage+Warlock,Rogue+Priest,Mage+Warlock,7,team1,kill,28.40
Rogue+Priest_vs_Mage+Warlock,Rogue+Priest,Mage+Warlock,8,team1,kill,28.40
Rogue+Priest_vs_Mage+Warlock,Rogue+Priest,Mage+Warlock,9,team1,kill,26.40
Rogue+Priest_vs_Mage+Warlock,Rogue+Priest,Mage+Warlock,10,team1,kill,28.52
Rogue+Priest_vs_Mage+Warlock,Rogue+Priest,Mage+Warlock,11,team1,kill,29.98
Rogue+Priest_vs_Mage+Warlock,Rogue+Priest,Mage+Warlock,12,team1,kill,27.53
Rogue+Priest_vs_Mage+Warlock,Rogue+Priest,Mage+Warlock,13,team1,kill,24.85
Rogue+Priest_vs_Mage+Warlock,Rogue+Priest,Mage+Warlock,14,team1,kill,29.03
Rogue+Priest_vs_Mage+Warlock,Rogue+Priest,Mage+Warlock,15,team1,kill,30.73
Rogue+Priest_vs_Mage+Warlock,Rogue+Priest,Mage+Warlock,16,team1,kill,28.40
Rogue+Priest_vs_Mage+Warlock,Rogue+Priest,Mage+Warlock,17,team1,kill,31.90
Rogue+Priest_vs_Mage+Warlock,Rogue+Priest,Mage+Warlock,18,team1,kill,26.87
Rogue+Priest_vs_Mage+Warlock,Rogue+Priest,Mage+Warlock,19,team1,kill,28.20
Rogue+Priest_vs_Mage+Warlock,Rogue+Priest,Mage+Warlock,20,team1,kill,26.87
Rogue+Priest_vs_Mage+Warlock,Rogue+Priest,Mage+Warlock,21,team1,kill,28.40
Rogue+Priest_vs_Mage+Warlock,Rogue+Priest,Mage+Warlock,22,team1,kill,28.40
Rogue+Priest_vs_Mage+Warlock,Rogue+Priest,Mage+Warlock,23,team1,kill,27.15
Rogue+Priest_vs_Mage+Warlock,Rogue+Priest,Mage+Warlock,24,team1,kill,28.40
Rogue+Priest_vs_Mage+Warlock,Rogue+Priest,Mage+Warlock,25,team1,kill,29.98
Rogue+Priest_vs_Mage+Warlock,Rogue+Priest,Mage+Warlock,26,team1,kill,32.40
Rogue+Priest_vs_Mage+Warlock,Rogue+Priest,Mage+Warlock,27,team1,kill,28.20
Rogue+Priest_vs_Mage+Warlock,Rogue+Priest,Mage+Warlock,28,team1,kill,34.07
Rogue+Priest_vs_Mage+Warlock,Rogue+Priest,Mage+Warlock,29,team1,kill,28.65
Rogue+Priest_vs_Mage+Warlock,Rogue+Priest,Mage+Warlock,30,team1,kill,29.53
Rogue+Priest_vs_Mage+Warlock,Rogue+Priest,Mage+Warlock,31,team1,kill,28.40
Rogue+Priest_vs_Mage+Warlock,Rogue+Priest,Mage+Warlock,32,team1,kill,30.20
Rogue+Priest_vs_Mage+Warlock,Rogue+Priest,Mage+Warlock,33,team1,kill,31.98
Rogue+Priest_vs_Mage+Warlock,Rogue+Priest,Mage+Warlock,34,team1,kill,30.40
Rogue+Priest_vs_Mage+Warlock,Rogue+Priest,Mage+Warlock,35,team1,kill,26.73
Rogue+Priest_vs_Mage+Warlock,Rogue+Priest,Mage+Warlock,36,team1,kill,25.03
Rogue+Priest_vs_Mage+Warlock,Rogue+Priest,Mage+Warlock,37,team1,kill,30.55
Rogue+Priest_vs_Mage+Warlock,Rogue+Priest,Mage+Warlock,38,team1,kill,29.98
Rogue+Priest_vs_Mage+Warlock,Rogue+Priest,Mage+Warlock,39,team1,kill,28.40
Rogue+Priest_vs_Mage+Warlock,Rogue+Priest,Mage+Warlock,40,team1,kill,34.73
Rogue+Priest_vs_Mage+Warlock,Rogue+Priest,Mage+Warlock,41,team1,kill,31.32
Rogue+Priest_vs_Mage+Warlock,Rogue+Priest,Mage+Warlock,42,team1,kill,28.40
Rogue+Priest_vs_Mage+Warlock,Rogue+Priest,Mage+Warlock,43,team1,kill,29.03
Rogue+Priest_vs_Mage+Warlock,Rogue+Priest,Mage+Warlock,44,team1,kill,27.70
Rogue+Priest_vs_Mage+Warlock,Rogue+Priest,Mage+Warlock,45,team1,kill,25.32
Rogue+Priest_vs_Mage+Warlock,Rogue+Priest,Mage+Warlock,46,team1,kill,30.62
Rogue+Priest_vs_Mage+Warlock,Rogue+Priest,Mage+Warlock,47,team1,kill,30.18
Rogue+Priest_vs_Mage+Warlock,Rogue+Priest,Mage+Warlock,48,team1,kill,31.98
Rogue+Priest_vs_Mage+Warlock,Rogue+Priest,Mage+Warlock,49,team2,kill,37.07
Rogue+Priest_vs_Mage+Warlock,Rogue+Priest,Mage+Warlock,50,team1,kill,29.03
Rogue+Priest_vs_Mage+Warlock,Rogue+Priest,Mage+Warlock,51,team1,kill,27.98
Rogue+Priest_vs_Mage+Warlock,Rogue+Priest,Mage+Warlock,52,team1,kill,26.40
Rogue+Priest_vs_Mage+Warlock,Rogue+Priest,Mage+Warlock,53,team1,kill,32.40
Rogue+Priest_vs_Mage+Warlock,Rogue+Priest,Mage+Warlock,54,team1,kill,27.53
Rogue+Priest_vs_Mage+Warlock,Rogue+Priest,Mage+Warlock,55,team1,kill,26.65
Rogue+Priest_vs_Mage+Warlock,Rogue+Priest,Mage+Warlock,56,team1,kill,31.53
Rogue+Priest_vs_Mage+Warlock,Rogue+Priest,Mage+Warlock,57,team1,kill,30.28
Rogue+Priest_vs_Mage+Warlock,Rogue+Priest,Mage+Warlock,58,team1,kill,29.08
Rogue+Priest_vs_Mage+Warlock,Rogue+Priest,Mage+Warlock,59,team1,kill,27.03
Rogue+Priest_vs_Mage+Warlock,Rogue+Priest,Mage+Warlock,60,team1,kill,29.98
Rogue+Priest_vs_Mage+Warlock,Rogue+Priest,Mage+Warlock,61,team1,kill,31.22
Rogue+Priest_vs_Mage+Warlock,Rogue+Priest,Mage+Warlock,62,team1,kill,28.40
Rogue+Priest_vs_Mage+Warlock,Rogue+Priest,Mage+Warlock,63,team1,kill,33.65
Rogue+Priest_vs_Mage+Warlock,Rogue+Priest,Mage+Warlock,64,team1,kill,32.40
Rogue+Priest_vs_Mage+Warlock,Rogue+Priest,Mage+Warlock,65,team1,kill,26.65
Rogue+Priest_vs_Mage+Warlock,Rogue+Priest,Mage+Warlock,66,team1,kill,30.65
Rogue+Priest_vs_Mage+Warlock,Rogue+Priest,Mage+Warlock,67,team1,kill,30.40
Rogue+Priest_vs_Mage+Warlock,Rogue+Priest,Mage+Warlock,68,team1,kill,28.40
Rogue+Priest_vs_Mage+Warlock,Rogue+Priest,Mage+Warlock,69,team2,kill,28.43
Rogue+Priest_vs_Mage+Warlock,Rogue+Priest,Mage+Warlock,70,team2,kill,28.78
Rogue+Priest_vs_Mage+Warlock,Rogue+Priest,Mage+Warlock,71,team2,kill,33.37
Rogue+Priest_vs_Mage+Warlock,Rogue+Priest,Mage+Warlock,72,team2,kill,28.78
Rogue+Priest_vs_Mage+Warlock,Rogue+Priest,Mage+Warlock,73,team1,kill,28.55
Rogue+Priest_vs_Mage+Warlock,Rogue+Priest,Mage+Warlock,74,team1,kill,29.98
Rogue+Priest_vs_Mage+Warlock,Rogue+Priest,Mage+Warlock,75,team2,kill,29.22
Rogue+Priest_vs_Mage+Warlock,Rogue+Priest,Mage+Warlock,76,team1,kill,25.32
Rogue+Priest_vs_Mage+Warlock,Rogue+Priest,Mage+Warlock,77,team1,kill,28.40
Rogue+Priest_vs_Mage+Warlock,Rogue+Priest,Mage+Warlock,78,team1,kill,31.98
Rogue+Priest_vs_Mage+Warlock,Rogue+Priest,Mage+Warlock,79,team1,kill,30.40
Rogue+Priest_vs_Mage+Warlock,Rogue+Priest,Mage+Warlock,80,team1,kill,26.87
Rogue+Priest_vs_Mage+Warlock,Rogue+Priest,Mage+Warlock,81,team1,kill,28.40
Rogue+Priest_vs_Mage+Warlock,Rogue+Priest,Mage+Warlock,82,team1,kill,26.40
Rogue+Priest_vs_Mage+Warlock,Rogue+Priest,Mage+Warlock,83,team1,kill,29.03
Rogue+Priest_vs_Mage+Warlock,Rogue+Priest,Mage+Warlock,84,team1,kill,31.98
Rogue+Priest_vs_Mage+Warlock,Rogue+Priest,Mage+Warlock,85,team1,kill,30.40
Rogue+Priest_vs_Mage+Warlock,Rogue+Priest,Mage+Warlock,86,team1,kill,29.33
Rogue+Priest_vs_Mage+Warlock,Rogue+Priest,Mage+Warlock,87,team1,kill,32.20
Rogue+Priest_vs_Mage+Warlock,Rogue+Priest,Mage+Warlock,88,team1,kill,29.17
Rogue+Priest_vs_Mage+Warlock,Rogue+Priest,Mage+Warlock,89,team1,kill,28.40
Rogue+Priest_vs_Mage+Warlock,Rogue+Priest,Mage+Warlock,90,team1,kill,32.87
Rogue+Priest_vs_Mage+Warlock,Rogue+Priest,Mage+Warlock,91,team1,kill,29.70
Rogue+Priest_vs_Mage+Warlock,Rogue+Priest,Mage+Warlock,92,team1,kill,26.65
Rogue+Priest_vs_Mage+Warlock,Rogue+Priest,Mage+Warlock,93,team1,kill,29.70
Rogue+Priest_vs_Mage+Warlock,Rogue+Priest,Mage+Warlock,94,team1,kill,26.55
Rogue+Priest_vs_Mage+Warlock,Rogue+Priest,Mage+Warlock,95,team1,kill,32.40
Rogue+Priest_vs_Mage+Warlock,Rogue+Priest,Mage+Warlock,96,team1,kill,29.32
Rogue+Priest_vs_Mage+Warlock,Rogue+Priest,Mage+Warlock,97,team1,kill,26.55
Rogue+Priest_vs_Mage+Warlock,Rogue+Priest,Mage+Warlock,98,team1,kill,32.40
Rogue+Priest_vs_Mage+Warlock,Rogue+Priest,Mage+Warlock,99,team1,kill,25.03
Rogue+Priest_vs_Mage+Paladin,Rogue+Priest,Mage+Paladin,0,team1,kill,66.90
Rogue+Priest_vs_Mage+Paladin,Rogue+Priest,Mage+Paladin,1,team1,kill,74.87
Rogue+Priest_vs_Mage+Paladin,Rogue+Priest,Mage+Paladin,2,team1,kill,83.52
Rogue+Priest_vs_Mage+Paladin,Rogue+Priest,Mage+Paladin,3,team1,kill,80.90
Rogue+Priest_vs_Mage+Paladin,Rogue+Priest,Mage+Paladin,4,team1,kill,84.39
Rogue+Priest_vs_Mage+Paladin,Rogue+Priest,Mage+Paladin,5,team1,kill,81.89
Rogue+Priest_vs_Mage+Paladin,Rogue+Priest,Mage+Paladin,6,team1,kill,84.64
Rogue+Priest_vs_Mage+Paladin,Rogue+Priest,Mage+Paladin,7,team1,kill,80.72
Rogue+Priest_vs_Mage+Paladin,Rogue+Priest,Mage+Paladin,8,team1,kill,79.30
Rogue+Priest_vs_Mage+Paladin,Rogue+Priest,Mage+Paladin,9,team1,kill,85.69
Rogue+Priest_vs_Mage+Paladin,Rogue+Priest,Mage+Paladin,10,team2,kill,48.43
Rogue+Priest_vs_Mage+Paladin,Rogue+Priest,Mage+Paladin,11,team2,kill,47.00
Rogue+Priest_vs_Mage+Paladin,Rogue+Priest,Mage+Paladin,12,team1,kill,82.65
Rogue+Priest_vs_Mage+Paladin,Rogue+Priest,Mage+Paladin,13,team2,kill,56.68
Rogue+Priest_vs_Mage+Paladin,Rogue+Priest,Mage+Paladin,14,team1,kill,83.77
Rogue+Priest_vs_Mage+Paladin,Rogue+Priest,Mage+Paladin,15,team1,kill,78.20
Rogue+Priest_vs_Mage+Paladin,Rogue+Priest,Mage+Paladin,16,team1,kill,79.67
Rogue+Priest_vs_Mage+Paladin,Rogue+Priest,Mage+Paladin,17,team1,kill,84.70
Rogue+Priest_vs_Mage+Paladin,Rogue+Priest,Mage+Paladin,18,team1,kill,75.08
Rogue+Priest_vs_Mage+Paladin,Rogue+Priest,Mage+Paladin,19,team1,kill,85.74
Rogue+Priest_vs_Mage+Paladin,Rogue+Priest,Mage+Paladin,20,team1,kill,85.32
Rogue+Priest_vs_Mage+Paladin,Rogue+Priest,Mage+Paladin,21,team1,kill,82.82
Rogue+Priest_vs_Mage+Paladin,Rogue+Priest,Mage+Paladin,22,team2,kill,58.73
Rogue+Priest_vs_Mage+Paladin,Rogue+Priest,Mage+Paladin,23,team2,kill,56.72
Rogue+Priest_vs_Mage+Paladin,Rogue+Priest,Mage+Paladin,24,team2,kill,84.55
Rogue+Priest_vs_Mage+Paladin,Rogue+Priest,Mage+Paladin,25,team2,kill,59.80
Rogue+Priest_vs_Mage+Paladin,Rogue+Priest,Mage+Paladin,26,team2,kill,46.72
Rogue+Priest_vs_Mage+Paladin,Rogue+Priest,Mage+Paladin,27,team1,kill,84.04
Rogue+Priest_vs_Mage+Paladin,Rogue+Priest,Mage+Paladin,28,team1,kill,69.83
Rogue+Priest_vs_Mage+Paladin,Rogue+Priest,Mage+Paladin,29,team1,kill,80.74
Rogue+Priest_vs_Mage+Paladin,Rogue+Priest,Mage+Paladin,30,team2,kill,47.87
Rogue+Priest_vs_Mage+Paladin,Rogue+Priest,Mage+Paladin,31,team1,kill,75.02
Rogue+Priest_vs_Mage+Paladin,Rogue+Priest,Mage+Paladin,32,team1,kill,87.59
Rogue+Priest_vs_Mage+Paladin,Rogue+Priest,Mage+Paladin,33,team2,kill,71.85
Rogue+Priest_vs_Mage+Paladin,Rogue+Priest,Mage+Paladin,34,team1,kill,72.13
Rogue+Priest_vs_Mage+Paladin,Rogue+Priest,Mage+Paladin,35,team1,kill,81.79
Rogue+Priest_vs_Mage+Paladin,Rogue+Priest,Mage+Paladin,36,team1,kill,80.84
Rogue+Priest_vs_Mage+Paladin,Rogue+Priest,Mage+Paladin,37,team2,kill,49.78
Rogue+Priest_vs_Mage+Paladin,Rogue+Priest,Mage+Paladin,38,team1,kill,84.07
Rogue+Priest_vs_Mage+Paladin,Rogue+Priest,Mage+Paladin,39,team1,kill,77.95
Rogue+Priest_vs_Mage+Paladin,Rogue+Priest,Mage+Paladin,40,team2,kill,77.17
Rogue+Priest_vs_Mage+Paladin,Rogue+Priest,Mage+Paladin,41,team2,kill,81.34
Rogue+Priest_vs_Mage+Paladin,Rogue+Priest,Mage+Paladin,42,team1,kill,85.59
Rogue+Priest_vs_Mage+Paladin,Rogue+Priest,Mage+Paladin,43,team1,kill,84.10
Rogue+Priest_vs_Mage+Paladin,Rogue+Priest,Mage+Paladin,44,team1,kill,81.75
Rogue+Priest_vs_Mage+Paladin,Rogue+Priest,Mage+Paladin,45,team1,kill,80.25
Rogue+Priest_vs_Mage+Paladin,Rogue+Priest,Mage+Paladin,46,team1,kill,71.98
Rogue+Priest_vs_Mage+Paladin,Rogue+Priest,Mage+Paladin,47,team1,kill,80.59
Rogue+Priest_vs_Mage+Paladin,Rogue+Priest,Mage+Paladin,48,team1,kill,85.67
Rogue+Priest_vs_Mage+Paladin,Rogue+Priest,Mage+Paladin,49,team1,kill,76.27
Rogue+Priest_vs_Mage+Paladin,Rogue+Priest,Mage+Paladin,50,team1,kill,82.65
Rogue+Priest_vs_Mage+Paladin,Rogue+Priest,Mage+Paladin,51,team1,kill,82.37
Rogue+Priest_vs_Mage+Paladin,Rogue+Priest,Mage+Paladin,52,team1,kill,82.47
Rogue+Priest_vs_Mage+Paladin,Rogue+Priest,Mage+Paladin,53,team1,kill,86.44
Rogue+Priest_vs_Mage+Paladin,Rogue+Priest,Mage+Paladin,54,team1,kill,79.12
Rogue+Priest_vs_Mage+Paladin,Rogue+Priest,Mage+Paladin,55,team1,kill,76.75
Rogue+Priest_vs_Mage+Paladin,Rogue+Priest,Mage+Paladin,56,team1,kill,71.92
Rogue+Priest_vs_Mage+Paladin,Rogue+Priest,Mage+Paladin,57,team2,kill,78.74
Rogue+Priest_vs_Mage+Paladin,Rogue+Priest,Mage+Paladin,58,team1,kill,72.55
Rogue+Priest_vs_Mage+Paladin,Rogue+Priest,Mage+Paladin,59,team1,kill,71.97
Rogue+Priest_vs_Mage+Paladin,Rogue+Priest,Mage+Paladin,60,team1,kill,72.75
Rogue+Priest_vs_Mage+Paladin,Rogue+Priest,Mage+Paladin,61,team1,kill,88.69
Rogue+Priest_vs_Mage+Paladin,Rogue+Priest,Mage+Paladin,62,team1,kill,87.80
Rogue+Priest_vs_Mage+Paladin,Rogue+Priest,Mage+Paladin,63,team2,kill,73.58
Rogue+Priest_vs_Mage+Paladin,Rogue+Priest,Mage+Paladin,64,team1,kill,74.73
Rogue+Priest_vs_Mage+Paladin,Rogue+Priest,Mage+Paladin,65,team1,kill,81.39
Rogue+Priest_vs_Mage+Paladin,Rogue+Priest,Mage+Paladin,66,team1,kill,80.65
Rogue+Priest_vs_Mage+Paladin,Rogue+Priest,Mage+Paladin,67,team1,kill,73.97
Rogue+Priest_vs_Mage+Paladin,Rogue+Priest,Mage+Paladin,68,team1,kill,83.27
Rogue+Priest_vs_Mage+Paladin,Rogue+Priest,Mage+Paladin,69,team1,kill,78.35
Rogue+Priest_vs_Mage+Paladin,Rogue+Priest,Mage+Paladin,70,team1,kill,79.85
Rogue+Priest_vs_Mage+Paladin,Rogue+Priest,Mage+Paladin,71,team1,kill,73.88
Rogue+Priest_vs_Mage+Paladin,Rogue+Priest,Mage+Paladin,72,team1,kill,73.38
Rogue+Priest_vs_Mage+Paladin,Rogue+Priest,Mage+Paladin,73,team1,kill,80.04
Rogue+Priest_vs_Mage+Paladin,Rogue+Priest,Mage+Paladin,74,team2,kill,76.12
Rogue+Priest_vs_Mage+Paladin,Rogue+Priest,Mage+Paladin,75,team1,kill,81.40
Rogue+Priest_vs_Mage+Paladin,Rogue+Priest,Mage+Paladin,76,team1,kill,82.94
Rogue+Priest_vs_Mage+Paladin,Rogue+Priest,Mage+Paladin,77,team1,kill,84.27
Rogue+Priest_vs_Mage+Paladin,Rogue+Priest,Mage+Paladin,78,team1,kill,83.42
Rogue+Priest_vs_Mage+Paladin,Rogue+Priest,Mage+Paladin,79,team1,kill,82.02
Rogue+Priest_vs_Mage+Paladin,Rogue+Priest,Mage+Paladin,80,team1,kill,80.62
Rogue+Priest_vs_Mage+Paladin,Rogue+Priest,Mage+Paladin,81,team1,kill,75.89
Rogue+Priest_vs_Mage+Paladin,Rogue+Priest,Mage+Paladin,82,team1,kill,83.54
Rogue+Priest_vs_Mage+Paladin,Rogue+Priest,Mage+Paladin,83,team1,kill,79.84
Rogue+Priest_vs_Mage+Paladin,Rogue+Priest,Mage+Paladin,84,team1,kill,77.94
Rogue+Priest_vs_Mage+Paladin,Rogue+Priest,Mage+Paladin,85,team1,kill,85.30
Rogue+Priest_vs_Mage+Paladin,Rogue+Priest,Mage+Paladin,86,team1,kill,80.57
Rogue+Priest_vs_Mage+Paladin,Rogue+Priest,Mage+Paladin,87,team1,kill,79.87
Rogue+Priest_vs_Mage+Paladin,Rogue+Priest,Mage+Paladin,88,team1,kill,84.49
Rogue+Priest_vs_Mage+Paladin,Rogue+Priest,Mage+Paladin,89,team1,kill,73.20
Rogue+Priest_vs_Mage+Paladin,Rogue+Priest,Mage+Paladin,90,team2,kill,52.75
Rogue+Priest_vs_Mage+Paladin,Rogue+Priest,Mage+Paladin,91,team1,kill,83.79
Rogue+Priest_vs_Mage+Paladin,Rogue+Priest,Mage+Paladin,92,team2,kill,67.73
Rogue+Priest_vs_Mage+Paladin,Rogue+Priest,Mage+Paladin,93,team1,kill,81.55
Rogue+Priest_vs_Mage+Paladin,Rogue+Priest,Mage+Paladin,94,team2,kill,55.67
Rogue+Priest_vs_Mage+Paladin,Rogue+Priest,Mage+Paladin,95,team2,kill,54.73
Rogue+Priest_vs_Mage+Paladin,Rogue+Priest,Mage+Paladin,96,team1,kill,79.22
Rogue+Priest_vs_Mage+Paladin,Rogue+Priest,Mage+Paladin,97,team1,kill,86.69
Rogue+Priest_vs_Mage+Paladin,Rogue+Priest,Mage+Paladin,98,team1,kill,80.57
Rogue+Priest_vs_Mage+Paladin,Rogue+Priest,Mage+Paladin,99,team2,kill,79.67
Rogue+Priest_vs_Mage+Hunter,Rogue+Priest,Mage+Hunter,0,team2,kill,70.23
Rogue+Priest_vs_Mage+Hunter,Rogue+Priest,Mage+Hunter,1,team1,kill,34.47
Rogue+Priest_vs_Mage+Hunter,Rogue+Priest,Mage+Hunter,2,team1,kill,57.68
Rogue+Priest_vs_Mage+Hunter,Rogue+Priest,Mage+Hunter,3,team1,kill,50.13
Rogue+Priest_vs_Mage+Hunter,Rogue+Priest,Mage+Hunter,4,team1,kill,47.70
Rogue+Priest_vs_Mage+Hunter,Rogue+Priest,Mage+Hunter,5,team1,kill,34.22
Rogue+Priest_vs_Mage+Hunter,Rogue+Priest,Mage+Hunter,6,team2,kill,80.07
Rogue+Priest_vs_Mage+Hunter,Rogue+Priest,Mage+Hunter,7,team2,kill,68.88
Rogue+Priest_vs_Mage+Hunter,Rogue+Priest,Mage+Hunter,8,team1,kill,69.97
Rogue+Priest_vs_Mage+Hunter,Rogue+Priest,Mage+Hunter,9,team1,kill,40.02
Rogue+Priest_vs_Mage+Hunter,Rogue+Priest,Mage+Hunter,10,team1,kill,72.52
Rogue+Priest_vs_Mage+Hunter,Rogue+Priest,Mage+Hunter,11,team1,kill,34.50
Rogue+Priest_vs_Mage+Hunter,Rogue+Priest,Mage+Hunter,12,team1,kill,47.78
Rogue+Priest_vs_Mage+Hunter,Rogue+Priest,Mage+Hunter,13,team1,kill,34.47
Rogue+Priest_vs_Mage+Hunter,Rogue+Priest,Mage+Hunter,14,team2,kill,64.62
Rogue+Priest_vs_Mage+Hunter,Rogue+Priest,Mage+Hunter,15,team1,kill,70.47
Rogue+Priest_vs_Mage+Hunter,Rogue+Priest,Mage+Hunter,16,team1,kill,34.22
Rogue+Priest_vs_Mage+Hunter,Rogue+Priest,Mage+Hunter,17,team1,kill,57.58
Rogue+Priest_vs_Mage+Hunter,Rogue+Priest,Mage+Hunter,18,team1,kill,51.20
Rogue+Priest_vs_Mage+Hunter,Rogue+Priest,Mage+Hunter,19,team1,kill,34.68
Rogue+Priest_vs_Mage+Hunter,Rogue+Priest,Mage+Hunter,20,team1,kill,72.40
Rogue+Priest_vs_Mage+Hunter,Rogue+Priest,Mage+Hunter,21,team1,kill,34.50
Rogue+Priest_vs_Mage+Hunter,Rogue+Priest,Mage+Hunter,22,team1,kill,47.98
Rogue+Priest_vs_Mage+Hunter,Rogue+Priest,Mage+Hunter,23,team1,kill,78.00
Rogue+Priest_vs_Mage+Hunter,Rogue+Priest,Mage+Hunter,24,team1,kill,49.78
Rogue+Priest_vs_Mage+Hunter,Rogue+Priest,Mage+Hunter,25,team1,kill,56.65
Rogue+Priest_vs_Mage+Hunter,Rogue+Priest,Mage+Hunter,26,team1,kill,34.57
Rogue+Priest_vs_Mage+Hunter,Rogue+Priest,Mage+Hunter,27,team1,kill,69.30
Rogue+Priest_vs_Mage+Hunter,Rogue+Priest,Mage+Hunter,28,team1,kill,67.40
Rogue+Priest_vs_Mage+Hunter,Rogue+Priest,Mage+Hunter,29,team2,kill,64.33
Rogue+Priest_vs_Mage+Hunter,Rogue+Priest,Mage+Hunter,30,team1,kill,32.95
Rogue+Priest_vs_Mage+Hunter,Rogue+Priest,Mage+Hunter,31,team1,kill,34.22
Rogue+Priest_vs_Mage+Hunter,Rogue+Priest,Mage+Hunter,32,team1,kill,32.22
Rogue+Priest_vs_Mage+Hunter,Rogue+Priest,Mage+Hunter,33,team1,kill,49.87
Rogue+Priest_vs_Mage+Hunter,Rogue+Priest,Mage+Hunter,34,team1,kill,85.15
Rogue+Priest_vs_Mage+Hunter,Rogue+Priest,Mage+Hunter,35,team1,kill,35.35
Rogue+Priest_vs_Mage+Hunter,Rogue+Priest,Mage+Hunter,36,team1,kill,51.50
Rogue+Priest_vs_Mage+Hunter,Rogue+Priest,Mage+Hunter,37,team1,kill,51.60
Rogue+Priest_vs_Mage+Hunter,Rogue+Priest,Mage+Hunter,38,team1,kill,52.53
Rogue+Priest_vs_Mage+Hunter,Rogue+Priest,Mage+Hunter,39,team2,kill,64.77
Rogue+Priest_vs_Mage+Hunter,Rogue+Priest,Mage+Hunter,40,team1,kill,51.87
Rogue+Priest_vs_Mage+Hunter,Rogue+Priest,Mage+Hunter,41,team1,kill,50.43
Rogue+Priest_vs_Mage+Hunter,Rogue+Priest,Mage+Hunter,42,team1,kill,43.38
Rogue+Priest_vs_Mage+Hunter,Rogue+Priest,Mage+Hunter,43,team1,kill,34.22
Rogue+Priest_vs_Mage+Hunter,Rogue+Priest,Mage+Hunter,44,team1,kill,56.45
Rogue+Priest_vs_Mage+Hunter,Rogue+Priest,Mage+Hunter,45,team1,kill,56.65
Rogue+Priest_vs_Mage+Hunter,Rogue+Priest,Mage+Hunter,46,team1,kill,76.22
Rogue+Priest_vs_Mage+Hunter,Rogue+Priest,Mage+Hunter,47,team1,kill,52.85
Rogue+Priest_vs_Mage+Hunter,Rogue+Priest,Mage+Hunter,48,team1,kill,57.42
Rogue+Priest_vs_Mage+Hunter,Rogue+Priest,Mage+Hunter,49,team1,kill,34.77
Rogue+Priest_vs_Mage+Hunter,Rogue+Priest,Mage+Hunter,50,team1,kill,84.95
Rogue+Priest_vs_Mage+Hunter,Rogue+Priest,Mage+Hunter,51,team1,kill,34.53
Rogue+Priest_vs_Mage+Hunter,Rogue+Priest,Mage+Hunter,52,team1,kill,34.75
Rogue+Priest_vs_Mage+Hunter,Rogue+Priest,Mage+Hunter,53,team1,kill,50.70
Rogue+Priest_vs_Mage+Hunter,Rogue+Priest,Mage+Hunter,54,team1,kill,34.33
Rogue+Priest_vs_Mage+Hunter,Rogue+Priest,Mage+Hunter,55,team1,kill,56.75
Rogue+Priest_vs_Mage+Hunter,Rogue+Priest,Mage+Hunter,56,team2,kill,74.88
Rogue+Priest_vs_Mage+Hunter,Rogue+Priest,Mage+Hunter,57,team1,kill,32.77
Rogue+Priest_vs_Mage+Hunter,Rogue+Priest,Mage+Hunter,58,team1,kill,34.22
Rogue+Priest_vs_Mage+Hunter,Rogue+Priest,Mage+Hunter,59,team1,kill,50.73
Rogue+Priest_vs_Mage+Hunter,Rogue+Priest,Mage+Hunter,60,team1,kill,35.13
Rogue+Priest_vs_Mage+Hunter,Rogue+Priest,Mage+Hunter,61,team2,kill,68.88
Rogue+Priest_vs_Mage+Hunter,Rogue+Priest,Mage+Hunter,62,team1,kill,79.19
Rogue+Priest_vs_Mage+Hunter,Rogue+Priest,Mage+Hunter,63,team1,kill,58.35
Rogue+Priest_vs_Mage+Hunter,Rogue+Priest,Mage+Hunter,64,team1,kill,35.83
Rogue+Priest_vs_Mage+Hunter,Rogue+Priest,Mage+Hunter,65,team1,kill,32.68
Rogue+Priest_vs_Mage+Hunter,Rogue+Priest,Mage+Hunter,66,team2,kill,48.73
Rogue+Priest_vs_Mage+Hunter,Rogue+Priest,Mage+Hunter,67,team1,kill,34.50
Rogue+Priest_vs_Mage+Hunter,Rogue+Priest,Mage+Hunter,68,team1,kill,71.53
Rogue+Priest_vs_Mage+Hunter,Rogue+Priest,Mage+Hunter,69,team1,kill,34.22
Rogue+Priest_vs_Mage+Hunter,Rogue+Priest,Mage+Hunter,70,team1,kill,48.55
Rogue+Priest_vs_Mage+Hunter,Rogue+Priest,Mage+Hunter,71,team2,kill,60.30
Rogue+Priest_vs_Mage+Hunter,Rogue+Priest,Mage+Hunter,72,team1,kill,27.85
Rogue+Priest_vs_Mage+Hunter,Rogue+Priest,Mage+Hunter,73,team2,kill,75.13
Rogue+Priest_vs_Mage+Hunter,Rogue+Priest,Mage+Hunter,74,team1,kill,71.42
Rogue+Priest_vs_Mage+Hunter,Rogue+Priest,Mage+Hunter,75,team2,kill,76.59
Rogue+Priest_vs_Mage+Hunter,Rogue+Priest,Mage+Hunter,76,team1,kill,52.80
Rogue+Priest_vs_Mage+Hunter,Rogue+Priest,Mage+Hunter,77,team1,kill,51.08
Rogue+Priest_vs_Mage+Hunter,Rogue+Priest,Mage+Hunter,78,team1,kill,52.70
Rogue+Priest_vs_Mage+Hunter,Rogue+Priest,Mage+Hunter,79,team1,kill,34.22
Rogue+Priest_vs_Mage+Hunter,Rogue+Priest,Mage+Hunter,80,team1,kill,43.33
Rogue+Priest_vs_Mage+Hunter,Rogue+Priest,Mage+Hunter,81,team1,kill,33.13
Rogue+Priest_vs_Mage+Hunter,Rogue+Priest,Mage+Hunter,82,team1,kill,71.57
Rogue+Priest_vs_Mage+Hunter,Rogue+Priest,Mage+Hunter,83,team1,kill,55.93
Rogue+Priest_vs_Mage+Hunter,Rogue+Priest,Mage+Hunter,84,team1,kill,32.65
Rogue+Priest_vs_Mage+Hunter,Rogue+Priest,Mage+Hunter,85,team2,kill,64.62
Rogue+Priest_vs_Mage+Hunter,Rogue+Priest,Mage+Hunter,86,team2,kill,84.12
Rogue+Priest_vs_Mage+Hunter,Rogue+Priest,Mage+Hunter,87,team2,kill,68.88
Rogue+Priest_vs_Mage+Hunter,Rogue+Priest,Mage+Hunter,88,team1,kill,34.50
Rogue+Priest_vs_Mage+Hunter,Rogue+Priest,Mage+Hunter,89,team1,kill,52.80
Rogue+Priest_vs_Mage+Hunter,Rogue+Priest,Mage+Hunter,90,team1,kill,34.32
Rogue+Priest_vs_Mage+Hunter,Rogue+Priest,Mage+Hunter,91,team1,kill,35.17
Rogue+Priest_vs_Mage+Hunter,Rogue+Priest,Mage+Hunter,92,team1,kill,50.53
Rogue+Priest_vs_Mage+Hunter,Rogue+Priest,Mage+Hunter,93,team1,kill,69.27
Rogue+Priest_vs_Mage+Hunter,Rogue+Priest,Mage+Hunter,94,team1,kill,34.22
Rogue+Priest_vs_Mage+Hunter,Rogue+Priest,Mage+Hunter,95,team1,kill,34.22
Rogue+Priest_vs_Mage+Hunter,Rogue+Priest,Mage+Hunter,96,team1,kill,85.24
Rogue+Priest_vs_Mage+Hunter,Rogue+Priest,Mage+Hunter,97,team1,kill,34.47
Rogue+Priest_vs_Mage+Hunter,Rogue+Priest,Mage+Hunter,98,team1,kill,43.43
Rogue+Priest_vs_Mage+Hunter,Rogue+Priest,Mage+Hunter,99,team1,kill,34.03
Rogue+Priest_vs_Mage+Shaman,Rogue+Priest,Mage+Shaman,0,team2,kill,38.98
Rogue+Priest_vs_Mage+Shaman,Rogue+Priest,Mage+Shaman,1,team1,kill,54.73
Rogue+Priest_vs_Mage+Shaman,Rogue+Priest,Mage+Shaman,2,team2,kill,24.67
Rogue+Priest_vs_Mage+Shaman,Rogue+Priest,Mage+Shaman,3,team2,kill,38.98
Rogue+Priest_vs_Mage+Shaman,Rogue+Priest,Mage+Shaman,4,team2,kill,36.32
Rogue+Priest_vs_Mage+Shaman,Rogue+Priest,Mage+Shaman,5,team2,kill,34.73
Rogue+Priest_vs_Mage+Shaman,Rogue+Priest,Mage+Shaman,6,team1,kill,33.05
Rogue+Priest_vs_Mage+Shaman,Rogue+Priest,Mage+Shaman,7,team2,kill,40.50
Rogue+Priest_vs_Mage+Shaman,Rogue+Priest,Mage+Shaman,8,team2,kill,24.68
Rogue+Priest_vs_Mage+Shaman,Rogue+Priest,Mage+Shaman,9,team2,kill,38.98
Rogue+Priest_vs_Mage+Shaman,Rogue+Priest,Mage+Shaman,10,team2,kill,42.42
Rogue+Priest_vs_Mage+Shaman,Rogue+Priest,Mage+Shaman,11,team2,kill,38.98
Rogue+Priest_vs_Mage+Shaman,Rogue+Priest,Mage+Shaman,12,team2,kill,38.98
Rogue+Priest_vs_Mage+Shaman,Rogue+Priest,Mage+Shaman,13,team2,kill,40.52
Rogue+Priest_vs_Mage+Shaman,Rogue+Priest,Mage+Shaman,14,team1,kill,52.33
Rogue+Priest_vs_Mage+Shaman,Rogue+Priest,Mage+Shaman,15,team2,kill,34.25
Rogue+Priest_vs_Mage+Shaman,Rogue+Priest,Mage+Shaman,16,team2,kill,22.80
Rogue+Priest_vs_Mage+Shaman,Rogue+Priest,Mage+Shaman,17,team2,kill,26.18
Rogue+Priest_vs_Mage+Shaman,Rogue+Priest,Mage+Shaman,18,team2,kill,24.68
Rogue+Priest_vs_Mage+Shaman,Rogue+Priest,Mage+Shaman,19,team2,kill,24.67
Rogue+Priest_vs_Mage+Shaman,Rogue+Priest,Mage+Shaman,20,team2,kill,40.50
Rogue+Priest_vs_Mage+Shaman,Rogue+Priest,Mage+Shaman,21,team2,kill,41.40
Rogue+Priest_vs_Mage+Shaman,Rogue+Priest,Mage+Shaman,22,team2,kill,24.67
Rogue+Priest_vs_Mage+Shaman,Rogue+Priest,Mage+Shaman,23,team2,kill,20.58
Rogue+Priest_vs_Mage+Shaman,Rogue+Priest,Mage+Shaman,24,team2,kill,22.52
Rogue+Priest_vs_Mage+Shaman,Rogue+Priest,Mage+Shaman,25,team1,kill,50.22
Rogue+Priest_vs_Mage+Shaman,Rogue+Priest,Mage+Shaman,26,team1,kill,55.12
Rogue+Priest_vs_Mage+Shaman,Rogue+Priest,Mage+Shaman,27,team2,kill,41.40
Rogue+Priest_vs_Mage+Shaman,Rogue+Priest,Mage+Shaman,28,team1,kill,54.05
Rogue+Priest_vs_Mage+Shaman,Rogue+Priest,Mage+Shaman,29,team1,kill,52.33
Rogue+Priest_vs_Mage+Shaman,Rogue+Priest,Mage+Shaman,30,team2,kill,42.03
Rogue+Priest_vs_Mage+Shaman,Rogue+Priest,Mage+Shaman,31,team1,kill,55.37
Rogue+Priest_vs_Mage+Shaman,Rogue+Priest,Mage+Shaman,32,team2,kill,38.98
Rogue+Priest_vs_Mage+Shaman,Rogue+Priest,Mage+Shaman,33,team2,kill,24.32
Rogue+Priest_vs_Mage+Shaman,Rogue+Priest,Mage+Shaman,34,team2,kill,38.98
Rogue+Priest_vs_Mage+Shaman,Rogue+Priest,Mage+Shaman,35,team2,kill,42.02
Rogue+Priest_vs_Mage+Shaman,Rogue+Priest,Mage+Shaman,36,team2,kill,22.80
Rogue+Priest_vs_Mage+Shaman,Rogue+Priest,Mage+Shaman,37,team2,kill,52.00
Rogue+Priest_vs_Mage+Shaman,Rogue+Priest,Mage+Shaman,38,team2,kill,22.80
Rogue+Priest_vs_Mage+Shaman,Rogue+Priest,Mage+Shaman,39,team2,kill,41.40
Rogue+Priest_vs_Mage+Shaman,Rogue+Priest,Mage+Shaman,40,team2,kill,38.98
Rogue+Priest_vs_Mage+Shaman,Rogue+Priest,Mage+Shaman,41,team2,kill,24.67
Rogue+Priest_vs_Mage+Shaman,Rogue+Priest,Mage+Shaman,42,team2,kill,38.98
Rogue+Priest_vs_Mage+Shaman,Rogue+Priest,Mage+Shaman,43,team1,kill,49.87
Rogue+Priest_vs_Mage+Shaman,Rogue+Priest,Mage+Shaman,44,team2,kill,39.37
Rogue+Priest_vs_Mage+Shaman,Rogue+Priest,Mage+Shaman,45,team2,kill,22.80
Rogue+Priest_vs_Mage+Shaman,Rogue+Priest,Mage+Shaman,46,team2,kill,43.60
Rogue+Priest_vs_Mage+Shaman,Rogue+Priest,Mage+Shaman,47,team2,kill,24.67
Rogue+Priest_vs_Mage+Shaman,Rogue+Priest,Mage+Shaman,48,team2,kill,32.30
Rogue+Priest_vs_Mage+Shaman,Rogue+Priest,Mage+Shaman,49,team2,kill,38.98
Rogue+Priest_vs_Mage+Shaman,Rogue+Priest,Mage+Shaman,50,team2,kill,24.32
Rogue+Priest_vs_Mage+Shaman,Rogue+Priest,Mage+Shaman,51,team2,kill,41.40
Rogue+Priest_vs_Mage+Shaman,Rogue+Priest,Mage+Shaman,52,team2,kill,26.18
Rogue+Priest_vs_Mage+Shaman,Rogue+Priest,Mage+Shaman,53,team2,kill,40.90
Rogue+Priest_vs_Mage+Shaman,Rogue+Priest,Mage+Shaman,54,team2,kill,24.67
Rogue+Priest_vs_Mage+Shaman,Rogue+Priest,Mage+Shaman,55,team2,kill,24.67
Rogue+Priest_vs_Mage+Shaman,Rogue+Priest,Mage+Shaman,56,team2,kill,38.98
Rogue+Priest_vs_Mage+Shaman,Rogue+Priest,Mage+Shaman,57,team2,kill,24.67
Rogue+Priest_vs_Mage+Shaman,Rogue+Priest,Mage+Shaman,58,team2,kill,24.32
Rogue+Priest_vs_Mage+Shaman,Rogue+Priest,Mage+Shaman,59,team2,kill,40.38
Rogue+Priest_vs_Mage+Shaman,Rogue+Priest,Mage+Shaman,60,team2,kill,41.40
Rogue+Priest_vs_Mage+Shaman,Rogue+Priest,Mage+Shaman,61,team2,kill,38.98
Rogue+Priest_vs_Mage+Shaman,Rogue+Priest,Mage+Shaman,62,team2,kill,24.67
Rogue+Priest_vs_Mage+Shaman,Rogue+Priest,Mage+Shaman,63,team2,kill,24.32
Rogue+Priest_vs_Mage+Shaman,Rogue+Priest,Mage+Shaman,64,team2,kill,38.98
Rogue+Priest_vs_Mage+Shaman,Rogue+Priest,Mage+Shaman,65,team2,kill,40.52
Rogue+Priest_vs_Mage+Shaman,Rogue+Priest,Mage+Shaman,66,team2,kill,38.35
Rogue+Priest_vs_Mage+Shaman,Rogue+Priest,Mage+Shaman,67,team2,kill,22.80
Rogue+Priest_vs_Mage+Shaman,Rogue+Priest,Mage+Shaman,68,team2,kill,34.28
Rogue+Priest_vs_Mage+Shaman,Rogue+Priest,Mage+Shaman,69,team2,kill,39.37
Rogue+Priest_vs_Mage+Shaman,Rogue+Priest,Mage+Shaman,70,team2,kill,40.87
Rogue+Priest_vs_Mage+Shaman,Rogue+Priest,Mage+Shaman,71,team2,kill,42.03
Rogue+Priest_vs_Mage+Shaman,Rogue+Priest,Mage+Shaman,72,team2,kill,26.18
Rogue+Priest_vs_Mage+Shaman,Rogue+Priest,Mage+Shaman,73,team2,kill,38.98
Rogue+Priest_vs_Mage+Shaman,Rogue+Priest,Mage+Shaman,74,team2,kill,41.40
Rogue+Priest_vs_Mage+Shaman,Rogue+Priest,Mage+Shaman,75,team2,kill,42.02
Rogue+Priest_vs_Mage+Shaman,Rogue+Priest,Mage+Shaman,76,team2,kill,38.98
Rogue+Priest_vs_Mage+Shaman,Rogue+Priest,Mage+Shaman,77,team2,kill,41.40
Rogue+Priest_vs_Mage+Shaman,Rogue+Priest,Mage+Shaman,78,team2,kill,38.98
Rogue+Priest_vs_Mage+Shaman,Rogue+Priest,Mage+Shaman,79,team2,kill,24.68
Rogue+Priest_vs_Mage+Shaman,Rogue+Priest,Mage+Shaman,80,team2,kill,26.18
Rogue+Priest_vs_Mage+Shaman,Rogue+Priest,Mage+Shaman,81,team2,kill,42.42
Rogue+Priest_vs_Mage+Shaman,Rogue+Priest,Mage+Shaman,82,team2,kill,34.73
Rogue+Priest_vs_Mage+Shaman,Rogue+Priest,Mage+Shaman,83,team2,kill,24.67
Rogue+Priest_vs_Mage+Shaman,Rogue+Priest,Mage+Shaman,84,team2,kill,42.03
Rogue+Priest_vs_Mage+Shaman,Rogue+Priest,Mage+Shaman,85,team2,kill,26.18
Rogue+Priest_vs_Mage+Shaman,Rogue+Priest,Mage+Shaman,86,team2,kill,34.73
Rogue+Priest_vs_Mage+Shaman,Rogue+Priest,Mage+Shaman,87,team2,kill,43.58
Rogue+Priest_vs_Mage+Shaman,Rogue+Priest,Mage+Shaman,88,team2,kill,38.98
Rogue+Priest_vs_Mage+Shaman,Rogue+Priest,Mage+Shaman,89,team2,kill,39.37
Rogue+Priest_vs_Mage+Shaman,Rogue+Priest,Mage+Shaman,90,team2,kill,24.68
Rogue+Priest_vs_Mage+Shaman,Rogue+Priest,Mage+Shaman,91,team2,kill,40.52
Rogue+Priest_vs_Mage+Shaman,Rogue+Priest,Mage+Shaman,92,team2,kill,51.38
Rogue+Priest_vs_Mage+Shaman,Rogue+Priest,Mage+Shaman,93,team2,kill,43.58
Rogue+Priest_vs_Mage+Shaman,Rogue+Priest,Mage+Shaman,94,team2,kill,42.57
Rogue+Priest_vs_Mage+Shaman,Rogue+Priest,Mage+Shaman,95,team2,kill,24.67
Rogue+Priest_vs_Mage+Shaman,Rogue+Priest,Mage+Shaman,96,team2,kill,40.53
Rogue+Priest_vs_Mage+Shaman,Rogue+Priest,Mage+Shaman,97,team2,kill,37.33
Rogue+Priest_vs_Mage+Shaman,Rogue+Priest,Mage+Shaman,98,team2,kill,22.52
Rogue+Priest_vs_Mage+Shaman,Rogue+Priest,Mage+Shaman,99,team2,kill,24.68
Rogue+Priest_vs_Rogue+Priest,Rogue+Priest,Rogue+Priest,0,team1,kill,30.90
Rogue+Priest_vs_Rogue+Priest,Rogue+Priest,Rogue+Priest,1,team2,kill,27.65
Rogue+Priest_vs_Rogue+Priest,Rogue+Priest,Rogue+Priest,2,team1,kill,28.20
Rogue+Priest_vs_Rogue+Priest,Rogue+Priest,Rogue+Priest,3,team1,kill,30.90
Rogue+Priest_vs_Rogue+Priest,Rogue+Priest,Rogue+Priest,4,team1,kill,30.90
Rogue+Priest_vs_Rogue+Priest,Rogue+Priest,Rogue+Priest,5,team1,kill,28.97
Rogue+Priest_vs_Rogue+Priest,Rogue+Priest,Rogue+Priest,6,team1,kill,30.90
Rogue+Priest_vs_Rogue+Priest,Rogue+Priest,Rogue+Priest,7,team1,kill,30.90
Rogue+Priest_vs_Rogue+Priest,Rogue+Priest,Rogue+Priest,8,team1,kill,31.00
Rogue+Priest_vs_Rogue+Priest,Rogue+Priest,Rogue+Priest,9,team1,kill,31.73
Rogue+Priest_vs_Rogue+Priest,Rogue+Priest,Rogue+Priest,10,team2,kill,29.78
Rogue+Priest_vs_Rogue+Priest,Rogue+Priest,Rogue+Priest,11,team2,kill,29.65
Rogue+Priest_vs_Rogue+Priest,Rogue+Priest,Rogue+Priest,12,draw,kill,27.65
Rogue+Priest_vs_Rogue+Priest,Rogue+Priest,Rogue+Priest,13,team1,kill,29.60
Rogue+Priest_vs_Rogue+Priest,Rogue+Priest,Rogue+Priest,14,team2,kill,30.02
Rogue+Priest_vs_Rogue+Priest,Rogue+Priest,Rogue+Priest,15,team2,kill,30.23
Rogue+Priest_vs_Rogue+Priest,Rogue+Priest,Rogue+Priest,16,team1,kill,29.97
Rogue+Priest_vs_Rogue+Priest,Rogue+Priest,Rogue+Priest,17,team1,kill,30.73
Rogue+Priest_vs_Rogue+Priest,Rogue+Priest,Rogue+Priest,18,team2,kill,32.43
Rogue+Priest_vs_Rogue+Priest,Rogue+Priest,Rogue+Priest,19,team1,kill,30.90
Rogue+Priest_vs_Rogue+Priest,Rogue+Priest,Rogue+Priest,20,team1,kill,30.20
Rogue+Priest_vs_Rogue+Priest,Rogue+Priest,Rogue+Priest,21,team1,kill,28.20
Rogue+Priest_vs_Rogue+Priest,Rogue+Priest,Rogue+Priest,22,team2,kill,27.85
Rogue+Priest_vs_Rogue+Priest,Rogue+Priest,Rogue+Priest,23,team1,kill,30.90
Rogue+Priest_vs_Rogue+Priest,Rogue+Priest,Rogue+Priest,24,team2,kill,30.90
Rogue+Priest_vs_Rogue+Priest,Rogue+Priest,Rogue+Priest,25,team2,kill,27.85
Rogue+Priest_vs_Rogue+Priest,Rogue+Priest,Rogue+Priest,26,team1,kill,29.50
Rogue+Priest_vs_Rogue+Priest,Rogue+Priest,Rogue+Priest,27,team2,kill,27.42
Rogue+Priest_vs_Rogue+Priest,Rogue+Priest,Rogue+Priest,28,team2,kill,27.65
Rogue+Priest_vs_Rogue+Priest,Rogue+Priest,Rogue+Priest,29,team1,kill,29.70
Rogue+Priest_vs_Rogue+Priest,Rogue+Priest,Rogue+Priest,30,team1,kill,29.82
Rogue+Priest_vs_Rogue+Priest,Rogue+Priest,Rogue+Priest,31,team1,kill,30.48
Rogue+Priest_vs_Rogue+Priest,Rogue+Priest,Rogue+Priest,32,team1,kill,30.72
Rogue+Priest_vs_Rogue+Priest,Rogue+Priest,Rogue+Priest,33,team2,kill,29.67
Rogue+Priest_vs_Rogue+Priest,Rogue+Priest,Rogue+Priest,34,team1,kill,30.90
Rogue+Priest_vs_Rogue+Priest,Rogue+Priest,Rogue+Priest,35,team2,kill,27.65
Rogue+Priest_vs_Rogue+Priest,Rogue+Priest,Rogue+Priest,36,team1,kill,29.93
Rogue+Priest_vs_Rogue+Priest,Rogue+Priest,Rogue+Priest,37,team1,kill,30.65
Rogue+Priest_vs_Rogue+Priest,Rogue+Priest,Rogue+Priest,38,team2,kill,31.10
Rogue+Priest_vs_Rogue+Priest,Rogue+Priest,Rogue+Priest,39,team1,kill,30.90
Rogue+Priest_vs_Rogue+Priest,Rogue+Priest,Rogue+Priest,40,team1,kill,29.65
Rogue+Priest_vs_Rogue+Priest,Rogue+Priest,Rogue+Priest,41,team2,kill,30.33
Rogue+Priest_vs_Rogue+Priest,Rogue+Priest,Rogue+Priest,42,team1,kill,30.08
Rogue+Priest_vs_Rogue+Priest,Rogue+Priest,Rogue+Priest,43,team1,kill,30.90
Rogue+Priest_vs_Rogue+Priest,Rogue+Priest,Rogue+Priest,44,team1,kill,30.90
Rogue+Priest_vs_Rogue+Priest,Rogue+Priest,Rogue+Priest,45,team2,kill,27.87
Rogue+Priest_vs_Rogue+Priest,Rogue+Priest,Rogue+Priest,46,team1,kill,27.00
Rogue+Priest_vs_Rogue+Priest,Rogue+Priest,Rogue+Priest,47,team2,kill,30.90
Rogue+Priest_vs_Rogue+Priest,Rogue+Priest,Rogue+Priest,48,team1,kill,32.43
Rogue+Priest_vs_Rogue+Priest,Rogue+Priest,Rogue+Priest,49,team1,kill,29.10
Rogue+Priest_vs_Rogue+Priest,Rogue+Priest,Rogue+Priest,50,team2,kill,30.90
Rogue+Priest_vs_Rogue+Priest,Rogue+Priest,Rogue+Priest,51,team1,kill,30.93
Rogue+Priest_vs_Rogue+Priest,Rogue+Priest,Rogue+Priest,52,team2,kill,29.90
Rogue+Priest_vs_Rogue+Priest,Rogue+Priest,Rogue+Priest,53,team2,kill,30.85
Rogue+Priest_vs_Rogue+Priest,Rogue+Priest,Rogue+Priest,54,team2,kill,28.90
Rogue+Priest_vs_Rogue+Priest,Rogue+Priest,Rogue+Priest,55,team2,kill,28.93
Rogue+Priest_vs_Rogue+Priest,Rogue+Priest,Rogue+Priest,56,team1,kill,27.42
Rogue+Priest_vs_Rogue+Priest,Rogue+Priest,Rogue+Priest,57,team2,kill,31.87
Rogue+Priest_vs_Rogue+Priest,Rogue+Priest,Rogue+Priest,58,draw,kill,27.65
Rogue+Priest_vs_Rogue+Priest,Rogue+Priest,Rogue+Priest,59,team2,kill,30.17
Rogue+Priest_vs_Rogue+Priest,Rogue+Priest,Rogue+Priest,60,team2,kill,28.07
Rogue+Priest_vs_Rogue+Priest,Rogue+Priest,Rogue+Priest,61,team1,kill,28.08
Rogue+Priest_vs_Rogue+Priest,Rogue+Priest,Rogue+Priest,62,team2,kill,28.47
Rogue+Priest_vs_Rogue+Priest,Rogue+Priest,Rogue+Priest,63,team1,kill,29.93
Rogue+Priest_vs_Rogue+Priest,Rogue+Priest,Rogue+Priest,64,team2,kill,26.72
Rogue+Priest_vs_Rogue+Priest,Rogue+Priest,Rogue+Priest,65,team1,kill,30.90
Rogue+Priest_vs_Rogue+Priest,Rogue+Priest,Rogue+Priest,66,team2,kill,30.57
Rogue+Priest_vs_Rogue+Priest,Rogue+Priest,Rogue+Priest,67,team2,kill,30.90
Rogue+Priest_vs_Rogue+Priest,Rogue+Priest,Rogue+Priest,68,team2,kill,29.65
Rogue+Priest_vs_Rogue+Priest,Rogue+Priest,Rogue+Priest,69,team1,kill,28.77
Rogue+Priest_vs_Rogue+Priest,Rogue+Priest,Rogue+Priest,70,team1,kill,30.90
Rogue+Priest_vs_Rogue+Priest,Rogue+Priest,Rogue+Priest,71,team1,kill,28.65
Rogue+Priest_vs_Rogue+Priest,Rogue+Priest,Rogue+Priest,72,team2,kill,29.42
Rogue+Priest_vs_Rogue+Priest,Rogue+Priest,Rogue+Priest,73,team2,kill,30.20
Rogue+Priest_vs_Rogue+Priest,Rogue+Priest,Rogue+Priest,74,team2,kill,28.20
Rogue+Priest_vs_Rogue+Priest,Rogue+Priest,Rogue+Priest,75,team2,kill,30.90
Rogue+Priest_vs_Rogue+Priest,Rogue+Priest,Rogue+Priest,76,team2,kill,29.98
Rogue+Priest_vs_Rogue+Priest,Rogue+Priest,Rogue+Priest,77,draw,kill,31.65
Rogue+Priest_vs_Rogue+Priest,Rogue+Priest,Rogue+Priest,78,team2,kill,29.62
Rogue+Priest_vs_Rogue+Priest,Rogue+Priest,Rogue+Priest,79,team2,kill,26.45
Rogue+Priest_vs_Rogue+Priest,Rogue+Priest,Rogue+Priest,80,team2,kill,29.00
Rogue+Priest_vs_Rogue+Priest,Rogue+Priest,Rogue+Priest,81,team1,kill,28.42
Rogue+Priest_vs_Rogue+Priest,Rogue+Priest,Rogue+Priest,82,team1,kill,29.98
Rogue+Priest_vs_Rogue+Priest,Rogue+Priest,Rogue+Priest,83,team2,kill,30.00
Rogue+Priest_vs_Rogue+Priest,Rogue+Priest,Rogue+Priest,84,team1,kill,30.40
Rogue+Priest_vs_Rogue+Priest,Rogue+Priest,Rogue+Priest,85,team1,kill,28.65
Rogue+Priest_vs_Rogue+Priest,Rogue+Priest,Rogue+Priest,86,team2,kill,27.32
Rogue+Priest_vs_Rogue+Priest,Rogue+Priest,Rogue+Priest,87,team1,kill,31.18
Rogue+Priest_vs_Rogue+Priest,Rogue+Priest,Rogue+Priest,88,team1,kill,29.23
Rogue+Priest_vs_Rogue+Priest,Rogue+Priest,Rogue+Priest,89,team2,kill,30.32
Rogue+Priest_vs_Rogue+Priest,Rogue+Priest,Rogue+Priest,90,team1,kill,25.65
Rogue+Priest_vs_Rogue+Priest,Rogue+Priest,Rogue+Priest,91,team2,kill,29.27
Rogue+Priest_vs_Rogue+Priest,Rogue+Priest,Rogue+Priest,92,team1,kill,28.57
Rogue+Priest_vs_Rogue+Priest,Rogue+Priest,Rogue+Priest,93,team2,kill,28.88
Rogue+Priest_vs_Rogue+Priest,Rogue+Priest,Rogue+Priest,94,team2,kill,31.18
Rogue+Priest_vs_Rogue+Priest,Rogue+Priest,Rogue+Priest,95,team1,kill,28.53
Rogue+Priest_vs_Rogue+Priest,Rogue+Priest,Rogue+Priest,96,team1,kill,28.35
Rogue+Priest_vs_Rogue+Priest,Rogue+Priest,Rogue+Priest,97,team2,kill,29.60
Rogue+Priest_vs_Rogue+Priest,Rogue+Priest,Rogue+Priest,98,team1,kill,25.90
Rogue+Priest_vs_Rogue+Priest,Rogue+Priest,Rogue+Priest,99,team1,kill,29.75
Rogue+Priest_vs_Rogue+Warlock,Rogue+Priest,Rogue+Warlock,0,team1,kill,26.48
Rogue+Priest_vs_Rogue+Warlock,Rogue+Priest,Rogue+Warlock,1,team2,kill,25.38
Rogue+Priest_vs_Rogue+Warlock,Rogue+Priest,Rogue+Warlock,2,team1,kill,28.78
Rogue+Priest_vs_Rogue+Warlock,Rogue+Priest,Rogue+Warlock,3,team1,kill,24.02
Rogue+Priest_vs_Rogue+Warlock,Rogue+Priest,Rogue+Warlock,4,team1,kill,26.77
Rogue+Priest_vs_Rogue+Warlock,Rogue+Priest,Rogue+Warlock,5,team1,kill,25.87
Rogue+Priest_vs_Rogue+Warlock,Rogue+Priest,Rogue+Warlock,6,team1,kill,25.25
Rogue+Priest_vs_Rogue+Warlock,Rogue+Priest,Rogue+Warlock,7,team1,kill,26.48
Rogue+Priest_vs_Rogue+Warlock,Rogue+Priest,Rogue+Warlock,8,team1,kill,23.92
Rogue+Priest_vs_Rogue+Warlock,Rogue+Priest,Rogue+Warlock,9,team1,kill,28.70
Rogue+Priest_vs_Rogue+Warlock,Rogue+Priest,Rogue+Warlock,10,team1,kill,24.30
Rogue+Priest_vs_Rogue+Warlock,Rogue+Priest,Rogue+Warlock,11,team1,kill,27.50
Rogue+Priest_vs_Rogue+Warlock,Rogue+Priest,Rogue+Warlock,12,team1,kill,23.92
Rogue+Priest_vs_Rogue+Warlock,Rogue+Priest,Rogue+Warlock,13,team2,kill,27.78
Rogue+Priest_vs_Rogue+Warlock,Rogue+Priest,Rogue+Warlock,14,team1,kill,27.17
Rogue+Priest_vs_Rogue+Warlock,Rogue+Priest,Rogue+Warlock,15,team1,kill,24.97
Rogue+Priest_vs_Rogue+Warlock,Rogue+Priest,Rogue+Warlock,16,team2,kill,25.38
Rogue+Priest_vs_Rogue+Warlock,Rogue+Priest,Rogue+Warlock,17,team1,kill,26.48
Rogue+Priest_vs_Rogue+Warlock,Rogue+Priest,Rogue+Warlock,18,team1,kill,26.93
Rogue+Priest_vs_Rogue+Warlock,Rogue+Priest,Rogue+Warlock,19,team1,kill,23.92
Rogue+Priest_vs_Rogue+Warlock,Rogue+Priest,Rogue+Warlock,20,team1,kill,26.03
Rogue+Priest_vs_Rogue+Warlock,Rogue+Priest,Rogue+Warlock,21,team1,kill,26.48
Rogue+Priest_vs_Rogue+Warlock,Rogue+Priest,Rogue+Warlock,22,team1,kill,25.25
Rogue+Priest_vs_Rogue+Warlock,Rogue+Priest,Rogue+Warlock,23,team1,kill,26.77
Rogue+Priest_vs_Rogue+Warlock,Rogue+Priest,Rogue+Warlock,24,team1,kill,25.25
Rogue+Priest_vs_Rogue+Warlock,Rogue+Priest,Rogue+Warlock,25,team1,kill,25.25
Rogue+Priest_vs_Rogue+Warlock,Rogue+Priest,Rogue+Warlock,26,team1,kill,25.25
Rogue+Priest_vs_Rogue+Warlock,Rogue+Priest,Rogue+Warlock,27,team1,kill,26.77
Rogue+Priest_vs_Rogue+Warlock,Rogue+Priest,Rogue+Warlock,28,team1,kill,23.98
Rogue+Priest_vs_Rogue+Warlock,Rogue+Priest,Rogue+Warlock,29,team1,kill,25.25
Rogue+Priest_vs_Rogue+Warlock,Rogue+Priest,Rogue+Warlock,30,team1,kill,28.78
Rogue+Priest_vs_Rogue+Warlock,Rogue+Priest,Rogue+Warlock,31,team1,kill,26.48
Rogue+Priest_vs_Rogue+Warlock,Rogue+Priest,Rogue+Warlock,32,team1,kill,24.87
Rogue+Priest_vs_Rogue+Warlock,Rogue+Priest,Rogue+Warlock,33,team1,kill,26.68
Rogue+Priest_vs_Rogue+Warlock,Rogue+Priest,Rogue+Warlock,34,team1,kill,27.55
Rogue+Priest_vs_Rogue+Warlock,Rogue+Priest,Rogue+Warlock,35,team2,kill,25.38
Rogue+Priest_vs_Rogue+Warlock,Rogue+Priest,Rogue+Warlock,36,team1,kill,25.68
Rogue+Priest_vs_Rogue+Warlock,Rogue+Priest,Rogue+Warlock,37,team1,kill,28.78
Rogue+Priest_vs_Rogue+Warlock,Rogue+Priest,Rogue+Warlock,38,team1,kill,25.25
Rogue+Priest_vs_Rogue+Warlock,Rogue+Priest,Rogue+Warlock,39,team1,kill,28.93
Rogue+Priest_vs_Rogue+Warlock,Rogue+Priest,Rogue+Warlock,40,team1,kill,26.77
Rogue+Priest_vs_Rogue+Warlock,Rogue+Priest,Rogue+Warlock,41,team1,kill,26.77
Rogue+Priest_vs_Rogue+Warlock,Rogue+Priest,Rogue+Warlock,42,team1,kill,28.02
Rogue+Priest_vs_Rogue+Warlock,Rogue+Priest,Rogue+Warlock,43,team1,kill,25.25
Rogue+Priest_vs_Rogue+Warlock,Rogue+Priest,Rogue+Warlock,44,team1,kill,25.25
Rogue+Priest_vs_Rogue+Warlock,Rogue+Priest,Rogue+Warlock,45,team1,kill,25.15
Rogue+Priest_vs_Rogue+Warlock,Rogue+Priest,Rogue+Warlock,46,team1,kill,23.92
Rogue+Priest_vs_Rogue+Warlock,Rogue+Priest,Rogue+Warlock,47,team1,kill,28.78
Rogue+Priest_vs_Rogue+Warlock,Rogue+Priest,Rogue+Warlock,48,team1,kill,25.68
Rogue+Priest_vs_Rogue+Warlock,Rogue+Priest,Rogue+Warlock,49,team1,kill,24.02
Rogue+Priest_vs_Rogue+Warlock,Rogue+Priest,Rogue+Warlock,50,team1,kill,24.02
Rogue+Priest_vs_Rogue+Warlock,Rogue+Priest,Rogue+Warlock,51,team1,kill,25.63
Rogue+Priest_vs_Rogue+Warlock,Rogue+Priest,Rogue+Warlock,52,team1,kill,24.17
Rogue+Priest_vs_Rogue+Warlock,Rogue+Priest,Rogue+Warlock,53,team1,kill,27.50
Rogue+Priest_vs_Rogue+Warlock,Rogue+Priest,Rogue+Warlock,54,team1,kill,26.38
Rogue+Priest_vs_Rogue+Warlock,Rogue+Priest,Rogue+Warlock,55,team1,kill,24.02
Rogue+Priest_vs_Rogue+Warlock,Rogue+Priest,Rogue+Warlock,56,team1,kill,26.77
Rogue+Priest_vs_Rogue+Warlock,Rogue+Priest,Rogue+Warlock,57,team1,kill,26.48
Rogue+Priest_vs_Rogue+Warlock,Rogue+Priest,Rogue+Warlock,58,team1,kill,22.95
Rogue+Priest_vs_Rogue+Warlock,Rogue+Priest,Rogue+Warlock,59,team1,kill,24.00
Rogue+Priest_vs_Rogue+Warlock,Rogue+Priest,Rogue+Warlock,60,team1,kill,27.50
Rogue+Priest_vs_Rogue+Warlock,Rogue+Priest,Rogue+Warlock,61,team1,kill,26.48
Rogue+Priest_vs_Rogue+Warlock,Rogue+Priest,Rogue+Warlock,62,team1,kill,26.77
Rogue+Priest_vs_Rogue+Warlock,Rogue+Priest,Rogue+Warlock,63,team1,kill,24.02
Rogue+Priest_vs_Rogue+Warlock,Rogue+Priest,Rogue+Warlock,64,team1,kill,25.50
Rogue+Priest_vs_Rogue+Warlock,Rogue+Priest,Rogue+Warlock,65,team1,kill,25.87
Rogue+Priest_vs_Rogue+Warlock,Rogue+Priest,Rogue+Warlock,66,team1,kill,27.27
Rogue+Priest_vs_Rogue+Warlock,Rogue+Priest,Rogue+Warlock,67,team1,kill,26.88
Rogue+Priest_vs_Rogue+Warlock,Rogue+Priest,Rogue+Warlock,68,team1,kill,23.98
Rogue+Priest_vs_Rogue+Warlock,Rogue+Priest,Rogue+Warlock,69,team1,kill,24.02
Rogue+Priest_vs_Rogue+Warlock,Rogue+Priest,Rogue+Warlock,70,team1,kill,28.13
Rogue+Priest_vs_Rogue+Warlock,Rogue+Priest,Rogue+Warlock,71,team1,kill,25.45
Rogue+Priest_vs_Rogue+Warlock,Rogue+Priest,Rogue+Warlock,72,team1,kill,23.42
Rogue+Priest_vs_Rogue+Warlock,Rogue+Priest,Rogue+Warlock,73,team1,kill,26.68
Rogue+Priest_vs_Rogue+Warlock,Rogue+Priest,Rogue+Warlock,74,team1,kill,24.82
Rogue+Priest_vs_Rogue+Warlock,Rogue+Priest,Rogue+Warlock,75,team1,kill,29.02
Rogue+Priest_vs_Rogue+Warlock,Rogue+Priest,Rogue+Warlock,76,team1,kill,26.48
Rogue+Priest_vs_Rogue+Warlock,Rogue+Priest,Rogue+Warlock,77,team1,kill,28.02
Rogue+Priest_vs_Rogue+Warlock,Rogue+Priest,Rogue+Warlock,78,team1,kill,25.92
Rogue+Priest_vs_Rogue+Warlock,Rogue+Priest,Rogue+Warlock,79,team1,kill,24.02
Rogue+Priest_vs_Rogue+Warlock,Rogue+Priest,Rogue+Warlock,80,team1,kill,25.25
Rogue+Priest_vs_Rogue+Warlock,Rogue+Priest,Rogue+Warlock,81,team1,kill,27.92
Rogue+Priest_vs_Rogue+Warlock,Rogue+Priest,Rogue+Warlock,82,team1,kill,26.77
Rogue+Priest_vs_Rogue+Warlock,Rogue+Priest,Rogue+Warlock,83,team1,kill,25.25
Rogue+Priest_vs_Rogue+Warlock,Rogue+Priest,Rogue+Warlock,84,team1,kill,25.45
Rogue+Priest_vs_Rogue+Warlock,Rogue+Priest,Rogue+Warlock,85,team1,kill,25.25
Rogue+Priest_vs_Rogue+Warlock,Rogue+Priest,Rogue+Warlock,86,team1,kill,23.92
Rogue+Priest_vs_Rogue+Warlock,Rogue+Priest,Rogue+Warlock,87,team1,kill,24.02
Rogue+Priest_vs_Rogue+Warlock,Rogue+Priest,Rogue+Warlock,88,team1,kill,23.92
Rogue+Priest_vs_Rogue+Warlock,Rogue+Priest,Rogue+Warlock,89,team1,kill,28.72
Rogue+Priest_vs_Rogue+Warlock,Rogue+Priest,Rogue+Warlock,90,team1,kill,24.02
Rogue+Priest_vs_Rogue+Warlock,Rogue+Priest,Rogue+Warlock,91,team1,kill,26.77
Rogue+Priest_vs_Rogue+Warlock,Rogue+Priest,Rogue+Warlock,92,team1,kill,25.87
Rogue+Priest_vs_Rogue+Warlock,Rogue+Priest,Rogue+Warlock,93,team1,kill,25.25
Rogue+Priest_vs_Rogue+Warlock,Rogue+Priest,Rogue+Warlock,94,team1,kill,26.68
Rogue+Priest_vs_Rogue+Warlock,Rogue+Priest,Rogue+Warlock,95,team1,kill,26.02
Rogue+Priest_vs_Rogue+Warlock,Rogue+Priest,Rogue+Warlock,96,team1,kill,25.87
Rogue+Priest_vs_Rogue+Warlock,Rogue+Priest,Rogue+Warlock,97,team1,kill,25.25
Rogue+Priest_vs_Rogue+Warlock,Rogue+Priest,Rogue+Warlock,98,team1,kill,23.92
Rogue+Priest_vs_Rogue+Warlock,Rogue+Priest,Rogue+Warlock,99,team1,kill,28.13
Rogue+Priest_vs_Rogue+Paladin,Rogue+Priest,Rogue+Paladin,0,team2,kill,33.58
Rogue+Priest_vs_Rogue+Paladin,Rogue+Priest,Rogue+Paladin,1,team2,kill,32.28
Rogue+Priest_vs_Rogue+Paladin,Rogue+Priest,Rogue+Paladin,2,team2,kill,34.25
Rogue+Priest_vs_Rogue+Paladin,Rogue+Priest,Rogue+Paladin,3,team2,kill,33.67
Rogue+Priest_vs_Rogue+Paladin,Rogue+Priest,Rogue+Paladin,4,team2,kill,33.18
Rogue+Priest_vs_Rogue+Paladin,Rogue+Priest,Rogue+Paladin,5,team2,kill,33.18
Rogue+Priest_vs_Rogue+Paladin,Rogue+Priest,Rogue+Paladin,6,team2,kill,31.70
Rogue+Priest_vs_Rogue+Paladin,Rogue+Priest,Rogue+Paladin,7,team2,kill,32.10
Rogue+Priest_vs_Rogue+Paladin,Rogue+Priest,Rogue+Paladin,8,team2,kill,34.03
Rogue+Priest_vs_Rogue+Paladin,Rogue+Priest,Rogue+Paladin,9,team2,kill,35.70
Rogue+Priest_vs_Rogue+Paladin,Rogue+Priest,Rogue+Paladin,10,team2,kill,33.47
Rogue+Priest_vs_Rogue+Paladin,Rogue+Priest,Rogue+Paladin,11,team2,kill,32.55
Rogue+Priest_vs_Rogue+Paladin,Rogue+Priest,Rogue+Paladin,12,team2,kill,35.18
Rogue+Priest_vs_Rogue+Paladin,Rogue+Priest,Rogue+Paladin,13,team2,kill,35.18
Rogue+Priest_vs_Rogue+Paladin,Rogue+Priest,Rogue+Paladin,14,team2,kill,33.18
Rogue+Priest_vs_Rogue+Paladin,Rogue+Priest,Rogue+Paladin,15,team2,kill,33.70
Rogue+Priest_vs_Rogue+Paladin,Rogue+Priest,Rogue+Paladin,16,team2,kill,32.42
Rogue+Priest_vs_Rogue+Paladin,Rogue+Priest,Rogue+Paladin,17,team2,kill,33.10
Rogue+Priest_vs_Rogue+Paladin,Rogue+Priest,Rogue+Paladin,18,team2,kill,33.18
Rogue+Priest_vs_Rogue+Paladin,Rogue+Priest,Rogue+Paladin,19,team2,kill,31.70
Rogue+Priest_vs_Rogue+Paladin,Rogue+Priest,Rogue+Paladin,20,team2,kill,32.85
Rogue+Priest_vs_Rogue+Paladin,Rogue+Priest,Rogue+Paladin,21,team2,kill,33.93
Rogue+Priest_vs_Rogue+Paladin,Rogue+Priest,Rogue+Paladin,22,team2,kill,37.17
Rogue+Priest_vs_Rogue+Paladin,Rogue+Priest,Rogue+Paladin,23,team2,kill,32.92
Rogue+Priest_vs_Rogue+Paladin,Rogue+Priest,Rogue+Paladin,24,team2,kill,35.18
Rogue+Priest_vs_Rogue+Paladin,Rogue+Priest,Rogue+Paladin,25,team2,kill,33.18
Rogue+Priest_vs_Rogue+Paladin,Rogue+Priest,Rogue+Paladin,26,team2,kill,33.08
Rogue+Priest_vs_Rogue+Paladin,Rogue+Priest,Rogue+Paladin,27,team2,kill,35.70
Rogue+Priest_vs_Rogue+Paladin,Rogue+Priest,Rogue+Paladin,28,team2,kill,33.18
Rogue+Priest_vs_Rogue+Paladin,Rogue+Priest,Rogue+Paladin,29,team2,kill,34.17
Rogue+Priest_vs_Rogue+Paladin,Rogue+Priest,Rogue+Paladin,30,team2,kill,31.18
Rogue+Priest_vs_Rogue+Paladin,Rogue+Priest,Rogue+Paladin,31,team2,kill,35.18
Rogue+Priest_vs_Rogue+Paladin,Rogue+Priest,Rogue+Paladin,32,team2,kill,34.63
Rogue+Priest_vs_Rogue+Paladin,Rogue+Priest,Rogue+Paladin,33,team2,kill,32.33
Rogue+Priest_vs_Rogue+Paladin,Rogue+Priest,Rogue+Paladin,34,team2,kill,33.03
Rogue+Priest_vs_Rogue+Paladin,Rogue+Priest,Rogue+Paladin,35,team2,kill,27.93
Rogue+Priest_vs_Rogue+Paladin,Rogue+Priest,Rogue+Paladin,36,team2,kill,33.18
Rogue+Priest_vs_Rogue+Paladin,Rogue+Priest,Rogue+Paladin,37,team2,kill,33.18
Rogue+Priest_vs_Rogue+Paladin,Rogue+Priest,Rogue+Paladin,38,team1,kill,76.55
Rogue+Priest_vs_Rogue+Paladin,Rogue+Priest,Rogue+Paladin,39,team2,kill,35.18
Rogue+Priest_vs_Rogue+Paladin,Rogue+Priest,Rogue+Paladin,40,team2,kill,35.67
Rogue+Priest_vs_Rogue+Paladin,Rogue+Priest,Rogue+Paladin,41,team2,kill,34.95
Rogue+Priest_vs_Rogue+Paladin,Rogue+Priest,Rogue+Paladin,42,team2,kill,35.18
Rogue+Priest_vs_Rogue+Paladin,Rogue+Priest,Rogue+Paladin,43,team2,kill,35.55
Rogue+Priest_vs_Rogue+Paladin,Rogue+Priest,Rogue+Paladin,44,team2,kill,32.37
Rogue+Priest_vs_Rogue+Paladin,Rogue+Priest,Rogue+Paladin,45,team2,kill,32.75
Rogue+Priest_vs_Rogue+Paladin,Rogue+Priest,Rogue+Paladin,46,team2,kill,32.12
Rogue+Priest_vs_Rogue+Paladin,Rogue+Priest,Rogue+Paladin,47,team2,kill,34.07
Rogue+Priest_vs_Rogue+Paladin,Rogue+Priest,Rogue+Paladin,48,team2,kill,33.18
Rogue+Priest_vs_Rogue+Paladin,Rogue+Priest,Rogue+Paladin,49,team2,kill,34.93
Rogue+Priest_vs_Rogue+Paladin,Rogue+Priest,Rogue+Paladin,50,team2,kill,35.18
Rogue+Priest_vs_Rogue+Paladin,Rogue+Priest,Rogue+Paladin,51,team2,kill,35.80
Rogue+Priest_vs_Rogue+Paladin,Rogue+Priest,Rogue+Paladin,52,team2,kill,66.47
Rogue+Priest_vs_Rogue+Paladin,Rogue+Priest,Rogue+Paladin,53,team2,kill,35.18
Rogue+Priest_vs_Rogue+Paladin,Rogue+Priest,Rogue+Paladin,54,team2,kill,31.70
Rogue+Priest_vs_Rogue+Paladin,Rogue+Priest,Rogue+Paladin,55,team2,kill,34.90
Rogue+Priest_vs_Rogue+Paladin,Rogue+Priest,Rogue+Paladin,56,team2,kill,33.18
Rogue+Priest_vs_Rogue+Paladin,Rogue+Priest,Rogue+Paladin,57,team2,kill,34.62
Rogue+Priest_vs_Rogue+Paladin,Rogue+Priest,Rogue+Paladin,58,team2,kill,27.93
Rogue+Priest_vs_Rogue+Paladin,Rogue+Priest,Rogue+Paladin,59,team2,kill,34.00
Rogue+Priest_vs_Rogue+Paladin,Rogue+Priest,Rogue+Paladin,60,team2,kill,31.18
Rogue+Priest_vs_Rogue+Paladin,Rogue+Priest,Rogue+Paladin,61,team2,kill,35.18
Rogue+Priest_vs_Rogue+Paladin,Rogue+Priest,Rogue+Paladin,62,team2,kill,31.18
Rogue+Priest_vs_Rogue+Paladin,Rogue+Priest,Rogue+Paladin,63,team2,kill,37.18
Rogue+Priest_vs_Rogue+Paladin,Rogue+Priest,Rogue+Paladin,64,team2,kill,39.18
Rogue+Priest_vs_Rogue+Paladin,Rogue+Priest,Rogue+Paladin,65,team2,kill,31.42
Rogue+Priest_vs_Rogue+Paladin,Rogue+Priest,Rogue+Paladin,66,team2,kill,33.70
Rogue+Priest_vs_Rogue+Paladin,Rogue+Priest,Rogue+Paladin,67,team2,kill,33.42
Rogue+Priest_vs_Rogue+Paladin,Rogue+Priest,Rogue+Paladin,68,team2,kill,33.18
Rogue+Priest_vs_Rogue+Paladin,Rogue+Priest,Rogue+Paladin,69,team2,kill,33.62
Rogue+Priest_vs_Rogue+Paladin,Rogue+Priest,Rogue+Paladin,70,team2,kill,33.18
Rogue+Priest_vs_Rogue+Paladin,Rogue+Priest,Rogue+Paladin,71,team2,kill,32.90
Rogue+Priest_vs_Rogue+Paladin,Rogue+Priest,Rogue+Paladin,72,team2,kill,31.18
Rogue+Priest_vs_Rogue+Paladin,Rogue+Priest,Rogue+Paladin,73,team2,kill,33.18
Rogue+Priest_vs_Rogue+Paladin,Rogue+Priest,Rogue+Paladin,74,team2,kill,33.03
Rogue+Priest_vs_Rogue+Paladin,Rogue+Priest,Rogue+Paladin,75,team2,kill,34.37
Rogue+Priest_vs_Rogue+Paladin,Rogue+Priest,Rogue+Paladin,76,team2,kill,35.18
Rogue+Priest_vs_Rogue+Paladin,Rogue+Priest,Rogue+Paladin,77,team2,kill,35.15
Rogue+Priest_vs_Rogue+Paladin,Rogue+Priest,Rogue+Paladin,78,team2,kill,35.18
Rogue+Priest_vs_Rogue+Paladin,Rogue+Priest,Rogue+Paladin,79,team2,kill,35.18
Rogue+Priest_vs_Rogue+Paladin,Rogue+Priest,Rogue+Paladin,80,team2,kill,33.18
Rogue+Priest_vs_Rogue+Paladin,Rogue+Priest,Rogue+Paladin,81,team2,kill,54.50
Rogue+Priest_vs_Rogue+Paladin,Rogue+Priest,Rogue+Paladin,82,team2,kill,33.18
Rogue+Priest_vs_Rogue+Paladin,Rogue+Priest,Rogue+Paladin,83,team2,kill,33.18
Rogue+Priest_vs_Rogue+Paladin,Rogue+Priest,Rogue+Paladin,84,team2,kill,30.90
Rogue+Priest_vs_Rogue+Paladin,Rogue+Priest,Rogue+Paladin,85,team2,kill,33.18
Rogue+Priest_vs_Rogue+Paladin,Rogue+Priest,Rogue+Paladin,86,team2,kill,32.37
Rogue+Priest_vs_Rogue+Paladin,Rogue+Priest,Rogue+Paladin,87,team2,kill,34.62
Rogue+Priest_vs_Rogue+Paladin,Rogue+Priest,Rogue+Paladin,88,team2,kill,33.88
Rogue+Priest_vs_Rogue+Paladin,Rogue+Priest,Rogue+Paladin,89,team2,kill,35.70
Rogue+Priest_vs_Rogue+Paladin,Rogue+Priest,Rogue+Paladin,90,team2,kill,33.50
Rogue+Priest_vs_Rogue+Paladin,Rogue+Priest,Rogue+Paladin,91,team2,kill,32.92
Rogue+Priest_vs_Rogue+Paladin,Rogue+Priest,Rogue+Paladin,92,team2,kill,33.93
Rogue+Priest_vs_Rogue+Paladin,Rogue+Priest,Rogue+Paladin,93,team2,kill,33.18
Rogue+Priest_vs_Rogue+Paladin,Rogue+Priest,Rogue+Paladin,94,team2,kill,32.00
Rogue+Priest_vs_Rogue+Paladin,Rogue+Priest,Rogue+Paladin,95,team2,kill,35.18
Rogue+Priest_vs_Rogue+Paladin,Rogue+Priest,Rogue+Paladin,96,team2,kill,31.18
Rogue+Priest_vs_Rogue+Paladin,Rogue+Priest,Rogue+Paladin,97,team2,kill,32.92
Rogue+Priest_vs_Rogue+Paladin,Rogue+Priest,Rogue+Paladin,98,team2,kill,33.93
Rogue+Priest_vs_Rogue+Paladin,Rogue+Priest,Rogue+Paladin,99,team2,kill,33.93
Rogue+Priest_vs_Rogue+Hunter,Rogue+Priest,Rogue+Hunter,0,team2,kill,33.98
Rogue+Priest_vs_Rogue+Hunter,Rogue+Priest,Rogue+Hunter,1,team2,kill,32.37
Rogue+Priest_vs_Rogue+Hunter,Rogue+Priest,Rogue+Hunter,2,draw,kill,34.15
Rogue+Priest_vs_Rogue+Hunter,Rogue+Priest,Rogue+Hunter,3,team1,kill,34.02
Rogue+Priest_vs_Rogue+Hunter,Rogue+Priest,Rogue+Hunter,4,team2,kill,33.88
Rogue+Priest_vs_Rogue+Hunter,Rogue+Priest,Rogue+Hunter,5,draw,kill,34.18
Rogue+Priest_vs_Rogue+Hunter,Rogue+Priest,Rogue+Hunter,6,draw,kill,34.30
Rogue+Priest_vs_Rogue+Hunter,Rogue+Priest,Rogue+Hunter,7,team2,kill,32.95
Rogue+Priest_vs_Rogue+Hunter,Rogue+Priest,Rogue+Hunter,8,team1,kill,32.20
Rogue+Priest_vs_Rogue+Hunter,Rogue+Priest,Rogue+Hunter,9,team1,kill,34.02
Rogue+Priest_vs_Rogue+Hunter,Rogue+Priest,Rogue+Hunter,10,team1,kill,32.02
Rogue+Priest_vs_Rogue+Hunter,Rogue+Priest,Rogue+Hunter,11,team2,kill,35.93
Rogue+Priest_vs_Rogue+Hunter,Rogue+Priest,Rogue+Hunter,12,team1,kill,31.48
Rogue+Priest_vs_Rogue+Hunter,Rogue+Priest,Rogue+Hunter,13,team1,kill,34.02
Rogue+Priest_vs_Rogue+Hunter,Rogue+Priest,Rogue+Hunter,14,team2,kill,33.58
Rogue+Priest_vs_Rogue+Hunter,Rogue+Priest,Rogue+Hunter,15,team2,kill,32.98
Rogue+Priest_vs_Rogue+Hunter,Rogue+Priest,Rogue+Hunter,16,team2,kill,33.62
Rogue+Priest_vs_Rogue+Hunter,Rogue+Priest,Rogue+Hunter,17,team1,kill,32.02
Rogue+Priest_vs_Rogue+Hunter,Rogue+Priest,Rogue+Hunter,18,team2,kill,35.77
Rogue+Priest_vs_Rogue+Hunter,Rogue+Priest,Rogue+Hunter,19,team1,kill,32.95
Rogue+Priest_vs_Rogue+Hunter,Rogue+Priest,Rogue+Hunter,20,team2,kill,31.62
Rogue+Priest_vs_Rogue+Hunter,Rogue+Priest,Rogue+Hunter,21,team1,kill,32.33
Rogue+Priest_vs_Rogue+Hunter,Rogue+Priest,Rogue+Hunter,22,team1,kill,34.02
Rogue+Priest_vs_Rogue+Hunter,Rogue+Priest,Rogue+Hunter,23,team1,kill,32.33
Rogue+Priest_vs_Rogue+Hunter,Rogue+Priest,Rogue+Hunter,24,team1,kill,32.02
Rogue+Priest_vs_Rogue+Hunter,Rogue+Priest,Rogue+Hunter,25,team2,kill,33.90
Rogue+Priest_vs_Rogue+Hunter,Rogue+Priest,Rogue+Hunter,26,team1,kill,32.02
Rogue+Priest_vs_Rogue+Hunter,Rogue+Priest,Rogue+Hunter,27,team2,kill,31.88
Rogue+Priest_vs_Rogue+Hunter,Rogue+Priest,Rogue+Hunter,28,draw,kill,33.78
Rogue+Priest_vs_Rogue+Hunter,Rogue+Priest,Rogue+Hunter,29,team1,kill,33.28
Rogue+Priest_vs_Rogue+Hunter,Rogue+Priest,Rogue+Hunter,30,team1,kill,34.02
Rogue+Priest_vs_Rogue+Hunter,Rogue+Priest,Rogue+Hunter,31,team1,kill,32.02
Rogue+Priest_vs_Rogue+Hunter,Rogue+Priest,Rogue+Hunter,32,draw,kill,34.13
Rogue+Priest_vs_Rogue+Hunter,Rogue+Priest,Rogue+Hunter,33,team2,kill,33.90
Rogue+Priest_vs_Rogue+Hunter,Rogue+Priest,Rogue+Hunter,34,team2,kill,33.63
Rogue+Priest_vs_Rogue+Hunter,Rogue+Priest,Rogue+Hunter,35,team1,kill,32.02
Rogue+Priest_vs_Rogue+Hunter,Rogue+Priest,Rogue+Hunter,36,team2,kill,34.42
Rogue+Priest_vs_Rogue+Hunter,Rogue+Priest,Rogue+Hunter,37,team2,kill,31.62
Rogue+Priest_vs_Rogue+Hunter,Rogue+Priest,Rogue+Hunter,38,team1,kill,34.02
Rogue+Priest_vs_Rogue+Hunter,Rogue+Priest,Rogue+Hunter,39,draw,kill,33.20
Rogue+Priest_vs_Rogue+Hunter,Rogue+Priest,Rogue+Hunter,40,team1,kill,34.02
Rogue+Priest_vs_Rogue+Hunter,Rogue+Priest,Rogue+Hunter,41,team1,kill,32.38
Rogue+Priest_vs_Rogue+Hunter,Rogue+Priest,Rogue+Hunter,42,team2,kill,33.90
Rogue+Priest_vs_Rogue+Hunter,Rogue+Priest,Rogue+Hunter,43,team2,kill,32.00
Rogue+Priest_vs_Rogue+Hunter,Rogue+Priest,Rogue+Hunter,44,team1,kill,32.02
Rogue+Priest_vs_Rogue+Hunter,Rogue+Priest,Rogue+Hunter,45,team1,kill,32.30
Rogue+Priest_vs_Rogue+Hunter,Rogue+Priest,Rogue+Hunter,46,team1,kill,32.97
Rogue+Priest_vs_Rogue+Hunter,Rogue+Priest,Rogue+Hunter,47,team2,kill,33.50
Rogue+Priest_vs_Rogue+Hunter,Rogue+Priest,Rogue+Hunter,48,team1,kill,34.02
Rogue+Priest_vs_Rogue+Hunter,Rogue+Priest,Rogue+Hunter,49,team2,kill,31.87
Rogue+Priest_vs_Rogue+Hunter,Rogue+Priest,Rogue+Hunter,50,team2,kill,33.80
Rogue+Priest_vs_Rogue+Hunter,Rogue+Priest,Rogue+Hunter,51,team2,kill,33.48
Rogue+Priest_vs_Rogue+Hunter,Rogue+Priest,Rogue+Hunter,52,team1,kill,33.58
Rogue+Priest_vs_Rogue+Hunter,Rogue+Priest,Rogue+Hunter,53,team1,kill,34.02
Rogue+Priest_vs_Rogue+Hunter,Rogue+Priest,Rogue+Hunter,54,team2,kill,35.03
Rogue+Priest_vs_Rogue+Hunter,Rogue+Priest,Rogue+Hunter,55,team1,kill,32.02
Rogue+Priest_vs_Rogue+Hunter,Rogue+Priest,Rogue+Hunter,56,team1,kill,34.02
Rogue+Priest_vs_Rogue+Hunter,Rogue+Priest,Rogue+Hunter,57,team1,kill,32.95
Rogue+Priest_vs_Rogue+Hunter,Rogue+Priest,Rogue+Hunter,58,team1,kill,32.67
Rogue+Priest_vs_Rogue+Hunter,Rogue+Priest,Rogue+Hunter,59,team1,kill,32.20
Rogue+Priest_vs_Rogue+Hunter,Rogue+Priest,Rogue+Hunter,60,team2,kill,33.88
Rogue+Priest_vs_Rogue+Hunter,Rogue+Priest,Rogue+Hunter,61,team1,kill,32.20
Rogue+Priest_vs_Rogue+Hunter,Rogue+Priest,Rogue+Hunter,62,draw,kill,32.33
Rogue+Priest_vs_Rogue+Hunter,Rogue+Priest,Rogue+Hunter,63,team1,kill,34.32
Rogue+Priest_vs_Rogue+Hunter,Rogue+Priest,Rogue+Hunter,64,team1,kill,34.17
Rogue+Priest_vs_Rogue+Hunter,Rogue+Priest,Rogue+Hunter,65,team1,kill,35.28
Rogue+Priest_vs_Rogue+Hunter,Rogue+Priest,Rogue+Hunter,66,draw,kill,35.27
Rogue+Priest_vs_Rogue+Hunter,Rogue+Priest,Rogue+Hunter,67,team2,kill,33.70
Rogue+Priest_vs_Rogue+Hunter,Rogue+Priest,Rogue+Hunter,68,team1,kill,34.28
Rogue+Priest_vs_Rogue+Hunter,Rogue+Priest,Rogue+Hunter,69,team2,kill,32.62
Rogue+Priest_vs_Rogue+Hunter,Rogue+Priest,Rogue+Hunter,70,team2,kill,33.23
Rogue+Priest_vs_Rogue+Hunter,Rogue+Priest,Rogue+Hunter,71,team1,kill,32.62
Rogue+Priest_vs_Rogue+Hunter,Rogue+Priest,Rogue+Hunter,72,team1,kill,31.52
Rogue+Priest_vs_Rogue+Hunter,Rogue+Priest,Rogue+Hunter,73,draw,kill,33.03
Rogue+Priest_vs_Rogue+Hunter,Rogue+Priest,Rogue+Hunter,74,team2,kill,33.98
Rogue+Priest_vs_Rogue+Hunter,Rogue+Priest,Rogue+Hunter,75,team2,kill,34.18
Rogue+Priest_vs_Rogue+Hunter,Rogue+Priest,Rogue+Hunter,76,draw,kill,34.03
Rogue+Priest_vs_Rogue+Hunter,Rogue+Priest,Rogue+Hunter,77,team2,kill,33.58
Rogue+Priest_vs_Rogue+Hunter,Rogue+Priest,Rogue+Hunter,78,team2,kill,32.62
Rogue+Priest_vs_Rogue+Hunter,Rogue+Priest,Rogue+Hunter,79,team1,kill,34.02
Rogue+Priest_vs_Rogue+Hunter,Rogue+Priest,Rogue+Hunter,80,team2,kill,31.95
Rogue+Priest_vs_Rogue+Hunter,Rogue+Priest,Rogue+Hunter,81,team1,kill,34.02
Rogue+Priest_vs_Rogue+Hunter,Rogue+Priest,Rogue+Hunter,82,team2,kill,32.62
Rogue+Priest_vs_Rogue+Hunter,Rogue+Priest,Rogue+Hunter,83,draw,kill,33.62
Rogue+Priest_vs_Rogue+Hunter,Rogue+Priest,Rogue+Hunter,84,team1,kill,32.33
Rogue+Priest_vs_Rogue+Hunter,Rogue+Priest,Rogue+Hunter,85,draw,kill,34.17
Rogue+Priest_vs_Rogue+Hunter,Rogue+Priest,Rogue+Hunter,86,team1,kill,34.42
Rogue+Priest_vs_Rogue+Hunter,Rogue+Priest,Rogue+Hunter,87,team1,kill,32.97
Rogue+Priest_vs_Rogue+Hunter,Rogue+Priest,Rogue+Hunter,88,team2,kill,33.23
Rogue+Priest_vs_Rogue+Hunter,Rogue+Priest,Rogue+Hunter,89,team1,kill,32.28
Rogue+Priest_vs_Rogue+Hunter,Rogue+Priest,Rogue+Hunter,90,team2,kill,32.92
Rogue+Priest_vs_Rogue+Hunter,Rogue+Priest,Rogue+Hunter,91,team1,kill,33.63
Rogue+Priest_vs_Rogue+Hunter,Rogue+Priest,Rogue+Hunter,92,team1,kill,32.33
Rogue+Priest_vs_Rogue+Hunter,Rogue+Priest,Rogue+Hunter,93,team1,kill,32.02
Rogue+Priest_vs_Rogue+Hunter,Rogue+Priest,Rogue+Hunter,94,team1,kill,34.02
Rogue+Priest_vs_Rogue+Hunter,Rogue+Priest,Rogue+Hunter,95,team2,kill,32.25
Rogue+Priest_vs_Rogue+Hunter,Rogue+Priest,Rogue+Hunter,96,team1,kill,32.33
Rogue+Priest_vs_Rogue+Hunter,Rogue+Priest,Rogue+Hunter,97,team1,kill,32.02
Rogue+Priest_vs_Rogue+Hunter,Rogue+Priest,Rogue+Hunter,98,team1,kill,33.62
Rogue+Priest_vs_Rogue+Hunter,Rogue+Priest,Rogue+Hunter,99,draw,kill,35.05
Rogue+Priest_vs_Rogue+Shaman,Rogue+Priest,Rogue+Shaman,0,team1,kill,30.33
Rogue+Priest_vs_Rogue+Shaman,Rogue+Priest,Rogue+Shaman,1,team2,kill,27.13
Rogue+Priest_vs_Rogue+Shaman,Rogue+Priest,Rogue+Shaman,2,team2,kill,31.38
Rogue+Priest_vs_Rogue+Shaman,Rogue+Priest,Rogue+Shaman,3,team1,kill,27.05
Rogue+Priest_vs_Rogue+Shaman,Rogue+Priest,Rogue+Shaman,4,team2,kill,29.10
Rogue+Priest_vs_Rogue+Shaman,Rogue+Priest,Rogue+Shaman,5,team2,kill,30.07
Rogue+Priest_vs_Rogue+Shaman,Rogue+Priest,Rogue+Shaman,6,team2,kill,30.63
Rogue+Priest_vs_Rogue+Shaman,Rogue+Priest,Rogue+Shaman,7,team2,kill,27.98
Rogue+Priest_vs_Rogue+Shaman,Rogue+Priest,Rogue+Shaman,8,team2,kill,29.20
Rogue+Priest_vs_Rogue+Shaman,Rogue+Priest,Rogue+Shaman,9,team1,kill,29.92
Rogue+Priest_vs_Rogue+Shaman,Rogue+Priest,Rogue+Shaman,10,team2,kill,29.62
Rogue+Priest_vs_Rogue+Shaman,Rogue+Priest,Rogue+Shaman,11,team2,kill,29.53
Rogue+Priest_vs_Rogue+Shaman,Rogue+Priest,Rogue+Shaman,12,team2,kill,27.90
Rogue+Priest_vs_Rogue+Shaman,Rogue+Priest,Rogue+Shaman,13,team2,kill,27.20
Rogue+Priest_vs_Rogue+Shaman,Rogue+Priest,Rogue+Shaman,14,team2,kill,31.20
Rogue+Priest_vs_Rogue+Shaman,Rogue+Priest,Rogue+Shaman,15,team2,kill,29.30
Rogue+Priest_vs_Rogue+Shaman,Rogue+Priest,Rogue+Shaman,16,team2,kill,27.68
Rogue+Priest_vs_Rogue+Shaman,Rogue+Priest,Rogue+Shaman,17,team2,kill,25.62
Rogue+Priest_vs_Rogue+Shaman,Rogue+Priest,Rogue+Shaman,18,team2,kill,32.13
Rogue+Priest_vs_Rogue+Shaman,Rogue+Priest,Rogue+Shaman,19,team2,kill,28.58
Rogue+Priest_vs_Rogue+Shaman,Rogue+Priest,Rogue+Shaman,20,team2,kill,27.97
Rogue+Priest_vs_Rogue+Shaman,Rogue+Priest,Rogue+Shaman,21,team1,kill,30.67
Rogue+Priest_vs_Rogue+Shaman,Rogue+Priest,Rogue+Shaman,22,team1,kill,28.30
Rogue+Priest_vs_Rogue+Shaman,Rogue+Priest,Rogue+Shaman,23,team1,kill,28.30
Rogue+Priest_vs_Rogue+Shaman,Rogue+Priest,Rogue+Shaman,24,draw,kill,31.98
Rogue+Priest_vs_Rogue+Shaman,Rogue+Priest,Rogue+Shaman,25,team2,kill,31.90
Rogue+Priest_vs_Rogue+Shaman,Rogue+Priest,Rogue+Shaman,26,team1,kill,30.18
Rogue+Priest_vs_Rogue+Shaman,Rogue+Priest,Rogue+Shaman,27,team1,kill,30.30
Rogue+Priest_vs_Rogue+Shaman,Rogue+Priest,Rogue+Shaman,28,team2,kill,27.20
Rogue+Priest_vs_Rogue+Shaman,Rogue+Priest,Rogue+Shaman,29,team2,kill,28.63
Rogue+Priest_vs_Rogue+Shaman,Rogue+Priest,Rogue+Shaman,30,team2,kill,30.02
Rogue+Priest_vs_Rogue+Shaman,Rogue+Priest,Rogue+Shaman,31,team2,kill,28.55
Rogue+Priest_vs_Rogue+Shaman,Rogue+Priest,Rogue+Shaman,32,team2,kill,31.78
Rogue+Priest_vs_Rogue+Shaman,Rogue+Priest,Rogue+Shaman,33,team2,kill,30.53
Rogue+Priest_vs_Rogue+Shaman,Rogue+Priest,Rogue+Shaman,34,team2,kill,29.73
Rogue+Priest_vs_Rogue+Shaman,Rogue+Priest,Rogue+Shaman,35,team2,kill,26.47
Rogue+Priest_vs_Rogue+Shaman,Rogue+Priest,Rogue+Shaman,36,team2,kill,31.07
Rogue+Priest_vs_Rogue+Shaman,Rogue+Priest,Rogue+Shaman,37,team1,kill,30.33
Rogue+Priest_vs_Rogue+Shaman,Rogue+Priest,Rogue+Shaman,38,team2,kill,32.07
Rogue+Priest_vs_Rogue+Shaman,Rogue+Priest,Rogue+Shaman,39,team2,kill,27.58
Rogue+Priest_vs_Rogue+Shaman,Rogue+Priest,Rogue+Shaman,40,team2,kill,30.68
Rogue+Priest_vs_Rogue+Shaman,Rogue+Priest,Rogue+Shaman,41,team2,kill,27.97
Rogue+Priest_vs_Rogue+Shaman,Rogue+Priest,Rogue+Shaman,42,team2,kill,31.12
Rogue+Priest_vs_Rogue+Shaman,Rogue+Priest,Rogue+Shaman,43,team2,kill,32.12
Rogue+Priest_vs_Rogue+Shaman,Rogue+Priest,Rogue+Shaman,44,team2,kill,27.20
Rogue+Priest_vs_Rogue+Shaman,Rogue+Priest,Rogue+Shaman,45,team2,kill,33.72
Rogue+Priest_vs_Rogue+Shaman,Rogue+Priest,Rogue+Shaman,46,team2,kill,28.35
Rogue+Priest_vs_Rogue+Shaman,Rogue+Priest,Rogue+Shaman,47,team2,kill,32.05
Rogue+Priest_vs_Rogue+Shaman,Rogue+Priest,Rogue+Shaman,48,team2,kill,27.30
Rogue+Priest_vs_Rogue+Shaman,Rogue+Priest,Rogue+Shaman,49,team2,kill,30.53
Rogue+Priest_vs_Rogue+Shaman,Rogue+Priest,Rogue+Shaman,50,team2,kill,25.68
Rogue+Priest_vs_Rogue+Shaman,Rogue+Priest,Rogue+Shaman,51,team2,kill,29.53
Rogue+Priest_vs_Rogue+Shaman,Rogue+Priest,Rogue+Shaman,52,team2,kill,27.98
Rogue+Priest_vs_Rogue+Shaman,Rogue+Priest,Rogue+Shaman,53,team2,kill,28.93
Rogue+Priest_vs_Rogue+Shaman,Rogue+Priest,Rogue+Shaman,54,draw,kill,30.88
Rogue+Priest_vs_Rogue+Shaman,Rogue+Priest,Rogue+Shaman,55,team2,kill,30.07
Rogue+Priest_vs_Rogue+Shaman,Rogue+Priest,Rogue+Shaman,56,team2,kill,27.02
Rogue+Priest_vs_Rogue+Shaman,Rogue+Priest,Rogue+Shaman,57,team2,kill,28.32
Rogue+Priest_vs_Rogue+Shaman,Rogue+Priest,Rogue+Shaman,58,team2,kill,31.07
Rogue+Priest_vs_Rogue+Shaman,Rogue+Priest,Rogue+Shaman,59,team2,kill,27.20
Rogue+Priest_vs_Rogue+Shaman,Rogue+Priest,Rogue+Shaman,60,team2,kill,30.62
Rogue+Priest_vs_Rogue+Shaman,Rogue+Priest,Rogue+Shaman,61,team2,kill,30.72
Rogue+Priest_vs_Rogue+Shaman,Rogue+Priest,Rogue+Shaman,62,team2,kill,27.58
Rogue+Priest_vs_Rogue+Shaman,Rogue+Priest,Rogue+Shaman,63,team2,kill,30.07
Rogue+Priest_vs_Rogue+Shaman,Rogue+Priest,Rogue+Shaman,64,team2,kill,29.45
Rogue+Priest_vs_Rogue+Shaman,Rogue+Priest,Rogue+Shaman,65,team1,kill,28.30
Rogue+Priest_vs_Rogue+Shaman,Rogue+Priest,Rogue+Shaman,66,team2,kill,28.63
Rogue+Priest_vs_Rogue+Shaman,Rogue+Priest,Rogue+Shaman,67,team2,kill,30.07
Rogue+Priest_vs_Rogue+Shaman,Rogue+Priest,Rogue+Shaman,68,team2,kill,28.72
Rogue+Priest_vs_Rogue+Shaman,Rogue+Priest,Rogue+Shaman,69,team2,kill,27.20
Rogue+Priest_vs_Rogue+Shaman,Rogue+Priest,Rogue+Shaman,70,team1,kill,30.33
Rogue+Priest_vs_Rogue+Shaman,Rogue+Priest,Rogue+Shaman,71,team2,kill,28.72
Rogue+Priest_vs_Rogue+Shaman,Rogue+Priest,Rogue+Shaman,72,team2,kill,27.83
Rogue+Priest_vs_Rogue+Shaman,Rogue+Priest,Rogue+Shaman,73,team2,kill,29.73
Rogue+Priest_vs_Rogue+Shaman,Rogue+Priest,Rogue+Shaman,74,team2,kill,27.93
Rogue+Priest_vs_Rogue+Shaman,Rogue+Priest,Rogue+Shaman,75,team2,kill,26.63
Rogue+Priest_vs_Rogue+Shaman,Rogue+Priest,Rogue+Shaman,76,team2,kill,29.12
Rogue+Priest_vs_Rogue+Shaman,Rogue+Priest,Rogue+Shaman,77,team2,kill,28.72
Rogue+Priest_vs_Rogue+Shaman,Rogue+Priest,Rogue+Shaman,78,team2,kill,27.58
Rogue+Priest_vs_Rogue+Shaman,Rogue+Priest,Rogue+Shaman,79,team2,kill,30.17
Rogue+Priest_vs_Rogue+Shaman,Rogue+Priest,Rogue+Shaman,80,team2,kill,29.50
Rogue+Priest_vs_Rogue+Shaman,Rogue+Priest,Rogue+Shaman,81,team2,kill,27.58
Rogue+Priest_vs_Rogue+Shaman,Rogue+Priest,Rogue+Shaman,82,team2,kill,32.07
Rogue+Priest_vs_Rogue+Shaman,Rogue+Priest,Rogue+Shaman,83,team2,kill,27.20
Rogue+Priest_vs_Rogue+Shaman,Rogue+Priest,Rogue+Shaman,84,team1,kill,30.33
Rogue+Priest_vs_Rogue+Shaman,Rogue+Priest,Rogue+Shaman,85,team2,kill,28.57
Rogue+Priest_vs_Rogue+Shaman,Rogue+Priest,Rogue+Shaman,86,team2,kill,29.30
Rogue+Priest_vs_Rogue+Shaman,Rogue+Priest,Rogue+Shaman,87,team2,kill,26.63
Rogue+Priest_vs_Rogue+Shaman,Rogue+Priest,Rogue+Shaman,88,team2,kill,27.20
Rogue+Priest_vs_Rogue+Shaman,Rogue+Priest,Rogue+Shaman,89,team2,kill,30.17
Rogue+Priest_vs_Rogue+Shaman,Rogue+Priest,Rogue+Shaman,90,team2,kill,26.68
Rogue+Priest_vs_Rogue+Shaman,Rogue+Priest,Rogue+Shaman,91,team2,kill,27.20
Rogue+Priest_vs_Rogue+Shaman,Rogue+Priest,Rogue+Shaman,92,team1,kill,31.33
Rogue+Priest_vs_Rogue+Shaman,Rogue+Priest,Rogue+Shaman,93,team1,kill,31.92
Rogue+Priest_vs_Rogue+Shaman,Rogue+Priest,Rogue+Shaman,94,team2,kill,27.20
Rogue+Priest_vs_Rogue+Shaman,Rogue+Priest,Rogue+Shaman,95,draw,kill,30.88
Rogue+Priest_vs_Rogue+Shaman,Rogue+Priest,Rogue+Shaman,96,team1,kill,28.30
Rogue+Priest_vs_Rogue+Shaman,Rogue+Priest,Rogue+Shaman,97,team2,kill,27.97
Rogue+Priest_vs_Rogue+Shaman,Rogue+Priest,Rogue+Shaman,98,team2,kill,28.72
Rogue+Priest_vs_Rogue+Shaman,Rogue+Priest,Rogue+Shaman,99,team2,kill,29.20
Rogue+Priest_vs_Priest+Warlock,Rogue+Priest,Priest+Warlock,0,team1,kill,31.55
Rogue+Priest_vs_Priest+Warlock,Rogue+Priest,Priest+Warlock,1,team1,kill,29.55
Rogue+Priest_vs_Priest+Warlock,Rogue+Priest,Priest+Warlock,2,team2,kill,40.28
Rogue+Priest_vs_Priest+Warlock,Rogue+Priest,Priest+Warlock,3,team1,kill,32.15
Rogue+Priest_vs_Priest+Warlock,Rogue+Priest,Priest+Warlock,4,team1,kill,29.55
Rogue+Priest_vs_Priest+Warlock,Rogue+Priest,Priest+Warlock,5,team2,kill,41.63
Rogue+Priest_vs_Priest+Warlock,Rogue+Priest,Priest+Warlock,6,team1,kill,30.82
Rogue+Priest_vs_Priest+Warlock,Rogue+Priest,Priest+Warlock,7,team1,kill,32.15
Rogue+Priest_vs_Priest+Warlock,Rogue+Priest,Priest+Warlock,8,team2,kill,40.58
Rogue+Priest_vs_Priest+Warlock,Rogue+Priest,Priest+Warlock,9,team1,kill,31.55
Rogue+Priest_vs_Priest+Warlock,Rogue+Priest,Priest+Warlock,10,team1,kill,31.55
Rogue+Priest_vs_Priest+Warlock,Rogue+Priest,Priest+Warlock,11,team1,kill,31.55
Rogue+Priest_vs_Priest+Warlock,Rogue+Priest,Priest+Warlock,12,team1,kill,29.55
Rogue+Priest_vs_Priest+Warlock,Rogue+Priest,Priest+Warlock,13,team2,kill,41.53
Rogue+Priest_vs_Priest+Warlock,Rogue+Priest,Priest+Warlock,14,team1,kill,31.55
Rogue+Priest_vs_Priest+Warlock,Rogue+Priest,Priest+Warlock,15,team2,kill,39.30
Rogue+Priest_vs_Priest+Warlock,Rogue+Priest,Priest+Warlock,16,team1,kill,29.38
Rogue+Priest_vs_Priest+Warlock,Rogue+Priest,Priest+Warlock,17,team1,kill,31.55
Rogue+Priest_vs_Priest+Warlock,Rogue+Priest,Priest+Warlock,18,team1,kill,29.97
Rogue+Priest_vs_Priest+Warlock,Rogue+Priest,Priest+Warlock,19,team1,kill,29.55
Rogue+Priest_vs_Priest+Warlock,Rogue+Priest,Priest+Warlock,20,team1,kill,30.50
Rogue+Priest_vs_Priest+Warlock,Rogue+Priest,Priest+Warlock,21,team1,kill,31.55
Rogue+Priest_vs_Priest+Warlock,Rogue+Priest,Priest+Warlock,22,team2,kill,39.83
Rogue+Priest_vs_Priest+Warlock,Rogue+Priest,Priest+Warlock,23,team2,kill,36.85
Rogue+Priest_vs_Priest+Warlock,Rogue+Priest,Priest+Warlock,24,team1,kill,30.82
Rogue+Priest_vs_Priest+Warlock,Rogue+Priest,Priest+Warlock,25,team1,kill,29.55
Rogue+Priest_vs_Priest+Warlock,Rogue+Priest,Priest+Warlock,26,team1,kill,31.55
Rogue+Priest_vs_Priest+Warlock,Rogue+Priest,Priest+Warlock,27,team1,kill,31.48
Rogue+Priest_vs_Priest+Warlock,Rogue+Priest,Priest+Warlock,28,team1,kill,29.55
Rogue+Priest_vs_Priest+Warlock,Rogue+Priest,Priest+Warlock,29,team1,kill,31.48
Rogue+Priest_vs_Priest+Warlock,Rogue+Priest,Priest+Warlock,30,team1,kill,31.55
Rogue+Priest_vs_Priest+Warlock,Rogue+Priest,Priest+Warlock,31,team2,kill,36.03
Rogue+Priest_vs_Priest+Warlock,Rogue+Priest,Priest+Warlock,32,team1,kill,32.15
Rogue+Priest_vs_Priest+Warlock,Rogue+Priest,Priest+Warlock,33,team1,kill,30.63
Rogue+Priest_vs_Priest+Warlock,Rogue+Priest,Priest+Warlock,34,team1,kill,31.55
Rogue+Priest_vs_Priest+Warlock,Rogue+Priest,Priest+Warlock,35,team1,kill,29.55
Rogue+Priest_vs_Priest+Warlock,Rogue+Priest,Priest+Warlock,36,team1,kill,31.55
Rogue+Priest_vs_Priest+Warlock,Rogue+Priest,Priest+Warlock,37,team1,kill,28.72
Rogue+Priest_vs_Priest+Warlock,Rogue+Priest,Priest+Warlock,38,team2,kill,37.67
Rogue+Priest_vs_Priest+Warlock,Rogue+Priest,Priest+Warlock,39,team1,kill,32.15
Rogue+Priest_vs_Priest+Warlock,Rogue+Priest,Priest+Warlock,40,team1,kill,32.82
Rogue+Priest_vs_Priest+Warlock,Rogue+Priest,Priest+Warlock,41,team1,kill,30.07
Rogue+Priest_vs_Priest+Warlock,Rogue+Priest,Priest+Warlock,42,team1,kill,31.30
Rogue+Priest_vs_Priest+Warlock,Rogue+Priest,Priest+Warlock,43,team2,kill,38.97
Rogue+Priest_vs_Priest+Warlock,Rogue+Priest,Priest+Warlock,44,team1,kill,31.55
Rogue+Priest_vs_Priest+Warlock,Rogue+Priest,Priest+Warlock,45,team1,kill,31.55
Rogue+Priest_vs_Priest+Warlock,Rogue+Priest,Priest+Warlock,46,team2,kill,39.28
Rogue+Priest_vs_Priest+Warlock,Rogue+Priest,Priest+Warlock,47,team1,kill,33.48
Rogue+Priest_vs_Priest+Warlock,Rogue+Priest,Priest+Warlock,48,team1,kill,31.55
Rogue+Priest_vs_Priest+Warlock,Rogue+Priest,Priest+Warlock,49,team2,kill,38.57
Rogue+Priest_vs_Priest+Warlock,Rogue+Priest,Priest+Warlock,50,team1,kill,29.55
Rogue+Priest_vs_Priest+Warlock,Rogue+Priest,Priest+Warlock,51,team1,kill,31.55
Rogue+Priest_vs_Priest+Warlock,Rogue+Priest,Priest+Warlock,52,team1,kill,31.38
Rogue+Priest_vs_Priest+Warlock,Rogue+Priest,Priest+Warlock,53,team1,kill,31.55
Rogue+Priest_vs_Priest+Warlock,Rogue+Priest,Priest+Warlock,54,team1,kill,31.55
Rogue+Priest_vs_Priest+Warlock,Rogue+Priest,Priest+Warlock,55,team2,kill,31.38
Rogue+Priest_vs_Priest+Warlock,Rogue+Priest,Priest+Warlock,56,team1,kill,31.55
Rogue+Priest_vs_Priest+Warlock,Rogue+Priest,Priest+Warlock,57,team1,kill,31.55
Rogue+Priest_vs_Priest+Warlock,Rogue+Priest,Priest+Warlock,58,team1,kill,29.55
Rogue+Priest_vs_Priest+Warlock,Rogue+Priest,Priest+Warlock,59,team1,kill,32.82
Rogue+Priest_vs_Priest+Warlock,Rogue+Priest,Priest+Warlock,60,team1,kill,27.55
Rogue+Priest_vs_Priest+Warlock,Rogue+Priest,Priest+Warlock,61,team1,kill,29.17
Rogue+Priest_vs_Priest+Warlock,Rogue+Priest,Priest+Warlock,62,team1,kill,33.55
Rogue+Priest_vs_Priest+Warlock,Rogue+Priest,Priest+Warlock,63,team1,kill,29.55
Rogue+Priest_vs_Priest+Warlock,Rogue+Priest,Priest+Warlock,64,team2,kill,39.72
Rogue+Priest_vs_Priest+Warlock,Rogue+Priest,Priest+Warlock,65,team1,kill,34.20
Rogue+Priest_vs_Priest+Warlock,Rogue+Priest,Priest+Warlock,66,team2,kill,39.72
Rogue+Priest_vs_Priest+Warlock,Rogue+Priest,Priest+Warlock,67,team2,kill,42.47
Rogue+Priest_vs_Priest+Warlock,Rogue+Priest,Priest+Warlock,68,team1,kill,30.07
Rogue+Priest_vs_Priest+Warlock,Rogue+Priest,Priest+Warlock,69,team2,kill,40.43
Rogue+Priest_vs_Priest+Warlock,Rogue+Priest,Priest+Warlock,70,team1,kill,31.55
Rogue+Priest_vs_Priest+Warlock,Rogue+Priest,Priest+Warlock,71,team1,kill,34.27
Rogue+Priest_vs_Priest+Warlock,Rogue+Priest,Priest+Warlock,72,team1,kill,31.55
Rogue+Priest_vs_Priest+Warlock,Rogue+Priest,Priest+Warlock,73,team1,kill,31.55
Rogue+Priest_vs_Priest+Warlock,Rogue+Priest,Priest+Warlock,74,team1,kill,31.55
Rogue+Priest_vs_Priest+Warlock,Rogue+Priest,Priest+Warlock,75,team1,kill,31.55
Rogue+Priest_vs_Priest+Warlock,Rogue+Priest,Priest+Warlock,76,team1,kill,29.55
Rogue+Priest_vs_Priest+Warlock,Rogue+Priest,Priest+Warlock,77,team2,kill,41.87
Rogue+Priest_vs_Priest+Warlock,Rogue+Priest,Priest+Warlock,78,team2,kill,36.85
Rogue+Priest_vs_Priest+Warlock,Rogue+Priest,Priest+Warlock,79,team2,kill,40.02
Rogue+Priest_vs_Priest+Warlock,Rogue+Priest,Priest+Warlock,80,team1,kill,27.55
Rogue+Priest_vs_Priest+Warlock,Rogue+Priest,Priest+Warlock,81,team1,kill,28.63
Rogue+Priest_vs_Priest+Warlock,Rogue+Priest,Priest+Warlock,82,team1,kill,28.05
Rogue+Priest_vs_Priest+Warlock,Rogue+Priest,Priest+Warlock,83,team1,kill,33.55
Rogue+Priest_vs_Priest+Warlock,Rogue+Priest,Priest+Warlock,84,team1,kill,32.83
Rogue+Priest_vs_Priest+Warlock,Rogue+Priest,Priest+Warlock,85,team1,kill,32.15
Rogue+Priest_vs_Priest+Warlock,Rogue+Priest,Priest+Warlock,86,team1,kill,25.55
Rogue+Priest_vs_Priest+Warlock,Rogue+Priest,Priest+Warlock,87,team1,kill,31.55
Rogue+Priest_vs_Priest+Warlock,Rogue+Priest,Priest+Warlock,88,team1,kill,31.55
Rogue+Priest_vs_Priest+Warlock,Rogue+Priest,Priest+Warlock,89,team1,kill,30.82
Rogue+Priest_vs_Priest+Warlock,Rogue+Priest,Priest+Warlock,90,team1,kill,27.55
Rogue+Priest_vs_Priest+Warlock,Rogue+Priest,Priest+Warlock,91,team1,kill,31.55
Rogue+Priest_vs_Priest+Warlock,Rogue+Priest,Priest+Warlock,92,team1,kill,31.55
Rogue+Priest_vs_Priest+Warlock,Rogue+Priest,Priest+Warlock,93,team1,kill,31.55
Rogue+Priest_vs_Priest+Warlock,Rogue+Priest,Priest+Warlock,94,team1,kill,28.93
Rogue+Priest_vs_Priest+Warlock,Rogue+Priest,Priest+Warlock,95,team1,kill,33.40
Rogue+Priest_vs_Priest+Warlock,Rogue+Priest,Priest+Warlock,96,team1,kill,31.55
Rogue+Priest_vs_Priest+Warlock,Rogue+Priest,Priest+Warlock,97,team2,kill,35.42
Rogue+Priest_vs_Priest+Warlock,Rogue+Priest,Priest+Warlock,98,team1,kill,33.48
Rogue+Priest_vs_Priest+Warlock,Rogue+Priest,Priest+Warlock,99,team1,kill,33.48
Rogue+Priest_vs_Priest+Hunter,Rogue+Priest,Priest+Hunter,0,team2,kill,54.82
Rogue+Priest_vs_Priest+Hunter,Rogue+Priest,Priest+Hunter,1,team2,kill,41.90
Rogue+Priest_vs_Priest+Hunter,Rogue+Priest,Priest+Hunter,2,team2,kill,70.45
Rogue+Priest_vs_Priest+Hunter,Rogue+Priest,Priest+Hunter,3,team2,kill,55.15
Rogue+Priest_vs_Priest+Hunter,Rogue+Priest,Priest+Hunter,4,team1,kill,46.08
Rogue+Priest_vs_Priest+Hunter,Rogue+Priest,Priest+Hunter,5,team2,kill,49.62
Rogue+Priest_vs_Priest+Hunter,Rogue+Priest,Priest+Hunter,6,team2,kill,65.98
Rogue+Priest_vs_Priest+Hunter,Rogue+Priest,Priest+Hunter,7,team2,kill,66.22
Rogue+Priest_vs_Priest+Hunter,Rogue+Priest,Priest+Hunter,8,team2,kill,33.88
Rogue+Priest_vs_Priest+Hunter,Rogue+Priest,Priest+Hunter,9,team2,kill,47.88
Rogue+Priest_vs_Priest+Hunter,Rogue+Priest,Priest+Hunter,10,team2,kill,43.47
Rogue+Priest_vs_Priest+Hunter,Rogue+Priest,Priest+Hunter,11,team1,kill,43.08
Rogue+Priest_vs_Priest+Hunter,Rogue+Priest,Priest+Hunter,12,team1,kill,64.00
Rogue+Priest_vs_Priest+Hunter,Rogue+Priest,Priest+Hunter,13,team2,kill,54.18
Rogue+Priest_vs_Priest+Hunter,Rogue+Priest,Priest+Hunter,14,team2,kill,37.57
Rogue+Priest_vs_Priest+Hunter,Rogue+Priest,Priest+Hunter,15,team2,kill,63.63
Rogue+Priest_vs_Priest+Hunter,Rogue+Priest,Priest+Hunter,16,team2,kill,36.88
Rogue+Priest_vs_Priest+Hunter,Rogue+Priest,Priest+Hunter,17,team2,kill,55.35
Rogue+Priest_vs_Priest+Hunter,Rogue+Priest,Priest+Hunter,18,team2,kill,44.58
Rogue+Priest_vs_Priest+Hunter,Rogue+Priest,Priest+Hunter,19,team2,kill,47.23
Rogue+Priest_vs_Priest+Hunter,Rogue+Priest,Priest+Hunter,20,team1,kill,64.33
Rogue+Priest_vs_Priest+Hunter,Rogue+Priest,Priest+Hunter,21,team1,kill,55.33
Rogue+Priest_vs_Priest+Hunter,Rogue+Priest,Priest+Hunter,22,team1,kill,66.68
Rogue+Priest_vs_Priest+Hunter,Rogue+Priest,Priest+Hunter,23,team2,kill,44.87
Rogue+Priest_vs_Priest+Hunter,Rogue+Priest,Priest+Hunter,24,team2,kill,55.42
Rogue+Priest_vs_Priest+Hunter,Rogue+Priest,Priest+Hunter,25,team1,kill,40.72
Rogue+Priest_vs_Priest+Hunter,Rogue+Priest,Priest+Hunter,26,team2,kill,44.13
Rogue+Priest_vs_Priest+Hunter,Rogue+Priest,Priest+Hunter,27,team2,kill,54.18
Rogue+Priest_vs_Priest+Hunter,Rogue+Priest,Priest+Hunter,28,team2,kill,63.63
Rogue+Priest_vs_Priest+Hunter,Rogue+Priest,Priest+Hunter,29,team2,kill,62.47
Rogue+Priest_vs_Priest+Hunter,Rogue+Priest,Priest+Hunter,30,team2,kill,46.13
Rogue+Priest_vs_Priest+Hunter,Rogue+Priest,Priest+Hunter,31,team2,kill,43.72
Rogue+Priest_vs_Priest+Hunter,Rogue+Priest,Priest+Hunter,32,team1,kill,70.43
Rogue+Priest_vs_Priest+Hunter,Rogue+Priest,Priest+Hunter,33,team2,kill,54.28
Rogue+Priest_vs_Priest+Hunter,Rogue+Priest,Priest+Hunter,34,team2,kill,50.12
Rogue+Priest_vs_Priest+Hunter,Rogue+Priest,Priest+Hunter,35,team1,kill,68.55
Rogue+Priest_vs_Priest+Hunter,Rogue+Priest,Priest+Hunter,36,team2,kill,50.12
Rogue+Priest_vs_Priest+Hunter,Rogue+Priest,Priest+Hunter,37,team2,kill,62.97
Rogue+Priest_vs_Priest+Hunter,Rogue+Priest,Priest+Hunter,38,team2,kill,45.62
Rogue+Priest_vs_Priest+Hunter,Rogue+Priest,Priest+Hunter,39,team1,kill,67.43
Rogue+Priest_vs_Priest+Hunter,Rogue+Priest,Priest+Hunter,40,team2,kill,69.20
Rogue+Priest_vs_Priest+Hunter,Rogue+Priest,Priest+Hunter,41,team2,kill,47.17
Rogue+Priest_vs_Priest+Hunter,Rogue+Priest,Priest+Hunter,42,team2,kill,40.00
Rogue+Priest_vs_Priest+Hunter,Rogue+Priest,Priest+Hunter,43,team2,kill,65.85
Rogue+Priest_vs_Priest+Hunter,Rogue+Priest,Priest+Hunter,44,team2,kill,69.20
Rogue+Priest_vs_Priest+Hunter,Rogue+Priest,Priest+Hunter,45,team2,kill,61.93
Rogue+Priest_vs_Priest+Hunter,Rogue+Priest,Priest+Hunter,46,team1,kill,51.60
Rogue+Priest_vs_Priest+Hunter,Rogue+Priest,Priest+Hunter,47,team1,kill,57.73
Rogue+Priest_vs_Priest+Hunter,Rogue+Priest,Priest+Hunter,48,team2,kill,46.57
Rogue+Priest_vs_Priest+Hunter,Rogue+Priest,Priest+Hunter,49,team1,kill,75.15
Rogue+Priest_vs_Priest+Hunter,Rogue+Priest,Priest+Hunter,50,team2,kill,44.98
Rogue+Priest_vs_Priest+Hunter,Rogue+Priest,Priest+Hunter,51,team2,kill,55.62
Rogue+Priest_vs_Priest+Hunter,Rogue+Priest,Priest+Hunter,52,team2,kill,64.77
Rogue+Priest_vs_Priest+Hunter,Rogue+Priest,Priest+Hunter,53,team1,kill,85.50
Rogue+Priest_vs_Priest+Hunter,Rogue+Priest,Priest+Hunter,54,team2,kill,69.63
Rogue+Priest_vs_Priest+Hunter,Rogue+Priest,Priest+Hunter,55,team1,kill,59.40
Rogue+Priest_vs_Priest+Hunter,Rogue+Priest,Priest+Hunter,56,team2,kill,62.43
Rogue+Priest_vs_Priest+Hunter,Rogue+Priest,Priest+Hunter,57,team2,kill,52.82
Rogue+Priest_vs_Priest+Hunter,Rogue+Priest,Priest+Hunter,58,team1,kill,44.20
Rogue+Priest_vs_Priest+Hunter,Rogue+Priest,Priest+Hunter,59,team2,kill,41.20
Rogue+Priest_vs_Priest+Hunter,Rogue+Priest,Priest+Hunter,60,team2,kill,65.45
Rogue+Priest_vs_Priest+Hunter,Rogue+Priest,Priest+Hunter,61,team2,kill,40.80
Rogue+Priest_vs_Priest+Hunter,Rogue+Priest,Priest+Hunter,62,team1,kill,69.23
Rogue+Priest_vs_Priest+Hunter,Rogue+Priest,Priest+Hunter,63,team2,kill,62.23
Rogue+Priest_vs_Priest+Hunter,Rogue+Priest,Priest+Hunter,64,team1,kill,64.90
Rogue+Priest_vs_Priest+Hunter,Rogue+Priest,Priest+Hunter,65,team2,kill,62.00
Rogue+Priest_vs_Priest+Hunter,Rogue+Priest,Priest+Hunter,66,team2,kill,47.40
Rogue+Priest_vs_Priest+Hunter,Rogue+Priest,Priest+Hunter,67,team2,kill,44.50
Rogue+Priest_vs_Priest+Hunter,Rogue+Priest,Priest+Hunter,68,team2,kill,44.35
Rogue+Priest_vs_Priest+Hunter,Rogue+Priest,Priest+Hunter,69,team2,kill,59.95
Rogue+Priest_vs_Priest+Hunter,Rogue+Priest,Priest+Hunter,70,team1,kill,71.18
Rogue+Priest_vs_Priest+Hunter,Rogue+Priest,Priest+Hunter,71,team2,kill,54.25
Rogue+Priest_vs_Priest+Hunter,Rogue+Priest,Priest+Hunter,72,team2,kill,57.38
Rogue+Priest_vs_Priest+Hunter,Rogue+Priest,Priest+Hunter,73,team2,kill,64.55
Rogue+Priest_vs_Priest+Hunter,Rogue+Priest,Priest+Hunter,74,team2,kill,49.65
Rogue+Priest_vs_Priest+Hunter,Rogue+Priest,Priest+Hunter,75,team2,kill,56.37
Rogue+Priest_vs_Priest+Hunter,Rogue+Priest,Priest+Hunter,76,team1,kill,51.35
Rogue+Priest_vs_Priest+Hunter,Rogue+Priest,Priest+Hunter,77,team2,kill,46.30
Rogue+Priest_vs_Priest+Hunter,Rogue+Priest,Priest+Hunter,78,team1,kill,66.03
Rogue+Priest_vs_Priest+Hunter,Rogue+Priest,Priest+Hunter,79,team2,kill,66.23
Rogue+Priest_vs_Priest+Hunter,Rogue+Priest,Priest+Hunter,80,team2,kill,52.83
Rogue+Priest_vs_Priest+Hunter,Rogue+Priest,Priest+Hunter,81,team2,kill,56.57
Rogue+Priest_vs_Priest+Hunter,Rogue+Priest,Priest+Hunter,82,team2,kill,38.32
Rogue+Priest_vs_Priest+Hunter,Rogue+Priest,Priest+Hunter,83,team2,kill,40.25
Rogue+Priest_vs_Priest+Hunter,Rogue+Priest,Priest+Hunter,84,team2,kill,62.02
Rogue+Priest_vs_Priest+Hunter,Rogue+Priest,Priest+Hunter,85,team1,kill,71.48
Rogue+Priest_vs_Priest+Hunter,Rogue+Priest,Priest+Hunter,86,team2,kill,50.12
Rogue+Priest_vs_Priest+Hunter,Rogue+Priest,Priest+Hunter,87,team2,kill,49.17
Rogue+Priest_vs_Priest+Hunter,Rogue+Priest,Priest+Hunter,88,team2,kill,34.98
Rogue+Priest_vs_Priest+Hunter,Rogue+Priest,Priest+Hunter,89,team1,kill,59.03
Rogue+Priest_vs_Priest+Hunter,Rogue+Priest,Priest+Hunter,90,team2,kill,66.47
Rogue+Priest_vs_Priest+Hunter,Rogue+Priest,Priest+Hunter,91,team2,kill,56.00
Rogue+Priest_vs_Priest+Hunter,Rogue+Priest,Priest+Hunter,92,team2,kill,63.97
Rogue+Priest_vs_Priest+Hunter,Rogue+Priest,Priest+Hunter,93,team2,kill,55.45
Rogue+Priest_vs_Priest+Hunter,Rogue+Priest,Priest+Hunter,94,team2,kill,50.32
Rogue+Priest_vs_Priest+Hunter,Rogue+Priest,Priest+Hunter,95,team2,kill,37.88
Rogue+Priest_vs_Priest+Hunter,Rogue+Priest,Priest+Hunter,96,team2,kill,50.00
Rogue+Priest_vs_Priest+Hunter,Rogue+Priest,Priest+Hunter,97,team2,kill,52.48
Rogue+Priest_vs_Priest+Hunter,Rogue+Priest,Priest+Hunter,98,team2,kill,40.30
Rogue+Priest_vs_Priest+Hunter,Rogue+Priest,Priest+Hunter,99,team2,kill,41.13
Rogue+Priest_vs_Warlock+Paladin,Rogue+Priest,Warlock+Paladin,0,team1,kill,73.30
Rogue+Priest_vs_Warlock+Paladin,Rogue+Priest,Warlock+Paladin,1,team1,kill,71.43
Rogue+Priest_vs_Warlock+Paladin,Rogue+Priest,Warlock+Paladin,2,team1,kill,68.10
Rogue+Priest_vs_Warlock+Paladin,Rogue+Priest,Warlock+Paladin,3,team1,kill,63.05
Rogue+Priest_vs_Warlock+Paladin,Rogue+Priest,Warlock+Paladin,4,team1,kill,70.68
Rogue+Priest_vs_Warlock+Paladin,Rogue+Priest,Warlock+Paladin,5,team1,kill,63.27
Rogue+Priest_vs_Warlock+Paladin,Rogue+Priest,Warlock+Paladin,6,team1,kill,71.10
Rogue+Priest_vs_Warlock+Paladin,Rogue+Priest,Warlock+Paladin,7,team1,kill,73.27
Rogue+Priest_vs_Warlock+Paladin,Rogue+Priest,Warlock+Paladin,8,team1,kill,64.72
Rogue+Priest_vs_Warlock+Paladin,Rogue+Priest,Warlock+Paladin,9,team1,kill,69.47
Rogue+Priest_vs_Warlock+Paladin,Rogue+Priest,Warlock+Paladin,10,team1,kill,69.98
Rogue+Priest_vs_Warlock+Paladin,Rogue+Priest,Warlock+Paladin,11,team1,kill,68.93
Rogue+Priest_vs_Warlock+Paladin,Rogue+Priest,Warlock+Paladin,12,team1,kill,69.35
Rogue+Priest_vs_Warlock+Paladin,Rogue+Priest,Warlock+Paladin,13,team1,kill,62.37
Rogue+Priest_vs_Warlock+Paladin,Rogue+Priest,Warlock+Paladin,14,team1,kill,64.73
Rogue+Priest_vs_Warlock+Paladin,Rogue+Priest,Warlock+Paladin,15,team1,kill,63.20
Rogue+Priest_vs_Warlock+Paladin,Rogue+Priest,Warlock+Paladin,16,team1,kill,66.05
Rogue+Priest_vs_Warlock+Paladin,Rogue+Priest,Warlock+Paladin,17,team1,kill,69.05
Rogue+Priest_vs_Warlock+Paladin,Rogue+Priest,Warlock+Paladin,18,team1,kill,71.25
Rogue+Priest_vs_Warlock+Paladin,Rogue+Priest,Warlock+Paladin,19,team1,kill,67.68
Rogue+Priest_vs_Warlock+Paladin,Rogue+Priest,Warlock+Paladin,20,team1,kill,69.32
Rogue+Priest_vs_Warlock+Paladin,Rogue+Priest,Warlock+Paladin,21,team1,kill,64.95
Rogue+Priest_vs_Warlock+Paladin,Rogue+Priest,Warlock+Paladin,22,team1,kill,69.40
Rogue+Priest_vs_Warlock+Paladin,Rogue+Priest,Warlock+Paladin,23,team1,kill,60.90
Rogue+Priest_vs_Warlock+Paladin,Rogue+Priest,Warlock+Paladin,24,team1,kill,64.43
Rogue+Priest_vs_Warlock+Paladin,Rogue+Priest,Warlock+Paladin,25,team1,kill,67.85
Rogue+Priest_vs_Warlock+Paladin,Rogue+Priest,Warlock+Paladin,26,team1,kill,63.63
Rogue+Priest_vs_Warlock+Paladin,Rogue+Priest,Warlock+Paladin,27,team1,kill,67.37
Rogue+Priest_vs_Warlock+Paladin,Rogue+Priest,Warlock+Paladin,28,team1,kill,72.55
Rogue+Priest_vs_Warlock+Paladin,Rogue+Priest,Warlock+Paladin,29,team1,kill,64.42
Rogue+Priest_vs_Warlock+Paladin,Rogue+Priest,Warlock+Paladin,30,team1,kill,71.70
Rogue+Priest_vs_Warlock+Paladin,Rogue+Priest,Warlock+Paladin,31,team1,kill,70.02
Rogue+Priest_vs_Warlock+Paladin,Rogue+Priest,Warlock+Paladin,32,team1,kill,66.28
Rogue+Priest_vs_Warlock+Paladin,Rogue+Priest,Warlock+Paladin,33,team1,kill,71.05
Rogue+Priest_vs_Warlock+Paladin,Rogue+Priest,Warlock+Paladin,34,team1,kill,73.02
Rogue+Priest_vs_Warlock+Paladin,Rogue+Priest,Warlock+Paladin,35,team1,kill,62.85
Rogue+Priest_vs_Warlock+Paladin,Rogue+Priest,Warlock+Paladin,36,team1,kill,74.22
Rogue+Priest_vs_Warlock+Paladin,Rogue+Priest,Warlock+Paladin,37,team1,kill,73.82
Rogue+Priest_vs_Warlock+Paladin,Rogue+Priest,Warlock+Paladin,38,team1,kill,70.77
Rogue+Priest_vs_Warlock+Paladin,Rogue+Priest,Warlock+Paladin,39,team1,kill,70.72
Rogue+Priest_vs_Warlock+Paladin,Rogue+Priest,Warlock+Paladin,40,team1,kill,66.93
Rogue+Priest_vs_Warlock+Paladin,Rogue+Priest,Warlock+Paladin,41,team2,kill,67.07
Rogue+Priest_vs_Warlock+Paladin,Rogue+Priest,Warlock+Paladin,42,team1,kill,65.37
Rogue+Priest_vs_Warlock+Paladin,Rogue+Priest,Warlock+Paladin,43,team1,kill,67.77
Rogue+Priest_vs_Warlock+Paladin,Rogue+Priest,Warlock+Paladin,44,team1,kill,70.43
Rogue+Priest_vs_Warlock+Paladin,Rogue+Priest,Warlock+Paladin,45,team1,kill,64.52
Rogue+Priest_vs_Warlock+Paladin,Rogue+Priest,Warlock+Paladin,46,team1,kill,69.40
Rogue+Priest_vs_Warlock+Paladin,Rogue+Priest,Warlock+Paladin,47,team1,kill,68.48
Rogue+Priest_vs_Warlock+Paladin,Rogue+Priest,Warlock+Paladin,48,team1,kill,71.52
Rogue+Priest_vs_Warlock+Paladin,Rogue+Priest,Warlock+Paladin,49,team1,kill,73.47
Rogue+Priest_vs_Warlock+Paladin,Rogue+Priest,Warlock+Paladin,50,team1,kill,72.93
Rogue+Priest_vs_Warlock+Paladin,Rogue+Priest,Warlock+Paladin,51,team1,kill,64.83
Rogue+Priest_vs_Warlock+Paladin,Rogue+Priest,Warlock+Paladin,52,team1,kill,65.73
Rogue+Priest_vs_Warlock+Paladin,Rogue+Priest,Warlock+Paladin,53,team1,kill,61.18
Rogue+Priest_vs_Warlock+Paladin,Rogue+Priest,Warlock+Paladin,54,team1,kill,74.40
Rogue+Priest_vs_Warlock+Paladin,Rogue+Priest,Warlock+Paladin,55,team1,kill,69.07
Rogue+Priest_vs_Warlock+Paladin,Rogue+Priest,Warlock+Paladin,56,team1,kill,69.07
Rogue+Priest_vs_Warlock+Paladin,Rogue+Priest,Warlock+Paladin,57,team1,kill,71.95
Rogue+Priest_vs_Warlock+Paladin,Rogue+Priest,Warlock+Paladin,58,team1,kill,71.52
Rogue+Priest_vs_Warlock+Paladin,Rogue+Priest,Warlock+Paladin,59,team1,kill,71.90
Rogue+Priest_vs_Warlock+Paladin,Rogue+Priest,Warlock+Paladin,60,team1,kill,63.63
Rogue+Priest_vs_Warlock+Paladin,Rogue+Priest,Warlock+Paladin,61,team1,kill,67.15
Rogue+Priest_vs_Warlock+Paladin,Rogue+Priest,Warlock+Paladin,62,team1,kill,64.37
Rogue+Priest_vs_Warlock+Paladin,Rogue+Priest,Warlock+Paladin,63,team1,kill,65.70
Rogue+Priest_vs_Warlock+Paladin,Rogue+Priest,Warlock+Paladin,64,team1,kill,62.37
Rogue+Priest_vs_Warlock+Paladin,Rogue+Priest,Warlock+Paladin,65,team1,kill,64.37
Rogue+Priest_vs_Warlock+Paladin,Rogue+Priest,Warlock+Paladin,66,team1,kill,70.40
Rogue+Priest_vs_Warlock+Paladin,Rogue+Priest,Warlock+Paladin,67,team1,kill,66.83
Rogue+Priest_vs_Warlock+Paladin,Rogue+Priest,Warlock+Paladin,68,team1,kill,74.27
Rogue+Priest_vs_Warlock+Paladin,Rogue+Priest,Warlock+Paladin,69,team1,kill,65.35
Rogue+Priest_vs_Warlock+Paladin,Rogue+Priest,Warlock+Paladin,70,team1,kill,65.02
Rogue+Priest_vs_Warlock+Paladin,Rogue+Priest,Warlock+Paladin,71,team1,kill,68.43
Rogue+Priest_vs_Warlock+Paladin,Rogue+Priest,Warlock+Paladin,72,team1,kill,74.40
Rogue+Priest_vs_Warlock+Paladin,Rogue+Priest,Warlock+Paladin,73,team1,kill,65.98
Rogue+Priest_vs_Warlock+Paladin,Rogue+Priest,Warlock+Paladin,74,team1,kill,62.05
Rogue+Priest_vs_Warlock+Paladin,Rogue+Priest,Warlock+Paladin,75,team1,kill,63.33
Rogue+Priest_vs_Warlock+Paladin,Rogue+Priest,Warlock+Paladin,76,team1,kill,66.47
Rogue+Priest_vs_Warlock+Paladin,Rogue+Priest,Warlock+Paladin,77,team1,kill,67.57
Rogue+Priest_vs_Warlock+Paladin,Rogue+Priest,Warlock+Paladin,78,team1,kill,70.97
Rogue+Priest_vs_Warlock+Paladin,Rogue+Priest,Warlock+Paladin,79,team1,kill,71.33
Rogue+Priest_vs_Warlock+Paladin,Rogue+Priest,Warlock+Paladin,80,team1,kill,65.87
Rogue+Priest_vs_Warlock+Paladin,Rogue+Priest,Warlock+Paladin,81,team1,kill,67.77
Rogue+Priest_vs_Warlock+Paladin,Rogue+Priest,Warlock+Paladin,82,team1,kill,74.75
Rogue+Priest_vs_Warlock+Paladin,Rogue+Priest,Warlock+Paladin,83,team1,kill,71.83
Rogue+Priest_vs_Warlock+Paladin,Rogue+Priest,Warlock+Paladin,84,team1,kill,80.25
Rogue+Priest_vs_Warlock+Paladin,Rogue+Priest,Warlock+Paladin,85,team1,kill,65.02
Rogue+Priest_vs_Warlock+Paladin,Rogue+Priest,Warlock+Paladin,86,team1,kill,69.38
Rogue+Priest_vs_Warlock+Paladin,Rogue+Priest,Warlock+Paladin,87,team1,kill,65.87
Rogue+Priest_vs_Warlock+Paladin,Rogue+Priest,Warlock+Paladin,88,team1,kill,66.83
Rogue+Priest_vs_Warlock+Paladin,Rogue+Priest,Warlock+Paladin,89,team1,kill,70.00
Rogue+Priest_vs_Warlock+Paladin,Rogue+Priest,Warlock+Paladin,90,team1,kill,66.10
Rogue+Priest_vs_Warlock+Paladin,Rogue+Priest,Warlock+Paladin,91,team1,kill,72.00
Rogue+Priest_vs_Warlock+Paladin,Rogue+Priest,Warlock+Paladin,92,team1,kill,65.17
Rogue+Priest_vs_Warlock+Paladin,Rogue+Priest,Warlock+Paladin,93,team1,kill,69.77
Rogue+Priest_vs_Warlock+Paladin,Rogue+Priest,Warlock+Paladin,94,team1,kill,62.63
Rogue+Priest_vs_Warlock+Paladin,Rogue+Priest,Warlock+Paladin,95,team1,kill,64.40
Rogue+Priest_vs_Warlock+Paladin,Rogue+Priest,Warlock+Paladin,96,team1,kill,66.62
Rogue+Priest_vs_Warlock+Paladin,Rogue+Priest,Warlock+Paladin,97,team1,kill,72.08
Rogue+Priest_vs_Warlock+Paladin,Rogue+Priest,Warlock+Paladin,98,team1,kill,70.22
Rogue+Priest_vs_Warlock+Paladin,Rogue+Priest,Warlock+Paladin,99,team1,kill,68.95
Rogue+Priest_vs_Warlock+Hunter,Rogue+Priest,Warlock+Hunter,0,team1,kill,44.17
Rogue+Priest_vs_Warlock+Hunter,Rogue+Priest,Warlock+Hunter,1,team1,kill,36.87
Rogue+Priest_vs_Warlock+Hunter,Rogue+Priest,Warlock+Hunter,2,team1,kill,34.30
Rogue+Priest_vs_Warlock+Hunter,Rogue+Priest,Warlock+Hunter,3,team1,kill,35.73
Rogue+Priest_vs_Warlock+Hunter,Rogue+Priest,Warlock+Hunter,4,team1,kill,57.17
Rogue+Priest_vs_Warlock+Hunter,Rogue+Priest,Warlock+Hunter,5,team1,kill,42.70
Rogue+Priest_vs_Warlock+Hunter,Rogue+Priest,Warlock+Hunter,6,team1,kill,46.53
Rogue+Priest_vs_Warlock+Hunter,Rogue+Priest,Warlock+Hunter,7,team1,kill,36.55
Rogue+Priest_vs_Warlock+Hunter,Rogue+Priest,Warlock+Hunter,8,team1,kill,40.55
Rogue+Priest_vs_Warlock+Hunter,Rogue+Priest,Warlock+Hunter,9,team1,kill,48.52
Rogue+Priest_vs_Warlock+Hunter,Rogue+Priest,Warlock+Hunter,10,team1,kill,39.52
Rogue+Priest_vs_Warlock+Hunter,Rogue+Priest,Warlock+Hunter,11,team1,kill,46.08
Rogue+Priest_vs_Warlock+Hunter,Rogue+Priest,Warlock+Hunter,12,team1,kill,47.83
Rogue+Priest_vs_Warlock+Hunter,Rogue+Priest,Warlock+Hunter,13,team1,kill,45.72
Rogue+Priest_vs_Warlock+Hunter,Rogue+Priest,Warlock+Hunter,14,team1,kill,43.87
Rogue+Priest_vs_Warlock+Hunter,Rogue+Priest,Warlock+Hunter,15,team1,kill,34.10
Rogue+Priest_vs_Warlock+Hunter,Rogue+Priest,Warlock+Hunter,16,team1,kill,33.87
Rogue+Priest_vs_Warlock+Hunter,Rogue+Priest,Warlock+Hunter,17,team1,kill,47.15
Rogue+Priest_vs_Warlock+Hunter,Rogue+Priest,Warlock+Hunter,18,team1,kill,49.07
Rogue+Priest_vs_Warlock+Hunter,Rogue+Priest,Warlock+Hunter,19,team1,kill,31.47
Rogue+Priest_vs_Warlock+Hunter,Rogue+Priest,Warlock+Hunter,20,team1,kill,48.82
Rogue+Priest_vs_Warlock+Hunter,Rogue+Priest,Warlock+Hunter,21,team1,kill,69.47
Rogue+Priest_vs_Warlock+Hunter,Rogue+Priest,Warlock+Hunter,22,team1,kill,41.88
Rogue+Priest_vs_Warlock+Hunter,Rogue+Priest,Warlock+Hunter,23,team1,kill,43.78
Rogue+Priest_vs_Warlock+Hunter,Rogue+Priest,Warlock+Hunter,24,team1,kill,30.95
Rogue+Priest_vs_Warlock+Hunter,Rogue+Priest,Warlock+Hunter,25,team1,kill,43.33
Rogue+Priest_vs_Warlock+Hunter,Rogue+Priest,Warlock+Hunter,26,team1,kill,42.87
Rogue+Priest_vs_Warlock+Hunter,Rogue+Priest,Warlock+Hunter,27,team1,kill,46.97
Rogue+Priest_vs_Warlock+Hunter,Rogue+Priest,Warlock+Hunter,28,team1,kill,44.35
Rogue+Priest_vs_Warlock+Hunter,Rogue+Priest,Warlock+Hunter,29,team1,kill,47.97
Rogue+Priest_vs_Warlock+Hunter,Rogue+Priest,Warlock+Hunter,30,team1,kill,46.38
Rogue+Priest_vs_Warlock+Hunter,Rogue+Priest,Warlock+Hunter,31,team1,kill,32.28
Rogue+Priest_vs_Warlock+Hunter,Rogue+Priest,Warlock+Hunter,32,team1,kill,31.90
Rogue+Priest_vs_Warlock+Hunter,Rogue+Priest,Warlock+Hunter,33,team1,kill,68.02
Rogue+Priest_vs_Warlock+Hunter,Rogue+Priest,Warlock+Hunter,34,team1,kill,34.37
Rogue+Priest_vs_Warlock+Hunter,Rogue+Priest,Warlock+Hunter,35,team1,kill,35.57
Rogue+Priest_vs_Warlock+Hunter,Rogue+Priest,Warlock+Hunter,36,team1,kill,32.73
Rogue+Priest_vs_Warlock+Hunter,Rogue+Priest,Warlock+Hunter,37,team1,kill,33.62
Rogue+Priest_vs_Warlock+Hunter,Rogue+Priest,Warlock+Hunter,38,team1,kill,37.07
Rogue+Priest_vs_Warlock+Hunter,Rogue+Priest,Warlock+Hunter,39,team1,kill,48.72
Rogue+Priest_vs_Warlock+Hunter,Rogue+Priest,Warlock+Hunter,40,team1,kill,44.90
Rogue+Priest_vs_Warlock+Hunter,Rogue+Priest,Warlock+Hunter,41,team1,kill,45.43
Rogue+Priest_vs_Warlock+Hunter,Rogue+Priest,Warlock+Hunter,42,team1,kill,44.10
Rogue+Priest_vs_Warlock+Hunter,Rogue+Priest,Warlock+Hunter,43,team1,kill,36.28
Rogue+Priest_vs_Warlock+Hunter,Rogue+Priest,Warlock+Hunter,44,team1,kill,39.37
Rogue+Priest_vs_Warlock+Hunter,Rogue+Priest,Warlock+Hunter,45,team1,kill,36.53
Rogue+Priest_vs_Warlock+Hunter,Rogue+Priest,Warlock+Hunter,46,team1,kill,38.80
Rogue+Priest_vs_Warlock+Hunter,Rogue+Priest,Warlock+Hunter,47,team1,kill,66.93
Rogue+Priest_vs_Warlock+Hunter,Rogue+Priest,Warlock+Hunter,48,team1,kill,36.23
Rogue+Priest_vs_Warlock+Hunter,Rogue+Priest,Warlock+Hunter,49,team1,kill,45.32
Rogue+Priest_vs_Warlock+Hunter,Rogue+Priest,Warlock+Hunter,50,team1,kill,47.78
Rogue+Priest_vs_Warlock+Hunter,Rogue+Priest,Warlock+Hunter,51,team1,kill,31.85
Rogue+Priest_vs_Warlock+Hunter,Rogue+Priest,Warlock+Hunter,52,team1,kill,51.83
Rogue+Priest_vs_Warlock+Hunter,Rogue+Priest,Warlock+Hunter,53,team2,kill,74.03
Rogue+Priest_vs_Warlock+Hunter,Rogue+Priest,Warlock+Hunter,54,team1,kill,39.05
Rogue+Priest_vs_Warlock+Hunter,Rogue+Priest,Warlock+Hunter,55,team1,kill,40.37
Rogue+Priest_vs_Warlock+Hunter,Rogue+Priest,Warlock+Hunter,56,team1,kill,41.32
Rogue+Priest_vs_Warlock+Hunter,Rogue+Priest,Warlock+Hunter,57,team1,kill,30.55
Rogue+Priest_vs_Warlock+Hunter,Rogue+Priest,Warlock+Hunter,58,team1,kill,69.00
Rogue+Priest_vs_Warlock+Hunter,Rogue+Priest,Warlock+Hunter,59,team1,kill,48.65
Rogue+Priest_vs_Warlock+Hunter,Rogue+Priest,Warlock+Hunter,60,team1,kill,69.82
Rogue+Priest_vs_Warlock+Hunter,Rogue+Priest,Warlock+Hunter,61,team1,kill,32.93
Rogue+Priest_vs_Warlock+Hunter,Rogue+Priest,Warlock+Hunter,62,team1,kill,46.02
Rogue+Priest_vs_Warlock+Hunter,Rogue+Priest,Warlock+Hunter,63,team1,kill,49.12
Rogue+Priest_vs_Warlock+Hunter,Rogue+Priest,Warlock+Hunter,64,team1,kill,44.38
Rogue+Priest_vs_Warlock+Hunter,Rogue+Priest,Warlock+Hunter,65,team1,kill,32.97
Rogue+Priest_vs_Warlock+Hunter,Rogue+Priest,Warlock+Hunter,66,team1,kill,48.93
Rogue+Priest_vs_Warlock+Hunter,Rogue+Priest,Warlock+Hunter,67,team1,kill,30.93
Rogue+Priest_vs_Warlock+Hunter,Rogue+Priest,Warlock+Hunter,68,team1,kill,36.30
Rogue+Priest_vs_Warlock+Hunter,Rogue+Priest,Warlock+Hunter,69,team1,kill,50.22
Rogue+Priest_vs_Warlock+Hunter,Rogue+Priest,Warlock+Hunter,70,team1,kill,34.02
Rogue+Priest_vs_Warlock+Hunter,Rogue+Priest,Warlock+Hunter,71,team1,kill,64.70
Rogue+Priest_vs_Warlock+Hunter,Rogue+Priest,Warlock+Hunter,72,team1,kill,35.12
Rogue+Priest_vs_Warlock+Hunter,Rogue+Priest,Warlock+Hunter,73,team1,kill,39.10
Rogue+Priest_vs_Warlock+Hunter,Rogue+Priest,Warlock+Hunter,74,team1,kill,40.80
Rogue+Priest_vs_Warlock+Hunter,Rogue+Priest,Warlock+Hunter,75,team1,kill,53.03
Rogue+Priest_vs_Warlock+Hunter,Rogue+Priest,Warlock+Hunter,76,team1,kill,40.30
Rogue+Priest_vs_Warlock+Hunter,Rogue+Priest,Warlock+Hunter,77,team1,kill,43.37
Rogue+Priest_vs_Warlock+Hunter,Rogue+Priest,Warlock+Hunter,78,team1,kill,48.58
Rogue+Priest_vs_Warlock+Hunter,Rogue+Priest,Warlock+Hunter,79,team1,kill,46.15
Rogue+Priest_vs_Warlock+Hunter,Rogue+Priest,Warlock+Hunter,80,team1,kill,38.35
Rogue+Priest_vs_Warlock+Hunter,Rogue+Priest,Warlock+Hunter,81,team1,kill,46.18
Rogue+Priest_vs_Warlock+Hunter,Rogue+Priest,Warlock+Hunter,82,team1,kill,39.57
Rogue+Priest_vs_Warlock+Hunter,Rogue+Priest,Warlock+Hunter,83,team1,kill,47.70
Rogue+Priest_vs_Warlock+Hunter,Rogue+Priest,Warlock+Hunter,84,team1,kill,38.13
Rogue+Priest_vs_Warlock+Hunter,Rogue+Priest,Warlock+Hunter,85,team1,kill,31.42
Rogue+Priest_vs_Warlock+Hunter,Rogue+Priest,Warlock+Hunter,86,team1,kill,32.93
Rogue+Priest_vs_Warlock+Hunter,Rogue+Priest,Warlock+Hunter,87,team1,kill,47.83
Rogue+Priest_vs_Warlock+Hunter,Rogue+Priest,Warlock+Hunter,88,team1,kill,63.15
Rogue+Priest_vs_Warlock+Hunter,Rogue+Priest,Warlock+Hunter,89,team1,kill,36.97
Rogue+Priest_vs_Warlock+Hunter,Rogue+Priest,Warlock+Hunter,90,team1,kill,46.92
Rogue+Priest_vs_Warlock+Hunter,Rogue+Priest,Warlock+Hunter,91,team1,kill,32.12
Rogue+Priest_vs_Warlock+Hunter,Rogue+Priest,Warlock+Hunter,92,team1,kill,34.75
Rogue+Priest_vs_Warlock+Hunter,Rogue+Priest,Warlock+Hunter,93,team1,kill,39.02
Rogue+Priest_vs_Warlock+Hunter,Rogue+Priest,Warlock+Hunter,94,team1,kill,48.78
Rogue+Priest_vs_Warlock+Hunter,Rogue+Priest,Warlock+Hunter,95,team1,kill,32.65
Rogue+Priest_vs_Warlock+Hunter,Rogue+Priest,Warlock+Hunter,96,team1,kill,35.50
Rogue+Priest_vs_Warlock+Hunter,Rogue+Priest,Warlock+Hunter,97,team1,kill,34.42
Rogue+Priest_vs_Warlock+Hunter,Rogue+Priest,Warlock+Hunter,98,team1,kill,31.55
Rogue+Priest_vs_Warlock+Hunter,Rogue+Priest,Warlock+Hunter,99,team1,kill,45.17
Rogue+Priest_vs_Warlock+Shaman,Rogue+Priest,Warlock+Shaman,0,team1,kill,32.17
Rogue+Priest_vs_Warlock+Shaman,Rogue+Priest,Warlock+Shaman,1,team1,kill,30.92
Rogue+Priest_vs_Warlock+Shaman,Rogue+Priest,Warlock+Shaman,2,team1,kill,33.50
Rogue+Priest_vs_Warlock+Shaman,Rogue+Priest,Warlock+Shaman,3,team1,kill,45.75
Rogue+Priest_vs_Warlock+Shaman,Rogue+Priest,Warlock+Shaman,4,team1,kill,29.88
Rogue+Priest_vs_Warlock+Shaman,Rogue+Priest,Warlock+Shaman,5,team1,kill,46.38
Rogue+Priest_vs_Warlock+Shaman,Rogue+Priest,Warlock+Shaman,6,team1,kill,32.82
Rogue+Priest_vs_Warlock+Shaman,Rogue+Priest,Warlock+Shaman,7,team1,kill,46.05
Rogue+Priest_vs_Warlock+Shaman,Rogue+Priest,Warlock+Shaman,8,team1,kill,25.12
Rogue+Priest_vs_Warlock+Shaman,Rogue+Priest,Warlock+Shaman,9,team1,kill,47.93
Rogue+Priest_vs_Warlock+Shaman,Rogue+Priest,Warlock+Shaman,10,team1,kill,48.30
Rogue+Priest_vs_Warlock+Shaman,Rogue+Priest,Warlock+Shaman,11,team1,kill,40.62
Rogue+Priest_vs_Warlock+Shaman,Rogue+Priest,Warlock+Shaman,12,team1,kill,44.10
Rogue+Priest_vs_Warlock+Shaman,Rogue+Priest,Warlock+Shaman,13,team1,kill,28.85
Rogue+Priest_vs_Warlock+Shaman,Rogue+Priest,Warlock+Shaman,14,team1,kill,32.43
Rogue+Priest_vs_Warlock+Shaman,Rogue+Priest,Warlock+Shaman,15,team1,kill,41.35
Rogue+Priest_vs_Warlock+Shaman,Rogue+Priest,Warlock+Shaman,16,team1,kill,30.08
Rogue+Priest_vs_Warlock+Shaman,Rogue+Priest,Warlock+Shaman,17,team1,kill,31.00
Rogue+Priest_vs_Warlock+Shaman,Rogue+Priest,Warlock+Shaman,18,team1,kill,35.32
Rogue+Priest_vs_Warlock+Shaman,Rogue+Priest,Warlock+Shaman,19,team1,kill,51.15
Rogue+Priest_vs_Warlock+Shaman,Rogue+Priest,Warlock+Shaman,20,team1,kill,45.33
Rogue+Priest_vs_Warlock+Shaman,Rogue+Priest,Warlock+Shaman,21,team1,kill,31.55
Rogue+Priest_vs_Warlock+Shaman,Rogue+Priest,Warlock+Shaman,22,team1,kill,44.07
Rogue+Priest_vs_Warlock+Shaman,Rogue+Priest,Warlock+Shaman,23,team1,kill,41.47
Rogue+Priest_vs_Warlock+Shaman,Rogue+Priest,Warlock+Shaman,24,team1,kill,46.17
Rogue+Priest_vs_Warlock+Shaman,Rogue+Priest,Warlock+Shaman,25,team1,kill,31.80
Rogue+Priest_vs_Warlock+Shaman,Rogue+Priest,Warlock+Shaman,26,team1,kill,33.48
Rogue+Priest_vs_Warlock+Shaman,Rogue+Priest,Warlock+Shaman,27,team1,kill,31.82
Rogue+Priest_vs_Warlock+Shaman,Rogue+Priest,Warlock+Shaman,28,team1,kill,30.92
Rogue+Priest_vs_Warlock+Shaman,Rogue+Priest,Warlock+Shaman,29,team1,kill,45.40
Rogue+Priest_vs_Warlock+Shaman,Rogue+Priest,Warlock+Shaman,30,team1,kill,33.00
Rogue+Priest_vs_Warlock+Shaman,Rogue+Priest,Warlock+Shaman,31,team1,kill,41.45
Rogue+Priest_vs_Warlock+Shaman,Rogue+Priest,Warlock+Shaman,32,team1,kill,43.23
Rogue+Priest_vs_Warlock+Shaman,Rogue+Priest,Warlock+Shaman,33,team1,kill,32.88
Rogue+Priest_vs_Warlock+Shaman,Rogue+Priest,Warlock+Shaman,34,team1,kill,46.32
Rogue+Priest_vs_Warlock+Shaman,Rogue+Priest,Warlock+Shaman,35,team1,kill,34.03
Rogue+Priest_vs_Warlock+Shaman,Rogue+Priest,Warlock+Shaman,36,team1,kill,35.35
Rogue+Priest_vs_Warlock+Shaman,Rogue+Priest,Warlock+Shaman,37,team1,kill,48.30
Rogue+Priest_vs_Warlock+Shaman,Rogue+Priest,Warlock+Shaman,38,team1,kill,31.77
Rogue+Priest_vs_Warlock+Shaman,Rogue+Priest,Warlock+Shaman,39,team1,kill,47.97
Rogue+Priest_vs_Warlock+Shaman,Rogue+Priest,Warlock+Shaman,40,team1,kill,45.72
Rogue+Priest_vs_Warlock+Shaman,Rogue+Priest,Warlock+Shaman,41,team1,kill,32.72
Rogue+Priest_vs_Warlock+Shaman,Rogue+Priest,Warlock+Shaman,42,team1,kill,45.58
Rogue+Priest_vs_Warlock+Shaman,Rogue+Priest,Warlock+Shaman,43,team1,kill,42.92
Rogue+Priest_vs_Warlock+Shaman,Rogue+Priest,Warlock+Shaman,44,team1,kill,39.37
Rogue+Priest_vs_Warlock+Shaman,Rogue+Priest,Warlock+Shaman,45,team1,kill,34.53
Rogue+Priest_vs_Warlock+Shaman,Rogue+Priest,Warlock+Shaman,46,team1,kill,29.97
Rogue+Priest_vs_Warlock+Shaman,Rogue+Priest,Warlock+Shaman,47,team1,kill,39.60
Rogue+Priest_vs_Warlock+Shaman,Rogue+Priest,Warlock+Shaman,48,team1,kill,30.43
Rogue+Priest_vs_Warlock+Shaman,Rogue+Priest,Warlock+Shaman,49,team1,kill,41.45
Rogue+Priest_vs_Warlock+Shaman,Rogue+Priest,Warlock+Shaman,50,team1,kill,49.78
Rogue+Priest_vs_Warlock+Shaman,Rogue+Priest,Warlock+Shaman,51,team1,kill,48.27
Rogue+Priest_vs_Warlock+Shaman,Rogue+Priest,Warlock+Shaman,52,team1,kill,31.55
Rogue+Priest_vs_Warlock+Shaman,Rogue+Priest,Warlock+Shaman,53,team1,kill,46.30
Rogue+Priest_vs_Warlock+Shaman,Rogue+Priest,Warlock+Shaman,54,team1,kill,34.38
Rogue+Priest_vs_Warlock+Shaman,Rogue+Priest,Warlock+Shaman,55,team1,kill,46.38
Rogue+Priest_vs_Warlock+Shaman,Rogue+Priest,Warlock+Shaman,56,team1,kill,42.72
Rogue+Priest_vs_Warlock+Shaman,Rogue+Priest,Warlock+Shaman,57,team1,kill,37.57
Rogue+Priest_vs_Warlock+Shaman,Rogue+Priest,Warlock+Shaman,58,team1,kill,39.98
Rogue+Priest_vs_Warlock+Shaman,Rogue+Priest,Warlock+Shaman,59,team1,kill,42.72
Rogue+Priest_vs_Warlock+Shaman,Rogue+Priest,Warlock+Shaman,60,team1,kill,39.17
Rogue+Priest_vs_Warlock+Shaman,Rogue+Priest,Warlock+Shaman,61,team1,kill,44.18
Rogue+Priest_vs_Warlock+Shaman,Rogue+Priest,Warlock+Shaman,62,team1,kill,29.65
Rogue+Priest_vs_Warlock+Shaman,Rogue+Priest,Warlock+Shaman,63,team1,kill,46.52
Rogue+Priest_vs_Warlock+Shaman,Rogue+Priest,Warlock+Shaman,64,team1,kill,44.22
Rogue+Priest_vs_Warlock+Shaman,Rogue+Priest,Warlock+Shaman,65,team1,kill,46.50
Rogue+Priest_vs_Warlock+Shaman,Rogue+Priest,Warlock+Shaman,66,team1,kill,43.30
Rogue+Priest_vs_Warlock+Shaman,Rogue+Priest,Warlock+Shaman,67,team1,kill,32.65
Rogue+Priest_vs_Warlock+Shaman,Rogue+Priest,Warlock+Shaman,68,team1,kill,38.98
Rogue+Priest_vs_Warlock+Shaman,Rogue+Priest,Warlock+Shaman,69,team1,kill,51.45
Rogue+Priest_vs_Warlock+Shaman,Rogue+Priest,Warlock+Shaman,70,team1,kill,43.85
Rogue+Priest_vs_Warlock+Shaman,Rogue+Priest,Warlock+Shaman,71,team1,kill,36.22
Rogue+Priest_vs_Warlock+Shaman,Rogue+Priest,Warlock+Shaman,72,team1,kill,31.82
Rogue+Priest_vs_Warlock+Shaman,Rogue+Priest,Warlock+Shaman,73,team1,kill,47.63
Rogue+Priest_vs_Warlock+Shaman,Rogue+Priest,Warlock+Shaman,74,team1,kill,38.92
Rogue+Priest_vs_Warlock+Shaman,Rogue+Priest,Warlock+Shaman,75,team1,kill,35.13
Rogue+Priest_vs_Warlock+Shaman,Rogue+Priest,Warlock+Shaman,76,team1,kill,36.30
Rogue+Priest_vs_Warlock+Shaman,Rogue+Priest,Warlock+Shaman,77,team1,kill,42.97
Rogue+Priest_vs_Warlock+Shaman,Rogue+Priest,Warlock+Shaman,78,team1,kill,43.37
Rogue+Priest_vs_Warlock+Shaman,Rogue+Priest,Warlock+Shaman,79,team1,kill,45.93
Rogue+Priest_vs_Warlock+Shaman,Rogue+Priest,Warlock+Shaman,80,team1,kill,29.88
Rogue+Priest_vs_Warlock+Shaman,Rogue+Priest,Warlock+Shaman,81,team1,kill,21.12
Rogue+Priest_vs_Warlock+Shaman,Rogue+Priest,Warlock+Shaman,82,team1,kill,33.53
Rogue+Priest_vs_Warlock+Shaman,Rogue+Priest,Warlock+Shaman,83,team1,kill,32.95
Rogue+Priest_vs_Warlock+Shaman,Rogue+Priest,Warlock+Shaman,84,team1,kill,40.55
Rogue+Priest_vs_Warlock+Shaman,Rogue+Priest,Warlock+Shaman,85,team1,kill,48.23
Rogue+Priest_vs_Warlock+Shaman,Rogue+Priest,Warlock+Shaman,86,team1,kill,40.43
Rogue+Priest_vs_Warlock+Shaman,Rogue+Priest,Warlock+Shaman,87,team1,kill,47.83
Rogue+Priest_vs_Warlock+Shaman,Rogue+Priest,Warlock+Shaman,88,team1,kill,32.13
Rogue+Priest_vs_Warlock+Shaman,Rogue+Priest,Warlock+Shaman,89,team1,kill,36.75
Rogue+Priest_vs_Warlock+Shaman,Rogue+Priest,Warlock+Shaman,90,team1,kill,41.45
Rogue+Priest_vs_Warlock+Shaman,Rogue+Priest,Warlock+Shaman,91,team1,kill,37.95
Rogue+Priest_vs_Warlock+Shaman,Rogue+Priest,Warlock+Shaman,92,team1,kill,32.45
Rogue+Priest_vs_Warlock+Shaman,Rogue+Priest,Warlock+Shaman,93,team1,kill,33.43
Rogue+Priest_vs_Warlock+Shaman,Rogue+Priest,Warlock+Shaman,94,team1,kill,30.00
Rogue+Priest_vs_Warlock+Shaman,Rogue+Priest,Warlock+Shaman,95,team1,kill,45.33
Rogue+Priest_vs_Warlock+Shaman,Rogue+Priest,Warlock+Shaman,96,team1,kill,33.43
Rogue+Priest_vs_Warlock+Shaman,Rogue+Priest,Warlock+Shaman,97,team1,kill,43.53
Rogue+Priest_vs_Warlock+Shaman,Rogue+Priest,Warlock+Shaman,98,team1,kill,46.87
Rogue+Priest_vs_Warlock+Shaman,Rogue+Priest,Warlock+Shaman,99,team1,kill,35.12
Rogue+Priest_vs_Paladin+Hunter,Rogue+Priest,Paladin+Hunter,0,team1,kill,94.59
Rogue+Priest_vs_Paladin+Hunter,Rogue+Priest,Paladin+Hunter,1,team1,kill,106.16
Rogue+Priest_vs_Paladin+Hunter,Rogue+Priest,Paladin+Hunter,2,team1,kill,101.06
Rogue+Priest_vs_Paladin+Hunter,Rogue+Priest,Paladin+Hunter,3,team1,kill,73.73
Rogue+Priest_vs_Paladin+Hunter,Rogue+Priest,Paladin+Hunter,4,team2,kill,74.45
Rogue+Priest_vs_Paladin+Hunter,Rogue+Priest,Paladin+Hunter,5,team1,kill,84.94
Rogue+Priest_vs_Paladin+Hunter,Rogue+Priest,Paladin+Hunter,6,team2,kill,77.14
Rogue+Priest_vs_Paladin+Hunter,Rogue+Priest,Paladin+Hunter,7,team2,kill,59.45
Rogue+Priest_vs_Paladin+Hunter,Rogue+Priest,Paladin+Hunter,8,team2,kill,56.93
Rogue+Priest_vs_Paladin+Hunter,Rogue+Priest,Paladin+Hunter,9,team1,kill,108.28
Rogue+Priest_vs_Paladin+Hunter,Rogue+Priest,Paladin+Hunter,10,team1,kill,96.37
Rogue+Priest_vs_Paladin+Hunter,Rogue+Priest,Paladin+Hunter,11,team1,kill,91.15
Rogue+Priest_vs_Paladin+Hunter,Rogue+Priest,Paladin+Hunter,12,team2,kill,110.81
Rogue+Priest_vs_Paladin+Hunter,Rogue+Priest,Paladin+Hunter,13,team2,kill,95.31
Rogue+Priest_vs_Paladin+Hunter,Rogue+Priest,Paladin+Hunter,14,team2,kill,77.95
Rogue+Priest_vs_Paladin+Hunter,Rogue+Priest,Paladin+Hunter,15,team1,kill,104.54
Rogue+Priest_vs_Paladin+Hunter,Rogue+Priest,Paladin+Hunter,16,team2,kill,72.63
Rogue+Priest_vs_Paladin+Hunter,Rogue+Priest,Paladin+Hunter,17,team1,kill,106.94
Rogue+Priest_vs_Paladin+Hunter,Rogue+Priest,Paladin+Hunter,18,team1,kill,105.57
Rogue+Priest_vs_Paladin+Hunter,Rogue+Priest,Paladin+Hunter,19,team2,kill,82.92
Rogue+Priest_vs_Paladin+Hunter,Rogue+Priest,Paladin+Hunter,20,team1,kill,96.29
Rogue+Priest_vs_Paladin+Hunter,Rogue+Priest,Paladin+Hunter,21,team2,kill,55.92
Rogue+Priest_vs_Paladin+Hunter,Rogue+Priest,Paladin+Hunter,22,team2,kill,75.30
Rogue+Priest_vs_Paladin+Hunter,Rogue+Priest,Paladin+Hunter,23,team2,kill,105.69
Rogue+Priest_vs_Paladin+Hunter,Rogue+Priest,Paladin+Hunter,24,team2,kill,78.89
Rogue+Priest_vs_Paladin+Hunter,Rogue+Priest,Paladin+Hunter,25,team1,kill,86.59
Rogue+Priest_vs_Paladin+Hunter,Rogue+Priest,Paladin+Hunter,26,team2,kill,81.15
Rogue+Priest_vs_Paladin+Hunter,Rogue+Priest,Paladin+Hunter,27,team2,kill,72.32
Rogue+Priest_vs_Paladin+Hunter,Rogue+Priest,Paladin+Hunter,28,team2,kill,55.92
Rogue+Priest_vs_Paladin+Hunter,Rogue+Priest,Paladin+Hunter,29,team2,kill,55.92
Rogue+Priest_vs_Paladin+Hunter,Rogue+Priest,Paladin+Hunter,30,team2,kill,74.58
Rogue+Priest_vs_Paladin+Hunter,Rogue+Priest,Paladin+Hunter,31,team1,kill,104.96
Rogue+Priest_vs_Paladin+Hunter,Rogue+Priest,Paladin+Hunter,32,team1,kill,76.22
Rogue+Priest_vs_Paladin+Hunter,Rogue+Priest,Paladin+Hunter,33,team1,kill,90.64
Rogue+Priest_vs_Paladin+Hunter,Rogue+Priest,Paladin+Hunter,34,team1,kill,83.82
Rogue+Priest_vs_Paladin+Hunter,Rogue+Priest,Paladin+Hunter,35,team2,kill,74.88
Rogue+Priest_vs_Paladin+Hunter,Rogue+Priest,Paladin+Hunter,36,team2,kill,71.82
Rogue+Priest_vs_Paladin+Hunter,Rogue+Priest,Paladin+Hunter,37,team2,kill,67.07
Rogue+Priest_vs_Paladin+Hunter,Rogue+Priest,Paladin+Hunter,38,team2,kill,55.92
Rogue+Priest_vs_Paladin+Hunter,Rogue+Priest,Paladin+Hunter,39,team2,kill,88.45
Rogue+Priest_vs_Paladin+Hunter,Rogue+Priest,Paladin+Hunter,40,team1,kill,96.81
Rogue+Priest_vs_Paladin+Hunter,Rogue+Priest,Paladin+Hunter,41,team2,kill,94.76
Rogue+Priest_vs_Paladin+Hunter,Rogue+Priest,Paladin+Hunter,42,team2,kill,84.29
Rogue+Priest_vs_Paladin+Hunter,Rogue+Priest,Paladin+Hunter,43,team1,kill,108.16
Rogue+Priest_vs_Paladin+Hunter,Rogue+Priest,Paladin+Hunter,44,team1,kill,73.80
Rogue+Priest_vs_Paladin+Hunter,Rogue+Priest,Paladin+Hunter,45,team2,kill,93.91
Rogue+Priest_vs_Paladin+Hunter,Rogue+Priest,Paladin+Hunter,46,team2,kill,54.47
Rogue+Priest_vs_Paladin+Hunter,Rogue+Priest,Paladin+Hunter,47,team1,kill,90.92
Rogue+Priest_vs_Paladin+Hunter,Rogue+Priest,Paladin+Hunter,48,team1,kill,102.39
Rogue+Priest_vs_Paladin+Hunter,Rogue+Priest,Paladin+Hunter,49,team2,kill,83.62
Rogue+Priest_vs_Paladin+Hunter,Rogue+Priest,Paladin+Hunter,50,team2,kill,56.97
Rogue+Priest_vs_Paladin+Hunter,Rogue+Priest,Paladin+Hunter,51,team1,kill,95.09
Rogue+Priest_vs_Paladin+Hunter,Rogue+Priest,Paladin+Hunter,52,team2,kill,67.27
Rogue+Priest_vs_Paladin+Hunter,Rogue+Priest,Paladin+Hunter,53,team2,kill,69.72
Rogue+Priest_vs_Paladin+Hunter,Rogue+Priest,Paladin+Hunter,54,team2,kill,69.63
Rogue+Priest_vs_Paladin+Hunter,Rogue+Priest,Paladin+Hunter,55,team2,kill,63.82
Rogue+Priest_vs_Paladin+Hunter,Rogue+Priest,Paladin+Hunter,56,team2,kill,58.63
Rogue+Priest_vs_Paladin+Hunter,Rogue+Priest,Paladin+Hunter,57,team2,kill,55.92
Rogue+Priest_vs_Paladin+Hunter,Rogue+Priest,Paladin+Hunter,58,team2,kill,86.19
Rogue+Priest_vs_Paladin+Hunter,Rogue+Priest,Paladin+Hunter,59,team2,kill,67.97
Rogue+Priest_vs_Paladin+Hunter,Rogue+Priest,Paladin+Hunter,60,team1,kill,79.37
Rogue+Priest_vs_Paladin+Hunter,Rogue+Priest,Paladin+Hunter,61,team1,kill,83.02
Rogue+Priest_vs_Paladin+Hunter,Rogue+Priest,Paladin+Hunter,62,team1,kill,75.05
Rogue+Priest_vs_Paladin+Hunter,Rogue+Priest,Paladin+Hunter,63,team2,kill,55.53
Rogue+Priest_vs_Paladin+Hunter,Rogue+Priest,Paladin+Hunter,64,team2,kill,60.00
Rogue+Priest_vs_Paladin+Hunter,Rogue+Priest,Paladin+Hunter,65,team1,kill,72.12
Rogue+Priest_vs_Paladin+Hunter,Rogue+Priest,Paladin+Hunter,66,team2,kill,78.80
Rogue+Priest_vs_Paladin+Hunter,Rogue+Priest,Paladin+Hunter,67,team1,kill,107.36
Rogue+Priest_vs_Paladin+Hunter,Rogue+Priest,Paladin+Hunter,68,team2,kill,92.72
Rogue+Priest_vs_Paladin+Hunter,Rogue+Priest,Paladin+Hunter,69,team2,kill,57.60
Rogue+Priest_vs_Paladin+Hunter,Rogue+Priest,Paladin+Hunter,70,team2,kill,77.12
Rogue+Priest_vs_Paladin+Hunter,Rogue+Priest,Paladin+Hunter,71,team1,kill,102.72
Rogue+Priest_vs_Paladin+Hunter,Rogue+Priest,Paladin+Hunter,72,team1,kill,71.45
Rogue+Priest_vs_Paladin+Hunter,Rogue+Priest,Paladin+Hunter,73,team2,kill,84.99
Rogue+Priest_vs_Paladin+Hunter,Rogue+Priest,Paladin+Hunter,74,team2,kill,66.70
Rogue+Priest_vs_Paladin+Hunter,Rogue+Priest,Paladin+Hunter,75,team2,kill,72.12
Rogue+Priest_vs_Paladin+Hunter,Rogue+Priest,Paladin+Hunter,76,team2,kill,93.34
Rogue+Priest_vs_Paladin+Hunter,Rogue+Priest,Paladin+Hunter,77,team1,kill,84.87
Rogue+Priest_vs_Paladin+Hunter,Rogue+Priest,Paladin+Hunter,78,team1,kill,90.87
Rogue+Priest_vs_Paladin+Hunter,Rogue+Priest,Paladin+Hunter,79,team2,kill,78.80
Rogue+Priest_vs_Paladin+Hunter,Rogue+Priest,Paladin+Hunter,80,team2,kill,76.67
Rogue+Priest_vs_Paladin+Hunter,Rogue+Priest,Paladin+Hunter,81,team2,kill,84.39
Rogue+Priest_vs_Paladin+Hunter,Rogue+Priest,Paladin+Hunter,82,team1,kill,85.87
Rogue+Priest_vs_Paladin+Hunter,Rogue+Priest,Paladin+Hunter,83,team2,kill,76.82
Rogue+Priest_vs_Paladin+Hunter,Rogue+Priest,Paladin+Hunter,84,team1,kill,87.45
Rogue+Priest_vs_Paladin+Hunter,Rogue+Priest,Paladin+Hunter,85,team2,kill,76.95
Rogue+Priest_vs_Paladin+Hunter,Rogue+Priest,Paladin+Hunter,86,team2,kill,85.27
Rogue+Priest_vs_Paladin+Hunter,Rogue+Priest,Paladin+Hunter,87,team1,kill,96.39
Rogue+Priest_vs_Paladin+Hunter,Rogue+Priest,Paladin+Hunter,88,team2,kill,78.52
Rogue+Priest_vs_Paladin+Hunter,Rogue+Priest,Paladin+Hunter,89,team1,kill,72.02
Rogue+Priest_vs_Paladin+Hunter,Rogue+Priest,Paladin+Hunter,90,team2,kill,89.82
Rogue+Priest_vs_Paladin+Hunter,Rogue+Priest,Paladin+Hunter,91,team1,kill,101.21
Rogue+Priest_vs_Paladin+Hunter,Rogue+Priest,Paladin+Hunter,92,team2,kill,72.73
Rogue+Priest_vs_Paladin+Hunter,Rogue+Priest,Paladin+Hunter,93,team2,kill,76.44
Rogue+Priest_vs_Paladin+Hunter,Rogue+Priest,Paladin+Hunter,94,team1,kill,86.29
Rogue+Priest_vs_Paladin+Hunter,Rogue+Priest,Paladin+Hunter,95,team2,kill,62.47
Rogue+Priest_vs_Paladin+Hunter,Rogue+Priest,Paladin+Hunter,96,team2,kill,75.30
Rogue+Priest_vs_Paladin+Hunter,Rogue+Priest,Paladin+Hunter,97,team1,kill,79.84
Rogue+Priest_vs_Paladin+Hunter,Rogue+Priest,Paladin+Hunter,98,team2,kill,68.87
Rogue+Priest_vs_Paladin+Hunter,Rogue+Priest,Paladin+Hunter,99,team2,kill,77.54
Rogue+Priest_vs_Hunter+Shaman,Rogue+Priest,Hunter+Shaman,0,team1,kill,52.80
Rogue+Priest_vs_Hunter+Shaman,Rogue+Priest,Hunter+Shaman,1,team1,kill,46.03
Rogue+Priest_vs_Hunter+Shaman,Rogue+Priest,Hunter+Shaman,2,team1,kill,54.68
Rogue+Priest_vs_Hunter+Shaman,Rogue+Priest,Hunter+Shaman,3,team1,kill,48.68
Rogue+Priest_vs_Hunter+Shaman,Rogue+Priest,Hunter+Shaman,4,team1,kill,39.50
Rogue+Priest_vs_Hunter+Shaman,Rogue+Priest,Hunter+Shaman,5,team1,kill,59.92
Rogue+Priest_vs_Hunter+Shaman,Rogue+Priest,Hunter+Shaman,6,team1,kill,69.52
Rogue+Priest_vs_Hunter+Shaman,Rogue+Priest,Hunter+Shaman,7,team1,kill,56.35
Rogue+Priest_vs_Hunter+Shaman,Rogue+Priest,Hunter+Shaman,8,team1,kill,50.30
Rogue+Priest_vs_Hunter+Shaman,Rogue+Priest,Hunter+Shaman,9,team1,kill,51.32
Rogue+Priest_vs_Hunter+Shaman,Rogue+Priest,Hunter+Shaman,10,team1,kill,53.40
Rogue+Priest_vs_Hunter+Shaman,Rogue+Priest,Hunter+Shaman,11,team1,kill,44.93
Rogue+Priest_vs_Hunter+Shaman,Rogue+Priest,Hunter+Shaman,12,team1,kill,54.97
Rogue+Priest_vs_Hunter+Shaman,Rogue+Priest,Hunter+Shaman,13,team1,kill,54.47
Rogue+Priest_vs_Hunter+Shaman,Rogue+Priest,Hunter+Shaman,14,team1,kill,51.55
Rogue+Priest_vs_Hunter+Shaman,Rogue+Priest,Hunter+Shaman,15,team1,kill,44.53
Rogue+Priest_vs_Hunter+Shaman,Rogue+Priest,Hunter+Shaman,16,team1,kill,52.25
Rogue+Priest_vs_Hunter+Shaman,Rogue+Priest,Hunter+Shaman,17,team1,kill,53.28
Rogue+Priest_vs_Hunter+Shaman,Rogue+Priest,Hunter+Shaman,18,team1,kill,54.78
Rogue+Priest_vs_Hunter+Shaman,Rogue+Priest,Hunter+Shaman,19,team1,kill,48.03
Rogue+Priest_vs_Hunter+Shaman,Rogue+Priest,Hunter+Shaman,20,team1,kill,44.78
Rogue+Priest_vs_Hunter+Shaman,Rogue+Priest,Hunter+Shaman,21,team1,kill,55.57
Rogue+Priest_vs_Hunter+Shaman,Rogue+Priest,Hunter+Shaman,22,team1,kill,53.93
Rogue+Priest_vs_Hunter+Shaman,Rogue+Priest,Hunter+Shaman,23,team1,kill,48.30
Rogue+Priest_vs_Hunter+Shaman,Rogue+Priest,Hunter+Shaman,24,team1,kill,52.67
Rogue+Priest_vs_Hunter+Shaman,Rogue+Priest,Hunter+Shaman,25,team1,kill,46.60
Rogue+Priest_vs_Hunter+Shaman,Rogue+Priest,Hunter+Shaman,26,team1,kill,48.03
Rogue+Priest_vs_Hunter+Shaman,Rogue+Priest,Hunter+Shaman,27,team1,kill,51.87
Rogue+Priest_vs_Hunter+Shaman,Rogue+Priest,Hunter+Shaman,28,team1,kill,46.03
Rogue+Priest_vs_Hunter+Shaman,Rogue+Priest,Hunter+Shaman,29,team1,kill,44.65
Rogue+Priest_vs_Hunter+Shaman,Rogue+Priest,Hunter+Shaman,30,team1,kill,45.58
Rogue+Priest_vs_Hunter+Shaman,Rogue+Priest,Hunter+Shaman,31,team1,kill,46.03
Rogue+Priest_vs_Hunter+Shaman,Rogue+Priest,Hunter+Shaman,32,team1,kill,53.08
Rogue+Priest_vs_Hunter+Shaman,Rogue+Priest,Hunter+Shaman,33,team1,kill,51.95
Rogue+Priest_vs_Hunter+Shaman,Rogue+Priest,Hunter+Shaman,34,team1,kill,52.82
Rogue+Priest_vs_Hunter+Shaman,Rogue+Priest,Hunter+Shaman,35,team1,kill,66.93
Rogue+Priest_vs_Hunter+Shaman,Rogue+Priest,Hunter+Shaman,36,team1,kill,57.88
Rogue+Priest_vs_Hunter+Shaman,Rogue+Priest,Hunter+Shaman,37,team1,kill,43.28
Rogue+Priest_vs_Hunter+Shaman,Rogue+Priest,Hunter+Shaman,38,team1,kill,58.57
Rogue+Priest_vs_Hunter+Shaman,Rogue+Priest,Hunter+Shaman,39,team1,kill,48.03
Rogue+Priest_vs_Hunter+Shaman,Rogue+Priest,Hunter+Shaman,40,team1,kill,46.10
Rogue+Priest_vs_Hunter+Shaman,Rogue+Priest,Hunter+Shaman,41,team1,kill,52.28
Rogue+Priest_vs_Hunter+Shaman,Rogue+Priest,Hunter+Shaman,42,team1,kill,46.03
Rogue+Priest_vs_Hunter+Shaman,Rogue+Priest,Hunter+Shaman,43,team1,kill,54.50
Rogue+Priest_vs_Hunter+Shaman,Rogue+Priest,Hunter+Shaman,44,team1,kill,45.92
Rogue+Priest_vs_Hunter+Shaman,Rogue+Priest,Hunter+Shaman,45,team1,kill,45.58
Rogue+Priest_vs_Hunter+Shaman,Rogue+Priest,Hunter+Shaman,46,team1,kill,45.95
Rogue+Priest_vs_Hunter+Shaman,Rogue+Priest,Hunter+Shaman,47,team1,kill,50.03
Rogue+Priest_vs_Hunter+Shaman,Rogue+Priest,Hunter+Shaman,48,team1,kill,68.82
Rogue+Priest_vs_Hunter+Shaman,Rogue+Priest,Hunter+Shaman,49,team1,kill,55.82
Rogue+Priest_vs_Hunter+Shaman,Rogue+Priest,Hunter+Shaman,50,team1,kill,55.28
Rogue+Priest_vs_Hunter+Shaman,Rogue+Priest,Hunter+Shaman,51,team1,kill,52.02
Rogue+Priest_vs_Hunter+Shaman,Rogue+Priest,Hunter+Shaman,52,team1,kill,44.37
Rogue+Priest_vs_Hunter+Shaman,Rogue+Priest,Hunter+Shaman,53,team1,kill,52.42
Rogue+Priest_vs_Hunter+Shaman,Rogue+Priest,Hunter+Shaman,54,team1,kill,54.95
Rogue+Priest_vs_Hunter+Shaman,Rogue+Priest,Hunter+Shaman,55,team1,kill,52.47
Rogue+Priest_vs_Hunter+Shaman,Rogue+Priest,Hunter+Shaman,56,team1,kill,48.53
Rogue+Priest_vs_Hunter+Shaman,Rogue+Priest,Hunter+Shaman,57,team1,kill,50.27
Rogue+Priest_vs_Hunter+Shaman,Rogue+Priest,Hunter+Shaman,58,team1,kill,53.37
Rogue+Priest_vs_Hunter+Shaman,Rogue+Priest,Hunter+Shaman,59,team1,kill,52.28
Rogue+Priest_vs_Hunter+Shaman,Rogue+Priest,Hunter+Shaman,60,team1,kill,52.53
Rogue+Priest_vs_Hunter+Shaman,Rogue+Priest,Hunter+Shaman,61,team1,kill,45.80
Rogue+Priest_vs_Hunter+Shaman,Rogue+Priest,Hunter+Shaman,62,team1,kill,49.48
Rogue+Priest_vs_Hunter+Shaman,Rogue+Priest,Hunter+Shaman,63,team1,kill,50.55
Rogue+Priest_vs_Hunter+Shaman,Rogue+Priest,Hunter+Shaman,64,team1,kill,53.12
Rogue+Priest_vs_Hunter+Shaman,Rogue+Priest,Hunter+Shaman,65,team1,kill,55.22
Rogue+Priest_vs_Hunter+Shaman,Rogue+Priest,Hunter+Shaman,66,team1,kill,57.32
Rogue+Priest_vs_Hunter+Shaman,Rogue+Priest,Hunter+Shaman,67,team1,kill,46.03
Rogue+Priest_vs_Hunter+Shaman,Rogue+Priest,Hunter+Shaman,68,team1,kill,43.80
Rogue+Priest_vs_Hunter+Shaman,Rogue+Priest,Hunter+Shaman,69,team1,kill,51.70
Rogue+Priest_vs_Hunter+Shaman,Rogue+Priest,Hunter+Shaman,70,team1,kill,55.48
Rogue+Priest_vs_Hunter+Shaman,Rogue+Priest,Hunter+Shaman,71,team1,kill,46.03
Rogue+Priest_vs_Hunter+Shaman,Rogue+Priest,Hunter+Shaman,72,team1,kill,52.03
Rogue+Priest_vs_Hunter+Shaman,Rogue+Priest,Hunter+Shaman,73,team1,kill,48.03
Rogue+Priest_vs_Hunter+Shaman,Rogue+Priest,Hunter+Shaman,74,team1,kill,48.03
Rogue+Priest_vs_Hunter+Shaman,Rogue+Priest,Hunter+Shaman,75,team1,kill,48.78
Rogue+Priest_vs_Hunter+Shaman,Rogue+Priest,Hunter+Shaman,76,team1,kill,46.73
Rogue+Priest_vs_Hunter+Shaman,Rogue+Priest,Hunter+Shaman,77,team1,kill,53.07
Rogue+Priest_vs_Hunter+Shaman,Rogue+Priest,Hunter+Shaman,78,team1,kill,46.43
Rogue+Priest_vs_Hunter+Shaman,Rogue+Priest,Hunter+Shaman,79,team1,kill,45.05
Rogue+Priest_vs_Hunter+Shaman,Rogue+Priest,Hunter+Shaman,80,team1,kill,55.52
Rogue+Priest_vs_Hunter+Shaman,Rogue+Priest,Hunter+Shaman,81,team1,kill,52.33
Rogue+Priest_vs_Hunter+Shaman,Rogue+Priest,Hunter+Shaman,82,team1,kill,50.03
Rogue+Priest_vs_Hunter+Shaman,Rogue+Priest,Hunter+Shaman,83,team1,kill,52.40
Rogue+Priest_vs_Hunter+Shaman,Rogue+Priest,Hunter+Shaman,84,team1,kill,50.88
Rogue+Priest_vs_Hunter+Shaman,Rogue+Priest,Hunter+Shaman,85,team1,kill,51.32
Rogue+Priest_vs_Hunter+Shaman,Rogue+Priest,Hunter+Shaman,86,team1,kill,56.42
Rogue+Priest_vs_Hunter+Shaman,Rogue+Priest,Hunter+Shaman,87,team1,kill,57.75
Rogue+Priest_vs_Hunter+Shaman,Rogue+Priest,Hunter+Shaman,88,team1,kill,51.80
Rogue+Priest_vs_Hunter+Shaman,Rogue+Priest,Hunter+Shaman,89,team1,kill,50.50
Rogue+Priest_vs_Hunter+Shaman,Rogue+Priest,Hunter+Shaman,90,team1,kill,57.87
Rogue+Priest_vs_Hunter+Shaman,Rogue+Priest,Hunter+Shaman,91,team1,kill,54.70
Rogue+Priest_vs_Hunter+Shaman,Rogue+Priest,Hunter+Shaman,92,team1,kill,51.98
Rogue+Priest_vs_Hunter+Shaman,Rogue+Priest,Hunter+Shaman,93,team1,kill,53.95
Rogue+Priest_vs_Hunter+Shaman,Rogue+Priest,Hunter+Shaman,94,team1,kill,50.55
Rogue+Priest_vs_Hunter+Shaman,Rogue+Priest,Hunter+Shaman,95,team1,kill,51.87
Rogue+Priest_vs_Hunter+Shaman,Rogue+Priest,Hunter+Shaman,96,team1,kill,52.62
Rogue+Priest_vs_Hunter+Shaman,Rogue+Priest,Hunter+Shaman,97,team1,kill,57.23
Rogue+Priest_vs_Hunter+Shaman,Rogue+Priest,Hunter+Shaman,98,team1,kill,45.38
Rogue+Priest_vs_Hunter+Shaman,Rogue+Priest,Hunter+Shaman,99,team1,kill,52.10
