label,team1,team2,seed,winner,end_reason,duration_secs
Warrior+Mage_vs_Warrior+Hunter,Warrior+Mage,Warrior+Hunter,0,team1,kill,21.88
Warrior+Mage_vs_Warrior+Hunter,Warrior+Mage,Warrior+Hunter,1,team1,kill,21.50
Warrior+Mage_vs_Warrior+Hunter,Warrior+Mage,Warrior+Hunter,2,team1,kill,21.50
Warrior+Mage_vs_Warrior+Hunter,Warrior+Mage,Warrior+Hunter,3,team1,kill,25.93
Warrior+Mage_vs_Warrior+Hunter,Warrior+Mage,Warrior+Hunter,4,team1,kill,24.03
Warrior+Mage_vs_Warrior+Hunter,Warrior+Mage,Warrior+Hunter,5,team1,kill,20.52
Warrior+Mage_vs_Warrior+Hunter,Warrior+Mage,Warrior+Hunter,6,team1,kill,25.93
Warrior+Mage_vs_Warrior+Hunter,Warrior+Mage,Warrior+Hunter,7,team1,kill,20.57
Warrior+Mage_vs_Warrior+Hunter,Warrior+Mage,Warrior+Hunter,8,team1,kill,20.07
Warrior+Mage_vs_Warrior+Hunter,Warrior+Mage,Warrior+Hunter,9,team1,kill,24.02
Warrior+Mage_vs_Mage+Warlock,Warrior+Mage,Mage+Warlock,0,team1,kill,20.65
Warrior+Mage_vs_Mage+Warlock,Warrior+Mage,Mage+Warlock,1,team1,kill,19.13
Warrior+Mage_vs_Mage+Warlock,Warrior+Mage,Mage+Warlock,2,team1,kill,19.13
Warrior+Mage_vs_Mage+Warlock,Warrior+Mage,Mage+Warlock,3,team1,kill,20.65
Warrior+Mage_vs_Mage+Warlock,Warrior+Mage,Mage+Warlock,4,team1,kill,19.13
Warrior+Mage_vs_Mage+Warlock,Warrior+Mage,Mage+Warlock,5,team1,kill,20.65
Warrior+Mage_vs_Mage+Warlock,Warrior+Mage,Mage+Warlock,6,team1,kill,20.65
Warrior+Mage_vs_Mage+Warlock,Warrior+Mage,Mage+Warlock,7,team1,kill,20.65
Warrior+Mage_vs_Mage+Warlock,Warrior+Mage,Mage+Warlock,8,team1,kill,20.65
Warrior+Mage_vs_Mage+Warlock,Warrior+Mage,Mage+Warlock,9,team1,kill,19.13
Warrior+Mage_vs_Mage+Hunter,Warrior+Mage,Mage+Hunter,0,team1,kill,23.23
Warrior+Mage_vs_Mage+Hunter,Warrior+Mage,Mage+Hunter,1,team1,kill,24.75
Warrior+Mage_vs_Mage+Hunter,Warrior+Mage,Mage+Hunter,2,team1,kill,26.27
Warrior+Mage_vs_Mage+Hunter,Warrior+Mage,Mage+Hunter,3,team1,kill,24.75
Warrior+Mage_vs_Mage+Hunter,Warrior+Mage,Mage+Hunter,4,team1,kill,23.23
Warrior+Mage_vs_Mage+Hunter,Warrior+Mage,Mage+Hunter,5,team1,kill,26.27
Warrior+Mage_vs_Mage+Hunter,Warrior+Mage,Mage+Hunter,6,team1,kill,23.23
Warrior+Mage_vs_Mage+Hunter,Warrior+Mage,Mage+Hunter,7,team1,kill,23.23
Warrior+Mage_vs_Mage+Hunter,Warrior+Mage,Mage+Hunter,8,team1,kill,24.75
Warrior+Mage_vs_Mage+Hunter,Warrior+Mage,Mage+Hunter,9,team1,kill,23.23
Warrior+Mage_vs_Rogue+Hunter,Warrior+Mage,Rogue+Hunter,0,team1,kill,27.43
Warrior+Mage_vs_Rogue+Hunter,Warrior+Mage,Rogue+Hunter,1,team1,kill,25.92
Warrior+Mage_vs_Rogue+Hunter,Warrior+Mage,Rogue+Hunter,2,team1,kill,27.33
Warrior+Mage_vs_Rogue+Hunter,Warrior+Mage,Rogue+Hunter,3,team1,kill,23.73
Warrior+Mage_vs_Rogue+Hunter,Warrior+Mage,Rogue+Hunter,4,team1,kill,25.82
Warrior+Mage_vs_Rogue+Hunter,Warrior+Mage,Rogue+Hunter,5,team1,kill,28.75
Warrior+Mage_vs_Rogue+Hunter,Warrior+Mage,Rogue+Hunter,6,team1,kill,25.88
Warrior+Mage_vs_Rogue+Hunter,Warrior+Mage,Rogue+Hunter,7,team1,kill,25.75
Warrior+Mage_vs_Rogue+Hunter,Warrior+Mage,Rogue+Hunter,8,team1,kill,27.33
Warrior+Mage_vs_Rogue+Hunter,Warrior+Mage,Rogue+Hunter,9,team1,kill,25.70
Warrior+Mage_vs_Priest+Hunter,Warrior+Mage,Priest+Hunter,0,team2,kill,43.05
Warrior+Mage_vs_Priest+Hunter,Warrior+Mage,Priest+Hunter,1,team2,kill,42.95
Warrior+Mage_vs_Priest+Hunter,Warrior+Mage,Priest+Hunter,2,team2,kill,45.35
Warrior+Mage_vs_Priest+Hunter,Warrior+Mage,Priest+Hunter,3,team2,kill,46.23
Warrior+Mage_vs_Priest+Hunter,Warrior+Mage,Priest+Hunter,4,team2,kill,45.43
Warrior+Mage_vs_Priest+Hunter,Warrior+Mage,Priest+Hunter,5,team2,kill,45.35
Warrior+Mage_vs_Priest+Hunter,Warrior+Mage,Priest+Hunter,6,team1,kill,36.73
Warrior+Mage_vs_Priest+Hunter,Warrior+Mage,Priest+Hunter,7,team2,kill,42.97
Warrior+Mage_vs_Priest+Hunter,Warrior+Mage,Priest+Hunter,8,team2,kill,39.03
Warrior+Mage_vs_Priest+Hunter,Warrior+Mage,Priest+Hunter,9,team2,kill,40.52
Warrior+Mage_vs_Warlock+Hunter,Warrior+Mage,Warlock+Hunter,0,team1,kill,25.68
Warrior+Mage_vs_Warlock+Hunter,Warrior+Mage,Warlock+Hunter,1,team1,kill,23.07
Warrior+Mage_vs_Warlock+Hunter,Warrior+Mage,Warlock+Hunter,2,team1,kill,27.17
Warrior+Mage_vs_Warlock+Hunter,Warrior+Mage,Warlock+Hunter,3,team1,kill,27.13
Warrior+Mage_vs_Warlock+Hunter,Warrior+Mage,Warlock+Hunter,4,team1,kill,25.45
Warrior+Mage_vs_Warlock+Hunter,Warrior+Mage,Warlock+Hunter,5,team1,kill,28.40
Warrior+Mage_vs_Warlock+Hunter,Warrior+Mage,Warlock+Hunter,6,team1,kill,27.07
Warrior+Mage_vs_Warlock+Hunter,Warrior+Mage,Warlock+Hunter,7,team1,kill,24.12
Warrior+Mage_vs_Warlock+Hunter,Warrior+Mage,Warlock+Hunter,8,team1,kill,27.20
Warrior+Mage_vs_Warlock+Hunter,Warrior+Mage,Warlock+Hunter,9,team1,kill,28.55
Warrior+Mage_vs_Paladin+Hunter,Warrior+Mage,Paladin+Hunter,0,team2,kill,48.42
Warrior+Mage_vs_Paladin+Hunter,Warrior+Mage,Paladin+Hunter,1,team2,kill,42.23
Warrior+Mage_vs_Paladin+Hunter,Warrior+Mage,Paladin+Hunter,2,team2,kill,38.23
Warrior+Mage_vs_Paladin+Hunter,Warrior+Mage,Paladin+Hunter,3,team2,kill,50.70
Warrior+Mage_vs_Paladin+Hunter,Warrior+Mage,Paladin+Hunter,4,team1,kill,35.53
Warrior+Mage_vs_Paladin+Hunter,Warrior+Mage,Paladin+Hunter,5,team2,kill,38.27
Warrior+Mage_vs_Paladin+Hunter,Warrior+Mage,Paladin+Hunter,6,team2,kill,48.75
Warrior+Mage_vs_Paladin+Hunter,Warrior+Mage,Paladin+Hunter,7,team2,kill,37.68
Warrior+Mage_vs_Paladin+Hunter,Warrior+Mage,Paladin+Hunter,8,team2,kill,39.53
Warrior+Mage_vs_Paladin+Hunter,Warrior+Mage,Paladin+Hunter,9,team2,kill,49.77
Warrior+Mage_vs_Hunter+Shaman,Warrior+Mage,Hunter+Shaman,0,team2,kill,30.18
Warrior+Mage_vs_Hunter+Shaman,Warrior+Mage,Hunter+Shaman,1,team2,kill,32.20
Warrior+Mage_vs_Hunter+Shaman,Warrior+Mage,Hunter+Shaman,2,team2,kill,30.18
Warrior+Mage_vs_Hunter+Shaman,Warrior+Mage,Hunter+Shaman,3,team2,kill,32.20
Warrior+Mage_vs_Hunter+Shaman,Warrior+Mage,Hunter+Shaman,4,team1,kill,42.52
Warrior+Mage_vs_Hunter+Shaman,Warrior+Mage,Hunter+Shaman,5,team2,kill,32.20
Warrior+Mage_vs_Hunter+Shaman,Warrior+Mage,Hunter+Shaman,6,team2,kill,30.18
Warrior+Mage_vs_Hunter+Shaman,Warrior+Mage,Hunter+Shaman,7,team1,kill,19.45
Warrior+Mage_vs_Hunter+Shaman,Warrior+Mage,Hunter+Shaman,8,team2,kill,33.72
Warrior+Mage_vs_Hunter+Shaman,Warrior+Mage,Hunter+Shaman,9,team2,kill,32.20
Warrior+Rogue_vs_Warrior+Hunter,Warrior+Rogue,Warrior+Hunter,0,team2,kill,22.98
Warrior+Rogue_vs_Warrior+Hunter,Warrior+Rogue,Warrior+Hunter,1,team2,kill,25.37
Warrior+Rogue_vs_Warrior+Hunter,Warrior+Rogue,Warrior+Hunter,2,team2,kill,25.37
Warrior+Rogue_vs_Warrior+Hunter,Warrior+Rogue,Warrior+Hunter,3,team2,kill,26.03
Warrior+Rogue_vs_Warrior+Hunter,Warrior+Rogue,Warrior+Hunter,4,team2,kill,21.30
Warrior+Rogue_vs_Warrior+Hunter,Warrior+Rogue,Warrior+Hunter,5,team2,kill,25.37
Warrior+Rogue_vs_Warrior+Hunter,Warrior+Rogue,Warrior+Hunter,6,team2,kill,27.40
Warrior+Rogue_vs_Warrior+Hunter,Warrior+Rogue,Warrior+Hunter,7,team2,kill,23.00
Warrior+Rogue_vs_Warrior+Hunter,Warrior+Rogue,Warrior+Hunter,8,team2,kill,26.03
Warrior+Rogue_vs_Warrior+Hunter,Warrior+Rogue,Warrior+Hunter,9,team2,kill,27.70
Warrior+Rogue_vs_Mage+Hunter,Warrior+Rogue,Mage+Hunter,0,team2,kill,16.43
Warrior+Rogue_vs_Mage+Hunter,Warrior+Rogue,Mage+Hunter,1,team2,kill,16.43
Warrior+Rogue_vs_Mage+Hunter,Warrior+Rogue,Mage+Hunter,2,team2,kill,16.43
Warrior+Rogue_vs_Mage+Hunter,Warrior+Rogue,Mage+Hunter,3,team2,kill,16.43
Warrior+Rogue_vs_Mage+Hunter,Warrior+Rogue,Mage+Hunter,4,team2,kill,16.43
Warrior+Rogue_vs_Mage+Hunter,Warrior+Rogue,Mage+Hunter,5,team2,kill,16.43
Warrior+Rogue_vs_Mage+Hunter,Warrior+Rogue,Mage+Hunter,6,team2,kill,17.88
Warrior+Rogue_vs_Mage+Hunter,Warrior+Rogue,Mage+Hunter,7,team2,kill,16.43
Warrior+Rogue_vs_Mage+Hunter,Warrior+Rogue,Mage+Hunter,8,team2,kill,17.88
Warrior+Rogue_vs_Mage+Hunter,Warrior+Rogue,Mage+Hunter,9,team2,kill,17.63
Warrior+Rogue_vs_Rogue+Hunter,Warrior+Rogue,Rogue+Hunter,0,team1,kill,23.95
Warrior+Rogue_vs_Rogue+Hunter,Warrior+Rogue,Rogue+Hunter,1,team2,kill,35.05
Warrior+Rogue_vs_Rogue+Hunter,Warrior+Rogue,Rogue+Hunter,2,team2,kill,36.05
Warrior+Rogue_vs_Rogue+Hunter,Warrior+Rogue,Rogue+Hunter,3,team2,kill,44.90
Warrior+Rogue_vs_Rogue+Hunter,Warrior+Rogue,Rogue+Hunter,4,team2,kill,36.05
Warrior+Rogue_vs_Rogue+Hunter,Warrior+Rogue,Rogue+Hunter,5,team1,kill,24.93
Warrior+Rogue_vs_Rogue+Hunter,Warrior+Rogue,Rogue+Hunter,6,team2,kill,35.87
Warrior+Rogue_vs_Rogue+Hunter,Warrior+Rogue,Rogue+Hunter,7,team2,kill,45.60
Warrior+Rogue_vs_Rogue+Hunter,Warrior+Rogue,Rogue+Hunter,8,team2,kill,47.93
Warrior+Rogue_vs_Rogue+Hunter,Warrior+Rogue,Rogue+Hunter,9,team2,kill,33.48
Warrior+Rogue_vs_Priest+Hunter,Warrior+Rogue,Priest+Hunter,0,team2,kill,23.12
Warrior+Rogue_vs_Priest+Hunter,Warrior+Rogue,Priest+Hunter,1,team2,kill,22.65
Warrior+Rogue_vs_Priest+Hunter,Warrior+Rogue,Priest+Hunter,2,team2,kill,21.98
Warrior+Rogue_vs_Priest+Hunter,Warrior+Rogue,Priest+Hunter,3,team2,kill,23.12
Warrior+Rogue_vs_Priest+Hunter,Warrior+Rogue,Priest+Hunter,4,team2,kill,23.12
Warrior+Rogue_vs_Priest+Hunter,Warrior+Rogue,Priest+Hunter,5,team2,kill,22.65
Warrior+Rogue_vs_Priest+Hunter,Warrior+Rogue,Priest+Hunter,6,team2,kill,22.95
Warrior+Rogue_vs_Priest+Hunter,Warrior+Rogue,Priest+Hunter,7,team2,kill,23.53
Warrior+Rogue_vs_Priest+Hunter,Warrior+Rogue,Priest+Hunter,8,team2,kill,20.37
Warrior+Rogue_vs_Priest+Hunter,Warrior+Rogue,Priest+Hunter,9,team2,kill,23.12
Warrior+Rogue_vs_Warlock+Hunter,Warrior+Rogue,Warlock+Hunter,0,team2,kill,20.53
Warrior+Rogue_vs_Warlock+Hunter,Warrior+Rogue,Warlock+Hunter,1,team2,kill,21.85
Warrior+Rogue_vs_Warlock+Hunter,Warrior+Rogue,Warlock+Hunter,2,team2,kill,20.53
Warrior+Rogue_vs_Warlock+Hunter,Warrior+Rogue,Warlock+Hunter,3,team2,kill,21.57
Warrior+Rogue_vs_Warlock+Hunter,Warrior+Rogue,Warlock+Hunter,4,team2,kill,20.53
Warrior+Rogue_vs_Warlock+Hunter,Warrior+Rogue,Warlock+Hunter,5,team2,kill,19.68
Warrior+Rogue_vs_Warlock+Hunter,Warrior+Rogue,Warlock+Hunter,6,team2,kill,20.53
Warrior+Rogue_vs_Warlock+Hunter,Warrior+Rogue,Warlock+Hunter,7,team2,kill,20.25
Warrior+Rogue_vs_Warlock+Hunter,Warrior+Rogue,Warlock+Hunter,8,team2,kill,21.77
Warrior+Rogue_vs_Warlock+Hunter,Warrior+Rogue,Warlock+Hunter,9,team2,kill,20.75
Warrior+Rogue_vs_Paladin+Hunter,Warrior+Rogue,Paladin+Hunter,0,team2,kill,24.85
Warrior+Rogue_vs_Paladin+Hunter,Warrior+Rogue,Paladin+Hunter,1,team2,kill,25.37
Warrior+Rogue_vs_Paladin+Hunter,Warrior+Rogue,Paladin+Hunter,2,team2,kill,24.85
Warrior+Rogue_vs_Paladin+Hunter,Warrior+Rogue,Paladin+Hunter,3,team2,kill,25.37
Warrior+Rogue_vs_Paladin+Hunter,Warrior+Rogue,Paladin+Hunter,4,team2,kill,24.85
Warrior+Rogue_vs_Paladin+Hunter,Warrior+Rogue,Paladin+Hunter,5,team2,kill,25.10
Warrior+Rogue_vs_Paladin+Hunter,Warrior+Rogue,Paladin+Hunter,6,team2,kill,25.37
Warrior+Rogue_vs_Paladin+Hunter,Warrior+Rogue,Paladin+Hunter,7,team2,kill,24.85
Warrior+Rogue_vs_Paladin+Hunter,Warrior+Rogue,Paladin+Hunter,8,team2,kill,29.98
Warrior+Rogue_vs_Paladin+Hunter,Warrior+Rogue,Paladin+Hunter,9,team2,kill,29.98
Warrior+Rogue_vs_Hunter+Shaman,Warrior+Rogue,Hunter+Shaman,0,team2,kill,13.70
Warrior+Rogue_vs_Hunter+Shaman,Warrior+Rogue,Hunter+Shaman,1,team2,kill,13.55
Warrior+Rogue_vs_Hunter+Shaman,Warrior+Rogue,Hunter+Shaman,2,team2,kill,13.70
Warrior+Rogue_vs_Hunter+Shaman,Warrior+Rogue,Hunter+Shaman,3,team2,kill,13.70
Warrior+Rogue_vs_Hunter+Shaman,Warrior+Rogue,Hunter+Shaman,4,team2,kill,13.68
Warrior+Rogue_vs_Hunter+Shaman,Warrior+Rogue,Hunter+Shaman,5,team2,kill,13.70
Warrior+Rogue_vs_Hunter+Shaman,Warrior+Rogue,Hunter+Shaman,6,team2,kill,13.70
Warrior+Rogue_vs_Hunter+Shaman,Warrior+Rogue,Hunter+Shaman,7,team2,kill,13.55
Warrior+Rogue_vs_Hunter+Shaman,Warrior+Rogue,Hunter+Shaman,8,team2,kill,13.70
Warrior+Rogue_vs_Hunter+Shaman,Warrior+Rogue,Hunter+Shaman,9,team2,kill,13.70
Warrior+Priest_vs_Warrior+Hunter,Warrior+Priest,Warrior+Hunter,0,team2,kill,42.17
Warrior+Priest_vs_Warrior+Hunter,Warrior+Priest,Warrior+Hunter,1,team2,kill,42.60
Warrior+Priest_vs_Warrior+Hunter,Warrior+Priest,Warrior+Hunter,2,team1,kill,24.37
Warrior+Priest_vs_Warrior+Hunter,Warrior+Priest,Warrior+Hunter,3,team1,kill,36.07
Warrior+Priest_vs_Warrior+Hunter,Warrior+Priest,Warrior+Hunter,4,team2,kill,38.22
Warrior+Priest_vs_Warrior+Hunter,Warrior+Priest,Warrior+Hunter,5,team2,kill,41.03
Warrior+Priest_vs_Warrior+Hunter,Warrior+Priest,Warrior+Hunter,6,team1,kill,26.00
Warrior+Priest_vs_Warrior+Hunter,Warrior+Priest,Warrior+Hunter,7,team1,kill,29.23
Warrior+Priest_vs_Warrior+Hunter,Warrior+Priest,Warrior+Hunter,8,team1,kill,24.07
Warrior+Priest_vs_Warrior+Hunter,Warrior+Priest,Warrior+Hunter,9,team1,kill,34.93
Warrior+Priest_vs_Mage+Hunter,Warrior+Priest,Mage+Hunter,0,team2,kill,54.08
Warrior+Priest_vs_Mage+Hunter,Warrior+Priest,Mage+Hunter,1,team2,kill,31.17
Warrior+Priest_vs_Mage+Hunter,Warrior+Priest,Mage+Hunter,2,team2,kill,28.78
Warrior+Priest_vs_Mage+Hunter,Warrior+Priest,Mage+Hunter,3,team2,kill,28.23
Warrior+Priest_vs_Mage+Hunter,Warrior+Priest,Mage+Hunter,4,team2,kill,25.15
Warrior+Priest_vs_Mage+Hunter,Warrior+Priest,Mage+Hunter,5,team2,kill,27.87
Warrior+Priest_vs_Mage+Hunter,Warrior+Priest,Mage+Hunter,6,team2,kill,53.67
Warrior+Priest_vs_Mage+Hunter,Warrior+Priest,Mage+Hunter,7,team2,kill,50.75
Warrior+Priest_vs_Mage+Hunter,Warrior+Priest,Mage+Hunter,8,team2,kill,51.77
Warrior+Priest_vs_Mage+Hunter,Warrior+Priest,Mage+Hunter,9,team2,kill,27.15
Warrior+Priest_vs_Rogue+Hunter,Warrior+Priest,Rogue+Hunter,0,team1,kill,36.60
Warrior+Priest_vs_Rogue+Hunter,Warrior+Priest,Rogue+Hunter,1,team1,kill,50.92
Warrior+Priest_vs_Rogue+Hunter,Warrior+Priest,Rogue+Hunter,2,team2,kill,48.82
Warrior+Priest_vs_Rogue+Hunter,Warrior+Priest,Rogue+Hunter,3,team1,kill,48.97
Warrior+Priest_vs_Rogue+Hunter,Warrior+Priest,Rogue+Hunter,4,team1,kill,41.87
Warrior+Priest_vs_Rogue+Hunter,Warrior+Priest,Rogue+Hunter,5,team1,kill,37.57
Warrior+Priest_vs_Rogue+Hunter,Warrior+Priest,Rogue+Hunter,6,team1,kill,51.07
Warrior+Priest_vs_Rogue+Hunter,Warrior+Priest,Rogue+Hunter,7,team1,kill,36.87
Warrior+Priest_vs_Rogue+Hunter,Warrior+Priest,Rogue+Hunter,8,team1,kill,37.10
Warrior+Priest_vs_Rogue+Hunter,Warrior+Priest,Rogue+Hunter,9,team1,kill,36.10
Warrior+Priest_vs_Priest+Hunter,Warrior+Priest,Priest+Hunter,0,team2,kill,47.28
Warrior+Priest_vs_Priest+Hunter,Warrior+Priest,Priest+Hunter,1,team1,kill,58.15
Warrior+Priest_vs_Priest+Hunter,Warrior+Priest,Priest+Hunter,2,team2,kill,39.60
Warrior+Priest_vs_Priest+Hunter,Warrior+Priest,Priest+Hunter,3,team2,kill,72.35
Warrior+Priest_vs_Priest+Hunter,Warrior+Priest,Priest+Hunter,4,team2,kill,44.95
Warrior+Priest_vs_Priest+Hunter,Warrior+Priest,Priest+Hunter,5,team2,kill,56.57
Warrior+Priest_vs_Priest+Hunter,Warrior+Priest,Priest+Hunter,6,team2,kill,43.82
Warrior+Priest_vs_Priest+Hunter,Warrior+Priest,Priest+Hunter,7,team2,kill,52.20
Warrior+Priest_vs_Priest+Hunter,Warrior+Priest,Priest+Hunter,8,team2,kill,72.35
Warrior+Priest_vs_Priest+Hunter,Warrior+Priest,Priest+Hunter,9,team2,kill,61.80
Warrior+Priest_vs_Warlock+Hunter,Warrior+Priest,Warlock+Hunter,0,team1,kill,59.37
Warrior+Priest_vs_Warlock+Hunter,Warrior+Priest,Warlock+Hunter,1,team2,kill,37.78
Warrior+Priest_vs_Warlock+Hunter,Warrior+Priest,Warlock+Hunter,2,team1,kill,44.90
Warrior+Priest_vs_Warlock+Hunter,Warrior+Priest,Warlock+Hunter,3,team2,kill,37.00
Warrior+Priest_vs_Warlock+Hunter,Warrior+Priest,Warlock+Hunter,4,team2,kill,37.05
Warrior+Priest_vs_Warlock+Hunter,Warrior+Priest,Warlock+Hunter,5,team2,kill,39.47
Warrior+Priest_vs_Warlock+Hunter,Warrior+Priest,Warlock+Hunter,6,team2,kill,28.90
Warrior+Priest_vs_Warlock+Hunter,Warrior+Priest,Warlock+Hunter,7,team1,kill,48.05
Warrior+Priest_vs_Warlock+Hunter,Warrior+Priest,Warlock+Hunter,8,team1,kill,45.53
Warrior+Priest_vs_Warlock+Hunter,Warrior+Priest,Warlock+Hunter,9,team2,kill,37.68
Warrior+Priest_vs_Paladin+Hunter,Warrior+Priest,Paladin+Hunter,0,team2,kill,59.20
Warrior+Priest_vs_Paladin+Hunter,Warrior+Priest,Paladin+Hunter,1,team1,kill,52.48
Warrior+Priest_vs_Paladin+Hunter,Warrior+Priest,Paladin+Hunter,2,team2,kill,59.20
Warrior+Priest_vs_Paladin+Hunter,Warrior+Priest,Paladin+Hunter,3,team2,kill,71.58
Warrior+Priest_vs_Paladin+Hunter,Warrior+Priest,Paladin+Hunter,4,team2,kill,56.78
Warrior+Priest_vs_Paladin+Hunter,Warrior+Priest,Paladin+Hunter,5,team2,kill,57.53
Warrior+Priest_vs_Paladin+Hunter,Warrior+Priest,Paladin+Hunter,6,team2,kill,56.78
Warrior+Priest_vs_Paladin+Hunter,Warrior+Priest,Paladin+Hunter,7,team2,kill,59.92
Warrior+Priest_vs_Paladin+Hunter,Warrior+Priest,Paladin+Hunter,8,team2,kill,61.63
Warrior+Priest_vs_Paladin+Hunter,Warrior+Priest,Paladin+Hunter,9,team2,kill,63.03
Warrior+Priest_vs_Hunter+Shaman,Warrior+Priest,Hunter+Shaman,0,team2,kill,38.13
Warrior+Priest_vs_Hunter+Shaman,Warrior+Priest,Hunter+Shaman,1,team2,kill,36.42
Warrior+Priest_vs_Hunter+Shaman,Warrior+Priest,Hunter+Shaman,2,team2,kill,35.80
Warrior+Priest_vs_Hunter+Shaman,Warrior+Priest,Hunter+Shaman,3,team2,kill,29.97
Warrior+Priest_vs_Hunter+Shaman,Warrior+Priest,Hunter+Shaman,4,team2,kill,29.95
Warrior+Priest_vs_Hunter+Shaman,Warrior+Priest,Hunter+Shaman,5,team2,kill,41.05
Warrior+Priest_vs_Hunter+Shaman,Warrior+Priest,Hunter+Shaman,6,team2,kill,31.58
Warrior+Priest_vs_Hunter+Shaman,Warrior+Priest,Hunter+Shaman,7,team2,kill,38.83
Warrior+Priest_vs_Hunter+Shaman,Warrior+Priest,Hunter+Shaman,8,team2,kill,36.42
Warrior+Priest_vs_Hunter+Shaman,Warrior+Priest,Hunter+Shaman,9,team2,kill,33.38
Warrior+Warlock_vs_Warrior+Priest,Warrior+Warlock,Warrior+Priest,0,team2,kill,49.38
Warrior+Warlock_vs_Warrior+Priest,Warrior+Warlock,Warrior+Priest,1,team1,kill,21.57
Warrior+Warlock_vs_Warrior+Priest,Warrior+Warlock,Warrior+Priest,2,team1,kill,48.08
Warrior+Warlock_vs_Warrior+Priest,Warrior+Warlock,Warrior+Priest,3,team1,kill,51.18
Warrior+Warlock_vs_Warrior+Priest,Warrior+Warlock,Warrior+Priest,4,team1,kill,24.03
Warrior+Warlock_vs_Warrior+Priest,Warrior+Warlock,Warrior+Priest,5,team2,kill,54.97
Warrior+Warlock_vs_Warrior+Priest,Warrior+Warlock,Warrior+Priest,6,team1,kill,38.40
Warrior+Warlock_vs_Warrior+Priest,Warrior+Warlock,Warrior+Priest,7,team2,kill,32.05
Warrior+Warlock_vs_Warrior+Priest,Warrior+Warlock,Warrior+Priest,8,team2,kill,41.55
Warrior+Warlock_vs_Warrior+Priest,Warrior+Warlock,Warrior+Priest,9,team1,kill,65.10
Warrior+Warlock_vs_Warrior+Hunter,Warrior+Warlock,Warrior+Hunter,0,team1,kill,29.72
Warrior+Warlock_vs_Warrior+Hunter,Warrior+Warlock,Warrior+Hunter,1,team1,kill,26.85
Warrior+Warlock_vs_Warrior+Hunter,Warrior+Warlock,Warrior+Hunter,2,team1,kill,29.40
Warrior+Warlock_vs_Warrior+Hunter,Warrior+Warlock,Warrior+Hunter,3,team1,kill,23.70
Warrior+Warlock_vs_Warrior+Hunter,Warrior+Warlock,Warrior+Hunter,4,team1,kill,29.55
Warrior+Warlock_vs_Warrior+Hunter,Warrior+Warlock,Warrior+Hunter,5,team1,kill,26.73
Warrior+Warlock_vs_Warrior+Hunter,Warrior+Warlock,Warrior+Hunter,6,team2,kill,26.93
Warrior+Warlock_vs_Warrior+Hunter,Warrior+Warlock,Warrior+Hunter,7,team2,kill,16.03
Warrior+Warlock_vs_Warrior+Hunter,Warrior+Warlock,Warrior+Hunter,8,team1,kill,29.85
Warrior+Warlock_vs_Warrior+Hunter,Warrior+Warlock,Warrior+Hunter,9,team1,kill,29.75
Warrior+Warlock_vs_Mage+Hunter,Warrior+Warlock,Mage+Hunter,0,team2,kill,18.22
Warrior+Warlock_vs_Mage+Hunter,Warrior+Warlock,Mage+Hunter,1,team2,kill,18.15
Warrior+Warlock_vs_Mage+Hunter,Warrior+Warlock,Mage+Hunter,2,team2,kill,18.43
Warrior+Warlock_vs_Mage+Hunter,Warrior+Warlock,Mage+Hunter,3,team2,kill,23.73
Warrior+Warlock_vs_Mage+Hunter,Warrior+Warlock,Mage+Hunter,4,team2,kill,19.18
Warrior+Warlock_vs_Mage+Hunter,Warrior+Warlock,Mage+Hunter,5,team2,kill,20.10
Warrior+Warlock_vs_Mage+Hunter,Warrior+Warlock,Mage+Hunter,6,team2,kill,18.43
Warrior+Warlock_vs_Mage+Hunter,Warrior+Warlock,Mage+Hunter,7,team2,kill,18.12
Warrior+Warlock_vs_Mage+Hunter,Warrior+Warlock,Mage+Hunter,8,team2,kill,21.03
Warrior+Warlock_vs_Mage+Hunter,Warrior+Warlock,Mage+Hunter,9,team2,kill,20.68
Warrior+Warlock_vs_Rogue+Hunter,Warrior+Warlock,Rogue+Hunter,0,team1,kill,23.67
Warrior+Warlock_vs_Rogue+Hunter,Warrior+Warlock,Rogue+Hunter,1,team1,kill,29.30
Warrior+Warlock_vs_Rogue+Hunter,Warrior+Warlock,Rogue+Hunter,2,team2,kill,22.02
Warrior+Warlock_vs_Rogue+Hunter,Warrior+Warlock,Rogue+Hunter,3,team1,kill,29.22
Warrior+Warlock_vs_Rogue+Hunter,Warrior+Warlock,Rogue+Hunter,4,team1,kill,29.77
Warrior+Warlock_vs_Rogue+Hunter,Warrior+Warlock,Rogue+Hunter,5,team1,kill,29.47
Warrior+Warlock_vs_Rogue+Hunter,Warrior+Warlock,Rogue+Hunter,6,team1,kill,29.77
Warrior+Warlock_vs_Rogue+Hunter,Warrior+Warlock,Rogue+Hunter,7,team2,kill,23.58
Warrior+Warlock_vs_Rogue+Hunter,Warrior+Warlock,Rogue+Hunter,8,team2,kill,29.57
Warrior+Warlock_vs_Rogue+Hunter,Warrior+Warlock,Rogue+Hunter,9,team1,kill,29.53
Warrior+Warlock_vs_Priest+Hunter,Warrior+Warlock,Priest+Hunter,0,team2,kill,32.82
Warrior+Warlock_vs_Priest+Hunter,Warrior+Warlock,Priest+Hunter,1,team2,kill,42.25
Warrior+Warlock_vs_Priest+Hunter,Warrior+Warlock,Priest+Hunter,2,team2,kill,33.88
Warrior+Warlock_vs_Priest+Hunter,Warrior+Warlock,Priest+Hunter,3,team1,kill,30.00
Warrior+Warlock_vs_Priest+Hunter,Warrior+Warlock,Priest+Hunter,4,team2,kill,29.83
Warrior+Warlock_vs_Priest+Hunter,Warrior+Warlock,Priest+Hunter,5,team2,kill,38.98
Warrior+Warlock_vs_Priest+Hunter,Warrior+Warlock,Priest+Hunter,6,team2,kill,31.37
Warrior+Warlock_vs_Priest+Hunter,Warrior+Warlock,Priest+Hunter,7,team2,kill,33.05
Warrior+Warlock_vs_Priest+Hunter,Warrior+Warlock,Priest+Hunter,8,team1,kill,27.47
Warrior+Warlock_vs_Priest+Hunter,Warrior+Warlock,Priest+Hunter,9,team2,kill,32.18
Warrior+Warlock_vs_Warlock+Hunter,Warrior+Warlock,Warlock+Hunter,0,team2,kill,31.83
Warrior+Warlock_vs_Warlock+Hunter,Warrior+Warlock,Warlock+Hunter,1,team2,kill,33.92
Warrior+Warlock_vs_Warlock+Hunter,Warrior+Warlock,Warlock+Hunter,2,team1,kill,26.43
Warrior+Warlock_vs_Warlock+Hunter,Warrior+Warlock,Warlock+Hunter,3,team1,kill,26.30
Warrior+Warlock_vs_Warlock+Hunter,Warrior+Warlock,Warlock+Hunter,4,team1,kill,26.27
Warrior+Warlock_vs_Warlock+Hunter,Warrior+Warlock,Warlock+Hunter,5,team2,kill,29.55
Warrior+Warlock_vs_Warlock+Hunter,Warrior+Warlock,Warlock+Hunter,6,team2,kill,24.60
Warrior+Warlock_vs_Warlock+Hunter,Warrior+Warlock,Warlock+Hunter,7,team1,kill,26.57
Warrior+Warlock_vs_Warlock+Hunter,Warrior+Warlock,Warlock+Hunter,8,team2,kill,32.35
Warrior+Warlock_vs_Warlock+Hunter,Warrior+Warlock,Warlock+Hunter,9,team2,kill,32.28
Warrior+Warlock_vs_Paladin+Hunter,Warrior+Warlock,Paladin+Hunter,0,team2,kill,78.99
Warrior+Warlock_vs_Paladin+Hunter,Warrior+Warlock,Paladin+Hunter,1,team1,kill,45.18
Warrior+Warlock_vs_Paladin+Hunter,Warrior+Warlock,Paladin+Hunter,2,team1,kill,38.00
Warrior+Warlock_vs_Paladin+Hunter,Warrior+Warlock,Paladin+Hunter,3,team1,kill,38.23
Warrior+Warlock_vs_Paladin+Hunter,Warrior+Warlock,Paladin+Hunter,4,team1,kill,36.92
Warrior+Warlock_vs_Paladin+Hunter,Warrior+Warlock,Paladin+Hunter,5,team1,kill,41.50
Warrior+Warlock_vs_Paladin+Hunter,Warrior+Warlock,Paladin+Hunter,6,team2,kill,67.75
Warrior+Warlock_vs_Paladin+Hunter,Warrior+Warlock,Paladin+Hunter,7,team2,kill,65.88
Warrior+Warlock_vs_Paladin+Hunter,Warrior+Warlock,Paladin+Hunter,8,team1,kill,42.63
Warrior+Warlock_vs_Paladin+Hunter,Warrior+Warlock,Paladin+Hunter,9,team1,kill,35.48
Warrior+Warlock_vs_Hunter+Shaman,Warrior+Warlock,Hunter+Shaman,0,team2,kill,37.98
Warrior+Warlock_vs_Hunter+Shaman,Warrior+Warlock,Hunter+Shaman,1,team1,kill,64.72
Warrior+Warlock_vs_Hunter+Shaman,Warrior+Warlock,Hunter+Shaman,2,team1,kill,31.88
Warrior+Warlock_vs_Hunter+Shaman,Warrior+Warlock,Hunter+Shaman,3,team1,kill,62.28
Warrior+Warlock_vs_Hunter+Shaman,Warrior+Warlock,Hunter+Shaman,4,team1,kill,70.17
Warrior+Warlock_vs_Hunter+Shaman,Warrior+Warlock,Hunter+Shaman,5,team1,kill,28.42
Warrior+Warlock_vs_Hunter+Shaman,Warrior+Warlock,Hunter+Shaman,6,team1,kill,72.87
Warrior+Warlock_vs_Hunter+Shaman,Warrior+Warlock,Hunter+Shaman,7,team1,kill,34.73
Warrior+Warlock_vs_Hunter+Shaman,Warrior+Warlock,Hunter+Shaman,8,team1,kill,68.67
Warrior+Warlock_vs_Hunter+Shaman,Warrior+Warlock,Hunter+Shaman,9,team2,kill,43.33
Warrior+Paladin_vs_Warrior+Hunter,Warrior+Paladin,Warrior+Hunter,0,team1,kill,57.72
Warrior+Paladin_vs_Warrior+Hunter,Warrior+Paladin,Warrior+Hunter,1,team1,kill,36.88
Warrior+Paladin_vs_Warrior+Hunter,Warrior+Paladin,Warrior+Hunter,2,team1,kill,35.55
Warrior+Paladin_vs_Warrior+Hunter,Warrior+Paladin,Warrior+Hunter,3,team1,kill,52.58
Warrior+Paladin_vs_Warrior+Hunter,Warrior+Paladin,Warrior+Hunter,4,team1,kill,73.38
Warrior+Paladin_vs_Warrior+Hunter,Warrior+Paladin,Warrior+Hunter,5,team1,kill,52.58
Warrior+Paladin_vs_Warrior+Hunter,Warrior+Paladin,Warrior+Hunter,6,team1,kill,24.52
Warrior+Paladin_vs_Warrior+Hunter,Warrior+Paladin,Warrior+Hunter,7,team1,kill,35.25
Warrior+Paladin_vs_Warrior+Hunter,Warrior+Paladin,Warrior+Hunter,8,team1,kill,33.20
Warrior+Paladin_vs_Warrior+Hunter,Warrior+Paladin,Warrior+Hunter,9,team1,kill,34.78
Warrior+Paladin_vs_Mage+Hunter,Warrior+Paladin,Mage+Hunter,0,team1,kill,80.65
Warrior+Paladin_vs_Mage+Hunter,Warrior+Paladin,Mage+Hunter,1,team1,kill,76.39
Warrior+Paladin_vs_Mage+Hunter,Warrior+Paladin,Mage+Hunter,2,team1,kill,61.18
Warrior+Paladin_vs_Mage+Hunter,Warrior+Paladin,Mage+Hunter,3,team1,kill,60.60
Warrior+Paladin_vs_Mage+Hunter,Warrior+Paladin,Mage+Hunter,4,team1,kill,32.48
Warrior+Paladin_vs_Mage+Hunter,Warrior+Paladin,Mage+Hunter,5,team1,kill,44.87
Warrior+Paladin_vs_Mage+Hunter,Warrior+Paladin,Mage+Hunter,6,team1,kill,82.04
Warrior+Paladin_vs_Mage+Hunter,Warrior+Paladin,Mage+Hunter,7,team1,kill,74.68
Warrior+Paladin_vs_Mage+Hunter,Warrior+Paladin,Mage+Hunter,8,team1,kill,74.47
Warrior+Paladin_vs_Mage+Hunter,Warrior+Paladin,Mage+Hunter,9,team1,kill,76.55
Warrior+Paladin_vs_Rogue+Hunter,Warrior+Paladin,Rogue+Hunter,0,team1,kill,27.93
Warrior+Paladin_vs_Rogue+Hunter,Warrior+Paladin,Rogue+Hunter,1,team1,kill,58.30
Warrior+Paladin_vs_Rogue+Hunter,Warrior+Paladin,Rogue+Hunter,2,team1,kill,50.70
Warrior+Paladin_vs_Rogue+Hunter,Warrior+Paladin,Rogue+Hunter,3,team1,kill,57.57
Warrior+Paladin_vs_Rogue+Hunter,Warrior+Paladin,Rogue+Hunter,4,team1,kill,55.07
Warrior+Paladin_vs_Rogue+Hunter,Warrior+Paladin,Rogue+Hunter,5,team1,kill,58.98
Warrior+Paladin_vs_Rogue+Hunter,Warrior+Paladin,Rogue+Hunter,6,team1,kill,58.75
Warrior+Paladin_vs_Rogue+Hunter,Warrior+Paladin,Rogue+Hunter,7,team1,kill,60.13
Warrior+Paladin_vs_Rogue+Hunter,Warrior+Paladin,Rogue+Hunter,8,team1,kill,54.55
Warrior+Paladin_vs_Rogue+Hunter,Warrior+Paladin,Rogue+Hunter,9,team1,kill,27.05
Warrior+Paladin_vs_Priest+Hunter,Warrior+Paladin,Priest+Hunter,0,team1,kill,79.57
Warrior+Paladin_vs_Priest+Hunter,Warrior+Paladin,Priest+Hunter,1,team2,kill,88.45
Warrior+Paladin_vs_Priest+Hunter,Warrior+Paladin,Priest+Hunter,2,team1,kill,97.22
Warrior+Paladin_vs_Priest+Hunter,Warrior+Paladin,Priest+Hunter,3,team1,kill,61.73
Warrior+Paladin_vs_Priest+Hunter,Warrior+Paladin,Priest+Hunter,4,team1,kill,76.67
Warrior+Paladin_vs_Priest+Hunter,Warrior+Paladin,Priest+Hunter,5,team2,kill,74.78
Warrior+Paladin_vs_Priest+Hunter,Warrior+Paladin,Priest+Hunter,6,team2,kill,78.62
Warrior+Paladin_vs_Priest+Hunter,Warrior+Paladin,Priest+Hunter,7,team2,kill,72.33
Warrior+Paladin_vs_Priest+Hunter,Warrior+Paladin,Priest+Hunter,8,team1,kill,95.39
Warrior+Paladin_vs_Priest+Hunter,Warrior+Paladin,Priest+Hunter,9,team2,kill,75.48
Warrior+Paladin_vs_Warlock+Hunter,Warrior+Paladin,Warlock+Hunter,0,team1,kill,88.99
Warrior+Paladin_vs_Warlock+Hunter,Warrior+Paladin,Warlock+Hunter,1,team1,kill,76.32
Warrior+Paladin_vs_Warlock+Hunter,Warrior+Paladin,Warlock+Hunter,2,team1,kill,92.02
Warrior+Paladin_vs_Warlock+Hunter,Warrior+Paladin,Warlock+Hunter,3,team1,kill,37.10
Warrior+Paladin_vs_Warlock+Hunter,Warrior+Paladin,Warlock+Hunter,4,team2,kill,56.68
Warrior+Paladin_vs_Warlock+Hunter,Warrior+Paladin,Warlock+Hunter,5,team1,kill,78.90
Warrior+Paladin_vs_Warlock+Hunter,Warrior+Paladin,Warlock+Hunter,6,team2,kill,51.92
Warrior+Paladin_vs_Warlock+Hunter,Warrior+Paladin,Warlock+Hunter,7,team1,kill,59.97
Warrior+Paladin_vs_Warlock+Hunter,Warrior+Paladin,Warlock+Hunter,8,team1,kill,77.34
Warrior+Paladin_vs_Warlock+Hunter,Warrior+Paladin,Warlock+Hunter,9,team1,kill,38.82
Warrior+Paladin_vs_Paladin+Hunter,Warrior+Paladin,Paladin+Hunter,0,team1,kill,65.20
Warrior+Paladin_vs_Paladin+Hunter,Warrior+Paladin,Paladin+Hunter,1,team2,kill,93.06
Warrior+Paladin_vs_Paladin+Hunter,Warrior+Paladin,Paladin+Hunter,2,team2,kill,91.15
Warrior+Paladin_vs_Paladin+Hunter,Warrior+Paladin,Paladin+Hunter,3,team2,kill,95.24
Warrior+Paladin_vs_Paladin+Hunter,Warrior+Paladin,Paladin+Hunter,4,team2,kill,100.22
Warrior+Paladin_vs_Paladin+Hunter,Warrior+Paladin,Paladin+Hunter,5,team2,kill,75.84
Warrior+Paladin_vs_Paladin+Hunter,Warrior+Paladin,Paladin+Hunter,6,team2,kill,97.87
Warrior+Paladin_vs_Paladin+Hunter,Warrior+Paladin,Paladin+Hunter,7,team2,kill,96.31
Warrior+Paladin_vs_Paladin+Hunter,Warrior+Paladin,Paladin+Hunter,8,team2,kill,95.34
Warrior+Paladin_vs_Paladin+Hunter,Warrior+Paladin,Paladin+Hunter,9,team2,kill,101.79
Warrior+Paladin_vs_Hunter+Shaman,Warrior+Paladin,Hunter+Shaman,0,team1,kill,286.96
Warrior+Paladin_vs_Hunter+Shaman,Warrior+Paladin,Hunter+Shaman,1,team1,kill,159.51
Warrior+Paladin_vs_Hunter+Shaman,Warrior+Paladin,Hunter+Shaman,2,team1,kill,188.03
Warrior+Paladin_vs_Hunter+Shaman,Warrior+Paladin,Hunter+Shaman,3,team1,kill,171.12
Warrior+Paladin_vs_Hunter+Shaman,Warrior+Paladin,Hunter+Shaman,4,team1,kill,156.84
Warrior+Paladin_vs_Hunter+Shaman,Warrior+Paladin,Hunter+Shaman,5,team1,kill,188.36
Warrior+Paladin_vs_Hunter+Shaman,Warrior+Paladin,Hunter+Shaman,6,team1,kill,180.60
Warrior+Paladin_vs_Hunter+Shaman,Warrior+Paladin,Hunter+Shaman,7,team1,kill,204.94
Warrior+Paladin_vs_Hunter+Shaman,Warrior+Paladin,Hunter+Shaman,8,team1,kill,212.06
Warrior+Paladin_vs_Hunter+Shaman,Warrior+Paladin,Hunter+Shaman,9,team1,kill,278.34
Warrior+Hunter_vs_Warrior+Mage,Warrior+Hunter,Warrior+Mage,0,team2,kill,25.43
Warrior+Hunter_vs_Warrior+Mage,Warrior+Hunter,Warrior+Mage,1,team2,kill,21.50
Warrior+Hunter_vs_Warrior+Mage,Warrior+Hunter,Warrior+Mage,2,team2,kill,25.13
Warrior+Hunter_vs_Warrior+Mage,Warrior+Hunter,Warrior+Mage,3,team2,kill,25.93
Warrior+Hunter_vs_Warrior+Mage,Warrior+Hunter,Warrior+Mage,4,team2,kill,21.88
Warrior+Hunter_vs_Warrior+Mage,Warrior+Hunter,Warrior+Mage,5,team2,kill,24.15
Warrior+Hunter_vs_Warrior+Mage,Warrior+Hunter,Warrior+Mage,6,team2,kill,25.93
Warrior+Hunter_vs_Warrior+Mage,Warrior+Hunter,Warrior+Mage,7,team2,kill,20.07
Warrior+Hunter_vs_Warrior+Mage,Warrior+Hunter,Warrior+Mage,8,team2,kill,20.58
Warrior+Hunter_vs_Warrior+Mage,Warrior+Hunter,Warrior+Mage,9,team2,kill,21.47
Warrior+Hunter_vs_Warrior+Rogue,Warrior+Hunter,Warrior+Rogue,0,team1,kill,22.98
Warrior+Hunter_vs_Warrior+Rogue,Warrior+Hunter,Warrior+Rogue,1,team1,kill,25.37
Warrior+Hunter_vs_Warrior+Rogue,Warrior+Hunter,Warrior+Rogue,2,team1,kill,25.37
Warrior+Hunter_vs_Warrior+Rogue,Warrior+Hunter,Warrior+Rogue,3,team1,kill,26.03
Warrior+Hunter_vs_Warrior+Rogue,Warrior+Hunter,Warrior+Rogue,4,team1,kill,21.30
Warrior+Hunter_vs_Warrior+Rogue,Warrior+Hunter,Warrior+Rogue,5,team1,kill,25.37
Warrior+Hunter_vs_Warrior+Rogue,Warrior+Hunter,Warrior+Rogue,6,team1,kill,27.40
Warrior+Hunter_vs_Warrior+Rogue,Warrior+Hunter,Warrior+Rogue,7,team1,kill,23.00
Warrior+Hunter_vs_Warrior+Rogue,Warrior+Hunter,Warrior+Rogue,8,team1,kill,26.03
Warrior+Hunter_vs_Warrior+Rogue,Warrior+Hunter,Warrior+Rogue,9,team1,kill,27.70
Warrior+Hunter_vs_Warrior+Priest,Warrior+Hunter,Warrior+Priest,0,team1,kill,42.17
Warrior+Hunter_vs_Warrior+Priest,Warrior+Hunter,Warrior+Priest,1,team1,kill,42.60
Warrior+Hunter_vs_Warrior+Priest,Warrior+Hunter,Warrior+Priest,2,team2,kill,24.37
Warrior+Hunter_vs_Warrior+Priest,Warrior+Hunter,Warrior+Priest,3,team2,kill,36.07
Warrior+Hunter_vs_Warrior+Priest,Warrior+Hunter,Warrior+Priest,4,team1,kill,38.22
Warrior+Hunter_vs_Warrior+Priest,Warrior+Hunter,Warrior+Priest,5,team1,kill,41.03
Warrior+Hunter_vs_Warrior+Priest,Warrior+Hunter,Warrior+Priest,6,team2,kill,26.00
Warrior+Hunter_vs_Warrior+Priest,Warrior+Hunter,Warrior+Priest,7,team2,kill,29.23
Warrior+Hunter_vs_Warrior+Priest,Warrior+Hunter,Warrior+Priest,8,team2,kill,24.07
Warrior+Hunter_vs_Warrior+Priest,Warrior+Hunter,Warrior+Priest,9,team2,kill,34.93
Warrior+Hunter_vs_Warrior+Warlock,Warrior+Hunter,Warrior+Warlock,0,team2,kill,29.53
Warrior+Hunter_vs_Warrior+Warlock,Warrior+Hunter,Warrior+Warlock,1,team2,kill,26.68
Warrior+Hunter_vs_Warrior+Warlock,Warrior+Hunter,Warrior+Warlock,2,team2,kill,29.35
Warrior+Hunter_vs_Warrior+Warlock,Warrior+Hunter,Warrior+Warlock,3,team2,kill,23.65
Warrior+Hunter_vs_Warrior+Warlock,Warrior+Hunter,Warrior+Warlock,4,team2,kill,29.67
Warrior+Hunter_vs_Warrior+Warlock,Warrior+Hunter,Warrior+Warlock,5,team2,kill,26.73
Warrior+Hunter_vs_Warrior+Warlock,Warrior+Hunter,Warrior+Warlock,6,team1,kill,26.93
Warrior+Hunter_vs_Warrior+Warlock,Warrior+Hunter,Warrior+Warlock,7,team1,kill,17.87
Warrior+Hunter_vs_Warrior+Warlock,Warrior+Hunter,Warrior+Warlock,8,team2,kill,29.48
Warrior+Hunter_vs_Warrior+Warlock,Warrior+Hunter,Warrior+Warlock,9,team1,kill,21.68
Warrior+Hunter_vs_Warrior+Paladin,Warrior+Hunter,Warrior+Paladin,0,team2,kill,57.72
Warrior+Hunter_vs_Warrior+Paladin,Warrior+Hunter,Warrior+Paladin,1,team2,kill,36.67
Warrior+Hunter_vs_Warrior+Paladin,Warrior+Hunter,Warrior+Paladin,2,team2,kill,35.55
Warrior+Hunter_vs_Warrior+Paladin,Warrior+Hunter,Warrior+Paladin,3,team2,kill,52.58
Warrior+Hunter_vs_Warrior+Paladin,Warrior+Hunter,Warrior+Paladin,4,team2,kill,73.38
Warrior+Hunter_vs_Warrior+Paladin,Warrior+Hunter,Warrior+Paladin,5,team2,kill,52.58
Warrior+Hunter_vs_Warrior+Paladin,Warrior+Hunter,Warrior+Paladin,6,team2,kill,24.52
Warrior+Hunter_vs_Warrior+Paladin,Warrior+Hunter,Warrior+Paladin,7,team2,kill,35.25
Warrior+Hunter_vs_Warrior+Paladin,Warrior+Hunter,Warrior+Paladin,8,team2,kill,33.20
Warrior+Hunter_vs_Warrior+Paladin,Warrior+Hunter,Warrior+Paladin,9,team2,kill,34.78
Warrior+Hunter_vs_Warrior+Hunter,Warrior+Hunter,Warrior+Hunter,0,team1,kill,25.13
Warrior+Hunter_vs_Warrior+Hunter,Warrior+Hunter,Warrior+Hunter,1,team2,kill,22.58
Warrior+Hunter_vs_Warrior+Hunter,Warrior+Hunter,Warrior+Hunter,2,team2,kill,25.13
Warrior+Hunter_vs_Warrior+Hunter,Warrior+Hunter,Warrior+Hunter,3,draw,kill,27.55
Warrior+Hunter_vs_Warrior+Hunter,Warrior+Hunter,Warrior+Hunter,4,team1,kill,26.18
Warrior+Hunter_vs_Warrior+Hunter,Warrior+Hunter,Warrior+Hunter,5,team2,kill,23.17
Warrior+Hunter_vs_Warrior+Hunter,Warrior+Hunter,Warrior+Hunter,6,team1,kill,25.13
Warrior+Hunter_vs_Warrior+Hunter,Warrior+Hunter,Warrior+Hunter,7,team1,kill,26.18
Warrior+Hunter_vs_Warrior+Hunter,Warrior+Hunter,Warrior+Hunter,8,team1,kill,22.72
Warrior+Hunter_vs_Warrior+Hunter,Warrior+Hunter,Warrior+Hunter,9,team2,kill,22.60
Warrior+Hunter_vs_Warrior+Shaman,Warrior+Hunter,Warrior+Shaman,0,team2,kill,30.10
Warrior+Hunter_vs_Warrior+Shaman,Warrior+Hunter,Warrior+Shaman,1,team2,kill,33.12
Warrior+Hunter_vs_Warrior+Shaman,Warrior+Hunter,Warrior+Shaman,2,team1,kill,39.50
Warrior+Hunter_vs_Warrior+Shaman,Warrior+Hunter,Warrior+Shaman,3,team2,kill,30.10
Warrior+Hunter_vs_Warrior+Shaman,Warrior+Hunter,Warrior+Shaman,4,team1,kill,60.37
Warrior+Hunter_vs_Warrior+Shaman,Warrior+Hunter,Warrior+Shaman,5,team1,kill,39.50
Warrior+Hunter_vs_Warrior+Shaman,Warrior+Hunter,Warrior+Shaman,6,team2,kill,30.10
Warrior+Hunter_vs_Warrior+Shaman,Warrior+Hunter,Warrior+Shaman,7,team2,kill,22.55
Warrior+Hunter_vs_Warrior+Shaman,Warrior+Hunter,Warrior+Shaman,8,team1,kill,59.97
Warrior+Hunter_vs_Warrior+Shaman,Warrior+Hunter,Warrior+Shaman,9,team1,kill,45.47
Warrior+Hunter_vs_Mage+Rogue,Warrior+Hunter,Mage+Rogue,0,team1,kill,28.00
Warrior+Hunter_vs_Mage+Rogue,Warrior+Hunter,Mage+Rogue,1,team2,kill,29.60
Warrior+Hunter_vs_Mage+Rogue,Warrior+Hunter,Mage+Rogue,2,team1,kill,29.75
Warrior+Hunter_vs_Mage+Rogue,Warrior+Hunter,Mage+Rogue,3,team1,kill,30.08
Warrior+Hunter_vs_Mage+Rogue,Warrior+Hunter,Mage+Rogue,4,team1,kill,27.98
Warrior+Hunter_vs_Mage+Rogue,Warrior+Hunter,Mage+Rogue,5,team1,kill,29.75
Warrior+Hunter_vs_Mage+Rogue,Warrior+Hunter,Mage+Rogue,6,team1,kill,30.37
Warrior+Hunter_vs_Mage+Rogue,Warrior+Hunter,Mage+Rogue,7,team1,kill,28.00
Warrior+Hunter_vs_Mage+Rogue,Warrior+Hunter,Mage+Rogue,8,team1,kill,30.33
Warrior+Hunter_vs_Mage+Rogue,Warrior+Hunter,Mage+Rogue,9,team1,kill,27.97
Warrior+Hunter_vs_Mage+Priest,Warrior+Hunter,Mage+Priest,0,team2,kill,30.15
Warrior+Hunter_vs_Mage+Priest,Warrior+Hunter,Mage+Priest,1,team2,kill,26.35
Warrior+Hunter_vs_Mage+Priest,Warrior+Hunter,Mage+Priest,2,team2,kill,30.75
Warrior+Hunter_vs_Mage+Priest,Warrior+Hunter,Mage+Priest,3,team2,kill,30.23
Warrior+Hunter_vs_Mage+Priest,Warrior+Hunter,Mage+Priest,4,team2,kill,15.00
Warrior+Hunter_vs_Mage+Priest,Warrior+Hunter,Mage+Priest,5,team2,kill,30.25
Warrior+Hunter_vs_Mage+Priest,Warrior+Hunter,Mage+Priest,6,team2,kill,30.17
Warrior+Hunter_vs_Mage+Priest,Warrior+Hunter,Mage+Priest,7,team2,kill,30.30
Warrior+Hunter_vs_Mage+Priest,Warrior+Hunter,Mage+Priest,8,team2,kill,29.30
Warrior+Hunter_vs_Mage+Priest,Warrior+Hunter,Mage+Priest,9,team2,kill,30.30
Warrior+Hunter_vs_Mage+Warlock,Warrior+Hunter,Mage+Warlock,0,team2,kill,25.95
Warrior+Hunter_vs_Mage+Warlock,Warrior+Hunter,Mage+Warlock,1,team2,kill,25.88
Warrior+Hunter_vs_Mage+Warlock,Warrior+Hunter,Mage+Warlock,2,team2,kill,25.78
Warrior+Hunter_vs_Mage+Warlock,Warrior+Hunter,Mage+Warlock,3,team2,kill,25.75
Warrior+Hunter_vs_Mage+Warlock,Warrior+Hunter,Mage+Warlock,4,team2,kill,25.57
Warrior+Hunter_vs_Mage+Warlock,Warrior+Hunter,Mage+Warlock,5,team2,kill,20.82
Warrior+Hunter_vs_Mage+Warlock,Warrior+Hunter,Mage+Warlock,6,team2,kill,25.37
Warrior+Hunter_vs_Mage+Warlock,Warrior+Hunter,Mage+Warlock,7,team2,kill,20.68
Warrior+Hunter_vs_Mage+Warlock,Warrior+Hunter,Mage+Warlock,8,team2,kill,25.95
Warrior+Hunter_vs_Mage+Warlock,Warrior+Hunter,Mage+Warlock,9,team2,kill,20.82
Warrior+Hunter_vs_Mage+Paladin,Warrior+Hunter,Mage+Paladin,0,team2,kill,27.68
Warrior+Hunter_vs_Mage+Paladin,Warrior+Hunter,Mage+Paladin,1,team2,kill,30.63
Warrior+Hunter_vs_Mage+Paladin,Warrior+Hunter,Mage+Paladin,2,team2,kill,28.52
Warrior+Hunter_vs_Mage+Paladin,Warrior+Hunter,Mage+Paladin,3,team2,kill,29.02
Warrior+Hunter_vs_Mage+Paladin,Warrior+Hunter,Mage+Paladin,4,team2,kill,27.37
Warrior+Hunter_vs_Mage+Paladin,Warrior+Hunter,Mage+Paladin,5,team2,kill,28.97
Warrior+Hunter_vs_Mage+Paladin,Warrior+Hunter,Mage+Paladin,6,team2,kill,30.67
Warrior+Hunter_vs_Mage+Paladin,Warrior+Hunter,Mage+Paladin,7,team2,kill,29.20
Warrior+Hunter_vs_Mage+Paladin,Warrior+Hunter,Mage+Paladin,8,team2,kill,28.92
Warrior+Hunter_vs_Mage+Paladin,Warrior+Hunter,Mage+Paladin,9,team2,kill,27.42
Warrior+Hunter_vs_Mage+Hunter,Warrior+Hunter,Mage+Hunter,0,team2,kill,25.15
Warrior+Hunter_vs_Mage+Hunter,Warrior+Hunter,Mage+Hunter,1,team1,kill,19.53
Warrior+Hunter_vs_Mage+Hunter,Warrior+Hunter,Mage+Hunter,2,team2,kill,25.17
Warrior+Hunter_vs_Mage+Hunter,Warrior+Hunter,Mage+Hunter,3,team2,kill,31.43
Warrior+Hunter_vs_Mage+Hunter,Warrior+Hunter,Mage+Hunter,4,team1,kill,19.08
Warrior+Hunter_vs_Mage+Hunter,Warrior+Hunter,Mage+Hunter,5,team1,kill,18.83
Warrior+Hunter_vs_Mage+Hunter,Warrior+Hunter,Mage+Hunter,6,team1,kill,25.22
Warrior+Hunter_vs_Mage+Hunter,Warrior+Hunter,Mage+Hunter,7,team2,kill,28.93
Warrior+Hunter_vs_Mage+Hunter,Warrior+Hunter,Mage+Hunter,8,draw,kill,31.48
Warrior+Hunter_vs_Mage+Hunter,Warrior+Hunter,Mage+Hunter,9,team2,kill,28.85
Warrior+Hunter_vs_Mage+Shaman,Warrior+Hunter,Mage+Shaman,0,team2,kill,13.53
Warrior+Hunter_vs_Mage+Shaman,Warrior+Hunter,Mage+Shaman,1,team2,kill,13.53
Warrior+Hunter_vs_Mage+Shaman,Warrior+Hunter,Mage+Shaman,2,team2,kill,13.08
Warrior+Hunter_vs_Mage+Shaman,Warrior+Hunter,Mage+Shaman,3,team2,kill,13.53
Warrior+Hunter_vs_Mage+Shaman,Warrior+Hunter,Mage+Shaman,4,team2,kill,11.67
Warrior+Hunter_vs_Mage+Shaman,Warrior+Hunter,Mage+Shaman,5,team2,kill,13.08
Warrior+Hunter_vs_Mage+Shaman,Warrior+Hunter,Mage+Shaman,6,team2,kill,13.53
Warrior+Hunter_vs_Mage+Shaman,Warrior+Hunter,Mage+Shaman,7,team2,kill,13.53
Warrior+Hunter_vs_Mage+Shaman,Warrior+Hunter,Mage+Shaman,8,team2,kill,13.53
Warrior+Hunter_vs_Mage+Shaman,Warrior+Hunter,Mage+Shaman,9,team2,kill,13.53
Warrior+Hunter_vs_Rogue+Priest,Warrior+Hunter,Rogue+Priest,0,team1,kill,38.50
Warrior+Hunter_vs_Rogue+Priest,Warrior+Hunter,Rogue+Priest,1,team1,kill,45.67
Warrior+Hunter_vs_Rogue+Priest,Warrior+Hunter,Rogue+Priest,2,team1,kill,49.53
Warrior+Hunter_vs_Rogue+Priest,Warrior+Hunter,Rogue+Priest,3,team1,kill,51.87
Warrior+Hunter_vs_Rogue+Priest,Warrior+Hunter,Rogue+Priest,4,team1,kill,52.27
Warrior+Hunter_vs_Rogue+Priest,Warrior+Hunter,Rogue+Priest,5,team1,kill,37.37
Warrior+Hunter_vs_Rogue+Priest,Warrior+Hunter,Rogue+Priest,6,team1,kill,41.15
Warrior+Hunter_vs_Rogue+Priest,Warrior+Hunter,Rogue+Priest,7,team1,kill,50.58
Warrior+Hunter_vs_Rogue+Priest,Warrior+Hunter,Rogue+Priest,8,team1,kill,17.07
Warrior+Hunter_vs_Rogue+Priest,Warrior+Hunter,Rogue+Priest,9,team1,kill,51.48
Warrior+Hunter_vs_Rogue+Warlock,Warrior+Hunter,Rogue+Warlock,0,team1,kill,28.60
Warrior+Hunter_vs_Rogue+Warlock,Warrior+Hunter,Rogue+Warlock,1,team1,kill,31.45
Warrior+Hunter_vs_Rogue+Warlock,Warrior+Hunter,Rogue+Warlock,2,team1,kill,21.72
Warrior+Hunter_vs_Rogue+Warlock,Warrior+Hunter,Rogue+Warlock,3,team2,kill,29.77
Warrior+Hunter_vs_Rogue+Warlock,Warrior+Hunter,Rogue+Warlock,4,team1,kill,25.13
Warrior+Hunter_vs_Rogue+Warlock,Warrior+Hunter,Rogue+Warlock,5,team2,kill,28.68
Warrior+Hunter_vs_Rogue+Warlock,Warrior+Hunter,Rogue+Warlock,6,team1,kill,28.73
Warrior+Hunter_vs_Rogue+Warlock,Warrior+Hunter,Rogue+Warlock,7,team2,kill,30.32
Warrior+Hunter_vs_Rogue+Warlock,Warrior+Hunter,Rogue+Warlock,8,team1,kill,23.28
Warrior+Hunter_vs_Rogue+Warlock,Warrior+Hunter,Rogue+Warlock,9,team1,kill,26.88
Warrior+Hunter_vs_Rogue+Paladin,Warrior+Hunter,Rogue+Paladin,0,team1,kill,43.75
Warrior+Hunter_vs_Rogue+Paladin,Warrior+Hunter,Rogue+Paladin,1,team1,kill,44.17
Warrior+Hunter_vs_Rogue+Paladin,Warrior+Hunter,Rogue+Paladin,2,team2,kill,71.48
Warrior+Hunter_vs_Rogue+Paladin,Warrior+Hunter,Rogue+Paladin,3,team2,kill,71.52
Warrior+Hunter_vs_Rogue+Paladin,Warrior+Hunter,Rogue+Paladin,4,team1,kill,43.87
Warrior+Hunter_vs_Rogue+Paladin,Warrior+Hunter,Rogue+Paladin,5,team2,kill,70.00
Warrior+Hunter_vs_Rogue+Paladin,Warrior+Hunter,Rogue+Paladin,6,team1,kill,44.65
Warrior+Hunter_vs_Rogue+Paladin,Warrior+Hunter,Rogue+Paladin,7,team2,kill,66.08
Warrior+Hunter_vs_Rogue+Paladin,Warrior+Hunter,Rogue+Paladin,8,team2,kill,69.85
Warrior+Hunter_vs_Rogue+Paladin,Warrior+Hunter,Rogue+Paladin,9,team2,kill,64.92
Warrior+Hunter_vs_Rogue+Hunter,Warrior+Hunter,Rogue+Hunter,0,team1,kill,30.12
Warrior+Hunter_vs_Rogue+Hunter,Warrior+Hunter,Rogue+Hunter,1,team1,kill,27.58
Warrior+Hunter_vs_Rogue+Hunter,Warrior+Hunter,Rogue+Hunter,2,team1,kill,32.53
Warrior+Hunter_vs_Rogue+Hunter,Warrior+Hunter,Rogue+Hunter,3,team1,kill,28.47
Warrior+Hunter_vs_Rogue+Hunter,Warrior+Hunter,Rogue+Hunter,4,team1,kill,27.58
Warrior+Hunter_vs_Rogue+Hunter,Warrior+Hunter,Rogue+Hunter,5,team1,kill,27.60
Warrior+Hunter_vs_Rogue+Hunter,Warrior+Hunter,Rogue+Hunter,6,team1,kill,32.53
Warrior+Hunter_vs_Rogue+Hunter,Warrior+Hunter,Rogue+Hunter,7,team1,kill,27.60
Warrior+Hunter_vs_Rogue+Hunter,Warrior+Hunter,Rogue+Hunter,8,team1,kill,32.53
Warrior+Hunter_vs_Rogue+Hunter,Warrior+Hunter,Rogue+Hunter,9,team2,kill,27.45
Warrior+Hunter_vs_Rogue+Shaman,Warrior+Hunter,Rogue+Shaman,0,team1,kill,58.68
Warrior+Hunter_vs_Rogue+Shaman,Warrior+Hunter,Rogue+Shaman,1,team1,kill,51.90
Warrior+Hunter_vs_Rogue+Shaman,Warrior+Hunter,Rogue+Shaman,2,team1,kill,51.92
Warrior+Hunter_vs_Rogue+Shaman,Warrior+Hunter,Rogue+Shaman,3,team1,kill,54.32
Warrior+Hunter_vs_Rogue+Shaman,Warrior+Hunter,Rogue+Shaman,4,team1,kill,51.48
Warrior+Hunter_vs_Rogue+Shaman,Warrior+Hunter,Rogue+Shaman,5,team1,kill,34.97
Warrior+Hunter_vs_Rogue+Shaman,Warrior+Hunter,Rogue+Shaman,6,team1,kill,52.53
Warrior+Hunter_vs_Rogue+Shaman,Warrior+Hunter,Rogue+Shaman,7,team1,kill,42.90
Warrior+Hunter_vs_Rogue+Shaman,Warrior+Hunter,Rogue+Shaman,8,team1,kill,57.07
Warrior+Hunter_vs_Rogue+Shaman,Warrior+Hunter,Rogue+Shaman,9,team1,kill,63.97
Warrior+Hunter_vs_Priest+Warlock,Warrior+Hunter,Priest+Warlock,0,team2,kill,29.55
Warrior+Hunter_vs_Priest+Warlock,Warrior+Hunter,Priest+Warlock,1,team2,kill,27.25
Warrior+Hunter_vs_Priest+Warlock,Warrior+Hunter,Priest+Warlock,2,team2,kill,27.25
Warrior+Hunter_vs_Priest+Warlock,Warrior+Hunter,Priest+Warlock,3,team2,kill,30.32
Warrior+Hunter_vs_Priest+Warlock,Warrior+Hunter,Priest+Warlock,4,team2,kill,37.68
Warrior+Hunter_vs_Priest+Warlock,Warrior+Hunter,Priest+Warlock,5,team2,kill,26.35
Warrior+Hunter_vs_Priest+Warlock,Warrior+Hunter,Priest+Warlock,6,team2,kill,29.80
Warrior+Hunter_vs_Priest+Warlock,Warrior+Hunter,Priest+Warlock,7,team2,kill,29.28
Warrior+Hunter_vs_Priest+Warlock,Warrior+Hunter,Priest+Warlock,8,team2,kill,28.72
Warrior+Hunter_vs_Priest+Warlock,Warrior+Hunter,Priest+Warlock,9,team2,kill,26.70
Warrior+Hunter_vs_Priest+Hunter,Warrior+Hunter,Priest+Hunter,0,team2,kill,30.20
Warrior+Hunter_vs_Priest+Hunter,Warrior+Hunter,Priest+Hunter,1,team2,kill,27.80
Warrior+Hunter_vs_Priest+Hunter,Warrior+Hunter,Priest+Hunter,2,team2,kill,26.00
Warrior+Hunter_vs_Priest+Hunter,Warrior+Hunter,Priest+Hunter,3,team2,kill,26.23
Warrior+Hunter_vs_Priest+Hunter,Warrior+Hunter,Priest+Hunter,4,team2,kill,30.20
Warrior+Hunter_vs_Priest+Hunter,Warrior+Hunter,Priest+Hunter,5,team2,kill,29.48
Warrior+Hunter_vs_Priest+Hunter,Warrior+Hunter,Priest+Hunter,6,team2,kill,30.20
Warrior+Hunter_vs_Priest+Hunter,Warrior+Hunter,Priest+Hunter,7,team2,kill,25.37
Warrior+Hunter_vs_Priest+Hunter,Warrior+Hunter,Priest+Hunter,8,team2,kill,31.20
Warrior+Hunter_vs_Priest+Hunter,Warrior+Hunter,Priest+Hunter,9,team2,kill,22.57
Warrior+Hunter_vs_Warlock+Paladin,Warrior+Hunter,Warlock+Paladin,0,team2,kill,53.72
Warrior+Hunter_vs_Warlock+Paladin,Warrior+Hunter,Warlock+Paladin,1,team2,kill,38.67
Warrior+Hunter_vs_Warlock+Paladin,Warrior+Hunter,Warlock+Paladin,2,team2,kill,33.67
Warrior+Hunter_vs_Warlock+Paladin,Warrior+Hunter,Warlock+Paladin,3,team2,kill,33.17
Warrior+Hunter_vs_Warlock+Paladin,Warrior+Hunter,Warlock+Paladin,4,team2,kill,33.53
Warrior+Hunter_vs_Warlock+Paladin,Warrior+Hunter,Warlock+Paladin,5,team2,kill,31.83
Warrior+Hunter_vs_Warlock+Paladin,Warrior+Hunter,Warlock+Paladin,6,team2,kill,41.75
Warrior+Hunter_vs_Warlock+Paladin,Warrior+Hunter,Warlock+Paladin,7,team2,kill,38.67
Warrior+Hunter_vs_Warlock+Paladin,Warrior+Hunter,Warlock+Paladin,8,team2,kill,31.05
Warrior+Hunter_vs_Warlock+Paladin,Warrior+Hunter,Warlock+Paladin,9,team2,kill,32.73
Warrior+Hunter_vs_Warlock+Hunter,Warrior+Hunter,Warlock+Hunter,0,team2,kill,24.78
Warrior+Hunter_vs_Warlock+Hunter,Warrior+Hunter,Warlock+Hunter,1,team2,kill,23.30
Warrior+Hunter_vs_Warlock+Hunter,Warrior+Hunter,Warlock+Hunter,2,team2,kill,24.75
Warrior+Hunter_vs_Warlock+Hunter,Warrior+Hunter,Warlock+Hunter,3,team2,kill,25.28
Warrior+Hunter_vs_Warlock+Hunter,Warrior+Hunter,Warlock+Hunter,4,team2,kill,25.98
Warrior+Hunter_vs_Warlock+Hunter,Warrior+Hunter,Warlock+Hunter,5,team2,kill,22.18
Warrior+Hunter_vs_Warlock+Hunter,Warrior+Hunter,Warlock+Hunter,6,team2,kill,24.78
Warrior+Hunter_vs_Warlock+Hunter,Warrior+Hunter,Warlock+Hunter,7,team1,kill,21.80
Warrior+Hunter_vs_Warlock+Hunter,Warrior+Hunter,Warlock+Hunter,8,team2,kill,25.07
Warrior+Hunter_vs_Warlock+Hunter,Warrior+Hunter,Warlock+Hunter,9,team2,kill,24.08
Warrior+Hunter_vs_Warlock+Shaman,Warrior+Hunter,Warlock+Shaman,0,team2,kill,24.15
Warrior+Hunter_vs_Warlock+Shaman,Warrior+Hunter,Warlock+Shaman,1,team2,kill,21.70
Warrior+Hunter_vs_Warlock+Shaman,Warrior+Hunter,Warlock+Shaman,2,team2,kill,22.68
Warrior+Hunter_vs_Warlock+Shaman,Warrior+Hunter,Warlock+Shaman,3,team2,kill,21.92
Warrior+Hunter_vs_Warlock+Shaman,Warrior+Hunter,Warlock+Shaman,4,team2,kill,22.68
Warrior+Hunter_vs_Warlock+Shaman,Warrior+Hunter,Warlock+Shaman,5,team2,kill,22.68
Warrior+Hunter_vs_Warlock+Shaman,Warrior+Hunter,Warlock+Shaman,6,team1,kill,58.45
Warrior+Hunter_vs_Warlock+Shaman,Warrior+Hunter,Warlock+Shaman,7,team1,kill,65.62
Warrior+Hunter_vs_Warlock+Shaman,Warrior+Hunter,Warlock+Shaman,8,team2,kill,22.72
Warrior+Hunter_vs_Warlock+Shaman,Warrior+Hunter,Warlock+Shaman,9,team2,kill,23.60
Warrior+Hunter_vs_Paladin+Hunter,Warrior+Hunter,Paladin+Hunter,0,team2,kill,40.17
Warrior+Hunter_vs_Paladin+Hunter,Warrior+Hunter,Paladin+Hunter,1,team2,kill,33.53
Warrior+Hunter_vs_Paladin+Hunter,Warrior+Hunter,Paladin+Hunter,2,team2,kill,52.30
Warrior+Hunter_vs_Paladin+Hunter,Warrior+Hunter,Paladin+Hunter,3,team2,kill,40.78
Warrior+Hunter_vs_Paladin+Hunter,Warrior+Hunter,Paladin+Hunter,4,team2,kill,33.53
Warrior+Hunter_vs_Paladin+Hunter,Warrior+Hunter,Paladin+Hunter,5,team2,kill,28.62
Warrior+Hunter_vs_Paladin+Hunter,Warrior+Hunter,Paladin+Hunter,6,team2,kill,40.78
Warrior+Hunter_vs_Paladin+Hunter,Warrior+Hunter,Paladin+Hunter,7,team2,kill,31.12
Warrior+Hunter_vs_Paladin+Hunter,Warrior+Hunter,Paladin+Hunter,8,team2,kill,40.17
Warrior+Hunter_vs_Paladin+Hunter,Warrior+Hunter,Paladin+Hunter,9,team2,kill,35.95
Warrior+Hunter_vs_Hunter+Shaman,Warrior+Hunter,Hunter+Shaman,0,team2,kill,15.92
Warrior+Hunter_vs_Hunter+Shaman,Warrior+Hunter,Hunter+Shaman,1,team2,kill,18.62
Warrior+Hunter_vs_Hunter+Shaman,Warrior+Hunter,Hunter+Shaman,2,team2,kill,18.62
Warrior+Hunter_vs_Hunter+Shaman,Warrior+Hunter,Hunter+Shaman,3,team1,kill,40.32
Warrior+Hunter_vs_Hunter+Shaman,Warrior+Hunter,Hunter+Shaman,4,team2,kill,14.42
Warrior+Hunter_vs_Hunter+Shaman,Warrior+Hunter,Hunter+Shaman,5,team2,kill,17.43
Warrior+Hunter_vs_Hunter+Shaman,Warrior+Hunter,Hunter+Shaman,6,team1,kill,57.10
Warrior+Hunter_vs_Hunter+Shaman,Warrior+Hunter,Hunter+Shaman,7,team2,kill,16.07
Warrior+Hunter_vs_Hunter+Shaman,Warrior+Hunter,Hunter+Shaman,8,team2,kill,19.47
Warrior+Hunter_vs_Hunter+Shaman,Warrior+Hunter,Hunter+Shaman,9,team2,kill,17.43
Warrior+Shaman_vs_Warrior+Hunter,Warrior+Shaman,Warrior+Hunter,0,team1,kill,30.10
Warrior+Shaman_vs_Warrior+Hunter,Warrior+Shaman,Warrior+Hunter,1,team1,kill,33.12
Warrior+Shaman_vs_Warrior+Hunter,Warrior+Shaman,Warrior+Hunter,2,team2,kill,39.50
Warrior+Shaman_vs_Warrior+Hunter,Warrior+Shaman,Warrior+Hunter,3,team1,kill,30.10
Warrior+Shaman_vs_Warrior+Hunter,Warrior+Shaman,Warrior+Hunter,4,team2,kill,60.37
Warrior+Shaman_vs_Warrior+Hunter,Warrior+Shaman,Warrior+Hunter,5,team2,kill,39.50
Warrior+Shaman_vs_Warrior+Hunter,Warrior+Shaman,Warrior+Hunter,6,team1,kill,30.10
Warrior+Shaman_vs_Warrior+Hunter,Warrior+Shaman,Warrior+Hunter,7,team1,kill,22.55
Warrior+Shaman_vs_Warrior+Hunter,Warrior+Shaman,Warrior+Hunter,8,team2,kill,59.97
Warrior+Shaman_vs_Warrior+Hunter,Warrior+Shaman,Warrior+Hunter,9,team2,kill,45.47
Warrior+Shaman_vs_Mage+Hunter,Warrior+Shaman,Mage+Hunter,0,team2,kill,71.32
Warrior+Shaman_vs_Mage+Hunter,Warrior+Shaman,Mage+Hunter,1,team2,kill,33.60
Warrior+Shaman_vs_Mage+Hunter,Warrior+Shaman,Mage+Hunter,2,team2,kill,27.30
Warrior+Shaman_vs_Mage+Hunter,Warrior+Shaman,Mage+Hunter,3,team2,kill,27.15
Warrior+Shaman_vs_Mage+Hunter,Warrior+Shaman,Mage+Hunter,4,team2,kill,26.88
Warrior+Shaman_vs_Mage+Hunter,Warrior+Shaman,Mage+Hunter,5,team2,kill,28.20
Warrior+Shaman_vs_Mage+Hunter,Warrior+Shaman,Mage+Hunter,6,team2,kill,32.03
Warrior+Shaman_vs_Mage+Hunter,Warrior+Shaman,Mage+Hunter,7,team2,kill,25.65
Warrior+Shaman_vs_Mage+Hunter,Warrior+Shaman,Mage+Hunter,8,team2,kill,71.32
Warrior+Shaman_vs_Mage+Hunter,Warrior+Shaman,Mage+Hunter,9,team2,kill,26.03
Warrior+Shaman_vs_Rogue+Hunter,Warrior+Shaman,Rogue+Hunter,0,team2,kill,64.02
Warrior+Shaman_vs_Rogue+Hunter,Warrior+Shaman,Rogue+Hunter,1,team1,kill,30.67
Warrior+Shaman_vs_Rogue+Hunter,Warrior+Shaman,Rogue+Hunter,2,team2,kill,22.08
Warrior+Shaman_vs_Rogue+Hunter,Warrior+Shaman,Rogue+Hunter,3,team2,kill,66.83
Warrior+Shaman_vs_Rogue+Hunter,Warrior+Shaman,Rogue+Hunter,4,team2,kill,59.18
Warrior+Shaman_vs_Rogue+Hunter,Warrior+Shaman,Rogue+Hunter,5,team2,kill,59.18
Warrior+Shaman_vs_Rogue+Hunter,Warrior+Shaman,Rogue+Hunter,6,team2,kill,66.43
Warrior+Shaman_vs_Rogue+Hunter,Warrior+Shaman,Rogue+Hunter,7,team2,kill,54.35
Warrior+Shaman_vs_Rogue+Hunter,Warrior+Shaman,Rogue+Hunter,8,team2,kill,64.42
Warrior+Shaman_vs_Rogue+Hunter,Warrior+Shaman,Rogue+Hunter,9,team2,kill,56.77
Warrior+Shaman_vs_Priest+Hunter,Warrior+Shaman,Priest+Hunter,0,team2,kill,51.85
Warrior+Shaman_vs_Priest+Hunter,Warrior+Shaman,Priest+Hunter,1,team2,kill,57.82
Warrior+Shaman_vs_Priest+Hunter,Warrior+Shaman,Priest+Hunter,2,team2,kill,61.73
Warrior+Shaman_vs_Priest+Hunter,Warrior+Shaman,Priest+Hunter,3,team2,kill,54.22
Warrior+Shaman_vs_Priest+Hunter,Warrior+Shaman,Priest+Hunter,4,team2,kill,59.28
Warrior+Shaman_vs_Priest+Hunter,Warrior+Shaman,Priest+Hunter,5,team2,kill,51.67
Warrior+Shaman_vs_Priest+Hunter,Warrior+Shaman,Priest+Hunter,6,team2,kill,49.20
Warrior+Shaman_vs_Priest+Hunter,Warrior+Shaman,Priest+Hunter,7,team2,kill,57.03
Warrior+Shaman_vs_Priest+Hunter,Warrior+Shaman,Priest+Hunter,8,team2,kill,50.10
Warrior+Shaman_vs_Priest+Hunter,Warrior+Shaman,Priest+Hunter,9,team1,kill,39.73
Warrior+Shaman_vs_Warlock+Hunter,Warrior+Shaman,Warlock+Hunter,0,team2,kill,33.50
Warrior+Shaman_vs_Warlock+Hunter,Warrior+Shaman,Warlock+Hunter,1,team2,kill,31.13
Warrior+Shaman_vs_Warlock+Hunter,Warrior+Shaman,Warlock+Hunter,2,team2,kill,31.57
Warrior+Shaman_vs_Warlock+Hunter,Warrior+Shaman,Warlock+Hunter,3,team2,kill,37.27
Warrior+Shaman_vs_Warlock+Hunter,Warrior+Shaman,Warlock+Hunter,4,team2,kill,29.67
Warrior+Shaman_vs_Warlock+Hunter,Warrior+Shaman,Warlock+Hunter,5,team2,kill,32.58
Warrior+Shaman_vs_Warlock+Hunter,Warrior+Shaman,Warlock+Hunter,6,team2,kill,31.90
Warrior+Shaman_vs_Warlock+Hunter,Warrior+Shaman,Warlock+Hunter,7,team2,kill,31.00
Warrior+Shaman_vs_Warlock+Hunter,Warrior+Shaman,Warlock+Hunter,8,team2,kill,40.90
Warrior+Shaman_vs_Warlock+Hunter,Warrior+Shaman,Warlock+Hunter,9,team2,kill,26.63
Warrior+Shaman_vs_Paladin+Hunter,Warrior+Shaman,Paladin+Hunter,0,team2,kill,45.10
Warrior+Shaman_vs_Paladin+Hunter,Warrior+Shaman,Paladin+Hunter,1,team2,kill,52.35
Warrior+Shaman_vs_Paladin+Hunter,Warrior+Shaman,Paladin+Hunter,2,team2,kill,68.67
Warrior+Shaman_vs_Paladin+Hunter,Warrior+Shaman,Paladin+Hunter,3,team2,kill,54.77
Warrior+Shaman_vs_Paladin+Hunter,Warrior+Shaman,Paladin+Hunter,4,team2,kill,42.28
Warrior+Shaman_vs_Paladin+Hunter,Warrior+Shaman,Paladin+Hunter,5,team2,kill,47.52
Warrior+Shaman_vs_Paladin+Hunter,Warrior+Shaman,Paladin+Hunter,6,team2,kill,45.10
Warrior+Shaman_vs_Paladin+Hunter,Warrior+Shaman,Paladin+Hunter,7,team2,kill,63.82
Warrior+Shaman_vs_Paladin+Hunter,Warrior+Shaman,Paladin+Hunter,8,team2,kill,54.77
Warrior+Shaman_vs_Paladin+Hunter,Warrior+Shaman,Paladin+Hunter,9,team2,kill,54.77
Warrior+Shaman_vs_Hunter+Shaman,Warrior+Shaman,Hunter+Shaman,0,team2,kill,29.03
Warrior+Shaman_vs_Hunter+Shaman,Warrior+Shaman,Hunter+Shaman,1,team2,kill,27.38
Warrior+Shaman_vs_Hunter+Shaman,Warrior+Shaman,Hunter+Shaman,2,team2,kill,30.05
Warrior+Shaman_vs_Hunter+Shaman,Warrior+Shaman,Hunter+Shaman,3,team2,kill,29.03
Warrior+Shaman_vs_Hunter+Shaman,Warrior+Shaman,Hunter+Shaman,4,team2,kill,29.80
Warrior+Shaman_vs_Hunter+Shaman,Warrior+Shaman,Hunter+Shaman,5,team2,kill,28.48
Warrior+Shaman_vs_Hunter+Shaman,Warrior+Shaman,Hunter+Shaman,6,team2,kill,28.48
Warrior+Shaman_vs_Hunter+Shaman,Warrior+Shaman,Hunter+Shaman,7,team2,kill,31.62
Warrior+Shaman_vs_Hunter+Shaman,Warrior+Shaman,Hunter+Shaman,8,team2,kill,29.25
Warrior+Shaman_vs_Hunter+Shaman,Warrior+Shaman,Hunter+Shaman,9,team2,kill,33.07
Mage+Rogue_vs_Warrior+Hunter,Mage+Rogue,Warrior+Hunter,0,team2,kill,28.00
Mage+Rogue_vs_Warrior+Hunter,Mage+Rogue,Warrior+Hunter,1,team1,kill,29.60
Mage+Rogue_vs_Warrior+Hunter,Mage+Rogue,Warrior+Hunter,2,team2,kill,29.75
Mage+Rogue_vs_Warrior+Hunter,Mage+Rogue,Warrior+Hunter,3,team2,kill,30.08
Mage+Rogue_vs_Warrior+Hunter,Mage+Rogue,Warrior+Hunter,4,team2,kill,27.98
Mage+Rogue_vs_Warrior+Hunter,Mage+Rogue,Warrior+Hunter,5,team2,kill,29.75
Mage+Rogue_vs_Warrior+Hunter,Mage+Rogue,Warrior+Hunter,6,team2,kill,30.37
Mage+Rogue_vs_Warrior+Hunter,Mage+Rogue,Warrior+Hunter,7,team2,kill,28.00
Mage+Rogue_vs_Warrior+Hunter,Mage+Rogue,Warrior+Hunter,8,team2,kill,30.33
Mage+Rogue_vs_Warrior+Hunter,Mage+Rogue,Warrior+Hunter,9,team2,kill,27.97
Mage+Rogue_vs_Mage+Hunter,Mage+Rogue,Mage+Hunter,0,team2,kill,17.87
Mage+Rogue_vs_Mage+Hunter,Mage+Rogue,Mage+Hunter,1,team2,kill,17.87
Mage+Rogue_vs_Mage+Hunter,Mage+Rogue,Mage+Hunter,2,team2,kill,22.40
Mage+Rogue_vs_Mage+Hunter,Mage+Rogue,Mage+Hunter,3,team2,kill,17.87
Mage+Rogue_vs_Mage+Hunter,Mage+Rogue,Mage+Hunter,4,team2,kill,16.42
Mage+Rogue_vs_Mage+Hunter,Mage+Rogue,Mage+Hunter,5,team2,kill,22.38
Mage+Rogue_vs_Mage+Hunter,Mage+Rogue,Mage+Hunter,6,team2,kill,16.85
Mage+Rogue_vs_Mage+Hunter,Mage+Rogue,Mage+Hunter,7,team2,kill,16.85
Mage+Rogue_vs_Mage+Hunter,Mage+Rogue,Mage+Hunter,8,team2,kill,16.85
Mage+Rogue_vs_Mage+Hunter,Mage+Rogue,Mage+Hunter,9,team2,kill,22.40
Mage+Rogue_vs_Rogue+Hunter,Mage+Rogue,Rogue+Hunter,0,team2,kill,23.82
Mage+Rogue_vs_Rogue+Hunter,Mage+Rogue,Rogue+Hunter,1,team2,kill,24.42
Mage+Rogue_vs_Rogue+Hunter,Mage+Rogue,Rogue+Hunter,2,team2,kill,25.30
Mage+Rogue_vs_Rogue+Hunter,Mage+Rogue,Rogue+Hunter,3,team2,kill,25.08
Mage+Rogue_vs_Rogue+Hunter,Mage+Rogue,Rogue+Hunter,4,team2,kill,28.47
Mage+Rogue_vs_Rogue+Hunter,Mage+Rogue,Rogue+Hunter,5,team2,kill,24.60
Mage+Rogue_vs_Rogue+Hunter,Mage+Rogue,Rogue+Hunter,6,team2,kill,27.52
Mage+Rogue_vs_Rogue+Hunter,Mage+Rogue,Rogue+Hunter,7,team2,kill,28.47
Mage+Rogue_vs_Rogue+Hunter,Mage+Rogue,Rogue+Hunter,8,team2,kill,28.47
Mage+Rogue_vs_Rogue+Hunter,Mage+Rogue,Rogue+Hunter,9,team2,kill,27.58
Mage+Rogue_vs_Priest+Hunter,Mage+Rogue,Priest+Hunter,0,team2,kill,44.13
Mage+Rogue_vs_Priest+Hunter,Mage+Rogue,Priest+Hunter,1,team2,kill,43.62
Mage+Rogue_vs_Priest+Hunter,Mage+Rogue,Priest+Hunter,2,team2,kill,46.47
Mage+Rogue_vs_Priest+Hunter,Mage+Rogue,Priest+Hunter,3,team2,kill,43.77
Mage+Rogue_vs_Priest+Hunter,Mage+Rogue,Priest+Hunter,4,team2,kill,53.37
Mage+Rogue_vs_Priest+Hunter,Mage+Rogue,Priest+Hunter,5,team2,kill,41.18
Mage+Rogue_vs_Priest+Hunter,Mage+Rogue,Priest+Hunter,6,team2,kill,54.28
Mage+Rogue_vs_Priest+Hunter,Mage+Rogue,Priest+Hunter,7,team2,kill,48.45
Mage+Rogue_vs_Priest+Hunter,Mage+Rogue,Priest+Hunter,8,team2,kill,48.73
Mage+Rogue_vs_Priest+Hunter,Mage+Rogue,Priest+Hunter,9,team2,kill,50.78
Mage+Rogue_vs_Warlock+Hunter,Mage+Rogue,Warlock+Hunter,0,team2,kill,34.53
Mage+Rogue_vs_Warlock+Hunter,Mage+Rogue,Warlock+Hunter,1,team2,kill,36.53
Mage+Rogue_vs_Warlock+Hunter,Mage+Rogue,Warlock+Hunter,2,team2,kill,35.90
Mage+Rogue_vs_Warlock+Hunter,Mage+Rogue,Warlock+Hunter,3,team2,kill,37.02
Mage+Rogue_vs_Warlock+Hunter,Mage+Rogue,Warlock+Hunter,4,team2,kill,36.52
Mage+Rogue_vs_Warlock+Hunter,Mage+Rogue,Warlock+Hunter,5,team2,kill,37.02
Mage+Rogue_vs_Warlock+Hunter,Mage+Rogue,Warlock+Hunter,6,team2,kill,36.08
Mage+Rogue_vs_Warlock+Hunter,Mage+Rogue,Warlock+Hunter,7,team2,kill,36.52
Mage+Rogue_vs_Warlock+Hunter,Mage+Rogue,Warlock+Hunter,8,team2,kill,36.52
Mage+Rogue_vs_Warlock+Hunter,Mage+Rogue,Warlock+Hunter,9,team2,kill,36.53
Mage+Rogue_vs_Paladin+Hunter,Mage+Rogue,Paladin+Hunter,0,team1,kill,45.93
Mage+Rogue_vs_Paladin+Hunter,Mage+Rogue,Paladin+Hunter,1,team2,kill,52.40
Mage+Rogue_vs_Paladin+Hunter,Mage+Rogue,Paladin+Hunter,2,team2,kill,51.62
Mage+Rogue_vs_Paladin+Hunter,Mage+Rogue,Paladin+Hunter,3,team2,kill,58.88
Mage+Rogue_vs_Paladin+Hunter,Mage+Rogue,Paladin+Hunter,4,team2,kill,54.57
Mage+Rogue_vs_Paladin+Hunter,Mage+Rogue,Paladin+Hunter,5,team1,kill,45.75
Mage+Rogue_vs_Paladin+Hunter,Mage+Rogue,Paladin+Hunter,6,team2,kill,58.88
Mage+Rogue_vs_Paladin+Hunter,Mage+Rogue,Paladin+Hunter,7,team1,kill,44.73
Mage+Rogue_vs_Paladin+Hunter,Mage+Rogue,Paladin+Hunter,8,team2,kill,58.88
Mage+Rogue_vs_Paladin+Hunter,Mage+Rogue,Paladin+Hunter,9,team1,kill,45.93
Mage+Rogue_vs_Hunter+Shaman,Mage+Rogue,Hunter+Shaman,0,team1,kill,30.45
Mage+Rogue_vs_Hunter+Shaman,Mage+Rogue,Hunter+Shaman,1,team1,kill,29.87
Mage+Rogue_vs_Hunter+Shaman,Mage+Rogue,Hunter+Shaman,2,team1,kill,29.33
Mage+Rogue_vs_Hunter+Shaman,Mage+Rogue,Hunter+Shaman,3,team1,kill,28.53
Mage+Rogue_vs_Hunter+Shaman,Mage+Rogue,Hunter+Shaman,4,team1,kill,29.58
Mage+Rogue_vs_Hunter+Shaman,Mage+Rogue,Hunter+Shaman,5,team1,kill,30.53
Mage+Rogue_vs_Hunter+Shaman,Mage+Rogue,Hunter+Shaman,6,team1,kill,29.10
Mage+Rogue_vs_Hunter+Shaman,Mage+Rogue,Hunter+Shaman,7,team1,kill,27.78
Mage+Rogue_vs_Hunter+Shaman,Mage+Rogue,Hunter+Shaman,8,team1,kill,26.50
Mage+Rogue_vs_Hunter+Shaman,Mage+Rogue,Hunter+Shaman,9,team1,kill,29.47
Mage+Priest_vs_Warrior+Hunter,Mage+Priest,Warrior+Hunter,0,team1,kill,30.30
Mage+Priest_vs_Warrior+Hunter,Mage+Priest,Warrior+Hunter,1,team1,kill,26.38
Mage+Priest_vs_Warrior+Hunter,Mage+Priest,Warrior+Hunter,2,team1,kill,30.75
Mage+Priest_vs_Warrior+Hunter,Mage+Priest,Warrior+Hunter,3,team1,kill,30.20
Mage+Priest_vs_Warrior+Hunter,Mage+Priest,Warrior+Hunter,4,team1,kill,15.00
Mage+Priest_vs_Warrior+Hunter,Mage+Priest,Warrior+Hunter,5,team1,kill,30.23
Mage+Priest_vs_Warrior+Hunter,Mage+Priest,Warrior+Hunter,6,team1,kill,30.30
Mage+Priest_vs_Warrior+Hunter,Mage+Priest,Warrior+Hunter,7,team1,kill,30.20
Mage+Priest_vs_Warrior+Hunter,Mage+Priest,Warrior+Hunter,8,team1,kill,27.63
Mage+Priest_vs_Warrior+Hunter,Mage+Priest,Warrior+Hunter,9,team1,kill,30.17
Mage+Priest_vs_Mage+Hunter,Mage+Priest,Mage+Hunter,0,team2,kill,53.97
Mage+Priest_vs_Mage+Hunter,Mage+Priest,Mage+Hunter,1,team2,kill,53.50
Mage+Priest_vs_Mage+Hunter,Mage+Priest,Mage+Hunter,2,team2,kill,53.05
Mage+Priest_vs_Mage+Hunter,Mage+Priest,Mage+Hunter,3,team2,kill,47.93
Mage+Priest_vs_Mage+Hunter,Mage+Priest,Mage+Hunter,4,team2,kill,55.90
Mage+Priest_vs_Mage+Hunter,Mage+Priest,Mage+Hunter,5,team2,kill,52.33
Mage+Priest_vs_Mage+Hunter,Mage+Priest,Mage+Hunter,6,team2,kill,61.00
Mage+Priest_vs_Mage+Hunter,Mage+Priest,Mage+Hunter,7,team2,kill,51.15
Mage+Priest_vs_Mage+Hunter,Mage+Priest,Mage+Hunter,8,team1,kill,53.05
Mage+Priest_vs_Mage+Hunter,Mage+Priest,Mage+Hunter,9,team2,kill,49.23
Mage+Priest_vs_Rogue+Hunter,Mage+Priest,Rogue+Hunter,0,team1,kill,24.45
Mage+Priest_vs_Rogue+Hunter,Mage+Priest,Rogue+Hunter,1,team1,kill,24.45
Mage+Priest_vs_Rogue+Hunter,Mage+Priest,Rogue+Hunter,2,team1,kill,24.45
Mage+Priest_vs_Rogue+Hunter,Mage+Priest,Rogue+Hunter,3,team1,kill,24.45
Mage+Priest_vs_Rogue+Hunter,Mage+Priest,Rogue+Hunter,4,team1,kill,24.45
Mage+Priest_vs_Rogue+Hunter,Mage+Priest,Rogue+Hunter,5,team1,kill,24.45
Mage+Priest_vs_Rogue+Hunter,Mage+Priest,Rogue+Hunter,6,team1,kill,24.35
Mage+Priest_vs_Rogue+Hunter,Mage+Priest,Rogue+Hunter,7,team1,kill,24.45
Mage+Priest_vs_Rogue+Hunter,Mage+Priest,Rogue+Hunter,8,team1,kill,21.48
Mage+Priest_vs_Rogue+Hunter,Mage+Priest,Rogue+Hunter,9,team1,kill,24.45
Mage+Priest_vs_Priest+Hunter,Mage+Priest,Priest+Hunter,0,team1,kill,34.00
Mage+Priest_vs_Priest+Hunter,Mage+Priest,Priest+Hunter,1,team1,kill,38.65
Mage+Priest_vs_Priest+Hunter,Mage+Priest,Priest+Hunter,2,team1,kill,32.88
Mage+Priest_vs_Priest+Hunter,Mage+Priest,Priest+Hunter,3,team1,kill,34.82
Mage+Priest_vs_Priest+Hunter,Mage+Priest,Priest+Hunter,4,team1,kill,31.50
Mage+Priest_vs_Priest+Hunter,Mage+Priest,Priest+Hunter,5,team1,kill,23.58
Mage+Priest_vs_Priest+Hunter,Mage+Priest,Priest+Hunter,6,team1,kill,32.02
Mage+Priest_vs_Priest+Hunter,Mage+Priest,Priest+Hunter,7,team1,kill,23.73
Mage+Priest_vs_Priest+Hunter,Mage+Priest,Priest+Hunter,8,team1,kill,34.80
Mage+Priest_vs_Priest+Hunter,Mage+Priest,Priest+Hunter,9,team1,kill,38.33
Mage+Priest_vs_Warlock+Hunter,Mage+Priest,Warlock+Hunter,0,team1,kill,24.58
Mage+Priest_vs_Warlock+Hunter,Mage+Priest,Warlock+Hunter,1,team1,kill,24.57
Mage+Priest_vs_Warlock+Hunter,Mage+Priest,Warlock+Hunter,2,team1,kill,24.57
Mage+Priest_vs_Warlock+Hunter,Mage+Priest,Warlock+Hunter,3,team1,kill,24.57
Mage+Priest_vs_Warlock+Hunter,Mage+Priest,Warlock+Hunter,4,team1,kill,23.05
Mage+Priest_vs_Warlock+Hunter,Mage+Priest,Warlock+Hunter,5,team1,kill,26.08
Mage+Priest_vs_Warlock+Hunter,Mage+Priest,Warlock+Hunter,6,team1,kill,24.57
Mage+Priest_vs_Warlock+Hunter,Mage+Priest,Warlock+Hunter,7,team1,kill,26.08
Mage+Priest_vs_Warlock+Hunter,Mage+Priest,Warlock+Hunter,8,team1,kill,24.77
Mage+Priest_vs_Warlock+Hunter,Mage+Priest,Warlock+Hunter,9,team1,kill,24.57
Mage+Priest_vs_Paladin+Hunter,Mage+Priest,Paladin+Hunter,0,team1,kill,39.02
Mage+Priest_vs_Paladin+Hunter,Mage+Priest,Paladin+Hunter,1,team1,kill,44.17
Mage+Priest_vs_Paladin+Hunter,Mage+Priest,Paladin+Hunter,2,team1,kill,44.17
Mage+Priest_vs_Paladin+Hunter,Mage+Priest,Paladin+Hunter,3,team1,kill,51.73
Mage+Priest_vs_Paladin+Hunter,Mage+Priest,Paladin+Hunter,4,team1,kill,44.40
Mage+Priest_vs_Paladin+Hunter,Mage+Priest,Paladin+Hunter,5,team1,kill,44.17
Mage+Priest_vs_Paladin+Hunter,Mage+Priest,Paladin+Hunter,6,team1,kill,34.17
Mage+Priest_vs_Paladin+Hunter,Mage+Priest,Paladin+Hunter,7,team1,kill,34.17
Mage+Priest_vs_Paladin+Hunter,Mage+Priest,Paladin+Hunter,8,team1,kill,45.42
Mage+Priest_vs_Paladin+Hunter,Mage+Priest,Paladin+Hunter,9,team1,kill,45.90
Mage+Priest_vs_Hunter+Shaman,Mage+Priest,Hunter+Shaman,0,team1,kill,24.85
Mage+Priest_vs_Hunter+Shaman,Mage+Priest,Hunter+Shaman,1,team1,kill,22.97
Mage+Priest_vs_Hunter+Shaman,Mage+Priest,Hunter+Shaman,2,team1,kill,25.88
Mage+Priest_vs_Hunter+Shaman,Mage+Priest,Hunter+Shaman,3,team1,kill,23.05
Mage+Priest_vs_Hunter+Shaman,Mage+Priest,Hunter+Shaman,4,team1,kill,24.50
Mage+Priest_vs_Hunter+Shaman,Mage+Priest,Hunter+Shaman,5,team1,kill,24.57
Mage+Priest_vs_Hunter+Shaman,Mage+Priest,Hunter+Shaman,6,team1,kill,25.88
Mage+Priest_vs_Hunter+Shaman,Mage+Priest,Hunter+Shaman,7,team1,kill,23.05
Mage+Priest_vs_Hunter+Shaman,Mage+Priest,Hunter+Shaman,8,team1,kill,25.23
Mage+Priest_vs_Hunter+Shaman,Mage+Priest,Hunter+Shaman,9,team1,kill,23.05
Mage+Warlock_vs_Warrior+Mage,Mage+Warlock,Warrior+Mage,0,team2,kill,20.65
Mage+Warlock_vs_Warrior+Mage,Mage+Warlock,Warrior+Mage,1,team2,kill,19.13
Mage+Warlock_vs_Warrior+Mage,Mage+Warlock,Warrior+Mage,2,team2,kill,19.13
Mage+Warlock_vs_Warrior+Mage,Mage+Warlock,Warrior+Mage,3,team2,kill,20.65
Mage+Warlock_vs_Warrior+Mage,Mage+Warlock,Warrior+Mage,4,team2,kill,19.13
Mage+Warlock_vs_Warrior+Mage,Mage+Warlock,Warrior+Mage,5,team2,kill,20.65
Mage+Warlock_vs_Warrior+Mage,Mage+Warlock,Warrior+Mage,6,team2,kill,20.65
Mage+Warlock_vs_Warrior+Mage,Mage+Warlock,Warrior+Mage,7,team2,kill,20.65
Mage+Warlock_vs_Warrior+Mage,Mage+Warlock,Warrior+Mage,8,team2,kill,20.65
Mage+Warlock_vs_Warrior+Mage,Mage+Warlock,Warrior+Mage,9,team2,kill,19.13
Mage+Warlock_vs_Warrior+Hunter,Mage+Warlock,Warrior+Hunter,0,team1,kill,25.65
Mage+Warlock_vs_Warrior+Hunter,Mage+Warlock,Warrior+Hunter,1,team1,kill,26.47
Mage+Warlock_vs_Warrior+Hunter,Mage+Warlock,Warrior+Hunter,2,team1,kill,25.95
Mage+Warlock_vs_Warrior+Hunter,Mage+Warlock,Warrior+Hunter,3,team1,kill,25.92
Mage+Warlock_vs_Warrior+Hunter,Mage+Warlock,Warrior+Hunter,4,team1,kill,25.88
Mage+Warlock_vs_Warrior+Hunter,Mage+Warlock,Warrior+Hunter,5,team1,kill,20.43
Mage+Warlock_vs_Warrior+Hunter,Mage+Warlock,Warrior+Hunter,6,team1,kill,26.00
Mage+Warlock_vs_Warrior+Hunter,Mage+Warlock,Warrior+Hunter,7,team1,kill,21.02
Mage+Warlock_vs_Warrior+Hunter,Mage+Warlock,Warrior+Hunter,8,team1,kill,25.43
Mage+Warlock_vs_Warrior+Hunter,Mage+Warlock,Warrior+Hunter,9,team1,kill,20.82
Mage+Warlock_vs_Mage+Hunter,Mage+Warlock,Mage+Hunter,0,team1,kill,29.03
Mage+Warlock_vs_Mage+Hunter,Mage+Warlock,Mage+Hunter,1,team1,kill,28.57
Mage+Warlock_vs_Mage+Hunter,Mage+Warlock,Mage+Hunter,2,team1,kill,30.55
Mage+Warlock_vs_Mage+Hunter,Mage+Warlock,Mage+Hunter,3,team1,kill,28.28
Mage+Warlock_vs_Mage+Hunter,Mage+Warlock,Mage+Hunter,4,team1,kill,28.18
Mage+Warlock_vs_Mage+Hunter,Mage+Warlock,Mage+Hunter,5,team1,kill,28.48
Mage+Warlock_vs_Mage+Hunter,Mage+Warlock,Mage+Hunter,6,team1,kill,28.53
Mage+Warlock_vs_Mage+Hunter,Mage+Warlock,Mage+Hunter,7,team1,kill,28.00
Mage+Warlock_vs_Mage+Hunter,Mage+Warlock,Mage+Hunter,8,team2,kill,18.77
Mage+Warlock_vs_Mage+Hunter,Mage+Warlock,Mage+Hunter,9,team1,kill,29.55
Mage+Warlock_vs_Rogue+Hunter,Mage+Warlock,Rogue+Hunter,0,team1,kill,22.35
Mage+Warlock_vs_Rogue+Hunter,Mage+Warlock,Rogue+Hunter,1,team1,kill,20.85
Mage+Warlock_vs_Rogue+Hunter,Mage+Warlock,Rogue+Hunter,2,team1,kill,20.57
Mage+Warlock_vs_Rogue+Hunter,Mage+Warlock,Rogue+Hunter,3,team1,kill,22.35
Mage+Warlock_vs_Rogue+Hunter,Mage+Warlock,Rogue+Hunter,4,team1,kill,22.35
Mage+Warlock_vs_Rogue+Hunter,Mage+Warlock,Rogue+Hunter,5,team1,kill,22.35
Mage+Warlock_vs_Rogue+Hunter,Mage+Warlock,Rogue+Hunter,6,team1,kill,21.35
Mage+Warlock_vs_Rogue+Hunter,Mage+Warlock,Rogue+Hunter,7,team1,kill,17.43
Mage+Warlock_vs_Rogue+Hunter,Mage+Warlock,Rogue+Hunter,8,team1,kill,22.35
Mage+Warlock_vs_Rogue+Hunter,Mage+Warlock,Rogue+Hunter,9,team1,kill,22.35
Mage+Warlock_vs_Priest+Hunter,Mage+Warlock,Priest+Hunter,0,team2,kill,34.67
Mage+Warlock_vs_Priest+Hunter,Mage+Warlock,Priest+Hunter,1,team2,kill,34.60
Mage+Warlock_vs_Priest+Hunter,Mage+Warlock,Priest+Hunter,2,team2,kill,38.35
Mage+Warlock_vs_Priest+Hunter,Mage+Warlock,Priest+Hunter,3,team2,kill,31.32
Mage+Warlock_vs_Priest+Hunter,Mage+Warlock,Priest+Hunter,4,team2,kill,33.63
Mage+Warlock_vs_Priest+Hunter,Mage+Warlock,Priest+Hunter,5,team2,kill,30.35
Mage+Warlock_vs_Priest+Hunter,Mage+Warlock,Priest+Hunter,6,team2,kill,32.48
Mage+Warlock_vs_Priest+Hunter,Mage+Warlock,Priest+Hunter,7,team2,kill,40.83
Mage+Warlock_vs_Priest+Hunter,Mage+Warlock,Priest+Hunter,8,team2,kill,29.52
Mage+Warlock_vs_Priest+Hunter,Mage+Warlock,Priest+Hunter,9,team2,kill,38.35
Mage+Warlock_vs_Warlock+Hunter,Mage+Warlock,Warlock+Hunter,0,team1,kill,24.45
Mage+Warlock_vs_Warlock+Hunter,Mage+Warlock,Warlock+Hunter,1,team1,kill,24.52
Mage+Warlock_vs_Warlock+Hunter,Mage+Warlock,Warlock+Hunter,2,team1,kill,24.45
Mage+Warlock_vs_Warlock+Hunter,Mage+Warlock,Warlock+Hunter,3,team1,kill,24.45
Mage+Warlock_vs_Warlock+Hunter,Mage+Warlock,Warlock+Hunter,4,team1,kill,24.45
Mage+Warlock_vs_Warlock+Hunter,Mage+Warlock,Warlock+Hunter,5,team1,kill,24.45
Mage+Warlock_vs_Warlock+Hunter,Mage+Warlock,Warlock+Hunter,6,team1,kill,26.53
Mage+Warlock_vs_Warlock+Hunter,Mage+Warlock,Warlock+Hunter,7,team1,kill,24.45
Mage+Warlock_vs_Warlock+Hunter,Mage+Warlock,Warlock+Hunter,8,team1,kill,18.77
Mage+Warlock_vs_Warlock+Hunter,Mage+Warlock,Warlock+Hunter,9,team1,kill,21.50
Mage+Warlock_vs_Paladin+Hunter,Mage+Warlock,Paladin+Hunter,0,team2,kill,35.37
Mage+Warlock_vs_Paladin+Hunter,Mage+Warlock,Paladin+Hunter,1,team2,kill,36.58
Mage+Warlock_vs_Paladin+Hunter,Mage+Warlock,Paladin+Hunter,2,team2,kill,58.67
Mage+Warlock_vs_Paladin+Hunter,Mage+Warlock,Paladin+Hunter,3,team1,kill,23.52
Mage+Warlock_vs_Paladin+Hunter,Mage+Warlock,Paladin+Hunter,4,team1,kill,26.62
Mage+Warlock_vs_Paladin+Hunter,Mage+Warlock,Paladin+Hunter,5,team2,kill,32.43
Mage+Warlock_vs_Paladin+Hunter,Mage+Warlock,Paladin+Hunter,6,team1,kill,26.22
Mage+Warlock_vs_Paladin+Hunter,Mage+Warlock,Paladin+Hunter,7,team1,kill,23.37
Mage+Warlock_vs_Paladin+Hunter,Mage+Warlock,Paladin+Hunter,8,team2,kill,40.28
Mage+Warlock_vs_Paladin+Hunter,Mage+Warlock,Paladin+Hunter,9,team2,kill,38.72
Mage+Warlock_vs_Hunter+Shaman,Mage+Warlock,Hunter+Shaman,0,team1,kill,25.77
Mage+Warlock_vs_Hunter+Shaman,Mage+Warlock,Hunter+Shaman,1,team1,kill,29.53
Mage+Warlock_vs_Hunter+Shaman,Mage+Warlock,Hunter+Shaman,2,team1,kill,27.55
Mage+Warlock_vs_Hunter+Shaman,Mage+Warlock,Hunter+Shaman,3,team1,kill,28.83
Mage+Warlock_vs_Hunter+Shaman,Mage+Warlock,Hunter+Shaman,4,team1,kill,27.65
Mage+Warlock_vs_Hunter+Shaman,Mage+Warlock,Hunter+Shaman,5,team1,kill,27.20
Mage+Warlock_vs_Hunter+Shaman,Mage+Warlock,Hunter+Shaman,6,team1,kill,32.25
Mage+Warlock_vs_Hunter+Shaman,Mage+Warlock,Hunter+Shaman,7,team1,kill,25.98
Mage+Warlock_vs_Hunter+Shaman,Mage+Warlock,Hunter+Shaman,8,team1,kill,29.12
Mage+Warlock_vs_Hunter+Shaman,Mage+Warlock,Hunter+Shaman,9,team1,kill,29.75
Mage+Paladin_vs_Warrior+Hunter,Mage+Paladin,Warrior+Hunter,0,team1,kill,27.70
Mage+Paladin_vs_Warrior+Hunter,Mage+Paladin,Warrior+Hunter,1,team1,kill,30.73
Mage+Paladin_vs_Warrior+Hunter,Mage+Paladin,Warrior+Hunter,2,team1,kill,26.82
Mage+Paladin_vs_Warrior+Hunter,Mage+Paladin,Warrior+Hunter,3,team1,kill,29.53
Mage+Paladin_vs_Warrior+Hunter,Mage+Paladin,Warrior+Hunter,4,team1,kill,27.42
Mage+Paladin_vs_Warrior+Hunter,Mage+Paladin,Warrior+Hunter,5,team1,kill,29.08
Mage+Paladin_vs_Warrior+Hunter,Mage+Paladin,Warrior+Hunter,6,team1,kill,29.23
Mage+Paladin_vs_Warrior+Hunter,Mage+Paladin,Warrior+Hunter,7,team1,kill,29.22
Mage+Paladin_vs_Warrior+Hunter,Mage+Paladin,Warrior+Hunter,8,team1,kill,28.95
Mage+Paladin_vs_Warrior+Hunter,Mage+Paladin,Warrior+Hunter,9,team1,kill,27.40
Mage+Paladin_vs_Mage+Hunter,Mage+Paladin,Mage+Hunter,0,team1,kill,20.17
Mage+Paladin_vs_Mage+Hunter,Mage+Paladin,Mage+Hunter,1,team1,kill,20.22
Mage+Paladin_vs_Mage+Hunter,Mage+Paladin,Mage+Hunter,2,team1,kill,43.28
Mage+Paladin_vs_Mage+Hunter,Mage+Paladin,Mage+Hunter,3,team1,kill,17.52
Mage+Paladin_vs_Mage+Hunter,Mage+Paladin,Mage+Hunter,4,team1,kill,45.45
Mage+Paladin_vs_Mage+Hunter,Mage+Paladin,Mage+Hunter,5,team1,kill,17.30
Mage+Paladin_vs_Mage+Hunter,Mage+Paladin,Mage+Hunter,6,team1,kill,37.03
Mage+Paladin_vs_Mage+Hunter,Mage+Paladin,Mage+Hunter,7,team1,kill,18.67
Mage+Paladin_vs_Mage+Hunter,Mage+Paladin,Mage+Hunter,8,team1,kill,20.63
Mage+Paladin_vs_Mage+Hunter,Mage+Paladin,Mage+Hunter,9,team1,kill,43.88
Mage+Paladin_vs_Rogue+Hunter,Mage+Paladin,Rogue+Hunter,0,team1,kill,66.80
Mage+Paladin_vs_Rogue+Hunter,Mage+Paladin,Rogue+Hunter,1,team1,kill,66.05
Mage+Paladin_vs_Rogue+Hunter,Mage+Paladin,Rogue+Hunter,2,team1,kill,34.52
Mage+Paladin_vs_Rogue+Hunter,Mage+Paladin,Rogue+Hunter,3,team1,kill,34.35
Mage+Paladin_vs_Rogue+Hunter,Mage+Paladin,Rogue+Hunter,4,team1,kill,31.07
Mage+Paladin_vs_Rogue+Hunter,Mage+Paladin,Rogue+Hunter,5,team2,kill,48.63
Mage+Paladin_vs_Rogue+Hunter,Mage+Paladin,Rogue+Hunter,6,team2,kill,49.80
Mage+Paladin_vs_Rogue+Hunter,Mage+Paladin,Rogue+Hunter,7,team1,kill,33.45
Mage+Paladin_vs_Rogue+Hunter,Mage+Paladin,Rogue+Hunter,8,team1,kill,34.17
Mage+Paladin_vs_Rogue+Hunter,Mage+Paladin,Rogue+Hunter,9,team1,kill,41.28
Mage+Paladin_vs_Priest+Hunter,Mage+Paladin,Priest+Hunter,0,team1,kill,54.82
Mage+Paladin_vs_Priest+Hunter,Mage+Paladin,Priest+Hunter,1,team1,kill,51.73
Mage+Paladin_vs_Priest+Hunter,Mage+Paladin,Priest+Hunter,2,team1,kill,49.77
Mage+Paladin_vs_Priest+Hunter,Mage+Paladin,Priest+Hunter,3,team1,kill,50.38
Mage+Paladin_vs_Priest+Hunter,Mage+Paladin,Priest+Hunter,4,team2,kill,79.90
Mage+Paladin_vs_Priest+Hunter,Mage+Paladin,Priest+Hunter,5,team1,kill,44.48
Mage+Paladin_vs_Priest+Hunter,Mage+Paladin,Priest+Hunter,6,team1,kill,48.37
Mage+Paladin_vs_Priest+Hunter,Mage+Paladin,Priest+Hunter,7,team1,kill,49.02
Mage+Paladin_vs_Priest+Hunter,Mage+Paladin,Priest+Hunter,8,team1,kill,54.72
Mage+Paladin_vs_Priest+Hunter,Mage+Paladin,Priest+Hunter,9,team1,kill,54.67
Mage+Paladin_vs_Warlock+Hunter,Mage+Paladin,Warlock+Hunter,0,team1,kill,24.57
Mage+Paladin_vs_Warlock+Hunter,Mage+Paladin,Warlock+Hunter,1,team1,kill,30.33
Mage+Paladin_vs_Warlock+Hunter,Mage+Paladin,Warlock+Hunter,2,team1,kill,28.65
Mage+Paladin_vs_Warlock+Hunter,Mage+Paladin,Warlock+Hunter,3,team1,kill,28.95
Mage+Paladin_vs_Warlock+Hunter,Mage+Paladin,Warlock+Hunter,4,team1,kill,23.12
Mage+Paladin_vs_Warlock+Hunter,Mage+Paladin,Warlock+Hunter,5,team1,kill,27.60
Mage+Paladin_vs_Warlock+Hunter,Mage+Paladin,Warlock+Hunter,6,team1,kill,26.08
Mage+Paladin_vs_Warlock+Hunter,Mage+Paladin,Warlock+Hunter,7,team1,kill,27.62
Mage+Paladin_vs_Warlock+Hunter,Mage+Paladin,Warlock+Hunter,8,team1,kill,28.73
Mage+Paladin_vs_Warlock+Hunter,Mage+Paladin,Warlock+Hunter,9,team1,kill,24.57
Mage+Paladin_vs_Paladin+Hunter,Mage+Paladin,Paladin+Hunter,0,team2,kill,100.37
Mage+Paladin_vs_Paladin+Hunter,Mage+Paladin,Paladin+Hunter,1,team2,kill,147.94
Mage+Paladin_vs_Paladin+Hunter,Mage+Paladin,Paladin+Hunter,2,team2,kill,106.09
Mage+Paladin_vs_Paladin+Hunter,Mage+Paladin,Paladin+Hunter,3,team2,kill,83.39
Mage+Paladin_vs_Paladin+Hunter,Mage+Paladin,Paladin+Hunter,4,team2,kill,97.24
Mage+Paladin_vs_Paladin+Hunter,Mage+Paladin,Paladin+Hunter,5,team2,kill,103.51
Mage+Paladin_vs_Paladin+Hunter,Mage+Paladin,Paladin+Hunter,6,team2,kill,107.96
Mage+Paladin_vs_Paladin+Hunter,Mage+Paladin,Paladin+Hunter,7,team2,kill,98.31
Mage+Paladin_vs_Paladin+Hunter,Mage+Paladin,Paladin+Hunter,8,team2,kill,131.06
Mage+Paladin_vs_Paladin+Hunter,Mage+Paladin,Paladin+Hunter,9,team2,kill,88.94
Mage+Paladin_vs_Hunter+Shaman,Mage+Paladin,Hunter+Shaman,0,team1,kill,28.58
Mage+Paladin_vs_Hunter+Shaman,Mage+Paladin,Hunter+Shaman,1,team1,kill,27.80
Mage+Paladin_vs_Hunter+Shaman,Mage+Paladin,Hunter+Shaman,2,team1,kill,24.58
Mage+Paladin_vs_Hunter+Shaman,Mage+Paladin,Hunter+Shaman,3,team1,kill,35.20
Mage+Paladin_vs_Hunter+Shaman,Mage+Paladin,Hunter+Shaman,4,team1,kill,28.98
Mage+Paladin_vs_Hunter+Shaman,Mage+Paladin,Hunter+Shaman,5,team1,kill,24.58
Mage+Paladin_vs_Hunter+Shaman,Mage+Paladin,Hunter+Shaman,6,team1,kill,34.70
Mage+Paladin_vs_Hunter+Shaman,Mage+Paladin,Hunter+Shaman,7,team1,kill,32.42
Mage+Paladin_vs_Hunter+Shaman,Mage+Paladin,Hunter+Shaman,8,team1,kill,27.60
Mage+Paladin_vs_Hunter+Shaman,Mage+Paladin,Hunter+Shaman,9,team1,kill,35.58
Mage+Hunter_vs_Warrior+Mage,Mage+Hunter,Warrior+Mage,0,team2,kill,23.23
Mage+Hunter_vs_Warrior+Mage,Mage+Hunter,Warrior+Mage,1,team2,kill,24.75
Mage+Hunter_vs_Warrior+Mage,Mage+Hunter,Warrior+Mage,2,team2,kill,26.27
Mage+Hunter_vs_Warrior+Mage,Mage+Hunter,Warrior+Mage,3,team2,kill,24.75
Mage+Hunter_vs_Warrior+Mage,Mage+Hunter,Warrior+Mage,4,team2,kill,23.23
Mage+Hunter_vs_Warrior+Mage,Mage+Hunter,Warrior+Mage,5,team2,kill,26.27
Mage+Hunter_vs_Warrior+Mage,Mage+Hunter,Warrior+Mage,6,team2,kill,23.23
Mage+Hunter_vs_Warrior+Mage,Mage+Hunter,Warrior+Mage,7,team2,kill,23.23
Mage+Hunter_vs_Warrior+Mage,Mage+Hunter,Warrior+Mage,8,team2,kill,23.23
Mage+Hunter_vs_Warrior+Mage,Mage+Hunter,Warrior+Mage,9,team2,kill,23.23
Mage+Hunter_vs_Warrior+Rogue,Mage+Hunter,Warrior+Rogue,0,team1,kill,16.43
Mage+Hunter_vs_Warrior+Rogue,Mage+Hunter,Warrior+Rogue,1,team1,kill,16.43
Mage+Hunter_vs_Warrior+Rogue,Mage+Hunter,Warrior+Rogue,2,team1,kill,16.43
Mage+Hunter_vs_Warrior+Rogue,Mage+Hunter,Warrior+Rogue,3,team1,kill,16.43
Mage+Hunter_vs_Warrior+Rogue,Mage+Hunter,Warrior+Rogue,4,team1,kill,16.43
Mage+Hunter_vs_Warrior+Rogue,Mage+Hunter,Warrior+Rogue,5,team1,kill,16.43
Mage+Hunter_vs_Warrior+Rogue,Mage+Hunter,Warrior+Rogue,6,team1,kill,17.88
Mage+Hunter_vs_Warrior+Rogue,Mage+Hunter,Warrior+Rogue,7,team1,kill,16.43
Mage+Hunter_vs_Warrior+Rogue,Mage+Hunter,Warrior+Rogue,8,team1,kill,17.88
Mage+Hunter_vs_Warrior+Rogue,Mage+Hunter,Warrior+Rogue,9,team1,kill,17.63
Mage+Hunter_vs_Warrior+Priest,Mage+Hunter,Warrior+Priest,0,team1,kill,32.03
Mage+Hunter_vs_Warrior+Priest,Mage+Hunter,Warrior+Priest,1,team2,kill,57.15
Mage+Hunter_vs_Warrior+Priest,Mage+Hunter,Warrior+Priest,2,team1,kill,59.12
Mage+Hunter_vs_Warrior+Priest,Mage+Hunter,Warrior+Priest,3,team1,kill,31.17
Mage+Hunter_vs_Warrior+Priest,Mage+Hunter,Warrior+Priest,4,team1,kill,39.07
Mage+Hunter_vs_Warrior+Priest,Mage+Hunter,Warrior+Priest,5,team1,kill,57.05
Mage+Hunter_vs_Warrior+Priest,Mage+Hunter,Warrior+Priest,6,team1,kill,54.00
Mage+Hunter_vs_Warrior+Priest,Mage+Hunter,Warrior+Priest,7,team2,kill,44.07
Mage+Hunter_vs_Warrior+Priest,Mage+Hunter,Warrior+Priest,8,team1,kill,25.30
Mage+Hunter_vs_Warrior+Priest,Mage+Hunter,Warrior+Priest,9,team1,kill,25.35
Mage+Hunter_vs_Warrior+Warlock,Mage+Hunter,Warrior+Warlock,0,team1,kill,18.20
Mage+Hunter_vs_Warrior+Warlock,Mage+Hunter,Warrior+Warlock,1,team1,kill,21.62
Mage+Hunter_vs_Warrior+Warlock,Mage+Hunter,Warrior+Warlock,2,team1,kill,18.43
Mage+Hunter_vs_Warrior+Warlock,Mage+Hunter,Warrior+Warlock,3,team1,kill,20.10
Mage+Hunter_vs_Warrior+Warlock,Mage+Hunter,Warrior+Warlock,4,team1,kill,21.53
Mage+Hunter_vs_Warrior+Warlock,Mage+Hunter,Warrior+Warlock,5,team1,kill,18.12
Mage+Hunter_vs_Warrior+Warlock,Mage+Hunter,Warrior+Warlock,6,team1,kill,17.65
Mage+Hunter_vs_Warrior+Warlock,Mage+Hunter,Warrior+Warlock,7,team1,kill,19.73
Mage+Hunter_vs_Warrior+Warlock,Mage+Hunter,Warrior+Warlock,8,team1,kill,21.05
Mage+Hunter_vs_Warrior+Warlock,Mage+Hunter,Warrior+Warlock,9,team1,kill,20.68
Mage+Hunter_vs_Warrior+Paladin,Mage+Hunter,Warrior+Paladin,0,team2,kill,80.65
Mage+Hunter_vs_Warrior+Paladin,Mage+Hunter,Warrior+Paladin,1,team2,kill,76.42
Mage+Hunter_vs_Warrior+Paladin,Mage+Hunter,Warrior+Paladin,2,team2,kill,61.18
Mage+Hunter_vs_Warrior+Paladin,Mage+Hunter,Warrior+Paladin,3,team2,kill,60.58
Mage+Hunter_vs_Warrior+Paladin,Mage+Hunter,Warrior+Paladin,4,team2,kill,32.48
Mage+Hunter_vs_Warrior+Paladin,Mage+Hunter,Warrior+Paladin,5,team2,kill,44.87
Mage+Hunter_vs_Warrior+Paladin,Mage+Hunter,Warrior+Paladin,6,team2,kill,77.19
Mage+Hunter_vs_Warrior+Paladin,Mage+Hunter,Warrior+Paladin,7,team2,kill,76.80
Mage+Hunter_vs_Warrior+Paladin,Mage+Hunter,Warrior+Paladin,8,team2,kill,74.47
Mage+Hunter_vs_Warrior+Paladin,Mage+Hunter,Warrior+Paladin,9,team2,kill,76.55
Mage+Hunter_vs_Warrior+Hunter,Mage+Hunter,Warrior+Hunter,0,team1,kill,25.17
Mage+Hunter_vs_Warrior+Hunter,Mage+Hunter,Warrior+Hunter,1,team1,kill,28.85
Mage+Hunter_vs_Warrior+Hunter,Mage+Hunter,Warrior+Hunter,2,team1,kill,24.33
Mage+Hunter_vs_Warrior+Hunter,Mage+Hunter,Warrior+Hunter,3,team1,kill,26.52
Mage+Hunter_vs_Warrior+Hunter,Mage+Hunter,Warrior+Hunter,4,team1,kill,28.85
Mage+Hunter_vs_Warrior+Hunter,Mage+Hunter,Warrior+Hunter,5,team1,kill,31.27
Mage+Hunter_vs_Warrior+Hunter,Mage+Hunter,Warrior+Hunter,6,team1,kill,28.93
Mage+Hunter_vs_Warrior+Hunter,Mage+Hunter,Warrior+Hunter,7,team1,kill,31.40
Mage+Hunter_vs_Warrior+Hunter,Mage+Hunter,Warrior+Hunter,8,team2,kill,19.12
Mage+Hunter_vs_Warrior+Hunter,Mage+Hunter,Warrior+Hunter,9,team2,kill,18.83
Mage+Hunter_vs_Warrior+Shaman,Mage+Hunter,Warrior+Shaman,0,team2,kill,35.83
Mage+Hunter_vs_Warrior+Shaman,Mage+Hunter,Warrior+Shaman,1,team1,kill,25.37
Mage+Hunter_vs_Warrior+Shaman,Mage+Hunter,Warrior+Shaman,2,team2,kill,35.83
Mage+Hunter_vs_Warrior+Shaman,Mage+Hunter,Warrior+Shaman,3,team1,kill,26.93
Mage+Hunter_vs_Warrior+Shaman,Mage+Hunter,Warrior+Shaman,4,team1,kill,29.78
Mage+Hunter_vs_Warrior+Shaman,Mage+Hunter,Warrior+Shaman,5,team1,kill,59.32
Mage+Hunter_vs_Warrior+Shaman,Mage+Hunter,Warrior+Shaman,6,team2,kill,35.83
Mage+Hunter_vs_Warrior+Shaman,Mage+Hunter,Warrior+Shaman,7,team1,kill,27.97
Mage+Hunter_vs_Warrior+Shaman,Mage+Hunter,Warrior+Shaman,8,team2,kill,35.83
Mage+Hunter_vs_Warrior+Shaman,Mage+Hunter,Warrior+Shaman,9,team1,kill,26.85
Mage+Hunter_vs_Mage+Rogue,Mage+Hunter,Mage+Rogue,0,team1,kill,17.87
Mage+Hunter_vs_Mage+Rogue,Mage+Hunter,Mage+Rogue,1,team1,kill,17.87
Mage+Hunter_vs_Mage+Rogue,Mage+Hunter,Mage+Rogue,2,team1,kill,22.40
Mage+Hunter_vs_Mage+Rogue,Mage+Hunter,Mage+Rogue,3,team1,kill,17.87
Mage+Hunter_vs_Mage+Rogue,Mage+Hunter,Mage+Rogue,4,team1,kill,16.42
Mage+Hunter_vs_Mage+Rogue,Mage+Hunter,Mage+Rogue,5,team1,kill,22.38
Mage+Hunter_vs_Mage+Rogue,Mage+Hunter,Mage+Rogue,6,team1,kill,16.85
Mage+Hunter_vs_Mage+Rogue,Mage+Hunter,Mage+Rogue,7,team1,kill,16.85
Mage+Hunter_vs_Mage+Rogue,Mage+Hunter,Mage+Rogue,8,team1,kill,16.85
Mage+Hunter_vs_Mage+Rogue,Mage+Hunter,Mage+Rogue,9,team1,kill,22.40
Mage+Hunter_vs_Mage+Priest,Mage+Hunter,Mage+Priest,0,team1,kill,53.90
Mage+Hunter_vs_Mage+Priest,Mage+Hunter,Mage+Priest,1,team1,kill,52.68
Mage+Hunter_vs_Mage+Priest,Mage+Hunter,Mage+Priest,2,team1,kill,50.35
Mage+Hunter_vs_Mage+Priest,Mage+Hunter,Mage+Priest,3,team2,kill,45.25
Mage+Hunter_vs_Mage+Priest,Mage+Hunter,Mage+Priest,4,team2,kill,48.55
Mage+Hunter_vs_Mage+Priest,Mage+Hunter,Mage+Priest,5,team1,kill,47.45
Mage+Hunter_vs_Mage+Priest,Mage+Hunter,Mage+Priest,6,team1,kill,53.90
Mage+Hunter_vs_Mage+Priest,Mage+Hunter,Mage+Priest,7,team1,kill,45.35
Mage+Hunter_vs_Mage+Priest,Mage+Hunter,Mage+Priest,8,team1,kill,47.95
Mage+Hunter_vs_Mage+Priest,Mage+Hunter,Mage+Priest,9,team1,kill,55.18
Mage+Hunter_vs_Mage+Warlock,Mage+Hunter,Mage+Warlock,0,team2,kill,29.03
Mage+Hunter_vs_Mage+Warlock,Mage+Hunter,Mage+Warlock,1,team2,kill,31.02
Mage+Hunter_vs_Mage+Warlock,Mage+Hunter,Mage+Warlock,2,team2,kill,29.03
Mage+Hunter_vs_Mage+Warlock,Mage+Hunter,Mage+Warlock,3,team2,kill,30.15
Mage+Hunter_vs_Mage+Warlock,Mage+Hunter,Mage+Warlock,4,team1,kill,32.72
Mage+Hunter_vs_Mage+Warlock,Mage+Hunter,Mage+Warlock,5,team2,kill,33.28
Mage+Hunter_vs_Mage+Warlock,Mage+Hunter,Mage+Warlock,6,team1,kill,23.83
Mage+Hunter_vs_Mage+Warlock,Mage+Hunter,Mage+Warlock,7,team1,kill,28.25
Mage+Hunter_vs_Mage+Warlock,Mage+Hunter,Mage+Warlock,8,team1,kill,18.63
Mage+Hunter_vs_Mage+Warlock,Mage+Hunter,Mage+Warlock,9,team2,kill,29.03
Mage+Hunter_vs_Mage+Paladin,Mage+Hunter,Mage+Paladin,0,team2,kill,20.17
Mage+Hunter_vs_Mage+Paladin,Mage+Hunter,Mage+Paladin,1,team2,kill,20.28
Mage+Hunter_vs_Mage+Paladin,Mage+Hunter,Mage+Paladin,2,team2,kill,43.28
Mage+Hunter_vs_Mage+Paladin,Mage+Hunter,Mage+Paladin,3,team2,kill,17.60
Mage+Hunter_vs_Mage+Paladin,Mage+Hunter,Mage+Paladin,4,team2,kill,45.45
Mage+Hunter_vs_Mage+Paladin,Mage+Hunter,Mage+Paladin,5,team2,kill,17.60
Mage+Hunter_vs_Mage+Paladin,Mage+Hunter,Mage+Paladin,6,team2,kill,36.48
Mage+Hunter_vs_Mage+Paladin,Mage+Hunter,Mage+Paladin,7,team2,kill,18.67
Mage+Hunter_vs_Mage+Paladin,Mage+Hunter,Mage+Paladin,8,team2,kill,20.63
Mage+Hunter_vs_Mage+Paladin,Mage+Hunter,Mage+Paladin,9,team2,kill,43.87
Mage+Hunter_vs_Mage+Hunter,Mage+Hunter,Mage+Hunter,0,team2,kill,18.63
Mage+Hunter_vs_Mage+Hunter,Mage+Hunter,Mage+Hunter,1,team2,kill,21.03
Mage+Hunter_vs_Mage+Hunter,Mage+Hunter,Mage+Hunter,2,team2,kill,21.03
Mage+Hunter_vs_Mage+Hunter,Mage+Hunter,Mage+Hunter,3,team1,kill,22.45
Mage+Hunter_vs_Mage+Hunter,Mage+Hunter,Mage+Hunter,4,team1,kill,17.10
Mage+Hunter_vs_Mage+Hunter,Mage+Hunter,Mage+Hunter,5,team1,kill,18.63
Mage+Hunter_vs_Mage+Hunter,Mage+Hunter,Mage+Hunter,6,team1,kill,21.03
Mage+Hunter_vs_Mage+Hunter,Mage+Hunter,Mage+Hunter,7,team1,kill,21.03
Mage+Hunter_vs_Mage+Hunter,Mage+Hunter,Mage+Hunter,8,draw,kill,21.03
Mage+Hunter_vs_Mage+Hunter,Mage+Hunter,Mage+Hunter,9,team2,kill,17.10
Mage+Hunter_vs_Mage+Shaman,Mage+Hunter,Mage+Shaman,0,team2,kill,37.52
Mage+Hunter_vs_Mage+Shaman,Mage+Hunter,Mage+Shaman,1,team2,kill,37.52
Mage+Hunter_vs_Mage+Shaman,Mage+Hunter,Mage+Shaman,2,team1,kill,26.98
Mage+Hunter_vs_Mage+Shaman,Mage+Hunter,Mage+Shaman,3,team2,kill,34.48
Mage+Hunter_vs_Mage+Shaman,Mage+Hunter,Mage+Shaman,4,team2,kill,37.52
Mage+Hunter_vs_Mage+Shaman,Mage+Hunter,Mage+Shaman,5,team2,kill,36.00
Mage+Hunter_vs_Mage+Shaman,Mage+Hunter,Mage+Shaman,6,team2,kill,34.48
Mage+Hunter_vs_Mage+Shaman,Mage+Hunter,Mage+Shaman,7,team2,kill,30.97
Mage+Hunter_vs_Mage+Shaman,Mage+Hunter,Mage+Shaman,8,team1,kill,25.85
Mage+Hunter_vs_Mage+Shaman,Mage+Hunter,Mage+Shaman,9,team2,kill,34.00
Mage+Hunter_vs_Rogue+Priest,Mage+Hunter,Rogue+Priest,0,team1,kill,23.40
Mage+Hunter_vs_Rogue+Priest,Mage+Hunter,Rogue+Priest,1,team1,kill,23.07
Mage+Hunter_vs_Rogue+Priest,Mage+Hunter,Rogue+Priest,2,team1,kill,25.37
Mage+Hunter_vs_Rogue+Priest,Mage+Hunter,Rogue+Priest,3,team1,kill,25.10
Mage+Hunter_vs_Rogue+Priest,Mage+Hunter,Rogue+Priest,4,team1,kill,16.28
Mage+Hunter_vs_Rogue+Priest,Mage+Hunter,Rogue+Priest,5,team1,kill,23.07
Mage+Hunter_vs_Rogue+Priest,Mage+Hunter,Rogue+Priest,6,team1,kill,22.95
Mage+Hunter_vs_Rogue+Priest,Mage+Hunter,Rogue+Priest,7,team1,kill,23.07
Mage+Hunter_vs_Rogue+Priest,Mage+Hunter,Rogue+Priest,8,team1,kill,22.37
Mage+Hunter_vs_Rogue+Priest,Mage+Hunter,Rogue+Priest,9,team1,kill,19.32
Mage+Hunter_vs_Rogue+Warlock,Mage+Hunter,Rogue+Warlock,0,team1,kill,24.33
Mage+Hunter_vs_Rogue+Warlock,Mage+Hunter,Rogue+Warlock,1,team1,kill,19.32
Mage+Hunter_vs_Rogue+Warlock,Mage+Hunter,Rogue+Warlock,2,team1,kill,17.60
Mage+Hunter_vs_Rogue+Warlock,Mage+Hunter,Rogue+Warlock,3,team1,kill,25.37
Mage+Hunter_vs_Rogue+Warlock,Mage+Hunter,Rogue+Warlock,4,team1,kill,20.95
Mage+Hunter_vs_Rogue+Warlock,Mage+Hunter,Rogue+Warlock,5,team1,kill,18.97
Mage+Hunter_vs_Rogue+Warlock,Mage+Hunter,Rogue+Warlock,6,team1,kill,24.22
Mage+Hunter_vs_Rogue+Warlock,Mage+Hunter,Rogue+Warlock,7,team1,kill,24.20
Mage+Hunter_vs_Rogue+Warlock,Mage+Hunter,Rogue+Warlock,8,team1,kill,19.30
Mage+Hunter_vs_Rogue+Warlock,Mage+Hunter,Rogue+Warlock,9,team1,kill,25.35
Mage+Hunter_vs_Rogue+Paladin,Mage+Hunter,Rogue+Paladin,0,team1,kill,38.33
Mage+Hunter_vs_Rogue+Paladin,Mage+Hunter,Rogue+Paladin,1,team1,kill,38.33
Mage+Hunter_vs_Rogue+Paladin,Mage+Hunter,Rogue+Paladin,2,team1,kill,38.33
Mage+Hunter_vs_Rogue+Paladin,Mage+Hunter,Rogue+Paladin,3,team1,kill,20.97
Mage+Hunter_vs_Rogue+Paladin,Mage+Hunter,Rogue+Paladin,4,team1,kill,36.82
Mage+Hunter_vs_Rogue+Paladin,Mage+Hunter,Rogue+Paladin,5,team1,kill,39.85
Mage+Hunter_vs_Rogue+Paladin,Mage+Hunter,Rogue+Paladin,6,team1,kill,38.33
Mage+Hunter_vs_Rogue+Paladin,Mage+Hunter,Rogue+Paladin,7,team1,kill,35.65
Mage+Hunter_vs_Rogue+Paladin,Mage+Hunter,Rogue+Paladin,8,team1,kill,39.85
Mage+Hunter_vs_Rogue+Paladin,Mage+Hunter,Rogue+Paladin,9,team1,kill,37.17
Mage+Hunter_vs_Rogue+Hunter,Mage+Hunter,Rogue+Hunter,0,team2,kill,32.72
Mage+Hunter_vs_Rogue+Hunter,Mage+Hunter,Rogue+Hunter,1,team1,kill,23.83
Mage+Hunter_vs_Rogue+Hunter,Mage+Hunter,Rogue+Hunter,2,team1,kill,23.28
Mage+Hunter_vs_Rogue+Hunter,Mage+Hunter,Rogue+Hunter,3,team1,kill,28.67
Mage+Hunter_vs_Rogue+Hunter,Mage+Hunter,Rogue+Hunter,4,team1,kill,30.33
Mage+Hunter_vs_Rogue+Hunter,Mage+Hunter,Rogue+Hunter,5,team2,kill,28.12
Mage+Hunter_vs_Rogue+Hunter,Mage+Hunter,Rogue+Hunter,6,team2,kill,33.52
Mage+Hunter_vs_Rogue+Hunter,Mage+Hunter,Rogue+Hunter,7,team2,kill,27.33
Mage+Hunter_vs_Rogue+Hunter,Mage+Hunter,Rogue+Hunter,8,team2,kill,26.40
Mage+Hunter_vs_Rogue+Hunter,Mage+Hunter,Rogue+Hunter,9,team2,kill,33.52
Mage+Hunter_vs_Rogue+Shaman,Mage+Hunter,Rogue+Shaman,0,team1,kill,39.87
Mage+Hunter_vs_Rogue+Shaman,Mage+Hunter,Rogue+Shaman,1,team1,kill,40.20
Mage+Hunter_vs_Rogue+Shaman,Mage+Hunter,Rogue+Shaman,2,team1,kill,42.62
Mage+Hunter_vs_Rogue+Shaman,Mage+Hunter,Rogue+Shaman,3,team1,kill,40.20
Mage+Hunter_vs_Rogue+Shaman,Mage+Hunter,Rogue+Shaman,4,team1,kill,36.23
Mage+Hunter_vs_Rogue+Shaman,Mage+Hunter,Rogue+Shaman,5,team1,kill,41.43
Mage+Hunter_vs_Rogue+Shaman,Mage+Hunter,Rogue+Shaman,6,team1,kill,37.00
Mage+Hunter_vs_Rogue+Shaman,Mage+Hunter,Rogue+Shaman,7,team1,kill,39.18
Mage+Hunter_vs_Rogue+Shaman,Mage+Hunter,Rogue+Shaman,8,team1,kill,39.18
Mage+Hunter_vs_Rogue+Shaman,Mage+Hunter,Rogue+Shaman,9,team1,kill,27.07
Mage+Hunter_vs_Priest+Warlock,Mage+Hunter,Priest+Warlock,0,team2,kill,35.47
Mage+Hunter_vs_Priest+Warlock,Mage+Hunter,Priest+Warlock,1,team2,kill,36.60
Mage+Hunter_vs_Priest+Warlock,Mage+Hunter,Priest+Warlock,2,team2,kill,32.55
Mage+Hunter_vs_Priest+Warlock,Mage+Hunter,Priest+Warlock,3,team2,kill,30.10
Mage+Hunter_vs_Priest+Warlock,Mage+Hunter,Priest+Warlock,4,team2,kill,36.92
Mage+Hunter_vs_Priest+Warlock,Mage+Hunter,Priest+Warlock,5,team2,kill,32.23
Mage+Hunter_vs_Priest+Warlock,Mage+Hunter,Priest+Warlock,6,team2,kill,35.17
Mage+Hunter_vs_Priest+Warlock,Mage+Hunter,Priest+Warlock,7,team2,kill,32.55
Mage+Hunter_vs_Priest+Warlock,Mage+Hunter,Priest+Warlock,8,team2,kill,34.52
Mage+Hunter_vs_Priest+Warlock,Mage+Hunter,Priest+Warlock,9,team2,kill,38.02
Mage+Hunter_vs_Priest+Hunter,Mage+Hunter,Priest+Hunter,0,team1,kill,25.90
Mage+Hunter_vs_Priest+Hunter,Mage+Hunter,Priest+Hunter,1,team1,kill,29.58
Mage+Hunter_vs_Priest+Hunter,Mage+Hunter,Priest+Hunter,2,team1,kill,28.07
Mage+Hunter_vs_Priest+Hunter,Mage+Hunter,Priest+Hunter,3,team1,kill,36.05
Mage+Hunter_vs_Priest+Hunter,Mage+Hunter,Priest+Hunter,4,team2,kill,36.83
Mage+Hunter_vs_Priest+Hunter,Mage+Hunter,Priest+Hunter,5,team1,kill,45.17
Mage+Hunter_vs_Priest+Hunter,Mage+Hunter,Priest+Hunter,6,team2,kill,43.30
Mage+Hunter_vs_Priest+Hunter,Mage+Hunter,Priest+Hunter,7,team1,kill,38.25
Mage+Hunter_vs_Priest+Hunter,Mage+Hunter,Priest+Hunter,8,team1,kill,32.27
Mage+Hunter_vs_Priest+Hunter,Mage+Hunter,Priest+Hunter,9,team2,kill,41.43
Mage+Hunter_vs_Warlock+Paladin,Mage+Hunter,Warlock+Paladin,0,team1,kill,42.20
Mage+Hunter_vs_Warlock+Paladin,Mage+Hunter,Warlock+Paladin,1,team1,kill,32.92
Mage+Hunter_vs_Warlock+Paladin,Mage+Hunter,Warlock+Paladin,2,team1,kill,44.33
Mage+Hunter_vs_Warlock+Paladin,Mage+Hunter,Warlock+Paladin,3,team1,kill,33.00
Mage+Hunter_vs_Warlock+Paladin,Mage+Hunter,Warlock+Paladin,4,team1,kill,49.13
Mage+Hunter_vs_Warlock+Paladin,Mage+Hunter,Warlock+Paladin,5,team1,kill,32.90
Mage+Hunter_vs_Warlock+Paladin,Mage+Hunter,Warlock+Paladin,6,team1,kill,49.18
Mage+Hunter_vs_Warlock+Paladin,Mage+Hunter,Warlock+Paladin,7,team1,kill,34.47
Mage+Hunter_vs_Warlock+Paladin,Mage+Hunter,Warlock+Paladin,8,team1,kill,47.93
Mage+Hunter_vs_Warlock+Paladin,Mage+Hunter,Warlock+Paladin,9,team1,kill,72.52
Mage+Hunter_vs_Warlock+Hunter,Mage+Hunter,Warlock+Hunter,0,team1,kill,23.33
Mage+Hunter_vs_Warlock+Hunter,Mage+Hunter,Warlock+Hunter,1,team2,kill,25.78
Mage+Hunter_vs_Warlock+Hunter,Mage+Hunter,Warlock+Hunter,2,team1,kill,24.62
Mage+Hunter_vs_Warlock+Hunter,Mage+Hunter,Warlock+Hunter,3,team1,kill,21.27
Mage+Hunter_vs_Warlock+Hunter,Mage+Hunter,Warlock+Hunter,4,team1,kill,24.17
Mage+Hunter_vs_Warlock+Hunter,Mage+Hunter,Warlock+Hunter,5,team1,kill,24.17
Mage+Hunter_vs_Warlock+Hunter,Mage+Hunter,Warlock+Hunter,6,team1,kill,24.62
Mage+Hunter_vs_Warlock+Hunter,Mage+Hunter,Warlock+Hunter,7,team2,kill,21.20
Mage+Hunter_vs_Warlock+Hunter,Mage+Hunter,Warlock+Hunter,8,team1,kill,24.25
Mage+Hunter_vs_Warlock+Hunter,Mage+Hunter,Warlock+Hunter,9,team1,kill,23.33
Mage+Hunter_vs_Warlock+Shaman,Mage+Hunter,Warlock+Shaman,0,team1,kill,25.37
Mage+Hunter_vs_Warlock+Shaman,Mage+Hunter,Warlock+Shaman,1,team1,kill,26.27
Mage+Hunter_vs_Warlock+Shaman,Mage+Hunter,Warlock+Shaman,2,team1,kill,26.88
Mage+Hunter_vs_Warlock+Shaman,Mage+Hunter,Warlock+Shaman,3,team1,kill,26.75
Mage+Hunter_vs_Warlock+Shaman,Mage+Hunter,Warlock+Shaman,4,team1,kill,28.90
Mage+Hunter_vs_Warlock+Shaman,Mage+Hunter,Warlock+Shaman,5,team1,kill,28.25
Mage+Hunter_vs_Warlock+Shaman,Mage+Hunter,Warlock+Shaman,6,team1,kill,24.83
Mage+Hunter_vs_Warlock+Shaman,Mage+Hunter,Warlock+Shaman,7,team1,kill,27.50
Mage+Hunter_vs_Warlock+Shaman,Mage+Hunter,Warlock+Shaman,8,team1,kill,24.78
Mage+Hunter_vs_Warlock+Shaman,Mage+Hunter,Warlock+Shaman,9,team1,kill,24.93
Mage+Hunter_vs_Paladin+Hunter,Mage+Hunter,Paladin+Hunter,0,team2,kill,92.16
Mage+Hunter_vs_Paladin+Hunter,Mage+Hunter,Paladin+Hunter,1,team1,kill,35.33
Mage+Hunter_vs_Paladin+Hunter,Mage+Hunter,Paladin+Hunter,2,team2,kill,76.50
Mage+Hunter_vs_Paladin+Hunter,Mage+Hunter,Paladin+Hunter,3,team2,kill,46.02
Mage+Hunter_vs_Paladin+Hunter,Mage+Hunter,Paladin+Hunter,4,team2,kill,45.67
Mage+Hunter_vs_Paladin+Hunter,Mage+Hunter,Paladin+Hunter,5,team1,kill,32.03
Mage+Hunter_vs_Paladin+Hunter,Mage+Hunter,Paladin+Hunter,6,team2,kill,52.82
Mage+Hunter_vs_Paladin+Hunter,Mage+Hunter,Paladin+Hunter,7,team2,kill,56.80
Mage+Hunter_vs_Paladin+Hunter,Mage+Hunter,Paladin+Hunter,8,team2,kill,31.22
Mage+Hunter_vs_Paladin+Hunter,Mage+Hunter,Paladin+Hunter,9,team2,kill,35.87
Mage+Hunter_vs_Hunter+Shaman,Mage+Hunter,Hunter+Shaman,0,team1,kill,26.58
Mage+Hunter_vs_Hunter+Shaman,Mage+Hunter,Hunter+Shaman,1,team1,kill,28.72
Mage+Hunter_vs_Hunter+Shaman,Mage+Hunter,Hunter+Shaman,2,team1,kill,27.35
Mage+Hunter_vs_Hunter+Shaman,Mage+Hunter,Hunter+Shaman,3,team1,kill,24.48
Mage+Hunter_vs_Hunter+Shaman,Mage+Hunter,Hunter+Shaman,4,team1,kill,22.77
Mage+Hunter_vs_Hunter+Shaman,Mage+Hunter,Hunter+Shaman,5,team1,kill,32.78
Mage+Hunter_vs_Hunter+Shaman,Mage+Hunter,Hunter+Shaman,6,team1,kill,19.50
Mage+Hunter_vs_Hunter+Shaman,Mage+Hunter,Hunter+Shaman,7,team1,kill,27.37
Mage+Hunter_vs_Hunter+Shaman,Mage+Hunter,Hunter+Shaman,8,team1,kill,21.47
Mage+Hunter_vs_Hunter+Shaman,Mage+Hunter,Hunter+Shaman,9,team1,kill,27.33
Mage+Shaman_vs_Warrior+Hunter,Mage+Shaman,Warrior+Hunter,0,team1,kill,13.53
Mage+Shaman_vs_Warrior+Hunter,Mage+Shaman,Warrior+Hunter,1,team1,kill,13.53
Mage+Shaman_vs_Warrior+Hunter,Mage+Shaman,Warrior+Hunter,2,team1,kill,13.08
Mage+Shaman_vs_Warrior+Hunter,Mage+Shaman,Warrior+Hunter,3,team1,kill,13.53
Mage+Shaman_vs_Warrior+Hunter,Mage+Shaman,Warrior+Hunter,4,team1,kill,11.70
Mage+Shaman_vs_Warrior+Hunter,Mage+Shaman,Warrior+Hunter,5,team1,kill,13.08
Mage+Shaman_vs_Warrior+Hunter,Mage+Shaman,Warrior+Hunter,6,team1,kill,13.53
Mage+Shaman_vs_Warrior+Hunter,Mage+Shaman,Warrior+Hunter,7,team1,kill,13.53
Mage+Shaman_vs_Warrior+Hunter,Mage+Shaman,Warrior+Hunter,8,team1,kill,13.53
Mage+Shaman_vs_Warrior+Hunter,Mage+Shaman,Warrior+Hunter,9,team1,kill,13.53
Mage+Shaman_vs_Mage+Hunter,Mage+Shaman,Mage+Hunter,0,team1,kill,37.52
Mage+Shaman_vs_Mage+Hunter,Mage+Shaman,Mage+Hunter,1,team1,kill,37.52
Mage+Shaman_vs_Mage+Hunter,Mage+Shaman,Mage+Hunter,2,team2,kill,26.60
Mage+Shaman_vs_Mage+Hunter,Mage+Shaman,Mage+Hunter,3,team1,kill,36.00
Mage+Shaman_vs_Mage+Hunter,Mage+Shaman,Mage+Hunter,4,team1,kill,37.52
Mage+Shaman_vs_Mage+Hunter,Mage+Shaman,Mage+Hunter,5,team1,kill,34.48
Mage+Shaman_vs_Mage+Hunter,Mage+Shaman,Mage+Hunter,6,team1,kill,34.48
Mage+Shaman_vs_Mage+Hunter,Mage+Shaman,Mage+Hunter,7,team1,kill,37.52
Mage+Shaman_vs_Mage+Hunter,Mage+Shaman,Mage+Hunter,8,team2,kill,25.12
Mage+Shaman_vs_Mage+Hunter,Mage+Shaman,Mage+Hunter,9,team1,kill,37.52
Mage+Shaman_vs_Rogue+Warlock,Mage+Shaman,Rogue+Warlock,0,team1,kill,16.75
Mage+Shaman_vs_Rogue+Warlock,Mage+Shaman,Rogue+Warlock,1,team1,kill,16.75
Mage+Shaman_vs_Rogue+Warlock,Mage+Shaman,Rogue+Warlock,2,team1,kill,16.75
Mage+Shaman_vs_Rogue+Warlock,Mage+Shaman,Rogue+Warlock,3,team1,kill,16.75
Mage+Shaman_vs_Rogue+Warlock,Mage+Shaman,Rogue+Warlock,4,team1,kill,16.75
Mage+Shaman_vs_Rogue+Warlock,Mage+Shaman,Rogue+Warlock,5,team1,kill,16.75
Mage+Shaman_vs_Rogue+Warlock,Mage+Shaman,Rogue+Warlock,6,team1,kill,16.75
Mage+Shaman_vs_Rogue+Warlock,Mage+Shaman,Rogue+Warlock,7,team1,kill,16.75
Mage+Shaman_vs_Rogue+Warlock,Mage+Shaman,Rogue+Warlock,8,team1,kill,16.27
Mage+Shaman_vs_Rogue+Warlock,Mage+Shaman,Rogue+Warlock,9,team1,kill,16.75
Mage+Shaman_vs_Rogue+Hunter,Mage+Shaman,Rogue+Hunter,0,team1,kill,16.25
Mage+Shaman_vs_Rogue+Hunter,Mage+Shaman,Rogue+Hunter,1,team1,kill,16.25
Mage+Shaman_vs_Rogue+Hunter,Mage+Shaman,Rogue+Hunter,2,team1,kill,16.25
Mage+Shaman_vs_Rogue+Hunter,Mage+Shaman,Rogue+Hunter,3,team1,kill,16.25
Mage+Shaman_vs_Rogue+Hunter,Mage+Shaman,Rogue+Hunter,4,team1,kill,16.25
Mage+Shaman_vs_Rogue+Hunter,Mage+Shaman,Rogue+Hunter,5,team1,kill,16.25
Mage+Shaman_vs_Rogue+Hunter,Mage+Shaman,Rogue+Hunter,6,team1,kill,16.25
Mage+Shaman_vs_Rogue+Hunter,Mage+Shaman,Rogue+Hunter,7,team1,kill,16.25
Mage+Shaman_vs_Rogue+Hunter,Mage+Shaman,Rogue+Hunter,8,team1,kill,16.25
Mage+Shaman_vs_Rogue+Hunter,Mage+Shaman,Rogue+Hunter,9,team1,kill,16.25
Mage+Shaman_vs_Priest+Hunter,Mage+Shaman,Priest+Hunter,0,team1,kill,23.83
Mage+Shaman_vs_Priest+Hunter,Mage+Shaman,Priest+Hunter,1,team1,kill,20.40
Mage+Shaman_vs_Priest+Hunter,Mage+Shaman,Priest+Hunter,2,team1,kill,21.40
Mage+Shaman_vs_Priest+Hunter,Mage+Shaman,Priest+Hunter,3,team1,kill,23.85
Mage+Shaman_vs_Priest+Hunter,Mage+Shaman,Priest+Hunter,4,team1,kill,24.28
Mage+Shaman_vs_Priest+Hunter,Mage+Shaman,Priest+Hunter,5,team1,kill,20.40
Mage+Shaman_vs_Priest+Hunter,Mage+Shaman,Priest+Hunter,6,team1,kill,21.43
Mage+Shaman_vs_Priest+Hunter,Mage+Shaman,Priest+Hunter,7,team1,kill,21.50
Mage+Shaman_vs_Priest+Hunter,Mage+Shaman,Priest+Hunter,8,team1,kill,23.78
Mage+Shaman_vs_Priest+Hunter,Mage+Shaman,Priest+Hunter,9,team1,kill,20.87
Mage+Shaman_vs_Warlock+Hunter,Mage+Shaman,Warlock+Hunter,0,team1,kill,23.12
Mage+Shaman_vs_Warlock+Hunter,Mage+Shaman,Warlock+Hunter,1,team1,kill,24.57
Mage+Shaman_vs_Warlock+Hunter,Mage+Shaman,Warlock+Hunter,2,team1,kill,24.57
Mage+Shaman_vs_Warlock+Hunter,Mage+Shaman,Warlock+Hunter,3,team1,kill,24.57
Mage+Shaman_vs_Warlock+Hunter,Mage+Shaman,Warlock+Hunter,4,team1,kill,24.57
Mage+Shaman_vs_Warlock+Hunter,Mage+Shaman,Warlock+Hunter,5,team1,kill,24.57
Mage+Shaman_vs_Warlock+Hunter,Mage+Shaman,Warlock+Hunter,6,team1,kill,24.57
Mage+Shaman_vs_Warlock+Hunter,Mage+Shaman,Warlock+Hunter,7,team1,kill,24.57
Mage+Shaman_vs_Warlock+Hunter,Mage+Shaman,Warlock+Hunter,8,team1,kill,24.48
Mage+Shaman_vs_Warlock+Hunter,Mage+Shaman,Warlock+Hunter,9,team1,kill,24.57
Mage+Shaman_vs_Paladin+Hunter,Mage+Shaman,Paladin+Hunter,0,draw,cap,300.00
Mage+Shaman_vs_Paladin+Hunter,Mage+Shaman,Paladin+Hunter,1,team2,kill,155.82
Mage+Shaman_vs_Paladin+Hunter,Mage+Shaman,Paladin+Hunter,2,team1,kill,64.23
Mage+Shaman_vs_Paladin+Hunter,Mage+Shaman,Paladin+Hunter,3,team1,kill,23.12
Mage+Shaman_vs_Paladin+Hunter,Mage+Shaman,Paladin+Hunter,4,team1,kill,64.17
Mage+Shaman_vs_Paladin+Hunter,Mage+Shaman,Paladin+Hunter,5,team1,kill,77.69
Mage+Shaman_vs_Paladin+Hunter,Mage+Shaman,Paladin+Hunter,6,team1,kill,23.12
Mage+Shaman_vs_Paladin+Hunter,Mage+Shaman,Paladin+Hunter,7,team1,kill,23.87
Mage+Shaman_vs_Paladin+Hunter,Mage+Shaman,Paladin+Hunter,8,team1,kill,64.17
Mage+Shaman_vs_Paladin+Hunter,Mage+Shaman,Paladin+Hunter,9,team2,kill,143.96
Mage+Shaman_vs_Hunter+Shaman,Mage+Shaman,Hunter+Shaman,0,team1,kill,31.60
Mage+Shaman_vs_Hunter+Shaman,Mage+Shaman,Hunter+Shaman,1,team1,kill,29.73
Mage+Shaman_vs_Hunter+Shaman,Mage+Shaman,Hunter+Shaman,2,team1,kill,26.17
Mage+Shaman_vs_Hunter+Shaman,Mage+Shaman,Hunter+Shaman,3,team1,kill,33.97
Mage+Shaman_vs_Hunter+Shaman,Mage+Shaman,Hunter+Shaman,4,team1,kill,29.73
Mage+Shaman_vs_Hunter+Shaman,Mage+Shaman,Hunter+Shaman,5,team1,kill,26.15
Mage+Shaman_vs_Hunter+Shaman,Mage+Shaman,Hunter+Shaman,6,team1,kill,28.52
Mage+Shaman_vs_Hunter+Shaman,Mage+Shaman,Hunter+Shaman,7,team1,kill,26.17
Mage+Shaman_vs_Hunter+Shaman,Mage+Shaman,Hunter+Shaman,8,team1,kill,35.77
Mage+Shaman_vs_Hunter+Shaman,Mage+Shaman,Hunter+Shaman,9,team1,kill,26.02
Rogue+Priest_vs_Warrior+Priest,Rogue+Priest,Warrior+Priest,0,team2,kill,33.60
Rogue+Priest_vs_Warrior+Priest,Rogue+Priest,Warrior+Priest,1,team2,kill,47.02
Rogue+Priest_vs_Warrior+Priest,Rogue+Priest,Warrior+Priest,2,team2,kill,38.82
Rogue+Priest_vs_Warrior+Priest,Rogue+Priest,Warrior+Priest,3,team2,kill,39.55
Rogue+Priest_vs_Warrior+Priest,Rogue+Priest,Warrior+Priest,4,team2,kill,33.07
Rogue+Priest_vs_Warrior+Priest,Rogue+Priest,Warrior+Priest,5,team2,kill,33.88
Rogue+Priest_vs_Warrior+Priest,Rogue+Priest,Warrior+Priest,6,team2,kill,37.67
Rogue+Priest_vs_Warrior+Priest,Rogue+Priest,Warrior+Priest,7,team2,kill,39.08
Rogue+Priest_vs_Warrior+Priest,Rogue+Priest,Warrior+Priest,8,team2,kill,29.12
Rogue+Priest_vs_Warrior+Priest,Rogue+Priest,Warrior+Priest,9,team2,kill,69.42
Rogue+Priest_vs_Warrior+Hunter,Rogue+Priest,Warrior+Hunter,0,team2,kill,38.50
Rogue+Priest_vs_Warrior+Hunter,Rogue+Priest,Warrior+Hunter,1,team2,kill,45.67
Rogue+Priest_vs_Warrior+Hunter,Rogue+Priest,Warrior+Hunter,2,team2,kill,49.53
Rogue+Priest_vs_Warrior+Hunter,Rogue+Priest,Warrior+Hunter,3,team2,kill,51.87
Rogue+Priest_vs_Warrior+Hunter,Rogue+Priest,Warrior+Hunter,4,team2,kill,52.27
Rogue+Priest_vs_Warrior+Hunter,Rogue+Priest,Warrior+Hunter,5,team2,kill,37.37
Rogue+Priest_vs_Warrior+Hunter,Rogue+Priest,Warrior+Hunter,6,team2,kill,41.15
Rogue+Priest_vs_Warrior+Hunter,Rogue+Priest,Warrior+Hunter,7,team2,kill,50.58
Rogue+Priest_vs_Warrior+Hunter,Rogue+Priest,Warrior+Hunter,8,team2,kill,17.07
Rogue+Priest_vs_Warrior+Hunter,Rogue+Priest,Warrior+Hunter,9,team2,kill,51.48
Rogue+Priest_vs_Mage+Hunter,Rogue+Priest,Mage+Hunter,0,team2,kill,23.40
Rogue+Priest_vs_Mage+Hunter,Rogue+Priest,Mage+Hunter,1,team2,kill,23.07
Rogue+Priest_vs_Mage+Hunter,Rogue+Priest,Mage+Hunter,2,team2,kill,25.37
Rogue+Priest_vs_Mage+Hunter,Rogue+Priest,Mage+Hunter,3,team2,kill,25.10
Rogue+Priest_vs_Mage+Hunter,Rogue+Priest,Mage+Hunter,4,team2,kill,16.28
Rogue+Priest_vs_Mage+Hunter,Rogue+Priest,Mage+Hunter,5,team2,kill,23.07
Rogue+Priest_vs_Mage+Hunter,Rogue+Priest,Mage+Hunter,6,team2,kill,22.95
Rogue+Priest_vs_Mage+Hunter,Rogue+Priest,Mage+Hunter,7,team2,kill,23.07
Rogue+Priest_vs_Mage+Hunter,Rogue+Priest,Mage+Hunter,8,team2,kill,22.37
Rogue+Priest_vs_Mage+Hunter,Rogue+Priest,Mage+Hunter,9,team2,kill,19.32
Rogue+Priest_vs_Rogue+Hunter,Rogue+Priest,Rogue+Hunter,0,team2,kill,54.20
Rogue+Priest_vs_Rogue+Hunter,Rogue+Priest,Rogue+Hunter,1,team2,kill,48.25
Rogue+Priest_vs_Rogue+Hunter,Rogue+Priest,Rogue+Hunter,2,team2,kill,30.33
Rogue+Priest_vs_Rogue+Hunter,Rogue+Priest,Rogue+Hunter,3,team2,kill,42.07
Rogue+Priest_vs_Rogue+Hunter,Rogue+Priest,Rogue+Hunter,4,team2,kill,32.45
Rogue+Priest_vs_Rogue+Hunter,Rogue+Priest,Rogue+Hunter,5,team2,kill,33.47
Rogue+Priest_vs_Rogue+Hunter,Rogue+Priest,Rogue+Hunter,6,team2,kill,42.83
Rogue+Priest_vs_Rogue+Hunter,Rogue+Priest,Rogue+Hunter,7,team2,kill,44.53
Rogue+Priest_vs_Rogue+Hunter,Rogue+Priest,Rogue+Hunter,8,team2,kill,30.08
Rogue+Priest_vs_Rogue+Hunter,Rogue+Priest,Rogue+Hunter,9,team2,kill,41.43
Rogue+Priest_vs_Priest+Hunter,Rogue+Priest,Priest+Hunter,0,team2,kill,40.22
Rogue+Priest_vs_Priest+Hunter,Rogue+Priest,Priest+Hunter,1,team2,kill,42.28
Rogue+Priest_vs_Priest+Hunter,Rogue+Priest,Priest+Hunter,2,team2,kill,52.98
Rogue+Priest_vs_Priest+Hunter,Rogue+Priest,Priest+Hunter,3,team2,kill,39.87
Rogue+Priest_vs_Priest+Hunter,Rogue+Priest,Priest+Hunter,4,team2,kill,42.28
Rogue+Priest_vs_Priest+Hunter,Rogue+Priest,Priest+Hunter,5,team2,kill,38.78
Rogue+Priest_vs_Priest+Hunter,Rogue+Priest,Priest+Hunter,6,team2,kill,45.75
Rogue+Priest_vs_Priest+Hunter,Rogue+Priest,Priest+Hunter,7,team2,kill,32.62
Rogue+Priest_vs_Priest+Hunter,Rogue+Priest,Priest+Hunter,8,team2,kill,44.70
Rogue+Priest_vs_Priest+Hunter,Rogue+Priest,Priest+Hunter,9,team2,kill,35.03
Rogue+Priest_vs_Warlock+Hunter,Rogue+Priest,Warlock+Hunter,0,team2,kill,22.77
Rogue+Priest_vs_Warlock+Hunter,Rogue+Priest,Warlock+Hunter,1,team2,kill,26.13
Rogue+Priest_vs_Warlock+Hunter,Rogue+Priest,Warlock+Hunter,2,team2,kill,21.65
Rogue+Priest_vs_Warlock+Hunter,Rogue+Priest,Warlock+Hunter,3,team2,kill,37.45
Rogue+Priest_vs_Warlock+Hunter,Rogue+Priest,Warlock+Hunter,4,team2,kill,32.37
Rogue+Priest_vs_Warlock+Hunter,Rogue+Priest,Warlock+Hunter,5,team2,kill,24.45
Rogue+Priest_vs_Warlock+Hunter,Rogue+Priest,Warlock+Hunter,6,team2,kill,22.60
Rogue+Priest_vs_Warlock+Hunter,Rogue+Priest,Warlock+Hunter,7,team2,kill,23.97
Rogue+Priest_vs_Warlock+Hunter,Rogue+Priest,Warlock+Hunter,8,team2,kill,30.87
Rogue+Priest_vs_Warlock+Hunter,Rogue+Priest,Warlock+Hunter,9,team2,kill,20.45
Rogue+Priest_vs_Paladin+Hunter,Rogue+Priest,Paladin+Hunter,0,team2,kill,55.40
Rogue+Priest_vs_Paladin+Hunter,Rogue+Priest,Paladin+Hunter,1,team2,kill,60.23
Rogue+Priest_vs_Paladin+Hunter,Rogue+Priest,Paladin+Hunter,2,team2,kill,55.40
Rogue+Priest_vs_Paladin+Hunter,Rogue+Priest,Paladin+Hunter,3,team2,kill,56.18
Rogue+Priest_vs_Paladin+Hunter,Rogue+Priest,Paladin+Hunter,4,team2,kill,52.07
Rogue+Priest_vs_Paladin+Hunter,Rogue+Priest,Paladin+Hunter,5,team2,kill,56.78
Rogue+Priest_vs_Paladin+Hunter,Rogue+Priest,Paladin+Hunter,6,team2,kill,59.00
Rogue+Priest_vs_Paladin+Hunter,Rogue+Priest,Paladin+Hunter,7,team2,kill,60.10
Rogue+Priest_vs_Paladin+Hunter,Rogue+Priest,Paladin+Hunter,8,team2,kill,56.78
Rogue+Priest_vs_Paladin+Hunter,Rogue+Priest,Paladin+Hunter,9,team2,kill,56.58
Rogue+Priest_vs_Hunter+Shaman,Rogue+Priest,Hunter+Shaman,0,team2,kill,24.08
Rogue+Priest_vs_Hunter+Shaman,Rogue+Priest,Hunter+Shaman,1,team2,kill,25.18
Rogue+Priest_vs_Hunter+Shaman,Rogue+Priest,Hunter+Shaman,2,team2,kill,30.20
Rogue+Priest_vs_Hunter+Shaman,Rogue+Priest,Hunter+Shaman,3,team2,kill,32.92
Rogue+Priest_vs_Hunter+Shaman,Rogue+Priest,Hunter+Shaman,4,team2,kill,27.52
Rogue+Priest_vs_Hunter+Shaman,Rogue+Priest,Hunter+Shaman,5,team2,kill,20.60
Rogue+Priest_vs_Hunter+Shaman,Rogue+Priest,Hunter+Shaman,6,team2,kill,25.15
Rogue+Priest_vs_Hunter+Shaman,Rogue+Priest,Hunter+Shaman,7,team2,kill,24.08
Rogue+Priest_vs_Hunter+Shaman,Rogue+Priest,Hunter+Shaman,8,team2,kill,19.50
Rogue+Priest_vs_Hunter+Shaman,Rogue+Priest,Hunter+Shaman,9,team2,kill,24.08
Rogue+Warlock_vs_Warrior+Hunter,Rogue+Warlock,Warrior+Hunter,0,team1,kill,24.33
Rogue+Warlock_vs_Warrior+Hunter,Rogue+Warlock,Warrior+Hunter,1,team2,kill,25.47
Rogue+Warlock_vs_Warrior+Hunter,Rogue+Warlock,Warrior+Hunter,2,team2,kill,23.38
Rogue+Warlock_vs_Warrior+Hunter,Rogue+Warlock,Warrior+Hunter,3,team2,kill,25.80
Rogue+Warlock_vs_Warrior+Hunter,Rogue+Warlock,Warrior+Hunter,4,team1,kill,27.67
Rogue+Warlock_vs_Warrior+Hunter,Rogue+Warlock,Warrior+Hunter,5,team2,kill,24.47
Rogue+Warlock_vs_Warrior+Hunter,Rogue+Warlock,Warrior+Hunter,6,team1,kill,29.73
Rogue+Warlock_vs_Warrior+Hunter,Rogue+Warlock,Warrior+Hunter,7,team2,kill,25.23
Rogue+Warlock_vs_Warrior+Hunter,Rogue+Warlock,Warrior+Hunter,8,team2,kill,31.40
Rogue+Warlock_vs_Warrior+Hunter,Rogue+Warlock,Warrior+Hunter,9,team2,kill,25.20
Rogue+Warlock_vs_Mage+Hunter,Rogue+Warlock,Mage+Hunter,0,team2,kill,24.10
Rogue+Warlock_vs_Mage+Hunter,Rogue+Warlock,Mage+Hunter,1,team2,kill,25.35
Rogue+Warlock_vs_Mage+Hunter,Rogue+Warlock,Mage+Hunter,2,team2,kill,16.50
Rogue+Warlock_vs_Mage+Hunter,Rogue+Warlock,Mage+Hunter,3,team2,kill,19.37
Rogue+Warlock_vs_Mage+Hunter,Rogue+Warlock,Mage+Hunter,4,team2,kill,23.85
Rogue+Warlock_vs_Mage+Hunter,Rogue+Warlock,Mage+Hunter,5,team2,kill,16.45
Rogue+Warlock_vs_Mage+Hunter,Rogue+Warlock,Mage+Hunter,6,team2,kill,23.97
Rogue+Warlock_vs_Mage+Hunter,Rogue+Warlock,Mage+Hunter,7,team2,kill,24.23
Rogue+Warlock_vs_Mage+Hunter,Rogue+Warlock,Mage+Hunter,8,team2,kill,25.32
Rogue+Warlock_vs_Mage+Hunter,Rogue+Warlock,Mage+Hunter,9,team2,kill,24.22
Rogue+Warlock_vs_Rogue+Hunter,Rogue+Warlock,Rogue+Hunter,0,team2,kill,32.93
Rogue+Warlock_vs_Rogue+Hunter,Rogue+Warlock,Rogue+Hunter,1,team2,kill,26.42
Rogue+Warlock_vs_Rogue+Hunter,Rogue+Warlock,Rogue+Hunter,2,team2,kill,19.90
Rogue+Warlock_vs_Rogue+Hunter,Rogue+Warlock,Rogue+Hunter,3,team2,kill,31.37
Rogue+Warlock_vs_Rogue+Hunter,Rogue+Warlock,Rogue+Hunter,4,team2,kill,30.75
Rogue+Warlock_vs_Rogue+Hunter,Rogue+Warlock,Rogue+Hunter,5,team2,kill,29.07
Rogue+Warlock_vs_Rogue+Hunter,Rogue+Warlock,Rogue+Hunter,6,team2,kill,26.52
Rogue+Warlock_vs_Rogue+Hunter,Rogue+Warlock,Rogue+Hunter,7,team2,kill,27.50
Rogue+Warlock_vs_Rogue+Hunter,Rogue+Warlock,Rogue+Hunter,8,team2,kill,21.72
Rogue+Warlock_vs_Rogue+Hunter,Rogue+Warlock,Rogue+Hunter,9,team2,kill,23.70
Rogue+Warlock_vs_Priest+Hunter,Rogue+Warlock,Priest+Hunter,0,team2,kill,21.63
Rogue+Warlock_vs_Priest+Hunter,Rogue+Warlock,Priest+Hunter,1,team2,kill,22.47
Rogue+Warlock_vs_Priest+Hunter,Rogue+Warlock,Priest+Hunter,2,team2,kill,22.45
Rogue+Warlock_vs_Priest+Hunter,Rogue+Warlock,Priest+Hunter,3,team2,kill,23.60
Rogue+Warlock_vs_Priest+Hunter,Rogue+Warlock,Priest+Hunter,4,team2,kill,22.58
Rogue+Warlock_vs_Priest+Hunter,Rogue+Warlock,Priest+Hunter,5,team2,kill,24.87
Rogue+Warlock_vs_Priest+Hunter,Rogue+Warlock,Priest+Hunter,6,team2,kill,21.73
Rogue+Warlock_vs_Priest+Hunter,Rogue+Warlock,Priest+Hunter,7,team2,kill,21.60
Rogue+Warlock_vs_Priest+Hunter,Rogue+Warlock,Priest+Hunter,8,team2,kill,23.60
Rogue+Warlock_vs_Priest+Hunter,Rogue+Warlock,Priest+Hunter,9,team2,kill,23.07
Rogue+Warlock_vs_Warlock+Paladin,Rogue+Warlock,Warlock+Paladin,0,team2,kill,53.05
Rogue+Warlock_vs_Warlock+Paladin,Rogue+Warlock,Warlock+Paladin,1,team2,kill,58.75
Rogue+Warlock_vs_Warlock+Paladin,Rogue+Warlock,Warlock+Paladin,2,team2,kill,47.70
Rogue+Warlock_vs_Warlock+Paladin,Rogue+Warlock,Warlock+Paladin,3,team2,kill,53.75
Rogue+Warlock_vs_Warlock+Paladin,Rogue+Warlock,Warlock+Paladin,4,team2,kill,59.88
Rogue+Warlock_vs_Warlock+Paladin,Rogue+Warlock,Warlock+Paladin,5,team2,kill,57.75
Rogue+Warlock_vs_Warlock+Paladin,Rogue+Warlock,Warlock+Paladin,6,team2,kill,51.22
Rogue+Warlock_vs_Warlock+Paladin,Rogue+Warlock,Warlock+Paladin,7,team2,kill,64.88
Rogue+Warlock_vs_Warlock+Paladin,Rogue+Warlock,Warlock+Paladin,8,team2,kill,52.23
Rogue+Warlock_vs_Warlock+Paladin,Rogue+Warlock,Warlock+Paladin,9,team2,kill,61.72
Rogue+Warlock_vs_Warlock+Hunter,Rogue+Warlock,Warlock+Hunter,0,team2,kill,29.12
Rogue+Warlock_vs_Warlock+Hunter,Rogue+Warlock,Warlock+Hunter,1,team2,kill,27.57
Rogue+Warlock_vs_Warlock+Hunter,Rogue+Warlock,Warlock+Hunter,2,team2,kill,27.57
Rogue+Warlock_vs_Warlock+Hunter,Rogue+Warlock,Warlock+Hunter,3,team2,kill,27.57
Rogue+Warlock_vs_Warlock+Hunter,Rogue+Warlock,Warlock+Hunter,4,team2,kill,26.32
Rogue+Warlock_vs_Warlock+Hunter,Rogue+Warlock,Warlock+Hunter,5,team2,kill,25.03
Rogue+Warlock_vs_Warlock+Hunter,Rogue+Warlock,Warlock+Hunter,6,team2,kill,29.93
Rogue+Warlock_vs_Warlock+Hunter,Rogue+Warlock,Warlock+Hunter,7,team2,kill,29.90
Rogue+Warlock_vs_Warlock+Hunter,Rogue+Warlock,Warlock+Hunter,8,team2,kill,29.93
Rogue+Warlock_vs_Warlock+Hunter,Rogue+Warlock,Warlock+Hunter,9,team2,kill,25.00
Rogue+Warlock_vs_Paladin+Hunter,Rogue+Warlock,Paladin+Hunter,0,team2,kill,25.25
Rogue+Warlock_vs_Paladin+Hunter,Rogue+Warlock,Paladin+Hunter,1,team2,kill,33.35
Rogue+Warlock_vs_Paladin+Hunter,Rogue+Warlock,Paladin+Hunter,2,team2,kill,27.67
Rogue+Warlock_vs_Paladin+Hunter,Rogue+Warlock,Paladin+Hunter,3,team2,kill,29.35
Rogue+Warlock_vs_Paladin+Hunter,Rogue+Warlock,Paladin+Hunter,4,team2,kill,28.08
Rogue+Warlock_vs_Paladin+Hunter,Rogue+Warlock,Paladin+Hunter,5,team2,kill,28.23
Rogue+Warlock_vs_Paladin+Hunter,Rogue+Warlock,Paladin+Hunter,6,team2,kill,26.85
Rogue+Warlock_vs_Paladin+Hunter,Rogue+Warlock,Paladin+Hunter,7,team2,kill,22.78
Rogue+Warlock_vs_Paladin+Hunter,Rogue+Warlock,Paladin+Hunter,8,team2,kill,28.05
Rogue+Warlock_vs_Paladin+Hunter,Rogue+Warlock,Paladin+Hunter,9,team2,kill,30.65
Rogue+Warlock_vs_Hunter+Shaman,Rogue+Warlock,Hunter+Shaman,0,team2,kill,21.25
Rogue+Warlock_vs_Hunter+Shaman,Rogue+Warlock,Hunter+Shaman,1,team2,kill,21.25
Rogue+Warlock_vs_Hunter+Shaman,Rogue+Warlock,Hunter+Shaman,2,team2,kill,21.25
Rogue+Warlock_vs_Hunter+Shaman,Rogue+Warlock,Hunter+Shaman,3,team2,kill,21.25
Rogue+Warlock_vs_Hunter+Shaman,Rogue+Warlock,Hunter+Shaman,4,team2,kill,21.25
Rogue+Warlock_vs_Hunter+Shaman,Rogue+Warlock,Hunter+Shaman,5,team2,kill,21.25
Rogue+Warlock_vs_Hunter+Shaman,Rogue+Warlock,Hunter+Shaman,6,team2,kill,39.43
Rogue+Warlock_vs_Hunter+Shaman,Rogue+Warlock,Hunter+Shaman,7,team2,kill,21.22
Rogue+Warlock_vs_Hunter+Shaman,Rogue+Warlock,Hunter+Shaman,8,team2,kill,21.25
Rogue+Warlock_vs_Hunter+Shaman,Rogue+Warlock,Hunter+Shaman,9,team2,kill,21.25
Rogue+Paladin_vs_Warrior+Hunter,Rogue+Paladin,Warrior+Hunter,0,team2,kill,43.75
Rogue+Paladin_vs_Warrior+Hunter,Rogue+Paladin,Warrior+Hunter,1,team2,kill,44.17
Rogue+Paladin_vs_Warrior+Hunter,Rogue+Paladin,Warrior+Hunter,2,team1,kill,71.48
Rogue+Paladin_vs_Warrior+Hunter,Rogue+Paladin,Warrior+Hunter,3,team1,kill,71.52
Rogue+Paladin_vs_Warrior+Hunter,Rogue+Paladin,Warrior+Hunter,4,team2,kill,43.87
Rogue+Paladin_vs_Warrior+Hunter,Rogue+Paladin,Warrior+Hunter,5,team1,kill,70.00
Rogue+Paladin_vs_Warrior+Hunter,Rogue+Paladin,Warrior+Hunter,6,team2,kill,44.65
Rogue+Paladin_vs_Warrior+Hunter,Rogue+Paladin,Warrior+Hunter,7,team1,kill,66.08
Rogue+Paladin_vs_Warrior+Hunter,Rogue+Paladin,Warrior+Hunter,8,team1,kill,69.85
Rogue+Paladin_vs_Warrior+Hunter,Rogue+Paladin,Warrior+Hunter,9,team1,kill,64.92
Rogue+Paladin_vs_Warrior+Shaman,Rogue+Paladin,Warrior+Shaman,0,team1,kill,32.78
Rogue+Paladin_vs_Warrior+Shaman,Rogue+Paladin,Warrior+Shaman,1,team1,kill,36.92
Rogue+Paladin_vs_Warrior+Shaman,Rogue+Paladin,Warrior+Shaman,2,team2,kill,48.67
Rogue+Paladin_vs_Warrior+Shaman,Rogue+Paladin,Warrior+Shaman,3,team1,kill,36.92
Rogue+Paladin_vs_Warrior+Shaman,Rogue+Paladin,Warrior+Shaman,4,team2,kill,56.00
Rogue+Paladin_vs_Warrior+Shaman,Rogue+Paladin,Warrior+Shaman,5,team1,kill,41.75
Rogue+Paladin_vs_Warrior+Shaman,Rogue+Paladin,Warrior+Shaman,6,team1,kill,28.92
Rogue+Paladin_vs_Warrior+Shaman,Rogue+Paladin,Warrior+Shaman,7,team2,kill,50.30
Rogue+Paladin_vs_Warrior+Shaman,Rogue+Paladin,Warrior+Shaman,8,team1,kill,39.82
Rogue+Paladin_vs_Warrior+Shaman,Rogue+Paladin,Warrior+Shaman,9,team2,kill,50.07
Rogue+Paladin_vs_Mage+Hunter,Rogue+Paladin,Mage+Hunter,0,team2,kill,38.33
Rogue+Paladin_vs_Mage+Hunter,Rogue+Paladin,Mage+Hunter,1,team2,kill,38.33
Rogue+Paladin_vs_Mage+Hunter,Rogue+Paladin,Mage+Hunter,2,team2,kill,38.33
Rogue+Paladin_vs_Mage+Hunter,Rogue+Paladin,Mage+Hunter,3,team2,kill,20.97
Rogue+Paladin_vs_Mage+Hunter,Rogue+Paladin,Mage+Hunter,4,team2,kill,36.82
Rogue+Paladin_vs_Mage+Hunter,Rogue+Paladin,Mage+Hunter,5,team2,kill,39.85
Rogue+Paladin_vs_Mage+Hunter,Rogue+Paladin,Mage+Hunter,6,team2,kill,38.33
Rogue+Paladin_vs_Mage+Hunter,Rogue+Paladin,Mage+Hunter,7,team2,kill,35.65
Rogue+Paladin_vs_Mage+Hunter,Rogue+Paladin,Mage+Hunter,8,team2,kill,39.85
Rogue+Paladin_vs_Mage+Hunter,Rogue+Paladin,Mage+Hunter,9,team2,kill,37.17
Rogue+Paladin_vs_Rogue+Hunter,Rogue+Paladin,Rogue+Hunter,0,team1,kill,41.13
Rogue+Paladin_vs_Rogue+Hunter,Rogue+Paladin,Rogue+Hunter,1,team1,kill,60.72
Rogue+Paladin_vs_Rogue+Hunter,Rogue+Paladin,Rogue+Hunter,2,team1,kill,62.00
Rogue+Paladin_vs_Rogue+Hunter,Rogue+Paladin,Rogue+Hunter,3,team1,kill,71.78
Rogue+Paladin_vs_Rogue+Hunter,Rogue+Paladin,Rogue+Hunter,4,team1,kill,57.95
Rogue+Paladin_vs_Rogue+Hunter,Rogue+Paladin,Rogue+Hunter,5,team1,kill,40.90
Rogue+Paladin_vs_Rogue+Hunter,Rogue+Paladin,Rogue+Hunter,6,team1,kill,41.87
Rogue+Paladin_vs_Rogue+Hunter,Rogue+Paladin,Rogue+Hunter,7,team1,kill,40.22
Rogue+Paladin_vs_Rogue+Hunter,Rogue+Paladin,Rogue+Hunter,8,team1,kill,38.65
Rogue+Paladin_vs_Rogue+Hunter,Rogue+Paladin,Rogue+Hunter,9,team1,kill,60.22
Rogue+Paladin_vs_Priest+Hunter,Rogue+Paladin,Priest+Hunter,0,team1,kill,88.17
Rogue+Paladin_vs_Priest+Hunter,Rogue+Paladin,Priest+Hunter,1,team1,kill,54.00
Rogue+Paladin_vs_Priest+Hunter,Rogue+Paladin,Priest+Hunter,2,team2,kill,69.00
Rogue+Paladin_vs_Priest+Hunter,Rogue+Paladin,Priest+Hunter,3,team1,kill,80.37
Rogue+Paladin_vs_Priest+Hunter,Rogue+Paladin,Priest+Hunter,4,team2,kill,71.35
Rogue+Paladin_vs_Priest+Hunter,Rogue+Paladin,Priest+Hunter,5,team1,kill,79.94
Rogue+Paladin_vs_Priest+Hunter,Rogue+Paladin,Priest+Hunter,6,team1,kill,81.39
Rogue+Paladin_vs_Priest+Hunter,Rogue+Paladin,Priest+Hunter,7,team1,kill,81.52
Rogue+Paladin_vs_Priest+Hunter,Rogue+Paladin,Priest+Hunter,8,team2,kill,80.90
Rogue+Paladin_vs_Priest+Hunter,Rogue+Paladin,Priest+Hunter,9,team1,kill,51.78
Rogue+Paladin_vs_Warlock+Hunter,Rogue+Paladin,Warlock+Hunter,0,team2,kill,44.68
Rogue+Paladin_vs_Warlock+Hunter,Rogue+Paladin,Warlock+Hunter,1,team2,kill,47.93
Rogue+Paladin_vs_Warlock+Hunter,Rogue+Paladin,Warlock+Hunter,2,team1,kill,78.97
Rogue+Paladin_vs_Warlock+Hunter,Rogue+Paladin,Warlock+Hunter,3,team1,kill,82.62
Rogue+Paladin_vs_Warlock+Hunter,Rogue+Paladin,Warlock+Hunter,4,team2,kill,45.97
Rogue+Paladin_vs_Warlock+Hunter,Rogue+Paladin,Warlock+Hunter,5,team2,kill,40.13
Rogue+Paladin_vs_Warlock+Hunter,Rogue+Paladin,Warlock+Hunter,6,team2,kill,49.13
Rogue+Paladin_vs_Warlock+Hunter,Rogue+Paladin,Warlock+Hunter,7,team2,kill,50.10
Rogue+Paladin_vs_Warlock+Hunter,Rogue+Paladin,Warlock+Hunter,8,team2,kill,46.57
Rogue+Paladin_vs_Warlock+Hunter,Rogue+Paladin,Warlock+Hunter,9,team2,kill,47.12
Rogue+Paladin_vs_Paladin+Hunter,Rogue+Paladin,Paladin+Hunter,0,team2,kill,87.67
Rogue+Paladin_vs_Paladin+Hunter,Rogue+Paladin,Paladin+Hunter,1,team2,kill,109.58
Rogue+Paladin_vs_Paladin+Hunter,Rogue+Paladin,Paladin+Hunter,2,team2,kill,90.59
Rogue+Paladin_vs_Paladin+Hunter,Rogue+Paladin,Paladin+Hunter,3,team2,kill,91.66
Rogue+Paladin_vs_Paladin+Hunter,Rogue+Paladin,Paladin+Hunter,4,team2,kill,88.65
Rogue+Paladin_vs_Paladin+Hunter,Rogue+Paladin,Paladin+Hunter,5,team2,kill,96.47
Rogue+Paladin_vs_Paladin+Hunter,Rogue+Paladin,Paladin+Hunter,6,team2,kill,90.74
Rogue+Paladin_vs_Paladin+Hunter,Rogue+Paladin,Paladin+Hunter,7,team2,kill,95.84
Rogue+Paladin_vs_Paladin+Hunter,Rogue+Paladin,Paladin+Hunter,8,team2,kill,90.09
Rogue+Paladin_vs_Paladin+Hunter,Rogue+Paladin,Paladin+Hunter,9,team2,kill,92.11
Rogue+Paladin_vs_Hunter+Shaman,Rogue+Paladin,Hunter+Shaman,0,draw,cap,300.00
Rogue+Paladin_vs_Hunter+Shaman,Rogue+Paladin,Hunter+Shaman,1,draw,cap,300.00
Rogue+Paladin_vs_Hunter+Shaman,Rogue+Paladin,Hunter+Shaman,2,team1,kill,178.33
Rogue+Paladin_vs_Hunter+Shaman,Rogue+Paladin,Hunter+Shaman,3,team1,kill,181.03
Rogue+Paladin_vs_Hunter+Shaman,Rogue+Paladin,Hunter+Shaman,4,team1,kill,192.83
Rogue+Paladin_vs_Hunter+Shaman,Rogue+Paladin,Hunter+Shaman,5,team1,kill,201.31
Rogue+Paladin_vs_Hunter+Shaman,Rogue+Paladin,Hunter+Shaman,6,draw,cap,300.00
Rogue+Paladin_vs_Hunter+Shaman,Rogue+Paladin,Hunter+Shaman,7,team1,kill,227.89
Rogue+Paladin_vs_Hunter+Shaman,Rogue+Paladin,Hunter+Shaman,8,team1,kill,231.20
Rogue+Paladin_vs_Hunter+Shaman,Rogue+Paladin,Hunter+Shaman,9,draw,cap,300.00
Rogue+Hunter_vs_Warrior+Mage,Rogue+Hunter,Warrior+Mage,0,team2,kill,27.20
Rogue+Hunter_vs_Warrior+Mage,Rogue+Hunter,Warrior+Mage,1,team2,kill,24.07
Rogue+Hunter_vs_Warrior+Mage,Rogue+Hunter,Warrior+Mage,2,team2,kill,27.42
Rogue+Hunter_vs_Warrior+Mage,Rogue+Hunter,Warrior+Mage,3,team2,kill,23.75
Rogue+Hunter_vs_Warrior+Mage,Rogue+Hunter,Warrior+Mage,4,team2,kill,25.65
Rogue+Hunter_vs_Warrior+Mage,Rogue+Hunter,Warrior+Mage,5,team2,kill,28.77
Rogue+Hunter_vs_Warrior+Mage,Rogue+Hunter,Warrior+Mage,6,team2,kill,25.62
Rogue+Hunter_vs_Warrior+Mage,Rogue+Hunter,Warrior+Mage,7,team2,kill,25.73
Rogue+Hunter_vs_Warrior+Mage,Rogue+Hunter,Warrior+Mage,8,team2,kill,27.33
Rogue+Hunter_vs_Warrior+Mage,Rogue+Hunter,Warrior+Mage,9,team2,kill,25.77
Rogue+Hunter_vs_Warrior+Rogue,Rogue+Hunter,Warrior+Rogue,0,team2,kill,23.95
Rogue+Hunter_vs_Warrior+Rogue,Rogue+Hunter,Warrior+Rogue,1,team1,kill,35.05
Rogue+Hunter_vs_Warrior+Rogue,Rogue+Hunter,Warrior+Rogue,2,team1,kill,36.05
Rogue+Hunter_vs_Warrior+Rogue,Rogue+Hunter,Warrior+Rogue,3,team1,kill,44.90
Rogue+Hunter_vs_Warrior+Rogue,Rogue+Hunter,Warrior+Rogue,4,team1,kill,36.05
Rogue+Hunter_vs_Warrior+Rogue,Rogue+Hunter,Warrior+Rogue,5,team2,kill,24.93
Rogue+Hunter_vs_Warrior+Rogue,Rogue+Hunter,Warrior+Rogue,6,team1,kill,35.87
Rogue+Hunter_vs_Warrior+Rogue,Rogue+Hunter,Warrior+Rogue,7,team1,kill,45.60
Rogue+Hunter_vs_Warrior+Rogue,Rogue+Hunter,Warrior+Rogue,8,team1,kill,47.93
Rogue+Hunter_vs_Warrior+Rogue,Rogue+Hunter,Warrior+Rogue,9,team1,kill,33.48
Rogue+Hunter_vs_Warrior+Priest,Rogue+Hunter,Warrior+Priest,0,team2,kill,36.60
Rogue+Hunter_vs_Warrior+Priest,Rogue+Hunter,Warrior+Priest,1,team2,kill,50.92
Rogue+Hunter_vs_Warrior+Priest,Rogue+Hunter,Warrior+Priest,2,team1,kill,50.53
Rogue+Hunter_vs_Warrior+Priest,Rogue+Hunter,Warrior+Priest,3,team2,kill,48.97
Rogue+Hunter_vs_Warrior+Priest,Rogue+Hunter,Warrior+Priest,4,team2,kill,41.87
Rogue+Hunter_vs_Warrior+Priest,Rogue+Hunter,Warrior+Priest,5,team2,kill,37.57
Rogue+Hunter_vs_Warrior+Priest,Rogue+Hunter,Warrior+Priest,6,team2,kill,51.07
Rogue+Hunter_vs_Warrior+Priest,Rogue+Hunter,Warrior+Priest,7,team2,kill,36.87
Rogue+Hunter_vs_Warrior+Priest,Rogue+Hunter,Warrior+Priest,8,team2,kill,37.10
Rogue+Hunter_vs_Warrior+Priest,Rogue+Hunter,Warrior+Priest,9,team2,kill,36.10
Rogue+Hunter_vs_Warrior+Warlock,Rogue+Hunter,Warrior+Warlock,0,team2,kill,23.47
Rogue+Hunter_vs_Warrior+Warlock,Rogue+Hunter,Warrior+Warlock,1,team2,kill,29.62
Rogue+Hunter_vs_Warrior+Warlock,Rogue+Hunter,Warrior+Warlock,2,team2,kill,29.48
Rogue+Hunter_vs_Warrior+Warlock,Rogue+Hunter,Warrior+Warlock,3,team2,kill,29.47
Rogue+Hunter_vs_Warrior+Warlock,Rogue+Hunter,Warrior+Warlock,4,team2,kill,29.73
Rogue+Hunter_vs_Warrior+Warlock,Rogue+Hunter,Warrior+Warlock,5,team2,kill,29.22
Rogue+Hunter_vs_Warrior+Warlock,Rogue+Hunter,Warrior+Warlock,6,team2,kill,29.80
Rogue+Hunter_vs_Warrior+Warlock,Rogue+Hunter,Warrior+Warlock,7,team1,kill,20.45
Rogue+Hunter_vs_Warrior+Warlock,Rogue+Hunter,Warrior+Warlock,8,team1,kill,27.15
Rogue+Hunter_vs_Warrior+Warlock,Rogue+Hunter,Warrior+Warlock,9,team2,kill,29.63
Rogue+Hunter_vs_Warrior+Paladin,Rogue+Hunter,Warrior+Paladin,0,team2,kill,27.93
Rogue+Hunter_vs_Warrior+Paladin,Rogue+Hunter,Warrior+Paladin,1,team2,kill,58.30
Rogue+Hunter_vs_Warrior+Paladin,Rogue+Hunter,Warrior+Paladin,2,team2,kill,50.70
Rogue+Hunter_vs_Warrior+Paladin,Rogue+Hunter,Warrior+Paladin,3,team2,kill,57.57
Rogue+Hunter_vs_Warrior+Paladin,Rogue+Hunter,Warrior+Paladin,4,team2,kill,55.07
Rogue+Hunter_vs_Warrior+Paladin,Rogue+Hunter,Warrior+Paladin,5,team2,kill,58.98
Rogue+Hunter_vs_Warrior+Paladin,Rogue+Hunter,Warrior+Paladin,6,team2,kill,58.75
Rogue+Hunter_vs_Warrior+Paladin,Rogue+Hunter,Warrior+Paladin,7,team2,kill,60.13
Rogue+Hunter_vs_Warrior+Paladin,Rogue+Hunter,Warrior+Paladin,8,team2,kill,54.55
Rogue+Hunter_vs_Warrior+Paladin,Rogue+Hunter,Warrior+Paladin,9,team2,kill,27.05
Rogue+Hunter_vs_Warrior+Hunter,Rogue+Hunter,Warrior+Hunter,0,team2,kill,30.12
Rogue+Hunter_vs_Warrior+Hunter,Rogue+Hunter,Warrior+Hunter,1,team2,kill,27.58
Rogue+Hunter_vs_Warrior+Hunter,Rogue+Hunter,Warrior+Hunter,2,team2,kill,32.53
Rogue+Hunter_vs_Warrior+Hunter,Rogue+Hunter,Warrior+Hunter,3,team2,kill,28.47
Rogue+Hunter_vs_Warrior+Hunter,Rogue+Hunter,Warrior+Hunter,4,team2,kill,27.58
Rogue+Hunter_vs_Warrior+Hunter,Rogue+Hunter,Warrior+Hunter,5,team2,kill,27.60
Rogue+Hunter_vs_Warrior+Hunter,Rogue+Hunter,Warrior+Hunter,6,team2,kill,32.53
Rogue+Hunter_vs_Warrior+Hunter,Rogue+Hunter,Warrior+Hunter,7,team2,kill,27.60
Rogue+Hunter_vs_Warrior+Hunter,Rogue+Hunter,Warrior+Hunter,8,team2,kill,32.53
Rogue+Hunter_vs_Warrior+Hunter,Rogue+Hunter,Warrior+Hunter,9,team1,kill,27.45
Rogue+Hunter_vs_Warrior+Shaman,Rogue+Hunter,Warrior+Shaman,0,team1,kill,64.02
Rogue+Hunter_vs_Warrior+Shaman,Rogue+Hunter,Warrior+Shaman,1,team2,kill,30.67
Rogue+Hunter_vs_Warrior+Shaman,Rogue+Hunter,Warrior+Shaman,2,team1,kill,22.08
Rogue+Hunter_vs_Warrior+Shaman,Rogue+Hunter,Warrior+Shaman,3,team1,kill,66.83
Rogue+Hunter_vs_Warrior+Shaman,Rogue+Hunter,Warrior+Shaman,4,team1,kill,59.18
Rogue+Hunter_vs_Warrior+Shaman,Rogue+Hunter,Warrior+Shaman,5,team1,kill,59.18
Rogue+Hunter_vs_Warrior+Shaman,Rogue+Hunter,Warrior+Shaman,6,team1,kill,66.43
Rogue+Hunter_vs_Warrior+Shaman,Rogue+Hunter,Warrior+Shaman,7,team1,kill,54.35
Rogue+Hunter_vs_Warrior+Shaman,Rogue+Hunter,Warrior+Shaman,8,team1,kill,64.42
Rogue+Hunter_vs_Warrior+Shaman,Rogue+Hunter,Warrior+Shaman,9,team1,kill,56.77
Rogue+Hunter_vs_Mage+Rogue,Rogue+Hunter,Mage+Rogue,0,team1,kill,23.82
Rogue+Hunter_vs_Mage+Rogue,Rogue+Hunter,Mage+Rogue,1,team1,kill,24.42
Rogue+Hunter_vs_Mage+Rogue,Rogue+Hunter,Mage+Rogue,2,team1,kill,25.30
Rogue+Hunter_vs_Mage+Rogue,Rogue+Hunter,Mage+Rogue,3,team1,kill,25.08
Rogue+Hunter_vs_Mage+Rogue,Rogue+Hunter,Mage+Rogue,4,team1,kill,28.47
Rogue+Hunter_vs_Mage+Rogue,Rogue+Hunter,Mage+Rogue,5,team1,kill,24.60
Rogue+Hunter_vs_Mage+Rogue,Rogue+Hunter,Mage+Rogue,6,team1,kill,27.52
Rogue+Hunter_vs_Mage+Rogue,Rogue+Hunter,Mage+Rogue,7,team1,kill,28.47
Rogue+Hunter_vs_Mage+Rogue,Rogue+Hunter,Mage+Rogue,8,team1,kill,28.47
Rogue+Hunter_vs_Mage+Rogue,Rogue+Hunter,Mage+Rogue,9,team1,kill,27.58
Rogue+Hunter_vs_Mage+Priest,Rogue+Hunter,Mage+Priest,0,team2,kill,24.45
Rogue+Hunter_vs_Mage+Priest,Rogue+Hunter,Mage+Priest,1,team2,kill,24.45
Rogue+Hunter_vs_Mage+Priest,Rogue+Hunter,Mage+Priest,2,team2,kill,24.45
Rogue+Hunter_vs_Mage+Priest,Rogue+Hunter,Mage+Priest,3,team2,kill,24.45
Rogue+Hunter_vs_Mage+Priest,Rogue+Hunter,Mage+Priest,4,team2,kill,24.45
Rogue+Hunter_vs_Mage+Priest,Rogue+Hunter,Mage+Priest,5,team2,kill,24.45
Rogue+Hunter_vs_Mage+Priest,Rogue+Hunter,Mage+Priest,6,team2,kill,24.35
Rogue+Hunter_vs_Mage+Priest,Rogue+Hunter,Mage+Priest,7,team2,kill,24.45
Rogue+Hunter_vs_Mage+Priest,Rogue+Hunter,Mage+Priest,8,team2,kill,21.48
Rogue+Hunter_vs_Mage+Priest,Rogue+Hunter,Mage+Priest,9,team2,kill,24.45
Rogue+Hunter_vs_Mage+Warlock,Rogue+Hunter,Mage+Warlock,0,team2,kill,22.58
Rogue+Hunter_vs_Mage+Warlock,Rogue+Hunter,Mage+Warlock,1,team2,kill,22.35
Rogue+Hunter_vs_Mage+Warlock,Rogue+Hunter,Mage+Warlock,2,team2,kill,22.35
Rogue+Hunter_vs_Mage+Warlock,Rogue+Hunter,Mage+Warlock,3,team2,kill,22.35
Rogue+Hunter_vs_Mage+Warlock,Rogue+Hunter,Mage+Warlock,4,team2,kill,20.55
Rogue+Hunter_vs_Mage+Warlock,Rogue+Hunter,Mage+Warlock,5,team2,kill,22.43
Rogue+Hunter_vs_Mage+Warlock,Rogue+Hunter,Mage+Warlock,6,team2,kill,22.35
Rogue+Hunter_vs_Mage+Warlock,Rogue+Hunter,Mage+Warlock,7,team2,kill,22.35
Rogue+Hunter_vs_Mage+Warlock,Rogue+Hunter,Mage+Warlock,8,team2,kill,22.35
Rogue+Hunter_vs_Mage+Warlock,Rogue+Hunter,Mage+Warlock,9,team2,kill,22.35
Rogue+Hunter_vs_Mage+Paladin,Rogue+Hunter,Mage+Paladin,0,team2,kill,66.80
Rogue+Hunter_vs_Mage+Paladin,Rogue+Hunter,Mage+Paladin,1,team2,kill,66.05
Rogue+Hunter_vs_Mage+Paladin,Rogue+Hunter,Mage+Paladin,2,team2,kill,34.52
Rogue+Hunter_vs_Mage+Paladin,Rogue+Hunter,Mage+Paladin,3,team2,kill,34.43
Rogue+Hunter_vs_Mage+Paladin,Rogue+Hunter,Mage+Paladin,4,team2,kill,31.07
Rogue+Hunter_vs_Mage+Paladin,Rogue+Hunter,Mage+Paladin,5,team1,kill,48.63
Rogue+Hunter_vs_Mage+Paladin,Rogue+Hunter,Mage+Paladin,6,team1,kill,49.80
Rogue+Hunter_vs_Mage+Paladin,Rogue+Hunter,Mage+Paladin,7,team2,kill,33.45
Rogue+Hunter_vs_Mage+Paladin,Rogue+Hunter,Mage+Paladin,8,team2,kill,34.50
Rogue+Hunter_vs_Mage+Paladin,Rogue+Hunter,Mage+Paladin,9,team2,kill,41.30
Rogue+Hunter_vs_Mage+Hunter,Rogue+Hunter,Mage+Hunter,0,team1,kill,32.72
Rogue+Hunter_vs_Mage+Hunter,Rogue+Hunter,Mage+Hunter,1,team2,kill,23.83
Rogue+Hunter_vs_Mage+Hunter,Rogue+Hunter,Mage+Hunter,2,team2,kill,23.28
Rogue+Hunter_vs_Mage+Hunter,Rogue+Hunter,Mage+Hunter,3,team2,kill,28.67
Rogue+Hunter_vs_Mage+Hunter,Rogue+Hunter,Mage+Hunter,4,team2,kill,30.33
Rogue+Hunter_vs_Mage+Hunter,Rogue+Hunter,Mage+Hunter,5,team1,kill,27.80
Rogue+Hunter_vs_Mage+Hunter,Rogue+Hunter,Mage+Hunter,6,team1,kill,33.52
Rogue+Hunter_vs_Mage+Hunter,Rogue+Hunter,Mage+Hunter,7,team1,kill,27.33
Rogue+Hunter_vs_Mage+Hunter,Rogue+Hunter,Mage+Hunter,8,team1,kill,26.40
Rogue+Hunter_vs_Mage+Hunter,Rogue+Hunter,Mage+Hunter,9,team1,kill,33.52
Rogue+Hunter_vs_Mage+Shaman,Rogue+Hunter,Mage+Shaman,0,team2,kill,16.25
Rogue+Hunter_vs_Mage+Shaman,Rogue+Hunter,Mage+Shaman,1,team2,kill,16.25
Rogue+Hunter_vs_Mage+Shaman,Rogue+Hunter,Mage+Shaman,2,team2,kill,16.25
Rogue+Hunter_vs_Mage+Shaman,Rogue+Hunter,Mage+Shaman,3,team2,kill,16.25
Rogue+Hunter_vs_Mage+Shaman,Rogue+Hunter,Mage+Shaman,4,team2,kill,16.25
Rogue+Hunter_vs_Mage+Shaman,Rogue+Hunter,Mage+Shaman,5,team2,kill,16.25
Rogue+Hunter_vs_Mage+Shaman,Rogue+Hunter,Mage+Shaman,6,team2,kill,16.25
Rogue+Hunter_vs_Mage+Shaman,Rogue+Hunter,Mage+Shaman,7,team2,kill,16.25
Rogue+Hunter_vs_Mage+Shaman,Rogue+Hunter,Mage+Shaman,8,team2,kill,16.25
Rogue+Hunter_vs_Mage+Shaman,Rogue+Hunter,Mage+Shaman,9,team2,kill,16.25
Rogue+Hunter_vs_Rogue+Priest,Rogue+Hunter,Rogue+Priest,0,team1,kill,54.20
Rogue+Hunter_vs_Rogue+Priest,Rogue+Hunter,Rogue+Priest,1,team1,kill,48.25
Rogue+Hunter_vs_Rogue+Priest,Rogue+Hunter,Rogue+Priest,2,team1,kill,31.58
Rogue+Hunter_vs_Rogue+Priest,Rogue+Hunter,Rogue+Priest,3,team1,kill,42.07
Rogue+Hunter_vs_Rogue+Priest,Rogue+Hunter,Rogue+Priest,4,team1,kill,32.95
Rogue+Hunter_vs_Rogue+Priest,Rogue+Hunter,Rogue+Priest,5,team1,kill,31.85
Rogue+Hunter_vs_Rogue+Priest,Rogue+Hunter,Rogue+Priest,6,team1,kill,42.83
Rogue+Hunter_vs_Rogue+Priest,Rogue+Hunter,Rogue+Priest,7,team1,kill,44.53
Rogue+Hunter_vs_Rogue+Priest,Rogue+Hunter,Rogue+Priest,8,team1,kill,30.83
Rogue+Hunter_vs_Rogue+Priest,Rogue+Hunter,Rogue+Priest,9,team1,kill,41.43
Rogue+Hunter_vs_Rogue+Warlock,Rogue+Hunter,Rogue+Warlock,0,team1,kill,27.20
Rogue+Hunter_vs_Rogue+Warlock,Rogue+Hunter,Rogue+Warlock,1,team1,kill,23.78
Rogue+Hunter_vs_Rogue+Warlock,Rogue+Hunter,Rogue+Warlock,2,team1,kill,21.72
Rogue+Hunter_vs_Rogue+Warlock,Rogue+Hunter,Rogue+Warlock,3,team1,kill,29.02
Rogue+Hunter_vs_Rogue+Warlock,Rogue+Hunter,Rogue+Warlock,4,team1,kill,26.30
Rogue+Hunter_vs_Rogue+Warlock,Rogue+Hunter,Rogue+Warlock,5,team1,kill,30.53
Rogue+Hunter_vs_Rogue+Warlock,Rogue+Hunter,Rogue+Warlock,6,team1,kill,26.03
Rogue+Hunter_vs_Rogue+Warlock,Rogue+Hunter,Rogue+Warlock,7,team1,kill,21.30
Rogue+Hunter_vs_Rogue+Warlock,Rogue+Hunter,Rogue+Warlock,8,team1,kill,26.50
Rogue+Hunter_vs_Rogue+Warlock,Rogue+Hunter,Rogue+Warlock,9,team1,kill,20.70
Rogue+Hunter_vs_Rogue+Paladin,Rogue+Hunter,Rogue+Paladin,0,team2,kill,41.13
Rogue+Hunter_vs_Rogue+Paladin,Rogue+Hunter,Rogue+Paladin,1,team2,kill,60.72
Rogue+Hunter_vs_Rogue+Paladin,Rogue+Hunter,Rogue+Paladin,2,team2,kill,62.00
Rogue+Hunter_vs_Rogue+Paladin,Rogue+Hunter,Rogue+Paladin,3,team2,kill,71.78
Rogue+Hunter_vs_Rogue+Paladin,Rogue+Hunter,Rogue+Paladin,4,team2,kill,57.95
Rogue+Hunter_vs_Rogue+Paladin,Rogue+Hunter,Rogue+Paladin,5,team2,kill,40.90
Rogue+Hunter_vs_Rogue+Paladin,Rogue+Hunter,Rogue+Paladin,6,team2,kill,41.87
Rogue+Hunter_vs_Rogue+Paladin,Rogue+Hunter,Rogue+Paladin,7,team2,kill,40.22
Rogue+Hunter_vs_Rogue+Paladin,Rogue+Hunter,Rogue+Paladin,8,team2,kill,38.65
Rogue+Hunter_vs_Rogue+Paladin,Rogue+Hunter,Rogue+Paladin,9,team2,kill,60.22
Rogue+Hunter_vs_Rogue+Hunter,Rogue+Hunter,Rogue+Hunter,0,team1,kill,32.65
Rogue+Hunter_vs_Rogue+Hunter,Rogue+Hunter,Rogue+Hunter,1,team2,kill,30.17
Rogue+Hunter_vs_Rogue+Hunter,Rogue+Hunter,Rogue+Hunter,2,team1,kill,29.30
Rogue+Hunter_vs_Rogue+Hunter,Rogue+Hunter,Rogue+Hunter,3,team1,kill,31.25
Rogue+Hunter_vs_Rogue+Hunter,Rogue+Hunter,Rogue+Hunter,4,team1,kill,30.00
Rogue+Hunter_vs_Rogue+Hunter,Rogue+Hunter,Rogue+Hunter,5,team1,kill,28.62
Rogue+Hunter_vs_Rogue+Hunter,Rogue+Hunter,Rogue+Hunter,6,team1,kill,32.65
Rogue+Hunter_vs_Rogue+Hunter,Rogue+Hunter,Rogue+Hunter,7,team1,kill,31.25
Rogue+Hunter_vs_Rogue+Hunter,Rogue+Hunter,Rogue+Hunter,8,team1,kill,30.23
Rogue+Hunter_vs_Rogue+Hunter,Rogue+Hunter,Rogue+Hunter,9,team2,kill,30.68
Rogue+Hunter_vs_Rogue+Shaman,Rogue+Hunter,Rogue+Shaman,0,team1,kill,57.87
Rogue+Hunter_vs_Rogue+Shaman,Rogue+Hunter,Rogue+Shaman,1,team1,kill,58.78
Rogue+Hunter_vs_Rogue+Shaman,Rogue+Hunter,Rogue+Shaman,2,team1,kill,58.85
Rogue+Hunter_vs_Rogue+Shaman,Rogue+Hunter,Rogue+Shaman,3,team1,kill,46.97
Rogue+Hunter_vs_Rogue+Shaman,Rogue+Hunter,Rogue+Shaman,4,team2,kill,23.62
Rogue+Hunter_vs_Rogue+Shaman,Rogue+Hunter,Rogue+Shaman,5,team1,kill,54.23
Rogue+Hunter_vs_Rogue+Shaman,Rogue+Hunter,Rogue+Shaman,6,team1,kill,49.38
Rogue+Hunter_vs_Rogue+Shaman,Rogue+Hunter,Rogue+Shaman,7,team1,kill,34.88
Rogue+Hunter_vs_Rogue+Shaman,Rogue+Hunter,Rogue+Shaman,8,team1,kill,57.05
Rogue+Hunter_vs_Rogue+Shaman,Rogue+Hunter,Rogue+Shaman,9,team1,kill,54.62
Rogue+Hunter_vs_Priest+Warlock,Rogue+Hunter,Priest+Warlock,0,team2,kill,27.33
Rogue+Hunter_vs_Priest+Warlock,Rogue+Hunter,Priest+Warlock,1,team1,kill,26.15
Rogue+Hunter_vs_Priest+Warlock,Rogue+Hunter,Priest+Warlock,2,team1,kill,25.52
Rogue+Hunter_vs_Priest+Warlock,Rogue+Hunter,Priest+Warlock,3,team1,kill,27.15
Rogue+Hunter_vs_Priest+Warlock,Rogue+Hunter,Priest+Warlock,4,team2,kill,23.32
Rogue+Hunter_vs_Priest+Warlock,Rogue+Hunter,Priest+Warlock,5,team2,kill,25.35
Rogue+Hunter_vs_Priest+Warlock,Rogue+Hunter,Priest+Warlock,6,team2,kill,25.35
Rogue+Hunter_vs_Priest+Warlock,Rogue+Hunter,Priest+Warlock,7,team2,kill,32.35
Rogue+Hunter_vs_Priest+Warlock,Rogue+Hunter,Priest+Warlock,8,team2,kill,24.32
Rogue+Hunter_vs_Priest+Warlock,Rogue+Hunter,Priest+Warlock,9,team1,kill,25.52
Rogue+Hunter_vs_Priest+Hunter,Rogue+Hunter,Priest+Hunter,0,team2,kill,28.17
Rogue+Hunter_vs_Priest+Hunter,Rogue+Hunter,Priest+Hunter,1,team2,kill,28.58
Rogue+Hunter_vs_Priest+Hunter,Rogue+Hunter,Priest+Hunter,2,team2,kill,28.58
Rogue+Hunter_vs_Priest+Hunter,Rogue+Hunter,Priest+Hunter,3,team2,kill,28.68
Rogue+Hunter_vs_Priest+Hunter,Rogue+Hunter,Priest+Hunter,4,team2,kill,28.58
Rogue+Hunter_vs_Priest+Hunter,Rogue+Hunter,Priest+Hunter,5,team2,kill,28.17
Rogue+Hunter_vs_Priest+Hunter,Rogue+Hunter,Priest+Hunter,6,team2,kill,28.17
Rogue+Hunter_vs_Priest+Hunter,Rogue+Hunter,Priest+Hunter,7,team2,kill,28.70
Rogue+Hunter_vs_Priest+Hunter,Rogue+Hunter,Priest+Hunter,8,team2,kill,28.68
Rogue+Hunter_vs_Priest+Hunter,Rogue+Hunter,Priest+Hunter,9,team2,kill,28.25
Rogue+Hunter_vs_Warlock+Paladin,Rogue+Hunter,Warlock+Paladin,0,team2,kill,46.43
Rogue+Hunter_vs_Warlock+Paladin,Rogue+Hunter,Warlock+Paladin,1,team2,kill,36.60
Rogue+Hunter_vs_Warlock+Paladin,Rogue+Hunter,Warlock+Paladin,2,team2,kill,35.38
Rogue+Hunter_vs_Warlock+Paladin,Rogue+Hunter,Warlock+Paladin,3,team2,kill,42.38
Rogue+Hunter_vs_Warlock+Paladin,Rogue+Hunter,Warlock+Paladin,4,team2,kill,47.35
Rogue+Hunter_vs_Warlock+Paladin,Rogue+Hunter,Warlock+Paladin,5,team2,kill,59.05
Rogue+Hunter_vs_Warlock+Paladin,Rogue+Hunter,Warlock+Paladin,6,team2,kill,56.08
Rogue+Hunter_vs_Warlock+Paladin,Rogue+Hunter,Warlock+Paladin,7,team2,kill,44.80
Rogue+Hunter_vs_Warlock+Paladin,Rogue+Hunter,Warlock+Paladin,8,team2,kill,40.52
Rogue+Hunter_vs_Warlock+Paladin,Rogue+Hunter,Warlock+Paladin,9,team2,kill,34.35
Rogue+Hunter_vs_Warlock+Hunter,Rogue+Hunter,Warlock+Hunter,0,team2,kill,25.77
Rogue+Hunter_vs_Warlock+Hunter,Rogue+Hunter,Warlock+Hunter,1,team2,kill,22.63
Rogue+Hunter_vs_Warlock+Hunter,Rogue+Hunter,Warlock+Hunter,2,team2,kill,25.22
Rogue+Hunter_vs_Warlock+Hunter,Rogue+Hunter,Warlock+Hunter,3,team2,kill,25.22
Rogue+Hunter_vs_Warlock+Hunter,Rogue+Hunter,Warlock+Hunter,4,team2,kill,22.72
Rogue+Hunter_vs_Warlock+Hunter,Rogue+Hunter,Warlock+Hunter,5,team2,kill,23.98
Rogue+Hunter_vs_Warlock+Hunter,Rogue+Hunter,Warlock+Hunter,6,team2,kill,29.70
Rogue+Hunter_vs_Warlock+Hunter,Rogue+Hunter,Warlock+Hunter,7,team2,kill,29.70
Rogue+Hunter_vs_Warlock+Hunter,Rogue+Hunter,Warlock+Hunter,8,team2,kill,22.63
Rogue+Hunter_vs_Warlock+Hunter,Rogue+Hunter,Warlock+Hunter,9,team2,kill,23.65
Rogue+Hunter_vs_Warlock+Shaman,Rogue+Hunter,Warlock+Shaman,0,team2,kill,25.17
Rogue+Hunter_vs_Warlock+Shaman,Rogue+Hunter,Warlock+Shaman,1,team2,kill,15.53
Rogue+Hunter_vs_Warlock+Shaman,Rogue+Hunter,Warlock+Shaman,2,team2,kill,26.68
Rogue+Hunter_vs_Warlock+Shaman,Rogue+Hunter,Warlock+Shaman,3,team2,kill,21.12
Rogue+Hunter_vs_Warlock+Shaman,Rogue+Hunter,Warlock+Shaman,4,team2,kill,25.17
Rogue+Hunter_vs_Warlock+Shaman,Rogue+Hunter,Warlock+Shaman,5,team2,kill,23.90
Rogue+Hunter_vs_Warlock+Shaman,Rogue+Hunter,Warlock+Shaman,6,team2,kill,21.40
Rogue+Hunter_vs_Warlock+Shaman,Rogue+Hunter,Warlock+Shaman,7,team2,kill,22.40
Rogue+Hunter_vs_Warlock+Shaman,Rogue+Hunter,Warlock+Shaman,8,team2,kill,25.17
Rogue+Hunter_vs_Warlock+Shaman,Rogue+Hunter,Warlock+Shaman,9,team2,kill,19.10
Rogue+Hunter_vs_Paladin+Hunter,Rogue+Hunter,Paladin+Hunter,0,team2,kill,34.80
Rogue+Hunter_vs_Paladin+Hunter,Rogue+Hunter,Paladin+Hunter,1,team2,kill,37.80
Rogue+Hunter_vs_Paladin+Hunter,Rogue+Hunter,Paladin+Hunter,2,team2,kill,35.07
Rogue+Hunter_vs_Paladin+Hunter,Rogue+Hunter,Paladin+Hunter,3,team2,kill,33.25
Rogue+Hunter_vs_Paladin+Hunter,Rogue+Hunter,Paladin+Hunter,4,team2,kill,37.25
Rogue+Hunter_vs_Paladin+Hunter,Rogue+Hunter,Paladin+Hunter,5,team2,kill,37.48
Rogue+Hunter_vs_Paladin+Hunter,Rogue+Hunter,Paladin+Hunter,6,team2,kill,35.67
Rogue+Hunter_vs_Paladin+Hunter,Rogue+Hunter,Paladin+Hunter,7,team2,kill,32.17
Rogue+Hunter_vs_Paladin+Hunter,Rogue+Hunter,Paladin+Hunter,8,team2,kill,37.48
Rogue+Hunter_vs_Paladin+Hunter,Rogue+Hunter,Paladin+Hunter,9,team2,kill,36.98
Rogue+Hunter_vs_Hunter+Shaman,Rogue+Hunter,Hunter+Shaman,0,team2,kill,22.53
Rogue+Hunter_vs_Hunter+Shaman,Rogue+Hunter,Hunter+Shaman,1,team2,kill,22.60
Rogue+Hunter_vs_Hunter+Shaman,Rogue+Hunter,Hunter+Shaman,2,team2,kill,22.53
Rogue+Hunter_vs_Hunter+Shaman,Rogue+Hunter,Hunter+Shaman,3,team2,kill,22.60
Rogue+Hunter_vs_Hunter+Shaman,Rogue+Hunter,Hunter+Shaman,4,team2,kill,24.68
Rogue+Hunter_vs_Hunter+Shaman,Rogue+Hunter,Hunter+Shaman,5,team2,kill,22.72
Rogue+Hunter_vs_Hunter+Shaman,Rogue+Hunter,Hunter+Shaman,6,team2,kill,23.35
Rogue+Hunter_vs_Hunter+Shaman,Rogue+Hunter,Hunter+Shaman,7,team2,kill,22.53
Rogue+Hunter_vs_Hunter+Shaman,Rogue+Hunter,Hunter+Shaman,8,team2,kill,24.12
Rogue+Hunter_vs_Hunter+Shaman,Rogue+Hunter,Hunter+Shaman,9,team2,kill,25.02
Rogue+Shaman_vs_Warrior+Hunter,Rogue+Shaman,Warrior+Hunter,0,team2,kill,68.55
Rogue+Shaman_vs_Warrior+Hunter,Rogue+Shaman,Warrior+Hunter,1,team2,kill,51.63
Rogue+Shaman_vs_Warrior+Hunter,Rogue+Shaman,Warrior+Hunter,2,team2,kill,64.30
Rogue+Shaman_vs_Warrior+Hunter,Rogue+Shaman,Warrior+Hunter,3,team2,kill,54.30
Rogue+Shaman_vs_Warrior+Hunter,Rogue+Shaman,Warrior+Hunter,4,team2,kill,55.40
Rogue+Shaman_vs_Warrior+Hunter,Rogue+Shaman,Warrior+Hunter,5,team2,kill,52.27
Rogue+Shaman_vs_Warrior+Hunter,Rogue+Shaman,Warrior+Hunter,6,team2,kill,53.73
Rogue+Shaman_vs_Warrior+Hunter,Rogue+Shaman,Warrior+Hunter,7,team2,kill,42.90
Rogue+Shaman_vs_Warrior+Hunter,Rogue+Shaman,Warrior+Hunter,8,team2,kill,53.05
Rogue+Shaman_vs_Warrior+Hunter,Rogue+Shaman,Warrior+Hunter,9,team2,kill,54.32
Rogue+Shaman_vs_Mage+Hunter,Rogue+Shaman,Mage+Hunter,0,team2,kill,39.87
Rogue+Shaman_vs_Mage+Hunter,Rogue+Shaman,Mage+Hunter,1,team2,kill,40.20
Rogue+Shaman_vs_Mage+Hunter,Rogue+Shaman,Mage+Hunter,2,team2,kill,42.62
Rogue+Shaman_vs_Mage+Hunter,Rogue+Shaman,Mage+Hunter,3,team2,kill,40.20
Rogue+Shaman_vs_Mage+Hunter,Rogue+Shaman,Mage+Hunter,4,team2,kill,36.23
Rogue+Shaman_vs_Mage+Hunter,Rogue+Shaman,Mage+Hunter,5,team2,kill,41.43
Rogue+Shaman_vs_Mage+Hunter,Rogue+Shaman,Mage+Hunter,6,team2,kill,37.00
Rogue+Shaman_vs_Mage+Hunter,Rogue+Shaman,Mage+Hunter,7,team2,kill,39.18
Rogue+Shaman_vs_Mage+Hunter,Rogue+Shaman,Mage+Hunter,8,team2,kill,39.18
Rogue+Shaman_vs_Mage+Hunter,Rogue+Shaman,Mage+Hunter,9,team2,kill,27.07
Rogue+Shaman_vs_Rogue+Hunter,Rogue+Shaman,Rogue+Hunter,0,team2,kill,57.87
Rogue+Shaman_vs_Rogue+Hunter,Rogue+Shaman,Rogue+Hunter,1,team2,kill,58.78
Rogue+Shaman_vs_Rogue+Hunter,Rogue+Shaman,Rogue+Hunter,2,team2,kill,58.85
Rogue+Shaman_vs_Rogue+Hunter,Rogue+Shaman,Rogue+Hunter,3,team2,kill,46.97
Rogue+Shaman_vs_Rogue+Hunter,Rogue+Shaman,Rogue+Hunter,4,team1,kill,23.62
Rogue+Shaman_vs_Rogue+Hunter,Rogue+Shaman,Rogue+Hunter,5,team2,kill,54.23
Rogue+Shaman_vs_Rogue+Hunter,Rogue+Shaman,Rogue+Hunter,6,team2,kill,49.38
Rogue+Shaman_vs_Rogue+Hunter,Rogue+Shaman,Rogue+Hunter,7,team2,kill,34.88
Rogue+Shaman_vs_Rogue+Hunter,Rogue+Shaman,Rogue+Hunter,8,team2,kill,57.05
Rogue+Shaman_vs_Rogue+Hunter,Rogue+Shaman,Rogue+Hunter,9,team2,kill,54.62
Rogue+Shaman_vs_Priest+Hunter,Rogue+Shaman,Priest+Hunter,0,team2,kill,56.30
Rogue+Shaman_vs_Priest+Hunter,Rogue+Shaman,Priest+Hunter,1,team2,kill,70.50
Rogue+Shaman_vs_Priest+Hunter,Rogue+Shaman,Priest+Hunter,2,team2,kill,46.02
Rogue+Shaman_vs_Priest+Hunter,Rogue+Shaman,Priest+Hunter,3,team2,kill,53.55
Rogue+Shaman_vs_Priest+Hunter,Rogue+Shaman,Priest+Hunter,4,team2,kill,61.35
Rogue+Shaman_vs_Priest+Hunter,Rogue+Shaman,Priest+Hunter,5,team2,kill,52.90
Rogue+Shaman_vs_Priest+Hunter,Rogue+Shaman,Priest+Hunter,6,team2,kill,22.73
Rogue+Shaman_vs_Priest+Hunter,Rogue+Shaman,Priest+Hunter,7,team2,kill,44.57
Rogue+Shaman_vs_Priest+Hunter,Rogue+Shaman,Priest+Hunter,8,team2,kill,51.72
Rogue+Shaman_vs_Priest+Hunter,Rogue+Shaman,Priest+Hunter,9,team2,kill,56.52
Rogue+Shaman_vs_Warlock+Hunter,Rogue+Shaman,Warlock+Hunter,0,team2,kill,34.25
Rogue+Shaman_vs_Warlock+Hunter,Rogue+Shaman,Warlock+Hunter,1,team2,kill,27.27
Rogue+Shaman_vs_Warlock+Hunter,Rogue+Shaman,Warlock+Hunter,2,team2,kill,30.63
Rogue+Shaman_vs_Warlock+Hunter,Rogue+Shaman,Warlock+Hunter,3,team2,kill,36.90
Rogue+Shaman_vs_Warlock+Hunter,Rogue+Shaman,Warlock+Hunter,4,team2,kill,30.57
Rogue+Shaman_vs_Warlock+Hunter,Rogue+Shaman,Warlock+Hunter,5,team2,kill,28.55
Rogue+Shaman_vs_Warlock+Hunter,Rogue+Shaman,Warlock+Hunter,6,team2,kill,34.57
Rogue+Shaman_vs_Warlock+Hunter,Rogue+Shaman,Warlock+Hunter,7,team2,kill,34.57
Rogue+Shaman_vs_Warlock+Hunter,Rogue+Shaman,Warlock+Hunter,8,team2,kill,34.57
Rogue+Shaman_vs_Warlock+Hunter,Rogue+Shaman,Warlock+Hunter,9,team2,kill,29.47
Rogue+Shaman_vs_Paladin+Hunter,Rogue+Shaman,Paladin+Hunter,0,team2,kill,55.67
Rogue+Shaman_vs_Paladin+Hunter,Rogue+Shaman,Paladin+Hunter,1,team2,kill,40.28
Rogue+Shaman_vs_Paladin+Hunter,Rogue+Shaman,Paladin+Hunter,2,team2,kill,52.60
Rogue+Shaman_vs_Paladin+Hunter,Rogue+Shaman,Paladin+Hunter,3,team2,kill,58.17
Rogue+Shaman_vs_Paladin+Hunter,Rogue+Shaman,Paladin+Hunter,4,team2,kill,57.75
Rogue+Shaman_vs_Paladin+Hunter,Rogue+Shaman,Paladin+Hunter,5,team2,kill,39.78
Rogue+Shaman_vs_Paladin+Hunter,Rogue+Shaman,Paladin+Hunter,6,team2,kill,55.07
Rogue+Shaman_vs_Paladin+Hunter,Rogue+Shaman,Paladin+Hunter,7,team2,kill,47.32
Rogue+Shaman_vs_Paladin+Hunter,Rogue+Shaman,Paladin+Hunter,8,team2,kill,54.78
Rogue+Shaman_vs_Paladin+Hunter,Rogue+Shaman,Paladin+Hunter,9,team2,kill,53.40
Rogue+Shaman_vs_Hunter+Shaman,Rogue+Shaman,Hunter+Shaman,0,team2,kill,30.55
Rogue+Shaman_vs_Hunter+Shaman,Rogue+Shaman,Hunter+Shaman,1,team2,kill,30.55
Rogue+Shaman_vs_Hunter+Shaman,Rogue+Shaman,Hunter+Shaman,2,team2,kill,29.55
Rogue+Shaman_vs_Hunter+Shaman,Rogue+Shaman,Hunter+Shaman,3,team2,kill,29.68
Rogue+Shaman_vs_Hunter+Shaman,Rogue+Shaman,Hunter+Shaman,4,team2,kill,31.15
Rogue+Shaman_vs_Hunter+Shaman,Rogue+Shaman,Hunter+Shaman,5,team2,kill,28.53
Rogue+Shaman_vs_Hunter+Shaman,Rogue+Shaman,Hunter+Shaman,6,team2,kill,29.43
Rogue+Shaman_vs_Hunter+Shaman,Rogue+Shaman,Hunter+Shaman,7,team2,kill,30.55
Rogue+Shaman_vs_Hunter+Shaman,Rogue+Shaman,Hunter+Shaman,8,team2,kill,30.43
Rogue+Shaman_vs_Hunter+Shaman,Rogue+Shaman,Hunter+Shaman,9,team2,kill,30.55
Priest+Warlock_vs_Warrior+Hunter,Priest+Warlock,Warrior+Hunter,0,team1,kill,29.78
Priest+Warlock_vs_Warrior+Hunter,Priest+Warlock,Warrior+Hunter,1,team1,kill,28.87
Priest+Warlock_vs_Warrior+Hunter,Priest+Warlock,Warrior+Hunter,2,team1,kill,29.47
Priest+Warlock_vs_Warrior+Hunter,Priest+Warlock,Warrior+Hunter,3,team1,kill,30.03
Priest+Warlock_vs_Warrior+Hunter,Priest+Warlock,Warrior+Hunter,4,team1,kill,27.35
Priest+Warlock_vs_Warrior+Hunter,Priest+Warlock,Warrior+Hunter,5,team1,kill,27.35
Priest+Warlock_vs_Warrior+Hunter,Priest+Warlock,Warrior+Hunter,6,team1,kill,29.73
Priest+Warlock_vs_Warrior+Hunter,Priest+Warlock,Warrior+Hunter,7,team1,kill,28.87
Priest+Warlock_vs_Warrior+Hunter,Priest+Warlock,Warrior+Hunter,8,team1,kill,29.35
Priest+Warlock_vs_Warrior+Hunter,Priest+Warlock,Warrior+Hunter,9,team1,kill,28.87
Priest+Warlock_vs_Mage+Hunter,Priest+Warlock,Mage+Hunter,0,team1,kill,34.40
Priest+Warlock_vs_Mage+Hunter,Priest+Warlock,Mage+Hunter,1,team1,kill,35.43
Priest+Warlock_vs_Mage+Hunter,Priest+Warlock,Mage+Hunter,2,team1,kill,34.78
Priest+Warlock_vs_Mage+Hunter,Priest+Warlock,Mage+Hunter,3,team1,kill,34.57
Priest+Warlock_vs_Mage+Hunter,Priest+Warlock,Mage+Hunter,4,team1,kill,35.10
Priest+Warlock_vs_Mage+Hunter,Priest+Warlock,Mage+Hunter,5,team1,kill,34.52
Priest+Warlock_vs_Mage+Hunter,Priest+Warlock,Mage+Hunter,6,team1,kill,33.65
Priest+Warlock_vs_Mage+Hunter,Priest+Warlock,Mage+Hunter,7,team1,kill,32.55
Priest+Warlock_vs_Mage+Hunter,Priest+Warlock,Mage+Hunter,8,team1,kill,32.42
Priest+Warlock_vs_Mage+Hunter,Priest+Warlock,Mage+Hunter,9,team1,kill,30.15
Priest+Warlock_vs_Rogue+Hunter,Priest+Warlock,Rogue+Hunter,0,team1,kill,25.35
Priest+Warlock_vs_Rogue+Hunter,Priest+Warlock,Rogue+Hunter,1,team1,kill,27.97
Priest+Warlock_vs_Rogue+Hunter,Priest+Warlock,Rogue+Hunter,2,team1,kill,25.88
Priest+Warlock_vs_Rogue+Hunter,Priest+Warlock,Rogue+Hunter,3,team1,kill,30.27
Priest+Warlock_vs_Rogue+Hunter,Priest+Warlock,Rogue+Hunter,4,team1,kill,23.32
Priest+Warlock_vs_Rogue+Hunter,Priest+Warlock,Rogue+Hunter,5,team1,kill,24.32
Priest+Warlock_vs_Rogue+Hunter,Priest+Warlock,Rogue+Hunter,6,team2,kill,26.42
Priest+Warlock_vs_Rogue+Hunter,Priest+Warlock,Rogue+Hunter,7,team2,kill,24.37
Priest+Warlock_vs_Rogue+Hunter,Priest+Warlock,Rogue+Hunter,8,team1,kill,27.33
Priest+Warlock_vs_Rogue+Hunter,Priest+Warlock,Rogue+Hunter,9,team2,kill,25.52
Priest+Warlock_vs_Priest+Hunter,Priest+Warlock,Priest+Hunter,0,team1,kill,55.72
Priest+Warlock_vs_Priest+Hunter,Priest+Warlock,Priest+Hunter,1,team2,kill,60.90
Priest+Warlock_vs_Priest+Hunter,Priest+Warlock,Priest+Hunter,2,team1,kill,63.30
Priest+Warlock_vs_Priest+Hunter,Priest+Warlock,Priest+Hunter,3,team1,kill,44.67
Priest+Warlock_vs_Priest+Hunter,Priest+Warlock,Priest+Hunter,4,team1,kill,57.30
Priest+Warlock_vs_Priest+Hunter,Priest+Warlock,Priest+Hunter,5,team1,kill,41.80
Priest+Warlock_vs_Priest+Hunter,Priest+Warlock,Priest+Hunter,6,team1,kill,53.43
Priest+Warlock_vs_Priest+Hunter,Priest+Warlock,Priest+Hunter,7,team1,kill,50.75
Priest+Warlock_vs_Priest+Hunter,Priest+Warlock,Priest+Hunter,8,team1,kill,47.58
Priest+Warlock_vs_Priest+Hunter,Priest+Warlock,Priest+Hunter,9,team1,kill,64.07
Priest+Warlock_vs_Warlock+Hunter,Priest+Warlock,Warlock+Hunter,0,team1,kill,35.63
Priest+Warlock_vs_Warlock+Hunter,Priest+Warlock,Warlock+Hunter,1,team1,kill,32.42
Priest+Warlock_vs_Warlock+Hunter,Priest+Warlock,Warlock+Hunter,2,team1,kill,40.72
Priest+Warlock_vs_Warlock+Hunter,Priest+Warlock,Warlock+Hunter,3,team1,kill,39.97
Priest+Warlock_vs_Warlock+Hunter,Priest+Warlock,Warlock+Hunter,4,team1,kill,44.00
Priest+Warlock_vs_Warlock+Hunter,Priest+Warlock,Warlock+Hunter,5,team1,kill,37.97
Priest+Warlock_vs_Warlock+Hunter,Priest+Warlock,Warlock+Hunter,6,team2,kill,36.87
Priest+Warlock_vs_Warlock+Hunter,Priest+Warlock,Warlock+Hunter,7,team1,kill,34.23
Priest+Warlock_vs_Warlock+Hunter,Priest+Warlock,Warlock+Hunter,8,team1,kill,41.50
Priest+Warlock_vs_Warlock+Hunter,Priest+Warlock,Warlock+Hunter,9,team2,kill,38.93
Priest+Warlock_vs_Paladin+Hunter,Priest+Warlock,Paladin+Hunter,0,team2,kill,72.08
Priest+Warlock_vs_Paladin+Hunter,Priest+Warlock,Paladin+Hunter,1,team2,kill,69.57
Priest+Warlock_vs_Paladin+Hunter,Priest+Warlock,Paladin+Hunter,2,team2,kill,69.65
Priest+Warlock_vs_Paladin+Hunter,Priest+Warlock,Paladin+Hunter,3,team2,kill,72.08
Priest+Warlock_vs_Paladin+Hunter,Priest+Warlock,Paladin+Hunter,4,team2,kill,70.35
Priest+Warlock_vs_Paladin+Hunter,Priest+Warlock,Paladin+Hunter,5,team2,kill,70.80
Priest+Warlock_vs_Paladin+Hunter,Priest+Warlock,Paladin+Hunter,6,team1,kill,66.85
Priest+Warlock_vs_Paladin+Hunter,Priest+Warlock,Paladin+Hunter,7,team2,kill,68.90
Priest+Warlock_vs_Paladin+Hunter,Priest+Warlock,Paladin+Hunter,8,team2,kill,73.48
Priest+Warlock_vs_Paladin+Hunter,Priest+Warlock,Paladin+Hunter,9,team2,kill,75.58
Priest+Warlock_vs_Hunter+Shaman,Priest+Warlock,Hunter+Shaman,0,team1,kill,33.73
Priest+Warlock_vs_Hunter+Shaman,Priest+Warlock,Hunter+Shaman,1,team1,kill,39.00
Priest+Warlock_vs_Hunter+Shaman,Priest+Warlock,Hunter+Shaman,2,team1,kill,40.20
Priest+Warlock_vs_Hunter+Shaman,Priest+Warlock,Hunter+Shaman,3,team1,kill,37.15
Priest+Warlock_vs_Hunter+Shaman,Priest+Warlock,Hunter+Shaman,4,team1,kill,75.20
Priest+Warlock_vs_Hunter+Shaman,Priest+Warlock,Hunter+Shaman,5,team1,kill,42.97
Priest+Warlock_vs_Hunter+Shaman,Priest+Warlock,Hunter+Shaman,6,team1,kill,56.23
Priest+Warlock_vs_Hunter+Shaman,Priest+Warlock,Hunter+Shaman,7,team1,kill,37.83
Priest+Warlock_vs_Hunter+Shaman,Priest+Warlock,Hunter+Shaman,8,team1,kill,48.97
Priest+Warlock_vs_Hunter+Shaman,Priest+Warlock,Hunter+Shaman,9,team1,kill,46.37
Priest+Hunter_vs_Warrior+Mage,Priest+Hunter,Warrior+Mage,0,team1,kill,43.45
Priest+Hunter_vs_Warrior+Mage,Priest+Hunter,Warrior+Mage,1,team1,kill,43.05
Priest+Hunter_vs_Warrior+Mage,Priest+Hunter,Warrior+Mage,2,team1,kill,49.50
Priest+Hunter_vs_Warrior+Mage,Priest+Hunter,Warrior+Mage,3,team1,kill,37.93
Priest+Hunter_vs_Warrior+Mage,Priest+Hunter,Warrior+Mage,4,team1,kill,44.22
Priest+Hunter_vs_Warrior+Mage,Priest+Hunter,Warrior+Mage,5,team1,kill,43.57
Priest+Hunter_vs_Warrior+Mage,Priest+Hunter,Warrior+Mage,6,team2,kill,30.72
Priest+Hunter_vs_Warrior+Mage,Priest+Hunter,Warrior+Mage,7,team1,kill,47.83
Priest+Hunter_vs_Warrior+Mage,Priest+Hunter,Warrior+Mage,8,team1,kill,36.67
Priest+Hunter_vs_Warrior+Mage,Priest+Hunter,Warrior+Mage,9,team2,kill,25.53
Priest+Hunter_vs_Warrior+Rogue,Priest+Hunter,Warrior+Rogue,0,team1,kill,23.12
Priest+Hunter_vs_Warrior+Rogue,Priest+Hunter,Warrior+Rogue,1,team1,kill,22.65
Priest+Hunter_vs_Warrior+Rogue,Priest+Hunter,Warrior+Rogue,2,team1,kill,21.98
Priest+Hunter_vs_Warrior+Rogue,Priest+Hunter,Warrior+Rogue,3,team1,kill,23.12
Priest+Hunter_vs_Warrior+Rogue,Priest+Hunter,Warrior+Rogue,4,team1,kill,23.12
Priest+Hunter_vs_Warrior+Rogue,Priest+Hunter,Warrior+Rogue,5,team1,kill,22.65
Priest+Hunter_vs_Warrior+Rogue,Priest+Hunter,Warrior+Rogue,6,team1,kill,22.95
Priest+Hunter_vs_Warrior+Rogue,Priest+Hunter,Warrior+Rogue,7,team1,kill,23.53
Priest+Hunter_vs_Warrior+Rogue,Priest+Hunter,Warrior+Rogue,8,team1,kill,20.37
Priest+Hunter_vs_Warrior+Rogue,Priest+Hunter,Warrior+Rogue,9,team1,kill,23.12
Priest+Hunter_vs_Warrior+Priest,Priest+Hunter,Warrior+Priest,0,team1,kill,47.28
Priest+Hunter_vs_Warrior+Priest,Priest+Hunter,Warrior+Priest,1,team2,kill,58.15
Priest+Hunter_vs_Warrior+Priest,Priest+Hunter,Warrior+Priest,2,team1,kill,39.60
Priest+Hunter_vs_Warrior+Priest,Priest+Hunter,Warrior+Priest,3,team1,kill,72.35
Priest+Hunter_vs_Warrior+Priest,Priest+Hunter,Warrior+Priest,4,team1,kill,44.95
Priest+Hunter_vs_Warrior+Priest,Priest+Hunter,Warrior+Priest,5,team1,kill,56.57
Priest+Hunter_vs_Warrior+Priest,Priest+Hunter,Warrior+Priest,6,team1,kill,43.82
Priest+Hunter_vs_Warrior+Priest,Priest+Hunter,Warrior+Priest,7,team1,kill,52.20
Priest+Hunter_vs_Warrior+Priest,Priest+Hunter,Warrior+Priest,8,team1,kill,72.35
Priest+Hunter_vs_Warrior+Priest,Priest+Hunter,Warrior+Priest,9,team1,kill,61.80
Priest+Hunter_vs_Warrior+Warlock,Priest+Hunter,Warrior+Warlock,0,team1,kill,33.45
Priest+Hunter_vs_Warrior+Warlock,Priest+Hunter,Warrior+Warlock,1,team1,kill,32.72
Priest+Hunter_vs_Warrior+Warlock,Priest+Hunter,Warrior+Warlock,2,team1,kill,34.43
Priest+Hunter_vs_Warrior+Warlock,Priest+Hunter,Warrior+Warlock,3,team1,kill,33.48
Priest+Hunter_vs_Warrior+Warlock,Priest+Hunter,Warrior+Warlock,4,team1,kill,33.85
Priest+Hunter_vs_Warrior+Warlock,Priest+Hunter,Warrior+Warlock,5,team1,kill,30.98
Priest+Hunter_vs_Warrior+Warlock,Priest+Hunter,Warrior+Warlock,6,team1,kill,37.27
Priest+Hunter_vs_Warrior+Warlock,Priest+Hunter,Warrior+Warlock,7,team1,kill,33.05
Priest+Hunter_vs_Warrior+Warlock,Priest+Hunter,Warrior+Warlock,8,team1,kill,33.08
Priest+Hunter_vs_Warrior+Warlock,Priest+Hunter,Warrior+Warlock,9,team1,kill,31.97
Priest+Hunter_vs_Warrior+Paladin,Priest+Hunter,Warrior+Paladin,0,team2,kill,79.57
Priest+Hunter_vs_Warrior+Paladin,Priest+Hunter,Warrior+Paladin,1,team1,kill,88.45
Priest+Hunter_vs_Warrior+Paladin,Priest+Hunter,Warrior+Paladin,2,team2,kill,97.22
Priest+Hunter_vs_Warrior+Paladin,Priest+Hunter,Warrior+Paladin,3,team2,kill,61.73
Priest+Hunter_vs_Warrior+Paladin,Priest+Hunter,Warrior+Paladin,4,team2,kill,76.67
Priest+Hunter_vs_Warrior+Paladin,Priest+Hunter,Warrior+Paladin,5,team1,kill,74.78
Priest+Hunter_vs_Warrior+Paladin,Priest+Hunter,Warrior+Paladin,6,team1,kill,78.62
Priest+Hunter_vs_Warrior+Paladin,Priest+Hunter,Warrior+Paladin,7,team1,kill,72.33
Priest+Hunter_vs_Warrior+Paladin,Priest+Hunter,Warrior+Paladin,8,team2,kill,95.39
Priest+Hunter_vs_Warrior+Paladin,Priest+Hunter,Warrior+Paladin,9,team1,kill,75.48
Priest+Hunter_vs_Warrior+Hunter,Priest+Hunter,Warrior+Hunter,0,team1,kill,30.20
Priest+Hunter_vs_Warrior+Hunter,Priest+Hunter,Warrior+Hunter,1,team1,kill,27.80
Priest+Hunter_vs_Warrior+Hunter,Priest+Hunter,Warrior+Hunter,2,team1,kill,26.00
Priest+Hunter_vs_Warrior+Hunter,Priest+Hunter,Warrior+Hunter,3,team1,kill,26.23
Priest+Hunter_vs_Warrior+Hunter,Priest+Hunter,Warrior+Hunter,4,team1,kill,30.20
Priest+Hunter_vs_Warrior+Hunter,Priest+Hunter,Warrior+Hunter,5,team1,kill,32.32
Priest+Hunter_vs_Warrior+Hunter,Priest+Hunter,Warrior+Hunter,6,team1,kill,30.20
Priest+Hunter_vs_Warrior+Hunter,Priest+Hunter,Warrior+Hunter,7,team1,kill,25.37
Priest+Hunter_vs_Warrior+Hunter,Priest+Hunter,Warrior+Hunter,8,team1,kill,31.20
Priest+Hunter_vs_Warrior+Hunter,Priest+Hunter,Warrior+Hunter,9,team1,kill,22.57
Priest+Hunter_vs_Warrior+Shaman,Priest+Hunter,Warrior+Shaman,0,team1,kill,51.85
Priest+Hunter_vs_Warrior+Shaman,Priest+Hunter,Warrior+Shaman,1,team1,kill,57.82
Priest+Hunter_vs_Warrior+Shaman,Priest+Hunter,Warrior+Shaman,2,team1,kill,61.73
Priest+Hunter_vs_Warrior+Shaman,Priest+Hunter,Warrior+Shaman,3,team1,kill,54.22
Priest+Hunter_vs_Warrior+Shaman,Priest+Hunter,Warrior+Shaman,4,team1,kill,59.28
Priest+Hunter_vs_Warrior+Shaman,Priest+Hunter,Warrior+Shaman,5,team1,kill,51.67
Priest+Hunter_vs_Warrior+Shaman,Priest+Hunter,Warrior+Shaman,6,team1,kill,49.20
Priest+Hunter_vs_Warrior+Shaman,Priest+Hunter,Warrior+Shaman,7,team1,kill,57.03
Priest+Hunter_vs_Warrior+Shaman,Priest+Hunter,Warrior+Shaman,8,team1,kill,50.10
Priest+Hunter_vs_Warrior+Shaman,Priest+Hunter,Warrior+Shaman,9,team2,kill,39.73
Priest+Hunter_vs_Mage+Rogue,Priest+Hunter,Mage+Rogue,0,team1,kill,43.68
Priest+Hunter_vs_Mage+Rogue,Priest+Hunter,Mage+Rogue,1,team1,kill,52.02
Priest+Hunter_vs_Mage+Rogue,Priest+Hunter,Mage+Rogue,2,team1,kill,53.10
Priest+Hunter_vs_Mage+Rogue,Priest+Hunter,Mage+Rogue,3,team1,kill,54.50
Priest+Hunter_vs_Mage+Rogue,Priest+Hunter,Mage+Rogue,4,team1,kill,45.45
Priest+Hunter_vs_Mage+Rogue,Priest+Hunter,Mage+Rogue,5,team1,kill,41.78
Priest+Hunter_vs_Mage+Rogue,Priest+Hunter,Mage+Rogue,6,team1,kill,53.18
Priest+Hunter_vs_Mage+Rogue,Priest+Hunter,Mage+Rogue,7,team1,kill,45.70
Priest+Hunter_vs_Mage+Rogue,Priest+Hunter,Mage+Rogue,8,team1,kill,50.20
Priest+Hunter_vs_Mage+Rogue,Priest+Hunter,Mage+Rogue,9,team1,kill,42.83
Priest+Hunter_vs_Mage+Priest,Priest+Hunter,Mage+Priest,0,team2,kill,60.40
Priest+Hunter_vs_Mage+Priest,Priest+Hunter,Mage+Priest,1,team2,kill,31.85
Priest+Hunter_vs_Mage+Priest,Priest+Hunter,Mage+Priest,2,team2,kill,40.70
Priest+Hunter_vs_Mage+Priest,Priest+Hunter,Mage+Priest,3,team2,kill,35.30
Priest+Hunter_vs_Mage+Priest,Priest+Hunter,Mage+Priest,4,team2,kill,33.32
Priest+Hunter_vs_Mage+Priest,Priest+Hunter,Mage+Priest,5,team2,kill,23.78
Priest+Hunter_vs_Mage+Priest,Priest+Hunter,Mage+Priest,6,team2,kill,34.65
Priest+Hunter_vs_Mage+Priest,Priest+Hunter,Mage+Priest,7,team2,kill,23.77
Priest+Hunter_vs_Mage+Priest,Priest+Hunter,Mage+Priest,8,team2,kill,25.48
Priest+Hunter_vs_Mage+Priest,Priest+Hunter,Mage+Priest,9,team2,kill,34.53
Priest+Hunter_vs_Mage+Warlock,Priest+Hunter,Mage+Warlock,0,team1,kill,34.67
Priest+Hunter_vs_Mage+Warlock,Priest+Hunter,Mage+Warlock,1,team1,kill,28.32
Priest+Hunter_vs_Mage+Warlock,Priest+Hunter,Mage+Warlock,2,team1,kill,31.60
Priest+Hunter_vs_Mage+Warlock,Priest+Hunter,Mage+Warlock,3,team1,kill,38.90
Priest+Hunter_vs_Mage+Warlock,Priest+Hunter,Mage+Warlock,4,team1,kill,39.02
Priest+Hunter_vs_Mage+Warlock,Priest+Hunter,Mage+Warlock,5,team1,kill,28.87
Priest+Hunter_vs_Mage+Warlock,Priest+Hunter,Mage+Warlock,6,team1,kill,34.80
Priest+Hunter_vs_Mage+Warlock,Priest+Hunter,Mage+Warlock,7,team1,kill,28.33
Priest+Hunter_vs_Mage+Warlock,Priest+Hunter,Mage+Warlock,8,team1,kill,29.90
Priest+Hunter_vs_Mage+Warlock,Priest+Hunter,Mage+Warlock,9,team1,kill,40.53
Priest+Hunter_vs_Mage+Paladin,Priest+Hunter,Mage+Paladin,0,team2,kill,54.83
Priest+Hunter_vs_Mage+Paladin,Priest+Hunter,Mage+Paladin,1,team2,kill,54.82
Priest+Hunter_vs_Mage+Paladin,Priest+Hunter,Mage+Paladin,2,team2,kill,49.13
Priest+Hunter_vs_Mage+Paladin,Priest+Hunter,Mage+Paladin,3,team1,kill,82.74
Priest+Hunter_vs_Mage+Paladin,Priest+Hunter,Mage+Paladin,4,team1,kill,66.82
Priest+Hunter_vs_Mage+Paladin,Priest+Hunter,Mage+Paladin,5,team2,kill,46.70
Priest+Hunter_vs_Mage+Paladin,Priest+Hunter,Mage+Paladin,6,team2,kill,48.63
Priest+Hunter_vs_Mage+Paladin,Priest+Hunter,Mage+Paladin,7,team1,kill,92.51
Priest+Hunter_vs_Mage+Paladin,Priest+Hunter,Mage+Paladin,8,team2,kill,112.81
Priest+Hunter_vs_Mage+Paladin,Priest+Hunter,Mage+Paladin,9,team2,kill,59.93
Priest+Hunter_vs_Mage+Hunter,Priest+Hunter,Mage+Hunter,0,team2,kill,29.92
Priest+Hunter_vs_Mage+Hunter,Priest+Hunter,Mage+Hunter,1,team1,kill,45.18
Priest+Hunter_vs_Mage+Hunter,Priest+Hunter,Mage+Hunter,2,team1,kill,42.78
Priest+Hunter_vs_Mage+Hunter,Priest+Hunter,Mage+Hunter,3,team2,kill,26.23
Priest+Hunter_vs_Mage+Hunter,Priest+Hunter,Mage+Hunter,4,team2,kill,27.70
Priest+Hunter_vs_Mage+Hunter,Priest+Hunter,Mage+Hunter,5,team2,kill,34.18
Priest+Hunter_vs_Mage+Hunter,Priest+Hunter,Mage+Hunter,6,team2,kill,33.08
Priest+Hunter_vs_Mage+Hunter,Priest+Hunter,Mage+Hunter,7,team2,kill,27.95
Priest+Hunter_vs_Mage+Hunter,Priest+Hunter,Mage+Hunter,8,team2,kill,43.45
Priest+Hunter_vs_Mage+Hunter,Priest+Hunter,Mage+Hunter,9,team2,kill,34.83
Priest+Hunter_vs_Mage+Shaman,Priest+Hunter,Mage+Shaman,0,team2,kill,25.25
Priest+Hunter_vs_Mage+Shaman,Priest+Hunter,Mage+Shaman,1,team2,kill,20.28
Priest+Hunter_vs_Mage+Shaman,Priest+Hunter,Mage+Shaman,2,team2,kill,22.82
Priest+Hunter_vs_Mage+Shaman,Priest+Hunter,Mage+Shaman,3,team2,kill,25.25
Priest+Hunter_vs_Mage+Shaman,Priest+Hunter,Mage+Shaman,4,team2,kill,24.28
Priest+Hunter_vs_Mage+Shaman,Priest+Hunter,Mage+Shaman,5,team2,kill,20.32
Priest+Hunter_vs_Mage+Shaman,Priest+Hunter,Mage+Shaman,6,team2,kill,19.92
Priest+Hunter_vs_Mage+Shaman,Priest+Hunter,Mage+Shaman,7,team2,kill,21.43
Priest+Hunter_vs_Mage+Shaman,Priest+Hunter,Mage+Shaman,8,team2,kill,23.80
Priest+Hunter_vs_Mage+Shaman,Priest+Hunter,Mage+Shaman,9,team2,kill,21.47
Priest+Hunter_vs_Rogue+Priest,Priest+Hunter,Rogue+Priest,0,team1,kill,42.28
Priest+Hunter_vs_Rogue+Priest,Priest+Hunter,Rogue+Priest,1,team1,kill,41.87
Priest+Hunter_vs_Rogue+Priest,Priest+Hunter,Rogue+Priest,2,team1,kill,44.55
Priest+Hunter_vs_Rogue+Priest,Priest+Hunter,Rogue+Priest,3,team1,kill,44.70
Priest+Hunter_vs_Rogue+Priest,Priest+Hunter,Rogue+Priest,4,team1,kill,44.70
Priest+Hunter_vs_Rogue+Priest,Priest+Hunter,Rogue+Priest,5,team1,kill,39.83
Priest+Hunter_vs_Rogue+Priest,Priest+Hunter,Rogue+Priest,6,team1,kill,39.87
Priest+Hunter_vs_Rogue+Priest,Priest+Hunter,Rogue+Priest,7,team1,kill,33.98
Priest+Hunter_vs_Rogue+Priest,Priest+Hunter,Rogue+Priest,8,team1,kill,39.93
Priest+Hunter_vs_Rogue+Priest,Priest+Hunter,Rogue+Priest,9,team1,kill,39.07
Priest+Hunter_vs_Rogue+Warlock,Priest+Hunter,Rogue+Warlock,0,team1,kill,21.63
Priest+Hunter_vs_Rogue+Warlock,Priest+Hunter,Rogue+Warlock,1,team1,kill,22.47
Priest+Hunter_vs_Rogue+Warlock,Priest+Hunter,Rogue+Warlock,2,team1,kill,22.45
Priest+Hunter_vs_Rogue+Warlock,Priest+Hunter,Rogue+Warlock,3,team1,kill,23.60
Priest+Hunter_vs_Rogue+Warlock,Priest+Hunter,Rogue+Warlock,4,team1,kill,22.58
Priest+Hunter_vs_Rogue+Warlock,Priest+Hunter,Rogue+Warlock,5,team1,kill,24.87
Priest+Hunter_vs_Rogue+Warlock,Priest+Hunter,Rogue+Warlock,6,team1,kill,21.73
Priest+Hunter_vs_Rogue+Warlock,Priest+Hunter,Rogue+Warlock,7,team1,kill,21.60
Priest+Hunter_vs_Rogue+Warlock,Priest+Hunter,Rogue+Warlock,8,team1,kill,23.60
Priest+Hunter_vs_Rogue+Warlock,Priest+Hunter,Rogue+Warlock,9,team1,kill,23.07
Priest+Hunter_vs_Rogue+Paladin,Priest+Hunter,Rogue+Paladin,0,team1,kill,72.15
Priest+Hunter_vs_Rogue+Paladin,Priest+Hunter,Rogue+Paladin,1,team1,kill,73.98
Priest+Hunter_vs_Rogue+Paladin,Priest+Hunter,Rogue+Paladin,2,team1,kill,88.67
Priest+Hunter_vs_Rogue+Paladin,Priest+Hunter,Rogue+Paladin,3,team1,kill,89.54
Priest+Hunter_vs_Rogue+Paladin,Priest+Hunter,Rogue+Paladin,4,team1,kill,73.72
Priest+Hunter_vs_Rogue+Paladin,Priest+Hunter,Rogue+Paladin,5,team1,kill,77.12
Priest+Hunter_vs_Rogue+Paladin,Priest+Hunter,Rogue+Paladin,6,team1,kill,70.07
Priest+Hunter_vs_Rogue+Paladin,Priest+Hunter,Rogue+Paladin,7,team1,kill,72.70
Priest+Hunter_vs_Rogue+Paladin,Priest+Hunter,Rogue+Paladin,8,team2,kill,96.29
Priest+Hunter_vs_Rogue+Paladin,Priest+Hunter,Rogue+Paladin,9,team1,kill,84.35
Priest+Hunter_vs_Rogue+Hunter,Priest+Hunter,Rogue+Hunter,0,team1,kill,28.17
Priest+Hunter_vs_Rogue+Hunter,Priest+Hunter,Rogue+Hunter,1,team1,kill,28.58
Priest+Hunter_vs_Rogue+Hunter,Priest+Hunter,Rogue+Hunter,2,team1,kill,28.58
Priest+Hunter_vs_Rogue+Hunter,Priest+Hunter,Rogue+Hunter,3,team1,kill,28.68
Priest+Hunter_vs_Rogue+Hunter,Priest+Hunter,Rogue+Hunter,4,team1,kill,28.58
Priest+Hunter_vs_Rogue+Hunter,Priest+Hunter,Rogue+Hunter,5,team1,kill,28.17
Priest+Hunter_vs_Rogue+Hunter,Priest+Hunter,Rogue+Hunter,6,team1,kill,28.17
Priest+Hunter_vs_Rogue+Hunter,Priest+Hunter,Rogue+Hunter,7,team1,kill,28.70
Priest+Hunter_vs_Rogue+Hunter,Priest+Hunter,Rogue+Hunter,8,team1,kill,28.68
Priest+Hunter_vs_Rogue+Hunter,Priest+Hunter,Rogue+Hunter,9,team1,kill,28.25
Priest+Hunter_vs_Rogue+Shaman,Priest+Hunter,Rogue+Shaman,0,team1,kill,53.88
Priest+Hunter_vs_Rogue+Shaman,Priest+Hunter,Rogue+Shaman,1,team1,kill,56.50
Priest+Hunter_vs_Rogue+Shaman,Priest+Hunter,Rogue+Shaman,2,team1,kill,56.82
Priest+Hunter_vs_Rogue+Shaman,Priest+Hunter,Rogue+Shaman,3,team1,kill,61.63
Priest+Hunter_vs_Rogue+Shaman,Priest+Hunter,Rogue+Shaman,4,team1,kill,52.12
Priest+Hunter_vs_Rogue+Shaman,Priest+Hunter,Rogue+Shaman,5,team1,kill,63.82
Priest+Hunter_vs_Rogue+Shaman,Priest+Hunter,Rogue+Shaman,6,team1,kill,22.73
Priest+Hunter_vs_Rogue+Shaman,Priest+Hunter,Rogue+Shaman,7,team1,kill,44.57
Priest+Hunter_vs_Rogue+Shaman,Priest+Hunter,Rogue+Shaman,8,team1,kill,55.77
Priest+Hunter_vs_Rogue+Shaman,Priest+Hunter,Rogue+Shaman,9,team1,kill,64.20
Priest+Hunter_vs_Priest+Warlock,Priest+Hunter,Priest+Warlock,0,team2,kill,58.22
Priest+Hunter_vs_Priest+Warlock,Priest+Hunter,Priest+Warlock,1,team2,kill,44.65
Priest+Hunter_vs_Priest+Warlock,Priest+Hunter,Priest+Warlock,2,team2,kill,58.30
Priest+Hunter_vs_Priest+Warlock,Priest+Hunter,Priest+Warlock,3,team2,kill,57.47
Priest+Hunter_vs_Priest+Warlock,Priest+Hunter,Priest+Warlock,4,team2,kill,47.27
Priest+Hunter_vs_Priest+Warlock,Priest+Hunter,Priest+Warlock,5,team2,kill,47.27
Priest+Hunter_vs_Priest+Warlock,Priest+Hunter,Priest+Warlock,6,team2,kill,43.42
Priest+Hunter_vs_Priest+Warlock,Priest+Hunter,Priest+Warlock,7,team2,kill,58.10
Priest+Hunter_vs_Priest+Warlock,Priest+Hunter,Priest+Warlock,8,team2,kill,64.63
Priest+Hunter_vs_Priest+Warlock,Priest+Hunter,Priest+Warlock,9,team2,kill,49.28
Priest+Hunter_vs_Priest+Hunter,Priest+Hunter,Priest+Hunter,0,team1,kill,77.84
Priest+Hunter_vs_Priest+Hunter,Priest+Hunter,Priest+Hunter,1,team1,kill,76.14
Priest+Hunter_vs_Priest+Hunter,Priest+Hunter,Priest+Hunter,2,team1,kill,66.87
Priest+Hunter_vs_Priest+Hunter,Priest+Hunter,Priest+Hunter,3,team1,kill,65.25
Priest+Hunter_vs_Priest+Hunter,Priest+Hunter,Priest+Hunter,4,team2,kill,67.90
Priest+Hunter_vs_Priest+Hunter,Priest+Hunter,Priest+Hunter,5,team2,kill,118.53
Priest+Hunter_vs_Priest+Hunter,Priest+Hunter,Priest+Hunter,6,team2,kill,63.17
Priest+Hunter_vs_Priest+Hunter,Priest+Hunter,Priest+Hunter,7,team2,kill,70.65
Priest+Hunter_vs_Priest+Hunter,Priest+Hunter,Priest+Hunter,8,team1,kill,63.33
Priest+Hunter_vs_Priest+Hunter,Priest+Hunter,Priest+Hunter,9,team1,kill,71.12
Priest+Hunter_vs_Warlock+Paladin,Priest+Hunter,Warlock+Paladin,0,team2,kill,43.70
Priest+Hunter_vs_Warlock+Paladin,Priest+Hunter,Warlock+Paladin,1,team2,kill,63.57
Priest+Hunter_vs_Warlock+Paladin,Priest+Hunter,Warlock+Paladin,2,team1,kill,78.87
Priest+Hunter_vs_Warlock+Paladin,Priest+Hunter,Warlock+Paladin,3,team2,kill,75.27
Priest+Hunter_vs_Warlock+Paladin,Priest+Hunter,Warlock+Paladin,4,team2,kill,67.62
Priest+Hunter_vs_Warlock+Paladin,Priest+Hunter,Warlock+Paladin,5,team2,kill,61.00
Priest+Hunter_vs_Warlock+Paladin,Priest+Hunter,Warlock+Paladin,6,team2,kill,71.17
Priest+Hunter_vs_Warlock+Paladin,Priest+Hunter,Warlock+Paladin,7,team2,kill,108.89
Priest+Hunter_vs_Warlock+Paladin,Priest+Hunter,Warlock+Paladin,8,team2,kill,48.75
Priest+Hunter_vs_Warlock+Paladin,Priest+Hunter,Warlock+Paladin,9,team2,kill,61.00
Priest+Hunter_vs_Warlock+Hunter,Priest+Hunter,Warlock+Hunter,0,team1,kill,27.07
Priest+Hunter_vs_Warlock+Hunter,Priest+Hunter,Warlock+Hunter,1,team1,kill,28.52
Priest+Hunter_vs_Warlock+Hunter,Priest+Hunter,Warlock+Hunter,2,team1,kill,28.22
Priest+Hunter_vs_Warlock+Hunter,Priest+Hunter,Warlock+Hunter,3,team1,kill,29.02
Priest+Hunter_vs_Warlock+Hunter,Priest+Hunter,Warlock+Hunter,4,team1,kill,31.00
Priest+Hunter_vs_Warlock+Hunter,Priest+Hunter,Warlock+Hunter,5,team1,kill,27.02
Priest+Hunter_vs_Warlock+Hunter,Priest+Hunter,Warlock+Hunter,6,team1,kill,31.47
Priest+Hunter_vs_Warlock+Hunter,Priest+Hunter,Warlock+Hunter,7,team1,kill,26.97
Priest+Hunter_vs_Warlock+Hunter,Priest+Hunter,Warlock+Hunter,8,team1,kill,38.02
Priest+Hunter_vs_Warlock+Hunter,Priest+Hunter,Warlock+Hunter,9,team1,kill,31.43
Priest+Hunter_vs_Warlock+Shaman,Priest+Hunter,Warlock+Shaman,0,team1,kill,61.65
Priest+Hunter_vs_Warlock+Shaman,Priest+Hunter,Warlock+Shaman,1,team2,kill,31.42
Priest+Hunter_vs_Warlock+Shaman,Priest+Hunter,Warlock+Shaman,2,team1,kill,74.20
Priest+Hunter_vs_Warlock+Shaman,Priest+Hunter,Warlock+Shaman,3,team1,kill,48.28
Priest+Hunter_vs_Warlock+Shaman,Priest+Hunter,Warlock+Shaman,4,team1,kill,63.17
Priest+Hunter_vs_Warlock+Shaman,Priest+Hunter,Warlock+Shaman,5,team2,kill,30.10
Priest+Hunter_vs_Warlock+Shaman,Priest+Hunter,Warlock+Shaman,6,team1,kill,61.47
Priest+Hunter_vs_Warlock+Shaman,Priest+Hunter,Warlock+Shaman,7,team1,kill,56.82
Priest+Hunter_vs_Warlock+Shaman,Priest+Hunter,Warlock+Shaman,8,team1,kill,74.87
Priest+Hunter_vs_Warlock+Shaman,Priest+Hunter,Warlock+Shaman,9,team1,kill,59.03
Priest+Hunter_vs_Paladin+Hunter,Priest+Hunter,Paladin+Hunter,0,team2,kill,118.03
Priest+Hunter_vs_Paladin+Hunter,Priest+Hunter,Paladin+Hunter,1,team2,kill,76.42
Priest+Hunter_vs_Paladin+Hunter,Priest+Hunter,Paladin+Hunter,2,team2,kill,69.52
Priest+Hunter_vs_Paladin+Hunter,Priest+Hunter,Paladin+Hunter,3,team2,kill,77.00
Priest+Hunter_vs_Paladin+Hunter,Priest+Hunter,Paladin+Hunter,4,team2,kill,73.33
Priest+Hunter_vs_Paladin+Hunter,Priest+Hunter,Paladin+Hunter,5,team2,kill,74.43
Priest+Hunter_vs_Paladin+Hunter,Priest+Hunter,Paladin+Hunter,6,team2,kill,77.39
Priest+Hunter_vs_Paladin+Hunter,Priest+Hunter,Paladin+Hunter,7,team2,kill,69.30
Priest+Hunter_vs_Paladin+Hunter,Priest+Hunter,Paladin+Hunter,8,team2,kill,76.55
Priest+Hunter_vs_Paladin+Hunter,Priest+Hunter,Paladin+Hunter,9,team2,kill,71.72
Priest+Hunter_vs_Hunter+Shaman,Priest+Hunter,Hunter+Shaman,0,team1,kill,75.87
Priest+Hunter_vs_Hunter+Shaman,Priest+Hunter,Hunter+Shaman,1,team1,kill,73.98
Priest+Hunter_vs_Hunter+Shaman,Priest+Hunter,Hunter+Shaman,2,team1,kill,81.39
Priest+Hunter_vs_Hunter+Shaman,Priest+Hunter,Hunter+Shaman,3,team1,kill,71.63
Priest+Hunter_vs_Hunter+Shaman,Priest+Hunter,Hunter+Shaman,4,team2,kill,51.63
Priest+Hunter_vs_Hunter+Shaman,Priest+Hunter,Hunter+Shaman,5,team1,kill,69.32
Priest+Hunter_vs_Hunter+Shaman,Priest+Hunter,Hunter+Shaman,6,team1,kill,52.37
Priest+Hunter_vs_Hunter+Shaman,Priest+Hunter,Hunter+Shaman,7,team1,kill,63.87
Priest+Hunter_vs_Hunter+Shaman,Priest+Hunter,Hunter+Shaman,8,team1,kill,74.28
Priest+Hunter_vs_Hunter+Shaman,Priest+Hunter,Hunter+Shaman,9,team1,kill,72.18
Warlock+Paladin_vs_Warrior+Hunter,Warlock+Paladin,Warrior+Hunter,0,team1,kill,36.47
Warlock+Paladin_vs_Warrior+Hunter,Warlock+Paladin,Warrior+Hunter,1,team1,kill,40.88
Warlock+Paladin_vs_Warrior+Hunter,Warlock+Paladin,Warrior+Hunter,2,team1,kill,36.40
Warlock+Paladin_vs_Warrior+Hunter,Warlock+Paladin,Warrior+Hunter,3,team1,kill,30.17
Warlock+Paladin_vs_Warrior+Hunter,Warlock+Paladin,Warrior+Hunter,4,team1,kill,29.55
Warlock+Paladin_vs_Warrior+Hunter,Warlock+Paladin,Warrior+Hunter,5,team1,kill,37.23
Warlock+Paladin_vs_Warrior+Hunter,Warlock+Paladin,Warrior+Hunter,6,team1,kill,34.73
Warlock+Paladin_vs_Warrior+Hunter,Warlock+Paladin,Warrior+Hunter,7,team1,kill,33.78
Warlock+Paladin_vs_Warrior+Hunter,Warlock+Paladin,Warrior+Hunter,8,team1,kill,38.67
Warlock+Paladin_vs_Warrior+Hunter,Warlock+Paladin,Warrior+Hunter,9,team1,kill,36.20
Warlock+Paladin_vs_Mage+Hunter,Warlock+Paladin,Mage+Hunter,0,team2,kill,32.87
Warlock+Paladin_vs_Mage+Hunter,Warlock+Paladin,Mage+Hunter,1,team2,kill,34.22
Warlock+Paladin_vs_Mage+Hunter,Warlock+Paladin,Mage+Hunter,2,team2,kill,34.50
Warlock+Paladin_vs_Mage+Hunter,Warlock+Paladin,Mage+Hunter,3,team2,kill,44.88
Warlock+Paladin_vs_Mage+Hunter,Warlock+Paladin,Mage+Hunter,4,team2,kill,46.68
Warlock+Paladin_vs_Mage+Hunter,Warlock+Paladin,Mage+Hunter,5,team2,kill,32.70
Warlock+Paladin_vs_Mage+Hunter,Warlock+Paladin,Mage+Hunter,6,team2,kill,31.18
Warlock+Paladin_vs_Mage+Hunter,Warlock+Paladin,Mage+Hunter,7,team2,kill,42.15
Warlock+Paladin_vs_Mage+Hunter,Warlock+Paladin,Mage+Hunter,8,team2,kill,35.78
Warlock+Paladin_vs_Mage+Hunter,Warlock+Paladin,Mage+Hunter,9,team2,kill,48.17
Warlock+Paladin_vs_Mage+Shaman,Warlock+Paladin,Mage+Shaman,0,team2,kill,29.00
Warlock+Paladin_vs_Mage+Shaman,Warlock+Paladin,Mage+Shaman,1,team2,kill,30.52
Warlock+Paladin_vs_Mage+Shaman,Warlock+Paladin,Mage+Shaman,2,team2,kill,30.52
Warlock+Paladin_vs_Mage+Shaman,Warlock+Paladin,Mage+Shaman,3,team2,kill,30.52
Warlock+Paladin_vs_Mage+Shaman,Warlock+Paladin,Mage+Shaman,4,team2,kill,29.52
Warlock+Paladin_vs_Mage+Shaman,Warlock+Paladin,Mage+Shaman,5,team2,kill,30.52
Warlock+Paladin_vs_Mage+Shaman,Warlock+Paladin,Mage+Shaman,6,team2,kill,30.52
Warlock+Paladin_vs_Mage+Shaman,Warlock+Paladin,Mage+Shaman,7,team2,kill,29.00
Warlock+Paladin_vs_Mage+Shaman,Warlock+Paladin,Mage+Shaman,8,team2,kill,33.55
Warlock+Paladin_vs_Mage+Shaman,Warlock+Paladin,Mage+Shaman,9,team2,kill,30.52
Warlock+Paladin_vs_Rogue+Hunter,Warlock+Paladin,Rogue+Hunter,0,team1,kill,42.95
Warlock+Paladin_vs_Rogue+Hunter,Warlock+Paladin,Rogue+Hunter,1,team1,kill,29.65
Warlock+Paladin_vs_Rogue+Hunter,Warlock+Paladin,Rogue+Hunter,2,team1,kill,34.58
Warlock+Paladin_vs_Rogue+Hunter,Warlock+Paladin,Rogue+Hunter,3,team1,kill,49.25
Warlock+Paladin_vs_Rogue+Hunter,Warlock+Paladin,Rogue+Hunter,4,team1,kill,41.55
Warlock+Paladin_vs_Rogue+Hunter,Warlock+Paladin,Rogue+Hunter,5,team1,kill,54.20
Warlock+Paladin_vs_Rogue+Hunter,Warlock+Paladin,Rogue+Hunter,6,team1,kill,50.20
Warlock+Paladin_vs_Rogue+Hunter,Warlock+Paladin,Rogue+Hunter,7,team1,kill,47.02
Warlock+Paladin_vs_Rogue+Hunter,Warlock+Paladin,Rogue+Hunter,8,team1,kill,56.77
Warlock+Paladin_vs_Rogue+Hunter,Warlock+Paladin,Rogue+Hunter,9,team1,kill,35.10
Warlock+Paladin_vs_Priest+Hunter,Warlock+Paladin,Priest+Hunter,0,team1,kill,42.62
Warlock+Paladin_vs_Priest+Hunter,Warlock+Paladin,Priest+Hunter,1,team2,kill,81.22
Warlock+Paladin_vs_Priest+Hunter,Warlock+Paladin,Priest+Hunter,2,team2,kill,63.25
Warlock+Paladin_vs_Priest+Hunter,Warlock+Paladin,Priest+Hunter,3,team1,kill,56.35
Warlock+Paladin_vs_Priest+Hunter,Warlock+Paladin,Priest+Hunter,4,team1,kill,36.43
Warlock+Paladin_vs_Priest+Hunter,Warlock+Paladin,Priest+Hunter,5,team1,kill,51.75
Warlock+Paladin_vs_Priest+Hunter,Warlock+Paladin,Priest+Hunter,6,team1,kill,52.32
Warlock+Paladin_vs_Priest+Hunter,Warlock+Paladin,Priest+Hunter,7,team1,kill,77.90
Warlock+Paladin_vs_Priest+Hunter,Warlock+Paladin,Priest+Hunter,8,team1,kill,45.38
Warlock+Paladin_vs_Priest+Hunter,Warlock+Paladin,Priest+Hunter,9,team1,kill,53.90
Warlock+Paladin_vs_Warlock+Hunter,Warlock+Paladin,Warlock+Hunter,0,team1,kill,54.88
Warlock+Paladin_vs_Warlock+Hunter,Warlock+Paladin,Warlock+Hunter,1,team1,kill,63.40
Warlock+Paladin_vs_Warlock+Hunter,Warlock+Paladin,Warlock+Hunter,2,team1,kill,30.65
Warlock+Paladin_vs_Warlock+Hunter,Warlock+Paladin,Warlock+Hunter,3,team1,kill,36.52
Warlock+Paladin_vs_Warlock+Hunter,Warlock+Paladin,Warlock+Hunter,4,team1,kill,82.59
Warlock+Paladin_vs_Warlock+Hunter,Warlock+Paladin,Warlock+Hunter,5,team1,kill,33.65
Warlock+Paladin_vs_Warlock+Hunter,Warlock+Paladin,Warlock+Hunter,6,team1,kill,39.95
Warlock+Paladin_vs_Warlock+Hunter,Warlock+Paladin,Warlock+Hunter,7,team1,kill,45.07
Warlock+Paladin_vs_Warlock+Hunter,Warlock+Paladin,Warlock+Hunter,8,team1,kill,50.58
Warlock+Paladin_vs_Warlock+Hunter,Warlock+Paladin,Warlock+Hunter,9,team1,kill,43.92
Warlock+Paladin_vs_Paladin+Hunter,Warlock+Paladin,Paladin+Hunter,0,team2,kill,106.14
Warlock+Paladin_vs_Paladin+Hunter,Warlock+Paladin,Paladin+Hunter,1,team1,kill,32.72
Warlock+Paladin_vs_Paladin+Hunter,Warlock+Paladin,Paladin+Hunter,2,team1,kill,37.68
Warlock+Paladin_vs_Paladin+Hunter,Warlock+Paladin,Paladin+Hunter,3,team2,kill,112.59
Warlock+Paladin_vs_Paladin+Hunter,Warlock+Paladin,Paladin+Hunter,4,team2,kill,88.47
Warlock+Paladin_vs_Paladin+Hunter,Warlock+Paladin,Paladin+Hunter,5,team2,kill,117.43
Warlock+Paladin_vs_Paladin+Hunter,Warlock+Paladin,Paladin+Hunter,6,team2,kill,104.29
Warlock+Paladin_vs_Paladin+Hunter,Warlock+Paladin,Paladin+Hunter,7,team2,kill,82.39
Warlock+Paladin_vs_Paladin+Hunter,Warlock+Paladin,Paladin+Hunter,8,team2,kill,116.64
Warlock+Paladin_vs_Paladin+Hunter,Warlock+Paladin,Paladin+Hunter,9,team2,kill,101.44
Warlock+Paladin_vs_Hunter+Shaman,Warlock+Paladin,Hunter+Shaman,0,team1,kill,36.98
Warlock+Paladin_vs_Hunter+Shaman,Warlock+Paladin,Hunter+Shaman,1,team1,kill,60.37
Warlock+Paladin_vs_Hunter+Shaman,Warlock+Paladin,Hunter+Shaman,2,team1,kill,39.23
Warlock+Paladin_vs_Hunter+Shaman,Warlock+Paladin,Hunter+Shaman,3,team1,kill,38.53
Warlock+Paladin_vs_Hunter+Shaman,Warlock+Paladin,Hunter+Shaman,4,team1,kill,50.50
Warlock+Paladin_vs_Hunter+Shaman,Warlock+Paladin,Hunter+Shaman,5,team1,kill,40.98
Warlock+Paladin_vs_Hunter+Shaman,Warlock+Paladin,Hunter+Shaman,6,team1,kill,62.27
Warlock+Paladin_vs_Hunter+Shaman,Warlock+Paladin,Hunter+Shaman,7,team1,kill,37.78
Warlock+Paladin_vs_Hunter+Shaman,Warlock+Paladin,Hunter+Shaman,8,team1,kill,46.03
Warlock+Paladin_vs_Hunter+Shaman,Warlock+Paladin,Hunter+Shaman,9,team1,kill,38.28
Warlock+Hunter_vs_Warrior+Mage,Warlock+Hunter,Warrior+Mage,0,team2,kill,28.43
Warlock+Hunter_vs_Warrior+Mage,Warlock+Hunter,Warrior+Mage,1,team2,kill,22.85
Warlock+Hunter_vs_Warrior+Mage,Warlock+Hunter,Warrior+Mage,2,team2,kill,25.23
Warlock+Hunter_vs_Warrior+Mage,Warlock+Hunter,Warrior+Mage,3,team2,kill,27.20
Warlock+Hunter_vs_Warrior+Mage,Warlock+Hunter,Warrior+Mage,4,team2,kill,28.53
Warlock+Hunter_vs_Warrior+Mage,Warlock+Hunter,Warrior+Mage,5,team2,kill,27.12
Warlock+Hunter_vs_Warrior+Mage,Warlock+Hunter,Warrior+Mage,6,team2,kill,28.72
Warlock+Hunter_vs_Warrior+Mage,Warlock+Hunter,Warrior+Mage,7,team2,kill,23.90
Warlock+Hunter_vs_Warrior+Mage,Warlock+Hunter,Warrior+Mage,8,team2,kill,25.55
Warlock+Hunter_vs_Warrior+Mage,Warlock+Hunter,Warrior+Mage,9,team2,kill,29.30
Warlock+Hunter_vs_Warrior+Rogue,Warlock+Hunter,Warrior+Rogue,0,team1,kill,20.63
Warlock+Hunter_vs_Warrior+Rogue,Warlock+Hunter,Warrior+Rogue,1,team1,kill,20.88
Warlock+Hunter_vs_Warrior+Rogue,Warlock+Hunter,Warrior+Rogue,2,team1,kill,20.53
Warlock+Hunter_vs_Warrior+Rogue,Warlock+Hunter,Warrior+Rogue,3,team1,kill,20.72
Warlock+Hunter_vs_Warrior+Rogue,Warlock+Hunter,Warrior+Rogue,4,team1,kill,21.62
Warlock+Hunter_vs_Warrior+Rogue,Warlock+Hunter,Warrior+Rogue,5,team1,kill,20.67
Warlock+Hunter_vs_Warrior+Rogue,Warlock+Hunter,Warrior+Rogue,6,team1,kill,21.28
Warlock+Hunter_vs_Warrior+Rogue,Warlock+Hunter,Warrior+Rogue,7,team1,kill,20.53
Warlock+Hunter_vs_Warrior+Rogue,Warlock+Hunter,Warrior+Rogue,8,team1,kill,20.73
Warlock+Hunter_vs_Warrior+Rogue,Warlock+Hunter,Warrior+Rogue,9,team1,kill,22.05
Warlock+Hunter_vs_Warrior+Priest,Warlock+Hunter,Warrior+Priest,0,team1,kill,60.58
Warlock+Hunter_vs_Warrior+Priest,Warlock+Hunter,Warrior+Priest,1,team1,kill,36.10
Warlock+Hunter_vs_Warrior+Priest,Warlock+Hunter,Warrior+Priest,2,team2,kill,44.90
Warlock+Hunter_vs_Warrior+Priest,Warlock+Hunter,Warrior+Priest,3,team1,kill,45.67
Warlock+Hunter_vs_Warrior+Priest,Warlock+Hunter,Warrior+Priest,4,team1,kill,36.67
Warlock+Hunter_vs_Warrior+Priest,Warlock+Hunter,Warrior+Priest,5,team1,kill,52.35
Warlock+Hunter_vs_Warrior+Priest,Warlock+Hunter,Warrior+Priest,6,team1,kill,53.97
Warlock+Hunter_vs_Warrior+Priest,Warlock+Hunter,Warrior+Priest,7,team2,kill,46.43
Warlock+Hunter_vs_Warrior+Priest,Warlock+Hunter,Warrior+Priest,8,team2,kill,45.53
Warlock+Hunter_vs_Warrior+Priest,Warlock+Hunter,Warrior+Priest,9,team1,kill,52.30
Warlock+Hunter_vs_Warrior+Warlock,Warlock+Hunter,Warrior+Warlock,0,team2,kill,26.27
Warlock+Hunter_vs_Warrior+Warlock,Warlock+Hunter,Warrior+Warlock,1,team1,kill,31.30
Warlock+Hunter_vs_Warrior+Warlock,Warlock+Hunter,Warrior+Warlock,2,team1,kill,27.82
Warlock+Hunter_vs_Warrior+Warlock,Warlock+Hunter,Warrior+Warlock,3,team1,kill,31.37
Warlock+Hunter_vs_Warrior+Warlock,Warlock+Hunter,Warrior+Warlock,4,team1,kill,25.10
Warlock+Hunter_vs_Warrior+Warlock,Warlock+Hunter,Warrior+Warlock,5,team1,kill,32.25
Warlock+Hunter_vs_Warrior+Warlock,Warlock+Hunter,Warrior+Warlock,6,team1,kill,27.82
Warlock+Hunter_vs_Warrior+Warlock,Warlock+Hunter,Warrior+Warlock,7,team2,kill,26.25
Warlock+Hunter_vs_Warrior+Warlock,Warlock+Hunter,Warrior+Warlock,8,team1,kill,31.35
Warlock+Hunter_vs_Warrior+Warlock,Warlock+Hunter,Warrior+Warlock,9,team1,kill,32.05
Warlock+Hunter_vs_Warrior+Paladin,Warlock+Hunter,Warrior+Paladin,0,team2,kill,103.47
Warlock+Hunter_vs_Warrior+Paladin,Warlock+Hunter,Warrior+Paladin,1,team2,kill,76.85
Warlock+Hunter_vs_Warrior+Paladin,Warlock+Hunter,Warrior+Paladin,2,team2,kill,86.85
Warlock+Hunter_vs_Warrior+Paladin,Warlock+Hunter,Warrior+Paladin,3,team2,kill,43.45
Warlock+Hunter_vs_Warrior+Paladin,Warlock+Hunter,Warrior+Paladin,4,team2,kill,38.58
Warlock+Hunter_vs_Warrior+Paladin,Warlock+Hunter,Warrior+Paladin,5,team1,kill,52.35
Warlock+Hunter_vs_Warrior+Paladin,Warlock+Hunter,Warrior+Paladin,6,team1,kill,51.57
Warlock+Hunter_vs_Warrior+Paladin,Warlock+Hunter,Warrior+Paladin,7,team1,kill,40.95
Warlock+Hunter_vs_Warrior+Paladin,Warlock+Hunter,Warrior+Paladin,8,team1,kill,40.33
Warlock+Hunter_vs_Warrior+Paladin,Warlock+Hunter,Warrior+Paladin,9,team2,kill,69.73
Warlock+Hunter_vs_Warrior+Hunter,Warlock+Hunter,Warrior+Hunter,0,team1,kill,25.07
Warlock+Hunter_vs_Warrior+Hunter,Warlock+Hunter,Warrior+Hunter,1,team1,kill,23.30
Warlock+Hunter_vs_Warrior+Hunter,Warlock+Hunter,Warrior+Hunter,2,team1,kill,24.75
Warlock+Hunter_vs_Warrior+Hunter,Warlock+Hunter,Warrior+Hunter,3,team1,kill,25.28
Warlock+Hunter_vs_Warrior+Hunter,Warlock+Hunter,Warrior+Hunter,4,team1,kill,25.98
Warlock+Hunter_vs_Warrior+Hunter,Warlock+Hunter,Warrior+Hunter,5,team1,kill,22.18
Warlock+Hunter_vs_Warrior+Hunter,Warlock+Hunter,Warrior+Hunter,6,team1,kill,24.78
Warlock+Hunter_vs_Warrior+Hunter,Warlock+Hunter,Warrior+Hunter,7,team2,kill,21.80
Warlock+Hunter_vs_Warrior+Hunter,Warlock+Hunter,Warrior+Hunter,8,team1,kill,25.07
Warlock+Hunter_vs_Warrior+Hunter,Warlock+Hunter,Warrior+Hunter,9,team1,kill,24.08
Warlock+Hunter_vs_Warrior+Shaman,Warlock+Hunter,Warrior+Shaman,0,team1,kill,36.80
Warlock+Hunter_vs_Warrior+Shaman,Warlock+Hunter,Warrior+Shaman,1,team1,kill,25.77
Warlock+Hunter_vs_Warrior+Shaman,Warlock+Hunter,Warrior+Shaman,2,team1,kill,26.37
Warlock+Hunter_vs_Warrior+Shaman,Warlock+Hunter,Warrior+Shaman,3,team1,kill,28.72
Warlock+Hunter_vs_Warrior+Shaman,Warlock+Hunter,Warrior+Shaman,4,team1,kill,34.93
Warlock+Hunter_vs_Warrior+Shaman,Warlock+Hunter,Warrior+Shaman,5,team1,kill,31.15
Warlock+Hunter_vs_Warrior+Shaman,Warlock+Hunter,Warrior+Shaman,6,team1,kill,28.27
Warlock+Hunter_vs_Warrior+Shaman,Warlock+Hunter,Warrior+Shaman,7,team1,kill,34.87
Warlock+Hunter_vs_Warrior+Shaman,Warlock+Hunter,Warrior+Shaman,8,team1,kill,30.43
Warlock+Hunter_vs_Warrior+Shaman,Warlock+Hunter,Warrior+Shaman,9,team1,kill,39.12
Warlock+Hunter_vs_Mage+Rogue,Warlock+Hunter,Mage+Rogue,0,team1,kill,25.98
Warlock+Hunter_vs_Mage+Rogue,Warlock+Hunter,Mage+Rogue,1,team1,kill,36.53
Warlock+Hunter_vs_Mage+Rogue,Warlock+Hunter,Mage+Rogue,2,team1,kill,35.90
Warlock+Hunter_vs_Mage+Rogue,Warlock+Hunter,Mage+Rogue,3,team1,kill,37.02
Warlock+Hunter_vs_Mage+Rogue,Warlock+Hunter,Mage+Rogue,4,team1,kill,36.52
Warlock+Hunter_vs_Mage+Rogue,Warlock+Hunter,Mage+Rogue,5,team1,kill,37.02
Warlock+Hunter_vs_Mage+Rogue,Warlock+Hunter,Mage+Rogue,6,team1,kill,36.08
Warlock+Hunter_vs_Mage+Rogue,Warlock+Hunter,Mage+Rogue,7,team1,kill,36.52
Warlock+Hunter_vs_Mage+Rogue,Warlock+Hunter,Mage+Rogue,8,team1,kill,36.52
Warlock+Hunter_vs_Mage+Rogue,Warlock+Hunter,Mage+Rogue,9,team1,kill,36.53
Warlock+Hunter_vs_Mage+Priest,Warlock+Hunter,Mage+Priest,0,team2,kill,24.57
Warlock+Hunter_vs_Mage+Priest,Warlock+Hunter,Mage+Priest,1,team2,kill,23.05
Warlock+Hunter_vs_Mage+Priest,Warlock+Hunter,Mage+Priest,2,team2,kill,24.57
Warlock+Hunter_vs_Mage+Priest,Warlock+Hunter,Mage+Priest,3,team2,kill,24.57
Warlock+Hunter_vs_Mage+Priest,Warlock+Hunter,Mage+Priest,4,team2,kill,24.57
Warlock+Hunter_vs_Mage+Priest,Warlock+Hunter,Mage+Priest,5,team2,kill,25.93
Warlock+Hunter_vs_Mage+Priest,Warlock+Hunter,Mage+Priest,6,team2,kill,24.57
Warlock+Hunter_vs_Mage+Priest,Warlock+Hunter,Mage+Priest,7,team2,kill,26.03
Warlock+Hunter_vs_Mage+Priest,Warlock+Hunter,Mage+Priest,8,team2,kill,24.77
Warlock+Hunter_vs_Mage+Priest,Warlock+Hunter,Mage+Priest,9,team2,kill,24.58
Warlock+Hunter_vs_Mage+Warlock,Warlock+Hunter,Mage+Warlock,0,team2,kill,24.45
Warlock+Hunter_vs_Mage+Warlock,Warlock+Hunter,Mage+Warlock,1,team2,kill,24.52
Warlock+Hunter_vs_Mage+Warlock,Warlock+Hunter,Mage+Warlock,2,team2,kill,24.45
Warlock+Hunter_vs_Mage+Warlock,Warlock+Hunter,Mage+Warlock,3,team2,kill,24.45
Warlock+Hunter_vs_Mage+Warlock,Warlock+Hunter,Mage+Warlock,4,team2,kill,24.45
Warlock+Hunter_vs_Mage+Warlock,Warlock+Hunter,Mage+Warlock,5,team2,kill,24.45
Warlock+Hunter_vs_Mage+Warlock,Warlock+Hunter,Mage+Warlock,6,team2,kill,25.00
Warlock+Hunter_vs_Mage+Warlock,Warlock+Hunter,Mage+Warlock,7,team2,kill,24.45
Warlock+Hunter_vs_Mage+Warlock,Warlock+Hunter,Mage+Warlock,8,team2,kill,18.77
Warlock+Hunter_vs_Mage+Warlock,Warlock+Hunter,Mage+Warlock,9,team2,kill,21.50
Warlock+Hunter_vs_Mage+Paladin,Warlock+Hunter,Mage+Paladin,0,team2,kill,28.98
Warlock+Hunter_vs_Mage+Paladin,Warlock+Hunter,Mage+Paladin,1,team2,kill,24.57
Warlock+Hunter_vs_Mage+Paladin,Warlock+Hunter,Mage+Paladin,2,team2,kill,27.22
Warlock+Hunter_vs_Mage+Paladin,Warlock+Hunter,Mage+Paladin,3,team2,kill,28.73
Warlock+Hunter_vs_Mage+Paladin,Warlock+Hunter,Mage+Paladin,4,team2,kill,26.08
Warlock+Hunter_vs_Mage+Paladin,Warlock+Hunter,Mage+Paladin,5,team2,kill,26.12
Warlock+Hunter_vs_Mage+Paladin,Warlock+Hunter,Mage+Paladin,6,team2,kill,28.30
Warlock+Hunter_vs_Mage+Paladin,Warlock+Hunter,Mage+Paladin,7,team2,kill,30.12
Warlock+Hunter_vs_Mage+Paladin,Warlock+Hunter,Mage+Paladin,8,team2,kill,24.57
Warlock+Hunter_vs_Mage+Paladin,Warlock+Hunter,Mage+Paladin,9,team2,kill,30.15
Warlock+Hunter_vs_Mage+Hunter,Warlock+Hunter,Mage+Hunter,0,team2,kill,21.23
Warlock+Hunter_vs_Mage+Hunter,Warlock+Hunter,Mage+Hunter,1,team2,kill,23.33
Warlock+Hunter_vs_Mage+Hunter,Warlock+Hunter,Mage+Hunter,2,team2,kill,24.60
Warlock+Hunter_vs_Mage+Hunter,Warlock+Hunter,Mage+Hunter,3,team2,kill,28.17
Warlock+Hunter_vs_Mage+Hunter,Warlock+Hunter,Mage+Hunter,4,team2,kill,24.17
Warlock+Hunter_vs_Mage+Hunter,Warlock+Hunter,Mage+Hunter,5,team2,kill,25.02
Warlock+Hunter_vs_Mage+Hunter,Warlock+Hunter,Mage+Hunter,6,team2,kill,21.65
Warlock+Hunter_vs_Mage+Hunter,Warlock+Hunter,Mage+Hunter,7,team2,kill,21.27
Warlock+Hunter_vs_Mage+Hunter,Warlock+Hunter,Mage+Hunter,8,team2,kill,18.70
Warlock+Hunter_vs_Mage+Hunter,Warlock+Hunter,Mage+Hunter,9,team2,kill,23.33
Warlock+Hunter_vs_Mage+Shaman,Warlock+Hunter,Mage+Shaman,0,team2,kill,23.12
Warlock+Hunter_vs_Mage+Shaman,Warlock+Hunter,Mage+Shaman,1,team2,kill,24.57
Warlock+Hunter_vs_Mage+Shaman,Warlock+Hunter,Mage+Shaman,2,team2,kill,24.57
Warlock+Hunter_vs_Mage+Shaman,Warlock+Hunter,Mage+Shaman,3,team2,kill,24.57
Warlock+Hunter_vs_Mage+Shaman,Warlock+Hunter,Mage+Shaman,4,team2,kill,24.55
Warlock+Hunter_vs_Mage+Shaman,Warlock+Hunter,Mage+Shaman,5,team2,kill,24.57
Warlock+Hunter_vs_Mage+Shaman,Warlock+Hunter,Mage+Shaman,6,team2,kill,24.57
Warlock+Hunter_vs_Mage+Shaman,Warlock+Hunter,Mage+Shaman,7,team2,kill,24.57
Warlock+Hunter_vs_Mage+Shaman,Warlock+Hunter,Mage+Shaman,8,team2,kill,24.57
Warlock+Hunter_vs_Mage+Shaman,Warlock+Hunter,Mage+Shaman,9,team2,kill,24.58
Warlock+Hunter_vs_Rogue+Priest,Warlock+Hunter,Rogue+Priest,0,team1,kill,22.87
Warlock+Hunter_vs_Rogue+Priest,Warlock+Hunter,Rogue+Priest,1,team1,kill,23.97
Warlock+Hunter_vs_Rogue+Priest,Warlock+Hunter,Rogue+Priest,2,team1,kill,21.72
Warlock+Hunter_vs_Rogue+Priest,Warlock+Hunter,Rogue+Priest,3,team1,kill,40.90
Warlock+Hunter_vs_Rogue+Priest,Warlock+Hunter,Rogue+Priest,4,team1,kill,22.03
Warlock+Hunter_vs_Rogue+Priest,Warlock+Hunter,Rogue+Priest,5,team1,kill,36.08
Warlock+Hunter_vs_Rogue+Priest,Warlock+Hunter,Rogue+Priest,6,team1,kill,22.87
Warlock+Hunter_vs_Rogue+Priest,Warlock+Hunter,Rogue+Priest,7,team1,kill,35.03
Warlock+Hunter_vs_Rogue+Priest,Warlock+Hunter,Rogue+Priest,8,team1,kill,35.73
Warlock+Hunter_vs_Rogue+Priest,Warlock+Hunter,Rogue+Priest,9,team1,kill,25.63
Warlock+Hunter_vs_Rogue+Warlock,Warlock+Hunter,Rogue+Warlock,0,team1,kill,29.93
Warlock+Hunter_vs_Rogue+Warlock,Warlock+Hunter,Rogue+Warlock,1,team1,kill,25.07
Warlock+Hunter_vs_Rogue+Warlock,Warlock+Hunter,Rogue+Warlock,2,team1,kill,26.00
Warlock+Hunter_vs_Rogue+Warlock,Warlock+Hunter,Rogue+Warlock,3,team1,kill,27.57
Warlock+Hunter_vs_Rogue+Warlock,Warlock+Hunter,Rogue+Warlock,4,team1,kill,23.78
Warlock+Hunter_vs_Rogue+Warlock,Warlock+Hunter,Rogue+Warlock,5,team1,kill,27.78
Warlock+Hunter_vs_Rogue+Warlock,Warlock+Hunter,Rogue+Warlock,6,team1,kill,29.12
Warlock+Hunter_vs_Rogue+Warlock,Warlock+Hunter,Rogue+Warlock,7,team1,kill,24.55
Warlock+Hunter_vs_Rogue+Warlock,Warlock+Hunter,Rogue+Warlock,8,team1,kill,29.93
Warlock+Hunter_vs_Rogue+Warlock,Warlock+Hunter,Rogue+Warlock,9,team1,kill,28.42
Warlock+Hunter_vs_Rogue+Paladin,Warlock+Hunter,Rogue+Paladin,0,team1,kill,33.55
Warlock+Hunter_vs_Rogue+Paladin,Warlock+Hunter,Rogue+Paladin,1,team1,kill,42.20
Warlock+Hunter_vs_Rogue+Paladin,Warlock+Hunter,Rogue+Paladin,2,team2,kill,76.25
Warlock+Hunter_vs_Rogue+Paladin,Warlock+Hunter,Rogue+Paladin,3,team1,kill,35.90
Warlock+Hunter_vs_Rogue+Paladin,Warlock+Hunter,Rogue+Paladin,4,team1,kill,58.48
Warlock+Hunter_vs_Rogue+Paladin,Warlock+Hunter,Rogue+Paladin,5,team1,kill,42.13
Warlock+Hunter_vs_Rogue+Paladin,Warlock+Hunter,Rogue+Paladin,6,team1,kill,36.73
Warlock+Hunter_vs_Rogue+Paladin,Warlock+Hunter,Rogue+Paladin,7,team1,kill,45.92
Warlock+Hunter_vs_Rogue+Paladin,Warlock+Hunter,Rogue+Paladin,8,team1,kill,51.05
Warlock+Hunter_vs_Rogue+Paladin,Warlock+Hunter,Rogue+Paladin,9,team1,kill,51.05
Warlock+Hunter_vs_Rogue+Hunter,Warlock+Hunter,Rogue+Hunter,0,team1,kill,25.77
Warlock+Hunter_vs_Rogue+Hunter,Warlock+Hunter,Rogue+Hunter,1,team1,kill,29.70
Warlock+Hunter_vs_Rogue+Hunter,Warlock+Hunter,Rogue+Hunter,2,team1,kill,21.68
Warlock+Hunter_vs_Rogue+Hunter,Warlock+Hunter,Rogue+Hunter,3,team1,kill,29.70
Warlock+Hunter_vs_Rogue+Hunter,Warlock+Hunter,Rogue+Hunter,4,team1,kill,25.22
Warlock+Hunter_vs_Rogue+Hunter,Warlock+Hunter,Rogue+Hunter,5,team1,kill,24.28
Warlock+Hunter_vs_Rogue+Hunter,Warlock+Hunter,Rogue+Hunter,6,team1,kill,29.70
Warlock+Hunter_vs_Rogue+Hunter,Warlock+Hunter,Rogue+Hunter,7,team1,kill,30.13
Warlock+Hunter_vs_Rogue+Hunter,Warlock+Hunter,Rogue+Hunter,8,team1,kill,30.13
Warlock+Hunter_vs_Rogue+Hunter,Warlock+Hunter,Rogue+Hunter,9,team1,kill,30.13
Warlock+Hunter_vs_Rogue+Shaman,Warlock+Hunter,Rogue+Shaman,0,team1,kill,28.18
Warlock+Hunter_vs_Rogue+Shaman,Warlock+Hunter,Rogue+Shaman,1,team1,kill,30.13
Warlock+Hunter_vs_Rogue+Shaman,Warlock+Hunter,Rogue+Shaman,2,team1,kill,43.02
Warlock+Hunter_vs_Rogue+Shaman,Warlock+Hunter,Rogue+Shaman,3,team1,kill,34.42
Warlock+Hunter_vs_Rogue+Shaman,Warlock+Hunter,Rogue+Shaman,4,team1,kill,27.72
Warlock+Hunter_vs_Rogue+Shaman,Warlock+Hunter,Rogue+Shaman,5,team1,kill,34.93
Warlock+Hunter_vs_Rogue+Shaman,Warlock+Hunter,Rogue+Shaman,6,team1,kill,27.72
Warlock+Hunter_vs_Rogue+Shaman,Warlock+Hunter,Rogue+Shaman,7,team1,kill,38.85
Warlock+Hunter_vs_Rogue+Shaman,Warlock+Hunter,Rogue+Shaman,8,team1,kill,28.18
Warlock+Hunter_vs_Rogue+Shaman,Warlock+Hunter,Rogue+Shaman,9,team1,kill,28.50
Warlock+Hunter_vs_Priest+Warlock,Warlock+Hunter,Priest+Warlock,0,team2,kill,32.42
Warlock+Hunter_vs_Priest+Warlock,Warlock+Hunter,Priest+Warlock,1,team2,kill,32.42
Warlock+Hunter_vs_Priest+Warlock,Warlock+Hunter,Priest+Warlock,2,team2,kill,45.83
Warlock+Hunter_vs_Priest+Warlock,Warlock+Hunter,Priest+Warlock,3,team2,kill,37.73
Warlock+Hunter_vs_Priest+Warlock,Warlock+Hunter,Priest+Warlock,4,team2,kill,40.38
Warlock+Hunter_vs_Priest+Warlock,Warlock+Hunter,Priest+Warlock,5,team2,kill,31.87
Warlock+Hunter_vs_Priest+Warlock,Warlock+Hunter,Priest+Warlock,6,team2,kill,36.57
Warlock+Hunter_vs_Priest+Warlock,Warlock+Hunter,Priest+Warlock,7,team2,kill,35.75
Warlock+Hunter_vs_Priest+Warlock,Warlock+Hunter,Priest+Warlock,8,team2,kill,40.98
Warlock+Hunter_vs_Priest+Warlock,Warlock+Hunter,Priest+Warlock,9,team2,kill,31.80
Warlock+Hunter_vs_Priest+Hunter,Warlock+Hunter,Priest+Hunter,0,team2,kill,28.20
Warlock+Hunter_vs_Priest+Hunter,Warlock+Hunter,Priest+Hunter,1,team2,kill,36.17
Warlock+Hunter_vs_Priest+Hunter,Warlock+Hunter,Priest+Hunter,2,team2,kill,29.87
Warlock+Hunter_vs_Priest+Hunter,Warlock+Hunter,Priest+Hunter,3,team2,kill,27.88
Warlock+Hunter_vs_Priest+Hunter,Warlock+Hunter,Priest+Hunter,4,team2,kill,28.55
Warlock+Hunter_vs_Priest+Hunter,Warlock+Hunter,Priest+Hunter,5,team2,kill,29.65
Warlock+Hunter_vs_Priest+Hunter,Warlock+Hunter,Priest+Hunter,6,team2,kill,26.68
Warlock+Hunter_vs_Priest+Hunter,Warlock+Hunter,Priest+Hunter,7,team2,kill,26.98
Warlock+Hunter_vs_Priest+Hunter,Warlock+Hunter,Priest+Hunter,8,team2,kill,41.27
Warlock+Hunter_vs_Priest+Hunter,Warlock+Hunter,Priest+Hunter,9,team2,kill,31.45
Warlock+Hunter_vs_Warlock+Paladin,Warlock+Hunter,Warlock+Paladin,0,team2,kill,34.60
Warlock+Hunter_vs_Warlock+Paladin,Warlock+Hunter,Warlock+Paladin,1,team2,kill,43.02
Warlock+Hunter_vs_Warlock+Paladin,Warlock+Hunter,Warlock+Paladin,2,team2,kill,33.67
Warlock+Hunter_vs_Warlock+Paladin,Warlock+Hunter,Warlock+Paladin,3,team2,kill,38.80
Warlock+Hunter_vs_Warlock+Paladin,Warlock+Hunter,Warlock+Paladin,4,team2,kill,44.33
Warlock+Hunter_vs_Warlock+Paladin,Warlock+Hunter,Warlock+Paladin,5,team2,kill,70.47
Warlock+Hunter_vs_Warlock+Paladin,Warlock+Hunter,Warlock+Paladin,6,team2,kill,52.17
Warlock+Hunter_vs_Warlock+Paladin,Warlock+Hunter,Warlock+Paladin,7,team2,kill,63.10
Warlock+Hunter_vs_Warlock+Paladin,Warlock+Hunter,Warlock+Paladin,8,team2,kill,56.02
Warlock+Hunter_vs_Warlock+Paladin,Warlock+Hunter,Warlock+Paladin,9,team2,kill,44.07
Warlock+Hunter_vs_Warlock+Hunter,Warlock+Hunter,Warlock+Hunter,0,draw,kill,21.67
Warlock+Hunter_vs_Warlock+Hunter,Warlock+Hunter,Warlock+Hunter,1,draw,kill,22.28
Warlock+Hunter_vs_Warlock+Hunter,Warlock+Hunter,Warlock+Hunter,2,draw,kill,21.67
Warlock+Hunter_vs_Warlock+Hunter,Warlock+Hunter,Warlock+Hunter,3,team2,kill,21.67
Warlock+Hunter_vs_Warlock+Hunter,Warlock+Hunter,Warlock+Hunter,4,draw,kill,21.67
Warlock+Hunter_vs_Warlock+Hunter,Warlock+Hunter,Warlock+Hunter,5,draw,kill,21.67
Warlock+Hunter_vs_Warlock+Hunter,Warlock+Hunter,Warlock+Hunter,6,draw,kill,21.67
Warlock+Hunter_vs_Warlock+Hunter,Warlock+Hunter,Warlock+Hunter,7,draw,kill,21.67
Warlock+Hunter_vs_Warlock+Hunter,Warlock+Hunter,Warlock+Hunter,8,team2,kill,21.67
Warlock+Hunter_vs_Warlock+Hunter,Warlock+Hunter,Warlock+Hunter,9,team2,kill,21.67
Warlock+Hunter_vs_Warlock+Shaman,Warlock+Hunter,Warlock+Shaman,0,team2,kill,27.33
Warlock+Hunter_vs_Warlock+Shaman,Warlock+Hunter,Warlock+Shaman,1,team2,kill,27.33
Warlock+Hunter_vs_Warlock+Shaman,Warlock+Hunter,Warlock+Shaman,2,team2,kill,27.37
Warlock+Hunter_vs_Warlock+Shaman,Warlock+Hunter,Warlock+Shaman,3,team2,kill,32.87
Warlock+Hunter_vs_Warlock+Shaman,Warlock+Hunter,Warlock+Shaman,4,team2,kill,22.78
Warlock+Hunter_vs_Warlock+Shaman,Warlock+Hunter,Warlock+Shaman,5,team2,kill,35.90
Warlock+Hunter_vs_Warlock+Shaman,Warlock+Hunter,Warlock+Shaman,6,team2,kill,32.38
Warlock+Hunter_vs_Warlock+Shaman,Warlock+Hunter,Warlock+Shaman,7,team2,kill,24.70
Warlock+Hunter_vs_Warlock+Shaman,Warlock+Hunter,Warlock+Shaman,8,team2,kill,27.82
Warlock+Hunter_vs_Warlock+Shaman,Warlock+Hunter,Warlock+Shaman,9,team2,kill,32.87
Warlock+Hunter_vs_Paladin+Hunter,Warlock+Hunter,Paladin+Hunter,0,team2,kill,41.75
Warlock+Hunter_vs_Paladin+Hunter,Warlock+Hunter,Paladin+Hunter,1,team2,kill,49.10
Warlock+Hunter_vs_Paladin+Hunter,Warlock+Hunter,Paladin+Hunter,2,team2,kill,36.08
Warlock+Hunter_vs_Paladin+Hunter,Warlock+Hunter,Paladin+Hunter,3,team2,kill,36.63
Warlock+Hunter_vs_Paladin+Hunter,Warlock+Hunter,Paladin+Hunter,4,team2,kill,29.50
Warlock+Hunter_vs_Paladin+Hunter,Warlock+Hunter,Paladin+Hunter,5,team2,kill,33.48
Warlock+Hunter_vs_Paladin+Hunter,Warlock+Hunter,Paladin+Hunter,6,team2,kill,53.80
Warlock+Hunter_vs_Paladin+Hunter,Warlock+Hunter,Paladin+Hunter,7,team2,kill,27.10
Warlock+Hunter_vs_Paladin+Hunter,Warlock+Hunter,Paladin+Hunter,8,team2,kill,48.42
Warlock+Hunter_vs_Paladin+Hunter,Warlock+Hunter,Paladin+Hunter,9,team2,kill,39.98
Warlock+Hunter_vs_Hunter+Shaman,Warlock+Hunter,Hunter+Shaman,0,team2,kill,18.32
Warlock+Hunter_vs_Hunter+Shaman,Warlock+Hunter,Hunter+Shaman,1,team2,kill,18.32
Warlock+Hunter_vs_Hunter+Shaman,Warlock+Hunter,Hunter+Shaman,2,team2,kill,18.82
Warlock+Hunter_vs_Hunter+Shaman,Warlock+Hunter,Hunter+Shaman,3,team2,kill,18.32
Warlock+Hunter_vs_Hunter+Shaman,Warlock+Hunter,Hunter+Shaman,4,team2,kill,18.30
Warlock+Hunter_vs_Hunter+Shaman,Warlock+Hunter,Hunter+Shaman,5,team2,kill,18.30
Warlock+Hunter_vs_Hunter+Shaman,Warlock+Hunter,Hunter+Shaman,6,team2,kill,18.82
Warlock+Hunter_vs_Hunter+Shaman,Warlock+Hunter,Hunter+Shaman,7,team2,kill,18.32
Warlock+Hunter_vs_Hunter+Shaman,Warlock+Hunter,Hunter+Shaman,8,team2,kill,18.30
Warlock+Hunter_vs_Hunter+Shaman,Warlock+Hunter,Hunter+Shaman,9,team2,kill,18.30
Warlock+Shaman_vs_Warrior+Hunter,Warlock+Shaman,Warrior+Hunter,0,team1,kill,24.15
Warlock+Shaman_vs_Warrior+Hunter,Warlock+Shaman,Warrior+Hunter,1,team1,kill,21.18
Warlock+Shaman_vs_Warrior+Hunter,Warlock+Shaman,Warrior+Hunter,2,team1,kill,22.68
Warlock+Shaman_vs_Warrior+Hunter,Warlock+Shaman,Warrior+Hunter,3,team1,kill,21.92
Warlock+Shaman_vs_Warrior+Hunter,Warlock+Shaman,Warrior+Hunter,4,team1,kill,21.92
Warlock+Shaman_vs_Warrior+Hunter,Warlock+Shaman,Warrior+Hunter,5,team1,kill,22.68
Warlock+Shaman_vs_Warrior+Hunter,Warlock+Shaman,Warrior+Hunter,6,team2,kill,58.45
Warlock+Shaman_vs_Warrior+Hunter,Warlock+Shaman,Warrior+Hunter,7,team2,kill,65.62
Warlock+Shaman_vs_Warrior+Hunter,Warlock+Shaman,Warrior+Hunter,8,team1,kill,22.72
Warlock+Shaman_vs_Warrior+Hunter,Warlock+Shaman,Warrior+Hunter,9,team1,kill,23.60
Warlock+Shaman_vs_Mage+Hunter,Warlock+Shaman,Mage+Hunter,0,team2,kill,26.67
Warlock+Shaman_vs_Mage+Hunter,Warlock+Shaman,Mage+Hunter,1,team2,kill,28.02
Warlock+Shaman_vs_Mage+Hunter,Warlock+Shaman,Mage+Hunter,2,team2,kill,25.33
Warlock+Shaman_vs_Mage+Hunter,Warlock+Shaman,Mage+Hunter,3,team2,kill,26.22
Warlock+Shaman_vs_Mage+Hunter,Warlock+Shaman,Mage+Hunter,4,team2,kill,25.38
Warlock+Shaman_vs_Mage+Hunter,Warlock+Shaman,Mage+Hunter,5,team2,kill,26.48
Warlock+Shaman_vs_Mage+Hunter,Warlock+Shaman,Mage+Hunter,6,team2,kill,25.35
Warlock+Shaman_vs_Mage+Hunter,Warlock+Shaman,Mage+Hunter,7,team2,kill,26.47
Warlock+Shaman_vs_Mage+Hunter,Warlock+Shaman,Mage+Hunter,8,team2,kill,29.62
Warlock+Shaman_vs_Mage+Hunter,Warlock+Shaman,Mage+Hunter,9,team2,kill,27.72
Warlock+Shaman_vs_Rogue+Hunter,Warlock+Shaman,Rogue+Hunter,0,team1,kill,25.17
Warlock+Shaman_vs_Rogue+Hunter,Warlock+Shaman,Rogue+Hunter,1,team1,kill,15.53
Warlock+Shaman_vs_Rogue+Hunter,Warlock+Shaman,Rogue+Hunter,2,team1,kill,26.68
Warlock+Shaman_vs_Rogue+Hunter,Warlock+Shaman,Rogue+Hunter,3,team1,kill,21.12
Warlock+Shaman_vs_Rogue+Hunter,Warlock+Shaman,Rogue+Hunter,4,team1,kill,25.17
Warlock+Shaman_vs_Rogue+Hunter,Warlock+Shaman,Rogue+Hunter,5,team1,kill,23.90
Warlock+Shaman_vs_Rogue+Hunter,Warlock+Shaman,Rogue+Hunter,6,team1,kill,21.40
Warlock+Shaman_vs_Rogue+Hunter,Warlock+Shaman,Rogue+Hunter,7,team1,kill,22.40
Warlock+Shaman_vs_Rogue+Hunter,Warlock+Shaman,Rogue+Hunter,8,team1,kill,25.17
Warlock+Shaman_vs_Rogue+Hunter,Warlock+Shaman,Rogue+Hunter,9,team1,kill,19.10
Warlock+Shaman_vs_Priest+Hunter,Warlock+Shaman,Priest+Hunter,0,team1,kill,34.07
Warlock+Shaman_vs_Priest+Hunter,Warlock+Shaman,Priest+Hunter,1,team2,kill,71.27
Warlock+Shaman_vs_Priest+Hunter,Warlock+Shaman,Priest+Hunter,2,team1,kill,38.25
Warlock+Shaman_vs_Priest+Hunter,Warlock+Shaman,Priest+Hunter,3,team1,kill,32.55
Warlock+Shaman_vs_Priest+Hunter,Warlock+Shaman,Priest+Hunter,4,team2,kill,61.55
Warlock+Shaman_vs_Priest+Hunter,Warlock+Shaman,Priest+Hunter,5,team2,kill,37.08
Warlock+Shaman_vs_Priest+Hunter,Warlock+Shaman,Priest+Hunter,6,team2,kill,42.88
Warlock+Shaman_vs_Priest+Hunter,Warlock+Shaman,Priest+Hunter,7,team2,kill,59.57
Warlock+Shaman_vs_Priest+Hunter,Warlock+Shaman,Priest+Hunter,8,team1,kill,30.67
Warlock+Shaman_vs_Priest+Hunter,Warlock+Shaman,Priest+Hunter,9,team2,kill,64.93
Warlock+Shaman_vs_Warlock+Hunter,Warlock+Shaman,Warlock+Hunter,0,team1,kill,34.40
Warlock+Shaman_vs_Warlock+Hunter,Warlock+Shaman,Warlock+Hunter,1,team2,kill,69.65
Warlock+Shaman_vs_Warlock+Hunter,Warlock+Shaman,Warlock+Hunter,2,team1,kill,32.38
Warlock+Shaman_vs_Warlock+Hunter,Warlock+Shaman,Warlock+Hunter,3,team1,kill,24.80
Warlock+Shaman_vs_Warlock+Hunter,Warlock+Shaman,Warlock+Hunter,4,team1,kill,34.70
Warlock+Shaman_vs_Warlock+Hunter,Warlock+Shaman,Warlock+Hunter,5,team1,kill,24.30
Warlock+Shaman_vs_Warlock+Hunter,Warlock+Shaman,Warlock+Hunter,6,team1,kill,32.88
Warlock+Shaman_vs_Warlock+Hunter,Warlock+Shaman,Warlock+Hunter,7,team1,kill,24.53
Warlock+Shaman_vs_Warlock+Hunter,Warlock+Shaman,Warlock+Hunter,8,team1,kill,32.88
Warlock+Shaman_vs_Warlock+Hunter,Warlock+Shaman,Warlock+Hunter,9,team1,kill,32.38
Warlock+Shaman_vs_Paladin+Hunter,Warlock+Shaman,Paladin+Hunter,0,team2,kill,61.32
Warlock+Shaman_vs_Paladin+Hunter,Warlock+Shaman,Paladin+Hunter,1,team2,kill,70.87
Warlock+Shaman_vs_Paladin+Hunter,Warlock+Shaman,Paladin+Hunter,2,team2,kill,123.75
Warlock+Shaman_vs_Paladin+Hunter,Warlock+Shaman,Paladin+Hunter,3,team2,kill,80.30
Warlock+Shaman_vs_Paladin+Hunter,Warlock+Shaman,Paladin+Hunter,4,team2,kill,205.41
Warlock+Shaman_vs_Paladin+Hunter,Warlock+Shaman,Paladin+Hunter,5,team2,kill,72.68
Warlock+Shaman_vs_Paladin+Hunter,Warlock+Shaman,Paladin+Hunter,6,draw,cap,300.00
Warlock+Shaman_vs_Paladin+Hunter,Warlock+Shaman,Paladin+Hunter,7,draw,cap,300.00
Warlock+Shaman_vs_Paladin+Hunter,Warlock+Shaman,Paladin+Hunter,8,team2,kill,40.25
Warlock+Shaman_vs_Paladin+Hunter,Warlock+Shaman,Paladin+Hunter,9,team1,kill,68.77
Warlock+Shaman_vs_Hunter+Shaman,Warlock+Shaman,Hunter+Shaman,0,team1,kill,29.27
Warlock+Shaman_vs_Hunter+Shaman,Warlock+Shaman,Hunter+Shaman,1,team1,kill,30.15
Warlock+Shaman_vs_Hunter+Shaman,Warlock+Shaman,Hunter+Shaman,2,team1,kill,70.43
Warlock+Shaman_vs_Hunter+Shaman,Warlock+Shaman,Hunter+Shaman,3,team1,kill,26.82
Warlock+Shaman_vs_Hunter+Shaman,Warlock+Shaman,Hunter+Shaman,4,team1,kill,24.65
Warlock+Shaman_vs_Hunter+Shaman,Warlock+Shaman,Hunter+Shaman,5,team1,kill,26.20
Warlock+Shaman_vs_Hunter+Shaman,Warlock+Shaman,Hunter+Shaman,6,team1,kill,30.43
Warlock+Shaman_vs_Hunter+Shaman,Warlock+Shaman,Hunter+Shaman,7,team1,kill,27.37
Warlock+Shaman_vs_Hunter+Shaman,Warlock+Shaman,Hunter+Shaman,8,team1,kill,26.18
Warlock+Shaman_vs_Hunter+Shaman,Warlock+Shaman,Hunter+Shaman,9,team1,kill,28.47
Paladin+Hunter_vs_Warrior+Mage,Paladin+Hunter,Warrior+Mage,0,team1,kill,53.38
Paladin+Hunter_vs_Warrior+Mage,Paladin+Hunter,Warrior+Mage,1,team1,kill,48.70
Paladin+Hunter_vs_Warrior+Mage,Paladin+Hunter,Warrior+Mage,2,team1,kill,40.12
Paladin+Hunter_vs_Warrior+Mage,Paladin+Hunter,Warrior+Mage,3,team1,kill,46.42
Paladin+Hunter_vs_Warrior+Mage,Paladin+Hunter,Warrior+Mage,4,team1,kill,61.17
Paladin+Hunter_vs_Warrior+Mage,Paladin+Hunter,Warrior+Mage,5,team1,kill,50.00
Paladin+Hunter_vs_Warrior+Mage,Paladin+Hunter,Warrior+Mage,6,team1,kill,36.37
Paladin+Hunter_vs_Warrior+Mage,Paladin+Hunter,Warrior+Mage,7,team1,kill,38.57
Paladin+Hunter_vs_Warrior+Mage,Paladin+Hunter,Warrior+Mage,8,team1,kill,44.10
Paladin+Hunter_vs_Warrior+Mage,Paladin+Hunter,Warrior+Mage,9,team1,kill,44.50
Paladin+Hunter_vs_Warrior+Rogue,Paladin+Hunter,Warrior+Rogue,0,team1,kill,24.85
Paladin+Hunter_vs_Warrior+Rogue,Paladin+Hunter,Warrior+Rogue,1,team1,kill,25.37
Paladin+Hunter_vs_Warrior+Rogue,Paladin+Hunter,Warrior+Rogue,2,team1,kill,24.85
Paladin+Hunter_vs_Warrior+Rogue,Paladin+Hunter,Warrior+Rogue,3,team1,kill,25.37
Paladin+Hunter_vs_Warrior+Rogue,Paladin+Hunter,Warrior+Rogue,4,team1,kill,24.85
Paladin+Hunter_vs_Warrior+Rogue,Paladin+Hunter,Warrior+Rogue,5,team1,kill,25.10
Paladin+Hunter_vs_Warrior+Rogue,Paladin+Hunter,Warrior+Rogue,6,team1,kill,25.37
Paladin+Hunter_vs_Warrior+Rogue,Paladin+Hunter,Warrior+Rogue,7,team1,kill,24.85
Paladin+Hunter_vs_Warrior+Rogue,Paladin+Hunter,Warrior+Rogue,8,team1,kill,29.98
Paladin+Hunter_vs_Warrior+Rogue,Paladin+Hunter,Warrior+Rogue,9,team1,kill,29.98
Paladin+Hunter_vs_Warrior+Priest,Paladin+Hunter,Warrior+Priest,0,team1,kill,59.20
Paladin+Hunter_vs_Warrior+Priest,Paladin+Hunter,Warrior+Priest,1,team2,kill,52.48
Paladin+Hunter_vs_Warrior+Priest,Paladin+Hunter,Warrior+Priest,2,team1,kill,59.20
Paladin+Hunter_vs_Warrior+Priest,Paladin+Hunter,Warrior+Priest,3,team1,kill,71.58
Paladin+Hunter_vs_Warrior+Priest,Paladin+Hunter,Warrior+Priest,4,team1,kill,56.78
Paladin+Hunter_vs_Warrior+Priest,Paladin+Hunter,Warrior+Priest,5,team1,kill,57.53
Paladin+Hunter_vs_Warrior+Priest,Paladin+Hunter,Warrior+Priest,6,team1,kill,56.78
Paladin+Hunter_vs_Warrior+Priest,Paladin+Hunter,Warrior+Priest,7,team1,kill,59.92
Paladin+Hunter_vs_Warrior+Priest,Paladin+Hunter,Warrior+Priest,8,team1,kill,61.63
Paladin+Hunter_vs_Warrior+Priest,Paladin+Hunter,Warrior+Priest,9,team1,kill,63.03
Paladin+Hunter_vs_Warrior+Warlock,Paladin+Hunter,Warrior+Warlock,0,team2,kill,46.20
Paladin+Hunter_vs_Warrior+Warlock,Paladin+Hunter,Warrior+Warlock,1,team1,kill,46.02
Paladin+Hunter_vs_Warrior+Warlock,Paladin+Hunter,Warrior+Warlock,2,team2,kill,35.85
Paladin+Hunter_vs_Warrior+Warlock,Paladin+Hunter,Warrior+Warlock,3,team1,kill,54.48
Paladin+Hunter_vs_Warrior+Warlock,Paladin+Hunter,Warrior+Warlock,4,team2,kill,34.82
Paladin+Hunter_vs_Warrior+Warlock,Paladin+Hunter,Warrior+Warlock,5,team1,kill,42.23
Paladin+Hunter_vs_Warrior+Warlock,Paladin+Hunter,Warrior+Warlock,6,team2,kill,49.12
Paladin+Hunter_vs_Warrior+Warlock,Paladin+Hunter,Warrior+Warlock,7,team2,kill,44.03
Paladin+Hunter_vs_Warrior+Warlock,Paladin+Hunter,Warrior+Warlock,8,team1,kill,46.07
Paladin+Hunter_vs_Warrior+Warlock,Paladin+Hunter,Warrior+Warlock,9,team2,kill,33.03
Paladin+Hunter_vs_Warrior+Paladin,Paladin+Hunter,Warrior+Paladin,0,team2,kill,65.20
Paladin+Hunter_vs_Warrior+Paladin,Paladin+Hunter,Warrior+Paladin,1,team1,kill,93.06
Paladin+Hunter_vs_Warrior+Paladin,Paladin+Hunter,Warrior+Paladin,2,team1,kill,91.15
Paladin+Hunter_vs_Warrior+Paladin,Paladin+Hunter,Warrior+Paladin,3,team1,kill,95.24
Paladin+Hunter_vs_Warrior+Paladin,Paladin+Hunter,Warrior+Paladin,4,team1,kill,100.22
Paladin+Hunter_vs_Warrior+Paladin,Paladin+Hunter,Warrior+Paladin,5,team1,kill,75.84
Paladin+Hunter_vs_Warrior+Paladin,Paladin+Hunter,Warrior+Paladin,6,team1,kill,97.87
Paladin+Hunter_vs_Warrior+Paladin,Paladin+Hunter,Warrior+Paladin,7,team1,kill,96.31
Paladin+Hunter_vs_Warrior+Paladin,Paladin+Hunter,Warrior+Paladin,8,team1,kill,95.34
Paladin+Hunter_vs_Warrior+Paladin,Paladin+Hunter,Warrior+Paladin,9,team1,kill,101.79
Paladin+Hunter_vs_Warrior+Hunter,Paladin+Hunter,Warrior+Hunter,0,team1,kill,40.17
Paladin+Hunter_vs_Warrior+Hunter,Paladin+Hunter,Warrior+Hunter,1,team1,kill,33.53
Paladin+Hunter_vs_Warrior+Hunter,Paladin+Hunter,Warrior+Hunter,2,team1,kill,40.78
Paladin+Hunter_vs_Warrior+Hunter,Paladin+Hunter,Warrior+Hunter,3,team1,kill,52.30
Paladin+Hunter_vs_Warrior+Hunter,Paladin+Hunter,Warrior+Hunter,4,team1,kill,52.30
Paladin+Hunter_vs_Warrior+Hunter,Paladin+Hunter,Warrior+Hunter,5,team1,kill,28.62
Paladin+Hunter_vs_Warrior+Hunter,Paladin+Hunter,Warrior+Hunter,6,team1,kill,40.78
Paladin+Hunter_vs_Warrior+Hunter,Paladin+Hunter,Warrior+Hunter,7,team1,kill,44.52
Paladin+Hunter_vs_Warrior+Hunter,Paladin+Hunter,Warrior+Hunter,8,team1,kill,40.17
Paladin+Hunter_vs_Warrior+Hunter,Paladin+Hunter,Warrior+Hunter,9,team1,kill,35.95
Paladin+Hunter_vs_Warrior+Shaman,Paladin+Hunter,Warrior+Shaman,0,team1,kill,45.10
Paladin+Hunter_vs_Warrior+Shaman,Paladin+Hunter,Warrior+Shaman,1,team1,kill,52.35
Paladin+Hunter_vs_Warrior+Shaman,Paladin+Hunter,Warrior+Shaman,2,team1,kill,68.67
Paladin+Hunter_vs_Warrior+Shaman,Paladin+Hunter,Warrior+Shaman,3,team1,kill,54.77
Paladin+Hunter_vs_Warrior+Shaman,Paladin+Hunter,Warrior+Shaman,4,team1,kill,42.28
Paladin+Hunter_vs_Warrior+Shaman,Paladin+Hunter,Warrior+Shaman,5,team1,kill,47.52
Paladin+Hunter_vs_Warrior+Shaman,Paladin+Hunter,Warrior+Shaman,6,team1,kill,45.10
Paladin+Hunter_vs_Warrior+Shaman,Paladin+Hunter,Warrior+Shaman,7,team1,kill,63.82
Paladin+Hunter_vs_Warrior+Shaman,Paladin+Hunter,Warrior+Shaman,8,team1,kill,54.77
Paladin+Hunter_vs_Warrior+Shaman,Paladin+Hunter,Warrior+Shaman,9,team1,kill,54.77
Paladin+Hunter_vs_Mage+Rogue,Paladin+Hunter,Mage+Rogue,0,team2,kill,45.93
Paladin+Hunter_vs_Mage+Rogue,Paladin+Hunter,Mage+Rogue,1,team1,kill,52.40
Paladin+Hunter_vs_Mage+Rogue,Paladin+Hunter,Mage+Rogue,2,team1,kill,51.23
Paladin+Hunter_vs_Mage+Rogue,Paladin+Hunter,Mage+Rogue,3,team1,kill,58.88
Paladin+Hunter_vs_Mage+Rogue,Paladin+Hunter,Mage+Rogue,4,team1,kill,54.57
Paladin+Hunter_vs_Mage+Rogue,Paladin+Hunter,Mage+Rogue,5,team2,kill,45.75
Paladin+Hunter_vs_Mage+Rogue,Paladin+Hunter,Mage+Rogue,6,team1,kill,58.88
Paladin+Hunter_vs_Mage+Rogue,Paladin+Hunter,Mage+Rogue,7,team2,kill,44.73
Paladin+Hunter_vs_Mage+Rogue,Paladin+Hunter,Mage+Rogue,8,team1,kill,58.88
Paladin+Hunter_vs_Mage+Rogue,Paladin+Hunter,Mage+Rogue,9,team2,kill,45.93
Paladin+Hunter_vs_Mage+Priest,Paladin+Hunter,Mage+Priest,0,team2,kill,39.02
Paladin+Hunter_vs_Mage+Priest,Paladin+Hunter,Mage+Priest,1,team2,kill,44.17
Paladin+Hunter_vs_Mage+Priest,Paladin+Hunter,Mage+Priest,2,team2,kill,44.17
Paladin+Hunter_vs_Mage+Priest,Paladin+Hunter,Mage+Priest,3,team2,kill,51.73
Paladin+Hunter_vs_Mage+Priest,Paladin+Hunter,Mage+Priest,4,team2,kill,44.40
Paladin+Hunter_vs_Mage+Priest,Paladin+Hunter,Mage+Priest,5,team2,kill,46.28
Paladin+Hunter_vs_Mage+Priest,Paladin+Hunter,Mage+Priest,6,team2,kill,34.17
Paladin+Hunter_vs_Mage+Priest,Paladin+Hunter,Mage+Priest,7,team2,kill,34.17
Paladin+Hunter_vs_Mage+Priest,Paladin+Hunter,Mage+Priest,8,team2,kill,46.28
Paladin+Hunter_vs_Mage+Priest,Paladin+Hunter,Mage+Priest,9,team2,kill,45.90
Paladin+Hunter_vs_Mage+Warlock,Paladin+Hunter,Mage+Warlock,0,team1,kill,34.03
Paladin+Hunter_vs_Mage+Warlock,Paladin+Hunter,Mage+Warlock,1,team1,kill,44.23
Paladin+Hunter_vs_Mage+Warlock,Paladin+Hunter,Mage+Warlock,2,team1,kill,58.48
Paladin+Hunter_vs_Mage+Warlock,Paladin+Hunter,Mage+Warlock,3,team2,kill,26.35
Paladin+Hunter_vs_Mage+Warlock,Paladin+Hunter,Mage+Warlock,4,team2,kill,26.27
Paladin+Hunter_vs_Mage+Warlock,Paladin+Hunter,Mage+Warlock,5,team1,kill,32.55
Paladin+Hunter_vs_Mage+Warlock,Paladin+Hunter,Mage+Warlock,6,team2,kill,26.20
Paladin+Hunter_vs_Mage+Warlock,Paladin+Hunter,Mage+Warlock,7,team2,kill,21.68
Paladin+Hunter_vs_Mage+Warlock,Paladin+Hunter,Mage+Warlock,8,team1,kill,40.60
Paladin+Hunter_vs_Mage+Warlock,Paladin+Hunter,Mage+Warlock,9,team1,kill,38.97
Paladin+Hunter_vs_Mage+Paladin,Paladin+Hunter,Mage+Paladin,0,team1,kill,118.01
Paladin+Hunter_vs_Mage+Paladin,Paladin+Hunter,Mage+Paladin,1,team1,kill,118.06
Paladin+Hunter_vs_Mage+Paladin,Paladin+Hunter,Mage+Paladin,2,team1,kill,150.66
Paladin+Hunter_vs_Mage+Paladin,Paladin+Hunter,Mage+Paladin,3,team1,kill,86.05
Paladin+Hunter_vs_Mage+Paladin,Paladin+Hunter,Mage+Paladin,4,team1,kill,102.06
Paladin+Hunter_vs_Mage+Paladin,Paladin+Hunter,Mage+Paladin,5,team1,kill,97.22
Paladin+Hunter_vs_Mage+Paladin,Paladin+Hunter,Mage+Paladin,6,team1,kill,94.89
Paladin+Hunter_vs_Mage+Paladin,Paladin+Hunter,Mage+Paladin,7,team1,kill,109.31
Paladin+Hunter_vs_Mage+Paladin,Paladin+Hunter,Mage+Paladin,8,team1,kill,135.89
Paladin+Hunter_vs_Mage+Paladin,Paladin+Hunter,Mage+Paladin,9,team1,kill,101.94
Paladin+Hunter_vs_Mage+Hunter,Paladin+Hunter,Mage+Hunter,0,team2,kill,41.42
Paladin+Hunter_vs_Mage+Hunter,Paladin+Hunter,Mage+Hunter,1,team2,kill,35.32
Paladin+Hunter_vs_Mage+Hunter,Paladin+Hunter,Mage+Hunter,2,team1,kill,84.49
Paladin+Hunter_vs_Mage+Hunter,Paladin+Hunter,Mage+Hunter,3,team1,kill,46.55
Paladin+Hunter_vs_Mage+Hunter,Paladin+Hunter,Mage+Hunter,4,team1,kill,75.82
Paladin+Hunter_vs_Mage+Hunter,Paladin+Hunter,Mage+Hunter,5,team2,kill,32.03
Paladin+Hunter_vs_Mage+Hunter,Paladin+Hunter,Mage+Hunter,6,team1,kill,74.18
Paladin+Hunter_vs_Mage+Hunter,Paladin+Hunter,Mage+Hunter,7,team2,kill,38.00
Paladin+Hunter_vs_Mage+Hunter,Paladin+Hunter,Mage+Hunter,8,team1,kill,36.03
Paladin+Hunter_vs_Mage+Hunter,Paladin+Hunter,Mage+Hunter,9,team1,kill,36.00
Paladin+Hunter_vs_Mage+Shaman,Paladin+Hunter,Mage+Shaman,0,team2,kill,32.17
Paladin+Hunter_vs_Mage+Shaman,Paladin+Hunter,Mage+Shaman,1,team1,kill,235.25
Paladin+Hunter_vs_Mage+Shaman,Paladin+Hunter,Mage+Shaman,2,team2,kill,64.23
Paladin+Hunter_vs_Mage+Shaman,Paladin+Hunter,Mage+Shaman,3,team2,kill,20.70
Paladin+Hunter_vs_Mage+Shaman,Paladin+Hunter,Mage+Shaman,4,team2,kill,64.17
Paladin+Hunter_vs_Mage+Shaman,Paladin+Hunter,Mage+Shaman,5,team2,kill,77.70
Paladin+Hunter_vs_Mage+Shaman,Paladin+Hunter,Mage+Shaman,6,team2,kill,23.12
Paladin+Hunter_vs_Mage+Shaman,Paladin+Hunter,Mage+Shaman,7,team2,kill,23.77
Paladin+Hunter_vs_Mage+Shaman,Paladin+Hunter,Mage+Shaman,8,team2,kill,64.17
Paladin+Hunter_vs_Mage+Shaman,Paladin+Hunter,Mage+Shaman,9,team1,kill,274.26
Paladin+Hunter_vs_Rogue+Priest,Paladin+Hunter,Rogue+Priest,0,team1,kill,55.40
Paladin+Hunter_vs_Rogue+Priest,Paladin+Hunter,Rogue+Priest,1,team1,kill,60.23
Paladin+Hunter_vs_Rogue+Priest,Paladin+Hunter,Rogue+Priest,2,team1,kill,55.40
Paladin+Hunter_vs_Rogue+Priest,Paladin+Hunter,Rogue+Priest,3,team1,kill,56.18
Paladin+Hunter_vs_Rogue+Priest,Paladin+Hunter,Rogue+Priest,4,team1,kill,52.07
Paladin+Hunter_vs_Rogue+Priest,Paladin+Hunter,Rogue+Priest,5,team1,kill,56.78
Paladin+Hunter_vs_Rogue+Priest,Paladin+Hunter,Rogue+Priest,6,team1,kill,59.00
Paladin+Hunter_vs_Rogue+Priest,Paladin+Hunter,Rogue+Priest,7,team1,kill,60.10
Paladin+Hunter_vs_Rogue+Priest,Paladin+Hunter,Rogue+Priest,8,team1,kill,56.78
Paladin+Hunter_vs_Rogue+Priest,Paladin+Hunter,Rogue+Priest,9,team1,kill,56.58
Paladin+Hunter_vs_Rogue+Warlock,Paladin+Hunter,Rogue+Warlock,0,team1,kill,28.23
Paladin+Hunter_vs_Rogue+Warlock,Paladin+Hunter,Rogue+Warlock,1,team1,kill,31.93
Paladin+Hunter_vs_Rogue+Warlock,Paladin+Hunter,Rogue+Warlock,2,team1,kill,24.58
Paladin+Hunter_vs_Rogue+Warlock,Paladin+Hunter,Rogue+Warlock,3,team1,kill,31.83
Paladin+Hunter_vs_Rogue+Warlock,Paladin+Hunter,Rogue+Warlock,4,team1,kill,29.53
Paladin+Hunter_vs_Rogue+Warlock,Paladin+Hunter,Rogue+Warlock,5,team1,kill,25.25
Paladin+Hunter_vs_Rogue+Warlock,Paladin+Hunter,Rogue+Warlock,6,team1,kill,27.57
Paladin+Hunter_vs_Rogue+Warlock,Paladin+Hunter,Rogue+Warlock,7,team1,kill,22.78
Paladin+Hunter_vs_Rogue+Warlock,Paladin+Hunter,Rogue+Warlock,8,team1,kill,29.53
Paladin+Hunter_vs_Rogue+Warlock,Paladin+Hunter,Rogue+Warlock,9,team1,kill,28.88
Paladin+Hunter_vs_Rogue+Paladin,Paladin+Hunter,Rogue+Paladin,0,team1,kill,87.67
Paladin+Hunter_vs_Rogue+Paladin,Paladin+Hunter,Rogue+Paladin,1,team1,kill,109.58
Paladin+Hunter_vs_Rogue+Paladin,Paladin+Hunter,Rogue+Paladin,2,team1,kill,94.52
Paladin+Hunter_vs_Rogue+Paladin,Paladin+Hunter,Rogue+Paladin,3,team1,kill,91.66
Paladin+Hunter_vs_Rogue+Paladin,Paladin+Hunter,Rogue+Paladin,4,team1,kill,88.65
Paladin+Hunter_vs_Rogue+Paladin,Paladin+Hunter,Rogue+Paladin,5,team1,kill,96.47
Paladin+Hunter_vs_Rogue+Paladin,Paladin+Hunter,Rogue+Paladin,6,team1,kill,90.74
Paladin+Hunter_vs_Rogue+Paladin,Paladin+Hunter,Rogue+Paladin,7,team1,kill,95.84
Paladin+Hunter_vs_Rogue+Paladin,Paladin+Hunter,Rogue+Paladin,8,team1,kill,90.09
Paladin+Hunter_vs_Rogue+Paladin,Paladin+Hunter,Rogue+Paladin,9,team1,kill,92.11
Paladin+Hunter_vs_Rogue+Hunter,Paladin+Hunter,Rogue+Hunter,0,team1,kill,34.80
Paladin+Hunter_vs_Rogue+Hunter,Paladin+Hunter,Rogue+Hunter,1,team1,kill,37.80
Paladin+Hunter_vs_Rogue+Hunter,Paladin+Hunter,Rogue+Hunter,2,team1,kill,35.07
Paladin+Hunter_vs_Rogue+Hunter,Paladin+Hunter,Rogue+Hunter,3,team1,kill,33.25
Paladin+Hunter_vs_Rogue+Hunter,Paladin+Hunter,Rogue+Hunter,4,team1,kill,37.25
Paladin+Hunter_vs_Rogue+Hunter,Paladin+Hunter,Rogue+Hunter,5,team1,kill,37.48
Paladin+Hunter_vs_Rogue+Hunter,Paladin+Hunter,Rogue+Hunter,6,team1,kill,35.67
Paladin+Hunter_vs_Rogue+Hunter,Paladin+Hunter,Rogue+Hunter,7,team1,kill,32.17
Paladin+Hunter_vs_Rogue+Hunter,Paladin+Hunter,Rogue+Hunter,8,team1,kill,37.48
Paladin+Hunter_vs_Rogue+Hunter,Paladin+Hunter,Rogue+Hunter,9,team1,kill,36.98
Paladin+Hunter_vs_Rogue+Shaman,Paladin+Hunter,Rogue+Shaman,0,team1,kill,55.67
Paladin+Hunter_vs_Rogue+Shaman,Paladin+Hunter,Rogue+Shaman,1,team1,kill,40.28
Paladin+Hunter_vs_Rogue+Shaman,Paladin+Hunter,Rogue+Shaman,2,team1,kill,52.60
Paladin+Hunter_vs_Rogue+Shaman,Paladin+Hunter,Rogue+Shaman,3,team1,kill,58.17
Paladin+Hunter_vs_Rogue+Shaman,Paladin+Hunter,Rogue+Shaman,4,team1,kill,57.75
Paladin+Hunter_vs_Rogue+Shaman,Paladin+Hunter,Rogue+Shaman,5,team1,kill,39.78
Paladin+Hunter_vs_Rogue+Shaman,Paladin+Hunter,Rogue+Shaman,6,team1,kill,55.07
Paladin+Hunter_vs_Rogue+Shaman,Paladin+Hunter,Rogue+Shaman,7,team1,kill,47.32
Paladin+Hunter_vs_Rogue+Shaman,Paladin+Hunter,Rogue+Shaman,8,team1,kill,54.78
Paladin+Hunter_vs_Rogue+Shaman,Paladin+Hunter,Rogue+Shaman,9,team1,kill,53.40
Paladin+Hunter_vs_Priest+Warlock,Paladin+Hunter,Priest+Warlock,0,team1,kill,65.02
Paladin+Hunter_vs_Priest+Warlock,Paladin+Hunter,Priest+Warlock,1,team1,kill,91.39
Paladin+Hunter_vs_Priest+Warlock,Paladin+Hunter,Priest+Warlock,2,team1,kill,69.68
Paladin+Hunter_vs_Priest+Warlock,Paladin+Hunter,Priest+Warlock,3,team1,kill,74.25
Paladin+Hunter_vs_Priest+Warlock,Paladin+Hunter,Priest+Warlock,4,team1,kill,71.33
Paladin+Hunter_vs_Priest+Warlock,Paladin+Hunter,Priest+Warlock,5,team1,kill,63.98
Paladin+Hunter_vs_Priest+Warlock,Paladin+Hunter,Priest+Warlock,6,team1,kill,78.15
Paladin+Hunter_vs_Priest+Warlock,Paladin+Hunter,Priest+Warlock,7,team1,kill,73.78
Paladin+Hunter_vs_Priest+Warlock,Paladin+Hunter,Priest+Warlock,8,team1,kill,80.22
Paladin+Hunter_vs_Priest+Warlock,Paladin+Hunter,Priest+Warlock,9,team1,kill,63.72
Paladin+Hunter_vs_Priest+Hunter,Paladin+Hunter,Priest+Hunter,0,team1,kill,118.03
Paladin+Hunter_vs_Priest+Hunter,Paladin+Hunter,Priest+Hunter,1,team1,kill,76.42
Paladin+Hunter_vs_Priest+Hunter,Paladin+Hunter,Priest+Hunter,2,team1,kill,69.52
Paladin+Hunter_vs_Priest+Hunter,Paladin+Hunter,Priest+Hunter,3,team1,kill,77.00
Paladin+Hunter_vs_Priest+Hunter,Paladin+Hunter,Priest+Hunter,4,team1,kill,73.33
Paladin+Hunter_vs_Priest+Hunter,Paladin+Hunter,Priest+Hunter,5,team1,kill,74.43
Paladin+Hunter_vs_Priest+Hunter,Paladin+Hunter,Priest+Hunter,6,team1,kill,77.39
Paladin+Hunter_vs_Priest+Hunter,Paladin+Hunter,Priest+Hunter,7,team1,kill,69.30
Paladin+Hunter_vs_Priest+Hunter,Paladin+Hunter,Priest+Hunter,8,team1,kill,76.55
Paladin+Hunter_vs_Priest+Hunter,Paladin+Hunter,Priest+Hunter,9,team1,kill,71.72
Paladin+Hunter_vs_Warlock+Paladin,Paladin+Hunter,Warlock+Paladin,0,team1,kill,102.59
Paladin+Hunter_vs_Warlock+Paladin,Paladin+Hunter,Warlock+Paladin,1,team2,kill,32.88
Paladin+Hunter_vs_Warlock+Paladin,Paladin+Hunter,Warlock+Paladin,2,team2,kill,37.68
Paladin+Hunter_vs_Warlock+Paladin,Paladin+Hunter,Warlock+Paladin,3,team1,kill,138.96
Paladin+Hunter_vs_Warlock+Paladin,Paladin+Hunter,Warlock+Paladin,4,team1,kill,116.38
Paladin+Hunter_vs_Warlock+Paladin,Paladin+Hunter,Warlock+Paladin,5,team1,kill,161.89
Paladin+Hunter_vs_Warlock+Paladin,Paladin+Hunter,Warlock+Paladin,6,team1,kill,104.29
Paladin+Hunter_vs_Warlock+Paladin,Paladin+Hunter,Warlock+Paladin,7,team1,kill,93.49
Paladin+Hunter_vs_Warlock+Paladin,Paladin+Hunter,Warlock+Paladin,8,team1,kill,146.06
Paladin+Hunter_vs_Warlock+Paladin,Paladin+Hunter,Warlock+Paladin,9,team1,kill,95.69
Paladin+Hunter_vs_Warlock+Hunter,Paladin+Hunter,Warlock+Hunter,0,team1,kill,35.83
Paladin+Hunter_vs_Warlock+Hunter,Paladin+Hunter,Warlock+Hunter,1,team1,kill,43.27
Paladin+Hunter_vs_Warlock+Hunter,Paladin+Hunter,Warlock+Hunter,2,team1,kill,32.48
Paladin+Hunter_vs_Warlock+Hunter,Paladin+Hunter,Warlock+Hunter,3,team1,kill,35.68
Paladin+Hunter_vs_Warlock+Hunter,Paladin+Hunter,Warlock+Hunter,4,team1,kill,34.98
Paladin+Hunter_vs_Warlock+Hunter,Paladin+Hunter,Warlock+Hunter,5,team1,kill,35.87
Paladin+Hunter_vs_Warlock+Hunter,Paladin+Hunter,Warlock+Hunter,6,team1,kill,37.55
Paladin+Hunter_vs_Warlock+Hunter,Paladin+Hunter,Warlock+Hunter,7,team1,kill,26.97
Paladin+Hunter_vs_Warlock+Hunter,Paladin+Hunter,Warlock+Hunter,8,team1,kill,32.90
Paladin+Hunter_vs_Warlock+Hunter,Paladin+Hunter,Warlock+Hunter,9,team1,kill,37.50
Paladin+Hunter_vs_Warlock+Shaman,Paladin+Hunter,Warlock+Shaman,0,team1,kill,58.12
Paladin+Hunter_vs_Warlock+Shaman,Paladin+Hunter,Warlock+Shaman,1,team1,kill,56.75
Paladin+Hunter_vs_Warlock+Shaman,Paladin+Hunter,Warlock+Shaman,2,team1,kill,51.10
Paladin+Hunter_vs_Warlock+Shaman,Paladin+Hunter,Warlock+Shaman,3,team1,kill,147.54
Paladin+Hunter_vs_Warlock+Shaman,Paladin+Hunter,Warlock+Shaman,4,team1,kill,138.78
Paladin+Hunter_vs_Warlock+Shaman,Paladin+Hunter,Warlock+Shaman,5,draw,cap,300.00
Paladin+Hunter_vs_Warlock+Shaman,Paladin+Hunter,Warlock+Shaman,6,draw,cap,300.00
Paladin+Hunter_vs_Warlock+Shaman,Paladin+Hunter,Warlock+Shaman,7,team1,kill,68.82
Paladin+Hunter_vs_Warlock+Shaman,Paladin+Hunter,Warlock+Shaman,8,team1,kill,95.17
Paladin+Hunter_vs_Warlock+Shaman,Paladin+Hunter,Warlock+Shaman,9,team2,kill,32.10
Paladin+Hunter_vs_Paladin+Hunter,Paladin+Hunter,Paladin+Hunter,0,team1,kill,141.21
Paladin+Hunter_vs_Paladin+Hunter,Paladin+Hunter,Paladin+Hunter,1,team1,kill,158.12
Paladin+Hunter_vs_Paladin+Hunter,Paladin+Hunter,Paladin+Hunter,2,draw,cap,300.00
Paladin+Hunter_vs_Paladin+Hunter,Paladin+Hunter,Paladin+Hunter,3,team2,kill,142.03
Paladin+Hunter_vs_Paladin+Hunter,Paladin+Hunter,Paladin+Hunter,4,team1,kill,127.08
Paladin+Hunter_vs_Paladin+Hunter,Paladin+Hunter,Paladin+Hunter,5,team1,kill,144.81
Paladin+Hunter_vs_Paladin+Hunter,Paladin+Hunter,Paladin+Hunter,6,team1,kill,148.46
Paladin+Hunter_vs_Paladin+Hunter,Paladin+Hunter,Paladin+Hunter,7,team2,kill,132.35
Paladin+Hunter_vs_Paladin+Hunter,Paladin+Hunter,Paladin+Hunter,8,team2,kill,134.73
Paladin+Hunter_vs_Paladin+Hunter,Paladin+Hunter,Paladin+Hunter,9,team2,kill,134.99
Paladin+Hunter_vs_Hunter+Shaman,Paladin+Hunter,Hunter+Shaman,0,draw,cap,300.00
Paladin+Hunter_vs_Hunter+Shaman,Paladin+Hunter,Hunter+Shaman,1,team1,kill,79.02
Paladin+Hunter_vs_Hunter+Shaman,Paladin+Hunter,Hunter+Shaman,2,team1,kill,75.57
Paladin+Hunter_vs_Hunter+Shaman,Paladin+Hunter,Hunter+Shaman,3,team1,kill,44.32
Paladin+Hunter_vs_Hunter+Shaman,Paladin+Hunter,Hunter+Shaman,4,draw,cap,300.00
Paladin+Hunter_vs_Hunter+Shaman,Paladin+Hunter,Hunter+Shaman,5,team1,kill,70.87
Paladin+Hunter_vs_Hunter+Shaman,Paladin+Hunter,Hunter+Shaman,6,team1,kill,62.28
Paladin+Hunter_vs_Hunter+Shaman,Paladin+Hunter,Hunter+Shaman,7,team1,kill,74.78
Paladin+Hunter_vs_Hunter+Shaman,Paladin+Hunter,Hunter+Shaman,8,team1,kill,182.55
Paladin+Hunter_vs_Hunter+Shaman,Paladin+Hunter,Hunter+Shaman,9,team1,kill,69.48
Hunter+Shaman_vs_Warrior+Mage,Hunter+Shaman,Warrior+Mage,0,team1,kill,32.20
Hunter+Shaman_vs_Warrior+Mage,Hunter+Shaman,Warrior+Mage,1,team1,kill,28.18
Hunter+Shaman_vs_Warrior+Mage,Hunter+Shaman,Warrior+Mage,2,team1,kill,32.20
Hunter+Shaman_vs_Warrior+Mage,Hunter+Shaman,Warrior+Mage,3,team1,kill,32.20
Hunter+Shaman_vs_Warrior+Mage,Hunter+Shaman,Warrior+Mage,4,team2,kill,42.50
Hunter+Shaman_vs_Warrior+Mage,Hunter+Shaman,Warrior+Mage,5,team1,kill,32.20
Hunter+Shaman_vs_Warrior+Mage,Hunter+Shaman,Warrior+Mage,6,team1,kill,32.20
Hunter+Shaman_vs_Warrior+Mage,Hunter+Shaman,Warrior+Mage,7,team1,kill,30.18
Hunter+Shaman_vs_Warrior+Mage,Hunter+Shaman,Warrior+Mage,8,team1,kill,32.20
Hunter+Shaman_vs_Warrior+Mage,Hunter+Shaman,Warrior+Mage,9,team1,kill,32.20
Hunter+Shaman_vs_Warrior+Rogue,Hunter+Shaman,Warrior+Rogue,0,team1,kill,13.70
Hunter+Shaman_vs_Warrior+Rogue,Hunter+Shaman,Warrior+Rogue,1,team1,kill,13.70
Hunter+Shaman_vs_Warrior+Rogue,Hunter+Shaman,Warrior+Rogue,2,team1,kill,13.70
Hunter+Shaman_vs_Warrior+Rogue,Hunter+Shaman,Warrior+Rogue,3,team1,kill,13.70
Hunter+Shaman_vs_Warrior+Rogue,Hunter+Shaman,Warrior+Rogue,4,team1,kill,13.70
Hunter+Shaman_vs_Warrior+Rogue,Hunter+Shaman,Warrior+Rogue,5,team1,kill,13.70
Hunter+Shaman_vs_Warrior+Rogue,Hunter+Shaman,Warrior+Rogue,6,team1,kill,13.70
Hunter+Shaman_vs_Warrior+Rogue,Hunter+Shaman,Warrior+Rogue,7,team1,kill,13.70
Hunter+Shaman_vs_Warrior+Rogue,Hunter+Shaman,Warrior+Rogue,8,team1,kill,13.70
Hunter+Shaman_vs_Warrior+Rogue,Hunter+Shaman,Warrior+Rogue,9,team1,kill,13.70
Hunter+Shaman_vs_Warrior+Priest,Hunter+Shaman,Warrior+Priest,0,team1,kill,41.25
Hunter+Shaman_vs_Warrior+Priest,Hunter+Shaman,Warrior+Priest,1,team1,kill,36.25
Hunter+Shaman_vs_Warrior+Priest,Hunter+Shaman,Warrior+Priest,2,team1,kill,25.65
Hunter+Shaman_vs_Warrior+Priest,Hunter+Shaman,Warrior+Priest,3,team1,kill,35.80
Hunter+Shaman_vs_Warrior+Priest,Hunter+Shaman,Warrior+Priest,4,team1,kill,30.97
Hunter+Shaman_vs_Warrior+Priest,Hunter+Shaman,Warrior+Priest,5,team1,kill,40.52
Hunter+Shaman_vs_Warrior+Priest,Hunter+Shaman,Warrior+Priest,6,team1,kill,18.58
Hunter+Shaman_vs_Warrior+Priest,Hunter+Shaman,Warrior+Priest,7,team1,kill,38.95
Hunter+Shaman_vs_Warrior+Priest,Hunter+Shaman,Warrior+Priest,8,team1,kill,36.42
Hunter+Shaman_vs_Warrior+Priest,Hunter+Shaman,Warrior+Priest,9,team1,kill,29.97
Hunter+Shaman_vs_Warrior+Warlock,Hunter+Shaman,Warrior+Warlock,0,team1,kill,42.20
Hunter+Shaman_vs_Warrior+Warlock,Hunter+Shaman,Warrior+Warlock,1,team2,kill,56.77
Hunter+Shaman_vs_Warrior+Warlock,Hunter+Shaman,Warrior+Warlock,2,team2,kill,84.75
Hunter+Shaman_vs_Warrior+Warlock,Hunter+Shaman,Warrior+Warlock,3,team2,kill,53.50
Hunter+Shaman_vs_Warrior+Warlock,Hunter+Shaman,Warrior+Warlock,4,team2,kill,59.27
Hunter+Shaman_vs_Warrior+Warlock,Hunter+Shaman,Warrior+Warlock,5,team2,kill,69.25
Hunter+Shaman_vs_Warrior+Warlock,Hunter+Shaman,Warrior+Warlock,6,team2,kill,69.85
Hunter+Shaman_vs_Warrior+Warlock,Hunter+Shaman,Warrior+Warlock,7,team2,kill,38.95
Hunter+Shaman_vs_Warrior+Warlock,Hunter+Shaman,Warrior+Warlock,8,team2,kill,31.68
Hunter+Shaman_vs_Warrior+Warlock,Hunter+Shaman,Warrior+Warlock,9,team2,kill,38.95
Hunter+Shaman_vs_Warrior+Paladin,Hunter+Shaman,Warrior+Paladin,0,draw,cap,300.00
Hunter+Shaman_vs_Warrior+Paladin,Hunter+Shaman,Warrior+Paladin,1,team2,kill,172.80
Hunter+Shaman_vs_Warrior+Paladin,Hunter+Shaman,Warrior+Paladin,2,team2,kill,187.78
Hunter+Shaman_vs_Warrior+Paladin,Hunter+Shaman,Warrior+Paladin,3,team2,kill,183.28
Hunter+Shaman_vs_Warrior+Paladin,Hunter+Shaman,Warrior+Paladin,4,team2,kill,209.01
Hunter+Shaman_vs_Warrior+Paladin,Hunter+Shaman,Warrior+Paladin,5,team2,kill,160.04
Hunter+Shaman_vs_Warrior+Paladin,Hunter+Shaman,Warrior+Paladin,6,draw,cap,300.00
Hunter+Shaman_vs_Warrior+Paladin,Hunter+Shaman,Warrior+Paladin,7,draw,cap,300.00
Hunter+Shaman_vs_Warrior+Paladin,Hunter+Shaman,Warrior+Paladin,8,team2,kill,146.04
Hunter+Shaman_vs_Warrior+Paladin,Hunter+Shaman,Warrior+Paladin,9,team2,kill,165.97
Hunter+Shaman_vs_Warrior+Hunter,Hunter+Shaman,Warrior+Hunter,0,team1,kill,17.43
Hunter+Shaman_vs_Warrior+Hunter,Hunter+Shaman,Warrior+Hunter,1,team1,kill,18.62
Hunter+Shaman_vs_Warrior+Hunter,Hunter+Shaman,Warrior+Hunter,2,team1,kill,17.45
Hunter+Shaman_vs_Warrior+Hunter,Hunter+Shaman,Warrior+Hunter,3,team1,kill,18.62
Hunter+Shaman_vs_Warrior+Hunter,Hunter+Shaman,Warrior+Hunter,4,team1,kill,17.43
Hunter+Shaman_vs_Warrior+Hunter,Hunter+Shaman,Warrior+Hunter,5,team1,kill,17.43
Hunter+Shaman_vs_Warrior+Hunter,Hunter+Shaman,Warrior+Hunter,6,team1,kill,17.43
Hunter+Shaman_vs_Warrior+Hunter,Hunter+Shaman,Warrior+Hunter,7,team1,kill,17.43
Hunter+Shaman_vs_Warrior+Hunter,Hunter+Shaman,Warrior+Hunter,8,team1,kill,16.57
Hunter+Shaman_vs_Warrior+Hunter,Hunter+Shaman,Warrior+Hunter,9,team1,kill,17.43
Hunter+Shaman_vs_Warrior+Shaman,Hunter+Shaman,Warrior+Shaman,0,team1,kill,29.03
Hunter+Shaman_vs_Warrior+Shaman,Hunter+Shaman,Warrior+Shaman,1,team1,kill,27.38
Hunter+Shaman_vs_Warrior+Shaman,Hunter+Shaman,Warrior+Shaman,2,team1,kill,30.05
Hunter+Shaman_vs_Warrior+Shaman,Hunter+Shaman,Warrior+Shaman,3,team1,kill,30.12
Hunter+Shaman_vs_Warrior+Shaman,Hunter+Shaman,Warrior+Shaman,4,team1,kill,28.13
Hunter+Shaman_vs_Warrior+Shaman,Hunter+Shaman,Warrior+Shaman,5,team1,kill,28.48
Hunter+Shaman_vs_Warrior+Shaman,Hunter+Shaman,Warrior+Shaman,6,team1,kill,28.48
Hunter+Shaman_vs_Warrior+Shaman,Hunter+Shaman,Warrior+Shaman,7,team1,kill,27.43
Hunter+Shaman_vs_Warrior+Shaman,Hunter+Shaman,Warrior+Shaman,8,team1,kill,32.48
Hunter+Shaman_vs_Warrior+Shaman,Hunter+Shaman,Warrior+Shaman,9,team1,kill,29.03
Hunter+Shaman_vs_Mage+Rogue,Hunter+Shaman,Mage+Rogue,0,team2,kill,21.40
Hunter+Shaman_vs_Mage+Rogue,Hunter+Shaman,Mage+Rogue,1,team2,kill,28.13
Hunter+Shaman_vs_Mage+Rogue,Hunter+Shaman,Mage+Rogue,2,team2,kill,29.25
Hunter+Shaman_vs_Mage+Rogue,Hunter+Shaman,Mage+Rogue,3,team2,kill,21.38
Hunter+Shaman_vs_Mage+Rogue,Hunter+Shaman,Mage+Rogue,4,team2,kill,28.18
Hunter+Shaman_vs_Mage+Rogue,Hunter+Shaman,Mage+Rogue,5,team2,kill,29.00
Hunter+Shaman_vs_Mage+Rogue,Hunter+Shaman,Mage+Rogue,6,team2,kill,28.55
Hunter+Shaman_vs_Mage+Rogue,Hunter+Shaman,Mage+Rogue,7,team2,kill,21.40
Hunter+Shaman_vs_Mage+Rogue,Hunter+Shaman,Mage+Rogue,8,team2,kill,28.88
Hunter+Shaman_vs_Mage+Rogue,Hunter+Shaman,Mage+Rogue,9,team2,kill,29.17
Hunter+Shaman_vs_Mage+Priest,Hunter+Shaman,Mage+Priest,0,team2,kill,22.53
Hunter+Shaman_vs_Mage+Priest,Hunter+Shaman,Mage+Priest,1,team2,kill,27.10
Hunter+Shaman_vs_Mage+Priest,Hunter+Shaman,Mage+Priest,2,team2,kill,26.40
Hunter+Shaman_vs_Mage+Priest,Hunter+Shaman,Mage+Priest,3,team2,kill,24.50
Hunter+Shaman_vs_Mage+Priest,Hunter+Shaman,Mage+Priest,4,team2,kill,23.05
Hunter+Shaman_vs_Mage+Priest,Hunter+Shaman,Mage+Priest,5,team2,kill,24.25
Hunter+Shaman_vs_Mage+Priest,Hunter+Shaman,Mage+Priest,6,team2,kill,25.23
Hunter+Shaman_vs_Mage+Priest,Hunter+Shaman,Mage+Priest,7,team2,kill,24.57
Hunter+Shaman_vs_Mage+Priest,Hunter+Shaman,Mage+Priest,8,team2,kill,25.23
Hunter+Shaman_vs_Mage+Priest,Hunter+Shaman,Mage+Priest,9,team2,kill,24.50
Hunter+Shaman_vs_Mage+Warlock,Hunter+Shaman,Mage+Warlock,0,team2,kill,26.30
Hunter+Shaman_vs_Mage+Warlock,Hunter+Shaman,Mage+Warlock,1,team2,kill,26.43
Hunter+Shaman_vs_Mage+Warlock,Hunter+Shaman,Mage+Warlock,2,team2,kill,26.05
Hunter+Shaman_vs_Mage+Warlock,Hunter+Shaman,Mage+Warlock,3,team2,kill,28.77
Hunter+Shaman_vs_Mage+Warlock,Hunter+Shaman,Mage+Warlock,4,team2,kill,25.08
Hunter+Shaman_vs_Mage+Warlock,Hunter+Shaman,Mage+Warlock,5,team2,kill,27.48
Hunter+Shaman_vs_Mage+Warlock,Hunter+Shaman,Mage+Warlock,6,team2,kill,27.58
Hunter+Shaman_vs_Mage+Warlock,Hunter+Shaman,Mage+Warlock,7,team2,kill,26.22
Hunter+Shaman_vs_Mage+Warlock,Hunter+Shaman,Mage+Warlock,8,team2,kill,29.48
Hunter+Shaman_vs_Mage+Warlock,Hunter+Shaman,Mage+Warlock,9,team2,kill,24.55
Hunter+Shaman_vs_Mage+Paladin,Hunter+Shaman,Mage+Paladin,0,team2,kill,27.95
Hunter+Shaman_vs_Mage+Paladin,Hunter+Shaman,Mage+Paladin,1,team2,kill,26.27
Hunter+Shaman_vs_Mage+Paladin,Hunter+Shaman,Mage+Paladin,2,team2,kill,24.57
Hunter+Shaman_vs_Mage+Paladin,Hunter+Shaman,Mage+Paladin,3,team2,kill,35.42
Hunter+Shaman_vs_Mage+Paladin,Hunter+Shaman,Mage+Paladin,4,team2,kill,24.55
Hunter+Shaman_vs_Mage+Paladin,Hunter+Shaman,Mage+Paladin,5,team2,kill,24.58
Hunter+Shaman_vs_Mage+Paladin,Hunter+Shaman,Mage+Paladin,6,team2,kill,35.68
Hunter+Shaman_vs_Mage+Paladin,Hunter+Shaman,Mage+Paladin,7,team2,kill,31.03
Hunter+Shaman_vs_Mage+Paladin,Hunter+Shaman,Mage+Paladin,8,team2,kill,26.57
Hunter+Shaman_vs_Mage+Paladin,Hunter+Shaman,Mage+Paladin,9,team2,kill,32.10
Hunter+Shaman_vs_Mage+Hunter,Hunter+Shaman,Mage+Hunter,0,team2,kill,26.87
Hunter+Shaman_vs_Mage+Hunter,Hunter+Shaman,Mage+Hunter,1,team2,kill,29.92
Hunter+Shaman_vs_Mage+Hunter,Hunter+Shaman,Mage+Hunter,2,team2,kill,25.68
Hunter+Shaman_vs_Mage+Hunter,Hunter+Shaman,Mage+Hunter,3,team2,kill,35.23
Hunter+Shaman_vs_Mage+Hunter,Hunter+Shaman,Mage+Hunter,4,team2,kill,33.42
Hunter+Shaman_vs_Mage+Hunter,Hunter+Shaman,Mage+Hunter,5,team2,kill,28.63
Hunter+Shaman_vs_Mage+Hunter,Hunter+Shaman,Mage+Hunter,6,team2,kill,19.50
Hunter+Shaman_vs_Mage+Hunter,Hunter+Shaman,Mage+Hunter,7,team2,kill,26.38
Hunter+Shaman_vs_Mage+Hunter,Hunter+Shaman,Mage+Hunter,8,team2,kill,27.07
Hunter+Shaman_vs_Mage+Hunter,Hunter+Shaman,Mage+Hunter,9,team2,kill,33.88
Hunter+Shaman_vs_Mage+Shaman,Hunter+Shaman,Mage+Shaman,0,team2,kill,30.68
Hunter+Shaman_vs_Mage+Shaman,Hunter+Shaman,Mage+Shaman,1,team2,kill,27.25
Hunter+Shaman_vs_Mage+Shaman,Hunter+Shaman,Mage+Shaman,2,team2,kill,33.75
Hunter+Shaman_vs_Mage+Shaman,Hunter+Shaman,Mage+Shaman,3,team2,kill,29.77
Hunter+Shaman_vs_Mage+Shaman,Hunter+Shaman,Mage+Shaman,4,team2,kill,29.60
Hunter+Shaman_vs_Mage+Shaman,Hunter+Shaman,Mage+Shaman,5,team2,kill,31.80
Hunter+Shaman_vs_Mage+Shaman,Hunter+Shaman,Mage+Shaman,6,team2,kill,30.75
Hunter+Shaman_vs_Mage+Shaman,Hunter+Shaman,Mage+Shaman,7,team2,kill,27.72
Hunter+Shaman_vs_Mage+Shaman,Hunter+Shaman,Mage+Shaman,8,team2,kill,26.17
Hunter+Shaman_vs_Mage+Shaman,Hunter+Shaman,Mage+Shaman,9,team2,kill,26.70
Hunter+Shaman_vs_Rogue+Priest,Hunter+Shaman,Rogue+Priest,0,team1,kill,24.08
Hunter+Shaman_vs_Rogue+Priest,Hunter+Shaman,Rogue+Priest,1,team1,kill,25.18
Hunter+Shaman_vs_Rogue+Priest,Hunter+Shaman,Rogue+Priest,2,team1,kill,30.20
Hunter+Shaman_vs_Rogue+Priest,Hunter+Shaman,Rogue+Priest,3,team1,kill,32.92
Hunter+Shaman_vs_Rogue+Priest,Hunter+Shaman,Rogue+Priest,4,team1,kill,27.52
Hunter+Shaman_vs_Rogue+Priest,Hunter+Shaman,Rogue+Priest,5,team1,kill,20.60
Hunter+Shaman_vs_Rogue+Priest,Hunter+Shaman,Rogue+Priest,6,team1,kill,25.15
Hunter+Shaman_vs_Rogue+Priest,Hunter+Shaman,Rogue+Priest,7,team1,kill,24.08
Hunter+Shaman_vs_Rogue+Priest,Hunter+Shaman,Rogue+Priest,8,team1,kill,19.50
Hunter+Shaman_vs_Rogue+Priest,Hunter+Shaman,Rogue+Priest,9,team1,kill,24.08
Hunter+Shaman_vs_Rogue+Warlock,Hunter+Shaman,Rogue+Warlock,0,team1,kill,21.25
Hunter+Shaman_vs_Rogue+Warlock,Hunter+Shaman,Rogue+Warlock,1,team1,kill,21.25
Hunter+Shaman_vs_Rogue+Warlock,Hunter+Shaman,Rogue+Warlock,2,team1,kill,21.25
Hunter+Shaman_vs_Rogue+Warlock,Hunter+Shaman,Rogue+Warlock,3,team1,kill,21.25
Hunter+Shaman_vs_Rogue+Warlock,Hunter+Shaman,Rogue+Warlock,4,team1,kill,21.25
Hunter+Shaman_vs_Rogue+Warlock,Hunter+Shaman,Rogue+Warlock,5,team1,kill,21.25
Hunter+Shaman_vs_Rogue+Warlock,Hunter+Shaman,Rogue+Warlock,6,team1,kill,40.95
Hunter+Shaman_vs_Rogue+Warlock,Hunter+Shaman,Rogue+Warlock,7,team1,kill,21.22
Hunter+Shaman_vs_Rogue+Warlock,Hunter+Shaman,Rogue+Warlock,8,team1,kill,21.25
Hunter+Shaman_vs_Rogue+Warlock,Hunter+Shaman,Rogue+Warlock,9,team1,kill,21.25
Hunter+Shaman_vs_Rogue+Paladin,Hunter+Shaman,Rogue+Paladin,0,draw,cap,300.00
Hunter+Shaman_vs_Rogue+Paladin,Hunter+Shaman,Rogue+Paladin,1,draw,cap,300.00
Hunter+Shaman_vs_Rogue+Paladin,Hunter+Shaman,Rogue+Paladin,2,team2,kill,175.62
Hunter+Shaman_vs_Rogue+Paladin,Hunter+Shaman,Rogue+Paladin,3,team2,kill,181.03
Hunter+Shaman_vs_Rogue+Paladin,Hunter+Shaman,Rogue+Paladin,4,team2,kill,192.83
Hunter+Shaman_vs_Rogue+Paladin,Hunter+Shaman,Rogue+Paladin,5,team2,kill,201.31
Hunter+Shaman_vs_Rogue+Paladin,Hunter+Shaman,Rogue+Paladin,6,draw,cap,300.00
Hunter+Shaman_vs_Rogue+Paladin,Hunter+Shaman,Rogue+Paladin,7,draw,cap,300.00
Hunter+Shaman_vs_Rogue+Paladin,Hunter+Shaman,Rogue+Paladin,8,team2,kill,231.20
Hunter+Shaman_vs_Rogue+Paladin,Hunter+Shaman,Rogue+Paladin,9,draw,cap,300.00
Hunter+Shaman_vs_Rogue+Hunter,Hunter+Shaman,Rogue+Hunter,0,team1,kill,22.53
Hunter+Shaman_vs_Rogue+Hunter,Hunter+Shaman,Rogue+Hunter,1,team1,kill,22.60
Hunter+Shaman_vs_Rogue+Hunter,Hunter+Shaman,Rogue+Hunter,2,team1,kill,22.53
Hunter+Shaman_vs_Rogue+Hunter,Hunter+Shaman,Rogue+Hunter,3,team1,kill,22.60
Hunter+Shaman_vs_Rogue+Hunter,Hunter+Shaman,Rogue+Hunter,4,team1,kill,22.60
Hunter+Shaman_vs_Rogue+Hunter,Hunter+Shaman,Rogue+Hunter,5,team1,kill,22.72
Hunter+Shaman_vs_Rogue+Hunter,Hunter+Shaman,Rogue+Hunter,6,team1,kill,25.02
Hunter+Shaman_vs_Rogue+Hunter,Hunter+Shaman,Rogue+Hunter,7,team1,kill,23.33
Hunter+Shaman_vs_Rogue+Hunter,Hunter+Shaman,Rogue+Hunter,8,team1,kill,24.12
Hunter+Shaman_vs_Rogue+Hunter,Hunter+Shaman,Rogue+Hunter,9,team1,kill,25.02
Hunter+Shaman_vs_Rogue+Shaman,Hunter+Shaman,Rogue+Shaman,0,team1,kill,30.55
Hunter+Shaman_vs_Rogue+Shaman,Hunter+Shaman,Rogue+Shaman,1,team1,kill,30.55
Hunter+Shaman_vs_Rogue+Shaman,Hunter+Shaman,Rogue+Shaman,2,team1,kill,29.55
Hunter+Shaman_vs_Rogue+Shaman,Hunter+Shaman,Rogue+Shaman,3,team1,kill,29.68
Hunter+Shaman_vs_Rogue+Shaman,Hunter+Shaman,Rogue+Shaman,4,team1,kill,31.15
Hunter+Shaman_vs_Rogue+Shaman,Hunter+Shaman,Rogue+Shaman,5,team1,kill,28.53
Hunter+Shaman_vs_Rogue+Shaman,Hunter+Shaman,Rogue+Shaman,6,team1,kill,29.43
Hunter+Shaman_vs_Rogue+Shaman,Hunter+Shaman,Rogue+Shaman,7,team1,kill,30.55
Hunter+Shaman_vs_Rogue+Shaman,Hunter+Shaman,Rogue+Shaman,8,team1,kill,30.43
Hunter+Shaman_vs_Rogue+Shaman,Hunter+Shaman,Rogue+Shaman,9,team1,kill,30.55
Hunter+Shaman_vs_Priest+Warlock,Hunter+Shaman,Priest+Warlock,0,team2,kill,56.73
Hunter+Shaman_vs_Priest+Warlock,Hunter+Shaman,Priest+Warlock,1,team2,kill,64.15
Hunter+Shaman_vs_Priest+Warlock,Hunter+Shaman,Priest+Warlock,2,team2,kill,43.12
Hunter+Shaman_vs_Priest+Warlock,Hunter+Shaman,Priest+Warlock,3,team2,kill,40.57
Hunter+Shaman_vs_Priest+Warlock,Hunter+Shaman,Priest+Warlock,4,team2,kill,71.27
Hunter+Shaman_vs_Priest+Warlock,Hunter+Shaman,Priest+Warlock,5,team2,kill,33.93
Hunter+Shaman_vs_Priest+Warlock,Hunter+Shaman,Priest+Warlock,6,team2,kill,38.13
Hunter+Shaman_vs_Priest+Warlock,Hunter+Shaman,Priest+Warlock,7,team2,kill,89.24
Hunter+Shaman_vs_Priest+Warlock,Hunter+Shaman,Priest+Warlock,8,team2,kill,43.60
Hunter+Shaman_vs_Priest+Warlock,Hunter+Shaman,Priest+Warlock,9,team2,kill,37.98
Hunter+Shaman_vs_Priest+Hunter,Hunter+Shaman,Priest+Hunter,0,team2,kill,59.15
Hunter+Shaman_vs_Priest+Hunter,Hunter+Shaman,Priest+Hunter,1,team2,kill,72.15
Hunter+Shaman_vs_Priest+Hunter,Hunter+Shaman,Priest+Hunter,2,team2,kill,73.20
Hunter+Shaman_vs_Priest+Hunter,Hunter+Shaman,Priest+Hunter,3,team1,kill,53.98
Hunter+Shaman_vs_Priest+Hunter,Hunter+Shaman,Priest+Hunter,4,team2,kill,81.84
Hunter+Shaman_vs_Priest+Hunter,Hunter+Shaman,Priest+Hunter,5,team2,kill,69.32
Hunter+Shaman_vs_Priest+Hunter,Hunter+Shaman,Priest+Hunter,6,team2,kill,52.37
Hunter+Shaman_vs_Priest+Hunter,Hunter+Shaman,Priest+Hunter,7,team2,kill,59.03
Hunter+Shaman_vs_Priest+Hunter,Hunter+Shaman,Priest+Hunter,8,team1,kill,50.62
Hunter+Shaman_vs_Priest+Hunter,Hunter+Shaman,Priest+Hunter,9,team1,kill,51.63
Hunter+Shaman_vs_Warlock+Paladin,Hunter+Shaman,Warlock+Paladin,0,team2,kill,38.32
Hunter+Shaman_vs_Warlock+Paladin,Hunter+Shaman,Warlock+Paladin,1,team2,kill,38.43
Hunter+Shaman_vs_Warlock+Paladin,Hunter+Shaman,Warlock+Paladin,2,team2,kill,44.37
Hunter+Shaman_vs_Warlock+Paladin,Hunter+Shaman,Warlock+Paladin,3,team2,kill,37.60
Hunter+Shaman_vs_Warlock+Paladin,Hunter+Shaman,Warlock+Paladin,4,team2,kill,40.03
Hunter+Shaman_vs_Warlock+Paladin,Hunter+Shaman,Warlock+Paladin,5,team2,kill,38.53
Hunter+Shaman_vs_Warlock+Paladin,Hunter+Shaman,Warlock+Paladin,6,team2,kill,37.05
Hunter+Shaman_vs_Warlock+Paladin,Hunter+Shaman,Warlock+Paladin,7,team2,kill,38.88
Hunter+Shaman_vs_Warlock+Paladin,Hunter+Shaman,Warlock+Paladin,8,team2,kill,45.88
Hunter+Shaman_vs_Warlock+Paladin,Hunter+Shaman,Warlock+Paladin,9,team2,kill,35.70
Hunter+Shaman_vs_Warlock+Hunter,Hunter+Shaman,Warlock+Hunter,0,team1,kill,18.30
Hunter+Shaman_vs_Warlock+Hunter,Hunter+Shaman,Warlock+Hunter,1,team1,kill,18.32
Hunter+Shaman_vs_Warlock+Hunter,Hunter+Shaman,Warlock+Hunter,2,team1,kill,18.82
Hunter+Shaman_vs_Warlock+Hunter,Hunter+Shaman,Warlock+Hunter,3,team1,kill,18.32
Hunter+Shaman_vs_Warlock+Hunter,Hunter+Shaman,Warlock+Hunter,4,team1,kill,18.30
Hunter+Shaman_vs_Warlock+Hunter,Hunter+Shaman,Warlock+Hunter,5,team1,kill,18.30
Hunter+Shaman_vs_Warlock+Hunter,Hunter+Shaman,Warlock+Hunter,6,team1,kill,18.82
Hunter+Shaman_vs_Warlock+Hunter,Hunter+Shaman,Warlock+Hunter,7,team1,kill,18.32
Hunter+Shaman_vs_Warlock+Hunter,Hunter+Shaman,Warlock+Hunter,8,team1,kill,18.30
Hunter+Shaman_vs_Warlock+Hunter,Hunter+Shaman,Warlock+Hunter,9,team1,kill,18.30
Hunter+Shaman_vs_Warlock+Shaman,Hunter+Shaman,Warlock+Shaman,0,team2,kill,26.88
Hunter+Shaman_vs_Warlock+Shaman,Hunter+Shaman,Warlock+Shaman,1,team2,kill,29.35
Hunter+Shaman_vs_Warlock+Shaman,Hunter+Shaman,Warlock+Shaman,2,team2,kill,27.28
Hunter+Shaman_vs_Warlock+Shaman,Hunter+Shaman,Warlock+Shaman,3,team2,kill,30.38
Hunter+Shaman_vs_Warlock+Shaman,Hunter+Shaman,Warlock+Shaman,4,team2,kill,26.68
Hunter+Shaman_vs_Warlock+Shaman,Hunter+Shaman,Warlock+Shaman,5,team2,kill,26.17
Hunter+Shaman_vs_Warlock+Shaman,Hunter+Shaman,Warlock+Shaman,6,team2,kill,27.78
Hunter+Shaman_vs_Warlock+Shaman,Hunter+Shaman,Warlock+Shaman,7,team2,kill,30.75
Hunter+Shaman_vs_Warlock+Shaman,Hunter+Shaman,Warlock+Shaman,8,team2,kill,28.18
Hunter+Shaman_vs_Warlock+Shaman,Hunter+Shaman,Warlock+Shaman,9,team2,kill,27.68
Hunter+Shaman_vs_Paladin+Hunter,Hunter+Shaman,Paladin+Hunter,0,team2,kill,202.29
Hunter+Shaman_vs_Paladin+Hunter,Hunter+Shaman,Paladin+Hunter,1,team2,kill,79.02
Hunter+Shaman_vs_Paladin+Hunter,Hunter+Shaman,Paladin+Hunter,2,team2,kill,75.57
Hunter+Shaman_vs_Paladin+Hunter,Hunter+Shaman,Paladin+Hunter,3,team2,kill,44.32
Hunter+Shaman_vs_Paladin+Hunter,Hunter+Shaman,Paladin+Hunter,4,team2,kill,158.69
Hunter+Shaman_vs_Paladin+Hunter,Hunter+Shaman,Paladin+Hunter,5,team2,kill,70.87
Hunter+Shaman_vs_Paladin+Hunter,Hunter+Shaman,Paladin+Hunter,6,team2,kill,62.28
Hunter+Shaman_vs_Paladin+Hunter,Hunter+Shaman,Paladin+Hunter,7,team2,kill,74.78
Hunter+Shaman_vs_Paladin+Hunter,Hunter+Shaman,Paladin+Hunter,8,team2,kill,206.29
Hunter+Shaman_vs_Paladin+Hunter,Hunter+Shaman,Paladin+Hunter,9,team2,kill,67.07
Hunter+Shaman_vs_Hunter+Shaman,Hunter+Shaman,Hunter+Shaman,0,draw,cap,300.00
Hunter+Shaman_vs_Hunter+Shaman,Hunter+Shaman,Hunter+Shaman,1,draw,cap,300.00
Hunter+Shaman_vs_Hunter+Shaman,Hunter+Shaman,Hunter+Shaman,2,draw,cap,300.00
Hunter+Shaman_vs_Hunter+Shaman,Hunter+Shaman,Hunter+Shaman,3,draw,cap,300.00
Hunter+Shaman_vs_Hunter+Shaman,Hunter+Shaman,Hunter+Shaman,4,draw,cap,300.00
Hunter+Shaman_vs_Hunter+Shaman,Hunter+Shaman,Hunter+Shaman,5,draw,cap,300.00
Hunter+Shaman_vs_Hunter+Shaman,Hunter+Shaman,Hunter+Shaman,6,draw,cap,300.00
Hunter+Shaman_vs_Hunter+Shaman,Hunter+Shaman,Hunter+Shaman,7,draw,cap,300.00
Hunter+Shaman_vs_Hunter+Shaman,Hunter+Shaman,Hunter+Shaman,8,team2,kill,16.05
Hunter+Shaman_vs_Hunter+Shaman,Hunter+Shaman,Hunter+Shaman,9,draw,cap,300.00
