label,team1,team2,seed,winner,end_reason,duration_secs
Warrior+Mage_vs_Warrior+Mage,Warrior+Mage,Warrior+Mage,0,team2,kill,16.58
Warrior+Mage_vs_Warrior+Mage,Warrior+Mage,Warrior+Mage,1,team1,kill,15.05
Warrior+Mage_vs_Warrior+Mage,Warrior+Mage,Warrior+Mage,2,team2,kill,21.05
Warrior+Mage_vs_Warrior+Mage,Warrior+Mage,Warrior+Mage,3,team2,kill,16.05
Warrior+Mage_vs_Warrior+Mage,Warrior+Mage,Warrior+Mage,4,team2,kill,21.05
Warrior+Mage_vs_Warrior+Mage,Warrior+Mage,Warrior+Mage,5,team2,kill,15.47
Warrior+Mage_vs_Warrior+Mage,Warrior+Mage,Warrior+Mage,6,team1,kill,19.93
Warrior+Mage_vs_Warrior+Mage,Warrior+Mage,Warrior+Mage,7,team1,kill,22.17
Warrior+Mage_vs_Warrior+Mage,Warrior+Mage,Warrior+Mage,8,team1,kill,15.08
Warrior+Mage_vs_Warrior+Mage,Warrior+Mage,Warrior+Mage,9,team1,kill,17.70
Warrior+Mage_vs_Warrior+Mage,Warrior+Mage,Warrior+Mage,10,team1,kill,18.82
Warrior+Mage_vs_Warrior+Mage,Warrior+Mage,Warrior+Mage,11,team2,kill,15.47
Warrior+Mage_vs_Warrior+Mage,Warrior+Mage,Warrior+Mage,12,team2,kill,15.92
Warrior+Mage_vs_Warrior+Mage,Warrior+Mage,Warrior+Mage,13,team2,kill,19.93
Warrior+Mage_vs_Warrior+Mage,Warrior+Mage,Warrior+Mage,14,team1,kill,15.23
Warrior+Mage_vs_Warrior+Mage,Warrior+Mage,Warrior+Mage,15,team1,kill,15.05
Warrior+Mage_vs_Warrior+Mage,Warrior+Mage,Warrior+Mage,16,team1,kill,15.47
Warrior+Mage_vs_Warrior+Mage,Warrior+Mage,Warrior+Mage,17,team2,kill,20.98
Warrior+Mage_vs_Warrior+Mage,Warrior+Mage,Warrior+Mage,18,draw,kill,22.17
Warrior+Mage_vs_Warrior+Mage,Warrior+Mage,Warrior+Mage,19,team2,kill,15.47
Warrior+Mage_vs_Warrior+Mage,Warrior+Mage,Warrior+Mage,20,team2,kill,15.47
Warrior+Mage_vs_Warrior+Mage,Warrior+Mage,Warrior+Mage,21,team2,kill,22.17
Warrior+Mage_vs_Warrior+Mage,Warrior+Mage,Warrior+Mage,22,team1,kill,15.05
Warrior+Mage_vs_Warrior+Mage,Warrior+Mage,Warrior+Mage,23,team2,kill,15.35
Warrior+Mage_vs_Warrior+Mage,Warrior+Mage,Warrior+Mage,24,team2,kill,22.17
Warrior+Mage_vs_Warrior+Mage,Warrior+Mage,Warrior+Mage,25,team1,kill,20.98
Warrior+Mage_vs_Warrior+Mage,Warrior+Mage,Warrior+Mage,26,team2,kill,20.98
Warrior+Mage_vs_Warrior+Mage,Warrior+Mage,Warrior+Mage,27,team1,kill,15.17
Warrior+Mage_vs_Warrior+Mage,Warrior+Mage,Warrior+Mage,28,team1,kill,15.98
Warrior+Mage_vs_Warrior+Mage,Warrior+Mage,Warrior+Mage,29,team1,kill,19.93
Warrior+Mage_vs_Warrior+Mage,Warrior+Mage,Warrior+Mage,30,team1,kill,15.47
Warrior+Mage_vs_Warrior+Mage,Warrior+Mage,Warrior+Mage,31,team1,kill,16.58
Warrior+Mage_vs_Warrior+Mage,Warrior+Mage,Warrior+Mage,32,team2,kill,16.58
Warrior+Mage_vs_Warrior+Mage,Warrior+Mage,Warrior+Mage,33,team1,kill,15.47
Warrior+Mage_vs_Warrior+Mage,Warrior+Mage,Warrior+Mage,34,team1,kill,15.47
Warrior+Mage_vs_Warrior+Mage,Warrior+Mage,Warrior+Mage,35,team2,kill,15.22
Warrior+Mage_vs_Warrior+Mage,Warrior+Mage,Warrior+Mage,36,team1,kill,15.05
Warrior+Mage_vs_Warrior+Mage,Warrior+Mage,Warrior+Mage,37,team1,kill,15.95
Warrior+Mage_vs_Warrior+Mage,Warrior+Mage,Warrior+Mage,38,team2,kill,15.47
Warrior+Mage_vs_Warrior+Mage,Warrior+Mage,Warrior+Mage,39,team1,kill,15.87
Warrior+Mage_vs_Warrior+Mage,Warrior+Mage,Warrior+Mage,40,draw,kill,22.17
Warrior+Mage_vs_Warrior+Mage,Warrior+Mage,Warrior+Mage,41,team2,kill,15.28
Warrior+Mage_vs_Warrior+Mage,Warrior+Mage,Warrior+Mage,42,team1,kill,22.17
Warrior+Mage_vs_Warrior+Mage,Warrior+Mage,Warrior+Mage,43,team1,kill,21.05
Warrior+Mage_vs_Warrior+Mage,Warrior+Mage,Warrior+Mage,44,team2,kill,16.58
Warrior+Mage_vs_Warrior+Mage,Warrior+Mage,Warrior+Mage,45,team1,kill,19.93
Warrior+Mage_vs_Warrior+Mage,Warrior+Mage,Warrior+Mage,46,team2,kill,15.05
Warrior+Mage_vs_Warrior+Mage,Warrior+Mage,Warrior+Mage,47,team2,kill,22.17
Warrior+Mage_vs_Warrior+Mage,Warrior+Mage,Warrior+Mage,48,draw,kill,22.17
Warrior+Mage_vs_Warrior+Mage,Warrior+Mage,Warrior+Mage,49,team2,kill,21.05
Warrior+Mage_vs_Warrior+Mage,Warrior+Mage,Warrior+Mage,50,team1,kill,16.58
Warrior+Mage_vs_Warrior+Mage,Warrior+Mage,Warrior+Mage,51,team2,kill,15.93
Warrior+Mage_vs_Warrior+Mage,Warrior+Mage,Warrior+Mage,52,team2,kill,15.93
Warrior+Mage_vs_Warrior+Mage,Warrior+Mage,Warrior+Mage,53,team2,kill,15.47
Warrior+Mage_vs_Warrior+Mage,Warrior+Mage,Warrior+Mage,54,team2,kill,22.17
Warrior+Mage_vs_Warrior+Mage,Warrior+Mage,Warrior+Mage,55,draw,kill,21.05
Warrior+Mage_vs_Warrior+Mage,Warrior+Mage,Warrior+Mage,56,draw,kill,21.05
Warrior+Mage_vs_Warrior+Mage,Warrior+Mage,Warrior+Mage,57,team1,kill,15.92
Warrior+Mage_vs_Warrior+Mage,Warrior+Mage,Warrior+Mage,58,team1,kill,18.82
Warrior+Mage_vs_Warrior+Mage,Warrior+Mage,Warrior+Mage,59,team1,kill,18.82
Warrior+Mage_vs_Warrior+Mage,Warrior+Mage,Warrior+Mage,60,team1,kill,15.32
Warrior+Mage_vs_Warrior+Mage,Warrior+Mage,Warrior+Mage,61,team2,kill,20.98
Warrior+Mage_vs_Warrior+Mage,Warrior+Mage,Warrior+Mage,62,team1,kill,21.05
Warrior+Mage_vs_Warrior+Mage,Warrior+Mage,Warrior+Mage,63,team2,kill,15.92
Warrior+Mage_vs_Warrior+Mage,Warrior+Mage,Warrior+Mage,64,team1,kill,15.28
Warrior+Mage_vs_Warrior+Mage,Warrior+Mage,Warrior+Mage,65,team2,kill,20.98
Warrior+Mage_vs_Warrior+Mage,Warrior+Mage,Warrior+Mage,66,team2,kill,15.05
Warrior+Mage_vs_Warrior+Mage,Warrior+Mage,Warrior+Mage,67,team1,kill,15.47
Warrior+Mage_vs_Warrior+Mage,Warrior+Mage,Warrior+Mage,68,team2,kill,15.97
Warrior+Mage_vs_Warrior+Mage,Warrior+Mage,Warrior+Mage,69,team2,kill,15.47
Warrior+Mage_vs_Warrior+Mage,Warrior+Mage,Warrior+Mage,70,team1,kill,15.27
Warrior+Mage_vs_Warrior+Mage,Warrior+Mage,Warrior+Mage,71,team1,kill,15.05
Warrior+Mage_vs_Warrior+Mage,Warrior+Mage,Warrior+Mage,72,team2,kill,15.08
Warrior+Mage_vs_Warrior+Mage,Warrior+Mage,Warrior+Mage,73,team1,kill,15.92
Warrior+Mage_vs_Warrior+Mage,Warrior+Mage,Warrior+Mage,74,draw,kill,21.05
Warrior+Mage_vs_Warrior+Mage,Warrior+Mage,Warrior+Mage,75,team2,kill,19.93
Warrior+Mage_vs_Warrior+Mage,Warrior+Mage,Warrior+Mage,76,team1,kill,15.05
Warrior+Mage_vs_Warrior+Mage,Warrior+Mage,Warrior+Mage,77,team1,kill,19.93
Warrior+Mage_vs_Warrior+Mage,Warrior+Mage,Warrior+Mage,78,team2,kill,19.93
Warrior+Mage_vs_Warrior+Mage,Warrior+Mage,Warrior+Mage,79,team2,kill,15.15
Warrior+Rogue_vs_Warrior+Rogue,Warrior+Rogue,Warrior+Rogue,0,team2,kill,23.03
Warrior+Rogue_vs_Warrior+Rogue,Warrior+Rogue,Warrior+Rogue,1,team2,kill,23.47
Warrior+Rogue_vs_Warrior+Rogue,Warrior+Rogue,Warrior+Rogue,2,team2,kill,22.13
Warrior+Rogue_vs_Warrior+Rogue,Warrior+Rogue,Warrior+Rogue,3,team2,kill,23.03
Warrior+Rogue_vs_Warrior+Rogue,Warrior+Rogue,Warrior+Rogue,4,team2,kill,23.03
Warrior+Rogue_vs_Warrior+Rogue,Warrior+Rogue,Warrior+Rogue,5,draw,kill,22.80
Warrior+Rogue_vs_Warrior+Rogue,Warrior+Rogue,Warrior+Rogue,6,team2,kill,21.47
Warrior+Rogue_vs_Warrior+Rogue,Warrior+Rogue,Warrior+Rogue,7,team1,kill,23.03
Warrior+Rogue_vs_Warrior+Rogue,Warrior+Rogue,Warrior+Rogue,8,team2,kill,23.03
Warrior+Rogue_vs_Warrior+Rogue,Warrior+Rogue,Warrior+Rogue,9,team2,kill,23.03
Warrior+Rogue_vs_Warrior+Rogue,Warrior+Rogue,Warrior+Rogue,10,team1,kill,21.03
Warrior+Rogue_vs_Warrior+Rogue,Warrior+Rogue,Warrior+Rogue,11,draw,kill,23.03
Warrior+Rogue_vs_Warrior+Rogue,Warrior+Rogue,Warrior+Rogue,12,team1,kill,21.47
Warrior+Rogue_vs_Warrior+Rogue,Warrior+Rogue,Warrior+Rogue,13,team2,kill,22.13
Warrior+Rogue_vs_Warrior+Rogue,Warrior+Rogue,Warrior+Rogue,14,team1,kill,22.80
Warrior+Rogue_vs_Warrior+Rogue,Warrior+Rogue,Warrior+Rogue,15,team1,kill,23.03
Warrior+Rogue_vs_Warrior+Rogue,Warrior+Rogue,Warrior+Rogue,16,team2,kill,23.03
Warrior+Rogue_vs_Warrior+Rogue,Warrior+Rogue,Warrior+Rogue,17,team1,kill,23.03
Warrior+Rogue_vs_Warrior+Rogue,Warrior+Rogue,Warrior+Rogue,18,draw,kill,23.03
Warrior+Rogue_vs_Warrior+Rogue,Warrior+Rogue,Warrior+Rogue,19,draw,kill,23.03
Warrior+Rogue_vs_Warrior+Rogue,Warrior+Rogue,Warrior+Rogue,20,draw,kill,22.80
Warrior+Rogue_vs_Warrior+Rogue,Warrior+Rogue,Warrior+Rogue,21,team1,kill,21.03
Warrior+Rogue_vs_Warrior+Rogue,Warrior+Rogue,Warrior+Rogue,22,team1,kill,23.03
Warrior+Rogue_vs_Warrior+Rogue,Warrior+Rogue,Warrior+Rogue,23,team2,kill,18.07
Warrior+Rogue_vs_Warrior+Rogue,Warrior+Rogue,Warrior+Rogue,24,team2,kill,23.03
Warrior+Rogue_vs_Warrior+Rogue,Warrior+Rogue,Warrior+Rogue,25,team1,kill,22.80
Warrior+Rogue_vs_Warrior+Rogue,Warrior+Rogue,Warrior+Rogue,26,team1,kill,22.13
Warrior+Rogue_vs_Warrior+Rogue,Warrior+Rogue,Warrior+Rogue,27,draw,kill,22.80
Warrior+Rogue_vs_Warrior+Rogue,Warrior+Rogue,Warrior+Rogue,28,team2,kill,22.13
Warrior+Rogue_vs_Warrior+Rogue,Warrior+Rogue,Warrior+Rogue,29,team1,kill,22.13
Warrior+Rogue_vs_Warrior+Rogue,Warrior+Rogue,Warrior+Rogue,30,team1,kill,21.03
Warrior+Rogue_vs_Warrior+Rogue,Warrior+Rogue,Warrior+Rogue,31,team1,kill,23.03
Warrior+Rogue_vs_Warrior+Rogue,Warrior+Rogue,Warrior+Rogue,32,team1,kill,23.03
Warrior+Rogue_vs_Warrior+Rogue,Warrior+Rogue,Warrior+Rogue,33,draw,kill,23.03
Warrior+Rogue_vs_Warrior+Rogue,Warrior+Rogue,Warrior+Rogue,34,team1,kill,22.13
Warrior+Rogue_vs_Warrior+Rogue,Warrior+Rogue,Warrior+Rogue,35,team1,kill,23.03
Warrior+Rogue_vs_Warrior+Rogue,Warrior+Rogue,Warrior+Rogue,36,team1,kill,22.13
Warrior+Rogue_vs_Warrior+Rogue,Warrior+Rogue,Warrior+Rogue,37,team1,kill,18.80
Warrior+Rogue_vs_Warrior+Rogue,Warrior+Rogue,Warrior+Rogue,38,team2,kill,23.03
Warrior+Rogue_vs_Warrior+Rogue,Warrior+Rogue,Warrior+Rogue,39,team2,kill,22.13
Warrior+Rogue_vs_Warrior+Rogue,Warrior+Rogue,Warrior+Rogue,40,team2,kill,23.03
Warrior+Rogue_vs_Warrior+Rogue,Warrior+Rogue,Warrior+Rogue,41,team1,kill,18.13
Warrior+Rogue_vs_Warrior+Rogue,Warrior+Rogue,Warrior+Rogue,42,team2,kill,21.47
Warrior+Rogue_vs_Warrior+Rogue,Warrior+Rogue,Warrior+Rogue,43,team2,kill,21.47
Warrior+Rogue_vs_Warrior+Rogue,Warrior+Rogue,Warrior+Rogue,44,team1,kill,21.47
Warrior+Rogue_vs_Warrior+Rogue,Warrior+Rogue,Warrior+Rogue,45,team1,kill,21.03
Warrior+Rogue_vs_Warrior+Rogue,Warrior+Rogue,Warrior+Rogue,46,team1,kill,22.80
Warrior+Rogue_vs_Warrior+Rogue,Warrior+Rogue,Warrior+Rogue,47,draw,kill,23.03
Warrior+Rogue_vs_Warrior+Rogue,Warrior+Rogue,Warrior+Rogue,48,team1,kill,22.13
Warrior+Rogue_vs_Warrior+Rogue,Warrior+Rogue,Warrior+Rogue,49,team1,kill,23.03
Warrior+Rogue_vs_Warrior+Rogue,Warrior+Rogue,Warrior+Rogue,50,team2,kill,23.03
Warrior+Rogue_vs_Warrior+Rogue,Warrior+Rogue,Warrior+Rogue,51,team2,kill,21.03
Warrior+Rogue_vs_Warrior+Rogue,Warrior+Rogue,Warrior+Rogue,52,team1,kill,21.03
Warrior+Rogue_vs_Warrior+Rogue,Warrior+Rogue,Warrior+Rogue,53,team1,kill,23.03
Warrior+Rogue_vs_Warrior+Rogue,Warrior+Rogue,Warrior+Rogue,54,draw,kill,23.03
Warrior+Rogue_vs_Warrior+Rogue,Warrior+Rogue,Warrior+Rogue,55,team1,kill,23.03
Warrior+Rogue_vs_Warrior+Rogue,Warrior+Rogue,Warrior+Rogue,56,team2,kill,21.03
Warrior+Rogue_vs_Warrior+Rogue,Warrior+Rogue,Warrior+Rogue,57,draw,kill,23.03
Warrior+Rogue_vs_Warrior+Rogue,Warrior+Rogue,Warrior+Rogue,58,team2,kill,23.03
Warrior+Rogue_vs_Warrior+Rogue,Warrior+Rogue,Warrior+Rogue,59,team2,kill,21.03
Warrior+Rogue_vs_Warrior+Rogue,Warrior+Rogue,Warrior+Rogue,60,team2,kill,21.03
Warrior+Rogue_vs_Warrior+Rogue,Warrior+Rogue,Warrior+Rogue,61,team1,kill,21.03
Warrior+Rogue_vs_Warrior+Rogue,Warrior+Rogue,Warrior+Rogue,62,team2,kill,23.03
Warrior+Rogue_vs_Warrior+Rogue,Warrior+Rogue,Warrior+Rogue,63,team1,kill,23.03
Warrior+Rogue_vs_Warrior+Rogue,Warrior+Rogue,Warrior+Rogue,64,team2,kill,22.80
Warrior+Rogue_vs_Warrior+Rogue,Warrior+Rogue,Warrior+Rogue,65,team1,kill,23.03
Warrior+Rogue_vs_Warrior+Rogue,Warrior+Rogue,Warrior+Rogue,66,team2,kill,21.03
Warrior+Rogue_vs_Warrior+Rogue,Warrior+Rogue,Warrior+Rogue,67,team2,kill,21.03
Warrior+Rogue_vs_Warrior+Rogue,Warrior+Rogue,Warrior+Rogue,68,team2,kill,22.13
Warrior+Rogue_vs_Warrior+Rogue,Warrior+Rogue,Warrior+Rogue,69,draw,kill,23.47
Warrior+Rogue_vs_Warrior+Rogue,Warrior+Rogue,Warrior+Rogue,70,team2,kill,21.03
Warrior+Rogue_vs_Warrior+Rogue,Warrior+Rogue,Warrior+Rogue,71,team2,kill,23.03
Warrior+Rogue_vs_Warrior+Rogue,Warrior+Rogue,Warrior+Rogue,72,team1,kill,23.03
Warrior+Rogue_vs_Warrior+Rogue,Warrior+Rogue,Warrior+Rogue,73,team1,kill,21.03
Warrior+Rogue_vs_Warrior+Rogue,Warrior+Rogue,Warrior+Rogue,74,draw,kill,23.03
Warrior+Rogue_vs_Warrior+Rogue,Warrior+Rogue,Warrior+Rogue,75,team1,kill,21.03
Warrior+Rogue_vs_Warrior+Rogue,Warrior+Rogue,Warrior+Rogue,76,draw,kill,23.03
Warrior+Rogue_vs_Warrior+Rogue,Warrior+Rogue,Warrior+Rogue,77,team2,kill,22.13
Warrior+Rogue_vs_Warrior+Rogue,Warrior+Rogue,Warrior+Rogue,78,team2,kill,23.03
Warrior+Rogue_vs_Warrior+Rogue,Warrior+Rogue,Warrior+Rogue,79,team2,kill,19.03
Warrior+Priest_vs_Warrior+Priest,Warrior+Priest,Warrior+Priest,0,team1,kill,43.78
Warrior+Priest_vs_Warrior+Priest,Warrior+Priest,Warrior+Priest,1,team2,kill,182.77
Warrior+Priest_vs_Warrior+Priest,Warrior+Priest,Warrior+Priest,2,team1,kill,148.89
Warrior+Priest_vs_Warrior+Priest,Warrior+Priest,Warrior+Priest,3,team1,kill,46.90
Warrior+Priest_vs_Warrior+Priest,Warrior+Priest,Warrior+Priest,4,team1,kill,43.87
Warrior+Priest_vs_Warrior+Priest,Warrior+Priest,Warrior+Priest,5,team2,kill,139.23
Warrior+Priest_vs_Warrior+Priest,Warrior+Priest,Warrior+Priest,6,team1,kill,233.69
Warrior+Priest_vs_Warrior+Priest,Warrior+Priest,Warrior+Priest,7,team2,kill,41.28
Warrior+Priest_vs_Warrior+Priest,Warrior+Priest,Warrior+Priest,8,team1,kill,45.38
Warrior+Priest_vs_Warrior+Priest,Warrior+Priest,Warrior+Priest,9,draw,kill,178.65
Warrior+Priest_vs_Warrior+Priest,Warrior+Priest,Warrior+Priest,10,team1,kill,43.87
Warrior+Priest_vs_Warrior+Priest,Warrior+Priest,Warrior+Priest,11,team2,kill,195.55
Warrior+Priest_vs_Warrior+Priest,Warrior+Priest,Warrior+Priest,12,team2,kill,45.97
Warrior+Priest_vs_Warrior+Priest,Warrior+Priest,Warrior+Priest,13,team2,kill,44.78
Warrior+Priest_vs_Warrior+Priest,Warrior+Priest,Warrior+Priest,14,team1,kill,46.90
Warrior+Priest_vs_Warrior+Priest,Warrior+Priest,Warrior+Priest,15,team1,kill,37.93
Warrior+Priest_vs_Warrior+Priest,Warrior+Priest,Warrior+Priest,16,team2,kill,45.38
Warrior+Priest_vs_Warrior+Priest,Warrior+Priest,Warrior+Priest,17,team2,kill,43.87
Warrior+Priest_vs_Warrior+Priest,Warrior+Priest,Warrior+Priest,18,team2,kill,48.42
Warrior+Priest_vs_Warrior+Priest,Warrior+Priest,Warrior+Priest,19,team1,kill,44.63
Warrior+Priest_vs_Warrior+Priest,Warrior+Priest,Warrior+Priest,20,team1,kill,40.98
Warrior+Priest_vs_Warrior+Priest,Warrior+Priest,Warrior+Priest,21,team2,kill,43.13
Warrior+Priest_vs_Warrior+Priest,Warrior+Priest,Warrior+Priest,22,team2,kill,65.20
Warrior+Priest_vs_Warrior+Priest,Warrior+Priest,Warrior+Priest,23,team2,kill,47.83
Warrior+Priest_vs_Warrior+Priest,Warrior+Priest,Warrior+Priest,24,team1,kill,44.77
Warrior+Priest_vs_Warrior+Priest,Warrior+Priest,Warrior+Priest,25,team1,kill,43.87
Warrior+Priest_vs_Warrior+Priest,Warrior+Priest,Warrior+Priest,26,team1,kill,43.87
Warrior+Priest_vs_Warrior+Priest,Warrior+Priest,Warrior+Priest,27,team2,kill,44.65
Warrior+Priest_vs_Warrior+Priest,Warrior+Priest,Warrior+Priest,28,team1,kill,43.43
Warrior+Priest_vs_Warrior+Priest,Warrior+Priest,Warrior+Priest,29,team2,kill,42.10
Warrior+Priest_vs_Warrior+Priest,Warrior+Priest,Warrior+Priest,30,team1,kill,179.27
Warrior+Priest_vs_Warrior+Priest,Warrior+Priest,Warrior+Priest,31,team2,kill,43.63
Warrior+Priest_vs_Warrior+Priest,Warrior+Priest,Warrior+Priest,32,team1,kill,50.87
Warrior+Priest_vs_Warrior+Priest,Warrior+Priest,Warrior+Priest,33,team2,kill,41.93
Warrior+Priest_vs_Warrior+Priest,Warrior+Priest,Warrior+Priest,34,team1,kill,45.38
Warrior+Priest_vs_Warrior+Priest,Warrior+Priest,Warrior+Priest,35,team1,kill,45.38
Warrior+Priest_vs_Warrior+Priest,Warrior+Priest,Warrior+Priest,36,team1,kill,164.94
Warrior+Priest_vs_Warrior+Priest,Warrior+Priest,Warrior+Priest,37,team1,kill,43.87
Warrior+Priest_vs_Warrior+Priest,Warrior+Priest,Warrior+Priest,38,team2,kill,49.13
Warrior+Priest_vs_Warrior+Priest,Warrior+Priest,Warrior+Priest,39,team2,kill,42.07
Warrior+Priest_vs_Warrior+Priest,Warrior+Priest,Warrior+Priest,40,team1,kill,192.33
Warrior+Priest_vs_Warrior+Priest,Warrior+Priest,Warrior+Priest,41,team2,kill,189.51
Warrior+Priest_vs_Warrior+Priest,Warrior+Priest,Warrior+Priest,42,team1,kill,48.62
Warrior+Priest_vs_Warrior+Priest,Warrior+Priest,Warrior+Priest,43,team1,kill,192.35
Warrior+Priest_vs_Warrior+Priest,Warrior+Priest,Warrior+Priest,44,team2,kill,46.68
Warrior+Priest_vs_Warrior+Priest,Warrior+Priest,Warrior+Priest,45,team2,kill,44.35
Warrior+Priest_vs_Warrior+Priest,Warrior+Priest,Warrior+Priest,46,team2,kill,44.40
Warrior+Priest_vs_Warrior+Priest,Warrior+Priest,Warrior+Priest,47,team1,kill,48.22
Warrior+Priest_vs_Warrior+Priest,Warrior+Priest,Warrior+Priest,48,team1,kill,44.87
Warrior+Priest_vs_Warrior+Priest,Warrior+Priest,Warrior+Priest,49,team1,kill,42.10
Warrior+Priest_vs_Warrior+Priest,Warrior+Priest,Warrior+Priest,50,team1,kill,44.00
Warrior+Priest_vs_Warrior+Priest,Warrior+Priest,Warrior+Priest,51,team2,kill,41.87
Warrior+Priest_vs_Warrior+Priest,Warrior+Priest,Warrior+Priest,52,team1,kill,45.38
Warrior+Priest_vs_Warrior+Priest,Warrior+Priest,Warrior+Priest,53,team1,kill,48.07
Warrior+Priest_vs_Warrior+Priest,Warrior+Priest,Warrior+Priest,54,team2,kill,43.87
Warrior+Priest_vs_Warrior+Priest,Warrior+Priest,Warrior+Priest,55,team2,kill,42.32
Warrior+Priest_vs_Warrior+Priest,Warrior+Priest,Warrior+Priest,56,team1,kill,46.68
Warrior+Priest_vs_Warrior+Priest,Warrior+Priest,Warrior+Priest,57,team1,kill,45.38
Warrior+Priest_vs_Warrior+Priest,Warrior+Priest,Warrior+Priest,58,team2,kill,190.50
Warrior+Priest_vs_Warrior+Priest,Warrior+Priest,Warrior+Priest,59,team1,kill,44.43
Warrior+Priest_vs_Warrior+Priest,Warrior+Priest,Warrior+Priest,60,draw,kill,230.40
Warrior+Priest_vs_Warrior+Priest,Warrior+Priest,Warrior+Priest,61,team1,kill,45.38
Warrior+Priest_vs_Warrior+Priest,Warrior+Priest,Warrior+Priest,62,team2,kill,43.98
Warrior+Priest_vs_Warrior+Priest,Warrior+Priest,Warrior+Priest,63,team2,kill,165.24
Warrior+Priest_vs_Warrior+Priest,Warrior+Priest,Warrior+Priest,64,team2,kill,45.38
Warrior+Priest_vs_Warrior+Priest,Warrior+Priest,Warrior+Priest,65,team1,kill,45.03
Warrior+Priest_vs_Warrior+Priest,Warrior+Priest,Warrior+Priest,66,team2,kill,45.38
Warrior+Priest_vs_Warrior+Priest,Warrior+Priest,Warrior+Priest,67,team1,kill,45.58
Warrior+Priest_vs_Warrior+Priest,Warrior+Priest,Warrior+Priest,68,team2,kill,41.93
Warrior+Priest_vs_Warrior+Priest,Warrior+Priest,Warrior+Priest,69,team2,kill,46.03
Warrior+Priest_vs_Warrior+Priest,Warrior+Priest,Warrior+Priest,70,team1,kill,48.55
Warrior+Priest_vs_Warrior+Priest,Warrior+Priest,Warrior+Priest,71,team2,kill,201.06
Warrior+Priest_vs_Warrior+Priest,Warrior+Priest,Warrior+Priest,72,team2,kill,38.43
Warrior+Priest_vs_Warrior+Priest,Warrior+Priest,Warrior+Priest,73,team1,kill,187.48
Warrior+Priest_vs_Warrior+Priest,Warrior+Priest,Warrior+Priest,74,team2,kill,45.38
Warrior+Priest_vs_Warrior+Priest,Warrior+Priest,Warrior+Priest,75,team1,kill,45.97
Warrior+Priest_vs_Warrior+Priest,Warrior+Priest,Warrior+Priest,76,team1,kill,43.83
Warrior+Priest_vs_Warrior+Priest,Warrior+Priest,Warrior+Priest,77,team1,kill,196.23
Warrior+Priest_vs_Warrior+Priest,Warrior+Priest,Warrior+Priest,78,team1,kill,43.87
Warrior+Priest_vs_Warrior+Priest,Warrior+Priest,Warrior+Priest,79,team2,kill,237.25
Warrior+Warlock_vs_Warrior+Warlock,Warrior+Warlock,Warrior+Warlock,0,team1,kill,22.70
Warrior+Warlock_vs_Warrior+Warlock,Warrior+Warlock,Warrior+Warlock,1,team2,kill,21.40
Warrior+Warlock_vs_Warrior+Warlock,Warrior+Warlock,Warrior+Warlock,2,team2,kill,21.82
Warrior+Warlock_vs_Warrior+Warlock,Warrior+Warlock,Warrior+Warlock,3,team1,kill,21.82
Warrior+Warlock_vs_Warrior+Warlock,Warrior+Warlock,Warrior+Warlock,4,team2,kill,19.83
Warrior+Warlock_vs_Warrior+Warlock,Warrior+Warlock,Warrior+Warlock,5,team1,kill,25.23
Warrior+Warlock_vs_Warrior+Warlock,Warrior+Warlock,Warrior+Warlock,6,team1,kill,21.53
Warrior+Warlock_vs_Warrior+Warlock,Warrior+Warlock,Warrior+Warlock,7,team2,kill,19.83
Warrior+Warlock_vs_Warrior+Warlock,Warrior+Warlock,Warrior+Warlock,8,team1,kill,21.67
Warrior+Warlock_vs_Warrior+Warlock,Warrior+Warlock,Warrior+Warlock,9,team1,kill,22.80
Warrior+Warlock_vs_Warrior+Warlock,Warrior+Warlock,Warrior+Warlock,10,team1,kill,19.80
Warrior+Warlock_vs_Warrior+Warlock,Warrior+Warlock,Warrior+Warlock,11,team1,kill,22.45
Warrior+Warlock_vs_Warrior+Warlock,Warrior+Warlock,Warrior+Warlock,12,team1,kill,21.53
Warrior+Warlock_vs_Warrior+Warlock,Warrior+Warlock,Warrior+Warlock,13,team2,kill,18.70
Warrior+Warlock_vs_Warrior+Warlock,Warrior+Warlock,Warrior+Warlock,14,team1,kill,19.83
Warrior+Warlock_vs_Warrior+Warlock,Warrior+Warlock,Warrior+Warlock,15,team2,kill,21.37
Warrior+Warlock_vs_Warrior+Warlock,Warrior+Warlock,Warrior+Warlock,16,team1,kill,21.85
Warrior+Warlock_vs_Warrior+Warlock,Warrior+Warlock,Warrior+Warlock,17,team2,kill,20.33
Warrior+Warlock_vs_Warrior+Warlock,Warrior+Warlock,Warrior+Warlock,18,team1,kill,22.50
Warrior+Warlock_vs_Warrior+Warlock,Warrior+Warlock,Warrior+Warlock,19,team1,kill,27.93
Warrior+Warlock_vs_Warrior+Warlock,Warrior+Warlock,Warrior+Warlock,20,team2,kill,19.82
Warrior+Warlock_vs_Warrior+Warlock,Warrior+Warlock,Warrior+Warlock,21,draw,kill,25.83
Warrior+Warlock_vs_Warrior+Warlock,Warrior+Warlock,Warrior+Warlock,22,team1,kill,22.30
Warrior+Warlock_vs_Warrior+Warlock,Warrior+Warlock,Warrior+Warlock,23,team2,kill,21.62
Warrior+Warlock_vs_Warrior+Warlock,Warrior+Warlock,Warrior+Warlock,24,team1,kill,21.53
Warrior+Warlock_vs_Warrior+Warlock,Warrior+Warlock,Warrior+Warlock,25,team1,kill,25.85
Warrior+Warlock_vs_Warrior+Warlock,Warrior+Warlock,Warrior+Warlock,26,team1,kill,27.35
Warrior+Warlock_vs_Warrior+Warlock,Warrior+Warlock,Warrior+Warlock,27,team2,kill,21.77
Warrior+Warlock_vs_Warrior+Warlock,Warrior+Warlock,Warrior+Warlock,28,team1,kill,21.07
Warrior+Warlock_vs_Warrior+Warlock,Warrior+Warlock,Warrior+Warlock,29,team1,kill,21.30
Warrior+Warlock_vs_Warrior+Warlock,Warrior+Warlock,Warrior+Warlock,30,team1,kill,19.32
Warrior+Warlock_vs_Warrior+Warlock,Warrior+Warlock,Warrior+Warlock,31,team1,kill,22.78
Warrior+Warlock_vs_Warrior+Warlock,Warrior+Warlock,Warrior+Warlock,32,team1,kill,19.83
Warrior+Warlock_vs_Warrior+Warlock,Warrior+Warlock,Warrior+Warlock,33,team1,kill,22.82
Warrior+Warlock_vs_Warrior+Warlock,Warrior+Warlock,Warrior+Warlock,34,team1,kill,21.98
Warrior+Warlock_vs_Warrior+Warlock,Warrior+Warlock,Warrior+Warlock,35,team2,kill,22.82
Warrior+Warlock_vs_Warrior+Warlock,Warrior+Warlock,Warrior+Warlock,36,team1,kill,18.53
Warrior+Warlock_vs_Warrior+Warlock,Warrior+Warlock,Warrior+Warlock,37,team1,kill,21.82
Warrior+Warlock_vs_Warrior+Warlock,Warrior+Warlock,Warrior+Warlock,38,team2,kill,22.82
Warrior+Warlock_vs_Warrior+Warlock,Warrior+Warlock,Warrior+Warlock,39,team1,kill,20.55
Warrior+Warlock_vs_Warrior+Warlock,Warrior+Warlock,Warrior+Warlock,40,team2,kill,19.83
Warrior+Warlock_vs_Warrior+Warlock,Warrior+Warlock,Warrior+Warlock,41,team2,kill,22.62
Warrior+Warlock_vs_Warrior+Warlock,Warrior+Warlock,Warrior+Warlock,42,team1,kill,21.57
Warrior+Warlock_vs_Warrior+Warlock,Warrior+Warlock,Warrior+Warlock,43,team1,kill,19.82
Warrior+Warlock_vs_Warrior+Warlock,Warrior+Warlock,Warrior+Warlock,44,team2,kill,20.13
Warrior+Warlock_vs_Warrior+Warlock,Warrior+Warlock,Warrior+Warlock,45,team2,kill,21.82
Warrior+Warlock_vs_Warrior+Warlock,Warrior+Warlock,Warrior+Warlock,46,team2,kill,21.58
Warrior+Warlock_vs_Warrior+Warlock,Warrior+Warlock,Warrior+Warlock,47,team1,kill,21.47
Warrior+Warlock_vs_Warrior+Warlock,Warrior+Warlock,Warrior+Warlock,48,team2,kill,21.12
Warrior+Warlock_vs_Warrior+Warlock,Warrior+Warlock,Warrior+Warlock,49,team1,kill,22.52
Warrior+Warlock_vs_Warrior+Warlock,Warrior+Warlock,Warrior+Warlock,50,team2,kill,21.42
Warrior+Warlock_vs_Warrior+Warlock,Warrior+Warlock,Warrior+Warlock,51,team1,kill,21.08
Warrior+Warlock_vs_Warrior+Warlock,Warrior+Warlock,Warrior+Warlock,52,team1,kill,21.42
Warrior+Warlock_vs_Warrior+Warlock,Warrior+Warlock,Warrior+Warlock,53,team1,kill,19.83
Warrior+Warlock_vs_Warrior+Warlock,Warrior+Warlock,Warrior+Warlock,54,team1,kill,22.30
Warrior+Warlock_vs_Warrior+Warlock,Warrior+Warlock,Warrior+Warlock,55,team1,kill,21.37
Warrior+Warlock_vs_Warrior+Warlock,Warrior+Warlock,Warrior+Warlock,56,team2,kill,25.83
Warrior+Warlock_vs_Warrior+Warlock,Warrior+Warlock,Warrior+Warlock,57,team1,kill,21.38
Warrior+Warlock_vs_Warrior+Warlock,Warrior+Warlock,Warrior+Warlock,58,team1,kill,21.53
Warrior+Warlock_vs_Warrior+Warlock,Warrior+Warlock,Warrior+Warlock,59,team1,kill,21.65
Warrior+Warlock_vs_Warrior+Warlock,Warrior+Warlock,Warrior+Warlock,60,team2,kill,21.40
Warrior+Warlock_vs_Warrior+Warlock,Warrior+Warlock,Warrior+Warlock,61,team2,kill,22.30
Warrior+Warlock_vs_Warrior+Warlock,Warrior+Warlock,Warrior+Warlock,62,team1,kill,20.33
Warrior+Warlock_vs_Warrior+Warlock,Warrior+Warlock,Warrior+Warlock,63,team1,kill,18.35
Warrior+Warlock_vs_Warrior+Warlock,Warrior+Warlock,Warrior+Warlock,64,team1,kill,21.53
Warrior+Warlock_vs_Warrior+Warlock,Warrior+Warlock,Warrior+Warlock,65,team1,kill,22.58
Warrior+Warlock_vs_Warrior+Warlock,Warrior+Warlock,Warrior+Warlock,66,team2,kill,21.52
Warrior+Warlock_vs_Warrior+Warlock,Warrior+Warlock,Warrior+Warlock,67,team1,kill,21.40
Warrior+Warlock_vs_Warrior+Warlock,Warrior+Warlock,Warrior+Warlock,68,team2,kill,21.28
Warrior+Warlock_vs_Warrior+Warlock,Warrior+Warlock,Warrior+Warlock,69,team1,kill,19.83
Warrior+Warlock_vs_Warrior+Warlock,Warrior+Warlock,Warrior+Warlock,70,team1,kill,21.25
Warrior+Warlock_vs_Warrior+Warlock,Warrior+Warlock,Warrior+Warlock,71,team2,kill,28.32
Warrior+Warlock_vs_Warrior+Warlock,Warrior+Warlock,Warrior+Warlock,72,team2,kill,22.32
Warrior+Warlock_vs_Warrior+Warlock,Warrior+Warlock,Warrior+Warlock,73,team1,kill,22.82
Warrior+Warlock_vs_Warrior+Warlock,Warrior+Warlock,Warrior+Warlock,74,team2,kill,22.53
Warrior+Warlock_vs_Warrior+Warlock,Warrior+Warlock,Warrior+Warlock,75,draw,kill,25.83
Warrior+Warlock_vs_Warrior+Warlock,Warrior+Warlock,Warrior+Warlock,76,team2,kill,21.52
Warrior+Warlock_vs_Warrior+Warlock,Warrior+Warlock,Warrior+Warlock,77,draw,kill,27.35
Warrior+Warlock_vs_Warrior+Warlock,Warrior+Warlock,Warrior+Warlock,78,draw,kill,27.35
Warrior+Warlock_vs_Warrior+Warlock,Warrior+Warlock,Warrior+Warlock,79,team2,kill,21.90
Warrior+Paladin_vs_Warrior+Paladin,Warrior+Paladin,Warrior+Paladin,0,team1,kill,98.09
Warrior+Paladin_vs_Warrior+Paladin,Warrior+Paladin,Warrior+Paladin,1,team2,kill,68.70
Warrior+Paladin_vs_Warrior+Paladin,Warrior+Paladin,Warrior+Paladin,2,team2,kill,152.61
Warrior+Paladin_vs_Warrior+Paladin,Warrior+Paladin,Warrior+Paladin,3,team1,kill,160.44
Warrior+Paladin_vs_Warrior+Paladin,Warrior+Paladin,Warrior+Paladin,4,team2,kill,154.34
Warrior+Paladin_vs_Warrior+Paladin,Warrior+Paladin,Warrior+Paladin,5,team2,kill,61.07
Warrior+Paladin_vs_Warrior+Paladin,Warrior+Paladin,Warrior+Paladin,6,team2,kill,161.45
Warrior+Paladin_vs_Warrior+Paladin,Warrior+Paladin,Warrior+Paladin,7,draw,kill,156.41
Warrior+Paladin_vs_Warrior+Paladin,Warrior+Paladin,Warrior+Paladin,8,team2,kill,64.15
Warrior+Paladin_vs_Warrior+Paladin,Warrior+Paladin,Warrior+Paladin,9,team2,kill,64.15
Warrior+Paladin_vs_Warrior+Paladin,Warrior+Paladin,Warrior+Paladin,10,team2,kill,61.02
Warrior+Paladin_vs_Warrior+Paladin,Warrior+Paladin,Warrior+Paladin,11,team1,kill,72.55
Warrior+Paladin_vs_Warrior+Paladin,Warrior+Paladin,Warrior+Paladin,12,team1,kill,156.94
Warrior+Paladin_vs_Warrior+Paladin,Warrior+Paladin,Warrior+Paladin,13,team2,kill,116.96
Warrior+Paladin_vs_Warrior+Paladin,Warrior+Paladin,Warrior+Paladin,14,team2,kill,154.14
Warrior+Paladin_vs_Warrior+Paladin,Warrior+Paladin,Warrior+Paladin,15,team2,kill,98.09
Warrior+Paladin_vs_Warrior+Paladin,Warrior+Paladin,Warrior+Paladin,16,team1,kill,161.45
Warrior+Paladin_vs_Warrior+Paladin,Warrior+Paladin,Warrior+Paladin,17,team2,kill,157.39
Warrior+Paladin_vs_Warrior+Paladin,Warrior+Paladin,Warrior+Paladin,18,team1,kill,159.82
Warrior+Paladin_vs_Warrior+Paladin,Warrior+Paladin,Warrior+Paladin,19,team1,kill,165.79
Warrior+Paladin_vs_Warrior+Paladin,Warrior+Paladin,Warrior+Paladin,20,team1,kill,166.10
Warrior+Paladin_vs_Warrior+Paladin,Warrior+Paladin,Warrior+Paladin,21,team2,kill,120.31
Warrior+Paladin_vs_Warrior+Paladin,Warrior+Paladin,Warrior+Paladin,22,team1,kill,157.52
Warrior+Paladin_vs_Warrior+Paladin,Warrior+Paladin,Warrior+Paladin,23,team2,kill,58.15
Warrior+Paladin_vs_Warrior+Paladin,Warrior+Paladin,Warrior+Paladin,24,team1,kill,58.88
Warrior+Paladin_vs_Warrior+Paladin,Warrior+Paladin,Warrior+Paladin,25,team2,kill,59.10
Warrior+Paladin_vs_Warrior+Paladin,Warrior+Paladin,Warrior+Paladin,26,team1,kill,166.75
Warrior+Paladin_vs_Warrior+Paladin,Warrior+Paladin,Warrior+Paladin,27,team2,kill,64.15
Warrior+Paladin_vs_Warrior+Paladin,Warrior+Paladin,Warrior+Paladin,28,team2,kill,114.84
Warrior+Paladin_vs_Warrior+Paladin,Warrior+Paladin,Warrior+Paladin,29,team1,kill,68.87
Warrior+Paladin_vs_Warrior+Paladin,Warrior+Paladin,Warrior+Paladin,30,team2,kill,58.68
Warrior+Paladin_vs_Warrior+Paladin,Warrior+Paladin,Warrior+Paladin,31,team1,kill,64.15
Warrior+Paladin_vs_Warrior+Paladin,Warrior+Paladin,Warrior+Paladin,32,team2,kill,51.77
Warrior+Paladin_vs_Warrior+Paladin,Warrior+Paladin,Warrior+Paladin,33,team1,kill,168.04
Warrior+Paladin_vs_Warrior+Paladin,Warrior+Paladin,Warrior+Paladin,34,team2,kill,139.14
Warrior+Paladin_vs_Warrior+Paladin,Warrior+Paladin,Warrior+Paladin,35,team1,kill,64.98
Warrior+Paladin_vs_Warrior+Paladin,Warrior+Paladin,Warrior+Paladin,36,team2,kill,159.42
Warrior+Paladin_vs_Warrior+Paladin,Warrior+Paladin,Warrior+Paladin,37,team1,kill,70.08
Warrior+Paladin_vs_Warrior+Paladin,Warrior+Paladin,Warrior+Paladin,38,team2,kill,69.65
Warrior+Paladin_vs_Warrior+Paladin,Warrior+Paladin,Warrior+Paladin,39,team2,kill,141.11
Warrior+Paladin_vs_Warrior+Paladin,Warrior+Paladin,Warrior+Paladin,40,team1,kill,165.09
Warrior+Paladin_vs_Warrior+Paladin,Warrior+Paladin,Warrior+Paladin,41,team2,kill,154.44
Warrior+Paladin_vs_Warrior+Paladin,Warrior+Paladin,Warrior+Paladin,42,team2,kill,70.63
Warrior+Paladin_vs_Warrior+Paladin,Warrior+Paladin,Warrior+Paladin,43,team2,kill,156.74
Warrior+Paladin_vs_Warrior+Paladin,Warrior+Paladin,Warrior+Paladin,44,team2,kill,159.42
Warrior+Paladin_vs_Warrior+Paladin,Warrior+Paladin,Warrior+Paladin,45,team2,kill,131.15
Warrior+Paladin_vs_Warrior+Paladin,Warrior+Paladin,Warrior+Paladin,46,team2,kill,58.52
Warrior+Paladin_vs_Warrior+Paladin,Warrior+Paladin,Warrior+Paladin,47,team2,kill,159.34
Warrior+Paladin_vs_Warrior+Paladin,Warrior+Paladin,Warrior+Paladin,48,team2,kill,160.44
Warrior+Paladin_vs_Warrior+Paladin,Warrior+Paladin,Warrior+Paladin,49,team1,kill,64.15
Warrior+Paladin_vs_Warrior+Paladin,Warrior+Paladin,Warrior+Paladin,50,team2,kill,172.10
Warrior+Paladin_vs_Warrior+Paladin,Warrior+Paladin,Warrior+Paladin,51,team1,kill,156.37
Warrior+Paladin_vs_Warrior+Paladin,Warrior+Paladin,Warrior+Paladin,52,team2,kill,142.66
Warrior+Paladin_vs_Warrior+Paladin,Warrior+Paladin,Warrior+Paladin,53,team2,kill,156.37
Warrior+Paladin_vs_Warrior+Paladin,Warrior+Paladin,Warrior+Paladin,54,team2,kill,91.05
Warrior+Paladin_vs_Warrior+Paladin,Warrior+Paladin,Warrior+Paladin,55,team2,kill,167.07
Warrior+Paladin_vs_Warrior+Paladin,Warrior+Paladin,Warrior+Paladin,56,team2,kill,167.02
Warrior+Paladin_vs_Warrior+Paladin,Warrior+Paladin,Warrior+Paladin,57,team1,kill,157.39
Warrior+Paladin_vs_Warrior+Paladin,Warrior+Paladin,Warrior+Paladin,58,draw,kill,156.12
Warrior+Paladin_vs_Warrior+Paladin,Warrior+Paladin,Warrior+Paladin,59,team2,kill,58.95
Warrior+Paladin_vs_Warrior+Paladin,Warrior+Paladin,Warrior+Paladin,60,draw,kill,157.39
Warrior+Paladin_vs_Warrior+Paladin,Warrior+Paladin,Warrior+Paladin,61,team1,kill,154.44
Warrior+Paladin_vs_Warrior+Paladin,Warrior+Paladin,Warrior+Paladin,62,team1,kill,162.79
Warrior+Paladin_vs_Warrior+Paladin,Warrior+Paladin,Warrior+Paladin,63,team1,kill,159.29
Warrior+Paladin_vs_Warrior+Paladin,Warrior+Paladin,Warrior+Paladin,64,draw,kill,168.04
Warrior+Paladin_vs_Warrior+Paladin,Warrior+Paladin,Warrior+Paladin,65,team2,kill,109.84
Warrior+Paladin_vs_Warrior+Paladin,Warrior+Paladin,Warrior+Paladin,66,team2,kill,64.15
Warrior+Paladin_vs_Warrior+Paladin,Warrior+Paladin,Warrior+Paladin,67,team2,kill,68.55
Warrior+Paladin_vs_Warrior+Paladin,Warrior+Paladin,Warrior+Paladin,68,team2,kill,71.63
Warrior+Paladin_vs_Warrior+Paladin,Warrior+Paladin,Warrior+Paladin,69,team2,kill,165.69
Warrior+Paladin_vs_Warrior+Paladin,Warrior+Paladin,Warrior+Paladin,70,team2,kill,91.39
Warrior+Paladin_vs_Warrior+Paladin,Warrior+Paladin,Warrior+Paladin,71,team1,kill,135.31
Warrior+Paladin_vs_Warrior+Paladin,Warrior+Paladin,Warrior+Paladin,72,team2,kill,56.90
Warrior+Paladin_vs_Warrior+Paladin,Warrior+Paladin,Warrior+Paladin,73,team2,kill,113.29
Warrior+Paladin_vs_Warrior+Paladin,Warrior+Paladin,Warrior+Paladin,74,team1,kill,132.08
Warrior+Paladin_vs_Warrior+Paladin,Warrior+Paladin,Warrior+Paladin,75,team1,kill,100.22
Warrior+Paladin_vs_Warrior+Paladin,Warrior+Paladin,Warrior+Paladin,76,team2,kill,149.51
Warrior+Paladin_vs_Warrior+Paladin,Warrior+Paladin,Warrior+Paladin,77,draw,kill,161.45
Warrior+Paladin_vs_Warrior+Paladin,Warrior+Paladin,Warrior+Paladin,78,team1,kill,155.01
Warrior+Paladin_vs_Warrior+Paladin,Warrior+Paladin,Warrior+Paladin,79,team1,kill,150.87
Warrior+Hunter_vs_Warrior+Hunter,Warrior+Hunter,Warrior+Hunter,0,team1,kill,19.53
Warrior+Hunter_vs_Warrior+Hunter,Warrior+Hunter,Warrior+Hunter,1,team2,kill,19.53
Warrior+Hunter_vs_Warrior+Hunter,Warrior+Hunter,Warrior+Hunter,2,team1,kill,18.48
Warrior+Hunter_vs_Warrior+Hunter,Warrior+Hunter,Warrior+Hunter,3,team2,kill,19.85
Warrior+Hunter_vs_Warrior+Hunter,Warrior+Hunter,Warrior+Hunter,4,team2,kill,20.97
Warrior+Hunter_vs_Warrior+Hunter,Warrior+Hunter,Warrior+Hunter,5,team1,kill,18.48
Warrior+Hunter_vs_Warrior+Hunter,Warrior+Hunter,Warrior+Hunter,6,team2,kill,17.92
Warrior+Hunter_vs_Warrior+Hunter,Warrior+Hunter,Warrior+Hunter,7,team2,kill,21.08
Warrior+Hunter_vs_Warrior+Hunter,Warrior+Hunter,Warrior+Hunter,8,team1,kill,15.98
Warrior+Hunter_vs_Warrior+Hunter,Warrior+Hunter,Warrior+Hunter,9,team1,kill,19.53
Warrior+Hunter_vs_Warrior+Hunter,Warrior+Hunter,Warrior+Hunter,10,team2,kill,20.20
Warrior+Hunter_vs_Warrior+Hunter,Warrior+Hunter,Warrior+Hunter,11,team2,kill,18.38
Warrior+Hunter_vs_Warrior+Hunter,Warrior+Hunter,Warrior+Hunter,12,team1,kill,20.12
Warrior+Hunter_vs_Warrior+Hunter,Warrior+Hunter,Warrior+Hunter,13,team2,kill,16.20
Warrior+Hunter_vs_Warrior+Hunter,Warrior+Hunter,Warrior+Hunter,14,team2,kill,19.53
Warrior+Hunter_vs_Warrior+Hunter,Warrior+Hunter,Warrior+Hunter,15,team2,kill,20.20
Warrior+Hunter_vs_Warrior+Hunter,Warrior+Hunter,Warrior+Hunter,16,team1,kill,15.02
Warrior+Hunter_vs_Warrior+Hunter,Warrior+Hunter,Warrior+Hunter,17,team2,kill,20.77
Warrior+Hunter_vs_Warrior+Hunter,Warrior+Hunter,Warrior+Hunter,18,draw,kill,19.60
Warrior+Hunter_vs_Warrior+Hunter,Warrior+Hunter,Warrior+Hunter,19,team1,kill,17.88
Warrior+Hunter_vs_Warrior+Hunter,Warrior+Hunter,Warrior+Hunter,20,team1,kill,18.48
Warrior+Hunter_vs_Warrior+Hunter,Warrior+Hunter,Warrior+Hunter,21,team1,kill,18.98
Warrior+Hunter_vs_Warrior+Hunter,Warrior+Hunter,Warrior+Hunter,22,team2,kill,19.50
Warrior+Hunter_vs_Warrior+Hunter,Warrior+Hunter,Warrior+Hunter,23,draw,kill,22.07
Warrior+Hunter_vs_Warrior+Hunter,Warrior+Hunter,Warrior+Hunter,24,team2,kill,19.07
Warrior+Hunter_vs_Warrior+Hunter,Warrior+Hunter,Warrior+Hunter,25,team2,kill,19.42
Warrior+Hunter_vs_Warrior+Hunter,Warrior+Hunter,Warrior+Hunter,26,team2,kill,18.68
Warrior+Hunter_vs_Warrior+Hunter,Warrior+Hunter,Warrior+Hunter,27,team1,kill,16.20
Warrior+Hunter_vs_Warrior+Hunter,Warrior+Hunter,Warrior+Hunter,28,team2,kill,19.37
Warrior+Hunter_vs_Warrior+Hunter,Warrior+Hunter,Warrior+Hunter,29,team2,kill,19.53
Warrior+Hunter_vs_Warrior+Hunter,Warrior+Hunter,Warrior+Hunter,30,team2,kill,18.38
Warrior+Hunter_vs_Warrior+Hunter,Warrior+Hunter,Warrior+Hunter,31,team1,kill,19.50
Warrior+Hunter_vs_Warrior+Hunter,Warrior+Hunter,Warrior+Hunter,32,team1,kill,18.98
Warrior+Hunter_vs_Warrior+Hunter,Warrior+Hunter,Warrior+Hunter,33,team1,kill,18.52
Warrior+Hunter_vs_Warrior+Hunter,Warrior+Hunter,Warrior+Hunter,34,team1,kill,18.03
Warrior+Hunter_vs_Warrior+Hunter,Warrior+Hunter,Warrior+Hunter,35,team2,kill,18.48
Warrior+Hunter_vs_Warrior+Hunter,Warrior+Hunter,Warrior+Hunter,36,team2,kill,18.48
Warrior+Hunter_vs_Warrior+Hunter,Warrior+Hunter,Warrior+Hunter,37,team1,kill,17.88
Warrior+Hunter_vs_Warrior+Hunter,Warrior+Hunter,Warrior+Hunter,38,team1,kill,20.30
Warrior+Hunter_vs_Warrior+Hunter,Warrior+Hunter,Warrior+Hunter,39,team2,kill,19.53
Warrior+Hunter_vs_Warrior+Hunter,Warrior+Hunter,Warrior+Hunter,40,team2,kill,18.03
Warrior+Hunter_vs_Warrior+Hunter,Warrior+Hunter,Warrior+Hunter,41,team1,kill,20.78
Warrior+Hunter_vs_Warrior+Hunter,Warrior+Hunter,Warrior+Hunter,42,team2,kill,21.08
Warrior+Hunter_vs_Warrior+Hunter,Warrior+Hunter,Warrior+Hunter,43,team2,kill,17.87
Warrior+Hunter_vs_Warrior+Hunter,Warrior+Hunter,Warrior+Hunter,44,team2,kill,17.92
Warrior+Hunter_vs_Warrior+Hunter,Warrior+Hunter,Warrior+Hunter,45,team2,kill,17.87
Warrior+Hunter_vs_Warrior+Hunter,Warrior+Hunter,Warrior+Hunter,46,team1,kill,17.87
Warrior+Hunter_vs_Warrior+Hunter,Warrior+Hunter,Warrior+Hunter,47,team2,kill,17.92
Warrior+Hunter_vs_Warrior+Hunter,Warrior+Hunter,Warrior+Hunter,48,team1,kill,19.02
Warrior+Hunter_vs_Warrior+Hunter,Warrior+Hunter,Warrior+Hunter,49,team1,kill,18.03
Warrior+Hunter_vs_Warrior+Hunter,Warrior+Hunter,Warrior+Hunter,50,team2,kill,14.72
Warrior+Hunter_vs_Warrior+Hunter,Warrior+Hunter,Warrior+Hunter,51,team2,kill,19.62
Warrior+Hunter_vs_Warrior+Hunter,Warrior+Hunter,Warrior+Hunter,52,team2,kill,20.77
Warrior+Hunter_vs_Warrior+Hunter,Warrior+Hunter,Warrior+Hunter,53,team1,kill,19.53
Warrior+Hunter_vs_Warrior+Hunter,Warrior+Hunter,Warrior+Hunter,54,team1,kill,19.85
Warrior+Hunter_vs_Warrior+Hunter,Warrior+Hunter,Warrior+Hunter,55,team2,kill,20.30
Warrior+Hunter_vs_Warrior+Hunter,Warrior+Hunter,Warrior+Hunter,56,team1,kill,21.08
Warrior+Hunter_vs_Warrior+Hunter,Warrior+Hunter,Warrior+Hunter,57,team1,kill,17.92
Warrior+Hunter_vs_Warrior+Hunter,Warrior+Hunter,Warrior+Hunter,58,team2,kill,18.25
Warrior+Hunter_vs_Warrior+Hunter,Warrior+Hunter,Warrior+Hunter,59,team1,kill,19.60
Warrior+Hunter_vs_Warrior+Hunter,Warrior+Hunter,Warrior+Hunter,60,team2,kill,18.98
Warrior+Hunter_vs_Warrior+Hunter,Warrior+Hunter,Warrior+Hunter,61,team1,kill,17.92
Warrior+Hunter_vs_Warrior+Hunter,Warrior+Hunter,Warrior+Hunter,62,team1,kill,20.78
Warrior+Hunter_vs_Warrior+Hunter,Warrior+Hunter,Warrior+Hunter,63,team2,kill,19.53
Warrior+Hunter_vs_Warrior+Hunter,Warrior+Hunter,Warrior+Hunter,64,team1,kill,19.02
Warrior+Hunter_vs_Warrior+Hunter,Warrior+Hunter,Warrior+Hunter,65,team1,kill,19.75
Warrior+Hunter_vs_Warrior+Hunter,Warrior+Hunter,Warrior+Hunter,66,team1,kill,20.78
Warrior+Hunter_vs_Warrior+Hunter,Warrior+Hunter,Warrior+Hunter,67,team2,kill,20.77
Warrior+Hunter_vs_Warrior+Hunter,Warrior+Hunter,Warrior+Hunter,68,team2,kill,20.77
Warrior+Hunter_vs_Warrior+Hunter,Warrior+Hunter,Warrior+Hunter,69,team2,kill,16.17
Warrior+Hunter_vs_Warrior+Hunter,Warrior+Hunter,Warrior+Hunter,70,team1,kill,18.32
Warrior+Hunter_vs_Warrior+Hunter,Warrior+Hunter,Warrior+Hunter,71,team2,kill,17.88
Warrior+Hunter_vs_Warrior+Hunter,Warrior+Hunter,Warrior+Hunter,72,team2,kill,17.92
Warrior+Hunter_vs_Warrior+Hunter,Warrior+Hunter,Warrior+Hunter,73,team1,kill,18.03
Warrior+Hunter_vs_Warrior+Hunter,Warrior+Hunter,Warrior+Hunter,74,team2,kill,20.77
Warrior+Hunter_vs_Warrior+Hunter,Warrior+Hunter,Warrior+Hunter,75,team1,kill,18.48
Warrior+Hunter_vs_Warrior+Hunter,Warrior+Hunter,Warrior+Hunter,76,team2,kill,20.20
Warrior+Hunter_vs_Warrior+Hunter,Warrior+Hunter,Warrior+Hunter,77,team2,kill,17.92
Warrior+Hunter_vs_Warrior+Hunter,Warrior+Hunter,Warrior+Hunter,78,team1,kill,19.00
Warrior+Hunter_vs_Warrior+Hunter,Warrior+Hunter,Warrior+Hunter,79,draw,kill,19.50
Warrior+Shaman_vs_Warrior+Shaman,Warrior+Shaman,Warrior+Shaman,0,team2,kill,133.09
Warrior+Shaman_vs_Warrior+Shaman,Warrior+Shaman,Warrior+Shaman,1,team2,kill,68.78
Warrior+Shaman_vs_Warrior+Shaman,Warrior+Shaman,Warrior+Shaman,2,team1,kill,19.08
Warrior+Shaman_vs_Warrior+Shaman,Warrior+Shaman,Warrior+Shaman,3,team1,kill,15.02
Warrior+Shaman_vs_Warrior+Shaman,Warrior+Shaman,Warrior+Shaman,4,team1,kill,61.75
Warrior+Shaman_vs_Warrior+Shaman,Warrior+Shaman,Warrior+Shaman,5,team2,kill,17.27
Warrior+Shaman_vs_Warrior+Shaman,Warrior+Shaman,Warrior+Shaman,6,team2,kill,96.39
Warrior+Shaman_vs_Warrior+Shaman,Warrior+Shaman,Warrior+Shaman,7,team1,kill,102.54
Warrior+Shaman_vs_Warrior+Shaman,Warrior+Shaman,Warrior+Shaman,8,team1,kill,25.02
Warrior+Shaman_vs_Warrior+Shaman,Warrior+Shaman,Warrior+Shaman,9,draw,kill,160.16
Warrior+Shaman_vs_Warrior+Shaman,Warrior+Shaman,Warrior+Shaman,10,team2,kill,29.03
Warrior+Shaman_vs_Warrior+Shaman,Warrior+Shaman,Warrior+Shaman,11,team2,kill,157.16
Warrior+Shaman_vs_Warrior+Shaman,Warrior+Shaman,Warrior+Shaman,12,team1,kill,45.53
Warrior+Shaman_vs_Warrior+Shaman,Warrior+Shaman,Warrior+Shaman,13,team2,kill,23.12
Warrior+Shaman_vs_Warrior+Shaman,Warrior+Shaman,Warrior+Shaman,14,team2,kill,156.64
Warrior+Shaman_vs_Warrior+Shaman,Warrior+Shaman,Warrior+Shaman,15,team2,kill,19.50
Warrior+Shaman_vs_Warrior+Shaman,Warrior+Shaman,Warrior+Shaman,16,team1,kill,14.52
Warrior+Shaman_vs_Warrior+Shaman,Warrior+Shaman,Warrior+Shaman,17,team2,kill,30.85
Warrior+Shaman_vs_Warrior+Shaman,Warrior+Shaman,Warrior+Shaman,18,draw,kill,155.74
Warrior+Shaman_vs_Warrior+Shaman,Warrior+Shaman,Warrior+Shaman,19,team1,kill,19.50
Warrior+Shaman_vs_Warrior+Shaman,Warrior+Shaman,Warrior+Shaman,20,team2,kill,36.62
Warrior+Shaman_vs_Warrior+Shaman,Warrior+Shaman,Warrior+Shaman,21,team1,kill,96.92
Warrior+Shaman_vs_Warrior+Shaman,Warrior+Shaman,Warrior+Shaman,22,team1,kill,121.41
Warrior+Shaman_vs_Warrior+Shaman,Warrior+Shaman,Warrior+Shaman,23,team1,kill,35.68
Warrior+Shaman_vs_Warrior+Shaman,Warrior+Shaman,Warrior+Shaman,24,team2,kill,19.08
Warrior+Shaman_vs_Warrior+Shaman,Warrior+Shaman,Warrior+Shaman,25,team1,kill,15.02
Warrior+Shaman_vs_Warrior+Shaman,Warrior+Shaman,Warrior+Shaman,26,team1,kill,33.53
Warrior+Shaman_vs_Warrior+Shaman,Warrior+Shaman,Warrior+Shaman,27,team1,kill,158.74
Warrior+Shaman_vs_Warrior+Shaman,Warrior+Shaman,Warrior+Shaman,28,team2,kill,55.75
Warrior+Shaman_vs_Warrior+Shaman,Warrior+Shaman,Warrior+Shaman,29,team1,kill,160.16
Warrior+Shaman_vs_Warrior+Shaman,Warrior+Shaman,Warrior+Shaman,30,team2,kill,161.24
Warrior+Shaman_vs_Warrior+Shaman,Warrior+Shaman,Warrior+Shaman,31,team1,kill,19.08
Warrior+Shaman_vs_Warrior+Shaman,Warrior+Shaman,Warrior+Shaman,32,team1,kill,31.83
Warrior+Shaman_vs_Warrior+Shaman,Warrior+Shaman,Warrior+Shaman,33,team2,kill,61.75
Warrior+Shaman_vs_Warrior+Shaman,Warrior+Shaman,Warrior+Shaman,34,team2,kill,155.74
Warrior+Shaman_vs_Warrior+Shaman,Warrior+Shaman,Warrior+Shaman,35,team2,kill,40.83
Warrior+Shaman_vs_Warrior+Shaman,Warrior+Shaman,Warrior+Shaman,36,team1,kill,161.52
Warrior+Shaman_vs_Warrior+Shaman,Warrior+Shaman,Warrior+Shaman,37,team2,kill,31.87
Warrior+Shaman_vs_Warrior+Shaman,Warrior+Shaman,Warrior+Shaman,38,team2,kill,19.60
Warrior+Shaman_vs_Warrior+Shaman,Warrior+Shaman,Warrior+Shaman,39,team2,kill,40.65
Warrior+Shaman_vs_Warrior+Shaman,Warrior+Shaman,Warrior+Shaman,40,team1,kill,156.97
Warrior+Shaman_vs_Warrior+Shaman,Warrior+Shaman,Warrior+Shaman,41,team2,kill,28.70
Warrior+Shaman_vs_Warrior+Shaman,Warrior+Shaman,Warrior+Shaman,42,team2,kill,30.50
Warrior+Shaman_vs_Warrior+Shaman,Warrior+Shaman,Warrior+Shaman,43,team1,kill,39.52
Warrior+Shaman_vs_Warrior+Shaman,Warrior+Shaman,Warrior+Shaman,44,team1,kill,156.64
Warrior+Shaman_vs_Warrior+Shaman,Warrior+Shaman,Warrior+Shaman,45,team2,kill,148.51
Warrior+Shaman_vs_Warrior+Shaman,Warrior+Shaman,Warrior+Shaman,46,team1,kill,18.38
Warrior+Shaman_vs_Warrior+Shaman,Warrior+Shaman,Warrior+Shaman,47,team2,kill,41.43
Warrior+Shaman_vs_Warrior+Shaman,Warrior+Shaman,Warrior+Shaman,48,team1,kill,17.27
Warrior+Shaman_vs_Warrior+Shaman,Warrior+Shaman,Warrior+Shaman,49,team1,kill,151.99
Warrior+Shaman_vs_Warrior+Shaman,Warrior+Shaman,Warrior+Shaman,50,team1,kill,36.55
Warrior+Shaman_vs_Warrior+Shaman,Warrior+Shaman,Warrior+Shaman,51,team1,kill,25.33
Warrior+Shaman_vs_Warrior+Shaman,Warrior+Shaman,Warrior+Shaman,52,team1,kill,154.91
Warrior+Shaman_vs_Warrior+Shaman,Warrior+Shaman,Warrior+Shaman,53,team1,kill,45.45
Warrior+Shaman_vs_Warrior+Shaman,Warrior+Shaman,Warrior+Shaman,54,team1,kill,24.00
Warrior+Shaman_vs_Warrior+Shaman,Warrior+Shaman,Warrior+Shaman,55,team2,kill,99.54
Warrior+Shaman_vs_Warrior+Shaman,Warrior+Shaman,Warrior+Shaman,56,team2,kill,18.03
Warrior+Shaman_vs_Warrior+Shaman,Warrior+Shaman,Warrior+Shaman,57,team1,kill,37.80
Warrior+Shaman_vs_Warrior+Shaman,Warrior+Shaman,Warrior+Shaman,58,draw,kill,156.64
Warrior+Shaman_vs_Warrior+Shaman,Warrior+Shaman,Warrior+Shaman,59,draw,kill,158.41
Warrior+Shaman_vs_Warrior+Shaman,Warrior+Shaman,Warrior+Shaman,60,team2,kill,18.38
Warrior+Shaman_vs_Warrior+Shaman,Warrior+Shaman,Warrior+Shaman,61,team2,kill,151.11
Warrior+Shaman_vs_Warrior+Shaman,Warrior+Shaman,Warrior+Shaman,62,draw,kill,154.99
Warrior+Shaman_vs_Warrior+Shaman,Warrior+Shaman,Warrior+Shaman,63,team2,kill,155.22
Warrior+Shaman_vs_Warrior+Shaman,Warrior+Shaman,Warrior+Shaman,64,team2,kill,154.89
Warrior+Shaman_vs_Warrior+Shaman,Warrior+Shaman,Warrior+Shaman,65,team2,kill,155.82
Warrior+Shaman_vs_Warrior+Shaman,Warrior+Shaman,Warrior+Shaman,66,team2,kill,155.74
Warrior+Shaman_vs_Warrior+Shaman,Warrior+Shaman,Warrior+Shaman,67,team2,kill,37.62
Warrior+Shaman_vs_Warrior+Shaman,Warrior+Shaman,Warrior+Shaman,68,team2,kill,153.77
Warrior+Shaman_vs_Warrior+Shaman,Warrior+Shaman,Warrior+Shaman,69,team1,kill,58.75
Warrior+Shaman_vs_Warrior+Shaman,Warrior+Shaman,Warrior+Shaman,70,team2,kill,123.40
Warrior+Shaman_vs_Warrior+Shaman,Warrior+Shaman,Warrior+Shaman,71,team1,kill,25.53
Warrior+Shaman_vs_Warrior+Shaman,Warrior+Shaman,Warrior+Shaman,72,team1,kill,127.60
Warrior+Shaman_vs_Warrior+Shaman,Warrior+Shaman,Warrior+Shaman,73,team1,kill,34.07
Warrior+Shaman_vs_Warrior+Shaman,Warrior+Shaman,Warrior+Shaman,74,team2,kill,137.46
Warrior+Shaman_vs_Warrior+Shaman,Warrior+Shaman,Warrior+Shaman,75,team1,kill,96.54
Warrior+Shaman_vs_Warrior+Shaman,Warrior+Shaman,Warrior+Shaman,76,team2,kill,45.53
Warrior+Shaman_vs_Warrior+Shaman,Warrior+Shaman,Warrior+Shaman,77,team1,kill,151.27
Warrior+Shaman_vs_Warrior+Shaman,Warrior+Shaman,Warrior+Shaman,78,team2,kill,19.50
Warrior+Shaman_vs_Warrior+Shaman,Warrior+Shaman,Warrior+Shaman,79,team1,kill,150.76
Mage+Rogue_vs_Mage+Rogue,Mage+Rogue,Mage+Rogue,0,draw,kill,22.80
Mage+Rogue_vs_Mage+Rogue,Mage+Rogue,Mage+Rogue,1,team1,kill,23.12
Mage+Rogue_vs_Mage+Rogue,Mage+Rogue,Mage+Rogue,2,draw,kill,22.47
Mage+Rogue_vs_Mage+Rogue,Mage+Rogue,Mage+Rogue,3,team1,kill,23.13
Mage+Rogue_vs_Mage+Rogue,Mage+Rogue,Mage+Rogue,4,team2,kill,26.97
Mage+Rogue_vs_Mage+Rogue,Mage+Rogue,Mage+Rogue,5,team1,kill,23.52
Mage+Rogue_vs_Mage+Rogue,Mage+Rogue,Mage+Rogue,6,team1,kill,21.68
Mage+Rogue_vs_Mage+Rogue,Mage+Rogue,Mage+Rogue,7,team1,kill,19.55
Mage+Rogue_vs_Mage+Rogue,Mage+Rogue,Mage+Rogue,8,team1,kill,21.13
Mage+Rogue_vs_Mage+Rogue,Mage+Rogue,Mage+Rogue,9,team2,kill,22.97
Mage+Rogue_vs_Mage+Rogue,Mage+Rogue,Mage+Rogue,10,team1,kill,22.20
Mage+Rogue_vs_Mage+Rogue,Mage+Rogue,Mage+Rogue,11,team1,kill,22.50
Mage+Rogue_vs_Mage+Rogue,Mage+Rogue,Mage+Rogue,12,team2,kill,21.17
Mage+Rogue_vs_Mage+Rogue,Mage+Rogue,Mage+Rogue,13,draw,kill,22.50
Mage+Rogue_vs_Mage+Rogue,Mage+Rogue,Mage+Rogue,14,team2,kill,23.13
Mage+Rogue_vs_Mage+Rogue,Mage+Rogue,Mage+Rogue,15,team2,kill,22.73
Mage+Rogue_vs_Mage+Rogue,Mage+Rogue,Mage+Rogue,16,team1,kill,21.70
Mage+Rogue_vs_Mage+Rogue,Mage+Rogue,Mage+Rogue,17,team1,kill,21.90
Mage+Rogue_vs_Mage+Rogue,Mage+Rogue,Mage+Rogue,18,team2,kill,21.95
Mage+Rogue_vs_Mage+Rogue,Mage+Rogue,Mage+Rogue,19,team2,kill,24.07
Mage+Rogue_vs_Mage+Rogue,Mage+Rogue,Mage+Rogue,20,team2,kill,24.07
Mage+Rogue_vs_Mage+Rogue,Mage+Rogue,Mage+Rogue,21,team2,kill,24.78
Mage+Rogue_vs_Mage+Rogue,Mage+Rogue,Mage+Rogue,22,team2,kill,23.48
Mage+Rogue_vs_Mage+Rogue,Mage+Rogue,Mage+Rogue,23,team1,kill,22.37
Mage+Rogue_vs_Mage+Rogue,Mage+Rogue,Mage+Rogue,24,team2,kill,24.15
Mage+Rogue_vs_Mage+Rogue,Mage+Rogue,Mage+Rogue,25,team1,kill,22.77
Mage+Rogue_vs_Mage+Rogue,Mage+Rogue,Mage+Rogue,26,team2,kill,21.35
Mage+Rogue_vs_Mage+Rogue,Mage+Rogue,Mage+Rogue,27,team1,kill,22.07
Mage+Rogue_vs_Mage+Rogue,Mage+Rogue,Mage+Rogue,28,team2,kill,21.13
Mage+Rogue_vs_Mage+Rogue,Mage+Rogue,Mage+Rogue,29,team1,kill,23.48
Mage+Rogue_vs_Mage+Rogue,Mage+Rogue,Mage+Rogue,30,team2,kill,23.62
Mage+Rogue_vs_Mage+Rogue,Mage+Rogue,Mage+Rogue,31,team2,kill,21.97
Mage+Rogue_vs_Mage+Rogue,Mage+Rogue,Mage+Rogue,32,team1,kill,21.80
Mage+Rogue_vs_Mage+Rogue,Mage+Rogue,Mage+Rogue,33,draw,kill,23.25
Mage+Rogue_vs_Mage+Rogue,Mage+Rogue,Mage+Rogue,34,team1,kill,22.87
Mage+Rogue_vs_Mage+Rogue,Mage+Rogue,Mage+Rogue,35,team1,kill,23.13
Mage+Rogue_vs_Mage+Rogue,Mage+Rogue,Mage+Rogue,36,team2,kill,21.52
Mage+Rogue_vs_Mage+Rogue,Mage+Rogue,Mage+Rogue,37,team1,kill,22.80
Mage+Rogue_vs_Mage+Rogue,Mage+Rogue,Mage+Rogue,38,team1,kill,24.33
Mage+Rogue_vs_Mage+Rogue,Mage+Rogue,Mage+Rogue,39,team1,kill,23.90
Mage+Rogue_vs_Mage+Rogue,Mage+Rogue,Mage+Rogue,40,team1,kill,23.13
Mage+Rogue_vs_Mage+Rogue,Mage+Rogue,Mage+Rogue,41,draw,kill,22.18
Mage+Rogue_vs_Mage+Rogue,Mage+Rogue,Mage+Rogue,42,team2,kill,24.15
Mage+Rogue_vs_Mage+Rogue,Mage+Rogue,Mage+Rogue,43,team1,kill,22.63
Mage+Rogue_vs_Mage+Rogue,Mage+Rogue,Mage+Rogue,44,team2,kill,23.93
Mage+Rogue_vs_Mage+Rogue,Mage+Rogue,Mage+Rogue,45,team1,kill,23.40
Mage+Rogue_vs_Mage+Rogue,Mage+Rogue,Mage+Rogue,46,team1,kill,21.03
Mage+Rogue_vs_Mage+Rogue,Mage+Rogue,Mage+Rogue,47,team2,kill,22.80
Mage+Rogue_vs_Mage+Rogue,Mage+Rogue,Mage+Rogue,48,team1,kill,21.42
Mage+Rogue_vs_Mage+Rogue,Mage+Rogue,Mage+Rogue,49,team1,kill,23.22
Mage+Rogue_vs_Mage+Rogue,Mage+Rogue,Mage+Rogue,50,team1,kill,22.80
Mage+Rogue_vs_Mage+Rogue,Mage+Rogue,Mage+Rogue,51,team2,kill,24.73
Mage+Rogue_vs_Mage+Rogue,Mage+Rogue,Mage+Rogue,52,team1,kill,23.13
Mage+Rogue_vs_Mage+Rogue,Mage+Rogue,Mage+Rogue,53,team1,kill,22.90
Mage+Rogue_vs_Mage+Rogue,Mage+Rogue,Mage+Rogue,54,team1,kill,22.83
Mage+Rogue_vs_Mage+Rogue,Mage+Rogue,Mage+Rogue,55,team1,kill,21.20
Mage+Rogue_vs_Mage+Rogue,Mage+Rogue,Mage+Rogue,56,team2,kill,22.47
Mage+Rogue_vs_Mage+Rogue,Mage+Rogue,Mage+Rogue,57,team1,kill,24.48
Mage+Rogue_vs_Mage+Rogue,Mage+Rogue,Mage+Rogue,58,team2,kill,21.07
Mage+Rogue_vs_Mage+Rogue,Mage+Rogue,Mage+Rogue,59,team2,kill,22.80
Mage+Rogue_vs_Mage+Rogue,Mage+Rogue,Mage+Rogue,60,team2,kill,22.50
Mage+Rogue_vs_Mage+Rogue,Mage+Rogue,Mage+Rogue,61,team2,kill,23.67
Mage+Rogue_vs_Mage+Rogue,Mage+Rogue,Mage+Rogue,62,team2,kill,20.80
Mage+Rogue_vs_Mage+Rogue,Mage+Rogue,Mage+Rogue,63,team2,kill,22.32
Mage+Rogue_vs_Mage+Rogue,Mage+Rogue,Mage+Rogue,64,team2,kill,20.78
Mage+Rogue_vs_Mage+Rogue,Mage+Rogue,Mage+Rogue,65,team1,kill,23.53
Mage+Rogue_vs_Mage+Rogue,Mage+Rogue,Mage+Rogue,66,team2,kill,23.40
Mage+Rogue_vs_Mage+Rogue,Mage+Rogue,Mage+Rogue,67,team2,kill,22.73
Mage+Rogue_vs_Mage+Rogue,Mage+Rogue,Mage+Rogue,68,team2,kill,22.95
Mage+Rogue_vs_Mage+Rogue,Mage+Rogue,Mage+Rogue,69,team1,kill,21.07
Mage+Rogue_vs_Mage+Rogue,Mage+Rogue,Mage+Rogue,70,team1,kill,22.45
Mage+Rogue_vs_Mage+Rogue,Mage+Rogue,Mage+Rogue,71,draw,kill,22.80
Mage+Rogue_vs_Mage+Rogue,Mage+Rogue,Mage+Rogue,72,team2,kill,21.67
Mage+Rogue_vs_Mage+Rogue,Mage+Rogue,Mage+Rogue,73,team2,kill,22.80
Mage+Rogue_vs_Mage+Rogue,Mage+Rogue,Mage+Rogue,74,team2,kill,23.90
Mage+Rogue_vs_Mage+Rogue,Mage+Rogue,Mage+Rogue,75,draw,kill,22.93
Mage+Rogue_vs_Mage+Rogue,Mage+Rogue,Mage+Rogue,76,draw,kill,23.13
Mage+Rogue_vs_Mage+Rogue,Mage+Rogue,Mage+Rogue,77,team2,kill,24.07
Mage+Rogue_vs_Mage+Rogue,Mage+Rogue,Mage+Rogue,78,team1,kill,23.40
Mage+Rogue_vs_Mage+Rogue,Mage+Rogue,Mage+Rogue,79,team2,kill,22.50
Mage+Priest_vs_Mage+Priest,Mage+Priest,Mage+Priest,0,team1,kill,36.65
Mage+Priest_vs_Mage+Priest,Mage+Priest,Mage+Priest,1,team1,kill,37.65
Mage+Priest_vs_Mage+Priest,Mage+Priest,Mage+Priest,2,team2,kill,48.82
Mage+Priest_vs_Mage+Priest,Mage+Priest,Mage+Priest,3,team2,kill,75.12
Mage+Priest_vs_Mage+Priest,Mage+Priest,Mage+Priest,4,team1,kill,65.93
Mage+Priest_vs_Mage+Priest,Mage+Priest,Mage+Priest,5,team1,kill,70.60
Mage+Priest_vs_Mage+Priest,Mage+Priest,Mage+Priest,6,team2,kill,188.16
Mage+Priest_vs_Mage+Priest,Mage+Priest,Mage+Priest,7,team2,kill,54.35
Mage+Priest_vs_Mage+Priest,Mage+Priest,Mage+Priest,8,team1,kill,70.33
Mage+Priest_vs_Mage+Priest,Mage+Priest,Mage+Priest,9,team1,kill,68.15
Mage+Priest_vs_Mage+Priest,Mage+Priest,Mage+Priest,10,team2,kill,77.25
Mage+Priest_vs_Mage+Priest,Mage+Priest,Mage+Priest,11,team1,kill,55.05
Mage+Priest_vs_Mage+Priest,Mage+Priest,Mage+Priest,12,team1,kill,54.95
Mage+Priest_vs_Mage+Priest,Mage+Priest,Mage+Priest,13,team1,kill,55.03
Mage+Priest_vs_Mage+Priest,Mage+Priest,Mage+Priest,14,team1,kill,190.33
Mage+Priest_vs_Mage+Priest,Mage+Priest,Mage+Priest,15,team2,kill,54.97
Mage+Priest_vs_Mage+Priest,Mage+Priest,Mage+Priest,16,team1,kill,56.93
Mage+Priest_vs_Mage+Priest,Mage+Priest,Mage+Priest,17,team2,kill,71.82
Mage+Priest_vs_Mage+Priest,Mage+Priest,Mage+Priest,18,team2,kill,35.07
Mage+Priest_vs_Mage+Priest,Mage+Priest,Mage+Priest,19,team1,kill,35.02
Mage+Priest_vs_Mage+Priest,Mage+Priest,Mage+Priest,20,team2,kill,55.03
Mage+Priest_vs_Mage+Priest,Mage+Priest,Mage+Priest,21,team1,kill,70.97
Mage+Priest_vs_Mage+Priest,Mage+Priest,Mage+Priest,22,team2,kill,54.98
Mage+Priest_vs_Mage+Priest,Mage+Priest,Mage+Priest,23,team2,kill,71.07
Mage+Priest_vs_Mage+Priest,Mage+Priest,Mage+Priest,24,team2,kill,69.63
Mage+Priest_vs_Mage+Priest,Mage+Priest,Mage+Priest,25,team1,kill,58.75
Mage+Priest_vs_Mage+Priest,Mage+Priest,Mage+Priest,26,team1,kill,74.97
Mage+Priest_vs_Mage+Priest,Mage+Priest,Mage+Priest,27,team2,kill,74.53
Mage+Priest_vs_Mage+Priest,Mage+Priest,Mage+Priest,28,team1,kill,43.70
Mage+Priest_vs_Mage+Priest,Mage+Priest,Mage+Priest,29,team2,kill,35.03
Mage+Priest_vs_Mage+Priest,Mage+Priest,Mage+Priest,30,team2,kill,57.97
Mage+Priest_vs_Mage+Priest,Mage+Priest,Mage+Priest,31,team1,kill,49.27
Mage+Priest_vs_Mage+Priest,Mage+Priest,Mage+Priest,32,team1,kill,32.37
Mage+Priest_vs_Mage+Priest,Mage+Priest,Mage+Priest,33,team2,kill,72.27
Mage+Priest_vs_Mage+Priest,Mage+Priest,Mage+Priest,34,team2,kill,32.80
Mage+Priest_vs_Mage+Priest,Mage+Priest,Mage+Priest,35,team2,kill,27.90
Mage+Priest_vs_Mage+Priest,Mage+Priest,Mage+Priest,36,team1,kill,35.02
Mage+Priest_vs_Mage+Priest,Mage+Priest,Mage+Priest,37,team2,kill,57.25
Mage+Priest_vs_Mage+Priest,Mage+Priest,Mage+Priest,38,team2,kill,191.06
Mage+Priest_vs_Mage+Priest,Mage+Priest,Mage+Priest,39,team1,kill,72.13
Mage+Priest_vs_Mage+Priest,Mage+Priest,Mage+Priest,40,team1,kill,68.53
Mage+Priest_vs_Mage+Priest,Mage+Priest,Mage+Priest,41,team1,kill,50.80
Mage+Priest_vs_Mage+Priest,Mage+Priest,Mage+Priest,42,team1,kill,54.95
Mage+Priest_vs_Mage+Priest,Mage+Priest,Mage+Priest,43,team2,kill,54.92
Mage+Priest_vs_Mage+Priest,Mage+Priest,Mage+Priest,44,team2,kill,74.53
Mage+Priest_vs_Mage+Priest,Mage+Priest,Mage+Priest,45,team1,kill,32.23
Mage+Priest_vs_Mage+Priest,Mage+Priest,Mage+Priest,46,draw,kill,191.01
Mage+Priest_vs_Mage+Priest,Mage+Priest,Mage+Priest,47,team1,kill,69.10
Mage+Priest_vs_Mage+Priest,Mage+Priest,Mage+Priest,48,draw,kill,234.40
Mage+Priest_vs_Mage+Priest,Mage+Priest,Mage+Priest,49,team1,kill,32.47
Mage+Priest_vs_Mage+Priest,Mage+Priest,Mage+Priest,50,team2,kill,74.87
Mage+Priest_vs_Mage+Priest,Mage+Priest,Mage+Priest,51,team2,kill,71.78
Mage+Priest_vs_Mage+Priest,Mage+Priest,Mage+Priest,52,team1,kill,71.48
Mage+Priest_vs_Mage+Priest,Mage+Priest,Mage+Priest,53,team1,kill,52.45
Mage+Priest_vs_Mage+Priest,Mage+Priest,Mage+Priest,54,team1,kill,60.18
Mage+Priest_vs_Mage+Priest,Mage+Priest,Mage+Priest,55,team1,kill,55.93
Mage+Priest_vs_Mage+Priest,Mage+Priest,Mage+Priest,56,team2,kill,55.10
Mage+Priest_vs_Mage+Priest,Mage+Priest,Mage+Priest,57,team2,kill,71.00
Mage+Priest_vs_Mage+Priest,Mage+Priest,Mage+Priest,58,team2,kill,74.63
Mage+Priest_vs_Mage+Priest,Mage+Priest,Mage+Priest,59,team2,kill,234.19
Mage+Priest_vs_Mage+Priest,Mage+Priest,Mage+Priest,60,team2,kill,55.03
Mage+Priest_vs_Mage+Priest,Mage+Priest,Mage+Priest,61,team2,kill,35.13
Mage+Priest_vs_Mage+Priest,Mage+Priest,Mage+Priest,62,team1,kill,196.26
Mage+Priest_vs_Mage+Priest,Mage+Priest,Mage+Priest,63,team2,kill,54.97
Mage+Priest_vs_Mage+Priest,Mage+Priest,Mage+Priest,64,team2,kill,50.35
Mage+Priest_vs_Mage+Priest,Mage+Priest,Mage+Priest,65,team2,kill,193.23
Mage+Priest_vs_Mage+Priest,Mage+Priest,Mage+Priest,66,team1,kill,228.37
Mage+Priest_vs_Mage+Priest,Mage+Priest,Mage+Priest,67,draw,kill,203.71
Mage+Priest_vs_Mage+Priest,Mage+Priest,Mage+Priest,68,team1,kill,74.05
Mage+Priest_vs_Mage+Priest,Mage+Priest,Mage+Priest,69,team2,kill,57.53
Mage+Priest_vs_Mage+Priest,Mage+Priest,Mage+Priest,70,team2,kill,182.70
Mage+Priest_vs_Mage+Priest,Mage+Priest,Mage+Priest,71,team1,kill,55.00
Mage+Priest_vs_Mage+Priest,Mage+Priest,Mage+Priest,72,team2,kill,55.48
Mage+Priest_vs_Mage+Priest,Mage+Priest,Mage+Priest,73,team1,kill,71.72
Mage+Priest_vs_Mage+Priest,Mage+Priest,Mage+Priest,74,team2,kill,55.08
Mage+Priest_vs_Mage+Priest,Mage+Priest,Mage+Priest,75,team2,kill,73.87
Mage+Priest_vs_Mage+Priest,Mage+Priest,Mage+Priest,76,team1,kill,31.55
Mage+Priest_vs_Mage+Priest,Mage+Priest,Mage+Priest,77,team1,kill,74.97
Mage+Priest_vs_Mage+Priest,Mage+Priest,Mage+Priest,78,team2,kill,231.12
Mage+Priest_vs_Mage+Priest,Mage+Priest,Mage+Priest,79,team1,kill,74.58
Mage+Warlock_vs_Mage+Warlock,Mage+Warlock,Mage+Warlock,0,draw,kill,18.77
Mage+Warlock_vs_Mage+Warlock,Mage+Warlock,Mage+Warlock,1,team2,kill,16.75
Mage+Warlock_vs_Mage+Warlock,Mage+Warlock,Mage+Warlock,2,team2,kill,17.42
Mage+Warlock_vs_Mage+Warlock,Mage+Warlock,Mage+Warlock,3,team1,kill,18.48
Mage+Warlock_vs_Mage+Warlock,Mage+Warlock,Mage+Warlock,4,team1,kill,17.42
Mage+Warlock_vs_Mage+Warlock,Mage+Warlock,Mage+Warlock,5,team1,kill,17.28
Mage+Warlock_vs_Mage+Warlock,Mage+Warlock,Mage+Warlock,6,team1,kill,16.97
Mage+Warlock_vs_Mage+Warlock,Mage+Warlock,Mage+Warlock,7,team2,kill,17.42
Mage+Warlock_vs_Mage+Warlock,Mage+Warlock,Mage+Warlock,8,draw,kill,18.77
Mage+Warlock_vs_Mage+Warlock,Mage+Warlock,Mage+Warlock,9,team1,kill,16.75
Mage+Warlock_vs_Mage+Warlock,Mage+Warlock,Mage+Warlock,10,team1,kill,16.75
Mage+Warlock_vs_Mage+Warlock,Mage+Warlock,Mage+Warlock,11,team2,kill,17.42
Mage+Warlock_vs_Mage+Warlock,Mage+Warlock,Mage+Warlock,12,draw,kill,17.28
Mage+Warlock_vs_Mage+Warlock,Mage+Warlock,Mage+Warlock,13,team1,kill,17.97
Mage+Warlock_vs_Mage+Warlock,Mage+Warlock,Mage+Warlock,14,team2,kill,16.75
Mage+Warlock_vs_Mage+Warlock,Mage+Warlock,Mage+Warlock,15,team1,kill,16.75
Mage+Warlock_vs_Mage+Warlock,Mage+Warlock,Mage+Warlock,16,team1,kill,17.97
Mage+Warlock_vs_Mage+Warlock,Mage+Warlock,Mage+Warlock,17,team1,kill,17.42
Mage+Warlock_vs_Mage+Warlock,Mage+Warlock,Mage+Warlock,18,team2,kill,17.42
Mage+Warlock_vs_Mage+Warlock,Mage+Warlock,Mage+Warlock,19,draw,kill,18.77
Mage+Warlock_vs_Mage+Warlock,Mage+Warlock,Mage+Warlock,20,team2,kill,16.98
Mage+Warlock_vs_Mage+Warlock,Mage+Warlock,Mage+Warlock,21,team2,kill,16.97
Mage+Warlock_vs_Mage+Warlock,Mage+Warlock,Mage+Warlock,22,team2,kill,17.42
Mage+Warlock_vs_Mage+Warlock,Mage+Warlock,Mage+Warlock,23,draw,kill,20.98
Mage+Warlock_vs_Mage+Warlock,Mage+Warlock,Mage+Warlock,24,draw,kill,18.77
Mage+Warlock_vs_Mage+Warlock,Mage+Warlock,Mage+Warlock,25,team1,kill,17.97
Mage+Warlock_vs_Mage+Warlock,Mage+Warlock,Mage+Warlock,26,draw,kill,16.97
Mage+Warlock_vs_Mage+Warlock,Mage+Warlock,Mage+Warlock,27,team1,kill,16.97
Mage+Warlock_vs_Mage+Warlock,Mage+Warlock,Mage+Warlock,28,team2,kill,16.97
Mage+Warlock_vs_Mage+Warlock,Mage+Warlock,Mage+Warlock,29,team2,kill,17.42
Mage+Warlock_vs_Mage+Warlock,Mage+Warlock,Mage+Warlock,30,draw,kill,16.97
Mage+Warlock_vs_Mage+Warlock,Mage+Warlock,Mage+Warlock,31,team2,kill,17.28
Mage+Warlock_vs_Mage+Warlock,Mage+Warlock,Mage+Warlock,32,team1,kill,16.97
Mage+Warlock_vs_Mage+Warlock,Mage+Warlock,Mage+Warlock,33,team2,kill,17.42
Mage+Warlock_vs_Mage+Warlock,Mage+Warlock,Mage+Warlock,34,team1,kill,17.42
Mage+Warlock_vs_Mage+Warlock,Mage+Warlock,Mage+Warlock,35,team1,kill,16.75
Mage+Warlock_vs_Mage+Warlock,Mage+Warlock,Mage+Warlock,36,team2,kill,17.42
Mage+Warlock_vs_Mage+Warlock,Mage+Warlock,Mage+Warlock,37,team1,kill,17.28
Mage+Warlock_vs_Mage+Warlock,Mage+Warlock,Mage+Warlock,38,team2,kill,17.55
Mage+Warlock_vs_Mage+Warlock,Mage+Warlock,Mage+Warlock,39,draw,kill,18.77
Mage+Warlock_vs_Mage+Warlock,Mage+Warlock,Mage+Warlock,40,team2,kill,16.75
Mage+Warlock_vs_Mage+Warlock,Mage+Warlock,Mage+Warlock,41,draw,kill,18.77
Mage+Warlock_vs_Mage+Warlock,Mage+Warlock,Mage+Warlock,42,team1,kill,16.75
Mage+Warlock_vs_Mage+Warlock,Mage+Warlock,Mage+Warlock,43,team1,kill,17.42
Mage+Warlock_vs_Mage+Warlock,Mage+Warlock,Mage+Warlock,44,team2,kill,17.97
Mage+Warlock_vs_Mage+Warlock,Mage+Warlock,Mage+Warlock,45,team1,kill,17.42
Mage+Warlock_vs_Mage+Warlock,Mage+Warlock,Mage+Warlock,46,team1,kill,17.28
Mage+Warlock_vs_Mage+Warlock,Mage+Warlock,Mage+Warlock,47,team2,kill,16.98
Mage+Warlock_vs_Mage+Warlock,Mage+Warlock,Mage+Warlock,48,team1,kill,16.75
Mage+Warlock_vs_Mage+Warlock,Mage+Warlock,Mage+Warlock,49,team2,kill,17.28
Mage+Warlock_vs_Mage+Warlock,Mage+Warlock,Mage+Warlock,50,draw,kill,20.98
Mage+Warlock_vs_Mage+Warlock,Mage+Warlock,Mage+Warlock,51,team1,kill,17.28
Mage+Warlock_vs_Mage+Warlock,Mage+Warlock,Mage+Warlock,52,team1,kill,16.75
Mage+Warlock_vs_Mage+Warlock,Mage+Warlock,Mage+Warlock,53,team1,kill,16.75
Mage+Warlock_vs_Mage+Warlock,Mage+Warlock,Mage+Warlock,54,draw,kill,16.97
Mage+Warlock_vs_Mage+Warlock,Mage+Warlock,Mage+Warlock,55,team2,kill,17.42
Mage+Warlock_vs_Mage+Warlock,Mage+Warlock,Mage+Warlock,56,team1,kill,16.98
Mage+Warlock_vs_Mage+Warlock,Mage+Warlock,Mage+Warlock,57,draw,kill,17.28
Mage+Warlock_vs_Mage+Warlock,Mage+Warlock,Mage+Warlock,58,team2,kill,17.42
Mage+Warlock_vs_Mage+Warlock,Mage+Warlock,Mage+Warlock,59,team2,kill,17.97
Mage+Warlock_vs_Mage+Warlock,Mage+Warlock,Mage+Warlock,60,team1,kill,16.75
Mage+Warlock_vs_Mage+Warlock,Mage+Warlock,Mage+Warlock,61,team2,kill,16.97
Mage+Warlock_vs_Mage+Warlock,Mage+Warlock,Mage+Warlock,62,team2,kill,16.98
Mage+Warlock_vs_Mage+Warlock,Mage+Warlock,Mage+Warlock,63,team2,kill,17.28
Mage+Warlock_vs_Mage+Warlock,Mage+Warlock,Mage+Warlock,64,team2,kill,16.97
Mage+Warlock_vs_Mage+Warlock,Mage+Warlock,Mage+Warlock,65,team2,kill,16.97
Mage+Warlock_vs_Mage+Warlock,Mage+Warlock,Mage+Warlock,66,team2,kill,16.97
Mage+Warlock_vs_Mage+Warlock,Mage+Warlock,Mage+Warlock,67,draw,kill,18.77
Mage+Warlock_vs_Mage+Warlock,Mage+Warlock,Mage+Warlock,68,team2,kill,16.75
Mage+Warlock_vs_Mage+Warlock,Mage+Warlock,Mage+Warlock,69,team2,kill,16.75
Mage+Warlock_vs_Mage+Warlock,Mage+Warlock,Mage+Warlock,70,team2,kill,16.75
Mage+Warlock_vs_Mage+Warlock,Mage+Warlock,Mage+Warlock,71,draw,kill,18.77
Mage+Warlock_vs_Mage+Warlock,Mage+Warlock,Mage+Warlock,72,team1,kill,16.75
Mage+Warlock_vs_Mage+Warlock,Mage+Warlock,Mage+Warlock,73,team2,kill,17.97
Mage+Warlock_vs_Mage+Warlock,Mage+Warlock,Mage+Warlock,74,draw,kill,17.28
Mage+Warlock_vs_Mage+Warlock,Mage+Warlock,Mage+Warlock,75,team2,kill,16.75
Mage+Warlock_vs_Mage+Warlock,Mage+Warlock,Mage+Warlock,76,team2,kill,17.28
Mage+Warlock_vs_Mage+Warlock,Mage+Warlock,Mage+Warlock,77,team1,kill,17.42
Mage+Warlock_vs_Mage+Warlock,Mage+Warlock,Mage+Warlock,78,team1,kill,17.42
Mage+Warlock_vs_Mage+Warlock,Mage+Warlock,Mage+Warlock,79,team2,kill,17.28
Mage+Paladin_vs_Mage+Paladin,Mage+Paladin,Mage+Paladin,0,team1,kill,190.55
Mage+Paladin_vs_Mage+Paladin,Mage+Paladin,Mage+Paladin,1,team2,kill,181.55
Mage+Paladin_vs_Mage+Paladin,Mage+Paladin,Mage+Paladin,2,team1,kill,189.76
Mage+Paladin_vs_Mage+Paladin,Mage+Paladin,Mage+Paladin,3,team1,kill,194.08
Mage+Paladin_vs_Mage+Paladin,Mage+Paladin,Mage+Paladin,4,team1,kill,180.68
Mage+Paladin_vs_Mage+Paladin,Mage+Paladin,Mage+Paladin,5,team1,kill,95.06
Mage+Paladin_vs_Mage+Paladin,Mage+Paladin,Mage+Paladin,6,team2,kill,94.34
Mage+Paladin_vs_Mage+Paladin,Mage+Paladin,Mage+Paladin,7,team1,kill,114.34
Mage+Paladin_vs_Mage+Paladin,Mage+Paladin,Mage+Paladin,8,team1,kill,198.78
Mage+Paladin_vs_Mage+Paladin,Mage+Paladin,Mage+Paladin,9,team1,kill,197.71
Mage+Paladin_vs_Mage+Paladin,Mage+Paladin,Mage+Paladin,10,team2,kill,184.65
Mage+Paladin_vs_Mage+Paladin,Mage+Paladin,Mage+Paladin,11,team2,kill,122.31
Mage+Paladin_vs_Mage+Paladin,Mage+Paladin,Mage+Paladin,12,team2,kill,186.93
Mage+Paladin_vs_Mage+Paladin,Mage+Paladin,Mage+Paladin,13,team2,kill,184.65
Mage+Paladin_vs_Mage+Paladin,Mage+Paladin,Mage+Paladin,14,team1,kill,173.93
Mage+Paladin_vs_Mage+Paladin,Mage+Paladin,Mage+Paladin,15,team2,kill,180.53
Mage+Paladin_vs_Mage+Paladin,Mage+Paladin,Mage+Paladin,16,team1,kill,181.75
Mage+Paladin_vs_Mage+Paladin,Mage+Paladin,Mage+Paladin,17,team1,kill,173.59
Mage+Paladin_vs_Mage+Paladin,Mage+Paladin,Mage+Paladin,18,team1,kill,189.53
Mage+Paladin_vs_Mage+Paladin,Mage+Paladin,Mage+Paladin,19,team1,kill,64.33
Mage+Paladin_vs_Mage+Paladin,Mage+Paladin,Mage+Paladin,20,team2,kill,105.39
Mage+Paladin_vs_Mage+Paladin,Mage+Paladin,Mage+Paladin,21,team2,kill,198.96
Mage+Paladin_vs_Mage+Paladin,Mage+Paladin,Mage+Paladin,22,team1,kill,195.01
Mage+Paladin_vs_Mage+Paladin,Mage+Paladin,Mage+Paladin,23,team2,kill,160.62
Mage+Paladin_vs_Mage+Paladin,Mage+Paladin,Mage+Paladin,24,team2,kill,179.57
Mage+Paladin_vs_Mage+Paladin,Mage+Paladin,Mage+Paladin,25,team2,kill,189.61
Mage+Paladin_vs_Mage+Paladin,Mage+Paladin,Mage+Paladin,26,team1,kill,177.73
Mage+Paladin_vs_Mage+Paladin,Mage+Paladin,Mage+Paladin,27,team1,kill,190.68
Mage+Paladin_vs_Mage+Paladin,Mage+Paladin,Mage+Paladin,28,team1,kill,184.32
Mage+Paladin_vs_Mage+Paladin,Mage+Paladin,Mage+Paladin,29,team2,kill,185.10
Mage+Paladin_vs_Mage+Paladin,Mage+Paladin,Mage+Paladin,30,team2,kill,196.65
Mage+Paladin_vs_Mage+Paladin,Mage+Paladin,Mage+Paladin,31,team2,kill,194.36
Mage+Paladin_vs_Mage+Paladin,Mage+Paladin,Mage+Paladin,32,team1,kill,186.25
Mage+Paladin_vs_Mage+Paladin,Mage+Paladin,Mage+Paladin,33,draw,kill,188.33
Mage+Paladin_vs_Mage+Paladin,Mage+Paladin,Mage+Paladin,34,team2,kill,183.17
Mage+Paladin_vs_Mage+Paladin,Mage+Paladin,Mage+Paladin,35,team2,kill,198.33
Mage+Paladin_vs_Mage+Paladin,Mage+Paladin,Mage+Paladin,36,team1,kill,185.85
Mage+Paladin_vs_Mage+Paladin,Mage+Paladin,Mage+Paladin,37,team1,kill,180.00
Mage+Paladin_vs_Mage+Paladin,Mage+Paladin,Mage+Paladin,38,team1,kill,186.48
Mage+Paladin_vs_Mage+Paladin,Mage+Paladin,Mage+Paladin,39,team2,kill,166.24
Mage+Paladin_vs_Mage+Paladin,Mage+Paladin,Mage+Paladin,40,team2,kill,182.58
Mage+Paladin_vs_Mage+Paladin,Mage+Paladin,Mage+Paladin,41,team2,kill,185.50
Mage+Paladin_vs_Mage+Paladin,Mage+Paladin,Mage+Paladin,42,team1,kill,189.46
Mage+Paladin_vs_Mage+Paladin,Mage+Paladin,Mage+Paladin,43,team1,kill,184.72
Mage+Paladin_vs_Mage+Paladin,Mage+Paladin,Mage+Paladin,44,team2,kill,198.35
Mage+Paladin_vs_Mage+Paladin,Mage+Paladin,Mage+Paladin,45,team2,kill,99.97
Mage+Paladin_vs_Mage+Paladin,Mage+Paladin,Mage+Paladin,46,team2,kill,186.18
Mage+Paladin_vs_Mage+Paladin,Mage+Paladin,Mage+Paladin,47,team2,kill,184.15
Mage+Paladin_vs_Mage+Paladin,Mage+Paladin,Mage+Paladin,48,team2,kill,188.91
Mage+Paladin_vs_Mage+Paladin,Mage+Paladin,Mage+Paladin,49,team1,kill,181.20
Mage+Paladin_vs_Mage+Paladin,Mage+Paladin,Mage+Paladin,50,team2,kill,184.08
Mage+Paladin_vs_Mage+Paladin,Mage+Paladin,Mage+Paladin,51,team2,kill,181.35
Mage+Paladin_vs_Mage+Paladin,Mage+Paladin,Mage+Paladin,52,team2,kill,184.33
Mage+Paladin_vs_Mage+Paladin,Mage+Paladin,Mage+Paladin,53,team1,kill,190.60
Mage+Paladin_vs_Mage+Paladin,Mage+Paladin,Mage+Paladin,54,team2,kill,179.27
Mage+Paladin_vs_Mage+Paladin,Mage+Paladin,Mage+Paladin,55,team2,kill,189.45
Mage+Paladin_vs_Mage+Paladin,Mage+Paladin,Mage+Paladin,56,team2,kill,185.10
Mage+Paladin_vs_Mage+Paladin,Mage+Paladin,Mage+Paladin,57,team2,kill,138.51
Mage+Paladin_vs_Mage+Paladin,Mage+Paladin,Mage+Paladin,58,team1,kill,171.74
Mage+Paladin_vs_Mage+Paladin,Mage+Paladin,Mage+Paladin,59,team2,kill,189.16
Mage+Paladin_vs_Mage+Paladin,Mage+Paladin,Mage+Paladin,60,team2,kill,195.06
Mage+Paladin_vs_Mage+Paladin,Mage+Paladin,Mage+Paladin,61,team2,kill,190.81
Mage+Paladin_vs_Mage+Paladin,Mage+Paladin,Mage+Paladin,62,team1,kill,181.02
Mage+Paladin_vs_Mage+Paladin,Mage+Paladin,Mage+Paladin,63,team2,kill,147.89
Mage+Paladin_vs_Mage+Paladin,Mage+Paladin,Mage+Paladin,64,team1,kill,174.73
Mage+Paladin_vs_Mage+Paladin,Mage+Paladin,Mage+Paladin,65,team1,kill,178.55
Mage+Paladin_vs_Mage+Paladin,Mage+Paladin,Mage+Paladin,66,team1,kill,185.83
Mage+Paladin_vs_Mage+Paladin,Mage+Paladin,Mage+Paladin,67,team1,kill,172.72
Mage+Paladin_vs_Mage+Paladin,Mage+Paladin,Mage+Paladin,68,draw,kill,184.07
Mage+Paladin_vs_Mage+Paladin,Mage+Paladin,Mage+Paladin,69,team2,kill,162.49
Mage+Paladin_vs_Mage+Paladin,Mage+Paladin,Mage+Paladin,70,team2,kill,188.16
Mage+Paladin_vs_Mage+Paladin,Mage+Paladin,Mage+Paladin,71,team2,kill,180.33
Mage+Paladin_vs_Mage+Paladin,Mage+Paladin,Mage+Paladin,72,team1,kill,168.00
Mage+Paladin_vs_Mage+Paladin,Mage+Paladin,Mage+Paladin,73,team2,kill,162.55
Mage+Paladin_vs_Mage+Paladin,Mage+Paladin,Mage+Paladin,74,team2,kill,196.26
Mage+Paladin_vs_Mage+Paladin,Mage+Paladin,Mage+Paladin,75,team2,kill,187.23
Mage+Paladin_vs_Mage+Paladin,Mage+Paladin,Mage+Paladin,76,team2,kill,183.82
Mage+Paladin_vs_Mage+Paladin,Mage+Paladin,Mage+Paladin,77,team1,kill,195.03
Mage+Paladin_vs_Mage+Paladin,Mage+Paladin,Mage+Paladin,78,team2,kill,116.63
Mage+Paladin_vs_Mage+Paladin,Mage+Paladin,Mage+Paladin,79,team2,kill,179.17
Mage+Hunter_vs_Mage+Hunter,Mage+Hunter,Mage+Hunter,0,team2,kill,13.48
Mage+Hunter_vs_Mage+Hunter,Mage+Hunter,Mage+Hunter,1,team1,kill,16.00
Mage+Hunter_vs_Mage+Hunter,Mage+Hunter,Mage+Hunter,2,team2,kill,13.27
Mage+Hunter_vs_Mage+Hunter,Mage+Hunter,Mage+Hunter,3,team2,kill,14.57
Mage+Hunter_vs_Mage+Hunter,Mage+Hunter,Mage+Hunter,4,team1,kill,15.53
Mage+Hunter_vs_Mage+Hunter,Mage+Hunter,Mage+Hunter,5,team2,kill,15.53
Mage+Hunter_vs_Mage+Hunter,Mage+Hunter,Mage+Hunter,6,draw,kill,15.53
Mage+Hunter_vs_Mage+Hunter,Mage+Hunter,Mage+Hunter,7,team2,kill,14.57
Mage+Hunter_vs_Mage+Hunter,Mage+Hunter,Mage+Hunter,8,team2,kill,13.27
Mage+Hunter_vs_Mage+Hunter,Mage+Hunter,Mage+Hunter,9,team2,kill,14.57
Mage+Hunter_vs_Mage+Hunter,Mage+Hunter,Mage+Hunter,10,team2,kill,13.48
Mage+Hunter_vs_Mage+Hunter,Mage+Hunter,Mage+Hunter,11,team1,kill,15.53
Mage+Hunter_vs_Mage+Hunter,Mage+Hunter,Mage+Hunter,12,team1,kill,14.57
Mage+Hunter_vs_Mage+Hunter,Mage+Hunter,Mage+Hunter,13,team2,kill,13.48
Mage+Hunter_vs_Mage+Hunter,Mage+Hunter,Mage+Hunter,14,team2,kill,16.50
Mage+Hunter_vs_Mage+Hunter,Mage+Hunter,Mage+Hunter,15,team1,kill,14.57
Mage+Hunter_vs_Mage+Hunter,Mage+Hunter,Mage+Hunter,16,team1,kill,14.57
Mage+Hunter_vs_Mage+Hunter,Mage+Hunter,Mage+Hunter,17,team1,kill,14.57
Mage+Hunter_vs_Mage+Hunter,Mage+Hunter,Mage+Hunter,18,team1,kill,16.00
Mage+Hunter_vs_Mage+Hunter,Mage+Hunter,Mage+Hunter,19,team1,kill,14.57
Mage+Hunter_vs_Mage+Hunter,Mage+Hunter,Mage+Hunter,20,team2,kill,15.53
Mage+Hunter_vs_Mage+Hunter,Mage+Hunter,Mage+Hunter,21,team2,kill,13.27
Mage+Hunter_vs_Mage+Hunter,Mage+Hunter,Mage+Hunter,22,team1,kill,13.48
Mage+Hunter_vs_Mage+Hunter,Mage+Hunter,Mage+Hunter,23,team1,kill,13.48
Mage+Hunter_vs_Mage+Hunter,Mage+Hunter,Mage+Hunter,24,team1,kill,13.27
Mage+Hunter_vs_Mage+Hunter,Mage+Hunter,Mage+Hunter,25,team1,kill,14.57
Mage+Hunter_vs_Mage+Hunter,Mage+Hunter,Mage+Hunter,26,team1,kill,15.53
Mage+Hunter_vs_Mage+Hunter,Mage+Hunter,Mage+Hunter,27,team1,kill,13.48
Mage+Hunter_vs_Mage+Hunter,Mage+Hunter,Mage+Hunter,28,team1,kill,15.53
Mage+Hunter_vs_Mage+Hunter,Mage+Hunter,Mage+Hunter,29,team2,kill,13.48
Mage+Hunter_vs_Mage+Hunter,Mage+Hunter,Mage+Hunter,30,team1,kill,15.53
Mage+Hunter_vs_Mage+Hunter,Mage+Hunter,Mage+Hunter,31,team2,kill,14.57
Mage+Hunter_vs_Mage+Hunter,Mage+Hunter,Mage+Hunter,32,draw,kill,16.00
Mage+Hunter_vs_Mage+Hunter,Mage+Hunter,Mage+Hunter,33,team1,kill,16.00
Mage+Hunter_vs_Mage+Hunter,Mage+Hunter,Mage+Hunter,34,draw,kill,16.50
Mage+Hunter_vs_Mage+Hunter,Mage+Hunter,Mage+Hunter,35,team2,kill,14.78
Mage+Hunter_vs_Mage+Hunter,Mage+Hunter,Mage+Hunter,36,team1,kill,14.57
Mage+Hunter_vs_Mage+Hunter,Mage+Hunter,Mage+Hunter,37,team2,kill,16.00
Mage+Hunter_vs_Mage+Hunter,Mage+Hunter,Mage+Hunter,38,team2,kill,13.27
Mage+Hunter_vs_Mage+Hunter,Mage+Hunter,Mage+Hunter,39,team1,kill,15.53
Mage+Hunter_vs_Mage+Hunter,Mage+Hunter,Mage+Hunter,40,team1,kill,15.53
Mage+Hunter_vs_Mage+Hunter,Mage+Hunter,Mage+Hunter,41,team1,kill,15.53
Mage+Hunter_vs_Mage+Hunter,Mage+Hunter,Mage+Hunter,42,team1,kill,14.57
Mage+Hunter_vs_Mage+Hunter,Mage+Hunter,Mage+Hunter,43,team1,kill,13.27
Mage+Hunter_vs_Mage+Hunter,Mage+Hunter,Mage+Hunter,44,team2,kill,13.27
Mage+Hunter_vs_Mage+Hunter,Mage+Hunter,Mage+Hunter,45,team1,kill,14.57
Mage+Hunter_vs_Mage+Hunter,Mage+Hunter,Mage+Hunter,46,draw,kill,16.00
Mage+Hunter_vs_Mage+Hunter,Mage+Hunter,Mage+Hunter,47,team1,kill,16.00
Mage+Hunter_vs_Mage+Hunter,Mage+Hunter,Mage+Hunter,48,team2,kill,13.27
Mage+Hunter_vs_Mage+Hunter,Mage+Hunter,Mage+Hunter,49,draw,kill,16.00
Mage+Hunter_vs_Mage+Hunter,Mage+Hunter,Mage+Hunter,50,team1,kill,14.57
Mage+Hunter_vs_Mage+Hunter,Mage+Hunter,Mage+Hunter,51,team1,kill,13.48
Mage+Hunter_vs_Mage+Hunter,Mage+Hunter,Mage+Hunter,52,team2,kill,14.78
Mage+Hunter_vs_Mage+Hunter,Mage+Hunter,Mage+Hunter,53,draw,kill,16.50
Mage+Hunter_vs_Mage+Hunter,Mage+Hunter,Mage+Hunter,54,team1,kill,14.57
Mage+Hunter_vs_Mage+Hunter,Mage+Hunter,Mage+Hunter,55,draw,kill,16.00
Mage+Hunter_vs_Mage+Hunter,Mage+Hunter,Mage+Hunter,56,team1,kill,13.48
Mage+Hunter_vs_Mage+Hunter,Mage+Hunter,Mage+Hunter,57,team1,kill,14.57
Mage+Hunter_vs_Mage+Hunter,Mage+Hunter,Mage+Hunter,58,team2,kill,15.53
Mage+Hunter_vs_Mage+Hunter,Mage+Hunter,Mage+Hunter,59,team2,kill,13.48
Mage+Hunter_vs_Mage+Hunter,Mage+Hunter,Mage+Hunter,60,team1,kill,16.50
Mage+Hunter_vs_Mage+Hunter,Mage+Hunter,Mage+Hunter,61,team2,kill,16.00
Mage+Hunter_vs_Mage+Hunter,Mage+Hunter,Mage+Hunter,62,team2,kill,13.48
Mage+Hunter_vs_Mage+Hunter,Mage+Hunter,Mage+Hunter,63,team2,kill,15.53
Mage+Hunter_vs_Mage+Hunter,Mage+Hunter,Mage+Hunter,64,team2,kill,15.53
Mage+Hunter_vs_Mage+Hunter,Mage+Hunter,Mage+Hunter,65,team1,kill,14.57
Mage+Hunter_vs_Mage+Hunter,Mage+Hunter,Mage+Hunter,66,team2,kill,16.00
Mage+Hunter_vs_Mage+Hunter,Mage+Hunter,Mage+Hunter,67,team2,kill,14.57
Mage+Hunter_vs_Mage+Hunter,Mage+Hunter,Mage+Hunter,68,team2,kill,14.57
Mage+Hunter_vs_Mage+Hunter,Mage+Hunter,Mage+Hunter,69,draw,kill,15.53
Mage+Hunter_vs_Mage+Hunter,Mage+Hunter,Mage+Hunter,70,team2,kill,13.27
Mage+Hunter_vs_Mage+Hunter,Mage+Hunter,Mage+Hunter,71,team2,kill,14.57
Mage+Hunter_vs_Mage+Hunter,Mage+Hunter,Mage+Hunter,72,draw,kill,16.00
Mage+Hunter_vs_Mage+Hunter,Mage+Hunter,Mage+Hunter,73,draw,kill,15.53
Mage+Hunter_vs_Mage+Hunter,Mage+Hunter,Mage+Hunter,74,team2,kill,13.27
Mage+Hunter_vs_Mage+Hunter,Mage+Hunter,Mage+Hunter,75,team2,kill,14.57
Mage+Hunter_vs_Mage+Hunter,Mage+Hunter,Mage+Hunter,76,team1,kill,13.48
Mage+Hunter_vs_Mage+Hunter,Mage+Hunter,Mage+Hunter,77,team2,kill,11.95
Mage+Hunter_vs_Mage+Hunter,Mage+Hunter,Mage+Hunter,78,draw,kill,15.53
Mage+Hunter_vs_Mage+Hunter,Mage+Hunter,Mage+Hunter,79,team1,kill,13.48
Mage+Shaman_vs_Mage+Shaman,Mage+Shaman,Mage+Shaman,0,draw,kill,99.36
Mage+Shaman_vs_Mage+Shaman,Mage+Shaman,Mage+Shaman,1,team2,kill,14.83
Mage+Shaman_vs_Mage+Shaman,Mage+Shaman,Mage+Shaman,2,team2,kill,16.35
Mage+Shaman_vs_Mage+Shaman,Mage+Shaman,Mage+Shaman,3,team1,kill,11.95
Mage+Shaman_vs_Mage+Shaman,Mage+Shaman,Mage+Shaman,4,team2,kill,102.36
Mage+Shaman_vs_Mage+Shaman,Mage+Shaman,Mage+Shaman,5,team2,kill,115.74
Mage+Shaman_vs_Mage+Shaman,Mage+Shaman,Mage+Shaman,6,draw,kill,99.36
Mage+Shaman_vs_Mage+Shaman,Mage+Shaman,Mage+Shaman,7,team1,kill,11.95
Mage+Shaman_vs_Mage+Shaman,Mage+Shaman,Mage+Shaman,8,team1,kill,12.02
Mage+Shaman_vs_Mage+Shaman,Mage+Shaman,Mage+Shaman,9,team2,kill,125.08
Mage+Shaman_vs_Mage+Shaman,Mage+Shaman,Mage+Shaman,10,team1,kill,109.88
Mage+Shaman_vs_Mage+Shaman,Mage+Shaman,Mage+Shaman,11,team2,kill,15.05
Mage+Shaman_vs_Mage+Shaman,Mage+Shaman,Mage+Shaman,12,team1,kill,15.05
Mage+Shaman_vs_Mage+Shaman,Mage+Shaman,Mage+Shaman,13,team1,kill,12.02
Mage+Shaman_vs_Mage+Shaman,Mage+Shaman,Mage+Shaman,14,team2,kill,15.05
Mage+Shaman_vs_Mage+Shaman,Mage+Shaman,Mage+Shaman,15,team1,kill,125.91
Mage+Shaman_vs_Mage+Shaman,Mage+Shaman,Mage+Shaman,16,team2,kill,102.36
Mage+Shaman_vs_Mage+Shaman,Mage+Shaman,Mage+Shaman,17,team1,kill,28.85
Mage+Shaman_vs_Mage+Shaman,Mage+Shaman,Mage+Shaman,18,team2,kill,99.36
Mage+Shaman_vs_Mage+Shaman,Mage+Shaman,Mage+Shaman,19,team1,kill,90.35
Mage+Shaman_vs_Mage+Shaman,Mage+Shaman,Mage+Shaman,20,team1,kill,127.51
Mage+Shaman_vs_Mage+Shaman,Mage+Shaman,Mage+Shaman,21,team1,kill,99.36
Mage+Shaman_vs_Mage+Shaman,Mage+Shaman,Mage+Shaman,22,team2,kill,30.27
Mage+Shaman_vs_Mage+Shaman,Mage+Shaman,Mage+Shaman,23,team2,kill,12.02
Mage+Shaman_vs_Mage+Shaman,Mage+Shaman,Mage+Shaman,24,team1,kill,16.35
Mage+Shaman_vs_Mage+Shaman,Mage+Shaman,Mage+Shaman,25,team2,kill,15.05
Mage+Shaman_vs_Mage+Shaman,Mage+Shaman,Mage+Shaman,26,team2,kill,15.05
Mage+Shaman_vs_Mage+Shaman,Mage+Shaman,Mage+Shaman,27,team1,kill,14.83
Mage+Shaman_vs_Mage+Shaman,Mage+Shaman,Mage+Shaman,28,team1,kill,16.35
Mage+Shaman_vs_Mage+Shaman,Mage+Shaman,Mage+Shaman,29,team1,kill,12.02
Mage+Shaman_vs_Mage+Shaman,Mage+Shaman,Mage+Shaman,30,team2,kill,102.36
Mage+Shaman_vs_Mage+Shaman,Mage+Shaman,Mage+Shaman,31,team2,kill,16.35
Mage+Shaman_vs_Mage+Shaman,Mage+Shaman,Mage+Shaman,32,team1,kill,16.35
Mage+Shaman_vs_Mage+Shaman,Mage+Shaman,Mage+Shaman,33,team1,kill,12.02
Mage+Shaman_vs_Mage+Shaman,Mage+Shaman,Mage+Shaman,34,team1,kill,115.74
Mage+Shaman_vs_Mage+Shaman,Mage+Shaman,Mage+Shaman,35,team1,kill,93.36
Mage+Shaman_vs_Mage+Shaman,Mage+Shaman,Mage+Shaman,36,team2,kill,19.27
Mage+Shaman_vs_Mage+Shaman,Mage+Shaman,Mage+Shaman,37,team1,kill,131.08
Mage+Shaman_vs_Mage+Shaman,Mage+Shaman,Mage+Shaman,38,team1,kill,11.95
Mage+Shaman_vs_Mage+Shaman,Mage+Shaman,Mage+Shaman,39,team1,kill,115.51
Mage+Shaman_vs_Mage+Shaman,Mage+Shaman,Mage+Shaman,40,team2,kill,10.43
Mage+Shaman_vs_Mage+Shaman,Mage+Shaman,Mage+Shaman,41,team2,kill,16.35
Mage+Shaman_vs_Mage+Shaman,Mage+Shaman,Mage+Shaman,42,team2,kill,102.36
Mage+Shaman_vs_Mage+Shaman,Mage+Shaman,Mage+Shaman,43,team2,kill,122.08
Mage+Shaman_vs_Mage+Shaman,Mage+Shaman,Mage+Shaman,44,team1,kill,12.02
Mage+Shaman_vs_Mage+Shaman,Mage+Shaman,Mage+Shaman,45,team2,kill,14.85
Mage+Shaman_vs_Mage+Shaman,Mage+Shaman,Mage+Shaman,46,team2,kill,12.02
Mage+Shaman_vs_Mage+Shaman,Mage+Shaman,Mage+Shaman,47,draw,kill,146.21
Mage+Shaman_vs_Mage+Shaman,Mage+Shaman,Mage+Shaman,48,team1,kill,12.02
Mage+Shaman_vs_Mage+Shaman,Mage+Shaman,Mage+Shaman,49,team2,kill,99.36
Mage+Shaman_vs_Mage+Shaman,Mage+Shaman,Mage+Shaman,50,team2,kill,99.36
Mage+Shaman_vs_Mage+Shaman,Mage+Shaman,Mage+Shaman,51,team2,kill,12.02
Mage+Shaman_vs_Mage+Shaman,Mage+Shaman,Mage+Shaman,52,team1,kill,16.35
Mage+Shaman_vs_Mage+Shaman,Mage+Shaman,Mage+Shaman,53,team2,kill,15.05
Mage+Shaman_vs_Mage+Shaman,Mage+Shaman,Mage+Shaman,54,team2,kill,11.82
Mage+Shaman_vs_Mage+Shaman,Mage+Shaman,Mage+Shaman,55,team1,kill,106.88
Mage+Shaman_vs_Mage+Shaman,Mage+Shaman,Mage+Shaman,56,team2,kill,12.02
Mage+Shaman_vs_Mage+Shaman,Mage+Shaman,Mage+Shaman,57,team2,kill,106.57
Mage+Shaman_vs_Mage+Shaman,Mage+Shaman,Mage+Shaman,58,team2,kill,15.05
Mage+Shaman_vs_Mage+Shaman,Mage+Shaman,Mage+Shaman,59,team1,kill,99.36
Mage+Shaman_vs_Mage+Shaman,Mage+Shaman,Mage+Shaman,60,team2,kill,15.55
Mage+Shaman_vs_Mage+Shaman,Mage+Shaman,Mage+Shaman,61,team1,kill,99.36
Mage+Shaman_vs_Mage+Shaman,Mage+Shaman,Mage+Shaman,62,team1,kill,12.02
Mage+Shaman_vs_Mage+Shaman,Mage+Shaman,Mage+Shaman,63,team1,kill,99.36
Mage+Shaman_vs_Mage+Shaman,Mage+Shaman,Mage+Shaman,64,team1,kill,12.02
Mage+Shaman_vs_Mage+Shaman,Mage+Shaman,Mage+Shaman,65,team1,kill,102.36
Mage+Shaman_vs_Mage+Shaman,Mage+Shaman,Mage+Shaman,66,team2,kill,12.02
Mage+Shaman_vs_Mage+Shaman,Mage+Shaman,Mage+Shaman,67,team2,kill,13.33
Mage+Shaman_vs_Mage+Shaman,Mage+Shaman,Mage+Shaman,68,team2,kill,26.88
Mage+Shaman_vs_Mage+Shaman,Mage+Shaman,Mage+Shaman,69,team1,kill,128.90
Mage+Shaman_vs_Mage+Shaman,Mage+Shaman,Mage+Shaman,70,team1,kill,11.82
Mage+Shaman_vs_Mage+Shaman,Mage+Shaman,Mage+Shaman,71,team2,kill,13.32
Mage+Shaman_vs_Mage+Shaman,Mage+Shaman,Mage+Shaman,72,team1,kill,21.57
Mage+Shaman_vs_Mage+Shaman,Mage+Shaman,Mage+Shaman,73,team1,kill,12.02
Mage+Shaman_vs_Mage+Shaman,Mage+Shaman,Mage+Shaman,74,team1,kill,15.55
Mage+Shaman_vs_Mage+Shaman,Mage+Shaman,Mage+Shaman,75,team2,kill,15.05
Mage+Shaman_vs_Mage+Shaman,Mage+Shaman,Mage+Shaman,76,team1,kill,102.36
Mage+Shaman_vs_Mage+Shaman,Mage+Shaman,Mage+Shaman,77,draw,kill,105.36
Mage+Shaman_vs_Mage+Shaman,Mage+Shaman,Mage+Shaman,78,team2,kill,16.35
Mage+Shaman_vs_Mage+Shaman,Mage+Shaman,Mage+Shaman,79,team2,kill,11.82
Rogue+Priest_vs_Rogue+Priest,Rogue+Priest,Rogue+Priest,0,team1,kill,25.65
Rogue+Priest_vs_Rogue+Priest,Rogue+Priest,Rogue+Priest,1,team1,kill,25.65
Rogue+Priest_vs_Rogue+Priest,Rogue+Priest,Rogue+Priest,2,team1,kill,27.40
Rogue+Priest_vs_Rogue+Priest,Rogue+Priest,Rogue+Priest,3,team1,kill,31.00
Rogue+Priest_vs_Rogue+Priest,Rogue+Priest,Rogue+Priest,4,team1,kill,27.08
Rogue+Priest_vs_Rogue+Priest,Rogue+Priest,Rogue+Priest,5,draw,kill,27.73
Rogue+Priest_vs_Rogue+Priest,Rogue+Priest,Rogue+Priest,6,team2,kill,28.93
Rogue+Priest_vs_Rogue+Priest,Rogue+Priest,Rogue+Priest,7,team2,kill,27.12
Rogue+Priest_vs_Rogue+Priest,Rogue+Priest,Rogue+Priest,8,team2,kill,26.40
Rogue+Priest_vs_Rogue+Priest,Rogue+Priest,Rogue+Priest,9,team2,kill,24.07
Rogue+Priest_vs_Rogue+Priest,Rogue+Priest,Rogue+Priest,10,team2,kill,26.28
Rogue+Priest_vs_Rogue+Priest,Rogue+Priest,Rogue+Priest,11,team1,kill,27.65
Rogue+Priest_vs_Rogue+Priest,Rogue+Priest,Rogue+Priest,12,team1,kill,25.65
Rogue+Priest_vs_Rogue+Priest,Rogue+Priest,Rogue+Priest,13,team1,kill,25.62
Rogue+Priest_vs_Rogue+Priest,Rogue+Priest,Rogue+Priest,14,team1,kill,25.12
Rogue+Priest_vs_Rogue+Priest,Rogue+Priest,Rogue+Priest,15,team2,kill,29.00
Rogue+Priest_vs_Rogue+Priest,Rogue+Priest,Rogue+Priest,16,team2,kill,25.25
Rogue+Priest_vs_Rogue+Priest,Rogue+Priest,Rogue+Priest,17,draw,kill,29.65
Rogue+Priest_vs_Rogue+Priest,Rogue+Priest,Rogue+Priest,18,team1,kill,26.45
Rogue+Priest_vs_Rogue+Priest,Rogue+Priest,Rogue+Priest,19,team1,kill,27.65
Rogue+Priest_vs_Rogue+Priest,Rogue+Priest,Rogue+Priest,20,team1,kill,26.95
Rogue+Priest_vs_Rogue+Priest,Rogue+Priest,Rogue+Priest,21,team1,kill,28.65
Rogue+Priest_vs_Rogue+Priest,Rogue+Priest,Rogue+Priest,22,draw,kill,27.65
Rogue+Priest_vs_Rogue+Priest,Rogue+Priest,Rogue+Priest,23,team1,kill,27.65
Rogue+Priest_vs_Rogue+Priest,Rogue+Priest,Rogue+Priest,24,team1,kill,27.65
Rogue+Priest_vs_Rogue+Priest,Rogue+Priest,Rogue+Priest,25,team2,kill,27.65
Rogue+Priest_vs_Rogue+Priest,Rogue+Priest,Rogue+Priest,26,team2,kill,26.55
Rogue+Priest_vs_Rogue+Priest,Rogue+Priest,Rogue+Priest,27,draw,kill,27.65
Rogue+Priest_vs_Rogue+Priest,Rogue+Priest,Rogue+Priest,28,team1,kill,29.00
Rogue+Priest_vs_Rogue+Priest,Rogue+Priest,Rogue+Priest,29,team1,kill,26.40
Rogue+Priest_vs_Rogue+Priest,Rogue+Priest,Rogue+Priest,30,draw,kill,27.65
Rogue+Priest_vs_Rogue+Priest,Rogue+Priest,Rogue+Priest,31,team2,kill,28.67
Rogue+Priest_vs_Rogue+Priest,Rogue+Priest,Rogue+Priest,32,team1,kill,25.98
Rogue+Priest_vs_Rogue+Priest,Rogue+Priest,Rogue+Priest,33,team2,kill,27.07
Rogue+Priest_vs_Rogue+Priest,Rogue+Priest,Rogue+Priest,34,team2,kill,28.67
Rogue+Priest_vs_Rogue+Priest,Rogue+Priest,Rogue+Priest,35,draw,kill,29.02
Rogue+Priest_vs_Rogue+Priest,Rogue+Priest,Rogue+Priest,36,team2,kill,26.32
Rogue+Priest_vs_Rogue+Priest,Rogue+Priest,Rogue+Priest,37,team2,kill,27.30
Rogue+Priest_vs_Rogue+Priest,Rogue+Priest,Rogue+Priest,38,team2,kill,27.65
Rogue+Priest_vs_Rogue+Priest,Rogue+Priest,Rogue+Priest,39,draw,kill,27.65
Rogue+Priest_vs_Rogue+Priest,Rogue+Priest,Rogue+Priest,40,team2,kill,25.93
Rogue+Priest_vs_Rogue+Priest,Rogue+Priest,Rogue+Priest,41,team2,kill,27.65
Rogue+Priest_vs_Rogue+Priest,Rogue+Priest,Rogue+Priest,42,team2,kill,25.65
Rogue+Priest_vs_Rogue+Priest,Rogue+Priest,Rogue+Priest,43,team2,kill,25.65
Rogue+Priest_vs_Rogue+Priest,Rogue+Priest,Rogue+Priest,44,team2,kill,26.33
Rogue+Priest_vs_Rogue+Priest,Rogue+Priest,Rogue+Priest,45,team1,kill,26.73
Rogue+Priest_vs_Rogue+Priest,Rogue+Priest,Rogue+Priest,46,team1,kill,27.82
Rogue+Priest_vs_Rogue+Priest,Rogue+Priest,Rogue+Priest,47,team1,kill,25.65
Rogue+Priest_vs_Rogue+Priest,Rogue+Priest,Rogue+Priest,48,team1,kill,26.33
Rogue+Priest_vs_Rogue+Priest,Rogue+Priest,Rogue+Priest,49,team2,kill,25.93
Rogue+Priest_vs_Rogue+Priest,Rogue+Priest,Rogue+Priest,50,team1,kill,28.93
Rogue+Priest_vs_Rogue+Priest,Rogue+Priest,Rogue+Priest,51,team2,kill,25.73
Rogue+Priest_vs_Rogue+Priest,Rogue+Priest,Rogue+Priest,52,team2,kill,30.40
Rogue+Priest_vs_Rogue+Priest,Rogue+Priest,Rogue+Priest,53,team2,kill,29.40
Rogue+Priest_vs_Rogue+Priest,Rogue+Priest,Rogue+Priest,54,team2,kill,27.65
Rogue+Priest_vs_Rogue+Priest,Rogue+Priest,Rogue+Priest,55,team1,kill,28.25
Rogue+Priest_vs_Rogue+Priest,Rogue+Priest,Rogue+Priest,56,team1,kill,25.12
Rogue+Priest_vs_Rogue+Priest,Rogue+Priest,Rogue+Priest,57,team1,kill,29.12
Rogue+Priest_vs_Rogue+Priest,Rogue+Priest,Rogue+Priest,58,team1,kill,27.58
Rogue+Priest_vs_Rogue+Priest,Rogue+Priest,Rogue+Priest,59,team1,kill,25.65
Rogue+Priest_vs_Rogue+Priest,Rogue+Priest,Rogue+Priest,60,team2,kill,26.73
Rogue+Priest_vs_Rogue+Priest,Rogue+Priest,Rogue+Priest,61,team2,kill,25.78
Rogue+Priest_vs_Rogue+Priest,Rogue+Priest,Rogue+Priest,62,team2,kill,28.87
Rogue+Priest_vs_Rogue+Priest,Rogue+Priest,Rogue+Priest,63,team1,kill,29.65
Rogue+Priest_vs_Rogue+Priest,Rogue+Priest,Rogue+Priest,64,team2,kill,25.68
Rogue+Priest_vs_Rogue+Priest,Rogue+Priest,Rogue+Priest,65,draw,kill,25.88
Rogue+Priest_vs_Rogue+Priest,Rogue+Priest,Rogue+Priest,66,team2,kill,24.45
Rogue+Priest_vs_Rogue+Priest,Rogue+Priest,Rogue+Priest,67,team1,kill,25.02
Rogue+Priest_vs_Rogue+Priest,Rogue+Priest,Rogue+Priest,68,team2,kill,25.35
Rogue+Priest_vs_Rogue+Priest,Rogue+Priest,Rogue+Priest,69,team2,kill,26.72
Rogue+Priest_vs_Rogue+Priest,Rogue+Priest,Rogue+Priest,70,team1,kill,25.65
Rogue+Priest_vs_Rogue+Priest,Rogue+Priest,Rogue+Priest,71,team1,kill,25.65
Rogue+Priest_vs_Rogue+Priest,Rogue+Priest,Rogue+Priest,72,team2,kill,26.95
Rogue+Priest_vs_Rogue+Priest,Rogue+Priest,Rogue+Priest,73,draw,kill,25.65
Rogue+Priest_vs_Rogue+Priest,Rogue+Priest,Rogue+Priest,74,team2,kill,27.20
Rogue+Priest_vs_Rogue+Priest,Rogue+Priest,Rogue+Priest,75,draw,kill,27.65
Rogue+Priest_vs_Rogue+Priest,Rogue+Priest,Rogue+Priest,76,team2,kill,25.65
Rogue+Priest_vs_Rogue+Priest,Rogue+Priest,Rogue+Priest,77,team2,kill,26.92
Rogue+Priest_vs_Rogue+Priest,Rogue+Priest,Rogue+Priest,78,team2,kill,25.65
Rogue+Priest_vs_Rogue+Priest,Rogue+Priest,Rogue+Priest,79,team2,kill,24.38
Rogue+Warlock_vs_Rogue+Warlock,Rogue+Warlock,Rogue+Warlock,0,team1,kill,22.12
Rogue+Warlock_vs_Rogue+Warlock,Rogue+Warlock,Rogue+Warlock,1,team1,kill,24.33
Rogue+Warlock_vs_Rogue+Warlock,Rogue+Warlock,Rogue+Warlock,2,team1,kill,22.47
Rogue+Warlock_vs_Rogue+Warlock,Rogue+Warlock,Rogue+Warlock,3,team1,kill,24.73
Rogue+Warlock_vs_Rogue+Warlock,Rogue+Warlock,Rogue+Warlock,4,team1,kill,23.18
Rogue+Warlock_vs_Rogue+Warlock,Rogue+Warlock,Rogue+Warlock,5,team1,kill,24.08
Rogue+Warlock_vs_Rogue+Warlock,Rogue+Warlock,Rogue+Warlock,6,team1,kill,23.85
Rogue+Warlock_vs_Rogue+Warlock,Rogue+Warlock,Rogue+Warlock,7,team2,kill,24.42
Rogue+Warlock_vs_Rogue+Warlock,Rogue+Warlock,Rogue+Warlock,8,team2,kill,24.42
Rogue+Warlock_vs_Rogue+Warlock,Rogue+Warlock,Rogue+Warlock,9,team2,kill,24.17
Rogue+Warlock_vs_Rogue+Warlock,Rogue+Warlock,Rogue+Warlock,10,team2,kill,24.35
Rogue+Warlock_vs_Rogue+Warlock,Rogue+Warlock,Rogue+Warlock,11,team2,kill,24.28
Rogue+Warlock_vs_Rogue+Warlock,Rogue+Warlock,Rogue+Warlock,12,draw,kill,22.53
Rogue+Warlock_vs_Rogue+Warlock,Rogue+Warlock,Rogue+Warlock,13,team1,kill,23.42
Rogue+Warlock_vs_Rogue+Warlock,Rogue+Warlock,Rogue+Warlock,14,team2,kill,23.77
Rogue+Warlock_vs_Rogue+Warlock,Rogue+Warlock,Rogue+Warlock,15,team1,kill,24.90
Rogue+Warlock_vs_Rogue+Warlock,Rogue+Warlock,Rogue+Warlock,16,team1,kill,23.17
Rogue+Warlock_vs_Rogue+Warlock,Rogue+Warlock,Rogue+Warlock,17,team2,kill,25.23
Rogue+Warlock_vs_Rogue+Warlock,Rogue+Warlock,Rogue+Warlock,18,team2,kill,23.85
Rogue+Warlock_vs_Rogue+Warlock,Rogue+Warlock,Rogue+Warlock,19,team1,kill,23.85
Rogue+Warlock_vs_Rogue+Warlock,Rogue+Warlock,Rogue+Warlock,20,team1,kill,24.85
Rogue+Warlock_vs_Rogue+Warlock,Rogue+Warlock,Rogue+Warlock,21,team1,kill,24.10
Rogue+Warlock_vs_Rogue+Warlock,Rogue+Warlock,Rogue+Warlock,22,team1,kill,23.85
Rogue+Warlock_vs_Rogue+Warlock,Rogue+Warlock,Rogue+Warlock,23,team2,kill,23.65
Rogue+Warlock_vs_Rogue+Warlock,Rogue+Warlock,Rogue+Warlock,24,team1,kill,23.80
Rogue+Warlock_vs_Rogue+Warlock,Rogue+Warlock,Rogue+Warlock,25,team1,kill,24.80
Rogue+Warlock_vs_Rogue+Warlock,Rogue+Warlock,Rogue+Warlock,26,team1,kill,23.33
Rogue+Warlock_vs_Rogue+Warlock,Rogue+Warlock,Rogue+Warlock,27,team2,kill,24.08
Rogue+Warlock_vs_Rogue+Warlock,Rogue+Warlock,Rogue+Warlock,28,team1,kill,24.28
Rogue+Warlock_vs_Rogue+Warlock,Rogue+Warlock,Rogue+Warlock,29,team2,kill,24.90
Rogue+Warlock_vs_Rogue+Warlock,Rogue+Warlock,Rogue+Warlock,30,team2,kill,24.37
Rogue+Warlock_vs_Rogue+Warlock,Rogue+Warlock,Rogue+Warlock,31,team2,kill,23.85
Rogue+Warlock_vs_Rogue+Warlock,Rogue+Warlock,Rogue+Warlock,32,team1,kill,24.45
Rogue+Warlock_vs_Rogue+Warlock,Rogue+Warlock,Rogue+Warlock,33,team2,kill,23.85
Rogue+Warlock_vs_Rogue+Warlock,Rogue+Warlock,Rogue+Warlock,34,draw,kill,24.15
Rogue+Warlock_vs_Rogue+Warlock,Rogue+Warlock,Rogue+Warlock,35,team2,kill,23.52
Rogue+Warlock_vs_Rogue+Warlock,Rogue+Warlock,Rogue+Warlock,36,team2,kill,24.35
Rogue+Warlock_vs_Rogue+Warlock,Rogue+Warlock,Rogue+Warlock,37,team1,kill,24.35
Rogue+Warlock_vs_Rogue+Warlock,Rogue+Warlock,Rogue+Warlock,38,team2,kill,26.23
Rogue+Warlock_vs_Rogue+Warlock,Rogue+Warlock,Rogue+Warlock,39,team1,kill,22.67
Rogue+Warlock_vs_Rogue+Warlock,Rogue+Warlock,Rogue+Warlock,40,team1,kill,23.85
Rogue+Warlock_vs_Rogue+Warlock,Rogue+Warlock,Rogue+Warlock,41,team1,kill,25.95
Rogue+Warlock_vs_Rogue+Warlock,Rogue+Warlock,Rogue+Warlock,42,team1,kill,22.02
Rogue+Warlock_vs_Rogue+Warlock,Rogue+Warlock,Rogue+Warlock,43,team1,kill,24.12
Rogue+Warlock_vs_Rogue+Warlock,Rogue+Warlock,Rogue+Warlock,44,team1,kill,23.80
Rogue+Warlock_vs_Rogue+Warlock,Rogue+Warlock,Rogue+Warlock,45,team2,kill,24.87
Rogue+Warlock_vs_Rogue+Warlock,Rogue+Warlock,Rogue+Warlock,46,team1,kill,23.63
Rogue+Warlock_vs_Rogue+Warlock,Rogue+Warlock,Rogue+Warlock,47,team2,kill,23.07
Rogue+Warlock_vs_Rogue+Warlock,Rogue+Warlock,Rogue+Warlock,48,team1,kill,24.00
Rogue+Warlock_vs_Rogue+Warlock,Rogue+Warlock,Rogue+Warlock,49,team1,kill,23.85
Rogue+Warlock_vs_Rogue+Warlock,Rogue+Warlock,Rogue+Warlock,50,team2,kill,23.77
Rogue+Warlock_vs_Rogue+Warlock,Rogue+Warlock,Rogue+Warlock,51,team1,kill,24.55
Rogue+Warlock_vs_Rogue+Warlock,Rogue+Warlock,Rogue+Warlock,52,team2,kill,25.43
Rogue+Warlock_vs_Rogue+Warlock,Rogue+Warlock,Rogue+Warlock,53,team1,kill,25.58
Rogue+Warlock_vs_Rogue+Warlock,Rogue+Warlock,Rogue+Warlock,54,team2,kill,23.53
Rogue+Warlock_vs_Rogue+Warlock,Rogue+Warlock,Rogue+Warlock,55,team1,kill,25.47
Rogue+Warlock_vs_Rogue+Warlock,Rogue+Warlock,Rogue+Warlock,56,team1,kill,25.02
Rogue+Warlock_vs_Rogue+Warlock,Rogue+Warlock,Rogue+Warlock,57,team2,kill,23.85
Rogue+Warlock_vs_Rogue+Warlock,Rogue+Warlock,Rogue+Warlock,58,team2,kill,23.75
Rogue+Warlock_vs_Rogue+Warlock,Rogue+Warlock,Rogue+Warlock,59,team1,kill,24.42
Rogue+Warlock_vs_Rogue+Warlock,Rogue+Warlock,Rogue+Warlock,60,team2,kill,23.47
Rogue+Warlock_vs_Rogue+Warlock,Rogue+Warlock,Rogue+Warlock,61,team1,kill,24.32
Rogue+Warlock_vs_Rogue+Warlock,Rogue+Warlock,Rogue+Warlock,62,team2,kill,23.48
Rogue+Warlock_vs_Rogue+Warlock,Rogue+Warlock,Rogue+Warlock,63,team1,kill,24.60
Rogue+Warlock_vs_Rogue+Warlock,Rogue+Warlock,Rogue+Warlock,64,team1,kill,23.92
Rogue+Warlock_vs_Rogue+Warlock,Rogue+Warlock,Rogue+Warlock,65,team2,kill,25.30
Rogue+Warlock_vs_Rogue+Warlock,Rogue+Warlock,Rogue+Warlock,66,team2,kill,24.22
Rogue+Warlock_vs_Rogue+Warlock,Rogue+Warlock,Rogue+Warlock,67,team1,kill,23.85
Rogue+Warlock_vs_Rogue+Warlock,Rogue+Warlock,Rogue+Warlock,68,team2,kill,23.85
Rogue+Warlock_vs_Rogue+Warlock,Rogue+Warlock,Rogue+Warlock,69,team1,kill,24.13
Rogue+Warlock_vs_Rogue+Warlock,Rogue+Warlock,Rogue+Warlock,70,draw,kill,23.68
Rogue+Warlock_vs_Rogue+Warlock,Rogue+Warlock,Rogue+Warlock,71,team2,kill,23.07
Rogue+Warlock_vs_Rogue+Warlock,Rogue+Warlock,Rogue+Warlock,72,team2,kill,23.38
Rogue+Warlock_vs_Rogue+Warlock,Rogue+Warlock,Rogue+Warlock,73,team2,kill,24.62
Rogue+Warlock_vs_Rogue+Warlock,Rogue+Warlock,Rogue+Warlock,74,team2,kill,23.85
Rogue+Warlock_vs_Rogue+Warlock,Rogue+Warlock,Rogue+Warlock,75,team2,kill,24.78
Rogue+Warlock_vs_Rogue+Warlock,Rogue+Warlock,Rogue+Warlock,76,team1,kill,23.90
Rogue+Warlock_vs_Rogue+Warlock,Rogue+Warlock,Rogue+Warlock,77,team1,kill,23.58
Rogue+Warlock_vs_Rogue+Warlock,Rogue+Warlock,Rogue+Warlock,78,team1,kill,24.47
Rogue+Warlock_vs_Rogue+Warlock,Rogue+Warlock,Rogue+Warlock,79,team2,kill,23.62
Rogue+Paladin_vs_Rogue+Paladin,Rogue+Paladin,Rogue+Paladin,0,team2,kill,110.44
Rogue+Paladin_vs_Rogue+Paladin,Rogue+Paladin,Rogue+Paladin,1,team1,kill,66.15
Rogue+Paladin_vs_Rogue+Paladin,Rogue+Paladin,Rogue+Paladin,2,team1,kill,46.17
Rogue+Paladin_vs_Rogue+Paladin,Rogue+Paladin,Rogue+Paladin,3,team1,kill,59.15
Rogue+Paladin_vs_Rogue+Paladin,Rogue+Paladin,Rogue+Paladin,4,team2,kill,55.88
Rogue+Paladin_vs_Rogue+Paladin,Rogue+Paladin,Rogue+Paladin,5,team2,kill,52.80
Rogue+Paladin_vs_Rogue+Paladin,Rogue+Paladin,Rogue+Paladin,6,team1,kill,61.15
Rogue+Paladin_vs_Rogue+Paladin,Rogue+Paladin,Rogue+Paladin,7,team2,kill,55.33
Rogue+Paladin_vs_Rogue+Paladin,Rogue+Paladin,Rogue+Paladin,8,team2,kill,47.55
Rogue+Paladin_vs_Rogue+Paladin,Rogue+Paladin,Rogue+Paladin,9,team1,kill,56.42
Rogue+Paladin_vs_Rogue+Paladin,Rogue+Paladin,Rogue+Paladin,10,team2,kill,59.63
Rogue+Paladin_vs_Rogue+Paladin,Rogue+Paladin,Rogue+Paladin,11,team1,kill,58.30
Rogue+Paladin_vs_Rogue+Paladin,Rogue+Paladin,Rogue+Paladin,12,team2,kill,56.92
Rogue+Paladin_vs_Rogue+Paladin,Rogue+Paladin,Rogue+Paladin,13,team1,kill,63.88
Rogue+Paladin_vs_Rogue+Paladin,Rogue+Paladin,Rogue+Paladin,14,team1,kill,39.58
Rogue+Paladin_vs_Rogue+Paladin,Rogue+Paladin,Rogue+Paladin,15,team2,kill,65.83
Rogue+Paladin_vs_Rogue+Paladin,Rogue+Paladin,Rogue+Paladin,16,team2,kill,59.10
Rogue+Paladin_vs_Rogue+Paladin,Rogue+Paladin,Rogue+Paladin,17,team2,kill,58.55
Rogue+Paladin_vs_Rogue+Paladin,Rogue+Paladin,Rogue+Paladin,18,team2,kill,58.48
Rogue+Paladin_vs_Rogue+Paladin,Rogue+Paladin,Rogue+Paladin,19,team1,kill,58.95
Rogue+Paladin_vs_Rogue+Paladin,Rogue+Paladin,Rogue+Paladin,20,team1,kill,64.02
Rogue+Paladin_vs_Rogue+Paladin,Rogue+Paladin,Rogue+Paladin,21,team2,kill,58.60
Rogue+Paladin_vs_Rogue+Paladin,Rogue+Paladin,Rogue+Paladin,22,team2,kill,57.78
Rogue+Paladin_vs_Rogue+Paladin,Rogue+Paladin,Rogue+Paladin,23,team1,kill,60.30
Rogue+Paladin_vs_Rogue+Paladin,Rogue+Paladin,Rogue+Paladin,24,team1,kill,153.51
Rogue+Paladin_vs_Rogue+Paladin,Rogue+Paladin,Rogue+Paladin,25,team1,kill,56.40
Rogue+Paladin_vs_Rogue+Paladin,Rogue+Paladin,Rogue+Paladin,26,team1,kill,145.66
Rogue+Paladin_vs_Rogue+Paladin,Rogue+Paladin,Rogue+Paladin,27,team1,kill,62.83
Rogue+Paladin_vs_Rogue+Paladin,Rogue+Paladin,Rogue+Paladin,28,team1,kill,140.46
Rogue+Paladin_vs_Rogue+Paladin,Rogue+Paladin,Rogue+Paladin,29,team1,kill,61.90
Rogue+Paladin_vs_Rogue+Paladin,Rogue+Paladin,Rogue+Paladin,30,team1,kill,52.80
Rogue+Paladin_vs_Rogue+Paladin,Rogue+Paladin,Rogue+Paladin,31,team1,kill,65.53
Rogue+Paladin_vs_Rogue+Paladin,Rogue+Paladin,Rogue+Paladin,32,team1,kill,63.47
Rogue+Paladin_vs_Rogue+Paladin,Rogue+Paladin,Rogue+Paladin,33,team2,kill,127.48
Rogue+Paladin_vs_Rogue+Paladin,Rogue+Paladin,Rogue+Paladin,34,team1,kill,53.95
Rogue+Paladin_vs_Rogue+Paladin,Rogue+Paladin,Rogue+Paladin,35,team1,kill,57.43
Rogue+Paladin_vs_Rogue+Paladin,Rogue+Paladin,Rogue+Paladin,36,team1,kill,60.48
Rogue+Paladin_vs_Rogue+Paladin,Rogue+Paladin,Rogue+Paladin,37,team1,kill,45.57
Rogue+Paladin_vs_Rogue+Paladin,Rogue+Paladin,Rogue+Paladin,38,team1,kill,51.50
Rogue+Paladin_vs_Rogue+Paladin,Rogue+Paladin,Rogue+Paladin,39,team2,kill,66.02
Rogue+Paladin_vs_Rogue+Paladin,Rogue+Paladin,Rogue+Paladin,40,team1,kill,59.15
Rogue+Paladin_vs_Rogue+Paladin,Rogue+Paladin,Rogue+Paladin,41,team1,kill,58.85
Rogue+Paladin_vs_Rogue+Paladin,Rogue+Paladin,Rogue+Paladin,42,team2,kill,67.92
Rogue+Paladin_vs_Rogue+Paladin,Rogue+Paladin,Rogue+Paladin,43,team1,kill,55.78
Rogue+Paladin_vs_Rogue+Paladin,Rogue+Paladin,Rogue+Paladin,44,team2,kill,48.62
Rogue+Paladin_vs_Rogue+Paladin,Rogue+Paladin,Rogue+Paladin,45,team1,kill,57.13
Rogue+Paladin_vs_Rogue+Paladin,Rogue+Paladin,Rogue+Paladin,46,team1,kill,55.22
Rogue+Paladin_vs_Rogue+Paladin,Rogue+Paladin,Rogue+Paladin,47,team1,kill,57.82
Rogue+Paladin_vs_Rogue+Paladin,Rogue+Paladin,Rogue+Paladin,48,team2,kill,64.12
Rogue+Paladin_vs_Rogue+Paladin,Rogue+Paladin,Rogue+Paladin,49,team1,kill,69.08
Rogue+Paladin_vs_Rogue+Paladin,Rogue+Paladin,Rogue+Paladin,50,team1,kill,55.58
Rogue+Paladin_vs_Rogue+Paladin,Rogue+Paladin,Rogue+Paladin,51,team2,kill,48.62
Rogue+Paladin_vs_Rogue+Paladin,Rogue+Paladin,Rogue+Paladin,52,team1,kill,67.22
Rogue+Paladin_vs_Rogue+Paladin,Rogue+Paladin,Rogue+Paladin,53,team1,kill,47.98
Rogue+Paladin_vs_Rogue+Paladin,Rogue+Paladin,Rogue+Paladin,54,team1,kill,62.93
Rogue+Paladin_vs_Rogue+Paladin,Rogue+Paladin,Rogue+Paladin,55,team2,kill,138.86
Rogue+Paladin_vs_Rogue+Paladin,Rogue+Paladin,Rogue+Paladin,56,team1,kill,66.87
Rogue+Paladin_vs_Rogue+Paladin,Rogue+Paladin,Rogue+Paladin,57,team1,kill,63.43
Rogue+Paladin_vs_Rogue+Paladin,Rogue+Paladin,Rogue+Paladin,58,team1,kill,61.53
Rogue+Paladin_vs_Rogue+Paladin,Rogue+Paladin,Rogue+Paladin,59,team2,kill,45.87
Rogue+Paladin_vs_Rogue+Paladin,Rogue+Paladin,Rogue+Paladin,60,team1,kill,45.65
Rogue+Paladin_vs_Rogue+Paladin,Rogue+Paladin,Rogue+Paladin,61,team2,kill,61.22
Rogue+Paladin_vs_Rogue+Paladin,Rogue+Paladin,Rogue+Paladin,62,team2,kill,52.68
Rogue+Paladin_vs_Rogue+Paladin,Rogue+Paladin,Rogue+Paladin,63,team1,kill,51.87
Rogue+Paladin_vs_Rogue+Paladin,Rogue+Paladin,Rogue+Paladin,64,team2,kill,49.55
Rogue+Paladin_vs_Rogue+Paladin,Rogue+Paladin,Rogue+Paladin,65,team1,kill,67.42
Rogue+Paladin_vs_Rogue+Paladin,Rogue+Paladin,Rogue+Paladin,66,team2,kill,63.77
Rogue+Paladin_vs_Rogue+Paladin,Rogue+Paladin,Rogue+Paladin,67,team2,kill,61.88
Rogue+Paladin_vs_Rogue+Paladin,Rogue+Paladin,Rogue+Paladin,68,team2,kill,57.15
Rogue+Paladin_vs_Rogue+Paladin,Rogue+Paladin,Rogue+Paladin,69,team1,kill,53.17
Rogue+Paladin_vs_Rogue+Paladin,Rogue+Paladin,Rogue+Paladin,70,team2,kill,66.38
Rogue+Paladin_vs_Rogue+Paladin,Rogue+Paladin,Rogue+Paladin,71,team2,kill,56.12
Rogue+Paladin_vs_Rogue+Paladin,Rogue+Paladin,Rogue+Paladin,72,team2,kill,56.40
Rogue+Paladin_vs_Rogue+Paladin,Rogue+Paladin,Rogue+Paladin,73,team2,kill,60.58
Rogue+Paladin_vs_Rogue+Paladin,Rogue+Paladin,Rogue+Paladin,74,team1,kill,56.40
Rogue+Paladin_vs_Rogue+Paladin,Rogue+Paladin,Rogue+Paladin,75,team2,kill,62.87
Rogue+Paladin_vs_Rogue+Paladin,Rogue+Paladin,Rogue+Paladin,76,team2,kill,64.35
Rogue+Paladin_vs_Rogue+Paladin,Rogue+Paladin,Rogue+Paladin,77,team2,kill,67.92
Rogue+Paladin_vs_Rogue+Paladin,Rogue+Paladin,Rogue+Paladin,78,team2,kill,55.25
Rogue+Paladin_vs_Rogue+Paladin,Rogue+Paladin,Rogue+Paladin,79,team2,kill,55.27
Rogue+Hunter_vs_Rogue+Hunter,Rogue+Hunter,Rogue+Hunter,0,team1,kill,39.22
Rogue+Hunter_vs_Rogue+Hunter,Rogue+Hunter,Rogue+Hunter,1,team1,kill,31.83
Rogue+Hunter_vs_Rogue+Hunter,Rogue+Hunter,Rogue+Hunter,2,team1,kill,36.12
Rogue+Hunter_vs_Rogue+Hunter,Rogue+Hunter,Rogue+Hunter,3,team2,kill,34.22
Rogue+Hunter_vs_Rogue+Hunter,Rogue+Hunter,Rogue+Hunter,4,team1,kill,34.98
Rogue+Hunter_vs_Rogue+Hunter,Rogue+Hunter,Rogue+Hunter,5,team2,kill,35.37
Rogue+Hunter_vs_Rogue+Hunter,Rogue+Hunter,Rogue+Hunter,6,team2,kill,42.30
Rogue+Hunter_vs_Rogue+Hunter,Rogue+Hunter,Rogue+Hunter,7,team2,kill,33.98
Rogue+Hunter_vs_Rogue+Hunter,Rogue+Hunter,Rogue+Hunter,8,team2,kill,39.88
Rogue+Hunter_vs_Rogue+Hunter,Rogue+Hunter,Rogue+Hunter,9,team1,kill,35.77
Rogue+Hunter_vs_Rogue+Hunter,Rogue+Hunter,Rogue+Hunter,10,team1,kill,39.88
Rogue+Hunter_vs_Rogue+Hunter,Rogue+Hunter,Rogue+Hunter,11,team1,kill,43.02
Rogue+Hunter_vs_Rogue+Hunter,Rogue+Hunter,Rogue+Hunter,12,team2,kill,40.47
Rogue+Hunter_vs_Rogue+Hunter,Rogue+Hunter,Rogue+Hunter,13,team1,kill,22.15
Rogue+Hunter_vs_Rogue+Hunter,Rogue+Hunter,Rogue+Hunter,14,team1,kill,44.30
Rogue+Hunter_vs_Rogue+Hunter,Rogue+Hunter,Rogue+Hunter,15,team1,kill,33.02
Rogue+Hunter_vs_Rogue+Hunter,Rogue+Hunter,Rogue+Hunter,16,team2,kill,34.78
Rogue+Hunter_vs_Rogue+Hunter,Rogue+Hunter,Rogue+Hunter,17,team2,kill,24.60
Rogue+Hunter_vs_Rogue+Hunter,Rogue+Hunter,Rogue+Hunter,18,team1,kill,43.02
Rogue+Hunter_vs_Rogue+Hunter,Rogue+Hunter,Rogue+Hunter,19,team2,kill,38.63
Rogue+Hunter_vs_Rogue+Hunter,Rogue+Hunter,Rogue+Hunter,20,team1,kill,35.63
Rogue+Hunter_vs_Rogue+Hunter,Rogue+Hunter,Rogue+Hunter,21,team2,kill,36.03
Rogue+Hunter_vs_Rogue+Hunter,Rogue+Hunter,Rogue+Hunter,22,team2,kill,35.98
Rogue+Hunter_vs_Rogue+Hunter,Rogue+Hunter,Rogue+Hunter,23,team2,kill,33.05
Rogue+Hunter_vs_Rogue+Hunter,Rogue+Hunter,Rogue+Hunter,24,team1,kill,30.18
Rogue+Hunter_vs_Rogue+Hunter,Rogue+Hunter,Rogue+Hunter,25,team1,kill,34.08
Rogue+Hunter_vs_Rogue+Hunter,Rogue+Hunter,Rogue+Hunter,26,team1,kill,43.63
Rogue+Hunter_vs_Rogue+Hunter,Rogue+Hunter,Rogue+Hunter,27,team1,kill,40.55
Rogue+Hunter_vs_Rogue+Hunter,Rogue+Hunter,Rogue+Hunter,28,team1,kill,33.78
Rogue+Hunter_vs_Rogue+Hunter,Rogue+Hunter,Rogue+Hunter,29,team1,kill,36.97
Rogue+Hunter_vs_Rogue+Hunter,Rogue+Hunter,Rogue+Hunter,30,team1,kill,30.15
Rogue+Hunter_vs_Rogue+Hunter,Rogue+Hunter,Rogue+Hunter,31,team2,kill,38.63
Rogue+Hunter_vs_Rogue+Hunter,Rogue+Hunter,Rogue+Hunter,32,team2,kill,34.18
Rogue+Hunter_vs_Rogue+Hunter,Rogue+Hunter,Rogue+Hunter,33,team1,kill,30.15
Rogue+Hunter_vs_Rogue+Hunter,Rogue+Hunter,Rogue+Hunter,34,team2,kill,40.73
Rogue+Hunter_vs_Rogue+Hunter,Rogue+Hunter,Rogue+Hunter,35,team1,kill,39.32
Rogue+Hunter_vs_Rogue+Hunter,Rogue+Hunter,Rogue+Hunter,36,team1,kill,29.10
Rogue+Hunter_vs_Rogue+Hunter,Rogue+Hunter,Rogue+Hunter,37,team1,kill,36.07
Rogue+Hunter_vs_Rogue+Hunter,Rogue+Hunter,Rogue+Hunter,38,team1,kill,38.63
Rogue+Hunter_vs_Rogue+Hunter,Rogue+Hunter,Rogue+Hunter,39,team2,kill,33.55
Rogue+Hunter_vs_Rogue+Hunter,Rogue+Hunter,Rogue+Hunter,40,team2,kill,23.40
Rogue+Hunter_vs_Rogue+Hunter,Rogue+Hunter,Rogue+Hunter,41,team2,kill,31.63
Rogue+Hunter_vs_Rogue+Hunter,Rogue+Hunter,Rogue+Hunter,42,team2,kill,22.72
Rogue+Hunter_vs_Rogue+Hunter,Rogue+Hunter,Rogue+Hunter,43,team2,kill,35.50
Rogue+Hunter_vs_Rogue+Hunter,Rogue+Hunter,Rogue+Hunter,44,team2,kill,43.07
Rogue+Hunter_vs_Rogue+Hunter,Rogue+Hunter,Rogue+Hunter,45,team1,kill,29.52
Rogue+Hunter_vs_Rogue+Hunter,Rogue+Hunter,Rogue+Hunter,46,team2,kill,33.45
Rogue+Hunter_vs_Rogue+Hunter,Rogue+Hunter,Rogue+Hunter,47,team1,kill,22.80
Rogue+Hunter_vs_Rogue+Hunter,Rogue+Hunter,Rogue+Hunter,48,team2,kill,38.63
Rogue+Hunter_vs_Rogue+Hunter,Rogue+Hunter,Rogue+Hunter,49,team1,kill,34.83
Rogue+Hunter_vs_Rogue+Hunter,Rogue+Hunter,Rogue+Hunter,50,team1,kill,43.02
Rogue+Hunter_vs_Rogue+Hunter,Rogue+Hunter,Rogue+Hunter,51,team1,kill,41.73
Rogue+Hunter_vs_Rogue+Hunter,Rogue+Hunter,Rogue+Hunter,52,team1,kill,29.17
Rogue+Hunter_vs_Rogue+Hunter,Rogue+Hunter,Rogue+Hunter,53,team2,kill,33.45
Rogue+Hunter_vs_Rogue+Hunter,Rogue+Hunter,Rogue+Hunter,54,team2,kill,43.12
Rogue+Hunter_vs_Rogue+Hunter,Rogue+Hunter,Rogue+Hunter,55,team2,kill,34.60
Rogue+Hunter_vs_Rogue+Hunter,Rogue+Hunter,Rogue+Hunter,56,team2,kill,38.63
Rogue+Hunter_vs_Rogue+Hunter,Rogue+Hunter,Rogue+Hunter,57,team1,kill,41.62
Rogue+Hunter_vs_Rogue+Hunter,Rogue+Hunter,Rogue+Hunter,58,team2,kill,42.75
Rogue+Hunter_vs_Rogue+Hunter,Rogue+Hunter,Rogue+Hunter,59,team1,kill,39.22
Rogue+Hunter_vs_Rogue+Hunter,Rogue+Hunter,Rogue+Hunter,60,team1,kill,33.45
Rogue+Hunter_vs_Rogue+Hunter,Rogue+Hunter,Rogue+Hunter,61,team1,kill,34.60
Rogue+Hunter_vs_Rogue+Hunter,Rogue+Hunter,Rogue+Hunter,62,team2,kill,17.52
Rogue+Hunter_vs_Rogue+Hunter,Rogue+Hunter,Rogue+Hunter,63,team2,kill,17.23
Rogue+Hunter_vs_Rogue+Hunter,Rogue+Hunter,Rogue+Hunter,64,team2,kill,30.57
Rogue+Hunter_vs_Rogue+Hunter,Rogue+Hunter,Rogue+Hunter,65,draw,kill,44.35
Rogue+Hunter_vs_Rogue+Hunter,Rogue+Hunter,Rogue+Hunter,66,team2,kill,28.63
Rogue+Hunter_vs_Rogue+Hunter,Rogue+Hunter,Rogue+Hunter,67,team2,kill,35.65
Rogue+Hunter_vs_Rogue+Hunter,Rogue+Hunter,Rogue+Hunter,68,team1,kill,35.95
Rogue+Hunter_vs_Rogue+Hunter,Rogue+Hunter,Rogue+Hunter,69,team2,kill,35.50
Rogue+Hunter_vs_Rogue+Hunter,Rogue+Hunter,Rogue+Hunter,70,team1,kill,29.78
Rogue+Hunter_vs_Rogue+Hunter,Rogue+Hunter,Rogue+Hunter,71,team1,kill,30.57
Rogue+Hunter_vs_Rogue+Hunter,Rogue+Hunter,Rogue+Hunter,72,team1,kill,33.98
Rogue+Hunter_vs_Rogue+Hunter,Rogue+Hunter,Rogue+Hunter,73,team1,kill,40.15
Rogue+Hunter_vs_Rogue+Hunter,Rogue+Hunter,Rogue+Hunter,74,team1,kill,44.53
Rogue+Hunter_vs_Rogue+Hunter,Rogue+Hunter,Rogue+Hunter,75,team2,kill,35.60
Rogue+Hunter_vs_Rogue+Hunter,Rogue+Hunter,Rogue+Hunter,76,team1,kill,32.65
Rogue+Hunter_vs_Rogue+Hunter,Rogue+Hunter,Rogue+Hunter,77,team1,kill,30.00
Rogue+Hunter_vs_Rogue+Hunter,Rogue+Hunter,Rogue+Hunter,78,team1,kill,36.03
Rogue+Hunter_vs_Rogue+Hunter,Rogue+Hunter,Rogue+Hunter,79,team1,kill,24.42
Rogue+Shaman_vs_Rogue+Shaman,Rogue+Shaman,Rogue+Shaman,0,team2,kill,24.92
Rogue+Shaman_vs_Rogue+Shaman,Rogue+Shaman,Rogue+Shaman,1,team1,kill,24.28
Rogue+Shaman_vs_Rogue+Shaman,Rogue+Shaman,Rogue+Shaman,2,team2,kill,24.98
Rogue+Shaman_vs_Rogue+Shaman,Rogue+Shaman,Rogue+Shaman,3,team2,kill,23.00
Rogue+Shaman_vs_Rogue+Shaman,Rogue+Shaman,Rogue+Shaman,4,team1,kill,24.92
Rogue+Shaman_vs_Rogue+Shaman,Rogue+Shaman,Rogue+Shaman,5,team1,kill,23.47
Rogue+Shaman_vs_Rogue+Shaman,Rogue+Shaman,Rogue+Shaman,6,team1,kill,24.57
Rogue+Shaman_vs_Rogue+Shaman,Rogue+Shaman,Rogue+Shaman,7,team1,kill,24.98
Rogue+Shaman_vs_Rogue+Shaman,Rogue+Shaman,Rogue+Shaman,8,team2,kill,25.23
Rogue+Shaman_vs_Rogue+Shaman,Rogue+Shaman,Rogue+Shaman,9,team2,kill,25.90
Rogue+Shaman_vs_Rogue+Shaman,Rogue+Shaman,Rogue+Shaman,10,team1,kill,24.65
Rogue+Shaman_vs_Rogue+Shaman,Rogue+Shaman,Rogue+Shaman,11,team1,kill,24.65
Rogue+Shaman_vs_Rogue+Shaman,Rogue+Shaman,Rogue+Shaman,12,team1,kill,26.65
Rogue+Shaman_vs_Rogue+Shaman,Rogue+Shaman,Rogue+Shaman,13,team2,kill,25.42
Rogue+Shaman_vs_Rogue+Shaman,Rogue+Shaman,Rogue+Shaman,14,team2,kill,24.65
Rogue+Shaman_vs_Rogue+Shaman,Rogue+Shaman,Rogue+Shaman,15,draw,kill,26.85
Rogue+Shaman_vs_Rogue+Shaman,Rogue+Shaman,Rogue+Shaman,16,team2,kill,24.65
Rogue+Shaman_vs_Rogue+Shaman,Rogue+Shaman,Rogue+Shaman,17,team1,kill,26.07
Rogue+Shaman_vs_Rogue+Shaman,Rogue+Shaman,Rogue+Shaman,18,team1,kill,23.62
Rogue+Shaman_vs_Rogue+Shaman,Rogue+Shaman,Rogue+Shaman,19,team2,kill,24.65
Rogue+Shaman_vs_Rogue+Shaman,Rogue+Shaman,Rogue+Shaman,20,team2,kill,26.65
Rogue+Shaman_vs_Rogue+Shaman,Rogue+Shaman,Rogue+Shaman,21,team1,kill,24.75
Rogue+Shaman_vs_Rogue+Shaman,Rogue+Shaman,Rogue+Shaman,22,draw,kill,26.65
Rogue+Shaman_vs_Rogue+Shaman,Rogue+Shaman,Rogue+Shaman,23,team1,kill,25.40
Rogue+Shaman_vs_Rogue+Shaman,Rogue+Shaman,Rogue+Shaman,24,team2,kill,22.95
Rogue+Shaman_vs_Rogue+Shaman,Rogue+Shaman,Rogue+Shaman,25,team1,kill,25.90
Rogue+Shaman_vs_Rogue+Shaman,Rogue+Shaman,Rogue+Shaman,26,team1,kill,24.98
Rogue+Shaman_vs_Rogue+Shaman,Rogue+Shaman,Rogue+Shaman,27,team2,kill,24.65
Rogue+Shaman_vs_Rogue+Shaman,Rogue+Shaman,Rogue+Shaman,28,team2,kill,24.92
Rogue+Shaman_vs_Rogue+Shaman,Rogue+Shaman,Rogue+Shaman,29,team2,kill,26.57
Rogue+Shaman_vs_Rogue+Shaman,Rogue+Shaman,Rogue+Shaman,30,draw,kill,26.65
Rogue+Shaman_vs_Rogue+Shaman,Rogue+Shaman,Rogue+Shaman,31,team1,kill,24.65
Rogue+Shaman_vs_Rogue+Shaman,Rogue+Shaman,Rogue+Shaman,32,team2,kill,26.57
Rogue+Shaman_vs_Rogue+Shaman,Rogue+Shaman,Rogue+Shaman,33,draw,kill,26.65
Rogue+Shaman_vs_Rogue+Shaman,Rogue+Shaman,Rogue+Shaman,34,draw,kill,26.65
Rogue+Shaman_vs_Rogue+Shaman,Rogue+Shaman,Rogue+Shaman,35,team2,kill,24.65
Rogue+Shaman_vs_Rogue+Shaman,Rogue+Shaman,Rogue+Shaman,36,team2,kill,25.08
Rogue+Shaman_vs_Rogue+Shaman,Rogue+Shaman,Rogue+Shaman,37,draw,kill,26.65
Rogue+Shaman_vs_Rogue+Shaman,Rogue+Shaman,Rogue+Shaman,38,team1,kill,25.42
Rogue+Shaman_vs_Rogue+Shaman,Rogue+Shaman,Rogue+Shaman,39,team1,kill,25.42
Rogue+Shaman_vs_Rogue+Shaman,Rogue+Shaman,Rogue+Shaman,40,team1,kill,24.65
Rogue+Shaman_vs_Rogue+Shaman,Rogue+Shaman,Rogue+Shaman,41,draw,kill,24.65
Rogue+Shaman_vs_Rogue+Shaman,Rogue+Shaman,Rogue+Shaman,42,team2,kill,25.42
Rogue+Shaman_vs_Rogue+Shaman,Rogue+Shaman,Rogue+Shaman,43,team2,kill,26.42
Rogue+Shaman_vs_Rogue+Shaman,Rogue+Shaman,Rogue+Shaman,44,team2,kill,24.65
Rogue+Shaman_vs_Rogue+Shaman,Rogue+Shaman,Rogue+Shaman,45,draw,kill,24.65
Rogue+Shaman_vs_Rogue+Shaman,Rogue+Shaman,Rogue+Shaman,46,team1,kill,23.65
Rogue+Shaman_vs_Rogue+Shaman,Rogue+Shaman,Rogue+Shaman,47,draw,kill,26.65
Rogue+Shaman_vs_Rogue+Shaman,Rogue+Shaman,Rogue+Shaman,48,team1,kill,23.90
Rogue+Shaman_vs_Rogue+Shaman,Rogue+Shaman,Rogue+Shaman,49,team2,kill,26.27
Rogue+Shaman_vs_Rogue+Shaman,Rogue+Shaman,Rogue+Shaman,50,team2,kill,25.23
Rogue+Shaman_vs_Rogue+Shaman,Rogue+Shaman,Rogue+Shaman,51,draw,kill,25.95
Rogue+Shaman_vs_Rogue+Shaman,Rogue+Shaman,Rogue+Shaman,52,team1,kill,25.90
Rogue+Shaman_vs_Rogue+Shaman,Rogue+Shaman,Rogue+Shaman,53,draw,kill,26.65
Rogue+Shaman_vs_Rogue+Shaman,Rogue+Shaman,Rogue+Shaman,54,draw,kill,25.42
Rogue+Shaman_vs_Rogue+Shaman,Rogue+Shaman,Rogue+Shaman,55,team1,kill,24.65
Rogue+Shaman_vs_Rogue+Shaman,Rogue+Shaman,Rogue+Shaman,56,team2,kill,24.75
Rogue+Shaman_vs_Rogue+Shaman,Rogue+Shaman,Rogue+Shaman,57,team1,kill,26.07
Rogue+Shaman_vs_Rogue+Shaman,Rogue+Shaman,Rogue+Shaman,58,team2,kill,24.65
Rogue+Shaman_vs_Rogue+Shaman,Rogue+Shaman,Rogue+Shaman,59,team2,kill,23.33
Rogue+Shaman_vs_Rogue+Shaman,Rogue+Shaman,Rogue+Shaman,60,team2,kill,24.65
Rogue+Shaman_vs_Rogue+Shaman,Rogue+Shaman,Rogue+Shaman,61,team1,kill,25.18
Rogue+Shaman_vs_Rogue+Shaman,Rogue+Shaman,Rogue+Shaman,62,draw,kill,26.65
Rogue+Shaman_vs_Rogue+Shaman,Rogue+Shaman,Rogue+Shaman,63,team1,kill,24.65
Rogue+Shaman_vs_Rogue+Shaman,Rogue+Shaman,Rogue+Shaman,64,team2,kill,24.65
Rogue+Shaman_vs_Rogue+Shaman,Rogue+Shaman,Rogue+Shaman,65,team1,kill,23.05
Rogue+Shaman_vs_Rogue+Shaman,Rogue+Shaman,Rogue+Shaman,66,team1,kill,24.65
Rogue+Shaman_vs_Rogue+Shaman,Rogue+Shaman,Rogue+Shaman,67,team1,kill,24.65
Rogue+Shaman_vs_Rogue+Shaman,Rogue+Shaman,Rogue+Shaman,68,team2,kill,25.90
Rogue+Shaman_vs_Rogue+Shaman,Rogue+Shaman,Rogue+Shaman,69,draw,kill,26.65
Rogue+Shaman_vs_Rogue+Shaman,Rogue+Shaman,Rogue+Shaman,70,team1,kill,23.40
Rogue+Shaman_vs_Rogue+Shaman,Rogue+Shaman,Rogue+Shaman,71,team2,kill,26.07
Rogue+Shaman_vs_Rogue+Shaman,Rogue+Shaman,Rogue+Shaman,72,team1,kill,22.83
Rogue+Shaman_vs_Rogue+Shaman,Rogue+Shaman,Rogue+Shaman,73,draw,kill,26.65
Rogue+Shaman_vs_Rogue+Shaman,Rogue+Shaman,Rogue+Shaman,74,team1,kill,25.18
Rogue+Shaman_vs_Rogue+Shaman,Rogue+Shaman,Rogue+Shaman,75,team2,kill,26.57
Rogue+Shaman_vs_Rogue+Shaman,Rogue+Shaman,Rogue+Shaman,76,draw,kill,26.65
Rogue+Shaman_vs_Rogue+Shaman,Rogue+Shaman,Rogue+Shaman,77,team1,kill,26.65
Rogue+Shaman_vs_Rogue+Shaman,Rogue+Shaman,Rogue+Shaman,78,draw,kill,26.65
Rogue+Shaman_vs_Rogue+Shaman,Rogue+Shaman,Rogue+Shaman,79,team1,kill,24.38
Priest+Warlock_vs_Priest+Warlock,Priest+Warlock,Priest+Warlock,0,team2,kill,80.22
Priest+Warlock_vs_Priest+Warlock,Priest+Warlock,Priest+Warlock,1,team2,kill,81.22
Priest+Warlock_vs_Priest+Warlock,Priest+Warlock,Priest+Warlock,2,team2,kill,63.65
Priest+Warlock_vs_Priest+Warlock,Priest+Warlock,Priest+Warlock,3,team1,kill,76.69
Priest+Warlock_vs_Priest+Warlock,Priest+Warlock,Priest+Warlock,4,team1,kill,91.09
Priest+Warlock_vs_Priest+Warlock,Priest+Warlock,Priest+Warlock,5,team1,kill,84.95
Priest+Warlock_vs_Priest+Warlock,Priest+Warlock,Priest+Warlock,6,team2,kill,83.64
Priest+Warlock_vs_Priest+Warlock,Priest+Warlock,Priest+Warlock,7,team2,kill,70.82
Priest+Warlock_vs_Priest+Warlock,Priest+Warlock,Priest+Warlock,8,team1,kill,107.29
Priest+Warlock_vs_Priest+Warlock,Priest+Warlock,Priest+Warlock,9,team1,kill,61.65
Priest+Warlock_vs_Priest+Warlock,Priest+Warlock,Priest+Warlock,10,team2,kill,77.12
Priest+Warlock_vs_Priest+Warlock,Priest+Warlock,Priest+Warlock,11,team1,kill,72.53
Priest+Warlock_vs_Priest+Warlock,Priest+Warlock,Priest+Warlock,12,team2,kill,65.08
Priest+Warlock_vs_Priest+Warlock,Priest+Warlock,Priest+Warlock,13,team2,kill,229.75
Priest+Warlock_vs_Priest+Warlock,Priest+Warlock,Priest+Warlock,14,team2,kill,109.03
Priest+Warlock_vs_Priest+Warlock,Priest+Warlock,Priest+Warlock,15,team2,kill,69.17
Priest+Warlock_vs_Priest+Warlock,Priest+Warlock,Priest+Warlock,16,team1,kill,81.75
Priest+Warlock_vs_Priest+Warlock,Priest+Warlock,Priest+Warlock,17,team1,kill,79.94
Priest+Warlock_vs_Priest+Warlock,Priest+Warlock,Priest+Warlock,18,team2,kill,75.90
Priest+Warlock_vs_Priest+Warlock,Priest+Warlock,Priest+Warlock,19,team1,kill,86.39
Priest+Warlock_vs_Priest+Warlock,Priest+Warlock,Priest+Warlock,20,team1,kill,71.95
Priest+Warlock_vs_Priest+Warlock,Priest+Warlock,Priest+Warlock,21,team1,kill,86.59
Priest+Warlock_vs_Priest+Warlock,Priest+Warlock,Priest+Warlock,22,team2,kill,115.98
Priest+Warlock_vs_Priest+Warlock,Priest+Warlock,Priest+Warlock,23,team2,kill,101.37
Priest+Warlock_vs_Priest+Warlock,Priest+Warlock,Priest+Warlock,24,team2,kill,62.22
Priest+Warlock_vs_Priest+Warlock,Priest+Warlock,Priest+Warlock,25,team1,kill,86.44
Priest+Warlock_vs_Priest+Warlock,Priest+Warlock,Priest+Warlock,26,team1,kill,86.14
Priest+Warlock_vs_Priest+Warlock,Priest+Warlock,Priest+Warlock,27,team1,kill,88.99
Priest+Warlock_vs_Priest+Warlock,Priest+Warlock,Priest+Warlock,28,team1,kill,59.22
Priest+Warlock_vs_Priest+Warlock,Priest+Warlock,Priest+Warlock,29,team2,kill,58.78
Priest+Warlock_vs_Priest+Warlock,Priest+Warlock,Priest+Warlock,30,team2,kill,92.89
Priest+Warlock_vs_Priest+Warlock,Priest+Warlock,Priest+Warlock,31,team2,kill,66.52
Priest+Warlock_vs_Priest+Warlock,Priest+Warlock,Priest+Warlock,32,team2,kill,86.67
Priest+Warlock_vs_Priest+Warlock,Priest+Warlock,Priest+Warlock,33,team1,kill,59.93
Priest+Warlock_vs_Priest+Warlock,Priest+Warlock,Priest+Warlock,34,team2,kill,64.77
Priest+Warlock_vs_Priest+Warlock,Priest+Warlock,Priest+Warlock,35,team1,kill,70.82
Priest+Warlock_vs_Priest+Warlock,Priest+Warlock,Priest+Warlock,36,team2,kill,88.02
Priest+Warlock_vs_Priest+Warlock,Priest+Warlock,Priest+Warlock,37,team2,kill,47.27
Priest+Warlock_vs_Priest+Warlock,Priest+Warlock,Priest+Warlock,38,team2,kill,105.97
Priest+Warlock_vs_Priest+Warlock,Priest+Warlock,Priest+Warlock,39,team2,kill,60.75
Priest+Warlock_vs_Priest+Warlock,Priest+Warlock,Priest+Warlock,40,team1,kill,52.50
Priest+Warlock_vs_Priest+Warlock,Priest+Warlock,Priest+Warlock,41,team2,kill,85.89
Priest+Warlock_vs_Priest+Warlock,Priest+Warlock,Priest+Warlock,42,team2,kill,67.43
Priest+Warlock_vs_Priest+Warlock,Priest+Warlock,Priest+Warlock,43,team2,kill,85.97
Priest+Warlock_vs_Priest+Warlock,Priest+Warlock,Priest+Warlock,44,team1,kill,102.92
Priest+Warlock_vs_Priest+Warlock,Priest+Warlock,Priest+Warlock,45,team1,kill,62.38
Priest+Warlock_vs_Priest+Warlock,Priest+Warlock,Priest+Warlock,46,team2,kill,91.82
Priest+Warlock_vs_Priest+Warlock,Priest+Warlock,Priest+Warlock,47,team2,kill,60.27
Priest+Warlock_vs_Priest+Warlock,Priest+Warlock,Priest+Warlock,48,team2,kill,72.25
Priest+Warlock_vs_Priest+Warlock,Priest+Warlock,Priest+Warlock,49,team1,kill,77.70
Priest+Warlock_vs_Priest+Warlock,Priest+Warlock,Priest+Warlock,50,team1,kill,93.76
Priest+Warlock_vs_Priest+Warlock,Priest+Warlock,Priest+Warlock,51,team2,kill,71.28
Priest+Warlock_vs_Priest+Warlock,Priest+Warlock,Priest+Warlock,52,team2,kill,86.89
Priest+Warlock_vs_Priest+Warlock,Priest+Warlock,Priest+Warlock,53,team2,kill,56.78
Priest+Warlock_vs_Priest+Warlock,Priest+Warlock,Priest+Warlock,54,team2,kill,61.75
Priest+Warlock_vs_Priest+Warlock,Priest+Warlock,Priest+Warlock,55,team2,kill,66.77
Priest+Warlock_vs_Priest+Warlock,Priest+Warlock,Priest+Warlock,56,team2,kill,104.81
Priest+Warlock_vs_Priest+Warlock,Priest+Warlock,Priest+Warlock,57,team1,kill,60.90
Priest+Warlock_vs_Priest+Warlock,Priest+Warlock,Priest+Warlock,58,team2,kill,91.94
Priest+Warlock_vs_Priest+Warlock,Priest+Warlock,Priest+Warlock,59,team1,kill,82.05
Priest+Warlock_vs_Priest+Warlock,Priest+Warlock,Priest+Warlock,60,team1,kill,60.57
Priest+Warlock_vs_Priest+Warlock,Priest+Warlock,Priest+Warlock,61,team2,kill,92.76
Priest+Warlock_vs_Priest+Warlock,Priest+Warlock,Priest+Warlock,62,team1,kill,85.72
Priest+Warlock_vs_Priest+Warlock,Priest+Warlock,Priest+Warlock,63,team1,kill,104.16
Priest+Warlock_vs_Priest+Warlock,Priest+Warlock,Priest+Warlock,64,team2,kill,48.70
Priest+Warlock_vs_Priest+Warlock,Priest+Warlock,Priest+Warlock,65,team2,kill,85.52
Priest+Warlock_vs_Priest+Warlock,Priest+Warlock,Priest+Warlock,66,team2,kill,69.38
Priest+Warlock_vs_Priest+Warlock,Priest+Warlock,Priest+Warlock,67,team2,kill,102.86
Priest+Warlock_vs_Priest+Warlock,Priest+Warlock,Priest+Warlock,68,team2,kill,83.09
Priest+Warlock_vs_Priest+Warlock,Priest+Warlock,Priest+Warlock,69,team2,kill,74.48
Priest+Warlock_vs_Priest+Warlock,Priest+Warlock,Priest+Warlock,70,team2,kill,104.04
Priest+Warlock_vs_Priest+Warlock,Priest+Warlock,Priest+Warlock,71,team1,kill,102.27
Priest+Warlock_vs_Priest+Warlock,Priest+Warlock,Priest+Warlock,72,team1,kill,46.40
Priest+Warlock_vs_Priest+Warlock,Priest+Warlock,Priest+Warlock,73,team1,kill,69.95
Priest+Warlock_vs_Priest+Warlock,Priest+Warlock,Priest+Warlock,74,team1,kill,101.92
Priest+Warlock_vs_Priest+Warlock,Priest+Warlock,Priest+Warlock,75,team2,kill,60.10
Priest+Warlock_vs_Priest+Warlock,Priest+Warlock,Priest+Warlock,76,team1,kill,164.69
Priest+Warlock_vs_Priest+Warlock,Priest+Warlock,Priest+Warlock,77,team1,kill,84.12
Priest+Warlock_vs_Priest+Warlock,Priest+Warlock,Priest+Warlock,78,team1,kill,60.78
Priest+Warlock_vs_Priest+Warlock,Priest+Warlock,Priest+Warlock,79,team1,kill,87.42
Priest+Hunter_vs_Priest+Hunter,Priest+Hunter,Priest+Hunter,0,team1,kill,55.67
Priest+Hunter_vs_Priest+Hunter,Priest+Hunter,Priest+Hunter,1,team1,kill,46.18
Priest+Hunter_vs_Priest+Hunter,Priest+Hunter,Priest+Hunter,2,team2,kill,53.35
Priest+Hunter_vs_Priest+Hunter,Priest+Hunter,Priest+Hunter,3,team2,kill,58.77
Priest+Hunter_vs_Priest+Hunter,Priest+Hunter,Priest+Hunter,4,team1,kill,45.22
Priest+Hunter_vs_Priest+Hunter,Priest+Hunter,Priest+Hunter,5,team1,kill,49.73
Priest+Hunter_vs_Priest+Hunter,Priest+Hunter,Priest+Hunter,6,team2,kill,51.22
Priest+Hunter_vs_Priest+Hunter,Priest+Hunter,Priest+Hunter,7,team2,kill,55.05
Priest+Hunter_vs_Priest+Hunter,Priest+Hunter,Priest+Hunter,8,team1,kill,50.18
Priest+Hunter_vs_Priest+Hunter,Priest+Hunter,Priest+Hunter,9,team2,kill,43.67
Priest+Hunter_vs_Priest+Hunter,Priest+Hunter,Priest+Hunter,10,team2,kill,51.53
Priest+Hunter_vs_Priest+Hunter,Priest+Hunter,Priest+Hunter,11,team2,kill,50.97
Priest+Hunter_vs_Priest+Hunter,Priest+Hunter,Priest+Hunter,12,team1,kill,53.73
Priest+Hunter_vs_Priest+Hunter,Priest+Hunter,Priest+Hunter,13,team2,kill,52.17
Priest+Hunter_vs_Priest+Hunter,Priest+Hunter,Priest+Hunter,14,team2,kill,43.67
Priest+Hunter_vs_Priest+Hunter,Priest+Hunter,Priest+Hunter,15,team2,kill,51.22
Priest+Hunter_vs_Priest+Hunter,Priest+Hunter,Priest+Hunter,16,team1,kill,46.18
Priest+Hunter_vs_Priest+Hunter,Priest+Hunter,Priest+Hunter,17,team2,kill,51.22
Priest+Hunter_vs_Priest+Hunter,Priest+Hunter,Priest+Hunter,18,team2,kill,49.28
Priest+Hunter_vs_Priest+Hunter,Priest+Hunter,Priest+Hunter,19,team2,kill,46.37
Priest+Hunter_vs_Priest+Hunter,Priest+Hunter,Priest+Hunter,20,team2,kill,53.75
Priest+Hunter_vs_Priest+Hunter,Priest+Hunter,Priest+Hunter,21,team2,kill,48.70
Priest+Hunter_vs_Priest+Hunter,Priest+Hunter,Priest+Hunter,22,team1,kill,53.63
Priest+Hunter_vs_Priest+Hunter,Priest+Hunter,Priest+Hunter,23,team1,kill,53.73
Priest+Hunter_vs_Priest+Hunter,Priest+Hunter,Priest+Hunter,24,team1,kill,53.73
Priest+Hunter_vs_Priest+Hunter,Priest+Hunter,Priest+Hunter,25,team1,kill,46.18
Priest+Hunter_vs_Priest+Hunter,Priest+Hunter,Priest+Hunter,26,team2,kill,42.60
Priest+Hunter_vs_Priest+Hunter,Priest+Hunter,Priest+Hunter,27,team2,kill,51.22
Priest+Hunter_vs_Priest+Hunter,Priest+Hunter,Priest+Hunter,28,team2,kill,237.07
Priest+Hunter_vs_Priest+Hunter,Priest+Hunter,Priest+Hunter,29,team2,kill,48.93
Priest+Hunter_vs_Priest+Hunter,Priest+Hunter,Priest+Hunter,30,team1,kill,51.22
Priest+Hunter_vs_Priest+Hunter,Priest+Hunter,Priest+Hunter,31,team1,kill,48.70
Priest+Hunter_vs_Priest+Hunter,Priest+Hunter,Priest+Hunter,32,team1,kill,53.73
Priest+Hunter_vs_Priest+Hunter,Priest+Hunter,Priest+Hunter,33,team1,kill,43.67
Priest+Hunter_vs_Priest+Hunter,Priest+Hunter,Priest+Hunter,34,team2,kill,51.17
Priest+Hunter_vs_Priest+Hunter,Priest+Hunter,Priest+Hunter,35,team2,kill,54.17
Priest+Hunter_vs_Priest+Hunter,Priest+Hunter,Priest+Hunter,36,team1,kill,54.10
Priest+Hunter_vs_Priest+Hunter,Priest+Hunter,Priest+Hunter,37,team2,kill,46.18
Priest+Hunter_vs_Priest+Hunter,Priest+Hunter,Priest+Hunter,38,team1,kill,50.18
Priest+Hunter_vs_Priest+Hunter,Priest+Hunter,Priest+Hunter,39,team1,kill,53.73
Priest+Hunter_vs_Priest+Hunter,Priest+Hunter,Priest+Hunter,40,team2,kill,53.73
Priest+Hunter_vs_Priest+Hunter,Priest+Hunter,Priest+Hunter,41,team2,kill,56.25
Priest+Hunter_vs_Priest+Hunter,Priest+Hunter,Priest+Hunter,42,team1,kill,46.53
Priest+Hunter_vs_Priest+Hunter,Priest+Hunter,Priest+Hunter,43,team2,kill,55.77
Priest+Hunter_vs_Priest+Hunter,Priest+Hunter,Priest+Hunter,44,team1,kill,43.67
Priest+Hunter_vs_Priest+Hunter,Priest+Hunter,Priest+Hunter,45,team2,kill,53.63
Priest+Hunter_vs_Priest+Hunter,Priest+Hunter,Priest+Hunter,46,team2,kill,51.22
Priest+Hunter_vs_Priest+Hunter,Priest+Hunter,Priest+Hunter,47,team2,kill,53.73
Priest+Hunter_vs_Priest+Hunter,Priest+Hunter,Priest+Hunter,48,team2,kill,43.80
Priest+Hunter_vs_Priest+Hunter,Priest+Hunter,Priest+Hunter,49,team2,kill,53.68
Priest+Hunter_vs_Priest+Hunter,Priest+Hunter,Priest+Hunter,50,team1,kill,43.92
Priest+Hunter_vs_Priest+Hunter,Priest+Hunter,Priest+Hunter,51,team1,kill,52.12
Priest+Hunter_vs_Priest+Hunter,Priest+Hunter,Priest+Hunter,52,team2,kill,44.95
Priest+Hunter_vs_Priest+Hunter,Priest+Hunter,Priest+Hunter,53,team1,kill,47.83
Priest+Hunter_vs_Priest+Hunter,Priest+Hunter,Priest+Hunter,54,team1,kill,51.22
Priest+Hunter_vs_Priest+Hunter,Priest+Hunter,Priest+Hunter,55,team1,kill,51.22
Priest+Hunter_vs_Priest+Hunter,Priest+Hunter,Priest+Hunter,56,team1,kill,45.58
Priest+Hunter_vs_Priest+Hunter,Priest+Hunter,Priest+Hunter,57,team2,kill,46.32
Priest+Hunter_vs_Priest+Hunter,Priest+Hunter,Priest+Hunter,58,team2,kill,51.07
Priest+Hunter_vs_Priest+Hunter,Priest+Hunter,Priest+Hunter,59,team1,kill,46.60
Priest+Hunter_vs_Priest+Hunter,Priest+Hunter,Priest+Hunter,60,team1,kill,57.23
Priest+Hunter_vs_Priest+Hunter,Priest+Hunter,Priest+Hunter,61,team2,kill,201.21
Priest+Hunter_vs_Priest+Hunter,Priest+Hunter,Priest+Hunter,62,team1,kill,44.45
Priest+Hunter_vs_Priest+Hunter,Priest+Hunter,Priest+Hunter,63,team1,kill,44.32
Priest+Hunter_vs_Priest+Hunter,Priest+Hunter,Priest+Hunter,64,team1,kill,46.18
Priest+Hunter_vs_Priest+Hunter,Priest+Hunter,Priest+Hunter,65,team2,kill,50.18
Priest+Hunter_vs_Priest+Hunter,Priest+Hunter,Priest+Hunter,66,team2,kill,44.78
Priest+Hunter_vs_Priest+Hunter,Priest+Hunter,Priest+Hunter,67,team2,kill,57.23
Priest+Hunter_vs_Priest+Hunter,Priest+Hunter,Priest+Hunter,68,team2,kill,184.28
Priest+Hunter_vs_Priest+Hunter,Priest+Hunter,Priest+Hunter,69,team2,kill,46.18
Priest+Hunter_vs_Priest+Hunter,Priest+Hunter,Priest+Hunter,70,team1,kill,48.70
Priest+Hunter_vs_Priest+Hunter,Priest+Hunter,Priest+Hunter,71,team1,kill,53.73
Priest+Hunter_vs_Priest+Hunter,Priest+Hunter,Priest+Hunter,72,team2,kill,49.40
Priest+Hunter_vs_Priest+Hunter,Priest+Hunter,Priest+Hunter,73,team2,kill,50.18
Priest+Hunter_vs_Priest+Hunter,Priest+Hunter,Priest+Hunter,74,team1,kill,53.73
Priest+Hunter_vs_Priest+Hunter,Priest+Hunter,Priest+Hunter,75,team2,kill,54.10
Priest+Hunter_vs_Priest+Hunter,Priest+Hunter,Priest+Hunter,76,team1,kill,44.75
Priest+Hunter_vs_Priest+Hunter,Priest+Hunter,Priest+Hunter,77,team2,kill,49.08
Priest+Hunter_vs_Priest+Hunter,Priest+Hunter,Priest+Hunter,78,team2,kill,46.45
Priest+Hunter_vs_Priest+Hunter,Priest+Hunter,Priest+Hunter,79,team2,kill,48.85
Warlock+Paladin_vs_Warlock+Paladin,Warlock+Paladin,Warlock+Paladin,0,team2,kill,81.24
Warlock+Paladin_vs_Warlock+Paladin,Warlock+Paladin,Warlock+Paladin,1,team1,kill,147.77
Warlock+Paladin_vs_Warlock+Paladin,Warlock+Paladin,Warlock+Paladin,2,team1,kill,154.39
Warlock+Paladin_vs_Warlock+Paladin,Warlock+Paladin,Warlock+Paladin,3,team2,kill,143.21
Warlock+Paladin_vs_Warlock+Paladin,Warlock+Paladin,Warlock+Paladin,4,team1,kill,163.97
Warlock+Paladin_vs_Warlock+Paladin,Warlock+Paladin,Warlock+Paladin,5,team2,kill,139.31
Warlock+Paladin_vs_Warlock+Paladin,Warlock+Paladin,Warlock+Paladin,6,team2,kill,167.97
Warlock+Paladin_vs_Warlock+Paladin,Warlock+Paladin,Warlock+Paladin,7,team2,kill,160.01
Warlock+Paladin_vs_Warlock+Paladin,Warlock+Paladin,Warlock+Paladin,8,team2,kill,156.89
Warlock+Paladin_vs_Warlock+Paladin,Warlock+Paladin,Warlock+Paladin,9,team1,kill,94.69
Warlock+Paladin_vs_Warlock+Paladin,Warlock+Paladin,Warlock+Paladin,10,team1,kill,143.21
Warlock+Paladin_vs_Warlock+Paladin,Warlock+Paladin,Warlock+Paladin,11,team2,kill,157.52
Warlock+Paladin_vs_Warlock+Paladin,Warlock+Paladin,Warlock+Paladin,12,team1,kill,184.50
Warlock+Paladin_vs_Warlock+Paladin,Warlock+Paladin,Warlock+Paladin,13,team1,kill,159.46
Warlock+Paladin_vs_Warlock+Paladin,Warlock+Paladin,Warlock+Paladin,14,team1,kill,123.98
Warlock+Paladin_vs_Warlock+Paladin,Warlock+Paladin,Warlock+Paladin,15,team1,kill,155.14
Warlock+Paladin_vs_Warlock+Paladin,Warlock+Paladin,Warlock+Paladin,16,team2,kill,178.25
Warlock+Paladin_vs_Warlock+Paladin,Warlock+Paladin,Warlock+Paladin,17,team2,kill,161.24
Warlock+Paladin_vs_Warlock+Paladin,Warlock+Paladin,Warlock+Paladin,18,team2,kill,177.22
Warlock+Paladin_vs_Warlock+Paladin,Warlock+Paladin,Warlock+Paladin,19,team1,kill,176.38
Warlock+Paladin_vs_Warlock+Paladin,Warlock+Paladin,Warlock+Paladin,20,team1,kill,77.82
Warlock+Paladin_vs_Warlock+Paladin,Warlock+Paladin,Warlock+Paladin,21,team1,kill,76.69
Warlock+Paladin_vs_Warlock+Paladin,Warlock+Paladin,Warlock+Paladin,22,team1,kill,121.28
Warlock+Paladin_vs_Warlock+Paladin,Warlock+Paladin,Warlock+Paladin,23,team2,kill,148.09
Warlock+Paladin_vs_Warlock+Paladin,Warlock+Paladin,Warlock+Paladin,24,team2,kill,161.00
Warlock+Paladin_vs_Warlock+Paladin,Warlock+Paladin,Warlock+Paladin,25,team1,kill,142.53
Warlock+Paladin_vs_Warlock+Paladin,Warlock+Paladin,Warlock+Paladin,26,team1,kill,84.72
Warlock+Paladin_vs_Warlock+Paladin,Warlock+Paladin,Warlock+Paladin,27,team1,kill,119.44
Warlock+Paladin_vs_Warlock+Paladin,Warlock+Paladin,Warlock+Paladin,28,team2,kill,106.34
Warlock+Paladin_vs_Warlock+Paladin,Warlock+Paladin,Warlock+Paladin,29,team2,kill,157.99
Warlock+Paladin_vs_Warlock+Paladin,Warlock+Paladin,Warlock+Paladin,30,team1,kill,80.37
Warlock+Paladin_vs_Warlock+Paladin,Warlock+Paladin,Warlock+Paladin,31,team2,kill,91.00
Warlock+Paladin_vs_Warlock+Paladin,Warlock+Paladin,Warlock+Paladin,32,team1,kill,77.92
Warlock+Paladin_vs_Warlock+Paladin,Warlock+Paladin,Warlock+Paladin,33,team2,kill,149.94
Warlock+Paladin_vs_Warlock+Paladin,Warlock+Paladin,Warlock+Paladin,34,team2,kill,149.72
Warlock+Paladin_vs_Warlock+Paladin,Warlock+Paladin,Warlock+Paladin,35,team1,kill,97.61
Warlock+Paladin_vs_Warlock+Paladin,Warlock+Paladin,Warlock+Paladin,36,team2,kill,154.26
Warlock+Paladin_vs_Warlock+Paladin,Warlock+Paladin,Warlock+Paladin,37,team1,kill,182.30
Warlock+Paladin_vs_Warlock+Paladin,Warlock+Paladin,Warlock+Paladin,38,team1,kill,155.06
Warlock+Paladin_vs_Warlock+Paladin,Warlock+Paladin,Warlock+Paladin,39,team1,kill,180.25
Warlock+Paladin_vs_Warlock+Paladin,Warlock+Paladin,Warlock+Paladin,40,team1,kill,82.99
Warlock+Paladin_vs_Warlock+Paladin,Warlock+Paladin,Warlock+Paladin,41,team1,kill,130.36
Warlock+Paladin_vs_Warlock+Paladin,Warlock+Paladin,Warlock+Paladin,42,team1,kill,155.19
Warlock+Paladin_vs_Warlock+Paladin,Warlock+Paladin,Warlock+Paladin,43,team1,kill,184.52
Warlock+Paladin_vs_Warlock+Paladin,Warlock+Paladin,Warlock+Paladin,44,team2,kill,140.81
Warlock+Paladin_vs_Warlock+Paladin,Warlock+Paladin,Warlock+Paladin,45,team1,kill,159.67
Warlock+Paladin_vs_Warlock+Paladin,Warlock+Paladin,Warlock+Paladin,46,team1,kill,98.84
Warlock+Paladin_vs_Warlock+Paladin,Warlock+Paladin,Warlock+Paladin,47,team1,kill,99.52
Warlock+Paladin_vs_Warlock+Paladin,Warlock+Paladin,Warlock+Paladin,48,team2,kill,97.07
Warlock+Paladin_vs_Warlock+Paladin,Warlock+Paladin,Warlock+Paladin,49,team2,kill,78.94
Warlock+Paladin_vs_Warlock+Paladin,Warlock+Paladin,Warlock+Paladin,50,team2,kill,171.04
Warlock+Paladin_vs_Warlock+Paladin,Warlock+Paladin,Warlock+Paladin,51,team1,kill,153.54
Warlock+Paladin_vs_Warlock+Paladin,Warlock+Paladin,Warlock+Paladin,52,team1,kill,83.94
Warlock+Paladin_vs_Warlock+Paladin,Warlock+Paladin,Warlock+Paladin,53,team2,kill,164.34
Warlock+Paladin_vs_Warlock+Paladin,Warlock+Paladin,Warlock+Paladin,54,team2,kill,112.43
Warlock+Paladin_vs_Warlock+Paladin,Warlock+Paladin,Warlock+Paladin,55,team1,kill,72.47
Warlock+Paladin_vs_Warlock+Paladin,Warlock+Paladin,Warlock+Paladin,56,team2,kill,135.48
Warlock+Paladin_vs_Warlock+Paladin,Warlock+Paladin,Warlock+Paladin,57,team2,kill,175.32
Warlock+Paladin_vs_Warlock+Paladin,Warlock+Paladin,Warlock+Paladin,58,team1,kill,169.12
Warlock+Paladin_vs_Warlock+Paladin,Warlock+Paladin,Warlock+Paladin,59,team2,kill,122.91
Warlock+Paladin_vs_Warlock+Paladin,Warlock+Paladin,Warlock+Paladin,60,team1,kill,159.97
Warlock+Paladin_vs_Warlock+Paladin,Warlock+Paladin,Warlock+Paladin,61,team2,kill,92.36
Warlock+Paladin_vs_Warlock+Paladin,Warlock+Paladin,Warlock+Paladin,62,team1,kill,88.45
Warlock+Paladin_vs_Warlock+Paladin,Warlock+Paladin,Warlock+Paladin,63,team1,kill,91.52
Warlock+Paladin_vs_Warlock+Paladin,Warlock+Paladin,Warlock+Paladin,64,team1,kill,186.83
Warlock+Paladin_vs_Warlock+Paladin,Warlock+Paladin,Warlock+Paladin,65,team1,kill,93.94
Warlock+Paladin_vs_Warlock+Paladin,Warlock+Paladin,Warlock+Paladin,66,team2,kill,166.00
Warlock+Paladin_vs_Warlock+Paladin,Warlock+Paladin,Warlock+Paladin,67,team2,kill,178.33
Warlock+Paladin_vs_Warlock+Paladin,Warlock+Paladin,Warlock+Paladin,68,team2,kill,146.34
Warlock+Paladin_vs_Warlock+Paladin,Warlock+Paladin,Warlock+Paladin,69,team1,kill,127.98
Warlock+Paladin_vs_Warlock+Paladin,Warlock+Paladin,Warlock+Paladin,70,team1,kill,175.12
Warlock+Paladin_vs_Warlock+Paladin,Warlock+Paladin,Warlock+Paladin,71,team2,kill,84.34
Warlock+Paladin_vs_Warlock+Paladin,Warlock+Paladin,Warlock+Paladin,72,team1,kill,116.34
Warlock+Paladin_vs_Warlock+Paladin,Warlock+Paladin,Warlock+Paladin,73,team2,kill,160.55
Warlock+Paladin_vs_Warlock+Paladin,Warlock+Paladin,Warlock+Paladin,74,team1,kill,130.18
Warlock+Paladin_vs_Warlock+Paladin,Warlock+Paladin,Warlock+Paladin,75,team1,kill,90.87
Warlock+Paladin_vs_Warlock+Paladin,Warlock+Paladin,Warlock+Paladin,76,team2,kill,133.94
Warlock+Paladin_vs_Warlock+Paladin,Warlock+Paladin,Warlock+Paladin,77,team2,kill,71.28
Warlock+Paladin_vs_Warlock+Paladin,Warlock+Paladin,Warlock+Paladin,78,team2,kill,173.93
Warlock+Paladin_vs_Warlock+Paladin,Warlock+Paladin,Warlock+Paladin,79,team1,kill,178.40
Warlock+Hunter_vs_Warlock+Hunter,Warlock+Hunter,Warlock+Hunter,0,team1,kill,23.32
Warlock+Hunter_vs_Warlock+Hunter,Warlock+Hunter,Warlock+Hunter,1,draw,kill,24.00
Warlock+Hunter_vs_Warlock+Hunter,Warlock+Hunter,Warlock+Hunter,2,team1,kill,20.25
Warlock+Hunter_vs_Warlock+Hunter,Warlock+Hunter,Warlock+Hunter,3,team2,kill,20.12
Warlock+Hunter_vs_Warlock+Hunter,Warlock+Hunter,Warlock+Hunter,4,team2,kill,18.07
Warlock+Hunter_vs_Warlock+Hunter,Warlock+Hunter,Warlock+Hunter,5,team2,kill,23.78
Warlock+Hunter_vs_Warlock+Hunter,Warlock+Hunter,Warlock+Hunter,6,team1,kill,18.13
Warlock+Hunter_vs_Warlock+Hunter,Warlock+Hunter,Warlock+Hunter,7,team1,kill,18.13
Warlock+Hunter_vs_Warlock+Hunter,Warlock+Hunter,Warlock+Hunter,8,team2,kill,20.25
Warlock+Hunter_vs_Warlock+Hunter,Warlock+Hunter,Warlock+Hunter,9,team1,kill,18.28
Warlock+Hunter_vs_Warlock+Hunter,Warlock+Hunter,Warlock+Hunter,10,team2,kill,23.78
Warlock+Hunter_vs_Warlock+Hunter,Warlock+Hunter,Warlock+Hunter,11,team2,kill,23.75
Warlock+Hunter_vs_Warlock+Hunter,Warlock+Hunter,Warlock+Hunter,12,draw,kill,24.27
Warlock+Hunter_vs_Warlock+Hunter,Warlock+Hunter,Warlock+Hunter,13,draw,kill,24.27
Warlock+Hunter_vs_Warlock+Hunter,Warlock+Hunter,Warlock+Hunter,14,team2,kill,20.12
Warlock+Hunter_vs_Warlock+Hunter,Warlock+Hunter,Warlock+Hunter,15,team2,kill,18.07
Warlock+Hunter_vs_Warlock+Hunter,Warlock+Hunter,Warlock+Hunter,16,team2,kill,23.75
Warlock+Hunter_vs_Warlock+Hunter,Warlock+Hunter,Warlock+Hunter,17,team2,kill,20.25
Warlock+Hunter_vs_Warlock+Hunter,Warlock+Hunter,Warlock+Hunter,18,team2,kill,19.43
Warlock+Hunter_vs_Warlock+Hunter,Warlock+Hunter,Warlock+Hunter,19,team1,kill,20.25
Warlock+Hunter_vs_Warlock+Hunter,Warlock+Hunter,Warlock+Hunter,20,team1,kill,20.12
Warlock+Hunter_vs_Warlock+Hunter,Warlock+Hunter,Warlock+Hunter,21,draw,kill,18.28
Warlock+Hunter_vs_Warlock+Hunter,Warlock+Hunter,Warlock+Hunter,22,team2,kill,20.25
Warlock+Hunter_vs_Warlock+Hunter,Warlock+Hunter,Warlock+Hunter,23,team2,kill,20.25
Warlock+Hunter_vs_Warlock+Hunter,Warlock+Hunter,Warlock+Hunter,24,team2,kill,24.27
Warlock+Hunter_vs_Warlock+Hunter,Warlock+Hunter,Warlock+Hunter,25,team2,kill,20.30
Warlock+Hunter_vs_Warlock+Hunter,Warlock+Hunter,Warlock+Hunter,26,draw,kill,24.00
Warlock+Hunter_vs_Warlock+Hunter,Warlock+Hunter,Warlock+Hunter,27,team1,kill,19.83
Warlock+Hunter_vs_Warlock+Hunter,Warlock+Hunter,Warlock+Hunter,28,draw,kill,20.25
Warlock+Hunter_vs_Warlock+Hunter,Warlock+Hunter,Warlock+Hunter,29,team2,kill,18.07
Warlock+Hunter_vs_Warlock+Hunter,Warlock+Hunter,Warlock+Hunter,30,team2,kill,19.68
Warlock+Hunter_vs_Warlock+Hunter,Warlock+Hunter,Warlock+Hunter,31,team1,kill,19.62
Warlock+Hunter_vs_Warlock+Hunter,Warlock+Hunter,Warlock+Hunter,32,team1,kill,23.13
Warlock+Hunter_vs_Warlock+Hunter,Warlock+Hunter,Warlock+Hunter,33,draw,kill,24.00
Warlock+Hunter_vs_Warlock+Hunter,Warlock+Hunter,Warlock+Hunter,34,team1,kill,23.75
Warlock+Hunter_vs_Warlock+Hunter,Warlock+Hunter,Warlock+Hunter,35,team1,kill,20.25
Warlock+Hunter_vs_Warlock+Hunter,Warlock+Hunter,Warlock+Hunter,36,team1,kill,23.88
Warlock+Hunter_vs_Warlock+Hunter,Warlock+Hunter,Warlock+Hunter,37,team1,kill,20.25
Warlock+Hunter_vs_Warlock+Hunter,Warlock+Hunter,Warlock+Hunter,38,team1,kill,20.12
Warlock+Hunter_vs_Warlock+Hunter,Warlock+Hunter,Warlock+Hunter,39,team1,kill,23.38
Warlock+Hunter_vs_Warlock+Hunter,Warlock+Hunter,Warlock+Hunter,40,draw,kill,24.00
Warlock+Hunter_vs_Warlock+Hunter,Warlock+Hunter,Warlock+Hunter,41,team1,kill,18.13
Warlock+Hunter_vs_Warlock+Hunter,Warlock+Hunter,Warlock+Hunter,42,team2,kill,23.13
Warlock+Hunter_vs_Warlock+Hunter,Warlock+Hunter,Warlock+Hunter,43,draw,kill,20.25
Warlock+Hunter_vs_Warlock+Hunter,Warlock+Hunter,Warlock+Hunter,44,team2,kill,22.32
Warlock+Hunter_vs_Warlock+Hunter,Warlock+Hunter,Warlock+Hunter,45,team1,kill,23.95
Warlock+Hunter_vs_Warlock+Hunter,Warlock+Hunter,Warlock+Hunter,46,team1,kill,20.12
Warlock+Hunter_vs_Warlock+Hunter,Warlock+Hunter,Warlock+Hunter,47,draw,kill,24.00
Warlock+Hunter_vs_Warlock+Hunter,Warlock+Hunter,Warlock+Hunter,48,team1,kill,19.90
Warlock+Hunter_vs_Warlock+Hunter,Warlock+Hunter,Warlock+Hunter,49,draw,kill,20.25
Warlock+Hunter_vs_Warlock+Hunter,Warlock+Hunter,Warlock+Hunter,50,team2,kill,19.58
Warlock+Hunter_vs_Warlock+Hunter,Warlock+Hunter,Warlock+Hunter,51,team1,kill,23.30
Warlock+Hunter_vs_Warlock+Hunter,Warlock+Hunter,Warlock+Hunter,52,team1,kill,23.13
Warlock+Hunter_vs_Warlock+Hunter,Warlock+Hunter,Warlock+Hunter,53,team1,kill,18.07
Warlock+Hunter_vs_Warlock+Hunter,Warlock+Hunter,Warlock+Hunter,54,team2,kill,19.57
Warlock+Hunter_vs_Warlock+Hunter,Warlock+Hunter,Warlock+Hunter,55,draw,kill,24.00
Warlock+Hunter_vs_Warlock+Hunter,Warlock+Hunter,Warlock+Hunter,56,team2,kill,23.88
Warlock+Hunter_vs_Warlock+Hunter,Warlock+Hunter,Warlock+Hunter,57,draw,kill,24.00
Warlock+Hunter_vs_Warlock+Hunter,Warlock+Hunter,Warlock+Hunter,58,team1,kill,19.43
Warlock+Hunter_vs_Warlock+Hunter,Warlock+Hunter,Warlock+Hunter,59,team2,kill,23.70
Warlock+Hunter_vs_Warlock+Hunter,Warlock+Hunter,Warlock+Hunter,60,team1,kill,23.43
Warlock+Hunter_vs_Warlock+Hunter,Warlock+Hunter,Warlock+Hunter,61,team2,kill,20.25
Warlock+Hunter_vs_Warlock+Hunter,Warlock+Hunter,Warlock+Hunter,62,team1,kill,18.07
Warlock+Hunter_vs_Warlock+Hunter,Warlock+Hunter,Warlock+Hunter,63,team2,kill,20.12
Warlock+Hunter_vs_Warlock+Hunter,Warlock+Hunter,Warlock+Hunter,64,team2,kill,20.25
Warlock+Hunter_vs_Warlock+Hunter,Warlock+Hunter,Warlock+Hunter,65,team1,kill,18.07
Warlock+Hunter_vs_Warlock+Hunter,Warlock+Hunter,Warlock+Hunter,66,team1,kill,18.07
Warlock+Hunter_vs_Warlock+Hunter,Warlock+Hunter,Warlock+Hunter,67,team2,kill,18.28
Warlock+Hunter_vs_Warlock+Hunter,Warlock+Hunter,Warlock+Hunter,68,team2,kill,19.97
Warlock+Hunter_vs_Warlock+Hunter,Warlock+Hunter,Warlock+Hunter,69,team1,kill,19.63
Warlock+Hunter_vs_Warlock+Hunter,Warlock+Hunter,Warlock+Hunter,70,team1,kill,20.25
Warlock+Hunter_vs_Warlock+Hunter,Warlock+Hunter,Warlock+Hunter,71,team1,kill,23.68
Warlock+Hunter_vs_Warlock+Hunter,Warlock+Hunter,Warlock+Hunter,72,team1,kill,23.88
Warlock+Hunter_vs_Warlock+Hunter,Warlock+Hunter,Warlock+Hunter,73,team1,kill,20.25
Warlock+Hunter_vs_Warlock+Hunter,Warlock+Hunter,Warlock+Hunter,74,draw,kill,24.27
Warlock+Hunter_vs_Warlock+Hunter,Warlock+Hunter,Warlock+Hunter,75,team2,kill,23.87
Warlock+Hunter_vs_Warlock+Hunter,Warlock+Hunter,Warlock+Hunter,76,team1,kill,19.93
Warlock+Hunter_vs_Warlock+Hunter,Warlock+Hunter,Warlock+Hunter,77,team2,kill,20.25
Warlock+Hunter_vs_Warlock+Hunter,Warlock+Hunter,Warlock+Hunter,78,team1,kill,18.07
Warlock+Hunter_vs_Warlock+Hunter,Warlock+Hunter,Warlock+Hunter,79,team2,kill,23.28
Warlock+Shaman_vs_Warlock+Shaman,Warlock+Shaman,Warlock+Shaman,0,team1,kill,26.53
Warlock+Shaman_vs_Warlock+Shaman,Warlock+Shaman,Warlock+Shaman,1,team1,kill,55.18
Warlock+Shaman_vs_Warlock+Shaman,Warlock+Shaman,Warlock+Shaman,2,team1,kill,48.73
Warlock+Shaman_vs_Warlock+Shaman,Warlock+Shaman,Warlock+Shaman,3,team1,kill,92.29
Warlock+Shaman_vs_Warlock+Shaman,Warlock+Shaman,Warlock+Shaman,4,team2,kill,33.27
Warlock+Shaman_vs_Warlock+Shaman,Warlock+Shaman,Warlock+Shaman,5,team1,kill,66.80
Warlock+Shaman_vs_Warlock+Shaman,Warlock+Shaman,Warlock+Shaman,6,team1,kill,55.82
Warlock+Shaman_vs_Warlock+Shaman,Warlock+Shaman,Warlock+Shaman,7,team2,kill,55.17
Warlock+Shaman_vs_Warlock+Shaman,Warlock+Shaman,Warlock+Shaman,8,team1,kill,48.05
Warlock+Shaman_vs_Warlock+Shaman,Warlock+Shaman,Warlock+Shaman,9,team2,kill,54.82
Warlock+Shaman_vs_Warlock+Shaman,Warlock+Shaman,Warlock+Shaman,10,team2,kill,53.47
Warlock+Shaman_vs_Warlock+Shaman,Warlock+Shaman,Warlock+Shaman,11,team1,kill,36.30
Warlock+Shaman_vs_Warlock+Shaman,Warlock+Shaman,Warlock+Shaman,12,team1,kill,65.15
Warlock+Shaman_vs_Warlock+Shaman,Warlock+Shaman,Warlock+Shaman,13,team2,kill,60.33
Warlock+Shaman_vs_Warlock+Shaman,Warlock+Shaman,Warlock+Shaman,14,team2,kill,54.50
Warlock+Shaman_vs_Warlock+Shaman,Warlock+Shaman,Warlock+Shaman,15,team2,kill,78.44
Warlock+Shaman_vs_Warlock+Shaman,Warlock+Shaman,Warlock+Shaman,16,team2,kill,35.98
Warlock+Shaman_vs_Warlock+Shaman,Warlock+Shaman,Warlock+Shaman,17,team1,kill,51.85
Warlock+Shaman_vs_Warlock+Shaman,Warlock+Shaman,Warlock+Shaman,18,team1,kill,71.58
Warlock+Shaman_vs_Warlock+Shaman,Warlock+Shaman,Warlock+Shaman,19,team1,kill,33.02
Warlock+Shaman_vs_Warlock+Shaman,Warlock+Shaman,Warlock+Shaman,20,team1,kill,35.63
Warlock+Shaman_vs_Warlock+Shaman,Warlock+Shaman,Warlock+Shaman,21,team2,kill,49.82
Warlock+Shaman_vs_Warlock+Shaman,Warlock+Shaman,Warlock+Shaman,22,team2,kill,93.66
Warlock+Shaman_vs_Warlock+Shaman,Warlock+Shaman,Warlock+Shaman,23,team2,kill,44.37
Warlock+Shaman_vs_Warlock+Shaman,Warlock+Shaman,Warlock+Shaman,24,team1,kill,40.22
Warlock+Shaman_vs_Warlock+Shaman,Warlock+Shaman,Warlock+Shaman,25,team1,kill,57.20
Warlock+Shaman_vs_Warlock+Shaman,Warlock+Shaman,Warlock+Shaman,26,team2,kill,33.77
Warlock+Shaman_vs_Warlock+Shaman,Warlock+Shaman,Warlock+Shaman,27,team2,kill,53.17
Warlock+Shaman_vs_Warlock+Shaman,Warlock+Shaman,Warlock+Shaman,28,team1,kill,42.37
Warlock+Shaman_vs_Warlock+Shaman,Warlock+Shaman,Warlock+Shaman,29,team1,kill,147.74
Warlock+Shaman_vs_Warlock+Shaman,Warlock+Shaman,Warlock+Shaman,30,team1,kill,66.48
Warlock+Shaman_vs_Warlock+Shaman,Warlock+Shaman,Warlock+Shaman,31,team1,kill,42.65
Warlock+Shaman_vs_Warlock+Shaman,Warlock+Shaman,Warlock+Shaman,32,team2,kill,66.17
Warlock+Shaman_vs_Warlock+Shaman,Warlock+Shaman,Warlock+Shaman,33,team1,kill,73.80
Warlock+Shaman_vs_Warlock+Shaman,Warlock+Shaman,Warlock+Shaman,34,team1,kill,37.40
Warlock+Shaman_vs_Warlock+Shaman,Warlock+Shaman,Warlock+Shaman,35,team2,kill,53.47
Warlock+Shaman_vs_Warlock+Shaman,Warlock+Shaman,Warlock+Shaman,36,team1,kill,126.60
Warlock+Shaman_vs_Warlock+Shaman,Warlock+Shaman,Warlock+Shaman,37,team1,kill,45.42
Warlock+Shaman_vs_Warlock+Shaman,Warlock+Shaman,Warlock+Shaman,38,team2,kill,54.33
Warlock+Shaman_vs_Warlock+Shaman,Warlock+Shaman,Warlock+Shaman,39,team2,kill,36.77
Warlock+Shaman_vs_Warlock+Shaman,Warlock+Shaman,Warlock+Shaman,40,team1,kill,115.16
Warlock+Shaman_vs_Warlock+Shaman,Warlock+Shaman,Warlock+Shaman,41,team2,kill,40.48
Warlock+Shaman_vs_Warlock+Shaman,Warlock+Shaman,Warlock+Shaman,42,team2,kill,66.72
Warlock+Shaman_vs_Warlock+Shaman,Warlock+Shaman,Warlock+Shaman,43,team1,kill,55.15
Warlock+Shaman_vs_Warlock+Shaman,Warlock+Shaman,Warlock+Shaman,44,team2,kill,48.20
Warlock+Shaman_vs_Warlock+Shaman,Warlock+Shaman,Warlock+Shaman,45,team1,kill,101.32
Warlock+Shaman_vs_Warlock+Shaman,Warlock+Shaman,Warlock+Shaman,46,team2,kill,51.27
Warlock+Shaman_vs_Warlock+Shaman,Warlock+Shaman,Warlock+Shaman,47,team1,kill,69.13
Warlock+Shaman_vs_Warlock+Shaman,Warlock+Shaman,Warlock+Shaman,48,team2,kill,49.35
Warlock+Shaman_vs_Warlock+Shaman,Warlock+Shaman,Warlock+Shaman,49,team1,kill,45.43
Warlock+Shaman_vs_Warlock+Shaman,Warlock+Shaman,Warlock+Shaman,50,team1,kill,108.44
Warlock+Shaman_vs_Warlock+Shaman,Warlock+Shaman,Warlock+Shaman,51,team1,kill,48.33
Warlock+Shaman_vs_Warlock+Shaman,Warlock+Shaman,Warlock+Shaman,52,team2,kill,34.72
Warlock+Shaman_vs_Warlock+Shaman,Warlock+Shaman,Warlock+Shaman,53,team1,kill,81.45
Warlock+Shaman_vs_Warlock+Shaman,Warlock+Shaman,Warlock+Shaman,54,team1,kill,59.47
Warlock+Shaman_vs_Warlock+Shaman,Warlock+Shaman,Warlock+Shaman,55,team2,kill,56.38
Warlock+Shaman_vs_Warlock+Shaman,Warlock+Shaman,Warlock+Shaman,56,team1,kill,36.10
Warlock+Shaman_vs_Warlock+Shaman,Warlock+Shaman,Warlock+Shaman,57,team1,kill,35.13
Warlock+Shaman_vs_Warlock+Shaman,Warlock+Shaman,Warlock+Shaman,58,team2,kill,62.48
Warlock+Shaman_vs_Warlock+Shaman,Warlock+Shaman,Warlock+Shaman,59,team2,kill,56.90
Warlock+Shaman_vs_Warlock+Shaman,Warlock+Shaman,Warlock+Shaman,60,team2,kill,44.53
Warlock+Shaman_vs_Warlock+Shaman,Warlock+Shaman,Warlock+Shaman,61,team1,kill,26.27
Warlock+Shaman_vs_Warlock+Shaman,Warlock+Shaman,Warlock+Shaman,62,team2,kill,54.73
Warlock+Shaman_vs_Warlock+Shaman,Warlock+Shaman,Warlock+Shaman,63,team2,kill,78.44
Warlock+Shaman_vs_Warlock+Shaman,Warlock+Shaman,Warlock+Shaman,64,team1,kill,103.69
Warlock+Shaman_vs_Warlock+Shaman,Warlock+Shaman,Warlock+Shaman,65,team1,kill,38.67
Warlock+Shaman_vs_Warlock+Shaman,Warlock+Shaman,Warlock+Shaman,66,team1,kill,41.23
Warlock+Shaman_vs_Warlock+Shaman,Warlock+Shaman,Warlock+Shaman,67,team2,kill,56.45
Warlock+Shaman_vs_Warlock+Shaman,Warlock+Shaman,Warlock+Shaman,68,team1,kill,40.92
Warlock+Shaman_vs_Warlock+Shaman,Warlock+Shaman,Warlock+Shaman,69,team1,kill,37.93
Warlock+Shaman_vs_Warlock+Shaman,Warlock+Shaman,Warlock+Shaman,70,team1,kill,32.00
Warlock+Shaman_vs_Warlock+Shaman,Warlock+Shaman,Warlock+Shaman,71,team1,kill,54.98
Warlock+Shaman_vs_Warlock+Shaman,Warlock+Shaman,Warlock+Shaman,72,team2,kill,66.58
Warlock+Shaman_vs_Warlock+Shaman,Warlock+Shaman,Warlock+Shaman,73,team2,kill,104.81
Warlock+Shaman_vs_Warlock+Shaman,Warlock+Shaman,Warlock+Shaman,74,team2,kill,52.90
Warlock+Shaman_vs_Warlock+Shaman,Warlock+Shaman,Warlock+Shaman,75,team1,kill,148.77
Warlock+Shaman_vs_Warlock+Shaman,Warlock+Shaman,Warlock+Shaman,76,team1,kill,79.57
Warlock+Shaman_vs_Warlock+Shaman,Warlock+Shaman,Warlock+Shaman,77,team2,kill,37.12
Warlock+Shaman_vs_Warlock+Shaman,Warlock+Shaman,Warlock+Shaman,78,team1,kill,36.77
Warlock+Shaman_vs_Warlock+Shaman,Warlock+Shaman,Warlock+Shaman,79,team1,kill,30.53
Paladin+Hunter_vs_Paladin+Hunter,Paladin+Hunter,Paladin+Hunter,0,team2,kill,98.51
Paladin+Hunter_vs_Paladin+Hunter,Paladin+Hunter,Paladin+Hunter,1,team1,kill,103.54
Paladin+Hunter_vs_Paladin+Hunter,Paladin+Hunter,Paladin+Hunter,2,team1,kill,95.37
Paladin+Hunter_vs_Paladin+Hunter,Paladin+Hunter,Paladin+Hunter,3,team2,kill,101.99
Paladin+Hunter_vs_Paladin+Hunter,Paladin+Hunter,Paladin+Hunter,4,team1,kill,91.31
Paladin+Hunter_vs_Paladin+Hunter,Paladin+Hunter,Paladin+Hunter,5,team1,kill,93.49
Paladin+Hunter_vs_Paladin+Hunter,Paladin+Hunter,Paladin+Hunter,6,team2,kill,95.99
Paladin+Hunter_vs_Paladin+Hunter,Paladin+Hunter,Paladin+Hunter,7,team2,kill,170.05
Paladin+Hunter_vs_Paladin+Hunter,Paladin+Hunter,Paladin+Hunter,8,team2,kill,92.34
Paladin+Hunter_vs_Paladin+Hunter,Paladin+Hunter,Paladin+Hunter,9,team2,kill,90.95
Paladin+Hunter_vs_Paladin+Hunter,Paladin+Hunter,Paladin+Hunter,10,team1,kill,135.99
Paladin+Hunter_vs_Paladin+Hunter,Paladin+Hunter,Paladin+Hunter,11,team2,kill,98.69
Paladin+Hunter_vs_Paladin+Hunter,Paladin+Hunter,Paladin+Hunter,12,team1,kill,111.81
Paladin+Hunter_vs_Paladin+Hunter,Paladin+Hunter,Paladin+Hunter,13,team1,kill,97.82
Paladin+Hunter_vs_Paladin+Hunter,Paladin+Hunter,Paladin+Hunter,14,team2,kill,157.37
Paladin+Hunter_vs_Paladin+Hunter,Paladin+Hunter,Paladin+Hunter,15,team1,kill,161.25
Paladin+Hunter_vs_Paladin+Hunter,Paladin+Hunter,Paladin+Hunter,16,team1,kill,154.27
Paladin+Hunter_vs_Paladin+Hunter,Paladin+Hunter,Paladin+Hunter,17,team1,kill,99.79
Paladin+Hunter_vs_Paladin+Hunter,Paladin+Hunter,Paladin+Hunter,18,team2,kill,96.74
Paladin+Hunter_vs_Paladin+Hunter,Paladin+Hunter,Paladin+Hunter,19,team2,kill,102.62
Paladin+Hunter_vs_Paladin+Hunter,Paladin+Hunter,Paladin+Hunter,20,team1,kill,99.51
Paladin+Hunter_vs_Paladin+Hunter,Paladin+Hunter,Paladin+Hunter,21,team2,kill,96.32
Paladin+Hunter_vs_Paladin+Hunter,Paladin+Hunter,Paladin+Hunter,22,team2,kill,83.24
Paladin+Hunter_vs_Paladin+Hunter,Paladin+Hunter,Paladin+Hunter,23,team2,kill,104.31
Paladin+Hunter_vs_Paladin+Hunter,Paladin+Hunter,Paladin+Hunter,24,team2,kill,99.16
Paladin+Hunter_vs_Paladin+Hunter,Paladin+Hunter,Paladin+Hunter,25,team2,kill,101.02
Paladin+Hunter_vs_Paladin+Hunter,Paladin+Hunter,Paladin+Hunter,26,team1,kill,92.72
Paladin+Hunter_vs_Paladin+Hunter,Paladin+Hunter,Paladin+Hunter,27,team1,kill,88.44
Paladin+Hunter_vs_Paladin+Hunter,Paladin+Hunter,Paladin+Hunter,28,team2,kill,162.45
Paladin+Hunter_vs_Paladin+Hunter,Paladin+Hunter,Paladin+Hunter,29,team2,kill,150.76
Paladin+Hunter_vs_Paladin+Hunter,Paladin+Hunter,Paladin+Hunter,30,team2,kill,98.51
Paladin+Hunter_vs_Paladin+Hunter,Paladin+Hunter,Paladin+Hunter,31,team2,kill,96.92
Paladin+Hunter_vs_Paladin+Hunter,Paladin+Hunter,Paladin+Hunter,32,team1,kill,139.53
Paladin+Hunter_vs_Paladin+Hunter,Paladin+Hunter,Paladin+Hunter,33,team1,kill,104.56
Paladin+Hunter_vs_Paladin+Hunter,Paladin+Hunter,Paladin+Hunter,34,team1,kill,94.32
Paladin+Hunter_vs_Paladin+Hunter,Paladin+Hunter,Paladin+Hunter,35,team1,kill,100.11
Paladin+Hunter_vs_Paladin+Hunter,Paladin+Hunter,Paladin+Hunter,36,team1,kill,138.34
Paladin+Hunter_vs_Paladin+Hunter,Paladin+Hunter,Paladin+Hunter,37,team2,kill,171.10
Paladin+Hunter_vs_Paladin+Hunter,Paladin+Hunter,Paladin+Hunter,38,team1,kill,95.06
Paladin+Hunter_vs_Paladin+Hunter,Paladin+Hunter,Paladin+Hunter,39,team1,kill,92.51
Paladin+Hunter_vs_Paladin+Hunter,Paladin+Hunter,Paladin+Hunter,40,team1,kill,161.54
Paladin+Hunter_vs_Paladin+Hunter,Paladin+Hunter,Paladin+Hunter,41,team2,kill,95.99
Paladin+Hunter_vs_Paladin+Hunter,Paladin+Hunter,Paladin+Hunter,42,team2,kill,90.95
Paladin+Hunter_vs_Paladin+Hunter,Paladin+Hunter,Paladin+Hunter,43,team1,kill,88.44
Paladin+Hunter_vs_Paladin+Hunter,Paladin+Hunter,Paladin+Hunter,44,team2,kill,164.00
Paladin+Hunter_vs_Paladin+Hunter,Paladin+Hunter,Paladin+Hunter,45,team1,kill,99.47
Paladin+Hunter_vs_Paladin+Hunter,Paladin+Hunter,Paladin+Hunter,46,team1,kill,108.58
Paladin+Hunter_vs_Paladin+Hunter,Paladin+Hunter,Paladin+Hunter,47,team2,kill,96.81
Paladin+Hunter_vs_Paladin+Hunter,Paladin+Hunter,Paladin+Hunter,48,team1,kill,102.01
Paladin+Hunter_vs_Paladin+Hunter,Paladin+Hunter,Paladin+Hunter,49,team2,kill,99.42
Paladin+Hunter_vs_Paladin+Hunter,Paladin+Hunter,Paladin+Hunter,50,team1,kill,95.99
Paladin+Hunter_vs_Paladin+Hunter,Paladin+Hunter,Paladin+Hunter,51,team1,kill,95.52
Paladin+Hunter_vs_Paladin+Hunter,Paladin+Hunter,Paladin+Hunter,52,team1,kill,108.58
Paladin+Hunter_vs_Paladin+Hunter,Paladin+Hunter,Paladin+Hunter,53,team1,kill,78.95
Paladin+Hunter_vs_Paladin+Hunter,Paladin+Hunter,Paladin+Hunter,54,team2,kill,97.07
Paladin+Hunter_vs_Paladin+Hunter,Paladin+Hunter,Paladin+Hunter,55,team2,kill,95.99
Paladin+Hunter_vs_Paladin+Hunter,Paladin+Hunter,Paladin+Hunter,56,team1,kill,108.58
Paladin+Hunter_vs_Paladin+Hunter,Paladin+Hunter,Paladin+Hunter,57,team1,kill,91.47
Paladin+Hunter_vs_Paladin+Hunter,Paladin+Hunter,Paladin+Hunter,58,team2,kill,98.62
Paladin+Hunter_vs_Paladin+Hunter,Paladin+Hunter,Paladin+Hunter,59,team1,kill,81.44
Paladin+Hunter_vs_Paladin+Hunter,Paladin+Hunter,Paladin+Hunter,60,team1,kill,91.87
Paladin+Hunter_vs_Paladin+Hunter,Paladin+Hunter,Paladin+Hunter,61,team2,kill,99.79
Paladin+Hunter_vs_Paladin+Hunter,Paladin+Hunter,Paladin+Hunter,62,team2,kill,104.91
Paladin+Hunter_vs_Paladin+Hunter,Paladin+Hunter,Paladin+Hunter,63,team2,kill,100.62
Paladin+Hunter_vs_Paladin+Hunter,Paladin+Hunter,Paladin+Hunter,64,team1,kill,86.62
Paladin+Hunter_vs_Paladin+Hunter,Paladin+Hunter,Paladin+Hunter,65,team2,kill,111.09
Paladin+Hunter_vs_Paladin+Hunter,Paladin+Hunter,Paladin+Hunter,66,team2,kill,105.52
Paladin+Hunter_vs_Paladin+Hunter,Paladin+Hunter,Paladin+Hunter,67,team2,kill,94.66
Paladin+Hunter_vs_Paladin+Hunter,Paladin+Hunter,Paladin+Hunter,68,team1,kill,92.09
Paladin+Hunter_vs_Paladin+Hunter,Paladin+Hunter,Paladin+Hunter,69,team2,kill,96.89
Paladin+Hunter_vs_Paladin+Hunter,Paladin+Hunter,Paladin+Hunter,70,team1,kill,82.27
Paladin+Hunter_vs_Paladin+Hunter,Paladin+Hunter,Paladin+Hunter,71,team2,kill,95.99
Paladin+Hunter_vs_Paladin+Hunter,Paladin+Hunter,Paladin+Hunter,72,team1,kill,94.46
Paladin+Hunter_vs_Paladin+Hunter,Paladin+Hunter,Paladin+Hunter,73,team2,kill,96.91
Paladin+Hunter_vs_Paladin+Hunter,Paladin+Hunter,Paladin+Hunter,74,team2,kill,96.39
Paladin+Hunter_vs_Paladin+Hunter,Paladin+Hunter,Paladin+Hunter,75,team1,kill,161.55
Paladin+Hunter_vs_Paladin+Hunter,Paladin+Hunter,Paladin+Hunter,76,team2,kill,93.47
Paladin+Hunter_vs_Paladin+Hunter,Paladin+Hunter,Paladin+Hunter,77,team2,kill,100.36
Paladin+Hunter_vs_Paladin+Hunter,Paladin+Hunter,Paladin+Hunter,78,team1,kill,96.21
Paladin+Hunter_vs_Paladin+Hunter,Paladin+Hunter,Paladin+Hunter,79,team1,kill,86.79
Hunter+Shaman_vs_Hunter+Shaman,Hunter+Shaman,Hunter+Shaman,0,team2,kill,23.33
Hunter+Shaman_vs_Hunter+Shaman,Hunter+Shaman,Hunter+Shaman,1,team2,kill,36.60
Hunter+Shaman_vs_Hunter+Shaman,Hunter+Shaman,Hunter+Shaman,2,team2,kill,33.63
Hunter+Shaman_vs_Hunter+Shaman,Hunter+Shaman,Hunter+Shaman,3,team2,kill,34.58
Hunter+Shaman_vs_Hunter+Shaman,Hunter+Shaman,Hunter+Shaman,4,team2,kill,23.33
Hunter+Shaman_vs_Hunter+Shaman,Hunter+Shaman,Hunter+Shaman,5,team1,kill,50.22
Hunter+Shaman_vs_Hunter+Shaman,Hunter+Shaman,Hunter+Shaman,6,team2,kill,155.64
Hunter+Shaman_vs_Hunter+Shaman,Hunter+Shaman,Hunter+Shaman,7,team2,kill,22.23
Hunter+Shaman_vs_Hunter+Shaman,Hunter+Shaman,Hunter+Shaman,8,team1,kill,23.13
Hunter+Shaman_vs_Hunter+Shaman,Hunter+Shaman,Hunter+Shaman,9,team2,kill,37.45
Hunter+Shaman_vs_Hunter+Shaman,Hunter+Shaman,Hunter+Shaman,10,team2,kill,39.62
Hunter+Shaman_vs_Hunter+Shaman,Hunter+Shaman,Hunter+Shaman,11,team2,kill,34.43
Hunter+Shaman_vs_Hunter+Shaman,Hunter+Shaman,Hunter+Shaman,12,team2,kill,17.58
Hunter+Shaman_vs_Hunter+Shaman,Hunter+Shaman,Hunter+Shaman,13,team1,kill,31.58
Hunter+Shaman_vs_Hunter+Shaman,Hunter+Shaman,Hunter+Shaman,14,team2,kill,39.62
Hunter+Shaman_vs_Hunter+Shaman,Hunter+Shaman,Hunter+Shaman,15,team1,kill,19.52
Hunter+Shaman_vs_Hunter+Shaman,Hunter+Shaman,Hunter+Shaman,16,team1,kill,33.63
Hunter+Shaman_vs_Hunter+Shaman,Hunter+Shaman,Hunter+Shaman,17,team2,kill,42.67
Hunter+Shaman_vs_Hunter+Shaman,Hunter+Shaman,Hunter+Shaman,18,team1,kill,55.67
Hunter+Shaman_vs_Hunter+Shaman,Hunter+Shaman,Hunter+Shaman,19,team1,kill,33.43
Hunter+Shaman_vs_Hunter+Shaman,Hunter+Shaman,Hunter+Shaman,20,team1,kill,37.12
Hunter+Shaman_vs_Hunter+Shaman,Hunter+Shaman,Hunter+Shaman,21,team2,kill,16.50
Hunter+Shaman_vs_Hunter+Shaman,Hunter+Shaman,Hunter+Shaman,22,team2,kill,152.59
Hunter+Shaman_vs_Hunter+Shaman,Hunter+Shaman,Hunter+Shaman,23,team1,kill,34.60
Hunter+Shaman_vs_Hunter+Shaman,Hunter+Shaman,Hunter+Shaman,24,team1,kill,34.58
Hunter+Shaman_vs_Hunter+Shaman,Hunter+Shaman,Hunter+Shaman,25,team2,kill,147.67
Hunter+Shaman_vs_Hunter+Shaman,Hunter+Shaman,Hunter+Shaman,26,team1,kill,31.12
Hunter+Shaman_vs_Hunter+Shaman,Hunter+Shaman,Hunter+Shaman,27,team2,kill,33.42
Hunter+Shaman_vs_Hunter+Shaman,Hunter+Shaman,Hunter+Shaman,28,team2,kill,34.58
Hunter+Shaman_vs_Hunter+Shaman,Hunter+Shaman,Hunter+Shaman,29,team1,kill,20.53
Hunter+Shaman_vs_Hunter+Shaman,Hunter+Shaman,Hunter+Shaman,30,team2,kill,34.10
Hunter+Shaman_vs_Hunter+Shaman,Hunter+Shaman,Hunter+Shaman,31,team2,kill,15.02
Hunter+Shaman_vs_Hunter+Shaman,Hunter+Shaman,Hunter+Shaman,32,team2,kill,32.07
Hunter+Shaman_vs_Hunter+Shaman,Hunter+Shaman,Hunter+Shaman,33,team1,kill,96.76
Hunter+Shaman_vs_Hunter+Shaman,Hunter+Shaman,Hunter+Shaman,34,team1,kill,39.62
Hunter+Shaman_vs_Hunter+Shaman,Hunter+Shaman,Hunter+Shaman,35,team1,kill,32.77
Hunter+Shaman_vs_Hunter+Shaman,Hunter+Shaman,Hunter+Shaman,36,draw,kill,129.76
Hunter+Shaman_vs_Hunter+Shaman,Hunter+Shaman,Hunter+Shaman,37,team1,kill,42.67
Hunter+Shaman_vs_Hunter+Shaman,Hunter+Shaman,Hunter+Shaman,38,team2,kill,23.33
Hunter+Shaman_vs_Hunter+Shaman,Hunter+Shaman,Hunter+Shaman,39,team2,kill,53.15
Hunter+Shaman_vs_Hunter+Shaman,Hunter+Shaman,Hunter+Shaman,40,team2,kill,22.02
Hunter+Shaman_vs_Hunter+Shaman,Hunter+Shaman,Hunter+Shaman,41,team1,kill,42.15
Hunter+Shaman_vs_Hunter+Shaman,Hunter+Shaman,Hunter+Shaman,42,team2,kill,20.07
Hunter+Shaman_vs_Hunter+Shaman,Hunter+Shaman,Hunter+Shaman,43,team1,kill,55.67
Hunter+Shaman_vs_Hunter+Shaman,Hunter+Shaman,Hunter+Shaman,44,team1,kill,54.55
Hunter+Shaman_vs_Hunter+Shaman,Hunter+Shaman,Hunter+Shaman,45,team1,kill,34.13
Hunter+Shaman_vs_Hunter+Shaman,Hunter+Shaman,Hunter+Shaman,46,team1,kill,39.62
Hunter+Shaman_vs_Hunter+Shaman,Hunter+Shaman,Hunter+Shaman,47,team1,kill,38.48
Hunter+Shaman_vs_Hunter+Shaman,Hunter+Shaman,Hunter+Shaman,48,team2,kill,23.33
Hunter+Shaman_vs_Hunter+Shaman,Hunter+Shaman,Hunter+Shaman,49,team1,kill,53.68
Hunter+Shaman_vs_Hunter+Shaman,Hunter+Shaman,Hunter+Shaman,50,team2,kill,23.33
Hunter+Shaman_vs_Hunter+Shaman,Hunter+Shaman,Hunter+Shaman,51,team1,kill,24.03
Hunter+Shaman_vs_Hunter+Shaman,Hunter+Shaman,Hunter+Shaman,52,team2,kill,49.20
Hunter+Shaman_vs_Hunter+Shaman,Hunter+Shaman,Hunter+Shaman,53,team1,kill,33.42
Hunter+Shaman_vs_Hunter+Shaman,Hunter+Shaman,Hunter+Shaman,54,team1,kill,33.63
Hunter+Shaman_vs_Hunter+Shaman,Hunter+Shaman,Hunter+Shaman,55,team1,kill,150.67
Hunter+Shaman_vs_Hunter+Shaman,Hunter+Shaman,Hunter+Shaman,56,team2,kill,44.65
Hunter+Shaman_vs_Hunter+Shaman,Hunter+Shaman,Hunter+Shaman,57,team1,kill,49.18
Hunter+Shaman_vs_Hunter+Shaman,Hunter+Shaman,Hunter+Shaman,58,team2,kill,33.42
Hunter+Shaman_vs_Hunter+Shaman,Hunter+Shaman,Hunter+Shaman,59,team1,kill,42.33
Hunter+Shaman_vs_Hunter+Shaman,Hunter+Shaman,Hunter+Shaman,60,team1,kill,23.25
Hunter+Shaman_vs_Hunter+Shaman,Hunter+Shaman,Hunter+Shaman,61,team2,kill,32.07
Hunter+Shaman_vs_Hunter+Shaman,Hunter+Shaman,Hunter+Shaman,62,team1,kill,47.70
Hunter+Shaman_vs_Hunter+Shaman,Hunter+Shaman,Hunter+Shaman,63,team1,kill,35.62
Hunter+Shaman_vs_Hunter+Shaman,Hunter+Shaman,Hunter+Shaman,64,team2,kill,16.50
Hunter+Shaman_vs_Hunter+Shaman,Hunter+Shaman,Hunter+Shaman,65,team1,kill,153.67
Hunter+Shaman_vs_Hunter+Shaman,Hunter+Shaman,Hunter+Shaman,66,team2,kill,22.02
Hunter+Shaman_vs_Hunter+Shaman,Hunter+Shaman,Hunter+Shaman,67,team1,kill,50.22
Hunter+Shaman_vs_Hunter+Shaman,Hunter+Shaman,Hunter+Shaman,68,team2,kill,23.33
Hunter+Shaman_vs_Hunter+Shaman,Hunter+Shaman,Hunter+Shaman,69,team1,kill,42.67
Hunter+Shaman_vs_Hunter+Shaman,Hunter+Shaman,Hunter+Shaman,70,team1,kill,33.42
Hunter+Shaman_vs_Hunter+Shaman,Hunter+Shaman,Hunter+Shaman,71,team1,kill,34.10
Hunter+Shaman_vs_Hunter+Shaman,Hunter+Shaman,Hunter+Shaman,72,team2,kill,31.10
Hunter+Shaman_vs_Hunter+Shaman,Hunter+Shaman,Hunter+Shaman,73,team1,kill,23.33
Hunter+Shaman_vs_Hunter+Shaman,Hunter+Shaman,Hunter+Shaman,74,team2,kill,147.67
Hunter+Shaman_vs_Hunter+Shaman,Hunter+Shaman,Hunter+Shaman,75,team2,kill,141.59
Hunter+Shaman_vs_Hunter+Shaman,Hunter+Shaman,Hunter+Shaman,76,team2,kill,47.93
Hunter+Shaman_vs_Hunter+Shaman,Hunter+Shaman,Hunter+Shaman,77,team1,kill,17.17
Hunter+Shaman_vs_Hunter+Shaman,Hunter+Shaman,Hunter+Shaman,78,team1,kill,49.68
Hunter+Shaman_vs_Hunter+Shaman,Hunter+Shaman,Hunter+Shaman,79,team1,kill,37.10
Warrior_vs_Warrior,Warrior,Warrior,0,team2,kill,17.27
Warrior_vs_Warrior,Warrior,Warrior,1,team2,kill,15.03
Warrior_vs_Warrior,Warrior,Warrior,2,team1,kill,18.38
Warrior_vs_Warrior,Warrior,Warrior,3,team1,kill,19.50
Warrior_vs_Warrior,Warrior,Warrior,4,team1,kill,18.38
Warrior_vs_Warrior,Warrior,Warrior,5,draw,kill,19.50
Warrior_vs_Warrior,Warrior,Warrior,6,team2,kill,13.53
Warrior_vs_Warrior,Warrior,Warrior,7,team2,kill,13.92
Warrior_vs_Warrior,Warrior,Warrior,8,team1,kill,15.02
Warrior_vs_Warrior,Warrior,Warrior,9,team2,kill,19.50
Warrior_vs_Warrior,Warrior,Warrior,10,team2,kill,13.53
Warrior_vs_Warrior,Warrior,Warrior,11,team1,kill,15.03
Warrior_vs_Warrior,Warrior,Warrior,12,team1,kill,13.92
Warrior_vs_Warrior,Warrior,Warrior,13,draw,kill,19.50
Warrior_vs_Warrior,Warrior,Warrior,14,team1,kill,16.15
Warrior_vs_Warrior,Warrior,Warrior,15,team2,kill,18.03
Warrior_vs_Warrior,Warrior,Warrior,16,team2,kill,13.53
Warrior_vs_Warrior,Warrior,Warrior,17,team2,kill,18.38
Warrior_vs_Warrior,Warrior,Warrior,18,team2,kill,19.50
Warrior_vs_Warrior,Warrior,Warrior,19,team1,kill,18.38
Warrior_vs_Warrior,Warrior,Warrior,20,team2,kill,17.27
Warrior_vs_Warrior,Warrior,Warrior,21,team1,kill,18.03
Warrior_vs_Warrior,Warrior,Warrior,22,team2,kill,18.03
Warrior_vs_Warrior,Warrior,Warrior,23,draw,kill,18.38
Warrior_vs_Warrior,Warrior,Warrior,24,team2,kill,15.03
Warrior_vs_Warrior,Warrior,Warrior,25,team2,kill,19.50
Warrior_vs_Warrior,Warrior,Warrior,26,draw,kill,19.60
Warrior_vs_Warrior,Warrior,Warrior,27,team2,kill,18.03
Warrior_vs_Warrior,Warrior,Warrior,28,team1,kill,13.92
Warrior_vs_Warrior,Warrior,Warrior,29,team2,kill,19.50
Warrior_vs_Warrior,Warrior,Warrior,30,team2,kill,13.92
Warrior_vs_Warrior,Warrior,Warrior,31,team2,kill,19.50
Warrior_vs_Warrior,Warrior,Warrior,32,team2,kill,13.53
Warrior_vs_Warrior,Warrior,Warrior,33,team1,kill,18.03
Warrior_vs_Warrior,Warrior,Warrior,34,team2,kill,13.53
Warrior_vs_Warrior,Warrior,Warrior,35,draw,kill,19.60
Warrior_vs_Warrior,Warrior,Warrior,36,team2,kill,15.02
Warrior_vs_Warrior,Warrior,Warrior,37,team2,kill,15.02
Warrior_vs_Warrior,Warrior,Warrior,38,draw,kill,18.38
Warrior_vs_Warrior,Warrior,Warrior,39,team2,kill,13.53
Warrior_vs_Warrior,Warrior,Warrior,40,team2,kill,18.38
Warrior_vs_Warrior,Warrior,Warrior,41,draw,kill,19.50
Warrior_vs_Warrior,Warrior,Warrior,42,team2,kill,13.92
Warrior_vs_Warrior,Warrior,Warrior,43,team2,kill,13.92
Warrior_vs_Warrior,Warrior,Warrior,44,team2,kill,19.50
Warrior_vs_Warrior,Warrior,Warrior,45,team1,kill,18.38
Warrior_vs_Warrior,Warrior,Warrior,46,team1,kill,13.92
Warrior_vs_Warrior,Warrior,Warrior,47,team1,kill,18.38
Warrior_vs_Warrior,Warrior,Warrior,48,draw,kill,18.38
Warrior_vs_Warrior,Warrior,Warrior,49,draw,kill,19.50
Warrior_vs_Warrior,Warrior,Warrior,50,team1,kill,18.38
Warrior_vs_Warrior,Warrior,Warrior,51,team1,kill,18.03
Warrior_vs_Warrior,Warrior,Warrior,52,team2,kill,16.15
Warrior_vs_Warrior,Warrior,Warrior,53,draw,kill,19.60
Warrior_vs_Warrior,Warrior,Warrior,54,team2,kill,17.27
Warrior_vs_Warrior,Warrior,Warrior,55,team2,kill,15.03
Warrior_vs_Warrior,Warrior,Warrior,56,team1,kill,17.27
Warrior_vs_Warrior,Warrior,Warrior,57,team2,kill,15.02
Warrior_vs_Warrior,Warrior,Warrior,58,draw,kill,19.60
Warrior_vs_Warrior,Warrior,Warrior,59,draw,kill,18.38
Warrior_vs_Warrior,Warrior,Warrior,60,team1,kill,19.50
Warrior_vs_Warrior,Warrior,Warrior,61,team1,kill,13.92
Warrior_vs_Warrior,Warrior,Warrior,62,draw,kill,18.38
Warrior_vs_Warrior,Warrior,Warrior,63,team1,kill,18.03
Warrior_vs_Warrior,Warrior,Warrior,64,team2,kill,18.38
Warrior_vs_Warrior,Warrior,Warrior,65,team1,kill,19.50
Warrior_vs_Warrior,Warrior,Warrior,66,team1,kill,15.03
Warrior_vs_Warrior,Warrior,Warrior,67,team2,kill,18.38
Warrior_vs_Warrior,Warrior,Warrior,68,team1,kill,15.03
Warrior_vs_Warrior,Warrior,Warrior,69,team2,kill,13.92
Warrior_vs_Warrior,Warrior,Warrior,70,team1,kill,15.03
Warrior_vs_Warrior,Warrior,Warrior,71,team1,kill,15.02
Warrior_vs_Warrior,Warrior,Warrior,72,team2,kill,18.38
Warrior_vs_Warrior,Warrior,Warrior,73,team1,kill,19.50
Warrior_vs_Warrior,Warrior,Warrior,74,team1,kill,13.53
Warrior_vs_Warrior,Warrior,Warrior,75,team2,kill,15.03
Warrior_vs_Warrior,Warrior,Warrior,76,draw,kill,19.60
Warrior_vs_Warrior,Warrior,Warrior,77,team1,kill,17.27
Warrior_vs_Warrior,Warrior,Warrior,78,draw,kill,18.38
Warrior_vs_Warrior,Warrior,Warrior,79,team1,kill,13.53
Mage_vs_Mage,Mage,Mage,0,draw,kill,11.95
Mage_vs_Mage,Mage,Mage,1,team1,kill,10.43
Mage_vs_Mage,Mage,Mage,2,draw,kill,11.95
Mage_vs_Mage,Mage,Mage,3,draw,kill,11.95
Mage_vs_Mage,Mage,Mage,4,draw,kill,10.43
Mage_vs_Mage,Mage,Mage,5,draw,kill,11.95
Mage_vs_Mage,Mage,Mage,6,team1,kill,10.43
Mage_vs_Mage,Mage,Mage,7,draw,kill,10.43
Mage_vs_Mage,Mage,Mage,8,draw,kill,11.95
Mage_vs_Mage,Mage,Mage,9,draw,kill,11.95
Mage_vs_Mage,Mage,Mage,10,team1,kill,10.43
Mage_vs_Mage,Mage,Mage,11,draw,kill,11.95
Mage_vs_Mage,Mage,Mage,12,draw,kill,11.95
Mage_vs_Mage,Mage,Mage,13,team1,kill,10.43
Mage_vs_Mage,Mage,Mage,14,draw,kill,11.95
Mage_vs_Mage,Mage,Mage,15,draw,kill,11.95
Mage_vs_Mage,Mage,Mage,16,team2,kill,10.43
Mage_vs_Mage,Mage,Mage,17,team1,kill,10.43
Mage_vs_Mage,Mage,Mage,18,team2,kill,10.43
Mage_vs_Mage,Mage,Mage,19,draw,kill,11.95
Mage_vs_Mage,Mage,Mage,20,draw,kill,11.95
Mage_vs_Mage,Mage,Mage,21,team2,kill,10.43
Mage_vs_Mage,Mage,Mage,22,draw,kill,11.95
Mage_vs_Mage,Mage,Mage,23,team1,kill,8.93
Mage_vs_Mage,Mage,Mage,24,draw,kill,11.95
Mage_vs_Mage,Mage,Mage,25,team1,kill,10.43
Mage_vs_Mage,Mage,Mage,26,draw,kill,10.43
Mage_vs_Mage,Mage,Mage,27,draw,kill,11.95
Mage_vs_Mage,Mage,Mage,28,draw,kill,10.43
Mage_vs_Mage,Mage,Mage,29,team2,kill,10.43
Mage_vs_Mage,Mage,Mage,30,draw,kill,10.43
Mage_vs_Mage,Mage,Mage,31,team1,kill,10.43
Mage_vs_Mage,Mage,Mage,32,draw,kill,11.95
Mage_vs_Mage,Mage,Mage,33,draw,kill,11.95
Mage_vs_Mage,Mage,Mage,34,team1,kill,10.43
Mage_vs_Mage,Mage,Mage,35,draw,kill,11.95
Mage_vs_Mage,Mage,Mage,36,team1,kill,10.43
Mage_vs_Mage,Mage,Mage,37,team2,kill,10.43
Mage_vs_Mage,Mage,Mage,38,team1,kill,10.43
Mage_vs_Mage,Mage,Mage,39,team1,kill,10.43
Mage_vs_Mage,Mage,Mage,40,draw,kill,11.95
Mage_vs_Mage,Mage,Mage,41,draw,kill,10.43
Mage_vs_Mage,Mage,Mage,42,team1,kill,10.43
Mage_vs_Mage,Mage,Mage,43,draw,kill,11.95
Mage_vs_Mage,Mage,Mage,44,team2,kill,10.43
Mage_vs_Mage,Mage,Mage,45,draw,kill,11.95
Mage_vs_Mage,Mage,Mage,46,draw,kill,11.95
Mage_vs_Mage,Mage,Mage,47,team1,kill,10.43
Mage_vs_Mage,Mage,Mage,48,team2,kill,10.43
Mage_vs_Mage,Mage,Mage,49,draw,kill,11.95
Mage_vs_Mage,Mage,Mage,50,team1,kill,10.43
Mage_vs_Mage,Mage,Mage,51,draw,kill,11.95
Mage_vs_Mage,Mage,Mage,52,team1,kill,10.43
Mage_vs_Mage,Mage,Mage,53,draw,kill,11.95
Mage_vs_Mage,Mage,Mage,54,draw,kill,11.95
Mage_vs_Mage,Mage,Mage,55,draw,kill,10.43
Mage_vs_Mage,Mage,Mage,56,team2,kill,10.43
Mage_vs_Mage,Mage,Mage,57,team1,kill,10.43
Mage_vs_Mage,Mage,Mage,58,draw,kill,11.95
Mage_vs_Mage,Mage,Mage,59,draw,kill,11.95
Mage_vs_Mage,Mage,Mage,60,draw,kill,11.95
Mage_vs_Mage,Mage,Mage,61,draw,kill,11.95
Mage_vs_Mage,Mage,Mage,62,team1,kill,10.43
Mage_vs_Mage,Mage,Mage,63,team2,kill,10.43
Mage_vs_Mage,Mage,Mage,64,team2,kill,10.43
Mage_vs_Mage,Mage,Mage,65,team2,kill,10.43
Mage_vs_Mage,Mage,Mage,66,team1,kill,10.43
Mage_vs_Mage,Mage,Mage,67,draw,kill,11.95
Mage_vs_Mage,Mage,Mage,68,draw,kill,11.95
Mage_vs_Mage,Mage,Mage,69,team1,kill,10.43
Mage_vs_Mage,Mage,Mage,70,team1,kill,10.43
Mage_vs_Mage,Mage,Mage,71,draw,kill,11.95
Mage_vs_Mage,Mage,Mage,72,draw,kill,10.43
Mage_vs_Mage,Mage,Mage,73,draw,kill,11.95
Mage_vs_Mage,Mage,Mage,74,team2,kill,10.43
Mage_vs_Mage,Mage,Mage,75,team2,kill,10.43
Mage_vs_Mage,Mage,Mage,76,draw,kill,11.95
Mage_vs_Mage,Mage,Mage,77,draw,kill,11.95
Mage_vs_Mage,Mage,Mage,78,draw,kill,11.95
Mage_vs_Mage,Mage,Mage,79,draw,kill,10.43
Rogue_vs_Rogue,Rogue,Rogue,0,team1,kill,100.77
Rogue_vs_Rogue,Rogue,Rogue,1,team1,kill,100.21
Rogue_vs_Rogue,Rogue,Rogue,2,team2,kill,110.99
Rogue_vs_Rogue,Rogue,Rogue,3,team1,kill,111.23
Rogue_vs_Rogue,Rogue,Rogue,4,team1,kill,111.23
Rogue_vs_Rogue,Rogue,Rogue,5,team1,kill,100.21
Rogue_vs_Rogue,Rogue,Rogue,6,team2,kill,111.28
Rogue_vs_Rogue,Rogue,Rogue,7,team2,kill,109.76
Rogue_vs_Rogue,Rogue,Rogue,8,team1,kill,111.23
Rogue_vs_Rogue,Rogue,Rogue,9,team2,kill,111.28
Rogue_vs_Rogue,Rogue,Rogue,10,team1,kill,100.77
Rogue_vs_Rogue,Rogue,Rogue,11,team1,kill,100.77
Rogue_vs_Rogue,Rogue,Rogue,12,team1,kill,111.23
Rogue_vs_Rogue,Rogue,Rogue,13,team2,kill,109.76
Rogue_vs_Rogue,Rogue,Rogue,14,team1,kill,100.77
Rogue_vs_Rogue,Rogue,Rogue,15,team2,kill,110.99
Rogue_vs_Rogue,Rogue,Rogue,16,team1,kill,100.77
Rogue_vs_Rogue,Rogue,Rogue,17,team2,kill,110.33
Rogue_vs_Rogue,Rogue,Rogue,18,team2,kill,109.76
Rogue_vs_Rogue,Rogue,Rogue,19,team1,kill,111.23
Rogue_vs_Rogue,Rogue,Rogue,20,team2,kill,110.99
Rogue_vs_Rogue,Rogue,Rogue,21,team2,kill,110.33
Rogue_vs_Rogue,Rogue,Rogue,22,team1,kill,101.44
Rogue_vs_Rogue,Rogue,Rogue,23,team2,kill,110.99
Rogue_vs_Rogue,Rogue,Rogue,24,team1,kill,111.23
Rogue_vs_Rogue,Rogue,Rogue,25,team1,kill,100.21
Rogue_vs_Rogue,Rogue,Rogue,26,team1,kill,100.77
Rogue_vs_Rogue,Rogue,Rogue,27,team1,kill,100.77
Rogue_vs_Rogue,Rogue,Rogue,28,team1,kill,100.21
Rogue_vs_Rogue,Rogue,Rogue,29,team2,kill,110.99
Rogue_vs_Rogue,Rogue,Rogue,30,team2,kill,109.76
Rogue_vs_Rogue,Rogue,Rogue,31,team2,kill,109.76
Rogue_vs_Rogue,Rogue,Rogue,32,team1,kill,100.21
Rogue_vs_Rogue,Rogue,Rogue,33,team2,kill,110.99
Rogue_vs_Rogue,Rogue,Rogue,34,team2,kill,110.33
Rogue_vs_Rogue,Rogue,Rogue,35,team1,kill,100.21
Rogue_vs_Rogue,Rogue,Rogue,36,team1,kill,111.23
Rogue_vs_Rogue,Rogue,Rogue,37,team1,kill,111.23
Rogue_vs_Rogue,Rogue,Rogue,38,team2,kill,110.33
Rogue_vs_Rogue,Rogue,Rogue,39,team1,kill,111.23
Rogue_vs_Rogue,Rogue,Rogue,40,team1,kill,100.21
Rogue_vs_Rogue,Rogue,Rogue,41,team1,kill,100.77
Rogue_vs_Rogue,Rogue,Rogue,42,team1,kill,111.23
Rogue_vs_Rogue,Rogue,Rogue,43,team1,kill,100.21
Rogue_vs_Rogue,Rogue,Rogue,44,team1,kill,111.23
Rogue_vs_Rogue,Rogue,Rogue,45,team1,kill,100.21
Rogue_vs_Rogue,Rogue,Rogue,46,team1,kill,101.44
Rogue_vs_Rogue,Rogue,Rogue,47,team1,kill,111.23
Rogue_vs_Rogue,Rogue,Rogue,48,team1,kill,111.23
Rogue_vs_Rogue,Rogue,Rogue,49,team2,kill,109.76
Rogue_vs_Rogue,Rogue,Rogue,50,team2,kill,109.76
Rogue_vs_Rogue,Rogue,Rogue,51,team2,kill,109.76
Rogue_vs_Rogue,Rogue,Rogue,52,team2,kill,109.76
Rogue_vs_Rogue,Rogue,Rogue,53,team1,kill,101.44
Rogue_vs_Rogue,Rogue,Rogue,54,team1,kill,100.21
Rogue_vs_Rogue,Rogue,Rogue,55,team1,kill,112.31
Rogue_vs_Rogue,Rogue,Rogue,56,team1,kill,111.23
Rogue_vs_Rogue,Rogue,Rogue,57,team1,kill,111.23
Rogue_vs_Rogue,Rogue,Rogue,58,team1,kill,100.77
Rogue_vs_Rogue,Rogue,Rogue,59,team2,kill,109.76
Rogue_vs_Rogue,Rogue,Rogue,60,team2,kill,110.99
Rogue_vs_Rogue,Rogue,Rogue,61,team1,kill,100.21
Rogue_vs_Rogue,Rogue,Rogue,62,team1,kill,111.23
Rogue_vs_Rogue,Rogue,Rogue,63,team1,kill,100.21
Rogue_vs_Rogue,Rogue,Rogue,64,team1,kill,100.21
Rogue_vs_Rogue,Rogue,Rogue,65,team2,kill,111.28
Rogue_vs_Rogue,Rogue,Rogue,66,team1,kill,101.44
Rogue_vs_Rogue,Rogue,Rogue,67,team2,kill,109.76
Rogue_vs_Rogue,Rogue,Rogue,68,team1,kill,101.44
Rogue_vs_Rogue,Rogue,Rogue,69,team1,kill,111.23
Rogue_vs_Rogue,Rogue,Rogue,70,team1,kill,111.23
Rogue_vs_Rogue,Rogue,Rogue,71,team1,kill,100.21
Rogue_vs_Rogue,Rogue,Rogue,72,team2,kill,110.99
Rogue_vs_Rogue,Rogue,Rogue,73,team1,kill,111.23
Rogue_vs_Rogue,Rogue,Rogue,74,team1,kill,100.21
Rogue_vs_Rogue,Rogue,Rogue,75,team1,kill,111.23
Rogue_vs_Rogue,Rogue,Rogue,76,team1,kill,100.77
Rogue_vs_Rogue,Rogue,Rogue,77,team2,kill,110.33
Rogue_vs_Rogue,Rogue,Rogue,78,team1,kill,101.44
Rogue_vs_Rogue,Rogue,Rogue,79,team1,kill,100.77
Priest_vs_Priest,Priest,Priest,0,draw,kill,190.31
Priest_vs_Priest,Priest,Priest,1,team1,kill,196.48
Priest_vs_Priest,Priest,Priest,2,team1,kill,190.98
Priest_vs_Priest,Priest,Priest,3,team1,kill,236.69
Priest_vs_Priest,Priest,Priest,4,team1,kill,171.62
Priest_vs_Priest,Priest,Priest,5,team1,kill,200.10
Priest_vs_Priest,Priest,Priest,6,team2,kill,227.36
Priest_vs_Priest,Priest,Priest,7,team2,kill,144.34
Priest_vs_Priest,Priest,Priest,8,team2,kill,205.26
Priest_vs_Priest,Priest,Priest,9,team1,kill,187.88
Priest_vs_Priest,Priest,Priest,10,team2,kill,195.61
Priest_vs_Priest,Priest,Priest,11,draw,kill,191.76
Priest_vs_Priest,Priest,Priest,12,draw,kill,230.02
Priest_vs_Priest,Priest,Priest,13,team2,kill,199.48
Priest_vs_Priest,Priest,Priest,14,team2,kill,202.36
Priest_vs_Priest,Priest,Priest,15,team1,kill,160.34
Priest_vs_Priest,Priest,Priest,16,team1,kill,230.22
Priest_vs_Priest,Priest,Priest,17,team2,kill,230.02
Priest_vs_Priest,Priest,Priest,18,team1,kill,226.96
Priest_vs_Priest,Priest,Priest,19,team2,kill,196.48
Priest_vs_Priest,Priest,Priest,20,team2,kill,205.23
Priest_vs_Priest,Priest,Priest,21,team2,kill,188.23
Priest_vs_Priest,Priest,Priest,22,team2,kill,227.69
Priest_vs_Priest,Priest,Priest,23,team2,kill,193.70
Priest_vs_Priest,Priest,Priest,24,team1,kill,191.83
Priest_vs_Priest,Priest,Priest,25,team2,kill,192.05
Priest_vs_Priest,Priest,Priest,26,team2,kill,203.11
Priest_vs_Priest,Priest,Priest,27,team2,kill,191.76
Priest_vs_Priest,Priest,Priest,28,team1,kill,162.40
Priest_vs_Priest,Priest,Priest,29,team2,kill,230.35
Priest_vs_Priest,Priest,Priest,30,team2,kill,233.69
Priest_vs_Priest,Priest,Priest,31,team1,kill,230.69
Priest_vs_Priest,Priest,Priest,32,team1,kill,207.78
Priest_vs_Priest,Priest,Priest,33,team2,kill,224.26
Priest_vs_Priest,Priest,Priest,34,team1,kill,200.18
Priest_vs_Priest,Priest,Priest,35,team1,kill,199.70
Priest_vs_Priest,Priest,Priest,36,draw,kill,237.39
Priest_vs_Priest,Priest,Priest,37,team2,kill,230.15
Priest_vs_Priest,Priest,Priest,38,team1,kill,184.30
Priest_vs_Priest,Priest,Priest,39,team2,kill,193.48
Priest_vs_Priest,Priest,Priest,40,team2,kill,199.33
Priest_vs_Priest,Priest,Priest,41,team1,kill,227.36
Priest_vs_Priest,Priest,Priest,42,draw,kill,233.00
Priest_vs_Priest,Priest,Priest,43,team1,kill,202.69
Priest_vs_Priest,Priest,Priest,44,team2,kill,228.22
Priest_vs_Priest,Priest,Priest,45,team2,kill,243.02
Priest_vs_Priest,Priest,Priest,46,team2,kill,190.48
Priest_vs_Priest,Priest,Priest,47,team2,kill,193.36
Priest_vs_Priest,Priest,Priest,48,team2,kill,193.48
Priest_vs_Priest,Priest,Priest,49,team1,kill,185.77
Priest_vs_Priest,Priest,Priest,50,team2,kill,199.00
Priest_vs_Priest,Priest,Priest,51,team1,kill,188.91
Priest_vs_Priest,Priest,Priest,52,draw,kill,236.69
Priest_vs_Priest,Priest,Priest,53,team1,kill,196.70
Priest_vs_Priest,Priest,Priest,54,team1,kill,240.22
Priest_vs_Priest,Priest,Priest,55,team1,kill,227.67
Priest_vs_Priest,Priest,Priest,56,team2,kill,233.69
Priest_vs_Priest,Priest,Priest,57,team1,kill,190.20
Priest_vs_Priest,Priest,Priest,58,draw,kill,233.04
Priest_vs_Priest,Priest,Priest,59,team2,kill,227.69
Priest_vs_Priest,Priest,Priest,60,team2,kill,189.38
Priest_vs_Priest,Priest,Priest,61,team1,kill,196.26
Priest_vs_Priest,Priest,Priest,62,draw,kill,240.24
Priest_vs_Priest,Priest,Priest,63,team2,kill,199.48
Priest_vs_Priest,Priest,Priest,64,team1,kill,196.40
Priest_vs_Priest,Priest,Priest,65,team1,kill,215.44
Priest_vs_Priest,Priest,Priest,66,draw,kill,197.96
Priest_vs_Priest,Priest,Priest,67,team1,kill,199.23
Priest_vs_Priest,Priest,Priest,68,team2,kill,169.35
Priest_vs_Priest,Priest,Priest,69,team1,kill,224.59
Priest_vs_Priest,Priest,Priest,70,team2,kill,123.75
Priest_vs_Priest,Priest,Priest,71,team1,kill,237.07
Priest_vs_Priest,Priest,Priest,72,team2,kill,172.49
Priest_vs_Priest,Priest,Priest,73,team2,kill,204.76
Priest_vs_Priest,Priest,Priest,74,team2,kill,199.36
Priest_vs_Priest,Priest,Priest,75,team1,kill,189.55
Priest_vs_Priest,Priest,Priest,76,team1,kill,199.20
Priest_vs_Priest,Priest,Priest,77,team1,kill,199.70
Priest_vs_Priest,Priest,Priest,78,team1,kill,237.07
Priest_vs_Priest,Priest,Priest,79,team2,kill,226.96
Warlock_vs_Warlock,Warlock,Warlock,0,team2,kill,26.03
Warlock_vs_Warlock,Warlock,Warlock,1,team2,kill,25.57
Warlock_vs_Warlock,Warlock,Warlock,2,team1,kill,19.75
Warlock_vs_Warlock,Warlock,Warlock,3,team2,kill,19.83
Warlock_vs_Warlock,Warlock,Warlock,4,team2,kill,19.47
Warlock_vs_Warlock,Warlock,Warlock,5,draw,kill,28.52
Warlock_vs_Warlock,Warlock,Warlock,6,team2,kill,19.77
Warlock_vs_Warlock,Warlock,Warlock,7,team2,kill,19.50
Warlock_vs_Warlock,Warlock,Warlock,8,team1,kill,19.83
Warlock_vs_Warlock,Warlock,Warlock,9,team1,kill,19.48
Warlock_vs_Warlock,Warlock,Warlock,10,draw,kill,26.63
Warlock_vs_Warlock,Warlock,Warlock,11,team2,kill,24.52
Warlock_vs_Warlock,Warlock,Warlock,12,team2,kill,19.85
Warlock_vs_Warlock,Warlock,Warlock,13,team2,kill,19.82
Warlock_vs_Warlock,Warlock,Warlock,14,team2,kill,19.83
Warlock_vs_Warlock,Warlock,Warlock,15,draw,kill,26.63
Warlock_vs_Warlock,Warlock,Warlock,16,team1,kill,20.62
Warlock_vs_Warlock,Warlock,Warlock,17,team2,kill,19.70
Warlock_vs_Warlock,Warlock,Warlock,18,team1,kill,24.37
Warlock_vs_Warlock,Warlock,Warlock,19,draw,kill,24.53
Warlock_vs_Warlock,Warlock,Warlock,20,team2,kill,19.90
Warlock_vs_Warlock,Warlock,Warlock,21,team2,kill,20.68
Warlock_vs_Warlock,Warlock,Warlock,22,team2,kill,19.47
Warlock_vs_Warlock,Warlock,Warlock,23,draw,kill,24.52
Warlock_vs_Warlock,Warlock,Warlock,24,team1,kill,20.12
Warlock_vs_Warlock,Warlock,Warlock,25,team2,kill,19.98
Warlock_vs_Warlock,Warlock,Warlock,26,team2,kill,19.83
Warlock_vs_Warlock,Warlock,Warlock,27,team1,kill,19.83
Warlock_vs_Warlock,Warlock,Warlock,28,draw,kill,24.52
Warlock_vs_Warlock,Warlock,Warlock,29,team2,kill,26.63
Warlock_vs_Warlock,Warlock,Warlock,30,team1,kill,20.03
Warlock_vs_Warlock,Warlock,Warlock,31,team2,kill,19.80
Warlock_vs_Warlock,Warlock,Warlock,32,team2,kill,26.63
Warlock_vs_Warlock,Warlock,Warlock,33,draw,kill,25.03
Warlock_vs_Warlock,Warlock,Warlock,34,team1,kill,26.63
Warlock_vs_Warlock,Warlock,Warlock,35,team1,kill,22.02
Warlock_vs_Warlock,Warlock,Warlock,36,team1,kill,19.88
Warlock_vs_Warlock,Warlock,Warlock,37,team2,kill,23.92
Warlock_vs_Warlock,Warlock,Warlock,38,team2,kill,27.62
Warlock_vs_Warlock,Warlock,Warlock,39,team1,kill,19.98
Warlock_vs_Warlock,Warlock,Warlock,40,team1,kill,20.57
Warlock_vs_Warlock,Warlock,Warlock,41,team1,kill,25.03
Warlock_vs_Warlock,Warlock,Warlock,42,team2,kill,26.32
Warlock_vs_Warlock,Warlock,Warlock,43,team2,kill,19.87
Warlock_vs_Warlock,Warlock,Warlock,44,team1,kill,25.57
Warlock_vs_Warlock,Warlock,Warlock,45,team1,kill,20.18
Warlock_vs_Warlock,Warlock,Warlock,46,team2,kill,24.52
Warlock_vs_Warlock,Warlock,Warlock,47,draw,kill,24.52
Warlock_vs_Warlock,Warlock,Warlock,48,team1,kill,25.93
Warlock_vs_Warlock,Warlock,Warlock,49,team2,kill,19.48
Warlock_vs_Warlock,Warlock,Warlock,50,team1,kill,19.90
Warlock_vs_Warlock,Warlock,Warlock,51,team1,kill,19.98
Warlock_vs_Warlock,Warlock,Warlock,52,team2,kill,19.83
Warlock_vs_Warlock,Warlock,Warlock,53,team2,kill,27.48
Warlock_vs_Warlock,Warlock,Warlock,54,team2,kill,20.08
Warlock_vs_Warlock,Warlock,Warlock,55,team1,kill,27.00
Warlock_vs_Warlock,Warlock,Warlock,56,team1,kill,19.85
Warlock_vs_Warlock,Warlock,Warlock,57,team1,kill,23.92
Warlock_vs_Warlock,Warlock,Warlock,58,team1,kill,20.05
Warlock_vs_Warlock,Warlock,Warlock,59,team2,kill,19.83
Warlock_vs_Warlock,Warlock,Warlock,60,draw,kill,21.50
Warlock_vs_Warlock,Warlock,Warlock,61,team2,kill,19.85
Warlock_vs_Warlock,Warlock,Warlock,62,draw,kill,25.57
Warlock_vs_Warlock,Warlock,Warlock,63,team1,kill,20.10
Warlock_vs_Warlock,Warlock,Warlock,64,team2,kill,19.83
Warlock_vs_Warlock,Warlock,Warlock,65,team2,kill,19.62
Warlock_vs_Warlock,Warlock,Warlock,66,team1,kill,20.18
Warlock_vs_Warlock,Warlock,Warlock,67,team1,kill,19.98
Warlock_vs_Warlock,Warlock,Warlock,68,team1,kill,28.05
Warlock_vs_Warlock,Warlock,Warlock,69,draw,kill,24.52
Warlock_vs_Warlock,Warlock,Warlock,70,team2,kill,19.47
Warlock_vs_Warlock,Warlock,Warlock,71,team2,kill,20.13
Warlock_vs_Warlock,Warlock,Warlock,72,team1,kill,25.78
Warlock_vs_Warlock,Warlock,Warlock,73,team2,kill,20.68
Warlock_vs_Warlock,Warlock,Warlock,74,team2,kill,25.78
Warlock_vs_Warlock,Warlock,Warlock,75,team1,kill,20.13
Warlock_vs_Warlock,Warlock,Warlock,76,team1,kill,24.52
Warlock_vs_Warlock,Warlock,Warlock,77,team1,kill,19.83
Warlock_vs_Warlock,Warlock,Warlock,78,team1,kill,27.55
Warlock_vs_Warlock,Warlock,Warlock,79,team2,kill,24.52
Paladin_vs_Paladin,Paladin,Paladin,0,team1,kill,210.86
Paladin_vs_Paladin,Paladin,Paladin,1,team1,kill,212.89
Paladin_vs_Paladin,Paladin,Paladin,2,team2,kill,224.17
Paladin_vs_Paladin,Paladin,Paladin,3,team1,kill,211.88
Paladin_vs_Paladin,Paladin,Paladin,4,team1,kill,213.91
Paladin_vs_Paladin,Paladin,Paladin,5,team2,kill,216.86
Paladin_vs_Paladin,Paladin,Paladin,6,team1,kill,213.36
Paladin_vs_Paladin,Paladin,Paladin,7,team2,kill,202.34
Paladin_vs_Paladin,Paladin,Paladin,8,team1,kill,215.41
Paladin_vs_Paladin,Paladin,Paladin,9,team2,kill,214.54
Paladin_vs_Paladin,Paladin,Paladin,10,team2,kill,213.53
Paladin_vs_Paladin,Paladin,Paladin,11,draw,kill,210.86
Paladin_vs_Paladin,Paladin,Paladin,12,draw,kill,209.84
Paladin_vs_Paladin,Paladin,Paladin,13,team2,kill,214.54
Paladin_vs_Paladin,Paladin,Paladin,14,team2,kill,212.41
Paladin_vs_Paladin,Paladin,Paladin,15,draw,kill,210.86
Paladin_vs_Paladin,Paladin,Paladin,16,team1,kill,213.43
Paladin_vs_Paladin,Paladin,Paladin,17,team1,kill,218.51
Paladin_vs_Paladin,Paladin,Paladin,18,team1,kill,212.89
Paladin_vs_Paladin,Paladin,Paladin,19,team1,kill,206.79
Paladin_vs_Paladin,Paladin,Paladin,20,team1,kill,218.87
Paladin_vs_Paladin,Paladin,Paladin,21,team1,kill,209.84
Paladin_vs_Paladin,Paladin,Paladin,22,team1,kill,208.66
Paladin_vs_Paladin,Paladin,Paladin,23,team1,kill,212.41
Paladin_vs_Paladin,Paladin,Paladin,24,draw,kill,212.89
Paladin_vs_Paladin,Paladin,Paladin,25,team2,kill,215.04
Paladin_vs_Paladin,Paladin,Paladin,26,team1,kill,222.64
Paladin_vs_Paladin,Paladin,Paladin,27,team1,kill,211.88
Paladin_vs_Paladin,Paladin,Paladin,28,team2,kill,206.31
Paladin_vs_Paladin,Paladin,Paladin,29,team1,kill,203.89
Paladin_vs_Paladin,Paladin,Paladin,30,team1,kill,213.43
Paladin_vs_Paladin,Paladin,Paladin,31,team1,kill,206.79
Paladin_vs_Paladin,Paladin,Paladin,32,team1,kill,211.88
Paladin_vs_Paladin,Paladin,Paladin,33,draw,kill,210.86
Paladin_vs_Paladin,Paladin,Paladin,34,team2,kill,216.57
Paladin_vs_Paladin,Paladin,Paladin,35,team2,kill,223.66
Paladin_vs_Paladin,Paladin,Paladin,36,team2,kill,222.14
Paladin_vs_Paladin,Paladin,Paladin,37,team2,kill,208.83
Paladin_vs_Paladin,Paladin,Paladin,38,team1,kill,208.83
Paladin_vs_Paladin,Paladin,Paladin,39,team1,kill,211.39
Paladin_vs_Paladin,Paladin,Paladin,40,team2,kill,219.96
Paladin_vs_Paladin,Paladin,Paladin,41,team1,kill,215.49
Paladin_vs_Paladin,Paladin,Paladin,42,team2,kill,218.94
Paladin_vs_Paladin,Paladin,Paladin,43,team1,kill,220.11
Paladin_vs_Paladin,Paladin,Paladin,44,team1,kill,223.01
Paladin_vs_Paladin,Paladin,Paladin,45,team2,kill,224.67
Paladin_vs_Paladin,Paladin,Paladin,46,team1,kill,211.88
Paladin_vs_Paladin,Paladin,Paladin,47,team1,kill,209.84
Paladin_vs_Paladin,Paladin,Paladin,48,team1,kill,215.41
Paladin_vs_Paladin,Paladin,Paladin,49,team2,kill,210.86
Paladin_vs_Paladin,Paladin,Paladin,50,team2,kill,211.88
Paladin_vs_Paladin,Paladin,Paladin,51,team2,kill,211.88
Paladin_vs_Paladin,Paladin,Paladin,52,team1,kill,212.41
Paladin_vs_Paladin,Paladin,Paladin,53,team2,kill,210.86
Paladin_vs_Paladin,Paladin,Paladin,54,team1,kill,209.14
Paladin_vs_Paladin,Paladin,Paladin,55,team1,kill,210.86
Paladin_vs_Paladin,Paladin,Paladin,56,draw,kill,212.41
Paladin_vs_Paladin,Paladin,Paladin,57,team2,kill,211.39
Paladin_vs_Paladin,Paladin,Paladin,58,team1,kill,206.31
Paladin_vs_Paladin,Paladin,Paladin,59,team1,kill,222.42
Paladin_vs_Paladin,Paladin,Paladin,60,team1,kill,211.39
Paladin_vs_Paladin,Paladin,Paladin,61,team2,kill,211.88
Paladin_vs_Paladin,Paladin,Paladin,62,team1,kill,222.64
Paladin_vs_Paladin,Paladin,Paladin,63,team1,kill,210.86
Paladin_vs_Paladin,Paladin,Paladin,64,team2,kill,207.99
Paladin_vs_Paladin,Paladin,Paladin,65,team1,kill,211.88
Paladin_vs_Paladin,Paladin,Paladin,66,team1,kill,224.17
Paladin_vs_Paladin,Paladin,Paladin,67,team1,kill,221.99
Paladin_vs_Paladin,Paladin,Paladin,68,team2,kill,211.39
Paladin_vs_Paladin,Paladin,Paladin,69,team2,kill,215.41
Paladin_vs_Paladin,Paladin,Paladin,70,team1,kill,207.81
Paladin_vs_Paladin,Paladin,Paladin,71,draw,kill,201.76
Paladin_vs_Paladin,Paladin,Paladin,72,team1,kill,215.39
Paladin_vs_Paladin,Paladin,Paladin,73,team2,kill,214.01
Paladin_vs_Paladin,Paladin,Paladin,74,team1,kill,215.41
Paladin_vs_Paladin,Paladin,Paladin,75,team1,kill,212.89
Paladin_vs_Paladin,Paladin,Paladin,76,team1,kill,214.54
Paladin_vs_Paladin,Paladin,Paladin,77,team2,kill,221.62
Paladin_vs_Paladin,Paladin,Paladin,78,team1,kill,210.86
Paladin_vs_Paladin,Paladin,Paladin,79,team2,kill,215.54
Hunter_vs_Hunter,Hunter,Hunter,0,team1,kill,15.53
Hunter_vs_Hunter,Hunter,Hunter,1,team1,kill,15.53
Hunter_vs_Hunter,Hunter,Hunter,2,team1,kill,15.53
Hunter_vs_Hunter,Hunter,Hunter,3,draw,kill,16.00
Hunter_vs_Hunter,Hunter,Hunter,4,team1,kill,16.00
Hunter_vs_Hunter,Hunter,Hunter,5,team2,kill,15.53
Hunter_vs_Hunter,Hunter,Hunter,6,team2,kill,16.00
Hunter_vs_Hunter,Hunter,Hunter,7,team2,kill,15.53
Hunter_vs_Hunter,Hunter,Hunter,8,team2,kill,16.00
Hunter_vs_Hunter,Hunter,Hunter,9,team2,kill,15.53
Hunter_vs_Hunter,Hunter,Hunter,10,draw,kill,16.00
Hunter_vs_Hunter,Hunter,Hunter,11,team2,kill,15.53
Hunter_vs_Hunter,Hunter,Hunter,12,draw,kill,15.53
Hunter_vs_Hunter,Hunter,Hunter,13,team1,kill,14.57
Hunter_vs_Hunter,Hunter,Hunter,14,team1,kill,16.00
Hunter_vs_Hunter,Hunter,Hunter,15,team1,kill,15.53
Hunter_vs_Hunter,Hunter,Hunter,16,team1,kill,15.53
Hunter_vs_Hunter,Hunter,Hunter,17,team2,kill,13.48
Hunter_vs_Hunter,Hunter,Hunter,18,team2,kill,16.00
Hunter_vs_Hunter,Hunter,Hunter,19,team2,kill,16.00
Hunter_vs_Hunter,Hunter,Hunter,20,draw,kill,16.00
Hunter_vs_Hunter,Hunter,Hunter,21,team1,kill,15.53
Hunter_vs_Hunter,Hunter,Hunter,22,draw,kill,15.53
Hunter_vs_Hunter,Hunter,Hunter,23,team2,kill,15.53
Hunter_vs_Hunter,Hunter,Hunter,24,team1,kill,15.53
Hunter_vs_Hunter,Hunter,Hunter,25,draw,kill,15.53
Hunter_vs_Hunter,Hunter,Hunter,26,team2,kill,15.53
Hunter_vs_Hunter,Hunter,Hunter,27,team1,kill,16.00
Hunter_vs_Hunter,Hunter,Hunter,28,team1,kill,15.53
Hunter_vs_Hunter,Hunter,Hunter,29,draw,kill,17.28
Hunter_vs_Hunter,Hunter,Hunter,30,team1,kill,14.57
Hunter_vs_Hunter,Hunter,Hunter,31,team1,kill,15.53
Hunter_vs_Hunter,Hunter,Hunter,32,team2,kill,16.00
Hunter_vs_Hunter,Hunter,Hunter,33,team1,kill,14.57
Hunter_vs_Hunter,Hunter,Hunter,34,team1,kill,16.50
Hunter_vs_Hunter,Hunter,Hunter,35,team2,kill,15.53
Hunter_vs_Hunter,Hunter,Hunter,36,draw,kill,15.53
Hunter_vs_Hunter,Hunter,Hunter,37,team1,kill,16.00
Hunter_vs_Hunter,Hunter,Hunter,38,team1,kill,16.50
Hunter_vs_Hunter,Hunter,Hunter,39,team2,kill,16.00
Hunter_vs_Hunter,Hunter,Hunter,40,team2,kill,14.57
Hunter_vs_Hunter,Hunter,Hunter,41,team2,kill,15.53
Hunter_vs_Hunter,Hunter,Hunter,42,team2,kill,15.53
Hunter_vs_Hunter,Hunter,Hunter,43,team2,kill,15.53
Hunter_vs_Hunter,Hunter,Hunter,44,team1,kill,15.53
Hunter_vs_Hunter,Hunter,Hunter,45,team1,kill,15.53
Hunter_vs_Hunter,Hunter,Hunter,46,team2,kill,15.53
Hunter_vs_Hunter,Hunter,Hunter,47,team1,kill,14.57
Hunter_vs_Hunter,Hunter,Hunter,48,team1,kill,16.50
Hunter_vs_Hunter,Hunter,Hunter,49,draw,kill,15.53
Hunter_vs_Hunter,Hunter,Hunter,50,draw,kill,16.50
Hunter_vs_Hunter,Hunter,Hunter,51,team2,kill,16.00
Hunter_vs_Hunter,Hunter,Hunter,52,team1,kill,15.53
Hunter_vs_Hunter,Hunter,Hunter,53,team2,kill,15.53
Hunter_vs_Hunter,Hunter,Hunter,54,team2,kill,15.53
Hunter_vs_Hunter,Hunter,Hunter,55,draw,kill,16.00
Hunter_vs_Hunter,Hunter,Hunter,56,team2,kill,16.00
Hunter_vs_Hunter,Hunter,Hunter,57,team2,kill,16.00
Hunter_vs_Hunter,Hunter,Hunter,58,draw,kill,16.00
Hunter_vs_Hunter,Hunter,Hunter,59,team1,kill,16.00
Hunter_vs_Hunter,Hunter,Hunter,60,team1,kill,15.53
Hunter_vs_Hunter,Hunter,Hunter,61,team1,kill,15.53
Hunter_vs_Hunter,Hunter,Hunter,62,team2,kill,10.97
Hunter_vs_Hunter,Hunter,Hunter,63,team2,kill,10.97
Hunter_vs_Hunter,Hunter,Hunter,64,team2,kill,15.53
Hunter_vs_Hunter,Hunter,Hunter,65,team2,kill,16.50
Hunter_vs_Hunter,Hunter,Hunter,66,team2,kill,14.57
Hunter_vs_Hunter,Hunter,Hunter,67,team2,kill,16.00
Hunter_vs_Hunter,Hunter,Hunter,68,draw,kill,15.53
Hunter_vs_Hunter,Hunter,Hunter,69,draw,kill,16.00
Hunter_vs_Hunter,Hunter,Hunter,70,team1,kill,15.53
Hunter_vs_Hunter,Hunter,Hunter,71,draw,kill,15.53
Hunter_vs_Hunter,Hunter,Hunter,72,draw,kill,16.00
Hunter_vs_Hunter,Hunter,Hunter,73,team1,kill,16.00
Hunter_vs_Hunter,Hunter,Hunter,74,team1,kill,16.00
Hunter_vs_Hunter,Hunter,Hunter,75,team2,kill,15.53
Hunter_vs_Hunter,Hunter,Hunter,76,draw,kill,15.53
Hunter_vs_Hunter,Hunter,Hunter,77,team1,kill,15.53
Hunter_vs_Hunter,Hunter,Hunter,78,team1,kill,15.53
Hunter_vs_Hunter,Hunter,Hunter,79,draw,kill,15.53
Shaman_vs_Shaman,Shaman,Shaman,0,team2,kill,150.74
Shaman_vs_Shaman,Shaman,Shaman,1,team2,kill,147.74
Shaman_vs_Shaman,Shaman,Shaman,2,team2,kill,154.16
Shaman_vs_Shaman,Shaman,Shaman,3,team1,kill,153.74
Shaman_vs_Shaman,Shaman,Shaman,4,team1,kill,150.74
Shaman_vs_Shaman,Shaman,Shaman,5,team2,kill,154.16
Shaman_vs_Shaman,Shaman,Shaman,6,team1,kill,144.74
Shaman_vs_Shaman,Shaman,Shaman,7,team1,kill,144.74
Shaman_vs_Shaman,Shaman,Shaman,8,team1,kill,147.74
Shaman_vs_Shaman,Shaman,Shaman,9,team1,kill,12.00
Shaman_vs_Shaman,Shaman,Shaman,10,team2,kill,128.50
Shaman_vs_Shaman,Shaman,Shaman,11,draw,kill,153.74
Shaman_vs_Shaman,Shaman,Shaman,12,team1,kill,147.74
Shaman_vs_Shaman,Shaman,Shaman,13,team1,kill,127.16
Shaman_vs_Shaman,Shaman,Shaman,14,team1,kill,153.74
Shaman_vs_Shaman,Shaman,Shaman,15,draw,kill,147.74
Shaman_vs_Shaman,Shaman,Shaman,16,team1,kill,142.79
Shaman_vs_Shaman,Shaman,Shaman,17,team2,kill,126.75
Shaman_vs_Shaman,Shaman,Shaman,18,draw,kill,150.74
Shaman_vs_Shaman,Shaman,Shaman,19,draw,kill,147.74
Shaman_vs_Shaman,Shaman,Shaman,20,team1,kill,145.16
Shaman_vs_Shaman,Shaman,Shaman,21,team1,kill,147.74
Shaman_vs_Shaman,Shaman,Shaman,22,team1,kill,120.74
Shaman_vs_Shaman,Shaman,Shaman,23,draw,kill,150.74
Shaman_vs_Shaman,Shaman,Shaman,24,team2,kill,147.74
Shaman_vs_Shaman,Shaman,Shaman,25,team1,kill,123.75
Shaman_vs_Shaman,Shaman,Shaman,26,team2,kill,130.65
Shaman_vs_Shaman,Shaman,Shaman,27,team1,kill,111.76
Shaman_vs_Shaman,Shaman,Shaman,28,team1,kill,147.74
Shaman_vs_Shaman,Shaman,Shaman,29,team2,kill,147.74
Shaman_vs_Shaman,Shaman,Shaman,30,team2,kill,151.16
Shaman_vs_Shaman,Shaman,Shaman,31,draw,kill,150.74
Shaman_vs_Shaman,Shaman,Shaman,32,draw,kill,155.14
Shaman_vs_Shaman,Shaman,Shaman,33,draw,kill,151.69
Shaman_vs_Shaman,Shaman,Shaman,34,team2,kill,150.74
Shaman_vs_Shaman,Shaman,Shaman,35,draw,kill,147.74
Shaman_vs_Shaman,Shaman,Shaman,36,team2,kill,153.74
Shaman_vs_Shaman,Shaman,Shaman,37,team2,kill,9.98
Shaman_vs_Shaman,Shaman,Shaman,38,team1,kill,130.65
Shaman_vs_Shaman,Shaman,Shaman,39,team2,kill,150.74
Shaman_vs_Shaman,Shaman,Shaman,40,team2,kill,154.16
Shaman_vs_Shaman,Shaman,Shaman,41,team1,kill,9.98
Shaman_vs_Shaman,Shaman,Shaman,42,team1,kill,151.16
Shaman_vs_Shaman,Shaman,Shaman,43,team1,kill,9.98
Shaman_vs_Shaman,Shaman,Shaman,44,team1,kill,153.74
Shaman_vs_Shaman,Shaman,Shaman,45,team2,kill,150.74
Shaman_vs_Shaman,Shaman,Shaman,46,draw,kill,147.74
Shaman_vs_Shaman,Shaman,Shaman,47,draw,kill,147.74
Shaman_vs_Shaman,Shaman,Shaman,48,team1,kill,147.74
Shaman_vs_Shaman,Shaman,Shaman,49,team1,kill,128.50
Shaman_vs_Shaman,Shaman,Shaman,50,team2,kill,133.64
Shaman_vs_Shaman,Shaman,Shaman,51,team2,kill,150.74
Shaman_vs_Shaman,Shaman,Shaman,52,team1,kill,157.12
Shaman_vs_Shaman,Shaman,Shaman,53,team2,kill,153.74
Shaman_vs_Shaman,Shaman,Shaman,54,team2,kill,124.66
Shaman_vs_Shaman,Shaman,Shaman,55,team2,kill,127.65
Shaman_vs_Shaman,Shaman,Shaman,56,team1,kill,156.66
Shaman_vs_Shaman,Shaman,Shaman,57,team2,kill,139.16
Shaman_vs_Shaman,Shaman,Shaman,58,team1,kill,144.74
Shaman_vs_Shaman,Shaman,Shaman,59,team1,kill,153.74
Shaman_vs_Shaman,Shaman,Shaman,60,team2,kill,141.74
Shaman_vs_Shaman,Shaman,Shaman,61,team2,kill,147.74
Shaman_vs_Shaman,Shaman,Shaman,62,team1,kill,153.74
Shaman_vs_Shaman,Shaman,Shaman,63,team1,kill,154.66
Shaman_vs_Shaman,Shaman,Shaman,64,draw,kill,131.50
Shaman_vs_Shaman,Shaman,Shaman,65,team1,kill,144.74
Shaman_vs_Shaman,Shaman,Shaman,66,team2,kill,153.74
Shaman_vs_Shaman,Shaman,Shaman,67,draw,kill,150.74
Shaman_vs_Shaman,Shaman,Shaman,68,team2,kill,122.50
Shaman_vs_Shaman,Shaman,Shaman,69,team2,kill,130.65
Shaman_vs_Shaman,Shaman,Shaman,70,team1,kill,147.74
Shaman_vs_Shaman,Shaman,Shaman,71,team1,kill,123.75
Shaman_vs_Shaman,Shaman,Shaman,72,team2,kill,151.37
Shaman_vs_Shaman,Shaman,Shaman,73,team2,kill,147.74
Shaman_vs_Shaman,Shaman,Shaman,74,team1,kill,125.48
Shaman_vs_Shaman,Shaman,Shaman,75,team1,kill,123.75
Shaman_vs_Shaman,Shaman,Shaman,76,team2,kill,150.74
Shaman_vs_Shaman,Shaman,Shaman,77,team2,kill,147.74
Shaman_vs_Shaman,Shaman,Shaman,78,team1,kill,9.98
Shaman_vs_Shaman,Shaman,Shaman,79,team2,kill,141.74
