label,team1,team2,seed,winner,end_reason,duration_secs
Warrior+Mage_vs_Warrior+Hunter,Warrior+Mage,Warrior+Hunter,0,team1,kill,27.13
Warrior+Mage_vs_Warrior+Hunter,Warrior+Mage,Warrior+Hunter,1,team1,kill,22.17
Warrior+Mage_vs_Warrior+Hunter,Warrior+Mage,Warrior+Hunter,2,team1,kill,23.62
Warrior+Mage_vs_Warrior+Hunter,Warrior+Mage,Warrior+Hunter,3,team1,kill,27.05
Warrior+Mage_vs_Warrior+Hunter,Warrior+Mage,Warrior+Hunter,4,team1,kill,22.12
Warrior+Mage_vs_Warrior+Hunter,Warrior+Mage,Warrior+Hunter,5,team1,kill,26.95
Warrior+Mage_vs_Warrior+Hunter,Warrior+Mage,Warrior+Hunter,6,team1,kill,21.70
Warrior+Mage_vs_Warrior+Hunter,Warrior+Mage,Warrior+Hunter,7,team1,kill,22.15
Warrior+Mage_vs_Warrior+Hunter,Warrior+Mage,Warrior+Hunter,8,team1,kill,22.07
Warrior+Mage_vs_Warrior+Hunter,Warrior+Mage,Warrior+Hunter,9,team1,kill,24.95
Warrior+Mage_vs_Mage+Warlock,Warrior+Mage,Mage+Warlock,0,team1,kill,17.62
Warrior+Mage_vs_Mage+Warlock,Warrior+Mage,Mage+Warlock,1,team1,kill,19.13
Warrior+Mage_vs_Mage+Warlock,Warrior+Mage,Mage+Warlock,2,team1,kill,25.17
Warrior+Mage_vs_Mage+Warlock,Warrior+Mage,Mage+Warlock,3,team1,kill,19.13
Warrior+Mage_vs_Mage+Warlock,Warrior+Mage,Mage+Warlock,4,team1,kill,29.87
Warrior+Mage_vs_Mage+Warlock,Warrior+Mage,Mage+Warlock,5,team1,kill,30.47
Warrior+Mage_vs_Mage+Warlock,Warrior+Mage,Mage+Warlock,6,team1,kill,20.65
Warrior+Mage_vs_Mage+Warlock,Warrior+Mage,Mage+Warlock,7,team1,kill,30.27
Warrior+Mage_vs_Mage+Warlock,Warrior+Mage,Mage+Warlock,8,team1,kill,17.62
Warrior+Mage_vs_Mage+Warlock,Warrior+Mage,Mage+Warlock,9,team1,kill,20.65
Warrior+Mage_vs_Mage+Hunter,Warrior+Mage,Mage+Hunter,0,team1,kill,23.23
Warrior+Mage_vs_Mage+Hunter,Warrior+Mage,Mage+Hunter,1,team1,kill,22.43
Warrior+Mage_vs_Mage+Hunter,Warrior+Mage,Mage+Hunter,2,team1,kill,24.75
Warrior+Mage_vs_Mage+Hunter,Warrior+Mage,Mage+Hunter,3,team1,kill,24.75
Warrior+Mage_vs_Mage+Hunter,Warrior+Mage,Mage+Hunter,4,team1,kill,24.75
Warrior+Mage_vs_Mage+Hunter,Warrior+Mage,Mage+Hunter,5,team1,kill,24.75
Warrior+Mage_vs_Mage+Hunter,Warrior+Mage,Mage+Hunter,6,team1,kill,24.72
Warrior+Mage_vs_Mage+Hunter,Warrior+Mage,Mage+Hunter,7,team1,kill,23.23
Warrior+Mage_vs_Mage+Hunter,Warrior+Mage,Mage+Hunter,8,team1,kill,23.25
Warrior+Mage_vs_Mage+Hunter,Warrior+Mage,Mage+Hunter,9,team1,kill,24.75
Warrior+Mage_vs_Rogue+Hunter,Warrior+Mage,Rogue+Hunter,0,team1,kill,27.32
Warrior+Mage_vs_Rogue+Hunter,Warrior+Mage,Rogue+Hunter,1,team1,kill,26.65
Warrior+Mage_vs_Rogue+Hunter,Warrior+Mage,Rogue+Hunter,2,team1,kill,26.65
Warrior+Mage_vs_Rogue+Hunter,Warrior+Mage,Rogue+Hunter,3,team1,kill,27.45
Warrior+Mage_vs_Rogue+Hunter,Warrior+Mage,Rogue+Hunter,4,team1,kill,25.70
Warrior+Mage_vs_Rogue+Hunter,Warrior+Mage,Rogue+Hunter,5,team1,kill,27.33
Warrior+Mage_vs_Rogue+Hunter,Warrior+Mage,Rogue+Hunter,6,team1,kill,25.80
Warrior+Mage_vs_Rogue+Hunter,Warrior+Mage,Rogue+Hunter,7,team1,kill,27.23
Warrior+Mage_vs_Rogue+Hunter,Warrior+Mage,Rogue+Hunter,8,team1,kill,27.37
Warrior+Mage_vs_Rogue+Hunter,Warrior+Mage,Rogue+Hunter,9,team1,kill,25.60
Warrior+Mage_vs_Priest+Hunter,Warrior+Mage,Priest+Hunter,0,team2,kill,42.12
Warrior+Mage_vs_Priest+Hunter,Warrior+Mage,Priest+Hunter,1,team2,kill,43.32
Warrior+Mage_vs_Priest+Hunter,Warrior+Mage,Priest+Hunter,2,team2,kill,43.05
Warrior+Mage_vs_Priest+Hunter,Warrior+Mage,Priest+Hunter,3,team2,kill,40.05
Warrior+Mage_vs_Priest+Hunter,Warrior+Mage,Priest+Hunter,4,team2,kill,38.15
Warrior+Mage_vs_Priest+Hunter,Warrior+Mage,Priest+Hunter,5,team2,kill,41.77
Warrior+Mage_vs_Priest+Hunter,Warrior+Mage,Priest+Hunter,6,team2,kill,43.42
Warrior+Mage_vs_Priest+Hunter,Warrior+Mage,Priest+Hunter,7,team2,kill,24.87
Warrior+Mage_vs_Priest+Hunter,Warrior+Mage,Priest+Hunter,8,team2,kill,34.07
Warrior+Mage_vs_Priest+Hunter,Warrior+Mage,Priest+Hunter,9,team2,kill,43.27
Warrior+Mage_vs_Warlock+Hunter,Warrior+Mage,Warlock+Hunter,0,team1,kill,28.47
Warrior+Mage_vs_Warlock+Hunter,Warrior+Mage,Warlock+Hunter,1,team1,kill,28.72
Warrior+Mage_vs_Warlock+Hunter,Warrior+Mage,Warlock+Hunter,2,team1,kill,27.08
Warrior+Mage_vs_Warlock+Hunter,Warrior+Mage,Warlock+Hunter,3,team1,kill,28.72
Warrior+Mage_vs_Warlock+Hunter,Warrior+Mage,Warlock+Hunter,4,team1,kill,24.13
Warrior+Mage_vs_Warlock+Hunter,Warrior+Mage,Warlock+Hunter,5,team1,kill,23.57
Warrior+Mage_vs_Warlock+Hunter,Warrior+Mage,Warlock+Hunter,6,team1,kill,27.13
Warrior+Mage_vs_Warlock+Hunter,Warrior+Mage,Warlock+Hunter,7,team1,kill,24.43
Warrior+Mage_vs_Warlock+Hunter,Warrior+Mage,Warlock+Hunter,8,team1,kill,25.48
Warrior+Mage_vs_Warlock+Hunter,Warrior+Mage,Warlock+Hunter,9,team1,kill,27.02
Warrior+Mage_vs_Paladin+Hunter,Warrior+Mage,Paladin+Hunter,0,team2,kill,42.32
Warrior+Mage_vs_Paladin+Hunter,Warrior+Mage,Paladin+Hunter,1,team2,kill,45.90
Warrior+Mage_vs_Paladin+Hunter,Warrior+Mage,Paladin+Hunter,2,team2,kill,39.00
Warrior+Mage_vs_Paladin+Hunter,Warrior+Mage,Paladin+Hunter,3,team2,kill,45.92
Warrior+Mage_vs_Paladin+Hunter,Warrior+Mage,Paladin+Hunter,4,team2,kill,40.18
Warrior+Mage_vs_Paladin+Hunter,Warrior+Mage,Paladin+Hunter,5,team2,kill,39.62
Warrior+Mage_vs_Paladin+Hunter,Warrior+Mage,Paladin+Hunter,6,team2,kill,50.77
Warrior+Mage_vs_Paladin+Hunter,Warrior+Mage,Paladin+Hunter,7,team2,kill,82.07
Warrior+Mage_vs_Paladin+Hunter,Warrior+Mage,Paladin+Hunter,8,team2,kill,46.60
Warrior+Mage_vs_Paladin+Hunter,Warrior+Mage,Paladin+Hunter,9,team2,kill,43.43
Warrior+Mage_vs_Hunter+Shaman,Warrior+Mage,Hunter+Shaman,0,team2,kill,32.20
Warrior+Mage_vs_Hunter+Shaman,Warrior+Mage,Hunter+Shaman,1,team2,kill,30.18
Warrior+Mage_vs_Hunter+Shaman,Warrior+Mage,Hunter+Shaman,2,team2,kill,32.20
Warrior+Mage_vs_Hunter+Shaman,Warrior+Mage,Hunter+Shaman,3,team2,kill,33.72
Warrior+Mage_vs_Hunter+Shaman,Warrior+Mage,Hunter+Shaman,4,team1,kill,19.40
Warrior+Mage_vs_Hunter+Shaman,Warrior+Mage,Hunter+Shaman,5,team2,kill,32.20
Warrior+Mage_vs_Hunter+Shaman,Warrior+Mage,Hunter+Shaman,6,team2,kill,28.18
Warrior+Mage_vs_Hunter+Shaman,Warrior+Mage,Hunter+Shaman,7,team2,kill,30.18
Warrior+Mage_vs_Hunter+Shaman,Warrior+Mage,Hunter+Shaman,8,team2,kill,33.72
Warrior+Mage_vs_Hunter+Shaman,Warrior+Mage,Hunter+Shaman,9,team2,kill,33.72
Warrior+Rogue_vs_Warrior+Hunter,Warrior+Rogue,Warrior+Hunter,0,team2,kill,28.58
Warrior+Rogue_vs_Warrior+Hunter,Warrior+Rogue,Warrior+Hunter,1,team2,kill,28.33
Warrior+Rogue_vs_Warrior+Hunter,Warrior+Rogue,Warrior+Hunter,2,team2,kill,21.38
Warrior+Rogue_vs_Warrior+Hunter,Warrior+Rogue,Warrior+Hunter,3,team2,kill,26.07
Warrior+Rogue_vs_Warrior+Hunter,Warrior+Rogue,Warrior+Hunter,4,team2,kill,21.42
Warrior+Rogue_vs_Warrior+Hunter,Warrior+Rogue,Warrior+Hunter,5,team2,kill,33.62
Warrior+Rogue_vs_Warrior+Hunter,Warrior+Rogue,Warrior+Hunter,6,team2,kill,21.40
Warrior+Rogue_vs_Warrior+Hunter,Warrior+Rogue,Warrior+Hunter,7,team2,kill,26.02
Warrior+Rogue_vs_Warrior+Hunter,Warrior+Rogue,Warrior+Hunter,8,team2,kill,31.10
Warrior+Rogue_vs_Warrior+Hunter,Warrior+Rogue,Warrior+Hunter,9,team2,kill,26.07
Warrior+Rogue_vs_Mage+Hunter,Warrior+Rogue,Mage+Hunter,0,team2,kill,16.43
Warrior+Rogue_vs_Mage+Hunter,Warrior+Rogue,Mage+Hunter,1,team2,kill,16.43
Warrior+Rogue_vs_Mage+Hunter,Warrior+Rogue,Mage+Hunter,2,team2,kill,16.43
Warrior+Rogue_vs_Mage+Hunter,Warrior+Rogue,Mage+Hunter,3,team2,kill,16.43
Warrior+Rogue_vs_Mage+Hunter,Warrior+Rogue,Mage+Hunter,4,team2,kill,16.47
Warrior+Rogue_vs_Mage+Hunter,Warrior+Rogue,Mage+Hunter,5,team2,kill,16.43
Warrior+Rogue_vs_Mage+Hunter,Warrior+Rogue,Mage+Hunter,6,team2,kill,17.88
Warrior+Rogue_vs_Mage+Hunter,Warrior+Rogue,Mage+Hunter,7,team2,kill,16.43
Warrior+Rogue_vs_Mage+Hunter,Warrior+Rogue,Mage+Hunter,8,team2,kill,17.88
Warrior+Rogue_vs_Mage+Hunter,Warrior+Rogue,Mage+Hunter,9,team2,kill,17.63
Warrior+Rogue_vs_Rogue+Hunter,Warrior+Rogue,Rogue+Hunter,0,team2,kill,48.17
Warrior+Rogue_vs_Rogue+Hunter,Warrior+Rogue,Rogue+Hunter,1,team2,kill,50.98
Warrior+Rogue_vs_Rogue+Hunter,Warrior+Rogue,Rogue+Hunter,2,team1,kill,25.53
Warrior+Rogue_vs_Rogue+Hunter,Warrior+Rogue,Rogue+Hunter,3,team2,kill,44.18
Warrior+Rogue_vs_Rogue+Hunter,Warrior+Rogue,Rogue+Hunter,4,team2,kill,45.67
Warrior+Rogue_vs_Rogue+Hunter,Warrior+Rogue,Rogue+Hunter,5,team2,kill,43.18
Warrior+Rogue_vs_Rogue+Hunter,Warrior+Rogue,Rogue+Hunter,6,team1,kill,25.08
Warrior+Rogue_vs_Rogue+Hunter,Warrior+Rogue,Rogue+Hunter,7,team2,kill,45.95
Warrior+Rogue_vs_Rogue+Hunter,Warrior+Rogue,Rogue+Hunter,8,team2,kill,41.67
Warrior+Rogue_vs_Rogue+Hunter,Warrior+Rogue,Rogue+Hunter,9,team2,kill,45.95
Warrior+Rogue_vs_Priest+Hunter,Warrior+Rogue,Priest+Hunter,0,team2,kill,22.65
Warrior+Rogue_vs_Priest+Hunter,Warrior+Rogue,Priest+Hunter,1,team2,kill,22.65
Warrior+Rogue_vs_Priest+Hunter,Warrior+Rogue,Priest+Hunter,2,team2,kill,21.85
Warrior+Rogue_vs_Priest+Hunter,Warrior+Rogue,Priest+Hunter,3,team2,kill,23.53
Warrior+Rogue_vs_Priest+Hunter,Warrior+Rogue,Priest+Hunter,4,team2,kill,23.53
Warrior+Rogue_vs_Priest+Hunter,Warrior+Rogue,Priest+Hunter,5,team2,kill,22.65
Warrior+Rogue_vs_Priest+Hunter,Warrior+Rogue,Priest+Hunter,6,team2,kill,23.53
Warrior+Rogue_vs_Priest+Hunter,Warrior+Rogue,Priest+Hunter,7,team2,kill,23.53
Warrior+Rogue_vs_Priest+Hunter,Warrior+Rogue,Priest+Hunter,8,team2,kill,19.87
Warrior+Rogue_vs_Priest+Hunter,Warrior+Rogue,Priest+Hunter,9,team2,kill,22.83
Warrior+Rogue_vs_Warlock+Hunter,Warrior+Rogue,Warlock+Hunter,0,team2,kill,21.68
Warrior+Rogue_vs_Warlock+Hunter,Warrior+Rogue,Warlock+Hunter,1,team2,kill,21.02
Warrior+Rogue_vs_Warlock+Hunter,Warrior+Rogue,Warlock+Hunter,2,team2,kill,20.75
Warrior+Rogue_vs_Warlock+Hunter,Warrior+Rogue,Warlock+Hunter,3,team2,kill,21.03
Warrior+Rogue_vs_Warlock+Hunter,Warrior+Rogue,Warlock+Hunter,4,team2,kill,21.03
Warrior+Rogue_vs_Warlock+Hunter,Warrior+Rogue,Warlock+Hunter,5,team2,kill,20.78
Warrior+Rogue_vs_Warlock+Hunter,Warrior+Rogue,Warlock+Hunter,6,team2,kill,20.50
Warrior+Rogue_vs_Warlock+Hunter,Warrior+Rogue,Warlock+Hunter,7,team2,kill,21.27
Warrior+Rogue_vs_Warlock+Hunter,Warrior+Rogue,Warlock+Hunter,8,team2,kill,21.03
Warrior+Rogue_vs_Warlock+Hunter,Warrior+Rogue,Warlock+Hunter,9,team2,kill,21.93
Warrior+Rogue_vs_Paladin+Hunter,Warrior+Rogue,Paladin+Hunter,0,team2,kill,24.85
Warrior+Rogue_vs_Paladin+Hunter,Warrior+Rogue,Paladin+Hunter,1,team2,kill,36.13
Warrior+Rogue_vs_Paladin+Hunter,Warrior+Rogue,Paladin+Hunter,2,team2,kill,24.85
Warrior+Rogue_vs_Paladin+Hunter,Warrior+Rogue,Paladin+Hunter,3,team2,kill,33.62
Warrior+Rogue_vs_Paladin+Hunter,Warrior+Rogue,Paladin+Hunter,4,team2,kill,24.85
Warrior+Rogue_vs_Paladin+Hunter,Warrior+Rogue,Paladin+Hunter,5,team2,kill,36.13
Warrior+Rogue_vs_Paladin+Hunter,Warrior+Rogue,Paladin+Hunter,6,team2,kill,28.58
Warrior+Rogue_vs_Paladin+Hunter,Warrior+Rogue,Paladin+Hunter,7,team2,kill,26.07
Warrior+Rogue_vs_Paladin+Hunter,Warrior+Rogue,Paladin+Hunter,8,team2,kill,26.07
Warrior+Rogue_vs_Paladin+Hunter,Warrior+Rogue,Paladin+Hunter,9,team2,kill,36.13
Warrior+Rogue_vs_Hunter+Shaman,Warrior+Rogue,Hunter+Shaman,0,team2,kill,13.70
Warrior+Rogue_vs_Hunter+Shaman,Warrior+Rogue,Hunter+Shaman,1,team2,kill,13.70
Warrior+Rogue_vs_Hunter+Shaman,Warrior+Rogue,Hunter+Shaman,2,team2,kill,13.70
Warrior+Rogue_vs_Hunter+Shaman,Warrior+Rogue,Hunter+Shaman,3,team2,kill,13.70
Warrior+Rogue_vs_Hunter+Shaman,Warrior+Rogue,Hunter+Shaman,4,team2,kill,13.70
Warrior+Rogue_vs_Hunter+Shaman,Warrior+Rogue,Hunter+Shaman,5,team2,kill,13.70
Warrior+Rogue_vs_Hunter+Shaman,Warrior+Rogue,Hunter+Shaman,6,team2,kill,13.70
Warrior+Rogue_vs_Hunter+Shaman,Warrior+Rogue,Hunter+Shaman,7,team2,kill,13.70
Warrior+Rogue_vs_Hunter+Shaman,Warrior+Rogue,Hunter+Shaman,8,team2,kill,13.70
Warrior+Rogue_vs_Hunter+Shaman,Warrior+Rogue,Hunter+Shaman,9,team2,kill,13.70
Warrior+Priest_vs_Warrior+Hunter,Warrior+Priest,Warrior+Hunter,0,team1,kill,42.33
Warrior+Priest_vs_Warrior+Hunter,Warrior+Priest,Warrior+Hunter,1,team1,kill,33.58
Warrior+Priest_vs_Warrior+Hunter,Warrior+Priest,Warrior+Hunter,2,team1,kill,23.95
Warrior+Priest_vs_Warrior+Hunter,Warrior+Priest,Warrior+Hunter,3,team1,kill,46.45
Warrior+Priest_vs_Warrior+Hunter,Warrior+Priest,Warrior+Hunter,4,team2,kill,41.83
Warrior+Priest_vs_Warrior+Hunter,Warrior+Priest,Warrior+Hunter,5,team1,kill,44.98
Warrior+Priest_vs_Warrior+Hunter,Warrior+Priest,Warrior+Hunter,6,team1,kill,43.72
Warrior+Priest_vs_Warrior+Hunter,Warrior+Priest,Warrior+Hunter,7,team1,kill,35.55
Warrior+Priest_vs_Warrior+Hunter,Warrior+Priest,Warrior+Hunter,8,team1,kill,43.72
Warrior+Priest_vs_Warrior+Hunter,Warrior+Priest,Warrior+Hunter,9,team1,kill,42.45
Warrior+Priest_vs_Mage+Hunter,Warrior+Priest,Mage+Hunter,0,team2,kill,28.30
Warrior+Priest_vs_Mage+Hunter,Warrior+Priest,Mage+Hunter,1,team1,kill,51.85
Warrior+Priest_vs_Mage+Hunter,Warrior+Priest,Mage+Hunter,2,team2,kill,30.98
Warrior+Priest_vs_Mage+Hunter,Warrior+Priest,Mage+Hunter,3,team2,kill,32.52
Warrior+Priest_vs_Mage+Hunter,Warrior+Priest,Mage+Hunter,4,team2,kill,24.87
Warrior+Priest_vs_Mage+Hunter,Warrior+Priest,Mage+Hunter,5,team2,kill,27.25
Warrior+Priest_vs_Mage+Hunter,Warrior+Priest,Mage+Hunter,6,team2,kill,22.18
Warrior+Priest_vs_Mage+Hunter,Warrior+Priest,Mage+Hunter,7,team2,kill,25.35
Warrior+Priest_vs_Mage+Hunter,Warrior+Priest,Mage+Hunter,8,team2,kill,55.40
Warrior+Priest_vs_Mage+Hunter,Warrior+Priest,Mage+Hunter,9,team2,kill,29.17
Warrior+Priest_vs_Rogue+Hunter,Warrior+Priest,Rogue+Hunter,0,team1,kill,39.10
Warrior+Priest_vs_Rogue+Hunter,Warrior+Priest,Rogue+Hunter,1,team1,kill,55.97
Warrior+Priest_vs_Rogue+Hunter,Warrior+Priest,Rogue+Hunter,2,team2,kill,29.42
Warrior+Priest_vs_Rogue+Hunter,Warrior+Priest,Rogue+Hunter,3,team1,kill,53.38
Warrior+Priest_vs_Rogue+Hunter,Warrior+Priest,Rogue+Hunter,4,team1,kill,50.67
Warrior+Priest_vs_Rogue+Hunter,Warrior+Priest,Rogue+Hunter,5,team1,kill,52.47
Warrior+Priest_vs_Rogue+Hunter,Warrior+Priest,Rogue+Hunter,6,team1,kill,45.98
Warrior+Priest_vs_Rogue+Hunter,Warrior+Priest,Rogue+Hunter,7,team1,kill,52.52
Warrior+Priest_vs_Rogue+Hunter,Warrior+Priest,Rogue+Hunter,8,team1,kill,52.52
Warrior+Priest_vs_Rogue+Hunter,Warrior+Priest,Rogue+Hunter,9,team1,kill,24.08
Warrior+Priest_vs_Priest+Hunter,Warrior+Priest,Priest+Hunter,0,team2,kill,38.67
Warrior+Priest_vs_Priest+Hunter,Warrior+Priest,Priest+Hunter,1,team2,kill,62.52
Warrior+Priest_vs_Priest+Hunter,Warrior+Priest,Priest+Hunter,2,team2,kill,43.68
Warrior+Priest_vs_Priest+Hunter,Warrior+Priest,Priest+Hunter,3,team2,kill,65.53
Warrior+Priest_vs_Priest+Hunter,Warrior+Priest,Priest+Hunter,4,team2,kill,36.40
Warrior+Priest_vs_Priest+Hunter,Warrior+Priest,Priest+Hunter,5,team2,kill,43.68
Warrior+Priest_vs_Priest+Hunter,Warrior+Priest,Priest+Hunter,6,team2,kill,37.78
Warrior+Priest_vs_Priest+Hunter,Warrior+Priest,Priest+Hunter,7,team2,kill,39.48
Warrior+Priest_vs_Priest+Hunter,Warrior+Priest,Priest+Hunter,8,team2,kill,57.82
Warrior+Priest_vs_Priest+Hunter,Warrior+Priest,Priest+Hunter,9,team2,kill,60.85
Warrior+Priest_vs_Warlock+Hunter,Warrior+Priest,Warlock+Hunter,0,team1,kill,56.30
Warrior+Priest_vs_Warlock+Hunter,Warrior+Priest,Warlock+Hunter,1,team2,kill,50.03
Warrior+Priest_vs_Warlock+Hunter,Warrior+Priest,Warlock+Hunter,2,team2,kill,61.88
Warrior+Priest_vs_Warlock+Hunter,Warrior+Priest,Warlock+Hunter,3,team2,kill,30.62
Warrior+Priest_vs_Warlock+Hunter,Warrior+Priest,Warlock+Hunter,4,team1,kill,60.55
Warrior+Priest_vs_Warlock+Hunter,Warrior+Priest,Warlock+Hunter,5,team2,kill,36.40
Warrior+Priest_vs_Warlock+Hunter,Warrior+Priest,Warlock+Hunter,6,team2,kill,23.57
Warrior+Priest_vs_Warlock+Hunter,Warrior+Priest,Warlock+Hunter,7,team1,kill,51.27
Warrior+Priest_vs_Warlock+Hunter,Warrior+Priest,Warlock+Hunter,8,team2,kill,59.37
Warrior+Priest_vs_Warlock+Hunter,Warrior+Priest,Warlock+Hunter,9,team2,kill,28.62
Warrior+Priest_vs_Paladin+Hunter,Warrior+Priest,Paladin+Hunter,0,team2,kill,57.97
Warrior+Priest_vs_Paladin+Hunter,Warrior+Priest,Paladin+Hunter,1,team2,kill,71.62
Warrior+Priest_vs_Paladin+Hunter,Warrior+Priest,Paladin+Hunter,2,team2,kill,61.30
Warrior+Priest_vs_Paladin+Hunter,Warrior+Priest,Paladin+Hunter,3,team2,kill,73.52
Warrior+Priest_vs_Paladin+Hunter,Warrior+Priest,Paladin+Hunter,4,team2,kill,73.52
Warrior+Priest_vs_Paladin+Hunter,Warrior+Priest,Paladin+Hunter,5,team2,kill,71.47
Warrior+Priest_vs_Paladin+Hunter,Warrior+Priest,Paladin+Hunter,6,team2,kill,65.97
Warrior+Priest_vs_Paladin+Hunter,Warrior+Priest,Paladin+Hunter,7,team2,kill,79.27
Warrior+Priest_vs_Paladin+Hunter,Warrior+Priest,Paladin+Hunter,8,team2,kill,64.58
Warrior+Priest_vs_Paladin+Hunter,Warrior+Priest,Paladin+Hunter,9,team2,kill,74.13
Warrior+Priest_vs_Hunter+Shaman,Warrior+Priest,Hunter+Shaman,0,team2,kill,35.82
Warrior+Priest_vs_Hunter+Shaman,Warrior+Priest,Hunter+Shaman,1,team2,kill,36.60
Warrior+Priest_vs_Hunter+Shaman,Warrior+Priest,Hunter+Shaman,2,team2,kill,25.65
Warrior+Priest_vs_Hunter+Shaman,Warrior+Priest,Hunter+Shaman,3,team2,kill,41.18
Warrior+Priest_vs_Hunter+Shaman,Warrior+Priest,Hunter+Shaman,4,team2,kill,37.10
Warrior+Priest_vs_Hunter+Shaman,Warrior+Priest,Hunter+Shaman,5,team2,kill,41.30
Warrior+Priest_vs_Hunter+Shaman,Warrior+Priest,Hunter+Shaman,6,team2,kill,37.72
Warrior+Priest_vs_Hunter+Shaman,Warrior+Priest,Hunter+Shaman,7,team2,kill,39.63
Warrior+Priest_vs_Hunter+Shaman,Warrior+Priest,Hunter+Shaman,8,team2,kill,38.70
Warrior+Priest_vs_Hunter+Shaman,Warrior+Priest,Hunter+Shaman,9,team2,kill,38.65
Warrior+Warlock_vs_Warrior+Priest,Warrior+Warlock,Warrior+Priest,0,team2,kill,55.87
Warrior+Warlock_vs_Warrior+Priest,Warrior+Warlock,Warrior+Priest,1,team1,kill,60.65
Warrior+Warlock_vs_Warrior+Priest,Warrior+Warlock,Warrior+Priest,2,team2,kill,56.35
Warrior+Warlock_vs_Warrior+Priest,Warrior+Warlock,Warrior+Priest,3,team2,kill,32.02
Warrior+Warlock_vs_Warrior+Priest,Warrior+Warlock,Warrior+Priest,4,team1,kill,26.42
Warrior+Warlock_vs_Warrior+Priest,Warrior+Warlock,Warrior+Priest,5,team2,kill,55.40
Warrior+Warlock_vs_Warrior+Priest,Warrior+Warlock,Warrior+Priest,6,team1,kill,68.78
Warrior+Warlock_vs_Warrior+Priest,Warrior+Warlock,Warrior+Priest,7,team1,kill,23.17
Warrior+Warlock_vs_Warrior+Priest,Warrior+Warlock,Warrior+Priest,8,team1,kill,24.85
Warrior+Warlock_vs_Warrior+Priest,Warrior+Warlock,Warrior+Priest,9,team1,kill,58.63
Warrior+Warlock_vs_Warrior+Hunter,Warrior+Warlock,Warrior+Hunter,0,team1,kill,29.75
Warrior+Warlock_vs_Warrior+Hunter,Warrior+Warlock,Warrior+Hunter,1,team2,kill,21.57
Warrior+Warlock_vs_Warrior+Hunter,Warrior+Warlock,Warrior+Hunter,2,team2,kill,28.62
Warrior+Warlock_vs_Warrior+Hunter,Warrior+Warlock,Warrior+Hunter,3,team2,kill,20.72
Warrior+Warlock_vs_Warrior+Hunter,Warrior+Warlock,Warrior+Hunter,4,team2,kill,29.55
Warrior+Warlock_vs_Warrior+Hunter,Warrior+Warlock,Warrior+Hunter,5,team1,kill,29.57
Warrior+Warlock_vs_Warrior+Hunter,Warrior+Warlock,Warrior+Hunter,6,team2,kill,25.48
Warrior+Warlock_vs_Warrior+Hunter,Warrior+Warlock,Warrior+Hunter,7,team1,kill,29.87
Warrior+Warlock_vs_Warrior+Hunter,Warrior+Warlock,Warrior+Hunter,8,team2,kill,29.12
Warrior+Warlock_vs_Warrior+Hunter,Warrior+Warlock,Warrior+Hunter,9,team1,kill,27.07
Warrior+Warlock_vs_Mage+Hunter,Warrior+Warlock,Mage+Hunter,0,team2,kill,23.72
Warrior+Warlock_vs_Mage+Hunter,Warrior+Warlock,Mage+Hunter,1,team2,kill,20.10
Warrior+Warlock_vs_Mage+Hunter,Warrior+Warlock,Mage+Hunter,2,team2,kill,17.65
Warrior+Warlock_vs_Mage+Hunter,Warrior+Warlock,Mage+Hunter,3,team2,kill,23.73
Warrior+Warlock_vs_Mage+Hunter,Warrior+Warlock,Mage+Hunter,4,team2,kill,22.20
Warrior+Warlock_vs_Mage+Hunter,Warrior+Warlock,Mage+Hunter,5,team2,kill,20.08
Warrior+Warlock_vs_Mage+Hunter,Warrior+Warlock,Mage+Hunter,6,team2,kill,24.80
Warrior+Warlock_vs_Mage+Hunter,Warrior+Warlock,Mage+Hunter,7,team2,kill,23.70
Warrior+Warlock_vs_Mage+Hunter,Warrior+Warlock,Mage+Hunter,8,team2,kill,24.50
Warrior+Warlock_vs_Mage+Hunter,Warrior+Warlock,Mage+Hunter,9,team2,kill,20.68
Warrior+Warlock_vs_Rogue+Hunter,Warrior+Warlock,Rogue+Hunter,0,team2,kill,20.08
Warrior+Warlock_vs_Rogue+Hunter,Warrior+Warlock,Rogue+Hunter,1,team2,kill,29.10
Warrior+Warlock_vs_Rogue+Hunter,Warrior+Warlock,Rogue+Hunter,2,team2,kill,20.18
Warrior+Warlock_vs_Rogue+Hunter,Warrior+Warlock,Rogue+Hunter,3,team2,kill,28.58
Warrior+Warlock_vs_Rogue+Hunter,Warrior+Warlock,Rogue+Hunter,4,team2,kill,24.47
Warrior+Warlock_vs_Rogue+Hunter,Warrior+Warlock,Rogue+Hunter,5,team2,kill,24.37
Warrior+Warlock_vs_Rogue+Hunter,Warrior+Warlock,Rogue+Hunter,6,team1,kill,29.37
Warrior+Warlock_vs_Rogue+Hunter,Warrior+Warlock,Rogue+Hunter,7,team1,kill,28.65
Warrior+Warlock_vs_Rogue+Hunter,Warrior+Warlock,Rogue+Hunter,8,team1,kill,31.12
Warrior+Warlock_vs_Rogue+Hunter,Warrior+Warlock,Rogue+Hunter,9,team2,kill,26.35
Warrior+Warlock_vs_Priest+Hunter,Warrior+Warlock,Priest+Hunter,0,team2,kill,31.52
Warrior+Warlock_vs_Priest+Hunter,Warrior+Warlock,Priest+Hunter,1,team2,kill,39.58
Warrior+Warlock_vs_Priest+Hunter,Warrior+Warlock,Priest+Hunter,2,team2,kill,43.13
Warrior+Warlock_vs_Priest+Hunter,Warrior+Warlock,Priest+Hunter,3,team2,kill,35.38
Warrior+Warlock_vs_Priest+Hunter,Warrior+Warlock,Priest+Hunter,4,team2,kill,31.47
Warrior+Warlock_vs_Priest+Hunter,Warrior+Warlock,Priest+Hunter,5,team1,kill,40.82
Warrior+Warlock_vs_Priest+Hunter,Warrior+Warlock,Priest+Hunter,6,team2,kill,30.62
Warrior+Warlock_vs_Priest+Hunter,Warrior+Warlock,Priest+Hunter,7,team2,kill,33.33
Warrior+Warlock_vs_Priest+Hunter,Warrior+Warlock,Priest+Hunter,8,team1,kill,39.57
Warrior+Warlock_vs_Priest+Hunter,Warrior+Warlock,Priest+Hunter,9,team2,kill,31.47
Warrior+Warlock_vs_Warlock+Hunter,Warrior+Warlock,Warlock+Hunter,0,team2,kill,34.90
Warrior+Warlock_vs_Warlock+Hunter,Warrior+Warlock,Warlock+Hunter,1,team1,kill,26.10
Warrior+Warlock_vs_Warlock+Hunter,Warrior+Warlock,Warlock+Hunter,2,team1,kill,33.92
Warrior+Warlock_vs_Warlock+Hunter,Warrior+Warlock,Warlock+Hunter,3,team2,kill,30.77
Warrior+Warlock_vs_Warlock+Hunter,Warrior+Warlock,Warlock+Hunter,4,team2,kill,31.52
Warrior+Warlock_vs_Warlock+Hunter,Warrior+Warlock,Warlock+Hunter,5,team2,kill,32.45
Warrior+Warlock_vs_Warlock+Hunter,Warrior+Warlock,Warlock+Hunter,6,team2,kill,25.27
Warrior+Warlock_vs_Warlock+Hunter,Warrior+Warlock,Warlock+Hunter,7,team2,kill,32.37
Warrior+Warlock_vs_Warlock+Hunter,Warrior+Warlock,Warlock+Hunter,8,team1,kill,32.47
Warrior+Warlock_vs_Warlock+Hunter,Warrior+Warlock,Warlock+Hunter,9,team2,kill,30.50
Warrior+Warlock_vs_Paladin+Hunter,Warrior+Warlock,Paladin+Hunter,0,team2,kill,45.28
Warrior+Warlock_vs_Paladin+Hunter,Warrior+Warlock,Paladin+Hunter,1,team2,kill,61.67
Warrior+Warlock_vs_Paladin+Hunter,Warrior+Warlock,Paladin+Hunter,2,team2,kill,54.25
Warrior+Warlock_vs_Paladin+Hunter,Warrior+Warlock,Paladin+Hunter,3,team1,kill,40.55
Warrior+Warlock_vs_Paladin+Hunter,Warrior+Warlock,Paladin+Hunter,4,team2,kill,41.00
Warrior+Warlock_vs_Paladin+Hunter,Warrior+Warlock,Paladin+Hunter,5,team1,kill,69.25
Warrior+Warlock_vs_Paladin+Hunter,Warrior+Warlock,Paladin+Hunter,6,team2,kill,44.15
Warrior+Warlock_vs_Paladin+Hunter,Warrior+Warlock,Paladin+Hunter,7,team2,kill,69.53
Warrior+Warlock_vs_Paladin+Hunter,Warrior+Warlock,Paladin+Hunter,8,team2,kill,77.04
Warrior+Warlock_vs_Paladin+Hunter,Warrior+Warlock,Paladin+Hunter,9,team2,kill,39.02
Warrior+Warlock_vs_Hunter+Shaman,Warrior+Warlock,Hunter+Shaman,0,team2,kill,35.50
Warrior+Warlock_vs_Hunter+Shaman,Warrior+Warlock,Hunter+Shaman,1,team2,kill,24.18
Warrior+Warlock_vs_Hunter+Shaman,Warrior+Warlock,Hunter+Shaman,2,team1,kill,71.27
Warrior+Warlock_vs_Hunter+Shaman,Warrior+Warlock,Hunter+Shaman,3,team2,kill,35.88
Warrior+Warlock_vs_Hunter+Shaman,Warrior+Warlock,Hunter+Shaman,4,team1,kill,67.80
Warrior+Warlock_vs_Hunter+Shaman,Warrior+Warlock,Hunter+Shaman,5,team1,kill,89.64
Warrior+Warlock_vs_Hunter+Shaman,Warrior+Warlock,Hunter+Shaman,6,team2,kill,40.73
Warrior+Warlock_vs_Hunter+Shaman,Warrior+Warlock,Hunter+Shaman,7,team1,kill,53.23
Warrior+Warlock_vs_Hunter+Shaman,Warrior+Warlock,Hunter+Shaman,8,team2,kill,38.67
Warrior+Warlock_vs_Hunter+Shaman,Warrior+Warlock,Hunter+Shaman,9,team2,kill,28.88
Warrior+Paladin_vs_Warrior+Hunter,Warrior+Paladin,Warrior+Hunter,0,team1,kill,76.09
Warrior+Paladin_vs_Warrior+Hunter,Warrior+Paladin,Warrior+Hunter,1,team1,kill,60.82
Warrior+Paladin_vs_Warrior+Hunter,Warrior+Paladin,Warrior+Hunter,2,team1,kill,54.70
Warrior+Paladin_vs_Warrior+Hunter,Warrior+Paladin,Warrior+Hunter,3,team1,kill,74.45
Warrior+Paladin_vs_Warrior+Hunter,Warrior+Paladin,Warrior+Hunter,4,team1,kill,59.20
Warrior+Paladin_vs_Warrior+Hunter,Warrior+Paladin,Warrior+Hunter,5,team1,kill,52.58
Warrior+Paladin_vs_Warrior+Hunter,Warrior+Paladin,Warrior+Hunter,6,team1,kill,48.23
Warrior+Paladin_vs_Warrior+Hunter,Warrior+Paladin,Warrior+Hunter,7,team1,kill,36.05
Warrior+Paladin_vs_Warrior+Hunter,Warrior+Paladin,Warrior+Hunter,8,team1,kill,59.20
Warrior+Paladin_vs_Warrior+Hunter,Warrior+Paladin,Warrior+Hunter,9,team1,kill,52.58
Warrior+Paladin_vs_Mage+Hunter,Warrior+Paladin,Mage+Hunter,0,team1,kill,96.72
Warrior+Paladin_vs_Mage+Hunter,Warrior+Paladin,Mage+Hunter,1,team1,kill,88.44
Warrior+Paladin_vs_Mage+Hunter,Warrior+Paladin,Mage+Hunter,2,team2,kill,36.45
Warrior+Paladin_vs_Mage+Hunter,Warrior+Paladin,Mage+Hunter,3,team2,kill,37.10
Warrior+Paladin_vs_Mage+Hunter,Warrior+Paladin,Mage+Hunter,4,team2,kill,37.10
Warrior+Paladin_vs_Mage+Hunter,Warrior+Paladin,Mage+Hunter,5,team1,kill,84.75
Warrior+Paladin_vs_Mage+Hunter,Warrior+Paladin,Mage+Hunter,6,team1,kill,75.42
Warrior+Paladin_vs_Mage+Hunter,Warrior+Paladin,Mage+Hunter,7,team2,kill,31.88
Warrior+Paladin_vs_Mage+Hunter,Warrior+Paladin,Mage+Hunter,8,team1,kill,62.07
Warrior+Paladin_vs_Mage+Hunter,Warrior+Paladin,Mage+Hunter,9,team2,kill,31.32
Warrior+Paladin_vs_Rogue+Hunter,Warrior+Paladin,Rogue+Hunter,0,team1,kill,42.90
Warrior+Paladin_vs_Rogue+Hunter,Warrior+Paladin,Rogue+Hunter,1,team1,kill,27.12
Warrior+Paladin_vs_Rogue+Hunter,Warrior+Paladin,Rogue+Hunter,2,team1,kill,64.58
Warrior+Paladin_vs_Rogue+Hunter,Warrior+Paladin,Rogue+Hunter,3,team1,kill,44.08
Warrior+Paladin_vs_Rogue+Hunter,Warrior+Paladin,Rogue+Hunter,4,team1,kill,58.02
Warrior+Paladin_vs_Rogue+Hunter,Warrior+Paladin,Rogue+Hunter,5,team1,kill,44.08
Warrior+Paladin_vs_Rogue+Hunter,Warrior+Paladin,Rogue+Hunter,6,team1,kill,68.15
Warrior+Paladin_vs_Rogue+Hunter,Warrior+Paladin,Rogue+Hunter,7,team1,kill,44.08
Warrior+Paladin_vs_Rogue+Hunter,Warrior+Paladin,Rogue+Hunter,8,team1,kill,44.08
Warrior+Paladin_vs_Rogue+Hunter,Warrior+Paladin,Rogue+Hunter,9,team1,kill,43.48
Warrior+Paladin_vs_Priest+Hunter,Warrior+Paladin,Priest+Hunter,0,team2,kill,81.97
Warrior+Paladin_vs_Priest+Hunter,Warrior+Paladin,Priest+Hunter,1,team2,kill,90.29
Warrior+Paladin_vs_Priest+Hunter,Warrior+Paladin,Priest+Hunter,2,team2,kill,68.57
Warrior+Paladin_vs_Priest+Hunter,Warrior+Paladin,Priest+Hunter,3,team1,kill,95.19
Warrior+Paladin_vs_Priest+Hunter,Warrior+Paladin,Priest+Hunter,4,team2,kill,59.75
Warrior+Paladin_vs_Priest+Hunter,Warrior+Paladin,Priest+Hunter,5,team2,kill,89.24
Warrior+Paladin_vs_Priest+Hunter,Warrior+Paladin,Priest+Hunter,6,team2,kill,77.84
Warrior+Paladin_vs_Priest+Hunter,Warrior+Paladin,Priest+Hunter,7,team2,kill,60.87
Warrior+Paladin_vs_Priest+Hunter,Warrior+Paladin,Priest+Hunter,8,team2,kill,74.88
Warrior+Paladin_vs_Priest+Hunter,Warrior+Paladin,Priest+Hunter,9,team2,kill,72.35
Warrior+Paladin_vs_Warlock+Hunter,Warrior+Paladin,Warlock+Hunter,0,team1,kill,92.97
Warrior+Paladin_vs_Warlock+Hunter,Warrior+Paladin,Warlock+Hunter,1,team1,kill,77.32
Warrior+Paladin_vs_Warlock+Hunter,Warrior+Paladin,Warlock+Hunter,2,team2,kill,55.48
Warrior+Paladin_vs_Warlock+Hunter,Warrior+Paladin,Warlock+Hunter,3,team1,kill,85.22
Warrior+Paladin_vs_Warlock+Hunter,Warrior+Paladin,Warlock+Hunter,4,team1,kill,59.70
Warrior+Paladin_vs_Warlock+Hunter,Warrior+Paladin,Warlock+Hunter,5,team2,kill,62.53
Warrior+Paladin_vs_Warlock+Hunter,Warrior+Paladin,Warlock+Hunter,6,team1,kill,85.05
Warrior+Paladin_vs_Warlock+Hunter,Warrior+Paladin,Warlock+Hunter,7,team1,kill,81.74
Warrior+Paladin_vs_Warlock+Hunter,Warrior+Paladin,Warlock+Hunter,8,team2,kill,82.55
Warrior+Paladin_vs_Warlock+Hunter,Warrior+Paladin,Warlock+Hunter,9,team1,kill,89.02
Warrior+Paladin_vs_Paladin+Hunter,Warrior+Paladin,Paladin+Hunter,0,team2,kill,137.44
Warrior+Paladin_vs_Paladin+Hunter,Warrior+Paladin,Paladin+Hunter,1,team2,kill,86.74
Warrior+Paladin_vs_Paladin+Hunter,Warrior+Paladin,Paladin+Hunter,2,team2,kill,90.65
Warrior+Paladin_vs_Paladin+Hunter,Warrior+Paladin,Paladin+Hunter,3,team2,kill,81.59
Warrior+Paladin_vs_Paladin+Hunter,Warrior+Paladin,Paladin+Hunter,4,team2,kill,86.65
Warrior+Paladin_vs_Paladin+Hunter,Warrior+Paladin,Paladin+Hunter,5,team2,kill,96.99
Warrior+Paladin_vs_Paladin+Hunter,Warrior+Paladin,Paladin+Hunter,6,team2,kill,97.64
Warrior+Paladin_vs_Paladin+Hunter,Warrior+Paladin,Paladin+Hunter,7,team2,kill,104.52
Warrior+Paladin_vs_Paladin+Hunter,Warrior+Paladin,Paladin+Hunter,8,team2,kill,137.34
Warrior+Paladin_vs_Paladin+Hunter,Warrior+Paladin,Paladin+Hunter,9,team2,kill,84.40
Warrior+Paladin_vs_Hunter+Shaman,Warrior+Paladin,Hunter+Shaman,0,team1,kill,179.82
Warrior+Paladin_vs_Hunter+Shaman,Warrior+Paladin,Hunter+Shaman,1,team1,kill,154.82
Warrior+Paladin_vs_Hunter+Shaman,Warrior+Paladin,Hunter+Shaman,2,team1,kill,226.16
Warrior+Paladin_vs_Hunter+Shaman,Warrior+Paladin,Hunter+Shaman,3,team1,kill,189.25
Warrior+Paladin_vs_Hunter+Shaman,Warrior+Paladin,Hunter+Shaman,4,draw,cap,300.00
Warrior+Paladin_vs_Hunter+Shaman,Warrior+Paladin,Hunter+Shaman,5,team1,kill,286.91
Warrior+Paladin_vs_Hunter+Shaman,Warrior+Paladin,Hunter+Shaman,6,draw,cap,300.00
Warrior+Paladin_vs_Hunter+Shaman,Warrior+Paladin,Hunter+Shaman,7,team1,kill,200.28
Warrior+Paladin_vs_Hunter+Shaman,Warrior+Paladin,Hunter+Shaman,8,team1,kill,174.23
Warrior+Paladin_vs_Hunter+Shaman,Warrior+Paladin,Hunter+Shaman,9,team1,kill,205.43
Warrior+Hunter_vs_Warrior+Mage,Warrior+Hunter,Warrior+Mage,0,team2,kill,21.35
Warrior+Hunter_vs_Warrior+Mage,Warrior+Hunter,Warrior+Mage,1,team2,kill,25.10
Warrior+Hunter_vs_Warrior+Mage,Warrior+Hunter,Warrior+Mage,2,team2,kill,25.35
Warrior+Hunter_vs_Warrior+Mage,Warrior+Hunter,Warrior+Mage,3,team2,kill,21.70
Warrior+Hunter_vs_Warrior+Mage,Warrior+Hunter,Warrior+Mage,4,team2,kill,21.88
Warrior+Hunter_vs_Warrior+Mage,Warrior+Hunter,Warrior+Mage,5,team2,kill,22.15
Warrior+Hunter_vs_Warrior+Mage,Warrior+Hunter,Warrior+Mage,6,team2,kill,24.43
Warrior+Hunter_vs_Warrior+Mage,Warrior+Hunter,Warrior+Mage,7,team2,kill,22.15
Warrior+Hunter_vs_Warrior+Mage,Warrior+Hunter,Warrior+Mage,8,team2,kill,22.15
Warrior+Hunter_vs_Warrior+Mage,Warrior+Hunter,Warrior+Mage,9,team2,kill,22.03
Warrior+Hunter_vs_Warrior+Rogue,Warrior+Hunter,Warrior+Rogue,0,team1,kill,28.58
Warrior+Hunter_vs_Warrior+Rogue,Warrior+Hunter,Warrior+Rogue,1,team1,kill,28.33
Warrior+Hunter_vs_Warrior+Rogue,Warrior+Hunter,Warrior+Rogue,2,team1,kill,21.38
Warrior+Hunter_vs_Warrior+Rogue,Warrior+Hunter,Warrior+Rogue,3,team1,kill,26.07
Warrior+Hunter_vs_Warrior+Rogue,Warrior+Hunter,Warrior+Rogue,4,team1,kill,21.42
Warrior+Hunter_vs_Warrior+Rogue,Warrior+Hunter,Warrior+Rogue,5,team1,kill,33.62
Warrior+Hunter_vs_Warrior+Rogue,Warrior+Hunter,Warrior+Rogue,6,team1,kill,21.40
Warrior+Hunter_vs_Warrior+Rogue,Warrior+Hunter,Warrior+Rogue,7,team1,kill,26.02
Warrior+Hunter_vs_Warrior+Rogue,Warrior+Hunter,Warrior+Rogue,8,team1,kill,31.10
Warrior+Hunter_vs_Warrior+Rogue,Warrior+Hunter,Warrior+Rogue,9,team1,kill,26.07
Warrior+Hunter_vs_Warrior+Priest,Warrior+Hunter,Warrior+Priest,0,team2,kill,42.33
Warrior+Hunter_vs_Warrior+Priest,Warrior+Hunter,Warrior+Priest,1,team2,kill,33.58
Warrior+Hunter_vs_Warrior+Priest,Warrior+Hunter,Warrior+Priest,2,team2,kill,23.95
Warrior+Hunter_vs_Warrior+Priest,Warrior+Hunter,Warrior+Priest,3,team2,kill,46.45
Warrior+Hunter_vs_Warrior+Priest,Warrior+Hunter,Warrior+Priest,4,team1,kill,41.83
Warrior+Hunter_vs_Warrior+Priest,Warrior+Hunter,Warrior+Priest,5,team2,kill,44.98
Warrior+Hunter_vs_Warrior+Priest,Warrior+Hunter,Warrior+Priest,6,team2,kill,43.72
Warrior+Hunter_vs_Warrior+Priest,Warrior+Hunter,Warrior+Priest,7,team2,kill,35.55
Warrior+Hunter_vs_Warrior+Priest,Warrior+Hunter,Warrior+Priest,8,team2,kill,43.72
Warrior+Hunter_vs_Warrior+Priest,Warrior+Hunter,Warrior+Priest,9,team2,kill,42.45
Warrior+Hunter_vs_Warrior+Warlock,Warrior+Hunter,Warrior+Warlock,0,team2,kill,29.33
Warrior+Hunter_vs_Warrior+Warlock,Warrior+Hunter,Warrior+Warlock,1,team1,kill,23.13
Warrior+Hunter_vs_Warrior+Warlock,Warrior+Hunter,Warrior+Warlock,2,team2,kill,29.35
Warrior+Hunter_vs_Warrior+Warlock,Warrior+Hunter,Warrior+Warlock,3,team1,kill,20.78
Warrior+Hunter_vs_Warrior+Warlock,Warrior+Hunter,Warrior+Warlock,4,team1,kill,29.55
Warrior+Hunter_vs_Warrior+Warlock,Warrior+Hunter,Warrior+Warlock,5,team2,kill,29.67
Warrior+Hunter_vs_Warrior+Warlock,Warrior+Hunter,Warrior+Warlock,6,team2,kill,29.68
Warrior+Hunter_vs_Warrior+Warlock,Warrior+Hunter,Warrior+Warlock,7,team2,kill,29.78
Warrior+Hunter_vs_Warrior+Warlock,Warrior+Hunter,Warrior+Warlock,8,team2,kill,29.73
Warrior+Hunter_vs_Warrior+Warlock,Warrior+Hunter,Warrior+Warlock,9,team2,kill,27.00
Warrior+Hunter_vs_Warrior+Paladin,Warrior+Hunter,Warrior+Paladin,0,team2,kill,76.09
Warrior+Hunter_vs_Warrior+Paladin,Warrior+Hunter,Warrior+Paladin,1,team2,kill,60.82
Warrior+Hunter_vs_Warrior+Paladin,Warrior+Hunter,Warrior+Paladin,2,team2,kill,35.68
Warrior+Hunter_vs_Warrior+Paladin,Warrior+Hunter,Warrior+Paladin,3,team2,kill,74.43
Warrior+Hunter_vs_Warrior+Paladin,Warrior+Hunter,Warrior+Paladin,4,team2,kill,59.20
Warrior+Hunter_vs_Warrior+Paladin,Warrior+Hunter,Warrior+Paladin,5,team2,kill,52.58
Warrior+Hunter_vs_Warrior+Paladin,Warrior+Hunter,Warrior+Paladin,6,team2,kill,48.23
Warrior+Hunter_vs_Warrior+Paladin,Warrior+Hunter,Warrior+Paladin,7,team2,kill,36.05
Warrior+Hunter_vs_Warrior+Paladin,Warrior+Hunter,Warrior+Paladin,8,team2,kill,59.20
Warrior+Hunter_vs_Warrior+Paladin,Warrior+Hunter,Warrior+Paladin,9,team2,kill,52.58
Warrior+Hunter_vs_Warrior+Hunter,Warrior+Hunter,Warrior+Hunter,0,team1,kill,26.18
Warrior+Hunter_vs_Warrior+Hunter,Warrior+Hunter,Warrior+Hunter,1,team2,kill,25.63
Warrior+Hunter_vs_Warrior+Hunter,Warrior+Hunter,Warrior+Hunter,2,draw,kill,28.15
Warrior+Hunter_vs_Warrior+Hunter,Warrior+Hunter,Warrior+Hunter,3,draw,kill,28.15
Warrior+Hunter_vs_Warrior+Hunter,Warrior+Hunter,Warrior+Hunter,4,team1,kill,22.60
Warrior+Hunter_vs_Warrior+Hunter,Warrior+Hunter,Warrior+Hunter,5,team1,kill,22.60
Warrior+Hunter_vs_Warrior+Hunter,Warrior+Hunter,Warrior+Hunter,6,team1,kill,25.63
Warrior+Hunter_vs_Warrior+Hunter,Warrior+Hunter,Warrior+Hunter,7,team1,kill,25.63
Warrior+Hunter_vs_Warrior+Hunter,Warrior+Hunter,Warrior+Hunter,8,team2,kill,23.12
Warrior+Hunter_vs_Warrior+Hunter,Warrior+Hunter,Warrior+Hunter,9,team2,kill,22.60
Warrior+Hunter_vs_Warrior+Shaman,Warrior+Hunter,Warrior+Shaman,0,team1,kill,52.55
Warrior+Hunter_vs_Warrior+Shaman,Warrior+Hunter,Warrior+Shaman,1,team1,kill,40.22
Warrior+Hunter_vs_Warrior+Shaman,Warrior+Hunter,Warrior+Shaman,2,team2,kill,23.65
Warrior+Hunter_vs_Warrior+Shaman,Warrior+Hunter,Warrior+Shaman,3,team2,kill,24.77
Warrior+Hunter_vs_Warrior+Shaman,Warrior+Hunter,Warrior+Shaman,4,team1,kill,48.73
Warrior+Hunter_vs_Warrior+Shaman,Warrior+Hunter,Warrior+Shaman,5,team2,kill,42.48
Warrior+Hunter_vs_Warrior+Shaman,Warrior+Hunter,Warrior+Shaman,6,team2,kill,23.62
Warrior+Hunter_vs_Warrior+Shaman,Warrior+Hunter,Warrior+Shaman,7,team1,kill,56.52
Warrior+Hunter_vs_Warrior+Shaman,Warrior+Hunter,Warrior+Shaman,8,team1,kill,51.77
Warrior+Hunter_vs_Warrior+Shaman,Warrior+Hunter,Warrior+Shaman,9,team1,kill,51.25
Warrior+Hunter_vs_Mage+Rogue,Warrior+Hunter,Mage+Rogue,0,team1,kill,28.00
Warrior+Hunter_vs_Mage+Rogue,Warrior+Hunter,Mage+Rogue,1,team1,kill,29.55
Warrior+Hunter_vs_Mage+Rogue,Warrior+Hunter,Mage+Rogue,2,team1,kill,29.58
Warrior+Hunter_vs_Mage+Rogue,Warrior+Hunter,Mage+Rogue,3,team1,kill,34.42
Warrior+Hunter_vs_Mage+Rogue,Warrior+Hunter,Mage+Rogue,4,team1,kill,30.15
Warrior+Hunter_vs_Mage+Rogue,Warrior+Hunter,Mage+Rogue,5,team1,kill,27.97
Warrior+Hunter_vs_Mage+Rogue,Warrior+Hunter,Mage+Rogue,6,team1,kill,30.15
Warrior+Hunter_vs_Mage+Rogue,Warrior+Hunter,Mage+Rogue,7,team1,kill,29.55
Warrior+Hunter_vs_Mage+Rogue,Warrior+Hunter,Mage+Rogue,8,team1,kill,27.97
Warrior+Hunter_vs_Mage+Rogue,Warrior+Hunter,Mage+Rogue,9,team1,kill,30.15
Warrior+Hunter_vs_Mage+Priest,Warrior+Hunter,Mage+Priest,0,team2,kill,30.20
Warrior+Hunter_vs_Mage+Priest,Warrior+Hunter,Mage+Priest,1,team2,kill,30.13
Warrior+Hunter_vs_Mage+Priest,Warrior+Hunter,Mage+Priest,2,team2,kill,31.85
Warrior+Hunter_vs_Mage+Priest,Warrior+Hunter,Mage+Priest,3,team2,kill,30.28
Warrior+Hunter_vs_Mage+Priest,Warrior+Hunter,Mage+Priest,4,team2,kill,14.97
Warrior+Hunter_vs_Mage+Priest,Warrior+Hunter,Mage+Priest,5,team2,kill,30.20
Warrior+Hunter_vs_Mage+Priest,Warrior+Hunter,Mage+Priest,6,team2,kill,30.20
Warrior+Hunter_vs_Mage+Priest,Warrior+Hunter,Mage+Priest,7,team2,kill,20.00
Warrior+Hunter_vs_Mage+Priest,Warrior+Hunter,Mage+Priest,8,team2,kill,30.18
Warrior+Hunter_vs_Mage+Priest,Warrior+Hunter,Mage+Priest,9,team2,kill,30.32
Warrior+Hunter_vs_Mage+Warlock,Warrior+Hunter,Mage+Warlock,0,team2,kill,17.70
Warrior+Hunter_vs_Mage+Warlock,Warrior+Hunter,Mage+Warlock,1,team2,kill,17.80
Warrior+Hunter_vs_Mage+Warlock,Warrior+Hunter,Mage+Warlock,2,team2,kill,17.80
Warrior+Hunter_vs_Mage+Warlock,Warrior+Hunter,Mage+Warlock,3,team2,kill,20.82
Warrior+Hunter_vs_Mage+Warlock,Warrior+Hunter,Mage+Warlock,4,team2,kill,17.70
Warrior+Hunter_vs_Mage+Warlock,Warrior+Hunter,Mage+Warlock,5,team2,kill,25.97
Warrior+Hunter_vs_Mage+Warlock,Warrior+Hunter,Mage+Warlock,6,team2,kill,25.85
Warrior+Hunter_vs_Mage+Warlock,Warrior+Hunter,Mage+Warlock,7,team2,kill,20.82
Warrior+Hunter_vs_Mage+Warlock,Warrior+Hunter,Mage+Warlock,8,team2,kill,17.70
Warrior+Hunter_vs_Mage+Warlock,Warrior+Hunter,Mage+Warlock,9,team2,kill,25.82
Warrior+Hunter_vs_Mage+Paladin,Warrior+Hunter,Mage+Paladin,0,team2,kill,29.53
Warrior+Hunter_vs_Mage+Paladin,Warrior+Hunter,Mage+Paladin,1,team2,kill,29.18
Warrior+Hunter_vs_Mage+Paladin,Warrior+Hunter,Mage+Paladin,2,team2,kill,28.90
Warrior+Hunter_vs_Mage+Paladin,Warrior+Hunter,Mage+Paladin,3,team2,kill,29.03
Warrior+Hunter_vs_Mage+Paladin,Warrior+Hunter,Mage+Paladin,4,team2,kill,29.20
Warrior+Hunter_vs_Mage+Paladin,Warrior+Hunter,Mage+Paladin,5,team2,kill,30.13
Warrior+Hunter_vs_Mage+Paladin,Warrior+Hunter,Mage+Paladin,6,team2,kill,29.15
Warrior+Hunter_vs_Mage+Paladin,Warrior+Hunter,Mage+Paladin,7,team2,kill,29.23
Warrior+Hunter_vs_Mage+Paladin,Warrior+Hunter,Mage+Paladin,8,team2,kill,30.13
Warrior+Hunter_vs_Mage+Paladin,Warrior+Hunter,Mage+Paladin,9,team2,kill,27.70
Warrior+Hunter_vs_Mage+Hunter,Warrior+Hunter,Mage+Hunter,0,team2,kill,26.72
Warrior+Hunter_vs_Mage+Hunter,Warrior+Hunter,Mage+Hunter,1,team1,kill,21.95
Warrior+Hunter_vs_Mage+Hunter,Warrior+Hunter,Mage+Hunter,2,team2,kill,25.17
Warrior+Hunter_vs_Mage+Hunter,Warrior+Hunter,Mage+Hunter,3,team2,kill,31.38
Warrior+Hunter_vs_Mage+Hunter,Warrior+Hunter,Mage+Hunter,4,team1,kill,21.63
Warrior+Hunter_vs_Mage+Hunter,Warrior+Hunter,Mage+Hunter,5,team1,kill,21.55
Warrior+Hunter_vs_Mage+Hunter,Warrior+Hunter,Mage+Hunter,6,team1,kill,25.25
Warrior+Hunter_vs_Mage+Hunter,Warrior+Hunter,Mage+Hunter,7,team2,kill,25.25
Warrior+Hunter_vs_Mage+Hunter,Warrior+Hunter,Mage+Hunter,8,draw,kill,31.50
Warrior+Hunter_vs_Mage+Hunter,Warrior+Hunter,Mage+Hunter,9,team2,kill,25.43
Warrior+Hunter_vs_Mage+Shaman,Warrior+Hunter,Mage+Shaman,0,team2,kill,13.53
Warrior+Hunter_vs_Mage+Shaman,Warrior+Hunter,Mage+Shaman,1,team2,kill,13.53
Warrior+Hunter_vs_Mage+Shaman,Warrior+Hunter,Mage+Shaman,2,team2,kill,13.53
Warrior+Hunter_vs_Mage+Shaman,Warrior+Hunter,Mage+Shaman,3,team2,kill,13.08
Warrior+Hunter_vs_Mage+Shaman,Warrior+Hunter,Mage+Shaman,4,team2,kill,11.67
Warrior+Hunter_vs_Mage+Shaman,Warrior+Hunter,Mage+Shaman,5,team2,kill,13.53
Warrior+Hunter_vs_Mage+Shaman,Warrior+Hunter,Mage+Shaman,6,team2,kill,13.08
Warrior+Hunter_vs_Mage+Shaman,Warrior+Hunter,Mage+Shaman,7,team2,kill,13.53
Warrior+Hunter_vs_Mage+Shaman,Warrior+Hunter,Mage+Shaman,8,team2,kill,13.53
Warrior+Hunter_vs_Mage+Shaman,Warrior+Hunter,Mage+Shaman,9,team2,kill,13.53
Warrior+Hunter_vs_Rogue+Priest,Warrior+Hunter,Rogue+Priest,0,team1,kill,50.17
Warrior+Hunter_vs_Rogue+Priest,Warrior+Hunter,Rogue+Priest,1,team1,kill,47.25
Warrior+Hunter_vs_Rogue+Priest,Warrior+Hunter,Rogue+Priest,2,team1,kill,49.92
Warrior+Hunter_vs_Rogue+Priest,Warrior+Hunter,Rogue+Priest,3,team1,kill,35.53
Warrior+Hunter_vs_Rogue+Priest,Warrior+Hunter,Rogue+Priest,4,team2,kill,36.77
Warrior+Hunter_vs_Rogue+Priest,Warrior+Hunter,Rogue+Priest,5,team1,kill,42.48
Warrior+Hunter_vs_Rogue+Priest,Warrior+Hunter,Rogue+Priest,6,team1,kill,37.18
Warrior+Hunter_vs_Rogue+Priest,Warrior+Hunter,Rogue+Priest,7,team1,kill,37.18
Warrior+Hunter_vs_Rogue+Priest,Warrior+Hunter,Rogue+Priest,8,team1,kill,37.18
Warrior+Hunter_vs_Rogue+Priest,Warrior+Hunter,Rogue+Priest,9,team2,kill,38.92
Warrior+Hunter_vs_Rogue+Warlock,Warrior+Hunter,Rogue+Warlock,0,team1,kill,24.68
Warrior+Hunter_vs_Rogue+Warlock,Warrior+Hunter,Rogue+Warlock,1,team1,kill,22.40
Warrior+Hunter_vs_Rogue+Warlock,Warrior+Hunter,Rogue+Warlock,2,team1,kill,16.60
Warrior+Hunter_vs_Rogue+Warlock,Warrior+Hunter,Rogue+Warlock,3,team1,kill,29.28
Warrior+Hunter_vs_Rogue+Warlock,Warrior+Hunter,Rogue+Warlock,4,team1,kill,21.82
Warrior+Hunter_vs_Rogue+Warlock,Warrior+Hunter,Rogue+Warlock,5,team1,kill,26.37
Warrior+Hunter_vs_Rogue+Warlock,Warrior+Hunter,Rogue+Warlock,6,team1,kill,29.30
Warrior+Hunter_vs_Rogue+Warlock,Warrior+Hunter,Rogue+Warlock,7,team1,kill,21.72
Warrior+Hunter_vs_Rogue+Warlock,Warrior+Hunter,Rogue+Warlock,8,team1,kill,21.72
Warrior+Hunter_vs_Rogue+Warlock,Warrior+Hunter,Rogue+Warlock,9,team1,kill,22.02
Warrior+Hunter_vs_Rogue+Paladin,Warrior+Hunter,Rogue+Paladin,0,team2,kill,73.13
Warrior+Hunter_vs_Rogue+Paladin,Warrior+Hunter,Rogue+Paladin,1,team2,kill,71.78
Warrior+Hunter_vs_Rogue+Paladin,Warrior+Hunter,Rogue+Paladin,2,team1,kill,48.52
Warrior+Hunter_vs_Rogue+Paladin,Warrior+Hunter,Rogue+Paladin,3,team1,kill,43.83
Warrior+Hunter_vs_Rogue+Paladin,Warrior+Hunter,Rogue+Paladin,4,team1,kill,48.47
Warrior+Hunter_vs_Rogue+Paladin,Warrior+Hunter,Rogue+Paladin,5,team2,kill,83.65
Warrior+Hunter_vs_Rogue+Paladin,Warrior+Hunter,Rogue+Paladin,6,team2,kill,76.00
Warrior+Hunter_vs_Rogue+Paladin,Warrior+Hunter,Rogue+Paladin,7,team2,kill,70.95
Warrior+Hunter_vs_Rogue+Paladin,Warrior+Hunter,Rogue+Paladin,8,team1,kill,47.72
Warrior+Hunter_vs_Rogue+Paladin,Warrior+Hunter,Rogue+Paladin,9,team1,kill,48.13
Warrior+Hunter_vs_Rogue+Hunter,Warrior+Hunter,Rogue+Hunter,0,team1,kill,33.13
Warrior+Hunter_vs_Rogue+Hunter,Warrior+Hunter,Rogue+Hunter,1,team1,kill,33.13
Warrior+Hunter_vs_Rogue+Hunter,Warrior+Hunter,Rogue+Hunter,2,team2,kill,33.85
Warrior+Hunter_vs_Rogue+Hunter,Warrior+Hunter,Rogue+Hunter,3,team1,kill,28.10
Warrior+Hunter_vs_Rogue+Hunter,Warrior+Hunter,Rogue+Hunter,4,team1,kill,30.63
Warrior+Hunter_vs_Rogue+Hunter,Warrior+Hunter,Rogue+Hunter,5,team2,kill,33.07
Warrior+Hunter_vs_Rogue+Hunter,Warrior+Hunter,Rogue+Hunter,6,team1,kill,27.60
Warrior+Hunter_vs_Rogue+Hunter,Warrior+Hunter,Rogue+Hunter,7,team1,kill,32.30
Warrior+Hunter_vs_Rogue+Hunter,Warrior+Hunter,Rogue+Hunter,8,team1,kill,33.13
Warrior+Hunter_vs_Rogue+Hunter,Warrior+Hunter,Rogue+Hunter,9,team1,kill,30.62
Warrior+Hunter_vs_Rogue+Shaman,Warrior+Hunter,Rogue+Shaman,0,team1,kill,55.80
Warrior+Hunter_vs_Rogue+Shaman,Warrior+Hunter,Rogue+Shaman,1,team1,kill,63.53
Warrior+Hunter_vs_Rogue+Shaman,Warrior+Hunter,Rogue+Shaman,2,team1,kill,55.80
Warrior+Hunter_vs_Rogue+Shaman,Warrior+Hunter,Rogue+Shaman,3,team1,kill,45.92
Warrior+Hunter_vs_Rogue+Shaman,Warrior+Hunter,Rogue+Shaman,4,team1,kill,56.18
Warrior+Hunter_vs_Rogue+Shaman,Warrior+Hunter,Rogue+Shaman,5,team1,kill,53.28
Warrior+Hunter_vs_Rogue+Shaman,Warrior+Hunter,Rogue+Shaman,6,team1,kill,55.40
Warrior+Hunter_vs_Rogue+Shaman,Warrior+Hunter,Rogue+Shaman,7,team1,kill,44.20
Warrior+Hunter_vs_Rogue+Shaman,Warrior+Hunter,Rogue+Shaman,8,team1,kill,51.45
Warrior+Hunter_vs_Rogue+Shaman,Warrior+Hunter,Rogue+Shaman,9,team1,kill,58.62
Warrior+Hunter_vs_Priest+Warlock,Warrior+Hunter,Priest+Warlock,0,team2,kill,30.32
Warrior+Hunter_vs_Priest+Warlock,Warrior+Hunter,Priest+Warlock,1,team2,kill,29.42
Warrior+Hunter_vs_Priest+Warlock,Warrior+Hunter,Priest+Warlock,2,team2,kill,28.87
Warrior+Hunter_vs_Priest+Warlock,Warrior+Hunter,Priest+Warlock,3,team2,kill,27.35
Warrior+Hunter_vs_Priest+Warlock,Warrior+Hunter,Priest+Warlock,4,team2,kill,27.22
Warrior+Hunter_vs_Priest+Warlock,Warrior+Hunter,Priest+Warlock,5,team2,kill,29.40
Warrior+Hunter_vs_Priest+Warlock,Warrior+Hunter,Priest+Warlock,6,team2,kill,32.38
Warrior+Hunter_vs_Priest+Warlock,Warrior+Hunter,Priest+Warlock,7,team2,kill,26.00
Warrior+Hunter_vs_Priest+Warlock,Warrior+Hunter,Priest+Warlock,8,team2,kill,27.35
Warrior+Hunter_vs_Priest+Warlock,Warrior+Hunter,Priest+Warlock,9,team2,kill,26.28
Warrior+Hunter_vs_Priest+Hunter,Warrior+Hunter,Priest+Hunter,0,team2,kill,24.10
Warrior+Hunter_vs_Priest+Hunter,Warrior+Hunter,Priest+Hunter,1,team2,kill,24.98
Warrior+Hunter_vs_Priest+Hunter,Warrior+Hunter,Priest+Hunter,2,team2,kill,31.12
Warrior+Hunter_vs_Priest+Hunter,Warrior+Hunter,Priest+Hunter,3,team2,kill,26.68
Warrior+Hunter_vs_Priest+Hunter,Warrior+Hunter,Priest+Hunter,4,team2,kill,28.58
Warrior+Hunter_vs_Priest+Hunter,Warrior+Hunter,Priest+Hunter,5,team2,kill,31.10
Warrior+Hunter_vs_Priest+Hunter,Warrior+Hunter,Priest+Hunter,6,team2,kill,31.10
Warrior+Hunter_vs_Priest+Hunter,Warrior+Hunter,Priest+Hunter,7,team2,kill,25.23
Warrior+Hunter_vs_Priest+Hunter,Warrior+Hunter,Priest+Hunter,8,team2,kill,26.35
Warrior+Hunter_vs_Priest+Hunter,Warrior+Hunter,Priest+Hunter,9,team2,kill,26.07
Warrior+Hunter_vs_Warlock+Paladin,Warrior+Hunter,Warlock+Paladin,0,team2,kill,31.37
Warrior+Hunter_vs_Warlock+Paladin,Warrior+Hunter,Warlock+Paladin,1,team2,kill,39.25
Warrior+Hunter_vs_Warlock+Paladin,Warrior+Hunter,Warlock+Paladin,2,team2,kill,41.48
Warrior+Hunter_vs_Warlock+Paladin,Warrior+Hunter,Warlock+Paladin,3,team2,kill,33.13
Warrior+Hunter_vs_Warlock+Paladin,Warrior+Hunter,Warlock+Paladin,4,team2,kill,43.82
Warrior+Hunter_vs_Warlock+Paladin,Warrior+Hunter,Warlock+Paladin,5,team2,kill,31.65
Warrior+Hunter_vs_Warlock+Paladin,Warrior+Hunter,Warlock+Paladin,6,team2,kill,31.17
Warrior+Hunter_vs_Warlock+Paladin,Warrior+Hunter,Warlock+Paladin,7,team2,kill,31.02
Warrior+Hunter_vs_Warlock+Paladin,Warrior+Hunter,Warlock+Paladin,8,team2,kill,31.23
Warrior+Hunter_vs_Warlock+Paladin,Warrior+Hunter,Warlock+Paladin,9,team2,kill,36.23
Warrior+Hunter_vs_Warlock+Hunter,Warrior+Hunter,Warlock+Hunter,0,team2,kill,24.78
Warrior+Hunter_vs_Warlock+Hunter,Warrior+Hunter,Warlock+Hunter,1,team2,kill,24.78
Warrior+Hunter_vs_Warlock+Hunter,Warrior+Hunter,Warlock+Hunter,2,team2,kill,26.12
Warrior+Hunter_vs_Warlock+Hunter,Warrior+Hunter,Warlock+Hunter,3,team2,kill,26.00
Warrior+Hunter_vs_Warlock+Hunter,Warrior+Hunter,Warlock+Hunter,4,team2,kill,25.20
Warrior+Hunter_vs_Warlock+Hunter,Warrior+Hunter,Warlock+Hunter,5,team2,kill,24.08
Warrior+Hunter_vs_Warlock+Hunter,Warrior+Hunter,Warlock+Hunter,6,team2,kill,23.18
Warrior+Hunter_vs_Warlock+Hunter,Warrior+Hunter,Warlock+Hunter,7,team1,kill,25.43
Warrior+Hunter_vs_Warlock+Hunter,Warrior+Hunter,Warlock+Hunter,8,team2,kill,24.85
Warrior+Hunter_vs_Warlock+Hunter,Warrior+Hunter,Warlock+Hunter,9,team2,kill,24.78
Warrior+Hunter_vs_Warlock+Shaman,Warrior+Hunter,Warlock+Shaman,0,team2,kill,26.70
Warrior+Hunter_vs_Warlock+Shaman,Warrior+Hunter,Warlock+Shaman,1,team2,kill,20.67
Warrior+Hunter_vs_Warlock+Shaman,Warrior+Hunter,Warlock+Shaman,2,team2,kill,22.72
Warrior+Hunter_vs_Warlock+Shaman,Warrior+Hunter,Warlock+Shaman,3,team2,kill,13.53
Warrior+Hunter_vs_Warlock+Shaman,Warrior+Hunter,Warlock+Shaman,4,team2,kill,28.18
Warrior+Hunter_vs_Warlock+Shaman,Warrior+Hunter,Warlock+Shaman,5,team2,kill,26.70
Warrior+Hunter_vs_Warlock+Shaman,Warrior+Hunter,Warlock+Shaman,6,team2,kill,20.68
Warrior+Hunter_vs_Warlock+Shaman,Warrior+Hunter,Warlock+Shaman,7,team2,kill,22.72
Warrior+Hunter_vs_Warlock+Shaman,Warrior+Hunter,Warlock+Shaman,8,team2,kill,19.12
Warrior+Hunter_vs_Warlock+Shaman,Warrior+Hunter,Warlock+Shaman,9,team2,kill,21.18
Warrior+Hunter_vs_Paladin+Hunter,Warrior+Hunter,Paladin+Hunter,0,team2,kill,41.78
Warrior+Hunter_vs_Paladin+Hunter,Warrior+Hunter,Paladin+Hunter,1,team2,kill,39.27
Warrior+Hunter_vs_Paladin+Hunter,Warrior+Hunter,Paladin+Hunter,2,team2,kill,50.58
Warrior+Hunter_vs_Paladin+Hunter,Warrior+Hunter,Paladin+Hunter,3,team2,kill,41.78
Warrior+Hunter_vs_Paladin+Hunter,Warrior+Hunter,Paladin+Hunter,4,team2,kill,34.23
Warrior+Hunter_vs_Paladin+Hunter,Warrior+Hunter,Paladin+Hunter,5,team2,kill,32.33
Warrior+Hunter_vs_Paladin+Hunter,Warrior+Hunter,Paladin+Hunter,6,team2,kill,39.27
Warrior+Hunter_vs_Paladin+Hunter,Warrior+Hunter,Paladin+Hunter,7,team2,kill,30.77
Warrior+Hunter_vs_Paladin+Hunter,Warrior+Hunter,Paladin+Hunter,8,team2,kill,39.27
Warrior+Hunter_vs_Paladin+Hunter,Warrior+Hunter,Paladin+Hunter,9,team2,kill,41.78
Warrior+Hunter_vs_Hunter+Shaman,Warrior+Hunter,Hunter+Shaman,0,team2,kill,15.93
Warrior+Hunter_vs_Hunter+Shaman,Warrior+Hunter,Hunter+Shaman,1,team2,kill,17.43
Warrior+Hunter_vs_Hunter+Shaman,Warrior+Hunter,Hunter+Shaman,2,team2,kill,15.93
Warrior+Hunter_vs_Hunter+Shaman,Warrior+Hunter,Hunter+Shaman,3,team1,kill,38.12
Warrior+Hunter_vs_Hunter+Shaman,Warrior+Hunter,Hunter+Shaman,4,team2,kill,17.43
Warrior+Hunter_vs_Hunter+Shaman,Warrior+Hunter,Hunter+Shaman,5,team2,kill,17.43
Warrior+Hunter_vs_Hunter+Shaman,Warrior+Hunter,Hunter+Shaman,6,team1,kill,33.57
Warrior+Hunter_vs_Hunter+Shaman,Warrior+Hunter,Hunter+Shaman,7,team2,kill,16.07
Warrior+Hunter_vs_Hunter+Shaman,Warrior+Hunter,Hunter+Shaman,8,team2,kill,17.43
Warrior+Hunter_vs_Hunter+Shaman,Warrior+Hunter,Hunter+Shaman,9,team2,kill,17.43
Warrior+Shaman_vs_Warrior+Hunter,Warrior+Shaman,Warrior+Hunter,0,team2,kill,49.42
Warrior+Shaman_vs_Warrior+Hunter,Warrior+Shaman,Warrior+Hunter,1,team2,kill,56.17
Warrior+Shaman_vs_Warrior+Hunter,Warrior+Shaman,Warrior+Hunter,2,team1,kill,23.62
Warrior+Shaman_vs_Warrior+Hunter,Warrior+Shaman,Warrior+Hunter,3,team2,kill,51.13
Warrior+Shaman_vs_Warrior+Hunter,Warrior+Shaman,Warrior+Hunter,4,team1,kill,33.12
Warrior+Shaman_vs_Warrior+Hunter,Warrior+Shaman,Warrior+Hunter,5,team1,kill,22.15
Warrior+Shaman_vs_Warrior+Hunter,Warrior+Shaman,Warrior+Hunter,6,team2,kill,56.17
Warrior+Shaman_vs_Warrior+Hunter,Warrior+Shaman,Warrior+Hunter,7,team2,kill,50.35
Warrior+Shaman_vs_Warrior+Hunter,Warrior+Shaman,Warrior+Hunter,8,team2,kill,40.40
Warrior+Shaman_vs_Warrior+Hunter,Warrior+Shaman,Warrior+Hunter,9,team2,kill,51.25
Warrior+Shaman_vs_Mage+Hunter,Warrior+Shaman,Mage+Hunter,0,team2,kill,27.60
Warrior+Shaman_vs_Mage+Hunter,Warrior+Shaman,Mage+Hunter,1,team2,kill,25.93
Warrior+Shaman_vs_Mage+Hunter,Warrior+Shaman,Mage+Hunter,2,team2,kill,28.22
Warrior+Shaman_vs_Mage+Hunter,Warrior+Shaman,Mage+Hunter,3,team1,kill,35.83
Warrior+Shaman_vs_Mage+Hunter,Warrior+Shaman,Mage+Hunter,4,team2,kill,27.20
Warrior+Shaman_vs_Mage+Hunter,Warrior+Shaman,Mage+Hunter,5,team2,kill,26.10
Warrior+Shaman_vs_Mage+Hunter,Warrior+Shaman,Mage+Hunter,6,team2,kill,25.78
Warrior+Shaman_vs_Mage+Hunter,Warrior+Shaman,Mage+Hunter,7,team2,kill,25.65
Warrior+Shaman_vs_Mage+Hunter,Warrior+Shaman,Mage+Hunter,8,team2,kill,26.02
Warrior+Shaman_vs_Mage+Hunter,Warrior+Shaman,Mage+Hunter,9,team2,kill,25.02
Warrior+Shaman_vs_Rogue+Hunter,Warrior+Shaman,Rogue+Hunter,0,team2,kill,55.75
Warrior+Shaman_vs_Rogue+Hunter,Warrior+Shaman,Rogue+Hunter,1,team2,kill,20.57
Warrior+Shaman_vs_Rogue+Hunter,Warrior+Shaman,Rogue+Hunter,2,team2,kill,22.08
Warrior+Shaman_vs_Rogue+Hunter,Warrior+Shaman,Rogue+Hunter,3,team2,kill,70.38
Warrior+Shaman_vs_Rogue+Hunter,Warrior+Shaman,Rogue+Hunter,4,team2,kill,63.30
Warrior+Shaman_vs_Rogue+Hunter,Warrior+Shaman,Rogue+Hunter,5,team2,kill,63.30
Warrior+Shaman_vs_Rogue+Hunter,Warrior+Shaman,Rogue+Hunter,6,team2,kill,21.53
Warrior+Shaman_vs_Rogue+Hunter,Warrior+Shaman,Rogue+Hunter,7,team2,kill,55.75
Warrior+Shaman_vs_Rogue+Hunter,Warrior+Shaman,Rogue+Hunter,8,team2,kill,67.85
Warrior+Shaman_vs_Rogue+Hunter,Warrior+Shaman,Rogue+Hunter,9,team2,kill,62.82
Warrior+Shaman_vs_Priest+Hunter,Warrior+Shaman,Priest+Hunter,0,team2,kill,63.67
Warrior+Shaman_vs_Priest+Hunter,Warrior+Shaman,Priest+Hunter,1,team2,kill,51.35
Warrior+Shaman_vs_Priest+Hunter,Warrior+Shaman,Priest+Hunter,2,team2,kill,56.93
Warrior+Shaman_vs_Priest+Hunter,Warrior+Shaman,Priest+Hunter,3,team2,kill,53.87
Warrior+Shaman_vs_Priest+Hunter,Warrior+Shaman,Priest+Hunter,4,team2,kill,60.68
Warrior+Shaman_vs_Priest+Hunter,Warrior+Shaman,Priest+Hunter,5,team2,kill,44.98
Warrior+Shaman_vs_Priest+Hunter,Warrior+Shaman,Priest+Hunter,6,team2,kill,54.18
Warrior+Shaman_vs_Priest+Hunter,Warrior+Shaman,Priest+Hunter,7,team2,kill,56.70
Warrior+Shaman_vs_Priest+Hunter,Warrior+Shaman,Priest+Hunter,8,team2,kill,53.55
Warrior+Shaman_vs_Priest+Hunter,Warrior+Shaman,Priest+Hunter,9,team1,kill,42.23
Warrior+Shaman_vs_Warlock+Hunter,Warrior+Shaman,Warlock+Hunter,0,team2,kill,31.50
Warrior+Shaman_vs_Warlock+Hunter,Warrior+Shaman,Warlock+Hunter,1,team2,kill,30.07
Warrior+Shaman_vs_Warlock+Hunter,Warrior+Shaman,Warlock+Hunter,2,team2,kill,26.30
Warrior+Shaman_vs_Warlock+Hunter,Warrior+Shaman,Warlock+Hunter,3,team2,kill,24.07
Warrior+Shaman_vs_Warlock+Hunter,Warrior+Shaman,Warlock+Hunter,4,team2,kill,31.75
Warrior+Shaman_vs_Warlock+Hunter,Warrior+Shaman,Warlock+Hunter,5,team2,kill,30.05
Warrior+Shaman_vs_Warlock+Hunter,Warrior+Shaman,Warlock+Hunter,6,team2,kill,24.60
Warrior+Shaman_vs_Warlock+Hunter,Warrior+Shaman,Warlock+Hunter,7,team2,kill,34.67
Warrior+Shaman_vs_Warlock+Hunter,Warrior+Shaman,Warlock+Hunter,8,team2,kill,29.17
Warrior+Shaman_vs_Warlock+Hunter,Warrior+Shaman,Warlock+Hunter,9,team2,kill,26.57
Warrior+Shaman_vs_Paladin+Hunter,Warrior+Shaman,Paladin+Hunter,0,team2,kill,44.17
Warrior+Shaman_vs_Paladin+Hunter,Warrior+Shaman,Paladin+Hunter,1,team2,kill,44.17
Warrior+Shaman_vs_Paladin+Hunter,Warrior+Shaman,Paladin+Hunter,2,team2,kill,44.95
Warrior+Shaman_vs_Paladin+Hunter,Warrior+Shaman,Paladin+Hunter,3,team2,kill,51.23
Warrior+Shaman_vs_Paladin+Hunter,Warrior+Shaman,Paladin+Hunter,4,team1,kill,28.65
Warrior+Shaman_vs_Paladin+Hunter,Warrior+Shaman,Paladin+Hunter,5,team2,kill,45.12
Warrior+Shaman_vs_Paladin+Hunter,Warrior+Shaman,Paladin+Hunter,6,team2,kill,50.15
Warrior+Shaman_vs_Paladin+Hunter,Warrior+Shaman,Paladin+Hunter,7,team2,kill,44.22
Warrior+Shaman_vs_Paladin+Hunter,Warrior+Shaman,Paladin+Hunter,8,team2,kill,48.72
Warrior+Shaman_vs_Paladin+Hunter,Warrior+Shaman,Paladin+Hunter,9,team2,kill,46.20
Warrior+Shaman_vs_Hunter+Shaman,Warrior+Shaman,Hunter+Shaman,0,team2,kill,25.13
Warrior+Shaman_vs_Hunter+Shaman,Warrior+Shaman,Hunter+Shaman,1,team2,kill,28.85
Warrior+Shaman_vs_Hunter+Shaman,Warrior+Shaman,Hunter+Shaman,2,team2,kill,28.13
Warrior+Shaman_vs_Hunter+Shaman,Warrior+Shaman,Hunter+Shaman,3,team2,kill,28.38
Warrior+Shaman_vs_Hunter+Shaman,Warrior+Shaman,Hunter+Shaman,4,team2,kill,57.05
Warrior+Shaman_vs_Hunter+Shaman,Warrior+Shaman,Hunter+Shaman,5,team2,kill,28.13
Warrior+Shaman_vs_Hunter+Shaman,Warrior+Shaman,Hunter+Shaman,6,team2,kill,28.48
Warrior+Shaman_vs_Hunter+Shaman,Warrior+Shaman,Hunter+Shaman,7,team2,kill,28.13
Warrior+Shaman_vs_Hunter+Shaman,Warrior+Shaman,Hunter+Shaman,8,team2,kill,28.13
Warrior+Shaman_vs_Hunter+Shaman,Warrior+Shaman,Hunter+Shaman,9,team2,kill,29.32
Mage+Rogue_vs_Warrior+Hunter,Mage+Rogue,Warrior+Hunter,0,team2,kill,28.00
Mage+Rogue_vs_Warrior+Hunter,Mage+Rogue,Warrior+Hunter,1,team2,kill,29.55
Mage+Rogue_vs_Warrior+Hunter,Mage+Rogue,Warrior+Hunter,2,team2,kill,29.58
Mage+Rogue_vs_Warrior+Hunter,Mage+Rogue,Warrior+Hunter,3,team2,kill,34.42
Mage+Rogue_vs_Warrior+Hunter,Mage+Rogue,Warrior+Hunter,4,team2,kill,30.15
Mage+Rogue_vs_Warrior+Hunter,Mage+Rogue,Warrior+Hunter,5,team2,kill,27.97
Mage+Rogue_vs_Warrior+Hunter,Mage+Rogue,Warrior+Hunter,6,team2,kill,30.15
Mage+Rogue_vs_Warrior+Hunter,Mage+Rogue,Warrior+Hunter,7,team2,kill,29.55
Mage+Rogue_vs_Warrior+Hunter,Mage+Rogue,Warrior+Hunter,8,team2,kill,27.97
Mage+Rogue_vs_Warrior+Hunter,Mage+Rogue,Warrior+Hunter,9,team2,kill,30.15
Mage+Rogue_vs_Mage+Hunter,Mage+Rogue,Mage+Hunter,0,team2,kill,17.05
Mage+Rogue_vs_Mage+Hunter,Mage+Rogue,Mage+Hunter,1,team2,kill,17.87
Mage+Rogue_vs_Mage+Hunter,Mage+Rogue,Mage+Hunter,2,team2,kill,22.40
Mage+Rogue_vs_Mage+Hunter,Mage+Rogue,Mage+Hunter,3,team2,kill,17.87
Mage+Rogue_vs_Mage+Hunter,Mage+Rogue,Mage+Hunter,4,team2,kill,16.42
Mage+Rogue_vs_Mage+Hunter,Mage+Rogue,Mage+Hunter,5,team2,kill,22.40
Mage+Rogue_vs_Mage+Hunter,Mage+Rogue,Mage+Hunter,6,team2,kill,17.05
Mage+Rogue_vs_Mage+Hunter,Mage+Rogue,Mage+Hunter,7,team2,kill,16.42
Mage+Rogue_vs_Mage+Hunter,Mage+Rogue,Mage+Hunter,8,team2,kill,17.05
Mage+Rogue_vs_Mage+Hunter,Mage+Rogue,Mage+Hunter,9,team2,kill,22.38
Mage+Rogue_vs_Rogue+Hunter,Mage+Rogue,Rogue+Hunter,0,team2,kill,28.47
Mage+Rogue_vs_Rogue+Hunter,Mage+Rogue,Rogue+Hunter,1,team2,kill,27.57
Mage+Rogue_vs_Rogue+Hunter,Mage+Rogue,Rogue+Hunter,2,team2,kill,24.60
Mage+Rogue_vs_Rogue+Hunter,Mage+Rogue,Rogue+Hunter,3,team2,kill,26.90
Mage+Rogue_vs_Rogue+Hunter,Mage+Rogue,Rogue+Hunter,4,team2,kill,27.22
Mage+Rogue_vs_Rogue+Hunter,Mage+Rogue,Rogue+Hunter,5,team2,kill,25.10
Mage+Rogue_vs_Rogue+Hunter,Mage+Rogue,Rogue+Hunter,6,team2,kill,27.55
Mage+Rogue_vs_Rogue+Hunter,Mage+Rogue,Rogue+Hunter,7,team2,kill,28.47
Mage+Rogue_vs_Rogue+Hunter,Mage+Rogue,Rogue+Hunter,8,team2,kill,27.55
Mage+Rogue_vs_Rogue+Hunter,Mage+Rogue,Rogue+Hunter,9,team2,kill,23.62
Mage+Rogue_vs_Priest+Hunter,Mage+Rogue,Priest+Hunter,0,team2,kill,49.87
Mage+Rogue_vs_Priest+Hunter,Mage+Rogue,Priest+Hunter,1,team2,kill,72.52
Mage+Rogue_vs_Priest+Hunter,Mage+Rogue,Priest+Hunter,2,team2,kill,41.78
Mage+Rogue_vs_Priest+Hunter,Mage+Rogue,Priest+Hunter,3,team2,kill,44.30
Mage+Rogue_vs_Priest+Hunter,Mage+Rogue,Priest+Hunter,4,team2,kill,45.08
Mage+Rogue_vs_Priest+Hunter,Mage+Rogue,Priest+Hunter,5,team2,kill,42.78
Mage+Rogue_vs_Priest+Hunter,Mage+Rogue,Priest+Hunter,6,team2,kill,52.40
Mage+Rogue_vs_Priest+Hunter,Mage+Rogue,Priest+Hunter,7,team2,kill,40.47
Mage+Rogue_vs_Priest+Hunter,Mage+Rogue,Priest+Hunter,8,team2,kill,43.68
Mage+Rogue_vs_Priest+Hunter,Mage+Rogue,Priest+Hunter,9,team2,kill,43.73
Mage+Rogue_vs_Warlock+Hunter,Mage+Rogue,Warlock+Hunter,0,team1,kill,24.22
Mage+Rogue_vs_Warlock+Hunter,Mage+Rogue,Warlock+Hunter,1,team2,kill,24.48
Mage+Rogue_vs_Warlock+Hunter,Mage+Rogue,Warlock+Hunter,2,team2,kill,26.95
Mage+Rogue_vs_Warlock+Hunter,Mage+Rogue,Warlock+Hunter,3,team2,kill,26.65
Mage+Rogue_vs_Warlock+Hunter,Mage+Rogue,Warlock+Hunter,4,team2,kill,36.53
Mage+Rogue_vs_Warlock+Hunter,Mage+Rogue,Warlock+Hunter,5,team2,kill,26.65
Mage+Rogue_vs_Warlock+Hunter,Mage+Rogue,Warlock+Hunter,6,team2,kill,26.62
Mage+Rogue_vs_Warlock+Hunter,Mage+Rogue,Warlock+Hunter,7,team2,kill,25.60
Mage+Rogue_vs_Warlock+Hunter,Mage+Rogue,Warlock+Hunter,8,team2,kill,36.63
Mage+Rogue_vs_Warlock+Hunter,Mage+Rogue,Warlock+Hunter,9,team2,kill,26.38
Mage+Rogue_vs_Paladin+Hunter,Mage+Rogue,Paladin+Hunter,0,team1,kill,47.27
Mage+Rogue_vs_Paladin+Hunter,Mage+Rogue,Paladin+Hunter,1,team2,kill,56.28
Mage+Rogue_vs_Paladin+Hunter,Mage+Rogue,Paladin+Hunter,2,team2,kill,51.57
Mage+Rogue_vs_Paladin+Hunter,Mage+Rogue,Paladin+Hunter,3,team2,kill,59.18
Mage+Rogue_vs_Paladin+Hunter,Mage+Rogue,Paladin+Hunter,4,team2,kill,54.73
Mage+Rogue_vs_Paladin+Hunter,Mage+Rogue,Paladin+Hunter,5,team1,kill,47.27
Mage+Rogue_vs_Paladin+Hunter,Mage+Rogue,Paladin+Hunter,6,team2,kill,56.67
Mage+Rogue_vs_Paladin+Hunter,Mage+Rogue,Paladin+Hunter,7,team1,kill,44.73
Mage+Rogue_vs_Paladin+Hunter,Mage+Rogue,Paladin+Hunter,8,team2,kill,59.18
Mage+Rogue_vs_Paladin+Hunter,Mage+Rogue,Paladin+Hunter,9,team1,kill,46.88
Mage+Rogue_vs_Hunter+Shaman,Mage+Rogue,Hunter+Shaman,0,team1,kill,28.23
Mage+Rogue_vs_Hunter+Shaman,Mage+Rogue,Hunter+Shaman,1,team1,kill,29.50
Mage+Rogue_vs_Hunter+Shaman,Mage+Rogue,Hunter+Shaman,2,team1,kill,29.33
Mage+Rogue_vs_Hunter+Shaman,Mage+Rogue,Hunter+Shaman,3,team1,kill,28.93
Mage+Rogue_vs_Hunter+Shaman,Mage+Rogue,Hunter+Shaman,4,team1,kill,28.37
Mage+Rogue_vs_Hunter+Shaman,Mage+Rogue,Hunter+Shaman,5,team1,kill,30.53
Mage+Rogue_vs_Hunter+Shaman,Mage+Rogue,Hunter+Shaman,6,team1,kill,28.92
Mage+Rogue_vs_Hunter+Shaman,Mage+Rogue,Hunter+Shaman,7,team1,kill,27.78
Mage+Rogue_vs_Hunter+Shaman,Mage+Rogue,Hunter+Shaman,8,team1,kill,29.55
Mage+Rogue_vs_Hunter+Shaman,Mage+Rogue,Hunter+Shaman,9,team1,kill,29.47
Mage+Priest_vs_Warrior+Hunter,Mage+Priest,Warrior+Hunter,0,team1,kill,30.25
Mage+Priest_vs_Warrior+Hunter,Mage+Priest,Warrior+Hunter,1,team1,kill,31.95
Mage+Priest_vs_Warrior+Hunter,Mage+Priest,Warrior+Hunter,2,team1,kill,31.63
Mage+Priest_vs_Warrior+Hunter,Mage+Priest,Warrior+Hunter,3,team1,kill,30.32
Mage+Priest_vs_Warrior+Hunter,Mage+Priest,Warrior+Hunter,4,team1,kill,14.97
Mage+Priest_vs_Warrior+Hunter,Mage+Priest,Warrior+Hunter,5,team1,kill,30.27
Mage+Priest_vs_Warrior+Hunter,Mage+Priest,Warrior+Hunter,6,team1,kill,30.25
Mage+Priest_vs_Warrior+Hunter,Mage+Priest,Warrior+Hunter,7,team1,kill,19.92
Mage+Priest_vs_Warrior+Hunter,Mage+Priest,Warrior+Hunter,8,team1,kill,30.32
Mage+Priest_vs_Warrior+Hunter,Mage+Priest,Warrior+Hunter,9,team1,kill,30.18
Mage+Priest_vs_Mage+Hunter,Mage+Priest,Mage+Hunter,0,team1,kill,40.20
Mage+Priest_vs_Mage+Hunter,Mage+Priest,Mage+Hunter,1,team2,kill,54.17
Mage+Priest_vs_Mage+Hunter,Mage+Priest,Mage+Hunter,2,team2,kill,49.13
Mage+Priest_vs_Mage+Hunter,Mage+Priest,Mage+Hunter,3,team2,kill,46.62
Mage+Priest_vs_Mage+Hunter,Mage+Priest,Mage+Hunter,4,team2,kill,51.65
Mage+Priest_vs_Mage+Hunter,Mage+Priest,Mage+Hunter,5,team2,kill,51.65
Mage+Priest_vs_Mage+Hunter,Mage+Priest,Mage+Hunter,6,team2,kill,49.13
Mage+Priest_vs_Mage+Hunter,Mage+Priest,Mage+Hunter,7,team2,kill,49.15
Mage+Priest_vs_Mage+Hunter,Mage+Priest,Mage+Hunter,8,team1,kill,45.50
Mage+Priest_vs_Mage+Hunter,Mage+Priest,Mage+Hunter,9,team2,kill,49.15
Mage+Priest_vs_Rogue+Hunter,Mage+Priest,Rogue+Hunter,0,team1,kill,24.45
Mage+Priest_vs_Rogue+Hunter,Mage+Priest,Rogue+Hunter,1,team1,kill,24.45
Mage+Priest_vs_Rogue+Hunter,Mage+Priest,Rogue+Hunter,2,team1,kill,24.45
Mage+Priest_vs_Rogue+Hunter,Mage+Priest,Rogue+Hunter,3,team1,kill,24.45
Mage+Priest_vs_Rogue+Hunter,Mage+Priest,Rogue+Hunter,4,team1,kill,24.45
Mage+Priest_vs_Rogue+Hunter,Mage+Priest,Rogue+Hunter,5,team1,kill,24.45
Mage+Priest_vs_Rogue+Hunter,Mage+Priest,Rogue+Hunter,6,team1,kill,24.88
Mage+Priest_vs_Rogue+Hunter,Mage+Priest,Rogue+Hunter,7,team1,kill,24.45
Mage+Priest_vs_Rogue+Hunter,Mage+Priest,Rogue+Hunter,8,team1,kill,24.45
Mage+Priest_vs_Rogue+Hunter,Mage+Priest,Rogue+Hunter,9,team1,kill,24.45
Mage+Priest_vs_Priest+Hunter,Mage+Priest,Priest+Hunter,0,team1,kill,32.92
Mage+Priest_vs_Priest+Hunter,Mage+Priest,Priest+Hunter,1,team1,kill,46.97
Mage+Priest_vs_Priest+Hunter,Mage+Priest,Priest+Hunter,2,team1,kill,54.75
Mage+Priest_vs_Priest+Hunter,Mage+Priest,Priest+Hunter,3,team1,kill,32.87
Mage+Priest_vs_Priest+Hunter,Mage+Priest,Priest+Hunter,4,team1,kill,33.07
Mage+Priest_vs_Priest+Hunter,Mage+Priest,Priest+Hunter,5,team1,kill,23.07
Mage+Priest_vs_Priest+Hunter,Mage+Priest,Priest+Hunter,6,team1,kill,53.98
Mage+Priest_vs_Priest+Hunter,Mage+Priest,Priest+Hunter,7,team1,kill,24.80
Mage+Priest_vs_Priest+Hunter,Mage+Priest,Priest+Hunter,8,team1,kill,26.58
Mage+Priest_vs_Priest+Hunter,Mage+Priest,Priest+Hunter,9,team1,kill,39.43
Mage+Priest_vs_Warlock+Hunter,Mage+Priest,Warlock+Hunter,0,team1,kill,26.08
Mage+Priest_vs_Warlock+Hunter,Mage+Priest,Warlock+Hunter,1,team1,kill,24.55
Mage+Priest_vs_Warlock+Hunter,Mage+Priest,Warlock+Hunter,2,team1,kill,26.08
Mage+Priest_vs_Warlock+Hunter,Mage+Priest,Warlock+Hunter,3,team1,kill,26.00
Mage+Priest_vs_Warlock+Hunter,Mage+Priest,Warlock+Hunter,4,team1,kill,23.05
Mage+Priest_vs_Warlock+Hunter,Mage+Priest,Warlock+Hunter,5,team1,kill,26.08
Mage+Priest_vs_Warlock+Hunter,Mage+Priest,Warlock+Hunter,6,team1,kill,24.57
Mage+Priest_vs_Warlock+Hunter,Mage+Priest,Warlock+Hunter,7,team1,kill,24.57
Mage+Priest_vs_Warlock+Hunter,Mage+Priest,Warlock+Hunter,8,team1,kill,24.57
Mage+Priest_vs_Warlock+Hunter,Mage+Priest,Warlock+Hunter,9,team1,kill,23.05
Mage+Priest_vs_Paladin+Hunter,Mage+Priest,Paladin+Hunter,0,team1,kill,45.32
Mage+Priest_vs_Paladin+Hunter,Mage+Priest,Paladin+Hunter,1,team1,kill,35.47
Mage+Priest_vs_Paladin+Hunter,Mage+Priest,Paladin+Hunter,2,team1,kill,45.32
Mage+Priest_vs_Paladin+Hunter,Mage+Priest,Paladin+Hunter,3,team1,kill,36.73
Mage+Priest_vs_Paladin+Hunter,Mage+Priest,Paladin+Hunter,4,team1,kill,44.83
Mage+Priest_vs_Paladin+Hunter,Mage+Priest,Paladin+Hunter,5,team1,kill,45.85
Mage+Priest_vs_Paladin+Hunter,Mage+Priest,Paladin+Hunter,6,team1,kill,34.17
Mage+Priest_vs_Paladin+Hunter,Mage+Priest,Paladin+Hunter,7,team1,kill,44.17
Mage+Priest_vs_Paladin+Hunter,Mage+Priest,Paladin+Hunter,8,team1,kill,38.48
Mage+Priest_vs_Paladin+Hunter,Mage+Priest,Paladin+Hunter,9,team1,kill,36.85
Mage+Priest_vs_Hunter+Shaman,Mage+Priest,Hunter+Shaman,0,team1,kill,23.05
Mage+Priest_vs_Hunter+Shaman,Mage+Priest,Hunter+Shaman,1,team1,kill,25.23
Mage+Priest_vs_Hunter+Shaman,Mage+Priest,Hunter+Shaman,2,team1,kill,26.18
Mage+Priest_vs_Hunter+Shaman,Mage+Priest,Hunter+Shaman,3,team1,kill,23.47
Mage+Priest_vs_Hunter+Shaman,Mage+Priest,Hunter+Shaman,4,team1,kill,24.50
Mage+Priest_vs_Hunter+Shaman,Mage+Priest,Hunter+Shaman,5,team1,kill,25.23
Mage+Priest_vs_Hunter+Shaman,Mage+Priest,Hunter+Shaman,6,team1,kill,24.57
Mage+Priest_vs_Hunter+Shaman,Mage+Priest,Hunter+Shaman,7,team1,kill,22.98
Mage+Priest_vs_Hunter+Shaman,Mage+Priest,Hunter+Shaman,8,team1,kill,25.23
Mage+Priest_vs_Hunter+Shaman,Mage+Priest,Hunter+Shaman,9,team1,kill,24.50
Mage+Warlock_vs_Warrior+Mage,Mage+Warlock,Warrior+Mage,0,team2,kill,17.62
Mage+Warlock_vs_Warrior+Mage,Mage+Warlock,Warrior+Mage,1,team2,kill,19.13
Mage+Warlock_vs_Warrior+Mage,Mage+Warlock,Warrior+Mage,2,team1,kill,38.12
Mage+Warlock_vs_Warrior+Mage,Mage+Warlock,Warrior+Mage,3,team2,kill,19.13
Mage+Warlock_vs_Warrior+Mage,Mage+Warlock,Warrior+Mage,4,team2,kill,30.35
Mage+Warlock_vs_Warrior+Mage,Mage+Warlock,Warrior+Mage,5,team2,kill,25.18
Mage+Warlock_vs_Warrior+Mage,Mage+Warlock,Warrior+Mage,6,team2,kill,20.65
Mage+Warlock_vs_Warrior+Mage,Mage+Warlock,Warrior+Mage,7,team1,kill,28.92
Mage+Warlock_vs_Warrior+Mage,Mage+Warlock,Warrior+Mage,8,team2,kill,17.62
Mage+Warlock_vs_Warrior+Mage,Mage+Warlock,Warrior+Mage,9,team2,kill,20.65
Mage+Warlock_vs_Warrior+Hunter,Mage+Warlock,Warrior+Hunter,0,team1,kill,17.70
Mage+Warlock_vs_Warrior+Hunter,Mage+Warlock,Warrior+Hunter,1,team1,kill,17.80
Mage+Warlock_vs_Warrior+Hunter,Mage+Warlock,Warrior+Hunter,2,team1,kill,17.80
Mage+Warlock_vs_Warrior+Hunter,Mage+Warlock,Warrior+Hunter,3,team1,kill,20.82
Mage+Warlock_vs_Warrior+Hunter,Mage+Warlock,Warrior+Hunter,4,team1,kill,17.70
Mage+Warlock_vs_Warrior+Hunter,Mage+Warlock,Warrior+Hunter,5,team1,kill,25.55
Mage+Warlock_vs_Warrior+Hunter,Mage+Warlock,Warrior+Hunter,6,team1,kill,25.45
Mage+Warlock_vs_Warrior+Hunter,Mage+Warlock,Warrior+Hunter,7,team1,kill,20.82
Mage+Warlock_vs_Warrior+Hunter,Mage+Warlock,Warrior+Hunter,8,team1,kill,17.70
Mage+Warlock_vs_Warrior+Hunter,Mage+Warlock,Warrior+Hunter,9,team1,kill,26.30
Mage+Warlock_vs_Mage+Hunter,Mage+Warlock,Mage+Hunter,0,team1,kill,23.43
Mage+Warlock_vs_Mage+Hunter,Mage+Warlock,Mage+Hunter,1,team1,kill,29.03
Mage+Warlock_vs_Mage+Hunter,Mage+Warlock,Mage+Hunter,2,team2,kill,28.18
Mage+Warlock_vs_Mage+Hunter,Mage+Warlock,Mage+Hunter,3,team1,kill,28.38
Mage+Warlock_vs_Mage+Hunter,Mage+Warlock,Mage+Hunter,4,team1,kill,28.95
Mage+Warlock_vs_Mage+Hunter,Mage+Warlock,Mage+Hunter,5,team2,kill,31.62
Mage+Warlock_vs_Mage+Hunter,Mage+Warlock,Mage+Hunter,6,team2,kill,29.92
Mage+Warlock_vs_Mage+Hunter,Mage+Warlock,Mage+Hunter,7,team1,kill,27.52
Mage+Warlock_vs_Mage+Hunter,Mage+Warlock,Mage+Hunter,8,team1,kill,29.90
Mage+Warlock_vs_Mage+Hunter,Mage+Warlock,Mage+Hunter,9,team1,kill,29.03
Mage+Warlock_vs_Rogue+Hunter,Mage+Warlock,Rogue+Hunter,0,team1,kill,22.47
Mage+Warlock_vs_Rogue+Hunter,Mage+Warlock,Rogue+Hunter,1,team1,kill,19.33
Mage+Warlock_vs_Rogue+Hunter,Mage+Warlock,Rogue+Hunter,2,team1,kill,22.35
Mage+Warlock_vs_Rogue+Hunter,Mage+Warlock,Rogue+Hunter,3,team1,kill,20.62
Mage+Warlock_vs_Rogue+Hunter,Mage+Warlock,Rogue+Hunter,4,team1,kill,22.52
Mage+Warlock_vs_Rogue+Hunter,Mage+Warlock,Rogue+Hunter,5,team1,kill,22.00
Mage+Warlock_vs_Rogue+Hunter,Mage+Warlock,Rogue+Hunter,6,team1,kill,22.48
Mage+Warlock_vs_Rogue+Hunter,Mage+Warlock,Rogue+Hunter,7,team1,kill,22.35
Mage+Warlock_vs_Rogue+Hunter,Mage+Warlock,Rogue+Hunter,8,team1,kill,22.43
Mage+Warlock_vs_Rogue+Hunter,Mage+Warlock,Rogue+Hunter,9,team1,kill,22.35
Mage+Warlock_vs_Priest+Hunter,Mage+Warlock,Priest+Hunter,0,team2,kill,32.22
Mage+Warlock_vs_Priest+Hunter,Mage+Warlock,Priest+Hunter,1,team2,kill,33.82
Mage+Warlock_vs_Priest+Hunter,Mage+Warlock,Priest+Hunter,2,team2,kill,39.73
Mage+Warlock_vs_Priest+Hunter,Mage+Warlock,Priest+Hunter,3,team2,kill,33.22
Mage+Warlock_vs_Priest+Hunter,Mage+Warlock,Priest+Hunter,4,team2,kill,30.10
Mage+Warlock_vs_Priest+Hunter,Mage+Warlock,Priest+Hunter,5,team2,kill,36.95
Mage+Warlock_vs_Priest+Hunter,Mage+Warlock,Priest+Hunter,6,team2,kill,33.37
Mage+Warlock_vs_Priest+Hunter,Mage+Warlock,Priest+Hunter,7,team2,kill,32.55
Mage+Warlock_vs_Priest+Hunter,Mage+Warlock,Priest+Hunter,8,team2,kill,30.07
Mage+Warlock_vs_Priest+Hunter,Mage+Warlock,Priest+Hunter,9,team2,kill,29.93
Mage+Warlock_vs_Warlock+Hunter,Mage+Warlock,Warlock+Hunter,0,team1,kill,24.45
Mage+Warlock_vs_Warlock+Hunter,Mage+Warlock,Warlock+Hunter,1,team1,kill,24.45
Mage+Warlock_vs_Warlock+Hunter,Mage+Warlock,Warlock+Hunter,2,team1,kill,27.53
Mage+Warlock_vs_Warlock+Hunter,Mage+Warlock,Warlock+Hunter,3,team1,kill,24.45
Mage+Warlock_vs_Warlock+Hunter,Mage+Warlock,Warlock+Hunter,4,team1,kill,23.05
Mage+Warlock_vs_Warlock+Hunter,Mage+Warlock,Warlock+Hunter,5,team1,kill,24.45
Mage+Warlock_vs_Warlock+Hunter,Mage+Warlock,Warlock+Hunter,6,team1,kill,25.00
Mage+Warlock_vs_Warlock+Hunter,Mage+Warlock,Warlock+Hunter,7,team1,kill,26.68
Mage+Warlock_vs_Warlock+Hunter,Mage+Warlock,Warlock+Hunter,8,team1,kill,23.52
Mage+Warlock_vs_Warlock+Hunter,Mage+Warlock,Warlock+Hunter,9,team1,kill,26.95
Mage+Warlock_vs_Paladin+Hunter,Mage+Warlock,Paladin+Hunter,0,team1,kill,29.88
Mage+Warlock_vs_Paladin+Hunter,Mage+Warlock,Paladin+Hunter,1,team2,kill,34.70
Mage+Warlock_vs_Paladin+Hunter,Mage+Warlock,Paladin+Hunter,2,team2,kill,30.68
Mage+Warlock_vs_Paladin+Hunter,Mage+Warlock,Paladin+Hunter,3,team1,kill,26.57
Mage+Warlock_vs_Paladin+Hunter,Mage+Warlock,Paladin+Hunter,4,team1,kill,26.40
Mage+Warlock_vs_Paladin+Hunter,Mage+Warlock,Paladin+Hunter,5,team2,kill,39.70
Mage+Warlock_vs_Paladin+Hunter,Mage+Warlock,Paladin+Hunter,6,team2,kill,37.08
Mage+Warlock_vs_Paladin+Hunter,Mage+Warlock,Paladin+Hunter,7,team2,kill,30.00
Mage+Warlock_vs_Paladin+Hunter,Mage+Warlock,Paladin+Hunter,8,team1,kill,54.63
Mage+Warlock_vs_Paladin+Hunter,Mage+Warlock,Paladin+Hunter,9,team2,kill,40.17
Mage+Warlock_vs_Hunter+Shaman,Mage+Warlock,Hunter+Shaman,0,team1,kill,25.77
Mage+Warlock_vs_Hunter+Shaman,Mage+Warlock,Hunter+Shaman,1,team1,kill,33.48
Mage+Warlock_vs_Hunter+Shaman,Mage+Warlock,Hunter+Shaman,2,team1,kill,27.70
Mage+Warlock_vs_Hunter+Shaman,Mage+Warlock,Hunter+Shaman,3,team1,kill,33.92
Mage+Warlock_vs_Hunter+Shaman,Mage+Warlock,Hunter+Shaman,4,team1,kill,27.47
Mage+Warlock_vs_Hunter+Shaman,Mage+Warlock,Hunter+Shaman,5,team1,kill,25.67
Mage+Warlock_vs_Hunter+Shaman,Mage+Warlock,Hunter+Shaman,6,team1,kill,25.85
Mage+Warlock_vs_Hunter+Shaman,Mage+Warlock,Hunter+Shaman,7,team1,kill,28.95
Mage+Warlock_vs_Hunter+Shaman,Mage+Warlock,Hunter+Shaman,8,team1,kill,29.20
Mage+Warlock_vs_Hunter+Shaman,Mage+Warlock,Hunter+Shaman,9,team1,kill,29.78
Mage+Paladin_vs_Warrior+Hunter,Mage+Paladin,Warrior+Hunter,0,team1,kill,29.53
Mage+Paladin_vs_Warrior+Hunter,Mage+Paladin,Warrior+Hunter,1,team1,kill,29.22
Mage+Paladin_vs_Warrior+Hunter,Mage+Paladin,Warrior+Hunter,2,team1,kill,28.95
Mage+Paladin_vs_Warrior+Hunter,Mage+Paladin,Warrior+Hunter,3,team1,kill,29.08
Mage+Paladin_vs_Warrior+Hunter,Mage+Paladin,Warrior+Hunter,4,team1,kill,29.22
Mage+Paladin_vs_Warrior+Hunter,Mage+Paladin,Warrior+Hunter,5,team1,kill,30.13
Mage+Paladin_vs_Warrior+Hunter,Mage+Paladin,Warrior+Hunter,6,team1,kill,29.22
Mage+Paladin_vs_Warrior+Hunter,Mage+Paladin,Warrior+Hunter,7,team1,kill,29.17
Mage+Paladin_vs_Warrior+Hunter,Mage+Paladin,Warrior+Hunter,8,team1,kill,30.13
Mage+Paladin_vs_Warrior+Hunter,Mage+Paladin,Warrior+Hunter,9,team1,kill,27.62
Mage+Paladin_vs_Mage+Hunter,Mage+Paladin,Mage+Hunter,0,team1,kill,43.28
Mage+Paladin_vs_Mage+Hunter,Mage+Paladin,Mage+Hunter,1,team1,kill,20.22
Mage+Paladin_vs_Mage+Hunter,Mage+Paladin,Mage+Hunter,2,team1,kill,43.28
Mage+Paladin_vs_Mage+Hunter,Mage+Paladin,Mage+Hunter,3,team1,kill,17.52
Mage+Paladin_vs_Mage+Hunter,Mage+Paladin,Mage+Hunter,4,team1,kill,49.80
Mage+Paladin_vs_Mage+Hunter,Mage+Paladin,Mage+Hunter,5,team1,kill,17.30
Mage+Paladin_vs_Mage+Hunter,Mage+Paladin,Mage+Hunter,6,team1,kill,43.28
Mage+Paladin_vs_Mage+Hunter,Mage+Paladin,Mage+Hunter,7,team1,kill,18.67
Mage+Paladin_vs_Mage+Hunter,Mage+Paladin,Mage+Hunter,8,team1,kill,20.63
Mage+Paladin_vs_Mage+Hunter,Mage+Paladin,Mage+Hunter,9,team1,kill,43.28
Mage+Paladin_vs_Rogue+Hunter,Mage+Paladin,Rogue+Hunter,0,team2,kill,43.48
Mage+Paladin_vs_Rogue+Hunter,Mage+Paladin,Rogue+Hunter,1,team2,kill,44.82
Mage+Paladin_vs_Rogue+Hunter,Mage+Paladin,Rogue+Hunter,2,team1,kill,41.30
Mage+Paladin_vs_Rogue+Hunter,Mage+Paladin,Rogue+Hunter,3,team1,kill,34.75
Mage+Paladin_vs_Rogue+Hunter,Mage+Paladin,Rogue+Hunter,4,team2,kill,48.75
Mage+Paladin_vs_Rogue+Hunter,Mage+Paladin,Rogue+Hunter,5,team2,kill,47.62
Mage+Paladin_vs_Rogue+Hunter,Mage+Paladin,Rogue+Hunter,6,team1,kill,35.93
Mage+Paladin_vs_Rogue+Hunter,Mage+Paladin,Rogue+Hunter,7,team2,kill,46.98
Mage+Paladin_vs_Rogue+Hunter,Mage+Paladin,Rogue+Hunter,8,team1,kill,41.30
Mage+Paladin_vs_Rogue+Hunter,Mage+Paladin,Rogue+Hunter,9,team2,kill,50.02
Mage+Paladin_vs_Priest+Hunter,Mage+Paladin,Priest+Hunter,0,team2,kill,85.10
Mage+Paladin_vs_Priest+Hunter,Mage+Paladin,Priest+Hunter,1,team1,kill,75.90
Mage+Paladin_vs_Priest+Hunter,Mage+Paladin,Priest+Hunter,2,team1,kill,52.22
Mage+Paladin_vs_Priest+Hunter,Mage+Paladin,Priest+Hunter,3,team1,kill,52.17
Mage+Paladin_vs_Priest+Hunter,Mage+Paladin,Priest+Hunter,4,team1,kill,51.70
Mage+Paladin_vs_Priest+Hunter,Mage+Paladin,Priest+Hunter,5,team1,kill,42.38
Mage+Paladin_vs_Priest+Hunter,Mage+Paladin,Priest+Hunter,6,team1,kill,50.73
Mage+Paladin_vs_Priest+Hunter,Mage+Paladin,Priest+Hunter,7,team1,kill,49.35
Mage+Paladin_vs_Priest+Hunter,Mage+Paladin,Priest+Hunter,8,team2,kill,90.14
Mage+Paladin_vs_Priest+Hunter,Mage+Paladin,Priest+Hunter,9,team1,kill,54.67
Mage+Paladin_vs_Warlock+Hunter,Mage+Paladin,Warlock+Hunter,0,team1,kill,26.08
Mage+Paladin_vs_Warlock+Hunter,Mage+Paladin,Warlock+Hunter,1,team1,kill,27.63
Mage+Paladin_vs_Warlock+Hunter,Mage+Paladin,Warlock+Hunter,2,team1,kill,29.82
Mage+Paladin_vs_Warlock+Hunter,Mage+Paladin,Warlock+Hunter,3,team1,kill,28.73
Mage+Paladin_vs_Warlock+Hunter,Mage+Paladin,Warlock+Hunter,4,team1,kill,26.08
Mage+Paladin_vs_Warlock+Hunter,Mage+Paladin,Warlock+Hunter,5,team1,kill,26.27
Mage+Paladin_vs_Warlock+Hunter,Mage+Paladin,Warlock+Hunter,6,team1,kill,26.10
Mage+Paladin_vs_Warlock+Hunter,Mage+Paladin,Warlock+Hunter,7,team1,kill,26.65
Mage+Paladin_vs_Warlock+Hunter,Mage+Paladin,Warlock+Hunter,8,team1,kill,28.68
Mage+Paladin_vs_Warlock+Hunter,Mage+Paladin,Warlock+Hunter,9,team1,kill,24.57
Mage+Paladin_vs_Paladin+Hunter,Mage+Paladin,Paladin+Hunter,0,team2,kill,95.69
Mage+Paladin_vs_Paladin+Hunter,Mage+Paladin,Paladin+Hunter,1,team2,kill,101.81
Mage+Paladin_vs_Paladin+Hunter,Mage+Paladin,Paladin+Hunter,2,team2,kill,96.24
Mage+Paladin_vs_Paladin+Hunter,Mage+Paladin,Paladin+Hunter,3,team2,kill,101.06
Mage+Paladin_vs_Paladin+Hunter,Mage+Paladin,Paladin+Hunter,4,team2,kill,117.79
Mage+Paladin_vs_Paladin+Hunter,Mage+Paladin,Paladin+Hunter,5,team2,kill,85.77
Mage+Paladin_vs_Paladin+Hunter,Mage+Paladin,Paladin+Hunter,6,team2,kill,96.36
Mage+Paladin_vs_Paladin+Hunter,Mage+Paladin,Paladin+Hunter,7,team2,kill,85.74
Mage+Paladin_vs_Paladin+Hunter,Mage+Paladin,Paladin+Hunter,8,team2,kill,112.56
Mage+Paladin_vs_Paladin+Hunter,Mage+Paladin,Paladin+Hunter,9,team2,kill,115.84
Mage+Paladin_vs_Hunter+Shaman,Mage+Paladin,Hunter+Shaman,0,team1,kill,28.80
Mage+Paladin_vs_Hunter+Shaman,Mage+Paladin,Hunter+Shaman,1,team1,kill,32.45
Mage+Paladin_vs_Hunter+Shaman,Mage+Paladin,Hunter+Shaman,2,team1,kill,24.80
Mage+Paladin_vs_Hunter+Shaman,Mage+Paladin,Hunter+Shaman,3,team1,kill,32.57
Mage+Paladin_vs_Hunter+Shaman,Mage+Paladin,Hunter+Shaman,4,team1,kill,29.58
Mage+Paladin_vs_Hunter+Shaman,Mage+Paladin,Hunter+Shaman,5,team1,kill,34.17
Mage+Paladin_vs_Hunter+Shaman,Mage+Paladin,Hunter+Shaman,6,team1,kill,34.72
Mage+Paladin_vs_Hunter+Shaman,Mage+Paladin,Hunter+Shaman,7,team1,kill,32.42
Mage+Paladin_vs_Hunter+Shaman,Mage+Paladin,Hunter+Shaman,8,team1,kill,31.05
Mage+Paladin_vs_Hunter+Shaman,Mage+Paladin,Hunter+Shaman,9,team1,kill,35.52
Mage+Hunter_vs_Warrior+Mage,Mage+Hunter,Warrior+Mage,0,team2,kill,23.23
Mage+Hunter_vs_Warrior+Mage,Mage+Hunter,Warrior+Mage,1,team2,kill,22.43
Mage+Hunter_vs_Warrior+Mage,Mage+Hunter,Warrior+Mage,2,team2,kill,24.75
Mage+Hunter_vs_Warrior+Mage,Mage+Hunter,Warrior+Mage,3,team2,kill,24.75
Mage+Hunter_vs_Warrior+Mage,Mage+Hunter,Warrior+Mage,4,team2,kill,24.75
Mage+Hunter_vs_Warrior+Mage,Mage+Hunter,Warrior+Mage,5,team2,kill,24.75
Mage+Hunter_vs_Warrior+Mage,Mage+Hunter,Warrior+Mage,6,team2,kill,23.25
Mage+Hunter_vs_Warrior+Mage,Mage+Hunter,Warrior+Mage,7,team2,kill,23.23
Mage+Hunter_vs_Warrior+Mage,Mage+Hunter,Warrior+Mage,8,team2,kill,21.72
Mage+Hunter_vs_Warrior+Mage,Mage+Hunter,Warrior+Mage,9,team2,kill,23.23
Mage+Hunter_vs_Warrior+Rogue,Mage+Hunter,Warrior+Rogue,0,team1,kill,16.43
Mage+Hunter_vs_Warrior+Rogue,Mage+Hunter,Warrior+Rogue,1,team1,kill,16.43
Mage+Hunter_vs_Warrior+Rogue,Mage+Hunter,Warrior+Rogue,2,team1,kill,16.43
Mage+Hunter_vs_Warrior+Rogue,Mage+Hunter,Warrior+Rogue,3,team1,kill,16.43
Mage+Hunter_vs_Warrior+Rogue,Mage+Hunter,Warrior+Rogue,4,team1,kill,16.47
Mage+Hunter_vs_Warrior+Rogue,Mage+Hunter,Warrior+Rogue,5,team1,kill,16.43
Mage+Hunter_vs_Warrior+Rogue,Mage+Hunter,Warrior+Rogue,6,team1,kill,17.88
Mage+Hunter_vs_Warrior+Rogue,Mage+Hunter,Warrior+Rogue,7,team1,kill,16.43
Mage+Hunter_vs_Warrior+Rogue,Mage+Hunter,Warrior+Rogue,8,team1,kill,17.88
Mage+Hunter_vs_Warrior+Rogue,Mage+Hunter,Warrior+Rogue,9,team1,kill,17.63
Mage+Hunter_vs_Warrior+Priest,Mage+Hunter,Warrior+Priest,0,team1,kill,55.40
Mage+Hunter_vs_Warrior+Priest,Mage+Hunter,Warrior+Priest,1,team1,kill,61.22
Mage+Hunter_vs_Warrior+Priest,Mage+Hunter,Warrior+Priest,2,team1,kill,54.70
Mage+Hunter_vs_Warrior+Priest,Mage+Hunter,Warrior+Priest,3,team1,kill,28.05
Mage+Hunter_vs_Warrior+Priest,Mage+Hunter,Warrior+Priest,4,team1,kill,25.77
Mage+Hunter_vs_Warrior+Priest,Mage+Hunter,Warrior+Priest,5,team1,kill,54.13
Mage+Hunter_vs_Warrior+Priest,Mage+Hunter,Warrior+Priest,6,team1,kill,29.58
Mage+Hunter_vs_Warrior+Priest,Mage+Hunter,Warrior+Priest,7,team1,kill,26.77
Mage+Hunter_vs_Warrior+Priest,Mage+Hunter,Warrior+Priest,8,team1,kill,27.72
Mage+Hunter_vs_Warrior+Priest,Mage+Hunter,Warrior+Priest,9,team1,kill,28.58
Mage+Hunter_vs_Warrior+Warlock,Mage+Hunter,Warrior+Warlock,0,team1,kill,23.72
Mage+Hunter_vs_Warrior+Warlock,Mage+Hunter,Warrior+Warlock,1,team1,kill,18.13
Mage+Hunter_vs_Warrior+Warlock,Mage+Hunter,Warrior+Warlock,2,team1,kill,19.15
Mage+Hunter_vs_Warrior+Warlock,Mage+Hunter,Warrior+Warlock,3,team1,kill,23.72
Mage+Hunter_vs_Warrior+Warlock,Mage+Hunter,Warrior+Warlock,4,team1,kill,23.43
Mage+Hunter_vs_Warrior+Warlock,Mage+Hunter,Warrior+Warlock,5,team1,kill,18.15
Mage+Hunter_vs_Warrior+Warlock,Mage+Hunter,Warrior+Warlock,6,team1,kill,24.50
Mage+Hunter_vs_Warrior+Warlock,Mage+Hunter,Warrior+Warlock,7,team1,kill,24.50
Mage+Hunter_vs_Warrior+Warlock,Mage+Hunter,Warrior+Warlock,8,team1,kill,20.68
Mage+Hunter_vs_Warrior+Warlock,Mage+Hunter,Warrior+Warlock,9,team1,kill,20.68
Mage+Hunter_vs_Warrior+Paladin,Mage+Hunter,Warrior+Paladin,0,team2,kill,96.72
Mage+Hunter_vs_Warrior+Paladin,Mage+Hunter,Warrior+Paladin,1,team2,kill,72.27
Mage+Hunter_vs_Warrior+Paladin,Mage+Hunter,Warrior+Paladin,2,team1,kill,36.45
Mage+Hunter_vs_Warrior+Paladin,Mage+Hunter,Warrior+Paladin,3,team1,kill,37.10
Mage+Hunter_vs_Warrior+Paladin,Mage+Hunter,Warrior+Paladin,4,team2,kill,80.12
Mage+Hunter_vs_Warrior+Paladin,Mage+Hunter,Warrior+Paladin,5,team2,kill,84.75
Mage+Hunter_vs_Warrior+Paladin,Mage+Hunter,Warrior+Paladin,6,team2,kill,58.07
Mage+Hunter_vs_Warrior+Paladin,Mage+Hunter,Warrior+Paladin,7,team1,kill,31.92
Mage+Hunter_vs_Warrior+Paladin,Mage+Hunter,Warrior+Paladin,8,team2,kill,62.07
Mage+Hunter_vs_Warrior+Paladin,Mage+Hunter,Warrior+Paladin,9,team1,kill,31.32
Mage+Hunter_vs_Warrior+Hunter,Mage+Hunter,Warrior+Hunter,0,team2,kill,22.10
Mage+Hunter_vs_Warrior+Hunter,Mage+Hunter,Warrior+Hunter,1,team1,kill,26.73
Mage+Hunter_vs_Warrior+Hunter,Mage+Hunter,Warrior+Hunter,2,team1,kill,24.33
Mage+Hunter_vs_Warrior+Hunter,Mage+Hunter,Warrior+Hunter,3,team2,kill,26.78
Mage+Hunter_vs_Warrior+Hunter,Mage+Hunter,Warrior+Hunter,4,team1,kill,25.42
Mage+Hunter_vs_Warrior+Hunter,Mage+Hunter,Warrior+Hunter,5,team1,kill,26.93
Mage+Hunter_vs_Warrior+Hunter,Mage+Hunter,Warrior+Hunter,6,team1,kill,25.22
Mage+Hunter_vs_Warrior+Hunter,Mage+Hunter,Warrior+Hunter,7,team1,kill,26.75
Mage+Hunter_vs_Warrior+Hunter,Mage+Hunter,Warrior+Hunter,8,team2,kill,18.60
Mage+Hunter_vs_Warrior+Hunter,Mage+Hunter,Warrior+Hunter,9,team2,kill,22.68
Mage+Hunter_vs_Warrior+Shaman,Mage+Hunter,Warrior+Shaman,0,team1,kill,28.23
Mage+Hunter_vs_Warrior+Shaman,Mage+Hunter,Warrior+Shaman,1,team1,kill,25.22
Mage+Hunter_vs_Warrior+Shaman,Mage+Hunter,Warrior+Shaman,2,team1,kill,26.02
Mage+Hunter_vs_Warrior+Shaman,Mage+Hunter,Warrior+Shaman,3,team1,kill,29.03
Mage+Hunter_vs_Warrior+Shaman,Mage+Hunter,Warrior+Shaman,4,team1,kill,28.20
Mage+Hunter_vs_Warrior+Shaman,Mage+Hunter,Warrior+Shaman,5,team1,kill,26.43
Mage+Hunter_vs_Warrior+Shaman,Mage+Hunter,Warrior+Shaman,6,team2,kill,33.82
Mage+Hunter_vs_Warrior+Shaman,Mage+Hunter,Warrior+Shaman,7,team1,kill,30.20
Mage+Hunter_vs_Warrior+Shaman,Mage+Hunter,Warrior+Shaman,8,team1,kill,26.42
Mage+Hunter_vs_Warrior+Shaman,Mage+Hunter,Warrior+Shaman,9,team1,kill,21.38
Mage+Hunter_vs_Mage+Rogue,Mage+Hunter,Mage+Rogue,0,team1,kill,17.05
Mage+Hunter_vs_Mage+Rogue,Mage+Hunter,Mage+Rogue,1,team1,kill,17.87
Mage+Hunter_vs_Mage+Rogue,Mage+Hunter,Mage+Rogue,2,team1,kill,22.40
Mage+Hunter_vs_Mage+Rogue,Mage+Hunter,Mage+Rogue,3,team1,kill,17.87
Mage+Hunter_vs_Mage+Rogue,Mage+Hunter,Mage+Rogue,4,team1,kill,16.42
Mage+Hunter_vs_Mage+Rogue,Mage+Hunter,Mage+Rogue,5,team1,kill,22.40
Mage+Hunter_vs_Mage+Rogue,Mage+Hunter,Mage+Rogue,6,team1,kill,17.05
Mage+Hunter_vs_Mage+Rogue,Mage+Hunter,Mage+Rogue,7,team1,kill,16.42
Mage+Hunter_vs_Mage+Rogue,Mage+Hunter,Mage+Rogue,8,team1,kill,17.05
Mage+Hunter_vs_Mage+Rogue,Mage+Hunter,Mage+Rogue,9,team1,kill,22.38
Mage+Hunter_vs_Mage+Priest,Mage+Hunter,Mage+Priest,0,team1,kill,56.68
Mage+Hunter_vs_Mage+Priest,Mage+Hunter,Mage+Priest,1,team2,kill,45.50
Mage+Hunter_vs_Mage+Priest,Mage+Hunter,Mage+Priest,2,team1,kill,54.17
Mage+Hunter_vs_Mage+Priest,Mage+Hunter,Mage+Priest,3,team1,kill,59.67
Mage+Hunter_vs_Mage+Priest,Mage+Hunter,Mage+Priest,4,team1,kill,44.33
Mage+Hunter_vs_Mage+Priest,Mage+Hunter,Mage+Priest,5,team1,kill,54.17
Mage+Hunter_vs_Mage+Priest,Mage+Hunter,Mage+Priest,6,team2,kill,44.23
Mage+Hunter_vs_Mage+Priest,Mage+Hunter,Mage+Priest,7,team1,kill,41.58
Mage+Hunter_vs_Mage+Priest,Mage+Hunter,Mage+Priest,8,team1,kill,51.98
Mage+Hunter_vs_Mage+Priest,Mage+Hunter,Mage+Priest,9,team1,kill,59.20
Mage+Hunter_vs_Mage+Warlock,Mage+Hunter,Mage+Warlock,0,team2,kill,28.38
Mage+Hunter_vs_Mage+Warlock,Mage+Hunter,Mage+Warlock,1,team2,kill,32.93
Mage+Hunter_vs_Mage+Warlock,Mage+Hunter,Mage+Warlock,2,team2,kill,29.70
Mage+Hunter_vs_Mage+Warlock,Mage+Hunter,Mage+Warlock,3,team2,kill,29.03
Mage+Hunter_vs_Mage+Warlock,Mage+Hunter,Mage+Warlock,4,team2,kill,32.93
Mage+Hunter_vs_Mage+Warlock,Mage+Hunter,Mage+Warlock,5,team2,kill,29.03
Mage+Hunter_vs_Mage+Warlock,Mage+Hunter,Mage+Warlock,6,team2,kill,31.33
Mage+Hunter_vs_Mage+Warlock,Mage+Hunter,Mage+Warlock,7,team2,kill,28.12
Mage+Hunter_vs_Mage+Warlock,Mage+Hunter,Mage+Warlock,8,team2,kill,31.07
Mage+Hunter_vs_Mage+Warlock,Mage+Hunter,Mage+Warlock,9,team2,kill,29.03
Mage+Hunter_vs_Mage+Paladin,Mage+Hunter,Mage+Paladin,0,team2,kill,43.28
Mage+Hunter_vs_Mage+Paladin,Mage+Hunter,Mage+Paladin,1,team2,kill,20.28
Mage+Hunter_vs_Mage+Paladin,Mage+Hunter,Mage+Paladin,2,team2,kill,43.28
Mage+Hunter_vs_Mage+Paladin,Mage+Hunter,Mage+Paladin,3,team2,kill,17.60
Mage+Hunter_vs_Mage+Paladin,Mage+Hunter,Mage+Paladin,4,team2,kill,49.80
Mage+Hunter_vs_Mage+Paladin,Mage+Hunter,Mage+Paladin,5,team2,kill,17.60
Mage+Hunter_vs_Mage+Paladin,Mage+Hunter,Mage+Paladin,6,team2,kill,43.28
Mage+Hunter_vs_Mage+Paladin,Mage+Hunter,Mage+Paladin,7,team2,kill,18.67
Mage+Hunter_vs_Mage+Paladin,Mage+Hunter,Mage+Paladin,8,team2,kill,20.63
Mage+Hunter_vs_Mage+Paladin,Mage+Hunter,Mage+Paladin,9,team2,kill,32.95
Mage+Hunter_vs_Mage+Hunter,Mage+Hunter,Mage+Hunter,0,team2,kill,19.62
Mage+Hunter_vs_Mage+Hunter,Mage+Hunter,Mage+Hunter,1,team1,kill,19.62
Mage+Hunter_vs_Mage+Hunter,Mage+Hunter,Mage+Hunter,2,team2,kill,21.67
Mage+Hunter_vs_Mage+Hunter,Mage+Hunter,Mage+Hunter,3,team1,kill,21.67
Mage+Hunter_vs_Mage+Hunter,Mage+Hunter,Mage+Hunter,4,team1,kill,17.10
Mage+Hunter_vs_Mage+Hunter,Mage+Hunter,Mage+Hunter,5,draw,kill,19.62
Mage+Hunter_vs_Mage+Hunter,Mage+Hunter,Mage+Hunter,6,team1,kill,20.88
Mage+Hunter_vs_Mage+Hunter,Mage+Hunter,Mage+Hunter,7,team1,kill,18.63
Mage+Hunter_vs_Mage+Hunter,Mage+Hunter,Mage+Hunter,8,team2,kill,18.63
Mage+Hunter_vs_Mage+Hunter,Mage+Hunter,Mage+Hunter,9,team2,kill,17.10
Mage+Hunter_vs_Mage+Shaman,Mage+Hunter,Mage+Shaman,0,team2,kill,32.48
Mage+Hunter_vs_Mage+Shaman,Mage+Hunter,Mage+Shaman,1,team2,kill,37.52
Mage+Hunter_vs_Mage+Shaman,Mage+Hunter,Mage+Shaman,2,team1,kill,26.57
Mage+Hunter_vs_Mage+Shaman,Mage+Hunter,Mage+Shaman,3,team2,kill,36.00
Mage+Hunter_vs_Mage+Shaman,Mage+Hunter,Mage+Shaman,4,team2,kill,37.52
Mage+Hunter_vs_Mage+Shaman,Mage+Hunter,Mage+Shaman,5,team2,kill,36.00
Mage+Hunter_vs_Mage+Shaman,Mage+Hunter,Mage+Shaman,6,team2,kill,34.48
Mage+Hunter_vs_Mage+Shaman,Mage+Hunter,Mage+Shaman,7,team2,kill,30.97
Mage+Hunter_vs_Mage+Shaman,Mage+Hunter,Mage+Shaman,8,team1,kill,25.85
Mage+Hunter_vs_Mage+Shaman,Mage+Hunter,Mage+Shaman,9,team2,kill,32.48
Mage+Hunter_vs_Rogue+Priest,Mage+Hunter,Rogue+Priest,0,team1,kill,23.17
Mage+Hunter_vs_Rogue+Priest,Mage+Hunter,Rogue+Priest,1,team1,kill,23.87
Mage+Hunter_vs_Rogue+Priest,Mage+Hunter,Rogue+Priest,2,team1,kill,26.17
Mage+Hunter_vs_Rogue+Priest,Mage+Hunter,Rogue+Priest,3,team1,kill,25.03
Mage+Hunter_vs_Rogue+Priest,Mage+Hunter,Rogue+Priest,4,team1,kill,18.53
Mage+Hunter_vs_Rogue+Priest,Mage+Hunter,Rogue+Priest,5,team1,kill,23.65
Mage+Hunter_vs_Rogue+Priest,Mage+Hunter,Rogue+Priest,6,team1,kill,23.65
Mage+Hunter_vs_Rogue+Priest,Mage+Hunter,Rogue+Priest,7,team1,kill,20.85
Mage+Hunter_vs_Rogue+Priest,Mage+Hunter,Rogue+Priest,8,team1,kill,23.65
Mage+Hunter_vs_Rogue+Priest,Mage+Hunter,Rogue+Priest,9,team1,kill,23.65
Mage+Hunter_vs_Rogue+Warlock,Mage+Hunter,Rogue+Warlock,0,team1,kill,23.95
Mage+Hunter_vs_Rogue+Warlock,Mage+Hunter,Rogue+Warlock,1,team1,kill,19.30
Mage+Hunter_vs_Rogue+Warlock,Mage+Hunter,Rogue+Warlock,2,team1,kill,17.53
Mage+Hunter_vs_Rogue+Warlock,Mage+Hunter,Rogue+Warlock,3,team1,kill,25.33
Mage+Hunter_vs_Rogue+Warlock,Mage+Hunter,Rogue+Warlock,4,team1,kill,21.07
Mage+Hunter_vs_Rogue+Warlock,Mage+Hunter,Rogue+Warlock,5,team1,kill,24.08
Mage+Hunter_vs_Rogue+Warlock,Mage+Hunter,Rogue+Warlock,6,team1,kill,17.83
Mage+Hunter_vs_Rogue+Warlock,Mage+Hunter,Rogue+Warlock,7,team1,kill,25.27
Mage+Hunter_vs_Rogue+Warlock,Mage+Hunter,Rogue+Warlock,8,team1,kill,25.35
Mage+Hunter_vs_Rogue+Warlock,Mage+Hunter,Rogue+Warlock,9,team1,kill,19.40
Mage+Hunter_vs_Rogue+Paladin,Mage+Hunter,Rogue+Paladin,0,team1,kill,37.47
Mage+Hunter_vs_Rogue+Paladin,Mage+Hunter,Rogue+Paladin,1,team1,kill,36.82
Mage+Hunter_vs_Rogue+Paladin,Mage+Hunter,Rogue+Paladin,2,team1,kill,39.85
Mage+Hunter_vs_Rogue+Paladin,Mage+Hunter,Rogue+Paladin,3,team1,kill,38.45
Mage+Hunter_vs_Rogue+Paladin,Mage+Hunter,Rogue+Paladin,4,team1,kill,38.33
Mage+Hunter_vs_Rogue+Paladin,Mage+Hunter,Rogue+Paladin,5,team1,kill,38.33
Mage+Hunter_vs_Rogue+Paladin,Mage+Hunter,Rogue+Paladin,6,team1,kill,38.33
Mage+Hunter_vs_Rogue+Paladin,Mage+Hunter,Rogue+Paladin,7,team1,kill,35.65
Mage+Hunter_vs_Rogue+Paladin,Mage+Hunter,Rogue+Paladin,8,team1,kill,38.98
Mage+Hunter_vs_Rogue+Paladin,Mage+Hunter,Rogue+Paladin,9,team1,kill,38.33
Mage+Hunter_vs_Rogue+Hunter,Mage+Hunter,Rogue+Hunter,0,team2,kill,33.02
Mage+Hunter_vs_Rogue+Hunter,Mage+Hunter,Rogue+Hunter,1,team1,kill,23.93
Mage+Hunter_vs_Rogue+Hunter,Mage+Hunter,Rogue+Hunter,2,team1,kill,23.72
Mage+Hunter_vs_Rogue+Hunter,Mage+Hunter,Rogue+Hunter,3,team2,kill,27.63
Mage+Hunter_vs_Rogue+Hunter,Mage+Hunter,Rogue+Hunter,4,team1,kill,30.42
Mage+Hunter_vs_Rogue+Hunter,Mage+Hunter,Rogue+Hunter,5,team2,kill,27.33
Mage+Hunter_vs_Rogue+Hunter,Mage+Hunter,Rogue+Hunter,6,team2,kill,33.02
Mage+Hunter_vs_Rogue+Hunter,Mage+Hunter,Rogue+Hunter,7,team2,kill,27.33
Mage+Hunter_vs_Rogue+Hunter,Mage+Hunter,Rogue+Hunter,8,team2,kill,28.00
Mage+Hunter_vs_Rogue+Hunter,Mage+Hunter,Rogue+Hunter,9,team1,kill,32.52
Mage+Hunter_vs_Rogue+Shaman,Mage+Hunter,Rogue+Shaman,0,team1,kill,30.75
Mage+Hunter_vs_Rogue+Shaman,Mage+Hunter,Rogue+Shaman,1,team1,kill,39.18
Mage+Hunter_vs_Rogue+Shaman,Mage+Hunter,Rogue+Shaman,2,team1,kill,30.78
Mage+Hunter_vs_Rogue+Shaman,Mage+Hunter,Rogue+Shaman,3,team1,kill,38.68
Mage+Hunter_vs_Rogue+Shaman,Mage+Hunter,Rogue+Shaman,4,team1,kill,36.17
Mage+Hunter_vs_Rogue+Shaman,Mage+Hunter,Rogue+Shaman,5,team1,kill,38.68
Mage+Hunter_vs_Rogue+Shaman,Mage+Hunter,Rogue+Shaman,6,team1,kill,38.68
Mage+Hunter_vs_Rogue+Shaman,Mage+Hunter,Rogue+Shaman,7,team1,kill,36.17
Mage+Hunter_vs_Rogue+Shaman,Mage+Hunter,Rogue+Shaman,8,team1,kill,39.18
Mage+Hunter_vs_Rogue+Shaman,Mage+Hunter,Rogue+Shaman,9,team1,kill,27.07
Mage+Hunter_vs_Priest+Warlock,Mage+Hunter,Priest+Warlock,0,team2,kill,39.73
Mage+Hunter_vs_Priest+Warlock,Mage+Hunter,Priest+Warlock,1,team2,kill,36.57
Mage+Hunter_vs_Priest+Warlock,Mage+Hunter,Priest+Warlock,2,team2,kill,42.20
Mage+Hunter_vs_Priest+Warlock,Mage+Hunter,Priest+Warlock,3,team2,kill,30.53
Mage+Hunter_vs_Priest+Warlock,Mage+Hunter,Priest+Warlock,4,team2,kill,35.47
Mage+Hunter_vs_Priest+Warlock,Mage+Hunter,Priest+Warlock,5,team2,kill,37.48
Mage+Hunter_vs_Priest+Warlock,Mage+Hunter,Priest+Warlock,6,team2,kill,31.72
Mage+Hunter_vs_Priest+Warlock,Mage+Hunter,Priest+Warlock,7,team2,kill,33.55
Mage+Hunter_vs_Priest+Warlock,Mage+Hunter,Priest+Warlock,8,team2,kill,33.98
Mage+Hunter_vs_Priest+Warlock,Mage+Hunter,Priest+Warlock,9,team1,kill,39.77
Mage+Hunter_vs_Priest+Hunter,Mage+Hunter,Priest+Hunter,0,team1,kill,25.78
Mage+Hunter_vs_Priest+Hunter,Mage+Hunter,Priest+Hunter,1,team1,kill,26.12
Mage+Hunter_vs_Priest+Hunter,Mage+Hunter,Priest+Hunter,2,team1,kill,28.07
Mage+Hunter_vs_Priest+Hunter,Mage+Hunter,Priest+Hunter,3,team1,kill,31.52
Mage+Hunter_vs_Priest+Hunter,Mage+Hunter,Priest+Hunter,4,team1,kill,33.52
Mage+Hunter_vs_Priest+Hunter,Mage+Hunter,Priest+Hunter,5,team2,kill,47.93
Mage+Hunter_vs_Priest+Hunter,Mage+Hunter,Priest+Hunter,6,team2,kill,43.80
Mage+Hunter_vs_Priest+Hunter,Mage+Hunter,Priest+Hunter,7,team1,kill,25.20
Mage+Hunter_vs_Priest+Hunter,Mage+Hunter,Priest+Hunter,8,team2,kill,41.07
Mage+Hunter_vs_Priest+Hunter,Mage+Hunter,Priest+Hunter,9,team2,kill,42.85
Mage+Hunter_vs_Warlock+Paladin,Mage+Hunter,Warlock+Paladin,0,team1,kill,29.88
Mage+Hunter_vs_Warlock+Paladin,Mage+Hunter,Warlock+Paladin,1,team1,kill,41.52
Mage+Hunter_vs_Warlock+Paladin,Mage+Hunter,Warlock+Paladin,2,team1,kill,32.98
Mage+Hunter_vs_Warlock+Paladin,Mage+Hunter,Warlock+Paladin,3,team1,kill,35.82
Mage+Hunter_vs_Warlock+Paladin,Mage+Hunter,Warlock+Paladin,4,team1,kill,49.13
Mage+Hunter_vs_Warlock+Paladin,Mage+Hunter,Warlock+Paladin,5,team1,kill,35.82
Mage+Hunter_vs_Warlock+Paladin,Mage+Hunter,Warlock+Paladin,6,team1,kill,40.03
Mage+Hunter_vs_Warlock+Paladin,Mage+Hunter,Warlock+Paladin,7,team1,kill,34.43
Mage+Hunter_vs_Warlock+Paladin,Mage+Hunter,Warlock+Paladin,8,team1,kill,51.02
Mage+Hunter_vs_Warlock+Paladin,Mage+Hunter,Warlock+Paladin,9,team1,kill,42.17
Mage+Hunter_vs_Warlock+Hunter,Mage+Hunter,Warlock+Hunter,0,team1,kill,18.73
Mage+Hunter_vs_Warlock+Hunter,Mage+Hunter,Warlock+Hunter,1,team1,kill,21.27
Mage+Hunter_vs_Warlock+Hunter,Mage+Hunter,Warlock+Hunter,2,team2,kill,28.82
Mage+Hunter_vs_Warlock+Hunter,Mage+Hunter,Warlock+Hunter,3,team1,kill,21.20
Mage+Hunter_vs_Warlock+Hunter,Mage+Hunter,Warlock+Hunter,4,team1,kill,22.03
Mage+Hunter_vs_Warlock+Hunter,Mage+Hunter,Warlock+Hunter,5,team1,kill,25.00
Mage+Hunter_vs_Warlock+Hunter,Mage+Hunter,Warlock+Hunter,6,team1,kill,21.27
Mage+Hunter_vs_Warlock+Hunter,Mage+Hunter,Warlock+Hunter,7,team1,kill,24.57
Mage+Hunter_vs_Warlock+Hunter,Mage+Hunter,Warlock+Hunter,8,team1,kill,18.70
Mage+Hunter_vs_Warlock+Hunter,Mage+Hunter,Warlock+Hunter,9,team1,kill,21.27
Mage+Hunter_vs_Warlock+Shaman,Mage+Hunter,Warlock+Shaman,0,team1,kill,29.62
Mage+Hunter_vs_Warlock+Shaman,Mage+Hunter,Warlock+Shaman,1,team1,kill,25.70
Mage+Hunter_vs_Warlock+Shaman,Mage+Hunter,Warlock+Shaman,2,team1,kill,28.23
Mage+Hunter_vs_Warlock+Shaman,Mage+Hunter,Warlock+Shaman,3,team1,kill,27.95
Mage+Hunter_vs_Warlock+Shaman,Mage+Hunter,Warlock+Shaman,4,team1,kill,21.95
Mage+Hunter_vs_Warlock+Shaman,Mage+Hunter,Warlock+Shaman,5,team1,kill,26.98
Mage+Hunter_vs_Warlock+Shaman,Mage+Hunter,Warlock+Shaman,6,team1,kill,26.20
Mage+Hunter_vs_Warlock+Shaman,Mage+Hunter,Warlock+Shaman,7,team1,kill,22.87
Mage+Hunter_vs_Warlock+Shaman,Mage+Hunter,Warlock+Shaman,8,team1,kill,21.80
Mage+Hunter_vs_Warlock+Shaman,Mage+Hunter,Warlock+Shaman,9,team1,kill,25.95
Mage+Hunter_vs_Paladin+Hunter,Mage+Hunter,Paladin+Hunter,0,team2,kill,90.39
Mage+Hunter_vs_Paladin+Hunter,Mage+Hunter,Paladin+Hunter,1,team1,kill,35.33
Mage+Hunter_vs_Paladin+Hunter,Mage+Hunter,Paladin+Hunter,2,team2,kill,32.78
Mage+Hunter_vs_Paladin+Hunter,Mage+Hunter,Paladin+Hunter,3,team2,kill,43.38
Mage+Hunter_vs_Paladin+Hunter,Mage+Hunter,Paladin+Hunter,4,team2,kill,40.70
Mage+Hunter_vs_Paladin+Hunter,Mage+Hunter,Paladin+Hunter,5,team2,kill,40.18
Mage+Hunter_vs_Paladin+Hunter,Mage+Hunter,Paladin+Hunter,6,team2,kill,73.35
Mage+Hunter_vs_Paladin+Hunter,Mage+Hunter,Paladin+Hunter,7,team2,kill,45.72
Mage+Hunter_vs_Paladin+Hunter,Mage+Hunter,Paladin+Hunter,8,team2,kill,29.85
Mage+Hunter_vs_Paladin+Hunter,Mage+Hunter,Paladin+Hunter,9,team2,kill,33.47
Mage+Hunter_vs_Hunter+Shaman,Mage+Hunter,Hunter+Shaman,0,team1,kill,29.28
Mage+Hunter_vs_Hunter+Shaman,Mage+Hunter,Hunter+Shaman,1,team1,kill,28.72
Mage+Hunter_vs_Hunter+Shaman,Mage+Hunter,Hunter+Shaman,2,team1,kill,33.38
Mage+Hunter_vs_Hunter+Shaman,Mage+Hunter,Hunter+Shaman,3,team1,kill,24.48
Mage+Hunter_vs_Hunter+Shaman,Mage+Hunter,Hunter+Shaman,4,team1,kill,29.07
Mage+Hunter_vs_Hunter+Shaman,Mage+Hunter,Hunter+Shaman,5,team1,kill,30.73
Mage+Hunter_vs_Hunter+Shaman,Mage+Hunter,Hunter+Shaman,6,team1,kill,18.53
Mage+Hunter_vs_Hunter+Shaman,Mage+Hunter,Hunter+Shaman,7,team1,kill,27.37
Mage+Hunter_vs_Hunter+Shaman,Mage+Hunter,Hunter+Shaman,8,team1,kill,21.55
Mage+Hunter_vs_Hunter+Shaman,Mage+Hunter,Hunter+Shaman,9,team1,kill,27.10
Mage+Shaman_vs_Warrior+Hunter,Mage+Shaman,Warrior+Hunter,0,team1,kill,13.53
Mage+Shaman_vs_Warrior+Hunter,Mage+Shaman,Warrior+Hunter,1,team1,kill,13.53
Mage+Shaman_vs_Warrior+Hunter,Mage+Shaman,Warrior+Hunter,2,team1,kill,13.53
Mage+Shaman_vs_Warrior+Hunter,Mage+Shaman,Warrior+Hunter,3,team1,kill,13.08
Mage+Shaman_vs_Warrior+Hunter,Mage+Shaman,Warrior+Hunter,4,team1,kill,11.70
Mage+Shaman_vs_Warrior+Hunter,Mage+Shaman,Warrior+Hunter,5,team1,kill,13.53
Mage+Shaman_vs_Warrior+Hunter,Mage+Shaman,Warrior+Hunter,6,team1,kill,13.08
Mage+Shaman_vs_Warrior+Hunter,Mage+Shaman,Warrior+Hunter,7,team1,kill,13.53
Mage+Shaman_vs_Warrior+Hunter,Mage+Shaman,Warrior+Hunter,8,team1,kill,13.53
Mage+Shaman_vs_Warrior+Hunter,Mage+Shaman,Warrior+Hunter,9,team1,kill,13.53
Mage+Shaman_vs_Mage+Hunter,Mage+Shaman,Mage+Hunter,0,team1,kill,33.98
Mage+Shaman_vs_Mage+Hunter,Mage+Shaman,Mage+Hunter,1,team1,kill,37.52
Mage+Shaman_vs_Mage+Hunter,Mage+Shaman,Mage+Hunter,2,team2,kill,26.60
Mage+Shaman_vs_Mage+Hunter,Mage+Shaman,Mage+Hunter,3,team1,kill,36.00
Mage+Shaman_vs_Mage+Hunter,Mage+Shaman,Mage+Hunter,4,team1,kill,37.52
Mage+Shaman_vs_Mage+Hunter,Mage+Shaman,Mage+Hunter,5,team1,kill,36.00
Mage+Shaman_vs_Mage+Hunter,Mage+Shaman,Mage+Hunter,6,team1,kill,34.48
Mage+Shaman_vs_Mage+Hunter,Mage+Shaman,Mage+Hunter,7,team1,kill,37.52
Mage+Shaman_vs_Mage+Hunter,Mage+Shaman,Mage+Hunter,8,team2,kill,25.12
Mage+Shaman_vs_Mage+Hunter,Mage+Shaman,Mage+Hunter,9,team1,kill,37.52
Mage+Shaman_vs_Rogue+Warlock,Mage+Shaman,Rogue+Warlock,0,team1,kill,16.75
Mage+Shaman_vs_Rogue+Warlock,Mage+Shaman,Rogue+Warlock,1,team1,kill,16.75
Mage+Shaman_vs_Rogue+Warlock,Mage+Shaman,Rogue+Warlock,2,team1,kill,16.75
Mage+Shaman_vs_Rogue+Warlock,Mage+Shaman,Rogue+Warlock,3,team1,kill,14.73
Mage+Shaman_vs_Rogue+Warlock,Mage+Shaman,Rogue+Warlock,4,team1,kill,16.75
Mage+Shaman_vs_Rogue+Warlock,Mage+Shaman,Rogue+Warlock,5,team1,kill,16.75
Mage+Shaman_vs_Rogue+Warlock,Mage+Shaman,Rogue+Warlock,6,team1,kill,14.73
Mage+Shaman_vs_Rogue+Warlock,Mage+Shaman,Rogue+Warlock,7,team1,kill,14.73
Mage+Shaman_vs_Rogue+Warlock,Mage+Shaman,Rogue+Warlock,8,team1,kill,14.73
Mage+Shaman_vs_Rogue+Warlock,Mage+Shaman,Rogue+Warlock,9,team1,kill,16.75
Mage+Shaman_vs_Rogue+Hunter,Mage+Shaman,Rogue+Hunter,0,team1,kill,16.25
Mage+Shaman_vs_Rogue+Hunter,Mage+Shaman,Rogue+Hunter,1,team1,kill,16.25
Mage+Shaman_vs_Rogue+Hunter,Mage+Shaman,Rogue+Hunter,2,team1,kill,12.73
Mage+Shaman_vs_Rogue+Hunter,Mage+Shaman,Rogue+Hunter,3,team1,kill,16.25
Mage+Shaman_vs_Rogue+Hunter,Mage+Shaman,Rogue+Hunter,4,team1,kill,12.73
Mage+Shaman_vs_Rogue+Hunter,Mage+Shaman,Rogue+Hunter,5,team1,kill,16.25
Mage+Shaman_vs_Rogue+Hunter,Mage+Shaman,Rogue+Hunter,6,team1,kill,16.25
Mage+Shaman_vs_Rogue+Hunter,Mage+Shaman,Rogue+Hunter,7,team1,kill,16.25
Mage+Shaman_vs_Rogue+Hunter,Mage+Shaman,Rogue+Hunter,8,team1,kill,16.25
Mage+Shaman_vs_Rogue+Hunter,Mage+Shaman,Rogue+Hunter,9,team1,kill,16.25
Mage+Shaman_vs_Priest+Hunter,Mage+Shaman,Priest+Hunter,0,team1,kill,23.83
Mage+Shaman_vs_Priest+Hunter,Mage+Shaman,Priest+Hunter,1,team1,kill,20.40
Mage+Shaman_vs_Priest+Hunter,Mage+Shaman,Priest+Hunter,2,team1,kill,21.40
Mage+Shaman_vs_Priest+Hunter,Mage+Shaman,Priest+Hunter,3,team1,kill,23.85
Mage+Shaman_vs_Priest+Hunter,Mage+Shaman,Priest+Hunter,4,team1,kill,21.22
Mage+Shaman_vs_Priest+Hunter,Mage+Shaman,Priest+Hunter,5,team1,kill,20.40
Mage+Shaman_vs_Priest+Hunter,Mage+Shaman,Priest+Hunter,6,team1,kill,21.43
Mage+Shaman_vs_Priest+Hunter,Mage+Shaman,Priest+Hunter,7,team1,kill,18.80
Mage+Shaman_vs_Priest+Hunter,Mage+Shaman,Priest+Hunter,8,team1,kill,25.63
Mage+Shaman_vs_Priest+Hunter,Mage+Shaman,Priest+Hunter,9,team1,kill,26.90
Mage+Shaman_vs_Warlock+Hunter,Mage+Shaman,Warlock+Hunter,0,team1,kill,24.57
Mage+Shaman_vs_Warlock+Hunter,Mage+Shaman,Warlock+Hunter,1,team1,kill,24.57
Mage+Shaman_vs_Warlock+Hunter,Mage+Shaman,Warlock+Hunter,2,team1,kill,23.12
Mage+Shaman_vs_Warlock+Hunter,Mage+Shaman,Warlock+Hunter,3,team1,kill,24.57
Mage+Shaman_vs_Warlock+Hunter,Mage+Shaman,Warlock+Hunter,4,team1,kill,23.12
Mage+Shaman_vs_Warlock+Hunter,Mage+Shaman,Warlock+Hunter,5,team1,kill,24.57
Mage+Shaman_vs_Warlock+Hunter,Mage+Shaman,Warlock+Hunter,6,team1,kill,24.57
Mage+Shaman_vs_Warlock+Hunter,Mage+Shaman,Warlock+Hunter,7,team1,kill,24.57
Mage+Shaman_vs_Warlock+Hunter,Mage+Shaman,Warlock+Hunter,8,team1,kill,23.12
Mage+Shaman_vs_Warlock+Hunter,Mage+Shaman,Warlock+Hunter,9,team1,kill,24.57
Mage+Shaman_vs_Paladin+Hunter,Mage+Shaman,Paladin+Hunter,0,team1,kill,26.78
Mage+Shaman_vs_Paladin+Hunter,Mage+Shaman,Paladin+Hunter,1,draw,cap,300.00
Mage+Shaman_vs_Paladin+Hunter,Mage+Shaman,Paladin+Hunter,2,team2,kill,250.55
Mage+Shaman_vs_Paladin+Hunter,Mage+Shaman,Paladin+Hunter,3,team1,kill,23.12
Mage+Shaman_vs_Paladin+Hunter,Mage+Shaman,Paladin+Hunter,4,team1,kill,82.70
Mage+Shaman_vs_Paladin+Hunter,Mage+Shaman,Paladin+Hunter,5,team2,kill,150.44
Mage+Shaman_vs_Paladin+Hunter,Mage+Shaman,Paladin+Hunter,6,team1,kill,23.12
Mage+Shaman_vs_Paladin+Hunter,Mage+Shaman,Paladin+Hunter,7,team1,kill,23.87
Mage+Shaman_vs_Paladin+Hunter,Mage+Shaman,Paladin+Hunter,8,draw,cap,300.00
Mage+Shaman_vs_Paladin+Hunter,Mage+Shaman,Paladin+Hunter,9,draw,cap,300.00
Mage+Shaman_vs_Hunter+Shaman,Mage+Shaman,Hunter+Shaman,0,team1,kill,31.60
Mage+Shaman_vs_Hunter+Shaman,Mage+Shaman,Hunter+Shaman,1,team1,kill,29.73
Mage+Shaman_vs_Hunter+Shaman,Mage+Shaman,Hunter+Shaman,2,team1,kill,26.17
Mage+Shaman_vs_Hunter+Shaman,Mage+Shaman,Hunter+Shaman,3,team1,kill,33.97
Mage+Shaman_vs_Hunter+Shaman,Mage+Shaman,Hunter+Shaman,4,team1,kill,29.73
Mage+Shaman_vs_Hunter+Shaman,Mage+Shaman,Hunter+Shaman,5,team1,kill,26.15
Mage+Shaman_vs_Hunter+Shaman,Mage+Shaman,Hunter+Shaman,6,team1,kill,30.10
Mage+Shaman_vs_Hunter+Shaman,Mage+Shaman,Hunter+Shaman,7,team1,kill,26.17
Mage+Shaman_vs_Hunter+Shaman,Mage+Shaman,Hunter+Shaman,8,team1,kill,35.77
Mage+Shaman_vs_Hunter+Shaman,Mage+Shaman,Hunter+Shaman,9,team1,kill,26.02
Rogue+Priest_vs_Warrior+Priest,Rogue+Priest,Warrior+Priest,0,team2,kill,42.68
Rogue+Priest_vs_Warrior+Priest,Rogue+Priest,Warrior+Priest,1,team2,kill,41.83
Rogue+Priest_vs_Warrior+Priest,Rogue+Priest,Warrior+Priest,2,team2,kill,39.18
Rogue+Priest_vs_Warrior+Priest,Rogue+Priest,Warrior+Priest,3,team2,kill,40.73
Rogue+Priest_vs_Warrior+Priest,Rogue+Priest,Warrior+Priest,4,team2,kill,35.75
Rogue+Priest_vs_Warrior+Priest,Rogue+Priest,Warrior+Priest,5,team2,kill,42.08
Rogue+Priest_vs_Warrior+Priest,Rogue+Priest,Warrior+Priest,6,team2,kill,70.18
Rogue+Priest_vs_Warrior+Priest,Rogue+Priest,Warrior+Priest,7,team2,kill,38.18
Rogue+Priest_vs_Warrior+Priest,Rogue+Priest,Warrior+Priest,8,team2,kill,72.72
Rogue+Priest_vs_Warrior+Priest,Rogue+Priest,Warrior+Priest,9,team2,kill,41.70
Rogue+Priest_vs_Warrior+Hunter,Rogue+Priest,Warrior+Hunter,0,team2,kill,50.17
Rogue+Priest_vs_Warrior+Hunter,Rogue+Priest,Warrior+Hunter,1,team2,kill,47.25
Rogue+Priest_vs_Warrior+Hunter,Rogue+Priest,Warrior+Hunter,2,team2,kill,33.63
Rogue+Priest_vs_Warrior+Hunter,Rogue+Priest,Warrior+Hunter,3,team2,kill,31.10
Rogue+Priest_vs_Warrior+Hunter,Rogue+Priest,Warrior+Hunter,4,team1,kill,36.77
Rogue+Priest_vs_Warrior+Hunter,Rogue+Priest,Warrior+Hunter,5,team2,kill,42.48
Rogue+Priest_vs_Warrior+Hunter,Rogue+Priest,Warrior+Hunter,6,team2,kill,37.18
Rogue+Priest_vs_Warrior+Hunter,Rogue+Priest,Warrior+Hunter,7,team2,kill,37.18
Rogue+Priest_vs_Warrior+Hunter,Rogue+Priest,Warrior+Hunter,8,team2,kill,37.18
Rogue+Priest_vs_Warrior+Hunter,Rogue+Priest,Warrior+Hunter,9,team1,kill,38.92
Rogue+Priest_vs_Mage+Hunter,Rogue+Priest,Mage+Hunter,0,team2,kill,23.17
Rogue+Priest_vs_Mage+Hunter,Rogue+Priest,Mage+Hunter,1,team2,kill,23.87
Rogue+Priest_vs_Mage+Hunter,Rogue+Priest,Mage+Hunter,2,team2,kill,26.17
Rogue+Priest_vs_Mage+Hunter,Rogue+Priest,Mage+Hunter,3,team2,kill,25.03
Rogue+Priest_vs_Mage+Hunter,Rogue+Priest,Mage+Hunter,4,team2,kill,18.53
Rogue+Priest_vs_Mage+Hunter,Rogue+Priest,Mage+Hunter,5,team2,kill,23.65
Rogue+Priest_vs_Mage+Hunter,Rogue+Priest,Mage+Hunter,6,team2,kill,23.65
Rogue+Priest_vs_Mage+Hunter,Rogue+Priest,Mage+Hunter,7,team2,kill,20.85
Rogue+Priest_vs_Mage+Hunter,Rogue+Priest,Mage+Hunter,8,team2,kill,23.65
Rogue+Priest_vs_Mage+Hunter,Rogue+Priest,Mage+Hunter,9,team2,kill,23.65
Rogue+Priest_vs_Rogue+Hunter,Rogue+Priest,Rogue+Hunter,0,team2,kill,35.42
Rogue+Priest_vs_Rogue+Hunter,Rogue+Priest,Rogue+Hunter,1,team2,kill,44.72
Rogue+Priest_vs_Rogue+Hunter,Rogue+Priest,Rogue+Hunter,2,team2,kill,41.53
Rogue+Priest_vs_Rogue+Hunter,Rogue+Priest,Rogue+Hunter,3,team2,kill,41.17
Rogue+Priest_vs_Rogue+Hunter,Rogue+Priest,Rogue+Hunter,4,team2,kill,27.10
Rogue+Priest_vs_Rogue+Hunter,Rogue+Priest,Rogue+Hunter,5,team2,kill,41.13
Rogue+Priest_vs_Rogue+Hunter,Rogue+Priest,Rogue+Hunter,6,team2,kill,29.67
Rogue+Priest_vs_Rogue+Hunter,Rogue+Priest,Rogue+Hunter,7,team2,kill,47.23
Rogue+Priest_vs_Rogue+Hunter,Rogue+Priest,Rogue+Hunter,8,team2,kill,30.73
Rogue+Priest_vs_Rogue+Hunter,Rogue+Priest,Rogue+Hunter,9,team2,kill,33.90
Rogue+Priest_vs_Priest+Hunter,Rogue+Priest,Priest+Hunter,0,team2,kill,38.65
Rogue+Priest_vs_Priest+Hunter,Rogue+Priest,Priest+Hunter,1,team2,kill,40.00
Rogue+Priest_vs_Priest+Hunter,Rogue+Priest,Priest+Hunter,2,team2,kill,43.68
Rogue+Priest_vs_Priest+Hunter,Rogue+Priest,Priest+Hunter,3,team2,kill,40.97
Rogue+Priest_vs_Priest+Hunter,Rogue+Priest,Priest+Hunter,4,team2,kill,48.72
Rogue+Priest_vs_Priest+Hunter,Rogue+Priest,Priest+Hunter,5,team2,kill,52.92
Rogue+Priest_vs_Priest+Hunter,Rogue+Priest,Priest+Hunter,6,team2,kill,42.72
Rogue+Priest_vs_Priest+Hunter,Rogue+Priest,Priest+Hunter,7,team2,kill,38.72
Rogue+Priest_vs_Priest+Hunter,Rogue+Priest,Priest+Hunter,8,team2,kill,40.75
Rogue+Priest_vs_Priest+Hunter,Rogue+Priest,Priest+Hunter,9,team2,kill,52.98
Rogue+Priest_vs_Warlock+Hunter,Rogue+Priest,Warlock+Hunter,0,team2,kill,23.78
Rogue+Priest_vs_Warlock+Hunter,Rogue+Priest,Warlock+Hunter,1,team2,kill,21.80
Rogue+Priest_vs_Warlock+Hunter,Rogue+Priest,Warlock+Hunter,2,team2,kill,19.93
Rogue+Priest_vs_Warlock+Hunter,Rogue+Priest,Warlock+Hunter,3,team2,kill,37.15
Rogue+Priest_vs_Warlock+Hunter,Rogue+Priest,Warlock+Hunter,4,team2,kill,31.68
Rogue+Priest_vs_Warlock+Hunter,Rogue+Priest,Warlock+Hunter,5,team2,kill,21.72
Rogue+Priest_vs_Warlock+Hunter,Rogue+Priest,Warlock+Hunter,6,team2,kill,23.88
Rogue+Priest_vs_Warlock+Hunter,Rogue+Priest,Warlock+Hunter,7,team2,kill,22.55
Rogue+Priest_vs_Warlock+Hunter,Rogue+Priest,Warlock+Hunter,8,team2,kill,35.60
Rogue+Priest_vs_Warlock+Hunter,Rogue+Priest,Warlock+Hunter,9,team2,kill,33.80
Rogue+Priest_vs_Paladin+Hunter,Rogue+Priest,Paladin+Hunter,0,team2,kill,58.28
Rogue+Priest_vs_Paladin+Hunter,Rogue+Priest,Paladin+Hunter,1,team2,kill,55.77
Rogue+Priest_vs_Paladin+Hunter,Rogue+Priest,Paladin+Hunter,2,team2,kill,53.75
Rogue+Priest_vs_Paladin+Hunter,Rogue+Priest,Paladin+Hunter,3,team2,kill,53.75
Rogue+Priest_vs_Paladin+Hunter,Rogue+Priest,Paladin+Hunter,4,team2,kill,55.40
Rogue+Priest_vs_Paladin+Hunter,Rogue+Priest,Paladin+Hunter,5,team2,kill,53.75
Rogue+Priest_vs_Paladin+Hunter,Rogue+Priest,Paladin+Hunter,6,team2,kill,69.92
Rogue+Priest_vs_Paladin+Hunter,Rogue+Priest,Paladin+Hunter,7,team2,kill,63.77
Rogue+Priest_vs_Paladin+Hunter,Rogue+Priest,Paladin+Hunter,8,team2,kill,42.08
Rogue+Priest_vs_Paladin+Hunter,Rogue+Priest,Paladin+Hunter,9,team2,kill,53.80
Rogue+Priest_vs_Hunter+Shaman,Rogue+Priest,Hunter+Shaman,0,team2,kill,24.75
Rogue+Priest_vs_Hunter+Shaman,Rogue+Priest,Hunter+Shaman,1,team2,kill,25.15
Rogue+Priest_vs_Hunter+Shaman,Rogue+Priest,Hunter+Shaman,2,team2,kill,19.50
Rogue+Priest_vs_Hunter+Shaman,Rogue+Priest,Hunter+Shaman,3,team2,kill,19.50
Rogue+Priest_vs_Hunter+Shaman,Rogue+Priest,Hunter+Shaman,4,team2,kill,25.15
Rogue+Priest_vs_Hunter+Shaman,Rogue+Priest,Hunter+Shaman,5,team2,kill,20.08
Rogue+Priest_vs_Hunter+Shaman,Rogue+Priest,Hunter+Shaman,6,team2,kill,25.15
Rogue+Priest_vs_Hunter+Shaman,Rogue+Priest,Hunter+Shaman,7,team2,kill,25.22
Rogue+Priest_vs_Hunter+Shaman,Rogue+Priest,Hunter+Shaman,8,team2,kill,19.50
Rogue+Priest_vs_Hunter+Shaman,Rogue+Priest,Hunter+Shaman,9,team2,kill,25.15
Rogue+Warlock_vs_Warrior+Hunter,Rogue+Warlock,Warrior+Hunter,0,team2,kill,21.22
Rogue+Warlock_vs_Warrior+Hunter,Rogue+Warlock,Warrior+Hunter,1,team2,kill,21.72
Rogue+Warlock_vs_Warrior+Hunter,Rogue+Warlock,Warrior+Hunter,2,team2,kill,21.80
Rogue+Warlock_vs_Warrior+Hunter,Rogue+Warlock,Warrior+Hunter,3,team2,kill,17.30
Rogue+Warlock_vs_Warrior+Hunter,Rogue+Warlock,Warrior+Hunter,4,team2,kill,21.72
Rogue+Warlock_vs_Warrior+Hunter,Rogue+Warlock,Warrior+Hunter,5,team2,kill,22.23
Rogue+Warlock_vs_Warrior+Hunter,Rogue+Warlock,Warrior+Hunter,6,team2,kill,21.72
Rogue+Warlock_vs_Warrior+Hunter,Rogue+Warlock,Warrior+Hunter,7,team2,kill,29.25
Rogue+Warlock_vs_Warrior+Hunter,Rogue+Warlock,Warrior+Hunter,8,team2,kill,17.70
Rogue+Warlock_vs_Warrior+Hunter,Rogue+Warlock,Warrior+Hunter,9,team2,kill,28.00
Rogue+Warlock_vs_Mage+Hunter,Rogue+Warlock,Mage+Hunter,0,team2,kill,25.42
Rogue+Warlock_vs_Mage+Hunter,Rogue+Warlock,Mage+Hunter,1,team2,kill,25.38
Rogue+Warlock_vs_Mage+Hunter,Rogue+Warlock,Mage+Hunter,2,team2,kill,16.10
Rogue+Warlock_vs_Mage+Hunter,Rogue+Warlock,Mage+Hunter,3,team2,kill,24.17
Rogue+Warlock_vs_Mage+Hunter,Rogue+Warlock,Mage+Hunter,4,team2,kill,21.12
Rogue+Warlock_vs_Mage+Hunter,Rogue+Warlock,Mage+Hunter,5,team2,kill,25.37
Rogue+Warlock_vs_Mage+Hunter,Rogue+Warlock,Mage+Hunter,6,team2,kill,25.37
Rogue+Warlock_vs_Mage+Hunter,Rogue+Warlock,Mage+Hunter,7,team2,kill,25.42
Rogue+Warlock_vs_Mage+Hunter,Rogue+Warlock,Mage+Hunter,8,team2,kill,23.95
Rogue+Warlock_vs_Mage+Hunter,Rogue+Warlock,Mage+Hunter,9,team2,kill,25.37
Rogue+Warlock_vs_Rogue+Hunter,Rogue+Warlock,Rogue+Hunter,0,team2,kill,24.05
Rogue+Warlock_vs_Rogue+Hunter,Rogue+Warlock,Rogue+Hunter,1,team2,kill,27.20
Rogue+Warlock_vs_Rogue+Hunter,Rogue+Warlock,Rogue+Hunter,2,team2,kill,21.72
Rogue+Warlock_vs_Rogue+Hunter,Rogue+Warlock,Rogue+Hunter,3,team2,kill,24.92
Rogue+Warlock_vs_Rogue+Hunter,Rogue+Warlock,Rogue+Hunter,4,team2,kill,26.65
Rogue+Warlock_vs_Rogue+Hunter,Rogue+Warlock,Rogue+Hunter,5,team2,kill,29.75
Rogue+Warlock_vs_Rogue+Hunter,Rogue+Warlock,Rogue+Hunter,6,team2,kill,32.88
Rogue+Warlock_vs_Rogue+Hunter,Rogue+Warlock,Rogue+Hunter,7,team2,kill,27.08
Rogue+Warlock_vs_Rogue+Hunter,Rogue+Warlock,Rogue+Hunter,8,team2,kill,21.72
Rogue+Warlock_vs_Rogue+Hunter,Rogue+Warlock,Rogue+Hunter,9,team2,kill,24.27
Rogue+Warlock_vs_Priest+Hunter,Rogue+Warlock,Priest+Hunter,0,team2,kill,23.07
Rogue+Warlock_vs_Priest+Hunter,Rogue+Warlock,Priest+Hunter,1,team2,kill,23.05
Rogue+Warlock_vs_Priest+Hunter,Rogue+Warlock,Priest+Hunter,2,team2,kill,21.60
Rogue+Warlock_vs_Priest+Hunter,Rogue+Warlock,Priest+Hunter,3,team2,kill,24.93
Rogue+Warlock_vs_Priest+Hunter,Rogue+Warlock,Priest+Hunter,4,team2,kill,21.60
Rogue+Warlock_vs_Priest+Hunter,Rogue+Warlock,Priest+Hunter,5,team2,kill,23.28
Rogue+Warlock_vs_Priest+Hunter,Rogue+Warlock,Priest+Hunter,6,team2,kill,23.40
Rogue+Warlock_vs_Priest+Hunter,Rogue+Warlock,Priest+Hunter,7,team2,kill,22.45
Rogue+Warlock_vs_Priest+Hunter,Rogue+Warlock,Priest+Hunter,8,team2,kill,25.57
Rogue+Warlock_vs_Priest+Hunter,Rogue+Warlock,Priest+Hunter,9,team2,kill,23.27
Rogue+Warlock_vs_Warlock+Paladin,Rogue+Warlock,Warlock+Paladin,0,team2,kill,44.32
Rogue+Warlock_vs_Warlock+Paladin,Rogue+Warlock,Warlock+Paladin,1,team2,kill,56.18
Rogue+Warlock_vs_Warlock+Paladin,Rogue+Warlock,Warlock+Paladin,2,team2,kill,58.13
Rogue+Warlock_vs_Warlock+Paladin,Rogue+Warlock,Warlock+Paladin,3,team2,kill,59.90
Rogue+Warlock_vs_Warlock+Paladin,Rogue+Warlock,Warlock+Paladin,4,team2,kill,65.38
Rogue+Warlock_vs_Warlock+Paladin,Rogue+Warlock,Warlock+Paladin,5,team2,kill,59.67
Rogue+Warlock_vs_Warlock+Paladin,Rogue+Warlock,Warlock+Paladin,6,team2,kill,59.02
Rogue+Warlock_vs_Warlock+Paladin,Rogue+Warlock,Warlock+Paladin,7,team2,kill,58.95
Rogue+Warlock_vs_Warlock+Paladin,Rogue+Warlock,Warlock+Paladin,8,team2,kill,66.87
Rogue+Warlock_vs_Warlock+Paladin,Rogue+Warlock,Warlock+Paladin,9,team2,kill,59.87
Rogue+Warlock_vs_Warlock+Hunter,Rogue+Warlock,Warlock+Hunter,0,team2,kill,26.88
Rogue+Warlock_vs_Warlock+Hunter,Rogue+Warlock,Warlock+Hunter,1,team2,kill,26.00
Rogue+Warlock_vs_Warlock+Hunter,Rogue+Warlock,Warlock+Hunter,2,team2,kill,25.08
Rogue+Warlock_vs_Warlock+Hunter,Rogue+Warlock,Warlock+Hunter,3,team2,kill,26.00
Rogue+Warlock_vs_Warlock+Hunter,Rogue+Warlock,Warlock+Hunter,4,team2,kill,25.48
Rogue+Warlock_vs_Warlock+Hunter,Rogue+Warlock,Warlock+Hunter,5,team2,kill,24.97
Rogue+Warlock_vs_Warlock+Hunter,Rogue+Warlock,Warlock+Hunter,6,team2,kill,25.03
Rogue+Warlock_vs_Warlock+Hunter,Rogue+Warlock,Warlock+Hunter,7,team2,kill,24.52
Rogue+Warlock_vs_Warlock+Hunter,Rogue+Warlock,Warlock+Hunter,8,team2,kill,29.93
Rogue+Warlock_vs_Warlock+Hunter,Rogue+Warlock,Warlock+Hunter,9,team2,kill,27.57
Rogue+Warlock_vs_Paladin+Hunter,Rogue+Warlock,Paladin+Hunter,0,team2,kill,31.22
Rogue+Warlock_vs_Paladin+Hunter,Rogue+Warlock,Paladin+Hunter,1,team2,kill,27.90
Rogue+Warlock_vs_Paladin+Hunter,Rogue+Warlock,Paladin+Hunter,2,team2,kill,21.22
Rogue+Warlock_vs_Paladin+Hunter,Rogue+Warlock,Paladin+Hunter,3,team2,kill,29.72
Rogue+Warlock_vs_Paladin+Hunter,Rogue+Warlock,Paladin+Hunter,4,team2,kill,28.05
Rogue+Warlock_vs_Paladin+Hunter,Rogue+Warlock,Paladin+Hunter,5,team2,kill,28.00
Rogue+Warlock_vs_Paladin+Hunter,Rogue+Warlock,Paladin+Hunter,6,team2,kill,27.25
Rogue+Warlock_vs_Paladin+Hunter,Rogue+Warlock,Paladin+Hunter,7,team2,kill,27.97
Rogue+Warlock_vs_Paladin+Hunter,Rogue+Warlock,Paladin+Hunter,8,team2,kill,30.63
Rogue+Warlock_vs_Paladin+Hunter,Rogue+Warlock,Paladin+Hunter,9,team2,kill,27.92
Rogue+Warlock_vs_Hunter+Shaman,Rogue+Warlock,Hunter+Shaman,0,team2,kill,16.18
Rogue+Warlock_vs_Hunter+Shaman,Rogue+Warlock,Hunter+Shaman,1,team2,kill,21.25
Rogue+Warlock_vs_Hunter+Shaman,Rogue+Warlock,Hunter+Shaman,2,team2,kill,21.25
Rogue+Warlock_vs_Hunter+Shaman,Rogue+Warlock,Hunter+Shaman,3,team2,kill,21.25
Rogue+Warlock_vs_Hunter+Shaman,Rogue+Warlock,Hunter+Shaman,4,team2,kill,21.25
Rogue+Warlock_vs_Hunter+Shaman,Rogue+Warlock,Hunter+Shaman,5,team2,kill,21.25
Rogue+Warlock_vs_Hunter+Shaman,Rogue+Warlock,Hunter+Shaman,6,team2,kill,21.25
Rogue+Warlock_vs_Hunter+Shaman,Rogue+Warlock,Hunter+Shaman,7,team2,kill,21.25
Rogue+Warlock_vs_Hunter+Shaman,Rogue+Warlock,Hunter+Shaman,8,team2,kill,21.25
Rogue+Warlock_vs_Hunter+Shaman,Rogue+Warlock,Hunter+Shaman,9,team2,kill,21.25
Rogue+Paladin_vs_Warrior+Hunter,Rogue+Paladin,Warrior+Hunter,0,team1,kill,73.13
Rogue+Paladin_vs_Warrior+Hunter,Rogue+Paladin,Warrior+Hunter,1,team1,kill,71.78
Rogue+Paladin_vs_Warrior+Hunter,Rogue+Paladin,Warrior+Hunter,2,team2,kill,48.52
Rogue+Paladin_vs_Warrior+Hunter,Rogue+Paladin,Warrior+Hunter,3,team2,kill,43.83
Rogue+Paladin_vs_Warrior+Hunter,Rogue+Paladin,Warrior+Hunter,4,team1,kill,82.65
Rogue+Paladin_vs_Warrior+Hunter,Rogue+Paladin,Warrior+Hunter,5,team2,kill,65.88
Rogue+Paladin_vs_Warrior+Hunter,Rogue+Paladin,Warrior+Hunter,6,team1,kill,76.00
Rogue+Paladin_vs_Warrior+Hunter,Rogue+Paladin,Warrior+Hunter,7,team1,kill,70.95
Rogue+Paladin_vs_Warrior+Hunter,Rogue+Paladin,Warrior+Hunter,8,team2,kill,47.72
Rogue+Paladin_vs_Warrior+Hunter,Rogue+Paladin,Warrior+Hunter,9,team2,kill,48.13
Rogue+Paladin_vs_Warrior+Shaman,Rogue+Paladin,Warrior+Shaman,0,team1,kill,41.90
Rogue+Paladin_vs_Warrior+Shaman,Rogue+Paladin,Warrior+Shaman,1,team1,kill,40.00
Rogue+Paladin_vs_Warrior+Shaman,Rogue+Paladin,Warrior+Shaman,2,team1,kill,39.72
Rogue+Paladin_vs_Warrior+Shaman,Rogue+Paladin,Warrior+Shaman,3,team1,kill,39.95
Rogue+Paladin_vs_Warrior+Shaman,Rogue+Paladin,Warrior+Shaman,4,team2,kill,52.05
Rogue+Paladin_vs_Warrior+Shaman,Rogue+Paladin,Warrior+Shaman,5,team1,kill,36.70
Rogue+Paladin_vs_Warrior+Shaman,Rogue+Paladin,Warrior+Shaman,6,team1,kill,41.13
Rogue+Paladin_vs_Warrior+Shaman,Rogue+Paladin,Warrior+Shaman,7,team1,kill,39.35
Rogue+Paladin_vs_Warrior+Shaman,Rogue+Paladin,Warrior+Shaman,8,team1,kill,41.15
Rogue+Paladin_vs_Warrior+Shaman,Rogue+Paladin,Warrior+Shaman,9,team2,kill,55.47
Rogue+Paladin_vs_Mage+Hunter,Rogue+Paladin,Mage+Hunter,0,team2,kill,37.47
Rogue+Paladin_vs_Mage+Hunter,Rogue+Paladin,Mage+Hunter,1,team2,kill,36.82
Rogue+Paladin_vs_Mage+Hunter,Rogue+Paladin,Mage+Hunter,2,team2,kill,39.85
Rogue+Paladin_vs_Mage+Hunter,Rogue+Paladin,Mage+Hunter,3,team2,kill,38.45
Rogue+Paladin_vs_Mage+Hunter,Rogue+Paladin,Mage+Hunter,4,team2,kill,38.33
Rogue+Paladin_vs_Mage+Hunter,Rogue+Paladin,Mage+Hunter,5,team2,kill,38.33
Rogue+Paladin_vs_Mage+Hunter,Rogue+Paladin,Mage+Hunter,6,team2,kill,38.33
Rogue+Paladin_vs_Mage+Hunter,Rogue+Paladin,Mage+Hunter,7,team2,kill,35.65
Rogue+Paladin_vs_Mage+Hunter,Rogue+Paladin,Mage+Hunter,8,team2,kill,38.98
Rogue+Paladin_vs_Mage+Hunter,Rogue+Paladin,Mage+Hunter,9,team2,kill,38.33
Rogue+Paladin_vs_Rogue+Hunter,Rogue+Paladin,Rogue+Hunter,0,team1,kill,40.77
Rogue+Paladin_vs_Rogue+Hunter,Rogue+Paladin,Rogue+Hunter,1,team1,kill,40.18
Rogue+Paladin_vs_Rogue+Hunter,Rogue+Paladin,Rogue+Hunter,2,team1,kill,41.37
Rogue+Paladin_vs_Rogue+Hunter,Rogue+Paladin,Rogue+Hunter,3,team1,kill,70.23
Rogue+Paladin_vs_Rogue+Hunter,Rogue+Paladin,Rogue+Hunter,4,team1,kill,69.25
Rogue+Paladin_vs_Rogue+Hunter,Rogue+Paladin,Rogue+Hunter,5,team1,kill,41.70
Rogue+Paladin_vs_Rogue+Hunter,Rogue+Paladin,Rogue+Hunter,6,team1,kill,42.12
Rogue+Paladin_vs_Rogue+Hunter,Rogue+Paladin,Rogue+Hunter,7,team1,kill,69.73
Rogue+Paladin_vs_Rogue+Hunter,Rogue+Paladin,Rogue+Hunter,8,team1,kill,41.70
Rogue+Paladin_vs_Rogue+Hunter,Rogue+Paladin,Rogue+Hunter,9,team1,kill,40.68
Rogue+Paladin_vs_Priest+Hunter,Rogue+Paladin,Priest+Hunter,0,team2,kill,66.18
Rogue+Paladin_vs_Priest+Hunter,Rogue+Paladin,Priest+Hunter,1,team1,kill,50.30
Rogue+Paladin_vs_Priest+Hunter,Rogue+Paladin,Priest+Hunter,2,team2,kill,71.38
Rogue+Paladin_vs_Priest+Hunter,Rogue+Paladin,Priest+Hunter,3,team1,kill,51.62
Rogue+Paladin_vs_Priest+Hunter,Rogue+Paladin,Priest+Hunter,4,team2,kill,70.82
Rogue+Paladin_vs_Priest+Hunter,Rogue+Paladin,Priest+Hunter,5,team1,kill,76.64
Rogue+Paladin_vs_Priest+Hunter,Rogue+Paladin,Priest+Hunter,6,team1,kill,58.30
Rogue+Paladin_vs_Priest+Hunter,Rogue+Paladin,Priest+Hunter,7,team2,kill,65.78
Rogue+Paladin_vs_Priest+Hunter,Rogue+Paladin,Priest+Hunter,8,team2,kill,67.58
Rogue+Paladin_vs_Priest+Hunter,Rogue+Paladin,Priest+Hunter,9,team1,kill,87.54
Rogue+Paladin_vs_Warlock+Hunter,Rogue+Paladin,Warlock+Hunter,0,team2,kill,36.73
Rogue+Paladin_vs_Warlock+Hunter,Rogue+Paladin,Warlock+Hunter,1,team2,kill,41.05
Rogue+Paladin_vs_Warlock+Hunter,Rogue+Paladin,Warlock+Hunter,2,team1,kill,91.47
Rogue+Paladin_vs_Warlock+Hunter,Rogue+Paladin,Warlock+Hunter,3,team2,kill,40.60
Rogue+Paladin_vs_Warlock+Hunter,Rogue+Paladin,Warlock+Hunter,4,team2,kill,56.88
Rogue+Paladin_vs_Warlock+Hunter,Rogue+Paladin,Warlock+Hunter,5,team2,kill,46.83
Rogue+Paladin_vs_Warlock+Hunter,Rogue+Paladin,Warlock+Hunter,6,team2,kill,40.92
Rogue+Paladin_vs_Warlock+Hunter,Rogue+Paladin,Warlock+Hunter,7,team2,kill,40.92
Rogue+Paladin_vs_Warlock+Hunter,Rogue+Paladin,Warlock+Hunter,8,team2,kill,51.05
Rogue+Paladin_vs_Warlock+Hunter,Rogue+Paladin,Warlock+Hunter,9,team2,kill,46.82
Rogue+Paladin_vs_Paladin+Hunter,Rogue+Paladin,Paladin+Hunter,0,team2,kill,95.24
Rogue+Paladin_vs_Paladin+Hunter,Rogue+Paladin,Paladin+Hunter,1,team2,kill,101.64
Rogue+Paladin_vs_Paladin+Hunter,Rogue+Paladin,Paladin+Hunter,2,team2,kill,84.75
Rogue+Paladin_vs_Paladin+Hunter,Rogue+Paladin,Paladin+Hunter,3,team2,kill,87.92
Rogue+Paladin_vs_Paladin+Hunter,Rogue+Paladin,Paladin+Hunter,4,team2,kill,90.20
Rogue+Paladin_vs_Paladin+Hunter,Rogue+Paladin,Paladin+Hunter,5,team2,kill,102.11
Rogue+Paladin_vs_Paladin+Hunter,Rogue+Paladin,Paladin+Hunter,6,team2,kill,79.99
Rogue+Paladin_vs_Paladin+Hunter,Rogue+Paladin,Paladin+Hunter,7,team2,kill,79.02
Rogue+Paladin_vs_Paladin+Hunter,Rogue+Paladin,Paladin+Hunter,8,team2,kill,90.62
Rogue+Paladin_vs_Paladin+Hunter,Rogue+Paladin,Paladin+Hunter,9,team2,kill,83.05
Rogue+Paladin_vs_Hunter+Shaman,Rogue+Paladin,Hunter+Shaman,0,draw,cap,300.00
Rogue+Paladin_vs_Hunter+Shaman,Rogue+Paladin,Hunter+Shaman,1,draw,cap,300.00
Rogue+Paladin_vs_Hunter+Shaman,Rogue+Paladin,Hunter+Shaman,2,team1,kill,206.38
Rogue+Paladin_vs_Hunter+Shaman,Rogue+Paladin,Hunter+Shaman,3,team1,kill,200.36
Rogue+Paladin_vs_Hunter+Shaman,Rogue+Paladin,Hunter+Shaman,4,team1,kill,170.37
Rogue+Paladin_vs_Hunter+Shaman,Rogue+Paladin,Hunter+Shaman,5,team1,kill,265.45
Rogue+Paladin_vs_Hunter+Shaman,Rogue+Paladin,Hunter+Shaman,6,draw,cap,300.00
Rogue+Paladin_vs_Hunter+Shaman,Rogue+Paladin,Hunter+Shaman,7,draw,cap,300.00
Rogue+Paladin_vs_Hunter+Shaman,Rogue+Paladin,Hunter+Shaman,8,team1,kill,260.28
Rogue+Paladin_vs_Hunter+Shaman,Rogue+Paladin,Hunter+Shaman,9,draw,cap,300.00
Rogue+Hunter_vs_Warrior+Mage,Rogue+Hunter,Warrior+Mage,0,team2,kill,27.23
Rogue+Hunter_vs_Warrior+Mage,Rogue+Hunter,Warrior+Mage,1,team2,kill,26.65
Rogue+Hunter_vs_Warrior+Mage,Rogue+Hunter,Warrior+Mage,2,team2,kill,26.65
Rogue+Hunter_vs_Warrior+Mage,Rogue+Hunter,Warrior+Mage,3,team2,kill,26.65
Rogue+Hunter_vs_Warrior+Mage,Rogue+Hunter,Warrior+Mage,4,team2,kill,25.68
Rogue+Hunter_vs_Warrior+Mage,Rogue+Hunter,Warrior+Mage,5,team2,kill,28.68
Rogue+Hunter_vs_Warrior+Mage,Rogue+Hunter,Warrior+Mage,6,team2,kill,25.82
Rogue+Hunter_vs_Warrior+Mage,Rogue+Hunter,Warrior+Mage,7,team2,kill,27.13
Rogue+Hunter_vs_Warrior+Mage,Rogue+Hunter,Warrior+Mage,8,team2,kill,25.80
Rogue+Hunter_vs_Warrior+Mage,Rogue+Hunter,Warrior+Mage,9,team2,kill,25.75
Rogue+Hunter_vs_Warrior+Rogue,Rogue+Hunter,Warrior+Rogue,0,team1,kill,48.17
Rogue+Hunter_vs_Warrior+Rogue,Rogue+Hunter,Warrior+Rogue,1,team1,kill,50.98
Rogue+Hunter_vs_Warrior+Rogue,Rogue+Hunter,Warrior+Rogue,2,team2,kill,25.53
Rogue+Hunter_vs_Warrior+Rogue,Rogue+Hunter,Warrior+Rogue,3,team1,kill,44.18
Rogue+Hunter_vs_Warrior+Rogue,Rogue+Hunter,Warrior+Rogue,4,team1,kill,45.67
Rogue+Hunter_vs_Warrior+Rogue,Rogue+Hunter,Warrior+Rogue,5,team1,kill,43.18
Rogue+Hunter_vs_Warrior+Rogue,Rogue+Hunter,Warrior+Rogue,6,team2,kill,25.08
Rogue+Hunter_vs_Warrior+Rogue,Rogue+Hunter,Warrior+Rogue,7,team1,kill,45.95
Rogue+Hunter_vs_Warrior+Rogue,Rogue+Hunter,Warrior+Rogue,8,team1,kill,41.67
Rogue+Hunter_vs_Warrior+Rogue,Rogue+Hunter,Warrior+Rogue,9,team1,kill,45.95
Rogue+Hunter_vs_Warrior+Priest,Rogue+Hunter,Warrior+Priest,0,team2,kill,39.10
Rogue+Hunter_vs_Warrior+Priest,Rogue+Hunter,Warrior+Priest,1,team2,kill,55.97
Rogue+Hunter_vs_Warrior+Priest,Rogue+Hunter,Warrior+Priest,2,team1,kill,29.38
Rogue+Hunter_vs_Warrior+Priest,Rogue+Hunter,Warrior+Priest,3,team2,kill,53.38
Rogue+Hunter_vs_Warrior+Priest,Rogue+Hunter,Warrior+Priest,4,team2,kill,50.67
Rogue+Hunter_vs_Warrior+Priest,Rogue+Hunter,Warrior+Priest,5,team2,kill,52.47
Rogue+Hunter_vs_Warrior+Priest,Rogue+Hunter,Warrior+Priest,6,team2,kill,47.48
Rogue+Hunter_vs_Warrior+Priest,Rogue+Hunter,Warrior+Priest,7,team2,kill,52.52
Rogue+Hunter_vs_Warrior+Priest,Rogue+Hunter,Warrior+Priest,8,team2,kill,52.52
Rogue+Hunter_vs_Warrior+Priest,Rogue+Hunter,Warrior+Priest,9,team2,kill,24.08
Rogue+Hunter_vs_Warrior+Warlock,Rogue+Hunter,Warrior+Warlock,0,team1,kill,20.08
Rogue+Hunter_vs_Warrior+Warlock,Rogue+Hunter,Warrior+Warlock,1,team1,kill,29.20
Rogue+Hunter_vs_Warrior+Warlock,Rogue+Hunter,Warrior+Warlock,2,team2,kill,29.77
Rogue+Hunter_vs_Warrior+Warlock,Rogue+Hunter,Warrior+Warlock,3,team1,kill,25.15
Rogue+Hunter_vs_Warrior+Warlock,Rogue+Hunter,Warrior+Warlock,4,team1,kill,26.72
Rogue+Hunter_vs_Warrior+Warlock,Rogue+Hunter,Warrior+Warlock,5,team1,kill,24.37
Rogue+Hunter_vs_Warrior+Warlock,Rogue+Hunter,Warrior+Warlock,6,team2,kill,29.43
Rogue+Hunter_vs_Warrior+Warlock,Rogue+Hunter,Warrior+Warlock,7,team2,kill,29.68
Rogue+Hunter_vs_Warrior+Warlock,Rogue+Hunter,Warrior+Warlock,8,team2,kill,31.12
Rogue+Hunter_vs_Warrior+Warlock,Rogue+Hunter,Warrior+Warlock,9,team1,kill,26.35
Rogue+Hunter_vs_Warrior+Paladin,Rogue+Hunter,Warrior+Paladin,0,team2,kill,42.90
Rogue+Hunter_vs_Warrior+Paladin,Rogue+Hunter,Warrior+Paladin,1,team2,kill,27.12
Rogue+Hunter_vs_Warrior+Paladin,Rogue+Hunter,Warrior+Paladin,2,team2,kill,64.58
Rogue+Hunter_vs_Warrior+Paladin,Rogue+Hunter,Warrior+Paladin,3,team2,kill,44.08
Rogue+Hunter_vs_Warrior+Paladin,Rogue+Hunter,Warrior+Paladin,4,team2,kill,58.02
Rogue+Hunter_vs_Warrior+Paladin,Rogue+Hunter,Warrior+Paladin,5,team2,kill,44.08
Rogue+Hunter_vs_Warrior+Paladin,Rogue+Hunter,Warrior+Paladin,6,team2,kill,27.10
Rogue+Hunter_vs_Warrior+Paladin,Rogue+Hunter,Warrior+Paladin,7,team2,kill,44.08
Rogue+Hunter_vs_Warrior+Paladin,Rogue+Hunter,Warrior+Paladin,8,team2,kill,44.08
Rogue+Hunter_vs_Warrior+Paladin,Rogue+Hunter,Warrior+Paladin,9,team2,kill,43.48
Rogue+Hunter_vs_Warrior+Hunter,Rogue+Hunter,Warrior+Hunter,0,team2,kill,33.13
Rogue+Hunter_vs_Warrior+Hunter,Rogue+Hunter,Warrior+Hunter,1,team2,kill,33.13
Rogue+Hunter_vs_Warrior+Hunter,Rogue+Hunter,Warrior+Hunter,2,team1,kill,33.85
Rogue+Hunter_vs_Warrior+Hunter,Rogue+Hunter,Warrior+Hunter,3,team2,kill,28.10
Rogue+Hunter_vs_Warrior+Hunter,Rogue+Hunter,Warrior+Hunter,4,team2,kill,30.63
Rogue+Hunter_vs_Warrior+Hunter,Rogue+Hunter,Warrior+Hunter,5,team1,kill,33.07
Rogue+Hunter_vs_Warrior+Hunter,Rogue+Hunter,Warrior+Hunter,6,team2,kill,27.60
Rogue+Hunter_vs_Warrior+Hunter,Rogue+Hunter,Warrior+Hunter,7,team2,kill,32.30
Rogue+Hunter_vs_Warrior+Hunter,Rogue+Hunter,Warrior+Hunter,8,team2,kill,33.13
Rogue+Hunter_vs_Warrior+Hunter,Rogue+Hunter,Warrior+Hunter,9,team2,kill,30.62
Rogue+Hunter_vs_Warrior+Shaman,Rogue+Hunter,Warrior+Shaman,0,team1,kill,55.75
Rogue+Hunter_vs_Warrior+Shaman,Rogue+Hunter,Warrior+Shaman,1,team1,kill,20.57
Rogue+Hunter_vs_Warrior+Shaman,Rogue+Hunter,Warrior+Shaman,2,team1,kill,22.08
Rogue+Hunter_vs_Warrior+Shaman,Rogue+Hunter,Warrior+Shaman,3,team1,kill,70.38
Rogue+Hunter_vs_Warrior+Shaman,Rogue+Hunter,Warrior+Shaman,4,team1,kill,63.30
Rogue+Hunter_vs_Warrior+Shaman,Rogue+Hunter,Warrior+Shaman,5,team1,kill,63.30
Rogue+Hunter_vs_Warrior+Shaman,Rogue+Hunter,Warrior+Shaman,6,team1,kill,21.53
Rogue+Hunter_vs_Warrior+Shaman,Rogue+Hunter,Warrior+Shaman,7,team1,kill,55.75
Rogue+Hunter_vs_Warrior+Shaman,Rogue+Hunter,Warrior+Shaman,8,team1,kill,67.85
Rogue+Hunter_vs_Warrior+Shaman,Rogue+Hunter,Warrior+Shaman,9,team1,kill,62.82
Rogue+Hunter_vs_Mage+Rogue,Rogue+Hunter,Mage+Rogue,0,team1,kill,28.47
Rogue+Hunter_vs_Mage+Rogue,Rogue+Hunter,Mage+Rogue,1,team1,kill,27.57
Rogue+Hunter_vs_Mage+Rogue,Rogue+Hunter,Mage+Rogue,2,team1,kill,24.60
Rogue+Hunter_vs_Mage+Rogue,Rogue+Hunter,Mage+Rogue,3,team1,kill,26.90
Rogue+Hunter_vs_Mage+Rogue,Rogue+Hunter,Mage+Rogue,4,team1,kill,27.22
Rogue+Hunter_vs_Mage+Rogue,Rogue+Hunter,Mage+Rogue,5,team1,kill,25.10
Rogue+Hunter_vs_Mage+Rogue,Rogue+Hunter,Mage+Rogue,6,team1,kill,27.55
Rogue+Hunter_vs_Mage+Rogue,Rogue+Hunter,Mage+Rogue,7,team1,kill,28.47
Rogue+Hunter_vs_Mage+Rogue,Rogue+Hunter,Mage+Rogue,8,team1,kill,27.55
Rogue+Hunter_vs_Mage+Rogue,Rogue+Hunter,Mage+Rogue,9,team1,kill,23.62
Rogue+Hunter_vs_Mage+Priest,Rogue+Hunter,Mage+Priest,0,team2,kill,24.45
Rogue+Hunter_vs_Mage+Priest,Rogue+Hunter,Mage+Priest,1,team2,kill,24.45
Rogue+Hunter_vs_Mage+Priest,Rogue+Hunter,Mage+Priest,2,team2,kill,24.45
Rogue+Hunter_vs_Mage+Priest,Rogue+Hunter,Mage+Priest,3,team2,kill,24.45
Rogue+Hunter_vs_Mage+Priest,Rogue+Hunter,Mage+Priest,4,team2,kill,24.45
Rogue+Hunter_vs_Mage+Priest,Rogue+Hunter,Mage+Priest,5,team2,kill,24.45
Rogue+Hunter_vs_Mage+Priest,Rogue+Hunter,Mage+Priest,6,team2,kill,24.88
Rogue+Hunter_vs_Mage+Priest,Rogue+Hunter,Mage+Priest,7,team2,kill,24.45
Rogue+Hunter_vs_Mage+Priest,Rogue+Hunter,Mage+Priest,8,team2,kill,24.45
Rogue+Hunter_vs_Mage+Priest,Rogue+Hunter,Mage+Priest,9,team2,kill,24.45
Rogue+Hunter_vs_Mage+Warlock,Rogue+Hunter,Mage+Warlock,0,team2,kill,22.47
Rogue+Hunter_vs_Mage+Warlock,Rogue+Hunter,Mage+Warlock,1,team2,kill,19.33
Rogue+Hunter_vs_Mage+Warlock,Rogue+Hunter,Mage+Warlock,2,team2,kill,27.57
Rogue+Hunter_vs_Mage+Warlock,Rogue+Hunter,Mage+Warlock,3,team2,kill,21.60
Rogue+Hunter_vs_Mage+Warlock,Rogue+Hunter,Mage+Warlock,4,team2,kill,22.50
Rogue+Hunter_vs_Mage+Warlock,Rogue+Hunter,Mage+Warlock,5,team2,kill,21.85
Rogue+Hunter_vs_Mage+Warlock,Rogue+Hunter,Mage+Warlock,6,team2,kill,22.78
Rogue+Hunter_vs_Mage+Warlock,Rogue+Hunter,Mage+Warlock,7,team2,kill,20.73
Rogue+Hunter_vs_Mage+Warlock,Rogue+Hunter,Mage+Warlock,8,team2,kill,22.53
Rogue+Hunter_vs_Mage+Warlock,Rogue+Hunter,Mage+Warlock,9,team2,kill,22.35
Rogue+Hunter_vs_Mage+Paladin,Rogue+Hunter,Mage+Paladin,0,team1,kill,43.48
Rogue+Hunter_vs_Mage+Paladin,Rogue+Hunter,Mage+Paladin,1,team1,kill,44.82
Rogue+Hunter_vs_Mage+Paladin,Rogue+Hunter,Mage+Paladin,2,team2,kill,41.17
Rogue+Hunter_vs_Mage+Paladin,Rogue+Hunter,Mage+Paladin,3,team2,kill,34.77
Rogue+Hunter_vs_Mage+Paladin,Rogue+Hunter,Mage+Paladin,4,team1,kill,48.75
Rogue+Hunter_vs_Mage+Paladin,Rogue+Hunter,Mage+Paladin,5,team1,kill,47.62
Rogue+Hunter_vs_Mage+Paladin,Rogue+Hunter,Mage+Paladin,6,team2,kill,41.30
Rogue+Hunter_vs_Mage+Paladin,Rogue+Hunter,Mage+Paladin,7,team1,kill,46.98
Rogue+Hunter_vs_Mage+Paladin,Rogue+Hunter,Mage+Paladin,8,team2,kill,41.23
Rogue+Hunter_vs_Mage+Paladin,Rogue+Hunter,Mage+Paladin,9,team1,kill,50.02
Rogue+Hunter_vs_Mage+Hunter,Rogue+Hunter,Mage+Hunter,0,team1,kill,33.02
Rogue+Hunter_vs_Mage+Hunter,Rogue+Hunter,Mage+Hunter,1,team2,kill,23.93
Rogue+Hunter_vs_Mage+Hunter,Rogue+Hunter,Mage+Hunter,2,team2,kill,23.72
Rogue+Hunter_vs_Mage+Hunter,Rogue+Hunter,Mage+Hunter,3,team1,kill,27.63
Rogue+Hunter_vs_Mage+Hunter,Rogue+Hunter,Mage+Hunter,4,team2,kill,30.42
Rogue+Hunter_vs_Mage+Hunter,Rogue+Hunter,Mage+Hunter,5,team1,kill,27.63
Rogue+Hunter_vs_Mage+Hunter,Rogue+Hunter,Mage+Hunter,6,team1,kill,33.02
Rogue+Hunter_vs_Mage+Hunter,Rogue+Hunter,Mage+Hunter,7,team1,kill,27.33
Rogue+Hunter_vs_Mage+Hunter,Rogue+Hunter,Mage+Hunter,8,team1,kill,27.63
Rogue+Hunter_vs_Mage+Hunter,Rogue+Hunter,Mage+Hunter,9,team2,kill,32.52
Rogue+Hunter_vs_Mage+Shaman,Rogue+Hunter,Mage+Shaman,0,team2,kill,16.25
Rogue+Hunter_vs_Mage+Shaman,Rogue+Hunter,Mage+Shaman,1,team2,kill,16.25
Rogue+Hunter_vs_Mage+Shaman,Rogue+Hunter,Mage+Shaman,2,team2,kill,12.73
Rogue+Hunter_vs_Mage+Shaman,Rogue+Hunter,Mage+Shaman,3,team2,kill,16.25
Rogue+Hunter_vs_Mage+Shaman,Rogue+Hunter,Mage+Shaman,4,team2,kill,12.73
Rogue+Hunter_vs_Mage+Shaman,Rogue+Hunter,Mage+Shaman,5,team2,kill,16.25
Rogue+Hunter_vs_Mage+Shaman,Rogue+Hunter,Mage+Shaman,6,team2,kill,16.25
Rogue+Hunter_vs_Mage+Shaman,Rogue+Hunter,Mage+Shaman,7,team2,kill,16.25
Rogue+Hunter_vs_Mage+Shaman,Rogue+Hunter,Mage+Shaman,8,team2,kill,16.25
Rogue+Hunter_vs_Mage+Shaman,Rogue+Hunter,Mage+Shaman,9,team2,kill,16.25
Rogue+Hunter_vs_Rogue+Priest,Rogue+Hunter,Rogue+Priest,0,team1,kill,37.45
Rogue+Hunter_vs_Rogue+Priest,Rogue+Hunter,Rogue+Priest,1,team1,kill,44.72
Rogue+Hunter_vs_Rogue+Priest,Rogue+Hunter,Rogue+Priest,2,team1,kill,41.53
Rogue+Hunter_vs_Rogue+Priest,Rogue+Hunter,Rogue+Priest,3,team1,kill,41.17
Rogue+Hunter_vs_Rogue+Priest,Rogue+Hunter,Rogue+Priest,4,team1,kill,32.18
Rogue+Hunter_vs_Rogue+Priest,Rogue+Hunter,Rogue+Priest,5,team1,kill,41.13
Rogue+Hunter_vs_Rogue+Priest,Rogue+Hunter,Rogue+Priest,6,team1,kill,33.05
Rogue+Hunter_vs_Rogue+Priest,Rogue+Hunter,Rogue+Priest,7,team1,kill,47.23
Rogue+Hunter_vs_Rogue+Priest,Rogue+Hunter,Rogue+Priest,8,team1,kill,31.10
Rogue+Hunter_vs_Rogue+Priest,Rogue+Hunter,Rogue+Priest,9,team1,kill,32.22
Rogue+Hunter_vs_Rogue+Warlock,Rogue+Hunter,Rogue+Warlock,0,team1,kill,24.63
Rogue+Hunter_vs_Rogue+Warlock,Rogue+Hunter,Rogue+Warlock,1,team1,kill,27.20
Rogue+Hunter_vs_Rogue+Warlock,Rogue+Hunter,Rogue+Warlock,2,team1,kill,21.72
Rogue+Hunter_vs_Rogue+Warlock,Rogue+Hunter,Rogue+Warlock,3,team1,kill,27.20
Rogue+Hunter_vs_Rogue+Warlock,Rogue+Hunter,Rogue+Warlock,4,team1,kill,23.72
Rogue+Hunter_vs_Rogue+Warlock,Rogue+Hunter,Rogue+Warlock,5,team1,kill,29.75
Rogue+Hunter_vs_Rogue+Warlock,Rogue+Hunter,Rogue+Warlock,6,team1,kill,23.88
Rogue+Hunter_vs_Rogue+Warlock,Rogue+Hunter,Rogue+Warlock,7,team1,kill,24.57
Rogue+Hunter_vs_Rogue+Warlock,Rogue+Hunter,Rogue+Warlock,8,team1,kill,30.90
Rogue+Hunter_vs_Rogue+Warlock,Rogue+Hunter,Rogue+Warlock,9,team1,kill,29.73
Rogue+Hunter_vs_Rogue+Paladin,Rogue+Hunter,Rogue+Paladin,0,team2,kill,40.77
Rogue+Hunter_vs_Rogue+Paladin,Rogue+Hunter,Rogue+Paladin,1,team2,kill,40.18
Rogue+Hunter_vs_Rogue+Paladin,Rogue+Hunter,Rogue+Paladin,2,team2,kill,41.37
Rogue+Hunter_vs_Rogue+Paladin,Rogue+Hunter,Rogue+Paladin,3,team2,kill,70.23
Rogue+Hunter_vs_Rogue+Paladin,Rogue+Hunter,Rogue+Paladin,4,team2,kill,69.25
Rogue+Hunter_vs_Rogue+Paladin,Rogue+Hunter,Rogue+Paladin,5,team2,kill,41.70
Rogue+Hunter_vs_Rogue+Paladin,Rogue+Hunter,Rogue+Paladin,6,team2,kill,42.12
Rogue+Hunter_vs_Rogue+Paladin,Rogue+Hunter,Rogue+Paladin,7,team2,kill,69.73
Rogue+Hunter_vs_Rogue+Paladin,Rogue+Hunter,Rogue+Paladin,8,team2,kill,41.70
Rogue+Hunter_vs_Rogue+Paladin,Rogue+Hunter,Rogue+Paladin,9,team2,kill,40.68
Rogue+Hunter_vs_Rogue+Hunter,Rogue+Hunter,Rogue+Hunter,0,team1,kill,27.53
Rogue+Hunter_vs_Rogue+Hunter,Rogue+Hunter,Rogue+Hunter,1,team1,kill,30.53
Rogue+Hunter_vs_Rogue+Hunter,Rogue+Hunter,Rogue+Hunter,2,team1,kill,28.82
Rogue+Hunter_vs_Rogue+Hunter,Rogue+Hunter,Rogue+Hunter,3,team1,kill,32.80
Rogue+Hunter_vs_Rogue+Hunter,Rogue+Hunter,Rogue+Hunter,4,team2,kill,30.33
Rogue+Hunter_vs_Rogue+Hunter,Rogue+Hunter,Rogue+Hunter,5,team1,kill,32.02
Rogue+Hunter_vs_Rogue+Hunter,Rogue+Hunter,Rogue+Hunter,6,team1,kill,29.25
Rogue+Hunter_vs_Rogue+Hunter,Rogue+Hunter,Rogue+Hunter,7,team2,kill,30.02
Rogue+Hunter_vs_Rogue+Hunter,Rogue+Hunter,Rogue+Hunter,8,team2,kill,27.58
Rogue+Hunter_vs_Rogue+Hunter,Rogue+Hunter,Rogue+Hunter,9,team1,kill,27.53
Rogue+Hunter_vs_Rogue+Shaman,Rogue+Hunter,Rogue+Shaman,0,team1,kill,45.65
Rogue+Hunter_vs_Rogue+Shaman,Rogue+Hunter,Rogue+Shaman,1,team1,kill,38.12
Rogue+Hunter_vs_Rogue+Shaman,Rogue+Hunter,Rogue+Shaman,2,team1,kill,61.58
Rogue+Hunter_vs_Rogue+Shaman,Rogue+Hunter,Rogue+Shaman,3,team1,kill,55.72
Rogue+Hunter_vs_Rogue+Shaman,Rogue+Hunter,Rogue+Shaman,4,team1,kill,55.00
Rogue+Hunter_vs_Rogue+Shaman,Rogue+Hunter,Rogue+Shaman,5,team1,kill,61.58
Rogue+Hunter_vs_Rogue+Shaman,Rogue+Hunter,Rogue+Shaman,6,team1,kill,42.40
Rogue+Hunter_vs_Rogue+Shaman,Rogue+Hunter,Rogue+Shaman,7,team1,kill,40.17
Rogue+Hunter_vs_Rogue+Shaman,Rogue+Hunter,Rogue+Shaman,8,team2,kill,50.33
Rogue+Hunter_vs_Rogue+Shaman,Rogue+Hunter,Rogue+Shaman,9,team1,kill,46.63
Rogue+Hunter_vs_Priest+Warlock,Rogue+Hunter,Priest+Warlock,0,team2,kill,27.33
Rogue+Hunter_vs_Priest+Warlock,Rogue+Hunter,Priest+Warlock,1,team2,kill,28.50
Rogue+Hunter_vs_Priest+Warlock,Rogue+Hunter,Priest+Warlock,2,team2,kill,27.33
Rogue+Hunter_vs_Priest+Warlock,Rogue+Hunter,Priest+Warlock,3,team1,kill,25.25
Rogue+Hunter_vs_Priest+Warlock,Rogue+Hunter,Priest+Warlock,4,team1,kill,25.33
Rogue+Hunter_vs_Priest+Warlock,Rogue+Hunter,Priest+Warlock,5,team2,kill,24.32
Rogue+Hunter_vs_Priest+Warlock,Rogue+Hunter,Priest+Warlock,6,team1,kill,25.55
Rogue+Hunter_vs_Priest+Warlock,Rogue+Hunter,Priest+Warlock,7,team2,kill,27.33
Rogue+Hunter_vs_Priest+Warlock,Rogue+Hunter,Priest+Warlock,8,team2,kill,24.10
Rogue+Hunter_vs_Priest+Warlock,Rogue+Hunter,Priest+Warlock,9,team2,kill,29.42
Rogue+Hunter_vs_Priest+Hunter,Rogue+Hunter,Priest+Hunter,0,team2,kill,28.75
Rogue+Hunter_vs_Priest+Hunter,Rogue+Hunter,Priest+Hunter,1,team2,kill,28.77
Rogue+Hunter_vs_Priest+Hunter,Rogue+Hunter,Priest+Hunter,2,team2,kill,28.10
Rogue+Hunter_vs_Priest+Hunter,Rogue+Hunter,Priest+Hunter,3,team2,kill,28.75
Rogue+Hunter_vs_Priest+Hunter,Rogue+Hunter,Priest+Hunter,4,team2,kill,29.37
Rogue+Hunter_vs_Priest+Hunter,Rogue+Hunter,Priest+Hunter,5,team2,kill,28.75
Rogue+Hunter_vs_Priest+Hunter,Rogue+Hunter,Priest+Hunter,6,team2,kill,26.83
Rogue+Hunter_vs_Priest+Hunter,Rogue+Hunter,Priest+Hunter,7,team2,kill,29.30
Rogue+Hunter_vs_Priest+Hunter,Rogue+Hunter,Priest+Hunter,8,team2,kill,29.85
Rogue+Hunter_vs_Priest+Hunter,Rogue+Hunter,Priest+Hunter,9,team2,kill,29.37
Rogue+Hunter_vs_Warlock+Paladin,Rogue+Hunter,Warlock+Paladin,0,team2,kill,48.70
Rogue+Hunter_vs_Warlock+Paladin,Rogue+Hunter,Warlock+Paladin,1,team2,kill,47.27
Rogue+Hunter_vs_Warlock+Paladin,Rogue+Hunter,Warlock+Paladin,2,team2,kill,36.88
Rogue+Hunter_vs_Warlock+Paladin,Rogue+Hunter,Warlock+Paladin,3,team2,kill,45.05
Rogue+Hunter_vs_Warlock+Paladin,Rogue+Hunter,Warlock+Paladin,4,team2,kill,47.70
Rogue+Hunter_vs_Warlock+Paladin,Rogue+Hunter,Warlock+Paladin,5,team2,kill,47.27
Rogue+Hunter_vs_Warlock+Paladin,Rogue+Hunter,Warlock+Paladin,6,team2,kill,42.03
Rogue+Hunter_vs_Warlock+Paladin,Rogue+Hunter,Warlock+Paladin,7,team1,kill,69.13
Rogue+Hunter_vs_Warlock+Paladin,Rogue+Hunter,Warlock+Paladin,8,team2,kill,46.90
Rogue+Hunter_vs_Warlock+Paladin,Rogue+Hunter,Warlock+Paladin,9,team2,kill,39.83
Rogue+Hunter_vs_Warlock+Hunter,Rogue+Hunter,Warlock+Hunter,0,team2,kill,26.90
Rogue+Hunter_vs_Warlock+Hunter,Rogue+Hunter,Warlock+Hunter,1,team2,kill,22.42
Rogue+Hunter_vs_Warlock+Hunter,Rogue+Hunter,Warlock+Hunter,2,team2,kill,25.77
Rogue+Hunter_vs_Warlock+Hunter,Rogue+Hunter,Warlock+Hunter,3,team2,kill,23.10
Rogue+Hunter_vs_Warlock+Hunter,Rogue+Hunter,Warlock+Hunter,4,team2,kill,23.00
Rogue+Hunter_vs_Warlock+Hunter,Rogue+Hunter,Warlock+Hunter,5,team2,kill,25.90
Rogue+Hunter_vs_Warlock+Hunter,Rogue+Hunter,Warlock+Hunter,6,team2,kill,29.12
Rogue+Hunter_vs_Warlock+Hunter,Rogue+Hunter,Warlock+Hunter,7,team2,kill,23.38
Rogue+Hunter_vs_Warlock+Hunter,Rogue+Hunter,Warlock+Hunter,8,team2,kill,24.82
Rogue+Hunter_vs_Warlock+Hunter,Rogue+Hunter,Warlock+Hunter,9,team2,kill,23.10
Rogue+Hunter_vs_Warlock+Shaman,Rogue+Hunter,Warlock+Shaman,0,team2,kill,20.62
Rogue+Hunter_vs_Warlock+Shaman,Rogue+Hunter,Warlock+Shaman,1,team2,kill,16.48
Rogue+Hunter_vs_Warlock+Shaman,Rogue+Hunter,Warlock+Shaman,2,team2,kill,25.58
Rogue+Hunter_vs_Warlock+Shaman,Rogue+Hunter,Warlock+Shaman,3,team2,kill,24.27
Rogue+Hunter_vs_Warlock+Shaman,Rogue+Hunter,Warlock+Shaman,4,team2,kill,22.05
Rogue+Hunter_vs_Warlock+Shaman,Rogue+Hunter,Warlock+Shaman,5,team2,kill,18.08
Rogue+Hunter_vs_Warlock+Shaman,Rogue+Hunter,Warlock+Shaman,6,team2,kill,23.55
Rogue+Hunter_vs_Warlock+Shaman,Rogue+Hunter,Warlock+Shaman,7,team2,kill,17.55
Rogue+Hunter_vs_Warlock+Shaman,Rogue+Hunter,Warlock+Shaman,8,team2,kill,21.60
Rogue+Hunter_vs_Warlock+Shaman,Rogue+Hunter,Warlock+Shaman,9,team2,kill,24.57
Rogue+Hunter_vs_Paladin+Hunter,Rogue+Hunter,Paladin+Hunter,0,team2,kill,33.25
Rogue+Hunter_vs_Paladin+Hunter,Rogue+Hunter,Paladin+Hunter,1,team2,kill,39.18
Rogue+Hunter_vs_Paladin+Hunter,Rogue+Hunter,Paladin+Hunter,2,team2,kill,33.25
Rogue+Hunter_vs_Paladin+Hunter,Rogue+Hunter,Paladin+Hunter,3,team2,kill,35.77
Rogue+Hunter_vs_Paladin+Hunter,Rogue+Hunter,Paladin+Hunter,4,team2,kill,36.65
Rogue+Hunter_vs_Paladin+Hunter,Rogue+Hunter,Paladin+Hunter,5,team2,kill,36.08
Rogue+Hunter_vs_Paladin+Hunter,Rogue+Hunter,Paladin+Hunter,6,team2,kill,36.22
Rogue+Hunter_vs_Paladin+Hunter,Rogue+Hunter,Paladin+Hunter,7,team2,kill,33.03
Rogue+Hunter_vs_Paladin+Hunter,Rogue+Hunter,Paladin+Hunter,8,team2,kill,33.25
Rogue+Hunter_vs_Paladin+Hunter,Rogue+Hunter,Paladin+Hunter,9,team2,kill,38.28
Rogue+Hunter_vs_Hunter+Shaman,Rogue+Hunter,Hunter+Shaman,0,team2,kill,22.53
Rogue+Hunter_vs_Hunter+Shaman,Rogue+Hunter,Hunter+Shaman,1,team2,kill,22.53
Rogue+Hunter_vs_Hunter+Shaman,Rogue+Hunter,Hunter+Shaman,2,team2,kill,22.53
Rogue+Hunter_vs_Hunter+Shaman,Rogue+Hunter,Hunter+Shaman,3,team2,kill,22.87
Rogue+Hunter_vs_Hunter+Shaman,Rogue+Hunter,Hunter+Shaman,4,team2,kill,25.52
Rogue+Hunter_vs_Hunter+Shaman,Rogue+Hunter,Hunter+Shaman,5,team2,kill,23.00
Rogue+Hunter_vs_Hunter+Shaman,Rogue+Hunter,Hunter+Shaman,6,team2,kill,21.02
Rogue+Hunter_vs_Hunter+Shaman,Rogue+Hunter,Hunter+Shaman,7,team2,kill,22.53
Rogue+Hunter_vs_Hunter+Shaman,Rogue+Hunter,Hunter+Shaman,8,team2,kill,25.52
Rogue+Hunter_vs_Hunter+Shaman,Rogue+Hunter,Hunter+Shaman,9,team2,kill,22.62
Rogue+Shaman_vs_Warrior+Hunter,Rogue+Shaman,Warrior+Hunter,0,team2,kill,54.57
Rogue+Shaman_vs_Warrior+Hunter,Rogue+Shaman,Warrior+Hunter,1,team2,kill,45.92
Rogue+Shaman_vs_Warrior+Hunter,Rogue+Shaman,Warrior+Hunter,2,team2,kill,62.48
Rogue+Shaman_vs_Warrior+Hunter,Rogue+Shaman,Warrior+Hunter,3,team2,kill,44.70
Rogue+Shaman_vs_Warrior+Hunter,Rogue+Shaman,Warrior+Hunter,4,team2,kill,55.83
Rogue+Shaman_vs_Warrior+Hunter,Rogue+Shaman,Warrior+Hunter,5,team2,kill,55.98
Rogue+Shaman_vs_Warrior+Hunter,Rogue+Shaman,Warrior+Hunter,6,team2,kill,43.40
Rogue+Shaman_vs_Warrior+Hunter,Rogue+Shaman,Warrior+Hunter,7,team2,kill,30.82
Rogue+Shaman_vs_Warrior+Hunter,Rogue+Shaman,Warrior+Hunter,8,team2,kill,58.52
Rogue+Shaman_vs_Warrior+Hunter,Rogue+Shaman,Warrior+Hunter,9,team2,kill,56.83
Rogue+Shaman_vs_Mage+Hunter,Rogue+Shaman,Mage+Hunter,0,team2,kill,30.75
Rogue+Shaman_vs_Mage+Hunter,Rogue+Shaman,Mage+Hunter,1,team2,kill,39.18
Rogue+Shaman_vs_Mage+Hunter,Rogue+Shaman,Mage+Hunter,2,team2,kill,30.78
Rogue+Shaman_vs_Mage+Hunter,Rogue+Shaman,Mage+Hunter,3,team2,kill,38.68
Rogue+Shaman_vs_Mage+Hunter,Rogue+Shaman,Mage+Hunter,4,team2,kill,36.17
Rogue+Shaman_vs_Mage+Hunter,Rogue+Shaman,Mage+Hunter,5,team2,kill,38.68
Rogue+Shaman_vs_Mage+Hunter,Rogue+Shaman,Mage+Hunter,6,team2,kill,38.68
Rogue+Shaman_vs_Mage+Hunter,Rogue+Shaman,Mage+Hunter,7,team2,kill,36.17
Rogue+Shaman_vs_Mage+Hunter,Rogue+Shaman,Mage+Hunter,8,team2,kill,39.18
Rogue+Shaman_vs_Mage+Hunter,Rogue+Shaman,Mage+Hunter,9,team2,kill,27.07
Rogue+Shaman_vs_Rogue+Hunter,Rogue+Shaman,Rogue+Hunter,0,team2,kill,45.65
Rogue+Shaman_vs_Rogue+Hunter,Rogue+Shaman,Rogue+Hunter,1,team2,kill,38.12
Rogue+Shaman_vs_Rogue+Hunter,Rogue+Shaman,Rogue+Hunter,2,team2,kill,61.58
Rogue+Shaman_vs_Rogue+Hunter,Rogue+Shaman,Rogue+Hunter,3,team2,kill,55.72
Rogue+Shaman_vs_Rogue+Hunter,Rogue+Shaman,Rogue+Hunter,4,team2,kill,55.00
Rogue+Shaman_vs_Rogue+Hunter,Rogue+Shaman,Rogue+Hunter,5,team2,kill,61.58
Rogue+Shaman_vs_Rogue+Hunter,Rogue+Shaman,Rogue+Hunter,6,team2,kill,42.40
Rogue+Shaman_vs_Rogue+Hunter,Rogue+Shaman,Rogue+Hunter,7,team2,kill,40.17
Rogue+Shaman_vs_Rogue+Hunter,Rogue+Shaman,Rogue+Hunter,8,team1,kill,50.33
Rogue+Shaman_vs_Rogue+Hunter,Rogue+Shaman,Rogue+Hunter,9,team2,kill,46.63
Rogue+Shaman_vs_Priest+Hunter,Rogue+Shaman,Priest+Hunter,0,team2,kill,58.53
Rogue+Shaman_vs_Priest+Hunter,Rogue+Shaman,Priest+Hunter,1,team2,kill,60.75
Rogue+Shaman_vs_Priest+Hunter,Rogue+Shaman,Priest+Hunter,2,team2,kill,41.10
Rogue+Shaman_vs_Priest+Hunter,Rogue+Shaman,Priest+Hunter,3,team2,kill,53.77
Rogue+Shaman_vs_Priest+Hunter,Rogue+Shaman,Priest+Hunter,4,team2,kill,53.15
Rogue+Shaman_vs_Priest+Hunter,Rogue+Shaman,Priest+Hunter,5,team2,kill,61.72
Rogue+Shaman_vs_Priest+Hunter,Rogue+Shaman,Priest+Hunter,6,team2,kill,34.63
Rogue+Shaman_vs_Priest+Hunter,Rogue+Shaman,Priest+Hunter,7,team2,kill,42.73
Rogue+Shaman_vs_Priest+Hunter,Rogue+Shaman,Priest+Hunter,8,team2,kill,52.72
Rogue+Shaman_vs_Priest+Hunter,Rogue+Shaman,Priest+Hunter,9,team2,kill,64.57
Rogue+Shaman_vs_Warlock+Hunter,Rogue+Shaman,Warlock+Hunter,0,team2,kill,28.18
Rogue+Shaman_vs_Warlock+Hunter,Rogue+Shaman,Warlock+Hunter,1,team2,kill,34.57
Rogue+Shaman_vs_Warlock+Hunter,Rogue+Shaman,Warlock+Hunter,2,team2,kill,35.23
Rogue+Shaman_vs_Warlock+Hunter,Rogue+Shaman,Warlock+Hunter,3,team2,kill,26.30
Rogue+Shaman_vs_Warlock+Hunter,Rogue+Shaman,Warlock+Hunter,4,team2,kill,30.12
Rogue+Shaman_vs_Warlock+Hunter,Rogue+Shaman,Warlock+Hunter,5,team2,kill,30.00
Rogue+Shaman_vs_Warlock+Hunter,Rogue+Shaman,Warlock+Hunter,6,team2,kill,30.97
Rogue+Shaman_vs_Warlock+Hunter,Rogue+Shaman,Warlock+Hunter,7,team2,kill,34.57
Rogue+Shaman_vs_Warlock+Hunter,Rogue+Shaman,Warlock+Hunter,8,team2,kill,63.85
Rogue+Shaman_vs_Warlock+Hunter,Rogue+Shaman,Warlock+Hunter,9,team2,kill,33.22
Rogue+Shaman_vs_Paladin+Hunter,Rogue+Shaman,Paladin+Hunter,0,team2,kill,51.48
Rogue+Shaman_vs_Paladin+Hunter,Rogue+Shaman,Paladin+Hunter,1,team2,kill,36.78
Rogue+Shaman_vs_Paladin+Hunter,Rogue+Shaman,Paladin+Hunter,2,team2,kill,50.80
Rogue+Shaman_vs_Paladin+Hunter,Rogue+Shaman,Paladin+Hunter,3,team2,kill,58.53
Rogue+Shaman_vs_Paladin+Hunter,Rogue+Shaman,Paladin+Hunter,4,team2,kill,58.60
Rogue+Shaman_vs_Paladin+Hunter,Rogue+Shaman,Paladin+Hunter,5,team2,kill,45.32
Rogue+Shaman_vs_Paladin+Hunter,Rogue+Shaman,Paladin+Hunter,6,team2,kill,47.83
Rogue+Shaman_vs_Paladin+Hunter,Rogue+Shaman,Paladin+Hunter,7,team2,kill,47.42
Rogue+Shaman_vs_Paladin+Hunter,Rogue+Shaman,Paladin+Hunter,8,team2,kill,58.60
Rogue+Shaman_vs_Paladin+Hunter,Rogue+Shaman,Paladin+Hunter,9,team2,kill,56.68
Rogue+Shaman_vs_Hunter+Shaman,Rogue+Shaman,Hunter+Shaman,0,team2,kill,30.55
Rogue+Shaman_vs_Hunter+Shaman,Rogue+Shaman,Hunter+Shaman,1,team2,kill,30.55
Rogue+Shaman_vs_Hunter+Shaman,Rogue+Shaman,Hunter+Shaman,2,team2,kill,29.55
Rogue+Shaman_vs_Hunter+Shaman,Rogue+Shaman,Hunter+Shaman,3,team2,kill,29.68
Rogue+Shaman_vs_Hunter+Shaman,Rogue+Shaman,Hunter+Shaman,4,team2,kill,32.70
Rogue+Shaman_vs_Hunter+Shaman,Rogue+Shaman,Hunter+Shaman,5,team2,kill,28.53
Rogue+Shaman_vs_Hunter+Shaman,Rogue+Shaman,Hunter+Shaman,6,team2,kill,29.43
Rogue+Shaman_vs_Hunter+Shaman,Rogue+Shaman,Hunter+Shaman,7,team2,kill,30.55
Rogue+Shaman_vs_Hunter+Shaman,Rogue+Shaman,Hunter+Shaman,8,team2,kill,29.68
Rogue+Shaman_vs_Hunter+Shaman,Rogue+Shaman,Hunter+Shaman,9,team2,kill,30.55
Priest+Warlock_vs_Warrior+Hunter,Priest+Warlock,Warrior+Hunter,0,team1,kill,30.32
Priest+Warlock_vs_Warrior+Hunter,Priest+Warlock,Warrior+Hunter,1,team1,kill,26.92
Priest+Warlock_vs_Warrior+Hunter,Priest+Warlock,Warrior+Hunter,2,team1,kill,29.67
Priest+Warlock_vs_Warrior+Hunter,Priest+Warlock,Warrior+Hunter,3,team1,kill,25.53
Priest+Warlock_vs_Warrior+Hunter,Priest+Warlock,Warrior+Hunter,4,team1,kill,26.60
Priest+Warlock_vs_Warrior+Hunter,Priest+Warlock,Warrior+Hunter,5,team1,kill,27.35
Priest+Warlock_vs_Warrior+Hunter,Priest+Warlock,Warrior+Hunter,6,team1,kill,25.83
Priest+Warlock_vs_Warrior+Hunter,Priest+Warlock,Warrior+Hunter,7,team1,kill,26.07
Priest+Warlock_vs_Warrior+Hunter,Priest+Warlock,Warrior+Hunter,8,team1,kill,29.57
Priest+Warlock_vs_Warrior+Hunter,Priest+Warlock,Warrior+Hunter,9,team1,kill,29.47
Priest+Warlock_vs_Mage+Hunter,Priest+Warlock,Mage+Hunter,0,team1,kill,33.55
Priest+Warlock_vs_Mage+Hunter,Priest+Warlock,Mage+Hunter,1,team1,kill,37.43
Priest+Warlock_vs_Mage+Hunter,Priest+Warlock,Mage+Hunter,2,team1,kill,34.23
Priest+Warlock_vs_Mage+Hunter,Priest+Warlock,Mage+Hunter,3,team1,kill,35.40
Priest+Warlock_vs_Mage+Hunter,Priest+Warlock,Mage+Hunter,4,team1,kill,34.63
Priest+Warlock_vs_Mage+Hunter,Priest+Warlock,Mage+Hunter,5,team1,kill,33.55
Priest+Warlock_vs_Mage+Hunter,Priest+Warlock,Mage+Hunter,6,team1,kill,31.87
Priest+Warlock_vs_Mage+Hunter,Priest+Warlock,Mage+Hunter,7,team1,kill,28.18
Priest+Warlock_vs_Mage+Hunter,Priest+Warlock,Mage+Hunter,8,team1,kill,35.57
Priest+Warlock_vs_Mage+Hunter,Priest+Warlock,Mage+Hunter,9,team1,kill,31.58
Priest+Warlock_vs_Rogue+Hunter,Priest+Warlock,Rogue+Hunter,0,team1,kill,27.33
Priest+Warlock_vs_Rogue+Hunter,Priest+Warlock,Rogue+Hunter,1,team1,kill,24.32
Priest+Warlock_vs_Rogue+Hunter,Priest+Warlock,Rogue+Hunter,2,team2,kill,24.77
Priest+Warlock_vs_Rogue+Hunter,Priest+Warlock,Rogue+Hunter,3,team1,kill,24.32
Priest+Warlock_vs_Rogue+Hunter,Priest+Warlock,Rogue+Hunter,4,team1,kill,24.13
Priest+Warlock_vs_Rogue+Hunter,Priest+Warlock,Rogue+Hunter,5,team1,kill,24.32
Priest+Warlock_vs_Rogue+Hunter,Priest+Warlock,Rogue+Hunter,6,team1,kill,24.32
Priest+Warlock_vs_Rogue+Hunter,Priest+Warlock,Rogue+Hunter,7,team1,kill,27.33
Priest+Warlock_vs_Rogue+Hunter,Priest+Warlock,Rogue+Hunter,8,team1,kill,27.33
Priest+Warlock_vs_Rogue+Hunter,Priest+Warlock,Rogue+Hunter,9,team1,kill,27.33
Priest+Warlock_vs_Priest+Hunter,Priest+Warlock,Priest+Hunter,0,team1,kill,60.37
Priest+Warlock_vs_Priest+Hunter,Priest+Warlock,Priest+Hunter,1,team1,kill,52.25
Priest+Warlock_vs_Priest+Hunter,Priest+Warlock,Priest+Hunter,2,team2,kill,64.20
Priest+Warlock_vs_Priest+Hunter,Priest+Warlock,Priest+Hunter,3,team1,kill,36.27
Priest+Warlock_vs_Priest+Hunter,Priest+Warlock,Priest+Hunter,4,team1,kill,60.90
Priest+Warlock_vs_Priest+Hunter,Priest+Warlock,Priest+Hunter,5,team1,kill,61.00
Priest+Warlock_vs_Priest+Hunter,Priest+Warlock,Priest+Hunter,6,team1,kill,53.43
Priest+Warlock_vs_Priest+Hunter,Priest+Warlock,Priest+Hunter,7,team1,kill,40.80
Priest+Warlock_vs_Priest+Hunter,Priest+Warlock,Priest+Hunter,8,team1,kill,52.68
Priest+Warlock_vs_Priest+Hunter,Priest+Warlock,Priest+Hunter,9,team1,kill,61.23
Priest+Warlock_vs_Warlock+Hunter,Priest+Warlock,Warlock+Hunter,0,team1,kill,42.48
Priest+Warlock_vs_Warlock+Hunter,Priest+Warlock,Warlock+Hunter,1,team1,kill,40.10
Priest+Warlock_vs_Warlock+Hunter,Priest+Warlock,Warlock+Hunter,2,team1,kill,38.80
Priest+Warlock_vs_Warlock+Hunter,Priest+Warlock,Warlock+Hunter,3,team1,kill,32.33
Priest+Warlock_vs_Warlock+Hunter,Priest+Warlock,Warlock+Hunter,4,team1,kill,38.97
Priest+Warlock_vs_Warlock+Hunter,Priest+Warlock,Warlock+Hunter,5,team2,kill,34.20
Priest+Warlock_vs_Warlock+Hunter,Priest+Warlock,Warlock+Hunter,6,team1,kill,36.72
Priest+Warlock_vs_Warlock+Hunter,Priest+Warlock,Warlock+Hunter,7,team1,kill,36.93
Priest+Warlock_vs_Warlock+Hunter,Priest+Warlock,Warlock+Hunter,8,team1,kill,40.33
Priest+Warlock_vs_Warlock+Hunter,Priest+Warlock,Warlock+Hunter,9,team1,kill,37.27
Priest+Warlock_vs_Paladin+Hunter,Priest+Warlock,Paladin+Hunter,0,team2,kill,59.03
Priest+Warlock_vs_Paladin+Hunter,Priest+Warlock,Paladin+Hunter,1,team2,kill,71.28
Priest+Warlock_vs_Paladin+Hunter,Priest+Warlock,Paladin+Hunter,2,team2,kill,71.80
Priest+Warlock_vs_Paladin+Hunter,Priest+Warlock,Paladin+Hunter,3,team2,kill,77.07
Priest+Warlock_vs_Paladin+Hunter,Priest+Warlock,Paladin+Hunter,4,team2,kill,69.57
Priest+Warlock_vs_Paladin+Hunter,Priest+Warlock,Paladin+Hunter,5,team2,kill,73.83
Priest+Warlock_vs_Paladin+Hunter,Priest+Warlock,Paladin+Hunter,6,team2,kill,70.43
Priest+Warlock_vs_Paladin+Hunter,Priest+Warlock,Paladin+Hunter,7,team2,kill,63.88
Priest+Warlock_vs_Paladin+Hunter,Priest+Warlock,Paladin+Hunter,8,team2,kill,74.03
Priest+Warlock_vs_Paladin+Hunter,Priest+Warlock,Paladin+Hunter,9,team1,kill,55.20
Priest+Warlock_vs_Hunter+Shaman,Priest+Warlock,Hunter+Shaman,0,team1,kill,44.17
Priest+Warlock_vs_Hunter+Shaman,Priest+Warlock,Hunter+Shaman,1,team1,kill,54.55
Priest+Warlock_vs_Hunter+Shaman,Priest+Warlock,Hunter+Shaman,2,team1,kill,47.32
Priest+Warlock_vs_Hunter+Shaman,Priest+Warlock,Hunter+Shaman,3,team1,kill,64.87
Priest+Warlock_vs_Hunter+Shaman,Priest+Warlock,Hunter+Shaman,4,team1,kill,53.22
Priest+Warlock_vs_Hunter+Shaman,Priest+Warlock,Hunter+Shaman,5,team1,kill,46.30
Priest+Warlock_vs_Hunter+Shaman,Priest+Warlock,Hunter+Shaman,6,team1,kill,34.80
Priest+Warlock_vs_Hunter+Shaman,Priest+Warlock,Hunter+Shaman,7,team1,kill,39.02
Priest+Warlock_vs_Hunter+Shaman,Priest+Warlock,Hunter+Shaman,8,team1,kill,84.25
Priest+Warlock_vs_Hunter+Shaman,Priest+Warlock,Hunter+Shaman,9,team1,kill,38.62
Priest+Hunter_vs_Warrior+Mage,Priest+Hunter,Warrior+Mage,0,team1,kill,35.63
Priest+Hunter_vs_Warrior+Mage,Priest+Hunter,Warrior+Mage,1,team1,kill,31.68
Priest+Hunter_vs_Warrior+Mage,Priest+Hunter,Warrior+Mage,2,team1,kill,32.77
Priest+Hunter_vs_Warrior+Mage,Priest+Hunter,Warrior+Mage,3,team1,kill,37.70
Priest+Hunter_vs_Warrior+Mage,Priest+Hunter,Warrior+Mage,4,team1,kill,38.15
Priest+Hunter_vs_Warrior+Mage,Priest+Hunter,Warrior+Mage,5,team1,kill,41.77
Priest+Hunter_vs_Warrior+Mage,Priest+Hunter,Warrior+Mage,6,team1,kill,41.52
Priest+Hunter_vs_Warrior+Mage,Priest+Hunter,Warrior+Mage,7,team1,kill,24.93
Priest+Hunter_vs_Warrior+Mage,Priest+Hunter,Warrior+Mage,8,team1,kill,34.07
Priest+Hunter_vs_Warrior+Mage,Priest+Hunter,Warrior+Mage,9,team1,kill,38.53
Priest+Hunter_vs_Warrior+Rogue,Priest+Hunter,Warrior+Rogue,0,team1,kill,22.65
Priest+Hunter_vs_Warrior+Rogue,Priest+Hunter,Warrior+Rogue,1,team1,kill,22.65
Priest+Hunter_vs_Warrior+Rogue,Priest+Hunter,Warrior+Rogue,2,team1,kill,21.85
Priest+Hunter_vs_Warrior+Rogue,Priest+Hunter,Warrior+Rogue,3,team1,kill,23.53
Priest+Hunter_vs_Warrior+Rogue,Priest+Hunter,Warrior+Rogue,4,team1,kill,23.53
Priest+Hunter_vs_Warrior+Rogue,Priest+Hunter,Warrior+Rogue,5,team1,kill,22.65
Priest+Hunter_vs_Warrior+Rogue,Priest+Hunter,Warrior+Rogue,6,team1,kill,23.53
Priest+Hunter_vs_Warrior+Rogue,Priest+Hunter,Warrior+Rogue,7,team1,kill,23.53
Priest+Hunter_vs_Warrior+Rogue,Priest+Hunter,Warrior+Rogue,8,team1,kill,19.87
Priest+Hunter_vs_Warrior+Rogue,Priest+Hunter,Warrior+Rogue,9,team1,kill,22.83
Priest+Hunter_vs_Warrior+Priest,Priest+Hunter,Warrior+Priest,0,team1,kill,38.67
Priest+Hunter_vs_Warrior+Priest,Priest+Hunter,Warrior+Priest,1,team1,kill,62.52
Priest+Hunter_vs_Warrior+Priest,Priest+Hunter,Warrior+Priest,2,team1,kill,43.68
Priest+Hunter_vs_Warrior+Priest,Priest+Hunter,Warrior+Priest,3,team1,kill,65.53
Priest+Hunter_vs_Warrior+Priest,Priest+Hunter,Warrior+Priest,4,team1,kill,36.40
Priest+Hunter_vs_Warrior+Priest,Priest+Hunter,Warrior+Priest,5,team1,kill,43.68
Priest+Hunter_vs_Warrior+Priest,Priest+Hunter,Warrior+Priest,6,team1,kill,37.78
Priest+Hunter_vs_Warrior+Priest,Priest+Hunter,Warrior+Priest,7,team1,kill,39.48
Priest+Hunter_vs_Warrior+Priest,Priest+Hunter,Warrior+Priest,8,team1,kill,57.82
Priest+Hunter_vs_Warrior+Priest,Priest+Hunter,Warrior+Priest,9,team1,kill,60.85
Priest+Hunter_vs_Warrior+Warlock,Priest+Hunter,Warrior+Warlock,0,team1,kill,36.02
Priest+Hunter_vs_Warrior+Warlock,Priest+Hunter,Warrior+Warlock,1,team1,kill,33.12
Priest+Hunter_vs_Warrior+Warlock,Priest+Hunter,Warrior+Warlock,2,team1,kill,37.27
Priest+Hunter_vs_Warrior+Warlock,Priest+Hunter,Warrior+Warlock,3,team1,kill,38.37
Priest+Hunter_vs_Warrior+Warlock,Priest+Hunter,Warrior+Warlock,4,team1,kill,34.32
Priest+Hunter_vs_Warrior+Warlock,Priest+Hunter,Warrior+Warlock,5,team1,kill,34.62
Priest+Hunter_vs_Warrior+Warlock,Priest+Hunter,Warrior+Warlock,6,team1,kill,35.92
Priest+Hunter_vs_Warrior+Warlock,Priest+Hunter,Warrior+Warlock,7,team1,kill,26.62
Priest+Hunter_vs_Warrior+Warlock,Priest+Hunter,Warrior+Warlock,8,team1,kill,42.43
Priest+Hunter_vs_Warrior+Warlock,Priest+Hunter,Warrior+Warlock,9,team1,kill,39.23
Priest+Hunter_vs_Warrior+Paladin,Priest+Hunter,Warrior+Paladin,0,team1,kill,81.97
Priest+Hunter_vs_Warrior+Paladin,Priest+Hunter,Warrior+Paladin,1,team1,kill,90.29
Priest+Hunter_vs_Warrior+Paladin,Priest+Hunter,Warrior+Paladin,2,team1,kill,68.57
Priest+Hunter_vs_Warrior+Paladin,Priest+Hunter,Warrior+Paladin,3,team2,kill,95.19
Priest+Hunter_vs_Warrior+Paladin,Priest+Hunter,Warrior+Paladin,4,team1,kill,59.75
Priest+Hunter_vs_Warrior+Paladin,Priest+Hunter,Warrior+Paladin,5,team1,kill,89.24
Priest+Hunter_vs_Warrior+Paladin,Priest+Hunter,Warrior+Paladin,6,team1,kill,77.84
Priest+Hunter_vs_Warrior+Paladin,Priest+Hunter,Warrior+Paladin,7,team1,kill,60.87
Priest+Hunter_vs_Warrior+Paladin,Priest+Hunter,Warrior+Paladin,8,team1,kill,74.88
Priest+Hunter_vs_Warrior+Paladin,Priest+Hunter,Warrior+Paladin,9,team1,kill,72.35
Priest+Hunter_vs_Warrior+Hunter,Priest+Hunter,Warrior+Hunter,0,team1,kill,24.10
Priest+Hunter_vs_Warrior+Hunter,Priest+Hunter,Warrior+Hunter,1,team1,kill,24.58
Priest+Hunter_vs_Warrior+Hunter,Priest+Hunter,Warrior+Hunter,2,team1,kill,31.12
Priest+Hunter_vs_Warrior+Hunter,Priest+Hunter,Warrior+Hunter,3,team1,kill,26.68
Priest+Hunter_vs_Warrior+Hunter,Priest+Hunter,Warrior+Hunter,4,team1,kill,31.10
Priest+Hunter_vs_Warrior+Hunter,Priest+Hunter,Warrior+Hunter,5,team1,kill,31.10
Priest+Hunter_vs_Warrior+Hunter,Priest+Hunter,Warrior+Hunter,6,team1,kill,31.10
Priest+Hunter_vs_Warrior+Hunter,Priest+Hunter,Warrior+Hunter,7,team1,kill,25.23
Priest+Hunter_vs_Warrior+Hunter,Priest+Hunter,Warrior+Hunter,8,team1,kill,26.35
Priest+Hunter_vs_Warrior+Hunter,Priest+Hunter,Warrior+Hunter,9,team1,kill,26.07
Priest+Hunter_vs_Warrior+Shaman,Priest+Hunter,Warrior+Shaman,0,team1,kill,63.67
Priest+Hunter_vs_Warrior+Shaman,Priest+Hunter,Warrior+Shaman,1,team1,kill,51.35
Priest+Hunter_vs_Warrior+Shaman,Priest+Hunter,Warrior+Shaman,2,team1,kill,56.93
Priest+Hunter_vs_Warrior+Shaman,Priest+Hunter,Warrior+Shaman,3,team1,kill,53.87
Priest+Hunter_vs_Warrior+Shaman,Priest+Hunter,Warrior+Shaman,4,team1,kill,60.68
Priest+Hunter_vs_Warrior+Shaman,Priest+Hunter,Warrior+Shaman,5,team1,kill,44.98
Priest+Hunter_vs_Warrior+Shaman,Priest+Hunter,Warrior+Shaman,6,team1,kill,54.18
Priest+Hunter_vs_Warrior+Shaman,Priest+Hunter,Warrior+Shaman,7,team1,kill,56.70
Priest+Hunter_vs_Warrior+Shaman,Priest+Hunter,Warrior+Shaman,8,team1,kill,53.55
Priest+Hunter_vs_Warrior+Shaman,Priest+Hunter,Warrior+Shaman,9,team2,kill,42.23
Priest+Hunter_vs_Mage+Rogue,Priest+Hunter,Mage+Rogue,0,team2,kill,63.22
Priest+Hunter_vs_Mage+Rogue,Priest+Hunter,Mage+Rogue,1,team2,kill,65.10
Priest+Hunter_vs_Mage+Rogue,Priest+Hunter,Mage+Rogue,2,team1,kill,41.78
Priest+Hunter_vs_Mage+Rogue,Priest+Hunter,Mage+Rogue,3,team1,kill,53.67
Priest+Hunter_vs_Mage+Rogue,Priest+Hunter,Mage+Rogue,4,team1,kill,54.15
Priest+Hunter_vs_Mage+Rogue,Priest+Hunter,Mage+Rogue,5,team1,kill,48.05
Priest+Hunter_vs_Mage+Rogue,Priest+Hunter,Mage+Rogue,6,team1,kill,40.82
Priest+Hunter_vs_Mage+Rogue,Priest+Hunter,Mage+Rogue,7,team1,kill,38.63
Priest+Hunter_vs_Mage+Rogue,Priest+Hunter,Mage+Rogue,8,team1,kill,46.78
Priest+Hunter_vs_Mage+Rogue,Priest+Hunter,Mage+Rogue,9,team1,kill,54.33
Priest+Hunter_vs_Mage+Priest,Priest+Hunter,Mage+Priest,0,team2,kill,31.93
Priest+Hunter_vs_Mage+Priest,Priest+Hunter,Mage+Priest,1,team2,kill,33.33
Priest+Hunter_vs_Mage+Priest,Priest+Hunter,Mage+Priest,2,team2,kill,38.00
Priest+Hunter_vs_Mage+Priest,Priest+Hunter,Mage+Priest,3,team2,kill,33.08
Priest+Hunter_vs_Mage+Priest,Priest+Hunter,Mage+Priest,4,team2,kill,33.07
Priest+Hunter_vs_Mage+Priest,Priest+Hunter,Mage+Priest,5,team2,kill,23.07
Priest+Hunter_vs_Mage+Priest,Priest+Hunter,Mage+Priest,6,team2,kill,35.78
Priest+Hunter_vs_Mage+Priest,Priest+Hunter,Mage+Priest,7,team2,kill,24.77
Priest+Hunter_vs_Mage+Priest,Priest+Hunter,Mage+Priest,8,team2,kill,25.67
Priest+Hunter_vs_Mage+Priest,Priest+Hunter,Mage+Priest,9,team2,kill,34.53
Priest+Hunter_vs_Mage+Warlock,Priest+Hunter,Mage+Warlock,0,team1,kill,32.22
Priest+Hunter_vs_Mage+Warlock,Priest+Hunter,Mage+Warlock,1,team1,kill,32.50
Priest+Hunter_vs_Mage+Warlock,Priest+Hunter,Mage+Warlock,2,team1,kill,39.73
Priest+Hunter_vs_Mage+Warlock,Priest+Hunter,Mage+Warlock,3,team1,kill,35.53
Priest+Hunter_vs_Mage+Warlock,Priest+Hunter,Mage+Warlock,4,team1,kill,41.05
Priest+Hunter_vs_Mage+Warlock,Priest+Hunter,Mage+Warlock,5,team1,kill,29.08
Priest+Hunter_vs_Mage+Warlock,Priest+Hunter,Mage+Warlock,6,team1,kill,31.58
Priest+Hunter_vs_Mage+Warlock,Priest+Hunter,Mage+Warlock,7,team1,kill,26.22
Priest+Hunter_vs_Mage+Warlock,Priest+Hunter,Mage+Warlock,8,team1,kill,31.47
Priest+Hunter_vs_Mage+Warlock,Priest+Hunter,Mage+Warlock,9,team2,kill,38.58
Priest+Hunter_vs_Mage+Paladin,Priest+Hunter,Mage+Paladin,0,team2,kill,54.82
Priest+Hunter_vs_Mage+Paladin,Priest+Hunter,Mage+Paladin,1,team2,kill,54.82
Priest+Hunter_vs_Mage+Paladin,Priest+Hunter,Mage+Paladin,2,team2,kill,50.93
Priest+Hunter_vs_Mage+Paladin,Priest+Hunter,Mage+Paladin,3,team1,kill,85.90
Priest+Hunter_vs_Mage+Paladin,Priest+Hunter,Mage+Paladin,4,team1,kill,73.57
Priest+Hunter_vs_Mage+Paladin,Priest+Hunter,Mage+Paladin,5,team2,kill,51.42
Priest+Hunter_vs_Mage+Paladin,Priest+Hunter,Mage+Paladin,6,team2,kill,52.83
Priest+Hunter_vs_Mage+Paladin,Priest+Hunter,Mage+Paladin,7,team1,kill,75.62
Priest+Hunter_vs_Mage+Paladin,Priest+Hunter,Mage+Paladin,8,team1,kill,90.90
Priest+Hunter_vs_Mage+Paladin,Priest+Hunter,Mage+Paladin,9,team2,kill,70.15
Priest+Hunter_vs_Mage+Hunter,Priest+Hunter,Mage+Hunter,0,team2,kill,25.42
Priest+Hunter_vs_Mage+Hunter,Priest+Hunter,Mage+Hunter,1,team1,kill,43.43
Priest+Hunter_vs_Mage+Hunter,Priest+Hunter,Mage+Hunter,2,team1,kill,43.27
Priest+Hunter_vs_Mage+Hunter,Priest+Hunter,Mage+Hunter,3,team2,kill,29.32
Priest+Hunter_vs_Mage+Hunter,Priest+Hunter,Mage+Hunter,4,team2,kill,28.60
Priest+Hunter_vs_Mage+Hunter,Priest+Hunter,Mage+Hunter,5,team2,kill,34.60
Priest+Hunter_vs_Mage+Hunter,Priest+Hunter,Mage+Hunter,6,team2,kill,28.08
Priest+Hunter_vs_Mage+Hunter,Priest+Hunter,Mage+Hunter,7,team2,kill,29.47
Priest+Hunter_vs_Mage+Hunter,Priest+Hunter,Mage+Hunter,8,team2,kill,38.18
Priest+Hunter_vs_Mage+Hunter,Priest+Hunter,Mage+Hunter,9,team2,kill,33.32
Priest+Hunter_vs_Mage+Shaman,Priest+Hunter,Mage+Shaman,0,team2,kill,26.77
Priest+Hunter_vs_Mage+Shaman,Priest+Hunter,Mage+Shaman,1,team2,kill,20.28
Priest+Hunter_vs_Mage+Shaman,Priest+Hunter,Mage+Shaman,2,team2,kill,22.82
Priest+Hunter_vs_Mage+Shaman,Priest+Hunter,Mage+Shaman,3,team2,kill,25.25
Priest+Hunter_vs_Mage+Shaman,Priest+Hunter,Mage+Shaman,4,team2,kill,21.40
Priest+Hunter_vs_Mage+Shaman,Priest+Hunter,Mage+Shaman,5,team2,kill,20.32
Priest+Hunter_vs_Mage+Shaman,Priest+Hunter,Mage+Shaman,6,team2,kill,21.43
Priest+Hunter_vs_Mage+Shaman,Priest+Hunter,Mage+Shaman,7,team2,kill,18.88
Priest+Hunter_vs_Mage+Shaman,Priest+Hunter,Mage+Shaman,8,team2,kill,25.68
Priest+Hunter_vs_Mage+Shaman,Priest+Hunter,Mage+Shaman,9,team2,kill,23.82
Priest+Hunter_vs_Rogue+Priest,Priest+Hunter,Rogue+Priest,0,team1,kill,46.20
Priest+Hunter_vs_Rogue+Priest,Priest+Hunter,Rogue+Priest,1,team1,kill,41.17
Priest+Hunter_vs_Rogue+Priest,Priest+Hunter,Rogue+Priest,2,team1,kill,43.68
Priest+Hunter_vs_Rogue+Priest,Priest+Hunter,Rogue+Priest,3,team1,kill,39.40
Priest+Hunter_vs_Rogue+Priest,Priest+Hunter,Rogue+Priest,4,team1,kill,48.72
Priest+Hunter_vs_Rogue+Priest,Priest+Hunter,Rogue+Priest,5,team1,kill,42.28
Priest+Hunter_vs_Rogue+Priest,Priest+Hunter,Rogue+Priest,6,team1,kill,48.72
Priest+Hunter_vs_Rogue+Priest,Priest+Hunter,Rogue+Priest,7,team1,kill,37.05
Priest+Hunter_vs_Rogue+Priest,Priest+Hunter,Rogue+Priest,8,team1,kill,40.60
Priest+Hunter_vs_Rogue+Priest,Priest+Hunter,Rogue+Priest,9,team1,kill,37.77
Priest+Hunter_vs_Rogue+Warlock,Priest+Hunter,Rogue+Warlock,0,team1,kill,23.07
Priest+Hunter_vs_Rogue+Warlock,Priest+Hunter,Rogue+Warlock,1,team1,kill,23.05
Priest+Hunter_vs_Rogue+Warlock,Priest+Hunter,Rogue+Warlock,2,team1,kill,21.60
Priest+Hunter_vs_Rogue+Warlock,Priest+Hunter,Rogue+Warlock,3,team1,kill,24.93
Priest+Hunter_vs_Rogue+Warlock,Priest+Hunter,Rogue+Warlock,4,team1,kill,21.60
Priest+Hunter_vs_Rogue+Warlock,Priest+Hunter,Rogue+Warlock,5,team1,kill,23.28
Priest+Hunter_vs_Rogue+Warlock,Priest+Hunter,Rogue+Warlock,6,team1,kill,23.40
Priest+Hunter_vs_Rogue+Warlock,Priest+Hunter,Rogue+Warlock,7,team1,kill,22.45
Priest+Hunter_vs_Rogue+Warlock,Priest+Hunter,Rogue+Warlock,8,team1,kill,25.57
Priest+Hunter_vs_Rogue+Warlock,Priest+Hunter,Rogue+Warlock,9,team1,kill,23.27
Priest+Hunter_vs_Rogue+Paladin,Priest+Hunter,Rogue+Paladin,0,team1,kill,67.07
Priest+Hunter_vs_Rogue+Paladin,Priest+Hunter,Rogue+Paladin,1,team2,kill,88.19
Priest+Hunter_vs_Rogue+Paladin,Priest+Hunter,Rogue+Paladin,2,team2,kill,93.21
Priest+Hunter_vs_Rogue+Paladin,Priest+Hunter,Rogue+Paladin,3,team2,kill,95.42
Priest+Hunter_vs_Rogue+Paladin,Priest+Hunter,Rogue+Paladin,4,team1,kill,74.43
Priest+Hunter_vs_Rogue+Paladin,Priest+Hunter,Rogue+Paladin,5,team1,kill,82.17
Priest+Hunter_vs_Rogue+Paladin,Priest+Hunter,Rogue+Paladin,6,team1,kill,73.53
Priest+Hunter_vs_Rogue+Paladin,Priest+Hunter,Rogue+Paladin,7,team1,kill,69.90
Priest+Hunter_vs_Rogue+Paladin,Priest+Hunter,Rogue+Paladin,8,team1,kill,80.17
Priest+Hunter_vs_Rogue+Paladin,Priest+Hunter,Rogue+Paladin,9,team2,kill,50.28
Priest+Hunter_vs_Rogue+Hunter,Priest+Hunter,Rogue+Hunter,0,team1,kill,28.75
Priest+Hunter_vs_Rogue+Hunter,Priest+Hunter,Rogue+Hunter,1,team1,kill,28.77
Priest+Hunter_vs_Rogue+Hunter,Priest+Hunter,Rogue+Hunter,2,team1,kill,28.10
Priest+Hunter_vs_Rogue+Hunter,Priest+Hunter,Rogue+Hunter,3,team1,kill,28.75
Priest+Hunter_vs_Rogue+Hunter,Priest+Hunter,Rogue+Hunter,4,team1,kill,29.37
Priest+Hunter_vs_Rogue+Hunter,Priest+Hunter,Rogue+Hunter,5,team1,kill,28.75
Priest+Hunter_vs_Rogue+Hunter,Priest+Hunter,Rogue+Hunter,6,team1,kill,26.83
Priest+Hunter_vs_Rogue+Hunter,Priest+Hunter,Rogue+Hunter,7,team1,kill,29.30
Priest+Hunter_vs_Rogue+Hunter,Priest+Hunter,Rogue+Hunter,8,team1,kill,29.85
Priest+Hunter_vs_Rogue+Hunter,Priest+Hunter,Rogue+Hunter,9,team1,kill,29.37
Priest+Hunter_vs_Rogue+Shaman,Priest+Hunter,Rogue+Shaman,0,team1,kill,73.00
Priest+Hunter_vs_Rogue+Shaman,Priest+Hunter,Rogue+Shaman,1,team1,kill,52.92
Priest+Hunter_vs_Rogue+Shaman,Priest+Hunter,Rogue+Shaman,2,team1,kill,44.80
Priest+Hunter_vs_Rogue+Shaman,Priest+Hunter,Rogue+Shaman,3,team1,kill,62.35
Priest+Hunter_vs_Rogue+Shaman,Priest+Hunter,Rogue+Shaman,4,team1,kill,76.70
Priest+Hunter_vs_Rogue+Shaman,Priest+Hunter,Rogue+Shaman,5,team1,kill,60.32
Priest+Hunter_vs_Rogue+Shaman,Priest+Hunter,Rogue+Shaman,6,team1,kill,34.63
Priest+Hunter_vs_Rogue+Shaman,Priest+Hunter,Rogue+Shaman,7,team1,kill,42.73
Priest+Hunter_vs_Rogue+Shaman,Priest+Hunter,Rogue+Shaman,8,team1,kill,57.37
Priest+Hunter_vs_Rogue+Shaman,Priest+Hunter,Rogue+Shaman,9,team1,kill,66.00
Priest+Hunter_vs_Priest+Warlock,Priest+Hunter,Priest+Warlock,0,team2,kill,57.08
Priest+Hunter_vs_Priest+Warlock,Priest+Hunter,Priest+Warlock,1,team2,kill,60.78
Priest+Hunter_vs_Priest+Warlock,Priest+Hunter,Priest+Warlock,2,team1,kill,53.77
Priest+Hunter_vs_Priest+Warlock,Priest+Hunter,Priest+Warlock,3,team2,kill,62.55
Priest+Hunter_vs_Priest+Warlock,Priest+Hunter,Priest+Warlock,4,team2,kill,57.23
Priest+Hunter_vs_Priest+Warlock,Priest+Hunter,Priest+Warlock,5,team2,kill,57.20
Priest+Hunter_vs_Priest+Warlock,Priest+Hunter,Priest+Warlock,6,team2,kill,44.32
Priest+Hunter_vs_Priest+Warlock,Priest+Hunter,Priest+Warlock,7,team1,kill,61.60
Priest+Hunter_vs_Priest+Warlock,Priest+Hunter,Priest+Warlock,8,team2,kill,62.28
Priest+Hunter_vs_Priest+Warlock,Priest+Hunter,Priest+Warlock,9,team2,kill,66.87
Priest+Hunter_vs_Priest+Hunter,Priest+Hunter,Priest+Hunter,0,team2,kill,105.56
Priest+Hunter_vs_Priest+Hunter,Priest+Hunter,Priest+Hunter,1,team2,kill,104.77
Priest+Hunter_vs_Priest+Hunter,Priest+Hunter,Priest+Hunter,2,team1,kill,75.13
Priest+Hunter_vs_Priest+Hunter,Priest+Hunter,Priest+Hunter,3,team1,kill,64.73
Priest+Hunter_vs_Priest+Hunter,Priest+Hunter,Priest+Hunter,4,team2,kill,72.35
Priest+Hunter_vs_Priest+Hunter,Priest+Hunter,Priest+Hunter,5,team2,kill,77.12
Priest+Hunter_vs_Priest+Hunter,Priest+Hunter,Priest+Hunter,6,team2,kill,62.72
Priest+Hunter_vs_Priest+Hunter,Priest+Hunter,Priest+Hunter,7,team2,kill,75.15
Priest+Hunter_vs_Priest+Hunter,Priest+Hunter,Priest+Hunter,8,team2,kill,69.87
Priest+Hunter_vs_Priest+Hunter,Priest+Hunter,Priest+Hunter,9,team1,kill,116.18
Priest+Hunter_vs_Warlock+Paladin,Priest+Hunter,Warlock+Paladin,0,team2,kill,41.63
Priest+Hunter_vs_Warlock+Paladin,Priest+Hunter,Warlock+Paladin,1,team1,kill,76.40
Priest+Hunter_vs_Warlock+Paladin,Priest+Hunter,Warlock+Paladin,2,team2,kill,55.82
Priest+Hunter_vs_Warlock+Paladin,Priest+Hunter,Warlock+Paladin,3,team2,kill,58.85
Priest+Hunter_vs_Warlock+Paladin,Priest+Hunter,Warlock+Paladin,4,team2,kill,52.47
Priest+Hunter_vs_Warlock+Paladin,Priest+Hunter,Warlock+Paladin,5,team2,kill,50.23
Priest+Hunter_vs_Warlock+Paladin,Priest+Hunter,Warlock+Paladin,6,team1,kill,81.22
Priest+Hunter_vs_Warlock+Paladin,Priest+Hunter,Warlock+Paladin,7,team1,kill,80.44
Priest+Hunter_vs_Warlock+Paladin,Priest+Hunter,Warlock+Paladin,8,team2,kill,60.73
Priest+Hunter_vs_Warlock+Paladin,Priest+Hunter,Warlock+Paladin,9,team2,kill,56.87
Priest+Hunter_vs_Warlock+Hunter,Priest+Hunter,Warlock+Hunter,0,team1,kill,31.73
Priest+Hunter_vs_Warlock+Hunter,Priest+Hunter,Warlock+Hunter,1,team1,kill,29.32
Priest+Hunter_vs_Warlock+Hunter,Priest+Hunter,Warlock+Hunter,2,team1,kill,28.22
Priest+Hunter_vs_Warlock+Hunter,Priest+Hunter,Warlock+Hunter,3,team1,kill,27.10
Priest+Hunter_vs_Warlock+Hunter,Priest+Hunter,Warlock+Hunter,4,team1,kill,31.00
Priest+Hunter_vs_Warlock+Hunter,Priest+Hunter,Warlock+Hunter,5,team1,kill,28.28
Priest+Hunter_vs_Warlock+Hunter,Priest+Hunter,Warlock+Hunter,6,team1,kill,31.73
Priest+Hunter_vs_Warlock+Hunter,Priest+Hunter,Warlock+Hunter,7,team1,kill,29.67
Priest+Hunter_vs_Warlock+Hunter,Priest+Hunter,Warlock+Hunter,8,team1,kill,39.48
Priest+Hunter_vs_Warlock+Hunter,Priest+Hunter,Warlock+Hunter,9,team1,kill,32.33
Priest+Hunter_vs_Warlock+Shaman,Priest+Hunter,Warlock+Shaman,0,team1,kill,57.05
Priest+Hunter_vs_Warlock+Shaman,Priest+Hunter,Warlock+Shaman,1,team2,kill,31.42
Priest+Hunter_vs_Warlock+Shaman,Priest+Hunter,Warlock+Shaman,2,team1,kill,51.55
Priest+Hunter_vs_Warlock+Shaman,Priest+Hunter,Warlock+Shaman,3,team1,kill,51.93
Priest+Hunter_vs_Warlock+Shaman,Priest+Hunter,Warlock+Shaman,4,team2,kill,41.58
Priest+Hunter_vs_Warlock+Shaman,Priest+Hunter,Warlock+Shaman,5,team2,kill,34.20
Priest+Hunter_vs_Warlock+Shaman,Priest+Hunter,Warlock+Shaman,6,team1,kill,46.83
Priest+Hunter_vs_Warlock+Shaman,Priest+Hunter,Warlock+Shaman,7,team1,kill,62.68
Priest+Hunter_vs_Warlock+Shaman,Priest+Hunter,Warlock+Shaman,8,team1,kill,72.12
Priest+Hunter_vs_Warlock+Shaman,Priest+Hunter,Warlock+Shaman,9,team1,kill,52.32
Priest+Hunter_vs_Paladin+Hunter,Priest+Hunter,Paladin+Hunter,0,team2,kill,78.42
Priest+Hunter_vs_Paladin+Hunter,Priest+Hunter,Paladin+Hunter,1,team2,kill,84.14
Priest+Hunter_vs_Paladin+Hunter,Priest+Hunter,Paladin+Hunter,2,team2,kill,82.10
Priest+Hunter_vs_Paladin+Hunter,Priest+Hunter,Paladin+Hunter,3,team2,kill,79.69
Priest+Hunter_vs_Paladin+Hunter,Priest+Hunter,Paladin+Hunter,4,team2,kill,76.07
Priest+Hunter_vs_Paladin+Hunter,Priest+Hunter,Paladin+Hunter,5,team2,kill,82.24
Priest+Hunter_vs_Paladin+Hunter,Priest+Hunter,Paladin+Hunter,6,team2,kill,71.58
Priest+Hunter_vs_Paladin+Hunter,Priest+Hunter,Paladin+Hunter,7,team2,kill,75.64
Priest+Hunter_vs_Paladin+Hunter,Priest+Hunter,Paladin+Hunter,8,team2,kill,77.07
Priest+Hunter_vs_Paladin+Hunter,Priest+Hunter,Paladin+Hunter,9,team2,kill,74.10
Priest+Hunter_vs_Hunter+Shaman,Priest+Hunter,Hunter+Shaman,0,team1,kill,65.08
Priest+Hunter_vs_Hunter+Shaman,Priest+Hunter,Hunter+Shaman,1,team1,kill,42.30
Priest+Hunter_vs_Hunter+Shaman,Priest+Hunter,Hunter+Shaman,2,team1,kill,58.12
Priest+Hunter_vs_Hunter+Shaman,Priest+Hunter,Hunter+Shaman,3,team1,kill,88.57
Priest+Hunter_vs_Hunter+Shaman,Priest+Hunter,Hunter+Shaman,4,team1,kill,49.83
Priest+Hunter_vs_Hunter+Shaman,Priest+Hunter,Hunter+Shaman,5,team1,kill,59.85
Priest+Hunter_vs_Hunter+Shaman,Priest+Hunter,Hunter+Shaman,6,team1,kill,56.32
Priest+Hunter_vs_Hunter+Shaman,Priest+Hunter,Hunter+Shaman,7,team1,kill,65.27
Priest+Hunter_vs_Hunter+Shaman,Priest+Hunter,Hunter+Shaman,8,team1,kill,47.67
Priest+Hunter_vs_Hunter+Shaman,Priest+Hunter,Hunter+Shaman,9,team1,kill,64.30
Warlock+Paladin_vs_Warrior+Hunter,Warlock+Paladin,Warrior+Hunter,0,team1,kill,32.92
Warlock+Paladin_vs_Warrior+Hunter,Warlock+Paladin,Warrior+Hunter,1,team1,kill,34.73
Warlock+Paladin_vs_Warrior+Hunter,Warlock+Paladin,Warrior+Hunter,2,team1,kill,69.50
Warlock+Paladin_vs_Warrior+Hunter,Warlock+Paladin,Warrior+Hunter,3,team1,kill,33.12
Warlock+Paladin_vs_Warrior+Hunter,Warlock+Paladin,Warrior+Hunter,4,team1,kill,40.58
Warlock+Paladin_vs_Warrior+Hunter,Warlock+Paladin,Warrior+Hunter,5,team1,kill,34.17
Warlock+Paladin_vs_Warrior+Hunter,Warlock+Paladin,Warrior+Hunter,6,team1,kill,32.77
Warlock+Paladin_vs_Warrior+Hunter,Warlock+Paladin,Warrior+Hunter,7,team1,kill,32.02
Warlock+Paladin_vs_Warrior+Hunter,Warlock+Paladin,Warrior+Hunter,8,team1,kill,64.87
Warlock+Paladin_vs_Warrior+Hunter,Warlock+Paladin,Warrior+Hunter,9,team1,kill,52.83
Warlock+Paladin_vs_Mage+Hunter,Warlock+Paladin,Mage+Hunter,0,team2,kill,34.32
Warlock+Paladin_vs_Mage+Hunter,Warlock+Paladin,Mage+Hunter,1,team2,kill,42.53
Warlock+Paladin_vs_Mage+Hunter,Warlock+Paladin,Mage+Hunter,2,team2,kill,34.93
Warlock+Paladin_vs_Mage+Hunter,Warlock+Paladin,Mage+Hunter,3,team2,kill,46.63
Warlock+Paladin_vs_Mage+Hunter,Warlock+Paladin,Mage+Hunter,4,team2,kill,50.20
Warlock+Paladin_vs_Mage+Hunter,Warlock+Paladin,Mage+Hunter,5,team2,kill,48.02
Warlock+Paladin_vs_Mage+Hunter,Warlock+Paladin,Mage+Hunter,6,team2,kill,32.87
Warlock+Paladin_vs_Mage+Hunter,Warlock+Paladin,Mage+Hunter,7,team2,kill,31.35
Warlock+Paladin_vs_Mage+Hunter,Warlock+Paladin,Mage+Hunter,8,team2,kill,34.87
Warlock+Paladin_vs_Mage+Hunter,Warlock+Paladin,Mage+Hunter,9,team2,kill,32.87
Warlock+Paladin_vs_Mage+Shaman,Warlock+Paladin,Mage+Shaman,0,team2,kill,30.52
Warlock+Paladin_vs_Mage+Shaman,Warlock+Paladin,Mage+Shaman,1,team2,kill,30.52
Warlock+Paladin_vs_Mage+Shaman,Warlock+Paladin,Mage+Shaman,2,team2,kill,30.52
Warlock+Paladin_vs_Mage+Shaman,Warlock+Paladin,Mage+Shaman,3,team2,kill,30.52
Warlock+Paladin_vs_Mage+Shaman,Warlock+Paladin,Mage+Shaman,4,team2,kill,30.52
Warlock+Paladin_vs_Mage+Shaman,Warlock+Paladin,Mage+Shaman,5,team2,kill,32.03
Warlock+Paladin_vs_Mage+Shaman,Warlock+Paladin,Mage+Shaman,6,team2,kill,29.00
Warlock+Paladin_vs_Mage+Shaman,Warlock+Paladin,Mage+Shaman,7,team2,kill,30.52
Warlock+Paladin_vs_Mage+Shaman,Warlock+Paladin,Mage+Shaman,8,team2,kill,32.03
Warlock+Paladin_vs_Mage+Shaman,Warlock+Paladin,Mage+Shaman,9,team2,kill,33.55
Warlock+Paladin_vs_Rogue+Hunter,Warlock+Paladin,Rogue+Hunter,0,team1,kill,60.68
Warlock+Paladin_vs_Rogue+Hunter,Warlock+Paladin,Rogue+Hunter,1,team1,kill,46.95
Warlock+Paladin_vs_Rogue+Hunter,Warlock+Paladin,Rogue+Hunter,2,team1,kill,34.77
Warlock+Paladin_vs_Rogue+Hunter,Warlock+Paladin,Rogue+Hunter,3,team1,kill,53.52
Warlock+Paladin_vs_Rogue+Hunter,Warlock+Paladin,Rogue+Hunter,4,team1,kill,48.23
Warlock+Paladin_vs_Rogue+Hunter,Warlock+Paladin,Rogue+Hunter,5,team1,kill,55.48
Warlock+Paladin_vs_Rogue+Hunter,Warlock+Paladin,Rogue+Hunter,6,team1,kill,61.12
Warlock+Paladin_vs_Rogue+Hunter,Warlock+Paladin,Rogue+Hunter,7,team2,kill,69.13
Warlock+Paladin_vs_Rogue+Hunter,Warlock+Paladin,Rogue+Hunter,8,team1,kill,70.25
Warlock+Paladin_vs_Rogue+Hunter,Warlock+Paladin,Rogue+Hunter,9,team1,kill,40.98
Warlock+Paladin_vs_Priest+Hunter,Warlock+Paladin,Priest+Hunter,0,team1,kill,43.72
Warlock+Paladin_vs_Priest+Hunter,Warlock+Paladin,Priest+Hunter,1,team1,kill,61.77
Warlock+Paladin_vs_Priest+Hunter,Warlock+Paladin,Priest+Hunter,2,team2,kill,86.07
Warlock+Paladin_vs_Priest+Hunter,Warlock+Paladin,Priest+Hunter,3,team2,kill,79.22
Warlock+Paladin_vs_Priest+Hunter,Warlock+Paladin,Priest+Hunter,4,team2,kill,79.92
Warlock+Paladin_vs_Priest+Hunter,Warlock+Paladin,Priest+Hunter,5,team1,kill,104.49
Warlock+Paladin_vs_Priest+Hunter,Warlock+Paladin,Priest+Hunter,6,team1,kill,92.57
Warlock+Paladin_vs_Priest+Hunter,Warlock+Paladin,Priest+Hunter,7,team2,kill,71.17
Warlock+Paladin_vs_Priest+Hunter,Warlock+Paladin,Priest+Hunter,8,team1,kill,44.50
Warlock+Paladin_vs_Priest+Hunter,Warlock+Paladin,Priest+Hunter,9,team1,kill,52.43
Warlock+Paladin_vs_Warlock+Hunter,Warlock+Paladin,Warlock+Hunter,0,team1,kill,62.93
Warlock+Paladin_vs_Warlock+Hunter,Warlock+Paladin,Warlock+Hunter,1,team1,kill,48.35
Warlock+Paladin_vs_Warlock+Hunter,Warlock+Paladin,Warlock+Hunter,2,team1,kill,73.68
Warlock+Paladin_vs_Warlock+Hunter,Warlock+Paladin,Warlock+Hunter,3,team1,kill,59.70
Warlock+Paladin_vs_Warlock+Hunter,Warlock+Paladin,Warlock+Hunter,4,team1,kill,60.88
Warlock+Paladin_vs_Warlock+Hunter,Warlock+Paladin,Warlock+Hunter,5,team1,kill,45.43
Warlock+Paladin_vs_Warlock+Hunter,Warlock+Paladin,Warlock+Hunter,6,team1,kill,43.97
Warlock+Paladin_vs_Warlock+Hunter,Warlock+Paladin,Warlock+Hunter,7,team1,kill,35.78
Warlock+Paladin_vs_Warlock+Hunter,Warlock+Paladin,Warlock+Hunter,8,team1,kill,41.88
Warlock+Paladin_vs_Warlock+Hunter,Warlock+Paladin,Warlock+Hunter,9,team1,kill,79.69
Warlock+Paladin_vs_Paladin+Hunter,Warlock+Paladin,Paladin+Hunter,0,team2,kill,86.20
Warlock+Paladin_vs_Paladin+Hunter,Warlock+Paladin,Paladin+Hunter,1,team2,kill,124.11
Warlock+Paladin_vs_Paladin+Hunter,Warlock+Paladin,Paladin+Hunter,2,team2,kill,92.07
Warlock+Paladin_vs_Paladin+Hunter,Warlock+Paladin,Paladin+Hunter,3,team2,kill,86.99
Warlock+Paladin_vs_Paladin+Hunter,Warlock+Paladin,Paladin+Hunter,4,team2,kill,82.99
Warlock+Paladin_vs_Paladin+Hunter,Warlock+Paladin,Paladin+Hunter,5,team1,kill,125.50
Warlock+Paladin_vs_Paladin+Hunter,Warlock+Paladin,Paladin+Hunter,6,team2,kill,103.61
Warlock+Paladin_vs_Paladin+Hunter,Warlock+Paladin,Paladin+Hunter,7,team2,kill,99.22
Warlock+Paladin_vs_Paladin+Hunter,Warlock+Paladin,Paladin+Hunter,8,team2,kill,105.27
Warlock+Paladin_vs_Paladin+Hunter,Warlock+Paladin,Paladin+Hunter,9,team1,kill,112.29
Warlock+Paladin_vs_Hunter+Shaman,Warlock+Paladin,Hunter+Shaman,0,team1,kill,41.35
Warlock+Paladin_vs_Hunter+Shaman,Warlock+Paladin,Hunter+Shaman,1,team1,kill,37.78
Warlock+Paladin_vs_Hunter+Shaman,Warlock+Paladin,Hunter+Shaman,2,team1,kill,40.00
Warlock+Paladin_vs_Hunter+Shaman,Warlock+Paladin,Hunter+Shaman,3,team1,kill,51.27
Warlock+Paladin_vs_Hunter+Shaman,Warlock+Paladin,Hunter+Shaman,4,team1,kill,50.93
Warlock+Paladin_vs_Hunter+Shaman,Warlock+Paladin,Hunter+Shaman,5,team1,kill,36.92
Warlock+Paladin_vs_Hunter+Shaman,Warlock+Paladin,Hunter+Shaman,6,team1,kill,42.42
Warlock+Paladin_vs_Hunter+Shaman,Warlock+Paladin,Hunter+Shaman,7,team1,kill,60.32
Warlock+Paladin_vs_Hunter+Shaman,Warlock+Paladin,Hunter+Shaman,8,team1,kill,68.87
Warlock+Paladin_vs_Hunter+Shaman,Warlock+Paladin,Hunter+Shaman,9,team1,kill,41.95
Warlock+Hunter_vs_Warrior+Mage,Warlock+Hunter,Warrior+Mage,0,team2,kill,25.67
Warlock+Hunter_vs_Warrior+Mage,Warlock+Hunter,Warrior+Mage,1,team2,kill,27.90
Warlock+Hunter_vs_Warrior+Mage,Warlock+Hunter,Warrior+Mage,2,team2,kill,24.20
Warlock+Hunter_vs_Warrior+Mage,Warlock+Hunter,Warrior+Mage,3,team2,kill,28.53
Warlock+Hunter_vs_Warrior+Mage,Warlock+Hunter,Warrior+Mage,4,team2,kill,23.07
Warlock+Hunter_vs_Warrior+Mage,Warlock+Hunter,Warrior+Mage,5,team2,kill,24.83
Warlock+Hunter_vs_Warrior+Mage,Warlock+Hunter,Warrior+Mage,6,team2,kill,25.28
Warlock+Hunter_vs_Warrior+Mage,Warlock+Hunter,Warrior+Mage,7,team2,kill,25.57
Warlock+Hunter_vs_Warrior+Mage,Warlock+Hunter,Warrior+Mage,8,team2,kill,22.22
Warlock+Hunter_vs_Warrior+Mage,Warlock+Hunter,Warrior+Mage,9,team2,kill,28.35
Warlock+Hunter_vs_Warrior+Rogue,Warlock+Hunter,Warrior+Rogue,0,team1,kill,20.92
Warlock+Hunter_vs_Warrior+Rogue,Warlock+Hunter,Warrior+Rogue,1,team1,kill,21.03
Warlock+Hunter_vs_Warrior+Rogue,Warlock+Hunter,Warrior+Rogue,2,team1,kill,21.03
Warlock+Hunter_vs_Warrior+Rogue,Warlock+Hunter,Warrior+Rogue,3,team1,kill,21.20
Warlock+Hunter_vs_Warrior+Rogue,Warlock+Hunter,Warrior+Rogue,4,team1,kill,20.18
Warlock+Hunter_vs_Warrior+Rogue,Warlock+Hunter,Warrior+Rogue,5,team1,kill,21.42
Warlock+Hunter_vs_Warrior+Rogue,Warlock+Hunter,Warrior+Rogue,6,team1,kill,21.03
Warlock+Hunter_vs_Warrior+Rogue,Warlock+Hunter,Warrior+Rogue,7,team1,kill,23.22
Warlock+Hunter_vs_Warrior+Rogue,Warlock+Hunter,Warrior+Rogue,8,team1,kill,20.75
Warlock+Hunter_vs_Warrior+Rogue,Warlock+Hunter,Warrior+Rogue,9,team1,kill,20.85
Warlock+Hunter_vs_Warrior+Priest,Warlock+Hunter,Warrior+Priest,0,team1,kill,54.77
Warlock+Hunter_vs_Warrior+Priest,Warlock+Hunter,Warrior+Priest,1,team1,kill,45.00
Warlock+Hunter_vs_Warrior+Priest,Warlock+Hunter,Warrior+Priest,2,team2,kill,49.57
Warlock+Hunter_vs_Warrior+Priest,Warlock+Hunter,Warrior+Priest,3,team1,kill,38.83
Warlock+Hunter_vs_Warrior+Priest,Warlock+Hunter,Warrior+Priest,4,team1,kill,59.43
Warlock+Hunter_vs_Warrior+Priest,Warlock+Hunter,Warrior+Priest,5,team1,kill,33.63
Warlock+Hunter_vs_Warrior+Priest,Warlock+Hunter,Warrior+Priest,6,team1,kill,27.80
Warlock+Hunter_vs_Warrior+Priest,Warlock+Hunter,Warrior+Priest,7,team2,kill,51.27
Warlock+Hunter_vs_Warrior+Priest,Warlock+Hunter,Warrior+Priest,8,team2,kill,50.37
Warlock+Hunter_vs_Warrior+Priest,Warlock+Hunter,Warrior+Priest,9,team1,kill,26.07
Warlock+Hunter_vs_Warrior+Warlock,Warlock+Hunter,Warrior+Warlock,0,team1,kill,30.63
Warlock+Hunter_vs_Warrior+Warlock,Warlock+Hunter,Warrior+Warlock,1,team2,kill,26.28
Warlock+Hunter_vs_Warrior+Warlock,Warlock+Hunter,Warrior+Warlock,2,team2,kill,30.30
Warlock+Hunter_vs_Warrior+Warlock,Warlock+Hunter,Warrior+Warlock,3,team1,kill,31.55
Warlock+Hunter_vs_Warrior+Warlock,Warlock+Hunter,Warrior+Warlock,4,team1,kill,31.88
Warlock+Hunter_vs_Warrior+Warlock,Warlock+Hunter,Warrior+Warlock,5,team1,kill,31.35
Warlock+Hunter_vs_Warrior+Warlock,Warlock+Hunter,Warrior+Warlock,6,team1,kill,31.35
Warlock+Hunter_vs_Warrior+Warlock,Warlock+Hunter,Warrior+Warlock,7,team1,kill,25.27
Warlock+Hunter_vs_Warrior+Warlock,Warlock+Hunter,Warrior+Warlock,8,team2,kill,35.62
Warlock+Hunter_vs_Warrior+Warlock,Warlock+Hunter,Warrior+Warlock,9,team1,kill,36.25
Warlock+Hunter_vs_Warrior+Paladin,Warlock+Hunter,Warrior+Paladin,0,team2,kill,87.02
Warlock+Hunter_vs_Warrior+Paladin,Warlock+Hunter,Warrior+Paladin,1,team1,kill,50.92
Warlock+Hunter_vs_Warrior+Paladin,Warlock+Hunter,Warrior+Paladin,2,team2,kill,86.30
Warlock+Hunter_vs_Warrior+Paladin,Warlock+Hunter,Warrior+Paladin,3,team1,kill,57.63
Warlock+Hunter_vs_Warrior+Paladin,Warlock+Hunter,Warrior+Paladin,4,team2,kill,85.04
Warlock+Hunter_vs_Warrior+Paladin,Warlock+Hunter,Warrior+Paladin,5,team1,kill,36.15
Warlock+Hunter_vs_Warrior+Paladin,Warlock+Hunter,Warrior+Paladin,6,team1,kill,39.82
Warlock+Hunter_vs_Warrior+Paladin,Warlock+Hunter,Warrior+Paladin,7,team2,kill,68.32
Warlock+Hunter_vs_Warrior+Paladin,Warlock+Hunter,Warrior+Paladin,8,team1,kill,51.00
Warlock+Hunter_vs_Warrior+Paladin,Warlock+Hunter,Warrior+Paladin,9,team2,kill,90.82
Warlock+Hunter_vs_Warrior+Hunter,Warlock+Hunter,Warrior+Hunter,0,team1,kill,24.78
Warlock+Hunter_vs_Warrior+Hunter,Warlock+Hunter,Warrior+Hunter,1,team1,kill,24.78
Warlock+Hunter_vs_Warrior+Hunter,Warlock+Hunter,Warrior+Hunter,2,team1,kill,26.17
Warlock+Hunter_vs_Warrior+Hunter,Warlock+Hunter,Warrior+Hunter,3,team1,kill,26.00
Warlock+Hunter_vs_Warrior+Hunter,Warlock+Hunter,Warrior+Hunter,4,team1,kill,25.20
Warlock+Hunter_vs_Warrior+Hunter,Warlock+Hunter,Warrior+Hunter,5,team1,kill,24.08
Warlock+Hunter_vs_Warrior+Hunter,Warlock+Hunter,Warrior+Hunter,6,team1,kill,23.18
Warlock+Hunter_vs_Warrior+Hunter,Warlock+Hunter,Warrior+Hunter,7,team2,kill,25.43
Warlock+Hunter_vs_Warrior+Hunter,Warlock+Hunter,Warrior+Hunter,8,team1,kill,25.00
Warlock+Hunter_vs_Warrior+Hunter,Warlock+Hunter,Warrior+Hunter,9,team1,kill,24.78
Warlock+Hunter_vs_Warrior+Shaman,Warlock+Hunter,Warrior+Shaman,0,team1,kill,37.30
Warlock+Hunter_vs_Warrior+Shaman,Warlock+Hunter,Warrior+Shaman,1,team1,kill,37.87
Warlock+Hunter_vs_Warrior+Shaman,Warlock+Hunter,Warrior+Shaman,2,team1,kill,57.50
Warlock+Hunter_vs_Warrior+Shaman,Warlock+Hunter,Warrior+Shaman,3,team1,kill,36.63
Warlock+Hunter_vs_Warrior+Shaman,Warlock+Hunter,Warrior+Shaman,4,team1,kill,36.63
Warlock+Hunter_vs_Warrior+Shaman,Warlock+Hunter,Warrior+Shaman,5,team1,kill,52.13
Warlock+Hunter_vs_Warrior+Shaman,Warlock+Hunter,Warrior+Shaman,6,team1,kill,38.27
Warlock+Hunter_vs_Warrior+Shaman,Warlock+Hunter,Warrior+Shaman,7,team1,kill,33.90
Warlock+Hunter_vs_Warrior+Shaman,Warlock+Hunter,Warrior+Shaman,8,team1,kill,25.85
Warlock+Hunter_vs_Warrior+Shaman,Warlock+Hunter,Warrior+Shaman,9,team1,kill,31.57
Warlock+Hunter_vs_Mage+Rogue,Warlock+Hunter,Mage+Rogue,0,team2,kill,24.22
Warlock+Hunter_vs_Mage+Rogue,Warlock+Hunter,Mage+Rogue,1,team1,kill,23.65
Warlock+Hunter_vs_Mage+Rogue,Warlock+Hunter,Mage+Rogue,2,team1,kill,39.03
Warlock+Hunter_vs_Mage+Rogue,Warlock+Hunter,Mage+Rogue,3,team1,kill,28.00
Warlock+Hunter_vs_Mage+Rogue,Warlock+Hunter,Mage+Rogue,4,team1,kill,36.53
Warlock+Hunter_vs_Mage+Rogue,Warlock+Hunter,Mage+Rogue,5,team1,kill,46.15
Warlock+Hunter_vs_Mage+Rogue,Warlock+Hunter,Mage+Rogue,6,team1,kill,36.30
Warlock+Hunter_vs_Mage+Rogue,Warlock+Hunter,Mage+Rogue,7,team1,kill,40.07
Warlock+Hunter_vs_Mage+Rogue,Warlock+Hunter,Mage+Rogue,8,team1,kill,23.87
Warlock+Hunter_vs_Mage+Rogue,Warlock+Hunter,Mage+Rogue,9,team1,kill,38.53
Warlock+Hunter_vs_Mage+Priest,Warlock+Hunter,Mage+Priest,0,team2,kill,26.08
Warlock+Hunter_vs_Mage+Priest,Warlock+Hunter,Mage+Priest,1,team2,kill,23.05
Warlock+Hunter_vs_Mage+Priest,Warlock+Hunter,Mage+Priest,2,team2,kill,26.08
Warlock+Hunter_vs_Mage+Priest,Warlock+Hunter,Mage+Priest,3,team2,kill,24.57
Warlock+Hunter_vs_Mage+Priest,Warlock+Hunter,Mage+Priest,4,team2,kill,24.57
Warlock+Hunter_vs_Mage+Priest,Warlock+Hunter,Mage+Priest,5,team2,kill,26.07
Warlock+Hunter_vs_Mage+Priest,Warlock+Hunter,Mage+Priest,6,team2,kill,24.55
Warlock+Hunter_vs_Mage+Priest,Warlock+Hunter,Mage+Priest,7,team2,kill,26.02
Warlock+Hunter_vs_Mage+Priest,Warlock+Hunter,Mage+Priest,8,team2,kill,24.57
Warlock+Hunter_vs_Mage+Priest,Warlock+Hunter,Mage+Priest,9,team2,kill,26.00
Warlock+Hunter_vs_Mage+Warlock,Warlock+Hunter,Mage+Warlock,0,team2,kill,24.45
Warlock+Hunter_vs_Mage+Warlock,Warlock+Hunter,Mage+Warlock,1,team2,kill,24.45
Warlock+Hunter_vs_Mage+Warlock,Warlock+Hunter,Mage+Warlock,2,team2,kill,25.00
Warlock+Hunter_vs_Mage+Warlock,Warlock+Hunter,Mage+Warlock,3,team2,kill,24.45
Warlock+Hunter_vs_Mage+Warlock,Warlock+Hunter,Mage+Warlock,4,team2,kill,23.05
Warlock+Hunter_vs_Mage+Warlock,Warlock+Hunter,Mage+Warlock,5,team2,kill,24.45
Warlock+Hunter_vs_Mage+Warlock,Warlock+Hunter,Mage+Warlock,6,team2,kill,26.68
Warlock+Hunter_vs_Mage+Warlock,Warlock+Hunter,Mage+Warlock,7,team2,kill,26.68
Warlock+Hunter_vs_Mage+Warlock,Warlock+Hunter,Mage+Warlock,8,team2,kill,23.52
Warlock+Hunter_vs_Mage+Warlock,Warlock+Hunter,Mage+Warlock,9,team2,kill,25.00
Warlock+Hunter_vs_Mage+Paladin,Warlock+Hunter,Mage+Paladin,0,team2,kill,26.72
Warlock+Hunter_vs_Mage+Paladin,Warlock+Hunter,Mage+Paladin,1,team2,kill,24.75
Warlock+Hunter_vs_Mage+Paladin,Warlock+Hunter,Mage+Paladin,2,team2,kill,29.82
Warlock+Hunter_vs_Mage+Paladin,Warlock+Hunter,Mage+Paladin,3,team2,kill,28.85
Warlock+Hunter_vs_Mage+Paladin,Warlock+Hunter,Mage+Paladin,4,team2,kill,26.08
Warlock+Hunter_vs_Mage+Paladin,Warlock+Hunter,Mage+Paladin,5,team2,kill,26.08
Warlock+Hunter_vs_Mage+Paladin,Warlock+Hunter,Mage+Paladin,6,team2,kill,22.18
Warlock+Hunter_vs_Mage+Paladin,Warlock+Hunter,Mage+Paladin,7,team2,kill,27.22
Warlock+Hunter_vs_Mage+Paladin,Warlock+Hunter,Mage+Paladin,8,team2,kill,24.57
Warlock+Hunter_vs_Mage+Paladin,Warlock+Hunter,Mage+Paladin,9,team2,kill,28.73
Warlock+Hunter_vs_Mage+Hunter,Warlock+Hunter,Mage+Hunter,0,team2,kill,26.17
Warlock+Hunter_vs_Mage+Hunter,Warlock+Hunter,Mage+Hunter,1,team2,kill,22.70
Warlock+Hunter_vs_Mage+Hunter,Warlock+Hunter,Mage+Hunter,2,team2,kill,21.22
Warlock+Hunter_vs_Mage+Hunter,Warlock+Hunter,Mage+Hunter,3,team2,kill,26.15
Warlock+Hunter_vs_Mage+Hunter,Warlock+Hunter,Mage+Hunter,4,team2,kill,22.03
Warlock+Hunter_vs_Mage+Hunter,Warlock+Hunter,Mage+Hunter,5,team2,kill,25.02
Warlock+Hunter_vs_Mage+Hunter,Warlock+Hunter,Mage+Hunter,6,team2,kill,24.57
Warlock+Hunter_vs_Mage+Hunter,Warlock+Hunter,Mage+Hunter,7,team1,kill,26.30
Warlock+Hunter_vs_Mage+Hunter,Warlock+Hunter,Mage+Hunter,8,team2,kill,18.70
Warlock+Hunter_vs_Mage+Hunter,Warlock+Hunter,Mage+Hunter,9,team2,kill,24.62
Warlock+Hunter_vs_Mage+Shaman,Warlock+Hunter,Mage+Shaman,0,team2,kill,24.48
Warlock+Hunter_vs_Mage+Shaman,Warlock+Hunter,Mage+Shaman,1,team2,kill,24.57
Warlock+Hunter_vs_Mage+Shaman,Warlock+Hunter,Mage+Shaman,2,team2,kill,23.12
Warlock+Hunter_vs_Mage+Shaman,Warlock+Hunter,Mage+Shaman,3,team2,kill,24.55
Warlock+Hunter_vs_Mage+Shaman,Warlock+Hunter,Mage+Shaman,4,team2,kill,23.12
Warlock+Hunter_vs_Mage+Shaman,Warlock+Hunter,Mage+Shaman,5,team2,kill,24.57
Warlock+Hunter_vs_Mage+Shaman,Warlock+Hunter,Mage+Shaman,6,team2,kill,24.57
Warlock+Hunter_vs_Mage+Shaman,Warlock+Hunter,Mage+Shaman,7,team2,kill,24.57
Warlock+Hunter_vs_Mage+Shaman,Warlock+Hunter,Mage+Shaman,8,team2,kill,23.12
Warlock+Hunter_vs_Mage+Shaman,Warlock+Hunter,Mage+Shaman,9,team2,kill,24.57
Warlock+Hunter_vs_Rogue+Priest,Warlock+Hunter,Rogue+Priest,0,team1,kill,23.43
Warlock+Hunter_vs_Rogue+Priest,Warlock+Hunter,Rogue+Priest,1,team1,kill,24.70
Warlock+Hunter_vs_Rogue+Priest,Warlock+Hunter,Rogue+Priest,2,team1,kill,19.85
Warlock+Hunter_vs_Rogue+Priest,Warlock+Hunter,Rogue+Priest,3,team1,kill,22.85
Warlock+Hunter_vs_Rogue+Priest,Warlock+Hunter,Rogue+Priest,4,team1,kill,26.07
Warlock+Hunter_vs_Rogue+Priest,Warlock+Hunter,Rogue+Priest,5,team1,kill,20.55
Warlock+Hunter_vs_Rogue+Priest,Warlock+Hunter,Rogue+Priest,6,team1,kill,23.03
Warlock+Hunter_vs_Rogue+Priest,Warlock+Hunter,Rogue+Priest,7,team1,kill,29.30
Warlock+Hunter_vs_Rogue+Priest,Warlock+Hunter,Rogue+Priest,8,team1,kill,28.58
Warlock+Hunter_vs_Rogue+Priest,Warlock+Hunter,Rogue+Priest,9,team1,kill,37.78
Warlock+Hunter_vs_Rogue+Warlock,Warlock+Hunter,Rogue+Warlock,0,team1,kill,27.57
Warlock+Hunter_vs_Rogue+Warlock,Warlock+Hunter,Rogue+Warlock,1,team1,kill,24.40
Warlock+Hunter_vs_Rogue+Warlock,Warlock+Hunter,Rogue+Warlock,2,team1,kill,26.00
Warlock+Hunter_vs_Rogue+Warlock,Warlock+Hunter,Rogue+Warlock,3,team1,kill,26.00
Warlock+Hunter_vs_Rogue+Warlock,Warlock+Hunter,Rogue+Warlock,4,team1,kill,24.53
Warlock+Hunter_vs_Rogue+Warlock,Warlock+Hunter,Rogue+Warlock,5,team1,kill,26.78
Warlock+Hunter_vs_Rogue+Warlock,Warlock+Hunter,Rogue+Warlock,6,team1,kill,27.18
Warlock+Hunter_vs_Rogue+Warlock,Warlock+Hunter,Rogue+Warlock,7,team1,kill,27.20
Warlock+Hunter_vs_Rogue+Warlock,Warlock+Hunter,Rogue+Warlock,8,team1,kill,29.93
Warlock+Hunter_vs_Rogue+Warlock,Warlock+Hunter,Rogue+Warlock,9,team1,kill,26.00
Warlock+Hunter_vs_Rogue+Paladin,Warlock+Hunter,Rogue+Paladin,0,team1,kill,51.68
Warlock+Hunter_vs_Rogue+Paladin,Warlock+Hunter,Rogue+Paladin,1,team1,kill,53.05
Warlock+Hunter_vs_Rogue+Paladin,Warlock+Hunter,Rogue+Paladin,2,team2,kill,80.72
Warlock+Hunter_vs_Rogue+Paladin,Warlock+Hunter,Rogue+Paladin,3,team1,kill,42.12
Warlock+Hunter_vs_Rogue+Paladin,Warlock+Hunter,Rogue+Paladin,4,team1,kill,48.25
Warlock+Hunter_vs_Rogue+Paladin,Warlock+Hunter,Rogue+Paladin,5,team1,kill,40.67
Warlock+Hunter_vs_Rogue+Paladin,Warlock+Hunter,Rogue+Paladin,6,team1,kill,46.72
Warlock+Hunter_vs_Rogue+Paladin,Warlock+Hunter,Rogue+Paladin,7,team1,kill,39.27
Warlock+Hunter_vs_Rogue+Paladin,Warlock+Hunter,Rogue+Paladin,8,team1,kill,35.90
Warlock+Hunter_vs_Rogue+Paladin,Warlock+Hunter,Rogue+Paladin,9,team2,kill,78.87
Warlock+Hunter_vs_Rogue+Hunter,Warlock+Hunter,Rogue+Hunter,0,team1,kill,25.62
Warlock+Hunter_vs_Rogue+Hunter,Warlock+Hunter,Rogue+Hunter,1,team1,kill,29.70
Warlock+Hunter_vs_Rogue+Hunter,Warlock+Hunter,Rogue+Hunter,2,team1,kill,23.65
Warlock+Hunter_vs_Rogue+Hunter,Warlock+Hunter,Rogue+Hunter,3,team1,kill,26.52
Warlock+Hunter_vs_Rogue+Hunter,Warlock+Hunter,Rogue+Hunter,4,team1,kill,27.40
Warlock+Hunter_vs_Rogue+Hunter,Warlock+Hunter,Rogue+Hunter,5,team1,kill,26.22
Warlock+Hunter_vs_Rogue+Hunter,Warlock+Hunter,Rogue+Hunter,6,team1,kill,26.83
Warlock+Hunter_vs_Rogue+Hunter,Warlock+Hunter,Rogue+Hunter,7,team1,kill,23.23
Warlock+Hunter_vs_Rogue+Hunter,Warlock+Hunter,Rogue+Hunter,8,team1,kill,27.28
Warlock+Hunter_vs_Rogue+Hunter,Warlock+Hunter,Rogue+Hunter,9,team1,kill,30.63
Warlock+Hunter_vs_Rogue+Shaman,Warlock+Hunter,Rogue+Shaman,0,team1,kill,28.38
Warlock+Hunter_vs_Rogue+Shaman,Warlock+Hunter,Rogue+Shaman,1,team1,kill,31.77
Warlock+Hunter_vs_Rogue+Shaman,Warlock+Hunter,Rogue+Shaman,2,team1,kill,39.60
Warlock+Hunter_vs_Rogue+Shaman,Warlock+Hunter,Rogue+Shaman,3,team1,kill,38.45
Warlock+Hunter_vs_Rogue+Shaman,Warlock+Hunter,Rogue+Shaman,4,team1,kill,32.07
Warlock+Hunter_vs_Rogue+Shaman,Warlock+Hunter,Rogue+Shaman,5,team1,kill,29.13
Warlock+Hunter_vs_Rogue+Shaman,Warlock+Hunter,Rogue+Shaman,6,team1,kill,31.47
Warlock+Hunter_vs_Rogue+Shaman,Warlock+Hunter,Rogue+Shaman,7,team1,kill,26.62
Warlock+Hunter_vs_Rogue+Shaman,Warlock+Hunter,Rogue+Shaman,8,team1,kill,28.33
Warlock+Hunter_vs_Rogue+Shaman,Warlock+Hunter,Rogue+Shaman,9,team1,kill,26.15
Warlock+Hunter_vs_Priest+Warlock,Warlock+Hunter,Priest+Warlock,0,team2,kill,44.00
Warlock+Hunter_vs_Priest+Warlock,Warlock+Hunter,Priest+Warlock,1,team2,kill,40.40
Warlock+Hunter_vs_Priest+Warlock,Warlock+Hunter,Priest+Warlock,2,team2,kill,38.72
Warlock+Hunter_vs_Priest+Warlock,Warlock+Hunter,Priest+Warlock,3,team2,kill,44.58
Warlock+Hunter_vs_Priest+Warlock,Warlock+Hunter,Priest+Warlock,4,team2,kill,42.52
Warlock+Hunter_vs_Priest+Warlock,Warlock+Hunter,Priest+Warlock,5,team2,kill,44.00
Warlock+Hunter_vs_Priest+Warlock,Warlock+Hunter,Priest+Warlock,6,team2,kill,35.55
Warlock+Hunter_vs_Priest+Warlock,Warlock+Hunter,Priest+Warlock,7,team2,kill,43.50
Warlock+Hunter_vs_Priest+Warlock,Warlock+Hunter,Priest+Warlock,8,team2,kill,43.42
Warlock+Hunter_vs_Priest+Warlock,Warlock+Hunter,Priest+Warlock,9,team2,kill,40.32
Warlock+Hunter_vs_Priest+Hunter,Warlock+Hunter,Priest+Hunter,0,team2,kill,28.53
Warlock+Hunter_vs_Priest+Hunter,Warlock+Hunter,Priest+Hunter,1,team2,kill,27.52
Warlock+Hunter_vs_Priest+Hunter,Warlock+Hunter,Priest+Hunter,2,team2,kill,29.80
Warlock+Hunter_vs_Priest+Hunter,Warlock+Hunter,Priest+Hunter,3,team2,kill,28.28
Warlock+Hunter_vs_Priest+Hunter,Warlock+Hunter,Priest+Hunter,4,team2,kill,37.55
Warlock+Hunter_vs_Priest+Hunter,Warlock+Hunter,Priest+Hunter,5,team2,kill,30.22
Warlock+Hunter_vs_Priest+Hunter,Warlock+Hunter,Priest+Hunter,6,team2,kill,29.80
Warlock+Hunter_vs_Priest+Hunter,Warlock+Hunter,Priest+Hunter,7,team2,kill,29.33
Warlock+Hunter_vs_Priest+Hunter,Warlock+Hunter,Priest+Hunter,8,team2,kill,39.08
Warlock+Hunter_vs_Priest+Hunter,Warlock+Hunter,Priest+Hunter,9,team2,kill,32.45
Warlock+Hunter_vs_Warlock+Paladin,Warlock+Hunter,Warlock+Paladin,0,team2,kill,56.10
Warlock+Hunter_vs_Warlock+Paladin,Warlock+Hunter,Warlock+Paladin,1,team2,kill,67.25
Warlock+Hunter_vs_Warlock+Paladin,Warlock+Hunter,Warlock+Paladin,2,team2,kill,49.15
Warlock+Hunter_vs_Warlock+Paladin,Warlock+Hunter,Warlock+Paladin,3,team2,kill,37.95
Warlock+Hunter_vs_Warlock+Paladin,Warlock+Hunter,Warlock+Paladin,4,team2,kill,77.34
Warlock+Hunter_vs_Warlock+Paladin,Warlock+Hunter,Warlock+Paladin,5,team2,kill,48.10
Warlock+Hunter_vs_Warlock+Paladin,Warlock+Hunter,Warlock+Paladin,6,team2,kill,58.12
Warlock+Hunter_vs_Warlock+Paladin,Warlock+Hunter,Warlock+Paladin,7,team2,kill,61.72
Warlock+Hunter_vs_Warlock+Paladin,Warlock+Hunter,Warlock+Paladin,8,team2,kill,41.67
Warlock+Hunter_vs_Warlock+Paladin,Warlock+Hunter,Warlock+Paladin,9,team2,kill,39.57
Warlock+Hunter_vs_Warlock+Hunter,Warlock+Hunter,Warlock+Hunter,0,team2,kill,21.72
Warlock+Hunter_vs_Warlock+Hunter,Warlock+Hunter,Warlock+Hunter,1,draw,kill,21.72
Warlock+Hunter_vs_Warlock+Hunter,Warlock+Hunter,Warlock+Hunter,2,team1,kill,21.70
Warlock+Hunter_vs_Warlock+Hunter,Warlock+Hunter,Warlock+Hunter,3,draw,kill,21.72
Warlock+Hunter_vs_Warlock+Hunter,Warlock+Hunter,Warlock+Hunter,4,team1,kill,21.70
Warlock+Hunter_vs_Warlock+Hunter,Warlock+Hunter,Warlock+Hunter,5,team2,kill,21.67
Warlock+Hunter_vs_Warlock+Hunter,Warlock+Hunter,Warlock+Hunter,6,team1,kill,21.67
Warlock+Hunter_vs_Warlock+Hunter,Warlock+Hunter,Warlock+Hunter,7,team2,kill,21.67
Warlock+Hunter_vs_Warlock+Hunter,Warlock+Hunter,Warlock+Hunter,8,team1,kill,21.72
Warlock+Hunter_vs_Warlock+Hunter,Warlock+Hunter,Warlock+Hunter,9,team2,kill,21.70
Warlock+Hunter_vs_Warlock+Shaman,Warlock+Hunter,Warlock+Shaman,0,team2,kill,30.38
Warlock+Hunter_vs_Warlock+Shaman,Warlock+Hunter,Warlock+Shaman,1,team2,kill,27.37
Warlock+Hunter_vs_Warlock+Shaman,Warlock+Hunter,Warlock+Shaman,2,team2,kill,33.90
Warlock+Hunter_vs_Warlock+Shaman,Warlock+Hunter,Warlock+Shaman,3,team2,kill,25.87
Warlock+Hunter_vs_Warlock+Shaman,Warlock+Hunter,Warlock+Shaman,4,team2,kill,24.62
Warlock+Hunter_vs_Warlock+Shaman,Warlock+Hunter,Warlock+Shaman,5,team1,kill,55.23
Warlock+Hunter_vs_Warlock+Shaman,Warlock+Hunter,Warlock+Shaman,6,team2,kill,27.33
Warlock+Hunter_vs_Warlock+Shaman,Warlock+Hunter,Warlock+Shaman,7,team2,kill,32.87
Warlock+Hunter_vs_Warlock+Shaman,Warlock+Hunter,Warlock+Shaman,8,team2,kill,27.33
Warlock+Hunter_vs_Warlock+Shaman,Warlock+Hunter,Warlock+Shaman,9,team2,kill,42.70
Warlock+Hunter_vs_Paladin+Hunter,Warlock+Hunter,Paladin+Hunter,0,team2,kill,41.02
Warlock+Hunter_vs_Paladin+Hunter,Warlock+Hunter,Paladin+Hunter,1,team2,kill,30.55
Warlock+Hunter_vs_Paladin+Hunter,Warlock+Hunter,Paladin+Hunter,2,team2,kill,34.85
Warlock+Hunter_vs_Paladin+Hunter,Warlock+Hunter,Paladin+Hunter,3,team2,kill,43.53
Warlock+Hunter_vs_Paladin+Hunter,Warlock+Hunter,Paladin+Hunter,4,team2,kill,33.02
Warlock+Hunter_vs_Paladin+Hunter,Warlock+Hunter,Paladin+Hunter,5,team2,kill,41.25
Warlock+Hunter_vs_Paladin+Hunter,Warlock+Hunter,Paladin+Hunter,6,team2,kill,29.70
Warlock+Hunter_vs_Paladin+Hunter,Warlock+Hunter,Paladin+Hunter,7,team2,kill,30.13
Warlock+Hunter_vs_Paladin+Hunter,Warlock+Hunter,Paladin+Hunter,8,team2,kill,43.78
Warlock+Hunter_vs_Paladin+Hunter,Warlock+Hunter,Paladin+Hunter,9,team2,kill,40.98
Warlock+Hunter_vs_Hunter+Shaman,Warlock+Hunter,Hunter+Shaman,0,team2,kill,19.87
Warlock+Hunter_vs_Hunter+Shaman,Warlock+Hunter,Hunter+Shaman,1,team2,kill,18.30
Warlock+Hunter_vs_Hunter+Shaman,Warlock+Hunter,Hunter+Shaman,2,team2,kill,18.82
Warlock+Hunter_vs_Hunter+Shaman,Warlock+Hunter,Hunter+Shaman,3,team2,kill,18.77
Warlock+Hunter_vs_Hunter+Shaman,Warlock+Hunter,Hunter+Shaman,4,team2,kill,18.30
Warlock+Hunter_vs_Hunter+Shaman,Warlock+Hunter,Hunter+Shaman,5,team2,kill,18.30
Warlock+Hunter_vs_Hunter+Shaman,Warlock+Hunter,Hunter+Shaman,6,team2,kill,20.33
Warlock+Hunter_vs_Hunter+Shaman,Warlock+Hunter,Hunter+Shaman,7,team2,kill,18.30
Warlock+Hunter_vs_Hunter+Shaman,Warlock+Hunter,Hunter+Shaman,8,team2,kill,18.30
Warlock+Hunter_vs_Hunter+Shaman,Warlock+Hunter,Hunter+Shaman,9,team2,kill,18.30
Warlock+Shaman_vs_Warrior+Hunter,Warlock+Shaman,Warrior+Hunter,0,team1,kill,26.70
Warlock+Shaman_vs_Warrior+Hunter,Warlock+Shaman,Warrior+Hunter,1,team1,kill,20.67
Warlock+Shaman_vs_Warrior+Hunter,Warlock+Shaman,Warrior+Hunter,2,team1,kill,22.72
Warlock+Shaman_vs_Warrior+Hunter,Warlock+Shaman,Warrior+Hunter,3,team1,kill,13.53
Warlock+Shaman_vs_Warrior+Hunter,Warlock+Shaman,Warrior+Hunter,4,team1,kill,28.18
Warlock+Shaman_vs_Warrior+Hunter,Warlock+Shaman,Warrior+Hunter,5,team1,kill,26.70
Warlock+Shaman_vs_Warrior+Hunter,Warlock+Shaman,Warrior+Hunter,6,team1,kill,20.68
Warlock+Shaman_vs_Warrior+Hunter,Warlock+Shaman,Warrior+Hunter,7,team1,kill,22.72
Warlock+Shaman_vs_Warrior+Hunter,Warlock+Shaman,Warrior+Hunter,8,team1,kill,19.12
Warlock+Shaman_vs_Warrior+Hunter,Warlock+Shaman,Warrior+Hunter,9,team1,kill,21.18
Warlock+Shaman_vs_Mage+Hunter,Warlock+Shaman,Mage+Hunter,0,team2,kill,28.40
Warlock+Shaman_vs_Mage+Hunter,Warlock+Shaman,Mage+Hunter,1,team2,kill,24.27
Warlock+Shaman_vs_Mage+Hunter,Warlock+Shaman,Mage+Hunter,2,team2,kill,25.87
Warlock+Shaman_vs_Mage+Hunter,Warlock+Shaman,Mage+Hunter,3,team2,kill,26.30
Warlock+Shaman_vs_Mage+Hunter,Warlock+Shaman,Mage+Hunter,4,team2,kill,25.37
Warlock+Shaman_vs_Mage+Hunter,Warlock+Shaman,Mage+Hunter,5,team2,kill,31.28
Warlock+Shaman_vs_Mage+Hunter,Warlock+Shaman,Mage+Hunter,6,team2,kill,27.88
Warlock+Shaman_vs_Mage+Hunter,Warlock+Shaman,Mage+Hunter,7,team2,kill,33.15
Warlock+Shaman_vs_Mage+Hunter,Warlock+Shaman,Mage+Hunter,8,team2,kill,26.75
Warlock+Shaman_vs_Mage+Hunter,Warlock+Shaman,Mage+Hunter,9,team2,kill,28.18
Warlock+Shaman_vs_Rogue+Hunter,Warlock+Shaman,Rogue+Hunter,0,team1,kill,20.62
Warlock+Shaman_vs_Rogue+Hunter,Warlock+Shaman,Rogue+Hunter,1,team1,kill,16.48
Warlock+Shaman_vs_Rogue+Hunter,Warlock+Shaman,Rogue+Hunter,2,team1,kill,25.58
Warlock+Shaman_vs_Rogue+Hunter,Warlock+Shaman,Rogue+Hunter,3,team1,kill,24.27
Warlock+Shaman_vs_Rogue+Hunter,Warlock+Shaman,Rogue+Hunter,4,team1,kill,22.05
Warlock+Shaman_vs_Rogue+Hunter,Warlock+Shaman,Rogue+Hunter,5,team1,kill,18.08
Warlock+Shaman_vs_Rogue+Hunter,Warlock+Shaman,Rogue+Hunter,6,team1,kill,23.55
Warlock+Shaman_vs_Rogue+Hunter,Warlock+Shaman,Rogue+Hunter,7,team1,kill,17.55
Warlock+Shaman_vs_Rogue+Hunter,Warlock+Shaman,Rogue+Hunter,8,team1,kill,21.60
Warlock+Shaman_vs_Rogue+Hunter,Warlock+Shaman,Rogue+Hunter,9,team1,kill,24.57
Warlock+Shaman_vs_Priest+Hunter,Warlock+Shaman,Priest+Hunter,0,team1,kill,33.32
Warlock+Shaman_vs_Priest+Hunter,Warlock+Shaman,Priest+Hunter,1,team2,kill,54.22
Warlock+Shaman_vs_Priest+Hunter,Warlock+Shaman,Priest+Hunter,2,team1,kill,36.98
Warlock+Shaman_vs_Priest+Hunter,Warlock+Shaman,Priest+Hunter,3,team1,kill,31.55
Warlock+Shaman_vs_Priest+Hunter,Warlock+Shaman,Priest+Hunter,4,team2,kill,59.88
Warlock+Shaman_vs_Priest+Hunter,Warlock+Shaman,Priest+Hunter,5,team2,kill,63.45
Warlock+Shaman_vs_Priest+Hunter,Warlock+Shaman,Priest+Hunter,6,team2,kill,55.30
Warlock+Shaman_vs_Priest+Hunter,Warlock+Shaman,Priest+Hunter,7,team2,kill,44.45
Warlock+Shaman_vs_Priest+Hunter,Warlock+Shaman,Priest+Hunter,8,team1,kill,31.90
Warlock+Shaman_vs_Priest+Hunter,Warlock+Shaman,Priest+Hunter,9,team2,kill,34.38
Warlock+Shaman_vs_Warlock+Hunter,Warlock+Shaman,Warlock+Hunter,0,team1,kill,34.38
Warlock+Shaman_vs_Warlock+Hunter,Warlock+Shaman,Warlock+Hunter,1,team2,kill,68.22
Warlock+Shaman_vs_Warlock+Hunter,Warlock+Shaman,Warlock+Hunter,2,team1,kill,32.38
Warlock+Shaman_vs_Warlock+Hunter,Warlock+Shaman,Warlock+Hunter,3,team1,kill,32.38
Warlock+Shaman_vs_Warlock+Hunter,Warlock+Shaman,Warlock+Hunter,4,team1,kill,32.87
Warlock+Shaman_vs_Warlock+Hunter,Warlock+Shaman,Warlock+Hunter,5,team1,kill,30.33
Warlock+Shaman_vs_Warlock+Hunter,Warlock+Shaman,Warlock+Hunter,6,team1,kill,22.97
Warlock+Shaman_vs_Warlock+Hunter,Warlock+Shaman,Warlock+Hunter,7,team1,kill,28.18
Warlock+Shaman_vs_Warlock+Hunter,Warlock+Shaman,Warlock+Hunter,8,team1,kill,30.85
Warlock+Shaman_vs_Warlock+Hunter,Warlock+Shaman,Warlock+Hunter,9,team1,kill,35.90
Warlock+Shaman_vs_Paladin+Hunter,Warlock+Shaman,Paladin+Hunter,0,team2,kill,50.32
Warlock+Shaman_vs_Paladin+Hunter,Warlock+Shaman,Paladin+Hunter,1,team2,kill,61.63
Warlock+Shaman_vs_Paladin+Hunter,Warlock+Shaman,Paladin+Hunter,2,team2,kill,65.63
Warlock+Shaman_vs_Paladin+Hunter,Warlock+Shaman,Paladin+Hunter,3,team2,kill,60.12
Warlock+Shaman_vs_Paladin+Hunter,Warlock+Shaman,Paladin+Hunter,4,draw,cap,300.00
Warlock+Shaman_vs_Paladin+Hunter,Warlock+Shaman,Paladin+Hunter,5,team2,kill,60.15
Warlock+Shaman_vs_Paladin+Hunter,Warlock+Shaman,Paladin+Hunter,6,team2,kill,79.90
Warlock+Shaman_vs_Paladin+Hunter,Warlock+Shaman,Paladin+Hunter,7,team2,kill,65.05
Warlock+Shaman_vs_Paladin+Hunter,Warlock+Shaman,Paladin+Hunter,8,team2,kill,120.33
Warlock+Shaman_vs_Paladin+Hunter,Warlock+Shaman,Paladin+Hunter,9,team1,kill,68.08
Warlock+Shaman_vs_Hunter+Shaman,Warlock+Shaman,Hunter+Shaman,0,team1,kill,25.43
Warlock+Shaman_vs_Hunter+Shaman,Warlock+Shaman,Hunter+Shaman,1,team1,kill,28.38
Warlock+Shaman_vs_Hunter+Shaman,Warlock+Shaman,Hunter+Shaman,2,team1,kill,27.20
Warlock+Shaman_vs_Hunter+Shaman,Warlock+Shaman,Hunter+Shaman,3,team1,kill,57.22
Warlock+Shaman_vs_Hunter+Shaman,Warlock+Shaman,Hunter+Shaman,4,team1,kill,28.18
Warlock+Shaman_vs_Hunter+Shaman,Warlock+Shaman,Hunter+Shaman,5,team1,kill,28.18
Warlock+Shaman_vs_Hunter+Shaman,Warlock+Shaman,Hunter+Shaman,6,team1,kill,29.58
Warlock+Shaman_vs_Hunter+Shaman,Warlock+Shaman,Hunter+Shaman,7,team1,kill,29.72
Warlock+Shaman_vs_Hunter+Shaman,Warlock+Shaman,Hunter+Shaman,8,team1,kill,30.50
Warlock+Shaman_vs_Hunter+Shaman,Warlock+Shaman,Hunter+Shaman,9,team1,kill,25.83
Paladin+Hunter_vs_Warrior+Mage,Paladin+Hunter,Warrior+Mage,0,team1,kill,52.37
Paladin+Hunter_vs_Warrior+Mage,Paladin+Hunter,Warrior+Mage,1,team1,kill,43.77
Paladin+Hunter_vs_Warrior+Mage,Paladin+Hunter,Warrior+Mage,2,team1,kill,44.33
Paladin+Hunter_vs_Warrior+Mage,Paladin+Hunter,Warrior+Mage,3,team1,kill,57.68
Paladin+Hunter_vs_Warrior+Mage,Paladin+Hunter,Warrior+Mage,4,team1,kill,41.67
Paladin+Hunter_vs_Warrior+Mage,Paladin+Hunter,Warrior+Mage,5,team1,kill,49.22
Paladin+Hunter_vs_Warrior+Mage,Paladin+Hunter,Warrior+Mage,6,team1,kill,44.72
Paladin+Hunter_vs_Warrior+Mage,Paladin+Hunter,Warrior+Mage,7,team1,kill,46.73
Paladin+Hunter_vs_Warrior+Mage,Paladin+Hunter,Warrior+Mage,8,team1,kill,39.83
Paladin+Hunter_vs_Warrior+Mage,Paladin+Hunter,Warrior+Mage,9,team1,kill,46.13
Paladin+Hunter_vs_Warrior+Rogue,Paladin+Hunter,Warrior+Rogue,0,team1,kill,24.85
Paladin+Hunter_vs_Warrior+Rogue,Paladin+Hunter,Warrior+Rogue,1,team1,kill,36.13
Paladin+Hunter_vs_Warrior+Rogue,Paladin+Hunter,Warrior+Rogue,2,team1,kill,24.85
Paladin+Hunter_vs_Warrior+Rogue,Paladin+Hunter,Warrior+Rogue,3,team1,kill,33.62
Paladin+Hunter_vs_Warrior+Rogue,Paladin+Hunter,Warrior+Rogue,4,team1,kill,24.85
Paladin+Hunter_vs_Warrior+Rogue,Paladin+Hunter,Warrior+Rogue,5,team1,kill,36.13
Paladin+Hunter_vs_Warrior+Rogue,Paladin+Hunter,Warrior+Rogue,6,team1,kill,28.58
Paladin+Hunter_vs_Warrior+Rogue,Paladin+Hunter,Warrior+Rogue,7,team1,kill,26.07
Paladin+Hunter_vs_Warrior+Rogue,Paladin+Hunter,Warrior+Rogue,8,team1,kill,26.07
Paladin+Hunter_vs_Warrior+Rogue,Paladin+Hunter,Warrior+Rogue,9,team1,kill,36.13
Paladin+Hunter_vs_Warrior+Priest,Paladin+Hunter,Warrior+Priest,0,team1,kill,57.97
Paladin+Hunter_vs_Warrior+Priest,Paladin+Hunter,Warrior+Priest,1,team1,kill,71.62
Paladin+Hunter_vs_Warrior+Priest,Paladin+Hunter,Warrior+Priest,2,team1,kill,61.30
Paladin+Hunter_vs_Warrior+Priest,Paladin+Hunter,Warrior+Priest,3,team1,kill,73.52
Paladin+Hunter_vs_Warrior+Priest,Paladin+Hunter,Warrior+Priest,4,team1,kill,73.52
Paladin+Hunter_vs_Warrior+Priest,Paladin+Hunter,Warrior+Priest,5,team1,kill,71.47
Paladin+Hunter_vs_Warrior+Priest,Paladin+Hunter,Warrior+Priest,6,team1,kill,65.97
Paladin+Hunter_vs_Warrior+Priest,Paladin+Hunter,Warrior+Priest,7,team1,kill,79.27
Paladin+Hunter_vs_Warrior+Priest,Paladin+Hunter,Warrior+Priest,8,team1,kill,64.58
Paladin+Hunter_vs_Warrior+Priest,Paladin+Hunter,Warrior+Priest,9,team1,kill,74.13
Paladin+Hunter_vs_Warrior+Warlock,Paladin+Hunter,Warrior+Warlock,0,team2,kill,40.73
Paladin+Hunter_vs_Warrior+Warlock,Paladin+Hunter,Warrior+Warlock,1,team1,kill,46.75
Paladin+Hunter_vs_Warrior+Warlock,Paladin+Hunter,Warrior+Warlock,2,team1,kill,38.97
Paladin+Hunter_vs_Warrior+Warlock,Paladin+Hunter,Warrior+Warlock,3,team1,kill,67.38
Paladin+Hunter_vs_Warrior+Warlock,Paladin+Hunter,Warrior+Warlock,4,team1,kill,64.23
Paladin+Hunter_vs_Warrior+Warlock,Paladin+Hunter,Warrior+Warlock,5,team2,kill,55.00
Paladin+Hunter_vs_Warrior+Warlock,Paladin+Hunter,Warrior+Warlock,6,team1,kill,45.82
Paladin+Hunter_vs_Warrior+Warlock,Paladin+Hunter,Warrior+Warlock,7,team2,kill,78.72
Paladin+Hunter_vs_Warrior+Warlock,Paladin+Hunter,Warrior+Warlock,8,team1,kill,48.55
Paladin+Hunter_vs_Warrior+Warlock,Paladin+Hunter,Warrior+Warlock,9,team2,kill,41.72
Paladin+Hunter_vs_Warrior+Paladin,Paladin+Hunter,Warrior+Paladin,0,team2,kill,121.09
Paladin+Hunter_vs_Warrior+Paladin,Paladin+Hunter,Warrior+Paladin,1,team1,kill,86.74
Paladin+Hunter_vs_Warrior+Paladin,Paladin+Hunter,Warrior+Paladin,2,team1,kill,90.65
Paladin+Hunter_vs_Warrior+Paladin,Paladin+Hunter,Warrior+Paladin,3,team1,kill,81.59
Paladin+Hunter_vs_Warrior+Paladin,Paladin+Hunter,Warrior+Paladin,4,team1,kill,86.65
Paladin+Hunter_vs_Warrior+Paladin,Paladin+Hunter,Warrior+Paladin,5,team1,kill,96.99
Paladin+Hunter_vs_Warrior+Paladin,Paladin+Hunter,Warrior+Paladin,6,team1,kill,97.64
Paladin+Hunter_vs_Warrior+Paladin,Paladin+Hunter,Warrior+Paladin,7,team1,kill,104.52
Paladin+Hunter_vs_Warrior+Paladin,Paladin+Hunter,Warrior+Paladin,8,team1,kill,137.34
Paladin+Hunter_vs_Warrior+Paladin,Paladin+Hunter,Warrior+Paladin,9,team1,kill,84.40
Paladin+Hunter_vs_Warrior+Hunter,Paladin+Hunter,Warrior+Hunter,0,team1,kill,41.78
Paladin+Hunter_vs_Warrior+Hunter,Paladin+Hunter,Warrior+Hunter,1,team1,kill,39.27
Paladin+Hunter_vs_Warrior+Hunter,Paladin+Hunter,Warrior+Hunter,2,team1,kill,41.78
Paladin+Hunter_vs_Warrior+Hunter,Paladin+Hunter,Warrior+Hunter,3,team1,kill,49.22
Paladin+Hunter_vs_Warrior+Hunter,Paladin+Hunter,Warrior+Hunter,4,team1,kill,54.70
Paladin+Hunter_vs_Warrior+Hunter,Paladin+Hunter,Warrior+Hunter,5,team1,kill,32.33
Paladin+Hunter_vs_Warrior+Hunter,Paladin+Hunter,Warrior+Hunter,6,team1,kill,39.27
Paladin+Hunter_vs_Warrior+Hunter,Paladin+Hunter,Warrior+Hunter,7,team1,kill,43.60
Paladin+Hunter_vs_Warrior+Hunter,Paladin+Hunter,Warrior+Hunter,8,team1,kill,39.27
Paladin+Hunter_vs_Warrior+Hunter,Paladin+Hunter,Warrior+Hunter,9,team1,kill,41.78
Paladin+Hunter_vs_Warrior+Shaman,Paladin+Hunter,Warrior+Shaman,0,team1,kill,44.17
Paladin+Hunter_vs_Warrior+Shaman,Paladin+Hunter,Warrior+Shaman,1,team1,kill,44.17
Paladin+Hunter_vs_Warrior+Shaman,Paladin+Hunter,Warrior+Shaman,2,team1,kill,44.95
Paladin+Hunter_vs_Warrior+Shaman,Paladin+Hunter,Warrior+Shaman,3,team1,kill,51.23
Paladin+Hunter_vs_Warrior+Shaman,Paladin+Hunter,Warrior+Shaman,4,team2,kill,28.65
Paladin+Hunter_vs_Warrior+Shaman,Paladin+Hunter,Warrior+Shaman,5,team1,kill,45.12
Paladin+Hunter_vs_Warrior+Shaman,Paladin+Hunter,Warrior+Shaman,6,team1,kill,50.15
Paladin+Hunter_vs_Warrior+Shaman,Paladin+Hunter,Warrior+Shaman,7,team1,kill,44.22
Paladin+Hunter_vs_Warrior+Shaman,Paladin+Hunter,Warrior+Shaman,8,team1,kill,48.72
Paladin+Hunter_vs_Warrior+Shaman,Paladin+Hunter,Warrior+Shaman,9,team1,kill,46.20
Paladin+Hunter_vs_Mage+Rogue,Paladin+Hunter,Mage+Rogue,0,team2,kill,47.27
Paladin+Hunter_vs_Mage+Rogue,Paladin+Hunter,Mage+Rogue,1,team1,kill,56.28
Paladin+Hunter_vs_Mage+Rogue,Paladin+Hunter,Mage+Rogue,2,team1,kill,52.03
Paladin+Hunter_vs_Mage+Rogue,Paladin+Hunter,Mage+Rogue,3,team1,kill,59.18
Paladin+Hunter_vs_Mage+Rogue,Paladin+Hunter,Mage+Rogue,4,team1,kill,54.73
Paladin+Hunter_vs_Mage+Rogue,Paladin+Hunter,Mage+Rogue,5,team2,kill,47.27
Paladin+Hunter_vs_Mage+Rogue,Paladin+Hunter,Mage+Rogue,6,team1,kill,56.67
Paladin+Hunter_vs_Mage+Rogue,Paladin+Hunter,Mage+Rogue,7,team2,kill,44.73
Paladin+Hunter_vs_Mage+Rogue,Paladin+Hunter,Mage+Rogue,8,team1,kill,59.18
Paladin+Hunter_vs_Mage+Rogue,Paladin+Hunter,Mage+Rogue,9,team2,kill,46.88
Paladin+Hunter_vs_Mage+Priest,Paladin+Hunter,Mage+Priest,0,team2,kill,53.15
Paladin+Hunter_vs_Mage+Priest,Paladin+Hunter,Mage+Priest,1,team2,kill,36.63
Paladin+Hunter_vs_Mage+Priest,Paladin+Hunter,Mage+Priest,2,team2,kill,34.17
Paladin+Hunter_vs_Mage+Priest,Paladin+Hunter,Mage+Priest,3,team2,kill,36.73
Paladin+Hunter_vs_Mage+Priest,Paladin+Hunter,Mage+Priest,4,team2,kill,36.98
Paladin+Hunter_vs_Mage+Priest,Paladin+Hunter,Mage+Priest,5,team2,kill,46.75
Paladin+Hunter_vs_Mage+Priest,Paladin+Hunter,Mage+Priest,6,team2,kill,33.77
Paladin+Hunter_vs_Mage+Priest,Paladin+Hunter,Mage+Priest,7,team2,kill,44.17
Paladin+Hunter_vs_Mage+Priest,Paladin+Hunter,Mage+Priest,8,team2,kill,38.48
Paladin+Hunter_vs_Mage+Priest,Paladin+Hunter,Mage+Priest,9,team2,kill,36.85
Paladin+Hunter_vs_Mage+Warlock,Paladin+Hunter,Mage+Warlock,0,team2,kill,30.10
Paladin+Hunter_vs_Mage+Warlock,Paladin+Hunter,Mage+Warlock,1,team1,kill,34.72
Paladin+Hunter_vs_Mage+Warlock,Paladin+Hunter,Mage+Warlock,2,team1,kill,30.68
Paladin+Hunter_vs_Mage+Warlock,Paladin+Hunter,Mage+Warlock,3,team2,kill,26.33
Paladin+Hunter_vs_Mage+Warlock,Paladin+Hunter,Mage+Warlock,4,team2,kill,26.38
Paladin+Hunter_vs_Mage+Warlock,Paladin+Hunter,Mage+Warlock,5,team1,kill,37.18
Paladin+Hunter_vs_Mage+Warlock,Paladin+Hunter,Mage+Warlock,6,team1,kill,39.67
Paladin+Hunter_vs_Mage+Warlock,Paladin+Hunter,Mage+Warlock,7,team1,kill,30.68
Paladin+Hunter_vs_Mage+Warlock,Paladin+Hunter,Mage+Warlock,8,team1,kill,43.37
Paladin+Hunter_vs_Mage+Warlock,Paladin+Hunter,Mage+Warlock,9,team1,kill,38.58
Paladin+Hunter_vs_Mage+Paladin,Paladin+Hunter,Mage+Paladin,0,team1,kill,98.19
Paladin+Hunter_vs_Mage+Paladin,Paladin+Hunter,Mage+Paladin,1,team1,kill,95.69
Paladin+Hunter_vs_Mage+Paladin,Paladin+Hunter,Mage+Paladin,2,team1,kill,95.69
Paladin+Hunter_vs_Mage+Paladin,Paladin+Hunter,Mage+Paladin,3,team1,kill,96.66
Paladin+Hunter_vs_Mage+Paladin,Paladin+Hunter,Mage+Paladin,4,team1,kill,85.62
Paladin+Hunter_vs_Mage+Paladin,Paladin+Hunter,Mage+Paladin,5,team1,kill,83.05
Paladin+Hunter_vs_Mage+Paladin,Paladin+Hunter,Mage+Paladin,6,team1,kill,88.14
Paladin+Hunter_vs_Mage+Paladin,Paladin+Hunter,Mage+Paladin,7,team1,kill,95.67
Paladin+Hunter_vs_Mage+Paladin,Paladin+Hunter,Mage+Paladin,8,team1,kill,88.00
Paladin+Hunter_vs_Mage+Paladin,Paladin+Hunter,Mage+Paladin,9,team1,kill,85.60
Paladin+Hunter_vs_Mage+Hunter,Paladin+Hunter,Mage+Hunter,0,team2,kill,41.13
Paladin+Hunter_vs_Mage+Hunter,Paladin+Hunter,Mage+Hunter,1,team2,kill,35.32
Paladin+Hunter_vs_Mage+Hunter,Paladin+Hunter,Mage+Hunter,2,team1,kill,32.78
Paladin+Hunter_vs_Mage+Hunter,Paladin+Hunter,Mage+Hunter,3,team1,kill,43.33
Paladin+Hunter_vs_Mage+Hunter,Paladin+Hunter,Mage+Hunter,4,team1,kill,31.45
Paladin+Hunter_vs_Mage+Hunter,Paladin+Hunter,Mage+Hunter,5,team1,kill,42.87
Paladin+Hunter_vs_Mage+Hunter,Paladin+Hunter,Mage+Hunter,6,team1,kill,55.35
Paladin+Hunter_vs_Mage+Hunter,Paladin+Hunter,Mage+Hunter,7,team2,kill,38.95
Paladin+Hunter_vs_Mage+Hunter,Paladin+Hunter,Mage+Hunter,8,team1,kill,31.80
Paladin+Hunter_vs_Mage+Hunter,Paladin+Hunter,Mage+Hunter,9,team1,kill,35.13
Paladin+Hunter_vs_Mage+Shaman,Paladin+Hunter,Mage+Shaman,0,team2,kill,26.78
Paladin+Hunter_vs_Mage+Shaman,Paladin+Hunter,Mage+Shaman,1,team1,kill,162.20
Paladin+Hunter_vs_Mage+Shaman,Paladin+Hunter,Mage+Shaman,2,draw,cap,300.00
Paladin+Hunter_vs_Mage+Shaman,Paladin+Hunter,Mage+Shaman,3,team2,kill,20.70
Paladin+Hunter_vs_Mage+Shaman,Paladin+Hunter,Mage+Shaman,4,team1,kill,263.18
Paladin+Hunter_vs_Mage+Shaman,Paladin+Hunter,Mage+Shaman,5,team1,kill,212.74
Paladin+Hunter_vs_Mage+Shaman,Paladin+Hunter,Mage+Shaman,6,team2,kill,23.12
Paladin+Hunter_vs_Mage+Shaman,Paladin+Hunter,Mage+Shaman,7,team2,kill,23.77
Paladin+Hunter_vs_Mage+Shaman,Paladin+Hunter,Mage+Shaman,8,draw,cap,300.00
Paladin+Hunter_vs_Mage+Shaman,Paladin+Hunter,Mage+Shaman,9,draw,cap,300.00
Paladin+Hunter_vs_Rogue+Priest,Paladin+Hunter,Rogue+Priest,0,team1,kill,58.28
Paladin+Hunter_vs_Rogue+Priest,Paladin+Hunter,Rogue+Priest,1,team1,kill,55.77
Paladin+Hunter_vs_Rogue+Priest,Paladin+Hunter,Rogue+Priest,2,team1,kill,53.75
Paladin+Hunter_vs_Rogue+Priest,Paladin+Hunter,Rogue+Priest,3,team1,kill,53.75
Paladin+Hunter_vs_Rogue+Priest,Paladin+Hunter,Rogue+Priest,4,team1,kill,55.40
Paladin+Hunter_vs_Rogue+Priest,Paladin+Hunter,Rogue+Priest,5,team1,kill,53.75
Paladin+Hunter_vs_Rogue+Priest,Paladin+Hunter,Rogue+Priest,6,team1,kill,69.92
Paladin+Hunter_vs_Rogue+Priest,Paladin+Hunter,Rogue+Priest,7,team1,kill,63.77
Paladin+Hunter_vs_Rogue+Priest,Paladin+Hunter,Rogue+Priest,8,team1,kill,42.08
Paladin+Hunter_vs_Rogue+Priest,Paladin+Hunter,Rogue+Priest,9,team1,kill,53.80
Paladin+Hunter_vs_Rogue+Warlock,Paladin+Hunter,Rogue+Warlock,0,team1,kill,31.22
Paladin+Hunter_vs_Rogue+Warlock,Paladin+Hunter,Rogue+Warlock,1,team1,kill,30.90
Paladin+Hunter_vs_Rogue+Warlock,Paladin+Hunter,Rogue+Warlock,2,team1,kill,23.12
Paladin+Hunter_vs_Rogue+Warlock,Paladin+Hunter,Rogue+Warlock,3,team1,kill,30.43
Paladin+Hunter_vs_Rogue+Warlock,Paladin+Hunter,Rogue+Warlock,4,team1,kill,28.08
Paladin+Hunter_vs_Rogue+Warlock,Paladin+Hunter,Rogue+Warlock,5,team1,kill,29.77
Paladin+Hunter_vs_Rogue+Warlock,Paladin+Hunter,Rogue+Warlock,6,team1,kill,27.88
Paladin+Hunter_vs_Rogue+Warlock,Paladin+Hunter,Rogue+Warlock,7,team1,kill,28.47
Paladin+Hunter_vs_Rogue+Warlock,Paladin+Hunter,Rogue+Warlock,8,team1,kill,31.77
Paladin+Hunter_vs_Rogue+Warlock,Paladin+Hunter,Rogue+Warlock,9,team1,kill,32.95
Paladin+Hunter_vs_Rogue+Paladin,Paladin+Hunter,Rogue+Paladin,0,team1,kill,95.24
Paladin+Hunter_vs_Rogue+Paladin,Paladin+Hunter,Rogue+Paladin,1,team1,kill,101.64
Paladin+Hunter_vs_Rogue+Paladin,Paladin+Hunter,Rogue+Paladin,2,team1,kill,84.75
Paladin+Hunter_vs_Rogue+Paladin,Paladin+Hunter,Rogue+Paladin,3,team1,kill,87.92
Paladin+Hunter_vs_Rogue+Paladin,Paladin+Hunter,Rogue+Paladin,4,team1,kill,90.20
Paladin+Hunter_vs_Rogue+Paladin,Paladin+Hunter,Rogue+Paladin,5,team1,kill,102.11
Paladin+Hunter_vs_Rogue+Paladin,Paladin+Hunter,Rogue+Paladin,6,team1,kill,79.99
Paladin+Hunter_vs_Rogue+Paladin,Paladin+Hunter,Rogue+Paladin,7,team1,kill,79.02
Paladin+Hunter_vs_Rogue+Paladin,Paladin+Hunter,Rogue+Paladin,8,team1,kill,90.62
Paladin+Hunter_vs_Rogue+Paladin,Paladin+Hunter,Rogue+Paladin,9,team1,kill,83.05
Paladin+Hunter_vs_Rogue+Hunter,Paladin+Hunter,Rogue+Hunter,0,team1,kill,33.25
Paladin+Hunter_vs_Rogue+Hunter,Paladin+Hunter,Rogue+Hunter,1,team1,kill,39.18
Paladin+Hunter_vs_Rogue+Hunter,Paladin+Hunter,Rogue+Hunter,2,team1,kill,33.25
Paladin+Hunter_vs_Rogue+Hunter,Paladin+Hunter,Rogue+Hunter,3,team1,kill,35.77
Paladin+Hunter_vs_Rogue+Hunter,Paladin+Hunter,Rogue+Hunter,4,team1,kill,36.65
Paladin+Hunter_vs_Rogue+Hunter,Paladin+Hunter,Rogue+Hunter,5,team1,kill,36.08
Paladin+Hunter_vs_Rogue+Hunter,Paladin+Hunter,Rogue+Hunter,6,team1,kill,36.22
Paladin+Hunter_vs_Rogue+Hunter,Paladin+Hunter,Rogue+Hunter,7,team1,kill,33.03
Paladin+Hunter_vs_Rogue+Hunter,Paladin+Hunter,Rogue+Hunter,8,team1,kill,33.25
Paladin+Hunter_vs_Rogue+Hunter,Paladin+Hunter,Rogue+Hunter,9,team1,kill,38.28
Paladin+Hunter_vs_Rogue+Shaman,Paladin+Hunter,Rogue+Shaman,0,team1,kill,51.48
Paladin+Hunter_vs_Rogue+Shaman,Paladin+Hunter,Rogue+Shaman,1,team1,kill,36.78
Paladin+Hunter_vs_Rogue+Shaman,Paladin+Hunter,Rogue+Shaman,2,team1,kill,50.80
Paladin+Hunter_vs_Rogue+Shaman,Paladin+Hunter,Rogue+Shaman,3,team1,kill,58.53
Paladin+Hunter_vs_Rogue+Shaman,Paladin+Hunter,Rogue+Shaman,4,team1,kill,58.60
Paladin+Hunter_vs_Rogue+Shaman,Paladin+Hunter,Rogue+Shaman,5,team1,kill,45.32
Paladin+Hunter_vs_Rogue+Shaman,Paladin+Hunter,Rogue+Shaman,6,team1,kill,47.83
Paladin+Hunter_vs_Rogue+Shaman,Paladin+Hunter,Rogue+Shaman,7,team1,kill,47.42
Paladin+Hunter_vs_Rogue+Shaman,Paladin+Hunter,Rogue+Shaman,8,team1,kill,58.60
Paladin+Hunter_vs_Rogue+Shaman,Paladin+Hunter,Rogue+Shaman,9,team1,kill,56.68
Paladin+Hunter_vs_Priest+Warlock,Paladin+Hunter,Priest+Warlock,0,team1,kill,59.53
Paladin+Hunter_vs_Priest+Warlock,Paladin+Hunter,Priest+Warlock,1,team1,kill,82.70
Paladin+Hunter_vs_Priest+Warlock,Paladin+Hunter,Priest+Warlock,2,team1,kill,77.75
Paladin+Hunter_vs_Priest+Warlock,Paladin+Hunter,Priest+Warlock,3,team1,kill,73.80
Paladin+Hunter_vs_Priest+Warlock,Paladin+Hunter,Priest+Warlock,4,team1,kill,70.00
Paladin+Hunter_vs_Priest+Warlock,Paladin+Hunter,Priest+Warlock,5,team1,kill,74.58
Paladin+Hunter_vs_Priest+Warlock,Paladin+Hunter,Priest+Warlock,6,team1,kill,63.02
Paladin+Hunter_vs_Priest+Warlock,Paladin+Hunter,Priest+Warlock,7,team1,kill,75.20
Paladin+Hunter_vs_Priest+Warlock,Paladin+Hunter,Priest+Warlock,8,team1,kill,71.43
Paladin+Hunter_vs_Priest+Warlock,Paladin+Hunter,Priest+Warlock,9,team1,kill,63.20
Paladin+Hunter_vs_Priest+Hunter,Paladin+Hunter,Priest+Hunter,0,team1,kill,78.42
Paladin+Hunter_vs_Priest+Hunter,Paladin+Hunter,Priest+Hunter,1,team1,kill,84.14
Paladin+Hunter_vs_Priest+Hunter,Paladin+Hunter,Priest+Hunter,2,team1,kill,82.10
Paladin+Hunter_vs_Priest+Hunter,Paladin+Hunter,Priest+Hunter,3,team1,kill,79.69
Paladin+Hunter_vs_Priest+Hunter,Paladin+Hunter,Priest+Hunter,4,team1,kill,76.07
Paladin+Hunter_vs_Priest+Hunter,Paladin+Hunter,Priest+Hunter,5,team1,kill,82.24
Paladin+Hunter_vs_Priest+Hunter,Paladin+Hunter,Priest+Hunter,6,team1,kill,71.58
Paladin+Hunter_vs_Priest+Hunter,Paladin+Hunter,Priest+Hunter,7,team1,kill,75.64
Paladin+Hunter_vs_Priest+Hunter,Paladin+Hunter,Priest+Hunter,8,team1,kill,77.07
Paladin+Hunter_vs_Priest+Hunter,Paladin+Hunter,Priest+Hunter,9,team1,kill,74.10
Paladin+Hunter_vs_Warlock+Paladin,Paladin+Hunter,Warlock+Paladin,0,team1,kill,135.24
Paladin+Hunter_vs_Warlock+Paladin,Paladin+Hunter,Warlock+Paladin,1,team1,kill,140.44
Paladin+Hunter_vs_Warlock+Paladin,Paladin+Hunter,Warlock+Paladin,2,team1,kill,92.12
Paladin+Hunter_vs_Warlock+Paladin,Paladin+Hunter,Warlock+Paladin,3,team1,kill,136.34
Paladin+Hunter_vs_Warlock+Paladin,Paladin+Hunter,Warlock+Paladin,4,team1,kill,71.70
Paladin+Hunter_vs_Warlock+Paladin,Paladin+Hunter,Warlock+Paladin,5,team1,kill,136.49
Paladin+Hunter_vs_Warlock+Paladin,Paladin+Hunter,Warlock+Paladin,6,team1,kill,127.33
Paladin+Hunter_vs_Warlock+Paladin,Paladin+Hunter,Warlock+Paladin,7,team1,kill,153.54
Paladin+Hunter_vs_Warlock+Paladin,Paladin+Hunter,Warlock+Paladin,8,team1,kill,111.08
Paladin+Hunter_vs_Warlock+Paladin,Paladin+Hunter,Warlock+Paladin,9,team1,kill,137.61
Paladin+Hunter_vs_Warlock+Hunter,Paladin+Hunter,Warlock+Hunter,0,team1,kill,32.67
Paladin+Hunter_vs_Warlock+Hunter,Paladin+Hunter,Warlock+Hunter,1,team1,kill,42.55
Paladin+Hunter_vs_Warlock+Hunter,Paladin+Hunter,Warlock+Hunter,2,team1,kill,38.13
Paladin+Hunter_vs_Warlock+Hunter,Paladin+Hunter,Warlock+Hunter,3,team1,kill,43.52
Paladin+Hunter_vs_Warlock+Hunter,Paladin+Hunter,Warlock+Hunter,4,team1,kill,31.85
Paladin+Hunter_vs_Warlock+Hunter,Paladin+Hunter,Warlock+Hunter,5,team1,kill,41.78
Paladin+Hunter_vs_Warlock+Hunter,Paladin+Hunter,Warlock+Hunter,6,team1,kill,32.07
Paladin+Hunter_vs_Warlock+Hunter,Paladin+Hunter,Warlock+Hunter,7,team1,kill,38.37
Paladin+Hunter_vs_Warlock+Hunter,Paladin+Hunter,Warlock+Hunter,8,team1,kill,44.35
Paladin+Hunter_vs_Warlock+Hunter,Paladin+Hunter,Warlock+Hunter,9,team1,kill,36.50
Paladin+Hunter_vs_Warlock+Shaman,Paladin+Hunter,Warlock+Shaman,0,team1,kill,48.13
Paladin+Hunter_vs_Warlock+Shaman,Paladin+Hunter,Warlock+Shaman,1,team1,kill,60.12
Paladin+Hunter_vs_Warlock+Shaman,Paladin+Hunter,Warlock+Shaman,2,team1,kill,81.32
Paladin+Hunter_vs_Warlock+Shaman,Paladin+Hunter,Warlock+Shaman,3,team1,kill,74.92
Paladin+Hunter_vs_Warlock+Shaman,Paladin+Hunter,Warlock+Shaman,4,team1,kill,89.42
Paladin+Hunter_vs_Warlock+Shaman,Paladin+Hunter,Warlock+Shaman,5,team1,kill,217.56
Paladin+Hunter_vs_Warlock+Shaman,Paladin+Hunter,Warlock+Shaman,6,team2,kill,102.19
Paladin+Hunter_vs_Warlock+Shaman,Paladin+Hunter,Warlock+Shaman,7,team1,kill,68.38
Paladin+Hunter_vs_Warlock+Shaman,Paladin+Hunter,Warlock+Shaman,8,team1,kill,78.34
Paladin+Hunter_vs_Warlock+Shaman,Paladin+Hunter,Warlock+Shaman,9,team1,kill,52.38
Paladin+Hunter_vs_Paladin+Hunter,Paladin+Hunter,Paladin+Hunter,0,draw,cap,300.00
Paladin+Hunter_vs_Paladin+Hunter,Paladin+Hunter,Paladin+Hunter,1,draw,cap,300.00
Paladin+Hunter_vs_Paladin+Hunter,Paladin+Hunter,Paladin+Hunter,2,team1,kill,146.28
Paladin+Hunter_vs_Paladin+Hunter,Paladin+Hunter,Paladin+Hunter,3,team2,kill,139.36
Paladin+Hunter_vs_Paladin+Hunter,Paladin+Hunter,Paladin+Hunter,4,draw,cap,300.00
Paladin+Hunter_vs_Paladin+Hunter,Paladin+Hunter,Paladin+Hunter,5,team2,kill,146.91
Paladin+Hunter_vs_Paladin+Hunter,Paladin+Hunter,Paladin+Hunter,6,team1,kill,134.33
Paladin+Hunter_vs_Paladin+Hunter,Paladin+Hunter,Paladin+Hunter,7,team1,kill,126.78
Paladin+Hunter_vs_Paladin+Hunter,Paladin+Hunter,Paladin+Hunter,8,team2,kill,142.84
Paladin+Hunter_vs_Paladin+Hunter,Paladin+Hunter,Paladin+Hunter,9,draw,kill,126.78
Paladin+Hunter_vs_Hunter+Shaman,Paladin+Hunter,Hunter+Shaman,0,draw,cap,300.00
Paladin+Hunter_vs_Hunter+Shaman,Paladin+Hunter,Hunter+Shaman,1,team1,kill,68.87
Paladin+Hunter_vs_Hunter+Shaman,Paladin+Hunter,Hunter+Shaman,2,team1,kill,65.90
Paladin+Hunter_vs_Hunter+Shaman,Paladin+Hunter,Hunter+Shaman,3,team1,kill,65.83
Paladin+Hunter_vs_Hunter+Shaman,Paladin+Hunter,Hunter+Shaman,4,team1,kill,60.88
Paladin+Hunter_vs_Hunter+Shaman,Paladin+Hunter,Hunter+Shaman,5,team1,kill,220.31
Paladin+Hunter_vs_Hunter+Shaman,Paladin+Hunter,Hunter+Shaman,6,team1,kill,76.17
Paladin+Hunter_vs_Hunter+Shaman,Paladin+Hunter,Hunter+Shaman,7,team1,kill,73.65
Paladin+Hunter_vs_Hunter+Shaman,Paladin+Hunter,Hunter+Shaman,8,team1,kill,73.37
Paladin+Hunter_vs_Hunter+Shaman,Paladin+Hunter,Hunter+Shaman,9,team1,kill,293.49
Hunter+Shaman_vs_Warrior+Mage,Hunter+Shaman,Warrior+Mage,0,team1,kill,30.18
Hunter+Shaman_vs_Warrior+Mage,Hunter+Shaman,Warrior+Mage,1,team1,kill,32.20
Hunter+Shaman_vs_Warrior+Mage,Hunter+Shaman,Warrior+Mage,2,team1,kill,32.20
Hunter+Shaman_vs_Warrior+Mage,Hunter+Shaman,Warrior+Mage,3,team1,kill,32.20
Hunter+Shaman_vs_Warrior+Mage,Hunter+Shaman,Warrior+Mage,4,team1,kill,32.20
Hunter+Shaman_vs_Warrior+Mage,Hunter+Shaman,Warrior+Mage,5,team1,kill,32.20
Hunter+Shaman_vs_Warrior+Mage,Hunter+Shaman,Warrior+Mage,6,team1,kill,32.20
Hunter+Shaman_vs_Warrior+Mage,Hunter+Shaman,Warrior+Mage,7,team1,kill,30.18
Hunter+Shaman_vs_Warrior+Mage,Hunter+Shaman,Warrior+Mage,8,team1,kill,30.18
Hunter+Shaman_vs_Warrior+Mage,Hunter+Shaman,Warrior+Mage,9,team1,kill,33.72
Hunter+Shaman_vs_Warrior+Rogue,Hunter+Shaman,Warrior+Rogue,0,team1,kill,13.70
Hunter+Shaman_vs_Warrior+Rogue,Hunter+Shaman,Warrior+Rogue,1,team1,kill,13.70
Hunter+Shaman_vs_Warrior+Rogue,Hunter+Shaman,Warrior+Rogue,2,team1,kill,13.70
Hunter+Shaman_vs_Warrior+Rogue,Hunter+Shaman,Warrior+Rogue,3,team1,kill,13.70
Hunter+Shaman_vs_Warrior+Rogue,Hunter+Shaman,Warrior+Rogue,4,team1,kill,13.55
Hunter+Shaman_vs_Warrior+Rogue,Hunter+Shaman,Warrior+Rogue,5,team1,kill,13.70
Hunter+Shaman_vs_Warrior+Rogue,Hunter+Shaman,Warrior+Rogue,6,team1,kill,13.70
Hunter+Shaman_vs_Warrior+Rogue,Hunter+Shaman,Warrior+Rogue,7,team1,kill,13.70
Hunter+Shaman_vs_Warrior+Rogue,Hunter+Shaman,Warrior+Rogue,8,team1,kill,13.70
Hunter+Shaman_vs_Warrior+Rogue,Hunter+Shaman,Warrior+Rogue,9,team1,kill,13.70
Hunter+Shaman_vs_Warrior+Priest,Hunter+Shaman,Warrior+Priest,0,team1,kill,40.10
Hunter+Shaman_vs_Warrior+Priest,Hunter+Shaman,Warrior+Priest,1,team1,kill,37.08
Hunter+Shaman_vs_Warrior+Priest,Hunter+Shaman,Warrior+Priest,2,team1,kill,24.23
Hunter+Shaman_vs_Warrior+Priest,Hunter+Shaman,Warrior+Priest,3,team1,kill,40.10
Hunter+Shaman_vs_Warrior+Priest,Hunter+Shaman,Warrior+Priest,4,team1,kill,41.18
Hunter+Shaman_vs_Warrior+Priest,Hunter+Shaman,Warrior+Priest,5,team1,kill,41.30
Hunter+Shaman_vs_Warrior+Priest,Hunter+Shaman,Warrior+Priest,6,team1,kill,40.07
Hunter+Shaman_vs_Warrior+Priest,Hunter+Shaman,Warrior+Priest,7,team1,kill,39.65
Hunter+Shaman_vs_Warrior+Priest,Hunter+Shaman,Warrior+Priest,8,team1,kill,38.70
Hunter+Shaman_vs_Warrior+Priest,Hunter+Shaman,Warrior+Priest,9,team1,kill,37.12
Hunter+Shaman_vs_Warrior+Warlock,Hunter+Shaman,Warrior+Warlock,0,team1,kill,37.47
Hunter+Shaman_vs_Warrior+Warlock,Hunter+Shaman,Warrior+Warlock,1,team1,kill,24.18
Hunter+Shaman_vs_Warrior+Warlock,Hunter+Shaman,Warrior+Warlock,2,team1,kill,31.65
Hunter+Shaman_vs_Warrior+Warlock,Hunter+Shaman,Warrior+Warlock,3,team2,kill,75.22
Hunter+Shaman_vs_Warrior+Warlock,Hunter+Shaman,Warrior+Warlock,4,team1,kill,44.98
Hunter+Shaman_vs_Warrior+Warlock,Hunter+Shaman,Warrior+Warlock,5,team1,kill,37.07
Hunter+Shaman_vs_Warrior+Warlock,Hunter+Shaman,Warrior+Warlock,6,team1,kill,35.30
Hunter+Shaman_vs_Warrior+Warlock,Hunter+Shaman,Warrior+Warlock,7,team2,kill,53.23
Hunter+Shaman_vs_Warrior+Warlock,Hunter+Shaman,Warrior+Warlock,8,team1,kill,28.90
Hunter+Shaman_vs_Warrior+Warlock,Hunter+Shaman,Warrior+Warlock,9,team1,kill,41.55
Hunter+Shaman_vs_Warrior+Paladin,Hunter+Shaman,Warrior+Paladin,0,team2,kill,176.83
Hunter+Shaman_vs_Warrior+Paladin,Hunter+Shaman,Warrior+Paladin,1,team2,kill,211.33
Hunter+Shaman_vs_Warrior+Paladin,Hunter+Shaman,Warrior+Paladin,2,team2,kill,146.41
Hunter+Shaman_vs_Warrior+Paladin,Hunter+Shaman,Warrior+Paladin,3,team2,kill,200.80
Hunter+Shaman_vs_Warrior+Paladin,Hunter+Shaman,Warrior+Paladin,4,team2,kill,171.45
Hunter+Shaman_vs_Warrior+Paladin,Hunter+Shaman,Warrior+Paladin,5,team2,kill,210.94
Hunter+Shaman_vs_Warrior+Paladin,Hunter+Shaman,Warrior+Paladin,6,team2,kill,168.57
Hunter+Shaman_vs_Warrior+Paladin,Hunter+Shaman,Warrior+Paladin,7,team2,kill,165.35
Hunter+Shaman_vs_Warrior+Paladin,Hunter+Shaman,Warrior+Paladin,8,team2,kill,246.02
Hunter+Shaman_vs_Warrior+Paladin,Hunter+Shaman,Warrior+Paladin,9,team2,kill,236.74
Hunter+Shaman_vs_Warrior+Hunter,Hunter+Shaman,Warrior+Hunter,0,team1,kill,17.43
Hunter+Shaman_vs_Warrior+Hunter,Hunter+Shaman,Warrior+Hunter,1,team1,kill,17.43
Hunter+Shaman_vs_Warrior+Hunter,Hunter+Shaman,Warrior+Hunter,2,team1,kill,16.57
Hunter+Shaman_vs_Warrior+Hunter,Hunter+Shaman,Warrior+Hunter,3,team1,kill,17.43
Hunter+Shaman_vs_Warrior+Hunter,Hunter+Shaman,Warrior+Hunter,4,team1,kill,17.43
Hunter+Shaman_vs_Warrior+Hunter,Hunter+Shaman,Warrior+Hunter,5,team1,kill,17.43
Hunter+Shaman_vs_Warrior+Hunter,Hunter+Shaman,Warrior+Hunter,6,team1,kill,17.43
Hunter+Shaman_vs_Warrior+Hunter,Hunter+Shaman,Warrior+Hunter,7,team2,kill,58.93
Hunter+Shaman_vs_Warrior+Hunter,Hunter+Shaman,Warrior+Hunter,8,team1,kill,16.57
Hunter+Shaman_vs_Warrior+Hunter,Hunter+Shaman,Warrior+Hunter,9,team1,kill,17.43
Hunter+Shaman_vs_Warrior+Shaman,Hunter+Shaman,Warrior+Shaman,0,team1,kill,27.75
Hunter+Shaman_vs_Warrior+Shaman,Hunter+Shaman,Warrior+Shaman,1,team1,kill,28.85
Hunter+Shaman_vs_Warrior+Shaman,Hunter+Shaman,Warrior+Shaman,2,team1,kill,30.65
Hunter+Shaman_vs_Warrior+Shaman,Hunter+Shaman,Warrior+Shaman,3,team1,kill,28.38
Hunter+Shaman_vs_Warrior+Shaman,Hunter+Shaman,Warrior+Shaman,4,team1,kill,57.05
Hunter+Shaman_vs_Warrior+Shaman,Hunter+Shaman,Warrior+Shaman,5,team1,kill,28.13
Hunter+Shaman_vs_Warrior+Shaman,Hunter+Shaman,Warrior+Shaman,6,team1,kill,28.48
Hunter+Shaman_vs_Warrior+Shaman,Hunter+Shaman,Warrior+Shaman,7,team1,kill,28.13
Hunter+Shaman_vs_Warrior+Shaman,Hunter+Shaman,Warrior+Shaman,8,team1,kill,28.13
Hunter+Shaman_vs_Warrior+Shaman,Hunter+Shaman,Warrior+Shaman,9,team1,kill,28.00
Hunter+Shaman_vs_Mage+Rogue,Hunter+Shaman,Mage+Rogue,0,team2,kill,21.42
Hunter+Shaman_vs_Mage+Rogue,Hunter+Shaman,Mage+Rogue,1,team2,kill,29.33
Hunter+Shaman_vs_Mage+Rogue,Hunter+Shaman,Mage+Rogue,2,team2,kill,29.25
Hunter+Shaman_vs_Mage+Rogue,Hunter+Shaman,Mage+Rogue,3,team2,kill,21.40
Hunter+Shaman_vs_Mage+Rogue,Hunter+Shaman,Mage+Rogue,4,team2,kill,29.13
Hunter+Shaman_vs_Mage+Rogue,Hunter+Shaman,Mage+Rogue,5,team2,kill,29.00
Hunter+Shaman_vs_Mage+Rogue,Hunter+Shaman,Mage+Rogue,6,team2,kill,28.55
Hunter+Shaman_vs_Mage+Rogue,Hunter+Shaman,Mage+Rogue,7,team2,kill,21.40
Hunter+Shaman_vs_Mage+Rogue,Hunter+Shaman,Mage+Rogue,8,team2,kill,29.72
Hunter+Shaman_vs_Mage+Rogue,Hunter+Shaman,Mage+Rogue,9,team2,kill,28.12
Hunter+Shaman_vs_Mage+Priest,Hunter+Shaman,Mage+Priest,0,team2,kill,24.50
Hunter+Shaman_vs_Mage+Priest,Hunter+Shaman,Mage+Priest,1,team2,kill,25.90
Hunter+Shaman_vs_Mage+Priest,Hunter+Shaman,Mage+Priest,2,team2,kill,25.82
Hunter+Shaman_vs_Mage+Priest,Hunter+Shaman,Mage+Priest,3,team2,kill,24.57
Hunter+Shaman_vs_Mage+Priest,Hunter+Shaman,Mage+Priest,4,team2,kill,24.57
Hunter+Shaman_vs_Mage+Priest,Hunter+Shaman,Mage+Priest,5,team2,kill,25.23
Hunter+Shaman_vs_Mage+Priest,Hunter+Shaman,Mage+Priest,6,team2,kill,24.50
Hunter+Shaman_vs_Mage+Priest,Hunter+Shaman,Mage+Priest,7,team2,kill,22.98
Hunter+Shaman_vs_Mage+Priest,Hunter+Shaman,Mage+Priest,8,team2,kill,26.02
Hunter+Shaman_vs_Mage+Priest,Hunter+Shaman,Mage+Priest,9,team2,kill,23.72
Hunter+Shaman_vs_Mage+Warlock,Hunter+Shaman,Mage+Warlock,0,team2,kill,26.42
Hunter+Shaman_vs_Mage+Warlock,Hunter+Shaman,Mage+Warlock,1,team2,kill,26.02
Hunter+Shaman_vs_Mage+Warlock,Hunter+Shaman,Mage+Warlock,2,team2,kill,25.95
Hunter+Shaman_vs_Mage+Warlock,Hunter+Shaman,Mage+Warlock,3,team2,kill,28.80
Hunter+Shaman_vs_Mage+Warlock,Hunter+Shaman,Mage+Warlock,4,team2,kill,30.15
Hunter+Shaman_vs_Mage+Warlock,Hunter+Shaman,Mage+Warlock,5,team2,kill,27.38
Hunter+Shaman_vs_Mage+Warlock,Hunter+Shaman,Mage+Warlock,6,team2,kill,26.12
Hunter+Shaman_vs_Mage+Warlock,Hunter+Shaman,Mage+Warlock,7,team2,kill,26.02
Hunter+Shaman_vs_Mage+Warlock,Hunter+Shaman,Mage+Warlock,8,team2,kill,25.63
Hunter+Shaman_vs_Mage+Warlock,Hunter+Shaman,Mage+Warlock,9,team2,kill,25.95
Hunter+Shaman_vs_Mage+Paladin,Hunter+Shaman,Mage+Paladin,0,team2,kill,27.95
Hunter+Shaman_vs_Mage+Paladin,Hunter+Shaman,Mage+Paladin,1,team2,kill,29.15
Hunter+Shaman_vs_Mage+Paladin,Hunter+Shaman,Mage+Paladin,2,team2,kill,25.18
Hunter+Shaman_vs_Mage+Paladin,Hunter+Shaman,Mage+Paladin,3,team2,kill,24.90
Hunter+Shaman_vs_Mage+Paladin,Hunter+Shaman,Mage+Paladin,4,team2,kill,24.55
Hunter+Shaman_vs_Mage+Paladin,Hunter+Shaman,Mage+Paladin,5,team2,kill,27.45
Hunter+Shaman_vs_Mage+Paladin,Hunter+Shaman,Mage+Paladin,6,team2,kill,22.25
Hunter+Shaman_vs_Mage+Paladin,Hunter+Shaman,Mage+Paladin,7,team2,kill,26.10
Hunter+Shaman_vs_Mage+Paladin,Hunter+Shaman,Mage+Paladin,8,team2,kill,31.00
Hunter+Shaman_vs_Mage+Paladin,Hunter+Shaman,Mage+Paladin,9,team2,kill,35.00
Hunter+Shaman_vs_Mage+Hunter,Hunter+Shaman,Mage+Hunter,0,team2,kill,25.83
Hunter+Shaman_vs_Mage+Hunter,Hunter+Shaman,Mage+Hunter,1,team2,kill,29.92
Hunter+Shaman_vs_Mage+Hunter,Hunter+Shaman,Mage+Hunter,2,team2,kill,25.68
Hunter+Shaman_vs_Mage+Hunter,Hunter+Shaman,Mage+Hunter,3,team2,kill,32.07
Hunter+Shaman_vs_Mage+Hunter,Hunter+Shaman,Mage+Hunter,4,team2,kill,24.77
Hunter+Shaman_vs_Mage+Hunter,Hunter+Shaman,Mage+Hunter,5,team2,kill,26.57
Hunter+Shaman_vs_Mage+Hunter,Hunter+Shaman,Mage+Hunter,6,team2,kill,18.53
Hunter+Shaman_vs_Mage+Hunter,Hunter+Shaman,Mage+Hunter,7,team2,kill,26.38
Hunter+Shaman_vs_Mage+Hunter,Hunter+Shaman,Mage+Hunter,8,team2,kill,27.07
Hunter+Shaman_vs_Mage+Hunter,Hunter+Shaman,Mage+Hunter,9,team2,kill,27.53
Hunter+Shaman_vs_Mage+Shaman,Hunter+Shaman,Mage+Shaman,0,team2,kill,30.68
Hunter+Shaman_vs_Mage+Shaman,Hunter+Shaman,Mage+Shaman,1,team2,kill,27.25
Hunter+Shaman_vs_Mage+Shaman,Hunter+Shaman,Mage+Shaman,2,team2,kill,33.75
Hunter+Shaman_vs_Mage+Shaman,Hunter+Shaman,Mage+Shaman,3,team2,kill,29.77
Hunter+Shaman_vs_Mage+Shaman,Hunter+Shaman,Mage+Shaman,4,team2,kill,29.60
Hunter+Shaman_vs_Mage+Shaman,Hunter+Shaman,Mage+Shaman,5,team2,kill,31.80
Hunter+Shaman_vs_Mage+Shaman,Hunter+Shaman,Mage+Shaman,6,team2,kill,26.05
Hunter+Shaman_vs_Mage+Shaman,Hunter+Shaman,Mage+Shaman,7,team2,kill,27.72
Hunter+Shaman_vs_Mage+Shaman,Hunter+Shaman,Mage+Shaman,8,team2,kill,26.17
Hunter+Shaman_vs_Mage+Shaman,Hunter+Shaman,Mage+Shaman,9,team2,kill,26.70
Hunter+Shaman_vs_Rogue+Priest,Hunter+Shaman,Rogue+Priest,0,team1,kill,24.75
Hunter+Shaman_vs_Rogue+Priest,Hunter+Shaman,Rogue+Priest,1,team1,kill,25.15
Hunter+Shaman_vs_Rogue+Priest,Hunter+Shaman,Rogue+Priest,2,team1,kill,19.50
Hunter+Shaman_vs_Rogue+Priest,Hunter+Shaman,Rogue+Priest,3,team1,kill,19.50
Hunter+Shaman_vs_Rogue+Priest,Hunter+Shaman,Rogue+Priest,4,team1,kill,25.15
Hunter+Shaman_vs_Rogue+Priest,Hunter+Shaman,Rogue+Priest,5,team1,kill,20.08
Hunter+Shaman_vs_Rogue+Priest,Hunter+Shaman,Rogue+Priest,6,team1,kill,25.15
Hunter+Shaman_vs_Rogue+Priest,Hunter+Shaman,Rogue+Priest,7,team1,kill,25.22
Hunter+Shaman_vs_Rogue+Priest,Hunter+Shaman,Rogue+Priest,8,team1,kill,19.50
Hunter+Shaman_vs_Rogue+Priest,Hunter+Shaman,Rogue+Priest,9,team1,kill,25.15
Hunter+Shaman_vs_Rogue+Warlock,Hunter+Shaman,Rogue+Warlock,0,team1,kill,16.18
Hunter+Shaman_vs_Rogue+Warlock,Hunter+Shaman,Rogue+Warlock,1,team1,kill,21.25
Hunter+Shaman_vs_Rogue+Warlock,Hunter+Shaman,Rogue+Warlock,2,team1,kill,21.25
Hunter+Shaman_vs_Rogue+Warlock,Hunter+Shaman,Rogue+Warlock,3,team1,kill,21.25
Hunter+Shaman_vs_Rogue+Warlock,Hunter+Shaman,Rogue+Warlock,4,team1,kill,21.25
Hunter+Shaman_vs_Rogue+Warlock,Hunter+Shaman,Rogue+Warlock,5,team1,kill,21.25
Hunter+Shaman_vs_Rogue+Warlock,Hunter+Shaman,Rogue+Warlock,6,team1,kill,21.25
Hunter+Shaman_vs_Rogue+Warlock,Hunter+Shaman,Rogue+Warlock,7,team1,kill,21.25
Hunter+Shaman_vs_Rogue+Warlock,Hunter+Shaman,Rogue+Warlock,8,team1,kill,21.25
Hunter+Shaman_vs_Rogue+Warlock,Hunter+Shaman,Rogue+Warlock,9,team1,kill,21.25
Hunter+Shaman_vs_Rogue+Paladin,Hunter+Shaman,Rogue+Paladin,0,draw,cap,300.00
Hunter+Shaman_vs_Rogue+Paladin,Hunter+Shaman,Rogue+Paladin,1,draw,cap,300.00
Hunter+Shaman_vs_Rogue+Paladin,Hunter+Shaman,Rogue+Paladin,2,team2,kill,260.28
Hunter+Shaman_vs_Rogue+Paladin,Hunter+Shaman,Rogue+Paladin,3,team2,kill,200.36
Hunter+Shaman_vs_Rogue+Paladin,Hunter+Shaman,Rogue+Paladin,4,team2,kill,190.40
Hunter+Shaman_vs_Rogue+Paladin,Hunter+Shaman,Rogue+Paladin,5,draw,cap,300.00
Hunter+Shaman_vs_Rogue+Paladin,Hunter+Shaman,Rogue+Paladin,6,team2,kill,284.72
Hunter+Shaman_vs_Rogue+Paladin,Hunter+Shaman,Rogue+Paladin,7,team2,kill,266.00
Hunter+Shaman_vs_Rogue+Paladin,Hunter+Shaman,Rogue+Paladin,8,team2,kill,146.94
Hunter+Shaman_vs_Rogue+Paladin,Hunter+Shaman,Rogue+Paladin,9,draw,cap,300.00
Hunter+Shaman_vs_Rogue+Hunter,Hunter+Shaman,Rogue+Hunter,0,team1,kill,22.53
Hunter+Shaman_vs_Rogue+Hunter,Hunter+Shaman,Rogue+Hunter,1,team1,kill,22.53
Hunter+Shaman_vs_Rogue+Hunter,Hunter+Shaman,Rogue+Hunter,2,team1,kill,22.53
Hunter+Shaman_vs_Rogue+Hunter,Hunter+Shaman,Rogue+Hunter,3,team1,kill,22.87
Hunter+Shaman_vs_Rogue+Hunter,Hunter+Shaman,Rogue+Hunter,4,team1,kill,25.52
Hunter+Shaman_vs_Rogue+Hunter,Hunter+Shaman,Rogue+Hunter,5,team1,kill,23.00
Hunter+Shaman_vs_Rogue+Hunter,Hunter+Shaman,Rogue+Hunter,6,team1,kill,21.02
Hunter+Shaman_vs_Rogue+Hunter,Hunter+Shaman,Rogue+Hunter,7,team1,kill,23.68
Hunter+Shaman_vs_Rogue+Hunter,Hunter+Shaman,Rogue+Hunter,8,team1,kill,25.52
Hunter+Shaman_vs_Rogue+Hunter,Hunter+Shaman,Rogue+Hunter,9,team1,kill,22.62
Hunter+Shaman_vs_Rogue+Shaman,Hunter+Shaman,Rogue+Shaman,0,team1,kill,30.55
Hunter+Shaman_vs_Rogue+Shaman,Hunter+Shaman,Rogue+Shaman,1,team1,kill,30.55
Hunter+Shaman_vs_Rogue+Shaman,Hunter+Shaman,Rogue+Shaman,2,team1,kill,29.55
Hunter+Shaman_vs_Rogue+Shaman,Hunter+Shaman,Rogue+Shaman,3,team1,kill,29.68
Hunter+Shaman_vs_Rogue+Shaman,Hunter+Shaman,Rogue+Shaman,4,team1,kill,32.70
Hunter+Shaman_vs_Rogue+Shaman,Hunter+Shaman,Rogue+Shaman,5,team1,kill,28.53
Hunter+Shaman_vs_Rogue+Shaman,Hunter+Shaman,Rogue+Shaman,6,team1,kill,29.43
Hunter+Shaman_vs_Rogue+Shaman,Hunter+Shaman,Rogue+Shaman,7,team1,kill,30.55
Hunter+Shaman_vs_Rogue+Shaman,Hunter+Shaman,Rogue+Shaman,8,team1,kill,29.68
Hunter+Shaman_vs_Rogue+Shaman,Hunter+Shaman,Rogue+Shaman,9,team1,kill,30.55
Hunter+Shaman_vs_Priest+Warlock,Hunter+Shaman,Priest+Warlock,0,team2,kill,61.82
Hunter+Shaman_vs_Priest+Warlock,Hunter+Shaman,Priest+Warlock,1,team2,kill,59.25
Hunter+Shaman_vs_Priest+Warlock,Hunter+Shaman,Priest+Warlock,2,team2,kill,54.62
Hunter+Shaman_vs_Priest+Warlock,Hunter+Shaman,Priest+Warlock,3,team2,kill,55.40
Hunter+Shaman_vs_Priest+Warlock,Hunter+Shaman,Priest+Warlock,4,team2,kill,64.67
Hunter+Shaman_vs_Priest+Warlock,Hunter+Shaman,Priest+Warlock,5,team2,kill,50.20
Hunter+Shaman_vs_Priest+Warlock,Hunter+Shaman,Priest+Warlock,6,team2,kill,41.82
Hunter+Shaman_vs_Priest+Warlock,Hunter+Shaman,Priest+Warlock,7,team2,kill,35.47
Hunter+Shaman_vs_Priest+Warlock,Hunter+Shaman,Priest+Warlock,8,team2,kill,42.18
Hunter+Shaman_vs_Priest+Warlock,Hunter+Shaman,Priest+Warlock,9,team2,kill,58.68
Hunter+Shaman_vs_Priest+Hunter,Hunter+Shaman,Priest+Hunter,0,team2,kill,59.85
Hunter+Shaman_vs_Priest+Hunter,Hunter+Shaman,Priest+Hunter,1,team2,kill,42.30
Hunter+Shaman_vs_Priest+Hunter,Hunter+Shaman,Priest+Hunter,2,team2,kill,56.32
Hunter+Shaman_vs_Priest+Hunter,Hunter+Shaman,Priest+Hunter,3,team2,kill,77.99
Hunter+Shaman_vs_Priest+Hunter,Hunter+Shaman,Priest+Hunter,4,team2,kill,52.35
Hunter+Shaman_vs_Priest+Hunter,Hunter+Shaman,Priest+Hunter,5,team2,kill,57.33
Hunter+Shaman_vs_Priest+Hunter,Hunter+Shaman,Priest+Hunter,6,team2,kill,56.32
Hunter+Shaman_vs_Priest+Hunter,Hunter+Shaman,Priest+Hunter,7,team2,kill,65.27
Hunter+Shaman_vs_Priest+Hunter,Hunter+Shaman,Priest+Hunter,8,team2,kill,47.67
Hunter+Shaman_vs_Priest+Hunter,Hunter+Shaman,Priest+Hunter,9,team2,kill,57.55
Hunter+Shaman_vs_Warlock+Paladin,Hunter+Shaman,Warlock+Paladin,0,team2,kill,35.98
Hunter+Shaman_vs_Warlock+Paladin,Hunter+Shaman,Warlock+Paladin,1,team2,kill,56.23
Hunter+Shaman_vs_Warlock+Paladin,Hunter+Shaman,Warlock+Paladin,2,team2,kill,49.68
Hunter+Shaman_vs_Warlock+Paladin,Hunter+Shaman,Warlock+Paladin,3,team2,kill,53.98
Hunter+Shaman_vs_Warlock+Paladin,Hunter+Shaman,Warlock+Paladin,4,team2,kill,46.97
Hunter+Shaman_vs_Warlock+Paladin,Hunter+Shaman,Warlock+Paladin,5,team2,kill,51.77
Hunter+Shaman_vs_Warlock+Paladin,Hunter+Shaman,Warlock+Paladin,6,team2,kill,37.13
Hunter+Shaman_vs_Warlock+Paladin,Hunter+Shaman,Warlock+Paladin,7,team2,kill,34.95
Hunter+Shaman_vs_Warlock+Paladin,Hunter+Shaman,Warlock+Paladin,8,team2,kill,48.88
Hunter+Shaman_vs_Warlock+Paladin,Hunter+Shaman,Warlock+Paladin,9,team2,kill,39.43
Hunter+Shaman_vs_Warlock+Hunter,Hunter+Shaman,Warlock+Hunter,0,team1,kill,19.08
Hunter+Shaman_vs_Warlock+Hunter,Hunter+Shaman,Warlock+Hunter,1,team1,kill,18.30
Hunter+Shaman_vs_Warlock+Hunter,Hunter+Shaman,Warlock+Hunter,2,team1,kill,18.82
Hunter+Shaman_vs_Warlock+Hunter,Hunter+Shaman,Warlock+Hunter,3,team1,kill,18.77
Hunter+Shaman_vs_Warlock+Hunter,Hunter+Shaman,Warlock+Hunter,4,team1,kill,18.30
Hunter+Shaman_vs_Warlock+Hunter,Hunter+Shaman,Warlock+Hunter,5,team1,kill,18.30
Hunter+Shaman_vs_Warlock+Hunter,Hunter+Shaman,Warlock+Hunter,6,team1,kill,20.33
Hunter+Shaman_vs_Warlock+Hunter,Hunter+Shaman,Warlock+Hunter,7,team1,kill,18.30
Hunter+Shaman_vs_Warlock+Hunter,Hunter+Shaman,Warlock+Hunter,8,team1,kill,18.30
Hunter+Shaman_vs_Warlock+Hunter,Hunter+Shaman,Warlock+Hunter,9,team1,kill,18.30
Hunter+Shaman_vs_Warlock+Shaman,Hunter+Shaman,Warlock+Shaman,0,team2,kill,25.27
Hunter+Shaman_vs_Warlock+Shaman,Hunter+Shaman,Warlock+Shaman,1,team2,kill,25.83
Hunter+Shaman_vs_Warlock+Shaman,Hunter+Shaman,Warlock+Shaman,2,team2,kill,86.24
Hunter+Shaman_vs_Warlock+Shaman,Hunter+Shaman,Warlock+Shaman,3,team2,kill,58.22
Hunter+Shaman_vs_Warlock+Shaman,Hunter+Shaman,Warlock+Shaman,4,team2,kill,25.93
Hunter+Shaman_vs_Warlock+Shaman,Hunter+Shaman,Warlock+Shaman,5,team2,kill,22.82
Hunter+Shaman_vs_Warlock+Shaman,Hunter+Shaman,Warlock+Shaman,6,team2,kill,31.87
Hunter+Shaman_vs_Warlock+Shaman,Hunter+Shaman,Warlock+Shaman,7,team2,kill,32.48
Hunter+Shaman_vs_Warlock+Shaman,Hunter+Shaman,Warlock+Shaman,8,team2,kill,28.32
Hunter+Shaman_vs_Warlock+Shaman,Hunter+Shaman,Warlock+Shaman,9,team2,kill,27.62
Hunter+Shaman_vs_Paladin+Hunter,Hunter+Shaman,Paladin+Hunter,0,draw,cap,300.00
Hunter+Shaman_vs_Paladin+Hunter,Hunter+Shaman,Paladin+Hunter,1,team2,kill,68.87
Hunter+Shaman_vs_Paladin+Hunter,Hunter+Shaman,Paladin+Hunter,2,team2,kill,65.90
Hunter+Shaman_vs_Paladin+Hunter,Hunter+Shaman,Paladin+Hunter,3,team2,kill,65.83
Hunter+Shaman_vs_Paladin+Hunter,Hunter+Shaman,Paladin+Hunter,4,team2,kill,60.88
Hunter+Shaman_vs_Paladin+Hunter,Hunter+Shaman,Paladin+Hunter,5,team2,kill,282.48
Hunter+Shaman_vs_Paladin+Hunter,Hunter+Shaman,Paladin+Hunter,6,team2,kill,76.17
Hunter+Shaman_vs_Paladin+Hunter,Hunter+Shaman,Paladin+Hunter,7,team2,kill,73.65
Hunter+Shaman_vs_Paladin+Hunter,Hunter+Shaman,Paladin+Hunter,8,team2,kill,73.37
Hunter+Shaman_vs_Paladin+Hunter,Hunter+Shaman,Paladin+Hunter,9,team2,kill,268.76
Hunter+Shaman_vs_Hunter+Shaman,Hunter+Shaman,Hunter+Shaman,0,draw,cap,300.00
Hunter+Shaman_vs_Hunter+Shaman,Hunter+Shaman,Hunter+Shaman,1,draw,cap,300.00
Hunter+Shaman_vs_Hunter+Shaman,Hunter+Shaman,Hunter+Shaman,2,draw,cap,300.00
Hunter+Shaman_vs_Hunter+Shaman,Hunter+Shaman,Hunter+Shaman,3,draw,cap,300.00
Hunter+Shaman_vs_Hunter+Shaman,Hunter+Shaman,Hunter+Shaman,4,draw,cap,300.00
Hunter+Shaman_vs_Hunter+Shaman,Hunter+Shaman,Hunter+Shaman,5,draw,cap,300.00
Hunter+Shaman_vs_Hunter+Shaman,Hunter+Shaman,Hunter+Shaman,6,draw,cap,300.00
Hunter+Shaman_vs_Hunter+Shaman,Hunter+Shaman,Hunter+Shaman,7,draw,cap,300.00
Hunter+Shaman_vs_Hunter+Shaman,Hunter+Shaman,Hunter+Shaman,8,draw,cap,300.00
Hunter+Shaman_vs_Hunter+Shaman,Hunter+Shaman,Hunter+Shaman,9,draw,cap,300.00
