label,team1,team2,seed,winner,end_reason,duration_secs
curse:Warlock_vs_Priest,Warlock,Priest,7000,team1,kill,26.10
curse:Warlock_vs_Priest,Warlock,Priest,7001,team1,kill,27.37
curse:Warlock_vs_Priest,Warlock,Priest,7002,team1,kill,26.05
curse:Warlock_vs_Priest,Warlock,Priest,7003,team1,kill,27.15
curse:Warlock_vs_Priest,Warlock,Priest,7004,team1,kill,29.65
curse:Warlock_vs_Priest,Warlock,Priest,7005,team1,kill,55.12
curse:Warlock_vs_Priest,Warlock,Priest,7006,team1,kill,27.07
curse:Warlock_vs_Priest,Warlock,Priest,7007,team1,kill,52.57
curse:Warlock_vs_Priest,Warlock,Priest,7008,team1,kill,26.12
curse:Warlock_vs_Priest,Warlock,Priest,7009,team1,kill,26.60
curse:Warlock_vs_Priest,Warlock,Priest,7010,team1,kill,29.03
curse:Warlock_vs_Priest,Warlock,Priest,7011,team1,kill,28.78
curse:Warlock_vs_Priest,Warlock,Priest,7012,team1,kill,31.33
curse:Warlock_vs_Priest,Warlock,Priest,7013,team1,kill,28.07
curse:Warlock_vs_Priest,Warlock,Priest,7014,team1,kill,25.93
curse:Warlock_vs_Priest,Warlock,Priest,7015,team1,kill,59.37
curse:Warlock_vs_Priest,Warlock,Priest,7016,team1,kill,29.08
curse:Warlock_vs_Priest,Warlock,Priest,7017,team1,kill,28.17
curse:Warlock_vs_Priest,Warlock,Priest,7018,team1,kill,27.30
curse:Warlock_vs_Priest,Warlock,Priest,7019,team1,kill,28.85
curse:Warlock_vs_Priest,Warlock,Priest,7020,team2,kill,70.55
curse:Warlock_vs_Priest,Warlock,Priest,7021,team1,kill,25.63
curse:Warlock_vs_Priest,Warlock,Priest,7022,team1,kill,28.17
curse:Warlock_vs_Priest,Warlock,Priest,7023,team1,kill,28.20
curse:Warlock_vs_Priest,Warlock,Priest,7024,team1,kill,26.88
curse:Warlock_vs_Priest,Warlock,Priest,7025,team1,kill,27.07
curse:Warlock_vs_Priest,Warlock,Priest,7026,team1,kill,26.20
curse:Warlock_vs_Priest,Warlock,Priest,7027,team1,kill,25.97
curse:Warlock_vs_Priest,Warlock,Priest,7028,team1,kill,27.07
curse:Warlock_vs_Priest,Warlock,Priest,7029,team1,kill,29.02
curse:Warlock_vs_Priest,Warlock,Priest,7030,team1,kill,27.40
curse:Warlock_vs_Priest,Warlock,Priest,7031,team1,kill,26.22
curse:Warlock_vs_Priest,Warlock,Priest,7032,team1,kill,25.98
curse:Warlock_vs_Priest,Warlock,Priest,7033,team2,kill,70.78
curse:Warlock_vs_Priest,Warlock,Priest,7034,team1,kill,27.07
curse:Warlock_vs_Priest,Warlock,Priest,7035,team1,kill,27.07
curse:Warlock_vs_Priest,Warlock,Priest,7036,team1,kill,26.03
curse:Warlock_vs_Priest,Warlock,Priest,7037,team1,kill,26.12
curse:Warlock_vs_Priest,Warlock,Priest,7038,team1,kill,22.67
curse:Warlock_vs_Priest,Warlock,Priest,7039,team1,kill,27.95
curse:Warlock_vs_Priest,Warlock,Priest,7040,team1,kill,27.22
curse:Warlock_vs_Priest,Warlock,Priest,7041,team1,kill,26.22
curse:Warlock_vs_Priest,Warlock,Priest,7042,team2,kill,67.75
curse:Warlock_vs_Priest,Warlock,Priest,7043,team1,kill,26.73
curse:Warlock_vs_Priest,Warlock,Priest,7044,team1,kill,29.03
curse:Warlock_vs_Priest,Warlock,Priest,7045,team1,kill,25.90
curse:Warlock_vs_Priest,Warlock,Priest,7046,team1,kill,31.67
curse:Warlock_vs_Priest,Warlock,Priest,7047,team1,kill,28.77
curse:Warlock_vs_Priest,Warlock,Priest,7048,team1,kill,28.18
curse:Warlock_vs_Priest,Warlock,Priest,7049,team1,kill,27.35
curse:Warlock_vs_Priest,Warlock,Priest,7050,team1,kill,27.28
curse:Warlock_vs_Priest,Warlock,Priest,7051,team1,kill,28.10
curse:Warlock_vs_Priest,Warlock,Priest,7052,team1,kill,28.08
curse:Warlock_vs_Priest,Warlock,Priest,7053,team1,kill,25.85
curse:Warlock_vs_Priest,Warlock,Priest,7054,team1,kill,56.82
curse:Warlock_vs_Priest,Warlock,Priest,7055,team1,kill,26.97
curse:Warlock_vs_Priest,Warlock,Priest,7056,team1,kill,26.17
curse:Warlock_vs_Priest,Warlock,Priest,7057,team1,kill,25.85
curse:Warlock_vs_Priest,Warlock,Priest,7058,team1,kill,25.42
curse:Warlock_vs_Priest,Warlock,Priest,7059,team1,kill,26.22
curse:Warlock_vs_Priest,Warlock,Priest,7060,team1,kill,26.22
curse:Warlock_vs_Priest,Warlock,Priest,7061,team1,kill,26.02
curse:Warlock_vs_Priest,Warlock,Priest,7062,team1,kill,28.15
curse:Warlock_vs_Priest,Warlock,Priest,7063,team1,kill,29.17
curse:Warlock_vs_Priest,Warlock,Priest,7064,team1,kill,25.88
curse:Warlock_vs_Priest,Warlock,Priest,7065,team1,kill,25.63
curse:Warlock_vs_Priest,Warlock,Priest,7066,team1,kill,27.12
curse:Warlock_vs_Priest,Warlock,Priest,7067,team1,kill,28.08
curse:Warlock_vs_Priest,Warlock,Priest,7068,team1,kill,31.08
curse:Warlock_vs_Priest,Warlock,Priest,7069,team1,kill,27.07
curse:Warlock_vs_Priest,Warlock,Priest,7070,team1,kill,26.22
curse:Warlock_vs_Priest,Warlock,Priest,7071,team1,kill,28.15
curse:Warlock_vs_Priest,Warlock,Priest,7072,team1,kill,25.98
curse:Warlock_vs_Priest,Warlock,Priest,7073,team1,kill,27.07
curse:Warlock_vs_Priest,Warlock,Priest,7074,team1,kill,28.92
curse:Warlock_vs_Priest,Warlock,Priest,7075,team1,kill,27.22
curse:Warlock_vs_Priest,Warlock,Priest,7076,team1,kill,29.12
curse:Warlock_vs_Priest,Warlock,Priest,7077,team1,kill,27.32
curse:Warlock_vs_Priest,Warlock,Priest,7078,team1,kill,26.22
curse:Warlock_vs_Priest,Warlock,Priest,7079,team1,kill,26.83
curse:Warlock_vs_Priest,Warlock,Priest,7080,team1,kill,27.00
curse:Warlock_vs_Priest,Warlock,Priest,7081,team1,kill,26.02
curse:Warlock_vs_Priest,Warlock,Priest,7082,team1,kill,26.18
curse:Warlock_vs_Priest,Warlock,Priest,7083,team1,kill,26.22
curse:Warlock_vs_Priest,Warlock,Priest,7084,team1,kill,28.85
curse:Warlock_vs_Priest,Warlock,Priest,7085,team1,kill,26.10
curse:Warlock_vs_Priest,Warlock,Priest,7086,team1,kill,27.18
curse:Warlock_vs_Priest,Warlock,Priest,7087,team1,kill,25.85
curse:Warlock_vs_Priest,Warlock,Priest,7088,team1,kill,56.37
curse:Warlock_vs_Priest,Warlock,Priest,7089,team1,kill,26.92
curse:Warlock_vs_Priest,Warlock,Priest,7090,team1,kill,25.13
curse:Warlock_vs_Priest,Warlock,Priest,7091,team1,kill,26.18
curse:Warlock_vs_Priest,Warlock,Priest,7092,team1,kill,27.15
curse:Warlock_vs_Priest,Warlock,Priest,7093,team1,kill,26.17
curse:Warlock_vs_Priest,Warlock,Priest,7094,team1,kill,43.08
curse:Warlock_vs_Priest,Warlock,Priest,7095,team1,kill,26.18
curse:Warlock_vs_Priest,Warlock,Priest,7096,team1,kill,26.22
curse:Warlock_vs_Priest,Warlock,Priest,7097,team1,kill,20.30
curse:Warlock_vs_Priest,Warlock,Priest,7098,team1,kill,28.18
curse:Warlock_vs_Priest,Warlock,Priest,7099,team1,kill,26.37
curse:Warlock_vs_Priest,Warlock,Priest,7100,team1,kill,29.10
curse:Warlock_vs_Priest,Warlock,Priest,7101,team1,kill,26.93
curse:Warlock_vs_Priest,Warlock,Priest,7102,team1,kill,26.28
curse:Warlock_vs_Priest,Warlock,Priest,7103,team1,kill,26.10
curse:Warlock_vs_Priest,Warlock,Priest,7104,team1,kill,27.07
curse:Warlock_vs_Priest,Warlock,Priest,7105,team1,kill,27.95
curse:Warlock_vs_Priest,Warlock,Priest,7106,team1,kill,28.27
curse:Warlock_vs_Priest,Warlock,Priest,7107,team1,kill,26.17
curse:Warlock_vs_Priest,Warlock,Priest,7108,team1,kill,29.13
curse:Warlock_vs_Priest,Warlock,Priest,7109,team1,kill,25.60
curse:Warlock_vs_Priest,Warlock,Priest,7110,team1,kill,29.02
curse:Warlock_vs_Priest,Warlock,Priest,7111,team1,kill,31.57
curse:Warlock_vs_Priest,Warlock,Priest,7112,team1,kill,29.10
curse:Warlock_vs_Priest,Warlock,Priest,7113,team1,kill,27.07
curse:Warlock_vs_Priest,Warlock,Priest,7114,team1,kill,27.13
curse:Warlock_vs_Priest,Warlock,Priest,7115,team1,kill,26.22
curse:Warlock_vs_Priest,Warlock,Priest,7116,team1,kill,26.65
curse:Warlock_vs_Priest,Warlock,Priest,7117,team1,kill,27.07
curse:Warlock_vs_Priest,Warlock,Priest,7118,team1,kill,26.18
curse:Warlock_vs_Priest,Warlock,Priest,7119,team1,kill,26.22
curse:Warlock_vs_Priest,Warlock,Priest,7120,team1,kill,27.15
curse:Warlock_vs_Priest,Warlock,Priest,7121,team1,kill,27.22
curse:Warlock_vs_Priest,Warlock,Priest,7122,team1,kill,26.20
curse:Warlock_vs_Priest,Warlock,Priest,7123,team1,kill,31.45
curse:Warlock_vs_Priest,Warlock,Priest,7124,team1,kill,22.53
curse:Warlock_vs_Priest,Warlock,Priest,7125,team1,kill,67.87
curse:Warlock_vs_Priest,Warlock,Priest,7126,team1,kill,26.28
curse:Warlock_vs_Priest,Warlock,Priest,7127,team1,kill,28.05
curse:Warlock_vs_Priest,Warlock,Priest,7128,team1,kill,26.18
curse:Warlock_vs_Priest,Warlock,Priest,7129,team1,kill,27.13
curse:Warlock_vs_Priest,Warlock,Priest,7130,team1,kill,27.02
curse:Warlock_vs_Priest,Warlock,Priest,7131,team1,kill,26.85
curse:Warlock_vs_Priest,Warlock,Priest,7132,team1,kill,25.65
curse:Warlock_vs_Priest,Warlock,Priest,7133,team1,kill,29.15
curse:Warlock_vs_Priest,Warlock,Priest,7134,team1,kill,27.23
curse:Warlock_vs_Priest,Warlock,Priest,7135,team1,kill,25.63
curse:Warlock_vs_Priest,Warlock,Priest,7136,team1,kill,25.12
curse:Warlock_vs_Priest,Warlock,Priest,7137,team1,kill,27.17
curse:Warlock_vs_Priest,Warlock,Priest,7138,team1,kill,55.12
curse:Warlock_vs_Priest,Warlock,Priest,7139,team1,kill,26.93
curse:Warlock_vs_Priest,Warlock,Priest,7140,team1,kill,25.65
curse:Warlock_vs_Priest,Warlock,Priest,7141,team1,kill,27.22
curse:Warlock_vs_Priest,Warlock,Priest,7142,team1,kill,27.15
curse:Warlock_vs_Priest,Warlock,Priest,7143,team1,kill,27.13
curse:Warlock_vs_Priest,Warlock,Priest,7144,team1,kill,29.62
curse:Warlock_vs_Priest,Warlock,Priest,7145,team1,kill,27.37
curse:Warlock_vs_Priest,Warlock,Priest,7146,team1,kill,27.35
curse:Warlock_vs_Priest,Warlock,Priest,7147,team1,kill,60.68
curse:Warlock_vs_Priest,Warlock,Priest,7148,team1,kill,29.38
curse:Warlock_vs_Priest,Warlock,Priest,7149,team1,kill,27.93
curse:Warlock_vs_Priest,Warlock,Priest,7150,team1,kill,25.18
curse:Warlock_vs_Priest,Warlock,Priest,7151,team1,kill,26.05
curse:Warlock_vs_Priest,Warlock,Priest,7152,team1,kill,28.15
curse:Warlock_vs_Priest,Warlock,Priest,7153,team1,kill,43.47
curse:Warlock_vs_Priest,Warlock,Priest,7154,team1,kill,26.20
curse:Warlock_vs_Priest,Warlock,Priest,7155,team1,kill,26.27
curse:Warlock_vs_Priest,Warlock,Priest,7156,team1,kill,27.07
curse:Warlock_vs_Priest,Warlock,Priest,7157,team1,kill,27.07
curse:Warlock_vs_Priest,Warlock,Priest,7158,team1,kill,28.10
curse:Warlock_vs_Priest,Warlock,Priest,7159,team1,kill,26.22
curse:Warlock_vs_Priest,Warlock,Priest,7160,team1,kill,29.18
curse:Warlock_vs_Priest,Warlock,Priest,7161,team1,kill,27.07
curse:Warlock_vs_Priest,Warlock,Priest,7162,team1,kill,27.92
curse:Warlock_vs_Priest,Warlock,Priest,7163,team1,kill,27.85
curse:Warlock_vs_Priest,Warlock,Priest,7164,team1,kill,28.23
curse:Warlock_vs_Priest,Warlock,Priest,7165,team1,kill,23.85
curse:Warlock_vs_Priest,Warlock,Priest,7166,team1,kill,27.20
curse:Warlock_vs_Priest,Warlock,Priest,7167,team1,kill,22.10
curse:Warlock_vs_Priest,Warlock,Priest,7168,team1,kill,28.00
curse:Warlock_vs_Priest,Warlock,Priest,7169,team1,kill,22.73
curse:Warlock_vs_Priest,Warlock,Priest,7170,team1,kill,27.15
curse:Warlock_vs_Priest,Warlock,Priest,7171,team1,kill,26.22
curse:Warlock_vs_Priest,Warlock,Priest,7172,team1,kill,27.20
curse:Warlock_vs_Priest,Warlock,Priest,7173,team1,kill,27.07
curse:Warlock_vs_Priest,Warlock,Priest,7174,team1,kill,31.62
curse:Warlock_vs_Priest,Warlock,Priest,7175,team1,kill,27.07
curse:Warlock_vs_Priest,Warlock,Priest,7176,team1,kill,27.13
curse:Warlock_vs_Priest,Warlock,Priest,7177,team1,kill,26.23
curse:Warlock_vs_Priest,Warlock,Priest,7178,team1,kill,28.12
curse:Warlock_vs_Priest,Warlock,Priest,7179,team1,kill,28.13
curse:Warlock_vs_Priest,Warlock,Priest,7180,team1,kill,26.07
curse:Warlock_vs_Priest,Warlock,Priest,7181,team1,kill,22.57
curse:Warlock_vs_Priest,Warlock,Priest,7182,team1,kill,26.15
curse:Warlock_vs_Priest,Warlock,Priest,7183,team1,kill,27.28
curse:Warlock_vs_Priest,Warlock,Priest,7184,team1,kill,26.03
curse:Warlock_vs_Priest,Warlock,Priest,7185,team1,kill,26.22
curse:Warlock_vs_Priest,Warlock,Priest,7186,team1,kill,27.07
curse:Warlock_vs_Priest,Warlock,Priest,7187,team1,kill,27.22
curse:Warlock_vs_Priest,Warlock,Priest,7188,team1,kill,31.78
curse:Warlock_vs_Priest,Warlock,Priest,7189,team1,kill,29.07
curse:Warlock_vs_Priest,Warlock,Priest,7190,team1,kill,26.77
curse:Warlock_vs_Priest,Warlock,Priest,7191,team1,kill,26.93
curse:Warlock_vs_Priest,Warlock,Priest,7192,team1,kill,31.50
curse:Warlock_vs_Priest,Warlock,Priest,7193,team1,kill,28.78
curse:Warlock_vs_Priest,Warlock,Priest,7194,team1,kill,28.15
curse:Warlock_vs_Priest,Warlock,Priest,7195,team1,kill,28.30
curse:Warlock_vs_Priest,Warlock,Priest,7196,team1,kill,26.22
curse:Warlock_vs_Priest,Warlock,Priest,7197,team1,kill,27.10
curse:Warlock_vs_Priest,Warlock,Priest,7198,team1,kill,22.10
curse:Warlock_vs_Priest,Warlock,Priest,7199,team1,kill,26.98
curse:Warlock_vs_Paladin,Warlock,Paladin,7000,team2,kill,65.07
curse:Warlock_vs_Paladin,Warlock,Paladin,7001,team1,kill,51.83
curse:Warlock_vs_Paladin,Warlock,Paladin,7002,team2,kill,52.95
curse:Warlock_vs_Paladin,Warlock,Paladin,7003,team2,kill,49.37
curse:Warlock_vs_Paladin,Warlock,Paladin,7004,team2,kill,48.43
curse:Warlock_vs_Paladin,Warlock,Paladin,7005,team2,kill,62.80
curse:Warlock_vs_Paladin,Warlock,Paladin,7006,team2,kill,42.50
curse:Warlock_vs_Paladin,Warlock,Paladin,7007,team2,kill,52.47
curse:Warlock_vs_Paladin,Warlock,Paladin,7008,team2,kill,48.42
curse:Warlock_vs_Paladin,Warlock,Paladin,7009,team2,kill,53.20
curse:Warlock_vs_Paladin,Warlock,Paladin,7010,team2,kill,50.87
curse:Warlock_vs_Paladin,Warlock,Paladin,7011,team2,kill,50.70
curse:Warlock_vs_Paladin,Warlock,Paladin,7012,team2,kill,53.80
curse:Warlock_vs_Paladin,Warlock,Paladin,7013,team2,kill,51.55
curse:Warlock_vs_Paladin,Warlock,Paladin,7014,team2,kill,54.08
curse:Warlock_vs_Paladin,Warlock,Paladin,7015,team2,kill,66.93
curse:Warlock_vs_Paladin,Warlock,Paladin,7016,team2,kill,52.80
curse:Warlock_vs_Paladin,Warlock,Paladin,7017,team2,kill,67.63
curse:Warlock_vs_Paladin,Warlock,Paladin,7018,team2,kill,50.30
curse:Warlock_vs_Paladin,Warlock,Paladin,7019,team2,kill,53.37
curse:Warlock_vs_Paladin,Warlock,Paladin,7020,team2,kill,53.13
curse:Warlock_vs_Paladin,Warlock,Paladin,7021,team2,kill,50.38
curse:Warlock_vs_Paladin,Warlock,Paladin,7022,team2,kill,52.48
curse:Warlock_vs_Paladin,Warlock,Paladin,7023,team1,kill,44.05
curse:Warlock_vs_Paladin,Warlock,Paladin,7024,team2,kill,53.08
curse:Warlock_vs_Paladin,Warlock,Paladin,7025,team2,kill,53.32
curse:Warlock_vs_Paladin,Warlock,Paladin,7026,team2,kill,48.93
curse:Warlock_vs_Paladin,Warlock,Paladin,7027,team2,kill,55.93
curse:Warlock_vs_Paladin,Warlock,Paladin,7028,team2,kill,46.03
curse:Warlock_vs_Paladin,Warlock,Paladin,7029,team2,kill,52.62
curse:Warlock_vs_Paladin,Warlock,Paladin,7030,team2,kill,51.53
curse:Warlock_vs_Paladin,Warlock,Paladin,7031,team2,kill,53.73
curse:Warlock_vs_Paladin,Warlock,Paladin,7032,team2,kill,68.30
curse:Warlock_vs_Paladin,Warlock,Paladin,7033,team2,kill,52.70
curse:Warlock_vs_Paladin,Warlock,Paladin,7034,team2,kill,54.42
curse:Warlock_vs_Paladin,Warlock,Paladin,7035,team2,kill,49.60
curse:Warlock_vs_Paladin,Warlock,Paladin,7036,team2,kill,52.45
curse:Warlock_vs_Paladin,Warlock,Paladin,7037,team2,kill,55.73
curse:Warlock_vs_Paladin,Warlock,Paladin,7038,team2,kill,67.45
curse:Warlock_vs_Paladin,Warlock,Paladin,7039,draw,kill,52.80
curse:Warlock_vs_Paladin,Warlock,Paladin,7040,team2,kill,49.30
curse:Warlock_vs_Paladin,Warlock,Paladin,7041,team2,kill,67.08
curse:Warlock_vs_Paladin,Warlock,Paladin,7042,team2,kill,54.05
curse:Warlock_vs_Paladin,Warlock,Paladin,7043,team2,kill,52.53
curse:Warlock_vs_Paladin,Warlock,Paladin,7044,team2,kill,51.07
curse:Warlock_vs_Paladin,Warlock,Paladin,7045,team2,kill,46.28
curse:Warlock_vs_Paladin,Warlock,Paladin,7046,team2,kill,59.45
curse:Warlock_vs_Paladin,Warlock,Paladin,7047,team2,kill,53.50
curse:Warlock_vs_Paladin,Warlock,Paladin,7048,team2,kill,53.78
curse:Warlock_vs_Paladin,Warlock,Paladin,7049,team2,kill,65.37
curse:Warlock_vs_Paladin,Warlock,Paladin,7050,team2,kill,53.17
curse:Warlock_vs_Paladin,Warlock,Paladin,7051,team2,kill,61.35
curse:Warlock_vs_Paladin,Warlock,Paladin,7052,team2,kill,52.65
curse:Warlock_vs_Paladin,Warlock,Paladin,7053,team2,kill,53.30
curse:Warlock_vs_Paladin,Warlock,Paladin,7054,team2,kill,50.95
curse:Warlock_vs_Paladin,Warlock,Paladin,7055,team2,kill,53.08
curse:Warlock_vs_Paladin,Warlock,Paladin,7056,team2,kill,51.22
curse:Warlock_vs_Paladin,Warlock,Paladin,7057,team2,kill,51.68
curse:Warlock_vs_Paladin,Warlock,Paladin,7058,team2,kill,50.73
curse:Warlock_vs_Paladin,Warlock,Paladin,7059,team2,kill,52.57
curse:Warlock_vs_Paladin,Warlock,Paladin,7060,team2,kill,46.48
curse:Warlock_vs_Paladin,Warlock,Paladin,7061,team2,kill,52.15
curse:Warlock_vs_Paladin,Warlock,Paladin,7062,team2,kill,50.67
curse:Warlock_vs_Paladin,Warlock,Paladin,7063,team2,kill,62.20
curse:Warlock_vs_Paladin,Warlock,Paladin,7064,team2,kill,54.53
curse:Warlock_vs_Paladin,Warlock,Paladin,7065,team2,kill,49.00
curse:Warlock_vs_Paladin,Warlock,Paladin,7066,team2,kill,47.93
curse:Warlock_vs_Paladin,Warlock,Paladin,7067,team2,kill,52.73
curse:Warlock_vs_Paladin,Warlock,Paladin,7068,team2,kill,50.02
curse:Warlock_vs_Paladin,Warlock,Paladin,7069,team2,kill,51.97
curse:Warlock_vs_Paladin,Warlock,Paladin,7070,team2,kill,51.78
curse:Warlock_vs_Paladin,Warlock,Paladin,7071,team2,kill,63.02
curse:Warlock_vs_Paladin,Warlock,Paladin,7072,team2,kill,53.23
curse:Warlock_vs_Paladin,Warlock,Paladin,7073,team2,kill,52.62
curse:Warlock_vs_Paladin,Warlock,Paladin,7074,team2,kill,53.03
curse:Warlock_vs_Paladin,Warlock,Paladin,7075,team2,kill,50.97
curse:Warlock_vs_Paladin,Warlock,Paladin,7076,team2,kill,58.05
curse:Warlock_vs_Paladin,Warlock,Paladin,7077,team2,kill,61.73
curse:Warlock_vs_Paladin,Warlock,Paladin,7078,team2,kill,54.08
curse:Warlock_vs_Paladin,Warlock,Paladin,7079,team2,kill,43.32
curse:Warlock_vs_Paladin,Warlock,Paladin,7080,team1,kill,38.00
curse:Warlock_vs_Paladin,Warlock,Paladin,7081,team2,kill,49.82
curse:Warlock_vs_Paladin,Warlock,Paladin,7082,team2,kill,55.60
curse:Warlock_vs_Paladin,Warlock,Paladin,7083,team2,kill,55.80
curse:Warlock_vs_Paladin,Warlock,Paladin,7084,team2,kill,51.72
curse:Warlock_vs_Paladin,Warlock,Paladin,7085,team2,kill,47.30
curse:Warlock_vs_Paladin,Warlock,Paladin,7086,team2,kill,49.70
curse:Warlock_vs_Paladin,Warlock,Paladin,7087,team2,kill,51.25
curse:Warlock_vs_Paladin,Warlock,Paladin,7088,team2,kill,53.27
curse:Warlock_vs_Paladin,Warlock,Paladin,7089,team2,kill,51.45
curse:Warlock_vs_Paladin,Warlock,Paladin,7090,team2,kill,53.82
curse:Warlock_vs_Paladin,Warlock,Paladin,7091,team2,kill,53.13
curse:Warlock_vs_Paladin,Warlock,Paladin,7092,team2,kill,50.90
curse:Warlock_vs_Paladin,Warlock,Paladin,7093,team2,kill,52.90
curse:Warlock_vs_Paladin,Warlock,Paladin,7094,team2,kill,48.72
curse:Warlock_vs_Paladin,Warlock,Paladin,7095,team2,kill,63.12
curse:Warlock_vs_Paladin,Warlock,Paladin,7096,team2,kill,52.43
curse:Warlock_vs_Paladin,Warlock,Paladin,7097,team2,kill,53.80
curse:Warlock_vs_Paladin,Warlock,Paladin,7098,team2,kill,49.15
curse:Warlock_vs_Paladin,Warlock,Paladin,7099,team2,kill,53.60
curse:Warlock_vs_Paladin,Warlock,Paladin,7100,team2,kill,46.77
curse:Warlock_vs_Paladin,Warlock,Paladin,7101,team2,kill,50.78
curse:Warlock_vs_Paladin,Warlock,Paladin,7102,team2,kill,50.05
curse:Warlock_vs_Paladin,Warlock,Paladin,7103,team2,kill,51.82
curse:Warlock_vs_Paladin,Warlock,Paladin,7104,team2,kill,51.32
curse:Warlock_vs_Paladin,Warlock,Paladin,7105,team2,kill,51.62
curse:Warlock_vs_Paladin,Warlock,Paladin,7106,team2,kill,49.73
curse:Warlock_vs_Paladin,Warlock,Paladin,7107,team2,kill,54.77
curse:Warlock_vs_Paladin,Warlock,Paladin,7108,team2,kill,52.60
curse:Warlock_vs_Paladin,Warlock,Paladin,7109,team2,kill,52.52
curse:Warlock_vs_Paladin,Warlock,Paladin,7110,team2,kill,51.88
curse:Warlock_vs_Paladin,Warlock,Paladin,7111,team2,kill,52.80
curse:Warlock_vs_Paladin,Warlock,Paladin,7112,team2,kill,53.15
curse:Warlock_vs_Paladin,Warlock,Paladin,7113,team2,kill,52.97
curse:Warlock_vs_Paladin,Warlock,Paladin,7114,team1,kill,41.70
curse:Warlock_vs_Paladin,Warlock,Paladin,7115,team2,kill,48.43
curse:Warlock_vs_Paladin,Warlock,Paladin,7116,team2,kill,62.13
curse:Warlock_vs_Paladin,Warlock,Paladin,7117,team2,kill,52.92
curse:Warlock_vs_Paladin,Warlock,Paladin,7118,team2,kill,51.98
curse:Warlock_vs_Paladin,Warlock,Paladin,7119,team2,kill,50.43
curse:Warlock_vs_Paladin,Warlock,Paladin,7120,team2,kill,54.02
curse:Warlock_vs_Paladin,Warlock,Paladin,7121,team2,kill,62.35
curse:Warlock_vs_Paladin,Warlock,Paladin,7122,team2,kill,57.62
curse:Warlock_vs_Paladin,Warlock,Paladin,7123,team2,kill,54.18
curse:Warlock_vs_Paladin,Warlock,Paladin,7124,team2,kill,51.77
curse:Warlock_vs_Paladin,Warlock,Paladin,7125,team2,kill,52.73
curse:Warlock_vs_Paladin,Warlock,Paladin,7126,team2,kill,69.47
curse:Warlock_vs_Paladin,Warlock,Paladin,7127,team2,kill,48.05
curse:Warlock_vs_Paladin,Warlock,Paladin,7128,team2,kill,48.43
curse:Warlock_vs_Paladin,Warlock,Paladin,7129,team2,kill,49.35
curse:Warlock_vs_Paladin,Warlock,Paladin,7130,team2,kill,53.58
curse:Warlock_vs_Paladin,Warlock,Paladin,7131,team2,kill,52.00
curse:Warlock_vs_Paladin,Warlock,Paladin,7132,team2,kill,50.28
curse:Warlock_vs_Paladin,Warlock,Paladin,7133,team2,kill,51.58
curse:Warlock_vs_Paladin,Warlock,Paladin,7134,team2,kill,52.88
curse:Warlock_vs_Paladin,Warlock,Paladin,7135,team2,kill,51.65
curse:Warlock_vs_Paladin,Warlock,Paladin,7136,team2,kill,49.50
curse:Warlock_vs_Paladin,Warlock,Paladin,7137,team2,kill,53.68
curse:Warlock_vs_Paladin,Warlock,Paladin,7138,team2,kill,54.15
curse:Warlock_vs_Paladin,Warlock,Paladin,7139,team2,kill,48.45
curse:Warlock_vs_Paladin,Warlock,Paladin,7140,team2,kill,58.20
curse:Warlock_vs_Paladin,Warlock,Paladin,7141,team2,kill,51.95
curse:Warlock_vs_Paladin,Warlock,Paladin,7142,team2,kill,51.50
curse:Warlock_vs_Paladin,Warlock,Paladin,7143,team2,kill,48.77
curse:Warlock_vs_Paladin,Warlock,Paladin,7144,team2,kill,50.43
curse:Warlock_vs_Paladin,Warlock,Paladin,7145,team2,kill,49.75
curse:Warlock_vs_Paladin,Warlock,Paladin,7146,team2,kill,56.42
curse:Warlock_vs_Paladin,Warlock,Paladin,7147,team2,kill,52.78
curse:Warlock_vs_Paladin,Warlock,Paladin,7148,team2,kill,54.20
curse:Warlock_vs_Paladin,Warlock,Paladin,7149,team2,kill,56.18
curse:Warlock_vs_Paladin,Warlock,Paladin,7150,team2,kill,64.43
curse:Warlock_vs_Paladin,Warlock,Paladin,7151,team2,kill,67.08
curse:Warlock_vs_Paladin,Warlock,Paladin,7152,team1,kill,52.80
curse:Warlock_vs_Paladin,Warlock,Paladin,7153,team2,kill,52.20
curse:Warlock_vs_Paladin,Warlock,Paladin,7154,team2,kill,51.15
curse:Warlock_vs_Paladin,Warlock,Paladin,7155,team2,kill,53.92
curse:Warlock_vs_Paladin,Warlock,Paladin,7156,team2,kill,52.62
curse:Warlock_vs_Paladin,Warlock,Paladin,7157,team2,kill,53.07
curse:Warlock_vs_Paladin,Warlock,Paladin,7158,team2,kill,52.53
curse:Warlock_vs_Paladin,Warlock,Paladin,7159,team2,kill,55.93
curse:Warlock_vs_Paladin,Warlock,Paladin,7160,team2,kill,53.93
curse:Warlock_vs_Paladin,Warlock,Paladin,7161,team2,kill,50.68
curse:Warlock_vs_Paladin,Warlock,Paladin,7162,team2,kill,48.72
curse:Warlock_vs_Paladin,Warlock,Paladin,7163,team2,kill,49.43
curse:Warlock_vs_Paladin,Warlock,Paladin,7164,team2,kill,49.38
curse:Warlock_vs_Paladin,Warlock,Paladin,7165,team2,kill,51.37
curse:Warlock_vs_Paladin,Warlock,Paladin,7166,team1,kill,51.95
curse:Warlock_vs_Paladin,Warlock,Paladin,7167,team2,kill,64.72
curse:Warlock_vs_Paladin,Warlock,Paladin,7168,team2,kill,48.60
curse:Warlock_vs_Paladin,Warlock,Paladin,7169,team2,kill,59.25
curse:Warlock_vs_Paladin,Warlock,Paladin,7170,team2,kill,48.83
curse:Warlock_vs_Paladin,Warlock,Paladin,7171,team2,kill,52.92
curse:Warlock_vs_Paladin,Warlock,Paladin,7172,team2,kill,53.08
curse:Warlock_vs_Paladin,Warlock,Paladin,7173,team1,kill,47.38
curse:Warlock_vs_Paladin,Warlock,Paladin,7174,team2,kill,49.83
curse:Warlock_vs_Paladin,Warlock,Paladin,7175,team2,kill,52.60
curse:Warlock_vs_Paladin,Warlock,Paladin,7176,team2,kill,53.53
curse:Warlock_vs_Paladin,Warlock,Paladin,7177,team2,kill,43.68
curse:Warlock_vs_Paladin,Warlock,Paladin,7178,team2,kill,53.35
curse:Warlock_vs_Paladin,Warlock,Paladin,7179,team2,kill,50.03
curse:Warlock_vs_Paladin,Warlock,Paladin,7180,team2,kill,54.77
curse:Warlock_vs_Paladin,Warlock,Paladin,7181,team2,kill,44.90
curse:Warlock_vs_Paladin,Warlock,Paladin,7182,team2,kill,49.58
curse:Warlock_vs_Paladin,Warlock,Paladin,7183,team2,kill,52.77
curse:Warlock_vs_Paladin,Warlock,Paladin,7184,team2,kill,52.18
curse:Warlock_vs_Paladin,Warlock,Paladin,7185,team2,kill,51.70
curse:Warlock_vs_Paladin,Warlock,Paladin,7186,team2,kill,52.60
curse:Warlock_vs_Paladin,Warlock,Paladin,7187,team2,kill,50.72
curse:Warlock_vs_Paladin,Warlock,Paladin,7188,team1,kill,48.55
curse:Warlock_vs_Paladin,Warlock,Paladin,7189,team2,kill,53.50
curse:Warlock_vs_Paladin,Warlock,Paladin,7190,team2,kill,52.73
curse:Warlock_vs_Paladin,Warlock,Paladin,7191,team2,kill,53.25
curse:Warlock_vs_Paladin,Warlock,Paladin,7192,team2,kill,52.45
curse:Warlock_vs_Paladin,Warlock,Paladin,7193,team2,kill,54.18
curse:Warlock_vs_Paladin,Warlock,Paladin,7194,team2,kill,51.18
curse:Warlock_vs_Paladin,Warlock,Paladin,7195,team2,kill,51.85
curse:Warlock_vs_Paladin,Warlock,Paladin,7196,team2,kill,52.87
curse:Warlock_vs_Paladin,Warlock,Paladin,7197,team1,kill,48.10
curse:Warlock_vs_Paladin,Warlock,Paladin,7198,team2,kill,52.57
curse:Warlock_vs_Paladin,Warlock,Paladin,7199,team2,kill,53.12
curse:Warlock+Priest_vs_Hunter+Priest,Warlock+Priest,Hunter+Priest,7000,team1,kill,162.49
curse:Warlock+Priest_vs_Hunter+Priest,Warlock+Priest,Hunter+Priest,7001,team1,kill,56.75
curse:Warlock+Priest_vs_Hunter+Priest,Warlock+Priest,Hunter+Priest,7002,team1,kill,48.28
curse:Warlock+Priest_vs_Hunter+Priest,Warlock+Priest,Hunter+Priest,7003,team1,kill,51.77
curse:Warlock+Priest_vs_Hunter+Priest,Warlock+Priest,Hunter+Priest,7004,team1,kill,46.25
curse:Warlock+Priest_vs_Hunter+Priest,Warlock+Priest,Hunter+Priest,7005,team1,kill,50.70
curse:Warlock+Priest_vs_Hunter+Priest,Warlock+Priest,Hunter+Priest,7006,team2,kill,52.32
curse:Warlock+Priest_vs_Hunter+Priest,Warlock+Priest,Hunter+Priest,7007,draw,kill,230.90
curse:Warlock+Priest_vs_Hunter+Priest,Warlock+Priest,Hunter+Priest,7008,team1,kill,56.47
curse:Warlock+Priest_vs_Hunter+Priest,Warlock+Priest,Hunter+Priest,7009,team1,kill,43.98
curse:Warlock+Priest_vs_Hunter+Priest,Warlock+Priest,Hunter+Priest,7010,team1,kill,48.60
curse:Warlock+Priest_vs_Hunter+Priest,Warlock+Priest,Hunter+Priest,7011,team1,kill,46.72
curse:Warlock+Priest_vs_Hunter+Priest,Warlock+Priest,Hunter+Priest,7012,team1,kill,53.18
curse:Warlock+Priest_vs_Hunter+Priest,Warlock+Priest,Hunter+Priest,7013,team2,kill,48.88
curse:Warlock+Priest_vs_Hunter+Priest,Warlock+Priest,Hunter+Priest,7014,team1,kill,50.08
curse:Warlock+Priest_vs_Hunter+Priest,Warlock+Priest,Hunter+Priest,7015,team1,kill,62.53
curse:Warlock+Priest_vs_Hunter+Priest,Warlock+Priest,Hunter+Priest,7016,team1,kill,40.67
curse:Warlock+Priest_vs_Hunter+Priest,Warlock+Priest,Hunter+Priest,7017,team1,kill,58.52
curse:Warlock+Priest_vs_Hunter+Priest,Warlock+Priest,Hunter+Priest,7018,team2,kill,52.83
curse:Warlock+Priest_vs_Hunter+Priest,Warlock+Priest,Hunter+Priest,7019,team1,kill,53.62
curse:Warlock+Priest_vs_Hunter+Priest,Warlock+Priest,Hunter+Priest,7020,team1,kill,50.72
curse:Warlock+Priest_vs_Hunter+Priest,Warlock+Priest,Hunter+Priest,7021,team2,kill,51.40
curse:Warlock+Priest_vs_Hunter+Priest,Warlock+Priest,Hunter+Priest,7022,team1,kill,41.97
curse:Warlock+Priest_vs_Hunter+Priest,Warlock+Priest,Hunter+Priest,7023,team1,kill,36.82
curse:Warlock+Priest_vs_Hunter+Priest,Warlock+Priest,Hunter+Priest,7024,team1,kill,53.03
curse:Warlock+Priest_vs_Hunter+Priest,Warlock+Priest,Hunter+Priest,7025,team2,kill,50.82
curse:Warlock+Priest_vs_Hunter+Priest,Warlock+Priest,Hunter+Priest,7026,team1,kill,40.22
curse:Warlock+Priest_vs_Hunter+Priest,Warlock+Priest,Hunter+Priest,7027,team2,kill,51.42
curse:Warlock+Priest_vs_Hunter+Priest,Warlock+Priest,Hunter+Priest,7028,team1,kill,42.20
curse:Warlock+Priest_vs_Hunter+Priest,Warlock+Priest,Hunter+Priest,7029,team2,kill,56.47
curse:Warlock+Priest_vs_Hunter+Priest,Warlock+Priest,Hunter+Priest,7030,team1,kill,46.77
curse:Warlock+Priest_vs_Hunter+Priest,Warlock+Priest,Hunter+Priest,7031,team1,kill,51.17
curse:Warlock+Priest_vs_Hunter+Priest,Warlock+Priest,Hunter+Priest,7032,team1,kill,41.63
curse:Warlock+Priest_vs_Hunter+Priest,Warlock+Priest,Hunter+Priest,7033,team2,kill,53.92
curse:Warlock+Priest_vs_Hunter+Priest,Warlock+Priest,Hunter+Priest,7034,team1,kill,58.73
curse:Warlock+Priest_vs_Hunter+Priest,Warlock+Priest,Hunter+Priest,7035,team1,kill,49.55
curse:Warlock+Priest_vs_Hunter+Priest,Warlock+Priest,Hunter+Priest,7036,team1,kill,50.23
curse:Warlock+Priest_vs_Hunter+Priest,Warlock+Priest,Hunter+Priest,7037,team2,kill,56.43
curse:Warlock+Priest_vs_Hunter+Priest,Warlock+Priest,Hunter+Priest,7038,team2,kill,43.45
curse:Warlock+Priest_vs_Hunter+Priest,Warlock+Priest,Hunter+Priest,7039,team1,kill,49.93
curse:Warlock+Priest_vs_Hunter+Priest,Warlock+Priest,Hunter+Priest,7040,team2,kill,43.85
curse:Warlock+Priest_vs_Hunter+Priest,Warlock+Priest,Hunter+Priest,7041,team1,kill,52.52
curse:Warlock+Priest_vs_Hunter+Priest,Warlock+Priest,Hunter+Priest,7042,team1,kill,57.05
curse:Warlock+Priest_vs_Hunter+Priest,Warlock+Priest,Hunter+Priest,7043,team1,kill,56.35
curse:Warlock+Priest_vs_Hunter+Priest,Warlock+Priest,Hunter+Priest,7044,team1,kill,227.62
curse:Warlock+Priest_vs_Hunter+Priest,Warlock+Priest,Hunter+Priest,7045,team1,kill,49.02
curse:Warlock+Priest_vs_Hunter+Priest,Warlock+Priest,Hunter+Priest,7046,team1,kill,53.33
curse:Warlock+Priest_vs_Hunter+Priest,Warlock+Priest,Hunter+Priest,7047,team1,kill,47.52
curse:Warlock+Priest_vs_Hunter+Priest,Warlock+Priest,Hunter+Priest,7048,team1,kill,53.73
curse:Warlock+Priest_vs_Hunter+Priest,Warlock+Priest,Hunter+Priest,7049,team1,kill,56.75
curse:Warlock+Priest_vs_Hunter+Priest,Warlock+Priest,Hunter+Priest,7050,team1,kill,47.62
curse:Warlock+Priest_vs_Hunter+Priest,Warlock+Priest,Hunter+Priest,7051,team1,kill,53.50
curse:Warlock+Priest_vs_Hunter+Priest,Warlock+Priest,Hunter+Priest,7052,team1,kill,53.77
curse:Warlock+Priest_vs_Hunter+Priest,Warlock+Priest,Hunter+Priest,7053,team1,kill,46.97
curse:Warlock+Priest_vs_Hunter+Priest,Warlock+Priest,Hunter+Priest,7054,team1,kill,52.70
curse:Warlock+Priest_vs_Hunter+Priest,Warlock+Priest,Hunter+Priest,7055,team1,kill,43.50
curse:Warlock+Priest_vs_Hunter+Priest,Warlock+Priest,Hunter+Priest,7056,team1,kill,41.45
curse:Warlock+Priest_vs_Hunter+Priest,Warlock+Priest,Hunter+Priest,7057,team1,kill,46.13
curse:Warlock+Priest_vs_Hunter+Priest,Warlock+Priest,Hunter+Priest,7058,team1,kill,56.90
curse:Warlock+Priest_vs_Hunter+Priest,Warlock+Priest,Hunter+Priest,7059,team2,kill,43.87
curse:Warlock+Priest_vs_Hunter+Priest,Warlock+Priest,Hunter+Priest,7060,team1,kill,45.10
curse:Warlock+Priest_vs_Hunter+Priest,Warlock+Priest,Hunter+Priest,7061,team1,kill,40.80
curse:Warlock+Priest_vs_Hunter+Priest,Warlock+Priest,Hunter+Priest,7062,team1,kill,44.52
curse:Warlock+Priest_vs_Hunter+Priest,Warlock+Priest,Hunter+Priest,7063,team1,kill,55.03
curse:Warlock+Priest_vs_Hunter+Priest,Warlock+Priest,Hunter+Priest,7064,team2,kill,55.97
curse:Warlock+Priest_vs_Hunter+Priest,Warlock+Priest,Hunter+Priest,7065,team1,kill,47.70
curse:Warlock+Priest_vs_Hunter+Priest,Warlock+Priest,Hunter+Priest,7066,team1,kill,39.47
curse:Warlock+Priest_vs_Hunter+Priest,Warlock+Priest,Hunter+Priest,7067,team2,kill,48.90
curse:Warlock+Priest_vs_Hunter+Priest,Warlock+Priest,Hunter+Priest,7068,team1,kill,40.18
curse:Warlock+Priest_vs_Hunter+Priest,Warlock+Priest,Hunter+Priest,7069,team2,kill,43.85
curse:Warlock+Priest_vs_Hunter+Priest,Warlock+Priest,Hunter+Priest,7070,team1,kill,46.00
curse:Warlock+Priest_vs_Hunter+Priest,Warlock+Priest,Hunter+Priest,7071,team1,kill,56.92
curse:Warlock+Priest_vs_Hunter+Priest,Warlock+Priest,Hunter+Priest,7072,team2,kill,53.92
curse:Warlock+Priest_vs_Hunter+Priest,Warlock+Priest,Hunter+Priest,7073,team2,kill,53.17
curse:Warlock+Priest_vs_Hunter+Priest,Warlock+Priest,Hunter+Priest,7074,team2,kill,48.88
curse:Warlock+Priest_vs_Hunter+Priest,Warlock+Priest,Hunter+Priest,7075,team1,kill,48.53
curse:Warlock+Priest_vs_Hunter+Priest,Warlock+Priest,Hunter+Priest,7076,team1,kill,45.83
curse:Warlock+Priest_vs_Hunter+Priest,Warlock+Priest,Hunter+Priest,7077,team1,kill,52.90
curse:Warlock+Priest_vs_Hunter+Priest,Warlock+Priest,Hunter+Priest,7078,team1,kill,41.75
curse:Warlock+Priest_vs_Hunter+Priest,Warlock+Priest,Hunter+Priest,7079,team1,kill,43.00
curse:Warlock+Priest_vs_Hunter+Priest,Warlock+Priest,Hunter+Priest,7080,team1,kill,53.60
curse:Warlock+Priest_vs_Hunter+Priest,Warlock+Priest,Hunter+Priest,7081,team1,kill,52.78
curse:Warlock+Priest_vs_Hunter+Priest,Warlock+Priest,Hunter+Priest,7082,team1,kill,59.68
curse:Warlock+Priest_vs_Hunter+Priest,Warlock+Priest,Hunter+Priest,7083,team1,kill,53.73
curse:Warlock+Priest_vs_Hunter+Priest,Warlock+Priest,Hunter+Priest,7084,team1,kill,46.10
curse:Warlock+Priest_vs_Hunter+Priest,Warlock+Priest,Hunter+Priest,7085,team1,kill,218.69
curse:Warlock+Priest_vs_Hunter+Priest,Warlock+Priest,Hunter+Priest,7086,team1,kill,44.80
curse:Warlock+Priest_vs_Hunter+Priest,Warlock+Priest,Hunter+Priest,7087,team1,kill,52.70
curse:Warlock+Priest_vs_Hunter+Priest,Warlock+Priest,Hunter+Priest,7088,team2,kill,44.95
curse:Warlock+Priest_vs_Hunter+Priest,Warlock+Priest,Hunter+Priest,7089,team2,kill,189.88
curse:Warlock+Priest_vs_Hunter+Priest,Warlock+Priest,Hunter+Priest,7090,team1,kill,53.05
curse:Warlock+Priest_vs_Hunter+Priest,Warlock+Priest,Hunter+Priest,7091,team1,kill,49.73
curse:Warlock+Priest_vs_Hunter+Priest,Warlock+Priest,Hunter+Priest,7092,team1,kill,36.47
curse:Warlock+Priest_vs_Hunter+Priest,Warlock+Priest,Hunter+Priest,7093,team1,kill,56.75
curse:Warlock+Priest_vs_Hunter+Priest,Warlock+Priest,Hunter+Priest,7094,team1,kill,45.18
curse:Warlock+Priest_vs_Hunter+Priest,Warlock+Priest,Hunter+Priest,7095,team2,kill,46.37
curse:Warlock+Priest_vs_Hunter+Priest,Warlock+Priest,Hunter+Priest,7096,team1,kill,51.95
curse:Warlock+Priest_vs_Hunter+Priest,Warlock+Priest,Hunter+Priest,7097,team2,kill,48.88
curse:Warlock+Priest_vs_Hunter+Priest,Warlock+Priest,Hunter+Priest,7098,team1,kill,53.65
curse:Warlock+Priest_vs_Hunter+Priest,Warlock+Priest,Hunter+Priest,7099,team1,kill,53.55
curse:Warlock+Priest_vs_Hunter+Priest,Warlock+Priest,Hunter+Priest,7100,team2,kill,51.60
curse:Warlock+Priest_vs_Hunter+Priest,Warlock+Priest,Hunter+Priest,7101,team1,kill,55.10
curse:Warlock+Priest_vs_Hunter+Priest,Warlock+Priest,Hunter+Priest,7102,team1,kill,48.55
curse:Warlock+Priest_vs_Hunter+Priest,Warlock+Priest,Hunter+Priest,7103,team2,kill,56.43
curse:Warlock+Priest_vs_Hunter+Priest,Warlock+Priest,Hunter+Priest,7104,team1,kill,39.33
curse:Warlock+Priest_vs_Hunter+Priest,Warlock+Priest,Hunter+Priest,7105,team2,kill,199.65
curse:Warlock+Priest_vs_Hunter+Priest,Warlock+Priest,Hunter+Priest,7106,team1,kill,50.33
curse:Warlock+Priest_vs_Hunter+Priest,Warlock+Priest,Hunter+Priest,7107,team2,kill,52.38
curse:Warlock+Priest_vs_Hunter+Priest,Warlock+Priest,Hunter+Priest,7108,team1,kill,52.35
curse:Warlock+Priest_vs_Hunter+Priest,Warlock+Priest,Hunter+Priest,7109,team1,kill,50.72
curse:Warlock+Priest_vs_Hunter+Priest,Warlock+Priest,Hunter+Priest,7110,team1,kill,53.52
curse:Warlock+Priest_vs_Hunter+Priest,Warlock+Priest,Hunter+Priest,7111,team2,kill,50.82
curse:Warlock+Priest_vs_Hunter+Priest,Warlock+Priest,Hunter+Priest,7112,team1,kill,41.12
curse:Warlock+Priest_vs_Hunter+Priest,Warlock+Priest,Hunter+Priest,7113,team1,kill,48.20
curse:Warlock+Priest_vs_Hunter+Priest,Warlock+Priest,Hunter+Priest,7114,team1,kill,200.03
curse:Warlock+Priest_vs_Hunter+Priest,Warlock+Priest,Hunter+Priest,7115,team1,kill,50.38
curse:Warlock+Priest_vs_Hunter+Priest,Warlock+Priest,Hunter+Priest,7116,team1,kill,49.27
curse:Warlock+Priest_vs_Hunter+Priest,Warlock+Priest,Hunter+Priest,7117,team1,kill,44.72
curse:Warlock+Priest_vs_Hunter+Priest,Warlock+Priest,Hunter+Priest,7118,team1,kill,42.48
curse:Warlock+Priest_vs_Hunter+Priest,Warlock+Priest,Hunter+Priest,7119,team1,kill,51.10
curse:Warlock+Priest_vs_Hunter+Priest,Warlock+Priest,Hunter+Priest,7120,team2,kill,52.38
curse:Warlock+Priest_vs_Hunter+Priest,Warlock+Priest,Hunter+Priest,7121,team1,kill,50.12
curse:Warlock+Priest_vs_Hunter+Priest,Warlock+Priest,Hunter+Priest,7122,team1,kill,52.05
curse:Warlock+Priest_vs_Hunter+Priest,Warlock+Priest,Hunter+Priest,7123,team2,kill,53.92
curse:Warlock+Priest_vs_Hunter+Priest,Warlock+Priest,Hunter+Priest,7124,team1,kill,50.17
curse:Warlock+Priest_vs_Hunter+Priest,Warlock+Priest,Hunter+Priest,7125,team2,kill,197.66
curse:Warlock+Priest_vs_Hunter+Priest,Warlock+Priest,Hunter+Priest,7126,team1,kill,50.72
curse:Warlock+Priest_vs_Hunter+Priest,Warlock+Priest,Hunter+Priest,7127,team2,kill,51.40
curse:Warlock+Priest_vs_Hunter+Priest,Warlock+Priest,Hunter+Priest,7128,team2,kill,46.37
curse:Warlock+Priest_vs_Hunter+Priest,Warlock+Priest,Hunter+Priest,7129,team1,kill,56.68
curse:Warlock+Priest_vs_Hunter+Priest,Warlock+Priest,Hunter+Priest,7130,team1,kill,52.08
curse:Warlock+Priest_vs_Hunter+Priest,Warlock+Priest,Hunter+Priest,7131,team2,kill,58.95
curse:Warlock+Priest_vs_Hunter+Priest,Warlock+Priest,Hunter+Priest,7132,team1,kill,40.80
curse:Warlock+Priest_vs_Hunter+Priest,Warlock+Priest,Hunter+Priest,7133,team1,kill,169.40
curse:Warlock+Priest_vs_Hunter+Priest,Warlock+Priest,Hunter+Priest,7134,team1,kill,52.53
curse:Warlock+Priest_vs_Hunter+Priest,Warlock+Priest,Hunter+Priest,7135,team2,kill,44.60
curse:Warlock+Priest_vs_Hunter+Priest,Warlock+Priest,Hunter+Priest,7136,team2,kill,53.93
curse:Warlock+Priest_vs_Hunter+Priest,Warlock+Priest,Hunter+Priest,7137,team2,kill,46.37
curse:Warlock+Priest_vs_Hunter+Priest,Warlock+Priest,Hunter+Priest,7138,team1,kill,51.47
curse:Warlock+Priest_vs_Hunter+Priest,Warlock+Priest,Hunter+Priest,7139,team2,kill,53.92
curse:Warlock+Priest_vs_Hunter+Priest,Warlock+Priest,Hunter+Priest,7140,team1,kill,47.68
curse:Warlock+Priest_vs_Hunter+Priest,Warlock+Priest,Hunter+Priest,7141,team1,kill,51.47
curse:Warlock+Priest_vs_Hunter+Priest,Warlock+Priest,Hunter+Priest,7142,team2,kill,46.37
curse:Warlock+Priest_vs_Hunter+Priest,Warlock+Priest,Hunter+Priest,7143,team2,kill,53.92
curse:Warlock+Priest_vs_Hunter+Priest,Warlock+Priest,Hunter+Priest,7144,team2,kill,46.37
curse:Warlock+Priest_vs_Hunter+Priest,Warlock+Priest,Hunter+Priest,7145,team2,kill,43.85
curse:Warlock+Priest_vs_Hunter+Priest,Warlock+Priest,Hunter+Priest,7146,team1,kill,51.82
curse:Warlock+Priest_vs_Hunter+Priest,Warlock+Priest,Hunter+Priest,7147,team1,kill,55.72
curse:Warlock+Priest_vs_Hunter+Priest,Warlock+Priest,Hunter+Priest,7148,team2,kill,53.17
curse:Warlock+Priest_vs_Hunter+Priest,Warlock+Priest,Hunter+Priest,7149,team1,kill,43.72
curse:Warlock+Priest_vs_Hunter+Priest,Warlock+Priest,Hunter+Priest,7150,team1,kill,39.27
curse:Warlock+Priest_vs_Hunter+Priest,Warlock+Priest,Hunter+Priest,7151,team1,kill,43.12
curse:Warlock+Priest_vs_Hunter+Priest,Warlock+Priest,Hunter+Priest,7152,team1,kill,44.17
curse:Warlock+Priest_vs_Hunter+Priest,Warlock+Priest,Hunter+Priest,7153,team1,kill,46.55
curse:Warlock+Priest_vs_Hunter+Priest,Warlock+Priest,Hunter+Priest,7154,team1,kill,56.73
curse:Warlock+Priest_vs_Hunter+Priest,Warlock+Priest,Hunter+Priest,7155,team2,kill,49.68
curse:Warlock+Priest_vs_Hunter+Priest,Warlock+Priest,Hunter+Priest,7156,team2,kill,41.33
curse:Warlock+Priest_vs_Hunter+Priest,Warlock+Priest,Hunter+Priest,7157,team1,kill,49.95
curse:Warlock+Priest_vs_Hunter+Priest,Warlock+Priest,Hunter+Priest,7158,team2,kill,48.90
curse:Warlock+Priest_vs_Hunter+Priest,Warlock+Priest,Hunter+Priest,7159,team1,kill,39.12
curse:Warlock+Priest_vs_Hunter+Priest,Warlock+Priest,Hunter+Priest,7160,team1,kill,55.72
curse:Warlock+Priest_vs_Hunter+Priest,Warlock+Priest,Hunter+Priest,7161,team2,kill,48.90
curse:Warlock+Priest_vs_Hunter+Priest,Warlock+Priest,Hunter+Priest,7162,team2,kill,44.27
curse:Warlock+Priest_vs_Hunter+Priest,Warlock+Priest,Hunter+Priest,7163,team1,kill,52.25
curse:Warlock+Priest_vs_Hunter+Priest,Warlock+Priest,Hunter+Priest,7164,team1,kill,43.43
curse:Warlock+Priest_vs_Hunter+Priest,Warlock+Priest,Hunter+Priest,7165,team1,kill,52.70
curse:Warlock+Priest_vs_Hunter+Priest,Warlock+Priest,Hunter+Priest,7166,team1,kill,43.80
curse:Warlock+Priest_vs_Hunter+Priest,Warlock+Priest,Hunter+Priest,7167,team1,kill,50.70
curse:Warlock+Priest_vs_Hunter+Priest,Warlock+Priest,Hunter+Priest,7168,team1,kill,45.47
curse:Warlock+Priest_vs_Hunter+Priest,Warlock+Priest,Hunter+Priest,7169,team1,kill,50.15
curse:Warlock+Priest_vs_Hunter+Priest,Warlock+Priest,Hunter+Priest,7170,team1,kill,32.47
curse:Warlock+Priest_vs_Hunter+Priest,Warlock+Priest,Hunter+Priest,7171,team1,kill,173.45
curse:Warlock+Priest_vs_Hunter+Priest,Warlock+Priest,Hunter+Priest,7172,team1,kill,54.90
curse:Warlock+Priest_vs_Hunter+Priest,Warlock+Priest,Hunter+Priest,7173,team1,kill,40.50
curse:Warlock+Priest_vs_Hunter+Priest,Warlock+Priest,Hunter+Priest,7174,team1,kill,39.55
curse:Warlock+Priest_vs_Hunter+Priest,Warlock+Priest,Hunter+Priest,7175,team1,kill,54.28
curse:Warlock+Priest_vs_Hunter+Priest,Warlock+Priest,Hunter+Priest,7176,team1,kill,44.85
curse:Warlock+Priest_vs_Hunter+Priest,Warlock+Priest,Hunter+Priest,7177,team1,kill,51.77
curse:Warlock+Priest_vs_Hunter+Priest,Warlock+Priest,Hunter+Priest,7178,team1,kill,48.70
curse:Warlock+Priest_vs_Hunter+Priest,Warlock+Priest,Hunter+Priest,7179,team2,kill,43.85
curse:Warlock+Priest_vs_Hunter+Priest,Warlock+Priest,Hunter+Priest,7180,team1,kill,52.22
curse:Warlock+Priest_vs_Hunter+Priest,Warlock+Priest,Hunter+Priest,7181,team1,kill,52.27
curse:Warlock+Priest_vs_Hunter+Priest,Warlock+Priest,Hunter+Priest,7182,team1,kill,45.08
curse:Warlock+Priest_vs_Hunter+Priest,Warlock+Priest,Hunter+Priest,7183,team1,kill,43.97
curse:Warlock+Priest_vs_Hunter+Priest,Warlock+Priest,Hunter+Priest,7184,team1,kill,58.88
curse:Warlock+Priest_vs_Hunter+Priest,Warlock+Priest,Hunter+Priest,7185,team2,kill,48.90
curse:Warlock+Priest_vs_Hunter+Priest,Warlock+Priest,Hunter+Priest,7186,team1,kill,52.95
curse:Warlock+Priest_vs_Hunter+Priest,Warlock+Priest,Hunter+Priest,7187,team2,kill,51.40
curse:Warlock+Priest_vs_Hunter+Priest,Warlock+Priest,Hunter+Priest,7188,team1,kill,56.75
curse:Warlock+Priest_vs_Hunter+Priest,Warlock+Priest,Hunter+Priest,7189,team2,kill,53.17
curse:Warlock+Priest_vs_Hunter+Priest,Warlock+Priest,Hunter+Priest,7190,team2,kill,180.92
curse:Warlock+Priest_vs_Hunter+Priest,Warlock+Priest,Hunter+Priest,7191,team2,kill,181.83
curse:Warlock+Priest_vs_Hunter+Priest,Warlock+Priest,Hunter+Priest,7192,team1,kill,49.03
curse:Warlock+Priest_vs_Hunter+Priest,Warlock+Priest,Hunter+Priest,7193,team1,kill,35.17
curse:Warlock+Priest_vs_Hunter+Priest,Warlock+Priest,Hunter+Priest,7194,team1,kill,159.71
curse:Warlock+Priest_vs_Hunter+Priest,Warlock+Priest,Hunter+Priest,7195,team1,kill,50.03
curse:Warlock+Priest_vs_Hunter+Priest,Warlock+Priest,Hunter+Priest,7196,team2,kill,43.85
curse:Warlock+Priest_vs_Hunter+Priest,Warlock+Priest,Hunter+Priest,7197,team1,kill,52.62
curse:Warlock+Priest_vs_Hunter+Priest,Warlock+Priest,Hunter+Priest,7198,team2,kill,53.92
curse:Warlock+Priest_vs_Hunter+Priest,Warlock+Priest,Hunter+Priest,7199,team1,kill,49.95
curse:Warlock+Priest_vs_Warrior+Priest,Warlock+Priest,Warrior+Priest,7000,team2,kill,44.97
curse:Warlock+Priest_vs_Warrior+Priest,Warlock+Priest,Warrior+Priest,7001,team2,kill,45.13
curse:Warlock+Priest_vs_Warrior+Priest,Warlock+Priest,Warrior+Priest,7002,team2,kill,42.45
curse:Warlock+Priest_vs_Warrior+Priest,Warlock+Priest,Warrior+Priest,7003,team2,kill,44.10
curse:Warlock+Priest_vs_Warrior+Priest,Warlock+Priest,Warrior+Priest,7004,team2,kill,41.87
curse:Warlock+Priest_vs_Warrior+Priest,Warlock+Priest,Warrior+Priest,7005,team2,kill,48.33
curse:Warlock+Priest_vs_Warrior+Priest,Warlock+Priest,Warrior+Priest,7006,team2,kill,43.15
curse:Warlock+Priest_vs_Warrior+Priest,Warlock+Priest,Warrior+Priest,7007,team2,kill,41.80
curse:Warlock+Priest_vs_Warrior+Priest,Warlock+Priest,Warrior+Priest,7008,team2,kill,52.75
curse:Warlock+Priest_vs_Warrior+Priest,Warlock+Priest,Warrior+Priest,7009,team2,kill,44.07
curse:Warlock+Priest_vs_Warrior+Priest,Warlock+Priest,Warrior+Priest,7010,team2,kill,43.35
curse:Warlock+Priest_vs_Warrior+Priest,Warlock+Priest,Warrior+Priest,7011,team2,kill,47.05
curse:Warlock+Priest_vs_Warrior+Priest,Warlock+Priest,Warrior+Priest,7012,team1,kill,45.35
curse:Warlock+Priest_vs_Warrior+Priest,Warlock+Priest,Warrior+Priest,7013,team2,kill,48.97
curse:Warlock+Priest_vs_Warrior+Priest,Warlock+Priest,Warrior+Priest,7014,team2,kill,36.47
curse:Warlock+Priest_vs_Warrior+Priest,Warlock+Priest,Warrior+Priest,7015,team2,kill,44.32
curse:Warlock+Priest_vs_Warrior+Priest,Warlock+Priest,Warrior+Priest,7016,team1,kill,41.95
curse:Warlock+Priest_vs_Warrior+Priest,Warlock+Priest,Warrior+Priest,7017,team2,kill,39.28
curse:Warlock+Priest_vs_Warrior+Priest,Warlock+Priest,Warrior+Priest,7018,team2,kill,42.40
curse:Warlock+Priest_vs_Warrior+Priest,Warlock+Priest,Warrior+Priest,7019,team2,kill,50.78
curse:Warlock+Priest_vs_Warrior+Priest,Warlock+Priest,Warrior+Priest,7020,team2,kill,42.80
curse:Warlock+Priest_vs_Warrior+Priest,Warlock+Priest,Warrior+Priest,7021,team2,kill,41.73
curse:Warlock+Priest_vs_Warrior+Priest,Warlock+Priest,Warrior+Priest,7022,team2,kill,39.82
curse:Warlock+Priest_vs_Warrior+Priest,Warlock+Priest,Warrior+Priest,7023,team2,kill,43.47
curse:Warlock+Priest_vs_Warrior+Priest,Warlock+Priest,Warrior+Priest,7024,team2,kill,45.17
curse:Warlock+Priest_vs_Warrior+Priest,Warlock+Priest,Warrior+Priest,7025,team2,kill,42.03
curse:Warlock+Priest_vs_Warrior+Priest,Warlock+Priest,Warrior+Priest,7026,team2,kill,42.18
curse:Warlock+Priest_vs_Warrior+Priest,Warlock+Priest,Warrior+Priest,7027,team2,kill,43.33
curse:Warlock+Priest_vs_Warrior+Priest,Warlock+Priest,Warrior+Priest,7028,team2,kill,44.37
curse:Warlock+Priest_vs_Warrior+Priest,Warlock+Priest,Warrior+Priest,7029,team2,kill,43.97
curse:Warlock+Priest_vs_Warrior+Priest,Warlock+Priest,Warrior+Priest,7030,team2,kill,47.95
curse:Warlock+Priest_vs_Warrior+Priest,Warlock+Priest,Warrior+Priest,7031,team2,kill,34.33
curse:Warlock+Priest_vs_Warrior+Priest,Warlock+Priest,Warrior+Priest,7032,team2,kill,49.25
curse:Warlock+Priest_vs_Warrior+Priest,Warlock+Priest,Warrior+Priest,7033,team2,kill,53.32
curse:Warlock+Priest_vs_Warrior+Priest,Warlock+Priest,Warrior+Priest,7034,team2,kill,47.48
curse:Warlock+Priest_vs_Warrior+Priest,Warlock+Priest,Warrior+Priest,7035,team2,kill,42.25
curse:Warlock+Priest_vs_Warrior+Priest,Warlock+Priest,Warrior+Priest,7036,team1,kill,48.65
curse:Warlock+Priest_vs_Warrior+Priest,Warlock+Priest,Warrior+Priest,7037,team1,kill,63.73
curse:Warlock+Priest_vs_Warrior+Priest,Warlock+Priest,Warrior+Priest,7038,team2,kill,43.68
curse:Warlock+Priest_vs_Warrior+Priest,Warlock+Priest,Warrior+Priest,7039,team2,kill,46.13
curse:Warlock+Priest_vs_Warrior+Priest,Warlock+Priest,Warrior+Priest,7040,team1,kill,43.22
curse:Warlock+Priest_vs_Warrior+Priest,Warlock+Priest,Warrior+Priest,7041,team2,kill,43.52
curse:Warlock+Priest_vs_Warrior+Priest,Warlock+Priest,Warrior+Priest,7042,team1,kill,58.65
curse:Warlock+Priest_vs_Warrior+Priest,Warlock+Priest,Warrior+Priest,7043,team2,kill,45.32
curse:Warlock+Priest_vs_Warrior+Priest,Warlock+Priest,Warrior+Priest,7044,team2,kill,45.67
curse:Warlock+Priest_vs_Warrior+Priest,Warlock+Priest,Warrior+Priest,7045,team2,kill,45.98
curse:Warlock+Priest_vs_Warrior+Priest,Warlock+Priest,Warrior+Priest,7046,team2,kill,44.03
curse:Warlock+Priest_vs_Warrior+Priest,Warlock+Priest,Warrior+Priest,7047,team2,kill,41.57
curse:Warlock+Priest_vs_Warrior+Priest,Warlock+Priest,Warrior+Priest,7048,team2,kill,43.52
curse:Warlock+Priest_vs_Warrior+Priest,Warlock+Priest,Warrior+Priest,7049,team2,kill,49.32
curse:Warlock+Priest_vs_Warrior+Priest,Warlock+Priest,Warrior+Priest,7050,team2,kill,42.32
curse:Warlock+Priest_vs_Warrior+Priest,Warlock+Priest,Warrior+Priest,7051,team2,kill,46.25
curse:Warlock+Priest_vs_Warrior+Priest,Warlock+Priest,Warrior+Priest,7052,team2,kill,42.32
curse:Warlock+Priest_vs_Warrior+Priest,Warlock+Priest,Warrior+Priest,7053,team2,kill,42.30
curse:Warlock+Priest_vs_Warrior+Priest,Warlock+Priest,Warrior+Priest,7054,team2,kill,52.87
curse:Warlock+Priest_vs_Warrior+Priest,Warlock+Priest,Warrior+Priest,7055,team2,kill,42.10
curse:Warlock+Priest_vs_Warrior+Priest,Warlock+Priest,Warrior+Priest,7056,team1,kill,39.48
curse:Warlock+Priest_vs_Warrior+Priest,Warlock+Priest,Warrior+Priest,7057,team1,kill,36.40
curse:Warlock+Priest_vs_Warrior+Priest,Warlock+Priest,Warrior+Priest,7058,team2,kill,43.35
curse:Warlock+Priest_vs_Warrior+Priest,Warlock+Priest,Warrior+Priest,7059,team1,kill,60.72
curse:Warlock+Priest_vs_Warrior+Priest,Warlock+Priest,Warrior+Priest,7060,team1,kill,97.09
curse:Warlock+Priest_vs_Warrior+Priest,Warlock+Priest,Warrior+Priest,7061,team2,kill,44.07
curse:Warlock+Priest_vs_Warrior+Priest,Warlock+Priest,Warrior+Priest,7062,team2,kill,44.95
curse:Warlock+Priest_vs_Warrior+Priest,Warlock+Priest,Warrior+Priest,7063,team2,kill,42.93
curse:Warlock+Priest_vs_Warrior+Priest,Warlock+Priest,Warrior+Priest,7064,team2,kill,55.90
curse:Warlock+Priest_vs_Warrior+Priest,Warlock+Priest,Warrior+Priest,7065,team2,kill,46.33
curse:Warlock+Priest_vs_Warrior+Priest,Warlock+Priest,Warrior+Priest,7066,team2,kill,41.75
curse:Warlock+Priest_vs_Warrior+Priest,Warlock+Priest,Warrior+Priest,7067,team2,kill,41.83
curse:Warlock+Priest_vs_Warrior+Priest,Warlock+Priest,Warrior+Priest,7068,team2,kill,42.50
curse:Warlock+Priest_vs_Warrior+Priest,Warlock+Priest,Warrior+Priest,7069,team2,kill,53.05
curse:Warlock+Priest_vs_Warrior+Priest,Warlock+Priest,Warrior+Priest,7070,team1,kill,38.52
curse:Warlock+Priest_vs_Warrior+Priest,Warlock+Priest,Warrior+Priest,7071,team1,kill,50.98
curse:Warlock+Priest_vs_Warrior+Priest,Warlock+Priest,Warrior+Priest,7072,team2,kill,42.18
curse:Warlock+Priest_vs_Warrior+Priest,Warlock+Priest,Warrior+Priest,7073,team2,kill,42.92
curse:Warlock+Priest_vs_Warrior+Priest,Warlock+Priest,Warrior+Priest,7074,team2,kill,43.62
curse:Warlock+Priest_vs_Warrior+Priest,Warlock+Priest,Warrior+Priest,7075,team2,kill,46.40
curse:Warlock+Priest_vs_Warrior+Priest,Warlock+Priest,Warrior+Priest,7076,team2,kill,46.92
curse:Warlock+Priest_vs_Warrior+Priest,Warlock+Priest,Warrior+Priest,7077,team2,kill,42.65
curse:Warlock+Priest_vs_Warrior+Priest,Warlock+Priest,Warrior+Priest,7078,team2,kill,49.15
curse:Warlock+Priest_vs_Warrior+Priest,Warlock+Priest,Warrior+Priest,7079,team2,kill,47.48
curse:Warlock+Priest_vs_Warrior+Priest,Warlock+Priest,Warrior+Priest,7080,team2,kill,53.23
curse:Warlock+Priest_vs_Warrior+Priest,Warlock+Priest,Warrior+Priest,7081,team1,kill,82.04
curse:Warlock+Priest_vs_Warrior+Priest,Warlock+Priest,Warrior+Priest,7082,team2,kill,42.57
curse:Warlock+Priest_vs_Warrior+Priest,Warlock+Priest,Warrior+Priest,7083,team2,kill,49.03
curse:Warlock+Priest_vs_Warrior+Priest,Warlock+Priest,Warrior+Priest,7084,team2,kill,41.40
curse:Warlock+Priest_vs_Warrior+Priest,Warlock+Priest,Warrior+Priest,7085,team2,kill,54.68
curse:Warlock+Priest_vs_Warrior+Priest,Warlock+Priest,Warrior+Priest,7086,team2,kill,43.75
curse:Warlock+Priest_vs_Warrior+Priest,Warlock+Priest,Warrior+Priest,7087,team2,kill,45.17
curse:Warlock+Priest_vs_Warrior+Priest,Warlock+Priest,Warrior+Priest,7088,team2,kill,50.48
curse:Warlock+Priest_vs_Warrior+Priest,Warlock+Priest,Warrior+Priest,7089,team2,kill,48.15
curse:Warlock+Priest_vs_Warrior+Priest,Warlock+Priest,Warrior+Priest,7090,team2,kill,41.88
curse:Warlock+Priest_vs_Warrior+Priest,Warlock+Priest,Warrior+Priest,7091,team2,kill,46.72
curse:Warlock+Priest_vs_Warrior+Priest,Warlock+Priest,Warrior+Priest,7092,team2,kill,44.13
curse:Warlock+Priest_vs_Warrior+Priest,Warlock+Priest,Warrior+Priest,7093,team2,kill,36.92
curse:Warlock+Priest_vs_Warrior+Priest,Warlock+Priest,Warrior+Priest,7094,team1,kill,24.58
curse:Warlock+Priest_vs_Warrior+Priest,Warlock+Priest,Warrior+Priest,7095,team2,kill,41.92
curse:Warlock+Priest_vs_Warrior+Priest,Warlock+Priest,Warrior+Priest,7096,team1,kill,31.42
curse:Warlock+Priest_vs_Warrior+Priest,Warlock+Priest,Warrior+Priest,7097,team2,kill,50.53
curse:Warlock+Priest_vs_Warrior+Priest,Warlock+Priest,Warrior+Priest,7098,team2,kill,48.88
curse:Warlock+Priest_vs_Warrior+Priest,Warlock+Priest,Warrior+Priest,7099,team1,kill,51.70
curse:Warlock+Priest_vs_Warrior+Priest,Warlock+Priest,Warrior+Priest,7100,team2,kill,48.52
curse:Warlock+Priest_vs_Warrior+Priest,Warlock+Priest,Warrior+Priest,7101,team2,kill,50.83
curse:Warlock+Priest_vs_Warrior+Priest,Warlock+Priest,Warrior+Priest,7102,team2,kill,42.08
curse:Warlock+Priest_vs_Warrior+Priest,Warlock+Priest,Warrior+Priest,7103,team2,kill,46.05
curse:Warlock+Priest_vs_Warrior+Priest,Warlock+Priest,Warrior+Priest,7104,team1,kill,37.22
curse:Warlock+Priest_vs_Warrior+Priest,Warlock+Priest,Warrior+Priest,7105,team1,kill,58.58
curse:Warlock+Priest_vs_Warrior+Priest,Warlock+Priest,Warrior+Priest,7106,team2,kill,42.08
curse:Warlock+Priest_vs_Warrior+Priest,Warlock+Priest,Warrior+Priest,7107,team2,kill,58.85
curse:Warlock+Priest_vs_Warrior+Priest,Warlock+Priest,Warrior+Priest,7108,team2,kill,53.23
curse:Warlock+Priest_vs_Warrior+Priest,Warlock+Priest,Warrior+Priest,7109,team2,kill,48.08
curse:Warlock+Priest_vs_Warrior+Priest,Warlock+Priest,Warrior+Priest,7110,team2,kill,46.45
curse:Warlock+Priest_vs_Warrior+Priest,Warlock+Priest,Warrior+Priest,7111,team2,kill,42.43
curse:Warlock+Priest_vs_Warrior+Priest,Warlock+Priest,Warrior+Priest,7112,team2,kill,50.30
curse:Warlock+Priest_vs_Warrior+Priest,Warlock+Priest,Warrior+Priest,7113,team2,kill,42.53
curse:Warlock+Priest_vs_Warrior+Priest,Warlock+Priest,Warrior+Priest,7114,team1,kill,201.69
curse:Warlock+Priest_vs_Warrior+Priest,Warlock+Priest,Warrior+Priest,7115,team1,kill,53.93
curse:Warlock+Priest_vs_Warrior+Priest,Warlock+Priest,Warrior+Priest,7116,team2,kill,42.68
curse:Warlock+Priest_vs_Warrior+Priest,Warlock+Priest,Warrior+Priest,7117,team2,kill,42.73
curse:Warlock+Priest_vs_Warrior+Priest,Warlock+Priest,Warrior+Priest,7118,team1,kill,56.12
curse:Warlock+Priest_vs_Warrior+Priest,Warlock+Priest,Warrior+Priest,7119,team2,kill,44.50
curse:Warlock+Priest_vs_Warrior+Priest,Warlock+Priest,Warrior+Priest,7120,team2,kill,41.75
curse:Warlock+Priest_vs_Warrior+Priest,Warlock+Priest,Warrior+Priest,7121,team1,kill,51.15
curse:Warlock+Priest_vs_Warrior+Priest,Warlock+Priest,Warrior+Priest,7122,team2,kill,36.90
curse:Warlock+Priest_vs_Warrior+Priest,Warlock+Priest,Warrior+Priest,7123,team2,kill,42.98
curse:Warlock+Priest_vs_Warrior+Priest,Warlock+Priest,Warrior+Priest,7124,team1,kill,46.92
curse:Warlock+Priest_vs_Warrior+Priest,Warlock+Priest,Warrior+Priest,7125,team2,kill,49.10
curse:Warlock+Priest_vs_Warrior+Priest,Warlock+Priest,Warrior+Priest,7126,team2,kill,51.13
curse:Warlock+Priest_vs_Warrior+Priest,Warlock+Priest,Warrior+Priest,7127,team2,kill,40.90
curse:Warlock+Priest_vs_Warrior+Priest,Warlock+Priest,Warrior+Priest,7128,team2,kill,44.40
curse:Warlock+Priest_vs_Warrior+Priest,Warlock+Priest,Warrior+Priest,7129,team2,kill,48.72
curse:Warlock+Priest_vs_Warrior+Priest,Warlock+Priest,Warrior+Priest,7130,team2,kill,43.27
curse:Warlock+Priest_vs_Warrior+Priest,Warlock+Priest,Warrior+Priest,7131,team2,kill,47.92
curse:Warlock+Priest_vs_Warrior+Priest,Warlock+Priest,Warrior+Priest,7132,team2,kill,45.90
curse:Warlock+Priest_vs_Warrior+Priest,Warlock+Priest,Warrior+Priest,7133,team2,kill,45.02
curse:Warlock+Priest_vs_Warrior+Priest,Warlock+Priest,Warrior+Priest,7134,team1,kill,45.07
curse:Warlock+Priest_vs_Warrior+Priest,Warlock+Priest,Warrior+Priest,7135,team1,kill,43.67
curse:Warlock+Priest_vs_Warrior+Priest,Warlock+Priest,Warrior+Priest,7136,team2,kill,46.02
curse:Warlock+Priest_vs_Warrior+Priest,Warlock+Priest,Warrior+Priest,7137,team2,kill,43.33
curse:Warlock+Priest_vs_Warrior+Priest,Warlock+Priest,Warrior+Priest,7138,team1,kill,38.67
curse:Warlock+Priest_vs_Warrior+Priest,Warlock+Priest,Warrior+Priest,7139,team2,kill,44.73
curse:Warlock+Priest_vs_Warrior+Priest,Warlock+Priest,Warrior+Priest,7140,team2,kill,44.03
curse:Warlock+Priest_vs_Warrior+Priest,Warlock+Priest,Warrior+Priest,7141,team2,kill,48.87
curse:Warlock+Priest_vs_Warrior+Priest,Warlock+Priest,Warrior+Priest,7142,team1,kill,34.28
curse:Warlock+Priest_vs_Warrior+Priest,Warlock+Priest,Warrior+Priest,7143,team2,kill,37.78
curse:Warlock+Priest_vs_Warrior+Priest,Warlock+Priest,Warrior+Priest,7144,team1,kill,42.65
curse:Warlock+Priest_vs_Warrior+Priest,Warlock+Priest,Warrior+Priest,7145,team2,kill,41.92
curse:Warlock+Priest_vs_Warrior+Priest,Warlock+Priest,Warrior+Priest,7146,team2,kill,40.85
curse:Warlock+Priest_vs_Warrior+Priest,Warlock+Priest,Warrior+Priest,7147,team2,kill,41.82
curse:Warlock+Priest_vs_Warrior+Priest,Warlock+Priest,Warrior+Priest,7148,team2,kill,47.92
curse:Warlock+Priest_vs_Warrior+Priest,Warlock+Priest,Warrior+Priest,7149,team2,kill,54.55
curse:Warlock+Priest_vs_Warrior+Priest,Warlock+Priest,Warrior+Priest,7150,team2,kill,39.55
curse:Warlock+Priest_vs_Warrior+Priest,Warlock+Priest,Warrior+Priest,7151,team2,kill,48.85
curse:Warlock+Priest_vs_Warrior+Priest,Warlock+Priest,Warrior+Priest,7152,team2,kill,53.90
curse:Warlock+Priest_vs_Warrior+Priest,Warlock+Priest,Warrior+Priest,7153,team2,kill,43.23
curse:Warlock+Priest_vs_Warrior+Priest,Warlock+Priest,Warrior+Priest,7154,team1,kill,49.40
curse:Warlock+Priest_vs_Warrior+Priest,Warlock+Priest,Warrior+Priest,7155,team2,kill,44.35
curse:Warlock+Priest_vs_Warrior+Priest,Warlock+Priest,Warrior+Priest,7156,team2,kill,52.10
curse:Warlock+Priest_vs_Warrior+Priest,Warlock+Priest,Warrior+Priest,7157,team2,kill,52.72
curse:Warlock+Priest_vs_Warrior+Priest,Warlock+Priest,Warrior+Priest,7158,team2,kill,48.38
curse:Warlock+Priest_vs_Warrior+Priest,Warlock+Priest,Warrior+Priest,7159,team2,kill,39.58
curse:Warlock+Priest_vs_Warrior+Priest,Warlock+Priest,Warrior+Priest,7160,team1,kill,49.22
curse:Warlock+Priest_vs_Warrior+Priest,Warlock+Priest,Warrior+Priest,7161,team2,kill,39.07
curse:Warlock+Priest_vs_Warrior+Priest,Warlock+Priest,Warrior+Priest,7162,team2,kill,49.53
curse:Warlock+Priest_vs_Warrior+Priest,Warlock+Priest,Warrior+Priest,7163,team2,kill,42.93
curse:Warlock+Priest_vs_Warrior+Priest,Warlock+Priest,Warrior+Priest,7164,team2,kill,43.12
curse:Warlock+Priest_vs_Warrior+Priest,Warlock+Priest,Warrior+Priest,7165,team2,kill,44.48
curse:Warlock+Priest_vs_Warrior+Priest,Warlock+Priest,Warrior+Priest,7166,team2,kill,41.35
curse:Warlock+Priest_vs_Warrior+Priest,Warlock+Priest,Warrior+Priest,7167,team2,kill,51.50
curse:Warlock+Priest_vs_Warrior+Priest,Warlock+Priest,Warrior+Priest,7168,team2,kill,42.52
curse:Warlock+Priest_vs_Warrior+Priest,Warlock+Priest,Warrior+Priest,7169,team2,kill,179.68
curse:Warlock+Priest_vs_Warrior+Priest,Warlock+Priest,Warrior+Priest,7170,team2,kill,38.68
curse:Warlock+Priest_vs_Warrior+Priest,Warlock+Priest,Warrior+Priest,7171,team2,kill,48.68
curse:Warlock+Priest_vs_Warrior+Priest,Warlock+Priest,Warrior+Priest,7172,team1,kill,44.77
curse:Warlock+Priest_vs_Warrior+Priest,Warlock+Priest,Warrior+Priest,7173,team2,kill,44.40
curse:Warlock+Priest_vs_Warrior+Priest,Warlock+Priest,Warrior+Priest,7174,team2,kill,51.58
curse:Warlock+Priest_vs_Warrior+Priest,Warlock+Priest,Warrior+Priest,7175,team2,kill,53.08
curse:Warlock+Priest_vs_Warrior+Priest,Warlock+Priest,Warrior+Priest,7176,team2,kill,36.33
curse:Warlock+Priest_vs_Warrior+Priest,Warlock+Priest,Warrior+Priest,7177,team2,kill,43.95
curse:Warlock+Priest_vs_Warrior+Priest,Warlock+Priest,Warrior+Priest,7178,team2,kill,41.80
curse:Warlock+Priest_vs_Warrior+Priest,Warlock+Priest,Warrior+Priest,7179,team2,kill,48.05
curse:Warlock+Priest_vs_Warrior+Priest,Warlock+Priest,Warrior+Priest,7180,team1,kill,138.71
curse:Warlock+Priest_vs_Warrior+Priest,Warlock+Priest,Warrior+Priest,7181,team2,kill,48.35
curse:Warlock+Priest_vs_Warrior+Priest,Warlock+Priest,Warrior+Priest,7182,team1,kill,63.07
curse:Warlock+Priest_vs_Warrior+Priest,Warlock+Priest,Warrior+Priest,7183,team2,kill,42.32
curse:Warlock+Priest_vs_Warrior+Priest,Warlock+Priest,Warrior+Priest,7184,team2,kill,40.20
curse:Warlock+Priest_vs_Warrior+Priest,Warlock+Priest,Warrior+Priest,7185,team2,kill,40.08
curse:Warlock+Priest_vs_Warrior+Priest,Warlock+Priest,Warrior+Priest,7186,team2,kill,48.72
curse:Warlock+Priest_vs_Warrior+Priest,Warlock+Priest,Warrior+Priest,7187,team2,kill,52.10
curse:Warlock+Priest_vs_Warrior+Priest,Warlock+Priest,Warrior+Priest,7188,team2,kill,47.98
curse:Warlock+Priest_vs_Warrior+Priest,Warlock+Priest,Warrior+Priest,7189,team2,kill,44.18
curse:Warlock+Priest_vs_Warrior+Priest,Warlock+Priest,Warrior+Priest,7190,team2,kill,49.80
curse:Warlock+Priest_vs_Warrior+Priest,Warlock+Priest,Warrior+Priest,7191,team2,kill,42.88
curse:Warlock+Priest_vs_Warrior+Priest,Warlock+Priest,Warrior+Priest,7192,team2,kill,44.67
curse:Warlock+Priest_vs_Warrior+Priest,Warlock+Priest,Warrior+Priest,7193,team2,kill,52.90
curse:Warlock+Priest_vs_Warrior+Priest,Warlock+Priest,Warrior+Priest,7194,team2,kill,44.50
curse:Warlock+Priest_vs_Warrior+Priest,Warlock+Priest,Warrior+Priest,7195,team2,kill,49.27
curse:Warlock+Priest_vs_Warrior+Priest,Warlock+Priest,Warrior+Priest,7196,team2,kill,49.28
curse:Warlock+Priest_vs_Warrior+Priest,Warlock+Priest,Warrior+Priest,7197,team2,kill,43.18
curse:Warlock+Priest_vs_Warrior+Priest,Warlock+Priest,Warrior+Priest,7198,team2,kill,49.03
curse:Warlock+Priest_vs_Warrior+Priest,Warlock+Priest,Warrior+Priest,7199,team2,kill,46.33
curse:Warlock+Priest_vs_Rogue+Paladin,Warlock+Priest,Rogue+Paladin,7000,team1,kill,65.67
curse:Warlock+Priest_vs_Rogue+Paladin,Warlock+Priest,Rogue+Paladin,7001,team1,kill,84.79
curse:Warlock+Priest_vs_Rogue+Paladin,Warlock+Priest,Rogue+Paladin,7002,team1,kill,70.40
curse:Warlock+Priest_vs_Rogue+Paladin,Warlock+Priest,Rogue+Paladin,7003,team1,kill,194.43
curse:Warlock+Priest_vs_Rogue+Paladin,Warlock+Priest,Rogue+Paladin,7004,team2,kill,57.15
curse:Warlock+Priest_vs_Rogue+Paladin,Warlock+Priest,Rogue+Paladin,7005,team2,kill,56.60
curse:Warlock+Priest_vs_Rogue+Paladin,Warlock+Priest,Rogue+Paladin,7006,team1,kill,76.79
curse:Warlock+Priest_vs_Rogue+Paladin,Warlock+Priest,Rogue+Paladin,7007,team2,kill,50.48
curse:Warlock+Priest_vs_Rogue+Paladin,Warlock+Priest,Rogue+Paladin,7008,team2,kill,59.80
curse:Warlock+Priest_vs_Rogue+Paladin,Warlock+Priest,Rogue+Paladin,7009,team1,kill,172.80
curse:Warlock+Priest_vs_Rogue+Paladin,Warlock+Priest,Rogue+Paladin,7010,team2,kill,62.60
curse:Warlock+Priest_vs_Rogue+Paladin,Warlock+Priest,Rogue+Paladin,7011,team2,kill,56.35
curse:Warlock+Priest_vs_Rogue+Paladin,Warlock+Priest,Rogue+Paladin,7012,team2,kill,53.00
curse:Warlock+Priest_vs_Rogue+Paladin,Warlock+Priest,Rogue+Paladin,7013,team2,kill,51.05
curse:Warlock+Priest_vs_Rogue+Paladin,Warlock+Priest,Rogue+Paladin,7014,team1,kill,65.78
curse:Warlock+Priest_vs_Rogue+Paladin,Warlock+Priest,Rogue+Paladin,7015,team1,kill,87.97
curse:Warlock+Priest_vs_Rogue+Paladin,Warlock+Priest,Rogue+Paladin,7016,team2,kill,58.58
curse:Warlock+Priest_vs_Rogue+Paladin,Warlock+Priest,Rogue+Paladin,7017,team1,kill,78.49
curse:Warlock+Priest_vs_Rogue+Paladin,Warlock+Priest,Rogue+Paladin,7018,team1,kill,189.53
curse:Warlock+Priest_vs_Rogue+Paladin,Warlock+Priest,Rogue+Paladin,7019,team1,kill,62.97
curse:Warlock+Priest_vs_Rogue+Paladin,Warlock+Priest,Rogue+Paladin,7020,team2,kill,57.85
curse:Warlock+Priest_vs_Rogue+Paladin,Warlock+Priest,Rogue+Paladin,7021,team1,kill,76.59
curse:Warlock+Priest_vs_Rogue+Paladin,Warlock+Priest,Rogue+Paladin,7022,team1,kill,71.43
curse:Warlock+Priest_vs_Rogue+Paladin,Warlock+Priest,Rogue+Paladin,7023,team1,kill,141.04
curse:Warlock+Priest_vs_Rogue+Paladin,Warlock+Priest,Rogue+Paladin,7024,team1,kill,68.98
curse:Warlock+Priest_vs_Rogue+Paladin,Warlock+Priest,Rogue+Paladin,7025,team2,kill,62.28
curse:Warlock+Priest_vs_Rogue+Paladin,Warlock+Priest,Rogue+Paladin,7026,team2,kill,58.73
curse:Warlock+Priest_vs_Rogue+Paladin,Warlock+Priest,Rogue+Paladin,7027,team2,kill,54.43
curse:Warlock+Priest_vs_Rogue+Paladin,Warlock+Priest,Rogue+Paladin,7028,team1,kill,87.97
curse:Warlock+Priest_vs_Rogue+Paladin,Warlock+Priest,Rogue+Paladin,7029,team2,kill,54.15
curse:Warlock+Priest_vs_Rogue+Paladin,Warlock+Priest,Rogue+Paladin,7030,team2,kill,54.87
curse:Warlock+Priest_vs_Rogue+Paladin,Warlock+Priest,Rogue+Paladin,7031,team1,kill,76.92
curse:Warlock+Priest_vs_Rogue+Paladin,Warlock+Priest,Rogue+Paladin,7032,team2,kill,60.40
curse:Warlock+Priest_vs_Rogue+Paladin,Warlock+Priest,Rogue+Paladin,7033,team2,kill,57.30
curse:Warlock+Priest_vs_Rogue+Paladin,Warlock+Priest,Rogue+Paladin,7034,team1,kill,152.47
curse:Warlock+Priest_vs_Rogue+Paladin,Warlock+Priest,Rogue+Paladin,7035,team1,kill,195.68
curse:Warlock+Priest_vs_Rogue+Paladin,Warlock+Priest,Rogue+Paladin,7036,team1,kill,64.92
curse:Warlock+Priest_vs_Rogue+Paladin,Warlock+Priest,Rogue+Paladin,7037,team1,kill,72.85
curse:Warlock+Priest_vs_Rogue+Paladin,Warlock+Priest,Rogue+Paladin,7038,team1,kill,95.31
curse:Warlock+Priest_vs_Rogue+Paladin,Warlock+Priest,Rogue+Paladin,7039,team1,kill,176.63
curse:Warlock+Priest_vs_Rogue+Paladin,Warlock+Priest,Rogue+Paladin,7040,team2,kill,59.55
curse:Warlock+Priest_vs_Rogue+Paladin,Warlock+Priest,Rogue+Paladin,7041,team1,kill,187.38
curse:Warlock+Priest_vs_Rogue+Paladin,Warlock+Priest,Rogue+Paladin,7042,team2,kill,53.07
curse:Warlock+Priest_vs_Rogue+Paladin,Warlock+Priest,Rogue+Paladin,7043,team1,kill,75.57
curse:Warlock+Priest_vs_Rogue+Paladin,Warlock+Priest,Rogue+Paladin,7044,team2,kill,54.93
curse:Warlock+Priest_vs_Rogue+Paladin,Warlock+Priest,Rogue+Paladin,7045,team1,kill,67.85
curse:Warlock+Priest_vs_Rogue+Paladin,Warlock+Priest,Rogue+Paladin,7046,team1,kill,70.28
curse:Warlock+Priest_vs_Rogue+Paladin,Warlock+Priest,Rogue+Paladin,7047,team2,kill,55.75
curse:Warlock+Priest_vs_Rogue+Paladin,Warlock+Priest,Rogue+Paladin,7048,team2,kill,60.70
curse:Warlock+Priest_vs_Rogue+Paladin,Warlock+Priest,Rogue+Paladin,7049,team1,kill,76.65
curse:Warlock+Priest_vs_Rogue+Paladin,Warlock+Priest,Rogue+Paladin,7050,team1,kill,69.85
curse:Warlock+Priest_vs_Rogue+Paladin,Warlock+Priest,Rogue+Paladin,7051,team1,kill,58.82
curse:Warlock+Priest_vs_Rogue+Paladin,Warlock+Priest,Rogue+Paladin,7052,team1,kill,66.73
curse:Warlock+Priest_vs_Rogue+Paladin,Warlock+Priest,Rogue+Paladin,7053,team1,kill,65.23
curse:Warlock+Priest_vs_Rogue+Paladin,Warlock+Priest,Rogue+Paladin,7054,team2,kill,59.45
curse:Warlock+Priest_vs_Rogue+Paladin,Warlock+Priest,Rogue+Paladin,7055,team2,kill,108.61
curse:Warlock+Priest_vs_Rogue+Paladin,Warlock+Priest,Rogue+Paladin,7056,team1,kill,71.82
curse:Warlock+Priest_vs_Rogue+Paladin,Warlock+Priest,Rogue+Paladin,7057,team1,kill,148.56
curse:Warlock+Priest_vs_Rogue+Paladin,Warlock+Priest,Rogue+Paladin,7058,team1,kill,172.42
curse:Warlock+Priest_vs_Rogue+Paladin,Warlock+Priest,Rogue+Paladin,7059,team2,kill,82.59
curse:Warlock+Priest_vs_Rogue+Paladin,Warlock+Priest,Rogue+Paladin,7060,team2,kill,48.80
curse:Warlock+Priest_vs_Rogue+Paladin,Warlock+Priest,Rogue+Paladin,7061,team1,kill,67.85
curse:Warlock+Priest_vs_Rogue+Paladin,Warlock+Priest,Rogue+Paladin,7062,team2,kill,56.33
curse:Warlock+Priest_vs_Rogue+Paladin,Warlock+Priest,Rogue+Paladin,7063,team1,kill,69.03
curse:Warlock+Priest_vs_Rogue+Paladin,Warlock+Priest,Rogue+Paladin,7064,team1,kill,188.68
curse:Warlock+Priest_vs_Rogue+Paladin,Warlock+Priest,Rogue+Paladin,7065,team1,kill,64.97
curse:Warlock+Priest_vs_Rogue+Paladin,Warlock+Priest,Rogue+Paladin,7066,team2,kill,60.43
curse:Warlock+Priest_vs_Rogue+Paladin,Warlock+Priest,Rogue+Paladin,7067,team1,kill,63.82
curse:Warlock+Priest_vs_Rogue+Paladin,Warlock+Priest,Rogue+Paladin,7068,team1,kill,77.27
curse:Warlock+Priest_vs_Rogue+Paladin,Warlock+Priest,Rogue+Paladin,7069,team1,kill,64.42
curse:Warlock+Priest_vs_Rogue+Paladin,Warlock+Priest,Rogue+Paladin,7070,team2,kill,58.70
curse:Warlock+Priest_vs_Rogue+Paladin,Warlock+Priest,Rogue+Paladin,7071,team2,kill,54.22
curse:Warlock+Priest_vs_Rogue+Paladin,Warlock+Priest,Rogue+Paladin,7072,team1,kill,69.92
curse:Warlock+Priest_vs_Rogue+Paladin,Warlock+Priest,Rogue+Paladin,7073,team1,kill,182.27
curse:Warlock+Priest_vs_Rogue+Paladin,Warlock+Priest,Rogue+Paladin,7074,team2,kill,53.15
curse:Warlock+Priest_vs_Rogue+Paladin,Warlock+Priest,Rogue+Paladin,7075,team2,kill,56.62
curse:Warlock+Priest_vs_Rogue+Paladin,Warlock+Priest,Rogue+Paladin,7076,team1,kill,186.28
curse:Warlock+Priest_vs_Rogue+Paladin,Warlock+Priest,Rogue+Paladin,7077,team1,kill,151.27
curse:Warlock+Priest_vs_Rogue+Paladin,Warlock+Priest,Rogue+Paladin,7078,team1,kill,71.13
curse:Warlock+Priest_vs_Rogue+Paladin,Warlock+Priest,Rogue+Paladin,7079,team1,kill,65.32
curse:Warlock+Priest_vs_Rogue+Paladin,Warlock+Priest,Rogue+Paladin,7080,team2,kill,55.78
curse:Warlock+Priest_vs_Rogue+Paladin,Warlock+Priest,Rogue+Paladin,7081,team2,kill,53.23
curse:Warlock+Priest_vs_Rogue+Paladin,Warlock+Priest,Rogue+Paladin,7082,team1,kill,51.27
curse:Warlock+Priest_vs_Rogue+Paladin,Warlock+Priest,Rogue+Paladin,7083,team2,kill,56.13
curse:Warlock+Priest_vs_Rogue+Paladin,Warlock+Priest,Rogue+Paladin,7084,team1,kill,66.32
curse:Warlock+Priest_vs_Rogue+Paladin,Warlock+Priest,Rogue+Paladin,7085,team2,kill,54.80
curse:Warlock+Priest_vs_Rogue+Paladin,Warlock+Priest,Rogue+Paladin,7086,team1,kill,79.85
curse:Warlock+Priest_vs_Rogue+Paladin,Warlock+Priest,Rogue+Paladin,7087,team1,kill,56.95
curse:Warlock+Priest_vs_Rogue+Paladin,Warlock+Priest,Rogue+Paladin,7088,team2,kill,55.70
curse:Warlock+Priest_vs_Rogue+Paladin,Warlock+Priest,Rogue+Paladin,7089,team2,kill,50.23
curse:Warlock+Priest_vs_Rogue+Paladin,Warlock+Priest,Rogue+Paladin,7090,team1,kill,149.49
curse:Warlock+Priest_vs_Rogue+Paladin,Warlock+Priest,Rogue+Paladin,7091,team2,kill,60.72
curse:Warlock+Priest_vs_Rogue+Paladin,Warlock+Priest,Rogue+Paladin,7092,team2,kill,52.77
curse:Warlock+Priest_vs_Rogue+Paladin,Warlock+Priest,Rogue+Paladin,7093,team1,kill,76.47
curse:Warlock+Priest_vs_Rogue+Paladin,Warlock+Priest,Rogue+Paladin,7094,team2,kill,51.88
curse:Warlock+Priest_vs_Rogue+Paladin,Warlock+Priest,Rogue+Paladin,7095,team2,kill,59.55
curse:Warlock+Priest_vs_Rogue+Paladin,Warlock+Priest,Rogue+Paladin,7096,team2,kill,52.27
curse:Warlock+Priest_vs_Rogue+Paladin,Warlock+Priest,Rogue+Paladin,7097,team2,kill,53.85
curse:Warlock+Priest_vs_Rogue+Paladin,Warlock+Priest,Rogue+Paladin,7098,team2,kill,62.07
curse:Warlock+Priest_vs_Rogue+Paladin,Warlock+Priest,Rogue+Paladin,7099,team1,kill,197.50
curse:Warlock+Priest_vs_Rogue+Paladin,Warlock+Priest,Rogue+Paladin,7100,team2,kill,56.23
curse:Warlock+Priest_vs_Rogue+Paladin,Warlock+Priest,Rogue+Paladin,7101,team2,kill,53.43
curse:Warlock+Priest_vs_Rogue+Paladin,Warlock+Priest,Rogue+Paladin,7102,team2,kill,52.38
curse:Warlock+Priest_vs_Rogue+Paladin,Warlock+Priest,Rogue+Paladin,7103,team2,kill,49.05
curse:Warlock+Priest_vs_Rogue+Paladin,Warlock+Priest,Rogue+Paladin,7104,team1,kill,79.14
curse:Warlock+Priest_vs_Rogue+Paladin,Warlock+Priest,Rogue+Paladin,7105,team1,kill,62.60
curse:Warlock+Priest_vs_Rogue+Paladin,Warlock+Priest,Rogue+Paladin,7106,team2,kill,52.80
curse:Warlock+Priest_vs_Rogue+Paladin,Warlock+Priest,Rogue+Paladin,7107,team2,kill,60.85
curse:Warlock+Priest_vs_Rogue+Paladin,Warlock+Priest,Rogue+Paladin,7108,team1,kill,68.78
curse:Warlock+Priest_vs_Rogue+Paladin,Warlock+Priest,Rogue+Paladin,7109,team2,kill,63.57
curse:Warlock+Priest_vs_Rogue+Paladin,Warlock+Priest,Rogue+Paladin,7110,team1,kill,82.45
curse:Warlock+Priest_vs_Rogue+Paladin,Warlock+Priest,Rogue+Paladin,7111,team2,kill,55.07
curse:Warlock+Priest_vs_Rogue+Paladin,Warlock+Priest,Rogue+Paladin,7112,team1,kill,69.90
curse:Warlock+Priest_vs_Rogue+Paladin,Warlock+Priest,Rogue+Paladin,7113,team1,kill,142.89
curse:Warlock+Priest_vs_Rogue+Paladin,Warlock+Priest,Rogue+Paladin,7114,team2,kill,55.15
curse:Warlock+Priest_vs_Rogue+Paladin,Warlock+Priest,Rogue+Paladin,7115,team1,kill,83.35
curse:Warlock+Priest_vs_Rogue+Paladin,Warlock+Priest,Rogue+Paladin,7116,team1,kill,80.74
curse:Warlock+Priest_vs_Rogue+Paladin,Warlock+Priest,Rogue+Paladin,7117,team2,kill,52.88
curse:Warlock+Priest_vs_Rogue+Paladin,Warlock+Priest,Rogue+Paladin,7118,team2,kill,60.47
curse:Warlock+Priest_vs_Rogue+Paladin,Warlock+Priest,Rogue+Paladin,7119,team2,kill,52.60
curse:Warlock+Priest_vs_Rogue+Paladin,Warlock+Priest,Rogue+Paladin,7120,team2,kill,56.37
curse:Warlock+Priest_vs_Rogue+Paladin,Warlock+Priest,Rogue+Paladin,7121,team2,kill,49.13
curse:Warlock+Priest_vs_Rogue+Paladin,Warlock+Priest,Rogue+Paladin,7122,team2,kill,52.82
curse:Warlock+Priest_vs_Rogue+Paladin,Warlock+Priest,Rogue+Paladin,7123,team2,kill,53.22
curse:Warlock+Priest_vs_Rogue+Paladin,Warlock+Priest,Rogue+Paladin,7124,team1,kill,72.45
curse:Warlock+Priest_vs_Rogue+Paladin,Warlock+Priest,Rogue+Paladin,7125,team2,kill,60.42
curse:Warlock+Priest_vs_Rogue+Paladin,Warlock+Priest,Rogue+Paladin,7126,team1,kill,127.21
curse:Warlock+Priest_vs_Rogue+Paladin,Warlock+Priest,Rogue+Paladin,7127,team1,kill,62.55
curse:Warlock+Priest_vs_Rogue+Paladin,Warlock+Priest,Rogue+Paladin,7128,team1,kill,75.42
curse:Warlock+Priest_vs_Rogue+Paladin,Warlock+Priest,Rogue+Paladin,7129,team1,kill,78.42
curse:Warlock+Priest_vs_Rogue+Paladin,Warlock+Priest,Rogue+Paladin,7130,team1,kill,79.85
curse:Warlock+Priest_vs_Rogue+Paladin,Warlock+Priest,Rogue+Paladin,7131,team1,kill,68.22
curse:Warlock+Priest_vs_Rogue+Paladin,Warlock+Priest,Rogue+Paladin,7132,team2,kill,135.71
curse:Warlock+Priest_vs_Rogue+Paladin,Warlock+Priest,Rogue+Paladin,7133,team1,kill,74.85
curse:Warlock+Priest_vs_Rogue+Paladin,Warlock+Priest,Rogue+Paladin,7134,team2,kill,52.08
curse:Warlock+Priest_vs_Rogue+Paladin,Warlock+Priest,Rogue+Paladin,7135,team2,kill,77.82
curse:Warlock+Priest_vs_Rogue+Paladin,Warlock+Priest,Rogue+Paladin,7136,team1,kill,72.32
curse:Warlock+Priest_vs_Rogue+Paladin,Warlock+Priest,Rogue+Paladin,7137,team1,kill,83.52
curse:Warlock+Priest_vs_Rogue+Paladin,Warlock+Priest,Rogue+Paladin,7138,team2,kill,56.10
curse:Warlock+Priest_vs_Rogue+Paladin,Warlock+Priest,Rogue+Paladin,7139,team2,kill,54.87
curse:Warlock+Priest_vs_Rogue+Paladin,Warlock+Priest,Rogue+Paladin,7140,team2,kill,58.20
curse:Warlock+Priest_vs_Rogue+Paladin,Warlock+Priest,Rogue+Paladin,7141,team2,kill,57.88
curse:Warlock+Priest_vs_Rogue+Paladin,Warlock+Priest,Rogue+Paladin,7142,team1,kill,73.28
curse:Warlock+Priest_vs_Rogue+Paladin,Warlock+Priest,Rogue+Paladin,7143,team2,kill,75.43
curse:Warlock+Priest_vs_Rogue+Paladin,Warlock+Priest,Rogue+Paladin,7144,team1,kill,75.90
curse:Warlock+Priest_vs_Rogue+Paladin,Warlock+Priest,Rogue+Paladin,7145,team1,kill,186.68
curse:Warlock+Priest_vs_Rogue+Paladin,Warlock+Priest,Rogue+Paladin,7146,team2,kill,60.37
curse:Warlock+Priest_vs_Rogue+Paladin,Warlock+Priest,Rogue+Paladin,7147,team2,kill,54.97
curse:Warlock+Priest_vs_Rogue+Paladin,Warlock+Priest,Rogue+Paladin,7148,team2,kill,147.46
curse:Warlock+Priest_vs_Rogue+Paladin,Warlock+Priest,Rogue+Paladin,7149,team1,kill,52.87
curse:Warlock+Priest_vs_Rogue+Paladin,Warlock+Priest,Rogue+Paladin,7150,team2,kill,53.43
curse:Warlock+Priest_vs_Rogue+Paladin,Warlock+Priest,Rogue+Paladin,7151,team1,kill,74.65
curse:Warlock+Priest_vs_Rogue+Paladin,Warlock+Priest,Rogue+Paladin,7152,team1,kill,80.52
curse:Warlock+Priest_vs_Rogue+Paladin,Warlock+Priest,Rogue+Paladin,7153,team1,kill,156.17
curse:Warlock+Priest_vs_Rogue+Paladin,Warlock+Priest,Rogue+Paladin,7154,team1,kill,67.45
curse:Warlock+Priest_vs_Rogue+Paladin,Warlock+Priest,Rogue+Paladin,7155,team2,kill,56.30
curse:Warlock+Priest_vs_Rogue+Paladin,Warlock+Priest,Rogue+Paladin,7156,team1,kill,149.57
curse:Warlock+Priest_vs_Rogue+Paladin,Warlock+Priest,Rogue+Paladin,7157,team1,kill,78.12
curse:Warlock+Priest_vs_Rogue+Paladin,Warlock+Priest,Rogue+Paladin,7158,team2,kill,53.95
curse:Warlock+Priest_vs_Rogue+Paladin,Warlock+Priest,Rogue+Paladin,7159,team1,kill,65.80
curse:Warlock+Priest_vs_Rogue+Paladin,Warlock+Priest,Rogue+Paladin,7160,team1,kill,69.85
curse:Warlock+Priest_vs_Rogue+Paladin,Warlock+Priest,Rogue+Paladin,7161,team1,kill,65.08
curse:Warlock+Priest_vs_Rogue+Paladin,Warlock+Priest,Rogue+Paladin,7162,team2,kill,60.15
curse:Warlock+Priest_vs_Rogue+Paladin,Warlock+Priest,Rogue+Paladin,7163,team1,kill,66.38
curse:Warlock+Priest_vs_Rogue+Paladin,Warlock+Priest,Rogue+Paladin,7164,team1,kill,177.42
curse:Warlock+Priest_vs_Rogue+Paladin,Warlock+Priest,Rogue+Paladin,7165,team1,kill,140.44
curse:Warlock+Priest_vs_Rogue+Paladin,Warlock+Priest,Rogue+Paladin,7166,team2,kill,59.73
curse:Warlock+Priest_vs_Rogue+Paladin,Warlock+Priest,Rogue+Paladin,7167,team1,kill,69.68
curse:Warlock+Priest_vs_Rogue+Paladin,Warlock+Priest,Rogue+Paladin,7168,team2,kill,57.17
curse:Warlock+Priest_vs_Rogue+Paladin,Warlock+Priest,Rogue+Paladin,7169,team2,kill,49.02
curse:Warlock+Priest_vs_Rogue+Paladin,Warlock+Priest,Rogue+Paladin,7170,team2,kill,55.37
curse:Warlock+Priest_vs_Rogue+Paladin,Warlock+Priest,Rogue+Paladin,7171,team1,kill,158.69
curse:Warlock+Priest_vs_Rogue+Paladin,Warlock+Priest,Rogue+Paladin,7172,team1,kill,71.73
curse:Warlock+Priest_vs_Rogue+Paladin,Warlock+Priest,Rogue+Paladin,7173,team2,kill,55.43
curse:Warlock+Priest_vs_Rogue+Paladin,Warlock+Priest,Rogue+Paladin,7174,team2,kill,49.45
curse:Warlock+Priest_vs_Rogue+Paladin,Warlock+Priest,Rogue+Paladin,7175,team2,kill,54.33
curse:Warlock+Priest_vs_Rogue+Paladin,Warlock+Priest,Rogue+Paladin,7176,team2,kill,59.88
curse:Warlock+Priest_vs_Rogue+Paladin,Warlock+Priest,Rogue+Paladin,7177,team1,kill,162.67
curse:Warlock+Priest_vs_Rogue+Paladin,Warlock+Priest,Rogue+Paladin,7178,team1,kill,54.02
curse:Warlock+Priest_vs_Rogue+Paladin,Warlock+Priest,Rogue+Paladin,7179,team1,kill,69.00
curse:Warlock+Priest_vs_Rogue+Paladin,Warlock+Priest,Rogue+Paladin,7180,team2,kill,150.52
curse:Warlock+Priest_vs_Rogue+Paladin,Warlock+Priest,Rogue+Paladin,7181,team1,kill,194.60
curse:Warlock+Priest_vs_Rogue+Paladin,Warlock+Priest,Rogue+Paladin,7182,team1,kill,136.58
curse:Warlock+Priest_vs_Rogue+Paladin,Warlock+Priest,Rogue+Paladin,7183,team2,kill,61.78
curse:Warlock+Priest_vs_Rogue+Paladin,Warlock+Priest,Rogue+Paladin,7184,team1,kill,82.54
curse:Warlock+Priest_vs_Rogue+Paladin,Warlock+Priest,Rogue+Paladin,7185,team1,kill,173.24
curse:Warlock+Priest_vs_Rogue+Paladin,Warlock+Priest,Rogue+Paladin,7186,team2,kill,49.98
curse:Warlock+Priest_vs_Rogue+Paladin,Warlock+Priest,Rogue+Paladin,7187,team2,kill,58.33
curse:Warlock+Priest_vs_Rogue+Paladin,Warlock+Priest,Rogue+Paladin,7188,team2,kill,54.35
curse:Warlock+Priest_vs_Rogue+Paladin,Warlock+Priest,Rogue+Paladin,7189,team1,kill,73.43
curse:Warlock+Priest_vs_Rogue+Paladin,Warlock+Priest,Rogue+Paladin,7190,team1,kill,71.67
curse:Warlock+Priest_vs_Rogue+Paladin,Warlock+Priest,Rogue+Paladin,7191,team2,kill,50.13
curse:Warlock+Priest_vs_Rogue+Paladin,Warlock+Priest,Rogue+Paladin,7192,team2,kill,56.52
curse:Warlock+Priest_vs_Rogue+Paladin,Warlock+Priest,Rogue+Paladin,7193,team1,kill,185.13
curse:Warlock+Priest_vs_Rogue+Paladin,Warlock+Priest,Rogue+Paladin,7194,team2,kill,51.03
curse:Warlock+Priest_vs_Rogue+Paladin,Warlock+Priest,Rogue+Paladin,7195,team2,kill,53.27
curse:Warlock+Priest_vs_Rogue+Paladin,Warlock+Priest,Rogue+Paladin,7196,team2,kill,48.57
curse:Warlock+Priest_vs_Rogue+Paladin,Warlock+Priest,Rogue+Paladin,7197,team2,kill,57.42
curse:Warlock+Priest_vs_Rogue+Paladin,Warlock+Priest,Rogue+Paladin,7198,team1,kill,78.02
curse:Warlock+Priest_vs_Rogue+Paladin,Warlock+Priest,Rogue+Paladin,7199,team1,kill,75.80
curse:Warlock+Paladin_vs_Mage+Priest,Warlock+Paladin,Mage+Priest,7000,team2,kill,56.42
curse:Warlock+Paladin_vs_Mage+Priest,Warlock+Paladin,Mage+Priest,7001,team1,kill,38.25
curse:Warlock+Paladin_vs_Mage+Priest,Warlock+Paladin,Mage+Priest,7002,team2,kill,60.67
curse:Warlock+Paladin_vs_Mage+Priest,Warlock+Paladin,Mage+Priest,7003,team2,kill,194.63
curse:Warlock+Paladin_vs_Mage+Priest,Warlock+Paladin,Mage+Priest,7004,team1,kill,172.72
curse:Warlock+Paladin_vs_Mage+Priest,Warlock+Paladin,Mage+Priest,7005,team1,kill,82.50
curse:Warlock+Paladin_vs_Mage+Priest,Warlock+Paladin,Mage+Priest,7006,team1,kill,74.83
curse:Warlock+Paladin_vs_Mage+Priest,Warlock+Paladin,Mage+Priest,7007,team2,kill,99.39
curse:Warlock+Paladin_vs_Mage+Priest,Warlock+Paladin,Mage+Priest,7008,team2,kill,49.33
curse:Warlock+Paladin_vs_Mage+Priest,Warlock+Paladin,Mage+Priest,7009,team1,kill,71.13
curse:Warlock+Paladin_vs_Mage+Priest,Warlock+Paladin,Mage+Priest,7010,team2,kill,64.93
curse:Warlock+Paladin_vs_Mage+Priest,Warlock+Paladin,Mage+Priest,7011,team1,kill,77.87
curse:Warlock+Paladin_vs_Mage+Priest,Warlock+Paladin,Mage+Priest,7012,team1,kill,73.90
curse:Warlock+Paladin_vs_Mage+Priest,Warlock+Paladin,Mage+Priest,7013,team1,kill,81.25
curse:Warlock+Paladin_vs_Mage+Priest,Warlock+Paladin,Mage+Priest,7014,team1,kill,61.55
curse:Warlock+Paladin_vs_Mage+Priest,Warlock+Paladin,Mage+Priest,7015,team1,kill,94.21
curse:Warlock+Paladin_vs_Mage+Priest,Warlock+Paladin,Mage+Priest,7016,team1,kill,66.67
curse:Warlock+Paladin_vs_Mage+Priest,Warlock+Paladin,Mage+Priest,7017,team1,kill,65.30
curse:Warlock+Paladin_vs_Mage+Priest,Warlock+Paladin,Mage+Priest,7018,team1,kill,83.00
curse:Warlock+Paladin_vs_Mage+Priest,Warlock+Paladin,Mage+Priest,7019,team2,kill,67.38
curse:Warlock+Paladin_vs_Mage+Priest,Warlock+Paladin,Mage+Priest,7020,team1,kill,62.43
curse:Warlock+Paladin_vs_Mage+Priest,Warlock+Paladin,Mage+Priest,7021,team1,kill,71.03
curse:Warlock+Paladin_vs_Mage+Priest,Warlock+Paladin,Mage+Priest,7022,team2,kill,80.90
curse:Warlock+Paladin_vs_Mage+Priest,Warlock+Paladin,Mage+Priest,7023,team2,kill,71.07
curse:Warlock+Paladin_vs_Mage+Priest,Warlock+Paladin,Mage+Priest,7024,team2,kill,53.08
curse:Warlock+Paladin_vs_Mage+Priest,Warlock+Paladin,Mage+Priest,7025,team1,kill,73.98
curse:Warlock+Paladin_vs_Mage+Priest,Warlock+Paladin,Mage+Priest,7026,team2,kill,194.38
curse:Warlock+Paladin_vs_Mage+Priest,Warlock+Paladin,Mage+Priest,7027,team1,kill,65.15
curse:Warlock+Paladin_vs_Mage+Priest,Warlock+Paladin,Mage+Priest,7028,team1,kill,37.78
curse:Warlock+Paladin_vs_Mage+Priest,Warlock+Paladin,Mage+Priest,7029,team2,kill,61.15
curse:Warlock+Paladin_vs_Mage+Priest,Warlock+Paladin,Mage+Priest,7030,team2,kill,193.56
curse:Warlock+Paladin_vs_Mage+Priest,Warlock+Paladin,Mage+Priest,7031,team1,kill,77.94
curse:Warlock+Paladin_vs_Mage+Priest,Warlock+Paladin,Mage+Priest,7032,team1,kill,68.10
curse:Warlock+Paladin_vs_Mage+Priest,Warlock+Paladin,Mage+Priest,7033,team1,kill,71.53
curse:Warlock+Paladin_vs_Mage+Priest,Warlock+Paladin,Mage+Priest,7034,team2,kill,88.55
curse:Warlock+Paladin_vs_Mage+Priest,Warlock+Paladin,Mage+Priest,7035,team1,kill,75.03
curse:Warlock+Paladin_vs_Mage+Priest,Warlock+Paladin,Mage+Priest,7036,team2,kill,97.91
curse:Warlock+Paladin_vs_Mage+Priest,Warlock+Paladin,Mage+Priest,7037,team2,kill,87.24
curse:Warlock+Paladin_vs_Mage+Priest,Warlock+Paladin,Mage+Priest,7038,team2,kill,50.82
curse:Warlock+Paladin_vs_Mage+Priest,Warlock+Paladin,Mage+Priest,7039,team2,kill,70.83
curse:Warlock+Paladin_vs_Mage+Priest,Warlock+Paladin,Mage+Priest,7040,team1,kill,77.94
curse:Warlock+Paladin_vs_Mage+Priest,Warlock+Paladin,Mage+Priest,7041,team1,kill,69.10
curse:Warlock+Paladin_vs_Mage+Priest,Warlock+Paladin,Mage+Priest,7042,team1,kill,37.23
curse:Warlock+Paladin_vs_Mage+Priest,Warlock+Paladin,Mage+Priest,7043,team1,kill,68.17
curse:Warlock+Paladin_vs_Mage+Priest,Warlock+Paladin,Mage+Priest,7044,team2,kill,124.41
curse:Warlock+Paladin_vs_Mage+Priest,Warlock+Paladin,Mage+Priest,7045,team2,kill,126.48
curse:Warlock+Paladin_vs_Mage+Priest,Warlock+Paladin,Mage+Priest,7046,team1,kill,73.27
curse:Warlock+Paladin_vs_Mage+Priest,Warlock+Paladin,Mage+Priest,7047,team1,kill,62.75
curse:Warlock+Paladin_vs_Mage+Priest,Warlock+Paladin,Mage+Priest,7048,team2,kill,53.62
curse:Warlock+Paladin_vs_Mage+Priest,Warlock+Paladin,Mage+Priest,7049,team1,kill,81.64
curse:Warlock+Paladin_vs_Mage+Priest,Warlock+Paladin,Mage+Priest,7050,team1,kill,79.30
curse:Warlock+Paladin_vs_Mage+Priest,Warlock+Paladin,Mage+Priest,7051,team2,kill,56.67
curse:Warlock+Paladin_vs_Mage+Priest,Warlock+Paladin,Mage+Priest,7052,team2,kill,160.19
curse:Warlock+Paladin_vs_Mage+Priest,Warlock+Paladin,Mage+Priest,7053,team1,kill,68.60
curse:Warlock+Paladin_vs_Mage+Priest,Warlock+Paladin,Mage+Priest,7054,team2,kill,61.17
curse:Warlock+Paladin_vs_Mage+Priest,Warlock+Paladin,Mage+Priest,7055,team1,kill,70.27
curse:Warlock+Paladin_vs_Mage+Priest,Warlock+Paladin,Mage+Priest,7056,team2,kill,61.32
curse:Warlock+Paladin_vs_Mage+Priest,Warlock+Paladin,Mage+Priest,7057,team2,kill,81.00
curse:Warlock+Paladin_vs_Mage+Priest,Warlock+Paladin,Mage+Priest,7058,team2,kill,100.59
curse:Warlock+Paladin_vs_Mage+Priest,Warlock+Paladin,Mage+Priest,7059,team2,kill,71.93
curse:Warlock+Paladin_vs_Mage+Priest,Warlock+Paladin,Mage+Priest,7060,team2,kill,65.08
curse:Warlock+Paladin_vs_Mage+Priest,Warlock+Paladin,Mage+Priest,7061,team2,kill,53.10
curse:Warlock+Paladin_vs_Mage+Priest,Warlock+Paladin,Mage+Priest,7062,team1,kill,63.18
curse:Warlock+Paladin_vs_Mage+Priest,Warlock+Paladin,Mage+Priest,7063,team1,kill,81.17
curse:Warlock+Paladin_vs_Mage+Priest,Warlock+Paladin,Mage+Priest,7064,team2,kill,76.00
curse:Warlock+Paladin_vs_Mage+Priest,Warlock+Paladin,Mage+Priest,7065,team1,kill,72.57
curse:Warlock+Paladin_vs_Mage+Priest,Warlock+Paladin,Mage+Priest,7066,team2,kill,68.78
curse:Warlock+Paladin_vs_Mage+Priest,Warlock+Paladin,Mage+Priest,7067,team1,kill,38.07
curse:Warlock+Paladin_vs_Mage+Priest,Warlock+Paladin,Mage+Priest,7068,team2,kill,171.87
curse:Warlock+Paladin_vs_Mage+Priest,Warlock+Paladin,Mage+Priest,7069,team1,kill,81.92
curse:Warlock+Paladin_vs_Mage+Priest,Warlock+Paladin,Mage+Priest,7070,team2,kill,60.95
curse:Warlock+Paladin_vs_Mage+Priest,Warlock+Paladin,Mage+Priest,7071,team1,kill,81.07
curse:Warlock+Paladin_vs_Mage+Priest,Warlock+Paladin,Mage+Priest,7072,team1,kill,81.94
curse:Warlock+Paladin_vs_Mage+Priest,Warlock+Paladin,Mage+Priest,7073,team2,kill,187.48
curse:Warlock+Paladin_vs_Mage+Priest,Warlock+Paladin,Mage+Priest,7074,team2,kill,201.78
curse:Warlock+Paladin_vs_Mage+Priest,Warlock+Paladin,Mage+Priest,7075,team1,kill,64.62
curse:Warlock+Paladin_vs_Mage+Priest,Warlock+Paladin,Mage+Priest,7076,team1,kill,66.98
curse:Warlock+Paladin_vs_Mage+Priest,Warlock+Paladin,Mage+Priest,7077,team1,kill,65.52
curse:Warlock+Paladin_vs_Mage+Priest,Warlock+Paladin,Mage+Priest,7078,team1,kill,77.27
curse:Warlock+Paladin_vs_Mage+Priest,Warlock+Paladin,Mage+Priest,7079,team1,kill,80.45
curse:Warlock+Paladin_vs_Mage+Priest,Warlock+Paladin,Mage+Priest,7080,team2,kill,48.83
curse:Warlock+Paladin_vs_Mage+Priest,Warlock+Paladin,Mage+Priest,7081,team2,kill,64.05
curse:Warlock+Paladin_vs_Mage+Priest,Warlock+Paladin,Mage+Priest,7082,team1,kill,154.84
curse:Warlock+Paladin_vs_Mage+Priest,Warlock+Paladin,Mage+Priest,7083,team1,kill,65.30
curse:Warlock+Paladin_vs_Mage+Priest,Warlock+Paladin,Mage+Priest,7084,team2,kill,70.45
curse:Warlock+Paladin_vs_Mage+Priest,Warlock+Paladin,Mage+Priest,7085,team1,kill,55.20
curse:Warlock+Paladin_vs_Mage+Priest,Warlock+Paladin,Mage+Priest,7086,team2,kill,100.52
curse:Warlock+Paladin_vs_Mage+Priest,Warlock+Paladin,Mage+Priest,7087,team2,kill,93.44
curse:Warlock+Paladin_vs_Mage+Priest,Warlock+Paladin,Mage+Priest,7088,team2,kill,62.17
curse:Warlock+Paladin_vs_Mage+Priest,Warlock+Paladin,Mage+Priest,7089,team2,kill,196.55
curse:Warlock+Paladin_vs_Mage+Priest,Warlock+Paladin,Mage+Priest,7090,team2,kill,81.05
curse:Warlock+Paladin_vs_Mage+Priest,Warlock+Paladin,Mage+Priest,7091,team1,kill,77.50
curse:Warlock+Paladin_vs_Mage+Priest,Warlock+Paladin,Mage+Priest,7092,team2,kill,69.90
curse:Warlock+Paladin_vs_Mage+Priest,Warlock+Paladin,Mage+Priest,7093,team2,kill,81.02
curse:Warlock+Paladin_vs_Mage+Priest,Warlock+Paladin,Mage+Priest,7094,team1,kill,140.01
curse:Warlock+Paladin_vs_Mage+Priest,Warlock+Paladin,Mage+Priest,7095,team1,kill,62.43
curse:Warlock+Paladin_vs_Mage+Priest,Warlock+Paladin,Mage+Priest,7096,team2,kill,160.74
curse:Warlock+Paladin_vs_Mage+Priest,Warlock+Paladin,Mage+Priest,7097,team1,kill,82.90
curse:Warlock+Paladin_vs_Mage+Priest,Warlock+Paladin,Mage+Priest,7098,team1,kill,74.45
curse:Warlock+Paladin_vs_Mage+Priest,Warlock+Paladin,Mage+Priest,7099,team1,kill,68.17
curse:Warlock+Paladin_vs_Mage+Priest,Warlock+Paladin,Mage+Priest,7100,team1,kill,76.77
curse:Warlock+Paladin_vs_Mage+Priest,Warlock+Paladin,Mage+Priest,7101,team2,kill,180.47
curse:Warlock+Paladin_vs_Mage+Priest,Warlock+Paladin,Mage+Priest,7102,team2,kill,68.83
curse:Warlock+Paladin_vs_Mage+Priest,Warlock+Paladin,Mage+Priest,7103,team1,kill,32.38
curse:Warlock+Paladin_vs_Mage+Priest,Warlock+Paladin,Mage+Priest,7104,team1,kill,45.23
curse:Warlock+Paladin_vs_Mage+Priest,Warlock+Paladin,Mage+Priest,7105,team2,kill,146.44
curse:Warlock+Paladin_vs_Mage+Priest,Warlock+Paladin,Mage+Priest,7106,team2,kill,189.63
curse:Warlock+Paladin_vs_Mage+Priest,Warlock+Paladin,Mage+Priest,7107,team2,kill,101.01
curse:Warlock+Paladin_vs_Mage+Priest,Warlock+Paladin,Mage+Priest,7108,team1,kill,37.93
curse:Warlock+Paladin_vs_Mage+Priest,Warlock+Paladin,Mage+Priest,7109,team2,kill,99.42
curse:Warlock+Paladin_vs_Mage+Priest,Warlock+Paladin,Mage+Priest,7110,team1,kill,70.00
curse:Warlock+Paladin_vs_Mage+Priest,Warlock+Paladin,Mage+Priest,7111,team2,kill,188.66
curse:Warlock+Paladin_vs_Mage+Priest,Warlock+Paladin,Mage+Priest,7112,team1,kill,71.03
curse:Warlock+Paladin_vs_Mage+Priest,Warlock+Paladin,Mage+Priest,7113,team2,kill,54.82
curse:Warlock+Paladin_vs_Mage+Priest,Warlock+Paladin,Mage+Priest,7114,team2,kill,60.53
curse:Warlock+Paladin_vs_Mage+Priest,Warlock+Paladin,Mage+Priest,7115,team1,kill,82.25
curse:Warlock+Paladin_vs_Mage+Priest,Warlock+Paladin,Mage+Priest,7116,team2,kill,55.53
curse:Warlock+Paladin_vs_Mage+Priest,Warlock+Paladin,Mage+Priest,7117,team1,kill,77.84
curse:Warlock+Paladin_vs_Mage+Priest,Warlock+Paladin,Mage+Priest,7118,team2,kill,61.02
curse:Warlock+Paladin_vs_Mage+Priest,Warlock+Paladin,Mage+Priest,7119,team2,kill,54.20
curse:Warlock+Paladin_vs_Mage+Priest,Warlock+Paladin,Mage+Priest,7120,team1,kill,79.59
curse:Warlock+Paladin_vs_Mage+Priest,Warlock+Paladin,Mage+Priest,7121,team1,kill,64.42
curse:Warlock+Paladin_vs_Mage+Priest,Warlock+Paladin,Mage+Priest,7122,team1,kill,70.02
curse:Warlock+Paladin_vs_Mage+Priest,Warlock+Paladin,Mage+Priest,7123,team1,kill,62.93
curse:Warlock+Paladin_vs_Mage+Priest,Warlock+Paladin,Mage+Priest,7124,team1,kill,78.37
curse:Warlock+Paladin_vs_Mage+Priest,Warlock+Paladin,Mage+Priest,7125,team1,kill,70.53
curse:Warlock+Paladin_vs_Mage+Priest,Warlock+Paladin,Mage+Priest,7126,team1,kill,69.60
curse:Warlock+Paladin_vs_Mage+Priest,Warlock+Paladin,Mage+Priest,7127,team1,kill,62.00
curse:Warlock+Paladin_vs_Mage+Priest,Warlock+Paladin,Mage+Priest,7128,team2,kill,88.72
curse:Warlock+Paladin_vs_Mage+Priest,Warlock+Paladin,Mage+Priest,7129,team1,kill,89.02
curse:Warlock+Paladin_vs_Mage+Priest,Warlock+Paladin,Mage+Priest,7130,team2,kill,197.63
curse:Warlock+Paladin_vs_Mage+Priest,Warlock+Paladin,Mage+Priest,7131,team1,kill,71.45
curse:Warlock+Paladin_vs_Mage+Priest,Warlock+Paladin,Mage+Priest,7132,team2,kill,57.90
curse:Warlock+Paladin_vs_Mage+Priest,Warlock+Paladin,Mage+Priest,7133,team2,kill,66.20
curse:Warlock+Paladin_vs_Mage+Priest,Warlock+Paladin,Mage+Priest,7134,team1,kill,62.23
curse:Warlock+Paladin_vs_Mage+Priest,Warlock+Paladin,Mage+Priest,7135,team2,kill,82.92
curse:Warlock+Paladin_vs_Mage+Priest,Warlock+Paladin,Mage+Priest,7136,team1,kill,66.10
curse:Warlock+Paladin_vs_Mage+Priest,Warlock+Paladin,Mage+Priest,7137,team1,kill,38.07
curse:Warlock+Paladin_vs_Mage+Priest,Warlock+Paladin,Mage+Priest,7138,team2,kill,79.87
curse:Warlock+Paladin_vs_Mage+Priest,Warlock+Paladin,Mage+Priest,7139,team1,kill,34.22
curse:Warlock+Paladin_vs_Mage+Priest,Warlock+Paladin,Mage+Priest,7140,team1,kill,75.84
curse:Warlock+Paladin_vs_Mage+Priest,Warlock+Paladin,Mage+Priest,7141,team2,kill,60.90
curse:Warlock+Paladin_vs_Mage+Priest,Warlock+Paladin,Mage+Priest,7142,team1,kill,69.60
curse:Warlock+Paladin_vs_Mage+Priest,Warlock+Paladin,Mage+Priest,7143,team2,kill,80.92
curse:Warlock+Paladin_vs_Mage+Priest,Warlock+Paladin,Mage+Priest,7144,team1,kill,64.82
curse:Warlock+Paladin_vs_Mage+Priest,Warlock+Paladin,Mage+Priest,7145,team2,kill,100.96
curse:Warlock+Paladin_vs_Mage+Priest,Warlock+Paladin,Mage+Priest,7146,team2,kill,182.37
curse:Warlock+Paladin_vs_Mage+Priest,Warlock+Paladin,Mage+Priest,7147,team1,kill,74.88
curse:Warlock+Paladin_vs_Mage+Priest,Warlock+Paladin,Mage+Priest,7148,team2,kill,183.17
curse:Warlock+Paladin_vs_Mage+Priest,Warlock+Paladin,Mage+Priest,7149,team1,kill,62.43
curse:Warlock+Paladin_vs_Mage+Priest,Warlock+Paladin,Mage+Priest,7150,team2,kill,80.09
curse:Warlock+Paladin_vs_Mage+Priest,Warlock+Paladin,Mage+Priest,7151,team1,kill,116.74
curse:Warlock+Paladin_vs_Mage+Priest,Warlock+Paladin,Mage+Priest,7152,team2,kill,100.87
curse:Warlock+Paladin_vs_Mage+Priest,Warlock+Paladin,Mage+Priest,7153,team2,kill,72.18
curse:Warlock+Paladin_vs_Mage+Priest,Warlock+Paladin,Mage+Priest,7154,team2,kill,58.62
curse:Warlock+Paladin_vs_Mage+Priest,Warlock+Paladin,Mage+Priest,7155,team1,kill,80.97
curse:Warlock+Paladin_vs_Mage+Priest,Warlock+Paladin,Mage+Priest,7156,team1,kill,42.22
curse:Warlock+Paladin_vs_Mage+Priest,Warlock+Paladin,Mage+Priest,7157,team1,kill,133.96
curse:Warlock+Paladin_vs_Mage+Priest,Warlock+Paladin,Mage+Priest,7158,team2,kill,64.07
curse:Warlock+Paladin_vs_Mage+Priest,Warlock+Paladin,Mage+Priest,7159,team1,kill,63.98
curse:Warlock+Paladin_vs_Mage+Priest,Warlock+Paladin,Mage+Priest,7160,team2,kill,172.09
curse:Warlock+Paladin_vs_Mage+Priest,Warlock+Paladin,Mage+Priest,7161,team2,kill,80.82
curse:Warlock+Paladin_vs_Mage+Priest,Warlock+Paladin,Mage+Priest,7162,team2,kill,62.10
curse:Warlock+Paladin_vs_Mage+Priest,Warlock+Paladin,Mage+Priest,7163,team1,kill,63.93
curse:Warlock+Paladin_vs_Mage+Priest,Warlock+Paladin,Mage+Priest,7164,team1,kill,37.85
curse:Warlock+Paladin_vs_Mage+Priest,Warlock+Paladin,Mage+Priest,7165,team2,kill,80.99
curse:Warlock+Paladin_vs_Mage+Priest,Warlock+Paladin,Mage+Priest,7166,team1,kill,73.48
curse:Warlock+Paladin_vs_Mage+Priest,Warlock+Paladin,Mage+Priest,7167,team1,kill,37.45
curse:Warlock+Paladin_vs_Mage+Priest,Warlock+Paladin,Mage+Priest,7168,team1,kill,37.42
curse:Warlock+Paladin_vs_Mage+Priest,Warlock+Paladin,Mage+Priest,7169,team2,kill,67.42
curse:Warlock+Paladin_vs_Mage+Priest,Warlock+Paladin,Mage+Priest,7170,team1,kill,35.53
curse:Warlock+Paladin_vs_Mage+Priest,Warlock+Paladin,Mage+Priest,7171,team1,kill,78.20
curse:Warlock+Paladin_vs_Mage+Priest,Warlock+Paladin,Mage+Priest,7172,team2,kill,190.10
curse:Warlock+Paladin_vs_Mage+Priest,Warlock+Paladin,Mage+Priest,7173,team1,kill,61.98
curse:Warlock+Paladin_vs_Mage+Priest,Warlock+Paladin,Mage+Priest,7174,team2,kill,60.92
curse:Warlock+Paladin_vs_Mage+Priest,Warlock+Paladin,Mage+Priest,7175,team2,kill,175.68
curse:Warlock+Paladin_vs_Mage+Priest,Warlock+Paladin,Mage+Priest,7176,team2,kill,63.48
curse:Warlock+Paladin_vs_Mage+Priest,Warlock+Paladin,Mage+Priest,7177,team1,kill,81.99
curse:Warlock+Paladin_vs_Mage+Priest,Warlock+Paladin,Mage+Priest,7178,team2,kill,61.02
curse:Warlock+Paladin_vs_Mage+Priest,Warlock+Paladin,Mage+Priest,7179,team2,kill,53.68
curse:Warlock+Paladin_vs_Mage+Priest,Warlock+Paladin,Mage+Priest,7180,team2,kill,80.89
curse:Warlock+Paladin_vs_Mage+Priest,Warlock+Paladin,Mage+Priest,7181,team1,kill,63.92
curse:Warlock+Paladin_vs_Mage+Priest,Warlock+Paladin,Mage+Priest,7182,team2,kill,99.92
curse:Warlock+Paladin_vs_Mage+Priest,Warlock+Paladin,Mage+Priest,7183,team2,kill,60.20
curse:Warlock+Paladin_vs_Mage+Priest,Warlock+Paladin,Mage+Priest,7184,team1,kill,64.07
curse:Warlock+Paladin_vs_Mage+Priest,Warlock+Paladin,Mage+Priest,7185,team1,kill,64.22
curse:Warlock+Paladin_vs_Mage+Priest,Warlock+Paladin,Mage+Priest,7186,team1,kill,37.35
curse:Warlock+Paladin_vs_Mage+Priest,Warlock+Paladin,Mage+Priest,7187,team2,kill,79.42
curse:Warlock+Paladin_vs_Mage+Priest,Warlock+Paladin,Mage+Priest,7188,team2,kill,81.09
curse:Warlock+Paladin_vs_Mage+Priest,Warlock+Paladin,Mage+Priest,7189,team1,kill,76.40
curse:Warlock+Paladin_vs_Mage+Priest,Warlock+Paladin,Mage+Priest,7190,team1,kill,64.80
curse:Warlock+Paladin_vs_Mage+Priest,Warlock+Paladin,Mage+Priest,7191,team1,kill,72.40
curse:Warlock+Paladin_vs_Mage+Priest,Warlock+Paladin,Mage+Priest,7192,team1,kill,81.35
curse:Warlock+Paladin_vs_Mage+Priest,Warlock+Paladin,Mage+Priest,7193,team1,kill,75.60
curse:Warlock+Paladin_vs_Mage+Priest,Warlock+Paladin,Mage+Priest,7194,team1,kill,69.60
curse:Warlock+Paladin_vs_Mage+Priest,Warlock+Paladin,Mage+Priest,7195,team2,kill,69.67
curse:Warlock+Paladin_vs_Mage+Priest,Warlock+Paladin,Mage+Priest,7196,team1,kill,76.07
curse:Warlock+Paladin_vs_Mage+Priest,Warlock+Paladin,Mage+Priest,7197,team2,kill,80.79
curse:Warlock+Paladin_vs_Mage+Priest,Warlock+Paladin,Mage+Priest,7198,team1,kill,67.15
curse:Warlock+Paladin_vs_Mage+Priest,Warlock+Paladin,Mage+Priest,7199,team1,kill,72.63
curse:Warlock+Priest+Warrior_vs_Mage+Priest+Rogue,Warlock+Priest+Warrior,Mage+Priest+Rogue,7000,team2,kill,32.97
curse:Warlock+Priest+Warrior_vs_Mage+Priest+Rogue,Warlock+Priest+Warrior,Mage+Priest+Rogue,7001,team2,kill,29.20
curse:Warlock+Priest+Warrior_vs_Mage+Priest+Rogue,Warlock+Priest+Warrior,Mage+Priest+Rogue,7002,team2,kill,47.17
curse:Warlock+Priest+Warrior_vs_Mage+Priest+Rogue,Warlock+Priest+Warrior,Mage+Priest+Rogue,7003,team2,kill,49.97
curse:Warlock+Priest+Warrior_vs_Mage+Priest+Rogue,Warlock+Priest+Warrior,Mage+Priest+Rogue,7004,team1,kill,31.33
curse:Warlock+Priest+Warrior_vs_Mage+Priest+Rogue,Warlock+Priest+Warrior,Mage+Priest+Rogue,7005,team2,kill,45.53
curse:Warlock+Priest+Warrior_vs_Mage+Priest+Rogue,Warlock+Priest+Warrior,Mage+Priest+Rogue,7006,team2,kill,31.30
curse:Warlock+Priest+Warrior_vs_Mage+Priest+Rogue,Warlock+Priest+Warrior,Mage+Priest+Rogue,7007,team2,kill,49.82
curse:Warlock+Priest+Warrior_vs_Mage+Priest+Rogue,Warlock+Priest+Warrior,Mage+Priest+Rogue,7008,team2,kill,44.57
curse:Warlock+Priest+Warrior_vs_Mage+Priest+Rogue,Warlock+Priest+Warrior,Mage+Priest+Rogue,7009,team2,kill,46.52
curse:Warlock+Priest+Warrior_vs_Mage+Priest+Rogue,Warlock+Priest+Warrior,Mage+Priest+Rogue,7010,team2,kill,50.08
curse:Warlock+Priest+Warrior_vs_Mage+Priest+Rogue,Warlock+Priest+Warrior,Mage+Priest+Rogue,7011,team2,kill,30.67
curse:Warlock+Priest+Warrior_vs_Mage+Priest+Rogue,Warlock+Priest+Warrior,Mage+Priest+Rogue,7012,team2,kill,36.87
curse:Warlock+Priest+Warrior_vs_Mage+Priest+Rogue,Warlock+Priest+Warrior,Mage+Priest+Rogue,7013,team2,kill,37.02
curse:Warlock+Priest+Warrior_vs_Mage+Priest+Rogue,Warlock+Priest+Warrior,Mage+Priest+Rogue,7014,team2,kill,41.93
curse:Warlock+Priest+Warrior_vs_Mage+Priest+Rogue,Warlock+Priest+Warrior,Mage+Priest+Rogue,7015,team2,kill,46.73
curse:Warlock+Priest+Warrior_vs_Mage+Priest+Rogue,Warlock+Priest+Warrior,Mage+Priest+Rogue,7016,team2,kill,31.65
curse:Warlock+Priest+Warrior_vs_Mage+Priest+Rogue,Warlock+Priest+Warrior,Mage+Priest+Rogue,7017,team2,kill,49.37
curse:Warlock+Priest+Warrior_vs_Mage+Priest+Rogue,Warlock+Priest+Warrior,Mage+Priest+Rogue,7018,team2,kill,41.28
curse:Warlock+Priest+Warrior_vs_Mage+Priest+Rogue,Warlock+Priest+Warrior,Mage+Priest+Rogue,7019,team2,kill,47.85
curse:Warlock+Priest+Warrior_vs_Mage+Priest+Rogue,Warlock+Priest+Warrior,Mage+Priest+Rogue,7020,team1,kill,23.77
curse:Warlock+Priest+Warrior_vs_Mage+Priest+Rogue,Warlock+Priest+Warrior,Mage+Priest+Rogue,7021,team2,kill,50.67
curse:Warlock+Priest+Warrior_vs_Mage+Priest+Rogue,Warlock+Priest+Warrior,Mage+Priest+Rogue,7022,team2,kill,47.20
curse:Warlock+Priest+Warrior_vs_Mage+Priest+Rogue,Warlock+Priest+Warrior,Mage+Priest+Rogue,7023,team2,kill,50.25
curse:Warlock+Priest+Warrior_vs_Mage+Priest+Rogue,Warlock+Priest+Warrior,Mage+Priest+Rogue,7024,team2,kill,33.83
curse:Warlock+Priest+Warrior_vs_Mage+Priest+Rogue,Warlock+Priest+Warrior,Mage+Priest+Rogue,7025,team2,kill,47.68
curse:Warlock+Priest+Warrior_vs_Mage+Priest+Rogue,Warlock+Priest+Warrior,Mage+Priest+Rogue,7026,team2,kill,47.93
curse:Warlock+Priest+Warrior_vs_Mage+Priest+Rogue,Warlock+Priest+Warrior,Mage+Priest+Rogue,7027,team1,kill,29.73
curse:Warlock+Priest+Warrior_vs_Mage+Priest+Rogue,Warlock+Priest+Warrior,Mage+Priest+Rogue,7028,team2,kill,31.15
curse:Warlock+Priest+Warrior_vs_Mage+Priest+Rogue,Warlock+Priest+Warrior,Mage+Priest+Rogue,7029,team2,kill,43.92
curse:Warlock+Priest+Warrior_vs_Mage+Priest+Rogue,Warlock+Priest+Warrior,Mage+Priest+Rogue,7030,team2,kill,26.77
curse:Warlock+Priest+Warrior_vs_Mage+Priest+Rogue,Warlock+Priest+Warrior,Mage+Priest+Rogue,7031,team2,kill,47.47
curse:Warlock+Priest+Warrior_vs_Mage+Priest+Rogue,Warlock+Priest+Warrior,Mage+Priest+Rogue,7032,team2,kill,50.23
curse:Warlock+Priest+Warrior_vs_Mage+Priest+Rogue,Warlock+Priest+Warrior,Mage+Priest+Rogue,7033,team2,kill,47.72
curse:Warlock+Priest+Warrior_vs_Mage+Priest+Rogue,Warlock+Priest+Warrior,Mage+Priest+Rogue,7034,team2,kill,26.68
curse:Warlock+Priest+Warrior_vs_Mage+Priest+Rogue,Warlock+Priest+Warrior,Mage+Priest+Rogue,7035,team2,kill,41.78
curse:Warlock+Priest+Warrior_vs_Mage+Priest+Rogue,Warlock+Priest+Warrior,Mage+Priest+Rogue,7036,team2,kill,34.52
curse:Warlock+Priest+Warrior_vs_Mage+Priest+Rogue,Warlock+Priest+Warrior,Mage+Priest+Rogue,7037,team2,kill,48.67
curse:Warlock+Priest+Warrior_vs_Mage+Priest+Rogue,Warlock+Priest+Warrior,Mage+Priest+Rogue,7038,team2,kill,44.72
curse:Warlock+Priest+Warrior_vs_Mage+Priest+Rogue,Warlock+Priest+Warrior,Mage+Priest+Rogue,7039,team1,kill,40.72
curse:Warlock+Priest+Warrior_vs_Mage+Priest+Rogue,Warlock+Priest+Warrior,Mage+Priest+Rogue,7040,team2,kill,49.73
curse:Warlock+Priest+Warrior_vs_Mage+Priest+Rogue,Warlock+Priest+Warrior,Mage+Priest+Rogue,7041,team2,kill,49.18
curse:Warlock+Priest+Warrior_vs_Mage+Priest+Rogue,Warlock+Priest+Warrior,Mage+Priest+Rogue,7042,team2,kill,46.60
curse:Warlock+Priest+Warrior_vs_Mage+Priest+Rogue,Warlock+Priest+Warrior,Mage+Priest+Rogue,7043,team2,kill,46.57
curse:Warlock+Priest+Warrior_vs_Mage+Priest+Rogue,Warlock+Priest+Warrior,Mage+Priest+Rogue,7044,team2,kill,45.78
curse:Warlock+Priest+Warrior_vs_Mage+Priest+Rogue,Warlock+Priest+Warrior,Mage+Priest+Rogue,7045,team2,kill,47.05
curse:Warlock+Priest+Warrior_vs_Mage+Priest+Rogue,Warlock+Priest+Warrior,Mage+Priest+Rogue,7046,team2,kill,51.12
curse:Warlock+Priest+Warrior_vs_Mage+Priest+Rogue,Warlock+Priest+Warrior,Mage+Priest+Rogue,7047,team2,kill,38.63
curse:Warlock+Priest+Warrior_vs_Mage+Priest+Rogue,Warlock+Priest+Warrior,Mage+Priest+Rogue,7048,team2,kill,56.78
curse:Warlock+Priest+Warrior_vs_Mage+Priest+Rogue,Warlock+Priest+Warrior,Mage+Priest+Rogue,7049,team2,kill,49.37
curse:Warlock+Priest+Warrior_vs_Mage+Priest+Rogue,Warlock+Priest+Warrior,Mage+Priest+Rogue,7050,team1,kill,35.72
curse:Warlock+Priest+Warrior_vs_Mage+Priest+Rogue,Warlock+Priest+Warrior,Mage+Priest+Rogue,7051,team1,kill,37.42
curse:Warlock+Priest+Warrior_vs_Mage+Priest+Rogue,Warlock+Priest+Warrior,Mage+Priest+Rogue,7052,team2,kill,35.65
curse:Warlock+Priest+Warrior_vs_Mage+Priest+Rogue,Warlock+Priest+Warrior,Mage+Priest+Rogue,7053,team1,kill,36.13
curse:Warlock+Priest+Warrior_vs_Mage+Priest+Rogue,Warlock+Priest+Warrior,Mage+Priest+Rogue,7054,team2,kill,46.57
curse:Warlock+Priest+Warrior_vs_Mage+Priest+Rogue,Warlock+Priest+Warrior,Mage+Priest+Rogue,7055,team2,kill,37.28
curse:Warlock+Priest+Warrior_vs_Mage+Priest+Rogue,Warlock+Priest+Warrior,Mage+Priest+Rogue,7056,team2,kill,45.83
curse:Warlock+Priest+Warrior_vs_Mage+Priest+Rogue,Warlock+Priest+Warrior,Mage+Priest+Rogue,7057,team2,kill,52.08
curse:Warlock+Priest+Warrior_vs_Mage+Priest+Rogue,Warlock+Priest+Warrior,Mage+Priest+Rogue,7058,team2,kill,47.32
curse:Warlock+Priest+Warrior_vs_Mage+Priest+Rogue,Warlock+Priest+Warrior,Mage+Priest+Rogue,7059,team1,kill,30.68
curse:Warlock+Priest+Warrior_vs_Mage+Priest+Rogue,Warlock+Priest+Warrior,Mage+Priest+Rogue,7060,team2,kill,25.15
curse:Warlock+Priest+Warrior_vs_Mage+Priest+Rogue,Warlock+Priest+Warrior,Mage+Priest+Rogue,7061,team2,kill,43.70
curse:Warlock+Priest+Warrior_vs_Mage+Priest+Rogue,Warlock+Priest+Warrior,Mage+Priest+Rogue,7062,team2,kill,41.98
curse:Warlock+Priest+Warrior_vs_Mage+Priest+Rogue,Warlock+Priest+Warrior,Mage+Priest+Rogue,7063,team2,kill,31.03
curse:Warlock+Priest+Warrior_vs_Mage+Priest+Rogue,Warlock+Priest+Warrior,Mage+Priest+Rogue,7064,team1,kill,56.33
curse:Warlock+Priest+Warrior_vs_Mage+Priest+Rogue,Warlock+Priest+Warrior,Mage+Priest+Rogue,7065,team2,kill,49.90
curse:Warlock+Priest+Warrior_vs_Mage+Priest+Rogue,Warlock+Priest+Warrior,Mage+Priest+Rogue,7066,team1,kill,39.83
curse:Warlock+Priest+Warrior_vs_Mage+Priest+Rogue,Warlock+Priest+Warrior,Mage+Priest+Rogue,7067,team2,kill,51.10
curse:Warlock+Priest+Warrior_vs_Mage+Priest+Rogue,Warlock+Priest+Warrior,Mage+Priest+Rogue,7068,team2,kill,50.72
curse:Warlock+Priest+Warrior_vs_Mage+Priest+Rogue,Warlock+Priest+Warrior,Mage+Priest+Rogue,7069,team2,kill,47.22
curse:Warlock+Priest+Warrior_vs_Mage+Priest+Rogue,Warlock+Priest+Warrior,Mage+Priest+Rogue,7070,team2,kill,48.60
curse:Warlock+Priest+Warrior_vs_Mage+Priest+Rogue,Warlock+Priest+Warrior,Mage+Priest+Rogue,7071,team1,kill,40.07
curse:Warlock+Priest+Warrior_vs_Mage+Priest+Rogue,Warlock+Priest+Warrior,Mage+Priest+Rogue,7072,team2,kill,46.23
curse:Warlock+Priest+Warrior_vs_Mage+Priest+Rogue,Warlock+Priest+Warrior,Mage+Priest+Rogue,7073,team2,kill,59.02
curse:Warlock+Priest+Warrior_vs_Mage+Priest+Rogue,Warlock+Priest+Warrior,Mage+Priest+Rogue,7074,team2,kill,42.55
curse:Warlock+Priest+Warrior_vs_Mage+Priest+Rogue,Warlock+Priest+Warrior,Mage+Priest+Rogue,7075,team2,kill,49.68
curse:Warlock+Priest+Warrior_vs_Mage+Priest+Rogue,Warlock+Priest+Warrior,Mage+Priest+Rogue,7076,team2,kill,33.92
curse:Warlock+Priest+Warrior_vs_Mage+Priest+Rogue,Warlock+Priest+Warrior,Mage+Priest+Rogue,7077,team2,kill,42.70
curse:Warlock+Priest+Warrior_vs_Mage+Priest+Rogue,Warlock+Priest+Warrior,Mage+Priest+Rogue,7078,team2,kill,33.38
curse:Warlock+Priest+Warrior_vs_Mage+Priest+Rogue,Warlock+Priest+Warrior,Mage+Priest+Rogue,7079,team2,kill,36.37
curse:Warlock+Priest+Warrior_vs_Mage+Priest+Rogue,Warlock+Priest+Warrior,Mage+Priest+Rogue,7080,team2,kill,50.28
curse:Warlock+Priest+Warrior_vs_Mage+Priest+Rogue,Warlock+Priest+Warrior,Mage+Priest+Rogue,7081,team2,kill,34.17
curse:Warlock+Priest+Warrior_vs_Mage+Priest+Rogue,Warlock+Priest+Warrior,Mage+Priest+Rogue,7082,team1,kill,43.95
curse:Warlock+Priest+Warrior_vs_Mage+Priest+Rogue,Warlock+Priest+Warrior,Mage+Priest+Rogue,7083,team2,kill,50.80
curse:Warlock+Priest+Warrior_vs_Mage+Priest+Rogue,Warlock+Priest+Warrior,Mage+Priest+Rogue,7084,team2,kill,42.70
curse:Warlock+Priest+Warrior_vs_Mage+Priest+Rogue,Warlock+Priest+Warrior,Mage+Priest+Rogue,7085,team2,kill,50.17
curse:Warlock+Priest+Warrior_vs_Mage+Priest+Rogue,Warlock+Priest+Warrior,Mage+Priest+Rogue,7086,team2,kill,50.95
curse:Warlock+Priest+Warrior_vs_Mage+Priest+Rogue,Warlock+Priest+Warrior,Mage+Priest+Rogue,7087,team2,kill,41.23
curse:Warlock+Priest+Warrior_vs_Mage+Priest+Rogue,Warlock+Priest+Warrior,Mage+Priest+Rogue,7088,team2,kill,47.67
curse:Warlock+Priest+Warrior_vs_Mage+Priest+Rogue,Warlock+Priest+Warrior,Mage+Priest+Rogue,7089,team2,kill,44.72
curse:Warlock+Priest+Warrior_vs_Mage+Priest+Rogue,Warlock+Priest+Warrior,Mage+Priest+Rogue,7090,team2,kill,50.15
curse:Warlock+Priest+Warrior_vs_Mage+Priest+Rogue,Warlock+Priest+Warrior,Mage+Priest+Rogue,7091,team1,kill,51.52
curse:Warlock+Priest+Warrior_vs_Mage+Priest+Rogue,Warlock+Priest+Warrior,Mage+Priest+Rogue,7092,team2,kill,46.82
curse:Warlock+Priest+Warrior_vs_Mage+Priest+Rogue,Warlock+Priest+Warrior,Mage+Priest+Rogue,7093,team1,kill,35.13
curse:Warlock+Priest+Warrior_vs_Mage+Priest+Rogue,Warlock+Priest+Warrior,Mage+Priest+Rogue,7094,team2,kill,51.25
curse:Warlock+Priest+Warrior_vs_Mage+Priest+Rogue,Warlock+Priest+Warrior,Mage+Priest+Rogue,7095,team1,kill,47.28
curse:Warlock+Priest+Warrior_vs_Mage+Priest+Rogue,Warlock+Priest+Warrior,Mage+Priest+Rogue,7096,team2,kill,24.60
curse:Warlock+Priest+Warrior_vs_Mage+Priest+Rogue,Warlock+Priest+Warrior,Mage+Priest+Rogue,7097,team2,kill,52.75
curse:Warlock+Priest+Warrior_vs_Mage+Priest+Rogue,Warlock+Priest+Warrior,Mage+Priest+Rogue,7098,team2,kill,46.33
curse:Warlock+Priest+Warrior_vs_Mage+Priest+Rogue,Warlock+Priest+Warrior,Mage+Priest+Rogue,7099,team1,kill,61.73
curse:Warlock+Priest+Warrior_vs_Mage+Priest+Rogue,Warlock+Priest+Warrior,Mage+Priest+Rogue,7100,team2,kill,31.53
curse:Warlock+Priest+Warrior_vs_Mage+Priest+Rogue,Warlock+Priest+Warrior,Mage+Priest+Rogue,7101,team2,kill,46.72
curse:Warlock+Priest+Warrior_vs_Mage+Priest+Rogue,Warlock+Priest+Warrior,Mage+Priest+Rogue,7102,team1,kill,43.53
curse:Warlock+Priest+Warrior_vs_Mage+Priest+Rogue,Warlock+Priest+Warrior,Mage+Priest+Rogue,7103,team2,kill,47.33
curse:Warlock+Priest+Warrior_vs_Mage+Priest+Rogue,Warlock+Priest+Warrior,Mage+Priest+Rogue,7104,team2,kill,50.37
curse:Warlock+Priest+Warrior_vs_Mage+Priest+Rogue,Warlock+Priest+Warrior,Mage+Priest+Rogue,7105,team2,kill,46.45
curse:Warlock+Priest+Warrior_vs_Mage+Priest+Rogue,Warlock+Priest+Warrior,Mage+Priest+Rogue,7106,team2,kill,53.25
curse:Warlock+Priest+Warrior_vs_Mage+Priest+Rogue,Warlock+Priest+Warrior,Mage+Priest+Rogue,7107,team2,kill,31.90
curse:Warlock+Priest+Warrior_vs_Mage+Priest+Rogue,Warlock+Priest+Warrior,Mage+Priest+Rogue,7108,team2,kill,49.30
curse:Warlock+Priest+Warrior_vs_Mage+Priest+Rogue,Warlock+Priest+Warrior,Mage+Priest+Rogue,7109,team2,kill,37.55
curse:Warlock+Priest+Warrior_vs_Mage+Priest+Rogue,Warlock+Priest+Warrior,Mage+Priest+Rogue,7110,team2,kill,41.88
curse:Warlock+Priest+Warrior_vs_Mage+Priest+Rogue,Warlock+Priest+Warrior,Mage+Priest+Rogue,7111,team2,kill,50.02
curse:Warlock+Priest+Warrior_vs_Mage+Priest+Rogue,Warlock+Priest+Warrior,Mage+Priest+Rogue,7112,team1,kill,44.53
curse:Warlock+Priest+Warrior_vs_Mage+Priest+Rogue,Warlock+Priest+Warrior,Mage+Priest+Rogue,7113,team2,kill,47.87
curse:Warlock+Priest+Warrior_vs_Mage+Priest+Rogue,Warlock+Priest+Warrior,Mage+Priest+Rogue,7114,team2,kill,34.93
curse:Warlock+Priest+Warrior_vs_Mage+Priest+Rogue,Warlock+Priest+Warrior,Mage+Priest+Rogue,7115,team2,kill,44.95
curse:Warlock+Priest+Warrior_vs_Mage+Priest+Rogue,Warlock+Priest+Warrior,Mage+Priest+Rogue,7116,team2,kill,47.72
curse:Warlock+Priest+Warrior_vs_Mage+Priest+Rogue,Warlock+Priest+Warrior,Mage+Priest+Rogue,7117,team2,kill,51.03
curse:Warlock+Priest+Warrior_vs_Mage+Priest+Rogue,Warlock+Priest+Warrior,Mage+Priest+Rogue,7118,team2,kill,41.37
curse:Warlock+Priest+Warrior_vs_Mage+Priest+Rogue,Warlock+Priest+Warrior,Mage+Priest+Rogue,7119,team2,kill,50.20
curse:Warlock+Priest+Warrior_vs_Mage+Priest+Rogue,Warlock+Priest+Warrior,Mage+Priest+Rogue,7120,team2,kill,38.75
curse:Warlock+Priest+Warrior_vs_Mage+Priest+Rogue,Warlock+Priest+Warrior,Mage+Priest+Rogue,7121,team2,kill,43.07
curse:Warlock+Priest+Warrior_vs_Mage+Priest+Rogue,Warlock+Priest+Warrior,Mage+Priest+Rogue,7122,team2,kill,55.13
curse:Warlock+Priest+Warrior_vs_Mage+Priest+Rogue,Warlock+Priest+Warrior,Mage+Priest+Rogue,7123,team2,kill,34.48
curse:Warlock+Priest+Warrior_vs_Mage+Priest+Rogue,Warlock+Priest+Warrior,Mage+Priest+Rogue,7124,team1,kill,37.35
curse:Warlock+Priest+Warrior_vs_Mage+Priest+Rogue,Warlock+Priest+Warrior,Mage+Priest+Rogue,7125,team2,kill,34.55
curse:Warlock+Priest+Warrior_vs_Mage+Priest+Rogue,Warlock+Priest+Warrior,Mage+Priest+Rogue,7126,team2,kill,30.37
curse:Warlock+Priest+Warrior_vs_Mage+Priest+Rogue,Warlock+Priest+Warrior,Mage+Priest+Rogue,7127,team2,kill,45.35
curse:Warlock+Priest+Warrior_vs_Mage+Priest+Rogue,Warlock+Priest+Warrior,Mage+Priest+Rogue,7128,team2,kill,50.33
curse:Warlock+Priest+Warrior_vs_Mage+Priest+Rogue,Warlock+Priest+Warrior,Mage+Priest+Rogue,7129,team1,kill,28.57
curse:Warlock+Priest+Warrior_vs_Mage+Priest+Rogue,Warlock+Priest+Warrior,Mage+Priest+Rogue,7130,team2,kill,40.92
curse:Warlock+Priest+Warrior_vs_Mage+Priest+Rogue,Warlock+Priest+Warrior,Mage+Priest+Rogue,7131,team2,kill,52.43
curse:Warlock+Priest+Warrior_vs_Mage+Priest+Rogue,Warlock+Priest+Warrior,Mage+Priest+Rogue,7132,team2,kill,46.25
curse:Warlock+Priest+Warrior_vs_Mage+Priest+Rogue,Warlock+Priest+Warrior,Mage+Priest+Rogue,7133,team1,kill,36.30
curse:Warlock+Priest+Warrior_vs_Mage+Priest+Rogue,Warlock+Priest+Warrior,Mage+Priest+Rogue,7134,team2,kill,50.92
curse:Warlock+Priest+Warrior_vs_Mage+Priest+Rogue,Warlock+Priest+Warrior,Mage+Priest+Rogue,7135,team1,kill,31.53
curse:Warlock+Priest+Warrior_vs_Mage+Priest+Rogue,Warlock+Priest+Warrior,Mage+Priest+Rogue,7136,team2,kill,58.27
curse:Warlock+Priest+Warrior_vs_Mage+Priest+Rogue,Warlock+Priest+Warrior,Mage+Priest+Rogue,7137,team2,kill,45.13
curse:Warlock+Priest+Warrior_vs_Mage+Priest+Rogue,Warlock+Priest+Warrior,Mage+Priest+Rogue,7138,team2,kill,53.68
curse:Warlock+Priest+Warrior_vs_Mage+Priest+Rogue,Warlock+Priest+Warrior,Mage+Priest+Rogue,7139,team2,kill,51.02
curse:Warlock+Priest+Warrior_vs_Mage+Priest+Rogue,Warlock+Priest+Warrior,Mage+Priest+Rogue,7140,team2,kill,40.52
curse:Warlock+Priest+Warrior_vs_Mage+Priest+Rogue,Warlock+Priest+Warrior,Mage+Priest+Rogue,7141,team2,kill,45.02
curse:Warlock+Priest+Warrior_vs_Mage+Priest+Rogue,Warlock+Priest+Warrior,Mage+Priest+Rogue,7142,team2,kill,36.10
curse:Warlock+Priest+Warrior_vs_Mage+Priest+Rogue,Warlock+Priest+Warrior,Mage+Priest+Rogue,7143,team2,kill,31.80
curse:Warlock+Priest+Warrior_vs_Mage+Priest+Rogue,Warlock+Priest+Warrior,Mage+Priest+Rogue,7144,team2,kill,56.73
curse:Warlock+Priest+Warrior_vs_Mage+Priest+Rogue,Warlock+Priest+Warrior,Mage+Priest+Rogue,7145,team1,kill,28.78
curse:Warlock+Priest+Warrior_vs_Mage+Priest+Rogue,Warlock+Priest+Warrior,Mage+Priest+Rogue,7146,team1,kill,54.33
curse:Warlock+Priest+Warrior_vs_Mage+Priest+Rogue,Warlock+Priest+Warrior,Mage+Priest+Rogue,7147,team2,kill,45.75
curse:Warlock+Priest+Warrior_vs_Mage+Priest+Rogue,Warlock+Priest+Warrior,Mage+Priest+Rogue,7148,team2,kill,33.75
curse:Warlock+Priest+Warrior_vs_Mage+Priest+Rogue,Warlock+Priest+Warrior,Mage+Priest+Rogue,7149,team2,kill,44.00
curse:Warlock+Priest+Warrior_vs_Mage+Priest+Rogue,Warlock+Priest+Warrior,Mage+Priest+Rogue,7150,team1,kill,41.67
curse:Warlock+Priest+Warrior_vs_Mage+Priest+Rogue,Warlock+Priest+Warrior,Mage+Priest+Rogue,7151,team2,kill,32.47
curse:Warlock+Priest+Warrior_vs_Mage+Priest+Rogue,Warlock+Priest+Warrior,Mage+Priest+Rogue,7152,team2,kill,31.50
curse:Warlock+Priest+Warrior_vs_Mage+Priest+Rogue,Warlock+Priest+Warrior,Mage+Priest+Rogue,7153,team1,kill,40.87
curse:Warlock+Priest+Warrior_vs_Mage+Priest+Rogue,Warlock+Priest+Warrior,Mage+Priest+Rogue,7154,team2,kill,44.03
curse:Warlock+Priest+Warrior_vs_Mage+Priest+Rogue,Warlock+Priest+Warrior,Mage+Priest+Rogue,7155,team1,kill,43.97
curse:Warlock+Priest+Warrior_vs_Mage+Priest+Rogue,Warlock+Priest+Warrior,Mage+Priest+Rogue,7156,team2,kill,31.98
curse:Warlock+Priest+Warrior_vs_Mage+Priest+Rogue,Warlock+Priest+Warrior,Mage+Priest+Rogue,7157,team2,kill,47.88
curse:Warlock+Priest+Warrior_vs_Mage+Priest+Rogue,Warlock+Priest+Warrior,Mage+Priest+Rogue,7158,team2,kill,33.48
curse:Warlock+Priest+Warrior_vs_Mage+Priest+Rogue,Warlock+Priest+Warrior,Mage+Priest+Rogue,7159,team2,kill,47.13
curse:Warlock+Priest+Warrior_vs_Mage+Priest+Rogue,Warlock+Priest+Warrior,Mage+Priest+Rogue,7160,team2,kill,39.68
curse:Warlock+Priest+Warrior_vs_Mage+Priest+Rogue,Warlock+Priest+Warrior,Mage+Priest+Rogue,7161,team2,kill,46.28
curse:Warlock+Priest+Warrior_vs_Mage+Priest+Rogue,Warlock+Priest+Warrior,Mage+Priest+Rogue,7162,team2,kill,51.40
curse:Warlock+Priest+Warrior_vs_Mage+Priest+Rogue,Warlock+Priest+Warrior,Mage+Priest+Rogue,7163,team2,kill,50.95
curse:Warlock+Priest+Warrior_vs_Mage+Priest+Rogue,Warlock+Priest+Warrior,Mage+Priest+Rogue,7164,team2,kill,44.05
curse:Warlock+Priest+Warrior_vs_Mage+Priest+Rogue,Warlock+Priest+Warrior,Mage+Priest+Rogue,7165,team2,kill,34.73
curse:Warlock+Priest+Warrior_vs_Mage+Priest+Rogue,Warlock+Priest+Warrior,Mage+Priest+Rogue,7166,team2,kill,45.18
curse:Warlock+Priest+Warrior_vs_Mage+Priest+Rogue,Warlock+Priest+Warrior,Mage+Priest+Rogue,7167,team2,kill,34.05
curse:Warlock+Priest+Warrior_vs_Mage+Priest+Rogue,Warlock+Priest+Warrior,Mage+Priest+Rogue,7168,team2,kill,30.80
curse:Warlock+Priest+Warrior_vs_Mage+Priest+Rogue,Warlock+Priest+Warrior,Mage+Priest+Rogue,7169,team2,kill,46.15
curse:Warlock+Priest+Warrior_vs_Mage+Priest+Rogue,Warlock+Priest+Warrior,Mage+Priest+Rogue,7170,team2,kill,40.95
curse:Warlock+Priest+Warrior_vs_Mage+Priest+Rogue,Warlock+Priest+Warrior,Mage+Priest+Rogue,7171,team2,kill,32.87
curse:Warlock+Priest+Warrior_vs_Mage+Priest+Rogue,Warlock+Priest+Warrior,Mage+Priest+Rogue,7172,team2,kill,43.47
curse:Warlock+Priest+Warrior_vs_Mage+Priest+Rogue,Warlock+Priest+Warrior,Mage+Priest+Rogue,7173,team2,kill,34.30
curse:Warlock+Priest+Warrior_vs_Mage+Priest+Rogue,Warlock+Priest+Warrior,Mage+Priest+Rogue,7174,team2,kill,38.13
curse:Warlock+Priest+Warrior_vs_Mage+Priest+Rogue,Warlock+Priest+Warrior,Mage+Priest+Rogue,7175,team2,kill,57.02
curse:Warlock+Priest+Warrior_vs_Mage+Priest+Rogue,Warlock+Priest+Warrior,Mage+Priest+Rogue,7176,team2,kill,51.50
curse:Warlock+Priest+Warrior_vs_Mage+Priest+Rogue,Warlock+Priest+Warrior,Mage+Priest+Rogue,7177,team2,kill,42.77
curse:Warlock+Priest+Warrior_vs_Mage+Priest+Rogue,Warlock+Priest+Warrior,Mage+Priest+Rogue,7178,team2,kill,49.15
curse:Warlock+Priest+Warrior_vs_Mage+Priest+Rogue,Warlock+Priest+Warrior,Mage+Priest+Rogue,7179,team2,kill,50.45
curse:Warlock+Priest+Warrior_vs_Mage+Priest+Rogue,Warlock+Priest+Warrior,Mage+Priest+Rogue,7180,team2,kill,51.43
curse:Warlock+Priest+Warrior_vs_Mage+Priest+Rogue,Warlock+Priest+Warrior,Mage+Priest+Rogue,7181,team2,kill,54.80
curse:Warlock+Priest+Warrior_vs_Mage+Priest+Rogue,Warlock+Priest+Warrior,Mage+Priest+Rogue,7182,team2,kill,37.40
curse:Warlock+Priest+Warrior_vs_Mage+Priest+Rogue,Warlock+Priest+Warrior,Mage+Priest+Rogue,7183,team2,kill,31.20
curse:Warlock+Priest+Warrior_vs_Mage+Priest+Rogue,Warlock+Priest+Warrior,Mage+Priest+Rogue,7184,team2,kill,48.45
curse:Warlock+Priest+Warrior_vs_Mage+Priest+Rogue,Warlock+Priest+Warrior,Mage+Priest+Rogue,7185,team2,kill,45.07
curse:Warlock+Priest+Warrior_vs_Mage+Priest+Rogue,Warlock+Priest+Warrior,Mage+Priest+Rogue,7186,team2,kill,29.52
curse:Warlock+Priest+Warrior_vs_Mage+Priest+Rogue,Warlock+Priest+Warrior,Mage+Priest+Rogue,7187,team2,kill,57.57
curse:Warlock+Priest+Warrior_vs_Mage+Priest+Rogue,Warlock+Priest+Warrior,Mage+Priest+Rogue,7188,team2,kill,50.35
curse:Warlock+Priest+Warrior_vs_Mage+Priest+Rogue,Warlock+Priest+Warrior,Mage+Priest+Rogue,7189,team2,kill,40.47
curse:Warlock+Priest+Warrior_vs_Mage+Priest+Rogue,Warlock+Priest+Warrior,Mage+Priest+Rogue,7190,team1,kill,34.83
curse:Warlock+Priest+Warrior_vs_Mage+Priest+Rogue,Warlock+Priest+Warrior,Mage+Priest+Rogue,7191,team2,kill,47.37
curse:Warlock+Priest+Warrior_vs_Mage+Priest+Rogue,Warlock+Priest+Warrior,Mage+Priest+Rogue,7192,team2,kill,36.57
curse:Warlock+Priest+Warrior_vs_Mage+Priest+Rogue,Warlock+Priest+Warrior,Mage+Priest+Rogue,7193,team2,kill,44.67
curse:Warlock+Priest+Warrior_vs_Mage+Priest+Rogue,Warlock+Priest+Warrior,Mage+Priest+Rogue,7194,team2,kill,53.00
curse:Warlock+Priest+Warrior_vs_Mage+Priest+Rogue,Warlock+Priest+Warrior,Mage+Priest+Rogue,7195,team2,kill,37.27
curse:Warlock+Priest+Warrior_vs_Mage+Priest+Rogue,Warlock+Priest+Warrior,Mage+Priest+Rogue,7196,team2,kill,41.07
curse:Warlock+Priest+Warrior_vs_Mage+Priest+Rogue,Warlock+Priest+Warrior,Mage+Priest+Rogue,7197,team2,kill,58.27
curse:Warlock+Priest+Warrior_vs_Mage+Priest+Rogue,Warlock+Priest+Warrior,Mage+Priest+Rogue,7198,team2,kill,45.65
curse:Warlock+Priest+Warrior_vs_Mage+Priest+Rogue,Warlock+Priest+Warrior,Mage+Priest+Rogue,7199,team2,kill,50.38
control:Hunter+Priest_vs_Rogue+Priest,Hunter+Priest,Rogue+Priest,7000,team1,kill,61.28
control:Hunter+Priest_vs_Rogue+Priest,Hunter+Priest,Rogue+Priest,7001,team1,kill,63.15
control:Hunter+Priest_vs_Rogue+Priest,Hunter+Priest,Rogue+Priest,7002,team1,kill,74.98
control:Hunter+Priest_vs_Rogue+Priest,Hunter+Priest,Rogue+Priest,7003,team1,kill,58.05
control:Hunter+Priest_vs_Rogue+Priest,Hunter+Priest,Rogue+Priest,7004,team1,kill,50.88
control:Hunter+Priest_vs_Rogue+Priest,Hunter+Priest,Rogue+Priest,7005,team1,kill,62.48
control:Hunter+Priest_vs_Rogue+Priest,Hunter+Priest,Rogue+Priest,7006,team2,kill,69.08
control:Hunter+Priest_vs_Rogue+Priest,Hunter+Priest,Rogue+Priest,7007,team1,kill,57.37
control:Hunter+Priest_vs_Rogue+Priest,Hunter+Priest,Rogue+Priest,7008,team2,kill,68.58
control:Hunter+Priest_vs_Rogue+Priest,Hunter+Priest,Rogue+Priest,7009,team1,kill,65.73
control:Hunter+Priest_vs_Rogue+Priest,Hunter+Priest,Rogue+Priest,7010,team1,kill,52.10
control:Hunter+Priest_vs_Rogue+Priest,Hunter+Priest,Rogue+Priest,7011,team1,kill,56.03
control:Hunter+Priest_vs_Rogue+Priest,Hunter+Priest,Rogue+Priest,7012,team1,kill,68.02
control:Hunter+Priest_vs_Rogue+Priest,Hunter+Priest,Rogue+Priest,7013,team1,kill,53.37
control:Hunter+Priest_vs_Rogue+Priest,Hunter+Priest,Rogue+Priest,7014,team1,kill,55.93
control:Hunter+Priest_vs_Rogue+Priest,Hunter+Priest,Rogue+Priest,7015,team2,kill,72.30
control:Hunter+Priest_vs_Rogue+Priest,Hunter+Priest,Rogue+Priest,7016,team1,kill,58.03
control:Hunter+Priest_vs_Rogue+Priest,Hunter+Priest,Rogue+Priest,7017,team1,kill,61.22
control:Hunter+Priest_vs_Rogue+Priest,Hunter+Priest,Rogue+Priest,7018,team1,kill,64.65
control:Hunter+Priest_vs_Rogue+Priest,Hunter+Priest,Rogue+Priest,7019,team1,kill,65.20
control:Hunter+Priest_vs_Rogue+Priest,Hunter+Priest,Rogue+Priest,7020,team1,kill,55.03
control:Hunter+Priest_vs_Rogue+Priest,Hunter+Priest,Rogue+Priest,7021,team1,kill,62.72
control:Hunter+Priest_vs_Rogue+Priest,Hunter+Priest,Rogue+Priest,7022,team1,kill,57.32
control:Hunter+Priest_vs_Rogue+Priest,Hunter+Priest,Rogue+Priest,7023,team2,kill,68.33
control:Hunter+Priest_vs_Rogue+Priest,Hunter+Priest,Rogue+Priest,7024,team1,kill,56.95
control:Hunter+Priest_vs_Rogue+Priest,Hunter+Priest,Rogue+Priest,7025,team1,kill,57.20
control:Hunter+Priest_vs_Rogue+Priest,Hunter+Priest,Rogue+Priest,7026,team1,kill,56.33
control:Hunter+Priest_vs_Rogue+Priest,Hunter+Priest,Rogue+Priest,7027,team1,kill,61.80
control:Hunter+Priest_vs_Rogue+Priest,Hunter+Priest,Rogue+Priest,7028,team2,kill,67.78
control:Hunter+Priest_vs_Rogue+Priest,Hunter+Priest,Rogue+Priest,7029,team1,kill,55.28
control:Hunter+Priest_vs_Rogue+Priest,Hunter+Priest,Rogue+Priest,7030,team2,kill,69.50
control:Hunter+Priest_vs_Rogue+Priest,Hunter+Priest,Rogue+Priest,7031,team1,kill,54.80
control:Hunter+Priest_vs_Rogue+Priest,Hunter+Priest,Rogue+Priest,7032,team2,kill,73.30
control:Hunter+Priest_vs_Rogue+Priest,Hunter+Priest,Rogue+Priest,7033,team1,kill,61.23
control:Hunter+Priest_vs_Rogue+Priest,Hunter+Priest,Rogue+Priest,7034,team1,kill,61.58
control:Hunter+Priest_vs_Rogue+Priest,Hunter+Priest,Rogue+Priest,7035,team2,kill,76.09
control:Hunter+Priest_vs_Rogue+Priest,Hunter+Priest,Rogue+Priest,7036,team2,kill,69.62
control:Hunter+Priest_vs_Rogue+Priest,Hunter+Priest,Rogue+Priest,7037,team1,kill,62.73
control:Hunter+Priest_vs_Rogue+Priest,Hunter+Priest,Rogue+Priest,7038,team1,kill,62.95
control:Hunter+Priest_vs_Rogue+Priest,Hunter+Priest,Rogue+Priest,7039,team1,kill,60.22
control:Hunter+Priest_vs_Rogue+Priest,Hunter+Priest,Rogue+Priest,7040,team1,kill,70.22
control:Hunter+Priest_vs_Rogue+Priest,Hunter+Priest,Rogue+Priest,7041,team2,kill,66.77
control:Hunter+Priest_vs_Rogue+Priest,Hunter+Priest,Rogue+Priest,7042,team1,kill,57.32
control:Hunter+Priest_vs_Rogue+Priest,Hunter+Priest,Rogue+Priest,7043,team2,kill,59.60
control:Hunter+Priest_vs_Rogue+Priest,Hunter+Priest,Rogue+Priest,7044,team2,kill,68.55
control:Hunter+Priest_vs_Rogue+Priest,Hunter+Priest,Rogue+Priest,7045,team1,kill,60.98
control:Hunter+Priest_vs_Rogue+Priest,Hunter+Priest,Rogue+Priest,7046,team1,kill,57.22
control:Hunter+Priest_vs_Rogue+Priest,Hunter+Priest,Rogue+Priest,7047,team1,kill,53.62
control:Hunter+Priest_vs_Rogue+Priest,Hunter+Priest,Rogue+Priest,7048,team2,kill,89.30
control:Hunter+Priest_vs_Rogue+Priest,Hunter+Priest,Rogue+Priest,7049,team1,kill,61.90
control:Hunter+Priest_vs_Rogue+Priest,Hunter+Priest,Rogue+Priest,7050,team1,kill,49.40
control:Hunter+Priest_vs_Rogue+Priest,Hunter+Priest,Rogue+Priest,7051,team2,kill,72.97
control:Hunter+Priest_vs_Rogue+Priest,Hunter+Priest,Rogue+Priest,7052,team2,kill,68.55
control:Hunter+Priest_vs_Rogue+Priest,Hunter+Priest,Rogue+Priest,7053,team2,kill,67.40
control:Hunter+Priest_vs_Rogue+Priest,Hunter+Priest,Rogue+Priest,7054,team1,kill,56.15
control:Hunter+Priest_vs_Rogue+Priest,Hunter+Priest,Rogue+Priest,7055,team1,kill,59.38
control:Hunter+Priest_vs_Rogue+Priest,Hunter+Priest,Rogue+Priest,7056,team1,kill,56.95
control:Hunter+Priest_vs_Rogue+Priest,Hunter+Priest,Rogue+Priest,7057,team2,kill,69.95
control:Hunter+Priest_vs_Rogue+Priest,Hunter+Priest,Rogue+Priest,7058,team1,kill,62.18
control:Hunter+Priest_vs_Rogue+Priest,Hunter+Priest,Rogue+Priest,7059,team1,kill,49.95
control:Hunter+Priest_vs_Rogue+Priest,Hunter+Priest,Rogue+Priest,7060,team1,kill,61.58
control:Hunter+Priest_vs_Rogue+Priest,Hunter+Priest,Rogue+Priest,7061,team1,kill,59.10
control:Hunter+Priest_vs_Rogue+Priest,Hunter+Priest,Rogue+Priest,7062,team1,kill,57.23
control:Hunter+Priest_vs_Rogue+Priest,Hunter+Priest,Rogue+Priest,7063,team2,kill,69.08
control:Hunter+Priest_vs_Rogue+Priest,Hunter+Priest,Rogue+Priest,7064,team1,kill,55.73
control:Hunter+Priest_vs_Rogue+Priest,Hunter+Priest,Rogue+Priest,7065,team1,kill,72.47
control:Hunter+Priest_vs_Rogue+Priest,Hunter+Priest,Rogue+Priest,7066,team1,kill,58.83
control:Hunter+Priest_vs_Rogue+Priest,Hunter+Priest,Rogue+Priest,7067,team1,kill,66.77
control:Hunter+Priest_vs_Rogue+Priest,Hunter+Priest,Rogue+Priest,7068,team1,kill,61.70
control:Hunter+Priest_vs_Rogue+Priest,Hunter+Priest,Rogue+Priest,7069,team1,kill,65.83
control:Hunter+Priest_vs_Rogue+Priest,Hunter+Priest,Rogue+Priest,7070,team2,kill,70.70
control:Hunter+Priest_vs_Rogue+Priest,Hunter+Priest,Rogue+Priest,7071,team1,kill,56.88
control:Hunter+Priest_vs_Rogue+Priest,Hunter+Priest,Rogue+Priest,7072,team2,kill,71.12
control:Hunter+Priest_vs_Rogue+Priest,Hunter+Priest,Rogue+Priest,7073,team2,kill,72.03
control:Hunter+Priest_vs_Rogue+Priest,Hunter+Priest,Rogue+Priest,7074,team1,kill,61.27
control:Hunter+Priest_vs_Rogue+Priest,Hunter+Priest,Rogue+Priest,7075,team1,kill,41.30
control:Hunter+Priest_vs_Rogue+Priest,Hunter+Priest,Rogue+Priest,7076,team1,kill,59.63
control:Hunter+Priest_vs_Rogue+Priest,Hunter+Priest,Rogue+Priest,7077,team1,kill,69.43
control:Hunter+Priest_vs_Rogue+Priest,Hunter+Priest,Rogue+Priest,7078,team1,kill,58.27
control:Hunter+Priest_vs_Rogue+Priest,Hunter+Priest,Rogue+Priest,7079,team2,kill,68.78
control:Hunter+Priest_vs_Rogue+Priest,Hunter+Priest,Rogue+Priest,7080,team1,kill,56.78
control:Hunter+Priest_vs_Rogue+Priest,Hunter+Priest,Rogue+Priest,7081,team1,kill,59.15
control:Hunter+Priest_vs_Rogue+Priest,Hunter+Priest,Rogue+Priest,7082,team1,kill,62.92
control:Hunter+Priest_vs_Rogue+Priest,Hunter+Priest,Rogue+Priest,7083,team1,kill,64.25
control:Hunter+Priest_vs_Rogue+Priest,Hunter+Priest,Rogue+Priest,7084,team1,kill,69.80
control:Hunter+Priest_vs_Rogue+Priest,Hunter+Priest,Rogue+Priest,7085,team2,kill,66.55
control:Hunter+Priest_vs_Rogue+Priest,Hunter+Priest,Rogue+Priest,7086,team1,kill,57.32
control:Hunter+Priest_vs_Rogue+Priest,Hunter+Priest,Rogue+Priest,7087,team1,kill,55.53
control:Hunter+Priest_vs_Rogue+Priest,Hunter+Priest,Rogue+Priest,7088,team1,kill,57.25
control:Hunter+Priest_vs_Rogue+Priest,Hunter+Priest,Rogue+Priest,7089,team2,kill,74.07
control:Hunter+Priest_vs_Rogue+Priest,Hunter+Priest,Rogue+Priest,7090,team1,kill,60.82
control:Hunter+Priest_vs_Rogue+Priest,Hunter+Priest,Rogue+Priest,7091,team1,kill,57.33
control:Hunter+Priest_vs_Rogue+Priest,Hunter+Priest,Rogue+Priest,7092,team1,kill,60.80
control:Hunter+Priest_vs_Rogue+Priest,Hunter+Priest,Rogue+Priest,7093,team2,kill,70.98
control:Hunter+Priest_vs_Rogue+Priest,Hunter+Priest,Rogue+Priest,7094,team1,kill,52.10
control:Hunter+Priest_vs_Rogue+Priest,Hunter+Priest,Rogue+Priest,7095,team1,kill,56.73
control:Hunter+Priest_vs_Rogue+Priest,Hunter+Priest,Rogue+Priest,7096,team1,kill,57.67
control:Hunter+Priest_vs_Rogue+Priest,Hunter+Priest,Rogue+Priest,7097,team1,kill,64.60
control:Hunter+Priest_vs_Rogue+Priest,Hunter+Priest,Rogue+Priest,7098,team2,kill,66.03
control:Hunter+Priest_vs_Rogue+Priest,Hunter+Priest,Rogue+Priest,7099,team1,kill,57.15
control:Hunter+Priest_vs_Warrior+Priest,Hunter+Priest,Warrior+Priest,7000,team1,kill,54.37
control:Hunter+Priest_vs_Warrior+Priest,Hunter+Priest,Warrior+Priest,7001,team1,kill,56.38
control:Hunter+Priest_vs_Warrior+Priest,Hunter+Priest,Warrior+Priest,7002,team1,kill,67.58
control:Hunter+Priest_vs_Warrior+Priest,Hunter+Priest,Warrior+Priest,7003,team1,kill,65.18
control:Hunter+Priest_vs_Warrior+Priest,Hunter+Priest,Warrior+Priest,7004,team1,kill,56.28
control:Hunter+Priest_vs_Warrior+Priest,Hunter+Priest,Warrior+Priest,7005,team1,kill,68.02
control:Hunter+Priest_vs_Warrior+Priest,Hunter+Priest,Warrior+Priest,7006,team1,kill,63.05
control:Hunter+Priest_vs_Warrior+Priest,Hunter+Priest,Warrior+Priest,7007,team1,kill,66.77
control:Hunter+Priest_vs_Warrior+Priest,Hunter+Priest,Warrior+Priest,7008,team1,kill,72.53
control:Hunter+Priest_vs_Warrior+Priest,Hunter+Priest,Warrior+Priest,7009,team1,kill,68.47
control:Hunter+Priest_vs_Warrior+Priest,Hunter+Priest,Warrior+Priest,7010,team1,kill,66.23
control:Hunter+Priest_vs_Warrior+Priest,Hunter+Priest,Warrior+Priest,7011,team1,kill,66.28
control:Hunter+Priest_vs_Warrior+Priest,Hunter+Priest,Warrior+Priest,7012,team1,kill,69.05
control:Hunter+Priest_vs_Warrior+Priest,Hunter+Priest,Warrior+Priest,7013,team1,kill,53.42
control:Hunter+Priest_vs_Warrior+Priest,Hunter+Priest,Warrior+Priest,7014,team1,kill,68.85
control:Hunter+Priest_vs_Warrior+Priest,Hunter+Priest,Warrior+Priest,7015,team1,kill,67.55
control:Hunter+Priest_vs_Warrior+Priest,Hunter+Priest,Warrior+Priest,7016,team1,kill,68.80
control:Hunter+Priest_vs_Warrior+Priest,Hunter+Priest,Warrior+Priest,7017,team1,kill,61.25
control:Hunter+Priest_vs_Warrior+Priest,Hunter+Priest,Warrior+Priest,7018,team1,kill,56.35
control:Hunter+Priest_vs_Warrior+Priest,Hunter+Priest,Warrior+Priest,7019,team1,kill,68.32
control:Hunter+Priest_vs_Warrior+Priest,Hunter+Priest,Warrior+Priest,7020,team1,kill,53.10
control:Hunter+Priest_vs_Warrior+Priest,Hunter+Priest,Warrior+Priest,7021,team1,kill,70.15
control:Hunter+Priest_vs_Warrior+Priest,Hunter+Priest,Warrior+Priest,7022,team1,kill,60.25
control:Hunter+Priest_vs_Warrior+Priest,Hunter+Priest,Warrior+Priest,7023,team1,kill,53.92
control:Hunter+Priest_vs_Warrior+Priest,Hunter+Priest,Warrior+Priest,7024,team1,kill,61.43
control:Hunter+Priest_vs_Warrior+Priest,Hunter+Priest,Warrior+Priest,7025,team1,kill,68.45
control:Hunter+Priest_vs_Warrior+Priest,Hunter+Priest,Warrior+Priest,7026,team1,kill,56.38
control:Hunter+Priest_vs_Warrior+Priest,Hunter+Priest,Warrior+Priest,7027,team1,kill,81.19
control:Hunter+Priest_vs_Warrior+Priest,Hunter+Priest,Warrior+Priest,7028,team1,kill,58.37
control:Hunter+Priest_vs_Warrior+Priest,Hunter+Priest,Warrior+Priest,7029,team1,kill,56.32
control:Hunter+Priest_vs_Warrior+Priest,Hunter+Priest,Warrior+Priest,7030,team1,kill,81.19
control:Hunter+Priest_vs_Warrior+Priest,Hunter+Priest,Warrior+Priest,7031,team1,kill,65.73
control:Hunter+Priest_vs_Warrior+Priest,Hunter+Priest,Warrior+Priest,7032,team1,kill,53.87
control:Hunter+Priest_vs_Warrior+Priest,Hunter+Priest,Warrior+Priest,7033,team1,kill,58.53
control:Hunter+Priest_vs_Warrior+Priest,Hunter+Priest,Warrior+Priest,7034,team1,kill,66.52
control:Hunter+Priest_vs_Warrior+Priest,Hunter+Priest,Warrior+Priest,7035,team1,kill,63.38
control:Hunter+Priest_vs_Warrior+Priest,Hunter+Priest,Warrior+Priest,7036,team1,kill,71.45
control:Hunter+Priest_vs_Warrior+Priest,Hunter+Priest,Warrior+Priest,7037,team1,kill,60.37
control:Hunter+Priest_vs_Warrior+Priest,Hunter+Priest,Warrior+Priest,7038,team1,kill,56.18
control:Hunter+Priest_vs_Warrior+Priest,Hunter+Priest,Warrior+Priest,7039,team1,kill,85.87
control:Hunter+Priest_vs_Warrior+Priest,Hunter+Priest,Warrior+Priest,7040,team1,kill,53.88
control:Hunter+Priest_vs_Warrior+Priest,Hunter+Priest,Warrior+Priest,7041,team1,kill,56.38
control:Hunter+Priest_vs_Warrior+Priest,Hunter+Priest,Warrior+Priest,7042,team1,kill,61.17
control:Hunter+Priest_vs_Warrior+Priest,Hunter+Priest,Warrior+Priest,7043,team1,kill,52.22
control:Hunter+Priest_vs_Warrior+Priest,Hunter+Priest,Warrior+Priest,7044,team1,kill,50.70
control:Hunter+Priest_vs_Warrior+Priest,Hunter+Priest,Warrior+Priest,7045,team1,kill,67.05
control:Hunter+Priest_vs_Warrior+Priest,Hunter+Priest,Warrior+Priest,7046,team1,kill,62.17
control:Hunter+Priest_vs_Warrior+Priest,Hunter+Priest,Warrior+Priest,7047,team1,kill,58.08
control:Hunter+Priest_vs_Warrior+Priest,Hunter+Priest,Warrior+Priest,7048,team1,kill,58.90
control:Hunter+Priest_vs_Warrior+Priest,Hunter+Priest,Warrior+Priest,7049,team1,kill,68.80
control:Hunter+Priest_vs_Warrior+Priest,Hunter+Priest,Warrior+Priest,7050,team1,kill,58.90
control:Hunter+Priest_vs_Warrior+Priest,Hunter+Priest,Warrior+Priest,7051,team1,kill,66.32
control:Hunter+Priest_vs_Warrior+Priest,Hunter+Priest,Warrior+Priest,7052,team1,kill,69.05
control:Hunter+Priest_vs_Warrior+Priest,Hunter+Priest,Warrior+Priest,7053,team2,kill,69.98
control:Hunter+Priest_vs_Warrior+Priest,Hunter+Priest,Warrior+Priest,7054,team1,kill,64.88
control:Hunter+Priest_vs_Warrior+Priest,Hunter+Priest,Warrior+Priest,7055,team1,kill,63.95
control:Hunter+Priest_vs_Warrior+Priest,Hunter+Priest,Warrior+Priest,7056,team1,kill,58.38
control:Hunter+Priest_vs_Warrior+Priest,Hunter+Priest,Warrior+Priest,7057,team1,kill,60.97
control:Hunter+Priest_vs_Warrior+Priest,Hunter+Priest,Warrior+Priest,7058,team1,kill,63.97
control:Hunter+Priest_vs_Warrior+Priest,Hunter+Priest,Warrior+Priest,7059,team1,kill,58.75
control:Hunter+Priest_vs_Warrior+Priest,Hunter+Priest,Warrior+Priest,7060,team1,kill,70.73
control:Hunter+Priest_vs_Warrior+Priest,Hunter+Priest,Warrior+Priest,7061,team1,kill,69.70
control:Hunter+Priest_vs_Warrior+Priest,Hunter+Priest,Warrior+Priest,7062,team1,kill,64.85
control:Hunter+Priest_vs_Warrior+Priest,Hunter+Priest,Warrior+Priest,7063,team1,kill,56.48
control:Hunter+Priest_vs_Warrior+Priest,Hunter+Priest,Warrior+Priest,7064,team1,kill,65.30
control:Hunter+Priest_vs_Warrior+Priest,Hunter+Priest,Warrior+Priest,7065,team2,kill,72.88
control:Hunter+Priest_vs_Warrior+Priest,Hunter+Priest,Warrior+Priest,7066,team1,kill,65.67
control:Hunter+Priest_vs_Warrior+Priest,Hunter+Priest,Warrior+Priest,7067,team1,kill,61.25
control:Hunter+Priest_vs_Warrior+Priest,Hunter+Priest,Warrior+Priest,7068,team1,kill,61.15
control:Hunter+Priest_vs_Warrior+Priest,Hunter+Priest,Warrior+Priest,7069,team1,kill,56.20
control:Hunter+Priest_vs_Warrior+Priest,Hunter+Priest,Warrior+Priest,7070,team1,kill,58.98
control:Hunter+Priest_vs_Warrior+Priest,Hunter+Priest,Warrior+Priest,7071,team1,kill,78.40
control:Hunter+Priest_vs_Warrior+Priest,Hunter+Priest,Warrior+Priest,7072,team2,kill,60.60
control:Hunter+Priest_vs_Warrior+Priest,Hunter+Priest,Warrior+Priest,7073,team1,kill,65.80
control:Hunter+Priest_vs_Warrior+Priest,Hunter+Priest,Warrior+Priest,7074,team1,kill,56.35
control:Hunter+Priest_vs_Warrior+Priest,Hunter+Priest,Warrior+Priest,7075,team1,kill,69.25
control:Hunter+Priest_vs_Warrior+Priest,Hunter+Priest,Warrior+Priest,7076,team1,kill,53.38
control:Hunter+Priest_vs_Warrior+Priest,Hunter+Priest,Warrior+Priest,7077,team1,kill,61.25
control:Hunter+Priest_vs_Warrior+Priest,Hunter+Priest,Warrior+Priest,7078,team1,kill,72.93
control:Hunter+Priest_vs_Warrior+Priest,Hunter+Priest,Warrior+Priest,7079,team1,kill,61.43
control:Hunter+Priest_vs_Warrior+Priest,Hunter+Priest,Warrior+Priest,7080,team1,kill,52.57
control:Hunter+Priest_vs_Warrior+Priest,Hunter+Priest,Warrior+Priest,7081,team1,kill,70.48
control:Hunter+Priest_vs_Warrior+Priest,Hunter+Priest,Warrior+Priest,7082,team1,kill,68.23
control:Hunter+Priest_vs_Warrior+Priest,Hunter+Priest,Warrior+Priest,7083,team1,kill,58.22
control:Hunter+Priest_vs_Warrior+Priest,Hunter+Priest,Warrior+Priest,7084,team1,kill,71.62
control:Hunter+Priest_vs_Warrior+Priest,Hunter+Priest,Warrior+Priest,7085,team1,kill,70.07
control:Hunter+Priest_vs_Warrior+Priest,Hunter+Priest,Warrior+Priest,7086,team1,kill,72.77
control:Hunter+Priest_vs_Warrior+Priest,Hunter+Priest,Warrior+Priest,7087,team1,kill,69.32
control:Hunter+Priest_vs_Warrior+Priest,Hunter+Priest,Warrior+Priest,7088,team1,kill,71.27
control:Hunter+Priest_vs_Warrior+Priest,Hunter+Priest,Warrior+Priest,7089,team1,kill,67.90
control:Hunter+Priest_vs_Warrior+Priest,Hunter+Priest,Warrior+Priest,7090,team2,kill,63.98
control:Hunter+Priest_vs_Warrior+Priest,Hunter+Priest,Warrior+Priest,7091,team1,kill,61.25
control:Hunter+Priest_vs_Warrior+Priest,Hunter+Priest,Warrior+Priest,7092,team1,kill,65.10
control:Hunter+Priest_vs_Warrior+Priest,Hunter+Priest,Warrior+Priest,7093,team1,kill,69.38
control:Hunter+Priest_vs_Warrior+Priest,Hunter+Priest,Warrior+Priest,7094,team2,kill,57.97
control:Hunter+Priest_vs_Warrior+Priest,Hunter+Priest,Warrior+Priest,7095,team1,kill,74.13
control:Hunter+Priest_vs_Warrior+Priest,Hunter+Priest,Warrior+Priest,7096,team1,kill,59.82
control:Hunter+Priest_vs_Warrior+Priest,Hunter+Priest,Warrior+Priest,7097,team1,kill,54.17
control:Hunter+Priest_vs_Warrior+Priest,Hunter+Priest,Warrior+Priest,7098,team1,kill,66.77
control:Hunter+Priest_vs_Warrior+Priest,Hunter+Priest,Warrior+Priest,7099,team1,kill,69.63
control:Mage+Priest_vs_Warrior+Priest,Mage+Priest,Warrior+Priest,7000,team1,kill,35.48
control:Mage+Priest_vs_Warrior+Priest,Mage+Priest,Warrior+Priest,7001,team1,kill,37.85
control:Mage+Priest_vs_Warrior+Priest,Mage+Priest,Warrior+Priest,7002,team1,kill,40.88
control:Mage+Priest_vs_Warrior+Priest,Mage+Priest,Warrior+Priest,7003,team1,kill,48.62
control:Mage+Priest_vs_Warrior+Priest,Mage+Priest,Warrior+Priest,7004,team1,kill,38.02
control:Mage+Priest_vs_Warrior+Priest,Mage+Priest,Warrior+Priest,7005,team1,kill,34.97
control:Mage+Priest_vs_Warrior+Priest,Mage+Priest,Warrior+Priest,7006,team1,kill,34.50
control:Mage+Priest_vs_Warrior+Priest,Mage+Priest,Warrior+Priest,7007,team1,kill,38.97
control:Mage+Priest_vs_Warrior+Priest,Mage+Priest,Warrior+Priest,7008,team1,kill,44.43
control:Mage+Priest_vs_Warrior+Priest,Mage+Priest,Warrior+Priest,7009,team1,kill,35.48
control:Mage+Priest_vs_Warrior+Priest,Mage+Priest,Warrior+Priest,7010,team1,kill,46.15
control:Mage+Priest_vs_Warrior+Priest,Mage+Priest,Warrior+Priest,7011,team1,kill,39.35
control:Mage+Priest_vs_Warrior+Priest,Mage+Priest,Warrior+Priest,7012,team1,kill,42.52
control:Mage+Priest_vs_Warrior+Priest,Mage+Priest,Warrior+Priest,7013,team1,kill,32.62
control:Mage+Priest_vs_Warrior+Priest,Mage+Priest,Warrior+Priest,7014,team1,kill,40.43
control:Mage+Priest_vs_Warrior+Priest,Mage+Priest,Warrior+Priest,7015,team1,kill,35.43
control:Mage+Priest_vs_Warrior+Priest,Mage+Priest,Warrior+Priest,7016,team1,kill,54.83
control:Mage+Priest_vs_Warrior+Priest,Mage+Priest,Warrior+Priest,7017,team1,kill,38.95
control:Mage+Priest_vs_Warrior+Priest,Mage+Priest,Warrior+Priest,7018,team1,kill,34.42
control:Mage+Priest_vs_Warrior+Priest,Mage+Priest,Warrior+Priest,7019,team1,kill,31.45
control:Mage+Priest_vs_Warrior+Priest,Mage+Priest,Warrior+Priest,7020,team1,kill,56.13
control:Mage+Priest_vs_Warrior+Priest,Mage+Priest,Warrior+Priest,7021,team1,kill,45.32
control:Mage+Priest_vs_Warrior+Priest,Mage+Priest,Warrior+Priest,7022,team1,kill,42.43
control:Mage+Priest_vs_Warrior+Priest,Mage+Priest,Warrior+Priest,7023,team1,kill,46.67
control:Mage+Priest_vs_Warrior+Priest,Mage+Priest,Warrior+Priest,7024,team1,kill,38.98
control:Mage+Priest_vs_Warrior+Priest,Mage+Priest,Warrior+Priest,7025,team1,kill,43.33
control:Mage+Priest_vs_Warrior+Priest,Mage+Priest,Warrior+Priest,7026,team1,kill,40.62
control:Mage+Priest_vs_Warrior+Priest,Mage+Priest,Warrior+Priest,7027,team1,kill,35.23
control:Mage+Priest_vs_Warrior+Priest,Mage+Priest,Warrior+Priest,7028,team1,kill,41.68
control:Mage+Priest_vs_Warrior+Priest,Mage+Priest,Warrior+Priest,7029,team2,kill,48.15
control:Mage+Priest_vs_Warrior+Priest,Mage+Priest,Warrior+Priest,7030,team1,kill,50.73
control:Mage+Priest_vs_Warrior+Priest,Mage+Priest,Warrior+Priest,7031,team1,kill,41.08
control:Mage+Priest_vs_Warrior+Priest,Mage+Priest,Warrior+Priest,7032,team1,kill,39.03
control:Mage+Priest_vs_Warrior+Priest,Mage+Priest,Warrior+Priest,7033,team1,kill,50.88
control:Mage+Priest_vs_Warrior+Priest,Mage+Priest,Warrior+Priest,7034,team1,kill,35.50
control:Mage+Priest_vs_Warrior+Priest,Mage+Priest,Warrior+Priest,7035,team1,kill,39.37
control:Mage+Priest_vs_Warrior+Priest,Mage+Priest,Warrior+Priest,7036,team1,kill,53.77
control:Mage+Priest_vs_Warrior+Priest,Mage+Priest,Warrior+Priest,7037,team1,kill,31.53
control:Mage+Priest_vs_Warrior+Priest,Mage+Priest,Warrior+Priest,7038,team1,kill,45.00
control:Mage+Priest_vs_Warrior+Priest,Mage+Priest,Warrior+Priest,7039,team1,kill,36.07
control:Mage+Priest_vs_Warrior+Priest,Mage+Priest,Warrior+Priest,7040,team1,kill,40.90
control:Mage+Priest_vs_Warrior+Priest,Mage+Priest,Warrior+Priest,7041,team2,kill,49.30
control:Mage+Priest_vs_Warrior+Priest,Mage+Priest,Warrior+Priest,7042,team1,kill,40.15
control:Mage+Priest_vs_Warrior+Priest,Mage+Priest,Warrior+Priest,7043,team1,kill,30.42
control:Mage+Priest_vs_Warrior+Priest,Mage+Priest,Warrior+Priest,7044,team1,kill,38.07
control:Mage+Priest_vs_Warrior+Priest,Mage+Priest,Warrior+Priest,7045,team1,kill,35.52
control:Mage+Priest_vs_Warrior+Priest,Mage+Priest,Warrior+Priest,7046,team1,kill,34.43
control:Mage+Priest_vs_Warrior+Priest,Mage+Priest,Warrior+Priest,7047,team1,kill,37.00
control:Mage+Priest_vs_Warrior+Priest,Mage+Priest,Warrior+Priest,7048,team1,kill,32.60
control:Mage+Priest_vs_Warrior+Priest,Mage+Priest,Warrior+Priest,7049,team1,kill,37.00
control:Mage+Priest_vs_Warrior+Priest,Mage+Priest,Warrior+Priest,7050,team1,kill,52.82
control:Mage+Priest_vs_Warrior+Priest,Mage+Priest,Warrior+Priest,7051,team1,kill,67.62
control:Mage+Priest_vs_Warrior+Priest,Mage+Priest,Warrior+Priest,7052,team1,kill,34.03
control:Mage+Priest_vs_Warrior+Priest,Mage+Priest,Warrior+Priest,7053,team1,kill,34.13
control:Mage+Priest_vs_Warrior+Priest,Mage+Priest,Warrior+Priest,7054,team1,kill,37.47
control:Mage+Priest_vs_Warrior+Priest,Mage+Priest,Warrior+Priest,7055,team1,kill,32.60
control:Mage+Priest_vs_Warrior+Priest,Mage+Priest,Warrior+Priest,7056,team1,kill,36.08
control:Mage+Priest_vs_Warrior+Priest,Mage+Priest,Warrior+Priest,7057,team1,kill,40.58
control:Mage+Priest_vs_Warrior+Priest,Mage+Priest,Warrior+Priest,7058,team1,kill,32.55
control:Mage+Priest_vs_Warrior+Priest,Mage+Priest,Warrior+Priest,7059,team1,kill,53.50
control:Mage+Priest_vs_Warrior+Priest,Mage+Priest,Warrior+Priest,7060,team1,kill,43.63
control:Mage+Priest_vs_Warrior+Priest,Mage+Priest,Warrior+Priest,7061,team1,kill,36.03
control:Mage+Priest_vs_Warrior+Priest,Mage+Priest,Warrior+Priest,7062,team1,kill,36.50
control:Mage+Priest_vs_Warrior+Priest,Mage+Priest,Warrior+Priest,7063,team1,kill,57.60
control:Mage+Priest_vs_Warrior+Priest,Mage+Priest,Warrior+Priest,7064,team1,kill,33.03
control:Mage+Priest_vs_Warrior+Priest,Mage+Priest,Warrior+Priest,7065,team1,kill,36.90
control:Mage+Priest_vs_Warrior+Priest,Mage+Priest,Warrior+Priest,7066,team1,kill,34.55
control:Mage+Priest_vs_Warrior+Priest,Mage+Priest,Warrior+Priest,7067,team1,kill,60.68
control:Mage+Priest_vs_Warrior+Priest,Mage+Priest,Warrior+Priest,7068,team1,kill,50.62
control:Mage+Priest_vs_Warrior+Priest,Mage+Priest,Warrior+Priest,7069,team1,kill,40.90
control:Mage+Priest_vs_Warrior+Priest,Mage+Priest,Warrior+Priest,7070,team1,kill,60.78
control:Mage+Priest_vs_Warrior+Priest,Mage+Priest,Warrior+Priest,7071,team1,kill,35.52
control:Mage+Priest_vs_Warrior+Priest,Mage+Priest,Warrior+Priest,7072,team1,kill,34.08
control:Mage+Priest_vs_Warrior+Priest,Mage+Priest,Warrior+Priest,7073,team1,kill,36.02
control:Mage+Priest_vs_Warrior+Priest,Mage+Priest,Warrior+Priest,7074,team1,kill,40.42
control:Mage+Priest_vs_Warrior+Priest,Mage+Priest,Warrior+Priest,7075,team1,kill,41.90
control:Mage+Priest_vs_Warrior+Priest,Mage+Priest,Warrior+Priest,7076,team1,kill,35.50
control:Mage+Priest_vs_Warrior+Priest,Mage+Priest,Warrior+Priest,7077,team1,kill,35.45
control:Mage+Priest_vs_Warrior+Priest,Mage+Priest,Warrior+Priest,7078,team1,kill,42.63
control:Mage+Priest_vs_Warrior+Priest,Mage+Priest,Warrior+Priest,7079,team1,kill,40.63
control:Mage+Priest_vs_Warrior+Priest,Mage+Priest,Warrior+Priest,7080,team1,kill,40.62
control:Mage+Priest_vs_Warrior+Priest,Mage+Priest,Warrior+Priest,7081,team2,kill,78.59
control:Mage+Priest_vs_Warrior+Priest,Mage+Priest,Warrior+Priest,7082,team1,kill,41.02
control:Mage+Priest_vs_Warrior+Priest,Mage+Priest,Warrior+Priest,7083,team1,kill,36.97
control:Mage+Priest_vs_Warrior+Priest,Mage+Priest,Warrior+Priest,7084,team1,kill,32.58
control:Mage+Priest_vs_Warrior+Priest,Mage+Priest,Warrior+Priest,7085,team1,kill,40.93
control:Mage+Priest_vs_Warrior+Priest,Mage+Priest,Warrior+Priest,7086,team1,kill,42.92
control:Mage+Priest_vs_Warrior+Priest,Mage+Priest,Warrior+Priest,7087,team1,kill,50.62
control:Mage+Priest_vs_Warrior+Priest,Mage+Priest,Warrior+Priest,7088,team1,kill,59.13
control:Mage+Priest_vs_Warrior+Priest,Mage+Priest,Warrior+Priest,7089,team1,kill,46.60
control:Mage+Priest_vs_Warrior+Priest,Mage+Priest,Warrior+Priest,7090,team1,kill,34.42
control:Mage+Priest_vs_Warrior+Priest,Mage+Priest,Warrior+Priest,7091,team1,kill,40.63
control:Mage+Priest_vs_Warrior+Priest,Mage+Priest,Warrior+Priest,7092,team1,kill,35.65
control:Mage+Priest_vs_Warrior+Priest,Mage+Priest,Warrior+Priest,7093,team1,kill,60.67
control:Mage+Priest_vs_Warrior+Priest,Mage+Priest,Warrior+Priest,7094,team1,kill,39.92
control:Mage+Priest_vs_Warrior+Priest,Mage+Priest,Warrior+Priest,7095,team1,kill,36.07
control:Mage+Priest_vs_Warrior+Priest,Mage+Priest,Warrior+Priest,7096,team1,kill,40.52
control:Mage+Priest_vs_Warrior+Priest,Mage+Priest,Warrior+Priest,7097,team1,kill,35.32
control:Mage+Priest_vs_Warrior+Priest,Mage+Priest,Warrior+Priest,7098,team1,kill,40.48
control:Mage+Priest_vs_Warrior+Priest,Mage+Priest,Warrior+Priest,7099,team1,kill,35.65
control:Shaman+Rogue_vs_Priest+Paladin,Shaman+Rogue,Priest+Paladin,7000,team1,kill,83.89
control:Shaman+Rogue_vs_Priest+Paladin,Shaman+Rogue,Priest+Paladin,7001,team1,kill,63.23
control:Shaman+Rogue_vs_Priest+Paladin,Shaman+Rogue,Priest+Paladin,7002,team1,kill,82.74
control:Shaman+Rogue_vs_Priest+Paladin,Shaman+Rogue,Priest+Paladin,7003,team1,kill,63.05
control:Shaman+Rogue_vs_Priest+Paladin,Shaman+Rogue,Priest+Paladin,7004,team2,kill,116.31
control:Shaman+Rogue_vs_Priest+Paladin,Shaman+Rogue,Priest+Paladin,7005,team2,kill,76.35
control:Shaman+Rogue_vs_Priest+Paladin,Shaman+Rogue,Priest+Paladin,7006,team1,kill,68.57
control:Shaman+Rogue_vs_Priest+Paladin,Shaman+Rogue,Priest+Paladin,7007,team1,kill,91.39
control:Shaman+Rogue_vs_Priest+Paladin,Shaman+Rogue,Priest+Paladin,7008,team1,kill,84.87
control:Shaman+Rogue_vs_Priest+Paladin,Shaman+Rogue,Priest+Paladin,7009,team1,kill,92.87
control:Shaman+Rogue_vs_Priest+Paladin,Shaman+Rogue,Priest+Paladin,7010,team1,kill,99.97
control:Shaman+Rogue_vs_Priest+Paladin,Shaman+Rogue,Priest+Paladin,7011,team1,kill,73.20
control:Shaman+Rogue_vs_Priest+Paladin,Shaman+Rogue,Priest+Paladin,7012,team2,kill,68.62
control:Shaman+Rogue_vs_Priest+Paladin,Shaman+Rogue,Priest+Paladin,7013,team1,kill,102.47
control:Shaman+Rogue_vs_Priest+Paladin,Shaman+Rogue,Priest+Paladin,7014,team1,kill,87.42
control:Shaman+Rogue_vs_Priest+Paladin,Shaman+Rogue,Priest+Paladin,7015,team1,kill,88.20
control:Shaman+Rogue_vs_Priest+Paladin,Shaman+Rogue,Priest+Paladin,7016,team1,kill,93.47
control:Shaman+Rogue_vs_Priest+Paladin,Shaman+Rogue,Priest+Paladin,7017,team1,kill,90.25
control:Shaman+Rogue_vs_Priest+Paladin,Shaman+Rogue,Priest+Paladin,7018,team1,kill,84.15
control:Shaman+Rogue_vs_Priest+Paladin,Shaman+Rogue,Priest+Paladin,7019,team1,kill,78.07
control:Shaman+Rogue_vs_Priest+Paladin,Shaman+Rogue,Priest+Paladin,7020,team1,kill,94.02
control:Shaman+Rogue_vs_Priest+Paladin,Shaman+Rogue,Priest+Paladin,7021,team1,kill,76.72
control:Shaman+Rogue_vs_Priest+Paladin,Shaman+Rogue,Priest+Paladin,7022,team1,kill,102.39
control:Shaman+Rogue_vs_Priest+Paladin,Shaman+Rogue,Priest+Paladin,7023,team1,kill,65.73
control:Shaman+Rogue_vs_Priest+Paladin,Shaman+Rogue,Priest+Paladin,7024,team1,kill,94.76
control:Shaman+Rogue_vs_Priest+Paladin,Shaman+Rogue,Priest+Paladin,7025,team1,kill,86.92
control:Shaman+Rogue_vs_Priest+Paladin,Shaman+Rogue,Priest+Paladin,7026,team1,kill,81.02
control:Shaman+Rogue_vs_Priest+Paladin,Shaman+Rogue,Priest+Paladin,7027,team1,kill,66.98
control:Shaman+Rogue_vs_Priest+Paladin,Shaman+Rogue,Priest+Paladin,7028,team1,kill,84.60
control:Shaman+Rogue_vs_Priest+Paladin,Shaman+Rogue,Priest+Paladin,7029,team1,kill,91.87
control:Shaman+Rogue_vs_Priest+Paladin,Shaman+Rogue,Priest+Paladin,7030,team1,kill,90.50
control:Shaman+Rogue_vs_Priest+Paladin,Shaman+Rogue,Priest+Paladin,7031,team1,kill,68.97
control:Shaman+Rogue_vs_Priest+Paladin,Shaman+Rogue,Priest+Paladin,7032,team1,kill,103.87
control:Shaman+Rogue_vs_Priest+Paladin,Shaman+Rogue,Priest+Paladin,7033,team1,kill,61.90
control:Shaman+Rogue_vs_Priest+Paladin,Shaman+Rogue,Priest+Paladin,7034,team1,kill,80.85
control:Shaman+Rogue_vs_Priest+Paladin,Shaman+Rogue,Priest+Paladin,7035,team1,kill,84.24
control:Shaman+Rogue_vs_Priest+Paladin,Shaman+Rogue,Priest+Paladin,7036,team1,kill,69.25
control:Shaman+Rogue_vs_Priest+Paladin,Shaman+Rogue,Priest+Paladin,7037,team1,kill,69.12
control:Shaman+Rogue_vs_Priest+Paladin,Shaman+Rogue,Priest+Paladin,7038,team1,kill,130.75
control:Shaman+Rogue_vs_Priest+Paladin,Shaman+Rogue,Priest+Paladin,7039,team1,kill,69.68
control:Shaman+Rogue_vs_Priest+Paladin,Shaman+Rogue,Priest+Paladin,7040,team1,kill,86.00
control:Shaman+Rogue_vs_Priest+Paladin,Shaman+Rogue,Priest+Paladin,7041,team1,kill,77.52
control:Shaman+Rogue_vs_Priest+Paladin,Shaman+Rogue,Priest+Paladin,7042,team1,kill,88.44
control:Shaman+Rogue_vs_Priest+Paladin,Shaman+Rogue,Priest+Paladin,7043,team1,kill,83.10
control:Shaman+Rogue_vs_Priest+Paladin,Shaman+Rogue,Priest+Paladin,7044,team1,kill,81.52
control:Shaman+Rogue_vs_Priest+Paladin,Shaman+Rogue,Priest+Paladin,7045,team1,kill,58.95
control:Shaman+Rogue_vs_Priest+Paladin,Shaman+Rogue,Priest+Paladin,7046,team1,kill,98.86
control:Shaman+Rogue_vs_Priest+Paladin,Shaman+Rogue,Priest+Paladin,7047,team1,kill,90.27
control:Shaman+Rogue_vs_Priest+Paladin,Shaman+Rogue,Priest+Paladin,7048,team1,kill,69.03
control:Shaman+Rogue_vs_Priest+Paladin,Shaman+Rogue,Priest+Paladin,7049,team1,kill,175.82
control:Shaman+Rogue_vs_Priest+Paladin,Shaman+Rogue,Priest+Paladin,7050,team1,kill,90.52
control:Shaman+Rogue_vs_Priest+Paladin,Shaman+Rogue,Priest+Paladin,7051,team1,kill,106.41
control:Shaman+Rogue_vs_Priest+Paladin,Shaman+Rogue,Priest+Paladin,7052,team2,kill,185.95
control:Shaman+Rogue_vs_Priest+Paladin,Shaman+Rogue,Priest+Paladin,7053,team1,kill,61.98
control:Shaman+Rogue_vs_Priest+Paladin,Shaman+Rogue,Priest+Paladin,7054,team1,kill,74.53
control:Shaman+Rogue_vs_Priest+Paladin,Shaman+Rogue,Priest+Paladin,7055,team1,kill,91.24
control:Shaman+Rogue_vs_Priest+Paladin,Shaman+Rogue,Priest+Paladin,7056,team2,kill,203.96
control:Shaman+Rogue_vs_Priest+Paladin,Shaman+Rogue,Priest+Paladin,7057,team1,kill,87.60
control:Shaman+Rogue_vs_Priest+Paladin,Shaman+Rogue,Priest+Paladin,7058,team1,kill,88.47
control:Shaman+Rogue_vs_Priest+Paladin,Shaman+Rogue,Priest+Paladin,7059,team1,kill,99.11
control:Shaman+Rogue_vs_Priest+Paladin,Shaman+Rogue,Priest+Paladin,7060,team1,kill,99.04
control:Shaman+Rogue_vs_Priest+Paladin,Shaman+Rogue,Priest+Paladin,7061,team1,kill,78.32
control:Shaman+Rogue_vs_Priest+Paladin,Shaman+Rogue,Priest+Paladin,7062,team2,kill,149.04
control:Shaman+Rogue_vs_Priest+Paladin,Shaman+Rogue,Priest+Paladin,7063,team1,kill,90.57
control:Shaman+Rogue_vs_Priest+Paladin,Shaman+Rogue,Priest+Paladin,7064,team1,kill,92.62
control:Shaman+Rogue_vs_Priest+Paladin,Shaman+Rogue,Priest+Paladin,7065,team1,kill,77.95
control:Shaman+Rogue_vs_Priest+Paladin,Shaman+Rogue,Priest+Paladin,7066,team1,kill,90.49
control:Shaman+Rogue_vs_Priest+Paladin,Shaman+Rogue,Priest+Paladin,7067,team1,kill,88.79
control:Shaman+Rogue_vs_Priest+Paladin,Shaman+Rogue,Priest+Paladin,7068,team1,kill,76.29
control:Shaman+Rogue_vs_Priest+Paladin,Shaman+Rogue,Priest+Paladin,7069,team1,kill,73.05
control:Shaman+Rogue_vs_Priest+Paladin,Shaman+Rogue,Priest+Paladin,7070,team1,kill,72.10
control:Shaman+Rogue_vs_Priest+Paladin,Shaman+Rogue,Priest+Paladin,7071,team2,kill,136.14
control:Shaman+Rogue_vs_Priest+Paladin,Shaman+Rogue,Priest+Paladin,7072,team1,kill,61.25
control:Shaman+Rogue_vs_Priest+Paladin,Shaman+Rogue,Priest+Paladin,7073,team1,kill,62.45
control:Shaman+Rogue_vs_Priest+Paladin,Shaman+Rogue,Priest+Paladin,7074,team1,kill,80.09
control:Shaman+Rogue_vs_Priest+Paladin,Shaman+Rogue,Priest+Paladin,7075,team1,kill,79.02
control:Shaman+Rogue_vs_Priest+Paladin,Shaman+Rogue,Priest+Paladin,7076,team1,kill,75.84
control:Shaman+Rogue_vs_Priest+Paladin,Shaman+Rogue,Priest+Paladin,7077,team1,kill,78.77
control:Shaman+Rogue_vs_Priest+Paladin,Shaman+Rogue,Priest+Paladin,7078,team1,kill,184.95
control:Shaman+Rogue_vs_Priest+Paladin,Shaman+Rogue,Priest+Paladin,7079,team1,kill,78.87
control:Shaman+Rogue_vs_Priest+Paladin,Shaman+Rogue,Priest+Paladin,7080,team1,kill,83.37
control:Shaman+Rogue_vs_Priest+Paladin,Shaman+Rogue,Priest+Paladin,7081,team1,kill,90.04
control:Shaman+Rogue_vs_Priest+Paladin,Shaman+Rogue,Priest+Paladin,7082,team1,kill,88.09
control:Shaman+Rogue_vs_Priest+Paladin,Shaman+Rogue,Priest+Paladin,7083,team1,kill,79.44
control:Shaman+Rogue_vs_Priest+Paladin,Shaman+Rogue,Priest+Paladin,7084,team1,kill,85.89
control:Shaman+Rogue_vs_Priest+Paladin,Shaman+Rogue,Priest+Paladin,7085,team1,kill,77.09
control:Shaman+Rogue_vs_Priest+Paladin,Shaman+Rogue,Priest+Paladin,7086,team1,kill,78.69
control:Shaman+Rogue_vs_Priest+Paladin,Shaman+Rogue,Priest+Paladin,7087,team1,kill,82.50
control:Shaman+Rogue_vs_Priest+Paladin,Shaman+Rogue,Priest+Paladin,7088,team1,kill,90.60
control:Shaman+Rogue_vs_Priest+Paladin,Shaman+Rogue,Priest+Paladin,7089,team1,kill,83.47
control:Shaman+Rogue_vs_Priest+Paladin,Shaman+Rogue,Priest+Paladin,7090,team1,kill,96.69
control:Shaman+Rogue_vs_Priest+Paladin,Shaman+Rogue,Priest+Paladin,7091,team1,kill,91.66
control:Shaman+Rogue_vs_Priest+Paladin,Shaman+Rogue,Priest+Paladin,7092,team1,kill,71.47
control:Shaman+Rogue_vs_Priest+Paladin,Shaman+Rogue,Priest+Paladin,7093,team1,kill,78.59
control:Shaman+Rogue_vs_Priest+Paladin,Shaman+Rogue,Priest+Paladin,7094,team1,kill,81.14
control:Shaman+Rogue_vs_Priest+Paladin,Shaman+Rogue,Priest+Paladin,7095,team1,kill,186.42
control:Shaman+Rogue_vs_Priest+Paladin,Shaman+Rogue,Priest+Paladin,7096,team1,kill,89.94
control:Shaman+Rogue_vs_Priest+Paladin,Shaman+Rogue,Priest+Paladin,7097,team1,kill,73.42
control:Shaman+Rogue_vs_Priest+Paladin,Shaman+Rogue,Priest+Paladin,7098,team2,kill,87.85
control:Shaman+Rogue_vs_Priest+Paladin,Shaman+Rogue,Priest+Paladin,7099,team1,kill,77.02
control:Hunter+Priest+Warrior_vs_Mage+Priest+Rogue,Hunter+Priest+Warrior,Mage+Priest+Rogue,7000,team2,kill,35.65
control:Hunter+Priest+Warrior_vs_Mage+Priest+Rogue,Hunter+Priest+Warrior,Mage+Priest+Rogue,7001,team2,kill,50.72
control:Hunter+Priest+Warrior_vs_Mage+Priest+Rogue,Hunter+Priest+Warrior,Mage+Priest+Rogue,7002,team2,kill,53.15
control:Hunter+Priest+Warrior_vs_Mage+Priest+Rogue,Hunter+Priest+Warrior,Mage+Priest+Rogue,7003,team2,kill,37.15
control:Hunter+Priest+Warrior_vs_Mage+Priest+Rogue,Hunter+Priest+Warrior,Mage+Priest+Rogue,7004,team1,kill,45.35
control:Hunter+Priest+Warrior_vs_Mage+Priest+Rogue,Hunter+Priest+Warrior,Mage+Priest+Rogue,7005,team2,kill,33.97
control:Hunter+Priest+Warrior_vs_Mage+Priest+Rogue,Hunter+Priest+Warrior,Mage+Priest+Rogue,7006,team2,kill,49.93
control:Hunter+Priest+Warrior_vs_Mage+Priest+Rogue,Hunter+Priest+Warrior,Mage+Priest+Rogue,7007,team2,kill,46.52
control:Hunter+Priest+Warrior_vs_Mage+Priest+Rogue,Hunter+Priest+Warrior,Mage+Priest+Rogue,7008,team2,kill,57.30
control:Hunter+Priest+Warrior_vs_Mage+Priest+Rogue,Hunter+Priest+Warrior,Mage+Priest+Rogue,7009,team2,kill,52.97
control:Hunter+Priest+Warrior_vs_Mage+Priest+Rogue,Hunter+Priest+Warrior,Mage+Priest+Rogue,7010,team1,kill,35.28
control:Hunter+Priest+Warrior_vs_Mage+Priest+Rogue,Hunter+Priest+Warrior,Mage+Priest+Rogue,7011,team2,kill,37.08
control:Hunter+Priest+Warrior_vs_Mage+Priest+Rogue,Hunter+Priest+Warrior,Mage+Priest+Rogue,7012,team2,kill,45.12
control:Hunter+Priest+Warrior_vs_Mage+Priest+Rogue,Hunter+Priest+Warrior,Mage+Priest+Rogue,7013,team2,kill,49.72
control:Hunter+Priest+Warrior_vs_Mage+Priest+Rogue,Hunter+Priest+Warrior,Mage+Priest+Rogue,7014,team2,kill,52.77
control:Hunter+Priest+Warrior_vs_Mage+Priest+Rogue,Hunter+Priest+Warrior,Mage+Priest+Rogue,7015,team2,kill,53.65
control:Hunter+Priest+Warrior_vs_Mage+Priest+Rogue,Hunter+Priest+Warrior,Mage+Priest+Rogue,7016,team2,kill,41.52
control:Hunter+Priest+Warrior_vs_Mage+Priest+Rogue,Hunter+Priest+Warrior,Mage+Priest+Rogue,7017,team2,kill,40.98
control:Hunter+Priest+Warrior_vs_Mage+Priest+Rogue,Hunter+Priest+Warrior,Mage+Priest+Rogue,7018,team2,kill,35.50
control:Hunter+Priest+Warrior_vs_Mage+Priest+Rogue,Hunter+Priest+Warrior,Mage+Priest+Rogue,7019,team2,kill,47.17
control:Hunter+Priest+Warrior_vs_Mage+Priest+Rogue,Hunter+Priest+Warrior,Mage+Priest+Rogue,7020,team1,kill,29.72
control:Hunter+Priest+Warrior_vs_Mage+Priest+Rogue,Hunter+Priest+Warrior,Mage+Priest+Rogue,7021,team2,kill,37.35
control:Hunter+Priest+Warrior_vs_Mage+Priest+Rogue,Hunter+Priest+Warrior,Mage+Priest+Rogue,7022,team2,kill,53.42
control:Hunter+Priest+Warrior_vs_Mage+Priest+Rogue,Hunter+Priest+Warrior,Mage+Priest+Rogue,7023,team1,kill,39.27
control:Hunter+Priest+Warrior_vs_Mage+Priest+Rogue,Hunter+Priest+Warrior,Mage+Priest+Rogue,7024,team2,kill,41.20
control:Hunter+Priest+Warrior_vs_Mage+Priest+Rogue,Hunter+Priest+Warrior,Mage+Priest+Rogue,7025,team2,kill,52.00
control:Hunter+Priest+Warrior_vs_Mage+Priest+Rogue,Hunter+Priest+Warrior,Mage+Priest+Rogue,7026,team2,kill,45.68
control:Hunter+Priest+Warrior_vs_Mage+Priest+Rogue,Hunter+Priest+Warrior,Mage+Priest+Rogue,7027,team2,kill,50.22
control:Hunter+Priest+Warrior_vs_Mage+Priest+Rogue,Hunter+Priest+Warrior,Mage+Priest+Rogue,7028,team2,kill,34.92
control:Hunter+Priest+Warrior_vs_Mage+Priest+Rogue,Hunter+Priest+Warrior,Mage+Priest+Rogue,7029,team1,kill,36.00
control:Hunter+Priest+Warrior_vs_Mage+Priest+Rogue,Hunter+Priest+Warrior,Mage+Priest+Rogue,7030,team2,kill,55.92
control:Hunter+Priest+Warrior_vs_Mage+Priest+Rogue,Hunter+Priest+Warrior,Mage+Priest+Rogue,7031,team2,kill,45.92
control:Hunter+Priest+Warrior_vs_Mage+Priest+Rogue,Hunter+Priest+Warrior,Mage+Priest+Rogue,7032,team2,kill,44.82
control:Hunter+Priest+Warrior_vs_Mage+Priest+Rogue,Hunter+Priest+Warrior,Mage+Priest+Rogue,7033,team2,kill,53.95
control:Hunter+Priest+Warrior_vs_Mage+Priest+Rogue,Hunter+Priest+Warrior,Mage+Priest+Rogue,7034,team2,kill,55.55
control:Hunter+Priest+Warrior_vs_Mage+Priest+Rogue,Hunter+Priest+Warrior,Mage+Priest+Rogue,7035,team2,kill,47.75
control:Hunter+Priest+Warrior_vs_Mage+Priest+Rogue,Hunter+Priest+Warrior,Mage+Priest+Rogue,7036,team2,kill,49.83
control:Hunter+Priest+Warrior_vs_Mage+Priest+Rogue,Hunter+Priest+Warrior,Mage+Priest+Rogue,7037,team2,kill,47.52
control:Hunter+Priest+Warrior_vs_Mage+Priest+Rogue,Hunter+Priest+Warrior,Mage+Priest+Rogue,7038,team2,kill,52.87
control:Hunter+Priest+Warrior_vs_Mage+Priest+Rogue,Hunter+Priest+Warrior,Mage+Priest+Rogue,7039,team2,kill,47.18
control:Hunter+Priest+Warrior_vs_Mage+Priest+Rogue,Hunter+Priest+Warrior,Mage+Priest+Rogue,7040,team2,kill,50.97
control:Hunter+Priest+Warrior_vs_Mage+Priest+Rogue,Hunter+Priest+Warrior,Mage+Priest+Rogue,7041,team2,kill,31.00
control:Hunter+Priest+Warrior_vs_Mage+Priest+Rogue,Hunter+Priest+Warrior,Mage+Priest+Rogue,7042,team2,kill,58.90
control:Hunter+Priest+Warrior_vs_Mage+Priest+Rogue,Hunter+Priest+Warrior,Mage+Priest+Rogue,7043,team2,kill,44.97
control:Hunter+Priest+Warrior_vs_Mage+Priest+Rogue,Hunter+Priest+Warrior,Mage+Priest+Rogue,7044,team2,kill,54.35
control:Hunter+Priest+Warrior_vs_Mage+Priest+Rogue,Hunter+Priest+Warrior,Mage+Priest+Rogue,7045,team2,kill,48.32
control:Hunter+Priest+Warrior_vs_Mage+Priest+Rogue,Hunter+Priest+Warrior,Mage+Priest+Rogue,7046,team2,kill,41.75
control:Hunter+Priest+Warrior_vs_Mage+Priest+Rogue,Hunter+Priest+Warrior,Mage+Priest+Rogue,7047,team2,kill,43.88
control:Hunter+Priest+Warrior_vs_Mage+Priest+Rogue,Hunter+Priest+Warrior,Mage+Priest+Rogue,7048,team1,kill,41.12
control:Hunter+Priest+Warrior_vs_Mage+Priest+Rogue,Hunter+Priest+Warrior,Mage+Priest+Rogue,7049,team2,kill,52.55
control:Hunter+Priest+Warrior_vs_Mage+Priest+Rogue,Hunter+Priest+Warrior,Mage+Priest+Rogue,7050,team2,kill,42.48
control:Hunter+Priest+Warrior_vs_Mage+Priest+Rogue,Hunter+Priest+Warrior,Mage+Priest+Rogue,7051,team2,kill,33.23
control:Hunter+Priest+Warrior_vs_Mage+Priest+Rogue,Hunter+Priest+Warrior,Mage+Priest+Rogue,7052,team2,kill,43.02
control:Hunter+Priest+Warrior_vs_Mage+Priest+Rogue,Hunter+Priest+Warrior,Mage+Priest+Rogue,7053,team1,kill,30.83
control:Hunter+Priest+Warrior_vs_Mage+Priest+Rogue,Hunter+Priest+Warrior,Mage+Priest+Rogue,7054,team2,kill,32.48
control:Hunter+Priest+Warrior_vs_Mage+Priest+Rogue,Hunter+Priest+Warrior,Mage+Priest+Rogue,7055,team1,kill,32.97
control:Hunter+Priest+Warrior_vs_Mage+Priest+Rogue,Hunter+Priest+Warrior,Mage+Priest+Rogue,7056,team2,kill,35.92
control:Hunter+Priest+Warrior_vs_Mage+Priest+Rogue,Hunter+Priest+Warrior,Mage+Priest+Rogue,7057,team2,kill,44.98
control:Hunter+Priest+Warrior_vs_Mage+Priest+Rogue,Hunter+Priest+Warrior,Mage+Priest+Rogue,7058,team2,kill,53.38
control:Hunter+Priest+Warrior_vs_Mage+Priest+Rogue,Hunter+Priest+Warrior,Mage+Priest+Rogue,7059,team2,kill,45.60
control:Hunter+Priest+Warrior_vs_Mage+Priest+Rogue,Hunter+Priest+Warrior,Mage+Priest+Rogue,7060,team1,kill,39.27
control:Hunter+Priest+Warrior_vs_Mage+Priest+Rogue,Hunter+Priest+Warrior,Mage+Priest+Rogue,7061,team2,kill,45.17
control:Hunter+Priest+Warrior_vs_Mage+Priest+Rogue,Hunter+Priest+Warrior,Mage+Priest+Rogue,7062,team2,kill,35.60
control:Hunter+Priest+Warrior_vs_Mage+Priest+Rogue,Hunter+Priest+Warrior,Mage+Priest+Rogue,7063,team2,kill,34.03
control:Hunter+Priest+Warrior_vs_Mage+Priest+Rogue,Hunter+Priest+Warrior,Mage+Priest+Rogue,7064,team2,kill,54.37
control:Hunter+Priest+Warrior_vs_Mage+Priest+Rogue,Hunter+Priest+Warrior,Mage+Priest+Rogue,7065,team2,kill,44.92
control:Hunter+Priest+Warrior_vs_Mage+Priest+Rogue,Hunter+Priest+Warrior,Mage+Priest+Rogue,7066,team2,kill,37.67
control:Hunter+Priest+Warrior_vs_Mage+Priest+Rogue,Hunter+Priest+Warrior,Mage+Priest+Rogue,7067,team2,kill,45.82
control:Hunter+Priest+Warrior_vs_Mage+Priest+Rogue,Hunter+Priest+Warrior,Mage+Priest+Rogue,7068,team2,kill,51.05
control:Hunter+Priest+Warrior_vs_Mage+Priest+Rogue,Hunter+Priest+Warrior,Mage+Priest+Rogue,7069,team2,kill,46.02
control:Hunter+Priest+Warrior_vs_Mage+Priest+Rogue,Hunter+Priest+Warrior,Mage+Priest+Rogue,7070,team2,kill,52.95
control:Hunter+Priest+Warrior_vs_Mage+Priest+Rogue,Hunter+Priest+Warrior,Mage+Priest+Rogue,7071,team2,kill,35.65
control:Hunter+Priest+Warrior_vs_Mage+Priest+Rogue,Hunter+Priest+Warrior,Mage+Priest+Rogue,7072,team2,kill,44.97
control:Hunter+Priest+Warrior_vs_Mage+Priest+Rogue,Hunter+Priest+Warrior,Mage+Priest+Rogue,7073,team2,kill,52.45
control:Hunter+Priest+Warrior_vs_Mage+Priest+Rogue,Hunter+Priest+Warrior,Mage+Priest+Rogue,7074,team2,kill,34.48
control:Hunter+Priest+Warrior_vs_Mage+Priest+Rogue,Hunter+Priest+Warrior,Mage+Priest+Rogue,7075,team2,kill,51.00
control:Hunter+Priest+Warrior_vs_Mage+Priest+Rogue,Hunter+Priest+Warrior,Mage+Priest+Rogue,7076,team2,kill,44.27
control:Hunter+Priest+Warrior_vs_Mage+Priest+Rogue,Hunter+Priest+Warrior,Mage+Priest+Rogue,7077,team2,kill,50.35
control:Hunter+Priest+Warrior_vs_Mage+Priest+Rogue,Hunter+Priest+Warrior,Mage+Priest+Rogue,7078,team1,kill,78.67
control:Hunter+Priest+Warrior_vs_Mage+Priest+Rogue,Hunter+Priest+Warrior,Mage+Priest+Rogue,7079,team1,kill,40.83
control:Hunter+Priest+Warrior_vs_Mage+Priest+Rogue,Hunter+Priest+Warrior,Mage+Priest+Rogue,7080,team2,kill,50.97
control:Hunter+Priest+Warrior_vs_Mage+Priest+Rogue,Hunter+Priest+Warrior,Mage+Priest+Rogue,7081,team1,kill,39.17
control:Hunter+Priest+Warrior_vs_Mage+Priest+Rogue,Hunter+Priest+Warrior,Mage+Priest+Rogue,7082,team2,kill,51.85
control:Hunter+Priest+Warrior_vs_Mage+Priest+Rogue,Hunter+Priest+Warrior,Mage+Priest+Rogue,7083,team2,kill,32.12
control:Hunter+Priest+Warrior_vs_Mage+Priest+Rogue,Hunter+Priest+Warrior,Mage+Priest+Rogue,7084,team2,kill,44.85
control:Hunter+Priest+Warrior_vs_Mage+Priest+Rogue,Hunter+Priest+Warrior,Mage+Priest+Rogue,7085,team2,kill,52.63
control:Hunter+Priest+Warrior_vs_Mage+Priest+Rogue,Hunter+Priest+Warrior,Mage+Priest+Rogue,7086,team2,kill,46.52
control:Hunter+Priest+Warrior_vs_Mage+Priest+Rogue,Hunter+Priest+Warrior,Mage+Priest+Rogue,7087,team2,kill,50.72
control:Hunter+Priest+Warrior_vs_Mage+Priest+Rogue,Hunter+Priest+Warrior,Mage+Priest+Rogue,7088,team2,kill,46.02
control:Hunter+Priest+Warrior_vs_Mage+Priest+Rogue,Hunter+Priest+Warrior,Mage+Priest+Rogue,7089,team2,kill,46.65
control:Hunter+Priest+Warrior_vs_Mage+Priest+Rogue,Hunter+Priest+Warrior,Mage+Priest+Rogue,7090,team2,kill,35.65
control:Hunter+Priest+Warrior_vs_Mage+Priest+Rogue,Hunter+Priest+Warrior,Mage+Priest+Rogue,7091,team2,kill,53.30
control:Hunter+Priest+Warrior_vs_Mage+Priest+Rogue,Hunter+Priest+Warrior,Mage+Priest+Rogue,7092,team2,kill,45.60
control:Hunter+Priest+Warrior_vs_Mage+Priest+Rogue,Hunter+Priest+Warrior,Mage+Priest+Rogue,7093,team2,kill,61.63
control:Hunter+Priest+Warrior_vs_Mage+Priest+Rogue,Hunter+Priest+Warrior,Mage+Priest+Rogue,7094,team2,kill,50.97
control:Hunter+Priest+Warrior_vs_Mage+Priest+Rogue,Hunter+Priest+Warrior,Mage+Priest+Rogue,7095,team2,kill,52.08
control:Hunter+Priest+Warrior_vs_Mage+Priest+Rogue,Hunter+Priest+Warrior,Mage+Priest+Rogue,7096,team2,kill,30.85
control:Hunter+Priest+Warrior_vs_Mage+Priest+Rogue,Hunter+Priest+Warrior,Mage+Priest+Rogue,7097,team2,kill,34.25
control:Hunter+Priest+Warrior_vs_Mage+Priest+Rogue,Hunter+Priest+Warrior,Mage+Priest+Rogue,7098,team2,kill,33.02
control:Hunter+Priest+Warrior_vs_Mage+Priest+Rogue,Hunter+Priest+Warrior,Mage+Priest+Rogue,7099,team2,kill,53.35
