label,team1,team2,seed,winner,end_reason,duration_secs
Mage+Warrior_vs_Warrior+Mage#as87Mage,Mage+Warrior,Warrior+Mage,0,draw,kill,27.10
Mage+Warrior_vs_Warrior+Mage#as87Mage,Mage+Warrior,Warrior+Mage,1,team2,kill,25.65
Mage+Warrior_vs_Warrior+Mage#as87Mage,Mage+Warrior,Warrior+Mage,2,draw,kill,27.17
Mage+Warrior_vs_Warrior+Mage#as87Mage,Mage+Warrior,Warrior+Mage,3,draw,kill,27.10
Mage+Warrior_vs_Warrior+Mage#as87Mage,Mage+Warrior,Warrior+Mage,4,team2,kill,19.52
Mage+Warrior_vs_Warrior+Mage#as87Mage,Mage+Warrior,Warrior+Mage,5,team2,kill,25.58
Mage+Warrior_vs_Warrior+Rogue#as87Mage,Mage+Warrior,Warrior+Rogue,0,team1,kill,21.00
Mage+Warrior_vs_Warrior+Rogue#as87Mage,Mage+Warrior,Warrior+Rogue,1,team1,kill,20.95
Mage+Warrior_vs_Warrior+Rogue#as87Mage,Mage+Warrior,Warrior+Rogue,2,team1,kill,20.95
Mage+Warrior_vs_Warrior+Rogue#as87Mage,Mage+Warrior,Warrior+Rogue,3,team1,kill,20.95
Mage+Warrior_vs_Warrior+Rogue#as87Mage,Mage+Warrior,Warrior+Rogue,4,team2,kill,25.53
Mage+Warrior_vs_Warrior+Rogue#as87Mage,Mage+Warrior,Warrior+Rogue,5,team1,kill,20.95
Mage+Warrior_vs_Warrior+Priest#as87Mage,Mage+Warrior,Warrior+Priest,0,team1,kill,22.97
Mage+Warrior_vs_Warrior+Priest#as87Mage,Mage+Warrior,Warrior+Priest,1,team1,kill,25.13
Mage+Warrior_vs_Warrior+Priest#as87Mage,Mage+Warrior,Warrior+Priest,2,team1,kill,25.20
Mage+Warrior_vs_Warrior+Priest#as87Mage,Mage+Warrior,Warrior+Priest,3,team1,kill,26.32
Mage+Warrior_vs_Warrior+Priest#as87Mage,Mage+Warrior,Warrior+Priest,4,team1,kill,30.05
Mage+Warrior_vs_Warrior+Priest#as87Mage,Mage+Warrior,Warrior+Priest,5,team1,kill,24.10
Mage+Warrior_vs_Warrior+Warlock#as87Mage,Mage+Warrior,Warrior+Warlock,0,team1,kill,25.38
Mage+Warrior_vs_Warrior+Warlock#as87Mage,Mage+Warrior,Warrior+Warlock,1,team1,kill,26.90
Mage+Warrior_vs_Warrior+Warlock#as87Mage,Mage+Warrior,Warrior+Warlock,2,team1,kill,26.90
Mage+Warrior_vs_Warrior+Warlock#as87Mage,Mage+Warrior,Warrior+Warlock,3,team1,kill,20.48
Mage+Warrior_vs_Warrior+Warlock#as87Mage,Mage+Warrior,Warrior+Warlock,4,team1,kill,18.72
Mage+Warrior_vs_Warrior+Warlock#as87Mage,Mage+Warrior,Warrior+Warlock,5,team1,kill,26.90
Mage+Warrior_vs_Warrior+Paladin#as87Mage,Mage+Warrior,Warrior+Paladin,0,team2,kill,39.88
Mage+Warrior_vs_Warrior+Paladin#as87Mage,Mage+Warrior,Warrior+Paladin,1,team2,kill,56.07
Mage+Warrior_vs_Warrior+Paladin#as87Mage,Mage+Warrior,Warrior+Paladin,2,team1,kill,35.67
Mage+Warrior_vs_Warrior+Paladin#as87Mage,Mage+Warrior,Warrior+Paladin,3,team2,kill,58.20
Mage+Warrior_vs_Warrior+Paladin#as87Mage,Mage+Warrior,Warrior+Paladin,4,team2,kill,30.82
Mage+Warrior_vs_Warrior+Paladin#as87Mage,Mage+Warrior,Warrior+Paladin,5,team2,kill,41.03
Mage+Warrior_vs_Warrior+Hunter#as87Mage,Mage+Warrior,Warrior+Hunter,0,team1,kill,25.47
Mage+Warrior_vs_Warrior+Hunter#as87Mage,Mage+Warrior,Warrior+Hunter,1,team1,kill,24.20
Mage+Warrior_vs_Warrior+Hunter#as87Mage,Mage+Warrior,Warrior+Hunter,2,team1,kill,23.95
Mage+Warrior_vs_Warrior+Hunter#as87Mage,Mage+Warrior,Warrior+Hunter,3,team1,kill,25.63
Mage+Warrior_vs_Warrior+Hunter#as87Mage,Mage+Warrior,Warrior+Hunter,4,team1,kill,25.63
Mage+Warrior_vs_Warrior+Hunter#as87Mage,Mage+Warrior,Warrior+Hunter,5,team1,kill,24.23
Mage+Warrior_vs_Warrior+Shaman#as87Mage,Mage+Warrior,Warrior+Shaman,0,team2,kill,42.18
Mage+Warrior_vs_Warrior+Shaman#as87Mage,Mage+Warrior,Warrior+Shaman,1,team2,kill,22.87
Mage+Warrior_vs_Warrior+Shaman#as87Mage,Mage+Warrior,Warrior+Shaman,2,team2,kill,22.87
Mage+Warrior_vs_Warrior+Shaman#as87Mage,Mage+Warrior,Warrior+Shaman,3,team1,kill,38.02
Mage+Warrior_vs_Warrior+Shaman#as87Mage,Mage+Warrior,Warrior+Shaman,4,team2,kill,23.03
Mage+Warrior_vs_Warrior+Shaman#as87Mage,Mage+Warrior,Warrior+Shaman,5,team2,kill,24.52
Mage+Warrior_vs_Mage+Rogue#as87Mage,Mage+Warrior,Mage+Rogue,0,team1,kill,16.50
Mage+Warrior_vs_Mage+Rogue#as87Mage,Mage+Warrior,Mage+Rogue,1,team1,kill,16.50
Mage+Warrior_vs_Mage+Rogue#as87Mage,Mage+Warrior,Mage+Rogue,2,team1,kill,17.92
Mage+Warrior_vs_Mage+Rogue#as87Mage,Mage+Warrior,Mage+Rogue,3,team1,kill,17.92
Mage+Warrior_vs_Mage+Rogue#as87Mage,Mage+Warrior,Mage+Rogue,4,team1,kill,16.50
Mage+Warrior_vs_Mage+Rogue#as87Mage,Mage+Warrior,Mage+Rogue,5,team1,kill,16.40
Mage+Warrior_vs_Mage+Priest#as87Mage,Mage+Warrior,Mage+Priest,0,team2,kill,19.03
Mage+Warrior_vs_Mage+Priest#as87Mage,Mage+Warrior,Mage+Priest,1,team2,kill,20.58
Mage+Warrior_vs_Mage+Priest#as87Mage,Mage+Warrior,Mage+Priest,2,team2,kill,27.95
Mage+Warrior_vs_Mage+Priest#as87Mage,Mage+Warrior,Mage+Priest,3,team2,kill,27.88
Mage+Warrior_vs_Mage+Priest#as87Mage,Mage+Warrior,Mage+Priest,4,team2,kill,19.37
Mage+Warrior_vs_Mage+Priest#as87Mage,Mage+Warrior,Mage+Priest,5,team1,kill,45.28
Mage+Warrior_vs_Mage+Warlock#as87Mage,Mage+Warrior,Mage+Warlock,0,team2,kill,14.22
Mage+Warrior_vs_Mage+Warlock#as87Mage,Mage+Warrior,Mage+Warlock,1,team2,kill,15.43
Mage+Warrior_vs_Mage+Warlock#as87Mage,Mage+Warrior,Mage+Warlock,2,team2,kill,15.60
Mage+Warrior_vs_Mage+Warlock#as87Mage,Mage+Warrior,Mage+Warlock,3,team2,kill,16.13
Mage+Warrior_vs_Mage+Warlock#as87Mage,Mage+Warrior,Mage+Warlock,4,team2,kill,14.43
Mage+Warrior_vs_Mage+Warlock#as87Mage,Mage+Warrior,Mage+Warlock,5,team2,kill,16.13
Mage+Warrior_vs_Mage+Paladin#as87Mage,Mage+Warrior,Mage+Paladin,0,team2,kill,23.58
Mage+Warrior_vs_Mage+Paladin#as87Mage,Mage+Warrior,Mage+Paladin,1,team2,kill,28.15
Mage+Warrior_vs_Mage+Paladin#as87Mage,Mage+Warrior,Mage+Paladin,2,team2,kill,28.00
Mage+Warrior_vs_Mage+Paladin#as87Mage,Mage+Warrior,Mage+Paladin,3,team2,kill,23.47
Mage+Warrior_vs_Mage+Paladin#as87Mage,Mage+Warrior,Mage+Paladin,4,team2,kill,26.77
Mage+Warrior_vs_Mage+Paladin#as87Mage,Mage+Warrior,Mage+Paladin,5,team2,kill,22.40
Mage+Warrior_vs_Mage+Hunter#as87Mage,Mage+Warrior,Mage+Hunter,0,team1,kill,21.15
Mage+Warrior_vs_Mage+Hunter#as87Mage,Mage+Warrior,Mage+Hunter,1,team1,kill,21.47
Mage+Warrior_vs_Mage+Hunter#as87Mage,Mage+Warrior,Mage+Hunter,2,team2,kill,33.20
Mage+Warrior_vs_Mage+Hunter#as87Mage,Mage+Warrior,Mage+Hunter,3,team1,kill,20.05
Mage+Warrior_vs_Mage+Hunter#as87Mage,Mage+Warrior,Mage+Hunter,4,team1,kill,21.77
Mage+Warrior_vs_Mage+Hunter#as87Mage,Mage+Warrior,Mage+Hunter,5,team1,kill,21.53
Mage+Warrior_vs_Mage+Shaman#as87Mage,Mage+Warrior,Mage+Shaman,0,team2,kill,26.65
Mage+Warrior_vs_Mage+Shaman#as87Mage,Mage+Warrior,Mage+Shaman,1,team1,kill,28.38
Mage+Warrior_vs_Mage+Shaman#as87Mage,Mage+Warrior,Mage+Shaman,2,team2,kill,28.60
Mage+Warrior_vs_Mage+Shaman#as87Mage,Mage+Warrior,Mage+Shaman,3,team1,kill,26.88
Mage+Warrior_vs_Mage+Shaman#as87Mage,Mage+Warrior,Mage+Shaman,4,team1,kill,28.38
Mage+Warrior_vs_Mage+Shaman#as87Mage,Mage+Warrior,Mage+Shaman,5,team1,kill,32.30
Mage+Warrior_vs_Rogue+Priest#as87Mage,Mage+Warrior,Rogue+Priest,0,team1,kill,18.85
Mage+Warrior_vs_Rogue+Priest#as87Mage,Mage+Warrior,Rogue+Priest,1,team1,kill,23.58
Mage+Warrior_vs_Rogue+Priest#as87Mage,Mage+Warrior,Rogue+Priest,2,team1,kill,24.85
Mage+Warrior_vs_Rogue+Priest#as87Mage,Mage+Warrior,Rogue+Priest,3,team1,kill,25.75
Mage+Warrior_vs_Rogue+Priest#as87Mage,Mage+Warrior,Rogue+Priest,4,team1,kill,25.30
Mage+Warrior_vs_Rogue+Priest#as87Mage,Mage+Warrior,Rogue+Priest,5,team1,kill,25.60
Mage+Warrior_vs_Rogue+Warlock#as87Mage,Mage+Warrior,Rogue+Warlock,0,team2,kill,22.17
Mage+Warrior_vs_Rogue+Warlock#as87Mage,Mage+Warrior,Rogue+Warlock,1,team2,kill,24.50
Mage+Warrior_vs_Rogue+Warlock#as87Mage,Mage+Warrior,Rogue+Warlock,2,team2,kill,22.17
Mage+Warrior_vs_Rogue+Warlock#as87Mage,Mage+Warrior,Rogue+Warlock,3,team2,kill,22.23
Mage+Warrior_vs_Rogue+Warlock#as87Mage,Mage+Warrior,Rogue+Warlock,4,team2,kill,22.18
Mage+Warrior_vs_Rogue+Warlock#as87Mage,Mage+Warrior,Rogue+Warlock,5,team2,kill,24.50
Mage+Warrior_vs_Rogue+Paladin#as87Mage,Mage+Warrior,Rogue+Paladin,0,team2,kill,46.27
Mage+Warrior_vs_Rogue+Paladin#as87Mage,Mage+Warrior,Rogue+Paladin,1,team2,kill,31.05
Mage+Warrior_vs_Rogue+Paladin#as87Mage,Mage+Warrior,Rogue+Paladin,2,team2,kill,35.05
Mage+Warrior_vs_Rogue+Paladin#as87Mage,Mage+Warrior,Rogue+Paladin,3,team2,kill,35.05
Mage+Warrior_vs_Rogue+Paladin#as87Mage,Mage+Warrior,Rogue+Paladin,4,team2,kill,33.65
Mage+Warrior_vs_Rogue+Paladin#as87Mage,Mage+Warrior,Rogue+Paladin,5,team2,kill,34.32
Mage+Warrior_vs_Rogue+Hunter#as87Mage,Mage+Warrior,Rogue+Hunter,0,team1,kill,30.45
Mage+Warrior_vs_Rogue+Hunter#as87Mage,Mage+Warrior,Rogue+Hunter,1,team2,kill,29.00
Mage+Warrior_vs_Rogue+Hunter#as87Mage,Mage+Warrior,Rogue+Hunter,2,team1,kill,30.45
Mage+Warrior_vs_Rogue+Hunter#as87Mage,Mage+Warrior,Rogue+Hunter,3,team1,kill,30.45
Mage+Warrior_vs_Rogue+Hunter#as87Mage,Mage+Warrior,Rogue+Hunter,4,team1,kill,28.62
Mage+Warrior_vs_Rogue+Hunter#as87Mage,Mage+Warrior,Rogue+Hunter,5,team2,kill,26.78
Mage+Warrior_vs_Rogue+Shaman#as87Mage,Mage+Warrior,Rogue+Shaman,0,team1,kill,27.80
Mage+Warrior_vs_Rogue+Shaman#as87Mage,Mage+Warrior,Rogue+Shaman,1,team2,kill,24.17
Mage+Warrior_vs_Rogue+Shaman#as87Mage,Mage+Warrior,Rogue+Shaman,2,team2,kill,22.87
Mage+Warrior_vs_Rogue+Shaman#as87Mage,Mage+Warrior,Rogue+Shaman,3,team2,kill,26.60
Mage+Warrior_vs_Rogue+Shaman#as87Mage,Mage+Warrior,Rogue+Shaman,4,team2,kill,20.37
Mage+Warrior_vs_Rogue+Shaman#as87Mage,Mage+Warrior,Rogue+Shaman,5,team2,kill,30.40
Mage+Warrior_vs_Priest+Warlock#as87Mage,Mage+Warrior,Priest+Warlock,0,team2,kill,29.43
Mage+Warrior_vs_Priest+Warlock#as87Mage,Mage+Warrior,Priest+Warlock,1,team2,kill,29.80
Mage+Warrior_vs_Priest+Warlock#as87Mage,Mage+Warrior,Priest+Warlock,2,team2,kill,30.15
Mage+Warrior_vs_Priest+Warlock#as87Mage,Mage+Warrior,Priest+Warlock,3,team1,kill,34.62
Mage+Warrior_vs_Priest+Warlock#as87Mage,Mage+Warrior,Priest+Warlock,4,team1,kill,30.07
Mage+Warrior_vs_Priest+Warlock#as87Mage,Mage+Warrior,Priest+Warlock,5,team1,kill,30.07
Mage+Warrior_vs_Priest+Hunter#as87Mage,Mage+Warrior,Priest+Hunter,0,team2,kill,40.92
Mage+Warrior_vs_Priest+Hunter#as87Mage,Mage+Warrior,Priest+Hunter,1,team2,kill,40.92
Mage+Warrior_vs_Priest+Hunter#as87Mage,Mage+Warrior,Priest+Hunter,2,team2,kill,39.05
Mage+Warrior_vs_Priest+Hunter#as87Mage,Mage+Warrior,Priest+Hunter,3,team2,kill,40.98
Mage+Warrior_vs_Priest+Hunter#as87Mage,Mage+Warrior,Priest+Hunter,4,team1,kill,30.55
Mage+Warrior_vs_Priest+Hunter#as87Mage,Mage+Warrior,Priest+Hunter,5,team2,kill,36.60
Mage+Warrior_vs_Warlock+Paladin#as87Mage,Mage+Warrior,Warlock+Paladin,0,team2,kill,40.77
Mage+Warrior_vs_Warlock+Paladin#as87Mage,Mage+Warrior,Warlock+Paladin,1,team1,kill,40.08
Mage+Warrior_vs_Warlock+Paladin#as87Mage,Mage+Warrior,Warlock+Paladin,2,team2,kill,44.77
Mage+Warrior_vs_Warlock+Paladin#as87Mage,Mage+Warrior,Warlock+Paladin,3,team2,kill,43.92
Mage+Warrior_vs_Warlock+Paladin#as87Mage,Mage+Warrior,Warlock+Paladin,4,team2,kill,39.73
Mage+Warrior_vs_Warlock+Paladin#as87Mage,Mage+Warrior,Warlock+Paladin,5,team1,kill,41.60
Mage+Warrior_vs_Warlock+Hunter#as87Mage,Mage+Warrior,Warlock+Hunter,0,team1,kill,23.70
Mage+Warrior_vs_Warlock+Hunter#as87Mage,Mage+Warrior,Warlock+Hunter,1,team1,kill,19.95
Mage+Warrior_vs_Warlock+Hunter#as87Mage,Mage+Warrior,Warlock+Hunter,2,team1,kill,23.70
Mage+Warrior_vs_Warlock+Hunter#as87Mage,Mage+Warrior,Warlock+Hunter,3,team1,kill,23.70
Mage+Warrior_vs_Warlock+Hunter#as87Mage,Mage+Warrior,Warlock+Hunter,4,team1,kill,19.95
Mage+Warrior_vs_Warlock+Hunter#as87Mage,Mage+Warrior,Warlock+Hunter,5,team1,kill,19.87
Mage+Warrior_vs_Warlock+Shaman#as87Mage,Mage+Warrior,Warlock+Shaman,0,team1,kill,30.37
Mage+Warrior_vs_Warlock+Shaman#as87Mage,Mage+Warrior,Warlock+Shaman,1,team2,kill,27.25
Mage+Warrior_vs_Warlock+Shaman#as87Mage,Mage+Warrior,Warlock+Shaman,2,team1,kill,30.27
Mage+Warrior_vs_Warlock+Shaman#as87Mage,Mage+Warrior,Warlock+Shaman,3,team2,kill,27.25
Mage+Warrior_vs_Warlock+Shaman#as87Mage,Mage+Warrior,Warlock+Shaman,4,team1,kill,34.82
Mage+Warrior_vs_Warlock+Shaman#as87Mage,Mage+Warrior,Warlock+Shaman,5,team2,kill,27.25
Mage+Warrior_vs_Paladin+Hunter#as87Mage,Mage+Warrior,Paladin+Hunter,0,team2,kill,41.62
Mage+Warrior_vs_Paladin+Hunter#as87Mage,Mage+Warrior,Paladin+Hunter,1,team2,kill,41.08
Mage+Warrior_vs_Paladin+Hunter#as87Mage,Mage+Warrior,Paladin+Hunter,2,team2,kill,40.60
Mage+Warrior_vs_Paladin+Hunter#as87Mage,Mage+Warrior,Paladin+Hunter,3,team2,kill,46.60
Mage+Warrior_vs_Paladin+Hunter#as87Mage,Mage+Warrior,Paladin+Hunter,4,team2,kill,26.70
Mage+Warrior_vs_Paladin+Hunter#as87Mage,Mage+Warrior,Paladin+Hunter,5,team2,kill,43.53
Mage+Warrior_vs_Hunter+Shaman#as87Mage,Mage+Warrior,Hunter+Shaman,0,team1,kill,35.77
Mage+Warrior_vs_Hunter+Shaman#as87Mage,Mage+Warrior,Hunter+Shaman,1,team2,kill,30.30
Mage+Warrior_vs_Hunter+Shaman#as87Mage,Mage+Warrior,Hunter+Shaman,2,team1,kill,34.13
Mage+Warrior_vs_Hunter+Shaman#as87Mage,Mage+Warrior,Hunter+Shaman,3,team1,kill,28.75
Mage+Warrior_vs_Hunter+Shaman#as87Mage,Mage+Warrior,Hunter+Shaman,4,team1,kill,20.80
Mage+Warrior_vs_Hunter+Shaman#as87Mage,Mage+Warrior,Hunter+Shaman,5,team1,kill,31.17
Mage+Rogue_vs_Warrior+Mage#as87Mage,Mage+Rogue,Warrior+Mage,0,team2,kill,22.62
Mage+Rogue_vs_Warrior+Mage#as87Mage,Mage+Rogue,Warrior+Mage,1,team2,kill,23.42
Mage+Rogue_vs_Warrior+Mage#as87Mage,Mage+Rogue,Warrior+Mage,2,team2,kill,23.42
Mage+Rogue_vs_Warrior+Mage#as87Mage,Mage+Rogue,Warrior+Mage,3,team2,kill,23.42
Mage+Rogue_vs_Warrior+Mage#as87Mage,Mage+Rogue,Warrior+Mage,4,team2,kill,31.12
Mage+Rogue_vs_Warrior+Mage#as87Mage,Mage+Rogue,Warrior+Mage,5,team2,kill,23.42
Mage+Rogue_vs_Warrior+Rogue#as87Mage,Mage+Rogue,Warrior+Rogue,0,team1,kill,16.50
Mage+Rogue_vs_Warrior+Rogue#as87Mage,Mage+Rogue,Warrior+Rogue,1,team1,kill,22.00
Mage+Rogue_vs_Warrior+Rogue#as87Mage,Mage+Rogue,Warrior+Rogue,2,team1,kill,22.67
Mage+Rogue_vs_Warrior+Rogue#as87Mage,Mage+Rogue,Warrior+Rogue,3,team1,kill,21.92
Mage+Rogue_vs_Warrior+Rogue#as87Mage,Mage+Rogue,Warrior+Rogue,4,team1,kill,19.25
Mage+Rogue_vs_Warrior+Rogue#as87Mage,Mage+Rogue,Warrior+Rogue,5,team1,kill,21.92
Mage+Rogue_vs_Warrior+Priest#as87Mage,Mage+Rogue,Warrior+Priest,0,team1,kill,20.32
Mage+Rogue_vs_Warrior+Priest#as87Mage,Mage+Rogue,Warrior+Priest,1,team1,kill,19.63
Mage+Rogue_vs_Warrior+Priest#as87Mage,Mage+Rogue,Warrior+Priest,2,team1,kill,19.65
Mage+Rogue_vs_Warrior+Priest#as87Mage,Mage+Rogue,Warrior+Priest,3,team1,kill,20.32
Mage+Rogue_vs_Warrior+Priest#as87Mage,Mage+Rogue,Warrior+Priest,4,team1,kill,19.65
Mage+Rogue_vs_Warrior+Priest#as87Mage,Mage+Rogue,Warrior+Priest,5,team1,kill,19.65
Mage+Rogue_vs_Warrior+Warlock#as87Mage,Mage+Rogue,Warrior+Warlock,0,team1,kill,17.93
Mage+Rogue_vs_Warrior+Warlock#as87Mage,Mage+Rogue,Warrior+Warlock,1,team1,kill,18.05
Mage+Rogue_vs_Warrior+Warlock#as87Mage,Mage+Rogue,Warrior+Warlock,2,team1,kill,21.02
Mage+Rogue_vs_Warrior+Warlock#as87Mage,Mage+Rogue,Warrior+Warlock,3,team1,kill,19.50
Mage+Rogue_vs_Warrior+Warlock#as87Mage,Mage+Rogue,Warrior+Warlock,4,team1,kill,14.57
Mage+Rogue_vs_Warrior+Warlock#as87Mage,Mage+Rogue,Warrior+Warlock,5,team1,kill,15.67
Mage+Rogue_vs_Warrior+Paladin#as87Mage,Mage+Rogue,Warrior+Paladin,0,team1,kill,44.17
Mage+Rogue_vs_Warrior+Paladin#as87Mage,Mage+Rogue,Warrior+Paladin,1,team1,kill,35.40
Mage+Rogue_vs_Warrior+Paladin#as87Mage,Mage+Rogue,Warrior+Paladin,2,team1,kill,34.82
Mage+Rogue_vs_Warrior+Paladin#as87Mage,Mage+Rogue,Warrior+Paladin,3,team1,kill,41.38
Mage+Rogue_vs_Warrior+Paladin#as87Mage,Mage+Rogue,Warrior+Paladin,4,team1,kill,40.25
Mage+Rogue_vs_Warrior+Paladin#as87Mage,Mage+Rogue,Warrior+Paladin,5,team1,kill,40.13
Mage+Rogue_vs_Warrior+Hunter#as87Mage,Mage+Rogue,Warrior+Hunter,0,team2,kill,30.15
Mage+Rogue_vs_Warrior+Hunter#as87Mage,Mage+Rogue,Warrior+Hunter,1,team2,kill,30.15
Mage+Rogue_vs_Warrior+Hunter#as87Mage,Mage+Rogue,Warrior+Hunter,2,team2,kill,30.15
Mage+Rogue_vs_Warrior+Hunter#as87Mage,Mage+Rogue,Warrior+Hunter,3,team2,kill,48.27
Mage+Rogue_vs_Warrior+Hunter#as87Mage,Mage+Rogue,Warrior+Hunter,4,team2,kill,27.97
Mage+Rogue_vs_Warrior+Hunter#as87Mage,Mage+Rogue,Warrior+Hunter,5,team2,kill,50.78
Mage+Rogue_vs_Warrior+Shaman#as87Mage,Mage+Rogue,Warrior+Shaman,0,team1,kill,18.38
Mage+Rogue_vs_Warrior+Shaman#as87Mage,Mage+Rogue,Warrior+Shaman,1,team1,kill,19.90
Mage+Rogue_vs_Warrior+Shaman#as87Mage,Mage+Rogue,Warrior+Shaman,2,team1,kill,19.90
Mage+Rogue_vs_Warrior+Shaman#as87Mage,Mage+Rogue,Warrior+Shaman,3,team1,kill,19.90
Mage+Rogue_vs_Warrior+Shaman#as87Mage,Mage+Rogue,Warrior+Shaman,4,team1,kill,22.53
Mage+Rogue_vs_Warrior+Shaman#as87Mage,Mage+Rogue,Warrior+Shaman,5,team1,kill,18.38
Mage+Rogue_vs_Mage+Rogue#as87Mage,Mage+Rogue,Mage+Rogue,0,team1,kill,22.07
Mage+Rogue_vs_Mage+Rogue#as87Mage,Mage+Rogue,Mage+Rogue,1,team1,kill,23.48
Mage+Rogue_vs_Mage+Rogue#as87Mage,Mage+Rogue,Mage+Rogue,2,team2,kill,23.48
Mage+Rogue_vs_Mage+Rogue#as87Mage,Mage+Rogue,Mage+Rogue,3,team1,kill,22.07
Mage+Rogue_vs_Mage+Rogue#as87Mage,Mage+Rogue,Mage+Rogue,4,team2,kill,23.87
Mage+Rogue_vs_Mage+Rogue#as87Mage,Mage+Rogue,Mage+Rogue,5,team2,kill,24.15
Mage+Rogue_vs_Mage+Priest#as87Mage,Mage+Rogue,Mage+Priest,0,team2,kill,15.73
Mage+Rogue_vs_Mage+Priest#as87Mage,Mage+Rogue,Mage+Priest,1,team2,kill,15.73
Mage+Rogue_vs_Mage+Priest#as87Mage,Mage+Rogue,Mage+Priest,2,team2,kill,17.25
Mage+Rogue_vs_Mage+Priest#as87Mage,Mage+Rogue,Mage+Priest,3,team2,kill,17.23
Mage+Rogue_vs_Mage+Priest#as87Mage,Mage+Rogue,Mage+Priest,4,team2,kill,18.63
Mage+Rogue_vs_Mage+Priest#as87Mage,Mage+Rogue,Mage+Priest,5,team2,kill,17.25
Mage+Rogue_vs_Mage+Warlock#as87Mage,Mage+Rogue,Mage+Warlock,0,team2,kill,17.17
Mage+Rogue_vs_Mage+Warlock#as87Mage,Mage+Rogue,Mage+Warlock,1,team2,kill,17.13
Mage+Rogue_vs_Mage+Warlock#as87Mage,Mage+Rogue,Mage+Warlock,2,team2,kill,17.33
Mage+Rogue_vs_Mage+Warlock#as87Mage,Mage+Rogue,Mage+Warlock,3,team2,kill,17.38
Mage+Rogue_vs_Mage+Warlock#as87Mage,Mage+Rogue,Mage+Warlock,4,team2,kill,17.43
Mage+Rogue_vs_Mage+Warlock#as87Mage,Mage+Rogue,Mage+Warlock,5,team2,kill,17.38
Mage+Rogue_vs_Mage+Paladin#as87Mage,Mage+Rogue,Mage+Paladin,0,team2,kill,24.05
Mage+Rogue_vs_Mage+Paladin#as87Mage,Mage+Rogue,Mage+Paladin,1,team2,kill,29.62
Mage+Rogue_vs_Mage+Paladin#as87Mage,Mage+Rogue,Mage+Paladin,2,team2,kill,24.05
Mage+Rogue_vs_Mage+Paladin#as87Mage,Mage+Rogue,Mage+Paladin,3,team2,kill,73.53
Mage+Rogue_vs_Mage+Paladin#as87Mage,Mage+Rogue,Mage+Paladin,4,team1,kill,25.80
Mage+Rogue_vs_Mage+Paladin#as87Mage,Mage+Rogue,Mage+Paladin,5,team2,kill,65.82
Mage+Rogue_vs_Mage+Hunter#as87Mage,Mage+Rogue,Mage+Hunter,0,team2,kill,17.05
Mage+Rogue_vs_Mage+Hunter#as87Mage,Mage+Rogue,Mage+Hunter,1,team2,kill,17.87
Mage+Rogue_vs_Mage+Hunter#as87Mage,Mage+Rogue,Mage+Hunter,2,team2,kill,22.40
Mage+Rogue_vs_Mage+Hunter#as87Mage,Mage+Rogue,Mage+Hunter,3,team2,kill,17.87
Mage+Rogue_vs_Mage+Hunter#as87Mage,Mage+Rogue,Mage+Hunter,4,team2,kill,16.42
Mage+Rogue_vs_Mage+Hunter#as87Mage,Mage+Rogue,Mage+Hunter,5,team2,kill,22.40
Mage+Rogue_vs_Mage+Shaman#as87Mage,Mage+Rogue,Mage+Shaman,0,team2,kill,15.78
Mage+Rogue_vs_Mage+Shaman#as87Mage,Mage+Rogue,Mage+Shaman,1,team2,kill,15.78
Mage+Rogue_vs_Mage+Shaman#as87Mage,Mage+Rogue,Mage+Shaman,2,team2,kill,15.78
Mage+Rogue_vs_Mage+Shaman#as87Mage,Mage+Rogue,Mage+Shaman,3,team2,kill,15.80
Mage+Rogue_vs_Mage+Shaman#as87Mage,Mage+Rogue,Mage+Shaman,4,team2,kill,14.25
Mage+Rogue_vs_Mage+Shaman#as87Mage,Mage+Rogue,Mage+Shaman,5,team2,kill,15.77
Mage+Rogue_vs_Rogue+Priest#as87Mage,Mage+Rogue,Rogue+Priest,0,team1,kill,21.80
Mage+Rogue_vs_Rogue+Priest#as87Mage,Mage+Rogue,Rogue+Priest,1,team1,kill,23.32
Mage+Rogue_vs_Rogue+Priest#as87Mage,Mage+Rogue,Rogue+Priest,2,team1,kill,25.90
Mage+Rogue_vs_Rogue+Priest#as87Mage,Mage+Rogue,Rogue+Priest,3,team1,kill,23.32
Mage+Rogue_vs_Rogue+Priest#as87Mage,Mage+Rogue,Rogue+Priest,4,team1,kill,23.32
Mage+Rogue_vs_Rogue+Priest#as87Mage,Mage+Rogue,Rogue+Priest,5,team1,kill,23.58
Mage+Rogue_vs_Rogue+Warlock#as87Mage,Mage+Rogue,Rogue+Warlock,0,team2,kill,24.20
Mage+Rogue_vs_Rogue+Warlock#as87Mage,Mage+Rogue,Rogue+Warlock,1,team1,kill,24.32
Mage+Rogue_vs_Rogue+Warlock#as87Mage,Mage+Rogue,Rogue+Warlock,2,team1,kill,22.90
Mage+Rogue_vs_Rogue+Warlock#as87Mage,Mage+Rogue,Rogue+Warlock,3,team1,kill,24.22
Mage+Rogue_vs_Rogue+Warlock#as87Mage,Mage+Rogue,Rogue+Warlock,4,team1,kill,22.80
Mage+Rogue_vs_Rogue+Warlock#as87Mage,Mage+Rogue,Rogue+Warlock,5,team1,kill,22.22
Mage+Rogue_vs_Rogue+Paladin#as87Mage,Mage+Rogue,Rogue+Paladin,0,team2,kill,50.10
Mage+Rogue_vs_Rogue+Paladin#as87Mage,Mage+Rogue,Rogue+Paladin,1,team1,kill,55.05
Mage+Rogue_vs_Rogue+Paladin#as87Mage,Mage+Rogue,Rogue+Paladin,2,team1,kill,60.62
Mage+Rogue_vs_Rogue+Paladin#as87Mage,Mage+Rogue,Rogue+Paladin,3,team2,kill,34.20
Mage+Rogue_vs_Rogue+Paladin#as87Mage,Mage+Rogue,Rogue+Paladin,4,team2,kill,34.65
Mage+Rogue_vs_Rogue+Paladin#as87Mage,Mage+Rogue,Rogue+Paladin,5,team2,kill,37.18
Mage+Rogue_vs_Rogue+Hunter#as87Mage,Mage+Rogue,Rogue+Hunter,0,team2,kill,23.70
Mage+Rogue_vs_Rogue+Hunter#as87Mage,Mage+Rogue,Rogue+Hunter,1,team2,kill,32.18
Mage+Rogue_vs_Rogue+Hunter#as87Mage,Mage+Rogue,Rogue+Hunter,2,team2,kill,23.73
Mage+Rogue_vs_Rogue+Hunter#as87Mage,Mage+Rogue,Rogue+Hunter,3,team2,kill,25.50
Mage+Rogue_vs_Rogue+Hunter#as87Mage,Mage+Rogue,Rogue+Hunter,4,team2,kill,28.47
Mage+Rogue_vs_Rogue+Hunter#as87Mage,Mage+Rogue,Rogue+Hunter,5,team2,kill,29.02
Mage+Rogue_vs_Rogue+Shaman#as87Mage,Mage+Rogue,Rogue+Shaman,0,team1,kill,23.07
Mage+Rogue_vs_Rogue+Shaman#as87Mage,Mage+Rogue,Rogue+Shaman,1,team2,kill,24.93
Mage+Rogue_vs_Rogue+Shaman#as87Mage,Mage+Rogue,Rogue+Shaman,2,team1,kill,25.42
Mage+Rogue_vs_Rogue+Shaman#as87Mage,Mage+Rogue,Rogue+Shaman,3,team1,kill,24.47
Mage+Rogue_vs_Rogue+Shaman#as87Mage,Mage+Rogue,Rogue+Shaman,4,team1,kill,21.68
Mage+Rogue_vs_Rogue+Shaman#as87Mage,Mage+Rogue,Rogue+Shaman,5,team1,kill,24.53
Mage+Rogue_vs_Priest+Warlock#as87Mage,Mage+Rogue,Priest+Warlock,0,team2,kill,36.22
Mage+Rogue_vs_Priest+Warlock#as87Mage,Mage+Rogue,Priest+Warlock,1,team2,kill,36.53
Mage+Rogue_vs_Priest+Warlock#as87Mage,Mage+Rogue,Priest+Warlock,2,team2,kill,39.93
Mage+Rogue_vs_Priest+Warlock#as87Mage,Mage+Rogue,Priest+Warlock,3,team2,kill,36.22
Mage+Rogue_vs_Priest+Warlock#as87Mage,Mage+Rogue,Priest+Warlock,4,team2,kill,40.78
Mage+Rogue_vs_Priest+Warlock#as87Mage,Mage+Rogue,Priest+Warlock,5,team2,kill,37.30
Mage+Rogue_vs_Priest+Hunter#as87Mage,Mage+Rogue,Priest+Hunter,0,team2,kill,44.45
Mage+Rogue_vs_Priest+Hunter#as87Mage,Mage+Rogue,Priest+Hunter,1,team2,kill,48.65
Mage+Rogue_vs_Priest+Hunter#as87Mage,Mage+Rogue,Priest+Hunter,2,team2,kill,47.20
Mage+Rogue_vs_Priest+Hunter#as87Mage,Mage+Rogue,Priest+Hunter,3,team2,kill,46.85
Mage+Rogue_vs_Priest+Hunter#as87Mage,Mage+Rogue,Priest+Hunter,4,team1,kill,47.38
Mage+Rogue_vs_Priest+Hunter#as87Mage,Mage+Rogue,Priest+Hunter,5,team1,kill,37.70
Mage+Rogue_vs_Warlock+Paladin#as87Mage,Mage+Rogue,Warlock+Paladin,0,team1,kill,28.45
Mage+Rogue_vs_Warlock+Paladin#as87Mage,Mage+Rogue,Warlock+Paladin,1,team1,kill,31.62
Mage+Rogue_vs_Warlock+Paladin#as87Mage,Mage+Rogue,Warlock+Paladin,2,team1,kill,28.32
Mage+Rogue_vs_Warlock+Paladin#as87Mage,Mage+Rogue,Warlock+Paladin,3,team1,kill,28.57
Mage+Rogue_vs_Warlock+Paladin#as87Mage,Mage+Rogue,Warlock+Paladin,4,team2,kill,26.00
Mage+Rogue_vs_Warlock+Paladin#as87Mage,Mage+Rogue,Warlock+Paladin,5,team1,kill,29.23
Mage+Rogue_vs_Warlock+Hunter#as87Mage,Mage+Rogue,Warlock+Hunter,0,team2,kill,23.95
Mage+Rogue_vs_Warlock+Hunter#as87Mage,Mage+Rogue,Warlock+Hunter,1,team2,kill,32.85
Mage+Rogue_vs_Warlock+Hunter#as87Mage,Mage+Rogue,Warlock+Hunter,2,team2,kill,25.50
Mage+Rogue_vs_Warlock+Hunter#as87Mage,Mage+Rogue,Warlock+Hunter,3,team2,kill,25.75
Mage+Rogue_vs_Warlock+Hunter#as87Mage,Mage+Rogue,Warlock+Hunter,4,team2,kill,29.38
Mage+Rogue_vs_Warlock+Hunter#as87Mage,Mage+Rogue,Warlock+Hunter,5,team2,kill,28.08
Mage+Rogue_vs_Warlock+Shaman#as87Mage,Mage+Rogue,Warlock+Shaman,0,team1,kill,22.50
Mage+Rogue_vs_Warlock+Shaman#as87Mage,Mage+Rogue,Warlock+Shaman,1,team1,kill,28.02
Mage+Rogue_vs_Warlock+Shaman#as87Mage,Mage+Rogue,Warlock+Shaman,2,team1,kill,19.27
Mage+Rogue_vs_Warlock+Shaman#as87Mage,Mage+Rogue,Warlock+Shaman,3,team1,kill,20.88
Mage+Rogue_vs_Warlock+Shaman#as87Mage,Mage+Rogue,Warlock+Shaman,4,team1,kill,21.60
Mage+Rogue_vs_Warlock+Shaman#as87Mage,Mage+Rogue,Warlock+Shaman,5,team1,kill,20.23
Mage+Rogue_vs_Paladin+Hunter#as87Mage,Mage+Rogue,Paladin+Hunter,0,team1,kill,46.28
Mage+Rogue_vs_Paladin+Hunter#as87Mage,Mage+Rogue,Paladin+Hunter,1,team2,kill,55.33
Mage+Rogue_vs_Paladin+Hunter#as87Mage,Mage+Rogue,Paladin+Hunter,2,team1,kill,48.60
Mage+Rogue_vs_Paladin+Hunter#as87Mage,Mage+Rogue,Paladin+Hunter,3,team2,kill,64.77
Mage+Rogue_vs_Paladin+Hunter#as87Mage,Mage+Rogue,Paladin+Hunter,4,team2,kill,52.97
Mage+Rogue_vs_Paladin+Hunter#as87Mage,Mage+Rogue,Paladin+Hunter,5,team2,kill,52.68
Mage+Rogue_vs_Hunter+Shaman#as87Mage,Mage+Rogue,Hunter+Shaman,0,team1,kill,28.68
Mage+Rogue_vs_Hunter+Shaman#as87Mage,Mage+Rogue,Hunter+Shaman,1,team1,kill,27.95
Mage+Rogue_vs_Hunter+Shaman#as87Mage,Mage+Rogue,Hunter+Shaman,2,team1,kill,21.38
Mage+Rogue_vs_Hunter+Shaman#as87Mage,Mage+Rogue,Hunter+Shaman,3,team1,kill,22.10
Mage+Rogue_vs_Hunter+Shaman#as87Mage,Mage+Rogue,Hunter+Shaman,4,team1,kill,21.52
Mage+Rogue_vs_Hunter+Shaman#as87Mage,Mage+Rogue,Hunter+Shaman,5,team1,kill,22.33
Mage+Priest_vs_Warrior+Mage#as87Mage,Mage+Priest,Warrior+Mage,0,team1,kill,20.67
Mage+Priest_vs_Warrior+Mage#as87Mage,Mage+Priest,Warrior+Mage,1,team1,kill,15.25
Mage+Priest_vs_Warrior+Mage#as87Mage,Mage+Priest,Warrior+Mage,2,team1,kill,21.03
Mage+Priest_vs_Warrior+Mage#as87Mage,Mage+Priest,Warrior+Mage,3,team1,kill,19.53
Mage+Priest_vs_Warrior+Mage#as87Mage,Mage+Priest,Warrior+Mage,4,team1,kill,21.03
Mage+Priest_vs_Warrior+Mage#as87Mage,Mage+Priest,Warrior+Mage,5,team1,kill,20.95
Mage+Priest_vs_Warrior+Rogue#as87Mage,Mage+Priest,Warrior+Rogue,0,team2,kill,39.00
Mage+Priest_vs_Warrior+Rogue#as87Mage,Mage+Priest,Warrior+Rogue,1,team1,kill,24.03
Mage+Priest_vs_Warrior+Rogue#as87Mage,Mage+Priest,Warrior+Rogue,2,team2,kill,33.37
Mage+Priest_vs_Warrior+Rogue#as87Mage,Mage+Priest,Warrior+Rogue,3,team1,kill,22.68
Mage+Priest_vs_Warrior+Rogue#as87Mage,Mage+Priest,Warrior+Rogue,4,team1,kill,24.13
Mage+Priest_vs_Warrior+Rogue#as87Mage,Mage+Priest,Warrior+Rogue,5,team1,kill,28.32
Mage+Priest_vs_Warrior+Priest#as87Mage,Mage+Priest,Warrior+Priest,0,team1,kill,47.52
Mage+Priest_vs_Warrior+Priest#as87Mage,Mage+Priest,Warrior+Priest,1,team1,kill,38.43
Mage+Priest_vs_Warrior+Priest#as87Mage,Mage+Priest,Warrior+Priest,2,team1,kill,36.02
Mage+Priest_vs_Warrior+Priest#as87Mage,Mage+Priest,Warrior+Priest,3,team1,kill,37.55
Mage+Priest_vs_Warrior+Priest#as87Mage,Mage+Priest,Warrior+Priest,4,team1,kill,37.77
Mage+Priest_vs_Warrior+Priest#as87Mage,Mage+Priest,Warrior+Priest,5,team1,kill,41.15
Mage+Priest_vs_Warrior+Warlock#as87Mage,Mage+Priest,Warrior+Warlock,0,team1,kill,29.67
Mage+Priest_vs_Warrior+Warlock#as87Mage,Mage+Priest,Warrior+Warlock,1,team1,kill,29.78
Mage+Priest_vs_Warrior+Warlock#as87Mage,Mage+Priest,Warrior+Warlock,2,team1,kill,29.90
Mage+Priest_vs_Warrior+Warlock#as87Mage,Mage+Priest,Warrior+Warlock,3,team1,kill,29.93
Mage+Priest_vs_Warrior+Warlock#as87Mage,Mage+Priest,Warrior+Warlock,4,team1,kill,34.75
Mage+Priest_vs_Warrior+Warlock#as87Mage,Mage+Priest,Warrior+Warlock,5,team1,kill,30.75
Mage+Priest_vs_Warrior+Paladin#as87Mage,Mage+Priest,Warrior+Paladin,0,team1,kill,41.12
Mage+Priest_vs_Warrior+Paladin#as87Mage,Mage+Priest,Warrior+Paladin,1,team1,kill,54.92
Mage+Priest_vs_Warrior+Paladin#as87Mage,Mage+Priest,Warrior+Paladin,2,team1,kill,44.05
Mage+Priest_vs_Warrior+Paladin#as87Mage,Mage+Priest,Warrior+Paladin,3,team1,kill,75.43
Mage+Priest_vs_Warrior+Paladin#as87Mage,Mage+Priest,Warrior+Paladin,4,team1,kill,64.92
Mage+Priest_vs_Warrior+Paladin#as87Mage,Mage+Priest,Warrior+Paladin,5,team1,kill,64.60
Mage+Priest_vs_Warrior+Hunter#as87Mage,Mage+Priest,Warrior+Hunter,0,team1,kill,26.85
Mage+Priest_vs_Warrior+Hunter#as87Mage,Mage+Priest,Warrior+Hunter,1,team1,kill,28.43
Mage+Priest_vs_Warrior+Hunter#as87Mage,Mage+Priest,Warrior+Hunter,2,team1,kill,28.33
Mage+Priest_vs_Warrior+Hunter#as87Mage,Mage+Priest,Warrior+Hunter,3,team1,kill,28.52
Mage+Priest_vs_Warrior+Hunter#as87Mage,Mage+Priest,Warrior+Hunter,4,team1,kill,28.03
Mage+Priest_vs_Warrior+Hunter#as87Mage,Mage+Priest,Warrior+Hunter,5,team1,kill,28.37
Mage+Priest_vs_Warrior+Shaman#as87Mage,Mage+Priest,Warrior+Shaman,0,team1,kill,47.15
Mage+Priest_vs_Warrior+Shaman#as87Mage,Mage+Priest,Warrior+Shaman,1,team1,kill,36.07
Mage+Priest_vs_Warrior+Shaman#as87Mage,Mage+Priest,Warrior+Shaman,2,team1,kill,29.08
Mage+Priest_vs_Warrior+Shaman#as87Mage,Mage+Priest,Warrior+Shaman,3,team1,kill,29.77
Mage+Priest_vs_Warrior+Shaman#as87Mage,Mage+Priest,Warrior+Shaman,4,team1,kill,45.98
Mage+Priest_vs_Warrior+Shaman#as87Mage,Mage+Priest,Warrior+Shaman,5,team1,kill,30.72
Mage+Priest_vs_Mage+Rogue#as87Mage,Mage+Priest,Mage+Rogue,0,team1,kill,15.73
Mage+Priest_vs_Mage+Rogue#as87Mage,Mage+Priest,Mage+Rogue,1,team1,kill,15.73
Mage+Priest_vs_Mage+Rogue#as87Mage,Mage+Priest,Mage+Rogue,2,team1,kill,17.23
Mage+Priest_vs_Mage+Rogue#as87Mage,Mage+Priest,Mage+Rogue,3,team1,kill,17.25
Mage+Priest_vs_Mage+Rogue#as87Mage,Mage+Priest,Mage+Rogue,4,team1,kill,18.90
Mage+Priest_vs_Mage+Rogue#as87Mage,Mage+Priest,Mage+Rogue,5,team1,kill,17.23
Mage+Priest_vs_Mage+Priest#as87Mage,Mage+Priest,Mage+Priest,0,team1,kill,36.65
Mage+Priest_vs_Mage+Priest#as87Mage,Mage+Priest,Mage+Priest,1,team1,kill,37.65
Mage+Priest_vs_Mage+Priest#as87Mage,Mage+Priest,Mage+Priest,2,team2,kill,48.82
Mage+Priest_vs_Mage+Priest#as87Mage,Mage+Priest,Mage+Priest,3,team2,kill,75.12
Mage+Priest_vs_Mage+Priest#as87Mage,Mage+Priest,Mage+Priest,4,team1,kill,65.93
Mage+Priest_vs_Mage+Priest#as87Mage,Mage+Priest,Mage+Priest,5,team1,kill,70.60
Mage+Priest_vs_Mage+Warlock#as87Mage,Mage+Priest,Mage+Warlock,0,team1,kill,23.90
Mage+Priest_vs_Mage+Warlock#as87Mage,Mage+Priest,Mage+Warlock,1,team1,kill,26.15
Mage+Priest_vs_Mage+Warlock#as87Mage,Mage+Priest,Mage+Warlock,2,team1,kill,23.90
Mage+Priest_vs_Mage+Warlock#as87Mage,Mage+Priest,Mage+Warlock,3,team1,kill,24.60
Mage+Priest_vs_Mage+Warlock#as87Mage,Mage+Priest,Mage+Warlock,4,team1,kill,29.68
Mage+Priest_vs_Mage+Warlock#as87Mage,Mage+Priest,Mage+Warlock,5,team1,kill,24.32
Mage+Priest_vs_Mage+Paladin#as87Mage,Mage+Priest,Mage+Paladin,0,team1,kill,74.88
Mage+Priest_vs_Mage+Paladin#as87Mage,Mage+Priest,Mage+Paladin,1,team2,kill,57.93
Mage+Priest_vs_Mage+Paladin#as87Mage,Mage+Priest,Mage+Paladin,2,team2,kill,63.25
Mage+Priest_vs_Mage+Paladin#as87Mage,Mage+Priest,Mage+Paladin,3,team2,kill,79.24
Mage+Priest_vs_Mage+Paladin#as87Mage,Mage+Priest,Mage+Paladin,4,team2,kill,64.72
Mage+Priest_vs_Mage+Paladin#as87Mage,Mage+Priest,Mage+Paladin,5,team2,kill,75.35
Mage+Priest_vs_Mage+Hunter#as87Mage,Mage+Priest,Mage+Hunter,0,team1,kill,22.32
Mage+Priest_vs_Mage+Hunter#as87Mage,Mage+Priest,Mage+Hunter,1,team1,kill,22.57
Mage+Priest_vs_Mage+Hunter#as87Mage,Mage+Priest,Mage+Hunter,2,team1,kill,22.32
Mage+Priest_vs_Mage+Hunter#as87Mage,Mage+Priest,Mage+Hunter,3,team1,kill,22.57
Mage+Priest_vs_Mage+Hunter#as87Mage,Mage+Priest,Mage+Hunter,4,team1,kill,21.83
Mage+Priest_vs_Mage+Hunter#as87Mage,Mage+Priest,Mage+Hunter,5,team1,kill,21.13
Mage+Priest_vs_Mage+Shaman#as87Mage,Mage+Priest,Mage+Shaman,0,team1,kill,63.20
Mage+Priest_vs_Mage+Shaman#as87Mage,Mage+Priest,Mage+Shaman,1,team1,kill,36.63
Mage+Priest_vs_Mage+Shaman#as87Mage,Mage+Priest,Mage+Shaman,2,team1,kill,35.70
Mage+Priest_vs_Mage+Shaman#as87Mage,Mage+Priest,Mage+Shaman,3,team1,kill,35.10
Mage+Priest_vs_Mage+Shaman#as87Mage,Mage+Priest,Mage+Shaman,4,team1,kill,63.90
Mage+Priest_vs_Mage+Shaman#as87Mage,Mage+Priest,Mage+Shaman,5,team1,kill,32.97
Mage+Priest_vs_Rogue+Priest#as87Mage,Mage+Priest,Rogue+Priest,0,team1,kill,42.03
Mage+Priest_vs_Rogue+Priest#as87Mage,Mage+Priest,Rogue+Priest,1,team1,kill,42.58
Mage+Priest_vs_Rogue+Priest#as87Mage,Mage+Priest,Rogue+Priest,2,team1,kill,41.47
Mage+Priest_vs_Rogue+Priest#as87Mage,Mage+Priest,Rogue+Priest,3,team1,kill,43.55
Mage+Priest_vs_Rogue+Priest#as87Mage,Mage+Priest,Rogue+Priest,4,team1,kill,43.53
Mage+Priest_vs_Rogue+Priest#as87Mage,Mage+Priest,Rogue+Priest,5,team1,kill,43.55
Mage+Priest_vs_Rogue+Warlock#as87Mage,Mage+Priest,Rogue+Warlock,0,team1,kill,33.60
Mage+Priest_vs_Rogue+Warlock#as87Mage,Mage+Priest,Rogue+Warlock,1,team1,kill,38.03
Mage+Priest_vs_Rogue+Warlock#as87Mage,Mage+Priest,Rogue+Warlock,2,team1,kill,39.63
Mage+Priest_vs_Rogue+Warlock#as87Mage,Mage+Priest,Rogue+Warlock,3,team1,kill,36.95
Mage+Priest_vs_Rogue+Warlock#as87Mage,Mage+Priest,Rogue+Warlock,4,team1,kill,36.85
Mage+Priest_vs_Rogue+Warlock#as87Mage,Mage+Priest,Rogue+Warlock,5,team1,kill,39.45
Mage+Priest_vs_Rogue+Paladin#as87Mage,Mage+Priest,Rogue+Paladin,0,team1,kill,48.88
Mage+Priest_vs_Rogue+Paladin#as87Mage,Mage+Priest,Rogue+Paladin,1,team1,kill,38.40
Mage+Priest_vs_Rogue+Paladin#as87Mage,Mage+Priest,Rogue+Paladin,2,team1,kill,46.75
Mage+Priest_vs_Rogue+Paladin#as87Mage,Mage+Priest,Rogue+Paladin,3,team1,kill,48.17
Mage+Priest_vs_Rogue+Paladin#as87Mage,Mage+Priest,Rogue+Paladin,4,team1,kill,51.25
Mage+Priest_vs_Rogue+Paladin#as87Mage,Mage+Priest,Rogue+Paladin,5,team1,kill,52.30
Mage+Priest_vs_Rogue+Hunter#as87Mage,Mage+Priest,Rogue+Hunter,0,team1,kill,24.45
Mage+Priest_vs_Rogue+Hunter#as87Mage,Mage+Priest,Rogue+Hunter,1,team1,kill,24.45
Mage+Priest_vs_Rogue+Hunter#as87Mage,Mage+Priest,Rogue+Hunter,2,team1,kill,24.45
Mage+Priest_vs_Rogue+Hunter#as87Mage,Mage+Priest,Rogue+Hunter,3,team1,kill,24.45
Mage+Priest_vs_Rogue+Hunter#as87Mage,Mage+Priest,Rogue+Hunter,4,team1,kill,24.45
Mage+Priest_vs_Rogue+Hunter#as87Mage,Mage+Priest,Rogue+Hunter,5,team1,kill,24.45
Mage+Priest_vs_Rogue+Shaman#as87Mage,Mage+Priest,Rogue+Shaman,0,team2,kill,24.10
Mage+Priest_vs_Rogue+Shaman#as87Mage,Mage+Priest,Rogue+Shaman,1,team1,kill,32.12
Mage+Priest_vs_Rogue+Shaman#as87Mage,Mage+Priest,Rogue+Shaman,2,team2,kill,37.35
Mage+Priest_vs_Rogue+Shaman#as87Mage,Mage+Priest,Rogue+Shaman,3,team2,kill,36.02
Mage+Priest_vs_Rogue+Shaman#as87Mage,Mage+Priest,Rogue+Shaman,4,team2,kill,34.60
Mage+Priest_vs_Rogue+Shaman#as87Mage,Mage+Priest,Rogue+Shaman,5,team1,kill,17.85
Mage+Priest_vs_Priest+Warlock#as87Mage,Mage+Priest,Priest+Warlock,0,team2,kill,65.75
Mage+Priest_vs_Priest+Warlock#as87Mage,Mage+Priest,Priest+Warlock,1,team2,kill,36.25
Mage+Priest_vs_Priest+Warlock#as87Mage,Mage+Priest,Priest+Warlock,2,team1,kill,67.58
Mage+Priest_vs_Priest+Warlock#as87Mage,Mage+Priest,Priest+Warlock,3,team2,kill,37.73
Mage+Priest_vs_Priest+Warlock#as87Mage,Mage+Priest,Priest+Warlock,4,team2,kill,65.60
Mage+Priest_vs_Priest+Warlock#as87Mage,Mage+Priest,Priest+Warlock,5,team2,kill,42.58
Mage+Priest_vs_Priest+Hunter#as87Mage,Mage+Priest,Priest+Hunter,0,team2,kill,54.83
Mage+Priest_vs_Priest+Hunter#as87Mage,Mage+Priest,Priest+Hunter,1,team2,kill,56.62
Mage+Priest_vs_Priest+Hunter#as87Mage,Mage+Priest,Priest+Hunter,2,team2,kill,60.48
Mage+Priest_vs_Priest+Hunter#as87Mage,Mage+Priest,Priest+Hunter,3,team2,kill,59.60
Mage+Priest_vs_Priest+Hunter#as87Mage,Mage+Priest,Priest+Hunter,4,team1,kill,46.88
Mage+Priest_vs_Priest+Hunter#as87Mage,Mage+Priest,Priest+Hunter,5,team2,kill,55.53
Mage+Priest_vs_Warlock+Paladin#as87Mage,Mage+Priest,Warlock+Paladin,0,team2,kill,79.14
Mage+Priest_vs_Warlock+Paladin#as87Mage,Mage+Priest,Warlock+Paladin,1,team1,kill,78.67
Mage+Priest_vs_Warlock+Paladin#as87Mage,Mage+Priest,Warlock+Paladin,2,team2,kill,41.10
Mage+Priest_vs_Warlock+Paladin#as87Mage,Mage+Priest,Warlock+Paladin,3,team1,kill,55.37
Mage+Priest_vs_Warlock+Paladin#as87Mage,Mage+Priest,Warlock+Paladin,4,team1,kill,155.34
Mage+Priest_vs_Warlock+Paladin#as87Mage,Mage+Priest,Warlock+Paladin,5,team1,kill,195.03
Mage+Priest_vs_Warlock+Hunter#as87Mage,Mage+Priest,Warlock+Hunter,0,team1,kill,24.30
Mage+Priest_vs_Warlock+Hunter#as87Mage,Mage+Priest,Warlock+Hunter,1,team1,kill,24.35
Mage+Priest_vs_Warlock+Hunter#as87Mage,Mage+Priest,Warlock+Hunter,2,team1,kill,22.83
Mage+Priest_vs_Warlock+Hunter#as87Mage,Mage+Priest,Warlock+Hunter,3,team1,kill,24.20
Mage+Priest_vs_Warlock+Hunter#as87Mage,Mage+Priest,Warlock+Hunter,4,team1,kill,24.33
Mage+Priest_vs_Warlock+Hunter#as87Mage,Mage+Priest,Warlock+Hunter,5,team1,kill,24.47
Mage+Priest_vs_Warlock+Shaman#as87Mage,Mage+Priest,Warlock+Shaman,0,team1,kill,19.37
Mage+Priest_vs_Warlock+Shaman#as87Mage,Mage+Priest,Warlock+Shaman,1,team1,kill,17.92
Mage+Priest_vs_Warlock+Shaman#as87Mage,Mage+Priest,Warlock+Shaman,2,team2,kill,64.20
Mage+Priest_vs_Warlock+Shaman#as87Mage,Mage+Priest,Warlock+Shaman,3,team1,kill,50.28
Mage+Priest_vs_Warlock+Shaman#as87Mage,Mage+Priest,Warlock+Shaman,4,team1,kill,32.45
Mage+Priest_vs_Warlock+Shaman#as87Mage,Mage+Priest,Warlock+Shaman,5,team1,kill,34.05
Mage+Priest_vs_Paladin+Hunter#as87Mage,Mage+Priest,Paladin+Hunter,0,team1,kill,74.17
Mage+Priest_vs_Paladin+Hunter#as87Mage,Mage+Priest,Paladin+Hunter,1,team1,kill,38.83
Mage+Priest_vs_Paladin+Hunter#as87Mage,Mage+Priest,Paladin+Hunter,2,team1,kill,64.47
Mage+Priest_vs_Paladin+Hunter#as87Mage,Mage+Priest,Paladin+Hunter,3,team1,kill,63.03
Mage+Priest_vs_Paladin+Hunter#as87Mage,Mage+Priest,Paladin+Hunter,4,team1,kill,34.12
Mage+Priest_vs_Paladin+Hunter#as87Mage,Mage+Priest,Paladin+Hunter,5,team2,kill,35.53
Mage+Priest_vs_Hunter+Shaman#as87Mage,Mage+Priest,Hunter+Shaman,0,team1,kill,28.22
Mage+Priest_vs_Hunter+Shaman#as87Mage,Mage+Priest,Hunter+Shaman,1,team1,kill,20.80
Mage+Priest_vs_Hunter+Shaman#as87Mage,Mage+Priest,Hunter+Shaman,2,team1,kill,40.93
Mage+Priest_vs_Hunter+Shaman#as87Mage,Mage+Priest,Hunter+Shaman,3,team1,kill,74.62
Mage+Priest_vs_Hunter+Shaman#as87Mage,Mage+Priest,Hunter+Shaman,4,team1,kill,20.70
Mage+Priest_vs_Hunter+Shaman#as87Mage,Mage+Priest,Hunter+Shaman,5,team1,kill,63.78
Mage+Warlock_vs_Warrior+Mage#as87Mage,Mage+Warlock,Warrior+Mage,0,team1,kill,17.47
Mage+Warlock_vs_Warrior+Mage#as87Mage,Mage+Warlock,Warrior+Mage,1,team1,kill,19.28
Mage+Warlock_vs_Warrior+Mage#as87Mage,Mage+Warlock,Warrior+Mage,2,team1,kill,19.08
Mage+Warlock_vs_Warrior+Mage#as87Mage,Mage+Warlock,Warrior+Mage,3,team1,kill,17.52
Mage+Warlock_vs_Warrior+Mage#as87Mage,Mage+Warlock,Warrior+Mage,4,team1,kill,14.80
Mage+Warlock_vs_Warrior+Mage#as87Mage,Mage+Warlock,Warrior+Mage,5,team1,kill,17.58
Mage+Warlock_vs_Warrior+Rogue#as87Mage,Mage+Warlock,Warrior+Rogue,0,team2,kill,23.27
Mage+Warlock_vs_Warrior+Rogue#as87Mage,Mage+Warlock,Warrior+Rogue,1,team1,kill,26.85
Mage+Warlock_vs_Warrior+Rogue#as87Mage,Mage+Warlock,Warrior+Rogue,2,team2,kill,24.00
Mage+Warlock_vs_Warrior+Rogue#as87Mage,Mage+Warlock,Warrior+Rogue,3,team1,kill,26.85
Mage+Warlock_vs_Warrior+Rogue#as87Mage,Mage+Warlock,Warrior+Rogue,4,team2,kill,25.27
Mage+Warlock_vs_Warrior+Rogue#as87Mage,Mage+Warlock,Warrior+Rogue,5,team1,kill,26.37
Mage+Warlock_vs_Warrior+Priest#as87Mage,Mage+Warlock,Warrior+Priest,0,team1,kill,26.53
Mage+Warlock_vs_Warrior+Priest#as87Mage,Mage+Warlock,Warrior+Priest,1,team1,kill,29.95
Mage+Warlock_vs_Warrior+Priest#as87Mage,Mage+Warlock,Warrior+Priest,2,team2,kill,30.95
Mage+Warlock_vs_Warrior+Priest#as87Mage,Mage+Warlock,Warrior+Priest,3,team2,kill,37.02
Mage+Warlock_vs_Warrior+Priest#as87Mage,Mage+Warlock,Warrior+Priest,4,team1,kill,33.02
Mage+Warlock_vs_Warrior+Priest#as87Mage,Mage+Warlock,Warrior+Priest,5,team1,kill,37.22
Mage+Warlock_vs_Warrior+Warlock#as87Mage,Mage+Warlock,Warrior+Warlock,0,team1,kill,18.93
Mage+Warlock_vs_Warrior+Warlock#as87Mage,Mage+Warlock,Warrior+Warlock,1,team1,kill,16.42
Mage+Warlock_vs_Warrior+Warlock#as87Mage,Mage+Warlock,Warrior+Warlock,2,team1,kill,19.60
Mage+Warlock_vs_Warrior+Warlock#as87Mage,Mage+Warlock,Warrior+Warlock,3,team1,kill,19.35
Mage+Warlock_vs_Warrior+Warlock#as87Mage,Mage+Warlock,Warrior+Warlock,4,team1,kill,15.08
Mage+Warlock_vs_Warrior+Warlock#as87Mage,Mage+Warlock,Warrior+Warlock,5,team1,kill,19.42
Mage+Warlock_vs_Warrior+Paladin#as87Mage,Mage+Warlock,Warrior+Paladin,0,team1,kill,49.98
Mage+Warlock_vs_Warrior+Paladin#as87Mage,Mage+Warlock,Warrior+Paladin,1,team2,kill,60.45
Mage+Warlock_vs_Warrior+Paladin#as87Mage,Mage+Warlock,Warrior+Paladin,2,team2,kill,74.32
Mage+Warlock_vs_Warrior+Paladin#as87Mage,Mage+Warlock,Warrior+Paladin,3,team1,kill,56.67
Mage+Warlock_vs_Warrior+Paladin#as87Mage,Mage+Warlock,Warrior+Paladin,4,team2,kill,33.98
Mage+Warlock_vs_Warrior+Paladin#as87Mage,Mage+Warlock,Warrior+Paladin,5,team1,kill,66.42
Mage+Warlock_vs_Warrior+Hunter#as87Mage,Mage+Warlock,Warrior+Hunter,0,team1,kill,19.75
Mage+Warlock_vs_Warrior+Hunter#as87Mage,Mage+Warlock,Warrior+Hunter,1,team1,kill,19.75
Mage+Warlock_vs_Warrior+Hunter#as87Mage,Mage+Warlock,Warrior+Hunter,2,team1,kill,19.37
Mage+Warlock_vs_Warrior+Hunter#as87Mage,Mage+Warlock,Warrior+Hunter,3,team1,kill,19.72
Mage+Warlock_vs_Warrior+Hunter#as87Mage,Mage+Warlock,Warrior+Hunter,4,team1,kill,19.72
Mage+Warlock_vs_Warrior+Hunter#as87Mage,Mage+Warlock,Warrior+Hunter,5,team1,kill,19.78
Mage+Warlock_vs_Warrior+Shaman#as87Mage,Mage+Warlock,Warrior+Shaman,0,team1,kill,25.63
Mage+Warlock_vs_Warrior+Shaman#as87Mage,Mage+Warlock,Warrior+Shaman,1,team1,kill,34.13
Mage+Warlock_vs_Warrior+Shaman#as87Mage,Mage+Warlock,Warrior+Shaman,2,team1,kill,30.03
Mage+Warlock_vs_Warrior+Shaman#as87Mage,Mage+Warlock,Warrior+Shaman,3,team2,kill,28.92
Mage+Warlock_vs_Warrior+Shaman#as87Mage,Mage+Warlock,Warrior+Shaman,4,team1,kill,24.08
Mage+Warlock_vs_Warrior+Shaman#as87Mage,Mage+Warlock,Warrior+Shaman,5,team1,kill,24.13
Mage+Warlock_vs_Mage+Rogue#as87Mage,Mage+Warlock,Mage+Rogue,0,team1,kill,17.38
Mage+Warlock_vs_Mage+Rogue#as87Mage,Mage+Warlock,Mage+Rogue,1,team1,kill,17.42
Mage+Warlock_vs_Mage+Rogue#as87Mage,Mage+Warlock,Mage+Rogue,2,team1,kill,17.20
Mage+Warlock_vs_Mage+Rogue#as87Mage,Mage+Warlock,Mage+Rogue,3,team1,kill,17.23
Mage+Warlock_vs_Mage+Rogue#as87Mage,Mage+Warlock,Mage+Rogue,4,team1,kill,17.15
Mage+Warlock_vs_Mage+Rogue#as87Mage,Mage+Warlock,Mage+Rogue,5,team1,kill,17.15
Mage+Warlock_vs_Mage+Priest#as87Mage,Mage+Warlock,Mage+Priest,0,team2,kill,20.43
Mage+Warlock_vs_Mage+Priest#as87Mage,Mage+Warlock,Mage+Priest,1,team2,kill,24.45
Mage+Warlock_vs_Mage+Priest#as87Mage,Mage+Warlock,Mage+Priest,2,team2,kill,23.90
Mage+Warlock_vs_Mage+Priest#as87Mage,Mage+Warlock,Mage+Priest,3,team2,kill,23.95
Mage+Warlock_vs_Mage+Priest#as87Mage,Mage+Warlock,Mage+Priest,4,team2,kill,29.68
Mage+Warlock_vs_Mage+Priest#as87Mage,Mage+Warlock,Mage+Priest,5,team2,kill,24.45
Mage+Warlock_vs_Mage+Warlock#as87Mage,Mage+Warlock,Mage+Warlock,0,draw,kill,18.77
Mage+Warlock_vs_Mage+Warlock#as87Mage,Mage+Warlock,Mage+Warlock,1,team2,kill,16.75
Mage+Warlock_vs_Mage+Warlock#as87Mage,Mage+Warlock,Mage+Warlock,2,team2,kill,17.42
Mage+Warlock_vs_Mage+Warlock#as87Mage,Mage+Warlock,Mage+Warlock,3,team1,kill,18.48
Mage+Warlock_vs_Mage+Warlock#as87Mage,Mage+Warlock,Mage+Warlock,4,team1,kill,17.42
Mage+Warlock_vs_Mage+Warlock#as87Mage,Mage+Warlock,Mage+Warlock,5,team1,kill,17.28
Mage+Warlock_vs_Mage+Paladin#as87Mage,Mage+Warlock,Mage+Paladin,0,team1,kill,47.33
Mage+Warlock_vs_Mage+Paladin#as87Mage,Mage+Warlock,Mage+Paladin,1,team1,kill,58.23
Mage+Warlock_vs_Mage+Paladin#as87Mage,Mage+Warlock,Mage+Paladin,2,team1,kill,56.03
Mage+Warlock_vs_Mage+Paladin#as87Mage,Mage+Warlock,Mage+Paladin,3,team1,kill,67.42
Mage+Warlock_vs_Mage+Paladin#as87Mage,Mage+Warlock,Mage+Paladin,4,team1,kill,39.47
Mage+Warlock_vs_Mage+Paladin#as87Mage,Mage+Warlock,Mage+Paladin,5,team1,kill,49.95
Mage+Warlock_vs_Mage+Hunter#as87Mage,Mage+Warlock,Mage+Hunter,0,team1,kill,15.23
Mage+Warlock_vs_Mage+Hunter#as87Mage,Mage+Warlock,Mage+Hunter,1,team1,kill,15.23
Mage+Warlock_vs_Mage+Hunter#as87Mage,Mage+Warlock,Mage+Hunter,2,team1,kill,14.80
Mage+Warlock_vs_Mage+Hunter#as87Mage,Mage+Warlock,Mage+Hunter,3,team1,kill,15.23
Mage+Warlock_vs_Mage+Hunter#as87Mage,Mage+Warlock,Mage+Hunter,4,team1,kill,15.23
Mage+Warlock_vs_Mage+Hunter#as87Mage,Mage+Warlock,Mage+Hunter,5,team1,kill,14.83
Mage+Warlock_vs_Mage+Shaman#as87Mage,Mage+Warlock,Mage+Shaman,0,team2,kill,19.43
Mage+Warlock_vs_Mage+Shaman#as87Mage,Mage+Warlock,Mage+Shaman,1,team2,kill,25.10
Mage+Warlock_vs_Mage+Shaman#as87Mage,Mage+Warlock,Mage+Shaman,2,team2,kill,29.27
Mage+Warlock_vs_Mage+Shaman#as87Mage,Mage+Warlock,Mage+Shaman,3,team2,kill,20.55
Mage+Warlock_vs_Mage+Shaman#as87Mage,Mage+Warlock,Mage+Shaman,4,team2,kill,28.52
Mage+Warlock_vs_Mage+Shaman#as87Mage,Mage+Warlock,Mage+Shaman,5,team2,kill,26.58
Mage+Warlock_vs_Rogue+Priest#as87Mage,Mage+Warlock,Rogue+Priest,0,team2,kill,31.80
Mage+Warlock_vs_Rogue+Priest#as87Mage,Mage+Warlock,Rogue+Priest,1,team2,kill,28.20
Mage+Warlock_vs_Rogue+Priest#as87Mage,Mage+Warlock,Rogue+Priest,2,team1,kill,29.87
Mage+Warlock_vs_Rogue+Priest#as87Mage,Mage+Warlock,Rogue+Priest,3,team2,kill,29.32
Mage+Warlock_vs_Rogue+Priest#as87Mage,Mage+Warlock,Rogue+Priest,4,team2,kill,39.67
Mage+Warlock_vs_Rogue+Priest#as87Mage,Mage+Warlock,Rogue+Priest,5,team2,kill,30.40
Mage+Warlock_vs_Rogue+Warlock#as87Mage,Mage+Warlock,Rogue+Warlock,0,team1,kill,26.85
Mage+Warlock_vs_Rogue+Warlock#as87Mage,Mage+Warlock,Rogue+Warlock,1,team1,kill,25.23
Mage+Warlock_vs_Rogue+Warlock#as87Mage,Mage+Warlock,Rogue+Warlock,2,team1,kill,24.35
Mage+Warlock_vs_Rogue+Warlock#as87Mage,Mage+Warlock,Rogue+Warlock,3,team1,kill,25.82
Mage+Warlock_vs_Rogue+Warlock#as87Mage,Mage+Warlock,Rogue+Warlock,4,team1,kill,25.08
Mage+Warlock_vs_Rogue+Warlock#as87Mage,Mage+Warlock,Rogue+Warlock,5,team1,kill,25.98
Mage+Warlock_vs_Rogue+Paladin#as87Mage,Mage+Warlock,Rogue+Paladin,0,team2,kill,59.22
Mage+Warlock_vs_Rogue+Paladin#as87Mage,Mage+Warlock,Rogue+Paladin,1,team2,kill,35.92
Mage+Warlock_vs_Rogue+Paladin#as87Mage,Mage+Warlock,Rogue+Paladin,2,team1,kill,45.58
Mage+Warlock_vs_Rogue+Paladin#as87Mage,Mage+Warlock,Rogue+Paladin,3,team1,kill,49.57
Mage+Warlock_vs_Rogue+Paladin#as87Mage,Mage+Warlock,Rogue+Paladin,4,team1,kill,38.52
Mage+Warlock_vs_Rogue+Paladin#as87Mage,Mage+Warlock,Rogue+Paladin,5,team2,kill,36.03
Mage+Warlock_vs_Rogue+Hunter#as87Mage,Mage+Warlock,Rogue+Hunter,0,team1,kill,21.95
Mage+Warlock_vs_Rogue+Hunter#as87Mage,Mage+Warlock,Rogue+Hunter,1,team1,kill,23.22
Mage+Warlock_vs_Rogue+Hunter#as87Mage,Mage+Warlock,Rogue+Hunter,2,team1,kill,17.98
Mage+Warlock_vs_Rogue+Hunter#as87Mage,Mage+Warlock,Rogue+Hunter,3,team1,kill,17.98
Mage+Warlock_vs_Rogue+Hunter#as87Mage,Mage+Warlock,Rogue+Hunter,4,team1,kill,22.45
Mage+Warlock_vs_Rogue+Hunter#as87Mage,Mage+Warlock,Rogue+Hunter,5,team1,kill,22.03
Mage+Warlock_vs_Rogue+Shaman#as87Mage,Mage+Warlock,Rogue+Shaman,0,team2,kill,25.43
Mage+Warlock_vs_Rogue+Shaman#as87Mage,Mage+Warlock,Rogue+Shaman,1,team2,kill,32.03
Mage+Warlock_vs_Rogue+Shaman#as87Mage,Mage+Warlock,Rogue+Shaman,2,team2,kill,33.98
Mage+Warlock_vs_Rogue+Shaman#as87Mage,Mage+Warlock,Rogue+Shaman,3,team2,kill,30.08
Mage+Warlock_vs_Rogue+Shaman#as87Mage,Mage+Warlock,Rogue+Shaman,4,team2,kill,31.57
Mage+Warlock_vs_Rogue+Shaman#as87Mage,Mage+Warlock,Rogue+Shaman,5,team2,kill,31.48
Mage+Warlock_vs_Priest+Warlock#as87Mage,Mage+Warlock,Priest+Warlock,0,team1,kill,22.80
Mage+Warlock_vs_Priest+Warlock#as87Mage,Mage+Warlock,Priest+Warlock,1,team1,kill,23.60
Mage+Warlock_vs_Priest+Warlock#as87Mage,Mage+Warlock,Priest+Warlock,2,team1,kill,22.08
Mage+Warlock_vs_Priest+Warlock#as87Mage,Mage+Warlock,Priest+Warlock,3,team1,kill,23.60
Mage+Warlock_vs_Priest+Warlock#as87Mage,Mage+Warlock,Priest+Warlock,4,team1,kill,22.08
Mage+Warlock_vs_Priest+Warlock#as87Mage,Mage+Warlock,Priest+Warlock,5,team1,kill,23.60
Mage+Warlock_vs_Priest+Hunter#as87Mage,Mage+Warlock,Priest+Hunter,0,team1,kill,17.43
Mage+Warlock_vs_Priest+Hunter#as87Mage,Mage+Warlock,Priest+Hunter,1,team1,kill,19.27
Mage+Warlock_vs_Priest+Hunter#as87Mage,Mage+Warlock,Priest+Hunter,2,team1,kill,18.97
Mage+Warlock_vs_Priest+Hunter#as87Mage,Mage+Warlock,Priest+Hunter,3,team1,kill,16.77
Mage+Warlock_vs_Priest+Hunter#as87Mage,Mage+Warlock,Priest+Hunter,4,team1,kill,18.97
Mage+Warlock_vs_Priest+Hunter#as87Mage,Mage+Warlock,Priest+Hunter,5,team1,kill,14.57
Mage+Warlock_vs_Warlock+Paladin#as87Mage,Mage+Warlock,Warlock+Paladin,0,team1,kill,40.80
Mage+Warlock_vs_Warlock+Paladin#as87Mage,Mage+Warlock,Warlock+Paladin,1,team1,kill,44.43
Mage+Warlock_vs_Warlock+Paladin#as87Mage,Mage+Warlock,Warlock+Paladin,2,team1,kill,43.92
Mage+Warlock_vs_Warlock+Paladin#as87Mage,Mage+Warlock,Warlock+Paladin,3,team1,kill,42.63
Mage+Warlock_vs_Warlock+Paladin#as87Mage,Mage+Warlock,Warlock+Paladin,4,team1,kill,49.40
Mage+Warlock_vs_Warlock+Paladin#as87Mage,Mage+Warlock,Warlock+Paladin,5,team1,kill,39.93
Mage+Warlock_vs_Warlock+Hunter#as87Mage,Mage+Warlock,Warlock+Hunter,0,team1,kill,18.48
Mage+Warlock_vs_Warlock+Hunter#as87Mage,Mage+Warlock,Warlock+Hunter,1,team1,kill,18.48
Mage+Warlock_vs_Warlock+Hunter#as87Mage,Mage+Warlock,Warlock+Hunter,2,team1,kill,20.00
Mage+Warlock_vs_Warlock+Hunter#as87Mage,Mage+Warlock,Warlock+Hunter,3,team1,kill,20.00
Mage+Warlock_vs_Warlock+Hunter#as87Mage,Mage+Warlock,Warlock+Hunter,4,team1,kill,20.00
Mage+Warlock_vs_Warlock+Hunter#as87Mage,Mage+Warlock,Warlock+Hunter,5,team1,kill,21.67
Mage+Warlock_vs_Warlock+Shaman#as87Mage,Mage+Warlock,Warlock+Shaman,0,team1,kill,21.58
Mage+Warlock_vs_Warlock+Shaman#as87Mage,Mage+Warlock,Warlock+Shaman,1,team1,kill,24.55
Mage+Warlock_vs_Warlock+Shaman#as87Mage,Mage+Warlock,Warlock+Shaman,2,team1,kill,22.63
Mage+Warlock_vs_Warlock+Shaman#as87Mage,Mage+Warlock,Warlock+Shaman,3,team1,kill,25.38
Mage+Warlock_vs_Warlock+Shaman#as87Mage,Mage+Warlock,Warlock+Shaman,4,team1,kill,23.13
Mage+Warlock_vs_Warlock+Shaman#as87Mage,Mage+Warlock,Warlock+Shaman,5,team1,kill,23.63
Mage+Warlock_vs_Paladin+Hunter#as87Mage,Mage+Warlock,Paladin+Hunter,0,team1,kill,34.85
Mage+Warlock_vs_Paladin+Hunter#as87Mage,Mage+Warlock,Paladin+Hunter,1,team1,kill,43.87
Mage+Warlock_vs_Paladin+Hunter#as87Mage,Mage+Warlock,Paladin+Hunter,2,team2,kill,29.83
Mage+Warlock_vs_Paladin+Hunter#as87Mage,Mage+Warlock,Paladin+Hunter,3,team1,kill,38.12
Mage+Warlock_vs_Paladin+Hunter#as87Mage,Mage+Warlock,Paladin+Hunter,4,team1,kill,29.30
Mage+Warlock_vs_Paladin+Hunter#as87Mage,Mage+Warlock,Paladin+Hunter,5,team1,kill,35.42
Mage+Warlock_vs_Hunter+Shaman#as87Mage,Mage+Warlock,Hunter+Shaman,0,team1,kill,29.75
Mage+Warlock_vs_Hunter+Shaman#as87Mage,Mage+Warlock,Hunter+Shaman,1,team1,kill,29.70
Mage+Warlock_vs_Hunter+Shaman#as87Mage,Mage+Warlock,Hunter+Shaman,2,team2,kill,31.62
Mage+Warlock_vs_Hunter+Shaman#as87Mage,Mage+Warlock,Hunter+Shaman,3,team2,kill,40.68
Mage+Warlock_vs_Hunter+Shaman#as87Mage,Mage+Warlock,Hunter+Shaman,4,team1,kill,27.03
Mage+Warlock_vs_Hunter+Shaman#as87Mage,Mage+Warlock,Hunter+Shaman,5,team1,kill,27.87
Mage+Paladin_vs_Warrior+Mage#as87Mage,Mage+Paladin,Warrior+Mage,0,team1,kill,15.25
Mage+Paladin_vs_Warrior+Mage#as87Mage,Mage+Paladin,Warrior+Mage,1,team1,kill,19.18
Mage+Paladin_vs_Warrior+Mage#as87Mage,Mage+Paladin,Warrior+Mage,2,team1,kill,20.95
Mage+Paladin_vs_Warrior+Mage#as87Mage,Mage+Paladin,Warrior+Mage,3,team1,kill,19.43
Mage+Paladin_vs_Warrior+Mage#as87Mage,Mage+Paladin,Warrior+Mage,4,team1,kill,19.43
Mage+Paladin_vs_Warrior+Mage#as87Mage,Mage+Paladin,Warrior+Mage,5,team1,kill,20.95
Mage+Paladin_vs_Warrior+Rogue#as87Mage,Mage+Paladin,Warrior+Rogue,0,team1,kill,25.22
Mage+Paladin_vs_Warrior+Rogue#as87Mage,Mage+Paladin,Warrior+Rogue,1,team1,kill,22.65
Mage+Paladin_vs_Warrior+Rogue#as87Mage,Mage+Paladin,Warrior+Rogue,2,team1,kill,24.10
Mage+Paladin_vs_Warrior+Rogue#as87Mage,Mage+Paladin,Warrior+Rogue,3,team1,kill,24.10
Mage+Paladin_vs_Warrior+Rogue#as87Mage,Mage+Paladin,Warrior+Rogue,4,team1,kill,22.50
Mage+Paladin_vs_Warrior+Rogue#as87Mage,Mage+Paladin,Warrior+Rogue,5,team1,kill,22.65
Mage+Paladin_vs_Warrior+Priest#as87Mage,Mage+Paladin,Warrior+Priest,0,team1,kill,41.62
Mage+Paladin_vs_Warrior+Priest#as87Mage,Mage+Paladin,Warrior+Priest,1,team1,kill,64.18
Mage+Paladin_vs_Warrior+Priest#as87Mage,Mage+Paladin,Warrior+Priest,2,team1,kill,85.20
Mage+Paladin_vs_Warrior+Priest#as87Mage,Mage+Paladin,Warrior+Priest,3,team1,kill,64.48
Mage+Paladin_vs_Warrior+Priest#as87Mage,Mage+Paladin,Warrior+Priest,4,team1,kill,94.57
Mage+Paladin_vs_Warrior+Priest#as87Mage,Mage+Paladin,Warrior+Priest,5,team1,kill,64.82
Mage+Paladin_vs_Warrior+Warlock#as87Mage,Mage+Paladin,Warrior+Warlock,0,team1,kill,33.20
Mage+Paladin_vs_Warrior+Warlock#as87Mage,Mage+Paladin,Warrior+Warlock,1,team1,kill,44.03
Mage+Paladin_vs_Warrior+Warlock#as87Mage,Mage+Paladin,Warrior+Warlock,2,team1,kill,41.78
Mage+Paladin_vs_Warrior+Warlock#as87Mage,Mage+Paladin,Warrior+Warlock,3,team1,kill,29.58
Mage+Paladin_vs_Warrior+Warlock#as87Mage,Mage+Paladin,Warrior+Warlock,4,team1,kill,64.77
Mage+Paladin_vs_Warrior+Warlock#as87Mage,Mage+Paladin,Warrior+Warlock,5,team1,kill,30.22
Mage+Paladin_vs_Warrior+Paladin#as87Mage,Mage+Paladin,Warrior+Paladin,0,team2,kill,56.90
Mage+Paladin_vs_Warrior+Paladin#as87Mage,Mage+Paladin,Warrior+Paladin,1,team1,kill,97.09
Mage+Paladin_vs_Warrior+Paladin#as87Mage,Mage+Paladin,Warrior+Paladin,2,team2,kill,153.46
Mage+Paladin_vs_Warrior+Paladin#as87Mage,Mage+Paladin,Warrior+Paladin,3,team1,kill,75.67
Mage+Paladin_vs_Warrior+Paladin#as87Mage,Mage+Paladin,Warrior+Paladin,4,team1,kill,61.62
Mage+Paladin_vs_Warrior+Paladin#as87Mage,Mage+Paladin,Warrior+Paladin,5,team1,kill,81.37
Mage+Paladin_vs_Warrior+Hunter#as87Mage,Mage+Paladin,Warrior+Hunter,0,team1,kill,30.45
Mage+Paladin_vs_Warrior+Hunter#as87Mage,Mage+Paladin,Warrior+Hunter,1,team1,kill,30.45
Mage+Paladin_vs_Warrior+Hunter#as87Mage,Mage+Paladin,Warrior+Hunter,2,team1,kill,34.27
Mage+Paladin_vs_Warrior+Hunter#as87Mage,Mage+Paladin,Warrior+Hunter,3,team1,kill,30.27
Mage+Paladin_vs_Warrior+Hunter#as87Mage,Mage+Paladin,Warrior+Hunter,4,team1,kill,34.27
Mage+Paladin_vs_Warrior+Hunter#as87Mage,Mage+Paladin,Warrior+Hunter,5,team1,kill,32.75
Mage+Paladin_vs_Warrior+Shaman#as87Mage,Mage+Paladin,Warrior+Shaman,0,team1,kill,41.03
Mage+Paladin_vs_Warrior+Shaman#as87Mage,Mage+Paladin,Warrior+Shaman,1,team1,kill,39.65
Mage+Paladin_vs_Warrior+Shaman#as87Mage,Mage+Paladin,Warrior+Shaman,2,team1,kill,41.63
Mage+Paladin_vs_Warrior+Shaman#as87Mage,Mage+Paladin,Warrior+Shaman,3,team1,kill,39.42
Mage+Paladin_vs_Warrior+Shaman#as87Mage,Mage+Paladin,Warrior+Shaman,4,team1,kill,45.10
Mage+Paladin_vs_Warrior+Shaman#as87Mage,Mage+Paladin,Warrior+Shaman,5,team1,kill,40.40
Mage+Paladin_vs_Mage+Rogue#as87Mage,Mage+Paladin,Mage+Rogue,0,team1,kill,34.22
Mage+Paladin_vs_Mage+Rogue#as87Mage,Mage+Paladin,Mage+Rogue,1,team1,kill,29.62
Mage+Paladin_vs_Mage+Rogue#as87Mage,Mage+Paladin,Mage+Rogue,2,team1,kill,24.05
Mage+Paladin_vs_Mage+Rogue#as87Mage,Mage+Paladin,Mage+Rogue,3,team1,kill,26.13
Mage+Paladin_vs_Mage+Rogue#as87Mage,Mage+Paladin,Mage+Rogue,4,team1,kill,26.67
Mage+Paladin_vs_Mage+Rogue#as87Mage,Mage+Paladin,Mage+Rogue,5,team1,kill,24.68
Mage+Paladin_vs_Mage+Priest#as87Mage,Mage+Paladin,Mage+Priest,0,team2,kill,71.45
Mage+Paladin_vs_Mage+Priest#as87Mage,Mage+Paladin,Mage+Priest,1,team1,kill,55.03
Mage+Paladin_vs_Mage+Priest#as87Mage,Mage+Paladin,Mage+Priest,2,team1,kill,53.75
Mage+Paladin_vs_Mage+Priest#as87Mage,Mage+Paladin,Mage+Priest,3,team1,kill,63.72
Mage+Paladin_vs_Mage+Priest#as87Mage,Mage+Paladin,Mage+Priest,4,team1,kill,69.53
Mage+Paladin_vs_Mage+Priest#as87Mage,Mage+Paladin,Mage+Priest,5,team1,kill,76.47
Mage+Paladin_vs_Mage+Warlock#as87Mage,Mage+Paladin,Mage+Warlock,0,team2,kill,46.10
Mage+Paladin_vs_Mage+Warlock#as87Mage,Mage+Paladin,Mage+Warlock,1,team2,kill,47.17
Mage+Paladin_vs_Mage+Warlock#as87Mage,Mage+Paladin,Mage+Warlock,2,team2,kill,54.38
Mage+Paladin_vs_Mage+Warlock#as87Mage,Mage+Paladin,Mage+Warlock,3,team1,kill,73.03
Mage+Paladin_vs_Mage+Warlock#as87Mage,Mage+Paladin,Mage+Warlock,4,team2,kill,39.47
Mage+Paladin_vs_Mage+Warlock#as87Mage,Mage+Paladin,Mage+Warlock,5,team2,kill,53.33
Mage+Paladin_vs_Mage+Paladin#as87Mage,Mage+Paladin,Mage+Paladin,0,team1,kill,193.68
Mage+Paladin_vs_Mage+Paladin#as87Mage,Mage+Paladin,Mage+Paladin,1,team2,kill,181.98
Mage+Paladin_vs_Mage+Paladin#as87Mage,Mage+Paladin,Mage+Paladin,2,team1,kill,188.65
Mage+Paladin_vs_Mage+Paladin#as87Mage,Mage+Paladin,Mage+Paladin,3,team1,kill,197.58
Mage+Paladin_vs_Mage+Paladin#as87Mage,Mage+Paladin,Mage+Paladin,4,team1,kill,185.18
Mage+Paladin_vs_Mage+Paladin#as87Mage,Mage+Paladin,Mage+Paladin,5,team1,kill,95.99
Mage+Paladin_vs_Mage+Hunter#as87Mage,Mage+Paladin,Mage+Hunter,0,team1,kill,27.13
Mage+Paladin_vs_Mage+Hunter#as87Mage,Mage+Paladin,Mage+Hunter,1,team1,kill,27.13
Mage+Paladin_vs_Mage+Hunter#as87Mage,Mage+Paladin,Mage+Hunter,2,team1,kill,27.35
Mage+Paladin_vs_Mage+Hunter#as87Mage,Mage+Paladin,Mage+Hunter,3,team1,kill,27.37
Mage+Paladin_vs_Mage+Hunter#as87Mage,Mage+Paladin,Mage+Hunter,4,team1,kill,27.33
Mage+Paladin_vs_Mage+Hunter#as87Mage,Mage+Paladin,Mage+Hunter,5,team1,kill,27.50
Mage+Paladin_vs_Mage+Shaman#as87Mage,Mage+Paladin,Mage+Shaman,0,team1,kill,25.03
Mage+Paladin_vs_Mage+Shaman#as87Mage,Mage+Paladin,Mage+Shaman,1,team1,kill,32.28
Mage+Paladin_vs_Mage+Shaman#as87Mage,Mage+Paladin,Mage+Shaman,2,team1,kill,31.90
Mage+Paladin_vs_Mage+Shaman#as87Mage,Mage+Paladin,Mage+Shaman,3,team1,kill,28.82
Mage+Paladin_vs_Mage+Shaman#as87Mage,Mage+Paladin,Mage+Shaman,4,team1,kill,38.35
Mage+Paladin_vs_Mage+Shaman#as87Mage,Mage+Paladin,Mage+Shaman,5,team1,kill,19.68
Mage+Paladin_vs_Rogue+Priest#as87Mage,Mage+Paladin,Rogue+Priest,0,team1,kill,68.95
Mage+Paladin_vs_Rogue+Priest#as87Mage,Mage+Paladin,Rogue+Priest,1,team2,kill,83.40
Mage+Paladin_vs_Rogue+Priest#as87Mage,Mage+Paladin,Rogue+Priest,2,team2,kill,73.60
Mage+Paladin_vs_Rogue+Priest#as87Mage,Mage+Paladin,Rogue+Priest,3,team2,kill,81.77
Mage+Paladin_vs_Rogue+Priest#as87Mage,Mage+Paladin,Rogue+Priest,4,team2,kill,84.64
Mage+Paladin_vs_Rogue+Priest#as87Mage,Mage+Paladin,Rogue+Priest,5,team2,kill,79.09
Mage+Paladin_vs_Rogue+Warlock#as87Mage,Mage+Paladin,Rogue+Warlock,0,team1,kill,25.85
Mage+Paladin_vs_Rogue+Warlock#as87Mage,Mage+Paladin,Rogue+Warlock,1,team1,kill,51.17
Mage+Paladin_vs_Rogue+Warlock#as87Mage,Mage+Paladin,Rogue+Warlock,2,team2,kill,46.27
Mage+Paladin_vs_Rogue+Warlock#as87Mage,Mage+Paladin,Rogue+Warlock,3,team2,kill,55.18
Mage+Paladin_vs_Rogue+Warlock#as87Mage,Mage+Paladin,Rogue+Warlock,4,team2,kill,45.18
Mage+Paladin_vs_Rogue+Warlock#as87Mage,Mage+Paladin,Rogue+Warlock,5,team1,kill,44.50
Mage+Paladin_vs_Rogue+Paladin#as87Mage,Mage+Paladin,Rogue+Paladin,0,team2,kill,97.86
Mage+Paladin_vs_Rogue+Paladin#as87Mage,Mage+Paladin,Rogue+Paladin,1,team2,kill,103.87
Mage+Paladin_vs_Rogue+Paladin#as87Mage,Mage+Paladin,Rogue+Paladin,2,team2,kill,95.14
Mage+Paladin_vs_Rogue+Paladin#as87Mage,Mage+Paladin,Rogue+Paladin,3,team2,kill,95.47
Mage+Paladin_vs_Rogue+Paladin#as87Mage,Mage+Paladin,Rogue+Paladin,4,team2,kill,92.97
Mage+Paladin_vs_Rogue+Paladin#as87Mage,Mage+Paladin,Rogue+Paladin,5,team2,kill,107.14
Mage+Paladin_vs_Rogue+Hunter#as87Mage,Mage+Paladin,Rogue+Hunter,0,team1,kill,33.90
Mage+Paladin_vs_Rogue+Hunter#as87Mage,Mage+Paladin,Rogue+Hunter,1,team1,kill,33.25
Mage+Paladin_vs_Rogue+Hunter#as87Mage,Mage+Paladin,Rogue+Hunter,2,team1,kill,33.25
Mage+Paladin_vs_Rogue+Hunter#as87Mage,Mage+Paladin,Rogue+Hunter,3,team1,kill,33.48
Mage+Paladin_vs_Rogue+Hunter#as87Mage,Mage+Paladin,Rogue+Hunter,4,team1,kill,33.25
Mage+Paladin_vs_Rogue+Hunter#as87Mage,Mage+Paladin,Rogue+Hunter,5,team1,kill,35.33
Mage+Paladin_vs_Rogue+Shaman#as87Mage,Mage+Paladin,Rogue+Shaman,0,team1,kill,34.02
Mage+Paladin_vs_Rogue+Shaman#as87Mage,Mage+Paladin,Rogue+Shaman,1,team1,kill,33.78
Mage+Paladin_vs_Rogue+Shaman#as87Mage,Mage+Paladin,Rogue+Shaman,2,team1,kill,46.92
Mage+Paladin_vs_Rogue+Shaman#as87Mage,Mage+Paladin,Rogue+Shaman,3,team1,kill,46.92
Mage+Paladin_vs_Rogue+Shaman#as87Mage,Mage+Paladin,Rogue+Shaman,4,team1,kill,27.37
Mage+Paladin_vs_Rogue+Shaman#as87Mage,Mage+Paladin,Rogue+Shaman,5,team1,kill,50.35
Mage+Paladin_vs_Priest+Warlock#as87Mage,Mage+Paladin,Priest+Warlock,0,team2,kill,68.40
Mage+Paladin_vs_Priest+Warlock#as87Mage,Mage+Paladin,Priest+Warlock,1,team1,kill,67.30
Mage+Paladin_vs_Priest+Warlock#as87Mage,Mage+Paladin,Priest+Warlock,2,team1,kill,77.45
Mage+Paladin_vs_Priest+Warlock#as87Mage,Mage+Paladin,Priest+Warlock,3,team2,kill,68.98
Mage+Paladin_vs_Priest+Warlock#as87Mage,Mage+Paladin,Priest+Warlock,4,team1,kill,59.95
Mage+Paladin_vs_Priest+Warlock#as87Mage,Mage+Paladin,Priest+Warlock,5,team1,kill,54.80
Mage+Paladin_vs_Priest+Hunter#as87Mage,Mage+Paladin,Priest+Hunter,0,team1,kill,75.72
Mage+Paladin_vs_Priest+Hunter#as87Mage,Mage+Paladin,Priest+Hunter,1,team1,kill,92.84
Mage+Paladin_vs_Priest+Hunter#as87Mage,Mage+Paladin,Priest+Hunter,2,team1,kill,98.37
Mage+Paladin_vs_Priest+Hunter#as87Mage,Mage+Paladin,Priest+Hunter,3,team1,kill,96.89
Mage+Paladin_vs_Priest+Hunter#as87Mage,Mage+Paladin,Priest+Hunter,4,team1,kill,97.34
Mage+Paladin_vs_Priest+Hunter#as87Mage,Mage+Paladin,Priest+Hunter,5,team2,kill,163.29
Mage+Paladin_vs_Warlock+Paladin#as87Mage,Mage+Paladin,Warlock+Paladin,0,team2,kill,144.54
Mage+Paladin_vs_Warlock+Paladin#as87Mage,Mage+Paladin,Warlock+Paladin,1,team1,kill,156.14
Mage+Paladin_vs_Warlock+Paladin#as87Mage,Mage+Paladin,Warlock+Paladin,2,team1,kill,104.34
Mage+Paladin_vs_Warlock+Paladin#as87Mage,Mage+Paladin,Warlock+Paladin,3,team1,kill,168.14
Mage+Paladin_vs_Warlock+Paladin#as87Mage,Mage+Paladin,Warlock+Paladin,4,team2,kill,159.31
Mage+Paladin_vs_Warlock+Paladin#as87Mage,Mage+Paladin,Warlock+Paladin,5,team2,kill,115.98
Mage+Paladin_vs_Warlock+Hunter#as87Mage,Mage+Paladin,Warlock+Hunter,0,team1,kill,29.42
Mage+Paladin_vs_Warlock+Hunter#as87Mage,Mage+Paladin,Warlock+Hunter,1,team1,kill,28.67
Mage+Paladin_vs_Warlock+Hunter#as87Mage,Mage+Paladin,Warlock+Hunter,2,team1,kill,29.67
Mage+Paladin_vs_Warlock+Hunter#as87Mage,Mage+Paladin,Warlock+Hunter,3,team1,kill,28.62
Mage+Paladin_vs_Warlock+Hunter#as87Mage,Mage+Paladin,Warlock+Hunter,4,team1,kill,25.35
Mage+Paladin_vs_Warlock+Hunter#as87Mage,Mage+Paladin,Warlock+Hunter,5,team1,kill,24.53
Mage+Paladin_vs_Warlock+Shaman#as87Mage,Mage+Paladin,Warlock+Shaman,0,team1,kill,34.23
Mage+Paladin_vs_Warlock+Shaman#as87Mage,Mage+Paladin,Warlock+Shaman,1,team1,kill,22.03
Mage+Paladin_vs_Warlock+Shaman#as87Mage,Mage+Paladin,Warlock+Shaman,2,team1,kill,58.20
Mage+Paladin_vs_Warlock+Shaman#as87Mage,Mage+Paladin,Warlock+Shaman,3,team1,kill,30.28
Mage+Paladin_vs_Warlock+Shaman#as87Mage,Mage+Paladin,Warlock+Shaman,4,team1,kill,181.48
Mage+Paladin_vs_Warlock+Shaman#as87Mage,Mage+Paladin,Warlock+Shaman,5,team2,kill,153.16
Mage+Paladin_vs_Paladin+Hunter#as87Mage,Mage+Paladin,Paladin+Hunter,0,team1,kill,44.17
Mage+Paladin_vs_Paladin+Hunter#as87Mage,Mage+Paladin,Paladin+Hunter,1,team1,kill,27.47
Mage+Paladin_vs_Paladin+Hunter#as87Mage,Mage+Paladin,Paladin+Hunter,2,team1,kill,47.02
Mage+Paladin_vs_Paladin+Hunter#as87Mage,Mage+Paladin,Paladin+Hunter,3,team1,kill,130.30
Mage+Paladin_vs_Paladin+Hunter#as87Mage,Mage+Paladin,Paladin+Hunter,4,team1,kill,142.68
Mage+Paladin_vs_Paladin+Hunter#as87Mage,Mage+Paladin,Paladin+Hunter,5,team1,kill,147.47
Mage+Paladin_vs_Hunter+Shaman#as87Mage,Mage+Paladin,Hunter+Shaman,0,team1,kill,30.47
Mage+Paladin_vs_Hunter+Shaman#as87Mage,Mage+Paladin,Hunter+Shaman,1,team1,kill,27.30
Mage+Paladin_vs_Hunter+Shaman#as87Mage,Mage+Paladin,Hunter+Shaman,2,team1,kill,33.42
Mage+Paladin_vs_Hunter+Shaman#as87Mage,Mage+Paladin,Hunter+Shaman,3,team1,kill,33.10
Mage+Paladin_vs_Hunter+Shaman#as87Mage,Mage+Paladin,Hunter+Shaman,4,team1,kill,30.33
Mage+Paladin_vs_Hunter+Shaman#as87Mage,Mage+Paladin,Hunter+Shaman,5,team1,kill,35.05
Mage+Hunter_vs_Warrior+Mage#as87Mage,Mage+Hunter,Warrior+Mage,0,team1,kill,17.85
Mage+Hunter_vs_Warrior+Mage#as87Mage,Mage+Hunter,Warrior+Mage,1,team1,kill,19.37
Mage+Hunter_vs_Warrior+Mage#as87Mage,Mage+Hunter,Warrior+Mage,2,team1,kill,19.37
Mage+Hunter_vs_Warrior+Mage#as87Mage,Mage+Hunter,Warrior+Mage,3,team1,kill,17.85
Mage+Hunter_vs_Warrior+Mage#as87Mage,Mage+Hunter,Warrior+Mage,4,team1,kill,16.68
Mage+Hunter_vs_Warrior+Mage#as87Mage,Mage+Hunter,Warrior+Mage,5,team1,kill,19.37
Mage+Hunter_vs_Warrior+Rogue#as87Mage,Mage+Hunter,Warrior+Rogue,0,team1,kill,16.43
Mage+Hunter_vs_Warrior+Rogue#as87Mage,Mage+Hunter,Warrior+Rogue,1,team1,kill,16.43
Mage+Hunter_vs_Warrior+Rogue#as87Mage,Mage+Hunter,Warrior+Rogue,2,team1,kill,16.43
Mage+Hunter_vs_Warrior+Rogue#as87Mage,Mage+Hunter,Warrior+Rogue,3,team1,kill,16.43
Mage+Hunter_vs_Warrior+Rogue#as87Mage,Mage+Hunter,Warrior+Rogue,4,team1,kill,16.47
Mage+Hunter_vs_Warrior+Rogue#as87Mage,Mage+Hunter,Warrior+Rogue,5,team1,kill,16.43
Mage+Hunter_vs_Warrior+Priest#as87Mage,Mage+Hunter,Warrior+Priest,0,team1,kill,31.95
Mage+Hunter_vs_Warrior+Priest#as87Mage,Mage+Hunter,Warrior+Priest,1,team1,kill,34.15
Mage+Hunter_vs_Warrior+Priest#as87Mage,Mage+Hunter,Warrior+Priest,2,team2,kill,52.70
Mage+Hunter_vs_Warrior+Priest#as87Mage,Mage+Hunter,Warrior+Priest,3,team2,kill,42.18
Mage+Hunter_vs_Warrior+Priest#as87Mage,Mage+Hunter,Warrior+Priest,4,team1,kill,62.05
Mage+Hunter_vs_Warrior+Priest#as87Mage,Mage+Hunter,Warrior+Priest,5,team2,kill,39.03
Mage+Hunter_vs_Warrior+Warlock#as87Mage,Mage+Hunter,Warrior+Warlock,0,team1,kill,20.95
Mage+Hunter_vs_Warrior+Warlock#as87Mage,Mage+Hunter,Warrior+Warlock,1,team1,kill,20.95
Mage+Hunter_vs_Warrior+Warlock#as87Mage,Mage+Hunter,Warrior+Warlock,2,team1,kill,19.97
Mage+Hunter_vs_Warrior+Warlock#as87Mage,Mage+Hunter,Warrior+Warlock,3,team1,kill,19.97
Mage+Hunter_vs_Warrior+Warlock#as87Mage,Mage+Hunter,Warrior+Warlock,4,team1,kill,19.97
Mage+Hunter_vs_Warrior+Warlock#as87Mage,Mage+Hunter,Warrior+Warlock,5,team1,kill,20.95
Mage+Hunter_vs_Warrior+Paladin#as87Mage,Mage+Hunter,Warrior+Paladin,0,team2,kill,82.45
Mage+Hunter_vs_Warrior+Paladin#as87Mage,Mage+Hunter,Warrior+Paladin,1,team2,kill,78.97
Mage+Hunter_vs_Warrior+Paladin#as87Mage,Mage+Hunter,Warrior+Paladin,2,team2,kill,80.45
Mage+Hunter_vs_Warrior+Paladin#as87Mage,Mage+Hunter,Warrior+Paladin,3,team2,kill,44.17
Mage+Hunter_vs_Warrior+Paladin#as87Mage,Mage+Hunter,Warrior+Paladin,4,team2,kill,45.45
Mage+Hunter_vs_Warrior+Paladin#as87Mage,Mage+Hunter,Warrior+Paladin,5,team1,kill,47.97
Mage+Hunter_vs_Warrior+Hunter#as87Mage,Mage+Hunter,Warrior+Hunter,0,team2,kill,19.55
Mage+Hunter_vs_Warrior+Hunter#as87Mage,Mage+Hunter,Warrior+Hunter,1,team2,kill,19.77
Mage+Hunter_vs_Warrior+Hunter#as87Mage,Mage+Hunter,Warrior+Hunter,2,team1,kill,21.13
Mage+Hunter_vs_Warrior+Hunter#as87Mage,Mage+Hunter,Warrior+Hunter,3,team2,kill,20.02
Mage+Hunter_vs_Warrior+Hunter#as87Mage,Mage+Hunter,Warrior+Hunter,4,team2,kill,19.77
Mage+Hunter_vs_Warrior+Hunter#as87Mage,Mage+Hunter,Warrior+Hunter,5,team1,kill,19.88
Mage+Hunter_vs_Warrior+Shaman#as87Mage,Mage+Hunter,Warrior+Shaman,0,team1,kill,35.48
Mage+Hunter_vs_Warrior+Shaman#as87Mage,Mage+Hunter,Warrior+Shaman,1,team1,kill,35.47
Mage+Hunter_vs_Warrior+Shaman#as87Mage,Mage+Hunter,Warrior+Shaman,2,team1,kill,35.42
Mage+Hunter_vs_Warrior+Shaman#as87Mage,Mage+Hunter,Warrior+Shaman,3,team1,kill,34.58
Mage+Hunter_vs_Warrior+Shaman#as87Mage,Mage+Hunter,Warrior+Shaman,4,team1,kill,19.67
Mage+Hunter_vs_Warrior+Shaman#as87Mage,Mage+Hunter,Warrior+Shaman,5,team1,kill,36.15
Mage+Hunter_vs_Mage+Rogue#as87Mage,Mage+Hunter,Mage+Rogue,0,team1,kill,17.05
Mage+Hunter_vs_Mage+Rogue#as87Mage,Mage+Hunter,Mage+Rogue,1,team1,kill,17.87
Mage+Hunter_vs_Mage+Rogue#as87Mage,Mage+Hunter,Mage+Rogue,2,team1,kill,22.40
Mage+Hunter_vs_Mage+Rogue#as87Mage,Mage+Hunter,Mage+Rogue,3,team1,kill,17.87
Mage+Hunter_vs_Mage+Rogue#as87Mage,Mage+Hunter,Mage+Rogue,4,team1,kill,16.42
Mage+Hunter_vs_Mage+Rogue#as87Mage,Mage+Hunter,Mage+Rogue,5,team1,kill,22.40
Mage+Hunter_vs_Mage+Priest#as87Mage,Mage+Hunter,Mage+Priest,0,team2,kill,21.07
Mage+Hunter_vs_Mage+Priest#as87Mage,Mage+Hunter,Mage+Priest,1,team2,kill,21.25
Mage+Hunter_vs_Mage+Priest#as87Mage,Mage+Hunter,Mage+Priest,2,team2,kill,21.45
Mage+Hunter_vs_Mage+Priest#as87Mage,Mage+Hunter,Mage+Priest,3,team2,kill,22.65
Mage+Hunter_vs_Mage+Priest#as87Mage,Mage+Hunter,Mage+Priest,4,team2,kill,22.17
Mage+Hunter_vs_Mage+Priest#as87Mage,Mage+Hunter,Mage+Priest,5,team2,kill,21.33
Mage+Hunter_vs_Mage+Warlock#as87Mage,Mage+Hunter,Mage+Warlock,0,team2,kill,15.23
Mage+Hunter_vs_Mage+Warlock#as87Mage,Mage+Hunter,Mage+Warlock,1,team2,kill,15.23
Mage+Hunter_vs_Mage+Warlock#as87Mage,Mage+Hunter,Mage+Warlock,2,team2,kill,14.92
Mage+Hunter_vs_Mage+Warlock#as87Mage,Mage+Hunter,Mage+Warlock,3,team2,kill,15.23
Mage+Hunter_vs_Mage+Warlock#as87Mage,Mage+Hunter,Mage+Warlock,4,team2,kill,15.23
Mage+Hunter_vs_Mage+Warlock#as87Mage,Mage+Hunter,Mage+Warlock,5,team2,kill,14.92
Mage+Hunter_vs_Mage+Paladin#as87Mage,Mage+Hunter,Mage+Paladin,0,team2,kill,27.53
Mage+Hunter_vs_Mage+Paladin#as87Mage,Mage+Hunter,Mage+Paladin,1,team2,kill,27.32
Mage+Hunter_vs_Mage+Paladin#as87Mage,Mage+Hunter,Mage+Paladin,2,team2,kill,27.15
Mage+Hunter_vs_Mage+Paladin#as87Mage,Mage+Hunter,Mage+Paladin,3,team2,kill,27.53
Mage+Hunter_vs_Mage+Paladin#as87Mage,Mage+Hunter,Mage+Paladin,4,team2,kill,27.18
Mage+Hunter_vs_Mage+Paladin#as87Mage,Mage+Hunter,Mage+Paladin,5,team2,kill,27.17
Mage+Hunter_vs_Mage+Hunter#as87Mage,Mage+Hunter,Mage+Hunter,0,team2,kill,13.48
Mage+Hunter_vs_Mage+Hunter#as87Mage,Mage+Hunter,Mage+Hunter,1,team1,kill,16.00
Mage+Hunter_vs_Mage+Hunter#as87Mage,Mage+Hunter,Mage+Hunter,2,team2,kill,13.27
Mage+Hunter_vs_Mage+Hunter#as87Mage,Mage+Hunter,Mage+Hunter,3,team2,kill,14.57
Mage+Hunter_vs_Mage+Hunter#as87Mage,Mage+Hunter,Mage+Hunter,4,team1,kill,15.53
Mage+Hunter_vs_Mage+Hunter#as87Mage,Mage+Hunter,Mage+Hunter,5,team2,kill,15.53
Mage+Hunter_vs_Mage+Shaman#as87Mage,Mage+Hunter,Mage+Shaman,0,team2,kill,22.15
Mage+Hunter_vs_Mage+Shaman#as87Mage,Mage+Hunter,Mage+Shaman,1,team1,kill,15.68
Mage+Hunter_vs_Mage+Shaman#as87Mage,Mage+Hunter,Mage+Shaman,2,team2,kill,19.40
Mage+Hunter_vs_Mage+Shaman#as87Mage,Mage+Hunter,Mage+Shaman,3,team2,kill,19.33
Mage+Hunter_vs_Mage+Shaman#as87Mage,Mage+Hunter,Mage+Shaman,4,team2,kill,22.15
Mage+Hunter_vs_Mage+Shaman#as87Mage,Mage+Hunter,Mage+Shaman,5,team2,kill,14.98
Mage+Hunter_vs_Rogue+Priest#as87Mage,Mage+Hunter,Rogue+Priest,0,team1,kill,66.85
Mage+Hunter_vs_Rogue+Priest#as87Mage,Mage+Hunter,Rogue+Priest,1,team2,kill,34.22
Mage+Hunter_vs_Rogue+Priest#as87Mage,Mage+Hunter,Rogue+Priest,2,team2,kill,58.02
Mage+Hunter_vs_Rogue+Priest#as87Mage,Mage+Hunter,Rogue+Priest,3,team2,kill,50.92
Mage+Hunter_vs_Rogue+Priest#as87Mage,Mage+Hunter,Rogue+Priest,4,team2,kill,51.60
Mage+Hunter_vs_Rogue+Priest#as87Mage,Mage+Hunter,Rogue+Priest,5,team2,kill,34.22
Mage+Hunter_vs_Rogue+Warlock#as87Mage,Mage+Hunter,Rogue+Warlock,0,team1,kill,21.35
Mage+Hunter_vs_Rogue+Warlock#as87Mage,Mage+Hunter,Rogue+Warlock,1,team1,kill,20.13
Mage+Hunter_vs_Rogue+Warlock#as87Mage,Mage+Hunter,Rogue+Warlock,2,team1,kill,21.70
Mage+Hunter_vs_Rogue+Warlock#as87Mage,Mage+Hunter,Rogue+Warlock,3,team1,kill,21.35
Mage+Hunter_vs_Rogue+Warlock#as87Mage,Mage+Hunter,Rogue+Warlock,4,team1,kill,20.13
Mage+Hunter_vs_Rogue+Warlock#as87Mage,Mage+Hunter,Rogue+Warlock,5,team1,kill,19.32
Mage+Hunter_vs_Rogue+Paladin#as87Mage,Mage+Hunter,Rogue+Paladin,0,team2,kill,50.22
Mage+Hunter_vs_Rogue+Paladin#as87Mage,Mage+Hunter,Rogue+Paladin,1,team2,kill,51.27
Mage+Hunter_vs_Rogue+Paladin#as87Mage,Mage+Hunter,Rogue+Paladin,2,team2,kill,50.52
Mage+Hunter_vs_Rogue+Paladin#as87Mage,Mage+Hunter,Rogue+Paladin,3,team2,kill,52.48
Mage+Hunter_vs_Rogue+Paladin#as87Mage,Mage+Hunter,Rogue+Paladin,4,team2,kill,52.82
Mage+Hunter_vs_Rogue+Paladin#as87Mage,Mage+Hunter,Rogue+Paladin,5,team2,kill,48.90
Mage+Hunter_vs_Rogue+Hunter#as87Mage,Mage+Hunter,Rogue+Hunter,0,team1,kill,17.40
Mage+Hunter_vs_Rogue+Hunter#as87Mage,Mage+Hunter,Rogue+Hunter,1,team1,kill,17.40
Mage+Hunter_vs_Rogue+Hunter#as87Mage,Mage+Hunter,Rogue+Hunter,2,team1,kill,17.40
Mage+Hunter_vs_Rogue+Hunter#as87Mage,Mage+Hunter,Rogue+Hunter,3,team1,kill,17.40
Mage+Hunter_vs_Rogue+Hunter#as87Mage,Mage+Hunter,Rogue+Hunter,4,team1,kill,17.40
Mage+Hunter_vs_Rogue+Hunter#as87Mage,Mage+Hunter,Rogue+Hunter,5,team1,kill,17.40
Mage+Hunter_vs_Rogue+Shaman#as87Mage,Mage+Hunter,Rogue+Shaman,0,team1,kill,17.72
Mage+Hunter_vs_Rogue+Shaman#as87Mage,Mage+Hunter,Rogue+Shaman,1,team1,kill,17.72
Mage+Hunter_vs_Rogue+Shaman#as87Mage,Mage+Hunter,Rogue+Shaman,2,team1,kill,16.47
Mage+Hunter_vs_Rogue+Shaman#as87Mage,Mage+Hunter,Rogue+Shaman,3,team1,kill,17.72
Mage+Hunter_vs_Rogue+Shaman#as87Mage,Mage+Hunter,Rogue+Shaman,4,team1,kill,16.48
Mage+Hunter_vs_Rogue+Shaman#as87Mage,Mage+Hunter,Rogue+Shaman,5,team1,kill,16.27
Mage+Hunter_vs_Priest+Warlock#as87Mage,Mage+Hunter,Priest+Warlock,0,team2,kill,31.65
Mage+Hunter_vs_Priest+Warlock#as87Mage,Mage+Hunter,Priest+Warlock,1,team2,kill,31.65
Mage+Hunter_vs_Priest+Warlock#as87Mage,Mage+Hunter,Priest+Warlock,2,team1,kill,24.00
Mage+Hunter_vs_Priest+Warlock#as87Mage,Mage+Hunter,Priest+Warlock,3,team2,kill,31.65
Mage+Hunter_vs_Priest+Warlock#as87Mage,Mage+Hunter,Priest+Warlock,4,team2,kill,31.42
Mage+Hunter_vs_Priest+Warlock#as87Mage,Mage+Hunter,Priest+Warlock,5,team2,kill,31.65
Mage+Hunter_vs_Priest+Hunter#as87Mage,Mage+Hunter,Priest+Hunter,0,team1,kill,25.02
Mage+Hunter_vs_Priest+Hunter#as87Mage,Mage+Hunter,Priest+Hunter,1,team1,kill,14.65
Mage+Hunter_vs_Priest+Hunter#as87Mage,Mage+Hunter,Priest+Hunter,2,team1,kill,17.58
Mage+Hunter_vs_Priest+Hunter#as87Mage,Mage+Hunter,Priest+Hunter,3,team1,kill,28.05
Mage+Hunter_vs_Priest+Hunter#as87Mage,Mage+Hunter,Priest+Hunter,4,team1,kill,14.65
Mage+Hunter_vs_Priest+Hunter#as87Mage,Mage+Hunter,Priest+Hunter,5,team1,kill,25.02
Mage+Hunter_vs_Warlock+Paladin#as87Mage,Mage+Hunter,Warlock+Paladin,0,team2,kill,34.92
Mage+Hunter_vs_Warlock+Paladin#as87Mage,Mage+Hunter,Warlock+Paladin,1,team2,kill,32.93
Mage+Hunter_vs_Warlock+Paladin#as87Mage,Mage+Hunter,Warlock+Paladin,2,team2,kill,35.78
Mage+Hunter_vs_Warlock+Paladin#as87Mage,Mage+Hunter,Warlock+Paladin,3,team2,kill,34.50
Mage+Hunter_vs_Warlock+Paladin#as87Mage,Mage+Hunter,Warlock+Paladin,4,team2,kill,34.92
Mage+Hunter_vs_Warlock+Paladin#as87Mage,Mage+Hunter,Warlock+Paladin,5,team2,kill,34.92
Mage+Hunter_vs_Warlock+Hunter#as87Mage,Mage+Hunter,Warlock+Hunter,0,team1,kill,17.67
Mage+Hunter_vs_Warlock+Hunter#as87Mage,Mage+Hunter,Warlock+Hunter,1,team1,kill,17.28
Mage+Hunter_vs_Warlock+Hunter#as87Mage,Mage+Hunter,Warlock+Hunter,2,team1,kill,16.28
Mage+Hunter_vs_Warlock+Hunter#as87Mage,Mage+Hunter,Warlock+Hunter,3,team1,kill,17.67
Mage+Hunter_vs_Warlock+Hunter#as87Mage,Mage+Hunter,Warlock+Hunter,4,team1,kill,14.73
Mage+Hunter_vs_Warlock+Hunter#as87Mage,Mage+Hunter,Warlock+Hunter,5,team1,kill,17.67
Mage+Hunter_vs_Warlock+Shaman#as87Mage,Mage+Hunter,Warlock+Shaman,0,team2,kill,25.15
Mage+Hunter_vs_Warlock+Shaman#as87Mage,Mage+Hunter,Warlock+Shaman,1,team2,kill,25.15
Mage+Hunter_vs_Warlock+Shaman#as87Mage,Mage+Hunter,Warlock+Shaman,2,team2,kill,25.15
Mage+Hunter_vs_Warlock+Shaman#as87Mage,Mage+Hunter,Warlock+Shaman,3,team1,kill,30.13
Mage+Hunter_vs_Warlock+Shaman#as87Mage,Mage+Hunter,Warlock+Shaman,4,team2,kill,25.15
Mage+Hunter_vs_Warlock+Shaman#as87Mage,Mage+Hunter,Warlock+Shaman,5,team2,kill,25.15
Mage+Hunter_vs_Paladin+Hunter#as87Mage,Mage+Hunter,Paladin+Hunter,0,team2,kill,32.70
Mage+Hunter_vs_Paladin+Hunter#as87Mage,Mage+Hunter,Paladin+Hunter,1,team2,kill,50.05
Mage+Hunter_vs_Paladin+Hunter#as87Mage,Mage+Hunter,Paladin+Hunter,2,team1,kill,33.07
Mage+Hunter_vs_Paladin+Hunter#as87Mage,Mage+Hunter,Paladin+Hunter,3,team2,kill,31.07
Mage+Hunter_vs_Paladin+Hunter#as87Mage,Mage+Hunter,Paladin+Hunter,4,team1,kill,38.27
Mage+Hunter_vs_Paladin+Hunter#as87Mage,Mage+Hunter,Paladin+Hunter,5,team1,kill,45.27
Mage+Hunter_vs_Hunter+Shaman#as87Mage,Mage+Hunter,Hunter+Shaman,0,team1,kill,27.55
Mage+Hunter_vs_Hunter+Shaman#as87Mage,Mage+Hunter,Hunter+Shaman,1,team1,kill,18.72
Mage+Hunter_vs_Hunter+Shaman#as87Mage,Mage+Hunter,Hunter+Shaman,2,team2,kill,26.07
Mage+Hunter_vs_Hunter+Shaman#as87Mage,Mage+Hunter,Hunter+Shaman,3,team2,kill,23.12
Mage+Hunter_vs_Hunter+Shaman#as87Mage,Mage+Hunter,Hunter+Shaman,4,team1,kill,31.28
Mage+Hunter_vs_Hunter+Shaman#as87Mage,Mage+Hunter,Hunter+Shaman,5,team2,kill,25.53
Mage+Shaman_vs_Warrior+Mage#as87Mage,Mage+Shaman,Warrior+Mage,0,team1,kill,15.17
Mage+Shaman_vs_Warrior+Mage#as87Mage,Mage+Shaman,Warrior+Mage,1,team1,kill,15.17
Mage+Shaman_vs_Warrior+Mage#as87Mage,Mage+Shaman,Warrior+Mage,2,team1,kill,16.68
Mage+Shaman_vs_Warrior+Mage#as87Mage,Mage+Shaman,Warrior+Mage,3,team1,kill,16.68
Mage+Shaman_vs_Warrior+Mage#as87Mage,Mage+Shaman,Warrior+Mage,4,team1,kill,16.68
Mage+Shaman_vs_Warrior+Mage#as87Mage,Mage+Shaman,Warrior+Mage,5,team1,kill,16.68
Mage+Shaman_vs_Warrior+Rogue#as87Mage,Mage+Shaman,Warrior+Rogue,0,team1,kill,16.57
Mage+Shaman_vs_Warrior+Rogue#as87Mage,Mage+Shaman,Warrior+Rogue,1,team1,kill,15.83
Mage+Shaman_vs_Warrior+Rogue#as87Mage,Mage+Shaman,Warrior+Rogue,2,team1,kill,15.83
Mage+Shaman_vs_Warrior+Rogue#as87Mage,Mage+Shaman,Warrior+Rogue,3,team1,kill,15.83
Mage+Shaman_vs_Warrior+Rogue#as87Mage,Mage+Shaman,Warrior+Rogue,4,team1,kill,16.57
Mage+Shaman_vs_Warrior+Rogue#as87Mage,Mage+Shaman,Warrior+Rogue,5,team1,kill,15.83
Mage+Shaman_vs_Warrior+Priest#as87Mage,Mage+Shaman,Warrior+Priest,0,team1,kill,31.08
Mage+Shaman_vs_Warrior+Priest#as87Mage,Mage+Shaman,Warrior+Priest,1,team1,kill,32.83
Mage+Shaman_vs_Warrior+Priest#as87Mage,Mage+Shaman,Warrior+Priest,2,team1,kill,39.13
Mage+Shaman_vs_Warrior+Priest#as87Mage,Mage+Shaman,Warrior+Priest,3,team1,kill,19.07
Mage+Shaman_vs_Warrior+Priest#as87Mage,Mage+Shaman,Warrior+Priest,4,team1,kill,29.20
Mage+Shaman_vs_Warrior+Priest#as87Mage,Mage+Shaman,Warrior+Priest,5,team1,kill,32.27
Mage+Shaman_vs_Warrior+Warlock#as87Mage,Mage+Shaman,Warrior+Warlock,0,team1,kill,37.38
Mage+Shaman_vs_Warrior+Warlock#as87Mage,Mage+Shaman,Warrior+Warlock,1,team1,kill,31.72
Mage+Shaman_vs_Warrior+Warlock#as87Mage,Mage+Shaman,Warrior+Warlock,2,team1,kill,29.55
Mage+Shaman_vs_Warrior+Warlock#as87Mage,Mage+Shaman,Warrior+Warlock,3,team1,kill,32.55
Mage+Shaman_vs_Warrior+Warlock#as87Mage,Mage+Shaman,Warrior+Warlock,4,team1,kill,33.90
Mage+Shaman_vs_Warrior+Warlock#as87Mage,Mage+Shaman,Warrior+Warlock,5,team1,kill,31.48
Mage+Shaman_vs_Warrior+Paladin#as87Mage,Mage+Shaman,Warrior+Paladin,0,team1,kill,30.67
Mage+Shaman_vs_Warrior+Paladin#as87Mage,Mage+Shaman,Warrior+Paladin,1,team1,kill,31.38
Mage+Shaman_vs_Warrior+Paladin#as87Mage,Mage+Shaman,Warrior+Paladin,2,team1,kill,32.68
Mage+Shaman_vs_Warrior+Paladin#as87Mage,Mage+Shaman,Warrior+Paladin,3,team1,kill,37.42
Mage+Shaman_vs_Warrior+Paladin#as87Mage,Mage+Shaman,Warrior+Paladin,4,team1,kill,35.42
Mage+Shaman_vs_Warrior+Paladin#as87Mage,Mage+Shaman,Warrior+Paladin,5,team1,kill,35.00
Mage+Shaman_vs_Warrior+Hunter#as87Mage,Mage+Shaman,Warrior+Hunter,0,team1,kill,18.40
Mage+Shaman_vs_Warrior+Hunter#as87Mage,Mage+Shaman,Warrior+Hunter,1,team1,kill,18.40
Mage+Shaman_vs_Warrior+Hunter#as87Mage,Mage+Shaman,Warrior+Hunter,2,team1,kill,13.53
Mage+Shaman_vs_Warrior+Hunter#as87Mage,Mage+Shaman,Warrior+Hunter,3,team1,kill,19.15
Mage+Shaman_vs_Warrior+Hunter#as87Mage,Mage+Shaman,Warrior+Hunter,4,team1,kill,18.42
Mage+Shaman_vs_Warrior+Hunter#as87Mage,Mage+Shaman,Warrior+Hunter,5,team1,kill,18.43
Mage+Shaman_vs_Warrior+Shaman#as87Mage,Mage+Shaman,Warrior+Shaman,0,team1,kill,17.68
Mage+Shaman_vs_Warrior+Shaman#as87Mage,Mage+Shaman,Warrior+Shaman,1,team1,kill,16.22
Mage+Shaman_vs_Warrior+Shaman#as87Mage,Mage+Shaman,Warrior+Shaman,2,team1,kill,19.20
Mage+Shaman_vs_Warrior+Shaman#as87Mage,Mage+Shaman,Warrior+Shaman,3,team1,kill,14.80
Mage+Shaman_vs_Warrior+Shaman#as87Mage,Mage+Shaman,Warrior+Shaman,4,team1,kill,15.28
Mage+Shaman_vs_Warrior+Shaman#as87Mage,Mage+Shaman,Warrior+Shaman,5,team1,kill,17.68
Mage+Shaman_vs_Mage+Rogue#as87Mage,Mage+Shaman,Mage+Rogue,0,team1,kill,15.70
Mage+Shaman_vs_Mage+Rogue#as87Mage,Mage+Shaman,Mage+Rogue,1,team1,kill,15.73
Mage+Shaman_vs_Mage+Rogue#as87Mage,Mage+Shaman,Mage+Rogue,2,team1,kill,15.72
Mage+Shaman_vs_Mage+Rogue#as87Mage,Mage+Shaman,Mage+Rogue,3,team1,kill,15.70
Mage+Shaman_vs_Mage+Rogue#as87Mage,Mage+Shaman,Mage+Rogue,4,team1,kill,14.55
Mage+Shaman_vs_Mage+Rogue#as87Mage,Mage+Shaman,Mage+Rogue,5,team1,kill,15.73
Mage+Shaman_vs_Mage+Priest#as87Mage,Mage+Shaman,Mage+Priest,0,team2,kill,22.62
Mage+Shaman_vs_Mage+Priest#as87Mage,Mage+Shaman,Mage+Priest,1,team2,kill,42.08
Mage+Shaman_vs_Mage+Priest#as87Mage,Mage+Shaman,Mage+Priest,2,team2,kill,54.93
Mage+Shaman_vs_Mage+Priest#as87Mage,Mage+Shaman,Mage+Priest,3,team2,kill,35.10
Mage+Shaman_vs_Mage+Priest#as87Mage,Mage+Shaman,Mage+Priest,4,team2,kill,61.38
Mage+Shaman_vs_Mage+Priest#as87Mage,Mage+Shaman,Mage+Priest,5,team2,kill,35.67
Mage+Shaman_vs_Mage+Warlock#as87Mage,Mage+Shaman,Mage+Warlock,0,team1,kill,24.48
Mage+Shaman_vs_Mage+Warlock#as87Mage,Mage+Shaman,Mage+Warlock,1,team1,kill,24.48
Mage+Shaman_vs_Mage+Warlock#as87Mage,Mage+Shaman,Mage+Warlock,2,team1,kill,26.42
Mage+Shaman_vs_Mage+Warlock#as87Mage,Mage+Shaman,Mage+Warlock,3,team1,kill,20.52
Mage+Shaman_vs_Mage+Warlock#as87Mage,Mage+Shaman,Mage+Warlock,4,team1,kill,28.52
Mage+Shaman_vs_Mage+Warlock#as87Mage,Mage+Shaman,Mage+Warlock,5,team1,kill,28.10
Mage+Shaman_vs_Mage+Paladin#as87Mage,Mage+Shaman,Mage+Paladin,0,team2,kill,25.03
Mage+Shaman_vs_Mage+Paladin#as87Mage,Mage+Shaman,Mage+Paladin,1,team2,kill,32.28
Mage+Shaman_vs_Mage+Paladin#as87Mage,Mage+Shaman,Mage+Paladin,2,team2,kill,31.90
Mage+Shaman_vs_Mage+Paladin#as87Mage,Mage+Shaman,Mage+Paladin,3,team2,kill,28.82
Mage+Shaman_vs_Mage+Paladin#as87Mage,Mage+Shaman,Mage+Paladin,4,team2,kill,38.35
Mage+Shaman_vs_Mage+Paladin#as87Mage,Mage+Shaman,Mage+Paladin,5,team2,kill,19.68
Mage+Shaman_vs_Mage+Hunter#as87Mage,Mage+Shaman,Mage+Hunter,0,team1,kill,22.15
Mage+Shaman_vs_Mage+Hunter#as87Mage,Mage+Shaman,Mage+Hunter,1,team2,kill,15.68
Mage+Shaman_vs_Mage+Hunter#as87Mage,Mage+Shaman,Mage+Hunter,2,team1,kill,19.47
Mage+Shaman_vs_Mage+Hunter#as87Mage,Mage+Shaman,Mage+Hunter,3,team1,kill,19.45
Mage+Shaman_vs_Mage+Hunter#as87Mage,Mage+Shaman,Mage+Hunter,4,team1,kill,22.15
Mage+Shaman_vs_Mage+Hunter#as87Mage,Mage+Shaman,Mage+Hunter,5,team1,kill,14.98
Mage+Shaman_vs_Mage+Shaman#as87Mage,Mage+Shaman,Mage+Shaman,0,team1,kill,153.36
Mage+Shaman_vs_Mage+Shaman#as87Mage,Mage+Shaman,Mage+Shaman,1,team2,kill,14.83
Mage+Shaman_vs_Mage+Shaman#as87Mage,Mage+Shaman,Mage+Shaman,2,team2,kill,16.35
Mage+Shaman_vs_Mage+Shaman#as87Mage,Mage+Shaman,Mage+Shaman,3,team1,kill,11.95
Mage+Shaman_vs_Mage+Shaman#as87Mage,Mage+Shaman,Mage+Shaman,4,draw,kill,156.36
Mage+Shaman_vs_Mage+Shaman#as87Mage,Mage+Shaman,Mage+Shaman,5,team2,kill,187.73
Mage+Shaman_vs_Rogue+Priest#as87Mage,Mage+Shaman,Rogue+Priest,0,team2,kill,56.62
Mage+Shaman_vs_Rogue+Priest#as87Mage,Mage+Shaman,Rogue+Priest,1,team2,kill,53.02
Mage+Shaman_vs_Rogue+Priest#as87Mage,Mage+Shaman,Rogue+Priest,2,team1,kill,42.03
Mage+Shaman_vs_Rogue+Priest#as87Mage,Mage+Shaman,Rogue+Priest,3,team1,kill,42.03
Mage+Shaman_vs_Rogue+Priest#as87Mage,Mage+Shaman,Rogue+Priest,4,team1,kill,38.98
Mage+Shaman_vs_Rogue+Priest#as87Mage,Mage+Shaman,Rogue+Priest,5,team2,kill,54.68
Mage+Shaman_vs_Rogue+Warlock#as87Mage,Mage+Shaman,Rogue+Warlock,0,team1,kill,23.67
Mage+Shaman_vs_Rogue+Warlock#as87Mage,Mage+Shaman,Rogue+Warlock,1,team1,kill,28.50
Mage+Shaman_vs_Rogue+Warlock#as87Mage,Mage+Shaman,Rogue+Warlock,2,team1,kill,28.40
Mage+Shaman_vs_Rogue+Warlock#as87Mage,Mage+Shaman,Rogue+Warlock,3,team1,kill,24.87
Mage+Shaman_vs_Rogue+Warlock#as87Mage,Mage+Shaman,Rogue+Warlock,4,team1,kill,25.97
Mage+Shaman_vs_Rogue+Warlock#as87Mage,Mage+Shaman,Rogue+Warlock,5,team1,kill,28.50
Mage+Shaman_vs_Rogue+Paladin#as87Mage,Mage+Shaman,Rogue+Paladin,0,team1,kill,44.08
Mage+Shaman_vs_Rogue+Paladin#as87Mage,Mage+Shaman,Rogue+Paladin,1,team1,kill,41.53
Mage+Shaman_vs_Rogue+Paladin#as87Mage,Mage+Shaman,Rogue+Paladin,2,team1,kill,40.83
Mage+Shaman_vs_Rogue+Paladin#as87Mage,Mage+Shaman,Rogue+Paladin,3,team1,kill,44.43
Mage+Shaman_vs_Rogue+Paladin#as87Mage,Mage+Shaman,Rogue+Paladin,4,team1,kill,44.08
Mage+Shaman_vs_Rogue+Paladin#as87Mage,Mage+Shaman,Rogue+Paladin,5,team1,kill,43.92
Mage+Shaman_vs_Rogue+Hunter#as87Mage,Mage+Shaman,Rogue+Hunter,0,team1,kill,15.82
Mage+Shaman_vs_Rogue+Hunter#as87Mage,Mage+Shaman,Rogue+Hunter,1,team1,kill,13.53
Mage+Shaman_vs_Rogue+Hunter#as87Mage,Mage+Shaman,Rogue+Hunter,2,team1,kill,19.53
Mage+Shaman_vs_Rogue+Hunter#as87Mage,Mage+Shaman,Rogue+Hunter,3,team1,kill,13.53
Mage+Shaman_vs_Rogue+Hunter#as87Mage,Mage+Shaman,Rogue+Hunter,4,team1,kill,18.22
Mage+Shaman_vs_Rogue+Hunter#as87Mage,Mage+Shaman,Rogue+Hunter,5,team1,kill,19.60
Mage+Shaman_vs_Rogue+Shaman#as87Mage,Mage+Shaman,Rogue+Shaman,0,team1,kill,36.22
Mage+Shaman_vs_Rogue+Shaman#as87Mage,Mage+Shaman,Rogue+Shaman,1,team2,kill,27.37
Mage+Shaman_vs_Rogue+Shaman#as87Mage,Mage+Shaman,Rogue+Shaman,2,team1,kill,36.48
Mage+Shaman_vs_Rogue+Shaman#as87Mage,Mage+Shaman,Rogue+Shaman,3,team1,kill,49.77
Mage+Shaman_vs_Rogue+Shaman#as87Mage,Mage+Shaman,Rogue+Shaman,4,team1,kill,37.32
Mage+Shaman_vs_Rogue+Shaman#as87Mage,Mage+Shaman,Rogue+Shaman,5,team1,kill,40.65
Mage+Shaman_vs_Priest+Warlock#as87Mage,Mage+Shaman,Priest+Warlock,0,team1,kill,33.03
Mage+Shaman_vs_Priest+Warlock#as87Mage,Mage+Shaman,Priest+Warlock,1,team1,kill,28.65
Mage+Shaman_vs_Priest+Warlock#as87Mage,Mage+Shaman,Priest+Warlock,2,team1,kill,27.63
Mage+Shaman_vs_Priest+Warlock#as87Mage,Mage+Shaman,Priest+Warlock,3,team2,kill,53.32
Mage+Shaman_vs_Priest+Warlock#as87Mage,Mage+Shaman,Priest+Warlock,4,team2,kill,48.70
Mage+Shaman_vs_Priest+Warlock#as87Mage,Mage+Shaman,Priest+Warlock,5,team1,kill,38.55
Mage+Shaman_vs_Priest+Hunter#as87Mage,Mage+Shaman,Priest+Hunter,0,team1,kill,25.57
Mage+Shaman_vs_Priest+Hunter#as87Mage,Mage+Shaman,Priest+Hunter,1,team1,kill,24.63
Mage+Shaman_vs_Priest+Hunter#as87Mage,Mage+Shaman,Priest+Hunter,2,team1,kill,26.10
Mage+Shaman_vs_Priest+Hunter#as87Mage,Mage+Shaman,Priest+Hunter,3,team1,kill,26.15
Mage+Shaman_vs_Priest+Hunter#as87Mage,Mage+Shaman,Priest+Hunter,4,team1,kill,40.77
Mage+Shaman_vs_Priest+Hunter#as87Mage,Mage+Shaman,Priest+Hunter,5,team1,kill,20.37
Mage+Shaman_vs_Warlock+Paladin#as87Mage,Mage+Shaman,Warlock+Paladin,0,team2,kill,30.48
Mage+Shaman_vs_Warlock+Paladin#as87Mage,Mage+Shaman,Warlock+Paladin,1,team1,kill,34.83
Mage+Shaman_vs_Warlock+Paladin#as87Mage,Mage+Shaman,Warlock+Paladin,2,team1,kill,32.58
Mage+Shaman_vs_Warlock+Paladin#as87Mage,Mage+Shaman,Warlock+Paladin,3,team1,kill,31.58
Mage+Shaman_vs_Warlock+Paladin#as87Mage,Mage+Shaman,Warlock+Paladin,4,team2,kill,54.95
Mage+Shaman_vs_Warlock+Paladin#as87Mage,Mage+Shaman,Warlock+Paladin,5,team1,kill,32.48
Mage+Shaman_vs_Warlock+Hunter#as87Mage,Mage+Shaman,Warlock+Hunter,0,team1,kill,13.15
Mage+Shaman_vs_Warlock+Hunter#as87Mage,Mage+Shaman,Warlock+Hunter,1,team1,kill,18.25
Mage+Shaman_vs_Warlock+Hunter#as87Mage,Mage+Shaman,Warlock+Hunter,2,team1,kill,18.20
Mage+Shaman_vs_Warlock+Hunter#as87Mage,Mage+Shaman,Warlock+Hunter,3,team1,kill,13.17
Mage+Shaman_vs_Warlock+Hunter#as87Mage,Mage+Shaman,Warlock+Hunter,4,team1,kill,19.87
Mage+Shaman_vs_Warlock+Hunter#as87Mage,Mage+Shaman,Warlock+Hunter,5,team1,kill,18.27
Mage+Shaman_vs_Warlock+Shaman#as87Mage,Mage+Shaman,Warlock+Shaman,0,team1,kill,13.27
Mage+Shaman_vs_Warlock+Shaman#as87Mage,Mage+Shaman,Warlock+Shaman,1,team1,kill,16.40
Mage+Shaman_vs_Warlock+Shaman#as87Mage,Mage+Shaman,Warlock+Shaman,2,team1,kill,32.17
Mage+Shaman_vs_Warlock+Shaman#as87Mage,Mage+Shaman,Warlock+Shaman,3,team1,kill,20.03
Mage+Shaman_vs_Warlock+Shaman#as87Mage,Mage+Shaman,Warlock+Shaman,4,team1,kill,24.92
Mage+Shaman_vs_Warlock+Shaman#as87Mage,Mage+Shaman,Warlock+Shaman,5,team1,kill,26.98
Mage+Shaman_vs_Paladin+Hunter#as87Mage,Mage+Shaman,Paladin+Hunter,0,team1,kill,27.80
Mage+Shaman_vs_Paladin+Hunter#as87Mage,Mage+Shaman,Paladin+Hunter,1,team1,kill,27.03
Mage+Shaman_vs_Paladin+Hunter#as87Mage,Mage+Shaman,Paladin+Hunter,2,team1,kill,32.95
Mage+Shaman_vs_Paladin+Hunter#as87Mage,Mage+Shaman,Paladin+Hunter,3,team1,kill,31.43
Mage+Shaman_vs_Paladin+Hunter#as87Mage,Mage+Shaman,Paladin+Hunter,4,team1,kill,28.50
Mage+Shaman_vs_Paladin+Hunter#as87Mage,Mage+Shaman,Paladin+Hunter,5,team1,kill,32.95
Mage+Shaman_vs_Hunter+Shaman#as87Mage,Mage+Shaman,Hunter+Shaman,0,team1,kill,11.67
Mage+Shaman_vs_Hunter+Shaman#as87Mage,Mage+Shaman,Hunter+Shaman,1,team1,kill,14.70
Mage+Shaman_vs_Hunter+Shaman#as87Mage,Mage+Shaman,Hunter+Shaman,2,team1,kill,10.00
Mage+Shaman_vs_Hunter+Shaman#as87Mage,Mage+Shaman,Hunter+Shaman,3,team1,kill,14.70
Mage+Shaman_vs_Hunter+Shaman#as87Mage,Mage+Shaman,Hunter+Shaman,4,team1,kill,13.18
Mage+Shaman_vs_Hunter+Shaman#as87Mage,Mage+Shaman,Hunter+Shaman,5,team1,kill,13.53
Warlock+Warrior_vs_Warrior+Mage#as87Warlock,Warlock+Warrior,Warrior+Mage,0,team2,kill,26.88
Warlock+Warrior_vs_Warrior+Mage#as87Warlock,Warlock+Warrior,Warrior+Mage,1,team2,kill,26.88
Warlock+Warrior_vs_Warrior+Mage#as87Warlock,Warlock+Warrior,Warrior+Mage,2,team2,kill,26.88
Warlock+Warrior_vs_Warrior+Mage#as87Warlock,Warlock+Warrior,Warrior+Mage,3,team2,kill,26.88
Warlock+Warrior_vs_Warrior+Mage#as87Warlock,Warlock+Warrior,Warrior+Mage,4,team2,kill,25.37
Warlock+Warrior_vs_Warrior+Mage#as87Warlock,Warlock+Warrior,Warrior+Mage,5,team2,kill,26.88
Warlock+Warrior_vs_Warrior+Rogue#as87Warlock,Warlock+Warrior,Warrior+Rogue,0,team1,kill,27.10
Warlock+Warrior_vs_Warrior+Rogue#as87Warlock,Warlock+Warrior,Warrior+Rogue,1,team2,kill,21.42
Warlock+Warrior_vs_Warrior+Rogue#as87Warlock,Warlock+Warrior,Warrior+Rogue,2,team2,kill,20.13
Warlock+Warrior_vs_Warrior+Rogue#as87Warlock,Warlock+Warrior,Warrior+Rogue,3,team2,kill,24.27
Warlock+Warrior_vs_Warrior+Rogue#as87Warlock,Warlock+Warrior,Warrior+Rogue,4,team2,kill,21.13
Warlock+Warrior_vs_Warrior+Rogue#as87Warlock,Warlock+Warrior,Warrior+Rogue,5,team2,kill,25.53
Warlock+Warrior_vs_Warrior+Priest#as87Warlock,Warlock+Warrior,Warrior+Priest,0,team1,kill,20.80
Warlock+Warrior_vs_Warrior+Priest#as87Warlock,Warlock+Warrior,Warrior+Priest,1,team1,kill,23.67
Warlock+Warrior_vs_Warrior+Priest#as87Warlock,Warlock+Warrior,Warrior+Priest,2,team1,kill,22.28
Warlock+Warrior_vs_Warrior+Priest#as87Warlock,Warlock+Warrior,Warrior+Priest,3,team1,kill,22.87
Warlock+Warrior_vs_Warrior+Priest#as87Warlock,Warlock+Warrior,Warrior+Priest,4,team1,kill,22.98
Warlock+Warrior_vs_Warrior+Priest#as87Warlock,Warlock+Warrior,Warrior+Priest,5,team2,kill,28.45
Warlock+Warrior_vs_Warrior+Warlock#as87Warlock,Warlock+Warrior,Warrior+Warlock,0,team2,kill,22.70
Warlock+Warrior_vs_Warrior+Warlock#as87Warlock,Warlock+Warrior,Warrior+Warlock,1,team1,kill,26.73
Warlock+Warrior_vs_Warrior+Warlock#as87Warlock,Warlock+Warrior,Warrior+Warlock,2,team1,kill,24.90
Warlock+Warrior_vs_Warrior+Warlock#as87Warlock,Warlock+Warrior,Warrior+Warlock,3,team1,kill,19.15
Warlock+Warrior_vs_Warrior+Warlock#as87Warlock,Warlock+Warrior,Warrior+Warlock,4,team2,kill,27.42
Warlock+Warrior_vs_Warrior+Warlock#as87Warlock,Warlock+Warrior,Warrior+Warlock,5,team2,kill,28.97
Warlock+Warrior_vs_Warrior+Paladin#as87Warlock,Warlock+Warrior,Warrior+Paladin,0,team1,kill,69.78
Warlock+Warrior_vs_Warrior+Paladin#as87Warlock,Warlock+Warrior,Warrior+Paladin,1,team1,kill,49.07
Warlock+Warrior_vs_Warrior+Paladin#as87Warlock,Warlock+Warrior,Warrior+Paladin,2,team1,kill,67.57
Warlock+Warrior_vs_Warrior+Paladin#as87Warlock,Warlock+Warrior,Warrior+Paladin,3,team1,kill,71.35
Warlock+Warrior_vs_Warrior+Paladin#as87Warlock,Warlock+Warrior,Warrior+Paladin,4,team1,kill,46.00
Warlock+Warrior_vs_Warrior+Paladin#as87Warlock,Warlock+Warrior,Warrior+Paladin,5,team1,kill,55.50
Warlock+Warrior_vs_Warrior+Hunter#as87Warlock,Warlock+Warrior,Warrior+Hunter,0,team2,kill,34.62
Warlock+Warrior_vs_Warrior+Hunter#as87Warlock,Warlock+Warrior,Warrior+Hunter,1,team1,kill,40.20
Warlock+Warrior_vs_Warrior+Hunter#as87Warlock,Warlock+Warrior,Warrior+Hunter,2,team2,kill,28.42
Warlock+Warrior_vs_Warrior+Hunter#as87Warlock,Warlock+Warrior,Warrior+Hunter,3,team2,kill,31.53
Warlock+Warrior_vs_Warrior+Hunter#as87Warlock,Warlock+Warrior,Warrior+Hunter,4,team1,kill,40.13
Warlock+Warrior_vs_Warrior+Hunter#as87Warlock,Warlock+Warrior,Warrior+Hunter,5,team1,kill,34.18
Warlock+Warrior_vs_Warrior+Shaman#as87Warlock,Warlock+Warrior,Warrior+Shaman,0,team2,kill,32.78
Warlock+Warrior_vs_Warrior+Shaman#as87Warlock,Warlock+Warrior,Warrior+Shaman,1,team2,kill,32.78
Warlock+Warrior_vs_Warrior+Shaman#as87Warlock,Warlock+Warrior,Warrior+Shaman,2,team1,kill,45.23
Warlock+Warrior_vs_Warrior+Shaman#as87Warlock,Warlock+Warrior,Warrior+Shaman,3,team2,kill,32.78
Warlock+Warrior_vs_Warrior+Shaman#as87Warlock,Warlock+Warrior,Warrior+Shaman,4,team1,kill,31.72
Warlock+Warrior_vs_Warrior+Shaman#as87Warlock,Warlock+Warrior,Warrior+Shaman,5,team1,kill,35.03
Warlock+Warrior_vs_Mage+Rogue#as87Warlock,Warlock+Warrior,Mage+Rogue,0,team1,kill,26.80
Warlock+Warrior_vs_Mage+Rogue#as87Warlock,Warlock+Warrior,Mage+Rogue,1,team1,kill,28.25
Warlock+Warrior_vs_Mage+Rogue#as87Warlock,Warlock+Warrior,Mage+Rogue,2,team2,kill,26.00
Warlock+Warrior_vs_Mage+Rogue#as87Warlock,Warlock+Warrior,Mage+Rogue,3,team1,kill,28.88
Warlock+Warrior_vs_Mage+Rogue#as87Warlock,Warlock+Warrior,Mage+Rogue,4,team2,kill,24.95
Warlock+Warrior_vs_Mage+Rogue#as87Warlock,Warlock+Warrior,Mage+Rogue,5,team2,kill,27.80
Warlock+Warrior_vs_Mage+Priest#as87Warlock,Warlock+Warrior,Mage+Priest,0,team2,kill,25.55
Warlock+Warrior_vs_Mage+Priest#as87Warlock,Warlock+Warrior,Mage+Priest,1,team2,kill,23.47
Warlock+Warrior_vs_Mage+Priest#as87Warlock,Warlock+Warrior,Mage+Priest,2,team2,kill,23.00
Warlock+Warrior_vs_Mage+Priest#as87Warlock,Warlock+Warrior,Mage+Priest,3,team2,kill,26.05
Warlock+Warrior_vs_Mage+Priest#as87Warlock,Warlock+Warrior,Mage+Priest,4,team2,kill,22.70
Warlock+Warrior_vs_Mage+Priest#as87Warlock,Warlock+Warrior,Mage+Priest,5,team2,kill,22.92
Warlock+Warrior_vs_Mage+Warlock#as87Warlock,Warlock+Warrior,Mage+Warlock,0,team2,kill,17.83
Warlock+Warrior_vs_Mage+Warlock#as87Warlock,Warlock+Warrior,Mage+Warlock,1,team2,kill,17.87
Warlock+Warrior_vs_Mage+Warlock#as87Warlock,Warlock+Warrior,Mage+Warlock,2,team2,kill,18.00
Warlock+Warrior_vs_Mage+Warlock#as87Warlock,Warlock+Warrior,Mage+Warlock,3,team2,kill,17.98
Warlock+Warrior_vs_Mage+Warlock#as87Warlock,Warlock+Warrior,Mage+Warlock,4,team2,kill,17.88
Warlock+Warrior_vs_Mage+Warlock#as87Warlock,Warlock+Warrior,Mage+Warlock,5,team2,kill,17.93
Warlock+Warrior_vs_Mage+Paladin#as87Warlock,Warlock+Warrior,Mage+Paladin,0,team2,kill,27.13
Warlock+Warrior_vs_Mage+Paladin#as87Warlock,Warlock+Warrior,Mage+Paladin,1,team2,kill,25.62
Warlock+Warrior_vs_Mage+Paladin#as87Warlock,Warlock+Warrior,Mage+Paladin,2,team2,kill,23.45
Warlock+Warrior_vs_Mage+Paladin#as87Warlock,Warlock+Warrior,Mage+Paladin,3,team2,kill,28.37
Warlock+Warrior_vs_Mage+Paladin#as87Warlock,Warlock+Warrior,Mage+Paladin,4,team2,kill,27.23
Warlock+Warrior_vs_Mage+Paladin#as87Warlock,Warlock+Warrior,Mage+Paladin,5,team2,kill,23.22
Warlock+Warrior_vs_Mage+Hunter#as87Warlock,Warlock+Warrior,Mage+Hunter,0,team2,kill,24.17
Warlock+Warrior_vs_Mage+Hunter#as87Warlock,Warlock+Warrior,Mage+Hunter,1,team2,kill,24.17
Warlock+Warrior_vs_Mage+Hunter#as87Warlock,Warlock+Warrior,Mage+Hunter,2,team2,kill,24.87
Warlock+Warrior_vs_Mage+Hunter#as87Warlock,Warlock+Warrior,Mage+Hunter,3,team2,kill,24.10
Warlock+Warrior_vs_Mage+Hunter#as87Warlock,Warlock+Warrior,Mage+Hunter,4,team2,kill,24.13
Warlock+Warrior_vs_Mage+Hunter#as87Warlock,Warlock+Warrior,Mage+Hunter,5,team2,kill,24.15
Warlock+Warrior_vs_Mage+Shaman#as87Warlock,Warlock+Warrior,Mage+Shaman,0,team2,kill,24.80
Warlock+Warrior_vs_Mage+Shaman#as87Warlock,Warlock+Warrior,Mage+Shaman,1,team2,kill,24.25
Warlock+Warrior_vs_Mage+Shaman#as87Warlock,Warlock+Warrior,Mage+Shaman,2,team2,kill,20.85
Warlock+Warrior_vs_Mage+Shaman#as87Warlock,Warlock+Warrior,Mage+Shaman,3,team2,kill,24.98
Warlock+Warrior_vs_Mage+Shaman#as87Warlock,Warlock+Warrior,Mage+Shaman,4,team2,kill,25.50
Warlock+Warrior_vs_Mage+Shaman#as87Warlock,Warlock+Warrior,Mage+Shaman,5,team2,kill,23.43
Warlock+Warrior_vs_Rogue+Priest#as87Warlock,Warlock+Warrior,Rogue+Priest,0,team2,kill,26.15
Warlock+Warrior_vs_Rogue+Priest#as87Warlock,Warlock+Warrior,Rogue+Priest,1,team2,kill,25.98
Warlock+Warrior_vs_Rogue+Priest#as87Warlock,Warlock+Warrior,Rogue+Priest,2,team2,kill,26.73
Warlock+Warrior_vs_Rogue+Priest#as87Warlock,Warlock+Warrior,Rogue+Priest,3,team2,kill,27.13
Warlock+Warrior_vs_Rogue+Priest#as87Warlock,Warlock+Warrior,Rogue+Priest,4,team2,kill,26.62
Warlock+Warrior_vs_Rogue+Priest#as87Warlock,Warlock+Warrior,Rogue+Priest,5,team2,kill,26.53
Warlock+Warrior_vs_Rogue+Warlock#as87Warlock,Warlock+Warrior,Rogue+Warlock,0,team1,kill,24.97
Warlock+Warrior_vs_Rogue+Warlock#as87Warlock,Warlock+Warrior,Rogue+Warlock,1,team2,kill,27.02
Warlock+Warrior_vs_Rogue+Warlock#as87Warlock,Warlock+Warrior,Rogue+Warlock,2,team1,kill,26.38
Warlock+Warrior_vs_Rogue+Warlock#as87Warlock,Warlock+Warrior,Rogue+Warlock,3,team2,kill,26.02
Warlock+Warrior_vs_Rogue+Warlock#as87Warlock,Warlock+Warrior,Rogue+Warlock,4,team1,kill,24.50
Warlock+Warrior_vs_Rogue+Warlock#as87Warlock,Warlock+Warrior,Rogue+Warlock,5,team2,kill,24.13
Warlock+Warrior_vs_Rogue+Paladin#as87Warlock,Warlock+Warrior,Rogue+Paladin,0,team2,kill,31.35
Warlock+Warrior_vs_Rogue+Paladin#as87Warlock,Warlock+Warrior,Rogue+Paladin,1,team2,kill,37.13
Warlock+Warrior_vs_Rogue+Paladin#as87Warlock,Warlock+Warrior,Rogue+Paladin,2,team2,kill,40.35
Warlock+Warrior_vs_Rogue+Paladin#as87Warlock,Warlock+Warrior,Rogue+Paladin,3,team2,kill,31.02
Warlock+Warrior_vs_Rogue+Paladin#as87Warlock,Warlock+Warrior,Rogue+Paladin,4,team1,kill,50.82
Warlock+Warrior_vs_Rogue+Paladin#as87Warlock,Warlock+Warrior,Rogue+Paladin,5,team2,kill,31.72
Warlock+Warrior_vs_Rogue+Hunter#as87Warlock,Warlock+Warrior,Rogue+Hunter,0,team2,kill,30.60
Warlock+Warrior_vs_Rogue+Hunter#as87Warlock,Warlock+Warrior,Rogue+Hunter,1,team2,kill,28.78
Warlock+Warrior_vs_Rogue+Hunter#as87Warlock,Warlock+Warrior,Rogue+Hunter,2,team2,kill,31.58
Warlock+Warrior_vs_Rogue+Hunter#as87Warlock,Warlock+Warrior,Rogue+Hunter,3,team2,kill,29.17
Warlock+Warrior_vs_Rogue+Hunter#as87Warlock,Warlock+Warrior,Rogue+Hunter,4,team2,kill,22.38
Warlock+Warrior_vs_Rogue+Hunter#as87Warlock,Warlock+Warrior,Rogue+Hunter,5,team2,kill,28.15
Warlock+Warrior_vs_Rogue+Shaman#as87Warlock,Warlock+Warrior,Rogue+Shaman,0,team2,kill,23.65
Warlock+Warrior_vs_Rogue+Shaman#as87Warlock,Warlock+Warrior,Rogue+Shaman,1,team2,kill,24.03
Warlock+Warrior_vs_Rogue+Shaman#as87Warlock,Warlock+Warrior,Rogue+Shaman,2,team2,kill,27.08
Warlock+Warrior_vs_Rogue+Shaman#as87Warlock,Warlock+Warrior,Rogue+Shaman,3,team2,kill,22.73
Warlock+Warrior_vs_Rogue+Shaman#as87Warlock,Warlock+Warrior,Rogue+Shaman,4,team2,kill,25.95
Warlock+Warrior_vs_Rogue+Shaman#as87Warlock,Warlock+Warrior,Rogue+Shaman,5,team2,kill,22.92
Warlock+Warrior_vs_Priest+Warlock#as87Warlock,Warlock+Warrior,Priest+Warlock,0,team2,kill,41.17
Warlock+Warrior_vs_Priest+Warlock#as87Warlock,Warlock+Warrior,Priest+Warlock,1,team2,kill,32.75
Warlock+Warrior_vs_Priest+Warlock#as87Warlock,Warlock+Warrior,Priest+Warlock,2,team2,kill,31.25
Warlock+Warrior_vs_Priest+Warlock#as87Warlock,Warlock+Warrior,Priest+Warlock,3,team2,kill,40.18
Warlock+Warrior_vs_Priest+Warlock#as87Warlock,Warlock+Warrior,Priest+Warlock,4,team2,kill,42.72
Warlock+Warrior_vs_Priest+Warlock#as87Warlock,Warlock+Warrior,Priest+Warlock,5,team2,kill,41.17
Warlock+Warrior_vs_Priest+Hunter#as87Warlock,Warlock+Warrior,Priest+Hunter,0,team1,kill,33.65
Warlock+Warrior_vs_Priest+Hunter#as87Warlock,Warlock+Warrior,Priest+Hunter,1,team1,kill,33.70
Warlock+Warrior_vs_Priest+Hunter#as87Warlock,Warlock+Warrior,Priest+Hunter,2,team2,kill,44.43
Warlock+Warrior_vs_Priest+Hunter#as87Warlock,Warlock+Warrior,Priest+Hunter,3,team2,kill,41.03
Warlock+Warrior_vs_Priest+Hunter#as87Warlock,Warlock+Warrior,Priest+Hunter,4,team1,kill,37.90
Warlock+Warrior_vs_Priest+Hunter#as87Warlock,Warlock+Warrior,Priest+Hunter,5,team1,kill,34.17
Warlock+Warrior_vs_Warlock+Paladin#as87Warlock,Warlock+Warrior,Warlock+Paladin,0,team1,kill,49.05
Warlock+Warrior_vs_Warlock+Paladin#as87Warlock,Warlock+Warrior,Warlock+Paladin,1,team2,kill,34.40
Warlock+Warrior_vs_Warlock+Paladin#as87Warlock,Warlock+Warrior,Warlock+Paladin,2,team2,kill,35.90
Warlock+Warrior_vs_Warlock+Paladin#as87Warlock,Warlock+Warrior,Warlock+Paladin,3,team2,kill,48.60
Warlock+Warrior_vs_Warlock+Paladin#as87Warlock,Warlock+Warrior,Warlock+Paladin,4,team1,kill,37.97
Warlock+Warrior_vs_Warlock+Paladin#as87Warlock,Warlock+Warrior,Warlock+Paladin,5,team2,kill,51.68
Warlock+Warrior_vs_Warlock+Hunter#as87Warlock,Warlock+Warrior,Warlock+Hunter,0,team2,kill,27.62
Warlock+Warrior_vs_Warlock+Hunter#as87Warlock,Warlock+Warrior,Warlock+Hunter,1,team2,kill,28.90
Warlock+Warrior_vs_Warlock+Hunter#as87Warlock,Warlock+Warrior,Warlock+Hunter,2,team2,kill,28.13
Warlock+Warrior_vs_Warlock+Hunter#as87Warlock,Warlock+Warrior,Warlock+Hunter,3,team1,kill,28.40
Warlock+Warrior_vs_Warlock+Hunter#as87Warlock,Warlock+Warrior,Warlock+Hunter,4,team2,kill,25.87
Warlock+Warrior_vs_Warlock+Hunter#as87Warlock,Warlock+Warrior,Warlock+Hunter,5,team2,kill,28.88
Warlock+Warrior_vs_Warlock+Shaman#as87Warlock,Warlock+Warrior,Warlock+Shaman,0,team2,kill,18.13
Warlock+Warrior_vs_Warlock+Shaman#as87Warlock,Warlock+Warrior,Warlock+Shaman,1,team2,kill,22.23
Warlock+Warrior_vs_Warlock+Shaman#as87Warlock,Warlock+Warrior,Warlock+Shaman,2,team2,kill,18.28
Warlock+Warrior_vs_Warlock+Shaman#as87Warlock,Warlock+Warrior,Warlock+Shaman,3,team2,kill,18.28
Warlock+Warrior_vs_Warlock+Shaman#as87Warlock,Warlock+Warrior,Warlock+Shaman,4,team2,kill,18.07
Warlock+Warrior_vs_Warlock+Shaman#as87Warlock,Warlock+Warrior,Warlock+Shaman,5,team2,kill,18.28
Warlock+Warrior_vs_Paladin+Hunter#as87Warlock,Warlock+Warrior,Paladin+Hunter,0,team2,kill,29.53
Warlock+Warrior_vs_Paladin+Hunter#as87Warlock,Warlock+Warrior,Paladin+Hunter,1,team2,kill,37.17
Warlock+Warrior_vs_Paladin+Hunter#as87Warlock,Warlock+Warrior,Paladin+Hunter,2,team2,kill,32.28
Warlock+Warrior_vs_Paladin+Hunter#as87Warlock,Warlock+Warrior,Paladin+Hunter,3,team2,kill,32.65
Warlock+Warrior_vs_Paladin+Hunter#as87Warlock,Warlock+Warrior,Paladin+Hunter,4,team2,kill,32.48
Warlock+Warrior_vs_Paladin+Hunter#as87Warlock,Warlock+Warrior,Paladin+Hunter,5,team2,kill,39.90
Warlock+Warrior_vs_Hunter+Shaman#as87Warlock,Warlock+Warrior,Hunter+Shaman,0,team1,kill,24.30
Warlock+Warrior_vs_Hunter+Shaman#as87Warlock,Warlock+Warrior,Hunter+Shaman,1,team2,kill,20.05
Warlock+Warrior_vs_Hunter+Shaman#as87Warlock,Warlock+Warrior,Hunter+Shaman,2,team2,kill,20.78
Warlock+Warrior_vs_Hunter+Shaman#as87Warlock,Warlock+Warrior,Hunter+Shaman,3,team1,kill,30.38
Warlock+Warrior_vs_Hunter+Shaman#as87Warlock,Warlock+Warrior,Hunter+Shaman,4,team1,kill,30.38
Warlock+Warrior_vs_Hunter+Shaman#as87Warlock,Warlock+Warrior,Hunter+Shaman,5,team1,kill,30.38
Warlock+Mage_vs_Warrior+Mage#as87Warlock,Warlock+Mage,Warrior+Mage,0,team1,kill,16.05
Warlock+Mage_vs_Warrior+Mage#as87Warlock,Warlock+Mage,Warrior+Mage,1,team1,kill,16.13
Warlock+Mage_vs_Warrior+Mage#as87Warlock,Warlock+Mage,Warrior+Mage,2,team1,kill,16.05
Warlock+Mage_vs_Warrior+Mage#as87Warlock,Warlock+Mage,Warrior+Mage,3,team1,kill,16.13
Warlock+Mage_vs_Warrior+Mage#as87Warlock,Warlock+Mage,Warrior+Mage,4,team1,kill,15.28
Warlock+Mage_vs_Warrior+Mage#as87Warlock,Warlock+Mage,Warrior+Mage,5,team1,kill,16.13
Warlock+Mage_vs_Warrior+Rogue#as87Warlock,Warlock+Mage,Warrior+Rogue,0,team1,kill,20.55
Warlock+Mage_vs_Warrior+Rogue#as87Warlock,Warlock+Mage,Warrior+Rogue,1,team1,kill,21.93
Warlock+Mage_vs_Warrior+Rogue#as87Warlock,Warlock+Mage,Warrior+Rogue,2,team1,kill,26.27
Warlock+Mage_vs_Warrior+Rogue#as87Warlock,Warlock+Mage,Warrior+Rogue,3,team1,kill,24.50
Warlock+Mage_vs_Warrior+Rogue#as87Warlock,Warlock+Mage,Warrior+Rogue,4,team1,kill,23.38
Warlock+Mage_vs_Warrior+Rogue#as87Warlock,Warlock+Mage,Warrior+Rogue,5,team1,kill,25.23
Warlock+Mage_vs_Warrior+Priest#as87Warlock,Warlock+Mage,Warrior+Priest,0,team1,kill,19.82
Warlock+Mage_vs_Warrior+Priest#as87Warlock,Warlock+Mage,Warrior+Priest,1,team1,kill,17.08
Warlock+Mage_vs_Warrior+Priest#as87Warlock,Warlock+Mage,Warrior+Priest,2,team1,kill,17.98
Warlock+Mage_vs_Warrior+Priest#as87Warlock,Warlock+Mage,Warrior+Priest,3,team1,kill,18.08
Warlock+Mage_vs_Warrior+Priest#as87Warlock,Warlock+Mage,Warrior+Priest,4,team1,kill,16.43
Warlock+Mage_vs_Warrior+Priest#as87Warlock,Warlock+Mage,Warrior+Priest,5,team1,kill,18.02
Warlock+Mage_vs_Warrior+Warlock#as87Warlock,Warlock+Mage,Warrior+Warlock,0,team1,kill,17.83
Warlock+Mage_vs_Warrior+Warlock#as87Warlock,Warlock+Mage,Warrior+Warlock,1,team1,kill,17.97
Warlock+Mage_vs_Warrior+Warlock#as87Warlock,Warlock+Mage,Warrior+Warlock,2,team1,kill,18.57
Warlock+Mage_vs_Warrior+Warlock#as87Warlock,Warlock+Mage,Warrior+Warlock,3,team1,kill,19.33
Warlock+Mage_vs_Warrior+Warlock#as87Warlock,Warlock+Mage,Warrior+Warlock,4,team1,kill,19.42
Warlock+Mage_vs_Warrior+Warlock#as87Warlock,Warlock+Mage,Warrior+Warlock,5,team1,kill,19.35
Warlock+Mage_vs_Warrior+Paladin#as87Warlock,Warlock+Mage,Warrior+Paladin,0,team2,kill,51.58
Warlock+Mage_vs_Warrior+Paladin#as87Warlock,Warlock+Mage,Warrior+Paladin,1,team1,kill,33.12
Warlock+Mage_vs_Warrior+Paladin#as87Warlock,Warlock+Mage,Warrior+Paladin,2,team2,kill,40.90
Warlock+Mage_vs_Warrior+Paladin#as87Warlock,Warlock+Mage,Warrior+Paladin,3,team1,kill,26.53
Warlock+Mage_vs_Warrior+Paladin#as87Warlock,Warlock+Mage,Warrior+Paladin,4,team1,kill,32.28
Warlock+Mage_vs_Warrior+Paladin#as87Warlock,Warlock+Mage,Warrior+Paladin,5,team1,kill,33.25
Warlock+Mage_vs_Warrior+Hunter#as87Warlock,Warlock+Mage,Warrior+Hunter,0,team1,kill,16.93
Warlock+Mage_vs_Warrior+Hunter#as87Warlock,Warlock+Mage,Warrior+Hunter,1,team1,kill,16.13
Warlock+Mage_vs_Warrior+Hunter#as87Warlock,Warlock+Mage,Warrior+Hunter,2,team1,kill,16.23
Warlock+Mage_vs_Warrior+Hunter#as87Warlock,Warlock+Mage,Warrior+Hunter,3,team1,kill,14.33
Warlock+Mage_vs_Warrior+Hunter#as87Warlock,Warlock+Mage,Warrior+Hunter,4,team1,kill,16.13
Warlock+Mage_vs_Warrior+Hunter#as87Warlock,Warlock+Mage,Warrior+Hunter,5,team1,kill,16.13
Warlock+Mage_vs_Warrior+Shaman#as87Warlock,Warlock+Mage,Warrior+Shaman,0,team1,kill,17.37
Warlock+Mage_vs_Warrior+Shaman#as87Warlock,Warlock+Mage,Warrior+Shaman,1,team1,kill,15.85
Warlock+Mage_vs_Warrior+Shaman#as87Warlock,Warlock+Mage,Warrior+Shaman,2,team1,kill,18.40
Warlock+Mage_vs_Warrior+Shaman#as87Warlock,Warlock+Mage,Warrior+Shaman,3,team1,kill,17.37
Warlock+Mage_vs_Warrior+Shaman#as87Warlock,Warlock+Mage,Warrior+Shaman,4,team1,kill,16.23
Warlock+Mage_vs_Warrior+Shaman#as87Warlock,Warlock+Mage,Warrior+Shaman,5,team1,kill,18.47
Warlock+Mage_vs_Mage+Rogue#as87Warlock,Warlock+Mage,Mage+Rogue,0,team1,kill,28.07
Warlock+Mage_vs_Mage+Rogue#as87Warlock,Warlock+Mage,Mage+Rogue,1,team1,kill,19.08
Warlock+Mage_vs_Mage+Rogue#as87Warlock,Warlock+Mage,Mage+Rogue,2,team1,kill,28.07
Warlock+Mage_vs_Mage+Rogue#as87Warlock,Warlock+Mage,Mage+Rogue,3,team1,kill,27.80
Warlock+Mage_vs_Mage+Rogue#as87Warlock,Warlock+Mage,Mage+Rogue,4,team1,kill,16.80
Warlock+Mage_vs_Mage+Rogue#as87Warlock,Warlock+Mage,Mage+Rogue,5,team1,kill,28.07
Warlock+Mage_vs_Mage+Priest#as87Warlock,Warlock+Mage,Mage+Priest,0,team1,kill,23.82
Warlock+Mage_vs_Mage+Priest#as87Warlock,Warlock+Mage,Mage+Priest,1,team1,kill,21.05
Warlock+Mage_vs_Mage+Priest#as87Warlock,Warlock+Mage,Mage+Priest,2,team1,kill,23.82
Warlock+Mage_vs_Mage+Priest#as87Warlock,Warlock+Mage,Mage+Priest,3,team1,kill,23.82
Warlock+Mage_vs_Mage+Priest#as87Warlock,Warlock+Mage,Mage+Priest,4,team1,kill,21.05
Warlock+Mage_vs_Mage+Priest#as87Warlock,Warlock+Mage,Mage+Priest,5,team1,kill,23.82
Warlock+Mage_vs_Mage+Warlock#as87Warlock,Warlock+Mage,Mage+Warlock,0,draw,kill,19.62
Warlock+Mage_vs_Mage+Warlock#as87Warlock,Warlock+Mage,Mage+Warlock,1,draw,kill,18.10
Warlock+Mage_vs_Mage+Warlock#as87Warlock,Warlock+Mage,Mage+Warlock,2,draw,kill,19.62
Warlock+Mage_vs_Mage+Warlock#as87Warlock,Warlock+Mage,Mage+Warlock,3,draw,kill,19.62
Warlock+Mage_vs_Mage+Warlock#as87Warlock,Warlock+Mage,Mage+Warlock,4,team2,kill,18.10
Warlock+Mage_vs_Mage+Warlock#as87Warlock,Warlock+Mage,Mage+Warlock,5,draw,kill,18.10
Warlock+Mage_vs_Mage+Paladin#as87Warlock,Warlock+Mage,Mage+Paladin,0,team2,kill,27.15
Warlock+Mage_vs_Mage+Paladin#as87Warlock,Warlock+Mage,Mage+Paladin,1,team2,kill,25.63
Warlock+Mage_vs_Mage+Paladin#as87Warlock,Warlock+Mage,Mage+Paladin,2,team2,kill,21.12
Warlock+Mage_vs_Mage+Paladin#as87Warlock,Warlock+Mage,Mage+Paladin,3,team2,kill,25.43
Warlock+Mage_vs_Mage+Paladin#as87Warlock,Warlock+Mage,Mage+Paladin,4,team2,kill,25.63
Warlock+Mage_vs_Mage+Paladin#as87Warlock,Warlock+Mage,Mage+Paladin,5,team2,kill,25.63
Warlock+Mage_vs_Mage+Hunter#as87Warlock,Warlock+Mage,Mage+Hunter,0,team1,kill,16.65
Warlock+Mage_vs_Mage+Hunter#as87Warlock,Warlock+Mage,Mage+Hunter,1,team1,kill,16.52
Warlock+Mage_vs_Mage+Hunter#as87Warlock,Warlock+Mage,Mage+Hunter,2,team1,kill,16.70
Warlock+Mage_vs_Mage+Hunter#as87Warlock,Warlock+Mage,Mage+Hunter,3,team1,kill,16.38
Warlock+Mage_vs_Mage+Hunter#as87Warlock,Warlock+Mage,Mage+Hunter,4,team1,kill,15.13
Warlock+Mage_vs_Mage+Hunter#as87Warlock,Warlock+Mage,Mage+Hunter,5,team1,kill,16.70
Warlock+Mage_vs_Mage+Shaman#as87Warlock,Warlock+Mage,Mage+Shaman,0,team1,kill,18.03
Warlock+Mage_vs_Mage+Shaman#as87Warlock,Warlock+Mage,Mage+Shaman,1,team2,kill,19.62
Warlock+Mage_vs_Mage+Shaman#as87Warlock,Warlock+Mage,Mage+Shaman,2,team2,kill,19.78
Warlock+Mage_vs_Mage+Shaman#as87Warlock,Warlock+Mage,Mage+Shaman,3,team2,kill,16.75
Warlock+Mage_vs_Mage+Shaman#as87Warlock,Warlock+Mage,Mage+Shaman,4,team2,kill,19.78
Warlock+Mage_vs_Mage+Shaman#as87Warlock,Warlock+Mage,Mage+Shaman,5,team2,kill,19.78
Warlock+Mage_vs_Rogue+Priest#as87Warlock,Warlock+Mage,Rogue+Priest,0,team2,kill,40.68
Warlock+Mage_vs_Rogue+Priest#as87Warlock,Warlock+Mage,Rogue+Priest,1,team2,kill,27.27
Warlock+Mage_vs_Rogue+Priest#as87Warlock,Warlock+Mage,Rogue+Priest,2,team2,kill,32.37
Warlock+Mage_vs_Rogue+Priest#as87Warlock,Warlock+Mage,Rogue+Priest,3,team2,kill,29.53
Warlock+Mage_vs_Rogue+Priest#as87Warlock,Warlock+Mage,Rogue+Priest,4,team1,kill,30.25
Warlock+Mage_vs_Rogue+Priest#as87Warlock,Warlock+Mage,Rogue+Priest,5,team2,kill,31.40
Warlock+Mage_vs_Rogue+Warlock#as87Warlock,Warlock+Mage,Rogue+Warlock,0,team1,kill,17.20
Warlock+Mage_vs_Rogue+Warlock#as87Warlock,Warlock+Mage,Rogue+Warlock,1,team1,kill,15.82
Warlock+Mage_vs_Rogue+Warlock#as87Warlock,Warlock+Mage,Rogue+Warlock,2,team1,kill,17.20
Warlock+Mage_vs_Rogue+Warlock#as87Warlock,Warlock+Mage,Rogue+Warlock,3,team1,kill,22.28
Warlock+Mage_vs_Rogue+Warlock#as87Warlock,Warlock+Mage,Rogue+Warlock,4,team1,kill,19.73
Warlock+Mage_vs_Rogue+Warlock#as87Warlock,Warlock+Mage,Rogue+Warlock,5,team1,kill,19.73
Warlock+Mage_vs_Rogue+Paladin#as87Warlock,Warlock+Mage,Rogue+Paladin,0,team1,kill,35.58
Warlock+Mage_vs_Rogue+Paladin#as87Warlock,Warlock+Mage,Rogue+Paladin,1,team2,kill,46.37
Warlock+Mage_vs_Rogue+Paladin#as87Warlock,Warlock+Mage,Rogue+Paladin,2,team1,kill,34.82
Warlock+Mage_vs_Rogue+Paladin#as87Warlock,Warlock+Mage,Rogue+Paladin,3,team2,kill,53.80
Warlock+Mage_vs_Rogue+Paladin#as87Warlock,Warlock+Mage,Rogue+Paladin,4,team2,kill,38.98
Warlock+Mage_vs_Rogue+Paladin#as87Warlock,Warlock+Mage,Rogue+Paladin,5,team1,kill,37.05
Warlock+Mage_vs_Rogue+Hunter#as87Warlock,Warlock+Mage,Rogue+Hunter,0,team1,kill,18.12
Warlock+Mage_vs_Rogue+Hunter#as87Warlock,Warlock+Mage,Rogue+Hunter,1,team1,kill,17.33
Warlock+Mage_vs_Rogue+Hunter#as87Warlock,Warlock+Mage,Rogue+Hunter,2,team1,kill,17.33
Warlock+Mage_vs_Rogue+Hunter#as87Warlock,Warlock+Mage,Rogue+Hunter,3,team1,kill,18.32
Warlock+Mage_vs_Rogue+Hunter#as87Warlock,Warlock+Mage,Rogue+Hunter,4,team1,kill,18.25
Warlock+Mage_vs_Rogue+Hunter#as87Warlock,Warlock+Mage,Rogue+Hunter,5,team1,kill,17.33
Warlock+Mage_vs_Rogue+Shaman#as87Warlock,Warlock+Mage,Rogue+Shaman,0,team1,kill,21.87
Warlock+Mage_vs_Rogue+Shaman#as87Warlock,Warlock+Mage,Rogue+Shaman,1,team2,kill,35.12
Warlock+Mage_vs_Rogue+Shaman#as87Warlock,Warlock+Mage,Rogue+Shaman,2,team2,kill,38.45
Warlock+Mage_vs_Rogue+Shaman#as87Warlock,Warlock+Mage,Rogue+Shaman,3,team2,kill,37.63
Warlock+Mage_vs_Rogue+Shaman#as87Warlock,Warlock+Mage,Rogue+Shaman,4,team2,kill,32.77
Warlock+Mage_vs_Rogue+Shaman#as87Warlock,Warlock+Mage,Rogue+Shaman,5,team2,kill,37.15
Warlock+Mage_vs_Priest+Warlock#as87Warlock,Warlock+Mage,Priest+Warlock,0,team1,kill,21.33
Warlock+Mage_vs_Priest+Warlock#as87Warlock,Warlock+Mage,Priest+Warlock,1,team1,kill,27.42
Warlock+Mage_vs_Priest+Warlock#as87Warlock,Warlock+Mage,Priest+Warlock,2,team1,kill,25.47
Warlock+Mage_vs_Priest+Warlock#as87Warlock,Warlock+Mage,Priest+Warlock,3,team2,kill,36.58
Warlock+Mage_vs_Priest+Warlock#as87Warlock,Warlock+Mage,Priest+Warlock,4,team1,kill,22.08
Warlock+Mage_vs_Priest+Warlock#as87Warlock,Warlock+Mage,Priest+Warlock,5,team2,kill,42.65
Warlock+Mage_vs_Priest+Hunter#as87Warlock,Warlock+Mage,Priest+Hunter,0,team2,kill,30.32
Warlock+Mage_vs_Priest+Hunter#as87Warlock,Warlock+Mage,Priest+Hunter,1,team1,kill,22.68
Warlock+Mage_vs_Priest+Hunter#as87Warlock,Warlock+Mage,Priest+Hunter,2,team2,kill,33.90
Warlock+Mage_vs_Priest+Hunter#as87Warlock,Warlock+Mage,Priest+Hunter,3,team2,kill,35.05
Warlock+Mage_vs_Priest+Hunter#as87Warlock,Warlock+Mage,Priest+Hunter,4,team2,kill,38.37
Warlock+Mage_vs_Priest+Hunter#as87Warlock,Warlock+Mage,Priest+Hunter,5,team2,kill,41.73
Warlock+Mage_vs_Warlock+Paladin#as87Warlock,Warlock+Mage,Warlock+Paladin,0,team1,kill,35.22
Warlock+Mage_vs_Warlock+Paladin#as87Warlock,Warlock+Mage,Warlock+Paladin,1,team1,kill,42.32
Warlock+Mage_vs_Warlock+Paladin#as87Warlock,Warlock+Mage,Warlock+Paladin,2,team1,kill,62.45
Warlock+Mage_vs_Warlock+Paladin#as87Warlock,Warlock+Mage,Warlock+Paladin,3,team1,kill,40.88
Warlock+Mage_vs_Warlock+Paladin#as87Warlock,Warlock+Mage,Warlock+Paladin,4,team1,kill,34.17
Warlock+Mage_vs_Warlock+Paladin#as87Warlock,Warlock+Mage,Warlock+Paladin,5,team1,kill,30.93
Warlock+Mage_vs_Warlock+Hunter#as87Warlock,Warlock+Mage,Warlock+Hunter,0,team1,kill,18.08
Warlock+Mage_vs_Warlock+Hunter#as87Warlock,Warlock+Mage,Warlock+Hunter,1,team1,kill,18.28
Warlock+Mage_vs_Warlock+Hunter#as87Warlock,Warlock+Mage,Warlock+Hunter,2,team1,kill,18.07
Warlock+Mage_vs_Warlock+Hunter#as87Warlock,Warlock+Mage,Warlock+Hunter,3,team1,kill,18.28
Warlock+Mage_vs_Warlock+Hunter#as87Warlock,Warlock+Mage,Warlock+Hunter,4,team1,kill,17.77
Warlock+Mage_vs_Warlock+Hunter#as87Warlock,Warlock+Mage,Warlock+Hunter,5,team1,kill,19.60
Warlock+Mage_vs_Warlock+Shaman#as87Warlock,Warlock+Mage,Warlock+Shaman,0,team1,kill,29.42
Warlock+Mage_vs_Warlock+Shaman#as87Warlock,Warlock+Mage,Warlock+Shaman,1,team1,kill,19.20
Warlock+Mage_vs_Warlock+Shaman#as87Warlock,Warlock+Mage,Warlock+Shaman,2,team1,kill,19.42
Warlock+Mage_vs_Warlock+Shaman#as87Warlock,Warlock+Mage,Warlock+Shaman,3,team1,kill,19.25
Warlock+Mage_vs_Warlock+Shaman#as87Warlock,Warlock+Mage,Warlock+Shaman,4,team1,kill,26.38
Warlock+Mage_vs_Warlock+Shaman#as87Warlock,Warlock+Mage,Warlock+Shaman,5,team1,kill,19.78
Warlock+Mage_vs_Paladin+Hunter#as87Warlock,Warlock+Mage,Paladin+Hunter,0,team2,kill,48.17
Warlock+Mage_vs_Paladin+Hunter#as87Warlock,Warlock+Mage,Paladin+Hunter,1,team1,kill,37.57
Warlock+Mage_vs_Paladin+Hunter#as87Warlock,Warlock+Mage,Paladin+Hunter,2,team1,kill,38.35
Warlock+Mage_vs_Paladin+Hunter#as87Warlock,Warlock+Mage,Paladin+Hunter,3,team2,kill,50.25
Warlock+Mage_vs_Paladin+Hunter#as87Warlock,Warlock+Mage,Paladin+Hunter,4,team2,kill,40.60
Warlock+Mage_vs_Paladin+Hunter#as87Warlock,Warlock+Mage,Paladin+Hunter,5,team2,kill,48.02
Warlock+Mage_vs_Hunter+Shaman#as87Warlock,Warlock+Mage,Hunter+Shaman,0,team1,kill,15.92
Warlock+Mage_vs_Hunter+Shaman#as87Warlock,Warlock+Mage,Hunter+Shaman,1,team1,kill,15.82
Warlock+Mage_vs_Hunter+Shaman#as87Warlock,Warlock+Mage,Hunter+Shaman,2,team1,kill,16.18
Warlock+Mage_vs_Hunter+Shaman#as87Warlock,Warlock+Mage,Hunter+Shaman,3,team1,kill,16.22
Warlock+Mage_vs_Hunter+Shaman#as87Warlock,Warlock+Mage,Hunter+Shaman,4,team1,kill,16.10
Warlock+Mage_vs_Hunter+Shaman#as87Warlock,Warlock+Mage,Hunter+Shaman,5,team1,kill,16.23
Warlock+Rogue_vs_Warrior+Mage#as87Warlock,Warlock+Rogue,Warrior+Mage,0,team1,kill,22.17
Warlock+Rogue_vs_Warrior+Mage#as87Warlock,Warlock+Rogue,Warrior+Mage,1,team1,kill,26.78
Warlock+Rogue_vs_Warrior+Mage#as87Warlock,Warlock+Rogue,Warrior+Mage,2,team1,kill,22.17
Warlock+Rogue_vs_Warrior+Mage#as87Warlock,Warlock+Rogue,Warrior+Mage,3,team1,kill,22.17
Warlock+Rogue_vs_Warrior+Mage#as87Warlock,Warlock+Rogue,Warrior+Mage,4,team1,kill,22.17
Warlock+Rogue_vs_Warrior+Mage#as87Warlock,Warlock+Rogue,Warrior+Mage,5,team1,kill,26.98
Warlock+Rogue_vs_Warrior+Rogue#as87Warlock,Warlock+Rogue,Warrior+Rogue,0,team1,kill,20.97
Warlock+Rogue_vs_Warrior+Rogue#as87Warlock,Warlock+Rogue,Warrior+Rogue,1,team2,kill,21.08
Warlock+Rogue_vs_Warrior+Rogue#as87Warlock,Warlock+Rogue,Warrior+Rogue,2,team2,kill,21.08
Warlock+Rogue_vs_Warrior+Rogue#as87Warlock,Warlock+Rogue,Warrior+Rogue,3,team1,kill,22.43
Warlock+Rogue_vs_Warrior+Rogue#as87Warlock,Warlock+Rogue,Warrior+Rogue,4,team1,kill,20.43
Warlock+Rogue_vs_Warrior+Rogue#as87Warlock,Warlock+Rogue,Warrior+Rogue,5,team2,kill,21.32
Warlock+Rogue_vs_Warrior+Priest#as87Warlock,Warlock+Rogue,Warrior+Priest,0,team1,kill,25.40
Warlock+Rogue_vs_Warrior+Priest#as87Warlock,Warlock+Rogue,Warrior+Priest,1,team1,kill,22.28
Warlock+Rogue_vs_Warrior+Priest#as87Warlock,Warlock+Rogue,Warrior+Priest,2,team1,kill,22.03
Warlock+Rogue_vs_Warrior+Priest#as87Warlock,Warlock+Rogue,Warrior+Priest,3,team1,kill,22.28
Warlock+Rogue_vs_Warrior+Priest#as87Warlock,Warlock+Rogue,Warrior+Priest,4,team1,kill,25.98
Warlock+Rogue_vs_Warrior+Priest#as87Warlock,Warlock+Rogue,Warrior+Priest,5,team1,kill,25.70
Warlock+Rogue_vs_Warrior+Warlock#as87Warlock,Warlock+Rogue,Warrior+Warlock,0,team1,kill,24.30
Warlock+Rogue_vs_Warrior+Warlock#as87Warlock,Warlock+Rogue,Warrior+Warlock,1,team1,kill,24.28
Warlock+Rogue_vs_Warrior+Warlock#as87Warlock,Warlock+Rogue,Warrior+Warlock,2,team2,kill,26.13
Warlock+Rogue_vs_Warrior+Warlock#as87Warlock,Warlock+Rogue,Warrior+Warlock,3,team2,kill,25.08
Warlock+Rogue_vs_Warrior+Warlock#as87Warlock,Warlock+Rogue,Warrior+Warlock,4,team2,kill,22.98
Warlock+Rogue_vs_Warrior+Warlock#as87Warlock,Warlock+Rogue,Warrior+Warlock,5,team1,kill,24.20
Warlock+Rogue_vs_Warrior+Paladin#as87Warlock,Warlock+Rogue,Warrior+Paladin,0,team1,kill,47.03
Warlock+Rogue_vs_Warrior+Paladin#as87Warlock,Warlock+Rogue,Warrior+Paladin,1,team1,kill,52.13
Warlock+Rogue_vs_Warrior+Paladin#as87Warlock,Warlock+Rogue,Warrior+Paladin,2,team2,kill,24.48
Warlock+Rogue_vs_Warrior+Paladin#as87Warlock,Warlock+Rogue,Warrior+Paladin,3,team1,kill,48.88
Warlock+Rogue_vs_Warrior+Paladin#as87Warlock,Warlock+Rogue,Warrior+Paladin,4,team2,kill,24.25
Warlock+Rogue_vs_Warrior+Paladin#as87Warlock,Warlock+Rogue,Warrior+Paladin,5,team1,kill,46.48
Warlock+Rogue_vs_Warrior+Hunter#as87Warlock,Warlock+Rogue,Warrior+Hunter,0,team1,kill,23.98
Warlock+Rogue_vs_Warrior+Hunter#as87Warlock,Warlock+Rogue,Warrior+Hunter,1,team1,kill,24.78
Warlock+Rogue_vs_Warrior+Hunter#as87Warlock,Warlock+Rogue,Warrior+Hunter,2,team1,kill,23.97
Warlock+Rogue_vs_Warrior+Hunter#as87Warlock,Warlock+Rogue,Warrior+Hunter,3,team1,kill,25.48
Warlock+Rogue_vs_Warrior+Hunter#as87Warlock,Warlock+Rogue,Warrior+Hunter,4,team1,kill,25.18
Warlock+Rogue_vs_Warrior+Hunter#as87Warlock,Warlock+Rogue,Warrior+Hunter,5,team1,kill,24.50
Warlock+Rogue_vs_Warrior+Shaman#as87Warlock,Warlock+Rogue,Warrior+Shaman,0,team1,kill,23.73
Warlock+Rogue_vs_Warrior+Shaman#as87Warlock,Warlock+Rogue,Warrior+Shaman,1,team1,kill,24.95
Warlock+Rogue_vs_Warrior+Shaman#as87Warlock,Warlock+Rogue,Warrior+Shaman,2,team1,kill,24.25
Warlock+Rogue_vs_Warrior+Shaman#as87Warlock,Warlock+Rogue,Warrior+Shaman,3,team1,kill,24.83
Warlock+Rogue_vs_Warrior+Shaman#as87Warlock,Warlock+Rogue,Warrior+Shaman,4,team1,kill,26.95
Warlock+Rogue_vs_Warrior+Shaman#as87Warlock,Warlock+Rogue,Warrior+Shaman,5,team1,kill,24.95
Warlock+Rogue_vs_Mage+Rogue#as87Warlock,Warlock+Rogue,Mage+Rogue,0,team1,kill,24.22
Warlock+Rogue_vs_Mage+Rogue#as87Warlock,Warlock+Rogue,Mage+Rogue,1,team2,kill,24.28
Warlock+Rogue_vs_Mage+Rogue#as87Warlock,Warlock+Rogue,Mage+Rogue,2,team2,kill,22.87
Warlock+Rogue_vs_Mage+Rogue#as87Warlock,Warlock+Rogue,Mage+Rogue,3,team2,kill,24.18
Warlock+Rogue_vs_Mage+Rogue#as87Warlock,Warlock+Rogue,Mage+Rogue,4,team2,kill,22.87
Warlock+Rogue_vs_Mage+Rogue#as87Warlock,Warlock+Rogue,Mage+Rogue,5,team2,kill,22.22
Warlock+Rogue_vs_Mage+Priest#as87Warlock,Warlock+Rogue,Mage+Priest,0,team2,kill,18.12
Warlock+Rogue_vs_Mage+Priest#as87Warlock,Warlock+Rogue,Mage+Priest,1,team2,kill,17.45
Warlock+Rogue_vs_Mage+Priest#as87Warlock,Warlock+Rogue,Mage+Priest,2,team2,kill,19.07
Warlock+Rogue_vs_Mage+Priest#as87Warlock,Warlock+Rogue,Mage+Priest,3,team2,kill,19.53
Warlock+Rogue_vs_Mage+Priest#as87Warlock,Warlock+Rogue,Mage+Priest,4,team2,kill,17.23
Warlock+Rogue_vs_Mage+Priest#as87Warlock,Warlock+Rogue,Mage+Priest,5,team2,kill,18.88
Warlock+Rogue_vs_Mage+Warlock#as87Warlock,Warlock+Rogue,Mage+Warlock,0,team2,kill,17.20
Warlock+Rogue_vs_Mage+Warlock#as87Warlock,Warlock+Rogue,Mage+Warlock,1,team2,kill,15.82
Warlock+Rogue_vs_Mage+Warlock#as87Warlock,Warlock+Rogue,Mage+Warlock,2,team2,kill,17.47
Warlock+Rogue_vs_Mage+Warlock#as87Warlock,Warlock+Rogue,Mage+Warlock,3,team2,kill,16.25
Warlock+Rogue_vs_Mage+Warlock#as87Warlock,Warlock+Rogue,Mage+Warlock,4,team2,kill,17.47
Warlock+Rogue_vs_Mage+Warlock#as87Warlock,Warlock+Rogue,Mage+Warlock,5,team2,kill,17.55
Warlock+Rogue_vs_Mage+Paladin#as87Warlock,Warlock+Rogue,Mage+Paladin,0,team2,kill,21.97
Warlock+Rogue_vs_Mage+Paladin#as87Warlock,Warlock+Rogue,Mage+Paladin,1,team2,kill,21.90
Warlock+Rogue_vs_Mage+Paladin#as87Warlock,Warlock+Rogue,Mage+Paladin,2,team2,kill,20.50
Warlock+Rogue_vs_Mage+Paladin#as87Warlock,Warlock+Rogue,Mage+Paladin,3,team2,kill,20.50
Warlock+Rogue_vs_Mage+Paladin#as87Warlock,Warlock+Rogue,Mage+Paladin,4,team2,kill,21.97
Warlock+Rogue_vs_Mage+Paladin#as87Warlock,Warlock+Rogue,Mage+Paladin,5,team2,kill,21.97
Warlock+Rogue_vs_Mage+Hunter#as87Warlock,Warlock+Rogue,Mage+Hunter,0,team2,kill,20.92
Warlock+Rogue_vs_Mage+Hunter#as87Warlock,Warlock+Rogue,Mage+Hunter,1,team2,kill,21.27
Warlock+Rogue_vs_Mage+Hunter#as87Warlock,Warlock+Rogue,Mage+Hunter,2,team2,kill,18.93
Warlock+Rogue_vs_Mage+Hunter#as87Warlock,Warlock+Rogue,Mage+Hunter,3,team2,kill,18.93
Warlock+Rogue_vs_Mage+Hunter#as87Warlock,Warlock+Rogue,Mage+Hunter,4,team2,kill,17.32
Warlock+Rogue_vs_Mage+Hunter#as87Warlock,Warlock+Rogue,Mage+Hunter,5,team2,kill,19.90
Warlock+Rogue_vs_Mage+Shaman#as87Warlock,Warlock+Rogue,Mage+Shaman,0,team2,kill,18.28
Warlock+Rogue_vs_Mage+Shaman#as87Warlock,Warlock+Rogue,Mage+Shaman,1,team2,kill,18.28
Warlock+Rogue_vs_Mage+Shaman#as87Warlock,Warlock+Rogue,Mage+Shaman,2,team2,kill,18.28
Warlock+Rogue_vs_Mage+Shaman#as87Warlock,Warlock+Rogue,Mage+Shaman,3,team2,kill,18.28
Warlock+Rogue_vs_Mage+Shaman#as87Warlock,Warlock+Rogue,Mage+Shaman,4,team2,kill,18.28
Warlock+Rogue_vs_Mage+Shaman#as87Warlock,Warlock+Rogue,Mage+Shaman,5,team2,kill,18.28
Warlock+Rogue_vs_Rogue+Priest#as87Warlock,Warlock+Rogue,Rogue+Priest,0,team2,kill,26.43
Warlock+Rogue_vs_Rogue+Priest#as87Warlock,Warlock+Rogue,Rogue+Priest,1,team1,kill,25.35
Warlock+Rogue_vs_Rogue+Priest#as87Warlock,Warlock+Rogue,Rogue+Priest,2,team2,kill,26.43
Warlock+Rogue_vs_Rogue+Priest#as87Warlock,Warlock+Rogue,Rogue+Priest,3,team2,kill,23.98
Warlock+Rogue_vs_Rogue+Priest#as87Warlock,Warlock+Rogue,Rogue+Priest,4,team2,kill,26.73
Warlock+Rogue_vs_Rogue+Priest#as87Warlock,Warlock+Rogue,Rogue+Priest,5,team2,kill,25.87
Warlock+Rogue_vs_Rogue+Warlock#as87Warlock,Warlock+Rogue,Rogue+Warlock,0,team2,kill,24.32
Warlock+Rogue_vs_Rogue+Warlock#as87Warlock,Warlock+Rogue,Rogue+Warlock,1,team1,kill,24.33
Warlock+Rogue_vs_Rogue+Warlock#as87Warlock,Warlock+Rogue,Rogue+Warlock,2,team1,kill,23.85
Warlock+Rogue_vs_Rogue+Warlock#as87Warlock,Warlock+Rogue,Rogue+Warlock,3,team1,kill,24.62
Warlock+Rogue_vs_Rogue+Warlock#as87Warlock,Warlock+Rogue,Rogue+Warlock,4,team1,kill,23.85
Warlock+Rogue_vs_Rogue+Warlock#as87Warlock,Warlock+Rogue,Rogue+Warlock,5,team1,kill,24.40
Warlock+Rogue_vs_Rogue+Paladin#as87Warlock,Warlock+Rogue,Rogue+Paladin,0,team2,kill,27.20
Warlock+Rogue_vs_Rogue+Paladin#as87Warlock,Warlock+Rogue,Rogue+Paladin,1,team2,kill,28.37
Warlock+Rogue_vs_Rogue+Paladin#as87Warlock,Warlock+Rogue,Rogue+Paladin,2,team2,kill,28.45
Warlock+Rogue_vs_Rogue+Paladin#as87Warlock,Warlock+Rogue,Rogue+Paladin,3,team2,kill,27.62
Warlock+Rogue_vs_Rogue+Paladin#as87Warlock,Warlock+Rogue,Rogue+Paladin,4,team2,kill,27.77
Warlock+Rogue_vs_Rogue+Paladin#as87Warlock,Warlock+Rogue,Rogue+Paladin,5,team2,kill,28.30
Warlock+Rogue_vs_Rogue+Hunter#as87Warlock,Warlock+Rogue,Rogue+Hunter,0,team1,kill,28.83
Warlock+Rogue_vs_Rogue+Hunter#as87Warlock,Warlock+Rogue,Rogue+Hunter,1,team1,kill,26.43
Warlock+Rogue_vs_Rogue+Hunter#as87Warlock,Warlock+Rogue,Rogue+Hunter,2,team2,kill,30.03
Warlock+Rogue_vs_Rogue+Hunter#as87Warlock,Warlock+Rogue,Rogue+Hunter,3,team1,kill,30.20
Warlock+Rogue_vs_Rogue+Hunter#as87Warlock,Warlock+Rogue,Rogue+Hunter,4,team1,kill,28.23
Warlock+Rogue_vs_Rogue+Hunter#as87Warlock,Warlock+Rogue,Rogue+Hunter,5,team1,kill,27.78
Warlock+Rogue_vs_Rogue+Shaman#as87Warlock,Warlock+Rogue,Rogue+Shaman,0,team2,kill,24.52
Warlock+Rogue_vs_Rogue+Shaman#as87Warlock,Warlock+Rogue,Rogue+Shaman,1,team2,kill,27.60
Warlock+Rogue_vs_Rogue+Shaman#as87Warlock,Warlock+Rogue,Rogue+Shaman,2,team2,kill,25.98
Warlock+Rogue_vs_Rogue+Shaman#as87Warlock,Warlock+Rogue,Rogue+Shaman,3,team2,kill,23.57
Warlock+Rogue_vs_Rogue+Shaman#as87Warlock,Warlock+Rogue,Rogue+Shaman,4,team1,kill,26.58
Warlock+Rogue_vs_Rogue+Shaman#as87Warlock,Warlock+Rogue,Rogue+Shaman,5,team2,kill,25.28
Warlock+Rogue_vs_Priest+Warlock#as87Warlock,Warlock+Rogue,Priest+Warlock,0,team2,kill,37.45
Warlock+Rogue_vs_Priest+Warlock#as87Warlock,Warlock+Rogue,Priest+Warlock,1,team1,kill,30.82
Warlock+Rogue_vs_Priest+Warlock#as87Warlock,Warlock+Rogue,Priest+Warlock,2,team2,kill,38.97
Warlock+Rogue_vs_Priest+Warlock#as87Warlock,Warlock+Rogue,Priest+Warlock,3,team2,kill,37.47
Warlock+Rogue_vs_Priest+Warlock#as87Warlock,Warlock+Rogue,Priest+Warlock,4,team1,kill,28.42
Warlock+Rogue_vs_Priest+Warlock#as87Warlock,Warlock+Rogue,Priest+Warlock,5,team1,kill,42.27
Warlock+Rogue_vs_Priest+Hunter#as87Warlock,Warlock+Rogue,Priest+Hunter,0,team2,kill,40.50
Warlock+Rogue_vs_Priest+Hunter#as87Warlock,Warlock+Rogue,Priest+Hunter,1,team2,kill,38.30
Warlock+Rogue_vs_Priest+Hunter#as87Warlock,Warlock+Rogue,Priest+Hunter,2,team2,kill,39.75
Warlock+Rogue_vs_Priest+Hunter#as87Warlock,Warlock+Rogue,Priest+Hunter,3,team2,kill,39.00
Warlock+Rogue_vs_Priest+Hunter#as87Warlock,Warlock+Rogue,Priest+Hunter,4,team2,kill,35.03
Warlock+Rogue_vs_Priest+Hunter#as87Warlock,Warlock+Rogue,Priest+Hunter,5,team2,kill,39.65
Warlock+Rogue_vs_Warlock+Paladin#as87Warlock,Warlock+Rogue,Warlock+Paladin,0,team2,kill,55.47
Warlock+Rogue_vs_Warlock+Paladin#as87Warlock,Warlock+Rogue,Warlock+Paladin,1,team2,kill,42.98
Warlock+Rogue_vs_Warlock+Paladin#as87Warlock,Warlock+Rogue,Warlock+Paladin,2,team2,kill,29.03
Warlock+Rogue_vs_Warlock+Paladin#as87Warlock,Warlock+Rogue,Warlock+Paladin,3,team1,kill,60.80
Warlock+Rogue_vs_Warlock+Paladin#as87Warlock,Warlock+Rogue,Warlock+Paladin,4,team1,kill,52.58
Warlock+Rogue_vs_Warlock+Paladin#as87Warlock,Warlock+Rogue,Warlock+Paladin,5,team2,kill,29.97
Warlock+Rogue_vs_Warlock+Hunter#as87Warlock,Warlock+Rogue,Warlock+Hunter,0,team2,kill,29.28
Warlock+Rogue_vs_Warlock+Hunter#as87Warlock,Warlock+Rogue,Warlock+Hunter,1,team2,kill,20.33
Warlock+Rogue_vs_Warlock+Hunter#as87Warlock,Warlock+Rogue,Warlock+Hunter,2,team2,kill,22.43
Warlock+Rogue_vs_Warlock+Hunter#as87Warlock,Warlock+Rogue,Warlock+Hunter,3,team2,kill,26.72
Warlock+Rogue_vs_Warlock+Hunter#as87Warlock,Warlock+Rogue,Warlock+Hunter,4,team2,kill,24.50
Warlock+Rogue_vs_Warlock+Hunter#as87Warlock,Warlock+Rogue,Warlock+Hunter,5,team2,kill,19.58
Warlock+Rogue_vs_Warlock+Shaman#as87Warlock,Warlock+Rogue,Warlock+Shaman,0,team2,kill,23.85
Warlock+Rogue_vs_Warlock+Shaman#as87Warlock,Warlock+Rogue,Warlock+Shaman,1,team2,kill,26.73
Warlock+Rogue_vs_Warlock+Shaman#as87Warlock,Warlock+Rogue,Warlock+Shaman,2,team2,kill,19.68
Warlock+Rogue_vs_Warlock+Shaman#as87Warlock,Warlock+Rogue,Warlock+Shaman,3,team2,kill,20.32
Warlock+Rogue_vs_Warlock+Shaman#as87Warlock,Warlock+Rogue,Warlock+Shaman,4,team2,kill,23.78
Warlock+Rogue_vs_Warlock+Shaman#as87Warlock,Warlock+Rogue,Warlock+Shaman,5,team2,kill,25.93
Warlock+Rogue_vs_Paladin+Hunter#as87Warlock,Warlock+Rogue,Paladin+Hunter,0,team2,kill,36.22
Warlock+Rogue_vs_Paladin+Hunter#as87Warlock,Warlock+Rogue,Paladin+Hunter,1,team2,kill,36.30
Warlock+Rogue_vs_Paladin+Hunter#as87Warlock,Warlock+Rogue,Paladin+Hunter,2,team2,kill,35.80
Warlock+Rogue_vs_Paladin+Hunter#as87Warlock,Warlock+Rogue,Paladin+Hunter,3,team2,kill,36.55
Warlock+Rogue_vs_Paladin+Hunter#as87Warlock,Warlock+Rogue,Paladin+Hunter,4,team2,kill,46.43
Warlock+Rogue_vs_Paladin+Hunter#as87Warlock,Warlock+Rogue,Paladin+Hunter,5,team2,kill,37.10
Warlock+Rogue_vs_Hunter+Shaman#as87Warlock,Warlock+Rogue,Hunter+Shaman,0,team2,kill,25.20
Warlock+Rogue_vs_Hunter+Shaman#as87Warlock,Warlock+Rogue,Hunter+Shaman,1,team2,kill,28.60
Warlock+Rogue_vs_Hunter+Shaman#as87Warlock,Warlock+Rogue,Hunter+Shaman,2,team2,kill,25.27
Warlock+Rogue_vs_Hunter+Shaman#as87Warlock,Warlock+Rogue,Hunter+Shaman,3,team2,kill,26.98
Warlock+Rogue_vs_Hunter+Shaman#as87Warlock,Warlock+Rogue,Hunter+Shaman,4,team2,kill,21.38
Warlock+Rogue_vs_Hunter+Shaman#as87Warlock,Warlock+Rogue,Hunter+Shaman,5,team2,kill,26.67
Warlock+Priest_vs_Warrior+Mage#as87Warlock,Warlock+Priest,Warrior+Mage,0,team1,kill,29.43
Warlock+Priest_vs_Warrior+Mage#as87Warlock,Warlock+Priest,Warrior+Mage,1,team1,kill,29.80
Warlock+Priest_vs_Warrior+Mage#as87Warlock,Warlock+Priest,Warrior+Mage,2,team2,kill,28.53
Warlock+Priest_vs_Warrior+Mage#as87Warlock,Warlock+Priest,Warrior+Mage,3,team2,kill,28.53
Warlock+Priest_vs_Warrior+Mage#as87Warlock,Warlock+Priest,Warrior+Mage,4,team1,kill,29.65
Warlock+Priest_vs_Warrior+Mage#as87Warlock,Warlock+Priest,Warrior+Mage,5,team2,kill,30.05
Warlock+Priest_vs_Warrior+Rogue#as87Warlock,Warlock+Priest,Warrior+Rogue,0,team1,kill,25.63
Warlock+Priest_vs_Warrior+Rogue#as87Warlock,Warlock+Priest,Warrior+Rogue,1,team1,kill,25.90
Warlock+Priest_vs_Warrior+Rogue#as87Warlock,Warlock+Priest,Warrior+Rogue,2,team1,kill,23.38
Warlock+Priest_vs_Warrior+Rogue#as87Warlock,Warlock+Priest,Warrior+Rogue,3,team2,kill,28.60
Warlock+Priest_vs_Warrior+Rogue#as87Warlock,Warlock+Priest,Warrior+Rogue,4,team1,kill,28.80
Warlock+Priest_vs_Warrior+Rogue#as87Warlock,Warlock+Priest,Warrior+Rogue,5,team2,kill,20.65
Warlock+Priest_vs_Warrior+Priest#as87Warlock,Warlock+Priest,Warrior+Priest,0,team1,kill,51.47
Warlock+Priest_vs_Warrior+Priest#as87Warlock,Warlock+Priest,Warrior+Priest,1,team1,kill,40.17
Warlock+Priest_vs_Warrior+Priest#as87Warlock,Warlock+Priest,Warrior+Priest,2,team2,kill,50.22
Warlock+Priest_vs_Warrior+Priest#as87Warlock,Warlock+Priest,Warrior+Priest,3,team1,kill,51.70
Warlock+Priest_vs_Warrior+Priest#as87Warlock,Warlock+Priest,Warrior+Priest,4,team1,kill,38.40
Warlock+Priest_vs_Warrior+Priest#as87Warlock,Warlock+Priest,Warrior+Priest,5,team2,kill,38.63
Warlock+Priest_vs_Warrior+Warlock#as87Warlock,Warlock+Priest,Warrior+Warlock,0,team1,kill,37.53
Warlock+Priest_vs_Warrior+Warlock#as87Warlock,Warlock+Priest,Warrior+Warlock,1,team1,kill,43.55
Warlock+Priest_vs_Warrior+Warlock#as87Warlock,Warlock+Priest,Warrior+Warlock,2,team1,kill,41.87
Warlock+Priest_vs_Warrior+Warlock#as87Warlock,Warlock+Priest,Warrior+Warlock,3,team1,kill,39.58
Warlock+Priest_vs_Warrior+Warlock#as87Warlock,Warlock+Priest,Warrior+Warlock,4,team1,kill,44.98
Warlock+Priest_vs_Warrior+Warlock#as87Warlock,Warlock+Priest,Warrior+Warlock,5,team1,kill,39.92
Warlock+Priest_vs_Warrior+Paladin#as87Warlock,Warlock+Priest,Warrior+Paladin,0,team2,kill,43.02
Warlock+Priest_vs_Warrior+Paladin#as87Warlock,Warlock+Priest,Warrior+Paladin,1,team2,kill,51.03
Warlock+Priest_vs_Warrior+Paladin#as87Warlock,Warlock+Priest,Warrior+Paladin,2,team2,kill,41.88
Warlock+Priest_vs_Warrior+Paladin#as87Warlock,Warlock+Priest,Warrior+Paladin,3,team2,kill,46.52
Warlock+Priest_vs_Warrior+Paladin#as87Warlock,Warlock+Priest,Warrior+Paladin,4,team2,kill,41.58
Warlock+Priest_vs_Warrior+Paladin#as87Warlock,Warlock+Priest,Warrior+Paladin,5,team1,kill,42.35
Warlock+Priest_vs_Warrior+Hunter#as87Warlock,Warlock+Priest,Warrior+Hunter,0,team1,kill,32.87
Warlock+Priest_vs_Warrior+Hunter#as87Warlock,Warlock+Priest,Warrior+Hunter,1,team2,kill,33.58
Warlock+Priest_vs_Warrior+Hunter#as87Warlock,Warlock+Priest,Warrior+Hunter,2,team1,kill,30.08
Warlock+Priest_vs_Warrior+Hunter#as87Warlock,Warlock+Priest,Warrior+Hunter,3,team1,kill,32.08
Warlock+Priest_vs_Warrior+Hunter#as87Warlock,Warlock+Priest,Warrior+Hunter,4,team1,kill,34.08
Warlock+Priest_vs_Warrior+Hunter#as87Warlock,Warlock+Priest,Warrior+Hunter,5,team1,kill,34.73
Warlock+Priest_vs_Warrior+Shaman#as87Warlock,Warlock+Priest,Warrior+Shaman,0,team2,kill,41.17
Warlock+Priest_vs_Warrior+Shaman#as87Warlock,Warlock+Priest,Warrior+Shaman,1,team1,kill,61.60
Warlock+Priest_vs_Warrior+Shaman#as87Warlock,Warlock+Priest,Warrior+Shaman,2,team2,kill,51.50
Warlock+Priest_vs_Warrior+Shaman#as87Warlock,Warlock+Priest,Warrior+Shaman,3,team1,kill,94.34
Warlock+Priest_vs_Warrior+Shaman#as87Warlock,Warlock+Priest,Warrior+Shaman,4,team2,kill,39.58
Warlock+Priest_vs_Warrior+Shaman#as87Warlock,Warlock+Priest,Warrior+Shaman,5,team1,kill,56.23
Warlock+Priest_vs_Mage+Rogue#as87Warlock,Warlock+Priest,Mage+Rogue,0,team2,kill,39.92
Warlock+Priest_vs_Mage+Rogue#as87Warlock,Warlock+Priest,Mage+Rogue,1,team2,kill,52.58
Warlock+Priest_vs_Mage+Rogue#as87Warlock,Warlock+Priest,Mage+Rogue,2,team2,kill,20.90
Warlock+Priest_vs_Mage+Rogue#as87Warlock,Warlock+Priest,Mage+Rogue,3,team1,kill,39.07
Warlock+Priest_vs_Mage+Rogue#as87Warlock,Warlock+Priest,Mage+Rogue,4,team2,kill,34.30
Warlock+Priest_vs_Mage+Rogue#as87Warlock,Warlock+Priest,Mage+Rogue,5,team1,kill,24.72
Warlock+Priest_vs_Mage+Priest#as87Warlock,Warlock+Priest,Mage+Priest,0,team2,kill,54.62
Warlock+Priest_vs_Mage+Priest#as87Warlock,Warlock+Priest,Mage+Priest,1,team2,kill,63.08
Warlock+Priest_vs_Mage+Priest#as87Warlock,Warlock+Priest,Mage+Priest,2,team2,kill,71.22
Warlock+Priest_vs_Mage+Priest#as87Warlock,Warlock+Priest,Mage+Priest,3,team2,kill,70.93
Warlock+Priest_vs_Mage+Priest#as87Warlock,Warlock+Priest,Mage+Priest,4,team2,kill,57.35
Warlock+Priest_vs_Mage+Priest#as87Warlock,Warlock+Priest,Mage+Priest,5,team2,kill,74.33
Warlock+Priest_vs_Mage+Warlock#as87Warlock,Warlock+Priest,Mage+Warlock,0,team2,kill,24.28
Warlock+Priest_vs_Mage+Warlock#as87Warlock,Warlock+Priest,Mage+Warlock,1,team2,kill,27.62
Warlock+Priest_vs_Mage+Warlock#as87Warlock,Warlock+Priest,Mage+Warlock,2,team2,kill,19.93
Warlock+Priest_vs_Mage+Warlock#as87Warlock,Warlock+Priest,Mage+Warlock,3,team2,kill,29.93
Warlock+Priest_vs_Mage+Warlock#as87Warlock,Warlock+Priest,Mage+Warlock,4,team2,kill,26.57
Warlock+Priest_vs_Mage+Warlock#as87Warlock,Warlock+Priest,Mage+Warlock,5,team1,kill,39.67
Warlock+Priest_vs_Mage+Paladin#as87Warlock,Warlock+Priest,Mage+Paladin,0,team1,kill,64.13
Warlock+Priest_vs_Mage+Paladin#as87Warlock,Warlock+Priest,Mage+Paladin,1,team1,kill,79.34
Warlock+Priest_vs_Mage+Paladin#as87Warlock,Warlock+Priest,Mage+Paladin,2,team1,kill,85.99
Warlock+Priest_vs_Mage+Paladin#as87Warlock,Warlock+Priest,Mage+Paladin,3,team2,kill,59.50
Warlock+Priest_vs_Mage+Paladin#as87Warlock,Warlock+Priest,Mage+Paladin,4,team1,kill,109.16
Warlock+Priest_vs_Mage+Paladin#as87Warlock,Warlock+Priest,Mage+Paladin,5,team2,kill,75.33
Warlock+Priest_vs_Mage+Hunter#as87Warlock,Warlock+Priest,Mage+Hunter,0,team1,kill,27.10
Warlock+Priest_vs_Mage+Hunter#as87Warlock,Warlock+Priest,Mage+Hunter,1,team1,kill,28.20
Warlock+Priest_vs_Mage+Hunter#as87Warlock,Warlock+Priest,Mage+Hunter,2,team1,kill,28.20
Warlock+Priest_vs_Mage+Hunter#as87Warlock,Warlock+Priest,Mage+Hunter,3,team1,kill,28.20
Warlock+Priest_vs_Mage+Hunter#as87Warlock,Warlock+Priest,Mage+Hunter,4,team1,kill,27.28
Warlock+Priest_vs_Mage+Hunter#as87Warlock,Warlock+Priest,Mage+Hunter,5,team1,kill,28.18
Warlock+Priest_vs_Mage+Shaman#as87Warlock,Warlock+Priest,Mage+Shaman,0,team2,kill,43.72
Warlock+Priest_vs_Mage+Shaman#as87Warlock,Warlock+Priest,Mage+Shaman,1,team2,kill,26.63
Warlock+Priest_vs_Mage+Shaman#as87Warlock,Warlock+Priest,Mage+Shaman,2,team2,kill,22.42
Warlock+Priest_vs_Mage+Shaman#as87Warlock,Warlock+Priest,Mage+Shaman,3,team2,kill,30.78
Warlock+Priest_vs_Mage+Shaman#as87Warlock,Warlock+Priest,Mage+Shaman,4,team2,kill,28.48
Warlock+Priest_vs_Mage+Shaman#as87Warlock,Warlock+Priest,Mage+Shaman,5,team2,kill,35.78
Warlock+Priest_vs_Rogue+Priest#as87Warlock,Warlock+Priest,Rogue+Priest,0,team1,kill,40.55
Warlock+Priest_vs_Rogue+Priest#as87Warlock,Warlock+Priest,Rogue+Priest,1,team1,kill,45.85
Warlock+Priest_vs_Rogue+Priest#as87Warlock,Warlock+Priest,Rogue+Priest,2,team2,kill,53.17
Warlock+Priest_vs_Rogue+Priest#as87Warlock,Warlock+Priest,Rogue+Priest,3,team2,kill,48.97
Warlock+Priest_vs_Rogue+Priest#as87Warlock,Warlock+Priest,Rogue+Priest,4,team2,kill,55.87
Warlock+Priest_vs_Rogue+Priest#as87Warlock,Warlock+Priest,Rogue+Priest,5,team2,kill,53.92
Warlock+Priest_vs_Rogue+Warlock#as87Warlock,Warlock+Priest,Rogue+Warlock,0,team1,kill,32.67
Warlock+Priest_vs_Rogue+Warlock#as87Warlock,Warlock+Priest,Rogue+Warlock,1,team1,kill,40.95
Warlock+Priest_vs_Rogue+Warlock#as87Warlock,Warlock+Priest,Rogue+Warlock,2,team2,kill,30.40
Warlock+Priest_vs_Rogue+Warlock#as87Warlock,Warlock+Priest,Rogue+Warlock,3,team2,kill,25.65
Warlock+Priest_vs_Rogue+Warlock#as87Warlock,Warlock+Priest,Rogue+Warlock,4,team2,kill,25.95
Warlock+Priest_vs_Rogue+Warlock#as87Warlock,Warlock+Priest,Rogue+Warlock,5,team2,kill,41.47
Warlock+Priest_vs_Rogue+Paladin#as87Warlock,Warlock+Priest,Rogue+Paladin,0,team1,kill,177.62
Warlock+Priest_vs_Rogue+Paladin#as87Warlock,Warlock+Priest,Rogue+Paladin,1,team1,kill,65.82
Warlock+Priest_vs_Rogue+Paladin#as87Warlock,Warlock+Priest,Rogue+Paladin,2,team1,kill,64.45
Warlock+Priest_vs_Rogue+Paladin#as87Warlock,Warlock+Priest,Rogue+Paladin,3,team1,kill,77.55
Warlock+Priest_vs_Rogue+Paladin#as87Warlock,Warlock+Priest,Rogue+Paladin,4,team2,kill,58.98
Warlock+Priest_vs_Rogue+Paladin#as87Warlock,Warlock+Priest,Rogue+Paladin,5,team1,kill,186.60
Warlock+Priest_vs_Rogue+Hunter#as87Warlock,Warlock+Priest,Rogue+Hunter,0,team1,kill,33.95
Warlock+Priest_vs_Rogue+Hunter#as87Warlock,Warlock+Priest,Rogue+Hunter,1,team1,kill,36.53
Warlock+Priest_vs_Rogue+Hunter#as87Warlock,Warlock+Priest,Rogue+Hunter,2,team1,kill,35.97
Warlock+Priest_vs_Rogue+Hunter#as87Warlock,Warlock+Priest,Rogue+Hunter,3,team1,kill,34.00
Warlock+Priest_vs_Rogue+Hunter#as87Warlock,Warlock+Priest,Rogue+Hunter,4,team1,kill,33.95
Warlock+Priest_vs_Rogue+Hunter#as87Warlock,Warlock+Priest,Rogue+Hunter,5,team1,kill,34.00
Warlock+Priest_vs_Rogue+Shaman#as87Warlock,Warlock+Priest,Rogue+Shaman,0,team2,kill,50.53
Warlock+Priest_vs_Rogue+Shaman#as87Warlock,Warlock+Priest,Rogue+Shaman,1,team2,kill,50.83
Warlock+Priest_vs_Rogue+Shaman#as87Warlock,Warlock+Priest,Rogue+Shaman,2,team2,kill,60.53
Warlock+Priest_vs_Rogue+Shaman#as87Warlock,Warlock+Priest,Rogue+Shaman,3,team2,kill,59.60
Warlock+Priest_vs_Rogue+Shaman#as87Warlock,Warlock+Priest,Rogue+Shaman,4,team2,kill,59.70
Warlock+Priest_vs_Rogue+Shaman#as87Warlock,Warlock+Priest,Rogue+Shaman,5,team2,kill,38.98
Warlock+Priest_vs_Priest+Warlock#as87Warlock,Warlock+Priest,Priest+Warlock,0,team1,kill,40.77
Warlock+Priest_vs_Priest+Warlock#as87Warlock,Warlock+Priest,Priest+Warlock,1,team1,kill,58.08
Warlock+Priest_vs_Priest+Warlock#as87Warlock,Warlock+Priest,Priest+Warlock,2,team1,kill,42.37
Warlock+Priest_vs_Priest+Warlock#as87Warlock,Warlock+Priest,Priest+Warlock,3,team2,kill,65.93
Warlock+Priest_vs_Priest+Warlock#as87Warlock,Warlock+Priest,Priest+Warlock,4,team1,kill,52.22
Warlock+Priest_vs_Priest+Warlock#as87Warlock,Warlock+Priest,Priest+Warlock,5,team1,kill,63.42
Warlock+Priest_vs_Priest+Hunter#as87Warlock,Warlock+Priest,Priest+Hunter,0,team1,kill,49.38
Warlock+Priest_vs_Priest+Hunter#as87Warlock,Warlock+Priest,Priest+Hunter,1,team1,kill,53.43
Warlock+Priest_vs_Priest+Hunter#as87Warlock,Warlock+Priest,Priest+Hunter,2,team1,kill,37.40
Warlock+Priest_vs_Priest+Hunter#as87Warlock,Warlock+Priest,Priest+Hunter,3,team1,kill,41.20
Warlock+Priest_vs_Priest+Hunter#as87Warlock,Warlock+Priest,Priest+Hunter,4,team1,kill,49.43
Warlock+Priest_vs_Priest+Hunter#as87Warlock,Warlock+Priest,Priest+Hunter,5,team1,kill,44.60
Warlock+Priest_vs_Warlock+Paladin#as87Warlock,Warlock+Priest,Warlock+Paladin,0,team2,kill,61.43
Warlock+Priest_vs_Warlock+Paladin#as87Warlock,Warlock+Priest,Warlock+Paladin,1,team1,kill,95.46
Warlock+Priest_vs_Warlock+Paladin#as87Warlock,Warlock+Priest,Warlock+Paladin,2,team1,kill,176.67
Warlock+Priest_vs_Warlock+Paladin#as87Warlock,Warlock+Priest,Warlock+Paladin,3,team1,kill,96.17
Warlock+Priest_vs_Warlock+Paladin#as87Warlock,Warlock+Priest,Warlock+Paladin,4,team2,kill,143.08
Warlock+Priest_vs_Warlock+Paladin#as87Warlock,Warlock+Priest,Warlock+Paladin,5,team2,kill,57.55
Warlock+Priest_vs_Warlock+Hunter#as87Warlock,Warlock+Priest,Warlock+Hunter,0,team1,kill,38.88
Warlock+Priest_vs_Warlock+Hunter#as87Warlock,Warlock+Priest,Warlock+Hunter,1,team1,kill,34.93
Warlock+Priest_vs_Warlock+Hunter#as87Warlock,Warlock+Priest,Warlock+Hunter,2,team1,kill,37.62
Warlock+Priest_vs_Warlock+Hunter#as87Warlock,Warlock+Priest,Warlock+Hunter,3,team1,kill,37.95
Warlock+Priest_vs_Warlock+Hunter#as87Warlock,Warlock+Priest,Warlock+Hunter,4,team1,kill,39.72
Warlock+Priest_vs_Warlock+Hunter#as87Warlock,Warlock+Priest,Warlock+Hunter,5,team1,kill,34.05
Warlock+Priest_vs_Warlock+Shaman#as87Warlock,Warlock+Priest,Warlock+Shaman,0,team1,kill,69.82
Warlock+Priest_vs_Warlock+Shaman#as87Warlock,Warlock+Priest,Warlock+Shaman,1,team2,kill,37.22
Warlock+Priest_vs_Warlock+Shaman#as87Warlock,Warlock+Priest,Warlock+Shaman,2,team1,kill,169.49
Warlock+Priest_vs_Warlock+Shaman#as87Warlock,Warlock+Priest,Warlock+Shaman,3,team2,kill,78.95
Warlock+Priest_vs_Warlock+Shaman#as87Warlock,Warlock+Priest,Warlock+Shaman,4,team1,kill,76.45
Warlock+Priest_vs_Warlock+Shaman#as87Warlock,Warlock+Priest,Warlock+Shaman,5,team1,kill,90.42
Warlock+Priest_vs_Paladin+Hunter#as87Warlock,Warlock+Priest,Paladin+Hunter,0,team1,kill,72.88
Warlock+Priest_vs_Paladin+Hunter#as87Warlock,Warlock+Priest,Paladin+Hunter,1,team1,kill,54.83
Warlock+Priest_vs_Paladin+Hunter#as87Warlock,Warlock+Priest,Paladin+Hunter,2,team2,kill,76.39
Warlock+Priest_vs_Paladin+Hunter#as87Warlock,Warlock+Priest,Paladin+Hunter,3,team2,kill,72.85
Warlock+Priest_vs_Paladin+Hunter#as87Warlock,Warlock+Priest,Paladin+Hunter,4,team2,kill,76.12
Warlock+Priest_vs_Paladin+Hunter#as87Warlock,Warlock+Priest,Paladin+Hunter,5,team1,kill,84.80
Warlock+Priest_vs_Hunter+Shaman#as87Warlock,Warlock+Priest,Hunter+Shaman,0,team1,kill,55.18
Warlock+Priest_vs_Hunter+Shaman#as87Warlock,Warlock+Priest,Hunter+Shaman,1,team1,kill,57.65
Warlock+Priest_vs_Hunter+Shaman#as87Warlock,Warlock+Priest,Hunter+Shaman,2,team1,kill,71.03
Warlock+Priest_vs_Hunter+Shaman#as87Warlock,Warlock+Priest,Hunter+Shaman,3,team1,kill,52.43
Warlock+Priest_vs_Hunter+Shaman#as87Warlock,Warlock+Priest,Hunter+Shaman,4,team1,kill,48.68
Warlock+Priest_vs_Hunter+Shaman#as87Warlock,Warlock+Priest,Hunter+Shaman,5,team1,kill,45.10
Warlock+Paladin_vs_Warrior+Mage#as87Warlock,Warlock+Paladin,Warrior+Mage,0,team1,kill,35.63
Warlock+Paladin_vs_Warrior+Mage#as87Warlock,Warlock+Paladin,Warrior+Mage,1,team1,kill,37.35
Warlock+Paladin_vs_Warrior+Mage#as87Warlock,Warlock+Paladin,Warrior+Mage,2,team1,kill,37.35
Warlock+Paladin_vs_Warrior+Mage#as87Warlock,Warlock+Paladin,Warrior+Mage,3,team1,kill,40.77
Warlock+Paladin_vs_Warrior+Mage#as87Warlock,Warlock+Paladin,Warrior+Mage,4,team1,kill,26.65
Warlock+Paladin_vs_Warrior+Mage#as87Warlock,Warlock+Paladin,Warrior+Mage,5,team1,kill,37.35
Warlock+Paladin_vs_Warrior+Rogue#as87Warlock,Warlock+Paladin,Warrior+Rogue,0,team1,kill,30.00
Warlock+Paladin_vs_Warrior+Rogue#as87Warlock,Warlock+Paladin,Warrior+Rogue,1,team1,kill,30.60
Warlock+Paladin_vs_Warrior+Rogue#as87Warlock,Warlock+Paladin,Warrior+Rogue,2,team1,kill,29.02
Warlock+Paladin_vs_Warrior+Rogue#as87Warlock,Warlock+Paladin,Warrior+Rogue,3,team1,kill,30.60
Warlock+Paladin_vs_Warrior+Rogue#as87Warlock,Warlock+Paladin,Warrior+Rogue,4,team1,kill,28.98
Warlock+Paladin_vs_Warrior+Rogue#as87Warlock,Warlock+Paladin,Warrior+Rogue,5,team1,kill,31.78
Warlock+Paladin_vs_Warrior+Priest#as87Warlock,Warlock+Paladin,Warrior+Priest,0,team2,kill,65.48
Warlock+Paladin_vs_Warrior+Priest#as87Warlock,Warlock+Paladin,Warrior+Priest,1,team2,kill,68.02
Warlock+Paladin_vs_Warrior+Priest#as87Warlock,Warlock+Paladin,Warrior+Priest,2,team1,kill,146.57
Warlock+Paladin_vs_Warrior+Priest#as87Warlock,Warlock+Paladin,Warrior+Priest,3,team2,kill,74.47
Warlock+Paladin_vs_Warrior+Priest#as87Warlock,Warlock+Paladin,Warrior+Priest,4,team2,kill,72.62
Warlock+Paladin_vs_Warrior+Priest#as87Warlock,Warlock+Paladin,Warrior+Priest,5,team2,kill,65.22
Warlock+Paladin_vs_Warrior+Warlock#as87Warlock,Warlock+Paladin,Warrior+Warlock,0,team1,kill,52.57
Warlock+Paladin_vs_Warrior+Warlock#as87Warlock,Warlock+Paladin,Warrior+Warlock,1,team1,kill,63.00
Warlock+Paladin_vs_Warrior+Warlock#as87Warlock,Warlock+Paladin,Warrior+Warlock,2,team1,kill,39.90
Warlock+Paladin_vs_Warrior+Warlock#as87Warlock,Warlock+Paladin,Warrior+Warlock,3,team1,kill,38.15
Warlock+Paladin_vs_Warrior+Warlock#as87Warlock,Warlock+Paladin,Warrior+Warlock,4,team1,kill,40.17
Warlock+Paladin_vs_Warrior+Warlock#as87Warlock,Warlock+Paladin,Warrior+Warlock,5,team1,kill,64.18
Warlock+Paladin_vs_Warrior+Paladin#as87Warlock,Warlock+Paladin,Warrior+Paladin,0,team1,kill,116.14
Warlock+Paladin_vs_Warrior+Paladin#as87Warlock,Warlock+Paladin,Warrior+Paladin,1,team2,kill,64.72
Warlock+Paladin_vs_Warrior+Paladin#as87Warlock,Warlock+Paladin,Warrior+Paladin,2,team1,kill,127.10
Warlock+Paladin_vs_Warrior+Paladin#as87Warlock,Warlock+Paladin,Warrior+Paladin,3,team1,kill,100.04
Warlock+Paladin_vs_Warrior+Paladin#as87Warlock,Warlock+Paladin,Warrior+Paladin,4,team2,kill,60.15
Warlock+Paladin_vs_Warrior+Paladin#as87Warlock,Warlock+Paladin,Warrior+Paladin,5,team1,kill,81.52
Warlock+Paladin_vs_Warrior+Hunter#as87Warlock,Warlock+Paladin,Warrior+Hunter,0,team1,kill,39.27
Warlock+Paladin_vs_Warrior+Hunter#as87Warlock,Warlock+Paladin,Warrior+Hunter,1,team1,kill,33.02
Warlock+Paladin_vs_Warrior+Hunter#as87Warlock,Warlock+Paladin,Warrior+Hunter,2,team1,kill,33.33
Warlock+Paladin_vs_Warrior+Hunter#as87Warlock,Warlock+Paladin,Warrior+Hunter,3,team1,kill,29.57
Warlock+Paladin_vs_Warrior+Hunter#as87Warlock,Warlock+Paladin,Warrior+Hunter,4,team1,kill,50.98
Warlock+Paladin_vs_Warrior+Hunter#as87Warlock,Warlock+Paladin,Warrior+Hunter,5,team1,kill,33.08
Warlock+Paladin_vs_Warrior+Shaman#as87Warlock,Warlock+Paladin,Warrior+Shaman,0,team2,kill,52.02
Warlock+Paladin_vs_Warrior+Shaman#as87Warlock,Warlock+Paladin,Warrior+Shaman,1,team1,kill,71.53
Warlock+Paladin_vs_Warrior+Shaman#as87Warlock,Warlock+Paladin,Warrior+Shaman,2,team1,kill,77.92
Warlock+Paladin_vs_Warrior+Shaman#as87Warlock,Warlock+Paladin,Warrior+Shaman,3,team1,kill,140.73
Warlock+Paladin_vs_Warrior+Shaman#as87Warlock,Warlock+Paladin,Warrior+Shaman,4,team2,kill,50.18
Warlock+Paladin_vs_Warrior+Shaman#as87Warlock,Warlock+Paladin,Warrior+Shaman,5,team2,kill,58.58
Warlock+Paladin_vs_Mage+Rogue#as87Warlock,Warlock+Paladin,Mage+Rogue,0,team1,kill,35.35
Warlock+Paladin_vs_Mage+Rogue#as87Warlock,Warlock+Paladin,Mage+Rogue,1,team2,kill,28.53
Warlock+Paladin_vs_Mage+Rogue#as87Warlock,Warlock+Paladin,Mage+Rogue,2,team2,kill,28.32
Warlock+Paladin_vs_Mage+Rogue#as87Warlock,Warlock+Paladin,Mage+Rogue,3,team2,kill,31.57
Warlock+Paladin_vs_Mage+Rogue#as87Warlock,Warlock+Paladin,Mage+Rogue,4,team2,kill,29.82
Warlock+Paladin_vs_Mage+Rogue#as87Warlock,Warlock+Paladin,Mage+Rogue,5,team2,kill,30.62
Warlock+Paladin_vs_Mage+Priest#as87Warlock,Warlock+Paladin,Mage+Priest,0,team1,kill,78.45
Warlock+Paladin_vs_Mage+Priest#as87Warlock,Warlock+Paladin,Mage+Priest,1,team1,kill,35.23
Warlock+Paladin_vs_Mage+Priest#as87Warlock,Warlock+Paladin,Mage+Priest,2,team1,kill,123.91
Warlock+Paladin_vs_Mage+Priest#as87Warlock,Warlock+Paladin,Mage+Priest,3,team1,kill,71.92
Warlock+Paladin_vs_Mage+Priest#as87Warlock,Warlock+Paladin,Mage+Priest,4,team1,kill,83.75
Warlock+Paladin_vs_Mage+Priest#as87Warlock,Warlock+Paladin,Mage+Priest,5,team1,kill,66.87
Warlock+Paladin_vs_Mage+Warlock#as87Warlock,Warlock+Paladin,Mage+Warlock,0,team2,kill,40.88
Warlock+Paladin_vs_Mage+Warlock#as87Warlock,Warlock+Paladin,Mage+Warlock,1,team2,kill,43.78
Warlock+Paladin_vs_Mage+Warlock#as87Warlock,Warlock+Paladin,Mage+Warlock,2,team2,kill,46.50
Warlock+Paladin_vs_Mage+Warlock#as87Warlock,Warlock+Paladin,Mage+Warlock,3,team2,kill,62.83
Warlock+Paladin_vs_Mage+Warlock#as87Warlock,Warlock+Paladin,Mage+Warlock,4,team2,kill,42.38
Warlock+Paladin_vs_Mage+Warlock#as87Warlock,Warlock+Paladin,Mage+Warlock,5,team2,kill,39.93
Warlock+Paladin_vs_Mage+Paladin#as87Warlock,Warlock+Paladin,Mage+Paladin,0,team2,kill,84.69
Warlock+Paladin_vs_Mage+Paladin#as87Warlock,Warlock+Paladin,Mage+Paladin,1,team1,kill,84.02
Warlock+Paladin_vs_Mage+Paladin#as87Warlock,Warlock+Paladin,Mage+Paladin,2,team2,kill,112.88
Warlock+Paladin_vs_Mage+Paladin#as87Warlock,Warlock+Paladin,Mage+Paladin,3,team1,kill,136.96
Warlock+Paladin_vs_Mage+Paladin#as87Warlock,Warlock+Paladin,Mage+Paladin,4,team1,kill,157.84
Warlock+Paladin_vs_Mage+Paladin#as87Warlock,Warlock+Paladin,Mage+Paladin,5,team1,kill,106.02
Warlock+Paladin_vs_Mage+Hunter#as87Warlock,Warlock+Paladin,Mage+Hunter,0,team1,kill,33.55
Warlock+Paladin_vs_Mage+Hunter#as87Warlock,Warlock+Paladin,Mage+Hunter,1,team1,kill,36.55
Warlock+Paladin_vs_Mage+Hunter#as87Warlock,Warlock+Paladin,Mage+Hunter,2,team1,kill,35.88
Warlock+Paladin_vs_Mage+Hunter#as87Warlock,Warlock+Paladin,Mage+Hunter,3,team1,kill,34.92
Warlock+Paladin_vs_Mage+Hunter#as87Warlock,Warlock+Paladin,Mage+Hunter,4,team1,kill,34.92
Warlock+Paladin_vs_Mage+Hunter#as87Warlock,Warlock+Paladin,Mage+Hunter,5,team1,kill,34.92
Warlock+Paladin_vs_Mage+Shaman#as87Warlock,Warlock+Paladin,Mage+Shaman,0,team1,kill,80.99
Warlock+Paladin_vs_Mage+Shaman#as87Warlock,Warlock+Paladin,Mage+Shaman,1,team2,kill,34.57
Warlock+Paladin_vs_Mage+Shaman#as87Warlock,Warlock+Paladin,Mage+Shaman,2,team2,kill,33.00
Warlock+Paladin_vs_Mage+Shaman#as87Warlock,Warlock+Paladin,Mage+Shaman,3,team2,kill,30.52
Warlock+Paladin_vs_Mage+Shaman#as87Warlock,Warlock+Paladin,Mage+Shaman,4,team2,kill,30.82
Warlock+Paladin_vs_Mage+Shaman#as87Warlock,Warlock+Paladin,Mage+Shaman,5,team2,kill,260.11
Warlock+Paladin_vs_Rogue+Priest#as87Warlock,Warlock+Paladin,Rogue+Priest,0,team2,kill,74.27
Warlock+Paladin_vs_Rogue+Priest#as87Warlock,Warlock+Paladin,Rogue+Priest,1,team2,kill,71.37
Warlock+Paladin_vs_Rogue+Priest#as87Warlock,Warlock+Paladin,Rogue+Priest,2,team2,kill,70.20
Warlock+Paladin_vs_Rogue+Priest#as87Warlock,Warlock+Paladin,Rogue+Priest,3,team2,kill,63.05
Warlock+Paladin_vs_Rogue+Priest#as87Warlock,Warlock+Paladin,Rogue+Priest,4,team2,kill,78.19
Warlock+Paladin_vs_Rogue+Priest#as87Warlock,Warlock+Paladin,Rogue+Priest,5,team2,kill,63.27
Warlock+Paladin_vs_Rogue+Warlock#as87Warlock,Warlock+Paladin,Rogue+Warlock,0,team2,kill,51.78
Warlock+Paladin_vs_Rogue+Warlock#as87Warlock,Warlock+Paladin,Rogue+Warlock,1,team2,kill,47.95
Warlock+Paladin_vs_Rogue+Warlock#as87Warlock,Warlock+Paladin,Rogue+Warlock,2,team2,kill,55.50
Warlock+Paladin_vs_Rogue+Warlock#as87Warlock,Warlock+Paladin,Rogue+Warlock,3,team2,kill,49.67
Warlock+Paladin_vs_Rogue+Warlock#as87Warlock,Warlock+Paladin,Rogue+Warlock,4,team2,kill,50.45
Warlock+Paladin_vs_Rogue+Warlock#as87Warlock,Warlock+Paladin,Rogue+Warlock,5,team2,kill,50.43
Warlock+Paladin_vs_Rogue+Paladin#as87Warlock,Warlock+Paladin,Rogue+Paladin,0,team2,kill,142.98
Warlock+Paladin_vs_Rogue+Paladin#as87Warlock,Warlock+Paladin,Rogue+Paladin,1,team2,kill,71.55
Warlock+Paladin_vs_Rogue+Paladin#as87Warlock,Warlock+Paladin,Rogue+Paladin,2,team2,kill,73.08
Warlock+Paladin_vs_Rogue+Paladin#as87Warlock,Warlock+Paladin,Rogue+Paladin,3,team2,kill,72.03
Warlock+Paladin_vs_Rogue+Paladin#as87Warlock,Warlock+Paladin,Rogue+Paladin,4,team2,kill,68.20
Warlock+Paladin_vs_Rogue+Paladin#as87Warlock,Warlock+Paladin,Rogue+Paladin,5,team2,kill,85.32
Warlock+Paladin_vs_Rogue+Hunter#as87Warlock,Warlock+Paladin,Rogue+Hunter,0,team1,kill,39.80
Warlock+Paladin_vs_Rogue+Hunter#as87Warlock,Warlock+Paladin,Rogue+Hunter,1,team1,kill,38.93
Warlock+Paladin_vs_Rogue+Hunter#as87Warlock,Warlock+Paladin,Rogue+Hunter,2,team1,kill,39.22
Warlock+Paladin_vs_Rogue+Hunter#as87Warlock,Warlock+Paladin,Rogue+Hunter,3,team1,kill,38.68
Warlock+Paladin_vs_Rogue+Hunter#as87Warlock,Warlock+Paladin,Rogue+Hunter,4,team1,kill,40.70
Warlock+Paladin_vs_Rogue+Hunter#as87Warlock,Warlock+Paladin,Rogue+Hunter,5,team1,kill,39.62
Warlock+Paladin_vs_Rogue+Shaman#as87Warlock,Warlock+Paladin,Rogue+Shaman,0,team2,kill,56.27
Warlock+Paladin_vs_Rogue+Shaman#as87Warlock,Warlock+Paladin,Rogue+Shaman,1,team2,kill,50.25
Warlock+Paladin_vs_Rogue+Shaman#as87Warlock,Warlock+Paladin,Rogue+Shaman,2,team2,kill,60.40
Warlock+Paladin_vs_Rogue+Shaman#as87Warlock,Warlock+Paladin,Rogue+Shaman,3,team2,kill,53.08
Warlock+Paladin_vs_Rogue+Shaman#as87Warlock,Warlock+Paladin,Rogue+Shaman,4,team2,kill,70.62
Warlock+Paladin_vs_Rogue+Shaman#as87Warlock,Warlock+Paladin,Rogue+Shaman,5,team2,kill,59.90
Warlock+Paladin_vs_Priest+Warlock#as87Warlock,Warlock+Paladin,Priest+Warlock,0,team1,kill,52.68
Warlock+Paladin_vs_Priest+Warlock#as87Warlock,Warlock+Paladin,Priest+Warlock,1,team1,kill,58.08
Warlock+Paladin_vs_Priest+Warlock#as87Warlock,Warlock+Paladin,Priest+Warlock,2,team1,kill,70.08
Warlock+Paladin_vs_Priest+Warlock#as87Warlock,Warlock+Paladin,Priest+Warlock,3,team2,kill,101.66
Warlock+Paladin_vs_Priest+Warlock#as87Warlock,Warlock+Paladin,Priest+Warlock,4,team2,kill,73.53
Warlock+Paladin_vs_Priest+Warlock#as87Warlock,Warlock+Paladin,Priest+Warlock,5,team1,kill,59.73
Warlock+Paladin_vs_Priest+Hunter#as87Warlock,Warlock+Paladin,Priest+Hunter,0,team1,kill,59.88
Warlock+Paladin_vs_Priest+Hunter#as87Warlock,Warlock+Paladin,Priest+Hunter,1,team1,kill,58.23
Warlock+Paladin_vs_Priest+Hunter#as87Warlock,Warlock+Paladin,Priest+Hunter,2,team1,kill,60.85
Warlock+Paladin_vs_Priest+Hunter#as87Warlock,Warlock+Paladin,Priest+Hunter,3,team1,kill,56.23
Warlock+Paladin_vs_Priest+Hunter#as87Warlock,Warlock+Paladin,Priest+Hunter,4,team1,kill,93.74
Warlock+Paladin_vs_Priest+Hunter#as87Warlock,Warlock+Paladin,Priest+Hunter,5,team1,kill,62.95
Warlock+Paladin_vs_Warlock+Paladin#as87Warlock,Warlock+Paladin,Warlock+Paladin,0,team2,kill,81.24
Warlock+Paladin_vs_Warlock+Paladin#as87Warlock,Warlock+Paladin,Warlock+Paladin,1,team1,kill,147.77
Warlock+Paladin_vs_Warlock+Paladin#as87Warlock,Warlock+Paladin,Warlock+Paladin,2,team1,kill,154.39
Warlock+Paladin_vs_Warlock+Paladin#as87Warlock,Warlock+Paladin,Warlock+Paladin,3,team2,kill,143.21
Warlock+Paladin_vs_Warlock+Paladin#as87Warlock,Warlock+Paladin,Warlock+Paladin,4,team1,kill,163.97
Warlock+Paladin_vs_Warlock+Paladin#as87Warlock,Warlock+Paladin,Warlock+Paladin,5,team2,kill,139.31
Warlock+Paladin_vs_Warlock+Hunter#as87Warlock,Warlock+Paladin,Warlock+Hunter,0,team1,kill,43.52
Warlock+Paladin_vs_Warlock+Hunter#as87Warlock,Warlock+Paladin,Warlock+Hunter,1,team1,kill,70.02
Warlock+Paladin_vs_Warlock+Hunter#as87Warlock,Warlock+Paladin,Warlock+Hunter,2,team1,kill,43.93
Warlock+Paladin_vs_Warlock+Hunter#as87Warlock,Warlock+Paladin,Warlock+Hunter,3,team1,kill,45.22
Warlock+Paladin_vs_Warlock+Hunter#as87Warlock,Warlock+Paladin,Warlock+Hunter,4,team1,kill,44.18
Warlock+Paladin_vs_Warlock+Hunter#as87Warlock,Warlock+Paladin,Warlock+Hunter,5,team1,kill,54.27
Warlock+Paladin_vs_Warlock+Shaman#as87Warlock,Warlock+Paladin,Warlock+Shaman,0,team1,kill,85.42
Warlock+Paladin_vs_Warlock+Shaman#as87Warlock,Warlock+Paladin,Warlock+Shaman,1,team2,kill,41.83
Warlock+Paladin_vs_Warlock+Shaman#as87Warlock,Warlock+Paladin,Warlock+Shaman,2,team2,kill,64.12
Warlock+Paladin_vs_Warlock+Shaman#as87Warlock,Warlock+Paladin,Warlock+Shaman,3,team1,kill,147.24
Warlock+Paladin_vs_Warlock+Shaman#as87Warlock,Warlock+Paladin,Warlock+Shaman,4,team2,kill,65.35
Warlock+Paladin_vs_Warlock+Shaman#as87Warlock,Warlock+Paladin,Warlock+Shaman,5,team1,kill,180.10
Warlock+Paladin_vs_Paladin+Hunter#as87Warlock,Warlock+Paladin,Paladin+Hunter,0,team1,kill,149.76
Warlock+Paladin_vs_Paladin+Hunter#as87Warlock,Warlock+Paladin,Paladin+Hunter,1,team1,kill,85.19
Warlock+Paladin_vs_Paladin+Hunter#as87Warlock,Warlock+Paladin,Paladin+Hunter,2,team2,kill,169.62
Warlock+Paladin_vs_Paladin+Hunter#as87Warlock,Warlock+Paladin,Paladin+Hunter,3,team1,kill,90.75
Warlock+Paladin_vs_Paladin+Hunter#as87Warlock,Warlock+Paladin,Paladin+Hunter,4,team1,kill,147.79
Warlock+Paladin_vs_Paladin+Hunter#as87Warlock,Warlock+Paladin,Paladin+Hunter,5,team1,kill,85.22
Warlock+Paladin_vs_Hunter+Shaman#as87Warlock,Warlock+Paladin,Hunter+Shaman,0,team1,kill,65.13
Warlock+Paladin_vs_Hunter+Shaman#as87Warlock,Warlock+Paladin,Hunter+Shaman,1,team1,kill,47.83
Warlock+Paladin_vs_Hunter+Shaman#as87Warlock,Warlock+Paladin,Hunter+Shaman,2,team1,kill,45.33
Warlock+Paladin_vs_Hunter+Shaman#as87Warlock,Warlock+Paladin,Hunter+Shaman,3,team1,kill,44.83
Warlock+Paladin_vs_Hunter+Shaman#as87Warlock,Warlock+Paladin,Hunter+Shaman,4,team1,kill,39.68
Warlock+Paladin_vs_Hunter+Shaman#as87Warlock,Warlock+Paladin,Hunter+Shaman,5,team1,kill,44.83
Warlock+Hunter_vs_Warrior+Mage#as87Warlock,Warlock+Hunter,Warrior+Mage,0,team2,kill,21.77
Warlock+Hunter_vs_Warrior+Mage#as87Warlock,Warlock+Hunter,Warrior+Mage,1,team2,kill,20.82
Warlock+Hunter_vs_Warrior+Mage#as87Warlock,Warlock+Hunter,Warrior+Mage,2,team2,kill,24.68
Warlock+Hunter_vs_Warrior+Mage#as87Warlock,Warlock+Hunter,Warrior+Mage,3,team2,kill,32.85
Warlock+Hunter_vs_Warrior+Mage#as87Warlock,Warlock+Hunter,Warrior+Mage,4,team2,kill,33.87
Warlock+Hunter_vs_Warrior+Mage#as87Warlock,Warlock+Hunter,Warrior+Mage,5,team2,kill,21.57
Warlock+Hunter_vs_Warrior+Rogue#as87Warlock,Warlock+Hunter,Warrior+Rogue,0,team1,kill,20.08
Warlock+Hunter_vs_Warrior+Rogue#as87Warlock,Warlock+Hunter,Warrior+Rogue,1,team1,kill,23.85
Warlock+Hunter_vs_Warrior+Rogue#as87Warlock,Warlock+Hunter,Warrior+Rogue,2,team1,kill,23.23
Warlock+Hunter_vs_Warrior+Rogue#as87Warlock,Warlock+Hunter,Warrior+Rogue,3,team1,kill,22.93
Warlock+Hunter_vs_Warrior+Rogue#as87Warlock,Warlock+Hunter,Warrior+Rogue,4,team1,kill,21.05
Warlock+Hunter_vs_Warrior+Rogue#as87Warlock,Warlock+Hunter,Warrior+Rogue,5,team1,kill,22.93
Warlock+Hunter_vs_Warrior+Priest#as87Warlock,Warlock+Hunter,Warrior+Priest,0,team1,kill,30.85
Warlock+Hunter_vs_Warrior+Priest#as87Warlock,Warlock+Hunter,Warrior+Priest,1,team2,kill,42.18
Warlock+Hunter_vs_Warrior+Priest#as87Warlock,Warlock+Hunter,Warrior+Priest,2,team2,kill,61.90
Warlock+Hunter_vs_Warrior+Priest#as87Warlock,Warlock+Hunter,Warrior+Priest,3,team2,kill,32.58
Warlock+Hunter_vs_Warrior+Priest#as87Warlock,Warlock+Hunter,Warrior+Priest,4,team2,kill,43.75
Warlock+Hunter_vs_Warrior+Priest#as87Warlock,Warlock+Hunter,Warrior+Priest,5,team2,kill,37.85
Warlock+Hunter_vs_Warrior+Warlock#as87Warlock,Warlock+Hunter,Warrior+Warlock,0,team1,kill,22.92
Warlock+Hunter_vs_Warrior+Warlock#as87Warlock,Warlock+Hunter,Warrior+Warlock,1,team2,kill,27.17
Warlock+Hunter_vs_Warrior+Warlock#as87Warlock,Warlock+Hunter,Warrior+Warlock,2,team1,kill,22.28
Warlock+Hunter_vs_Warrior+Warlock#as87Warlock,Warlock+Hunter,Warrior+Warlock,3,team2,kill,24.90
Warlock+Hunter_vs_Warrior+Warlock#as87Warlock,Warlock+Hunter,Warrior+Warlock,4,team1,kill,22.28
Warlock+Hunter_vs_Warrior+Warlock#as87Warlock,Warlock+Hunter,Warrior+Warlock,5,team1,kill,20.77
Warlock+Hunter_vs_Warrior+Paladin#as87Warlock,Warlock+Hunter,Warrior+Paladin,0,team2,kill,42.62
Warlock+Hunter_vs_Warrior+Paladin#as87Warlock,Warlock+Hunter,Warrior+Paladin,1,team2,kill,32.97
Warlock+Hunter_vs_Warrior+Paladin#as87Warlock,Warlock+Hunter,Warrior+Paladin,2,team2,kill,37.77
Warlock+Hunter_vs_Warrior+Paladin#as87Warlock,Warlock+Hunter,Warrior+Paladin,3,team1,kill,70.65
Warlock+Hunter_vs_Warrior+Paladin#as87Warlock,Warlock+Hunter,Warrior+Paladin,4,team2,kill,72.98
Warlock+Hunter_vs_Warrior+Paladin#as87Warlock,Warlock+Hunter,Warrior+Paladin,5,team2,kill,38.70
Warlock+Hunter_vs_Warrior+Hunter#as87Warlock,Warlock+Hunter,Warrior+Hunter,0,team1,kill,18.23
Warlock+Hunter_vs_Warrior+Hunter#as87Warlock,Warlock+Hunter,Warrior+Hunter,1,team1,kill,21.03
Warlock+Hunter_vs_Warrior+Hunter#as87Warlock,Warlock+Hunter,Warrior+Hunter,2,team1,kill,23.70
Warlock+Hunter_vs_Warrior+Hunter#as87Warlock,Warlock+Hunter,Warrior+Hunter,3,team2,kill,21.12
Warlock+Hunter_vs_Warrior+Hunter#as87Warlock,Warlock+Hunter,Warrior+Hunter,4,team1,kill,20.30
Warlock+Hunter_vs_Warrior+Hunter#as87Warlock,Warlock+Hunter,Warrior+Hunter,5,team1,kill,22.68
Warlock+Hunter_vs_Warrior+Shaman#as87Warlock,Warlock+Hunter,Warrior+Shaman,0,team2,kill,38.62
Warlock+Hunter_vs_Warrior+Shaman#as87Warlock,Warlock+Hunter,Warrior+Shaman,1,team2,kill,40.93
Warlock+Hunter_vs_Warrior+Shaman#as87Warlock,Warlock+Hunter,Warrior+Shaman,2,team2,kill,28.67
Warlock+Hunter_vs_Warrior+Shaman#as87Warlock,Warlock+Hunter,Warrior+Shaman,3,team2,kill,32.58
Warlock+Hunter_vs_Warrior+Shaman#as87Warlock,Warlock+Hunter,Warrior+Shaman,4,team2,kill,31.25
Warlock+Hunter_vs_Warrior+Shaman#as87Warlock,Warlock+Hunter,Warrior+Shaman,5,team2,kill,44.18
Warlock+Hunter_vs_Mage+Rogue#as87Warlock,Warlock+Hunter,Mage+Rogue,0,team2,kill,38.67
Warlock+Hunter_vs_Mage+Rogue#as87Warlock,Warlock+Hunter,Mage+Rogue,1,team2,kill,33.83
Warlock+Hunter_vs_Mage+Rogue#as87Warlock,Warlock+Hunter,Mage+Rogue,2,team1,kill,30.13
Warlock+Hunter_vs_Mage+Rogue#as87Warlock,Warlock+Hunter,Mage+Rogue,3,team1,kill,31.05
Warlock+Hunter_vs_Mage+Rogue#as87Warlock,Warlock+Hunter,Mage+Rogue,4,team1,kill,34.98
Warlock+Hunter_vs_Mage+Rogue#as87Warlock,Warlock+Hunter,Mage+Rogue,5,team1,kill,28.10
Warlock+Hunter_vs_Mage+Priest#as87Warlock,Warlock+Hunter,Mage+Priest,0,team2,kill,24.33
Warlock+Hunter_vs_Mage+Priest#as87Warlock,Warlock+Hunter,Mage+Priest,1,team2,kill,24.43
Warlock+Hunter_vs_Mage+Priest#as87Warlock,Warlock+Hunter,Mage+Priest,2,team2,kill,26.27
Warlock+Hunter_vs_Mage+Priest#as87Warlock,Warlock+Hunter,Mage+Priest,3,team2,kill,24.22
Warlock+Hunter_vs_Mage+Priest#as87Warlock,Warlock+Hunter,Mage+Priest,4,team2,kill,24.23
Warlock+Hunter_vs_Mage+Priest#as87Warlock,Warlock+Hunter,Mage+Priest,5,team2,kill,22.88
Warlock+Hunter_vs_Mage+Warlock#as87Warlock,Warlock+Hunter,Mage+Warlock,0,team2,kill,18.48
Warlock+Hunter_vs_Mage+Warlock#as87Warlock,Warlock+Hunter,Mage+Warlock,1,team2,kill,18.48
Warlock+Hunter_vs_Mage+Warlock#as87Warlock,Warlock+Hunter,Mage+Warlock,2,team2,kill,20.00
Warlock+Hunter_vs_Mage+Warlock#as87Warlock,Warlock+Hunter,Mage+Warlock,3,team2,kill,20.00
Warlock+Hunter_vs_Mage+Warlock#as87Warlock,Warlock+Hunter,Mage+Warlock,4,team2,kill,20.00
Warlock+Hunter_vs_Mage+Warlock#as87Warlock,Warlock+Hunter,Mage+Warlock,5,team1,kill,21.63
Warlock+Hunter_vs_Mage+Paladin#as87Warlock,Warlock+Hunter,Mage+Paladin,0,team2,kill,22.17
Warlock+Hunter_vs_Mage+Paladin#as87Warlock,Warlock+Hunter,Mage+Paladin,1,team2,kill,29.42
Warlock+Hunter_vs_Mage+Paladin#as87Warlock,Warlock+Hunter,Mage+Paladin,2,team2,kill,25.25
Warlock+Hunter_vs_Mage+Paladin#as87Warlock,Warlock+Hunter,Mage+Paladin,3,team2,kill,22.03
Warlock+Hunter_vs_Mage+Paladin#as87Warlock,Warlock+Hunter,Mage+Paladin,4,team2,kill,29.42
Warlock+Hunter_vs_Mage+Paladin#as87Warlock,Warlock+Hunter,Mage+Paladin,5,team2,kill,25.40
Warlock+Hunter_vs_Mage+Hunter#as87Warlock,Warlock+Hunter,Mage+Hunter,0,team2,kill,17.67
Warlock+Hunter_vs_Mage+Hunter#as87Warlock,Warlock+Hunter,Mage+Hunter,1,team2,kill,17.63
Warlock+Hunter_vs_Mage+Hunter#as87Warlock,Warlock+Hunter,Mage+Hunter,2,team2,kill,16.28
Warlock+Hunter_vs_Mage+Hunter#as87Warlock,Warlock+Hunter,Mage+Hunter,3,team2,kill,17.67
Warlock+Hunter_vs_Mage+Hunter#as87Warlock,Warlock+Hunter,Mage+Hunter,4,team2,kill,14.73
Warlock+Hunter_vs_Mage+Hunter#as87Warlock,Warlock+Hunter,Mage+Hunter,5,team2,kill,17.67
Warlock+Hunter_vs_Mage+Shaman#as87Warlock,Warlock+Hunter,Mage+Shaman,0,team2,kill,13.15
Warlock+Hunter_vs_Mage+Shaman#as87Warlock,Warlock+Hunter,Mage+Shaman,1,team2,kill,18.23
Warlock+Hunter_vs_Mage+Shaman#as87Warlock,Warlock+Hunter,Mage+Shaman,2,team2,kill,18.18
Warlock+Hunter_vs_Mage+Shaman#as87Warlock,Warlock+Hunter,Mage+Shaman,3,team2,kill,13.17
Warlock+Hunter_vs_Mage+Shaman#as87Warlock,Warlock+Hunter,Mage+Shaman,4,team2,kill,18.53
Warlock+Hunter_vs_Mage+Shaman#as87Warlock,Warlock+Hunter,Mage+Shaman,5,team2,kill,18.22
Warlock+Hunter_vs_Rogue+Priest#as87Warlock,Warlock+Hunter,Rogue+Priest,0,team2,kill,48.48
Warlock+Hunter_vs_Rogue+Priest#as87Warlock,Warlock+Hunter,Rogue+Priest,1,team2,kill,41.88
Warlock+Hunter_vs_Rogue+Priest#as87Warlock,Warlock+Hunter,Rogue+Priest,2,team2,kill,48.30
Warlock+Hunter_vs_Rogue+Priest#as87Warlock,Warlock+Hunter,Rogue+Priest,3,team2,kill,42.35
Warlock+Hunter_vs_Rogue+Priest#as87Warlock,Warlock+Hunter,Rogue+Priest,4,team2,kill,57.17
Warlock+Hunter_vs_Rogue+Priest#as87Warlock,Warlock+Hunter,Rogue+Priest,5,team2,kill,39.70
Warlock+Hunter_vs_Rogue+Warlock#as87Warlock,Warlock+Hunter,Rogue+Warlock,0,team1,kill,21.53
Warlock+Hunter_vs_Rogue+Warlock#as87Warlock,Warlock+Hunter,Rogue+Warlock,1,team1,kill,20.43
Warlock+Hunter_vs_Rogue+Warlock#as87Warlock,Warlock+Hunter,Rogue+Warlock,2,team1,kill,20.97
Warlock+Hunter_vs_Rogue+Warlock#as87Warlock,Warlock+Hunter,Rogue+Warlock,3,team1,kill,21.58
Warlock+Hunter_vs_Rogue+Warlock#as87Warlock,Warlock+Hunter,Rogue+Warlock,4,team1,kill,22.73
Warlock+Hunter_vs_Rogue+Warlock#as87Warlock,Warlock+Hunter,Rogue+Warlock,5,team1,kill,27.78
Warlock+Hunter_vs_Rogue+Paladin#as87Warlock,Warlock+Hunter,Rogue+Paladin,0,team2,kill,81.12
Warlock+Hunter_vs_Rogue+Paladin#as87Warlock,Warlock+Hunter,Rogue+Paladin,1,team2,kill,72.62
Warlock+Hunter_vs_Rogue+Paladin#as87Warlock,Warlock+Hunter,Rogue+Paladin,2,team2,kill,54.78
Warlock+Hunter_vs_Rogue+Paladin#as87Warlock,Warlock+Hunter,Rogue+Paladin,3,team2,kill,44.83
Warlock+Hunter_vs_Rogue+Paladin#as87Warlock,Warlock+Hunter,Rogue+Paladin,4,team2,kill,74.43
Warlock+Hunter_vs_Rogue+Paladin#as87Warlock,Warlock+Hunter,Rogue+Paladin,5,team2,kill,99.17
Warlock+Hunter_vs_Rogue+Hunter#as87Warlock,Warlock+Hunter,Rogue+Hunter,0,team1,kill,21.03
Warlock+Hunter_vs_Rogue+Hunter#as87Warlock,Warlock+Hunter,Rogue+Hunter,1,team1,kill,20.92
Warlock+Hunter_vs_Rogue+Hunter#as87Warlock,Warlock+Hunter,Rogue+Hunter,2,team1,kill,19.40
Warlock+Hunter_vs_Rogue+Hunter#as87Warlock,Warlock+Hunter,Rogue+Hunter,3,team1,kill,20.07
Warlock+Hunter_vs_Rogue+Hunter#as87Warlock,Warlock+Hunter,Rogue+Hunter,4,team1,kill,18.17
Warlock+Hunter_vs_Rogue+Hunter#as87Warlock,Warlock+Hunter,Rogue+Hunter,5,team1,kill,18.80
Warlock+Hunter_vs_Rogue+Shaman#as87Warlock,Warlock+Hunter,Rogue+Shaman,0,team2,kill,40.30
Warlock+Hunter_vs_Rogue+Shaman#as87Warlock,Warlock+Hunter,Rogue+Shaman,1,team1,kill,49.23
Warlock+Hunter_vs_Rogue+Shaman#as87Warlock,Warlock+Hunter,Rogue+Shaman,2,team1,kill,41.50
Warlock+Hunter_vs_Rogue+Shaman#as87Warlock,Warlock+Hunter,Rogue+Shaman,3,team2,kill,41.60
Warlock+Hunter_vs_Rogue+Shaman#as87Warlock,Warlock+Hunter,Rogue+Shaman,4,team2,kill,34.55
Warlock+Hunter_vs_Rogue+Shaman#as87Warlock,Warlock+Hunter,Rogue+Shaman,5,team1,kill,31.18
Warlock+Hunter_vs_Priest+Warlock#as87Warlock,Warlock+Hunter,Priest+Warlock,0,team2,kill,34.88
Warlock+Hunter_vs_Priest+Warlock#as87Warlock,Warlock+Hunter,Priest+Warlock,1,team1,kill,26.47
Warlock+Hunter_vs_Priest+Warlock#as87Warlock,Warlock+Hunter,Priest+Warlock,2,team2,kill,40.63
Warlock+Hunter_vs_Priest+Warlock#as87Warlock,Warlock+Hunter,Priest+Warlock,3,team1,kill,34.88
Warlock+Hunter_vs_Priest+Warlock#as87Warlock,Warlock+Hunter,Priest+Warlock,4,team1,kill,39.02
Warlock+Hunter_vs_Priest+Warlock#as87Warlock,Warlock+Hunter,Priest+Warlock,5,team1,kill,23.45
Warlock+Hunter_vs_Priest+Hunter#as87Warlock,Warlock+Hunter,Priest+Hunter,0,team2,kill,33.00
Warlock+Hunter_vs_Priest+Hunter#as87Warlock,Warlock+Hunter,Priest+Hunter,1,team2,kill,31.90
Warlock+Hunter_vs_Priest+Hunter#as87Warlock,Warlock+Hunter,Priest+Hunter,2,team2,kill,30.02
Warlock+Hunter_vs_Priest+Hunter#as87Warlock,Warlock+Hunter,Priest+Hunter,3,team2,kill,30.40
Warlock+Hunter_vs_Priest+Hunter#as87Warlock,Warlock+Hunter,Priest+Hunter,4,team2,kill,29.78
Warlock+Hunter_vs_Priest+Hunter#as87Warlock,Warlock+Hunter,Priest+Hunter,5,team2,kill,30.10
Warlock+Hunter_vs_Warlock+Paladin#as87Warlock,Warlock+Hunter,Warlock+Paladin,0,team2,kill,42.33
Warlock+Hunter_vs_Warlock+Paladin#as87Warlock,Warlock+Hunter,Warlock+Paladin,1,team2,kill,61.47
Warlock+Hunter_vs_Warlock+Paladin#as87Warlock,Warlock+Hunter,Warlock+Paladin,2,team2,kill,38.42
Warlock+Hunter_vs_Warlock+Paladin#as87Warlock,Warlock+Hunter,Warlock+Paladin,3,team2,kill,45.22
Warlock+Hunter_vs_Warlock+Paladin#as87Warlock,Warlock+Hunter,Warlock+Paladin,4,team2,kill,61.97
Warlock+Hunter_vs_Warlock+Paladin#as87Warlock,Warlock+Hunter,Warlock+Paladin,5,team2,kill,54.25
Warlock+Hunter_vs_Warlock+Hunter#as87Warlock,Warlock+Hunter,Warlock+Hunter,0,team1,kill,23.32
Warlock+Hunter_vs_Warlock+Hunter#as87Warlock,Warlock+Hunter,Warlock+Hunter,1,draw,kill,24.00
Warlock+Hunter_vs_Warlock+Hunter#as87Warlock,Warlock+Hunter,Warlock+Hunter,2,team1,kill,20.25
Warlock+Hunter_vs_Warlock+Hunter#as87Warlock,Warlock+Hunter,Warlock+Hunter,3,team2,kill,20.12
Warlock+Hunter_vs_Warlock+Hunter#as87Warlock,Warlock+Hunter,Warlock+Hunter,4,team2,kill,18.07
Warlock+Hunter_vs_Warlock+Hunter#as87Warlock,Warlock+Hunter,Warlock+Hunter,5,team2,kill,23.78
Warlock+Hunter_vs_Warlock+Shaman#as87Warlock,Warlock+Hunter,Warlock+Shaman,0,team2,kill,21.53
Warlock+Hunter_vs_Warlock+Shaman#as87Warlock,Warlock+Hunter,Warlock+Shaman,1,team2,kill,21.12
Warlock+Hunter_vs_Warlock+Shaman#as87Warlock,Warlock+Hunter,Warlock+Shaman,2,team2,kill,19.77
Warlock+Hunter_vs_Warlock+Shaman#as87Warlock,Warlock+Hunter,Warlock+Shaman,3,team2,kill,22.30
Warlock+Hunter_vs_Warlock+Shaman#as87Warlock,Warlock+Hunter,Warlock+Shaman,4,team2,kill,21.35
Warlock+Hunter_vs_Warlock+Shaman#as87Warlock,Warlock+Hunter,Warlock+Shaman,5,team2,kill,22.15
Warlock+Hunter_vs_Paladin+Hunter#as87Warlock,Warlock+Hunter,Paladin+Hunter,0,team2,kill,35.30
Warlock+Hunter_vs_Paladin+Hunter#as87Warlock,Warlock+Hunter,Paladin+Hunter,1,team1,kill,44.72
Warlock+Hunter_vs_Paladin+Hunter#as87Warlock,Warlock+Hunter,Paladin+Hunter,2,team2,kill,33.03
Warlock+Hunter_vs_Paladin+Hunter#as87Warlock,Warlock+Hunter,Paladin+Hunter,3,team2,kill,67.07
Warlock+Hunter_vs_Paladin+Hunter#as87Warlock,Warlock+Hunter,Paladin+Hunter,4,team2,kill,33.80
Warlock+Hunter_vs_Paladin+Hunter#as87Warlock,Warlock+Hunter,Paladin+Hunter,5,team2,kill,31.47
Warlock+Hunter_vs_Hunter+Shaman#as87Warlock,Warlock+Hunter,Hunter+Shaman,0,team1,kill,30.60
Warlock+Hunter_vs_Hunter+Shaman#as87Warlock,Warlock+Hunter,Hunter+Shaman,1,team2,kill,25.67
Warlock+Hunter_vs_Hunter+Shaman#as87Warlock,Warlock+Hunter,Hunter+Shaman,2,team2,kill,49.63
Warlock+Hunter_vs_Hunter+Shaman#as87Warlock,Warlock+Hunter,Hunter+Shaman,3,team2,kill,39.30
Warlock+Hunter_vs_Hunter+Shaman#as87Warlock,Warlock+Hunter,Hunter+Shaman,4,team2,kill,25.67
Warlock+Hunter_vs_Hunter+Shaman#as87Warlock,Warlock+Hunter,Hunter+Shaman,5,team2,kill,25.67
Warlock+Shaman_vs_Warrior+Mage#as87Warlock,Warlock+Shaman,Warrior+Mage,0,team1,kill,24.62
Warlock+Shaman_vs_Warrior+Mage#as87Warlock,Warlock+Shaman,Warrior+Mage,1,team1,kill,26.77
Warlock+Shaman_vs_Warrior+Mage#as87Warlock,Warlock+Shaman,Warrior+Mage,2,team2,kill,27.02
Warlock+Shaman_vs_Warrior+Mage#as87Warlock,Warlock+Shaman,Warrior+Mage,3,team1,kill,28.20
Warlock+Shaman_vs_Warrior+Mage#as87Warlock,Warlock+Shaman,Warrior+Mage,4,team1,kill,26.88
Warlock+Shaman_vs_Warrior+Mage#as87Warlock,Warlock+Shaman,Warrior+Mage,5,team2,kill,27.02
Warlock+Shaman_vs_Warrior+Rogue#as87Warlock,Warlock+Shaman,Warrior+Rogue,0,team1,kill,20.08
Warlock+Shaman_vs_Warrior+Rogue#as87Warlock,Warlock+Shaman,Warrior+Rogue,1,team1,kill,18.38
Warlock+Shaman_vs_Warrior+Rogue#as87Warlock,Warlock+Shaman,Warrior+Rogue,2,team1,kill,21.13
Warlock+Shaman_vs_Warrior+Rogue#as87Warlock,Warlock+Shaman,Warrior+Rogue,3,team1,kill,19.83
Warlock+Shaman_vs_Warrior+Rogue#as87Warlock,Warlock+Shaman,Warrior+Rogue,4,team1,kill,23.07
Warlock+Shaman_vs_Warrior+Rogue#as87Warlock,Warlock+Shaman,Warrior+Rogue,5,team1,kill,22.43
Warlock+Shaman_vs_Warrior+Priest#as87Warlock,Warlock+Shaman,Warrior+Priest,0,team1,kill,19.82
Warlock+Shaman_vs_Warrior+Priest#as87Warlock,Warlock+Shaman,Warrior+Priest,1,team2,kill,41.67
Warlock+Shaman_vs_Warrior+Priest#as87Warlock,Warlock+Shaman,Warrior+Priest,2,team2,kill,36.72
Warlock+Shaman_vs_Warrior+Priest#as87Warlock,Warlock+Shaman,Warrior+Priest,3,team1,kill,36.52
Warlock+Shaman_vs_Warrior+Priest#as87Warlock,Warlock+Shaman,Warrior+Priest,4,team2,kill,44.03
Warlock+Shaman_vs_Warrior+Priest#as87Warlock,Warlock+Shaman,Warrior+Priest,5,team2,kill,44.13
Warlock+Shaman_vs_Warrior+Warlock#as87Warlock,Warlock+Shaman,Warrior+Warlock,0,team1,kill,23.43
Warlock+Shaman_vs_Warrior+Warlock#as87Warlock,Warlock+Shaman,Warrior+Warlock,1,team2,kill,32.13
Warlock+Shaman_vs_Warrior+Warlock#as87Warlock,Warlock+Shaman,Warrior+Warlock,2,team1,kill,31.83
Warlock+Shaman_vs_Warrior+Warlock#as87Warlock,Warlock+Shaman,Warrior+Warlock,3,team1,kill,30.62
Warlock+Shaman_vs_Warrior+Warlock#as87Warlock,Warlock+Shaman,Warrior+Warlock,4,team1,kill,28.17
Warlock+Shaman_vs_Warrior+Warlock#as87Warlock,Warlock+Shaman,Warrior+Warlock,5,team1,kill,35.77
Warlock+Shaman_vs_Warrior+Paladin#as87Warlock,Warlock+Shaman,Warrior+Paladin,0,team2,kill,36.00
Warlock+Shaman_vs_Warrior+Paladin#as87Warlock,Warlock+Shaman,Warrior+Paladin,1,team1,kill,35.03
Warlock+Shaman_vs_Warrior+Paladin#as87Warlock,Warlock+Shaman,Warrior+Paladin,2,team1,kill,64.27
Warlock+Shaman_vs_Warrior+Paladin#as87Warlock,Warlock+Shaman,Warrior+Paladin,3,team1,kill,52.82
Warlock+Shaman_vs_Warrior+Paladin#as87Warlock,Warlock+Shaman,Warrior+Paladin,4,team1,kill,53.77
Warlock+Shaman_vs_Warrior+Paladin#as87Warlock,Warlock+Shaman,Warrior+Paladin,5,team1,kill,68.77
Warlock+Shaman_vs_Warrior+Hunter#as87Warlock,Warlock+Shaman,Warrior+Hunter,0,team1,kill,18.37
Warlock+Shaman_vs_Warrior+Hunter#as87Warlock,Warlock+Shaman,Warrior+Hunter,1,team1,kill,19.60
Warlock+Shaman_vs_Warrior+Hunter#as87Warlock,Warlock+Shaman,Warrior+Hunter,2,team1,kill,19.25
Warlock+Shaman_vs_Warrior+Hunter#as87Warlock,Warlock+Shaman,Warrior+Hunter,3,team1,kill,19.60
Warlock+Shaman_vs_Warrior+Hunter#as87Warlock,Warlock+Shaman,Warrior+Hunter,4,team1,kill,15.73
Warlock+Shaman_vs_Warrior+Hunter#as87Warlock,Warlock+Shaman,Warrior+Hunter,5,team1,kill,18.37
Warlock+Shaman_vs_Warrior+Shaman#as87Warlock,Warlock+Shaman,Warrior+Shaman,0,team2,kill,43.63
Warlock+Shaman_vs_Warrior+Shaman#as87Warlock,Warlock+Shaman,Warrior+Shaman,1,team2,kill,51.05
Warlock+Shaman_vs_Warrior+Shaman#as87Warlock,Warlock+Shaman,Warrior+Shaman,2,team2,kill,35.53
Warlock+Shaman_vs_Warrior+Shaman#as87Warlock,Warlock+Shaman,Warrior+Shaman,3,team1,kill,46.92
Warlock+Shaman_vs_Warrior+Shaman#as87Warlock,Warlock+Shaman,Warrior+Shaman,4,team1,kill,36.02
Warlock+Shaman_vs_Warrior+Shaman#as87Warlock,Warlock+Shaman,Warrior+Shaman,5,team2,kill,141.53
Warlock+Shaman_vs_Mage+Rogue#as87Warlock,Warlock+Shaman,Mage+Rogue,0,team2,kill,20.67
Warlock+Shaman_vs_Mage+Rogue#as87Warlock,Warlock+Shaman,Mage+Rogue,1,team2,kill,25.60
Warlock+Shaman_vs_Mage+Rogue#as87Warlock,Warlock+Shaman,Mage+Rogue,2,team2,kill,26.73
Warlock+Shaman_vs_Mage+Rogue#as87Warlock,Warlock+Shaman,Mage+Rogue,3,team2,kill,24.48
Warlock+Shaman_vs_Mage+Rogue#as87Warlock,Warlock+Shaman,Mage+Rogue,4,team2,kill,22.50
Warlock+Shaman_vs_Mage+Rogue#as87Warlock,Warlock+Shaman,Mage+Rogue,5,team2,kill,20.12
Warlock+Shaman_vs_Mage+Priest#as87Warlock,Warlock+Shaman,Mage+Priest,0,team1,kill,77.37
Warlock+Shaman_vs_Mage+Priest#as87Warlock,Warlock+Shaman,Mage+Priest,1,team2,kill,34.30
Warlock+Shaman_vs_Mage+Priest#as87Warlock,Warlock+Shaman,Mage+Priest,2,team2,kill,64.92
Warlock+Shaman_vs_Mage+Priest#as87Warlock,Warlock+Shaman,Mage+Priest,3,team2,kill,28.53
Warlock+Shaman_vs_Mage+Priest#as87Warlock,Warlock+Shaman,Mage+Priest,4,team2,kill,20.83
Warlock+Shaman_vs_Mage+Priest#as87Warlock,Warlock+Shaman,Mage+Priest,5,team2,kill,16.33
Warlock+Shaman_vs_Mage+Warlock#as87Warlock,Warlock+Shaman,Mage+Warlock,0,team2,kill,34.95
Warlock+Shaman_vs_Mage+Warlock#as87Warlock,Warlock+Shaman,Mage+Warlock,1,team2,kill,22.70
Warlock+Shaman_vs_Mage+Warlock#as87Warlock,Warlock+Shaman,Mage+Warlock,2,team2,kill,21.65
Warlock+Shaman_vs_Mage+Warlock#as87Warlock,Warlock+Shaman,Mage+Warlock,3,team2,kill,21.85
Warlock+Shaman_vs_Mage+Warlock#as87Warlock,Warlock+Shaman,Mage+Warlock,4,team2,kill,24.85
Warlock+Shaman_vs_Mage+Warlock#as87Warlock,Warlock+Shaman,Mage+Warlock,5,team2,kill,21.60
Warlock+Shaman_vs_Mage+Paladin#as87Warlock,Warlock+Shaman,Mage+Paladin,0,team2,kill,63.35
Warlock+Shaman_vs_Mage+Paladin#as87Warlock,Warlock+Shaman,Mage+Paladin,1,team2,kill,33.30
Warlock+Shaman_vs_Mage+Paladin#as87Warlock,Warlock+Shaman,Mage+Paladin,2,team2,kill,34.37
Warlock+Shaman_vs_Mage+Paladin#as87Warlock,Warlock+Shaman,Mage+Paladin,3,team2,kill,50.05
Warlock+Shaman_vs_Mage+Paladin#as87Warlock,Warlock+Shaman,Mage+Paladin,4,team2,kill,88.29
Warlock+Shaman_vs_Mage+Paladin#as87Warlock,Warlock+Shaman,Mage+Paladin,5,team1,kill,202.88
Warlock+Shaman_vs_Mage+Hunter#as87Warlock,Warlock+Shaman,Mage+Hunter,0,team1,kill,25.15
Warlock+Shaman_vs_Mage+Hunter#as87Warlock,Warlock+Shaman,Mage+Hunter,1,team1,kill,25.15
Warlock+Shaman_vs_Mage+Hunter#as87Warlock,Warlock+Shaman,Mage+Hunter,2,team1,kill,25.15
Warlock+Shaman_vs_Mage+Hunter#as87Warlock,Warlock+Shaman,Mage+Hunter,3,team1,kill,28.82
Warlock+Shaman_vs_Mage+Hunter#as87Warlock,Warlock+Shaman,Mage+Hunter,4,team1,kill,25.15
Warlock+Shaman_vs_Mage+Hunter#as87Warlock,Warlock+Shaman,Mage+Hunter,5,team1,kill,25.15
Warlock+Shaman_vs_Mage+Shaman#as87Warlock,Warlock+Shaman,Mage+Shaman,0,team2,kill,17.23
Warlock+Shaman_vs_Mage+Shaman#as87Warlock,Warlock+Shaman,Mage+Shaman,1,team2,kill,28.83
Warlock+Shaman_vs_Mage+Shaman#as87Warlock,Warlock+Shaman,Mage+Shaman,2,team2,kill,14.83
Warlock+Shaman_vs_Mage+Shaman#as87Warlock,Warlock+Shaman,Mage+Shaman,3,team2,kill,14.87
Warlock+Shaman_vs_Mage+Shaman#as87Warlock,Warlock+Shaman,Mage+Shaman,4,team2,kill,24.57
Warlock+Shaman_vs_Mage+Shaman#as87Warlock,Warlock+Shaman,Mage+Shaman,5,team2,kill,14.82
Warlock+Shaman_vs_Rogue+Priest#as87Warlock,Warlock+Shaman,Rogue+Priest,0,team2,kill,35.35
Warlock+Shaman_vs_Rogue+Priest#as87Warlock,Warlock+Shaman,Rogue+Priest,1,team2,kill,36.82
Warlock+Shaman_vs_Rogue+Priest#as87Warlock,Warlock+Shaman,Rogue+Priest,2,team2,kill,37.22
Warlock+Shaman_vs_Rogue+Priest#as87Warlock,Warlock+Shaman,Rogue+Priest,3,team2,kill,45.68
Warlock+Shaman_vs_Rogue+Priest#as87Warlock,Warlock+Shaman,Rogue+Priest,4,team2,kill,36.22
Warlock+Shaman_vs_Rogue+Priest#as87Warlock,Warlock+Shaman,Rogue+Priest,5,team2,kill,45.42
Warlock+Shaman_vs_Rogue+Warlock#as87Warlock,Warlock+Shaman,Rogue+Warlock,0,team1,kill,22.97
Warlock+Shaman_vs_Rogue+Warlock#as87Warlock,Warlock+Shaman,Rogue+Warlock,1,team1,kill,23.62
Warlock+Shaman_vs_Rogue+Warlock#as87Warlock,Warlock+Shaman,Rogue+Warlock,2,team1,kill,23.62
Warlock+Shaman_vs_Rogue+Warlock#as87Warlock,Warlock+Shaman,Rogue+Warlock,3,team1,kill,23.85
Warlock+Shaman_vs_Rogue+Warlock#as87Warlock,Warlock+Shaman,Rogue+Warlock,4,team1,kill,23.85
Warlock+Shaman_vs_Rogue+Warlock#as87Warlock,Warlock+Shaman,Rogue+Warlock,5,team1,kill,25.23
Warlock+Shaman_vs_Rogue+Paladin#as87Warlock,Warlock+Shaman,Rogue+Paladin,0,team1,kill,70.08
Warlock+Shaman_vs_Rogue+Paladin#as87Warlock,Warlock+Shaman,Rogue+Paladin,1,team1,kill,73.85
Warlock+Shaman_vs_Rogue+Paladin#as87Warlock,Warlock+Shaman,Rogue+Paladin,2,team1,kill,64.73
Warlock+Shaman_vs_Rogue+Paladin#as87Warlock,Warlock+Shaman,Rogue+Paladin,3,team2,kill,45.65
Warlock+Shaman_vs_Rogue+Paladin#as87Warlock,Warlock+Shaman,Rogue+Paladin,4,team1,kill,220.01
Warlock+Shaman_vs_Rogue+Paladin#as87Warlock,Warlock+Shaman,Rogue+Paladin,5,team2,kill,33.35
Warlock+Shaman_vs_Rogue+Hunter#as87Warlock,Warlock+Shaman,Rogue+Hunter,0,team1,kill,25.67
Warlock+Shaman_vs_Rogue+Hunter#as87Warlock,Warlock+Shaman,Rogue+Hunter,1,team1,kill,21.22
Warlock+Shaman_vs_Rogue+Hunter#as87Warlock,Warlock+Shaman,Rogue+Hunter,2,team1,kill,20.00
Warlock+Shaman_vs_Rogue+Hunter#as87Warlock,Warlock+Shaman,Rogue+Hunter,3,team1,kill,21.05
Warlock+Shaman_vs_Rogue+Hunter#as87Warlock,Warlock+Shaman,Rogue+Hunter,4,team1,kill,19.60
Warlock+Shaman_vs_Rogue+Hunter#as87Warlock,Warlock+Shaman,Rogue+Hunter,5,team1,kill,21.03
Warlock+Shaman_vs_Rogue+Shaman#as87Warlock,Warlock+Shaman,Rogue+Shaman,0,team2,kill,59.12
Warlock+Shaman_vs_Rogue+Shaman#as87Warlock,Warlock+Shaman,Rogue+Shaman,1,team2,kill,36.52
Warlock+Shaman_vs_Rogue+Shaman#as87Warlock,Warlock+Shaman,Rogue+Shaman,2,team2,kill,42.37
Warlock+Shaman_vs_Rogue+Shaman#as87Warlock,Warlock+Shaman,Rogue+Shaman,3,team1,kill,50.95
Warlock+Shaman_vs_Rogue+Shaman#as87Warlock,Warlock+Shaman,Rogue+Shaman,4,team2,kill,26.90
Warlock+Shaman_vs_Rogue+Shaman#as87Warlock,Warlock+Shaman,Rogue+Shaman,5,team2,kill,56.68
Warlock+Shaman_vs_Priest+Warlock#as87Warlock,Warlock+Shaman,Priest+Warlock,0,team1,kill,39.43
Warlock+Shaman_vs_Priest+Warlock#as87Warlock,Warlock+Shaman,Priest+Warlock,1,team1,kill,39.57
Warlock+Shaman_vs_Priest+Warlock#as87Warlock,Warlock+Shaman,Priest+Warlock,2,team2,kill,58.28
Warlock+Shaman_vs_Priest+Warlock#as87Warlock,Warlock+Shaman,Priest+Warlock,3,team1,kill,48.93
Warlock+Shaman_vs_Priest+Warlock#as87Warlock,Warlock+Shaman,Priest+Warlock,4,team1,kill,58.58
Warlock+Shaman_vs_Priest+Warlock#as87Warlock,Warlock+Shaman,Priest+Warlock,5,team1,kill,50.43
Warlock+Shaman_vs_Priest+Hunter#as87Warlock,Warlock+Shaman,Priest+Hunter,0,team1,kill,33.42
Warlock+Shaman_vs_Priest+Hunter#as87Warlock,Warlock+Shaman,Priest+Hunter,1,team1,kill,27.78
Warlock+Shaman_vs_Priest+Hunter#as87Warlock,Warlock+Shaman,Priest+Hunter,2,team1,kill,49.13
Warlock+Shaman_vs_Priest+Hunter#as87Warlock,Warlock+Shaman,Priest+Hunter,3,team1,kill,34.18
Warlock+Shaman_vs_Priest+Hunter#as87Warlock,Warlock+Shaman,Priest+Hunter,4,team1,kill,27.92
Warlock+Shaman_vs_Priest+Hunter#as87Warlock,Warlock+Shaman,Priest+Hunter,5,team1,kill,29.58
Warlock+Shaman_vs_Warlock+Paladin#as87Warlock,Warlock+Shaman,Warlock+Paladin,0,team2,kill,49.22
Warlock+Shaman_vs_Warlock+Paladin#as87Warlock,Warlock+Shaman,Warlock+Paladin,1,team1,kill,40.80
Warlock+Shaman_vs_Warlock+Paladin#as87Warlock,Warlock+Shaman,Warlock+Paladin,2,team1,kill,70.60
Warlock+Shaman_vs_Warlock+Paladin#as87Warlock,Warlock+Shaman,Warlock+Paladin,3,team1,kill,208.49
Warlock+Shaman_vs_Warlock+Paladin#as87Warlock,Warlock+Shaman,Warlock+Paladin,4,team2,kill,69.95
Warlock+Shaman_vs_Warlock+Paladin#as87Warlock,Warlock+Shaman,Warlock+Paladin,5,team1,kill,56.57
Warlock+Shaman_vs_Warlock+Hunter#as87Warlock,Warlock+Shaman,Warlock+Hunter,0,team1,kill,21.15
Warlock+Shaman_vs_Warlock+Hunter#as87Warlock,Warlock+Shaman,Warlock+Hunter,1,team1,kill,21.35
Warlock+Shaman_vs_Warlock+Hunter#as87Warlock,Warlock+Shaman,Warlock+Hunter,2,team1,kill,21.52
Warlock+Shaman_vs_Warlock+Hunter#as87Warlock,Warlock+Shaman,Warlock+Hunter,3,team1,kill,21.32
Warlock+Shaman_vs_Warlock+Hunter#as87Warlock,Warlock+Shaman,Warlock+Hunter,4,team1,kill,22.15
Warlock+Shaman_vs_Warlock+Hunter#as87Warlock,Warlock+Shaman,Warlock+Hunter,5,team1,kill,21.58
Warlock+Shaman_vs_Warlock+Shaman#as87Warlock,Warlock+Shaman,Warlock+Shaman,0,team1,kill,26.58
Warlock+Shaman_vs_Warlock+Shaman#as87Warlock,Warlock+Shaman,Warlock+Shaman,1,team1,kill,72.22
Warlock+Shaman_vs_Warlock+Shaman#as87Warlock,Warlock+Shaman,Warlock+Shaman,2,team2,kill,35.97
Warlock+Shaman_vs_Warlock+Shaman#as87Warlock,Warlock+Shaman,Warlock+Shaman,3,team1,kill,103.34
Warlock+Shaman_vs_Warlock+Shaman#as87Warlock,Warlock+Shaman,Warlock+Shaman,4,team1,kill,80.87
Warlock+Shaman_vs_Warlock+Shaman#as87Warlock,Warlock+Shaman,Warlock+Shaman,5,team1,kill,118.04
Warlock+Shaman_vs_Paladin+Hunter#as87Warlock,Warlock+Shaman,Paladin+Hunter,0,team1,kill,66.82
Warlock+Shaman_vs_Paladin+Hunter#as87Warlock,Warlock+Shaman,Paladin+Hunter,1,team1,kill,64.60
Warlock+Shaman_vs_Paladin+Hunter#as87Warlock,Warlock+Shaman,Paladin+Hunter,2,team1,kill,73.75
Warlock+Shaman_vs_Paladin+Hunter#as87Warlock,Warlock+Shaman,Paladin+Hunter,3,team1,kill,61.37
Warlock+Shaman_vs_Paladin+Hunter#as87Warlock,Warlock+Shaman,Paladin+Hunter,4,team1,kill,222.04
Warlock+Shaman_vs_Paladin+Hunter#as87Warlock,Warlock+Shaman,Paladin+Hunter,5,team1,kill,76.99
Warlock+Shaman_vs_Hunter+Shaman#as87Warlock,Warlock+Shaman,Hunter+Shaman,0,team1,kill,33.35
Warlock+Shaman_vs_Hunter+Shaman#as87Warlock,Warlock+Shaman,Hunter+Shaman,1,team1,kill,32.38
Warlock+Shaman_vs_Hunter+Shaman#as87Warlock,Warlock+Shaman,Hunter+Shaman,2,team1,kill,32.38
Warlock+Shaman_vs_Hunter+Shaman#as87Warlock,Warlock+Shaman,Hunter+Shaman,3,team1,kill,41.55
Warlock+Shaman_vs_Hunter+Shaman#as87Warlock,Warlock+Shaman,Hunter+Shaman,4,team1,kill,36.37
Warlock+Shaman_vs_Hunter+Shaman#as87Warlock,Warlock+Shaman,Hunter+Shaman,5,team1,kill,33.35
Priest+Warrior_vs_Warrior+Mage#as87Priest,Priest+Warrior,Warrior+Mage,0,team2,kill,19.07
Priest+Warrior_vs_Warrior+Mage#as87Priest,Priest+Warrior,Warrior+Mage,1,team2,kill,19.32
Priest+Warrior_vs_Warrior+Mage#as87Priest,Priest+Warrior,Warrior+Mage,2,team2,kill,19.20
Priest+Warrior_vs_Warrior+Mage#as87Priest,Priest+Warrior,Warrior+Mage,3,team2,kill,24.33
Priest+Warrior_vs_Warrior+Mage#as87Priest,Priest+Warrior,Warrior+Mage,4,team2,kill,33.02
Priest+Warrior_vs_Warrior+Mage#as87Priest,Priest+Warrior,Warrior+Mage,5,team2,kill,19.20
Priest+Warrior_vs_Warrior+Rogue#as87Priest,Priest+Warrior,Warrior+Rogue,0,team2,kill,25.40
Priest+Warrior_vs_Warrior+Rogue#as87Priest,Priest+Warrior,Warrior+Rogue,1,team2,kill,22.92
Priest+Warrior_vs_Warrior+Rogue#as87Priest,Priest+Warrior,Warrior+Rogue,2,team2,kill,20.18
Priest+Warrior_vs_Warrior+Rogue#as87Priest,Priest+Warrior,Warrior+Rogue,3,team2,kill,27.40
Priest+Warrior_vs_Warrior+Rogue#as87Priest,Priest+Warrior,Warrior+Rogue,4,team2,kill,22.92
Priest+Warrior_vs_Warrior+Rogue#as87Priest,Priest+Warrior,Warrior+Rogue,5,team2,kill,20.15
Priest+Warrior_vs_Warrior+Priest#as87Priest,Priest+Warrior,Warrior+Priest,0,team2,kill,42.68
Priest+Warrior_vs_Warrior+Priest#as87Priest,Priest+Warrior,Warrior+Priest,1,team1,kill,47.12
Priest+Warrior_vs_Warrior+Priest#as87Priest,Priest+Warrior,Warrior+Priest,2,team2,kill,35.62
Priest+Warrior_vs_Warrior+Priest#as87Priest,Priest+Warrior,Warrior+Priest,3,draw,kill,48.13
Priest+Warrior_vs_Warrior+Priest#as87Priest,Priest+Warrior,Warrior+Priest,4,team1,kill,41.18
Priest+Warrior_vs_Warrior+Priest#as87Priest,Priest+Warrior,Warrior+Priest,5,team1,kill,38.60
Priest+Warrior_vs_Warrior+Warlock#as87Priest,Priest+Warrior,Warrior+Warlock,0,team2,kill,27.42
Priest+Warrior_vs_Warrior+Warlock#as87Priest,Priest+Warrior,Warrior+Warlock,1,team2,kill,26.02
Priest+Warrior_vs_Warrior+Warlock#as87Priest,Priest+Warrior,Warrior+Warlock,2,team2,kill,28.23
Priest+Warrior_vs_Warrior+Warlock#as87Priest,Priest+Warrior,Warrior+Warlock,3,team2,kill,23.33
Priest+Warrior_vs_Warrior+Warlock#as87Priest,Priest+Warrior,Warrior+Warlock,4,team2,kill,30.92
Priest+Warrior_vs_Warrior+Warlock#as87Priest,Priest+Warrior,Warrior+Warlock,5,team1,kill,28.43
Priest+Warrior_vs_Warrior+Paladin#as87Priest,Priest+Warrior,Warrior+Paladin,0,team2,kill,27.65
Priest+Warrior_vs_Warrior+Paladin#as87Priest,Priest+Warrior,Warrior+Paladin,1,team2,kill,27.43
Priest+Warrior_vs_Warrior+Paladin#as87Priest,Priest+Warrior,Warrior+Paladin,2,team2,kill,27.68
Priest+Warrior_vs_Warrior+Paladin#as87Priest,Priest+Warrior,Warrior+Paladin,3,team2,kill,28.55
Priest+Warrior_vs_Warrior+Paladin#as87Priest,Priest+Warrior,Warrior+Paladin,4,team2,kill,26.17
Priest+Warrior_vs_Warrior+Paladin#as87Priest,Priest+Warrior,Warrior+Paladin,5,team2,kill,27.68
Priest+Warrior_vs_Warrior+Hunter#as87Priest,Priest+Warrior,Warrior+Hunter,0,team2,kill,34.55
Priest+Warrior_vs_Warrior+Hunter#as87Priest,Priest+Warrior,Warrior+Hunter,1,team2,kill,36.37
Priest+Warrior_vs_Warrior+Hunter#as87Priest,Priest+Warrior,Warrior+Hunter,2,team2,kill,36.37
Priest+Warrior_vs_Warrior+Hunter#as87Priest,Priest+Warrior,Warrior+Hunter,3,team2,kill,37.48
Priest+Warrior_vs_Warrior+Hunter#as87Priest,Priest+Warrior,Warrior+Hunter,4,team2,kill,40.83
Priest+Warrior_vs_Warrior+Hunter#as87Priest,Priest+Warrior,Warrior+Hunter,5,team2,kill,38.55
Priest+Warrior_vs_Warrior+Shaman#as87Priest,Priest+Warrior,Warrior+Shaman,0,team2,kill,26.73
Priest+Warrior_vs_Warrior+Shaman#as87Priest,Priest+Warrior,Warrior+Shaman,1,team2,kill,25.20
Priest+Warrior_vs_Warrior+Shaman#as87Priest,Priest+Warrior,Warrior+Shaman,2,team2,kill,20.83
Priest+Warrior_vs_Warrior+Shaman#as87Priest,Priest+Warrior,Warrior+Shaman,3,team2,kill,24.60
Priest+Warrior_vs_Warrior+Shaman#as87Priest,Priest+Warrior,Warrior+Shaman,4,team2,kill,29.85
Priest+Warrior_vs_Warrior+Shaman#as87Priest,Priest+Warrior,Warrior+Shaman,5,team2,kill,20.83
Priest+Warrior_vs_Mage+Rogue#as87Priest,Priest+Warrior,Mage+Rogue,0,team2,kill,42.82
Priest+Warrior_vs_Mage+Rogue#as87Priest,Priest+Warrior,Mage+Rogue,1,team2,kill,34.30
Priest+Warrior_vs_Mage+Rogue#as87Priest,Priest+Warrior,Mage+Rogue,2,team2,kill,43.48
Priest+Warrior_vs_Mage+Rogue#as87Priest,Priest+Warrior,Mage+Rogue,3,team2,kill,39.20
Priest+Warrior_vs_Mage+Rogue#as87Priest,Priest+Warrior,Mage+Rogue,4,team2,kill,33.43
Priest+Warrior_vs_Mage+Rogue#as87Priest,Priest+Warrior,Mage+Rogue,5,team2,kill,35.32
Priest+Warrior_vs_Mage+Priest#as87Priest,Priest+Warrior,Mage+Priest,0,team1,kill,52.73
Priest+Warrior_vs_Mage+Priest#as87Priest,Priest+Warrior,Mage+Priest,1,team2,kill,24.30
Priest+Warrior_vs_Mage+Priest#as87Priest,Priest+Warrior,Mage+Priest,2,team1,kill,56.82
Priest+Warrior_vs_Mage+Priest#as87Priest,Priest+Warrior,Mage+Priest,3,team1,kill,48.07
Priest+Warrior_vs_Mage+Priest#as87Priest,Priest+Warrior,Mage+Priest,4,team1,kill,54.60
Priest+Warrior_vs_Mage+Priest#as87Priest,Priest+Warrior,Mage+Priest,5,team1,kill,49.52
Priest+Warrior_vs_Mage+Warlock#as87Priest,Priest+Warrior,Mage+Warlock,0,team2,kill,19.33
Priest+Warrior_vs_Mage+Warlock#as87Priest,Priest+Warrior,Mage+Warlock,1,team2,kill,17.75
Priest+Warrior_vs_Mage+Warlock#as87Priest,Priest+Warrior,Mage+Warlock,2,team2,kill,18.12
Priest+Warrior_vs_Mage+Warlock#as87Priest,Priest+Warrior,Mage+Warlock,3,team2,kill,18.08
Priest+Warrior_vs_Mage+Warlock#as87Priest,Priest+Warrior,Mage+Warlock,4,team2,kill,16.63
Priest+Warrior_vs_Mage+Warlock#as87Priest,Priest+Warrior,Mage+Warlock,5,team2,kill,18.12
Priest+Warrior_vs_Mage+Paladin#as87Priest,Priest+Warrior,Mage+Paladin,0,team1,kill,82.04
Priest+Warrior_vs_Mage+Paladin#as87Priest,Priest+Warrior,Mage+Paladin,1,team1,kill,66.02
Priest+Warrior_vs_Mage+Paladin#as87Priest,Priest+Warrior,Mage+Paladin,2,team1,kill,68.12
Priest+Warrior_vs_Mage+Paladin#as87Priest,Priest+Warrior,Mage+Paladin,3,team1,kill,76.05
Priest+Warrior_vs_Mage+Paladin#as87Priest,Priest+Warrior,Mage+Paladin,4,team2,kill,54.92
Priest+Warrior_vs_Mage+Paladin#as87Priest,Priest+Warrior,Mage+Paladin,5,team1,kill,74.30
Priest+Warrior_vs_Mage+Hunter#as87Priest,Priest+Warrior,Mage+Hunter,0,team2,kill,36.25
Priest+Warrior_vs_Mage+Hunter#as87Priest,Priest+Warrior,Mage+Hunter,1,team2,kill,45.13
Priest+Warrior_vs_Mage+Hunter#as87Priest,Priest+Warrior,Mage+Hunter,2,team2,kill,44.68
Priest+Warrior_vs_Mage+Hunter#as87Priest,Priest+Warrior,Mage+Hunter,3,team2,kill,26.72
Priest+Warrior_vs_Mage+Hunter#as87Priest,Priest+Warrior,Mage+Hunter,4,team2,kill,39.60
Priest+Warrior_vs_Mage+Hunter#as87Priest,Priest+Warrior,Mage+Hunter,5,team2,kill,48.50
Priest+Warrior_vs_Mage+Shaman#as87Priest,Priest+Warrior,Mage+Shaman,0,team2,kill,24.87
Priest+Warrior_vs_Mage+Shaman#as87Priest,Priest+Warrior,Mage+Shaman,1,team2,kill,19.60
Priest+Warrior_vs_Mage+Shaman#as87Priest,Priest+Warrior,Mage+Shaman,2,team2,kill,27.33
Priest+Warrior_vs_Mage+Shaman#as87Priest,Priest+Warrior,Mage+Shaman,3,team2,kill,19.60
Priest+Warrior_vs_Mage+Shaman#as87Priest,Priest+Warrior,Mage+Shaman,4,team2,kill,15.80
Priest+Warrior_vs_Mage+Shaman#as87Priest,Priest+Warrior,Mage+Shaman,5,team2,kill,19.78
Priest+Warrior_vs_Rogue+Priest#as87Priest,Priest+Warrior,Rogue+Priest,0,team2,kill,32.60
Priest+Warrior_vs_Rogue+Priest#as87Priest,Priest+Warrior,Rogue+Priest,1,team2,kill,30.40
Priest+Warrior_vs_Rogue+Priest#as87Priest,Priest+Warrior,Rogue+Priest,2,team2,kill,31.02
Priest+Warrior_vs_Rogue+Priest#as87Priest,Priest+Warrior,Rogue+Priest,3,team2,kill,29.73
Priest+Warrior_vs_Rogue+Priest#as87Priest,Priest+Warrior,Rogue+Priest,4,team2,kill,30.35
Priest+Warrior_vs_Rogue+Priest#as87Priest,Priest+Warrior,Rogue+Priest,5,team2,kill,34.22
Priest+Warrior_vs_Rogue+Warlock#as87Priest,Priest+Warrior,Rogue+Warlock,0,team2,kill,27.40
Priest+Warrior_vs_Rogue+Warlock#as87Priest,Priest+Warrior,Rogue+Warlock,1,team2,kill,22.15
Priest+Warrior_vs_Rogue+Warlock#as87Priest,Priest+Warrior,Rogue+Warlock,2,team2,kill,22.30
Priest+Warrior_vs_Rogue+Warlock#as87Priest,Priest+Warrior,Rogue+Warlock,3,team2,kill,22.28
Priest+Warrior_vs_Rogue+Warlock#as87Priest,Priest+Warrior,Rogue+Warlock,4,team2,kill,24.48
Priest+Warrior_vs_Rogue+Warlock#as87Priest,Priest+Warrior,Rogue+Warlock,5,team2,kill,25.22
Priest+Warrior_vs_Rogue+Paladin#as87Priest,Priest+Warrior,Rogue+Paladin,0,team2,kill,29.98
Priest+Warrior_vs_Rogue+Paladin#as87Priest,Priest+Warrior,Rogue+Paladin,1,team2,kill,32.07
Priest+Warrior_vs_Rogue+Paladin#as87Priest,Priest+Warrior,Rogue+Paladin,2,team2,kill,35.53
Priest+Warrior_vs_Rogue+Paladin#as87Priest,Priest+Warrior,Rogue+Paladin,3,team1,kill,52.87
Priest+Warrior_vs_Rogue+Paladin#as87Priest,Priest+Warrior,Rogue+Paladin,4,team2,kill,32.68
Priest+Warrior_vs_Rogue+Paladin#as87Priest,Priest+Warrior,Rogue+Paladin,5,team2,kill,33.53
Priest+Warrior_vs_Rogue+Hunter#as87Priest,Priest+Warrior,Rogue+Hunter,0,team2,kill,31.20
Priest+Warrior_vs_Rogue+Hunter#as87Priest,Priest+Warrior,Rogue+Hunter,1,team2,kill,28.78
Priest+Warrior_vs_Rogue+Hunter#as87Priest,Priest+Warrior,Rogue+Hunter,2,team2,kill,28.63
Priest+Warrior_vs_Rogue+Hunter#as87Priest,Priest+Warrior,Rogue+Hunter,3,team2,kill,30.30
Priest+Warrior_vs_Rogue+Hunter#as87Priest,Priest+Warrior,Rogue+Hunter,4,team2,kill,31.20
Priest+Warrior_vs_Rogue+Hunter#as87Priest,Priest+Warrior,Rogue+Hunter,5,team2,kill,33.47
Priest+Warrior_vs_Rogue+Shaman#as87Priest,Priest+Warrior,Rogue+Shaman,0,team2,kill,24.62
Priest+Warrior_vs_Rogue+Shaman#as87Priest,Priest+Warrior,Rogue+Shaman,1,team2,kill,25.10
Priest+Warrior_vs_Rogue+Shaman#as87Priest,Priest+Warrior,Rogue+Shaman,2,team2,kill,25.25
Priest+Warrior_vs_Rogue+Shaman#as87Priest,Priest+Warrior,Rogue+Shaman,3,team2,kill,25.10
Priest+Warrior_vs_Rogue+Shaman#as87Priest,Priest+Warrior,Rogue+Shaman,4,team2,kill,24.62
Priest+Warrior_vs_Rogue+Shaman#as87Priest,Priest+Warrior,Rogue+Shaman,5,team2,kill,24.62
Priest+Warrior_vs_Priest+Warlock#as87Priest,Priest+Warrior,Priest+Warlock,0,team1,kill,42.18
Priest+Warrior_vs_Priest+Warlock#as87Priest,Priest+Warrior,Priest+Warlock,1,team1,kill,39.55
Priest+Warrior_vs_Priest+Warlock#as87Priest,Priest+Warrior,Priest+Warlock,2,team1,kill,48.33
Priest+Warrior_vs_Priest+Warlock#as87Priest,Priest+Warrior,Priest+Warlock,3,team1,kill,45.53
Priest+Warrior_vs_Priest+Warlock#as87Priest,Priest+Warrior,Priest+Warlock,4,team1,kill,47.42
Priest+Warrior_vs_Priest+Warlock#as87Priest,Priest+Warrior,Priest+Warlock,5,team1,kill,50.22
Priest+Warrior_vs_Priest+Hunter#as87Priest,Priest+Warrior,Priest+Hunter,0,team2,kill,58.83
Priest+Warrior_vs_Priest+Hunter#as87Priest,Priest+Warrior,Priest+Hunter,1,team2,kill,59.92
Priest+Warrior_vs_Priest+Hunter#as87Priest,Priest+Warrior,Priest+Hunter,2,team2,kill,68.95
Priest+Warrior_vs_Priest+Hunter#as87Priest,Priest+Warrior,Priest+Hunter,3,team2,kill,70.37
Priest+Warrior_vs_Priest+Hunter#as87Priest,Priest+Warrior,Priest+Hunter,4,team2,kill,67.25
Priest+Warrior_vs_Priest+Hunter#as87Priest,Priest+Warrior,Priest+Hunter,5,team2,kill,55.70
Priest+Warrior_vs_Warlock+Paladin#as87Priest,Priest+Warrior,Warlock+Paladin,0,team1,kill,74.37
Priest+Warrior_vs_Warlock+Paladin#as87Priest,Priest+Warrior,Warlock+Paladin,1,team1,kill,61.58
Priest+Warrior_vs_Warlock+Paladin#as87Priest,Priest+Warrior,Warlock+Paladin,2,team1,kill,63.87
Priest+Warrior_vs_Warlock+Paladin#as87Priest,Priest+Warrior,Warlock+Paladin,3,team1,kill,64.18
Priest+Warrior_vs_Warlock+Paladin#as87Priest,Priest+Warrior,Warlock+Paladin,4,team1,kill,49.20
Priest+Warrior_vs_Warlock+Paladin#as87Priest,Priest+Warrior,Warlock+Paladin,5,team1,kill,72.48
Priest+Warrior_vs_Warlock+Hunter#as87Priest,Priest+Warrior,Warlock+Hunter,0,team2,kill,45.37
Priest+Warrior_vs_Warlock+Hunter#as87Priest,Priest+Warrior,Warlock+Hunter,1,team2,kill,50.18
Priest+Warrior_vs_Warlock+Hunter#as87Priest,Priest+Warrior,Warlock+Hunter,2,team2,kill,56.48
Priest+Warrior_vs_Warlock+Hunter#as87Priest,Priest+Warrior,Warlock+Hunter,3,team2,kill,55.67
Priest+Warrior_vs_Warlock+Hunter#as87Priest,Priest+Warrior,Warlock+Hunter,4,team2,kill,51.92
Priest+Warrior_vs_Warlock+Hunter#as87Priest,Priest+Warrior,Warlock+Hunter,5,team2,kill,56.15
Priest+Warrior_vs_Warlock+Shaman#as87Priest,Priest+Warrior,Warlock+Shaman,0,team2,kill,23.58
Priest+Warrior_vs_Warlock+Shaman#as87Priest,Priest+Warrior,Warlock+Shaman,1,team2,kill,23.57
Priest+Warrior_vs_Warlock+Shaman#as87Priest,Priest+Warrior,Warlock+Shaman,2,team2,kill,25.08
Priest+Warrior_vs_Warlock+Shaman#as87Priest,Priest+Warrior,Warlock+Shaman,3,team2,kill,52.73
Priest+Warrior_vs_Warlock+Shaman#as87Priest,Priest+Warrior,Warlock+Shaman,4,team2,kill,22.85
Priest+Warrior_vs_Warlock+Shaman#as87Priest,Priest+Warrior,Warlock+Shaman,5,team2,kill,25.08
Priest+Warrior_vs_Paladin+Hunter#as87Priest,Priest+Warrior,Paladin+Hunter,0,team2,kill,73.93
Priest+Warrior_vs_Paladin+Hunter#as87Priest,Priest+Warrior,Paladin+Hunter,1,team1,kill,104.57
Priest+Warrior_vs_Paladin+Hunter#as87Priest,Priest+Warrior,Paladin+Hunter,2,team2,kill,63.62
Priest+Warrior_vs_Paladin+Hunter#as87Priest,Priest+Warrior,Paladin+Hunter,3,team2,kill,88.69
Priest+Warrior_vs_Paladin+Hunter#as87Priest,Priest+Warrior,Paladin+Hunter,4,team2,kill,83.32
Priest+Warrior_vs_Paladin+Hunter#as87Priest,Priest+Warrior,Paladin+Hunter,5,team2,kill,91.29
Priest+Warrior_vs_Hunter+Shaman#as87Priest,Priest+Warrior,Hunter+Shaman,0,team1,kill,61.22
Priest+Warrior_vs_Hunter+Shaman#as87Priest,Priest+Warrior,Hunter+Shaman,1,team1,kill,63.07
Priest+Warrior_vs_Hunter+Shaman#as87Priest,Priest+Warrior,Hunter+Shaman,2,team1,kill,60.08
Priest+Warrior_vs_Hunter+Shaman#as87Priest,Priest+Warrior,Hunter+Shaman,3,team1,kill,61.93
Priest+Warrior_vs_Hunter+Shaman#as87Priest,Priest+Warrior,Hunter+Shaman,4,team1,kill,61.38
Priest+Warrior_vs_Hunter+Shaman#as87Priest,Priest+Warrior,Hunter+Shaman,5,team1,kill,82.75
Priest+Mage_vs_Warrior+Mage#as87Priest,Priest+Mage,Warrior+Mage,0,team1,kill,23.58
Priest+Mage_vs_Warrior+Mage#as87Priest,Priest+Mage,Warrior+Mage,1,team1,kill,27.95
Priest+Mage_vs_Warrior+Mage#as87Priest,Priest+Mage,Warrior+Mage,2,team1,kill,23.58
Priest+Mage_vs_Warrior+Mage#as87Priest,Priest+Mage,Warrior+Mage,3,team1,kill,19.22
Priest+Mage_vs_Warrior+Mage#as87Priest,Priest+Mage,Warrior+Mage,4,team1,kill,19.37
Priest+Mage_vs_Warrior+Mage#as87Priest,Priest+Mage,Warrior+Mage,5,team1,kill,23.58
Priest+Mage_vs_Warrior+Rogue#as87Priest,Priest+Mage,Warrior+Rogue,0,team1,kill,30.35
Priest+Mage_vs_Warrior+Rogue#as87Priest,Priest+Mage,Warrior+Rogue,1,team1,kill,27.33
Priest+Mage_vs_Warrior+Rogue#as87Priest,Priest+Mage,Warrior+Rogue,2,team1,kill,28.85
Priest+Mage_vs_Warrior+Rogue#as87Priest,Priest+Mage,Warrior+Rogue,3,team1,kill,28.85
Priest+Mage_vs_Warrior+Rogue#as87Priest,Priest+Mage,Warrior+Rogue,4,team1,kill,26.23
Priest+Mage_vs_Warrior+Rogue#as87Priest,Priest+Mage,Warrior+Rogue,5,team1,kill,28.85
Priest+Mage_vs_Warrior+Priest#as87Priest,Priest+Mage,Warrior+Priest,0,team2,kill,49.95
Priest+Mage_vs_Warrior+Priest#as87Priest,Priest+Mage,Warrior+Priest,1,team2,kill,46.93
Priest+Mage_vs_Warrior+Priest#as87Priest,Priest+Mage,Warrior+Priest,2,team2,kill,51.42
Priest+Mage_vs_Warrior+Priest#as87Priest,Priest+Mage,Warrior+Priest,3,team2,kill,52.48
Priest+Mage_vs_Warrior+Priest#as87Priest,Priest+Mage,Warrior+Priest,4,team2,kill,52.48
Priest+Mage_vs_Warrior+Priest#as87Priest,Priest+Mage,Warrior+Priest,5,team2,kill,46.00
Priest+Mage_vs_Warrior+Warlock#as87Priest,Priest+Mage,Warrior+Warlock,0,team1,kill,26.10
Priest+Mage_vs_Warrior+Warlock#as87Priest,Priest+Mage,Warrior+Warlock,1,team1,kill,24.17
Priest+Mage_vs_Warrior+Warlock#as87Priest,Priest+Mage,Warrior+Warlock,2,team1,kill,24.98
Priest+Mage_vs_Warrior+Warlock#as87Priest,Priest+Mage,Warrior+Warlock,3,team1,kill,26.22
Priest+Mage_vs_Warrior+Warlock#as87Priest,Priest+Mage,Warrior+Warlock,4,team1,kill,25.88
Priest+Mage_vs_Warrior+Warlock#as87Priest,Priest+Mage,Warrior+Warlock,5,team1,kill,24.38
Priest+Mage_vs_Warrior+Paladin#as87Priest,Priest+Mage,Warrior+Paladin,0,team2,kill,32.23
Priest+Mage_vs_Warrior+Paladin#as87Priest,Priest+Mage,Warrior+Paladin,1,team2,kill,73.80
Priest+Mage_vs_Warrior+Paladin#as87Priest,Priest+Mage,Warrior+Paladin,2,team2,kill,33.48
Priest+Mage_vs_Warrior+Paladin#as87Priest,Priest+Mage,Warrior+Paladin,3,team2,kill,33.28
Priest+Mage_vs_Warrior+Paladin#as87Priest,Priest+Mage,Warrior+Paladin,4,team2,kill,31.77
Priest+Mage_vs_Warrior+Paladin#as87Priest,Priest+Mage,Warrior+Paladin,5,team2,kill,31.82
Priest+Mage_vs_Warrior+Hunter#as87Priest,Priest+Mage,Warrior+Hunter,0,team1,kill,22.37
Priest+Mage_vs_Warrior+Hunter#as87Priest,Priest+Mage,Warrior+Hunter,1,team1,kill,22.52
Priest+Mage_vs_Warrior+Hunter#as87Priest,Priest+Mage,Warrior+Hunter,2,team1,kill,28.23
Priest+Mage_vs_Warrior+Hunter#as87Priest,Priest+Mage,Warrior+Hunter,3,team1,kill,24.13
Priest+Mage_vs_Warrior+Hunter#as87Priest,Priest+Mage,Warrior+Hunter,4,team1,kill,25.58
Priest+Mage_vs_Warrior+Hunter#as87Priest,Priest+Mage,Warrior+Hunter,5,team1,kill,15.90
Priest+Mage_vs_Warrior+Shaman#as87Priest,Priest+Mage,Warrior+Shaman,0,team1,kill,26.30
Priest+Mage_vs_Warrior+Shaman#as87Priest,Priest+Mage,Warrior+Shaman,1,team1,kill,25.23
Priest+Mage_vs_Warrior+Shaman#as87Priest,Priest+Mage,Warrior+Shaman,2,team1,kill,26.32
Priest+Mage_vs_Warrior+Shaman#as87Priest,Priest+Mage,Warrior+Shaman,3,team1,kill,26.32
Priest+Mage_vs_Warrior+Shaman#as87Priest,Priest+Mage,Warrior+Shaman,4,team1,kill,26.33
Priest+Mage_vs_Warrior+Shaman#as87Priest,Priest+Mage,Warrior+Shaman,5,team1,kill,24.80
Priest+Mage_vs_Mage+Rogue#as87Priest,Priest+Mage,Mage+Rogue,0,team2,kill,35.15
Priest+Mage_vs_Mage+Rogue#as87Priest,Priest+Mage,Mage+Rogue,1,team1,kill,25.82
Priest+Mage_vs_Mage+Rogue#as87Priest,Priest+Mage,Mage+Rogue,2,team1,kill,25.25
Priest+Mage_vs_Mage+Rogue#as87Priest,Priest+Mage,Mage+Rogue,3,team2,kill,33.98
Priest+Mage_vs_Mage+Rogue#as87Priest,Priest+Mage,Mage+Rogue,4,team2,kill,30.70
Priest+Mage_vs_Mage+Rogue#as87Priest,Priest+Mage,Mage+Rogue,5,team2,kill,32.02
Priest+Mage_vs_Mage+Priest#as87Priest,Priest+Mage,Mage+Priest,0,team1,kill,31.73
Priest+Mage_vs_Mage+Priest#as87Priest,Priest+Mage,Mage+Priest,1,team2,kill,51.77
Priest+Mage_vs_Mage+Priest#as87Priest,Priest+Mage,Mage+Priest,2,team1,kill,44.97
Priest+Mage_vs_Mage+Priest#as87Priest,Priest+Mage,Mage+Priest,3,team1,kill,44.97
Priest+Mage_vs_Mage+Priest#as87Priest,Priest+Mage,Mage+Priest,4,team2,kill,54.97
Priest+Mage_vs_Mage+Priest#as87Priest,Priest+Mage,Mage+Priest,5,team2,kill,44.97
Priest+Mage_vs_Mage+Warlock#as87Priest,Priest+Mage,Mage+Warlock,0,team2,kill,22.55
Priest+Mage_vs_Mage+Warlock#as87Priest,Priest+Mage,Mage+Warlock,1,team2,kill,18.03
Priest+Mage_vs_Mage+Warlock#as87Priest,Priest+Mage,Mage+Warlock,2,team2,kill,21.45
Priest+Mage_vs_Mage+Warlock#as87Priest,Priest+Mage,Mage+Warlock,3,team2,kill,21.30
Priest+Mage_vs_Mage+Warlock#as87Priest,Priest+Mage,Mage+Warlock,4,team2,kill,19.55
Priest+Mage_vs_Mage+Warlock#as87Priest,Priest+Mage,Mage+Warlock,5,team2,kill,21.05
Priest+Mage_vs_Mage+Paladin#as87Priest,Priest+Mage,Mage+Paladin,0,team2,kill,23.97
Priest+Mage_vs_Mage+Paladin#as87Priest,Priest+Mage,Mage+Paladin,1,team2,kill,22.37
Priest+Mage_vs_Mage+Paladin#as87Priest,Priest+Mage,Mage+Paladin,2,team2,kill,22.37
Priest+Mage_vs_Mage+Paladin#as87Priest,Priest+Mage,Mage+Paladin,3,team2,kill,22.37
Priest+Mage_vs_Mage+Paladin#as87Priest,Priest+Mage,Mage+Paladin,4,team2,kill,22.37
Priest+Mage_vs_Mage+Paladin#as87Priest,Priest+Mage,Mage+Paladin,5,team2,kill,23.97
Priest+Mage_vs_Mage+Hunter#as87Priest,Priest+Mage,Mage+Hunter,0,team1,kill,17.38
Priest+Mage_vs_Mage+Hunter#as87Priest,Priest+Mage,Mage+Hunter,1,team1,kill,18.47
Priest+Mage_vs_Mage+Hunter#as87Priest,Priest+Mage,Mage+Hunter,2,team1,kill,20.07
Priest+Mage_vs_Mage+Hunter#as87Priest,Priest+Mage,Mage+Hunter,3,team1,kill,18.55
Priest+Mage_vs_Mage+Hunter#as87Priest,Priest+Mage,Mage+Hunter,4,team1,kill,17.58
Priest+Mage_vs_Mage+Hunter#as87Priest,Priest+Mage,Mage+Hunter,5,team1,kill,20.07
Priest+Mage_vs_Mage+Shaman#as87Priest,Priest+Mage,Mage+Shaman,0,team1,kill,27.25
Priest+Mage_vs_Mage+Shaman#as87Priest,Priest+Mage,Mage+Shaman,1,team1,kill,24.27
Priest+Mage_vs_Mage+Shaman#as87Priest,Priest+Mage,Mage+Shaman,2,team1,kill,25.73
Priest+Mage_vs_Mage+Shaman#as87Priest,Priest+Mage,Mage+Shaman,3,team1,kill,25.73
Priest+Mage_vs_Mage+Shaman#as87Priest,Priest+Mage,Mage+Shaman,4,team1,kill,21.23
Priest+Mage_vs_Mage+Shaman#as87Priest,Priest+Mage,Mage+Shaman,5,team1,kill,21.23
Priest+Mage_vs_Rogue+Priest#as87Priest,Priest+Mage,Rogue+Priest,0,team2,kill,38.78
Priest+Mage_vs_Rogue+Priest#as87Priest,Priest+Mage,Rogue+Priest,1,team1,kill,36.10
Priest+Mage_vs_Rogue+Priest#as87Priest,Priest+Mage,Rogue+Priest,2,team1,kill,43.12
Priest+Mage_vs_Rogue+Priest#as87Priest,Priest+Mage,Rogue+Priest,3,team1,kill,42.47
Priest+Mage_vs_Rogue+Priest#as87Priest,Priest+Mage,Rogue+Priest,4,team2,kill,32.90
Priest+Mage_vs_Rogue+Priest#as87Priest,Priest+Mage,Rogue+Priest,5,team1,kill,42.47
Priest+Mage_vs_Rogue+Warlock#as87Priest,Priest+Mage,Rogue+Warlock,0,team1,kill,17.17
Priest+Mage_vs_Rogue+Warlock#as87Priest,Priest+Mage,Rogue+Warlock,1,team1,kill,20.50
Priest+Mage_vs_Rogue+Warlock#as87Priest,Priest+Mage,Rogue+Warlock,2,team1,kill,20.33
Priest+Mage_vs_Rogue+Warlock#as87Priest,Priest+Mage,Rogue+Warlock,3,team1,kill,20.37
Priest+Mage_vs_Rogue+Warlock#as87Priest,Priest+Mage,Rogue+Warlock,4,team1,kill,20.22
Priest+Mage_vs_Rogue+Warlock#as87Priest,Priest+Mage,Rogue+Warlock,5,team1,kill,18.80
Priest+Mage_vs_Rogue+Paladin#as87Priest,Priest+Mage,Rogue+Paladin,0,team1,kill,54.17
Priest+Mage_vs_Rogue+Paladin#as87Priest,Priest+Mage,Rogue+Paladin,1,team2,kill,35.82
Priest+Mage_vs_Rogue+Paladin#as87Priest,Priest+Mage,Rogue+Paladin,2,team2,kill,37.82
Priest+Mage_vs_Rogue+Paladin#as87Priest,Priest+Mage,Rogue+Paladin,3,team2,kill,38.43
Priest+Mage_vs_Rogue+Paladin#as87Priest,Priest+Mage,Rogue+Paladin,4,team1,kill,55.67
Priest+Mage_vs_Rogue+Paladin#as87Priest,Priest+Mage,Rogue+Paladin,5,team2,kill,37.43
Priest+Mage_vs_Rogue+Hunter#as87Priest,Priest+Mage,Rogue+Hunter,0,team1,kill,17.03
Priest+Mage_vs_Rogue+Hunter#as87Priest,Priest+Mage,Rogue+Hunter,1,team1,kill,18.12
Priest+Mage_vs_Rogue+Hunter#as87Priest,Priest+Mage,Rogue+Hunter,2,team1,kill,17.03
Priest+Mage_vs_Rogue+Hunter#as87Priest,Priest+Mage,Rogue+Hunter,3,team1,kill,18.12
Priest+Mage_vs_Rogue+Hunter#as87Priest,Priest+Mage,Rogue+Hunter,4,team1,kill,18.12
Priest+Mage_vs_Rogue+Hunter#as87Priest,Priest+Mage,Rogue+Hunter,5,team1,kill,17.03
Priest+Mage_vs_Rogue+Shaman#as87Priest,Priest+Mage,Rogue+Shaman,0,team2,kill,27.58
Priest+Mage_vs_Rogue+Shaman#as87Priest,Priest+Mage,Rogue+Shaman,1,team1,kill,50.77
Priest+Mage_vs_Rogue+Shaman#as87Priest,Priest+Mage,Rogue+Shaman,2,team1,kill,40.47
Priest+Mage_vs_Rogue+Shaman#as87Priest,Priest+Mage,Rogue+Shaman,3,team2,kill,25.92
Priest+Mage_vs_Rogue+Shaman#as87Priest,Priest+Mage,Rogue+Shaman,4,team1,kill,39.35
Priest+Mage_vs_Rogue+Shaman#as87Priest,Priest+Mage,Rogue+Shaman,5,team1,kill,45.10
Priest+Mage_vs_Priest+Warlock#as87Priest,Priest+Mage,Priest+Warlock,0,team2,kill,59.47
Priest+Mage_vs_Priest+Warlock#as87Priest,Priest+Mage,Priest+Warlock,1,team2,kill,74.50
Priest+Mage_vs_Priest+Warlock#as87Priest,Priest+Mage,Priest+Warlock,2,team2,kill,60.78
Priest+Mage_vs_Priest+Warlock#as87Priest,Priest+Mage,Priest+Warlock,3,team1,kill,62.18
Priest+Mage_vs_Priest+Warlock#as87Priest,Priest+Mage,Priest+Warlock,4,team2,kill,76.42
Priest+Mage_vs_Priest+Warlock#as87Priest,Priest+Mage,Priest+Warlock,5,team1,kill,60.28
Priest+Mage_vs_Priest+Hunter#as87Priest,Priest+Mage,Priest+Hunter,0,team1,kill,36.68
Priest+Mage_vs_Priest+Hunter#as87Priest,Priest+Mage,Priest+Hunter,1,team1,kill,54.77
Priest+Mage_vs_Priest+Hunter#as87Priest,Priest+Mage,Priest+Hunter,2,team1,kill,35.12
Priest+Mage_vs_Priest+Hunter#as87Priest,Priest+Mage,Priest+Hunter,3,team1,kill,72.93
Priest+Mage_vs_Priest+Hunter#as87Priest,Priest+Mage,Priest+Hunter,4,team1,kill,54.87
Priest+Mage_vs_Priest+Hunter#as87Priest,Priest+Mage,Priest+Hunter,5,team1,kill,40.13
Priest+Mage_vs_Warlock+Paladin#as87Priest,Priest+Mage,Warlock+Paladin,0,team1,kill,94.56
Priest+Mage_vs_Warlock+Paladin#as87Priest,Priest+Mage,Warlock+Paladin,1,team2,kill,44.58
Priest+Mage_vs_Warlock+Paladin#as87Priest,Priest+Mage,Warlock+Paladin,2,team2,kill,40.52
Priest+Mage_vs_Warlock+Paladin#as87Priest,Priest+Mage,Warlock+Paladin,3,team2,kill,43.82
Priest+Mage_vs_Warlock+Paladin#as87Priest,Priest+Mage,Warlock+Paladin,4,team2,kill,45.02
Priest+Mage_vs_Warlock+Paladin#as87Priest,Priest+Mage,Warlock+Paladin,5,team2,kill,42.48
Priest+Mage_vs_Warlock+Hunter#as87Priest,Priest+Mage,Warlock+Hunter,0,team1,kill,27.33
Priest+Mage_vs_Warlock+Hunter#as87Priest,Priest+Mage,Warlock+Hunter,1,team1,kill,25.72
Priest+Mage_vs_Warlock+Hunter#as87Priest,Priest+Mage,Warlock+Hunter,2,team1,kill,37.05
Priest+Mage_vs_Warlock+Hunter#as87Priest,Priest+Mage,Warlock+Hunter,3,team1,kill,29.13
Priest+Mage_vs_Warlock+Hunter#as87Priest,Priest+Mage,Warlock+Hunter,4,team1,kill,25.77
Priest+Mage_vs_Warlock+Hunter#as87Priest,Priest+Mage,Warlock+Hunter,5,team1,kill,27.23
Priest+Mage_vs_Warlock+Shaman#as87Priest,Priest+Mage,Warlock+Shaman,0,team1,kill,26.80
Priest+Mage_vs_Warlock+Shaman#as87Priest,Priest+Mage,Warlock+Shaman,1,team1,kill,25.70
Priest+Mage_vs_Warlock+Shaman#as87Priest,Priest+Mage,Warlock+Shaman,2,team1,kill,19.00
Priest+Mage_vs_Warlock+Shaman#as87Priest,Priest+Mage,Warlock+Shaman,3,team1,kill,25.78
Priest+Mage_vs_Warlock+Shaman#as87Priest,Priest+Mage,Warlock+Shaman,4,team1,kill,26.78
Priest+Mage_vs_Warlock+Shaman#as87Priest,Priest+Mage,Warlock+Shaman,5,team1,kill,26.68
Priest+Mage_vs_Paladin+Hunter#as87Priest,Priest+Mage,Paladin+Hunter,0,team1,kill,56.10
Priest+Mage_vs_Paladin+Hunter#as87Priest,Priest+Mage,Paladin+Hunter,1,team1,kill,74.87
Priest+Mage_vs_Paladin+Hunter#as87Priest,Priest+Mage,Paladin+Hunter,2,team1,kill,74.72
Priest+Mage_vs_Paladin+Hunter#as87Priest,Priest+Mage,Paladin+Hunter,3,team1,kill,74.73
Priest+Mage_vs_Paladin+Hunter#as87Priest,Priest+Mage,Paladin+Hunter,4,team1,kill,46.33
Priest+Mage_vs_Paladin+Hunter#as87Priest,Priest+Mage,Paladin+Hunter,5,team1,kill,74.72
Priest+Mage_vs_Hunter+Shaman#as87Priest,Priest+Mage,Hunter+Shaman,0,team1,kill,24.28
Priest+Mage_vs_Hunter+Shaman#as87Priest,Priest+Mage,Hunter+Shaman,1,team1,kill,25.50
Priest+Mage_vs_Hunter+Shaman#as87Priest,Priest+Mage,Hunter+Shaman,2,team1,kill,24.28
Priest+Mage_vs_Hunter+Shaman#as87Priest,Priest+Mage,Hunter+Shaman,3,team1,kill,24.05
Priest+Mage_vs_Hunter+Shaman#as87Priest,Priest+Mage,Hunter+Shaman,4,team1,kill,54.68
Priest+Mage_vs_Hunter+Shaman#as87Priest,Priest+Mage,Hunter+Shaman,5,team1,kill,22.53
Priest+Rogue_vs_Warrior+Mage#as87Priest,Priest+Rogue,Warrior+Mage,0,team2,kill,18.87
Priest+Rogue_vs_Warrior+Mage#as87Priest,Priest+Rogue,Warrior+Mage,1,team2,kill,23.62
Priest+Rogue_vs_Warrior+Mage#as87Priest,Priest+Rogue,Warrior+Mage,2,team2,kill,24.90
Priest+Rogue_vs_Warrior+Mage#as87Priest,Priest+Rogue,Warrior+Mage,3,team2,kill,25.82
Priest+Rogue_vs_Warrior+Mage#as87Priest,Priest+Rogue,Warrior+Mage,4,team2,kill,25.37
Priest+Rogue_vs_Warrior+Mage#as87Priest,Priest+Rogue,Warrior+Mage,5,team2,kill,25.67
Priest+Rogue_vs_Warrior+Rogue#as87Priest,Priest+Rogue,Warrior+Rogue,0,team1,kill,24.85
Priest+Rogue_vs_Warrior+Rogue#as87Priest,Priest+Rogue,Warrior+Rogue,1,team2,kill,25.88
Priest+Rogue_vs_Warrior+Rogue#as87Priest,Priest+Rogue,Warrior+Rogue,2,team2,kill,24.78
Priest+Rogue_vs_Warrior+Rogue#as87Priest,Priest+Rogue,Warrior+Rogue,3,team2,kill,25.88
Priest+Rogue_vs_Warrior+Rogue#as87Priest,Priest+Rogue,Warrior+Rogue,4,team2,kill,22.78
Priest+Rogue_vs_Warrior+Rogue#as87Priest,Priest+Rogue,Warrior+Rogue,5,team2,kill,24.78
Priest+Rogue_vs_Warrior+Priest#as87Priest,Priest+Rogue,Warrior+Priest,0,team2,kill,32.12
Priest+Rogue_vs_Warrior+Priest#as87Priest,Priest+Rogue,Warrior+Priest,1,team2,kill,32.40
Priest+Rogue_vs_Warrior+Priest#as87Priest,Priest+Rogue,Warrior+Priest,2,team1,kill,31.28
Priest+Rogue_vs_Warrior+Priest#as87Priest,Priest+Rogue,Warrior+Priest,3,team1,kill,30.40
Priest+Rogue_vs_Warrior+Priest#as87Priest,Priest+Rogue,Warrior+Priest,4,team2,kill,25.92
Priest+Rogue_vs_Warrior+Priest#as87Priest,Priest+Rogue,Warrior+Priest,5,team1,kill,32.85
Priest+Rogue_vs_Warrior+Warlock#as87Priest,Priest+Rogue,Warrior+Warlock,0,team1,kill,25.97
Priest+Rogue_vs_Warrior+Warlock#as87Priest,Priest+Rogue,Warrior+Warlock,1,team1,kill,26.10
Priest+Rogue_vs_Warrior+Warlock#as87Priest,Priest+Rogue,Warrior+Warlock,2,team1,kill,27.97
Priest+Rogue_vs_Warrior+Warlock#as87Priest,Priest+Rogue,Warrior+Warlock,3,team1,kill,28.73
Priest+Rogue_vs_Warrior+Warlock#as87Priest,Priest+Rogue,Warrior+Warlock,4,team1,kill,26.70
Priest+Rogue_vs_Warrior+Warlock#as87Priest,Priest+Rogue,Warrior+Warlock,5,team1,kill,28.05
Priest+Rogue_vs_Warrior+Paladin#as87Priest,Priest+Rogue,Warrior+Paladin,0,team2,kill,39.63
Priest+Rogue_vs_Warrior+Paladin#as87Priest,Priest+Rogue,Warrior+Paladin,1,team1,kill,64.58
Priest+Rogue_vs_Warrior+Paladin#as87Priest,Priest+Rogue,Warrior+Paladin,2,team1,kill,64.00
Priest+Rogue_vs_Warrior+Paladin#as87Priest,Priest+Rogue,Warrior+Paladin,3,team1,kill,64.35
Priest+Rogue_vs_Warrior+Paladin#as87Priest,Priest+Rogue,Warrior+Paladin,4,team1,kill,74.88
Priest+Rogue_vs_Warrior+Paladin#as87Priest,Priest+Rogue,Warrior+Paladin,5,team1,kill,68.13
Priest+Rogue_vs_Warrior+Hunter#as87Priest,Priest+Rogue,Warrior+Hunter,0,team2,kill,34.07
Priest+Rogue_vs_Warrior+Hunter#as87Priest,Priest+Rogue,Warrior+Hunter,1,team1,kill,33.37
Priest+Rogue_vs_Warrior+Hunter#as87Priest,Priest+Rogue,Warrior+Hunter,2,team2,kill,34.40
Priest+Rogue_vs_Warrior+Hunter#as87Priest,Priest+Rogue,Warrior+Hunter,3,team1,kill,31.02
Priest+Rogue_vs_Warrior+Hunter#as87Priest,Priest+Rogue,Warrior+Hunter,4,team1,kill,31.37
Priest+Rogue_vs_Warrior+Hunter#as87Priest,Priest+Rogue,Warrior+Hunter,5,team1,kill,33.37
Priest+Rogue_vs_Warrior+Shaman#as87Priest,Priest+Rogue,Warrior+Shaman,0,team2,kill,30.63
Priest+Rogue_vs_Warrior+Shaman#as87Priest,Priest+Rogue,Warrior+Shaman,1,team1,kill,32.67
Priest+Rogue_vs_Warrior+Shaman#as87Priest,Priest+Rogue,Warrior+Shaman,2,team2,kill,33.28
Priest+Rogue_vs_Warrior+Shaman#as87Priest,Priest+Rogue,Warrior+Shaman,3,team2,kill,30.23
Priest+Rogue_vs_Warrior+Shaman#as87Priest,Priest+Rogue,Warrior+Shaman,4,team1,kill,33.53
Priest+Rogue_vs_Warrior+Shaman#as87Priest,Priest+Rogue,Warrior+Shaman,5,team2,kill,30.23
Priest+Rogue_vs_Mage+Rogue#as87Priest,Priest+Rogue,Mage+Rogue,0,team2,kill,21.78
Priest+Rogue_vs_Mage+Rogue#as87Priest,Priest+Rogue,Mage+Rogue,1,team2,kill,23.30
Priest+Rogue_vs_Mage+Rogue#as87Priest,Priest+Rogue,Mage+Rogue,2,team2,kill,25.88
Priest+Rogue_vs_Mage+Rogue#as87Priest,Priest+Rogue,Mage+Rogue,3,team2,kill,23.30
Priest+Rogue_vs_Mage+Rogue#as87Priest,Priest+Rogue,Mage+Rogue,4,team2,kill,23.30
Priest+Rogue_vs_Mage+Rogue#as87Priest,Priest+Rogue,Mage+Rogue,5,team2,kill,23.57
Priest+Rogue_vs_Mage+Priest#as87Priest,Priest+Rogue,Mage+Priest,0,team1,kill,43.62
Priest+Rogue_vs_Mage+Priest#as87Priest,Priest+Rogue,Mage+Priest,1,team1,kill,36.88
Priest+Rogue_vs_Mage+Priest#as87Priest,Priest+Rogue,Mage+Priest,2,team2,kill,35.92
Priest+Rogue_vs_Mage+Priest#as87Priest,Priest+Rogue,Mage+Priest,3,team1,kill,38.22
Priest+Rogue_vs_Mage+Priest#as87Priest,Priest+Rogue,Mage+Priest,4,team1,kill,34.88
Priest+Rogue_vs_Mage+Priest#as87Priest,Priest+Rogue,Mage+Priest,5,team2,kill,54.47
Priest+Rogue_vs_Mage+Warlock#as87Priest,Priest+Rogue,Mage+Warlock,0,team1,kill,36.30
Priest+Rogue_vs_Mage+Warlock#as87Priest,Priest+Rogue,Mage+Warlock,1,team1,kill,31.80
Priest+Rogue_vs_Mage+Warlock#as87Priest,Priest+Rogue,Mage+Warlock,2,team1,kill,32.00
Priest+Rogue_vs_Mage+Warlock#as87Priest,Priest+Rogue,Mage+Warlock,3,team1,kill,32.37
Priest+Rogue_vs_Mage+Warlock#as87Priest,Priest+Rogue,Mage+Warlock,4,team2,kill,30.25
Priest+Rogue_vs_Mage+Warlock#as87Priest,Priest+Rogue,Mage+Warlock,5,team1,kill,31.80
Priest+Rogue_vs_Mage+Paladin#as87Priest,Priest+Rogue,Mage+Paladin,0,team2,kill,58.92
Priest+Rogue_vs_Mage+Paladin#as87Priest,Priest+Rogue,Mage+Paladin,1,team2,kill,63.00
Priest+Rogue_vs_Mage+Paladin#as87Priest,Priest+Rogue,Mage+Paladin,2,team1,kill,66.63
Priest+Rogue_vs_Mage+Paladin#as87Priest,Priest+Rogue,Mage+Paladin,3,team2,kill,68.03
Priest+Rogue_vs_Mage+Paladin#as87Priest,Priest+Rogue,Mage+Paladin,4,team2,kill,54.17
Priest+Rogue_vs_Mage+Paladin#as87Priest,Priest+Rogue,Mage+Paladin,5,team1,kill,69.20
Priest+Rogue_vs_Mage+Hunter#as87Priest,Priest+Rogue,Mage+Hunter,0,team2,kill,40.90
Priest+Rogue_vs_Mage+Hunter#as87Priest,Priest+Rogue,Mage+Hunter,1,team1,kill,42.30
Priest+Rogue_vs_Mage+Hunter#as87Priest,Priest+Rogue,Mage+Hunter,2,team2,kill,38.70
Priest+Rogue_vs_Mage+Hunter#as87Priest,Priest+Rogue,Mage+Hunter,3,team1,kill,40.12
Priest+Rogue_vs_Mage+Hunter#as87Priest,Priest+Rogue,Mage+Hunter,4,team1,kill,42.45
Priest+Rogue_vs_Mage+Hunter#as87Priest,Priest+Rogue,Mage+Hunter,5,team1,kill,41.78
Priest+Rogue_vs_Mage+Shaman#as87Priest,Priest+Rogue,Mage+Shaman,0,team2,kill,39.98
Priest+Rogue_vs_Mage+Shaman#as87Priest,Priest+Rogue,Mage+Shaman,1,team2,kill,27.38
Priest+Rogue_vs_Mage+Shaman#as87Priest,Priest+Rogue,Mage+Shaman,2,team2,kill,44.17
Priest+Rogue_vs_Mage+Shaman#as87Priest,Priest+Rogue,Mage+Shaman,3,team2,kill,44.17
Priest+Rogue_vs_Mage+Shaman#as87Priest,Priest+Rogue,Mage+Shaman,4,team2,kill,31.58
Priest+Rogue_vs_Mage+Shaman#as87Priest,Priest+Rogue,Mage+Shaman,5,team1,kill,49.88
Priest+Rogue_vs_Rogue+Priest#as87Priest,Priest+Rogue,Rogue+Priest,0,team1,kill,32.90
Priest+Rogue_vs_Rogue+Priest#as87Priest,Priest+Rogue,Rogue+Priest,1,team2,kill,27.67
Priest+Rogue_vs_Rogue+Priest#as87Priest,Priest+Rogue,Rogue+Priest,2,team2,kill,31.22
Priest+Rogue_vs_Rogue+Priest#as87Priest,Priest+Rogue,Rogue+Priest,3,team1,kill,31.12
Priest+Rogue_vs_Rogue+Priest#as87Priest,Priest+Rogue,Rogue+Priest,4,team1,kill,30.90
Priest+Rogue_vs_Rogue+Priest#as87Priest,Priest+Rogue,Rogue+Priest,5,team1,kill,30.95
Priest+Rogue_vs_Rogue+Warlock#as87Priest,Priest+Rogue,Rogue+Warlock,0,team1,kill,26.45
Priest+Rogue_vs_Rogue+Warlock#as87Priest,Priest+Rogue,Rogue+Warlock,1,team2,kill,25.40
Priest+Rogue_vs_Rogue+Warlock#as87Priest,Priest+Rogue,Rogue+Warlock,2,team1,kill,28.77
Priest+Rogue_vs_Rogue+Warlock#as87Priest,Priest+Rogue,Rogue+Warlock,3,team1,kill,24.00
Priest+Rogue_vs_Rogue+Warlock#as87Priest,Priest+Rogue,Rogue+Warlock,4,team1,kill,26.75
Priest+Rogue_vs_Rogue+Warlock#as87Priest,Priest+Rogue,Rogue+Warlock,5,team1,kill,25.87
Priest+Rogue_vs_Rogue+Paladin#as87Priest,Priest+Rogue,Rogue+Paladin,0,team2,kill,34.03
Priest+Rogue_vs_Rogue+Paladin#as87Priest,Priest+Rogue,Rogue+Paladin,1,team2,kill,33.93
Priest+Rogue_vs_Rogue+Paladin#as87Priest,Priest+Rogue,Rogue+Paladin,2,team2,kill,33.83
Priest+Rogue_vs_Rogue+Paladin#as87Priest,Priest+Rogue,Rogue+Paladin,3,team2,kill,33.40
Priest+Rogue_vs_Rogue+Paladin#as87Priest,Priest+Rogue,Rogue+Paladin,4,team2,kill,32.93
Priest+Rogue_vs_Rogue+Paladin#as87Priest,Priest+Rogue,Rogue+Paladin,5,team2,kill,31.68
Priest+Rogue_vs_Rogue+Hunter#as87Priest,Priest+Rogue,Rogue+Hunter,0,team1,kill,34.05
Priest+Rogue_vs_Rogue+Hunter#as87Priest,Priest+Rogue,Rogue+Hunter,1,team2,kill,32.25
Priest+Rogue_vs_Rogue+Hunter#as87Priest,Priest+Rogue,Rogue+Hunter,2,team2,kill,34.02
Priest+Rogue_vs_Rogue+Hunter#as87Priest,Priest+Rogue,Rogue+Hunter,3,team1,kill,34.10
Priest+Rogue_vs_Rogue+Hunter#as87Priest,Priest+Rogue,Rogue+Hunter,4,team2,kill,33.77
Priest+Rogue_vs_Rogue+Hunter#as87Priest,Priest+Rogue,Rogue+Hunter,5,draw,kill,34.07
Priest+Rogue_vs_Rogue+Shaman#as87Priest,Priest+Rogue,Rogue+Shaman,0,team2,kill,28.82
Priest+Rogue_vs_Rogue+Shaman#as87Priest,Priest+Rogue,Rogue+Shaman,1,team2,kill,27.22
Priest+Rogue_vs_Rogue+Shaman#as87Priest,Priest+Rogue,Rogue+Shaman,2,team1,kill,30.30
Priest+Rogue_vs_Rogue+Shaman#as87Priest,Priest+Rogue,Rogue+Shaman,3,team1,kill,32.30
Priest+Rogue_vs_Rogue+Shaman#as87Priest,Priest+Rogue,Rogue+Shaman,4,team2,kill,25.98
Priest+Rogue_vs_Rogue+Shaman#as87Priest,Priest+Rogue,Rogue+Shaman,5,team2,kill,29.05
Priest+Rogue_vs_Priest+Warlock#as87Priest,Priest+Rogue,Priest+Warlock,0,team1,kill,56.95
Priest+Rogue_vs_Priest+Warlock#as87Priest,Priest+Rogue,Priest+Warlock,1,team1,kill,52.93
Priest+Rogue_vs_Priest+Warlock#as87Priest,Priest+Rogue,Priest+Warlock,2,team1,kill,52.65
Priest+Rogue_vs_Priest+Warlock#as87Priest,Priest+Rogue,Priest+Warlock,3,team2,kill,40.38
Priest+Rogue_vs_Priest+Warlock#as87Priest,Priest+Rogue,Priest+Warlock,4,team1,kill,50.57
Priest+Rogue_vs_Priest+Warlock#as87Priest,Priest+Rogue,Priest+Warlock,5,team1,kill,58.23
Priest+Rogue_vs_Priest+Hunter#as87Priest,Priest+Rogue,Priest+Hunter,0,team1,kill,67.57
Priest+Rogue_vs_Priest+Hunter#as87Priest,Priest+Rogue,Priest+Hunter,1,team1,kill,50.22
Priest+Rogue_vs_Priest+Hunter#as87Priest,Priest+Rogue,Priest+Hunter,2,team2,kill,61.60
Priest+Rogue_vs_Priest+Hunter#as87Priest,Priest+Rogue,Priest+Hunter,3,team1,kill,57.03
Priest+Rogue_vs_Priest+Hunter#as87Priest,Priest+Rogue,Priest+Hunter,4,team1,kill,56.93
Priest+Rogue_vs_Priest+Hunter#as87Priest,Priest+Rogue,Priest+Hunter,5,team1,kill,53.43
Priest+Rogue_vs_Warlock+Paladin#as87Priest,Priest+Rogue,Warlock+Paladin,0,team2,kill,41.87
Priest+Rogue_vs_Warlock+Paladin#as87Priest,Priest+Rogue,Warlock+Paladin,1,team2,kill,50.63
Priest+Rogue_vs_Warlock+Paladin#as87Priest,Priest+Rogue,Warlock+Paladin,2,team1,kill,77.32
Priest+Rogue_vs_Warlock+Paladin#as87Priest,Priest+Rogue,Warlock+Paladin,3,team1,kill,71.22
Priest+Rogue_vs_Warlock+Paladin#as87Priest,Priest+Rogue,Warlock+Paladin,4,team2,kill,52.80
Priest+Rogue_vs_Warlock+Paladin#as87Priest,Priest+Rogue,Warlock+Paladin,5,team1,kill,68.55
Priest+Rogue_vs_Warlock+Hunter#as87Priest,Priest+Rogue,Warlock+Hunter,0,team1,kill,33.38
Priest+Rogue_vs_Warlock+Hunter#as87Priest,Priest+Rogue,Warlock+Hunter,1,team2,kill,37.12
Priest+Rogue_vs_Warlock+Hunter#as87Priest,Priest+Rogue,Warlock+Hunter,2,team2,kill,30.37
Priest+Rogue_vs_Warlock+Hunter#as87Priest,Priest+Rogue,Warlock+Hunter,3,team2,kill,31.08
Priest+Rogue_vs_Warlock+Hunter#as87Priest,Priest+Rogue,Warlock+Hunter,4,team2,kill,38.62
Priest+Rogue_vs_Warlock+Hunter#as87Priest,Priest+Rogue,Warlock+Hunter,5,team1,kill,34.07
Priest+Rogue_vs_Warlock+Shaman#as87Priest,Priest+Rogue,Warlock+Shaman,0,team1,kill,37.65
Priest+Rogue_vs_Warlock+Shaman#as87Priest,Priest+Rogue,Warlock+Shaman,1,team2,kill,34.80
Priest+Rogue_vs_Warlock+Shaman#as87Priest,Priest+Rogue,Warlock+Shaman,2,team1,kill,35.90
Priest+Rogue_vs_Warlock+Shaman#as87Priest,Priest+Rogue,Warlock+Shaman,3,team2,kill,33.62
Priest+Rogue_vs_Warlock+Shaman#as87Priest,Priest+Rogue,Warlock+Shaman,4,team2,kill,35.33
Priest+Rogue_vs_Warlock+Shaman#as87Priest,Priest+Rogue,Warlock+Shaman,5,team2,kill,29.08
Priest+Rogue_vs_Paladin+Hunter#as87Priest,Priest+Rogue,Paladin+Hunter,0,team1,kill,79.17
Priest+Rogue_vs_Paladin+Hunter#as87Priest,Priest+Rogue,Paladin+Hunter,1,team1,kill,86.40
Priest+Rogue_vs_Paladin+Hunter#as87Priest,Priest+Rogue,Paladin+Hunter,2,team1,kill,80.74
Priest+Rogue_vs_Paladin+Hunter#as87Priest,Priest+Rogue,Paladin+Hunter,3,team1,kill,80.95
Priest+Rogue_vs_Paladin+Hunter#as87Priest,Priest+Rogue,Paladin+Hunter,4,team1,kill,78.45
Priest+Rogue_vs_Paladin+Hunter#as87Priest,Priest+Rogue,Paladin+Hunter,5,team1,kill,79.80
Priest+Rogue_vs_Hunter+Shaman#as87Priest,Priest+Rogue,Hunter+Shaman,0,team1,kill,31.90
Priest+Rogue_vs_Hunter+Shaman#as87Priest,Priest+Rogue,Hunter+Shaman,1,team1,kill,39.15
Priest+Rogue_vs_Hunter+Shaman#as87Priest,Priest+Rogue,Hunter+Shaman,2,team1,kill,48.88
Priest+Rogue_vs_Hunter+Shaman#as87Priest,Priest+Rogue,Hunter+Shaman,3,team1,kill,71.13
Priest+Rogue_vs_Hunter+Shaman#as87Priest,Priest+Rogue,Hunter+Shaman,4,team1,kill,31.75
Priest+Rogue_vs_Hunter+Shaman#as87Priest,Priest+Rogue,Hunter+Shaman,5,team1,kill,41.03
Priest+Warlock_vs_Warrior+Mage#as87Priest,Priest+Warlock,Warrior+Mage,0,team2,kill,21.07
Priest+Warlock_vs_Warrior+Mage#as87Priest,Priest+Warlock,Warrior+Mage,1,team2,kill,21.05
Priest+Warlock_vs_Warrior+Mage#as87Priest,Priest+Warlock,Warrior+Mage,2,team2,kill,21.88
Priest+Warlock_vs_Warrior+Mage#as87Priest,Priest+Warlock,Warrior+Mage,3,team2,kill,21.05
Priest+Warlock_vs_Warrior+Mage#as87Priest,Priest+Warlock,Warrior+Mage,4,team2,kill,20.75
Priest+Warlock_vs_Warrior+Mage#as87Priest,Priest+Warlock,Warrior+Mage,5,team2,kill,17.77
Priest+Warlock_vs_Warrior+Rogue#as87Priest,Priest+Warlock,Warrior+Rogue,0,team1,kill,32.15
Priest+Warlock_vs_Warrior+Rogue#as87Priest,Priest+Warlock,Warrior+Rogue,1,team1,kill,32.90
Priest+Warlock_vs_Warrior+Rogue#as87Priest,Priest+Warlock,Warrior+Rogue,2,team1,kill,30.40
Priest+Warlock_vs_Warrior+Rogue#as87Priest,Priest+Warlock,Warrior+Rogue,3,team1,kill,34.32
Priest+Warlock_vs_Warrior+Rogue#as87Priest,Priest+Warlock,Warrior+Rogue,4,team2,kill,24.40
Priest+Warlock_vs_Warrior+Rogue#as87Priest,Priest+Warlock,Warrior+Rogue,5,team1,kill,30.40
Priest+Warlock_vs_Warrior+Priest#as87Priest,Priest+Warlock,Warrior+Priest,0,team2,kill,41.65
Priest+Warlock_vs_Warrior+Priest#as87Priest,Priest+Warlock,Warrior+Priest,1,team2,kill,44.70
Priest+Warlock_vs_Warrior+Priest#as87Priest,Priest+Warlock,Warrior+Priest,2,team2,kill,41.65
Priest+Warlock_vs_Warrior+Priest#as87Priest,Priest+Warlock,Warrior+Priest,3,team2,kill,46.82
Priest+Warlock_vs_Warrior+Priest#as87Priest,Priest+Warlock,Warrior+Priest,4,team2,kill,35.32
Priest+Warlock_vs_Warrior+Priest#as87Priest,Priest+Warlock,Warrior+Priest,5,team2,kill,47.93
Priest+Warlock_vs_Warrior+Warlock#as87Priest,Priest+Warlock,Warrior+Warlock,0,team2,kill,26.55
Priest+Warlock_vs_Warrior+Warlock#as87Priest,Priest+Warlock,Warrior+Warlock,1,team2,kill,27.52
Priest+Warlock_vs_Warrior+Warlock#as87Priest,Priest+Warlock,Warrior+Warlock,2,team2,kill,29.78
Priest+Warlock_vs_Warrior+Warlock#as87Priest,Priest+Warlock,Warrior+Warlock,3,team2,kill,28.97
Priest+Warlock_vs_Warrior+Warlock#as87Priest,Priest+Warlock,Warrior+Warlock,4,team1,kill,28.05
Priest+Warlock_vs_Warrior+Warlock#as87Priest,Priest+Warlock,Warrior+Warlock,5,team2,kill,28.35
Priest+Warlock_vs_Warrior+Paladin#as87Priest,Priest+Warlock,Warrior+Paladin,0,team2,kill,40.27
Priest+Warlock_vs_Warrior+Paladin#as87Priest,Priest+Warlock,Warrior+Paladin,1,team2,kill,41.98
Priest+Warlock_vs_Warrior+Paladin#as87Priest,Priest+Warlock,Warrior+Paladin,2,team2,kill,41.17
Priest+Warlock_vs_Warrior+Paladin#as87Priest,Priest+Warlock,Warrior+Paladin,3,team2,kill,41.23
Priest+Warlock_vs_Warrior+Paladin#as87Priest,Priest+Warlock,Warrior+Paladin,4,team2,kill,41.33
Priest+Warlock_vs_Warrior+Paladin#as87Priest,Priest+Warlock,Warrior+Paladin,5,team2,kill,41.17
Priest+Warlock_vs_Warrior+Hunter#as87Priest,Priest+Warlock,Warrior+Hunter,0,team1,kill,24.78
Priest+Warlock_vs_Warrior+Hunter#as87Priest,Priest+Warlock,Warrior+Hunter,1,team1,kill,27.63
Priest+Warlock_vs_Warrior+Hunter#as87Priest,Priest+Warlock,Warrior+Hunter,2,team2,kill,20.38
Priest+Warlock_vs_Warrior+Hunter#as87Priest,Priest+Warlock,Warrior+Hunter,3,team1,kill,26.60
Priest+Warlock_vs_Warrior+Hunter#as87Priest,Priest+Warlock,Warrior+Hunter,4,team1,kill,28.40
Priest+Warlock_vs_Warrior+Hunter#as87Priest,Priest+Warlock,Warrior+Hunter,5,team1,kill,27.03
Priest+Warlock_vs_Warrior+Shaman#as87Priest,Priest+Warlock,Warrior+Shaman,0,team2,kill,49.63
Priest+Warlock_vs_Warrior+Shaman#as87Priest,Priest+Warlock,Warrior+Shaman,1,team2,kill,48.57
Priest+Warlock_vs_Warrior+Shaman#as87Priest,Priest+Warlock,Warrior+Shaman,2,team2,kill,45.67
Priest+Warlock_vs_Warrior+Shaman#as87Priest,Priest+Warlock,Warrior+Shaman,3,team2,kill,46.57
Priest+Warlock_vs_Warrior+Shaman#as87Priest,Priest+Warlock,Warrior+Shaman,4,team2,kill,57.00
Priest+Warlock_vs_Warrior+Shaman#as87Priest,Priest+Warlock,Warrior+Shaman,5,team2,kill,45.63
Priest+Warlock_vs_Mage+Rogue#as87Priest,Priest+Warlock,Mage+Rogue,0,team1,kill,39.27
Priest+Warlock_vs_Mage+Rogue#as87Priest,Priest+Warlock,Mage+Rogue,1,team1,kill,38.68
Priest+Warlock_vs_Mage+Rogue#as87Priest,Priest+Warlock,Mage+Rogue,2,team1,kill,38.72
Priest+Warlock_vs_Mage+Rogue#as87Priest,Priest+Warlock,Mage+Rogue,3,team2,kill,43.23
Priest+Warlock_vs_Mage+Rogue#as87Priest,Priest+Warlock,Mage+Rogue,4,team1,kill,34.18
Priest+Warlock_vs_Mage+Rogue#as87Priest,Priest+Warlock,Mage+Rogue,5,team1,kill,38.23
Priest+Warlock_vs_Mage+Priest#as87Priest,Priest+Warlock,Mage+Priest,0,team1,kill,65.05
Priest+Warlock_vs_Mage+Priest#as87Priest,Priest+Warlock,Mage+Priest,1,team1,kill,41.45
Priest+Warlock_vs_Mage+Priest#as87Priest,Priest+Warlock,Mage+Priest,2,team2,kill,64.60
Priest+Warlock_vs_Mage+Priest#as87Priest,Priest+Warlock,Mage+Priest,3,team1,kill,36.52
Priest+Warlock_vs_Mage+Priest#as87Priest,Priest+Warlock,Mage+Priest,4,team1,kill,68.13
Priest+Warlock_vs_Mage+Priest#as87Priest,Priest+Warlock,Mage+Priest,5,team1,kill,42.65
Priest+Warlock_vs_Mage+Warlock#as87Priest,Priest+Warlock,Mage+Warlock,0,team2,kill,22.08
Priest+Warlock_vs_Mage+Warlock#as87Priest,Priest+Warlock,Mage+Warlock,1,team2,kill,23.60
Priest+Warlock_vs_Mage+Warlock#as87Priest,Priest+Warlock,Mage+Warlock,2,team2,kill,22.08
Priest+Warlock_vs_Mage+Warlock#as87Priest,Priest+Warlock,Mage+Warlock,3,team2,kill,23.60
Priest+Warlock_vs_Mage+Warlock#as87Priest,Priest+Warlock,Mage+Warlock,4,team2,kill,22.08
Priest+Warlock_vs_Mage+Warlock#as87Priest,Priest+Warlock,Mage+Warlock,5,team2,kill,23.60
Priest+Warlock_vs_Mage+Paladin#as87Priest,Priest+Warlock,Mage+Paladin,0,team1,kill,69.17
Priest+Warlock_vs_Mage+Paladin#as87Priest,Priest+Warlock,Mage+Paladin,1,team2,kill,71.07
Priest+Warlock_vs_Mage+Paladin#as87Priest,Priest+Warlock,Mage+Paladin,2,team1,kill,63.87
Priest+Warlock_vs_Mage+Paladin#as87Priest,Priest+Warlock,Mage+Paladin,3,team1,kill,69.97
Priest+Warlock_vs_Mage+Paladin#as87Priest,Priest+Warlock,Mage+Paladin,4,team1,kill,64.18
Priest+Warlock_vs_Mage+Paladin#as87Priest,Priest+Warlock,Mage+Paladin,5,team1,kill,66.92
Priest+Warlock_vs_Mage+Hunter#as87Priest,Priest+Warlock,Mage+Hunter,0,team1,kill,31.65
Priest+Warlock_vs_Mage+Hunter#as87Priest,Priest+Warlock,Mage+Hunter,1,team1,kill,31.65
Priest+Warlock_vs_Mage+Hunter#as87Priest,Priest+Warlock,Mage+Hunter,2,team2,kill,24.00
Priest+Warlock_vs_Mage+Hunter#as87Priest,Priest+Warlock,Mage+Hunter,3,team1,kill,31.65
Priest+Warlock_vs_Mage+Hunter#as87Priest,Priest+Warlock,Mage+Hunter,4,team1,kill,31.42
Priest+Warlock_vs_Mage+Hunter#as87Priest,Priest+Warlock,Mage+Hunter,5,team1,kill,31.65
Priest+Warlock_vs_Mage+Shaman#as87Priest,Priest+Warlock,Mage+Shaman,0,team2,kill,32.85
Priest+Warlock_vs_Mage+Shaman#as87Priest,Priest+Warlock,Mage+Shaman,1,team2,kill,31.62
Priest+Warlock_vs_Mage+Shaman#as87Priest,Priest+Warlock,Mage+Shaman,2,team2,kill,31.72
Priest+Warlock_vs_Mage+Shaman#as87Priest,Priest+Warlock,Mage+Shaman,3,team2,kill,51.47
Priest+Warlock_vs_Mage+Shaman#as87Priest,Priest+Warlock,Mage+Shaman,4,team2,kill,48.72
Priest+Warlock_vs_Mage+Shaman#as87Priest,Priest+Warlock,Mage+Shaman,5,team2,kill,38.63
Priest+Warlock_vs_Rogue+Priest#as87Priest,Priest+Warlock,Rogue+Priest,0,team2,kill,32.73
Priest+Warlock_vs_Rogue+Priest#as87Priest,Priest+Warlock,Rogue+Priest,1,team2,kill,29.55
Priest+Warlock_vs_Rogue+Priest#as87Priest,Priest+Warlock,Rogue+Priest,2,team1,kill,39.60
Priest+Warlock_vs_Rogue+Priest#as87Priest,Priest+Warlock,Rogue+Priest,3,team2,kill,32.15
Priest+Warlock_vs_Rogue+Priest#as87Priest,Priest+Warlock,Rogue+Priest,4,team2,kill,29.55
Priest+Warlock_vs_Rogue+Priest#as87Priest,Priest+Warlock,Rogue+Priest,5,team1,kill,35.98
Priest+Warlock_vs_Rogue+Warlock#as87Priest,Priest+Warlock,Rogue+Warlock,0,team2,kill,30.38
Priest+Warlock_vs_Rogue+Warlock#as87Priest,Priest+Warlock,Rogue+Warlock,1,team2,kill,25.15
Priest+Warlock_vs_Rogue+Warlock#as87Priest,Priest+Warlock,Rogue+Warlock,2,team2,kill,30.28
Priest+Warlock_vs_Rogue+Warlock#as87Priest,Priest+Warlock,Rogue+Warlock,3,team2,kill,32.42
Priest+Warlock_vs_Rogue+Warlock#as87Priest,Priest+Warlock,Rogue+Warlock,4,team2,kill,28.53
Priest+Warlock_vs_Rogue+Warlock#as87Priest,Priest+Warlock,Rogue+Warlock,5,team2,kill,28.72
Priest+Warlock_vs_Rogue+Paladin#as87Priest,Priest+Warlock,Rogue+Paladin,0,team2,kill,34.22
Priest+Warlock_vs_Rogue+Paladin#as87Priest,Priest+Warlock,Rogue+Paladin,1,team2,kill,34.40
Priest+Warlock_vs_Rogue+Paladin#as87Priest,Priest+Warlock,Rogue+Paladin,2,team2,kill,38.95
Priest+Warlock_vs_Rogue+Paladin#as87Priest,Priest+Warlock,Rogue+Paladin,3,team2,kill,35.08
Priest+Warlock_vs_Rogue+Paladin#as87Priest,Priest+Warlock,Rogue+Paladin,4,team2,kill,38.38
Priest+Warlock_vs_Rogue+Paladin#as87Priest,Priest+Warlock,Rogue+Paladin,5,team2,kill,33.75
Priest+Warlock_vs_Rogue+Hunter#as87Priest,Priest+Warlock,Rogue+Hunter,0,team1,kill,33.73
Priest+Warlock_vs_Rogue+Hunter#as87Priest,Priest+Warlock,Rogue+Hunter,1,team1,kill,28.02
Priest+Warlock_vs_Rogue+Hunter#as87Priest,Priest+Warlock,Rogue+Hunter,2,team1,kill,27.97
Priest+Warlock_vs_Rogue+Hunter#as87Priest,Priest+Warlock,Rogue+Hunter,3,team1,kill,32.82
Priest+Warlock_vs_Rogue+Hunter#as87Priest,Priest+Warlock,Rogue+Hunter,4,team1,kill,33.68
Priest+Warlock_vs_Rogue+Hunter#as87Priest,Priest+Warlock,Rogue+Hunter,5,team1,kill,28.72
Priest+Warlock_vs_Rogue+Shaman#as87Priest,Priest+Warlock,Rogue+Shaman,0,team2,kill,24.12
Priest+Warlock_vs_Rogue+Shaman#as87Priest,Priest+Warlock,Rogue+Shaman,1,team2,kill,28.68
Priest+Warlock_vs_Rogue+Shaman#as87Priest,Priest+Warlock,Rogue+Shaman,2,team2,kill,29.20
Priest+Warlock_vs_Rogue+Shaman#as87Priest,Priest+Warlock,Rogue+Shaman,3,team2,kill,32.53
Priest+Warlock_vs_Rogue+Shaman#as87Priest,Priest+Warlock,Rogue+Shaman,4,team2,kill,30.03
Priest+Warlock_vs_Rogue+Shaman#as87Priest,Priest+Warlock,Rogue+Shaman,5,team2,kill,29.43
Priest+Warlock_vs_Priest+Warlock#as87Priest,Priest+Warlock,Priest+Warlock,0,team2,kill,80.22
Priest+Warlock_vs_Priest+Warlock#as87Priest,Priest+Warlock,Priest+Warlock,1,team2,kill,81.22
Priest+Warlock_vs_Priest+Warlock#as87Priest,Priest+Warlock,Priest+Warlock,2,team2,kill,63.65
Priest+Warlock_vs_Priest+Warlock#as87Priest,Priest+Warlock,Priest+Warlock,3,team1,kill,76.69
Priest+Warlock_vs_Priest+Warlock#as87Priest,Priest+Warlock,Priest+Warlock,4,team1,kill,91.09
Priest+Warlock_vs_Priest+Warlock#as87Priest,Priest+Warlock,Priest+Warlock,5,team1,kill,84.95
Priest+Warlock_vs_Priest+Hunter#as87Priest,Priest+Warlock,Priest+Hunter,0,team1,kill,51.32
Priest+Warlock_vs_Priest+Hunter#as87Priest,Priest+Warlock,Priest+Hunter,1,team1,kill,54.37
Priest+Warlock_vs_Priest+Hunter#as87Priest,Priest+Warlock,Priest+Hunter,2,team1,kill,35.92
Priest+Warlock_vs_Priest+Hunter#as87Priest,Priest+Warlock,Priest+Hunter,3,team1,kill,92.09
Priest+Warlock_vs_Priest+Hunter#as87Priest,Priest+Warlock,Priest+Hunter,4,team1,kill,58.55
Priest+Warlock_vs_Priest+Hunter#as87Priest,Priest+Warlock,Priest+Hunter,5,team2,kill,51.40
Priest+Warlock_vs_Warlock+Paladin#as87Priest,Priest+Warlock,Warlock+Paladin,0,team1,kill,158.82
Priest+Warlock_vs_Warlock+Paladin#as87Priest,Priest+Warlock,Warlock+Paladin,1,team2,kill,91.52
Priest+Warlock_vs_Warlock+Paladin#as87Priest,Priest+Warlock,Warlock+Paladin,2,team2,kill,45.32
Priest+Warlock_vs_Warlock+Paladin#as87Priest,Priest+Warlock,Warlock+Paladin,3,team1,kill,121.63
Priest+Warlock_vs_Warlock+Paladin#as87Priest,Priest+Warlock,Warlock+Paladin,4,team2,kill,57.38
Priest+Warlock_vs_Warlock+Paladin#as87Priest,Priest+Warlock,Warlock+Paladin,5,team2,kill,48.53
Priest+Warlock_vs_Warlock+Hunter#as87Priest,Priest+Warlock,Warlock+Hunter,0,team1,kill,34.47
Priest+Warlock_vs_Warlock+Hunter#as87Priest,Priest+Warlock,Warlock+Hunter,1,team1,kill,48.38
Priest+Warlock_vs_Warlock+Hunter#as87Priest,Priest+Warlock,Warlock+Hunter,2,team1,kill,37.52
Priest+Warlock_vs_Warlock+Hunter#as87Priest,Priest+Warlock,Warlock+Hunter,3,team1,kill,36.00
Priest+Warlock_vs_Warlock+Hunter#as87Priest,Priest+Warlock,Warlock+Hunter,4,team1,kill,37.87
Priest+Warlock_vs_Warlock+Hunter#as87Priest,Priest+Warlock,Warlock+Hunter,5,team2,kill,23.73
Priest+Warlock_vs_Warlock+Shaman#as87Priest,Priest+Warlock,Warlock+Shaman,0,team2,kill,39.43
Priest+Warlock_vs_Warlock+Shaman#as87Priest,Priest+Warlock,Warlock+Shaman,1,team2,kill,44.43
Priest+Warlock_vs_Warlock+Shaman#as87Priest,Priest+Warlock,Warlock+Shaman,2,team2,kill,51.53
Priest+Warlock_vs_Warlock+Shaman#as87Priest,Priest+Warlock,Warlock+Shaman,3,team2,kill,55.27
Priest+Warlock_vs_Warlock+Shaman#as87Priest,Priest+Warlock,Warlock+Shaman,4,team2,kill,41.25
Priest+Warlock_vs_Warlock+Shaman#as87Priest,Priest+Warlock,Warlock+Shaman,5,team2,kill,48.35
Priest+Warlock_vs_Paladin+Hunter#as87Priest,Priest+Warlock,Paladin+Hunter,0,team1,kill,82.75
Priest+Warlock_vs_Paladin+Hunter#as87Priest,Priest+Warlock,Paladin+Hunter,1,team1,kill,62.40
Priest+Warlock_vs_Paladin+Hunter#as87Priest,Priest+Warlock,Paladin+Hunter,2,team1,kill,75.57
Priest+Warlock_vs_Paladin+Hunter#as87Priest,Priest+Warlock,Paladin+Hunter,3,team1,kill,77.25
Priest+Warlock_vs_Paladin+Hunter#as87Priest,Priest+Warlock,Paladin+Hunter,4,team1,kill,69.37
Priest+Warlock_vs_Paladin+Hunter#as87Priest,Priest+Warlock,Paladin+Hunter,5,team1,kill,60.73
Priest+Warlock_vs_Hunter+Shaman#as87Priest,Priest+Warlock,Hunter+Shaman,0,team2,kill,49.93
Priest+Warlock_vs_Hunter+Shaman#as87Priest,Priest+Warlock,Hunter+Shaman,1,team2,kill,54.13
Priest+Warlock_vs_Hunter+Shaman#as87Priest,Priest+Warlock,Hunter+Shaman,2,team1,kill,50.48
Priest+Warlock_vs_Hunter+Shaman#as87Priest,Priest+Warlock,Hunter+Shaman,3,team1,kill,54.42
Priest+Warlock_vs_Hunter+Shaman#as87Priest,Priest+Warlock,Hunter+Shaman,4,team1,kill,49.38
Priest+Warlock_vs_Hunter+Shaman#as87Priest,Priest+Warlock,Hunter+Shaman,5,team2,kill,50.68
Priest+Paladin_vs_Warrior+Mage#as87Priest,Priest+Paladin,Warrior+Mage,0,team1,kill,50.45
Priest+Paladin_vs_Warrior+Mage#as87Priest,Priest+Paladin,Warrior+Mage,1,team1,kill,49.77
Priest+Paladin_vs_Warrior+Mage#as87Priest,Priest+Paladin,Warrior+Mage,2,team1,kill,78.02
Priest+Paladin_vs_Warrior+Mage#as87Priest,Priest+Paladin,Warrior+Mage,3,team1,kill,73.52
Priest+Paladin_vs_Warrior+Mage#as87Priest,Priest+Paladin,Warrior+Mage,4,team2,kill,35.08
Priest+Paladin_vs_Warrior+Mage#as87Priest,Priest+Paladin,Warrior+Mage,5,team1,kill,63.88
Priest+Paladin_vs_Warrior+Rogue#as87Priest,Priest+Paladin,Warrior+Rogue,0,team2,kill,66.85
Priest+Paladin_vs_Warrior+Rogue#as87Priest,Priest+Paladin,Warrior+Rogue,1,team2,kill,66.25
Priest+Paladin_vs_Warrior+Rogue#as87Priest,Priest+Paladin,Warrior+Rogue,2,team2,kill,65.38
Priest+Paladin_vs_Warrior+Rogue#as87Priest,Priest+Paladin,Warrior+Rogue,3,team2,kill,79.95
Priest+Paladin_vs_Warrior+Rogue#as87Priest,Priest+Paladin,Warrior+Rogue,4,team1,kill,69.45
Priest+Paladin_vs_Warrior+Rogue#as87Priest,Priest+Paladin,Warrior+Rogue,5,team2,kill,71.60
Priest+Paladin_vs_Warrior+Priest#as87Priest,Priest+Paladin,Warrior+Priest,0,team2,kill,67.77
Priest+Paladin_vs_Warrior+Priest#as87Priest,Priest+Paladin,Warrior+Priest,1,team2,kill,71.40
Priest+Paladin_vs_Warrior+Priest#as87Priest,Priest+Paladin,Warrior+Priest,2,team2,kill,68.32
Priest+Paladin_vs_Warrior+Priest#as87Priest,Priest+Paladin,Warrior+Priest,3,team2,kill,75.12
Priest+Paladin_vs_Warrior+Priest#as87Priest,Priest+Paladin,Warrior+Priest,4,team2,kill,70.87
Priest+Paladin_vs_Warrior+Priest#as87Priest,Priest+Paladin,Warrior+Priest,5,team2,kill,73.02
Priest+Paladin_vs_Warrior+Warlock#as87Priest,Priest+Paladin,Warrior+Warlock,0,team2,kill,59.72
Priest+Paladin_vs_Warrior+Warlock#as87Priest,Priest+Paladin,Warrior+Warlock,1,team2,kill,54.55
Priest+Paladin_vs_Warrior+Warlock#as87Priest,Priest+Paladin,Warrior+Warlock,2,team2,kill,55.18
Priest+Paladin_vs_Warrior+Warlock#as87Priest,Priest+Paladin,Warrior+Warlock,3,team2,kill,54.63
Priest+Paladin_vs_Warrior+Warlock#as87Priest,Priest+Paladin,Warrior+Warlock,4,team2,kill,60.93
Priest+Paladin_vs_Warrior+Warlock#as87Priest,Priest+Paladin,Warrior+Warlock,5,team2,kill,53.93
Priest+Paladin_vs_Warrior+Paladin#as87Priest,Priest+Paladin,Warrior+Paladin,0,team2,kill,71.75
Priest+Paladin_vs_Warrior+Paladin#as87Priest,Priest+Paladin,Warrior+Paladin,1,team2,kill,71.87
Priest+Paladin_vs_Warrior+Paladin#as87Priest,Priest+Paladin,Warrior+Paladin,2,team2,kill,76.35
Priest+Paladin_vs_Warrior+Paladin#as87Priest,Priest+Paladin,Warrior+Paladin,3,team2,kill,75.43
Priest+Paladin_vs_Warrior+Paladin#as87Priest,Priest+Paladin,Warrior+Paladin,4,team2,kill,75.02
Priest+Paladin_vs_Warrior+Paladin#as87Priest,Priest+Paladin,Warrior+Paladin,5,team2,kill,73.27
Priest+Paladin_vs_Warrior+Hunter#as87Priest,Priest+Paladin,Warrior+Hunter,0,team1,kill,81.64
Priest+Paladin_vs_Warrior+Hunter#as87Priest,Priest+Paladin,Warrior+Hunter,1,team1,kill,85.70
Priest+Paladin_vs_Warrior+Hunter#as87Priest,Priest+Paladin,Warrior+Hunter,2,team1,kill,80.12
Priest+Paladin_vs_Warrior+Hunter#as87Priest,Priest+Paladin,Warrior+Hunter,3,team1,kill,61.38
Priest+Paladin_vs_Warrior+Hunter#as87Priest,Priest+Paladin,Warrior+Hunter,4,team1,kill,57.62
Priest+Paladin_vs_Warrior+Hunter#as87Priest,Priest+Paladin,Warrior+Hunter,5,team1,kill,79.15
Priest+Paladin_vs_Warrior+Shaman#as87Priest,Priest+Paladin,Warrior+Shaman,0,team2,kill,59.92
Priest+Paladin_vs_Warrior+Shaman#as87Priest,Priest+Paladin,Warrior+Shaman,1,team1,kill,129.15
Priest+Paladin_vs_Warrior+Shaman#as87Priest,Priest+Paladin,Warrior+Shaman,2,team2,kill,46.25
Priest+Paladin_vs_Warrior+Shaman#as87Priest,Priest+Paladin,Warrior+Shaman,3,team2,kill,59.08
Priest+Paladin_vs_Warrior+Shaman#as87Priest,Priest+Paladin,Warrior+Shaman,4,team2,kill,142.63
Priest+Paladin_vs_Warrior+Shaman#as87Priest,Priest+Paladin,Warrior+Shaman,5,team2,kill,57.38
Priest+Paladin_vs_Mage+Rogue#as87Priest,Priest+Paladin,Mage+Rogue,0,team2,kill,76.99
Priest+Paladin_vs_Mage+Rogue#as87Priest,Priest+Paladin,Mage+Rogue,1,team2,kill,49.78
Priest+Paladin_vs_Mage+Rogue#as87Priest,Priest+Paladin,Mage+Rogue,2,team2,kill,72.22
Priest+Paladin_vs_Mage+Rogue#as87Priest,Priest+Paladin,Mage+Rogue,3,team2,kill,64.17
Priest+Paladin_vs_Mage+Rogue#as87Priest,Priest+Paladin,Mage+Rogue,4,team2,kill,69.25
Priest+Paladin_vs_Mage+Rogue#as87Priest,Priest+Paladin,Mage+Rogue,5,team2,kill,76.95
Priest+Paladin_vs_Mage+Priest#as87Priest,Priest+Paladin,Mage+Priest,0,team2,kill,136.98
Priest+Paladin_vs_Mage+Priest#as87Priest,Priest+Paladin,Mage+Priest,1,team2,kill,180.78
Priest+Paladin_vs_Mage+Priest#as87Priest,Priest+Paladin,Mage+Priest,2,team2,kill,116.98
Priest+Paladin_vs_Mage+Priest#as87Priest,Priest+Paladin,Mage+Priest,3,team2,kill,213.21
Priest+Paladin_vs_Mage+Priest#as87Priest,Priest+Paladin,Mage+Priest,4,team2,kill,194.28
Priest+Paladin_vs_Mage+Priest#as87Priest,Priest+Paladin,Mage+Priest,5,team2,kill,121.11
Priest+Paladin_vs_Mage+Warlock#as87Priest,Priest+Paladin,Mage+Warlock,0,team2,kill,40.22
Priest+Paladin_vs_Mage+Warlock#as87Priest,Priest+Paladin,Mage+Warlock,1,team2,kill,53.97
Priest+Paladin_vs_Mage+Warlock#as87Priest,Priest+Paladin,Mage+Warlock,2,team2,kill,46.18
Priest+Paladin_vs_Mage+Warlock#as87Priest,Priest+Paladin,Mage+Warlock,3,team2,kill,44.75
Priest+Paladin_vs_Mage+Warlock#as87Priest,Priest+Paladin,Mage+Warlock,4,team2,kill,64.73
Priest+Paladin_vs_Mage+Warlock#as87Priest,Priest+Paladin,Mage+Warlock,5,team2,kill,55.10
Priest+Paladin_vs_Mage+Paladin#as87Priest,Priest+Paladin,Mage+Paladin,0,team2,kill,164.17
Priest+Paladin_vs_Mage+Paladin#as87Priest,Priest+Paladin,Mage+Paladin,1,team2,kill,171.59
Priest+Paladin_vs_Mage+Paladin#as87Priest,Priest+Paladin,Mage+Paladin,2,team2,kill,160.24
Priest+Paladin_vs_Mage+Paladin#as87Priest,Priest+Paladin,Mage+Paladin,3,team2,kill,158.34
Priest+Paladin_vs_Mage+Paladin#as87Priest,Priest+Paladin,Mage+Paladin,4,team2,kill,169.24
Priest+Paladin_vs_Mage+Paladin#as87Priest,Priest+Paladin,Mage+Paladin,5,team2,kill,174.17
Priest+Paladin_vs_Mage+Hunter#as87Priest,Priest+Paladin,Mage+Hunter,0,team2,kill,54.17
Priest+Paladin_vs_Mage+Hunter#as87Priest,Priest+Paladin,Mage+Hunter,1,team2,kill,74.43
Priest+Paladin_vs_Mage+Hunter#as87Priest,Priest+Paladin,Mage+Hunter,2,team2,kill,71.03
Priest+Paladin_vs_Mage+Hunter#as87Priest,Priest+Paladin,Mage+Hunter,3,team2,kill,54.68
Priest+Paladin_vs_Mage+Hunter#as87Priest,Priest+Paladin,Mage+Hunter,4,team2,kill,61.42
Priest+Paladin_vs_Mage+Hunter#as87Priest,Priest+Paladin,Mage+Hunter,5,team2,kill,55.70
Priest+Paladin_vs_Mage+Shaman#as87Priest,Priest+Paladin,Mage+Shaman,0,team2,kill,73.65
Priest+Paladin_vs_Mage+Shaman#as87Priest,Priest+Paladin,Mage+Shaman,1,team1,kill,126.91
Priest+Paladin_vs_Mage+Shaman#as87Priest,Priest+Paladin,Mage+Shaman,2,team2,kill,94.79
Priest+Paladin_vs_Mage+Shaman#as87Priest,Priest+Paladin,Mage+Shaman,3,team2,kill,94.89
Priest+Paladin_vs_Mage+Shaman#as87Priest,Priest+Paladin,Mage+Shaman,4,team1,kill,160.55
Priest+Paladin_vs_Mage+Shaman#as87Priest,Priest+Paladin,Mage+Shaman,5,team2,kill,191.50
Priest+Paladin_vs_Rogue+Priest#as87Priest,Priest+Paladin,Rogue+Priest,0,team2,kill,86.97
Priest+Paladin_vs_Rogue+Priest#as87Priest,Priest+Paladin,Rogue+Priest,1,team2,kill,81.97
Priest+Paladin_vs_Rogue+Priest#as87Priest,Priest+Paladin,Rogue+Priest,2,team2,kill,82.52
Priest+Paladin_vs_Rogue+Priest#as87Priest,Priest+Paladin,Rogue+Priest,3,team2,kill,87.72
Priest+Paladin_vs_Rogue+Priest#as87Priest,Priest+Paladin,Rogue+Priest,4,team2,kill,80.00
Priest+Paladin_vs_Rogue+Priest#as87Priest,Priest+Paladin,Rogue+Priest,5,team2,kill,72.73
Priest+Paladin_vs_Rogue+Warlock#as87Priest,Priest+Paladin,Rogue+Warlock,0,team2,kill,49.25
Priest+Paladin_vs_Rogue+Warlock#as87Priest,Priest+Paladin,Rogue+Warlock,1,team2,kill,62.90
Priest+Paladin_vs_Rogue+Warlock#as87Priest,Priest+Paladin,Rogue+Warlock,2,team2,kill,59.22
Priest+Paladin_vs_Rogue+Warlock#as87Priest,Priest+Paladin,Rogue+Warlock,3,team2,kill,56.13
Priest+Paladin_vs_Rogue+Warlock#as87Priest,Priest+Paladin,Rogue+Warlock,4,team2,kill,60.05
Priest+Paladin_vs_Rogue+Warlock#as87Priest,Priest+Paladin,Rogue+Warlock,5,team2,kill,62.50
Priest+Paladin_vs_Rogue+Paladin#as87Priest,Priest+Paladin,Rogue+Paladin,0,team2,kill,92.12
Priest+Paladin_vs_Rogue+Paladin#as87Priest,Priest+Paladin,Rogue+Paladin,1,team2,kill,77.74
Priest+Paladin_vs_Rogue+Paladin#as87Priest,Priest+Paladin,Rogue+Paladin,2,team2,kill,81.80
Priest+Paladin_vs_Rogue+Paladin#as87Priest,Priest+Paladin,Rogue+Paladin,3,team2,kill,83.27
Priest+Paladin_vs_Rogue+Paladin#as87Priest,Priest+Paladin,Rogue+Paladin,4,team2,kill,97.97
Priest+Paladin_vs_Rogue+Paladin#as87Priest,Priest+Paladin,Rogue+Paladin,5,team2,kill,76.89
Priest+Paladin_vs_Rogue+Hunter#as87Priest,Priest+Paladin,Rogue+Hunter,0,team2,kill,63.57
Priest+Paladin_vs_Rogue+Hunter#as87Priest,Priest+Paladin,Rogue+Hunter,1,team2,kill,71.78
Priest+Paladin_vs_Rogue+Hunter#as87Priest,Priest+Paladin,Rogue+Hunter,2,team2,kill,75.79
Priest+Paladin_vs_Rogue+Hunter#as87Priest,Priest+Paladin,Rogue+Hunter,3,team2,kill,67.52
Priest+Paladin_vs_Rogue+Hunter#as87Priest,Priest+Paladin,Rogue+Hunter,4,team2,kill,75.27
Priest+Paladin_vs_Rogue+Hunter#as87Priest,Priest+Paladin,Rogue+Hunter,5,team2,kill,68.60
Priest+Paladin_vs_Rogue+Shaman#as87Priest,Priest+Paladin,Rogue+Shaman,0,team2,kill,84.92
Priest+Paladin_vs_Rogue+Shaman#as87Priest,Priest+Paladin,Rogue+Shaman,1,team2,kill,73.18
Priest+Paladin_vs_Rogue+Shaman#as87Priest,Priest+Paladin,Rogue+Shaman,2,team2,kill,82.65
Priest+Paladin_vs_Rogue+Shaman#as87Priest,Priest+Paladin,Rogue+Shaman,3,team2,kill,89.57
Priest+Paladin_vs_Rogue+Shaman#as87Priest,Priest+Paladin,Rogue+Shaman,4,team2,kill,84.55
Priest+Paladin_vs_Rogue+Shaman#as87Priest,Priest+Paladin,Rogue+Shaman,5,team2,kill,91.92
Priest+Paladin_vs_Priest+Warlock#as87Priest,Priest+Paladin,Priest+Warlock,0,team2,kill,57.27
Priest+Paladin_vs_Priest+Warlock#as87Priest,Priest+Paladin,Priest+Warlock,1,team2,kill,70.53
Priest+Paladin_vs_Priest+Warlock#as87Priest,Priest+Paladin,Priest+Warlock,2,team2,kill,59.48
Priest+Paladin_vs_Priest+Warlock#as87Priest,Priest+Paladin,Priest+Warlock,3,team2,kill,95.76
Priest+Paladin_vs_Priest+Warlock#as87Priest,Priest+Paladin,Priest+Warlock,4,team2,kill,58.75
Priest+Paladin_vs_Priest+Warlock#as87Priest,Priest+Paladin,Priest+Warlock,5,team2,kill,67.60
Priest+Paladin_vs_Priest+Hunter#as87Priest,Priest+Paladin,Priest+Hunter,0,team2,kill,98.37
Priest+Paladin_vs_Priest+Hunter#as87Priest,Priest+Paladin,Priest+Hunter,1,team2,kill,120.49
Priest+Paladin_vs_Priest+Hunter#as87Priest,Priest+Paladin,Priest+Hunter,2,team2,kill,113.04
Priest+Paladin_vs_Priest+Hunter#as87Priest,Priest+Paladin,Priest+Hunter,3,team2,kill,127.73
Priest+Paladin_vs_Priest+Hunter#as87Priest,Priest+Paladin,Priest+Hunter,4,team2,kill,88.02
Priest+Paladin_vs_Priest+Hunter#as87Priest,Priest+Paladin,Priest+Hunter,5,team2,kill,117.74
Priest+Paladin_vs_Warlock+Paladin#as87Priest,Priest+Paladin,Warlock+Paladin,0,team2,kill,118.61
Priest+Paladin_vs_Warlock+Paladin#as87Priest,Priest+Paladin,Warlock+Paladin,1,team2,kill,119.88
Priest+Paladin_vs_Warlock+Paladin#as87Priest,Priest+Paladin,Warlock+Paladin,2,team2,kill,117.36
Priest+Paladin_vs_Warlock+Paladin#as87Priest,Priest+Paladin,Warlock+Paladin,3,team2,kill,120.09
Priest+Paladin_vs_Warlock+Paladin#as87Priest,Priest+Paladin,Warlock+Paladin,4,team2,kill,113.26
Priest+Paladin_vs_Warlock+Paladin#as87Priest,Priest+Paladin,Warlock+Paladin,5,team2,kill,141.43
Priest+Paladin_vs_Warlock+Hunter#as87Priest,Priest+Paladin,Warlock+Hunter,0,team2,kill,76.29
Priest+Paladin_vs_Warlock+Hunter#as87Priest,Priest+Paladin,Warlock+Hunter,1,team1,kill,85.85
Priest+Paladin_vs_Warlock+Hunter#as87Priest,Priest+Paladin,Warlock+Hunter,2,team2,kill,81.77
Priest+Paladin_vs_Warlock+Hunter#as87Priest,Priest+Paladin,Warlock+Hunter,3,team2,kill,103.99
Priest+Paladin_vs_Warlock+Hunter#as87Priest,Priest+Paladin,Warlock+Hunter,4,team2,kill,80.90
Priest+Paladin_vs_Warlock+Hunter#as87Priest,Priest+Paladin,Warlock+Hunter,5,team1,kill,56.22
Priest+Paladin_vs_Warlock+Shaman#as87Priest,Priest+Paladin,Warlock+Shaman,0,team2,kill,121.03
Priest+Paladin_vs_Warlock+Shaman#as87Priest,Priest+Paladin,Warlock+Shaman,1,team2,kill,250.87
Priest+Paladin_vs_Warlock+Shaman#as87Priest,Priest+Paladin,Warlock+Shaman,2,team2,kill,212.09
Priest+Paladin_vs_Warlock+Shaman#as87Priest,Priest+Paladin,Warlock+Shaman,3,team2,kill,183.55
Priest+Paladin_vs_Warlock+Shaman#as87Priest,Priest+Paladin,Warlock+Shaman,4,team2,kill,91.04
Priest+Paladin_vs_Warlock+Shaman#as87Priest,Priest+Paladin,Warlock+Shaman,5,team1,kill,107.89
Priest+Paladin_vs_Paladin+Hunter#as87Priest,Priest+Paladin,Paladin+Hunter,0,team2,kill,150.39
Priest+Paladin_vs_Paladin+Hunter#as87Priest,Priest+Paladin,Paladin+Hunter,1,team2,kill,183.22
Priest+Paladin_vs_Paladin+Hunter#as87Priest,Priest+Paladin,Paladin+Hunter,2,team1,kill,214.28
Priest+Paladin_vs_Paladin+Hunter#as87Priest,Priest+Paladin,Paladin+Hunter,3,team2,kill,183.32
Priest+Paladin_vs_Paladin+Hunter#as87Priest,Priest+Paladin,Paladin+Hunter,4,team2,kill,178.43
Priest+Paladin_vs_Paladin+Hunter#as87Priest,Priest+Paladin,Paladin+Hunter,5,team2,kill,174.53
Priest+Paladin_vs_Hunter+Shaman#as87Priest,Priest+Paladin,Hunter+Shaman,0,team2,kill,93.66
Priest+Paladin_vs_Hunter+Shaman#as87Priest,Priest+Paladin,Hunter+Shaman,1,team2,kill,110.81
Priest+Paladin_vs_Hunter+Shaman#as87Priest,Priest+Paladin,Hunter+Shaman,2,team2,kill,103.27
Priest+Paladin_vs_Hunter+Shaman#as87Priest,Priest+Paladin,Hunter+Shaman,3,team2,kill,112.29
Priest+Paladin_vs_Hunter+Shaman#as87Priest,Priest+Paladin,Hunter+Shaman,4,team2,kill,104.66
Priest+Paladin_vs_Hunter+Shaman#as87Priest,Priest+Paladin,Hunter+Shaman,5,team2,kill,94.94
Priest+Hunter_vs_Warrior+Mage#as87Priest,Priest+Hunter,Warrior+Mage,0,team2,kill,25.55
Priest+Hunter_vs_Warrior+Mage#as87Priest,Priest+Hunter,Warrior+Mage,1,team1,kill,33.92
Priest+Hunter_vs_Warrior+Mage#as87Priest,Priest+Hunter,Warrior+Mage,2,team2,kill,28.40
Priest+Hunter_vs_Warrior+Mage#as87Priest,Priest+Hunter,Warrior+Mage,3,team1,kill,27.70
Priest+Hunter_vs_Warrior+Mage#as87Priest,Priest+Hunter,Warrior+Mage,4,team2,kill,24.33
Priest+Hunter_vs_Warrior+Mage#as87Priest,Priest+Hunter,Warrior+Mage,5,team2,kill,28.40
Priest+Hunter_vs_Warrior+Rogue#as87Priest,Priest+Hunter,Warrior+Rogue,0,team1,kill,22.35
Priest+Hunter_vs_Warrior+Rogue#as87Priest,Priest+Hunter,Warrior+Rogue,1,team1,kill,23.55
Priest+Hunter_vs_Warrior+Rogue#as87Priest,Priest+Hunter,Warrior+Rogue,2,team1,kill,23.55
Priest+Hunter_vs_Warrior+Rogue#as87Priest,Priest+Hunter,Warrior+Rogue,3,team1,kill,23.03
Priest+Hunter_vs_Warrior+Rogue#as87Priest,Priest+Hunter,Warrior+Rogue,4,team1,kill,21.03
Priest+Hunter_vs_Warrior+Rogue#as87Priest,Priest+Hunter,Warrior+Rogue,5,team1,kill,23.55
Priest+Hunter_vs_Warrior+Priest#as87Priest,Priest+Hunter,Warrior+Priest,0,team2,kill,67.38
Priest+Hunter_vs_Warrior+Priest#as87Priest,Priest+Hunter,Warrior+Priest,1,team2,kill,62.55
Priest+Hunter_vs_Warrior+Priest#as87Priest,Priest+Hunter,Warrior+Priest,2,team2,kill,62.82
Priest+Hunter_vs_Warrior+Priest#as87Priest,Priest+Hunter,Warrior+Priest,3,team1,kill,64.33
Priest+Hunter_vs_Warrior+Priest#as87Priest,Priest+Hunter,Warrior+Priest,4,team2,kill,46.33
Priest+Hunter_vs_Warrior+Priest#as87Priest,Priest+Hunter,Warrior+Priest,5,team1,kill,65.60
Priest+Hunter_vs_Warrior+Warlock#as87Priest,Priest+Hunter,Warrior+Warlock,0,team1,kill,27.40
Priest+Hunter_vs_Warrior+Warlock#as87Priest,Priest+Hunter,Warrior+Warlock,1,team1,kill,27.90
Priest+Hunter_vs_Warrior+Warlock#as87Priest,Priest+Hunter,Warrior+Warlock,2,team1,kill,36.18
Priest+Hunter_vs_Warrior+Warlock#as87Priest,Priest+Hunter,Warrior+Warlock,3,team1,kill,33.03
Priest+Hunter_vs_Warrior+Warlock#as87Priest,Priest+Hunter,Warrior+Warlock,4,team1,kill,45.88
Priest+Hunter_vs_Warrior+Warlock#as87Priest,Priest+Hunter,Warrior+Warlock,5,team1,kill,33.87
Priest+Hunter_vs_Warrior+Paladin#as87Priest,Priest+Hunter,Warrior+Paladin,0,team1,kill,79.54
Priest+Hunter_vs_Warrior+Paladin#as87Priest,Priest+Hunter,Warrior+Paladin,1,team2,kill,80.79
Priest+Hunter_vs_Warrior+Paladin#as87Priest,Priest+Hunter,Warrior+Paladin,2,team2,kill,59.93
Priest+Hunter_vs_Warrior+Paladin#as87Priest,Priest+Hunter,Warrior+Paladin,3,team1,kill,111.99
Priest+Hunter_vs_Warrior+Paladin#as87Priest,Priest+Hunter,Warrior+Paladin,4,team2,kill,122.21
Priest+Hunter_vs_Warrior+Paladin#as87Priest,Priest+Hunter,Warrior+Paladin,5,team1,kill,75.80
Priest+Hunter_vs_Warrior+Hunter#as87Priest,Priest+Hunter,Warrior+Hunter,0,team1,kill,27.37
Priest+Hunter_vs_Warrior+Hunter#as87Priest,Priest+Hunter,Warrior+Hunter,1,team1,kill,27.95
Priest+Hunter_vs_Warrior+Hunter#as87Priest,Priest+Hunter,Warrior+Hunter,2,team2,kill,18.53
Priest+Hunter_vs_Warrior+Hunter#as87Priest,Priest+Hunter,Warrior+Hunter,3,team1,kill,27.37
Priest+Hunter_vs_Warrior+Hunter#as87Priest,Priest+Hunter,Warrior+Hunter,4,team1,kill,27.95
Priest+Hunter_vs_Warrior+Hunter#as87Priest,Priest+Hunter,Warrior+Hunter,5,team1,kill,27.95
Priest+Hunter_vs_Warrior+Shaman#as87Priest,Priest+Hunter,Warrior+Shaman,0,team2,kill,44.82
Priest+Hunter_vs_Warrior+Shaman#as87Priest,Priest+Hunter,Warrior+Shaman,1,team2,kill,49.70
Priest+Hunter_vs_Warrior+Shaman#as87Priest,Priest+Hunter,Warrior+Shaman,2,team2,kill,47.83
Priest+Hunter_vs_Warrior+Shaman#as87Priest,Priest+Hunter,Warrior+Shaman,3,team2,kill,51.93
Priest+Hunter_vs_Warrior+Shaman#as87Priest,Priest+Hunter,Warrior+Shaman,4,team2,kill,49.82
Priest+Hunter_vs_Warrior+Shaman#as87Priest,Priest+Hunter,Warrior+Shaman,5,team2,kill,50.63
Priest+Hunter_vs_Mage+Rogue#as87Priest,Priest+Hunter,Mage+Rogue,0,team1,kill,30.80
Priest+Hunter_vs_Mage+Rogue#as87Priest,Priest+Hunter,Mage+Rogue,1,team1,kill,39.68
Priest+Hunter_vs_Mage+Rogue#as87Priest,Priest+Hunter,Mage+Rogue,2,team1,kill,32.00
Priest+Hunter_vs_Mage+Rogue#as87Priest,Priest+Hunter,Mage+Rogue,3,team2,kill,37.40
Priest+Hunter_vs_Mage+Rogue#as87Priest,Priest+Hunter,Mage+Rogue,4,team2,kill,47.38
Priest+Hunter_vs_Mage+Rogue#as87Priest,Priest+Hunter,Mage+Rogue,5,team2,kill,37.70
Priest+Hunter_vs_Mage+Priest#as87Priest,Priest+Hunter,Mage+Priest,0,team1,kill,47.90
Priest+Hunter_vs_Mage+Priest#as87Priest,Priest+Hunter,Mage+Priest,1,team1,kill,56.62
Priest+Hunter_vs_Mage+Priest#as87Priest,Priest+Hunter,Mage+Priest,2,team1,kill,60.48
Priest+Hunter_vs_Mage+Priest#as87Priest,Priest+Hunter,Mage+Priest,3,team1,kill,52.93
Priest+Hunter_vs_Mage+Priest#as87Priest,Priest+Hunter,Mage+Priest,4,team2,kill,46.88
Priest+Hunter_vs_Mage+Priest#as87Priest,Priest+Hunter,Mage+Priest,5,team1,kill,52.22
Priest+Hunter_vs_Mage+Warlock#as87Priest,Priest+Hunter,Mage+Warlock,0,team2,kill,17.43
Priest+Hunter_vs_Mage+Warlock#as87Priest,Priest+Hunter,Mage+Warlock,1,team2,kill,19.78
Priest+Hunter_vs_Mage+Warlock#as87Priest,Priest+Hunter,Mage+Warlock,2,team2,kill,18.95
Priest+Hunter_vs_Mage+Warlock#as87Priest,Priest+Hunter,Mage+Warlock,3,team2,kill,16.77
Priest+Hunter_vs_Mage+Warlock#as87Priest,Priest+Hunter,Mage+Warlock,4,team2,kill,19.27
Priest+Hunter_vs_Mage+Warlock#as87Priest,Priest+Hunter,Mage+Warlock,5,team2,kill,14.53
Priest+Hunter_vs_Mage+Paladin#as87Priest,Priest+Hunter,Mage+Paladin,0,team1,kill,82.10
Priest+Hunter_vs_Mage+Paladin#as87Priest,Priest+Hunter,Mage+Paladin,1,team2,kill,105.77
Priest+Hunter_vs_Mage+Paladin#as87Priest,Priest+Hunter,Mage+Paladin,2,team1,kill,90.72
Priest+Hunter_vs_Mage+Paladin#as87Priest,Priest+Hunter,Mage+Paladin,3,team2,kill,84.19
Priest+Hunter_vs_Mage+Paladin#as87Priest,Priest+Hunter,Mage+Paladin,4,team2,kill,71.45
Priest+Hunter_vs_Mage+Paladin#as87Priest,Priest+Hunter,Mage+Paladin,5,team1,kill,160.75
Priest+Hunter_vs_Mage+Hunter#as87Priest,Priest+Hunter,Mage+Hunter,0,team2,kill,25.02
Priest+Hunter_vs_Mage+Hunter#as87Priest,Priest+Hunter,Mage+Hunter,1,team2,kill,14.65
Priest+Hunter_vs_Mage+Hunter#as87Priest,Priest+Hunter,Mage+Hunter,2,team2,kill,17.58
Priest+Hunter_vs_Mage+Hunter#as87Priest,Priest+Hunter,Mage+Hunter,3,team2,kill,28.05
Priest+Hunter_vs_Mage+Hunter#as87Priest,Priest+Hunter,Mage+Hunter,4,team2,kill,14.65
Priest+Hunter_vs_Mage+Hunter#as87Priest,Priest+Hunter,Mage+Hunter,5,team2,kill,25.02
Priest+Hunter_vs_Mage+Shaman#as87Priest,Priest+Hunter,Mage+Shaman,0,team2,kill,24.83
Priest+Hunter_vs_Mage+Shaman#as87Priest,Priest+Hunter,Mage+Shaman,1,team2,kill,42.08
Priest+Hunter_vs_Mage+Shaman#as87Priest,Priest+Hunter,Mage+Shaman,2,team2,kill,42.03
Priest+Hunter_vs_Mage+Shaman#as87Priest,Priest+Hunter,Mage+Shaman,3,team2,kill,26.15
Priest+Hunter_vs_Mage+Shaman#as87Priest,Priest+Hunter,Mage+Shaman,4,team2,kill,26.10
Priest+Hunter_vs_Mage+Shaman#as87Priest,Priest+Hunter,Mage+Shaman,5,team2,kill,34.57
Priest+Hunter_vs_Rogue+Priest#as87Priest,Priest+Hunter,Rogue+Priest,0,team2,kill,41.93
Priest+Hunter_vs_Rogue+Priest#as87Priest,Priest+Hunter,Rogue+Priest,1,team1,kill,64.72
Priest+Hunter_vs_Rogue+Priest#as87Priest,Priest+Hunter,Rogue+Priest,2,team1,kill,50.12
Priest+Hunter_vs_Rogue+Priest#as87Priest,Priest+Hunter,Rogue+Priest,3,team2,kill,71.13
Priest+Hunter_vs_Rogue+Priest#as87Priest,Priest+Hunter,Rogue+Priest,4,team1,kill,62.50
Priest+Hunter_vs_Rogue+Priest#as87Priest,Priest+Hunter,Rogue+Priest,5,team2,kill,71.57
Priest+Hunter_vs_Rogue+Warlock#as87Priest,Priest+Hunter,Rogue+Warlock,0,team1,kill,30.93
Priest+Hunter_vs_Rogue+Warlock#as87Priest,Priest+Hunter,Rogue+Warlock,1,team1,kill,31.48
Priest+Hunter_vs_Rogue+Warlock#as87Priest,Priest+Hunter,Rogue+Warlock,2,team1,kill,30.12
Priest+Hunter_vs_Rogue+Warlock#as87Priest,Priest+Hunter,Rogue+Warlock,3,team1,kill,30.33
Priest+Hunter_vs_Rogue+Warlock#as87Priest,Priest+Hunter,Rogue+Warlock,4,team2,kill,45.20
Priest+Hunter_vs_Rogue+Warlock#as87Priest,Priest+Hunter,Rogue+Warlock,5,team2,kill,46.40
Priest+Hunter_vs_Rogue+Paladin#as87Priest,Priest+Hunter,Rogue+Paladin,0,team2,kill,78.90
Priest+Hunter_vs_Rogue+Paladin#as87Priest,Priest+Hunter,Rogue+Paladin,1,team1,kill,122.01
Priest+Hunter_vs_Rogue+Paladin#as87Priest,Priest+Hunter,Rogue+Paladin,2,team2,kill,58.70
Priest+Hunter_vs_Rogue+Paladin#as87Priest,Priest+Hunter,Rogue+Paladin,3,team2,kill,71.73
Priest+Hunter_vs_Rogue+Paladin#as87Priest,Priest+Hunter,Rogue+Paladin,4,team1,kill,76.14
Priest+Hunter_vs_Rogue+Paladin#as87Priest,Priest+Hunter,Rogue+Paladin,5,team2,kill,48.43
Priest+Hunter_vs_Rogue+Hunter#as87Priest,Priest+Hunter,Rogue+Hunter,0,team1,kill,20.82
Priest+Hunter_vs_Rogue+Hunter#as87Priest,Priest+Hunter,Rogue+Hunter,1,team1,kill,20.80
Priest+Hunter_vs_Rogue+Hunter#as87Priest,Priest+Hunter,Rogue+Hunter,2,team1,kill,20.82
Priest+Hunter_vs_Rogue+Hunter#as87Priest,Priest+Hunter,Rogue+Hunter,3,team1,kill,20.67
Priest+Hunter_vs_Rogue+Hunter#as87Priest,Priest+Hunter,Rogue+Hunter,4,team1,kill,19.65
Priest+Hunter_vs_Rogue+Hunter#as87Priest,Priest+Hunter,Rogue+Hunter,5,team1,kill,19.65
Priest+Hunter_vs_Rogue+Shaman#as87Priest,Priest+Hunter,Rogue+Shaman,0,team2,kill,45.23
Priest+Hunter_vs_Rogue+Shaman#as87Priest,Priest+Hunter,Rogue+Shaman,1,team2,kill,42.10
Priest+Hunter_vs_Rogue+Shaman#as87Priest,Priest+Hunter,Rogue+Shaman,2,team2,kill,60.27
Priest+Hunter_vs_Rogue+Shaman#as87Priest,Priest+Hunter,Rogue+Shaman,3,team2,kill,37.13
Priest+Hunter_vs_Rogue+Shaman#as87Priest,Priest+Hunter,Rogue+Shaman,4,team2,kill,69.85
Priest+Hunter_vs_Rogue+Shaman#as87Priest,Priest+Hunter,Rogue+Shaman,5,team2,kill,39.08
Priest+Hunter_vs_Priest+Warlock#as87Priest,Priest+Hunter,Priest+Warlock,0,team2,kill,51.32
Priest+Hunter_vs_Priest+Warlock#as87Priest,Priest+Hunter,Priest+Warlock,1,team2,kill,54.37
Priest+Hunter_vs_Priest+Warlock#as87Priest,Priest+Hunter,Priest+Warlock,2,team2,kill,35.92
Priest+Hunter_vs_Priest+Warlock#as87Priest,Priest+Hunter,Priest+Warlock,3,team2,kill,92.09
Priest+Hunter_vs_Priest+Warlock#as87Priest,Priest+Hunter,Priest+Warlock,4,team2,kill,55.75
Priest+Hunter_vs_Priest+Warlock#as87Priest,Priest+Hunter,Priest+Warlock,5,team1,kill,51.40
Priest+Hunter_vs_Priest+Hunter#as87Priest,Priest+Hunter,Priest+Hunter,0,team1,kill,55.67
Priest+Hunter_vs_Priest+Hunter#as87Priest,Priest+Hunter,Priest+Hunter,1,team1,kill,46.18
Priest+Hunter_vs_Priest+Hunter#as87Priest,Priest+Hunter,Priest+Hunter,2,team2,kill,53.35
Priest+Hunter_vs_Priest+Hunter#as87Priest,Priest+Hunter,Priest+Hunter,3,team2,kill,58.77
Priest+Hunter_vs_Priest+Hunter#as87Priest,Priest+Hunter,Priest+Hunter,4,team1,kill,45.22
Priest+Hunter_vs_Priest+Hunter#as87Priest,Priest+Hunter,Priest+Hunter,5,team1,kill,49.73
Priest+Hunter_vs_Warlock+Paladin#as87Priest,Priest+Hunter,Warlock+Paladin,0,team2,kill,50.63
Priest+Hunter_vs_Warlock+Paladin#as87Priest,Priest+Hunter,Warlock+Paladin,1,team2,kill,60.02
Priest+Hunter_vs_Warlock+Paladin#as87Priest,Priest+Hunter,Warlock+Paladin,2,team2,kill,64.33
Priest+Hunter_vs_Warlock+Paladin#as87Priest,Priest+Hunter,Warlock+Paladin,3,team2,kill,53.13
Priest+Hunter_vs_Warlock+Paladin#as87Priest,Priest+Hunter,Warlock+Paladin,4,team2,kill,63.93
Priest+Hunter_vs_Warlock+Paladin#as87Priest,Priest+Hunter,Warlock+Paladin,5,team2,kill,58.82
Priest+Hunter_vs_Warlock+Hunter#as87Priest,Priest+Hunter,Warlock+Hunter,0,team2,kill,26.42
Priest+Hunter_vs_Warlock+Hunter#as87Priest,Priest+Hunter,Warlock+Hunter,1,team1,kill,30.10
Priest+Hunter_vs_Warlock+Hunter#as87Priest,Priest+Hunter,Warlock+Hunter,2,team1,kill,32.62
Priest+Hunter_vs_Warlock+Hunter#as87Priest,Priest+Hunter,Warlock+Hunter,3,team1,kill,33.50
Priest+Hunter_vs_Warlock+Hunter#as87Priest,Priest+Hunter,Warlock+Hunter,4,team2,kill,22.87
Priest+Hunter_vs_Warlock+Hunter#as87Priest,Priest+Hunter,Warlock+Hunter,5,team1,kill,31.88
Priest+Hunter_vs_Warlock+Shaman#as87Priest,Priest+Hunter,Warlock+Shaman,0,team2,kill,38.12
Priest+Hunter_vs_Warlock+Shaman#as87Priest,Priest+Hunter,Warlock+Shaman,1,team2,kill,44.85
Priest+Hunter_vs_Warlock+Shaman#as87Priest,Priest+Hunter,Warlock+Shaman,2,team2,kill,50.85
Priest+Hunter_vs_Warlock+Shaman#as87Priest,Priest+Hunter,Warlock+Shaman,3,team2,kill,49.95
Priest+Hunter_vs_Warlock+Shaman#as87Priest,Priest+Hunter,Warlock+Shaman,4,team2,kill,26.65
Priest+Hunter_vs_Warlock+Shaman#as87Priest,Priest+Hunter,Warlock+Shaman,5,team2,kill,29.87
Priest+Hunter_vs_Paladin+Hunter#as87Priest,Priest+Hunter,Paladin+Hunter,0,team2,kill,57.68
Priest+Hunter_vs_Paladin+Hunter#as87Priest,Priest+Hunter,Paladin+Hunter,1,team2,kill,61.30
Priest+Hunter_vs_Paladin+Hunter#as87Priest,Priest+Hunter,Paladin+Hunter,2,team2,kill,68.42
Priest+Hunter_vs_Paladin+Hunter#as87Priest,Priest+Hunter,Paladin+Hunter,3,team1,kill,86.27
Priest+Hunter_vs_Paladin+Hunter#as87Priest,Priest+Hunter,Paladin+Hunter,4,team1,kill,117.29
Priest+Hunter_vs_Paladin+Hunter#as87Priest,Priest+Hunter,Paladin+Hunter,5,team2,kill,58.02
Priest+Hunter_vs_Hunter+Shaman#as87Priest,Priest+Hunter,Hunter+Shaman,0,team1,kill,31.22
Priest+Hunter_vs_Hunter+Shaman#as87Priest,Priest+Hunter,Hunter+Shaman,1,team2,kill,67.05
Priest+Hunter_vs_Hunter+Shaman#as87Priest,Priest+Hunter,Hunter+Shaman,2,team2,kill,70.18
Priest+Hunter_vs_Hunter+Shaman#as87Priest,Priest+Hunter,Hunter+Shaman,3,team1,kill,49.27
Priest+Hunter_vs_Hunter+Shaman#as87Priest,Priest+Hunter,Hunter+Shaman,4,team2,kill,43.92
Priest+Hunter_vs_Hunter+Shaman#as87Priest,Priest+Hunter,Hunter+Shaman,5,team2,kill,53.23
Priest+Shaman_vs_Warrior+Mage#as87Priest,Priest+Shaman,Warrior+Mage,0,team2,kill,24.10
Priest+Shaman_vs_Warrior+Mage#as87Priest,Priest+Shaman,Warrior+Mage,1,team2,kill,20.08
Priest+Shaman_vs_Warrior+Mage#as87Priest,Priest+Shaman,Warrior+Mage,2,team2,kill,29.68
Priest+Shaman_vs_Warrior+Mage#as87Priest,Priest+Shaman,Warrior+Mage,3,team2,kill,26.75
Priest+Shaman_vs_Warrior+Mage#as87Priest,Priest+Shaman,Warrior+Mage,4,team2,kill,20.05
Priest+Shaman_vs_Warrior+Mage#as87Priest,Priest+Shaman,Warrior+Mage,5,team1,kill,24.43
Priest+Shaman_vs_Warrior+Rogue#as87Priest,Priest+Shaman,Warrior+Rogue,0,team1,kill,30.10
Priest+Shaman_vs_Warrior+Rogue#as87Priest,Priest+Shaman,Warrior+Rogue,1,team1,kill,29.33
Priest+Shaman_vs_Warrior+Rogue#as87Priest,Priest+Shaman,Warrior+Rogue,2,team1,kill,27.45
Priest+Shaman_vs_Warrior+Rogue#as87Priest,Priest+Shaman,Warrior+Rogue,3,team1,kill,29.47
Priest+Shaman_vs_Warrior+Rogue#as87Priest,Priest+Shaman,Warrior+Rogue,4,team1,kill,31.47
Priest+Shaman_vs_Warrior+Rogue#as87Priest,Priest+Shaman,Warrior+Rogue,5,team1,kill,28.12
Priest+Shaman_vs_Warrior+Priest#as87Priest,Priest+Shaman,Warrior+Priest,0,team1,kill,29.73
Priest+Shaman_vs_Warrior+Priest#as87Priest,Priest+Shaman,Warrior+Priest,1,team1,kill,32.47
Priest+Shaman_vs_Warrior+Priest#as87Priest,Priest+Shaman,Warrior+Priest,2,team2,kill,50.38
Priest+Shaman_vs_Warrior+Priest#as87Priest,Priest+Shaman,Warrior+Priest,3,team1,kill,32.40
Priest+Shaman_vs_Warrior+Priest#as87Priest,Priest+Shaman,Warrior+Priest,4,team2,kill,64.60
Priest+Shaman_vs_Warrior+Priest#as87Priest,Priest+Shaman,Warrior+Priest,5,team1,kill,33.67
Priest+Shaman_vs_Warrior+Warlock#as87Priest,Priest+Shaman,Warrior+Warlock,0,team1,kill,37.48
Priest+Shaman_vs_Warrior+Warlock#as87Priest,Priest+Shaman,Warrior+Warlock,1,team1,kill,27.15
Priest+Shaman_vs_Warrior+Warlock#as87Priest,Priest+Shaman,Warrior+Warlock,2,team1,kill,33.05
Priest+Shaman_vs_Warrior+Warlock#as87Priest,Priest+Shaman,Warrior+Warlock,3,team1,kill,50.48
Priest+Shaman_vs_Warrior+Warlock#as87Priest,Priest+Shaman,Warrior+Warlock,4,team1,kill,39.08
Priest+Shaman_vs_Warrior+Warlock#as87Priest,Priest+Shaman,Warrior+Warlock,5,team1,kill,37.82
Priest+Shaman_vs_Warrior+Paladin#as87Priest,Priest+Shaman,Warrior+Paladin,0,team2,kill,55.27
Priest+Shaman_vs_Warrior+Paladin#as87Priest,Priest+Shaman,Warrior+Paladin,1,team2,kill,53.18
Priest+Shaman_vs_Warrior+Paladin#as87Priest,Priest+Shaman,Warrior+Paladin,2,team2,kill,51.90
Priest+Shaman_vs_Warrior+Paladin#as87Priest,Priest+Shaman,Warrior+Paladin,3,team2,kill,56.47
Priest+Shaman_vs_Warrior+Paladin#as87Priest,Priest+Shaman,Warrior+Paladin,4,team2,kill,55.63
Priest+Shaman_vs_Warrior+Paladin#as87Priest,Priest+Shaman,Warrior+Paladin,5,team2,kill,53.78
Priest+Shaman_vs_Warrior+Hunter#as87Priest,Priest+Shaman,Warrior+Hunter,0,team1,kill,19.60
Priest+Shaman_vs_Warrior+Hunter#as87Priest,Priest+Shaman,Warrior+Hunter,1,team1,kill,19.60
Priest+Shaman_vs_Warrior+Hunter#as87Priest,Priest+Shaman,Warrior+Hunter,2,team1,kill,19.60
Priest+Shaman_vs_Warrior+Hunter#as87Priest,Priest+Shaman,Warrior+Hunter,3,team1,kill,19.60
Priest+Shaman_vs_Warrior+Hunter#as87Priest,Priest+Shaman,Warrior+Hunter,4,team1,kill,14.95
Priest+Shaman_vs_Warrior+Hunter#as87Priest,Priest+Shaman,Warrior+Hunter,5,team1,kill,16.28
Priest+Shaman_vs_Warrior+Shaman#as87Priest,Priest+Shaman,Warrior+Shaman,0,team2,kill,52.58
Priest+Shaman_vs_Warrior+Shaman#as87Priest,Priest+Shaman,Warrior+Shaman,1,team1,kill,23.62
Priest+Shaman_vs_Warrior+Shaman#as87Priest,Priest+Shaman,Warrior+Shaman,2,team2,kill,56.28
Priest+Shaman_vs_Warrior+Shaman#as87Priest,Priest+Shaman,Warrior+Shaman,3,team1,kill,45.80
Priest+Shaman_vs_Warrior+Shaman#as87Priest,Priest+Shaman,Warrior+Shaman,4,team2,kill,58.83
Priest+Shaman_vs_Warrior+Shaman#as87Priest,Priest+Shaman,Warrior+Shaman,5,team1,kill,48.33
Priest+Shaman_vs_Mage+Rogue#as87Priest,Priest+Shaman,Mage+Rogue,0,team2,kill,57.28
Priest+Shaman_vs_Mage+Rogue#as87Priest,Priest+Shaman,Mage+Rogue,1,team2,kill,36.82
Priest+Shaman_vs_Mage+Rogue#as87Priest,Priest+Shaman,Mage+Rogue,2,team2,kill,41.55
Priest+Shaman_vs_Mage+Rogue#as87Priest,Priest+Shaman,Mage+Rogue,3,team1,kill,40.70
Priest+Shaman_vs_Mage+Rogue#as87Priest,Priest+Shaman,Mage+Rogue,4,team1,kill,59.05
Priest+Shaman_vs_Mage+Rogue#as87Priest,Priest+Shaman,Mage+Rogue,5,team2,kill,48.55
Priest+Shaman_vs_Mage+Priest#as87Priest,Priest+Shaman,Mage+Priest,0,team2,kill,114.39
Priest+Shaman_vs_Mage+Priest#as87Priest,Priest+Shaman,Mage+Priest,1,team2,kill,109.61
Priest+Shaman_vs_Mage+Priest#as87Priest,Priest+Shaman,Mage+Priest,2,team2,kill,84.95
Priest+Shaman_vs_Mage+Priest#as87Priest,Priest+Shaman,Mage+Priest,3,team2,kill,112.18
Priest+Shaman_vs_Mage+Priest#as87Priest,Priest+Shaman,Mage+Priest,4,team2,kill,98.19
Priest+Shaman_vs_Mage+Priest#as87Priest,Priest+Shaman,Mage+Priest,5,team2,kill,84.87
Priest+Shaman_vs_Mage+Warlock#as87Priest,Priest+Shaman,Mage+Warlock,0,team2,kill,41.33
Priest+Shaman_vs_Mage+Warlock#as87Priest,Priest+Shaman,Mage+Warlock,1,team2,kill,29.83
Priest+Shaman_vs_Mage+Warlock#as87Priest,Priest+Shaman,Mage+Warlock,2,team2,kill,24.88
Priest+Shaman_vs_Mage+Warlock#as87Priest,Priest+Shaman,Mage+Warlock,3,team1,kill,32.55
Priest+Shaman_vs_Mage+Warlock#as87Priest,Priest+Shaman,Mage+Warlock,4,team1,kill,59.62
Priest+Shaman_vs_Mage+Warlock#as87Priest,Priest+Shaman,Mage+Warlock,5,team1,kill,69.42
Priest+Shaman_vs_Mage+Paladin#as87Priest,Priest+Shaman,Mage+Paladin,0,team2,kill,38.52
Priest+Shaman_vs_Mage+Paladin#as87Priest,Priest+Shaman,Mage+Paladin,1,team2,kill,69.05
Priest+Shaman_vs_Mage+Paladin#as87Priest,Priest+Shaman,Mage+Paladin,2,team2,kill,74.73
Priest+Shaman_vs_Mage+Paladin#as87Priest,Priest+Shaman,Mage+Paladin,3,team2,kill,70.65
Priest+Shaman_vs_Mage+Paladin#as87Priest,Priest+Shaman,Mage+Paladin,4,team2,kill,67.03
Priest+Shaman_vs_Mage+Paladin#as87Priest,Priest+Shaman,Mage+Paladin,5,team2,kill,74.37
Priest+Shaman_vs_Mage+Hunter#as87Priest,Priest+Shaman,Mage+Hunter,0,team1,kill,42.82
Priest+Shaman_vs_Mage+Hunter#as87Priest,Priest+Shaman,Mage+Hunter,1,team1,kill,45.58
Priest+Shaman_vs_Mage+Hunter#as87Priest,Priest+Shaman,Mage+Hunter,2,team1,kill,31.45
Priest+Shaman_vs_Mage+Hunter#as87Priest,Priest+Shaman,Mage+Hunter,3,team1,kill,31.45
Priest+Shaman_vs_Mage+Hunter#as87Priest,Priest+Shaman,Mage+Hunter,4,team2,kill,74.92
Priest+Shaman_vs_Mage+Hunter#as87Priest,Priest+Shaman,Mage+Hunter,5,team1,kill,30.57
Priest+Shaman_vs_Mage+Shaman#as87Priest,Priest+Shaman,Mage+Shaman,0,team2,kill,28.15
Priest+Shaman_vs_Mage+Shaman#as87Priest,Priest+Shaman,Mage+Shaman,1,team2,kill,74.93
Priest+Shaman_vs_Mage+Shaman#as87Priest,Priest+Shaman,Mage+Shaman,2,team2,kill,26.88
Priest+Shaman_vs_Mage+Shaman#as87Priest,Priest+Shaman,Mage+Shaman,3,team2,kill,27.73
Priest+Shaman_vs_Mage+Shaman#as87Priest,Priest+Shaman,Mage+Shaman,4,team2,kill,32.95
Priest+Shaman_vs_Mage+Shaman#as87Priest,Priest+Shaman,Mage+Shaman,5,team2,kill,26.88
Priest+Shaman_vs_Rogue+Priest#as87Priest,Priest+Shaman,Rogue+Priest,0,team2,kill,60.92
Priest+Shaman_vs_Rogue+Priest#as87Priest,Priest+Shaman,Rogue+Priest,1,team2,kill,59.15
Priest+Shaman_vs_Rogue+Priest#as87Priest,Priest+Shaman,Rogue+Priest,2,team2,kill,65.03
Priest+Shaman_vs_Rogue+Priest#as87Priest,Priest+Shaman,Rogue+Priest,3,team2,kill,65.72
Priest+Shaman_vs_Rogue+Priest#as87Priest,Priest+Shaman,Rogue+Priest,4,team2,kill,62.18
Priest+Shaman_vs_Rogue+Priest#as87Priest,Priest+Shaman,Rogue+Priest,5,team2,kill,61.83
Priest+Shaman_vs_Rogue+Warlock#as87Priest,Priest+Shaman,Rogue+Warlock,0,team1,kill,32.50
Priest+Shaman_vs_Rogue+Warlock#as87Priest,Priest+Shaman,Rogue+Warlock,1,team1,kill,34.02
Priest+Shaman_vs_Rogue+Warlock#as87Priest,Priest+Shaman,Rogue+Warlock,2,team1,kill,34.95
Priest+Shaman_vs_Rogue+Warlock#as87Priest,Priest+Shaman,Rogue+Warlock,3,team1,kill,36.50
Priest+Shaman_vs_Rogue+Warlock#as87Priest,Priest+Shaman,Rogue+Warlock,4,team1,kill,30.50
Priest+Shaman_vs_Rogue+Warlock#as87Priest,Priest+Shaman,Rogue+Warlock,5,team1,kill,30.40
Priest+Shaman_vs_Rogue+Paladin#as87Priest,Priest+Shaman,Rogue+Paladin,0,team2,kill,64.98
Priest+Shaman_vs_Rogue+Paladin#as87Priest,Priest+Shaman,Rogue+Paladin,1,team2,kill,78.80
Priest+Shaman_vs_Rogue+Paladin#as87Priest,Priest+Shaman,Rogue+Paladin,2,team2,kill,49.67
Priest+Shaman_vs_Rogue+Paladin#as87Priest,Priest+Shaman,Rogue+Paladin,3,team1,kill,119.88
Priest+Shaman_vs_Rogue+Paladin#as87Priest,Priest+Shaman,Rogue+Paladin,4,team2,kill,60.80
Priest+Shaman_vs_Rogue+Paladin#as87Priest,Priest+Shaman,Rogue+Paladin,5,team2,kill,59.92
Priest+Shaman_vs_Rogue+Hunter#as87Priest,Priest+Shaman,Rogue+Hunter,0,team1,kill,24.63
Priest+Shaman_vs_Rogue+Hunter#as87Priest,Priest+Shaman,Rogue+Hunter,1,team1,kill,19.60
Priest+Shaman_vs_Rogue+Hunter#as87Priest,Priest+Shaman,Rogue+Hunter,2,team1,kill,23.12
Priest+Shaman_vs_Rogue+Hunter#as87Priest,Priest+Shaman,Rogue+Hunter,3,team1,kill,23.12
Priest+Shaman_vs_Rogue+Hunter#as87Priest,Priest+Shaman,Rogue+Hunter,4,team1,kill,13.53
Priest+Shaman_vs_Rogue+Hunter#as87Priest,Priest+Shaman,Rogue+Hunter,5,team1,kill,25.68
Priest+Shaman_vs_Rogue+Shaman#as87Priest,Priest+Shaman,Rogue+Shaman,0,team2,kill,60.43
Priest+Shaman_vs_Rogue+Shaman#as87Priest,Priest+Shaman,Rogue+Shaman,1,team2,kill,29.87
Priest+Shaman_vs_Rogue+Shaman#as87Priest,Priest+Shaman,Rogue+Shaman,2,team2,kill,29.87
Priest+Shaman_vs_Rogue+Shaman#as87Priest,Priest+Shaman,Rogue+Shaman,3,team2,kill,66.08
Priest+Shaman_vs_Rogue+Shaman#as87Priest,Priest+Shaman,Rogue+Shaman,4,team2,kill,29.87
Priest+Shaman_vs_Rogue+Shaman#as87Priest,Priest+Shaman,Rogue+Shaman,5,team2,kill,34.40
Priest+Shaman_vs_Priest+Warlock#as87Priest,Priest+Shaman,Priest+Warlock,0,team2,kill,118.99
Priest+Shaman_vs_Priest+Warlock#as87Priest,Priest+Shaman,Priest+Warlock,1,team2,kill,131.61
Priest+Shaman_vs_Priest+Warlock#as87Priest,Priest+Shaman,Priest+Warlock,2,team2,kill,115.94
Priest+Shaman_vs_Priest+Warlock#as87Priest,Priest+Shaman,Priest+Warlock,3,team2,kill,80.85
Priest+Shaman_vs_Priest+Warlock#as87Priest,Priest+Shaman,Priest+Warlock,4,team2,kill,67.75
Priest+Shaman_vs_Priest+Warlock#as87Priest,Priest+Shaman,Priest+Warlock,5,team2,kill,111.51
Priest+Shaman_vs_Priest+Hunter#as87Priest,Priest+Shaman,Priest+Hunter,0,team2,kill,70.37
Priest+Shaman_vs_Priest+Hunter#as87Priest,Priest+Shaman,Priest+Hunter,1,team2,kill,90.40
Priest+Shaman_vs_Priest+Hunter#as87Priest,Priest+Shaman,Priest+Hunter,2,team2,kill,98.74
Priest+Shaman_vs_Priest+Hunter#as87Priest,Priest+Shaman,Priest+Hunter,3,team2,kill,79.32
Priest+Shaman_vs_Priest+Hunter#as87Priest,Priest+Shaman,Priest+Hunter,4,team2,kill,78.67
Priest+Shaman_vs_Priest+Hunter#as87Priest,Priest+Shaman,Priest+Hunter,5,team2,kill,77.94
Priest+Shaman_vs_Warlock+Paladin#as87Priest,Priest+Shaman,Warlock+Paladin,0,team2,kill,81.94
Priest+Shaman_vs_Warlock+Paladin#as87Priest,Priest+Shaman,Warlock+Paladin,1,team2,kill,87.97
Priest+Shaman_vs_Warlock+Paladin#as87Priest,Priest+Shaman,Warlock+Paladin,2,team2,kill,76.94
Priest+Shaman_vs_Warlock+Paladin#as87Priest,Priest+Shaman,Warlock+Paladin,3,team2,kill,62.35
Priest+Shaman_vs_Warlock+Paladin#as87Priest,Priest+Shaman,Warlock+Paladin,4,team2,kill,57.97
Priest+Shaman_vs_Warlock+Paladin#as87Priest,Priest+Shaman,Warlock+Paladin,5,team2,kill,58.92
Priest+Shaman_vs_Warlock+Hunter#as87Priest,Priest+Shaman,Warlock+Hunter,0,team1,kill,41.00
Priest+Shaman_vs_Warlock+Hunter#as87Priest,Priest+Shaman,Warlock+Hunter,1,team2,kill,68.27
Priest+Shaman_vs_Warlock+Hunter#as87Priest,Priest+Shaman,Warlock+Hunter,2,team1,kill,50.35
Priest+Shaman_vs_Warlock+Hunter#as87Priest,Priest+Shaman,Warlock+Hunter,3,team1,kill,55.42
Priest+Shaman_vs_Warlock+Hunter#as87Priest,Priest+Shaman,Warlock+Hunter,4,team1,kill,30.32
Priest+Shaman_vs_Warlock+Hunter#as87Priest,Priest+Shaman,Warlock+Hunter,5,team1,kill,39.88
Priest+Shaman_vs_Warlock+Shaman#as87Priest,Priest+Shaman,Warlock+Shaman,0,team2,kill,59.30
Priest+Shaman_vs_Warlock+Shaman#as87Priest,Priest+Shaman,Warlock+Shaman,1,team2,kill,62.95
Priest+Shaman_vs_Warlock+Shaman#as87Priest,Priest+Shaman,Warlock+Shaman,2,team2,kill,72.20
Priest+Shaman_vs_Warlock+Shaman#as87Priest,Priest+Shaman,Warlock+Shaman,3,team2,kill,76.29
Priest+Shaman_vs_Warlock+Shaman#as87Priest,Priest+Shaman,Warlock+Shaman,4,team2,kill,69.93
Priest+Shaman_vs_Warlock+Shaman#as87Priest,Priest+Shaman,Warlock+Shaman,5,team2,kill,81.92
Priest+Shaman_vs_Paladin+Hunter#as87Priest,Priest+Shaman,Paladin+Hunter,0,team2,kill,97.71
Priest+Shaman_vs_Paladin+Hunter#as87Priest,Priest+Shaman,Paladin+Hunter,1,team2,kill,94.61
Priest+Shaman_vs_Paladin+Hunter#as87Priest,Priest+Shaman,Paladin+Hunter,2,team2,kill,99.96
Priest+Shaman_vs_Paladin+Hunter#as87Priest,Priest+Shaman,Paladin+Hunter,3,team2,kill,103.16
Priest+Shaman_vs_Paladin+Hunter#as87Priest,Priest+Shaman,Paladin+Hunter,4,team2,kill,104.41
Priest+Shaman_vs_Paladin+Hunter#as87Priest,Priest+Shaman,Paladin+Hunter,5,team2,kill,112.24
Priest+Shaman_vs_Hunter+Shaman#as87Priest,Priest+Shaman,Hunter+Shaman,0,team2,kill,74.80
Priest+Shaman_vs_Hunter+Shaman#as87Priest,Priest+Shaman,Hunter+Shaman,1,team2,kill,72.42
Priest+Shaman_vs_Hunter+Shaman#as87Priest,Priest+Shaman,Hunter+Shaman,2,team1,kill,15.53
Priest+Shaman_vs_Hunter+Shaman#as87Priest,Priest+Shaman,Hunter+Shaman,3,team2,kill,74.02
Priest+Shaman_vs_Hunter+Shaman#as87Priest,Priest+Shaman,Hunter+Shaman,4,team2,kill,62.35
Priest+Shaman_vs_Hunter+Shaman#as87Priest,Priest+Shaman,Hunter+Shaman,5,team2,kill,72.42
Warrior+Rogue_vs_Warrior+Rogue#as87Control,Warrior+Rogue,Warrior+Rogue,0,team1,kill,23.03
Warrior+Rogue_vs_Warrior+Rogue#as87Control,Warrior+Rogue,Warrior+Rogue,1,draw,kill,23.03
Warrior+Rogue_vs_Warrior+Rogue#as87Control,Warrior+Rogue,Warrior+Rogue,2,team1,kill,24.80
Warrior+Rogue_vs_Warrior+Rogue#as87Control,Warrior+Rogue,Warrior+Rogue,3,team1,kill,23.03
Warrior+Rogue_vs_Warrior+Rogue#as87Control,Warrior+Rogue,Warrior+Rogue,4,team2,kill,23.03
Warrior+Rogue_vs_Warrior+Rogue#as87Control,Warrior+Rogue,Warrior+Rogue,5,team1,kill,23.03
Warrior+Rogue_vs_Warrior+Rogue#as87Control,Warrior+Rogue,Warrior+Rogue,6,team1,kill,23.03
Warrior+Rogue_vs_Warrior+Rogue#as87Control,Warrior+Rogue,Warrior+Rogue,7,team1,kill,21.03
Warrior+Rogue_vs_Warrior+Rogue#as87Control,Warrior+Rogue,Warrior+Rogue,8,team1,kill,24.13
Warrior+Rogue_vs_Warrior+Rogue#as87Control,Warrior+Rogue,Warrior+Rogue,9,draw,kill,23.03
Warrior+Rogue_vs_Warrior+Rogue#as87Control,Warrior+Rogue,Warrior+Rogue,10,team2,kill,23.03
Warrior+Rogue_vs_Warrior+Rogue#as87Control,Warrior+Rogue,Warrior+Rogue,11,draw,kill,25.03
Warrior+Rogue_vs_Warrior+Rogue#as87Control,Warrior+Rogue,Warrior+Rogue,12,draw,kill,23.03
Warrior+Rogue_vs_Warrior+Rogue#as87Control,Warrior+Rogue,Warrior+Rogue,13,team1,kill,21.03
Warrior+Rogue_vs_Warrior+Rogue#as87Control,Warrior+Rogue,Warrior+Rogue,14,draw,kill,23.03
Warrior+Rogue_vs_Warrior+Rogue#as87Control,Warrior+Rogue,Warrior+Rogue,15,draw,kill,23.03
Warrior+Rogue_vs_Warrior+Rogue#as87Control,Warrior+Rogue,Warrior+Rogue,16,team1,kill,23.03
Warrior+Rogue_vs_Warrior+Rogue#as87Control,Warrior+Rogue,Warrior+Rogue,17,team2,kill,19.03
Warrior+Rogue_vs_Warrior+Rogue#as87Control,Warrior+Rogue,Warrior+Rogue,18,draw,kill,23.03
Warrior+Rogue_vs_Warrior+Rogue#as87Control,Warrior+Rogue,Warrior+Rogue,19,draw,kill,23.03
Warrior+Rogue_vs_Warrior+Paladin#as87Control,Warrior+Rogue,Warrior+Paladin,0,team2,kill,21.10
Warrior+Rogue_vs_Warrior+Paladin#as87Control,Warrior+Rogue,Warrior+Paladin,1,team2,kill,20.62
Warrior+Rogue_vs_Warrior+Paladin#as87Control,Warrior+Rogue,Warrior+Paladin,2,team1,kill,53.33
Warrior+Rogue_vs_Warrior+Paladin#as87Control,Warrior+Rogue,Warrior+Paladin,3,team1,kill,67.72
Warrior+Rogue_vs_Warrior+Paladin#as87Control,Warrior+Rogue,Warrior+Paladin,4,team2,kill,25.67
Warrior+Rogue_vs_Warrior+Paladin#as87Control,Warrior+Rogue,Warrior+Paladin,5,team2,kill,19.60
Warrior+Rogue_vs_Warrior+Paladin#as87Control,Warrior+Rogue,Warrior+Paladin,6,team2,kill,25.67
Warrior+Rogue_vs_Warrior+Paladin#as87Control,Warrior+Rogue,Warrior+Paladin,7,team2,kill,28.30
Warrior+Rogue_vs_Warrior+Paladin#as87Control,Warrior+Rogue,Warrior+Paladin,8,team2,kill,25.08
Warrior+Rogue_vs_Warrior+Paladin#as87Control,Warrior+Rogue,Warrior+Paladin,9,team2,kill,25.67
Warrior+Rogue_vs_Warrior+Paladin#as87Control,Warrior+Rogue,Warrior+Paladin,10,team1,kill,52.05
Warrior+Rogue_vs_Warrior+Paladin#as87Control,Warrior+Rogue,Warrior+Paladin,11,team1,kill,53.35
Warrior+Rogue_vs_Warrior+Paladin#as87Control,Warrior+Rogue,Warrior+Paladin,12,team1,kill,57.58
Warrior+Rogue_vs_Warrior+Paladin#as87Control,Warrior+Rogue,Warrior+Paladin,13,team2,kill,25.67
Warrior+Rogue_vs_Warrior+Paladin#as87Control,Warrior+Rogue,Warrior+Paladin,14,team2,kill,25.67
Warrior+Rogue_vs_Warrior+Paladin#as87Control,Warrior+Rogue,Warrior+Paladin,15,team2,kill,66.45
Warrior+Rogue_vs_Warrior+Paladin#as87Control,Warrior+Rogue,Warrior+Paladin,16,team2,kill,25.67
Warrior+Rogue_vs_Warrior+Paladin#as87Control,Warrior+Rogue,Warrior+Paladin,17,team2,kill,25.67
Warrior+Rogue_vs_Warrior+Paladin#as87Control,Warrior+Rogue,Warrior+Paladin,18,team2,kill,25.67
Warrior+Rogue_vs_Warrior+Paladin#as87Control,Warrior+Rogue,Warrior+Paladin,19,team2,kill,25.67
Warrior+Rogue_vs_Warrior+Hunter#as87Control,Warrior+Rogue,Warrior+Hunter,0,team2,kill,23.72
Warrior+Rogue_vs_Warrior+Hunter#as87Control,Warrior+Rogue,Warrior+Hunter,1,team2,kill,20.78
Warrior+Rogue_vs_Warrior+Hunter#as87Control,Warrior+Rogue,Warrior+Hunter,2,team2,kill,22.60
Warrior+Rogue_vs_Warrior+Hunter#as87Control,Warrior+Rogue,Warrior+Hunter,3,team2,kill,23.72
Warrior+Rogue_vs_Warrior+Hunter#as87Control,Warrior+Rogue,Warrior+Hunter,4,team2,kill,20.78
Warrior+Rogue_vs_Warrior+Hunter#as87Control,Warrior+Rogue,Warrior+Hunter,5,team2,kill,20.78
Warrior+Rogue_vs_Warrior+Hunter#as87Control,Warrior+Rogue,Warrior+Hunter,6,team2,kill,23.72
Warrior+Rogue_vs_Warrior+Hunter#as87Control,Warrior+Rogue,Warrior+Hunter,7,team2,kill,24.40
Warrior+Rogue_vs_Warrior+Hunter#as87Control,Warrior+Rogue,Warrior+Hunter,8,team2,kill,20.78
Warrior+Rogue_vs_Warrior+Hunter#as87Control,Warrior+Rogue,Warrior+Hunter,9,team2,kill,24.83
Warrior+Rogue_vs_Warrior+Hunter#as87Control,Warrior+Rogue,Warrior+Hunter,10,team2,kill,24.83
Warrior+Rogue_vs_Warrior+Hunter#as87Control,Warrior+Rogue,Warrior+Hunter,11,team2,kill,24.83
Warrior+Rogue_vs_Warrior+Hunter#as87Control,Warrior+Rogue,Warrior+Hunter,12,team2,kill,24.83
Warrior+Rogue_vs_Warrior+Hunter#as87Control,Warrior+Rogue,Warrior+Hunter,13,team2,kill,24.83
Warrior+Rogue_vs_Warrior+Hunter#as87Control,Warrior+Rogue,Warrior+Hunter,14,team2,kill,20.78
Warrior+Rogue_vs_Warrior+Hunter#as87Control,Warrior+Rogue,Warrior+Hunter,15,team2,kill,22.53
Warrior+Rogue_vs_Warrior+Hunter#as87Control,Warrior+Rogue,Warrior+Hunter,16,team2,kill,22.40
Warrior+Rogue_vs_Warrior+Hunter#as87Control,Warrior+Rogue,Warrior+Hunter,17,team2,kill,24.83
Warrior+Rogue_vs_Warrior+Hunter#as87Control,Warrior+Rogue,Warrior+Hunter,18,team2,kill,24.83
Warrior+Rogue_vs_Warrior+Hunter#as87Control,Warrior+Rogue,Warrior+Hunter,19,team2,kill,23.72
Warrior+Rogue_vs_Warrior+Shaman#as87Control,Warrior+Rogue,Warrior+Shaman,0,team2,kill,19.50
Warrior+Rogue_vs_Warrior+Shaman#as87Control,Warrior+Rogue,Warrior+Shaman,1,team1,kill,18.08
Warrior+Rogue_vs_Warrior+Shaman#as87Control,Warrior+Rogue,Warrior+Shaman,2,team1,kill,21.42
Warrior+Rogue_vs_Warrior+Shaman#as87Control,Warrior+Rogue,Warrior+Shaman,3,team2,kill,19.60
Warrior+Rogue_vs_Warrior+Shaman#as87Control,Warrior+Rogue,Warrior+Shaman,4,team1,kill,22.23
Warrior+Rogue_vs_Warrior+Shaman#as87Control,Warrior+Rogue,Warrior+Shaman,5,team1,kill,19.42
Warrior+Rogue_vs_Warrior+Shaman#as87Control,Warrior+Rogue,Warrior+Shaman,6,team1,kill,19.42
Warrior+Rogue_vs_Warrior+Shaman#as87Control,Warrior+Rogue,Warrior+Shaman,7,team2,kill,19.60
Warrior+Rogue_vs_Warrior+Shaman#as87Control,Warrior+Rogue,Warrior+Shaman,8,team1,kill,20.23
Warrior+Rogue_vs_Warrior+Shaman#as87Control,Warrior+Rogue,Warrior+Shaman,9,team2,kill,20.62
Warrior+Rogue_vs_Warrior+Shaman#as87Control,Warrior+Rogue,Warrior+Shaman,10,team2,kill,19.60
Warrior+Rogue_vs_Warrior+Shaman#as87Control,Warrior+Rogue,Warrior+Shaman,11,team2,kill,19.60
Warrior+Rogue_vs_Warrior+Shaman#as87Control,Warrior+Rogue,Warrior+Shaman,12,team2,kill,19.85
Warrior+Rogue_vs_Warrior+Shaman#as87Control,Warrior+Rogue,Warrior+Shaman,13,team1,kill,20.08
Warrior+Rogue_vs_Warrior+Shaman#as87Control,Warrior+Rogue,Warrior+Shaman,14,team2,kill,20.30
Warrior+Rogue_vs_Warrior+Shaman#as87Control,Warrior+Rogue,Warrior+Shaman,15,team2,kill,18.50
Warrior+Rogue_vs_Warrior+Shaman#as87Control,Warrior+Rogue,Warrior+Shaman,16,team1,kill,17.03
Warrior+Rogue_vs_Warrior+Shaman#as87Control,Warrior+Rogue,Warrior+Shaman,17,team1,kill,19.42
Warrior+Rogue_vs_Warrior+Shaman#as87Control,Warrior+Rogue,Warrior+Shaman,18,team1,kill,20.08
Warrior+Rogue_vs_Warrior+Shaman#as87Control,Warrior+Rogue,Warrior+Shaman,19,draw,kill,22.08
Warrior+Rogue_vs_Rogue+Paladin#as87Control,Warrior+Rogue,Rogue+Paladin,0,team1,kill,41.73
Warrior+Rogue_vs_Rogue+Paladin#as87Control,Warrior+Rogue,Rogue+Paladin,1,team1,kill,44.48
Warrior+Rogue_vs_Rogue+Paladin#as87Control,Warrior+Rogue,Rogue+Paladin,2,team1,kill,42.77
Warrior+Rogue_vs_Rogue+Paladin#as87Control,Warrior+Rogue,Rogue+Paladin,3,team1,kill,42.80
Warrior+Rogue_vs_Rogue+Paladin#as87Control,Warrior+Rogue,Rogue+Paladin,4,team1,kill,43.48
Warrior+Rogue_vs_Rogue+Paladin#as87Control,Warrior+Rogue,Rogue+Paladin,5,team1,kill,44.35
Warrior+Rogue_vs_Rogue+Paladin#as87Control,Warrior+Rogue,Rogue+Paladin,6,team1,kill,52.62
Warrior+Rogue_vs_Rogue+Paladin#as87Control,Warrior+Rogue,Rogue+Paladin,7,team1,kill,44.53
Warrior+Rogue_vs_Rogue+Paladin#as87Control,Warrior+Rogue,Rogue+Paladin,8,team1,kill,43.40
Warrior+Rogue_vs_Rogue+Paladin#as87Control,Warrior+Rogue,Rogue+Paladin,9,team1,kill,44.10
Warrior+Rogue_vs_Rogue+Paladin#as87Control,Warrior+Rogue,Rogue+Paladin,10,team1,kill,41.50
Warrior+Rogue_vs_Rogue+Paladin#as87Control,Warrior+Rogue,Rogue+Paladin,11,team1,kill,44.97
Warrior+Rogue_vs_Rogue+Paladin#as87Control,Warrior+Rogue,Rogue+Paladin,12,team1,kill,45.22
Warrior+Rogue_vs_Rogue+Paladin#as87Control,Warrior+Rogue,Rogue+Paladin,13,team1,kill,44.68
Warrior+Rogue_vs_Rogue+Paladin#as87Control,Warrior+Rogue,Rogue+Paladin,14,team1,kill,42.82
Warrior+Rogue_vs_Rogue+Paladin#as87Control,Warrior+Rogue,Rogue+Paladin,15,team1,kill,45.47
Warrior+Rogue_vs_Rogue+Paladin#as87Control,Warrior+Rogue,Rogue+Paladin,16,team1,kill,41.57
Warrior+Rogue_vs_Rogue+Paladin#as87Control,Warrior+Rogue,Rogue+Paladin,17,team1,kill,37.52
Warrior+Rogue_vs_Rogue+Paladin#as87Control,Warrior+Rogue,Rogue+Paladin,18,team1,kill,42.43
Warrior+Rogue_vs_Rogue+Paladin#as87Control,Warrior+Rogue,Rogue+Paladin,19,team1,kill,44.52
Warrior+Rogue_vs_Rogue+Hunter#as87Control,Warrior+Rogue,Rogue+Hunter,0,team2,kill,22.22
Warrior+Rogue_vs_Rogue+Hunter#as87Control,Warrior+Rogue,Rogue+Hunter,1,team2,kill,20.98
Warrior+Rogue_vs_Rogue+Hunter#as87Control,Warrior+Rogue,Rogue+Hunter,2,team2,kill,22.22
Warrior+Rogue_vs_Rogue+Hunter#as87Control,Warrior+Rogue,Rogue+Hunter,3,team2,kill,22.22
Warrior+Rogue_vs_Rogue+Hunter#as87Control,Warrior+Rogue,Rogue+Hunter,4,team2,kill,22.50
Warrior+Rogue_vs_Rogue+Hunter#as87Control,Warrior+Rogue,Rogue+Hunter,5,team2,kill,21.08
Warrior+Rogue_vs_Rogue+Hunter#as87Control,Warrior+Rogue,Rogue+Hunter,6,team2,kill,20.47
Warrior+Rogue_vs_Rogue+Hunter#as87Control,Warrior+Rogue,Rogue+Hunter,7,team2,kill,20.45
Warrior+Rogue_vs_Rogue+Hunter#as87Control,Warrior+Rogue,Rogue+Hunter,8,team2,kill,22.22
Warrior+Rogue_vs_Rogue+Hunter#as87Control,Warrior+Rogue,Rogue+Hunter,9,team2,kill,22.50
Warrior+Rogue_vs_Rogue+Hunter#as87Control,Warrior+Rogue,Rogue+Hunter,10,team2,kill,22.38
Warrior+Rogue_vs_Rogue+Hunter#as87Control,Warrior+Rogue,Rogue+Hunter,11,team2,kill,21.25
Warrior+Rogue_vs_Rogue+Hunter#as87Control,Warrior+Rogue,Rogue+Hunter,12,team2,kill,20.95
Warrior+Rogue_vs_Rogue+Hunter#as87Control,Warrior+Rogue,Rogue+Hunter,13,team2,kill,21.22
Warrior+Rogue_vs_Rogue+Hunter#as87Control,Warrior+Rogue,Rogue+Hunter,14,team2,kill,21.50
Warrior+Rogue_vs_Rogue+Hunter#as87Control,Warrior+Rogue,Rogue+Hunter,15,team2,kill,20.95
Warrior+Rogue_vs_Rogue+Hunter#as87Control,Warrior+Rogue,Rogue+Hunter,16,team2,kill,21.23
Warrior+Rogue_vs_Rogue+Hunter#as87Control,Warrior+Rogue,Rogue+Hunter,17,team2,kill,21.90
Warrior+Rogue_vs_Rogue+Hunter#as87Control,Warrior+Rogue,Rogue+Hunter,18,team2,kill,22.22
Warrior+Rogue_vs_Rogue+Hunter#as87Control,Warrior+Rogue,Rogue+Hunter,19,team2,kill,21.23
Warrior+Rogue_vs_Rogue+Shaman#as87Control,Warrior+Rogue,Rogue+Shaman,0,team2,kill,18.57
Warrior+Rogue_vs_Rogue+Shaman#as87Control,Warrior+Rogue,Rogue+Shaman,1,team2,kill,20.08
Warrior+Rogue_vs_Rogue+Shaman#as87Control,Warrior+Rogue,Rogue+Shaman,2,team2,kill,20.08
Warrior+Rogue_vs_Rogue+Shaman#as87Control,Warrior+Rogue,Rogue+Shaman,3,team2,kill,18.57
Warrior+Rogue_vs_Rogue+Shaman#as87Control,Warrior+Rogue,Rogue+Shaman,4,team2,kill,20.42
Warrior+Rogue_vs_Rogue+Shaman#as87Control,Warrior+Rogue,Rogue+Shaman,5,team2,kill,21.05
Warrior+Rogue_vs_Rogue+Shaman#as87Control,Warrior+Rogue,Rogue+Shaman,6,team2,kill,19.55
Warrior+Rogue_vs_Rogue+Shaman#as87Control,Warrior+Rogue,Rogue+Shaman,7,team2,kill,22.08
Warrior+Rogue_vs_Rogue+Shaman#as87Control,Warrior+Rogue,Rogue+Shaman,8,team2,kill,20.08
Warrior+Rogue_vs_Rogue+Shaman#as87Control,Warrior+Rogue,Rogue+Shaman,9,team2,kill,20.42
Warrior+Rogue_vs_Rogue+Shaman#as87Control,Warrior+Rogue,Rogue+Shaman,10,team2,kill,20.42
Warrior+Rogue_vs_Rogue+Shaman#as87Control,Warrior+Rogue,Rogue+Shaman,11,team2,kill,22.42
Warrior+Rogue_vs_Rogue+Shaman#as87Control,Warrior+Rogue,Rogue+Shaman,12,team2,kill,20.42
Warrior+Rogue_vs_Rogue+Shaman#as87Control,Warrior+Rogue,Rogue+Shaman,13,team2,kill,21.75
Warrior+Rogue_vs_Rogue+Shaman#as87Control,Warrior+Rogue,Rogue+Shaman,14,team2,kill,20.42
Warrior+Rogue_vs_Rogue+Shaman#as87Control,Warrior+Rogue,Rogue+Shaman,15,team2,kill,18.57
Warrior+Rogue_vs_Rogue+Shaman#as87Control,Warrior+Rogue,Rogue+Shaman,16,team2,kill,20.08
Warrior+Rogue_vs_Rogue+Shaman#as87Control,Warrior+Rogue,Rogue+Shaman,17,team2,kill,21.05
Warrior+Rogue_vs_Rogue+Shaman#as87Control,Warrior+Rogue,Rogue+Shaman,18,team2,kill,22.08
Warrior+Rogue_vs_Rogue+Shaman#as87Control,Warrior+Rogue,Rogue+Shaman,19,team2,kill,18.88
Warrior+Rogue_vs_Paladin+Hunter#as87Control,Warrior+Rogue,Paladin+Hunter,0,team2,kill,26.07
Warrior+Rogue_vs_Paladin+Hunter#as87Control,Warrior+Rogue,Paladin+Hunter,1,team2,kill,41.90
Warrior+Rogue_vs_Paladin+Hunter#as87Control,Warrior+Rogue,Paladin+Hunter,2,team2,kill,27.15
Warrior+Rogue_vs_Paladin+Hunter#as87Control,Warrior+Rogue,Paladin+Hunter,3,team2,kill,27.98
Warrior+Rogue_vs_Paladin+Hunter#as87Control,Warrior+Rogue,Paladin+Hunter,4,team2,kill,26.07
Warrior+Rogue_vs_Paladin+Hunter#as87Control,Warrior+Rogue,Paladin+Hunter,5,team2,kill,40.48
Warrior+Rogue_vs_Paladin+Hunter#as87Control,Warrior+Rogue,Paladin+Hunter,6,team2,kill,27.95
Warrior+Rogue_vs_Paladin+Hunter#as87Control,Warrior+Rogue,Paladin+Hunter,7,team2,kill,27.17
Warrior+Rogue_vs_Paladin+Hunter#as87Control,Warrior+Rogue,Paladin+Hunter,8,team2,kill,27.17
Warrior+Rogue_vs_Paladin+Hunter#as87Control,Warrior+Rogue,Paladin+Hunter,9,team2,kill,47.08
Warrior+Rogue_vs_Paladin+Hunter#as87Control,Warrior+Rogue,Paladin+Hunter,10,team2,kill,27.95
Warrior+Rogue_vs_Paladin+Hunter#as87Control,Warrior+Rogue,Paladin+Hunter,11,team2,kill,43.73
Warrior+Rogue_vs_Paladin+Hunter#as87Control,Warrior+Rogue,Paladin+Hunter,12,team2,kill,40.33
Warrior+Rogue_vs_Paladin+Hunter#as87Control,Warrior+Rogue,Paladin+Hunter,13,team2,kill,27.17
Warrior+Rogue_vs_Paladin+Hunter#as87Control,Warrior+Rogue,Paladin+Hunter,14,team2,kill,27.17
Warrior+Rogue_vs_Paladin+Hunter#as87Control,Warrior+Rogue,Paladin+Hunter,15,team2,kill,27.17
Warrior+Rogue_vs_Paladin+Hunter#as87Control,Warrior+Rogue,Paladin+Hunter,16,team2,kill,27.18
Warrior+Rogue_vs_Paladin+Hunter#as87Control,Warrior+Rogue,Paladin+Hunter,17,team2,kill,47.77
Warrior+Rogue_vs_Paladin+Hunter#as87Control,Warrior+Rogue,Paladin+Hunter,18,team2,kill,27.15
Warrior+Rogue_vs_Paladin+Hunter#as87Control,Warrior+Rogue,Paladin+Hunter,19,team2,kill,44.00
Warrior+Rogue_vs_Hunter+Shaman#as87Control,Warrior+Rogue,Hunter+Shaman,0,team2,kill,15.97
Warrior+Rogue_vs_Hunter+Shaman#as87Control,Warrior+Rogue,Hunter+Shaman,1,team2,kill,15.97
Warrior+Rogue_vs_Hunter+Shaman#as87Control,Warrior+Rogue,Hunter+Shaman,2,team2,kill,15.97
Warrior+Rogue_vs_Hunter+Shaman#as87Control,Warrior+Rogue,Hunter+Shaman,3,team2,kill,15.97
Warrior+Rogue_vs_Hunter+Shaman#as87Control,Warrior+Rogue,Hunter+Shaman,4,team2,kill,13.55
Warrior+Rogue_vs_Hunter+Shaman#as87Control,Warrior+Rogue,Hunter+Shaman,5,team2,kill,15.97
Warrior+Rogue_vs_Hunter+Shaman#as87Control,Warrior+Rogue,Hunter+Shaman,6,team2,kill,15.97
Warrior+Rogue_vs_Hunter+Shaman#as87Control,Warrior+Rogue,Hunter+Shaman,7,team2,kill,13.53
Warrior+Rogue_vs_Hunter+Shaman#as87Control,Warrior+Rogue,Hunter+Shaman,8,team2,kill,13.55
Warrior+Rogue_vs_Hunter+Shaman#as87Control,Warrior+Rogue,Hunter+Shaman,9,team2,kill,14.65
Warrior+Rogue_vs_Hunter+Shaman#as87Control,Warrior+Rogue,Hunter+Shaman,10,team2,kill,15.97
Warrior+Rogue_vs_Hunter+Shaman#as87Control,Warrior+Rogue,Hunter+Shaman,11,team2,kill,15.97
Warrior+Rogue_vs_Hunter+Shaman#as87Control,Warrior+Rogue,Hunter+Shaman,12,team2,kill,13.55
Warrior+Rogue_vs_Hunter+Shaman#as87Control,Warrior+Rogue,Hunter+Shaman,13,team2,kill,13.55
Warrior+Rogue_vs_Hunter+Shaman#as87Control,Warrior+Rogue,Hunter+Shaman,14,team2,kill,15.97
Warrior+Rogue_vs_Hunter+Shaman#as87Control,Warrior+Rogue,Hunter+Shaman,15,team2,kill,15.97
Warrior+Rogue_vs_Hunter+Shaman#as87Control,Warrior+Rogue,Hunter+Shaman,16,team2,kill,15.97
Warrior+Rogue_vs_Hunter+Shaman#as87Control,Warrior+Rogue,Hunter+Shaman,17,team2,kill,15.97
Warrior+Rogue_vs_Hunter+Shaman#as87Control,Warrior+Rogue,Hunter+Shaman,18,team2,kill,15.97
Warrior+Rogue_vs_Hunter+Shaman#as87Control,Warrior+Rogue,Hunter+Shaman,19,team2,kill,15.97
Warrior+Paladin_vs_Warrior+Rogue#as87Control,Warrior+Paladin,Warrior+Rogue,0,team2,kill,47.72
Warrior+Paladin_vs_Warrior+Rogue#as87Control,Warrior+Paladin,Warrior+Rogue,1,team2,kill,54.92
Warrior+Paladin_vs_Warrior+Rogue#as87Control,Warrior+Paladin,Warrior+Rogue,2,team1,kill,25.67
Warrior+Paladin_vs_Warrior+Rogue#as87Control,Warrior+Paladin,Warrior+Rogue,3,team2,kill,62.10
Warrior+Paladin_vs_Warrior+Rogue#as87Control,Warrior+Paladin,Warrior+Rogue,4,team1,kill,25.67
Warrior+Paladin_vs_Warrior+Rogue#as87Control,Warrior+Paladin,Warrior+Rogue,5,team1,kill,21.10
Warrior+Paladin_vs_Warrior+Rogue#as87Control,Warrior+Paladin,Warrior+Rogue,6,team1,kill,25.67
Warrior+Paladin_vs_Warrior+Rogue#as87Control,Warrior+Paladin,Warrior+Rogue,7,team1,kill,25.08
Warrior+Paladin_vs_Warrior+Rogue#as87Control,Warrior+Paladin,Warrior+Rogue,8,team2,kill,55.70
Warrior+Paladin_vs_Warrior+Rogue#as87Control,Warrior+Paladin,Warrior+Rogue,9,team2,kill,53.08
Warrior+Paladin_vs_Warrior+Rogue#as87Control,Warrior+Paladin,Warrior+Rogue,10,team2,kill,52.92
Warrior+Paladin_vs_Warrior+Rogue#as87Control,Warrior+Paladin,Warrior+Rogue,11,team1,kill,25.08
Warrior+Paladin_vs_Warrior+Rogue#as87Control,Warrior+Paladin,Warrior+Rogue,12,team2,kill,64.62
Warrior+Paladin_vs_Warrior+Rogue#as87Control,Warrior+Paladin,Warrior+Rogue,13,team1,kill,25.67
Warrior+Paladin_vs_Warrior+Rogue#as87Control,Warrior+Paladin,Warrior+Rogue,14,team1,kill,22.85
Warrior+Paladin_vs_Warrior+Rogue#as87Control,Warrior+Paladin,Warrior+Rogue,15,team1,kill,21.12
Warrior+Paladin_vs_Warrior+Rogue#as87Control,Warrior+Paladin,Warrior+Rogue,16,team2,kill,31.98
Warrior+Paladin_vs_Warrior+Rogue#as87Control,Warrior+Paladin,Warrior+Rogue,17,team1,kill,25.67
Warrior+Paladin_vs_Warrior+Rogue#as87Control,Warrior+Paladin,Warrior+Rogue,18,team1,kill,21.73
Warrior+Paladin_vs_Warrior+Rogue#as87Control,Warrior+Paladin,Warrior+Rogue,19,team1,kill,25.67
Warrior+Paladin_vs_Warrior+Paladin#as87Control,Warrior+Paladin,Warrior+Paladin,0,team1,kill,98.09
Warrior+Paladin_vs_Warrior+Paladin#as87Control,Warrior+Paladin,Warrior+Paladin,1,team2,kill,68.70
Warrior+Paladin_vs_Warrior+Paladin#as87Control,Warrior+Paladin,Warrior+Paladin,2,team2,kill,152.61
Warrior+Paladin_vs_Warrior+Paladin#as87Control,Warrior+Paladin,Warrior+Paladin,3,team1,kill,160.44
Warrior+Paladin_vs_Warrior+Paladin#as87Control,Warrior+Paladin,Warrior+Paladin,4,team2,kill,154.34
Warrior+Paladin_vs_Warrior+Paladin#as87Control,Warrior+Paladin,Warrior+Paladin,5,team2,kill,61.07
Warrior+Paladin_vs_Warrior+Paladin#as87Control,Warrior+Paladin,Warrior+Paladin,6,team2,kill,161.45
Warrior+Paladin_vs_Warrior+Paladin#as87Control,Warrior+Paladin,Warrior+Paladin,7,draw,kill,156.41
Warrior+Paladin_vs_Warrior+Paladin#as87Control,Warrior+Paladin,Warrior+Paladin,8,team2,kill,64.15
Warrior+Paladin_vs_Warrior+Paladin#as87Control,Warrior+Paladin,Warrior+Paladin,9,team2,kill,64.15
Warrior+Paladin_vs_Warrior+Paladin#as87Control,Warrior+Paladin,Warrior+Paladin,10,team2,kill,61.02
Warrior+Paladin_vs_Warrior+Paladin#as87Control,Warrior+Paladin,Warrior+Paladin,11,team1,kill,72.55
Warrior+Paladin_vs_Warrior+Paladin#as87Control,Warrior+Paladin,Warrior+Paladin,12,team1,kill,156.94
Warrior+Paladin_vs_Warrior+Paladin#as87Control,Warrior+Paladin,Warrior+Paladin,13,team2,kill,116.96
Warrior+Paladin_vs_Warrior+Paladin#as87Control,Warrior+Paladin,Warrior+Paladin,14,team2,kill,154.14
Warrior+Paladin_vs_Warrior+Paladin#as87Control,Warrior+Paladin,Warrior+Paladin,15,team2,kill,98.09
Warrior+Paladin_vs_Warrior+Paladin#as87Control,Warrior+Paladin,Warrior+Paladin,16,team1,kill,161.45
Warrior+Paladin_vs_Warrior+Paladin#as87Control,Warrior+Paladin,Warrior+Paladin,17,team2,kill,157.39
Warrior+Paladin_vs_Warrior+Paladin#as87Control,Warrior+Paladin,Warrior+Paladin,18,team1,kill,159.82
Warrior+Paladin_vs_Warrior+Paladin#as87Control,Warrior+Paladin,Warrior+Paladin,19,team1,kill,165.79
Warrior+Paladin_vs_Warrior+Hunter#as87Control,Warrior+Paladin,Warrior+Hunter,0,team1,kill,43.57
Warrior+Paladin_vs_Warrior+Hunter#as87Control,Warrior+Paladin,Warrior+Hunter,1,team1,kill,42.05
Warrior+Paladin_vs_Warrior+Hunter#as87Control,Warrior+Paladin,Warrior+Hunter,2,team1,kill,42.10
Warrior+Paladin_vs_Warrior+Hunter#as87Control,Warrior+Paladin,Warrior+Hunter,3,team1,kill,42.05
Warrior+Paladin_vs_Warrior+Hunter#as87Control,Warrior+Paladin,Warrior+Hunter,4,team1,kill,43.57
Warrior+Paladin_vs_Warrior+Hunter#as87Control,Warrior+Paladin,Warrior+Hunter,5,team1,kill,43.57
Warrior+Paladin_vs_Warrior+Hunter#as87Control,Warrior+Paladin,Warrior+Hunter,6,team1,kill,42.05
Warrior+Paladin_vs_Warrior+Hunter#as87Control,Warrior+Paladin,Warrior+Hunter,7,team1,kill,42.05
Warrior+Paladin_vs_Warrior+Hunter#as87Control,Warrior+Paladin,Warrior+Hunter,8,team1,kill,42.05
Warrior+Paladin_vs_Warrior+Hunter#as87Control,Warrior+Paladin,Warrior+Hunter,9,team1,kill,42.05
Warrior+Paladin_vs_Warrior+Hunter#as87Control,Warrior+Paladin,Warrior+Hunter,10,team1,kill,42.05
Warrior+Paladin_vs_Warrior+Hunter#as87Control,Warrior+Paladin,Warrior+Hunter,11,team1,kill,42.07
Warrior+Paladin_vs_Warrior+Hunter#as87Control,Warrior+Paladin,Warrior+Hunter,12,team1,kill,42.05
Warrior+Paladin_vs_Warrior+Hunter#as87Control,Warrior+Paladin,Warrior+Hunter,13,team1,kill,43.57
Warrior+Paladin_vs_Warrior+Hunter#as87Control,Warrior+Paladin,Warrior+Hunter,14,team1,kill,42.05
Warrior+Paladin_vs_Warrior+Hunter#as87Control,Warrior+Paladin,Warrior+Hunter,15,team1,kill,43.57
Warrior+Paladin_vs_Warrior+Hunter#as87Control,Warrior+Paladin,Warrior+Hunter,16,team1,kill,42.05
Warrior+Paladin_vs_Warrior+Hunter#as87Control,Warrior+Paladin,Warrior+Hunter,17,team1,kill,56.72
Warrior+Paladin_vs_Warrior+Hunter#as87Control,Warrior+Paladin,Warrior+Hunter,18,team1,kill,44.50
Warrior+Paladin_vs_Warrior+Hunter#as87Control,Warrior+Paladin,Warrior+Hunter,19,team1,kill,42.07
Warrior+Paladin_vs_Warrior+Shaman#as87Control,Warrior+Paladin,Warrior+Shaman,0,team1,kill,60.87
Warrior+Paladin_vs_Warrior+Shaman#as87Control,Warrior+Paladin,Warrior+Shaman,1,team1,kill,258.40
Warrior+Paladin_vs_Warrior+Shaman#as87Control,Warrior+Paladin,Warrior+Shaman,2,team1,kill,65.48
Warrior+Paladin_vs_Warrior+Shaman#as87Control,Warrior+Paladin,Warrior+Shaman,3,team1,kill,37.80
Warrior+Paladin_vs_Warrior+Shaman#as87Control,Warrior+Paladin,Warrior+Shaman,4,team1,kill,37.80
Warrior+Paladin_vs_Warrior+Shaman#as87Control,Warrior+Paladin,Warrior+Shaman,5,team1,kill,38.43
Warrior+Paladin_vs_Warrior+Shaman#as87Control,Warrior+Paladin,Warrior+Shaman,6,team1,kill,37.80
Warrior+Paladin_vs_Warrior+Shaman#as87Control,Warrior+Paladin,Warrior+Shaman,7,team1,kill,39.20
Warrior+Paladin_vs_Warrior+Shaman#as87Control,Warrior+Paladin,Warrior+Shaman,8,team1,kill,119.56
Warrior+Paladin_vs_Warrior+Shaman#as87Control,Warrior+Paladin,Warrior+Shaman,9,team1,kill,40.03
Warrior+Paladin_vs_Warrior+Shaman#as87Control,Warrior+Paladin,Warrior+Shaman,10,team1,kill,68.20
Warrior+Paladin_vs_Warrior+Shaman#as87Control,Warrior+Paladin,Warrior+Shaman,11,team1,kill,45.47
Warrior+Paladin_vs_Warrior+Shaman#as87Control,Warrior+Paladin,Warrior+Shaman,12,team1,kill,37.13
Warrior+Paladin_vs_Warrior+Shaman#as87Control,Warrior+Paladin,Warrior+Shaman,13,team1,kill,40.08
Warrior+Paladin_vs_Warrior+Shaman#as87Control,Warrior+Paladin,Warrior+Shaman,14,team1,kill,60.87
Warrior+Paladin_vs_Warrior+Shaman#as87Control,Warrior+Paladin,Warrior+Shaman,15,team1,kill,37.80
Warrior+Paladin_vs_Warrior+Shaman#as87Control,Warrior+Paladin,Warrior+Shaman,16,team1,kill,37.80
Warrior+Paladin_vs_Warrior+Shaman#as87Control,Warrior+Paladin,Warrior+Shaman,17,team1,kill,42.05
Warrior+Paladin_vs_Warrior+Shaman#as87Control,Warrior+Paladin,Warrior+Shaman,18,team1,kill,37.80
Warrior+Paladin_vs_Warrior+Shaman#as87Control,Warrior+Paladin,Warrior+Shaman,19,team1,kill,38.43
Warrior+Paladin_vs_Rogue+Paladin#as87Control,Warrior+Paladin,Rogue+Paladin,0,team1,kill,102.46
Warrior+Paladin_vs_Rogue+Paladin#as87Control,Warrior+Paladin,Rogue+Paladin,1,team1,kill,56.85
Warrior+Paladin_vs_Rogue+Paladin#as87Control,Warrior+Paladin,Rogue+Paladin,2,team1,kill,64.02
Warrior+Paladin_vs_Rogue+Paladin#as87Control,Warrior+Paladin,Rogue+Paladin,3,team1,kill,64.92
Warrior+Paladin_vs_Rogue+Paladin#as87Control,Warrior+Paladin,Rogue+Paladin,4,team1,kill,59.48
Warrior+Paladin_vs_Rogue+Paladin#as87Control,Warrior+Paladin,Rogue+Paladin,5,team1,kill,66.45
Warrior+Paladin_vs_Rogue+Paladin#as87Control,Warrior+Paladin,Rogue+Paladin,6,team1,kill,60.15
Warrior+Paladin_vs_Rogue+Paladin#as87Control,Warrior+Paladin,Rogue+Paladin,7,team2,kill,128.00
Warrior+Paladin_vs_Rogue+Paladin#as87Control,Warrior+Paladin,Rogue+Paladin,8,team1,kill,62.57
Warrior+Paladin_vs_Rogue+Paladin#as87Control,Warrior+Paladin,Rogue+Paladin,9,team1,kill,59.48
Warrior+Paladin_vs_Rogue+Paladin#as87Control,Warrior+Paladin,Rogue+Paladin,10,team1,kill,64.10
Warrior+Paladin_vs_Rogue+Paladin#as87Control,Warrior+Paladin,Rogue+Paladin,11,team1,kill,53.22
Warrior+Paladin_vs_Rogue+Paladin#as87Control,Warrior+Paladin,Rogue+Paladin,12,team1,kill,60.50
Warrior+Paladin_vs_Rogue+Paladin#as87Control,Warrior+Paladin,Rogue+Paladin,13,team1,kill,64.50
Warrior+Paladin_vs_Rogue+Paladin#as87Control,Warrior+Paladin,Rogue+Paladin,14,team1,kill,55.62
Warrior+Paladin_vs_Rogue+Paladin#as87Control,Warrior+Paladin,Rogue+Paladin,15,team1,kill,58.82
Warrior+Paladin_vs_Rogue+Paladin#as87Control,Warrior+Paladin,Rogue+Paladin,16,team1,kill,53.35
Warrior+Paladin_vs_Rogue+Paladin#as87Control,Warrior+Paladin,Rogue+Paladin,17,team1,kill,56.62
Warrior+Paladin_vs_Rogue+Paladin#as87Control,Warrior+Paladin,Rogue+Paladin,18,team1,kill,61.00
Warrior+Paladin_vs_Rogue+Paladin#as87Control,Warrior+Paladin,Rogue+Paladin,19,team1,kill,69.77
Warrior+Paladin_vs_Rogue+Hunter#as87Control,Warrior+Paladin,Rogue+Hunter,0,team1,kill,43.93
Warrior+Paladin_vs_Rogue+Hunter#as87Control,Warrior+Paladin,Rogue+Hunter,1,team1,kill,43.43
Warrior+Paladin_vs_Rogue+Hunter#as87Control,Warrior+Paladin,Rogue+Hunter,2,team1,kill,41.48
Warrior+Paladin_vs_Rogue+Hunter#as87Control,Warrior+Paladin,Rogue+Hunter,3,team1,kill,43.52
Warrior+Paladin_vs_Rogue+Hunter#as87Control,Warrior+Paladin,Rogue+Hunter,4,team1,kill,44.37
Warrior+Paladin_vs_Rogue+Hunter#as87Control,Warrior+Paladin,Rogue+Hunter,5,team1,kill,126.18
Warrior+Paladin_vs_Rogue+Hunter#as87Control,Warrior+Paladin,Rogue+Hunter,6,team1,kill,46.08
Warrior+Paladin_vs_Rogue+Hunter#as87Control,Warrior+Paladin,Rogue+Hunter,7,team1,kill,45.08
Warrior+Paladin_vs_Rogue+Hunter#as87Control,Warrior+Paladin,Rogue+Hunter,8,team1,kill,43.98
Warrior+Paladin_vs_Rogue+Hunter#as87Control,Warrior+Paladin,Rogue+Hunter,9,team1,kill,59.88
Warrior+Paladin_vs_Rogue+Hunter#as87Control,Warrior+Paladin,Rogue+Hunter,10,team1,kill,125.06
Warrior+Paladin_vs_Rogue+Hunter#as87Control,Warrior+Paladin,Rogue+Hunter,11,team1,kill,42.78
Warrior+Paladin_vs_Rogue+Hunter#as87Control,Warrior+Paladin,Rogue+Hunter,12,team1,kill,55.25
Warrior+Paladin_vs_Rogue+Hunter#as87Control,Warrior+Paladin,Rogue+Hunter,13,team1,kill,44.37
Warrior+Paladin_vs_Rogue+Hunter#as87Control,Warrior+Paladin,Rogue+Hunter,14,team1,kill,55.85
Warrior+Paladin_vs_Rogue+Hunter#as87Control,Warrior+Paladin,Rogue+Hunter,15,team1,kill,54.55
Warrior+Paladin_vs_Rogue+Hunter#as87Control,Warrior+Paladin,Rogue+Hunter,16,team1,kill,54.38
Warrior+Paladin_vs_Rogue+Hunter#as87Control,Warrior+Paladin,Rogue+Hunter,17,team1,kill,54.35
Warrior+Paladin_vs_Rogue+Hunter#as87Control,Warrior+Paladin,Rogue+Hunter,18,team1,kill,43.98
Warrior+Paladin_vs_Rogue+Hunter#as87Control,Warrior+Paladin,Rogue+Hunter,19,team1,kill,36.23
Warrior+Paladin_vs_Rogue+Shaman#as87Control,Warrior+Paladin,Rogue+Shaman,0,team1,kill,36.20
Warrior+Paladin_vs_Rogue+Shaman#as87Control,Warrior+Paladin,Rogue+Shaman,1,team1,kill,57.75
Warrior+Paladin_vs_Rogue+Shaman#as87Control,Warrior+Paladin,Rogue+Shaman,2,team1,kill,44.63
Warrior+Paladin_vs_Rogue+Shaman#as87Control,Warrior+Paladin,Rogue+Shaman,3,team1,kill,44.63
Warrior+Paladin_vs_Rogue+Shaman#as87Control,Warrior+Paladin,Rogue+Shaman,4,team1,kill,44.63
Warrior+Paladin_vs_Rogue+Shaman#as87Control,Warrior+Paladin,Rogue+Shaman,5,team1,kill,57.47
Warrior+Paladin_vs_Rogue+Shaman#as87Control,Warrior+Paladin,Rogue+Shaman,6,team1,kill,38.95
Warrior+Paladin_vs_Rogue+Shaman#as87Control,Warrior+Paladin,Rogue+Shaman,7,team1,kill,56.57
Warrior+Paladin_vs_Rogue+Shaman#as87Control,Warrior+Paladin,Rogue+Shaman,8,team1,kill,58.58
Warrior+Paladin_vs_Rogue+Shaman#as87Control,Warrior+Paladin,Rogue+Shaman,9,team1,kill,33.15
Warrior+Paladin_vs_Rogue+Shaman#as87Control,Warrior+Paladin,Rogue+Shaman,10,team1,kill,44.63
Warrior+Paladin_vs_Rogue+Shaman#as87Control,Warrior+Paladin,Rogue+Shaman,11,team1,kill,38.15
Warrior+Paladin_vs_Rogue+Shaman#as87Control,Warrior+Paladin,Rogue+Shaman,12,team1,kill,40.85
Warrior+Paladin_vs_Rogue+Shaman#as87Control,Warrior+Paladin,Rogue+Shaman,13,team1,kill,61.63
Warrior+Paladin_vs_Rogue+Shaman#as87Control,Warrior+Paladin,Rogue+Shaman,14,team1,kill,38.98
Warrior+Paladin_vs_Rogue+Shaman#as87Control,Warrior+Paladin,Rogue+Shaman,15,team1,kill,44.63
Warrior+Paladin_vs_Rogue+Shaman#as87Control,Warrior+Paladin,Rogue+Shaman,16,team1,kill,40.18
Warrior+Paladin_vs_Rogue+Shaman#as87Control,Warrior+Paladin,Rogue+Shaman,17,team1,kill,49.80
Warrior+Paladin_vs_Rogue+Shaman#as87Control,Warrior+Paladin,Rogue+Shaman,18,team1,kill,43.12
Warrior+Paladin_vs_Rogue+Shaman#as87Control,Warrior+Paladin,Rogue+Shaman,19,team1,kill,44.63
Warrior+Paladin_vs_Paladin+Hunter#as87Control,Warrior+Paladin,Paladin+Hunter,0,team1,kill,86.85
Warrior+Paladin_vs_Paladin+Hunter#as87Control,Warrior+Paladin,Paladin+Hunter,1,team1,kill,78.72
Warrior+Paladin_vs_Paladin+Hunter#as87Control,Warrior+Paladin,Paladin+Hunter,2,team2,kill,95.51
Warrior+Paladin_vs_Paladin+Hunter#as87Control,Warrior+Paladin,Paladin+Hunter,3,team1,kill,88.07
Warrior+Paladin_vs_Paladin+Hunter#as87Control,Warrior+Paladin,Paladin+Hunter,4,team1,kill,75.10
Warrior+Paladin_vs_Paladin+Hunter#as87Control,Warrior+Paladin,Paladin+Hunter,5,team1,kill,116.94
Warrior+Paladin_vs_Paladin+Hunter#as87Control,Warrior+Paladin,Paladin+Hunter,6,team2,kill,139.13
Warrior+Paladin_vs_Paladin+Hunter#as87Control,Warrior+Paladin,Paladin+Hunter,7,team1,kill,95.16
Warrior+Paladin_vs_Paladin+Hunter#as87Control,Warrior+Paladin,Paladin+Hunter,8,team1,kill,118.28
Warrior+Paladin_vs_Paladin+Hunter#as87Control,Warrior+Paladin,Paladin+Hunter,9,team2,kill,152.87
Warrior+Paladin_vs_Paladin+Hunter#as87Control,Warrior+Paladin,Paladin+Hunter,10,team2,kill,182.75
Warrior+Paladin_vs_Paladin+Hunter#as87Control,Warrior+Paladin,Paladin+Hunter,11,team1,kill,96.82
Warrior+Paladin_vs_Paladin+Hunter#as87Control,Warrior+Paladin,Paladin+Hunter,12,team1,kill,117.29
Warrior+Paladin_vs_Paladin+Hunter#as87Control,Warrior+Paladin,Paladin+Hunter,13,team1,kill,78.12
Warrior+Paladin_vs_Paladin+Hunter#as87Control,Warrior+Paladin,Paladin+Hunter,14,team1,kill,84.10
Warrior+Paladin_vs_Paladin+Hunter#as87Control,Warrior+Paladin,Paladin+Hunter,15,team1,kill,123.16
Warrior+Paladin_vs_Paladin+Hunter#as87Control,Warrior+Paladin,Paladin+Hunter,16,team1,kill,116.08
Warrior+Paladin_vs_Paladin+Hunter#as87Control,Warrior+Paladin,Paladin+Hunter,17,team2,kill,188.56
Warrior+Paladin_vs_Paladin+Hunter#as87Control,Warrior+Paladin,Paladin+Hunter,18,team1,kill,119.53
Warrior+Paladin_vs_Paladin+Hunter#as87Control,Warrior+Paladin,Paladin+Hunter,19,team2,kill,188.46
Warrior+Paladin_vs_Hunter+Shaman#as87Control,Warrior+Paladin,Hunter+Shaman,0,team2,kill,105.66
Warrior+Paladin_vs_Hunter+Shaman#as87Control,Warrior+Paladin,Hunter+Shaman,1,team1,kill,79.39
Warrior+Paladin_vs_Hunter+Shaman#as87Control,Warrior+Paladin,Hunter+Shaman,2,team2,kill,102.69
Warrior+Paladin_vs_Hunter+Shaman#as87Control,Warrior+Paladin,Hunter+Shaman,3,team2,kill,98.52
Warrior+Paladin_vs_Hunter+Shaman#as87Control,Warrior+Paladin,Hunter+Shaman,4,team1,kill,81.20
Warrior+Paladin_vs_Hunter+Shaman#as87Control,Warrior+Paladin,Hunter+Shaman,5,team2,kill,102.36
Warrior+Paladin_vs_Hunter+Shaman#as87Control,Warrior+Paladin,Hunter+Shaman,6,team2,kill,96.57
Warrior+Paladin_vs_Hunter+Shaman#as87Control,Warrior+Paladin,Hunter+Shaman,7,team2,kill,97.97
Warrior+Paladin_vs_Hunter+Shaman#as87Control,Warrior+Paladin,Hunter+Shaman,8,team2,kill,230.24
Warrior+Paladin_vs_Hunter+Shaman#as87Control,Warrior+Paladin,Hunter+Shaman,9,team2,kill,226.52
Warrior+Paladin_vs_Hunter+Shaman#as87Control,Warrior+Paladin,Hunter+Shaman,10,team2,kill,72.57
Warrior+Paladin_vs_Hunter+Shaman#as87Control,Warrior+Paladin,Hunter+Shaman,11,team1,kill,79.00
Warrior+Paladin_vs_Hunter+Shaman#as87Control,Warrior+Paladin,Hunter+Shaman,12,team2,kill,101.96
Warrior+Paladin_vs_Hunter+Shaman#as87Control,Warrior+Paladin,Hunter+Shaman,13,team2,kill,159.61
Warrior+Paladin_vs_Hunter+Shaman#as87Control,Warrior+Paladin,Hunter+Shaman,14,team2,kill,91.62
Warrior+Paladin_vs_Hunter+Shaman#as87Control,Warrior+Paladin,Hunter+Shaman,15,team2,kill,99.57
Warrior+Paladin_vs_Hunter+Shaman#as87Control,Warrior+Paladin,Hunter+Shaman,16,team1,kill,80.05
Warrior+Paladin_vs_Hunter+Shaman#as87Control,Warrior+Paladin,Hunter+Shaman,17,team2,kill,96.04
Warrior+Paladin_vs_Hunter+Shaman#as87Control,Warrior+Paladin,Hunter+Shaman,18,team2,kill,103.72
Warrior+Paladin_vs_Hunter+Shaman#as87Control,Warrior+Paladin,Hunter+Shaman,19,team2,kill,68.80
Warrior+Hunter_vs_Warrior+Rogue#as87Control,Warrior+Hunter,Warrior+Rogue,0,team1,kill,23.72
Warrior+Hunter_vs_Warrior+Rogue#as87Control,Warrior+Hunter,Warrior+Rogue,1,team1,kill,20.78
Warrior+Hunter_vs_Warrior+Rogue#as87Control,Warrior+Hunter,Warrior+Rogue,2,team1,kill,22.60
Warrior+Hunter_vs_Warrior+Rogue#as87Control,Warrior+Hunter,Warrior+Rogue,3,team1,kill,23.72
Warrior+Hunter_vs_Warrior+Rogue#as87Control,Warrior+Hunter,Warrior+Rogue,4,team1,kill,20.78
Warrior+Hunter_vs_Warrior+Rogue#as87Control,Warrior+Hunter,Warrior+Rogue,5,team1,kill,20.78
Warrior+Hunter_vs_Warrior+Rogue#as87Control,Warrior+Hunter,Warrior+Rogue,6,team1,kill,23.72
Warrior+Hunter_vs_Warrior+Rogue#as87Control,Warrior+Hunter,Warrior+Rogue,7,team1,kill,24.40
Warrior+Hunter_vs_Warrior+Rogue#as87Control,Warrior+Hunter,Warrior+Rogue,8,team1,kill,20.78
Warrior+Hunter_vs_Warrior+Rogue#as87Control,Warrior+Hunter,Warrior+Rogue,9,team1,kill,24.83
Warrior+Hunter_vs_Warrior+Rogue#as87Control,Warrior+Hunter,Warrior+Rogue,10,team1,kill,24.83
Warrior+Hunter_vs_Warrior+Rogue#as87Control,Warrior+Hunter,Warrior+Rogue,11,team1,kill,24.83
Warrior+Hunter_vs_Warrior+Rogue#as87Control,Warrior+Hunter,Warrior+Rogue,12,team1,kill,24.83
Warrior+Hunter_vs_Warrior+Rogue#as87Control,Warrior+Hunter,Warrior+Rogue,13,team1,kill,24.83
Warrior+Hunter_vs_Warrior+Rogue#as87Control,Warrior+Hunter,Warrior+Rogue,14,team1,kill,20.78
Warrior+Hunter_vs_Warrior+Rogue#as87Control,Warrior+Hunter,Warrior+Rogue,15,team1,kill,22.53
Warrior+Hunter_vs_Warrior+Rogue#as87Control,Warrior+Hunter,Warrior+Rogue,16,team1,kill,22.40
Warrior+Hunter_vs_Warrior+Rogue#as87Control,Warrior+Hunter,Warrior+Rogue,17,team1,kill,24.83
Warrior+Hunter_vs_Warrior+Rogue#as87Control,Warrior+Hunter,Warrior+Rogue,18,team1,kill,24.83
Warrior+Hunter_vs_Warrior+Rogue#as87Control,Warrior+Hunter,Warrior+Rogue,19,team1,kill,23.72
Warrior+Hunter_vs_Warrior+Paladin#as87Control,Warrior+Hunter,Warrior+Paladin,0,team2,kill,43.57
Warrior+Hunter_vs_Warrior+Paladin#as87Control,Warrior+Hunter,Warrior+Paladin,1,team2,kill,42.05
Warrior+Hunter_vs_Warrior+Paladin#as87Control,Warrior+Hunter,Warrior+Paladin,2,team2,kill,31.50
Warrior+Hunter_vs_Warrior+Paladin#as87Control,Warrior+Hunter,Warrior+Paladin,3,team2,kill,42.05
Warrior+Hunter_vs_Warrior+Paladin#as87Control,Warrior+Hunter,Warrior+Paladin,4,team2,kill,42.05
Warrior+Hunter_vs_Warrior+Paladin#as87Control,Warrior+Hunter,Warrior+Paladin,5,team2,kill,42.05
Warrior+Hunter_vs_Warrior+Paladin#as87Control,Warrior+Hunter,Warrior+Paladin,6,team2,kill,42.05
Warrior+Hunter_vs_Warrior+Paladin#as87Control,Warrior+Hunter,Warrior+Paladin,7,team2,kill,42.05
Warrior+Hunter_vs_Warrior+Paladin#as87Control,Warrior+Hunter,Warrior+Paladin,8,team2,kill,43.57
Warrior+Hunter_vs_Warrior+Paladin#as87Control,Warrior+Hunter,Warrior+Paladin,9,team2,kill,42.05
Warrior+Hunter_vs_Warrior+Paladin#as87Control,Warrior+Hunter,Warrior+Paladin,10,team2,kill,42.05
Warrior+Hunter_vs_Warrior+Paladin#as87Control,Warrior+Hunter,Warrior+Paladin,11,team2,kill,43.57
Warrior+Hunter_vs_Warrior+Paladin#as87Control,Warrior+Hunter,Warrior+Paladin,12,team2,kill,43.57
Warrior+Hunter_vs_Warrior+Paladin#as87Control,Warrior+Hunter,Warrior+Paladin,13,team2,kill,42.05
Warrior+Hunter_vs_Warrior+Paladin#as87Control,Warrior+Hunter,Warrior+Paladin,14,team2,kill,42.05
Warrior+Hunter_vs_Warrior+Paladin#as87Control,Warrior+Hunter,Warrior+Paladin,15,team2,kill,43.57
Warrior+Hunter_vs_Warrior+Paladin#as87Control,Warrior+Hunter,Warrior+Paladin,16,team2,kill,44.00
Warrior+Hunter_vs_Warrior+Paladin#as87Control,Warrior+Hunter,Warrior+Paladin,17,team2,kill,43.57
Warrior+Hunter_vs_Warrior+Paladin#as87Control,Warrior+Hunter,Warrior+Paladin,18,team2,kill,42.05
Warrior+Hunter_vs_Warrior+Paladin#as87Control,Warrior+Hunter,Warrior+Paladin,19,team2,kill,42.05
Warrior+Hunter_vs_Warrior+Hunter#as87Control,Warrior+Hunter,Warrior+Hunter,0,team1,kill,19.53
Warrior+Hunter_vs_Warrior+Hunter#as87Control,Warrior+Hunter,Warrior+Hunter,1,team2,kill,19.53
Warrior+Hunter_vs_Warrior+Hunter#as87Control,Warrior+Hunter,Warrior+Hunter,2,team1,kill,18.48
Warrior+Hunter_vs_Warrior+Hunter#as87Control,Warrior+Hunter,Warrior+Hunter,3,team2,kill,19.85
Warrior+Hunter_vs_Warrior+Hunter#as87Control,Warrior+Hunter,Warrior+Hunter,4,team2,kill,20.97
Warrior+Hunter_vs_Warrior+Hunter#as87Control,Warrior+Hunter,Warrior+Hunter,5,team1,kill,18.48
Warrior+Hunter_vs_Warrior+Hunter#as87Control,Warrior+Hunter,Warrior+Hunter,6,team2,kill,17.92
Warrior+Hunter_vs_Warrior+Hunter#as87Control,Warrior+Hunter,Warrior+Hunter,7,team2,kill,21.08
Warrior+Hunter_vs_Warrior+Hunter#as87Control,Warrior+Hunter,Warrior+Hunter,8,team1,kill,15.98
Warrior+Hunter_vs_Warrior+Hunter#as87Control,Warrior+Hunter,Warrior+Hunter,9,team1,kill,19.53
Warrior+Hunter_vs_Warrior+Hunter#as87Control,Warrior+Hunter,Warrior+Hunter,10,team2,kill,20.20
Warrior+Hunter_vs_Warrior+Hunter#as87Control,Warrior+Hunter,Warrior+Hunter,11,team2,kill,18.38
Warrior+Hunter_vs_Warrior+Hunter#as87Control,Warrior+Hunter,Warrior+Hunter,12,team1,kill,20.12
Warrior+Hunter_vs_Warrior+Hunter#as87Control,Warrior+Hunter,Warrior+Hunter,13,team2,kill,16.20
Warrior+Hunter_vs_Warrior+Hunter#as87Control,Warrior+Hunter,Warrior+Hunter,14,team2,kill,19.53
Warrior+Hunter_vs_Warrior+Hunter#as87Control,Warrior+Hunter,Warrior+Hunter,15,team2,kill,20.20
Warrior+Hunter_vs_Warrior+Hunter#as87Control,Warrior+Hunter,Warrior+Hunter,16,team1,kill,15.02
Warrior+Hunter_vs_Warrior+Hunter#as87Control,Warrior+Hunter,Warrior+Hunter,17,team2,kill,20.77
Warrior+Hunter_vs_Warrior+Hunter#as87Control,Warrior+Hunter,Warrior+Hunter,18,draw,kill,19.60
Warrior+Hunter_vs_Warrior+Hunter#as87Control,Warrior+Hunter,Warrior+Hunter,19,team1,kill,17.88
Warrior+Hunter_vs_Warrior+Shaman#as87Control,Warrior+Hunter,Warrior+Shaman,0,team2,kill,37.57
Warrior+Hunter_vs_Warrior+Shaman#as87Control,Warrior+Hunter,Warrior+Shaman,1,team2,kill,36.52
Warrior+Hunter_vs_Warrior+Shaman#as87Control,Warrior+Hunter,Warrior+Shaman,2,team2,kill,43.62
Warrior+Hunter_vs_Warrior+Shaman#as87Control,Warrior+Hunter,Warrior+Shaman,3,team2,kill,35.35
Warrior+Hunter_vs_Warrior+Shaman#as87Control,Warrior+Hunter,Warrior+Shaman,4,team2,kill,64.08
Warrior+Hunter_vs_Warrior+Shaman#as87Control,Warrior+Hunter,Warrior+Shaman,5,team2,kill,40.38
Warrior+Hunter_vs_Warrior+Shaman#as87Control,Warrior+Hunter,Warrior+Shaman,6,team2,kill,38.18
Warrior+Hunter_vs_Warrior+Shaman#as87Control,Warrior+Hunter,Warrior+Shaman,7,team2,kill,38.20
Warrior+Hunter_vs_Warrior+Shaman#as87Control,Warrior+Hunter,Warrior+Shaman,8,team2,kill,33.43
Warrior+Hunter_vs_Warrior+Shaman#as87Control,Warrior+Hunter,Warrior+Shaman,9,team2,kill,36.20
Warrior+Hunter_vs_Warrior+Shaman#as87Control,Warrior+Hunter,Warrior+Shaman,10,team2,kill,42.48
Warrior+Hunter_vs_Warrior+Shaman#as87Control,Warrior+Hunter,Warrior+Shaman,11,team2,kill,41.40
Warrior+Hunter_vs_Warrior+Shaman#as87Control,Warrior+Hunter,Warrior+Shaman,12,team2,kill,33.33
Warrior+Hunter_vs_Warrior+Shaman#as87Control,Warrior+Hunter,Warrior+Shaman,13,team2,kill,35.43
Warrior+Hunter_vs_Warrior+Shaman#as87Control,Warrior+Hunter,Warrior+Shaman,14,team2,kill,36.20
Warrior+Hunter_vs_Warrior+Shaman#as87Control,Warrior+Hunter,Warrior+Shaman,15,team2,kill,38.92
Warrior+Hunter_vs_Warrior+Shaman#as87Control,Warrior+Hunter,Warrior+Shaman,16,team2,kill,30.45
Warrior+Hunter_vs_Warrior+Shaman#as87Control,Warrior+Hunter,Warrior+Shaman,17,team2,kill,31.97
Warrior+Hunter_vs_Warrior+Shaman#as87Control,Warrior+Hunter,Warrior+Shaman,18,team2,kill,41.52
Warrior+Hunter_vs_Warrior+Shaman#as87Control,Warrior+Hunter,Warrior+Shaman,19,team2,kill,35.35
Warrior+Hunter_vs_Rogue+Paladin#as87Control,Warrior+Hunter,Rogue+Paladin,0,team2,kill,56.55
Warrior+Hunter_vs_Rogue+Paladin#as87Control,Warrior+Hunter,Rogue+Paladin,1,team2,kill,65.97
Warrior+Hunter_vs_Rogue+Paladin#as87Control,Warrior+Hunter,Rogue+Paladin,2,team2,kill,64.15
Warrior+Hunter_vs_Rogue+Paladin#as87Control,Warrior+Hunter,Rogue+Paladin,3,team2,kill,62.23
Warrior+Hunter_vs_Rogue+Paladin#as87Control,Warrior+Hunter,Rogue+Paladin,4,team1,kill,38.15
Warrior+Hunter_vs_Rogue+Paladin#as87Control,Warrior+Hunter,Rogue+Paladin,5,team2,kill,62.62
Warrior+Hunter_vs_Rogue+Paladin#as87Control,Warrior+Hunter,Rogue+Paladin,6,team2,kill,45.18
Warrior+Hunter_vs_Rogue+Paladin#as87Control,Warrior+Hunter,Rogue+Paladin,7,team2,kill,73.50
Warrior+Hunter_vs_Rogue+Paladin#as87Control,Warrior+Hunter,Rogue+Paladin,8,team2,kill,65.10
Warrior+Hunter_vs_Rogue+Paladin#as87Control,Warrior+Hunter,Rogue+Paladin,9,team2,kill,64.25
Warrior+Hunter_vs_Rogue+Paladin#as87Control,Warrior+Hunter,Rogue+Paladin,10,team2,kill,44.75
Warrior+Hunter_vs_Rogue+Paladin#as87Control,Warrior+Hunter,Rogue+Paladin,11,team1,kill,36.98
Warrior+Hunter_vs_Rogue+Paladin#as87Control,Warrior+Hunter,Rogue+Paladin,12,team2,kill,54.88
Warrior+Hunter_vs_Rogue+Paladin#as87Control,Warrior+Hunter,Rogue+Paladin,13,team2,kill,49.17
Warrior+Hunter_vs_Rogue+Paladin#as87Control,Warrior+Hunter,Rogue+Paladin,14,team1,kill,38.52
Warrior+Hunter_vs_Rogue+Paladin#as87Control,Warrior+Hunter,Rogue+Paladin,15,team2,kill,61.68
Warrior+Hunter_vs_Rogue+Paladin#as87Control,Warrior+Hunter,Rogue+Paladin,16,team2,kill,65.10
Warrior+Hunter_vs_Rogue+Paladin#as87Control,Warrior+Hunter,Rogue+Paladin,17,team2,kill,64.25
Warrior+Hunter_vs_Rogue+Paladin#as87Control,Warrior+Hunter,Rogue+Paladin,18,team2,kill,73.62
Warrior+Hunter_vs_Rogue+Paladin#as87Control,Warrior+Hunter,Rogue+Paladin,19,team2,kill,48.15
Warrior+Hunter_vs_Rogue+Hunter#as87Control,Warrior+Hunter,Rogue+Hunter,0,team1,kill,22.92
Warrior+Hunter_vs_Rogue+Hunter#as87Control,Warrior+Hunter,Rogue+Hunter,1,team1,kill,22.92
Warrior+Hunter_vs_Rogue+Hunter#as87Control,Warrior+Hunter,Rogue+Hunter,2,team1,kill,22.92
Warrior+Hunter_vs_Rogue+Hunter#as87Control,Warrior+Hunter,Rogue+Hunter,3,team1,kill,21.55
Warrior+Hunter_vs_Rogue+Hunter#as87Control,Warrior+Hunter,Rogue+Hunter,4,team1,kill,23.05
Warrior+Hunter_vs_Rogue+Hunter#as87Control,Warrior+Hunter,Rogue+Hunter,5,team1,kill,19.03
Warrior+Hunter_vs_Rogue+Hunter#as87Control,Warrior+Hunter,Rogue+Hunter,6,team1,kill,22.92
Warrior+Hunter_vs_Rogue+Hunter#as87Control,Warrior+Hunter,Rogue+Hunter,7,team1,kill,19.03
Warrior+Hunter_vs_Rogue+Hunter#as87Control,Warrior+Hunter,Rogue+Hunter,8,team1,kill,25.13
Warrior+Hunter_vs_Rogue+Hunter#as87Control,Warrior+Hunter,Rogue+Hunter,9,team1,kill,22.92
Warrior+Hunter_vs_Rogue+Hunter#as87Control,Warrior+Hunter,Rogue+Hunter,10,team1,kill,22.92
Warrior+Hunter_vs_Rogue+Hunter#as87Control,Warrior+Hunter,Rogue+Hunter,11,team1,kill,24.07
Warrior+Hunter_vs_Rogue+Hunter#as87Control,Warrior+Hunter,Rogue+Hunter,12,team1,kill,25.13
Warrior+Hunter_vs_Rogue+Hunter#as87Control,Warrior+Hunter,Rogue+Hunter,13,team1,kill,22.92
Warrior+Hunter_vs_Rogue+Hunter#as87Control,Warrior+Hunter,Rogue+Hunter,14,team1,kill,25.77
Warrior+Hunter_vs_Rogue+Hunter#as87Control,Warrior+Hunter,Rogue+Hunter,15,team1,kill,19.03
Warrior+Hunter_vs_Rogue+Hunter#as87Control,Warrior+Hunter,Rogue+Hunter,16,team1,kill,26.12
Warrior+Hunter_vs_Rogue+Hunter#as87Control,Warrior+Hunter,Rogue+Hunter,17,team1,kill,22.92
Warrior+Hunter_vs_Rogue+Hunter#as87Control,Warrior+Hunter,Rogue+Hunter,18,team1,kill,22.92
Warrior+Hunter_vs_Rogue+Hunter#as87Control,Warrior+Hunter,Rogue+Hunter,19,team1,kill,25.13
Warrior+Hunter_vs_Rogue+Shaman#as87Control,Warrior+Hunter,Rogue+Shaman,0,team1,kill,35.48
Warrior+Hunter_vs_Rogue+Shaman#as87Control,Warrior+Hunter,Rogue+Shaman,1,team1,kill,27.38
Warrior+Hunter_vs_Rogue+Shaman#as87Control,Warrior+Hunter,Rogue+Shaman,2,team1,kill,29.67
Warrior+Hunter_vs_Rogue+Shaman#as87Control,Warrior+Hunter,Rogue+Shaman,3,team1,kill,36.20
Warrior+Hunter_vs_Rogue+Shaman#as87Control,Warrior+Hunter,Rogue+Shaman,4,team1,kill,29.32
Warrior+Hunter_vs_Rogue+Shaman#as87Control,Warrior+Hunter,Rogue+Shaman,5,team1,kill,32.25
Warrior+Hunter_vs_Rogue+Shaman#as87Control,Warrior+Hunter,Rogue+Shaman,6,team1,kill,54.62
Warrior+Hunter_vs_Rogue+Shaman#as87Control,Warrior+Hunter,Rogue+Shaman,7,team1,kill,41.55
Warrior+Hunter_vs_Rogue+Shaman#as87Control,Warrior+Hunter,Rogue+Shaman,8,team1,kill,37.28
Warrior+Hunter_vs_Rogue+Shaman#as87Control,Warrior+Hunter,Rogue+Shaman,9,team1,kill,35.02
Warrior+Hunter_vs_Rogue+Shaman#as87Control,Warrior+Hunter,Rogue+Shaman,10,team1,kill,31.92
Warrior+Hunter_vs_Rogue+Shaman#as87Control,Warrior+Hunter,Rogue+Shaman,11,team1,kill,28.80
Warrior+Hunter_vs_Rogue+Shaman#as87Control,Warrior+Hunter,Rogue+Shaman,12,team1,kill,34.77
Warrior+Hunter_vs_Rogue+Shaman#as87Control,Warrior+Hunter,Rogue+Shaman,13,team2,kill,48.93
Warrior+Hunter_vs_Rogue+Shaman#as87Control,Warrior+Hunter,Rogue+Shaman,14,team2,kill,53.28
Warrior+Hunter_vs_Rogue+Shaman#as87Control,Warrior+Hunter,Rogue+Shaman,15,team2,kill,55.50
Warrior+Hunter_vs_Rogue+Shaman#as87Control,Warrior+Hunter,Rogue+Shaman,16,team1,kill,49.60
Warrior+Hunter_vs_Rogue+Shaman#as87Control,Warrior+Hunter,Rogue+Shaman,17,team1,kill,37.28
Warrior+Hunter_vs_Rogue+Shaman#as87Control,Warrior+Hunter,Rogue+Shaman,18,team1,kill,37.05
Warrior+Hunter_vs_Rogue+Shaman#as87Control,Warrior+Hunter,Rogue+Shaman,19,team2,kill,53.70
Warrior+Hunter_vs_Paladin+Hunter#as87Control,Warrior+Hunter,Paladin+Hunter,0,team2,kill,48.72
Warrior+Hunter_vs_Paladin+Hunter#as87Control,Warrior+Hunter,Paladin+Hunter,1,team2,kill,60.53
Warrior+Hunter_vs_Paladin+Hunter#as87Control,Warrior+Hunter,Paladin+Hunter,2,team2,kill,68.42
Warrior+Hunter_vs_Paladin+Hunter#as87Control,Warrior+Hunter,Paladin+Hunter,3,team2,kill,46.20
Warrior+Hunter_vs_Paladin+Hunter#as87Control,Warrior+Hunter,Paladin+Hunter,4,team2,kill,34.62
Warrior+Hunter_vs_Paladin+Hunter#as87Control,Warrior+Hunter,Paladin+Hunter,5,team2,kill,62.65
Warrior+Hunter_vs_Paladin+Hunter#as87Control,Warrior+Hunter,Paladin+Hunter,6,team2,kill,46.70
Warrior+Hunter_vs_Paladin+Hunter#as87Control,Warrior+Hunter,Paladin+Hunter,7,team2,kill,47.57
Warrior+Hunter_vs_Paladin+Hunter#as87Control,Warrior+Hunter,Paladin+Hunter,8,team2,kill,66.12
Warrior+Hunter_vs_Paladin+Hunter#as87Control,Warrior+Hunter,Paladin+Hunter,9,team2,kill,49.53
Warrior+Hunter_vs_Paladin+Hunter#as87Control,Warrior+Hunter,Paladin+Hunter,10,team2,kill,46.20
Warrior+Hunter_vs_Paladin+Hunter#as87Control,Warrior+Hunter,Paladin+Hunter,11,team2,kill,63.43
Warrior+Hunter_vs_Paladin+Hunter#as87Control,Warrior+Hunter,Paladin+Hunter,12,team2,kill,61.60
Warrior+Hunter_vs_Paladin+Hunter#as87Control,Warrior+Hunter,Paladin+Hunter,13,team2,kill,46.22
Warrior+Hunter_vs_Paladin+Hunter#as87Control,Warrior+Hunter,Paladin+Hunter,14,team2,kill,62.42
Warrior+Hunter_vs_Paladin+Hunter#as87Control,Warrior+Hunter,Paladin+Hunter,15,team2,kill,46.20
Warrior+Hunter_vs_Paladin+Hunter#as87Control,Warrior+Hunter,Paladin+Hunter,16,team2,kill,34.62
Warrior+Hunter_vs_Paladin+Hunter#as87Control,Warrior+Hunter,Paladin+Hunter,17,team2,kill,46.20
Warrior+Hunter_vs_Paladin+Hunter#as87Control,Warrior+Hunter,Paladin+Hunter,18,team2,kill,46.18
Warrior+Hunter_vs_Paladin+Hunter#as87Control,Warrior+Hunter,Paladin+Hunter,19,team2,kill,59.73
Warrior+Hunter_vs_Hunter+Shaman#as87Control,Warrior+Hunter,Hunter+Shaman,0,team2,kill,19.53
Warrior+Hunter_vs_Hunter+Shaman#as87Control,Warrior+Hunter,Hunter+Shaman,1,team2,kill,17.32
Warrior+Hunter_vs_Hunter+Shaman#as87Control,Warrior+Hunter,Hunter+Shaman,2,team2,kill,17.58
Warrior+Hunter_vs_Hunter+Shaman#as87Control,Warrior+Hunter,Hunter+Shaman,3,team2,kill,19.53
Warrior+Hunter_vs_Hunter+Shaman#as87Control,Warrior+Hunter,Hunter+Shaman,4,team2,kill,14.97
Warrior+Hunter_vs_Hunter+Shaman#as87Control,Warrior+Hunter,Hunter+Shaman,5,team2,kill,14.97
Warrior+Hunter_vs_Hunter+Shaman#as87Control,Warrior+Hunter,Hunter+Shaman,6,team2,kill,17.32
Warrior+Hunter_vs_Hunter+Shaman#as87Control,Warrior+Hunter,Hunter+Shaman,7,team2,kill,17.58
Warrior+Hunter_vs_Hunter+Shaman#as87Control,Warrior+Hunter,Hunter+Shaman,8,team2,kill,17.32
Warrior+Hunter_vs_Hunter+Shaman#as87Control,Warrior+Hunter,Hunter+Shaman,9,team2,kill,18.37
Warrior+Hunter_vs_Hunter+Shaman#as87Control,Warrior+Hunter,Hunter+Shaman,10,team2,kill,17.32
Warrior+Hunter_vs_Hunter+Shaman#as87Control,Warrior+Hunter,Hunter+Shaman,11,team2,kill,18.27
Warrior+Hunter_vs_Hunter+Shaman#as87Control,Warrior+Hunter,Hunter+Shaman,12,team2,kill,18.27
Warrior+Hunter_vs_Hunter+Shaman#as87Control,Warrior+Hunter,Hunter+Shaman,13,team2,kill,14.47
Warrior+Hunter_vs_Hunter+Shaman#as87Control,Warrior+Hunter,Hunter+Shaman,14,team2,kill,19.53
Warrior+Hunter_vs_Hunter+Shaman#as87Control,Warrior+Hunter,Hunter+Shaman,15,team2,kill,18.37
Warrior+Hunter_vs_Hunter+Shaman#as87Control,Warrior+Hunter,Hunter+Shaman,16,team2,kill,19.15
Warrior+Hunter_vs_Hunter+Shaman#as87Control,Warrior+Hunter,Hunter+Shaman,17,team2,kill,18.37
Warrior+Hunter_vs_Hunter+Shaman#as87Control,Warrior+Hunter,Hunter+Shaman,18,team2,kill,19.15
Warrior+Hunter_vs_Hunter+Shaman#as87Control,Warrior+Hunter,Hunter+Shaman,19,team2,kill,17.00
Warrior+Shaman_vs_Warrior+Rogue#as87Control,Warrior+Shaman,Warrior+Rogue,0,team1,kill,18.50
Warrior+Shaman_vs_Warrior+Rogue#as87Control,Warrior+Shaman,Warrior+Rogue,1,team2,kill,20.23
Warrior+Shaman_vs_Warrior+Rogue#as87Control,Warrior+Shaman,Warrior+Rogue,2,team2,kill,20.23
Warrior+Shaman_vs_Warrior+Rogue#as87Control,Warrior+Shaman,Warrior+Rogue,3,team2,kill,22.23
Warrior+Shaman_vs_Warrior+Rogue#as87Control,Warrior+Shaman,Warrior+Rogue,4,team2,kill,18.98
Warrior+Shaman_vs_Warrior+Rogue#as87Control,Warrior+Shaman,Warrior+Rogue,5,team2,kill,19.42
Warrior+Shaman_vs_Warrior+Rogue#as87Control,Warrior+Shaman,Warrior+Rogue,6,team2,kill,20.08
Warrior+Shaman_vs_Warrior+Rogue#as87Control,Warrior+Shaman,Warrior+Rogue,7,team1,kill,20.32
Warrior+Shaman_vs_Warrior+Rogue#as87Control,Warrior+Shaman,Warrior+Rogue,8,team1,kill,20.30
Warrior+Shaman_vs_Warrior+Rogue#as87Control,Warrior+Shaman,Warrior+Rogue,9,team1,kill,19.77
Warrior+Shaman_vs_Warrior+Rogue#as87Control,Warrior+Shaman,Warrior+Rogue,10,team1,kill,19.85
Warrior+Shaman_vs_Warrior+Rogue#as87Control,Warrior+Shaman,Warrior+Rogue,11,team1,kill,19.60
Warrior+Shaman_vs_Warrior+Rogue#as87Control,Warrior+Shaman,Warrior+Rogue,12,team1,kill,19.60
Warrior+Shaman_vs_Warrior+Rogue#as87Control,Warrior+Shaman,Warrior+Rogue,13,team2,kill,20.23
Warrior+Shaman_vs_Warrior+Rogue#as87Control,Warrior+Shaman,Warrior+Rogue,14,team1,kill,19.60
Warrior+Shaman_vs_Warrior+Rogue#as87Control,Warrior+Shaman,Warrior+Rogue,15,team1,kill,19.85
Warrior+Shaman_vs_Warrior+Rogue#as87Control,Warrior+Shaman,Warrior+Rogue,16,team2,kill,21.42
Warrior+Shaman_vs_Warrior+Rogue#as87Control,Warrior+Shaman,Warrior+Rogue,17,team2,kill,19.42
Warrior+Shaman_vs_Warrior+Rogue#as87Control,Warrior+Shaman,Warrior+Rogue,18,team1,kill,19.60
Warrior+Shaman_vs_Warrior+Rogue#as87Control,Warrior+Shaman,Warrior+Rogue,19,team1,kill,19.60
Warrior+Shaman_vs_Warrior+Paladin#as87Control,Warrior+Shaman,Warrior+Paladin,0,team1,kill,267.36
Warrior+Shaman_vs_Warrior+Paladin#as87Control,Warrior+Shaman,Warrior+Paladin,1,team2,kill,36.20
Warrior+Shaman_vs_Warrior+Paladin#as87Control,Warrior+Shaman,Warrior+Paladin,2,team1,kill,38.58
Warrior+Shaman_vs_Warrior+Paladin#as87Control,Warrior+Shaman,Warrior+Paladin,3,team2,kill,37.80
Warrior+Shaman_vs_Warrior+Paladin#as87Control,Warrior+Shaman,Warrior+Paladin,4,team2,kill,35.50
Warrior+Shaman_vs_Warrior+Paladin#as87Control,Warrior+Shaman,Warrior+Paladin,5,team2,kill,38.43
Warrior+Shaman_vs_Warrior+Paladin#as87Control,Warrior+Shaman,Warrior+Paladin,6,team1,kill,47.55
Warrior+Shaman_vs_Warrior+Paladin#as87Control,Warrior+Shaman,Warrior+Paladin,7,team2,kill,37.80
Warrior+Shaman_vs_Warrior+Paladin#as87Control,Warrior+Shaman,Warrior+Paladin,8,team2,kill,38.43
Warrior+Shaman_vs_Warrior+Paladin#as87Control,Warrior+Shaman,Warrior+Paladin,9,team2,kill,37.80
Warrior+Shaman_vs_Warrior+Paladin#as87Control,Warrior+Shaman,Warrior+Paladin,10,team2,kill,38.28
Warrior+Shaman_vs_Warrior+Paladin#as87Control,Warrior+Shaman,Warrior+Paladin,11,team2,kill,38.43
Warrior+Shaman_vs_Warrior+Paladin#as87Control,Warrior+Shaman,Warrior+Paladin,12,team2,kill,39.28
Warrior+Shaman_vs_Warrior+Paladin#as87Control,Warrior+Shaman,Warrior+Paladin,13,team2,kill,37.80
Warrior+Shaman_vs_Warrior+Paladin#as87Control,Warrior+Shaman,Warrior+Paladin,14,team2,kill,37.80
Warrior+Shaman_vs_Warrior+Paladin#as87Control,Warrior+Shaman,Warrior+Paladin,15,team2,kill,37.43
Warrior+Shaman_vs_Warrior+Paladin#as87Control,Warrior+Shaman,Warrior+Paladin,16,team2,kill,58.72
Warrior+Shaman_vs_Warrior+Paladin#as87Control,Warrior+Shaman,Warrior+Paladin,17,team2,kill,42.72
Warrior+Shaman_vs_Warrior+Paladin#as87Control,Warrior+Shaman,Warrior+Paladin,18,team2,kill,37.80
Warrior+Shaman_vs_Warrior+Paladin#as87Control,Warrior+Shaman,Warrior+Paladin,19,team2,kill,37.27
Warrior+Shaman_vs_Warrior+Hunter#as87Control,Warrior+Shaman,Warrior+Hunter,0,team1,kill,31.08
Warrior+Shaman_vs_Warrior+Hunter#as87Control,Warrior+Shaman,Warrior+Hunter,1,team1,kill,36.20
Warrior+Shaman_vs_Warrior+Hunter#as87Control,Warrior+Shaman,Warrior+Hunter,2,team1,kill,36.05
Warrior+Shaman_vs_Warrior+Hunter#as87Control,Warrior+Shaman,Warrior+Hunter,3,team1,kill,39.03
Warrior+Shaman_vs_Warrior+Hunter#as87Control,Warrior+Shaman,Warrior+Hunter,4,team1,kill,37.83
Warrior+Shaman_vs_Warrior+Hunter#as87Control,Warrior+Shaman,Warrior+Hunter,5,team1,kill,40.03
Warrior+Shaman_vs_Warrior+Hunter#as87Control,Warrior+Shaman,Warrior+Hunter,6,team1,kill,38.78
Warrior+Shaman_vs_Warrior+Hunter#as87Control,Warrior+Shaman,Warrior+Hunter,7,team1,kill,26.93
Warrior+Shaman_vs_Warrior+Hunter#as87Control,Warrior+Shaman,Warrior+Hunter,8,team1,kill,29.38
Warrior+Shaman_vs_Warrior+Hunter#as87Control,Warrior+Shaman,Warrior+Hunter,9,team1,kill,36.20
Warrior+Shaman_vs_Warrior+Hunter#as87Control,Warrior+Shaman,Warrior+Hunter,10,team1,kill,39.18
Warrior+Shaman_vs_Warrior+Hunter#as87Control,Warrior+Shaman,Warrior+Hunter,11,team1,kill,38.77
Warrior+Shaman_vs_Warrior+Hunter#as87Control,Warrior+Shaman,Warrior+Hunter,12,team1,kill,38.77
Warrior+Shaman_vs_Warrior+Hunter#as87Control,Warrior+Shaman,Warrior+Hunter,13,team1,kill,42.50
Warrior+Shaman_vs_Warrior+Hunter#as87Control,Warrior+Shaman,Warrior+Hunter,14,team1,kill,36.20
Warrior+Shaman_vs_Warrior+Hunter#as87Control,Warrior+Shaman,Warrior+Hunter,15,team1,kill,33.33
Warrior+Shaman_vs_Warrior+Hunter#as87Control,Warrior+Shaman,Warrior+Hunter,16,team1,kill,64.07
Warrior+Shaman_vs_Warrior+Hunter#as87Control,Warrior+Shaman,Warrior+Hunter,17,team1,kill,37.72
Warrior+Shaman_vs_Warrior+Hunter#as87Control,Warrior+Shaman,Warrior+Hunter,18,team1,kill,37.93
Warrior+Shaman_vs_Warrior+Hunter#as87Control,Warrior+Shaman,Warrior+Hunter,19,team1,kill,36.05
Warrior+Shaman_vs_Warrior+Shaman#as87Control,Warrior+Shaman,Warrior+Shaman,0,team2,kill,232.07
Warrior+Shaman_vs_Warrior+Shaman#as87Control,Warrior+Shaman,Warrior+Shaman,1,team2,kill,103.11
Warrior+Shaman_vs_Warrior+Shaman#as87Control,Warrior+Shaman,Warrior+Shaman,2,team1,kill,19.08
Warrior+Shaman_vs_Warrior+Shaman#as87Control,Warrior+Shaman,Warrior+Shaman,3,team1,kill,15.02
Warrior+Shaman_vs_Warrior+Shaman#as87Control,Warrior+Shaman,Warrior+Shaman,4,team1,kill,91.76
Warrior+Shaman_vs_Warrior+Shaman#as87Control,Warrior+Shaman,Warrior+Shaman,5,team2,kill,17.27
Warrior+Shaman_vs_Warrior+Shaman#as87Control,Warrior+Shaman,Warrior+Shaman,6,team2,kill,30.43
Warrior+Shaman_vs_Warrior+Shaman#as87Control,Warrior+Shaman,Warrior+Shaman,7,team1,kill,153.54
Warrior+Shaman_vs_Warrior+Shaman#as87Control,Warrior+Shaman,Warrior+Shaman,8,team1,kill,25.77
Warrior+Shaman_vs_Warrior+Shaman#as87Control,Warrior+Shaman,Warrior+Shaman,9,draw,kill,241.14
Warrior+Shaman_vs_Warrior+Shaman#as87Control,Warrior+Shaman,Warrior+Shaman,10,team2,kill,29.82
Warrior+Shaman_vs_Warrior+Shaman#as87Control,Warrior+Shaman,Warrior+Shaman,11,team2,kill,241.14
Warrior+Shaman_vs_Warrior+Shaman#as87Control,Warrior+Shaman,Warrior+Shaman,12,team1,kill,47.05
Warrior+Shaman_vs_Warrior+Shaman#as87Control,Warrior+Shaman,Warrior+Shaman,13,team2,kill,23.12
Warrior+Shaman_vs_Warrior+Shaman#as87Control,Warrior+Shaman,Warrior+Shaman,14,team2,kill,237.62
Warrior+Shaman_vs_Warrior+Shaman#as87Control,Warrior+Shaman,Warrior+Shaman,15,team2,kill,19.50
Warrior+Shaman_vs_Warrior+Shaman#as87Control,Warrior+Shaman,Warrior+Shaman,16,team1,kill,14.52
Warrior+Shaman_vs_Warrior+Shaman#as87Control,Warrior+Shaman,Warrior+Shaman,17,team2,kill,30.85
Warrior+Shaman_vs_Warrior+Shaman#as87Control,Warrior+Shaman,Warrior+Shaman,18,team2,kill,239.72
Warrior+Shaman_vs_Warrior+Shaman#as87Control,Warrior+Shaman,Warrior+Shaman,19,team1,kill,19.50
Warrior+Shaman_vs_Rogue+Paladin#as87Control,Warrior+Shaman,Rogue+Paladin,0,team2,kill,42.13
Warrior+Shaman_vs_Rogue+Paladin#as87Control,Warrior+Shaman,Rogue+Paladin,1,team1,kill,65.17
Warrior+Shaman_vs_Rogue+Paladin#as87Control,Warrior+Shaman,Rogue+Paladin,2,team1,kill,63.67
Warrior+Shaman_vs_Rogue+Paladin#as87Control,Warrior+Shaman,Rogue+Paladin,3,team1,kill,55.90
Warrior+Shaman_vs_Rogue+Paladin#as87Control,Warrior+Shaman,Rogue+Paladin,4,team1,kill,55.25
Warrior+Shaman_vs_Rogue+Paladin#as87Control,Warrior+Shaman,Rogue+Paladin,5,team1,kill,59.98
Warrior+Shaman_vs_Rogue+Paladin#as87Control,Warrior+Shaman,Rogue+Paladin,6,team1,kill,55.42
Warrior+Shaman_vs_Rogue+Paladin#as87Control,Warrior+Shaman,Rogue+Paladin,7,team1,kill,63.02
Warrior+Shaman_vs_Rogue+Paladin#as87Control,Warrior+Shaman,Rogue+Paladin,8,team1,kill,52.20
Warrior+Shaman_vs_Rogue+Paladin#as87Control,Warrior+Shaman,Rogue+Paladin,9,team1,kill,50.68
Warrior+Shaman_vs_Rogue+Paladin#as87Control,Warrior+Shaman,Rogue+Paladin,10,team2,kill,48.72
Warrior+Shaman_vs_Rogue+Paladin#as87Control,Warrior+Shaman,Rogue+Paladin,11,team1,kill,63.28
Warrior+Shaman_vs_Rogue+Paladin#as87Control,Warrior+Shaman,Rogue+Paladin,12,team1,kill,61.12
Warrior+Shaman_vs_Rogue+Paladin#as87Control,Warrior+Shaman,Rogue+Paladin,13,team2,kill,109.69
Warrior+Shaman_vs_Rogue+Paladin#as87Control,Warrior+Shaman,Rogue+Paladin,14,team1,kill,52.15
Warrior+Shaman_vs_Rogue+Paladin#as87Control,Warrior+Shaman,Rogue+Paladin,15,team1,kill,54.38
Warrior+Shaman_vs_Rogue+Paladin#as87Control,Warrior+Shaman,Rogue+Paladin,16,team1,kill,54.77
Warrior+Shaman_vs_Rogue+Paladin#as87Control,Warrior+Shaman,Rogue+Paladin,17,team1,kill,52.38
Warrior+Shaman_vs_Rogue+Paladin#as87Control,Warrior+Shaman,Rogue+Paladin,18,team1,kill,55.78
Warrior+Shaman_vs_Rogue+Paladin#as87Control,Warrior+Shaman,Rogue+Paladin,19,team1,kill,55.08
Warrior+Shaman_vs_Rogue+Hunter#as87Control,Warrior+Shaman,Rogue+Hunter,0,team1,kill,37.48
Warrior+Shaman_vs_Rogue+Hunter#as87Control,Warrior+Shaman,Rogue+Hunter,1,team2,kill,47.13
Warrior+Shaman_vs_Rogue+Hunter#as87Control,Warrior+Shaman,Rogue+Hunter,2,team2,kill,44.17
Warrior+Shaman_vs_Rogue+Hunter#as87Control,Warrior+Shaman,Rogue+Hunter,3,team2,kill,52.00
Warrior+Shaman_vs_Rogue+Hunter#as87Control,Warrior+Shaman,Rogue+Hunter,4,team1,kill,33.58
Warrior+Shaman_vs_Rogue+Hunter#as87Control,Warrior+Shaman,Rogue+Hunter,5,team2,kill,51.53
Warrior+Shaman_vs_Rogue+Hunter#as87Control,Warrior+Shaman,Rogue+Hunter,6,team2,kill,47.30
Warrior+Shaman_vs_Rogue+Hunter#as87Control,Warrior+Shaman,Rogue+Hunter,7,team2,kill,44.47
Warrior+Shaman_vs_Rogue+Hunter#as87Control,Warrior+Shaman,Rogue+Hunter,8,team2,kill,39.72
Warrior+Shaman_vs_Rogue+Hunter#as87Control,Warrior+Shaman,Rogue+Hunter,9,team2,kill,53.13
Warrior+Shaman_vs_Rogue+Hunter#as87Control,Warrior+Shaman,Rogue+Hunter,10,team2,kill,38.02
Warrior+Shaman_vs_Rogue+Hunter#as87Control,Warrior+Shaman,Rogue+Hunter,11,team2,kill,48.25
Warrior+Shaman_vs_Rogue+Hunter#as87Control,Warrior+Shaman,Rogue+Hunter,12,team2,kill,51.23
Warrior+Shaman_vs_Rogue+Hunter#as87Control,Warrior+Shaman,Rogue+Hunter,13,team2,kill,47.15
Warrior+Shaman_vs_Rogue+Hunter#as87Control,Warrior+Shaman,Rogue+Hunter,14,team2,kill,46.70
Warrior+Shaman_vs_Rogue+Hunter#as87Control,Warrior+Shaman,Rogue+Hunter,15,team2,kill,40.80
Warrior+Shaman_vs_Rogue+Hunter#as87Control,Warrior+Shaman,Rogue+Hunter,16,team2,kill,45.22
Warrior+Shaman_vs_Rogue+Hunter#as87Control,Warrior+Shaman,Rogue+Hunter,17,team1,kill,38.22
Warrior+Shaman_vs_Rogue+Hunter#as87Control,Warrior+Shaman,Rogue+Hunter,18,team2,kill,50.13
Warrior+Shaman_vs_Rogue+Hunter#as87Control,Warrior+Shaman,Rogue+Hunter,19,team2,kill,43.22
Warrior+Shaman_vs_Rogue+Shaman#as87Control,Warrior+Shaman,Rogue+Shaman,0,team2,kill,19.58
Warrior+Shaman_vs_Rogue+Shaman#as87Control,Warrior+Shaman,Rogue+Shaman,1,team2,kill,28.82
Warrior+Shaman_vs_Rogue+Shaman#as87Control,Warrior+Shaman,Rogue+Shaman,2,team2,kill,29.48
Warrior+Shaman_vs_Rogue+Shaman#as87Control,Warrior+Shaman,Rogue+Shaman,3,team2,kill,29.48
Warrior+Shaman_vs_Rogue+Shaman#as87Control,Warrior+Shaman,Rogue+Shaman,4,team2,kill,28.70
Warrior+Shaman_vs_Rogue+Shaman#as87Control,Warrior+Shaman,Rogue+Shaman,5,team2,kill,28.18
Warrior+Shaman_vs_Rogue+Shaman#as87Control,Warrior+Shaman,Rogue+Shaman,6,team2,kill,31.18
Warrior+Shaman_vs_Rogue+Shaman#as87Control,Warrior+Shaman,Rogue+Shaman,7,team2,kill,28.18
Warrior+Shaman_vs_Rogue+Shaman#as87Control,Warrior+Shaman,Rogue+Shaman,8,team2,kill,19.67
Warrior+Shaman_vs_Rogue+Shaman#as87Control,Warrior+Shaman,Rogue+Shaman,9,team2,kill,29.53
Warrior+Shaman_vs_Rogue+Shaman#as87Control,Warrior+Shaman,Rogue+Shaman,10,team2,kill,28.18
Warrior+Shaman_vs_Rogue+Shaman#as87Control,Warrior+Shaman,Rogue+Shaman,11,team2,kill,29.48
Warrior+Shaman_vs_Rogue+Shaman#as87Control,Warrior+Shaman,Rogue+Shaman,12,team2,kill,17.58
Warrior+Shaman_vs_Rogue+Shaman#as87Control,Warrior+Shaman,Rogue+Shaman,13,team2,kill,28.82
Warrior+Shaman_vs_Rogue+Shaman#as87Control,Warrior+Shaman,Rogue+Shaman,14,team2,kill,23.13
Warrior+Shaman_vs_Rogue+Shaman#as87Control,Warrior+Shaman,Rogue+Shaman,15,team2,kill,28.82
Warrior+Shaman_vs_Rogue+Shaman#as87Control,Warrior+Shaman,Rogue+Shaman,16,team2,kill,28.18
Warrior+Shaman_vs_Rogue+Shaman#as87Control,Warrior+Shaman,Rogue+Shaman,17,team2,kill,28.67
Warrior+Shaman_vs_Rogue+Shaman#as87Control,Warrior+Shaman,Rogue+Shaman,18,team2,kill,28.87
Warrior+Shaman_vs_Rogue+Shaman#as87Control,Warrior+Shaman,Rogue+Shaman,19,team2,kill,27.80
Warrior+Shaman_vs_Paladin+Hunter#as87Control,Warrior+Shaman,Paladin+Hunter,0,team1,kill,65.32
Warrior+Shaman_vs_Paladin+Hunter#as87Control,Warrior+Shaman,Paladin+Hunter,1,team1,kill,72.98
Warrior+Shaman_vs_Paladin+Hunter#as87Control,Warrior+Shaman,Paladin+Hunter,2,team1,kill,72.52
Warrior+Shaman_vs_Paladin+Hunter#as87Control,Warrior+Shaman,Paladin+Hunter,3,team1,kill,65.63
Warrior+Shaman_vs_Paladin+Hunter#as87Control,Warrior+Shaman,Paladin+Hunter,4,team1,kill,63.93
Warrior+Shaman_vs_Paladin+Hunter#as87Control,Warrior+Shaman,Paladin+Hunter,5,team1,kill,68.72
Warrior+Shaman_vs_Paladin+Hunter#as87Control,Warrior+Shaman,Paladin+Hunter,6,team1,kill,64.17
Warrior+Shaman_vs_Paladin+Hunter#as87Control,Warrior+Shaman,Paladin+Hunter,7,team1,kill,69.22
Warrior+Shaman_vs_Paladin+Hunter#as87Control,Warrior+Shaman,Paladin+Hunter,8,team1,kill,61.72
Warrior+Shaman_vs_Paladin+Hunter#as87Control,Warrior+Shaman,Paladin+Hunter,9,team1,kill,71.87
Warrior+Shaman_vs_Paladin+Hunter#as87Control,Warrior+Shaman,Paladin+Hunter,10,team1,kill,70.75
Warrior+Shaman_vs_Paladin+Hunter#as87Control,Warrior+Shaman,Paladin+Hunter,11,team1,kill,72.98
Warrior+Shaman_vs_Paladin+Hunter#as87Control,Warrior+Shaman,Paladin+Hunter,12,team1,kill,72.92
Warrior+Shaman_vs_Paladin+Hunter#as87Control,Warrior+Shaman,Paladin+Hunter,13,team1,kill,62.82
Warrior+Shaman_vs_Paladin+Hunter#as87Control,Warrior+Shaman,Paladin+Hunter,14,team1,kill,71.25
Warrior+Shaman_vs_Paladin+Hunter#as87Control,Warrior+Shaman,Paladin+Hunter,15,team1,kill,70.87
Warrior+Shaman_vs_Paladin+Hunter#as87Control,Warrior+Shaman,Paladin+Hunter,16,team1,kill,72.68
Warrior+Shaman_vs_Paladin+Hunter#as87Control,Warrior+Shaman,Paladin+Hunter,17,team1,kill,67.52
Warrior+Shaman_vs_Paladin+Hunter#as87Control,Warrior+Shaman,Paladin+Hunter,18,team1,kill,72.98
Warrior+Shaman_vs_Paladin+Hunter#as87Control,Warrior+Shaman,Paladin+Hunter,19,team1,kill,71.57
Warrior+Shaman_vs_Hunter+Shaman#as87Control,Warrior+Shaman,Hunter+Shaman,0,team2,kill,53.57
Warrior+Shaman_vs_Hunter+Shaman#as87Control,Warrior+Shaman,Hunter+Shaman,1,team2,kill,22.62
Warrior+Shaman_vs_Hunter+Shaman#as87Control,Warrior+Shaman,Hunter+Shaman,2,team2,kill,46.55
Warrior+Shaman_vs_Hunter+Shaman#as87Control,Warrior+Shaman,Hunter+Shaman,3,team2,kill,56.67
Warrior+Shaman_vs_Hunter+Shaman#as87Control,Warrior+Shaman,Hunter+Shaman,4,team2,kill,15.97
Warrior+Shaman_vs_Hunter+Shaman#as87Control,Warrior+Shaman,Hunter+Shaman,5,team2,kill,50.65
Warrior+Shaman_vs_Hunter+Shaman#as87Control,Warrior+Shaman,Hunter+Shaman,6,team2,kill,23.67
Warrior+Shaman_vs_Hunter+Shaman#as87Control,Warrior+Shaman,Hunter+Shaman,7,team2,kill,26.72
Warrior+Shaman_vs_Hunter+Shaman#as87Control,Warrior+Shaman,Hunter+Shaman,8,team2,kill,43.15
Warrior+Shaman_vs_Hunter+Shaman#as87Control,Warrior+Shaman,Hunter+Shaman,9,team2,kill,43.60
Warrior+Shaman_vs_Hunter+Shaman#as87Control,Warrior+Shaman,Hunter+Shaman,10,team2,kill,44.88
Warrior+Shaman_vs_Hunter+Shaman#as87Control,Warrior+Shaman,Hunter+Shaman,11,team2,kill,50.65
Warrior+Shaman_vs_Hunter+Shaman#as87Control,Warrior+Shaman,Hunter+Shaman,12,team2,kill,41.97
Warrior+Shaman_vs_Hunter+Shaman#as87Control,Warrior+Shaman,Hunter+Shaman,13,team2,kill,51.28
Warrior+Shaman_vs_Hunter+Shaman#as87Control,Warrior+Shaman,Hunter+Shaman,14,team2,kill,40.43
Warrior+Shaman_vs_Hunter+Shaman#as87Control,Warrior+Shaman,Hunter+Shaman,15,team2,kill,43.40
Warrior+Shaman_vs_Hunter+Shaman#as87Control,Warrior+Shaman,Hunter+Shaman,16,team2,kill,58.20
Warrior+Shaman_vs_Hunter+Shaman#as87Control,Warrior+Shaman,Hunter+Shaman,17,team2,kill,59.83
Warrior+Shaman_vs_Hunter+Shaman#as87Control,Warrior+Shaman,Hunter+Shaman,18,team2,kill,41.28
Warrior+Shaman_vs_Hunter+Shaman#as87Control,Warrior+Shaman,Hunter+Shaman,19,team2,kill,49.72
