label,team1,team2,seed,winner,end_reason,duration_secs
Mage+Warrior_vs_Warrior+Mage,Mage+Warrior,Warrior+Mage,0,draw,kill,27.10
Mage+Warrior_vs_Warrior+Mage,Mage+Warrior,Warrior+Mage,1,team2,kill,25.65
Mage+Warrior_vs_Warrior+Mage,Mage+Warrior,Warrior+Mage,2,draw,kill,27.17
Mage+Warrior_vs_Warrior+Mage,Mage+Warrior,Warrior+Mage,3,draw,kill,27.10
Mage+Warrior_vs_Warrior+Mage,Mage+Warrior,Warrior+Mage,4,team2,kill,19.52
Mage+Warrior_vs_Warrior+Mage,Mage+Warrior,Warrior+Mage,5,team2,kill,25.58
Mage+Warrior_vs_Warrior+Mage,Mage+Warrior,Warrior+Mage,6,team2,kill,25.65
Mage+Warrior_vs_Warrior+Mage,Mage+Warrior,Warrior+Mage,7,team2,kill,25.58
Mage+Warrior_vs_Warrior+Mage,Mage+Warrior,Warrior+Mage,8,team2,kill,25.58
Mage+Warrior_vs_Warrior+Mage,Mage+Warrior,Warrior+Mage,9,team2,kill,25.65
Mage+Warrior_vs_Warrior+Mage,Mage+Warrior,Warrior+Mage,10,draw,kill,27.17
Mage+Warrior_vs_Warrior+Mage,Mage+Warrior,Warrior+Mage,11,draw,kill,27.17
Mage+Warrior_vs_Warrior+Mage,Mage+Warrior,Warrior+Mage,12,team1,kill,25.58
Mage+Warrior_vs_Warrior+Mage,Mage+Warrior,Warrior+Mage,13,team1,kill,25.65
Mage+Warrior_vs_Warrior+Mage,Mage+Warrior,Warrior+Mage,14,team1,kill,25.65
Mage+Warrior_vs_Warrior+Mage,Mage+Warrior,Warrior+Mage,15,team2,kill,22.87
Mage+Warrior_vs_Warrior+Mage,Mage+Warrior,Warrior+Mage,16,draw,kill,26.35
Mage+Warrior_vs_Warrior+Mage,Mage+Warrior,Warrior+Mage,17,team2,kill,19.92
Mage+Warrior_vs_Warrior+Mage,Mage+Warrior,Warrior+Mage,18,team2,kill,25.65
Mage+Warrior_vs_Warrior+Mage,Mage+Warrior,Warrior+Mage,19,team2,kill,22.87
Mage+Warrior_vs_Warrior+Rogue,Mage+Warrior,Warrior+Rogue,0,team1,kill,21.13
Mage+Warrior_vs_Warrior+Rogue,Mage+Warrior,Warrior+Rogue,1,team1,kill,20.95
Mage+Warrior_vs_Warrior+Rogue,Mage+Warrior,Warrior+Rogue,2,team1,kill,20.95
Mage+Warrior_vs_Warrior+Rogue,Mage+Warrior,Warrior+Rogue,3,team1,kill,20.95
Mage+Warrior_vs_Warrior+Rogue,Mage+Warrior,Warrior+Rogue,4,team2,kill,25.53
Mage+Warrior_vs_Warrior+Rogue,Mage+Warrior,Warrior+Rogue,5,team1,kill,20.95
Mage+Warrior_vs_Warrior+Rogue,Mage+Warrior,Warrior+Rogue,6,team1,kill,18.05
Mage+Warrior_vs_Warrior+Rogue,Mage+Warrior,Warrior+Rogue,7,team1,kill,20.95
Mage+Warrior_vs_Warrior+Rogue,Mage+Warrior,Warrior+Rogue,8,team2,kill,24.08
Mage+Warrior_vs_Warrior+Rogue,Mage+Warrior,Warrior+Rogue,9,team1,kill,19.65
Mage+Warrior_vs_Warrior+Rogue,Mage+Warrior,Warrior+Rogue,10,team2,kill,25.60
Mage+Warrior_vs_Warrior+Rogue,Mage+Warrior,Warrior+Rogue,11,team1,kill,24.48
Mage+Warrior_vs_Warrior+Rogue,Mage+Warrior,Warrior+Rogue,12,team2,kill,23.42
Mage+Warrior_vs_Warrior+Rogue,Mage+Warrior,Warrior+Rogue,13,team1,kill,21.00
Mage+Warrior_vs_Warrior+Rogue,Mage+Warrior,Warrior+Rogue,14,team1,kill,20.85
Mage+Warrior_vs_Warrior+Rogue,Mage+Warrior,Warrior+Rogue,15,team1,kill,21.13
Mage+Warrior_vs_Warrior+Rogue,Mage+Warrior,Warrior+Rogue,16,team1,kill,17.55
Mage+Warrior_vs_Warrior+Rogue,Mage+Warrior,Warrior+Rogue,17,team1,kill,21.00
Mage+Warrior_vs_Warrior+Rogue,Mage+Warrior,Warrior+Rogue,18,team1,kill,18.75
Mage+Warrior_vs_Warrior+Rogue,Mage+Warrior,Warrior+Rogue,19,team1,kill,20.95
Mage+Warrior_vs_Warrior+Priest,Mage+Warrior,Warrior+Priest,0,team1,kill,22.97
Mage+Warrior_vs_Warrior+Priest,Mage+Warrior,Warrior+Priest,1,team1,kill,25.63
Mage+Warrior_vs_Warrior+Priest,Mage+Warrior,Warrior+Priest,2,team1,kill,25.13
Mage+Warrior_vs_Warrior+Priest,Mage+Warrior,Warrior+Priest,3,team1,kill,26.32
Mage+Warrior_vs_Warrior+Priest,Mage+Warrior,Warrior+Priest,4,team1,kill,30.05
Mage+Warrior_vs_Warrior+Priest,Mage+Warrior,Warrior+Priest,5,team1,kill,24.10
Mage+Warrior_vs_Warrior+Priest,Mage+Warrior,Warrior+Priest,6,team1,kill,24.08
Mage+Warrior_vs_Warrior+Priest,Mage+Warrior,Warrior+Priest,7,team1,kill,22.97
Mage+Warrior_vs_Warrior+Priest,Mage+Warrior,Warrior+Priest,8,team1,kill,24.10
Mage+Warrior_vs_Warrior+Priest,Mage+Warrior,Warrior+Priest,9,team1,kill,28.25
Mage+Warrior_vs_Warrior+Priest,Mage+Warrior,Warrior+Priest,10,team1,kill,26.63
Mage+Warrior_vs_Warrior+Priest,Mage+Warrior,Warrior+Priest,11,team1,kill,24.10
Mage+Warrior_vs_Warrior+Priest,Mage+Warrior,Warrior+Priest,12,team1,kill,27.43
Mage+Warrior_vs_Warrior+Priest,Mage+Warrior,Warrior+Priest,13,team1,kill,19.07
Mage+Warrior_vs_Warrior+Priest,Mage+Warrior,Warrior+Priest,14,team1,kill,29.17
Mage+Warrior_vs_Warrior+Priest,Mage+Warrior,Warrior+Priest,15,team1,kill,27.22
Mage+Warrior_vs_Warrior+Priest,Mage+Warrior,Warrior+Priest,16,team1,kill,25.20
Mage+Warrior_vs_Warrior+Priest,Mage+Warrior,Warrior+Priest,17,team2,kill,34.83
Mage+Warrior_vs_Warrior+Priest,Mage+Warrior,Warrior+Priest,18,team1,kill,21.18
Mage+Warrior_vs_Warrior+Priest,Mage+Warrior,Warrior+Priest,19,team1,kill,24.10
Mage+Warrior_vs_Warrior+Warlock,Mage+Warrior,Warrior+Warlock,0,team1,kill,26.90
Mage+Warrior_vs_Warrior+Warlock,Mage+Warrior,Warrior+Warlock,1,team1,kill,26.90
Mage+Warrior_vs_Warrior+Warlock,Mage+Warrior,Warrior+Warlock,2,team1,kill,26.90
Mage+Warrior_vs_Warrior+Warlock,Mage+Warrior,Warrior+Warlock,3,team1,kill,20.48
Mage+Warrior_vs_Warrior+Warlock,Mage+Warrior,Warrior+Warlock,4,team1,kill,20.08
Mage+Warrior_vs_Warrior+Warlock,Mage+Warrior,Warrior+Warlock,5,team1,kill,26.90
Mage+Warrior_vs_Warrior+Warlock,Mage+Warrior,Warrior+Warlock,6,team2,kill,20.08
Mage+Warrior_vs_Warrior+Warlock,Mage+Warrior,Warrior+Warlock,7,team1,kill,25.38
Mage+Warrior_vs_Warrior+Warlock,Mage+Warrior,Warrior+Warlock,8,team1,kill,26.90
Mage+Warrior_vs_Warrior+Warlock,Mage+Warrior,Warrior+Warlock,9,team1,kill,26.90
Mage+Warrior_vs_Warrior+Warlock,Mage+Warrior,Warrior+Warlock,10,team1,kill,26.90
Mage+Warrior_vs_Warrior+Warlock,Mage+Warrior,Warrior+Warlock,11,team1,kill,21.27
Mage+Warrior_vs_Warrior+Warlock,Mage+Warrior,Warrior+Warlock,12,team1,kill,25.38
Mage+Warrior_vs_Warrior+Warlock,Mage+Warrior,Warrior+Warlock,13,team1,kill,20.58
Mage+Warrior_vs_Warrior+Warlock,Mage+Warrior,Warrior+Warlock,14,team1,kill,26.90
Mage+Warrior_vs_Warrior+Warlock,Mage+Warrior,Warrior+Warlock,15,team1,kill,25.38
Mage+Warrior_vs_Warrior+Warlock,Mage+Warrior,Warrior+Warlock,16,team1,kill,26.90
Mage+Warrior_vs_Warrior+Warlock,Mage+Warrior,Warrior+Warlock,17,team1,kill,18.90
Mage+Warrior_vs_Warrior+Warlock,Mage+Warrior,Warrior+Warlock,18,team1,kill,19.83
Mage+Warrior_vs_Warrior+Warlock,Mage+Warrior,Warrior+Warlock,19,team1,kill,19.38
Mage+Warrior_vs_Warrior+Paladin,Mage+Warrior,Warrior+Paladin,0,team2,kill,58.60
Mage+Warrior_vs_Warrior+Paladin,Mage+Warrior,Warrior+Paladin,1,team2,kill,37.45
Mage+Warrior_vs_Warrior+Paladin,Mage+Warrior,Warrior+Paladin,2,team1,kill,37.03
Mage+Warrior_vs_Warrior+Paladin,Mage+Warrior,Warrior+Paladin,3,team2,kill,58.28
Mage+Warrior_vs_Warrior+Paladin,Mage+Warrior,Warrior+Paladin,4,team2,kill,56.98
Mage+Warrior_vs_Warrior+Paladin,Mage+Warrior,Warrior+Paladin,5,team1,kill,59.60
Mage+Warrior_vs_Warrior+Paladin,Mage+Warrior,Warrior+Paladin,6,team2,kill,34.10
Mage+Warrior_vs_Warrior+Paladin,Mage+Warrior,Warrior+Paladin,7,team1,kill,65.28
Mage+Warrior_vs_Warrior+Paladin,Mage+Warrior,Warrior+Paladin,8,team2,kill,58.13
Mage+Warrior_vs_Warrior+Paladin,Mage+Warrior,Warrior+Paladin,9,team1,kill,44.58
Mage+Warrior_vs_Warrior+Paladin,Mage+Warrior,Warrior+Paladin,10,team1,kill,55.28
Mage+Warrior_vs_Warrior+Paladin,Mage+Warrior,Warrior+Paladin,11,team1,kill,35.65
Mage+Warrior_vs_Warrior+Paladin,Mage+Warrior,Warrior+Paladin,12,team2,kill,42.95
Mage+Warrior_vs_Warrior+Paladin,Mage+Warrior,Warrior+Paladin,13,team2,kill,25.25
Mage+Warrior_vs_Warrior+Paladin,Mage+Warrior,Warrior+Paladin,14,team2,kill,38.52
Mage+Warrior_vs_Warrior+Paladin,Mage+Warrior,Warrior+Paladin,15,team2,kill,58.53
Mage+Warrior_vs_Warrior+Paladin,Mage+Warrior,Warrior+Paladin,16,team2,kill,34.28
Mage+Warrior_vs_Warrior+Paladin,Mage+Warrior,Warrior+Paladin,17,team2,kill,34.10
Mage+Warrior_vs_Warrior+Paladin,Mage+Warrior,Warrior+Paladin,18,team2,kill,34.10
Mage+Warrior_vs_Warrior+Paladin,Mage+Warrior,Warrior+Paladin,19,team2,kill,55.00
Mage+Warrior_vs_Warrior+Hunter,Mage+Warrior,Warrior+Hunter,0,team1,kill,25.63
Mage+Warrior_vs_Warrior+Hunter,Mage+Warrior,Warrior+Hunter,1,team1,kill,24.20
Mage+Warrior_vs_Warrior+Hunter,Mage+Warrior,Warrior+Hunter,2,team1,kill,23.95
Mage+Warrior_vs_Warrior+Hunter,Mage+Warrior,Warrior+Hunter,3,team1,kill,25.63
Mage+Warrior_vs_Warrior+Hunter,Mage+Warrior,Warrior+Hunter,4,team1,kill,25.63
Mage+Warrior_vs_Warrior+Hunter,Mage+Warrior,Warrior+Hunter,5,team1,kill,24.23
Mage+Warrior_vs_Warrior+Hunter,Mage+Warrior,Warrior+Hunter,6,team1,kill,24.20
Mage+Warrior_vs_Warrior+Hunter,Mage+Warrior,Warrior+Hunter,7,team1,kill,25.63
Mage+Warrior_vs_Warrior+Hunter,Mage+Warrior,Warrior+Hunter,8,team1,kill,25.63
Mage+Warrior_vs_Warrior+Hunter,Mage+Warrior,Warrior+Hunter,9,team1,kill,24.20
Mage+Warrior_vs_Warrior+Hunter,Mage+Warrior,Warrior+Hunter,10,team1,kill,24.20
Mage+Warrior_vs_Warrior+Hunter,Mage+Warrior,Warrior+Hunter,11,team1,kill,25.63
Mage+Warrior_vs_Warrior+Hunter,Mage+Warrior,Warrior+Hunter,12,team1,kill,24.20
Mage+Warrior_vs_Warrior+Hunter,Mage+Warrior,Warrior+Hunter,13,team1,kill,25.63
Mage+Warrior_vs_Warrior+Hunter,Mage+Warrior,Warrior+Hunter,14,team1,kill,25.63
Mage+Warrior_vs_Warrior+Hunter,Mage+Warrior,Warrior+Hunter,15,team1,kill,24.20
Mage+Warrior_vs_Warrior+Hunter,Mage+Warrior,Warrior+Hunter,16,team1,kill,25.63
Mage+Warrior_vs_Warrior+Hunter,Mage+Warrior,Warrior+Hunter,17,team1,kill,24.23
Mage+Warrior_vs_Warrior+Hunter,Mage+Warrior,Warrior+Hunter,18,team1,kill,25.63
Mage+Warrior_vs_Warrior+Hunter,Mage+Warrior,Warrior+Hunter,19,team1,kill,25.63
Mage+Warrior_vs_Warrior+Shaman,Mage+Warrior,Warrior+Shaman,0,team2,kill,42.18
Mage+Warrior_vs_Warrior+Shaman,Mage+Warrior,Warrior+Shaman,1,team2,kill,22.87
Mage+Warrior_vs_Warrior+Shaman,Mage+Warrior,Warrior+Shaman,2,team2,kill,22.07
Mage+Warrior_vs_Warrior+Shaman,Mage+Warrior,Warrior+Shaman,3,team1,kill,38.02
Mage+Warrior_vs_Warrior+Shaman,Mage+Warrior,Warrior+Shaman,4,team2,kill,22.87
Mage+Warrior_vs_Warrior+Shaman,Mage+Warrior,Warrior+Shaman,5,team2,kill,22.87
Mage+Warrior_vs_Warrior+Shaman,Mage+Warrior,Warrior+Shaman,6,team2,kill,22.07
Mage+Warrior_vs_Warrior+Shaman,Mage+Warrior,Warrior+Shaman,7,team1,kill,36.50
Mage+Warrior_vs_Warrior+Shaman,Mage+Warrior,Warrior+Shaman,8,team1,kill,30.43
Mage+Warrior_vs_Warrior+Shaman,Mage+Warrior,Warrior+Shaman,9,team2,kill,24.23
Mage+Warrior_vs_Warrior+Shaman,Mage+Warrior,Warrior+Shaman,10,team2,kill,24.00
Mage+Warrior_vs_Warrior+Shaman,Mage+Warrior,Warrior+Shaman,11,team2,kill,22.87
Mage+Warrior_vs_Warrior+Shaman,Mage+Warrior,Warrior+Shaman,12,team2,kill,22.07
Mage+Warrior_vs_Warrior+Shaman,Mage+Warrior,Warrior+Shaman,13,team2,kill,22.07
Mage+Warrior_vs_Warrior+Shaman,Mage+Warrior,Warrior+Shaman,14,team1,kill,44.05
Mage+Warrior_vs_Warrior+Shaman,Mage+Warrior,Warrior+Shaman,15,team2,kill,23.03
Mage+Warrior_vs_Warrior+Shaman,Mage+Warrior,Warrior+Shaman,16,team1,kill,24.52
Mage+Warrior_vs_Warrior+Shaman,Mage+Warrior,Warrior+Shaman,17,team2,kill,25.10
Mage+Warrior_vs_Warrior+Shaman,Mage+Warrior,Warrior+Shaman,18,team2,kill,22.87
Mage+Warrior_vs_Warrior+Shaman,Mage+Warrior,Warrior+Shaman,19,team2,kill,23.03
Mage+Warrior_vs_Mage+Rogue,Mage+Warrior,Mage+Rogue,0,team1,kill,16.50
Mage+Warrior_vs_Mage+Rogue,Mage+Warrior,Mage+Rogue,1,team1,kill,16.50
Mage+Warrior_vs_Mage+Rogue,Mage+Warrior,Mage+Rogue,2,team1,kill,17.92
Mage+Warrior_vs_Mage+Rogue,Mage+Warrior,Mage+Rogue,3,team1,kill,17.92
Mage+Warrior_vs_Mage+Rogue,Mage+Warrior,Mage+Rogue,4,team1,kill,16.50
Mage+Warrior_vs_Mage+Rogue,Mage+Warrior,Mage+Rogue,5,team1,kill,17.92
Mage+Warrior_vs_Mage+Rogue,Mage+Warrior,Mage+Rogue,6,team1,kill,17.92
Mage+Warrior_vs_Mage+Rogue,Mage+Warrior,Mage+Rogue,7,team1,kill,17.88
Mage+Warrior_vs_Mage+Rogue,Mage+Warrior,Mage+Rogue,8,team1,kill,17.92
Mage+Warrior_vs_Mage+Rogue,Mage+Warrior,Mage+Rogue,9,team1,kill,16.50
Mage+Warrior_vs_Mage+Rogue,Mage+Warrior,Mage+Rogue,10,team1,kill,17.92
Mage+Warrior_vs_Mage+Rogue,Mage+Warrior,Mage+Rogue,11,team1,kill,17.92
Mage+Warrior_vs_Mage+Rogue,Mage+Warrior,Mage+Rogue,12,team1,kill,17.92
Mage+Warrior_vs_Mage+Rogue,Mage+Warrior,Mage+Rogue,13,team1,kill,17.82
Mage+Warrior_vs_Mage+Rogue,Mage+Warrior,Mage+Rogue,14,team1,kill,16.50
Mage+Warrior_vs_Mage+Rogue,Mage+Warrior,Mage+Rogue,15,team1,kill,17.92
Mage+Warrior_vs_Mage+Rogue,Mage+Warrior,Mage+Rogue,16,team1,kill,16.50
Mage+Warrior_vs_Mage+Rogue,Mage+Warrior,Mage+Rogue,17,team1,kill,16.50
Mage+Warrior_vs_Mage+Rogue,Mage+Warrior,Mage+Rogue,18,team1,kill,16.50
Mage+Warrior_vs_Mage+Rogue,Mage+Warrior,Mage+Rogue,19,team1,kill,17.92
Mage+Warrior_vs_Mage+Priest,Mage+Warrior,Mage+Priest,0,team2,kill,26.82
Mage+Warrior_vs_Mage+Priest,Mage+Warrior,Mage+Priest,1,team2,kill,20.58
Mage+Warrior_vs_Mage+Priest,Mage+Warrior,Mage+Priest,2,team2,kill,27.95
Mage+Warrior_vs_Mage+Priest,Mage+Warrior,Mage+Priest,3,team2,kill,27.88
Mage+Warrior_vs_Mage+Priest,Mage+Warrior,Mage+Priest,4,team2,kill,22.58
Mage+Warrior_vs_Mage+Priest,Mage+Warrior,Mage+Priest,5,team1,kill,45.28
Mage+Warrior_vs_Mage+Priest,Mage+Warrior,Mage+Priest,6,team2,kill,22.70
Mage+Warrior_vs_Mage+Priest,Mage+Warrior,Mage+Priest,7,team2,kill,21.15
Mage+Warrior_vs_Mage+Priest,Mage+Warrior,Mage+Priest,8,team2,kill,25.37
Mage+Warrior_vs_Mage+Priest,Mage+Warrior,Mage+Priest,9,team2,kill,27.95
Mage+Warrior_vs_Mage+Priest,Mage+Warrior,Mage+Priest,10,team2,kill,27.88
Mage+Warrior_vs_Mage+Priest,Mage+Warrior,Mage+Priest,11,team2,kill,27.95
Mage+Warrior_vs_Mage+Priest,Mage+Warrior,Mage+Priest,12,team2,kill,24.25
Mage+Warrior_vs_Mage+Priest,Mage+Warrior,Mage+Priest,13,team2,kill,24.50
Mage+Warrior_vs_Mage+Priest,Mage+Warrior,Mage+Priest,14,team1,kill,23.45
Mage+Warrior_vs_Mage+Priest,Mage+Warrior,Mage+Priest,15,team2,kill,27.90
Mage+Warrior_vs_Mage+Priest,Mage+Warrior,Mage+Priest,16,team2,kill,18.98
Mage+Warrior_vs_Mage+Priest,Mage+Warrior,Mage+Priest,17,team1,kill,20.77
Mage+Warrior_vs_Mage+Priest,Mage+Warrior,Mage+Priest,18,team2,kill,27.90
Mage+Warrior_vs_Mage+Priest,Mage+Warrior,Mage+Priest,19,team2,kill,20.55
Mage+Warrior_vs_Mage+Warlock,Mage+Warrior,Mage+Warlock,0,team2,kill,14.22
Mage+Warrior_vs_Mage+Warlock,Mage+Warrior,Mage+Warlock,1,team2,kill,15.43
Mage+Warrior_vs_Mage+Warlock,Mage+Warrior,Mage+Warlock,2,team2,kill,15.60
Mage+Warrior_vs_Mage+Warlock,Mage+Warrior,Mage+Warlock,3,team2,kill,16.13
Mage+Warrior_vs_Mage+Warlock,Mage+Warrior,Mage+Warlock,4,team2,kill,14.43
Mage+Warrior_vs_Mage+Warlock,Mage+Warrior,Mage+Warlock,5,team2,kill,16.13
Mage+Warrior_vs_Mage+Warlock,Mage+Warrior,Mage+Warlock,6,team2,kill,16.13
Mage+Warrior_vs_Mage+Warlock,Mage+Warrior,Mage+Warlock,7,team2,kill,15.60
Mage+Warrior_vs_Mage+Warlock,Mage+Warrior,Mage+Warlock,8,team2,kill,16.13
Mage+Warrior_vs_Mage+Warlock,Mage+Warrior,Mage+Warlock,9,team2,kill,15.57
Mage+Warrior_vs_Mage+Warlock,Mage+Warrior,Mage+Warlock,10,team2,kill,15.70
Mage+Warrior_vs_Mage+Warlock,Mage+Warrior,Mage+Warlock,11,team2,kill,16.13
Mage+Warrior_vs_Mage+Warlock,Mage+Warrior,Mage+Warlock,12,team2,kill,16.13
Mage+Warrior_vs_Mage+Warlock,Mage+Warrior,Mage+Warlock,13,team2,kill,16.13
Mage+Warrior_vs_Mage+Warlock,Mage+Warrior,Mage+Warlock,14,team2,kill,16.13
Mage+Warrior_vs_Mage+Warlock,Mage+Warrior,Mage+Warlock,15,team2,kill,16.13
Mage+Warrior_vs_Mage+Warlock,Mage+Warrior,Mage+Warlock,16,team2,kill,16.13
Mage+Warrior_vs_Mage+Warlock,Mage+Warrior,Mage+Warlock,17,team2,kill,16.13
Mage+Warrior_vs_Mage+Warlock,Mage+Warrior,Mage+Warlock,18,team2,kill,14.08
Mage+Warrior_vs_Mage+Warlock,Mage+Warrior,Mage+Warlock,19,team2,kill,16.13
Mage+Warrior_vs_Mage+Paladin,Mage+Warrior,Mage+Paladin,0,team2,kill,27.22
Mage+Warrior_vs_Mage+Paladin,Mage+Warrior,Mage+Paladin,1,team2,kill,27.17
Mage+Warrior_vs_Mage+Paladin,Mage+Warrior,Mage+Paladin,2,team2,kill,28.53
Mage+Warrior_vs_Mage+Paladin,Mage+Warrior,Mage+Paladin,3,team2,kill,24.38
Mage+Warrior_vs_Mage+Paladin,Mage+Warrior,Mage+Paladin,4,team2,kill,28.28
Mage+Warrior_vs_Mage+Paladin,Mage+Warrior,Mage+Paladin,5,team2,kill,28.18
Mage+Warrior_vs_Mage+Paladin,Mage+Warrior,Mage+Paladin,6,team2,kill,55.07
Mage+Warrior_vs_Mage+Paladin,Mage+Warrior,Mage+Paladin,7,team2,kill,25.97
Mage+Warrior_vs_Mage+Paladin,Mage+Warrior,Mage+Paladin,8,team2,kill,29.02
Mage+Warrior_vs_Mage+Paladin,Mage+Warrior,Mage+Paladin,9,team2,kill,26.63
Mage+Warrior_vs_Mage+Paladin,Mage+Warrior,Mage+Paladin,10,team2,kill,27.33
Mage+Warrior_vs_Mage+Paladin,Mage+Warrior,Mage+Paladin,11,team2,kill,28.35
Mage+Warrior_vs_Mage+Paladin,Mage+Warrior,Mage+Paladin,12,team2,kill,27.17
Mage+Warrior_vs_Mage+Paladin,Mage+Warrior,Mage+Paladin,13,team2,kill,22.98
Mage+Warrior_vs_Mage+Paladin,Mage+Warrior,Mage+Paladin,14,team2,kill,28.27
Mage+Warrior_vs_Mage+Paladin,Mage+Warrior,Mage+Paladin,15,team2,kill,28.58
Mage+Warrior_vs_Mage+Paladin,Mage+Warrior,Mage+Paladin,16,team2,kill,26.57
Mage+Warrior_vs_Mage+Paladin,Mage+Warrior,Mage+Paladin,17,team2,kill,27.70
Mage+Warrior_vs_Mage+Paladin,Mage+Warrior,Mage+Paladin,18,team2,kill,30.15
Mage+Warrior_vs_Mage+Paladin,Mage+Warrior,Mage+Paladin,19,team2,kill,27.02
Mage+Warrior_vs_Mage+Hunter,Mage+Warrior,Mage+Hunter,0,team1,kill,21.15
Mage+Warrior_vs_Mage+Hunter,Mage+Warrior,Mage+Hunter,1,team1,kill,21.47
Mage+Warrior_vs_Mage+Hunter,Mage+Warrior,Mage+Hunter,2,team2,kill,33.20
Mage+Warrior_vs_Mage+Hunter,Mage+Warrior,Mage+Hunter,3,team1,kill,20.43
Mage+Warrior_vs_Mage+Hunter,Mage+Warrior,Mage+Hunter,4,team1,kill,21.77
Mage+Warrior_vs_Mage+Hunter,Mage+Warrior,Mage+Hunter,5,team1,kill,21.53
Mage+Warrior_vs_Mage+Hunter,Mage+Warrior,Mage+Hunter,6,team1,kill,20.93
Mage+Warrior_vs_Mage+Hunter,Mage+Warrior,Mage+Hunter,7,team1,kill,21.42
Mage+Warrior_vs_Mage+Hunter,Mage+Warrior,Mage+Hunter,8,team1,kill,22.55
Mage+Warrior_vs_Mage+Hunter,Mage+Warrior,Mage+Hunter,9,team1,kill,22.55
Mage+Warrior_vs_Mage+Hunter,Mage+Warrior,Mage+Hunter,10,team1,kill,21.85
Mage+Warrior_vs_Mage+Hunter,Mage+Warrior,Mage+Hunter,11,team1,kill,21.72
Mage+Warrior_vs_Mage+Hunter,Mage+Warrior,Mage+Hunter,12,team1,kill,22.55
Mage+Warrior_vs_Mage+Hunter,Mage+Warrior,Mage+Hunter,13,team1,kill,21.70
Mage+Warrior_vs_Mage+Hunter,Mage+Warrior,Mage+Hunter,14,team1,kill,20.88
Mage+Warrior_vs_Mage+Hunter,Mage+Warrior,Mage+Hunter,15,team1,kill,22.55
Mage+Warrior_vs_Mage+Hunter,Mage+Warrior,Mage+Hunter,16,team1,kill,21.07
Mage+Warrior_vs_Mage+Hunter,Mage+Warrior,Mage+Hunter,17,team2,kill,33.25
Mage+Warrior_vs_Mage+Hunter,Mage+Warrior,Mage+Hunter,18,team1,kill,20.90
Mage+Warrior_vs_Mage+Hunter,Mage+Warrior,Mage+Hunter,19,team1,kill,22.55
Mage+Warrior_vs_Mage+Shaman,Mage+Warrior,Mage+Shaman,0,team2,kill,26.65
Mage+Warrior_vs_Mage+Shaman,Mage+Warrior,Mage+Shaman,1,team1,kill,29.90
Mage+Warrior_vs_Mage+Shaman,Mage+Warrior,Mage+Shaman,2,team2,kill,28.60
Mage+Warrior_vs_Mage+Shaman,Mage+Warrior,Mage+Shaman,3,team2,kill,27.10
Mage+Warrior_vs_Mage+Shaman,Mage+Warrior,Mage+Shaman,4,team1,kill,28.38
Mage+Warrior_vs_Mage+Shaman,Mage+Warrior,Mage+Shaman,5,team2,kill,28.67
Mage+Warrior_vs_Mage+Shaman,Mage+Warrior,Mage+Shaman,6,team2,kill,13.35
Mage+Warrior_vs_Mage+Shaman,Mage+Warrior,Mage+Shaman,7,team1,kill,27.52
Mage+Warrior_vs_Mage+Shaman,Mage+Warrior,Mage+Shaman,8,team2,kill,28.60
Mage+Warrior_vs_Mage+Shaman,Mage+Warrior,Mage+Shaman,9,team2,kill,28.60
Mage+Warrior_vs_Mage+Shaman,Mage+Warrior,Mage+Shaman,10,team2,kill,30.12
Mage+Warrior_vs_Mage+Shaman,Mage+Warrior,Mage+Shaman,11,team2,kill,28.60
Mage+Warrior_vs_Mage+Shaman,Mage+Warrior,Mage+Shaman,12,team2,kill,25.13
Mage+Warrior_vs_Mage+Shaman,Mage+Warrior,Mage+Shaman,13,team2,kill,13.35
Mage+Warrior_vs_Mage+Shaman,Mage+Warrior,Mage+Shaman,14,team1,kill,25.37
Mage+Warrior_vs_Mage+Shaman,Mage+Warrior,Mage+Shaman,15,team1,kill,32.95
Mage+Warrior_vs_Mage+Shaman,Mage+Warrior,Mage+Shaman,16,team2,kill,20.77
Mage+Warrior_vs_Mage+Shaman,Mage+Warrior,Mage+Shaman,17,team1,kill,22.28
Mage+Warrior_vs_Mage+Shaman,Mage+Warrior,Mage+Shaman,18,team2,kill,28.60
Mage+Warrior_vs_Mage+Shaman,Mage+Warrior,Mage+Shaman,19,team1,kill,30.75
Mage+Warrior_vs_Rogue+Priest,Mage+Warrior,Rogue+Priest,0,team1,kill,30.50
Mage+Warrior_vs_Rogue+Priest,Mage+Warrior,Rogue+Priest,1,team1,kill,23.58
Mage+Warrior_vs_Rogue+Priest,Mage+Warrior,Rogue+Priest,2,team1,kill,26.72
Mage+Warrior_vs_Rogue+Priest,Mage+Warrior,Rogue+Priest,3,team1,kill,25.60
Mage+Warrior_vs_Rogue+Priest,Mage+Warrior,Rogue+Priest,4,team1,kill,25.30
Mage+Warrior_vs_Rogue+Priest,Mage+Warrior,Rogue+Priest,5,team1,kill,24.48
Mage+Warrior_vs_Rogue+Priest,Mage+Warrior,Rogue+Priest,6,team1,kill,23.57
Mage+Warrior_vs_Rogue+Priest,Mage+Warrior,Rogue+Priest,7,team1,kill,24.28
Mage+Warrior_vs_Rogue+Priest,Mage+Warrior,Rogue+Priest,8,team1,kill,25.60
Mage+Warrior_vs_Rogue+Priest,Mage+Warrior,Rogue+Priest,9,team1,kill,25.60
Mage+Warrior_vs_Rogue+Priest,Mage+Warrior,Rogue+Priest,10,team1,kill,24.50
Mage+Warrior_vs_Rogue+Priest,Mage+Warrior,Rogue+Priest,11,team1,kill,25.60
Mage+Warrior_vs_Rogue+Priest,Mage+Warrior,Rogue+Priest,12,team1,kill,25.30
Mage+Warrior_vs_Rogue+Priest,Mage+Warrior,Rogue+Priest,13,team1,kill,24.17
Mage+Warrior_vs_Rogue+Priest,Mage+Warrior,Rogue+Priest,14,team1,kill,25.60
Mage+Warrior_vs_Rogue+Priest,Mage+Warrior,Rogue+Priest,15,team1,kill,24.17
Mage+Warrior_vs_Rogue+Priest,Mage+Warrior,Rogue+Priest,16,team1,kill,24.82
Mage+Warrior_vs_Rogue+Priest,Mage+Warrior,Rogue+Priest,17,team1,kill,25.75
Mage+Warrior_vs_Rogue+Priest,Mage+Warrior,Rogue+Priest,18,team1,kill,25.55
Mage+Warrior_vs_Rogue+Priest,Mage+Warrior,Rogue+Priest,19,team1,kill,25.30
Mage+Warrior_vs_Rogue+Warlock,Mage+Warrior,Rogue+Warlock,0,team2,kill,22.17
Mage+Warrior_vs_Rogue+Warlock,Mage+Warrior,Rogue+Warlock,1,team2,kill,24.50
Mage+Warrior_vs_Rogue+Warlock,Mage+Warrior,Rogue+Warlock,2,team2,kill,22.17
Mage+Warrior_vs_Rogue+Warlock,Mage+Warrior,Rogue+Warlock,3,team2,kill,22.23
Mage+Warrior_vs_Rogue+Warlock,Mage+Warrior,Rogue+Warlock,4,team2,kill,22.18
Mage+Warrior_vs_Rogue+Warlock,Mage+Warrior,Rogue+Warlock,5,team2,kill,24.50
Mage+Warrior_vs_Rogue+Warlock,Mage+Warrior,Rogue+Warlock,6,team2,kill,24.50
Mage+Warrior_vs_Rogue+Warlock,Mage+Warrior,Rogue+Warlock,7,team2,kill,22.17
Mage+Warrior_vs_Rogue+Warlock,Mage+Warrior,Rogue+Warlock,8,team2,kill,26.23
Mage+Warrior_vs_Rogue+Warlock,Mage+Warrior,Rogue+Warlock,9,team2,kill,23.10
Mage+Warrior_vs_Rogue+Warlock,Mage+Warrior,Rogue+Warlock,10,team2,kill,24.53
Mage+Warrior_vs_Rogue+Warlock,Mage+Warrior,Rogue+Warlock,11,team2,kill,27.88
Mage+Warrior_vs_Rogue+Warlock,Mage+Warrior,Rogue+Warlock,12,team2,kill,24.50
Mage+Warrior_vs_Rogue+Warlock,Mage+Warrior,Rogue+Warlock,13,team2,kill,22.53
Mage+Warrior_vs_Rogue+Warlock,Mage+Warrior,Rogue+Warlock,14,team2,kill,24.48
Mage+Warrior_vs_Rogue+Warlock,Mage+Warrior,Rogue+Warlock,15,team2,kill,22.17
Mage+Warrior_vs_Rogue+Warlock,Mage+Warrior,Rogue+Warlock,16,team2,kill,24.50
Mage+Warrior_vs_Rogue+Warlock,Mage+Warrior,Rogue+Warlock,17,team2,kill,28.08
Mage+Warrior_vs_Rogue+Warlock,Mage+Warrior,Rogue+Warlock,18,team2,kill,22.23
Mage+Warrior_vs_Rogue+Warlock,Mage+Warrior,Rogue+Warlock,19,team2,kill,26.37
Mage+Warrior_vs_Rogue+Paladin,Mage+Warrior,Rogue+Paladin,0,team2,kill,46.27
Mage+Warrior_vs_Rogue+Paladin,Mage+Warrior,Rogue+Paladin,1,team2,kill,31.05
Mage+Warrior_vs_Rogue+Paladin,Mage+Warrior,Rogue+Paladin,2,team2,kill,35.05
Mage+Warrior_vs_Rogue+Paladin,Mage+Warrior,Rogue+Paladin,3,team2,kill,35.05
Mage+Warrior_vs_Rogue+Paladin,Mage+Warrior,Rogue+Paladin,4,team2,kill,33.65
Mage+Warrior_vs_Rogue+Paladin,Mage+Warrior,Rogue+Paladin,5,team2,kill,34.32
Mage+Warrior_vs_Rogue+Paladin,Mage+Warrior,Rogue+Paladin,6,team2,kill,32.98
Mage+Warrior_vs_Rogue+Paladin,Mage+Warrior,Rogue+Paladin,7,team1,kill,47.80
Mage+Warrior_vs_Rogue+Paladin,Mage+Warrior,Rogue+Paladin,8,team2,kill,34.98
Mage+Warrior_vs_Rogue+Paladin,Mage+Warrior,Rogue+Paladin,9,team2,kill,47.28
Mage+Warrior_vs_Rogue+Paladin,Mage+Warrior,Rogue+Paladin,10,team2,kill,29.05
Mage+Warrior_vs_Rogue+Paladin,Mage+Warrior,Rogue+Paladin,11,team2,kill,35.05
Mage+Warrior_vs_Rogue+Paladin,Mage+Warrior,Rogue+Paladin,12,team2,kill,31.80
Mage+Warrior_vs_Rogue+Paladin,Mage+Warrior,Rogue+Paladin,13,team2,kill,47.28
Mage+Warrior_vs_Rogue+Paladin,Mage+Warrior,Rogue+Paladin,14,team2,kill,35.13
Mage+Warrior_vs_Rogue+Paladin,Mage+Warrior,Rogue+Paladin,15,team2,kill,31.80
Mage+Warrior_vs_Rogue+Paladin,Mage+Warrior,Rogue+Paladin,16,team2,kill,33.05
Mage+Warrior_vs_Rogue+Paladin,Mage+Warrior,Rogue+Paladin,17,team2,kill,31.05
Mage+Warrior_vs_Rogue+Paladin,Mage+Warrior,Rogue+Paladin,18,team2,kill,34.32
Mage+Warrior_vs_Rogue+Paladin,Mage+Warrior,Rogue+Paladin,19,team2,kill,32.98
Mage+Warrior_vs_Rogue+Hunter,Mage+Warrior,Rogue+Hunter,0,team1,kill,30.45
Mage+Warrior_vs_Rogue+Hunter,Mage+Warrior,Rogue+Hunter,1,team2,kill,29.00
Mage+Warrior_vs_Rogue+Hunter,Mage+Warrior,Rogue+Hunter,2,team1,kill,30.45
Mage+Warrior_vs_Rogue+Hunter,Mage+Warrior,Rogue+Hunter,3,team1,kill,30.45
Mage+Warrior_vs_Rogue+Hunter,Mage+Warrior,Rogue+Hunter,4,team1,kill,28.62
Mage+Warrior_vs_Rogue+Hunter,Mage+Warrior,Rogue+Hunter,5,team2,kill,26.78
Mage+Warrior_vs_Rogue+Hunter,Mage+Warrior,Rogue+Hunter,6,team1,kill,30.45
Mage+Warrior_vs_Rogue+Hunter,Mage+Warrior,Rogue+Hunter,7,team1,kill,30.45
Mage+Warrior_vs_Rogue+Hunter,Mage+Warrior,Rogue+Hunter,8,team1,kill,30.45
Mage+Warrior_vs_Rogue+Hunter,Mage+Warrior,Rogue+Hunter,9,team1,kill,30.03
Mage+Warrior_vs_Rogue+Hunter,Mage+Warrior,Rogue+Hunter,10,team1,kill,30.45
Mage+Warrior_vs_Rogue+Hunter,Mage+Warrior,Rogue+Hunter,11,team1,kill,30.45
Mage+Warrior_vs_Rogue+Hunter,Mage+Warrior,Rogue+Hunter,12,team1,kill,23.67
Mage+Warrior_vs_Rogue+Hunter,Mage+Warrior,Rogue+Hunter,13,team1,kill,30.45
Mage+Warrior_vs_Rogue+Hunter,Mage+Warrior,Rogue+Hunter,14,team1,kill,30.45
Mage+Warrior_vs_Rogue+Hunter,Mage+Warrior,Rogue+Hunter,15,team1,kill,30.45
Mage+Warrior_vs_Rogue+Hunter,Mage+Warrior,Rogue+Hunter,16,team2,kill,25.38
Mage+Warrior_vs_Rogue+Hunter,Mage+Warrior,Rogue+Hunter,17,team1,kill,30.45
Mage+Warrior_vs_Rogue+Hunter,Mage+Warrior,Rogue+Hunter,18,team1,kill,30.45
Mage+Warrior_vs_Rogue+Hunter,Mage+Warrior,Rogue+Hunter,19,team2,kill,28.68
Mage+Warrior_vs_Rogue+Shaman,Mage+Warrior,Rogue+Shaman,0,team2,kill,26.60
Mage+Warrior_vs_Rogue+Shaman,Mage+Warrior,Rogue+Shaman,1,team2,kill,24.17
Mage+Warrior_vs_Rogue+Shaman,Mage+Warrior,Rogue+Shaman,2,team2,kill,22.87
Mage+Warrior_vs_Rogue+Shaman,Mage+Warrior,Rogue+Shaman,3,team2,kill,26.03
Mage+Warrior_vs_Rogue+Shaman,Mage+Warrior,Rogue+Shaman,4,team2,kill,25.60
Mage+Warrior_vs_Rogue+Shaman,Mage+Warrior,Rogue+Shaman,5,team2,kill,30.40
Mage+Warrior_vs_Rogue+Shaman,Mage+Warrior,Rogue+Shaman,6,team2,kill,24.17
Mage+Warrior_vs_Rogue+Shaman,Mage+Warrior,Rogue+Shaman,7,team2,kill,24.12
Mage+Warrior_vs_Rogue+Shaman,Mage+Warrior,Rogue+Shaman,8,team2,kill,27.62
Mage+Warrior_vs_Rogue+Shaman,Mage+Warrior,Rogue+Shaman,9,team2,kill,26.03
Mage+Warrior_vs_Rogue+Shaman,Mage+Warrior,Rogue+Shaman,10,team2,kill,26.03
Mage+Warrior_vs_Rogue+Shaman,Mage+Warrior,Rogue+Shaman,11,team2,kill,25.43
Mage+Warrior_vs_Rogue+Shaman,Mage+Warrior,Rogue+Shaman,12,team2,kill,24.12
Mage+Warrior_vs_Rogue+Shaman,Mage+Warrior,Rogue+Shaman,13,team2,kill,24.12
Mage+Warrior_vs_Rogue+Shaman,Mage+Warrior,Rogue+Shaman,14,team1,kill,26.58
Mage+Warrior_vs_Rogue+Shaman,Mage+Warrior,Rogue+Shaman,15,team1,kill,27.80
Mage+Warrior_vs_Rogue+Shaman,Mage+Warrior,Rogue+Shaman,16,team1,kill,26.58
Mage+Warrior_vs_Rogue+Shaman,Mage+Warrior,Rogue+Shaman,17,team1,kill,27.80
Mage+Warrior_vs_Rogue+Shaman,Mage+Warrior,Rogue+Shaman,18,team2,kill,24.12
Mage+Warrior_vs_Rogue+Shaman,Mage+Warrior,Rogue+Shaman,19,team2,kill,29.13
Mage+Warrior_vs_Priest+Warlock,Mage+Warrior,Priest+Warlock,0,team2,kill,30.95
Mage+Warrior_vs_Priest+Warlock,Mage+Warrior,Priest+Warlock,1,team2,kill,30.95
Mage+Warrior_vs_Priest+Warlock,Mage+Warrior,Priest+Warlock,2,team2,kill,30.95
Mage+Warrior_vs_Priest+Warlock,Mage+Warrior,Priest+Warlock,3,team1,kill,33.10
Mage+Warrior_vs_Priest+Warlock,Mage+Warrior,Priest+Warlock,4,team1,kill,30.07
Mage+Warrior_vs_Priest+Warlock,Mage+Warrior,Priest+Warlock,5,team1,kill,30.07
Mage+Warrior_vs_Priest+Warlock,Mage+Warrior,Priest+Warlock,6,team2,kill,30.17
Mage+Warrior_vs_Priest+Warlock,Mage+Warrior,Priest+Warlock,7,team2,kill,30.95
Mage+Warrior_vs_Priest+Warlock,Mage+Warrior,Priest+Warlock,8,team1,kill,21.48
Mage+Warrior_vs_Priest+Warlock,Mage+Warrior,Priest+Warlock,9,team1,kill,30.07
Mage+Warrior_vs_Priest+Warlock,Mage+Warrior,Priest+Warlock,10,team2,kill,30.95
Mage+Warrior_vs_Priest+Warlock,Mage+Warrior,Priest+Warlock,11,team1,kill,34.62
Mage+Warrior_vs_Priest+Warlock,Mage+Warrior,Priest+Warlock,12,team2,kill,30.95
Mage+Warrior_vs_Priest+Warlock,Mage+Warrior,Priest+Warlock,13,team1,kill,30.07
Mage+Warrior_vs_Priest+Warlock,Mage+Warrior,Priest+Warlock,14,team2,kill,31.17
Mage+Warrior_vs_Priest+Warlock,Mage+Warrior,Priest+Warlock,15,team1,kill,31.58
Mage+Warrior_vs_Priest+Warlock,Mage+Warrior,Priest+Warlock,16,team2,kill,36.75
Mage+Warrior_vs_Priest+Warlock,Mage+Warrior,Priest+Warlock,17,team2,kill,30.95
Mage+Warrior_vs_Priest+Warlock,Mage+Warrior,Priest+Warlock,18,team2,kill,30.95
Mage+Warrior_vs_Priest+Warlock,Mage+Warrior,Priest+Warlock,19,team1,kill,24.00
Mage+Warrior_vs_Priest+Hunter,Mage+Warrior,Priest+Hunter,0,team2,kill,40.93
Mage+Warrior_vs_Priest+Hunter,Mage+Warrior,Priest+Hunter,1,team2,kill,40.97
Mage+Warrior_vs_Priest+Hunter,Mage+Warrior,Priest+Hunter,2,team2,kill,36.77
Mage+Warrior_vs_Priest+Hunter,Mage+Warrior,Priest+Hunter,3,team2,kill,40.52
Mage+Warrior_vs_Priest+Hunter,Mage+Warrior,Priest+Hunter,4,team1,kill,31.93
Mage+Warrior_vs_Priest+Hunter,Mage+Warrior,Priest+Hunter,5,team2,kill,38.27
Mage+Warrior_vs_Priest+Hunter,Mage+Warrior,Priest+Hunter,6,team2,kill,37.37
Mage+Warrior_vs_Priest+Hunter,Mage+Warrior,Priest+Hunter,7,team2,kill,40.93
Mage+Warrior_vs_Priest+Hunter,Mage+Warrior,Priest+Hunter,8,team2,kill,40.18
Mage+Warrior_vs_Priest+Hunter,Mage+Warrior,Priest+Hunter,9,team2,kill,38.87
Mage+Warrior_vs_Priest+Hunter,Mage+Warrior,Priest+Hunter,10,team2,kill,38.87
Mage+Warrior_vs_Priest+Hunter,Mage+Warrior,Priest+Hunter,11,team2,kill,40.93
Mage+Warrior_vs_Priest+Hunter,Mage+Warrior,Priest+Hunter,12,team2,kill,36.58
Mage+Warrior_vs_Priest+Hunter,Mage+Warrior,Priest+Hunter,13,team2,kill,39.05
Mage+Warrior_vs_Priest+Hunter,Mage+Warrior,Priest+Hunter,14,team2,kill,38.90
Mage+Warrior_vs_Priest+Hunter,Mage+Warrior,Priest+Hunter,15,team2,kill,40.93
Mage+Warrior_vs_Priest+Hunter,Mage+Warrior,Priest+Hunter,16,team2,kill,36.72
Mage+Warrior_vs_Priest+Hunter,Mage+Warrior,Priest+Hunter,17,team2,kill,36.77
Mage+Warrior_vs_Priest+Hunter,Mage+Warrior,Priest+Hunter,18,team2,kill,37.98
Mage+Warrior_vs_Priest+Hunter,Mage+Warrior,Priest+Hunter,19,team2,kill,40.93
Mage+Warrior_vs_Warlock+Paladin,Mage+Warrior,Warlock+Paladin,0,team2,kill,51.65
Mage+Warrior_vs_Warlock+Paladin,Mage+Warrior,Warlock+Paladin,1,team2,kill,43.75
Mage+Warrior_vs_Warlock+Paladin,Mage+Warrior,Warlock+Paladin,2,team2,kill,44.28
Mage+Warrior_vs_Warlock+Paladin,Mage+Warrior,Warlock+Paladin,3,team1,kill,53.37
Mage+Warrior_vs_Warlock+Paladin,Mage+Warrior,Warlock+Paladin,4,team2,kill,40.75
Mage+Warrior_vs_Warlock+Paladin,Mage+Warrior,Warlock+Paladin,5,team1,kill,41.60
Mage+Warrior_vs_Warlock+Paladin,Mage+Warrior,Warlock+Paladin,6,team2,kill,35.13
Mage+Warrior_vs_Warlock+Paladin,Mage+Warrior,Warlock+Paladin,7,team2,kill,43.92
Mage+Warrior_vs_Warlock+Paladin,Mage+Warrior,Warlock+Paladin,8,team2,kill,42.80
Mage+Warrior_vs_Warlock+Paladin,Mage+Warrior,Warlock+Paladin,9,team1,kill,47.90
Mage+Warrior_vs_Warlock+Paladin,Mage+Warrior,Warlock+Paladin,10,team2,kill,34.23
Mage+Warrior_vs_Warlock+Paladin,Mage+Warrior,Warlock+Paladin,11,team2,kill,50.92
Mage+Warrior_vs_Warlock+Paladin,Mage+Warrior,Warlock+Paladin,12,team2,kill,43.27
Mage+Warrior_vs_Warlock+Paladin,Mage+Warrior,Warlock+Paladin,13,team1,kill,43.98
Mage+Warrior_vs_Warlock+Paladin,Mage+Warrior,Warlock+Paladin,14,team2,kill,38.73
Mage+Warrior_vs_Warlock+Paladin,Mage+Warrior,Warlock+Paladin,15,team2,kill,42.25
Mage+Warrior_vs_Warlock+Paladin,Mage+Warrior,Warlock+Paladin,16,team1,kill,50.85
Mage+Warrior_vs_Warlock+Paladin,Mage+Warrior,Warlock+Paladin,17,team2,kill,43.92
Mage+Warrior_vs_Warlock+Paladin,Mage+Warrior,Warlock+Paladin,18,team1,kill,50.00
Mage+Warrior_vs_Warlock+Paladin,Mage+Warrior,Warlock+Paladin,19,team2,kill,36.85
Mage+Warrior_vs_Warlock+Hunter,Mage+Warrior,Warlock+Hunter,0,team1,kill,23.70
Mage+Warrior_vs_Warlock+Hunter,Mage+Warrior,Warlock+Hunter,1,team1,kill,19.95
Mage+Warrior_vs_Warlock+Hunter,Mage+Warrior,Warlock+Hunter,2,team1,kill,26.03
Mage+Warrior_vs_Warlock+Hunter,Mage+Warrior,Warlock+Hunter,3,team1,kill,26.03
Mage+Warrior_vs_Warlock+Hunter,Mage+Warrior,Warlock+Hunter,4,team1,kill,19.95
Mage+Warrior_vs_Warlock+Hunter,Mage+Warrior,Warlock+Hunter,5,team1,kill,19.87
Mage+Warrior_vs_Warlock+Hunter,Mage+Warrior,Warlock+Hunter,6,team1,kill,21.73
Mage+Warrior_vs_Warlock+Hunter,Mage+Warrior,Warlock+Hunter,7,team1,kill,22.92
Mage+Warrior_vs_Warlock+Hunter,Mage+Warrior,Warlock+Hunter,8,team1,kill,23.00
Mage+Warrior_vs_Warlock+Hunter,Mage+Warrior,Warlock+Hunter,9,team1,kill,19.75
Mage+Warrior_vs_Warlock+Hunter,Mage+Warrior,Warlock+Hunter,10,team1,kill,26.02
Mage+Warrior_vs_Warlock+Hunter,Mage+Warrior,Warlock+Hunter,11,team1,kill,22.98
Mage+Warrior_vs_Warlock+Hunter,Mage+Warrior,Warlock+Hunter,12,team1,kill,24.50
Mage+Warrior_vs_Warlock+Hunter,Mage+Warrior,Warlock+Hunter,13,team1,kill,26.02
Mage+Warrior_vs_Warlock+Hunter,Mage+Warrior,Warlock+Hunter,14,team1,kill,26.02
Mage+Warrior_vs_Warlock+Hunter,Mage+Warrior,Warlock+Hunter,15,team1,kill,19.95
Mage+Warrior_vs_Warlock+Hunter,Mage+Warrior,Warlock+Hunter,16,team1,kill,22.98
Mage+Warrior_vs_Warlock+Hunter,Mage+Warrior,Warlock+Hunter,17,team1,kill,21.73
Mage+Warrior_vs_Warlock+Hunter,Mage+Warrior,Warlock+Hunter,18,team1,kill,19.95
Mage+Warrior_vs_Warlock+Hunter,Mage+Warrior,Warlock+Hunter,19,team1,kill,19.87
Mage+Warrior_vs_Warlock+Shaman,Mage+Warrior,Warlock+Shaman,0,team1,kill,30.37
Mage+Warrior_vs_Warlock+Shaman,Mage+Warrior,Warlock+Shaman,1,team2,kill,27.25
Mage+Warrior_vs_Warlock+Shaman,Mage+Warrior,Warlock+Shaman,2,team1,kill,32.25
Mage+Warrior_vs_Warlock+Shaman,Mage+Warrior,Warlock+Shaman,3,team2,kill,27.25
Mage+Warrior_vs_Warlock+Shaman,Mage+Warrior,Warlock+Shaman,4,team1,kill,34.82
Mage+Warrior_vs_Warlock+Shaman,Mage+Warrior,Warlock+Shaman,5,team2,kill,27.25
Mage+Warrior_vs_Warlock+Shaman,Mage+Warrior,Warlock+Shaman,6,team2,kill,27.25
Mage+Warrior_vs_Warlock+Shaman,Mage+Warrior,Warlock+Shaman,7,team1,kill,30.23
Mage+Warrior_vs_Warlock+Shaman,Mage+Warrior,Warlock+Shaman,8,team1,kill,39.02
Mage+Warrior_vs_Warlock+Shaman,Mage+Warrior,Warlock+Shaman,9,team2,kill,25.23
Mage+Warrior_vs_Warlock+Shaman,Mage+Warrior,Warlock+Shaman,10,team1,kill,30.27
Mage+Warrior_vs_Warlock+Shaman,Mage+Warrior,Warlock+Shaman,11,team2,kill,27.25
Mage+Warrior_vs_Warlock+Shaman,Mage+Warrior,Warlock+Shaman,12,team2,kill,30.33
Mage+Warrior_vs_Warlock+Shaman,Mage+Warrior,Warlock+Shaman,13,team2,kill,22.42
Mage+Warrior_vs_Warlock+Shaman,Mage+Warrior,Warlock+Shaman,14,team2,kill,27.25
Mage+Warrior_vs_Warlock+Shaman,Mage+Warrior,Warlock+Shaman,15,team1,kill,23.57
Mage+Warrior_vs_Warlock+Shaman,Mage+Warrior,Warlock+Shaman,16,team2,kill,27.25
Mage+Warrior_vs_Warlock+Shaman,Mage+Warrior,Warlock+Shaman,17,team1,kill,14.88
Mage+Warrior_vs_Warlock+Shaman,Mage+Warrior,Warlock+Shaman,18,team1,kill,30.37
Mage+Warrior_vs_Warlock+Shaman,Mage+Warrior,Warlock+Shaman,19,team2,kill,27.25
Mage+Warrior_vs_Paladin+Hunter,Mage+Warrior,Paladin+Hunter,0,team2,kill,47.93
Mage+Warrior_vs_Paladin+Hunter,Mage+Warrior,Paladin+Hunter,1,team2,kill,43.60
Mage+Warrior_vs_Paladin+Hunter,Mage+Warrior,Paladin+Hunter,2,team2,kill,43.75
Mage+Warrior_vs_Paladin+Hunter,Mage+Warrior,Paladin+Hunter,3,team2,kill,41.02
Mage+Warrior_vs_Paladin+Hunter,Mage+Warrior,Paladin+Hunter,4,team2,kill,26.70
Mage+Warrior_vs_Paladin+Hunter,Mage+Warrior,Paladin+Hunter,5,team2,kill,41.02
Mage+Warrior_vs_Paladin+Hunter,Mage+Warrior,Paladin+Hunter,6,team2,kill,44.33
Mage+Warrior_vs_Paladin+Hunter,Mage+Warrior,Paladin+Hunter,7,team2,kill,38.08
Mage+Warrior_vs_Paladin+Hunter,Mage+Warrior,Paladin+Hunter,8,team2,kill,43.53
Mage+Warrior_vs_Paladin+Hunter,Mage+Warrior,Paladin+Hunter,9,team1,kill,43.02
Mage+Warrior_vs_Paladin+Hunter,Mage+Warrior,Paladin+Hunter,10,team2,kill,42.63
Mage+Warrior_vs_Paladin+Hunter,Mage+Warrior,Paladin+Hunter,11,team2,kill,48.43
Mage+Warrior_vs_Paladin+Hunter,Mage+Warrior,Paladin+Hunter,12,team2,kill,43.55
Mage+Warrior_vs_Paladin+Hunter,Mage+Warrior,Paladin+Hunter,13,team2,kill,43.57
Mage+Warrior_vs_Paladin+Hunter,Mage+Warrior,Paladin+Hunter,14,team2,kill,38.73
Mage+Warrior_vs_Paladin+Hunter,Mage+Warrior,Paladin+Hunter,15,team2,kill,42.83
Mage+Warrior_vs_Paladin+Hunter,Mage+Warrior,Paladin+Hunter,16,team2,kill,42.77
Mage+Warrior_vs_Paladin+Hunter,Mage+Warrior,Paladin+Hunter,17,team2,kill,29.22
Mage+Warrior_vs_Paladin+Hunter,Mage+Warrior,Paladin+Hunter,18,team2,kill,43.38
Mage+Warrior_vs_Paladin+Hunter,Mage+Warrior,Paladin+Hunter,19,team2,kill,41.93
Mage+Warrior_vs_Hunter+Shaman,Mage+Warrior,Hunter+Shaman,0,team1,kill,28.47
Mage+Warrior_vs_Hunter+Shaman,Mage+Warrior,Hunter+Shaman,1,team2,kill,35.05
Mage+Warrior_vs_Hunter+Shaman,Mage+Warrior,Hunter+Shaman,2,team1,kill,28.40
Mage+Warrior_vs_Hunter+Shaman,Mage+Warrior,Hunter+Shaman,3,team1,kill,30.27
Mage+Warrior_vs_Hunter+Shaman,Mage+Warrior,Hunter+Shaman,4,team1,kill,20.80
Mage+Warrior_vs_Hunter+Shaman,Mage+Warrior,Hunter+Shaman,5,team1,kill,38.73
Mage+Warrior_vs_Hunter+Shaman,Mage+Warrior,Hunter+Shaman,6,team1,kill,38.72
Mage+Warrior_vs_Hunter+Shaman,Mage+Warrior,Hunter+Shaman,7,team1,kill,19.37
Mage+Warrior_vs_Hunter+Shaman,Mage+Warrior,Hunter+Shaman,8,team1,kill,32.40
Mage+Warrior_vs_Hunter+Shaman,Mage+Warrior,Hunter+Shaman,9,team1,kill,38.73
Mage+Warrior_vs_Hunter+Shaman,Mage+Warrior,Hunter+Shaman,10,team1,kill,31.17
Mage+Warrior_vs_Hunter+Shaman,Mage+Warrior,Hunter+Shaman,11,team1,kill,34.30
Mage+Warrior_vs_Hunter+Shaman,Mage+Warrior,Hunter+Shaman,12,team1,kill,34.32
Mage+Warrior_vs_Hunter+Shaman,Mage+Warrior,Hunter+Shaman,13,team1,kill,23.83
Mage+Warrior_vs_Hunter+Shaman,Mage+Warrior,Hunter+Shaman,14,team1,kill,28.47
Mage+Warrior_vs_Hunter+Shaman,Mage+Warrior,Hunter+Shaman,15,team1,kill,37.33
Mage+Warrior_vs_Hunter+Shaman,Mage+Warrior,Hunter+Shaman,16,team1,kill,34.42
Mage+Warrior_vs_Hunter+Shaman,Mage+Warrior,Hunter+Shaman,17,team1,kill,25.72
Mage+Warrior_vs_Hunter+Shaman,Mage+Warrior,Hunter+Shaman,18,team1,kill,32.92
Mage+Warrior_vs_Hunter+Shaman,Mage+Warrior,Hunter+Shaman,19,team1,kill,31.33
Mage+Rogue_vs_Warrior+Mage,Mage+Rogue,Warrior+Mage,0,team2,kill,22.62
Mage+Rogue_vs_Warrior+Mage,Mage+Rogue,Warrior+Mage,1,team2,kill,25.15
Mage+Rogue_vs_Warrior+Mage,Mage+Rogue,Warrior+Mage,2,team2,kill,25.15
Mage+Rogue_vs_Warrior+Mage,Mage+Rogue,Warrior+Mage,3,team2,kill,24.60
Mage+Rogue_vs_Warrior+Mage,Mage+Rogue,Warrior+Mage,4,team2,kill,31.12
Mage+Rogue_vs_Warrior+Mage,Mage+Rogue,Warrior+Mage,5,team2,kill,23.42
Mage+Rogue_vs_Warrior+Mage,Mage+Rogue,Warrior+Mage,6,team2,kill,23.42
Mage+Rogue_vs_Warrior+Mage,Mage+Rogue,Warrior+Mage,7,team2,kill,23.42
Mage+Rogue_vs_Warrior+Mage,Mage+Rogue,Warrior+Mage,8,team2,kill,23.42
Mage+Rogue_vs_Warrior+Mage,Mage+Rogue,Warrior+Mage,9,team2,kill,23.42
Mage+Rogue_vs_Warrior+Mage,Mage+Rogue,Warrior+Mage,10,team2,kill,23.42
Mage+Rogue_vs_Warrior+Mage,Mage+Rogue,Warrior+Mage,11,team2,kill,23.42
Mage+Rogue_vs_Warrior+Mage,Mage+Rogue,Warrior+Mage,12,team2,kill,23.42
Mage+Rogue_vs_Warrior+Mage,Mage+Rogue,Warrior+Mage,13,team2,kill,20.35
Mage+Rogue_vs_Warrior+Mage,Mage+Rogue,Warrior+Mage,14,team2,kill,23.42
Mage+Rogue_vs_Warrior+Mage,Mage+Rogue,Warrior+Mage,15,team2,kill,23.42
Mage+Rogue_vs_Warrior+Mage,Mage+Rogue,Warrior+Mage,16,team2,kill,22.72
Mage+Rogue_vs_Warrior+Mage,Mage+Rogue,Warrior+Mage,17,team2,kill,31.12
Mage+Rogue_vs_Warrior+Mage,Mage+Rogue,Warrior+Mage,18,team2,kill,23.12
Mage+Rogue_vs_Warrior+Mage,Mage+Rogue,Warrior+Mage,19,team2,kill,23.42
Mage+Rogue_vs_Warrior+Rogue,Mage+Rogue,Warrior+Rogue,0,team1,kill,17.17
Mage+Rogue_vs_Warrior+Rogue,Mage+Rogue,Warrior+Rogue,1,team1,kill,22.67
Mage+Rogue_vs_Warrior+Rogue,Mage+Rogue,Warrior+Rogue,2,team1,kill,22.52
Mage+Rogue_vs_Warrior+Rogue,Mage+Rogue,Warrior+Rogue,3,team1,kill,21.92
Mage+Rogue_vs_Warrior+Rogue,Mage+Rogue,Warrior+Rogue,4,team1,kill,19.65
Mage+Rogue_vs_Warrior+Rogue,Mage+Rogue,Warrior+Rogue,5,team1,kill,20.58
Mage+Rogue_vs_Warrior+Rogue,Mage+Rogue,Warrior+Rogue,6,team1,kill,20.40
Mage+Rogue_vs_Warrior+Rogue,Mage+Rogue,Warrior+Rogue,7,team1,kill,21.92
Mage+Rogue_vs_Warrior+Rogue,Mage+Rogue,Warrior+Rogue,8,team1,kill,21.92
Mage+Rogue_vs_Warrior+Rogue,Mage+Rogue,Warrior+Rogue,9,team1,kill,21.92
Mage+Rogue_vs_Warrior+Rogue,Mage+Rogue,Warrior+Rogue,10,team1,kill,21.82
Mage+Rogue_vs_Warrior+Rogue,Mage+Rogue,Warrior+Rogue,11,team1,kill,21.92
Mage+Rogue_vs_Warrior+Rogue,Mage+Rogue,Warrior+Rogue,12,team1,kill,21.92
Mage+Rogue_vs_Warrior+Rogue,Mage+Rogue,Warrior+Rogue,13,team1,kill,22.67
Mage+Rogue_vs_Warrior+Rogue,Mage+Rogue,Warrior+Rogue,14,team1,kill,20.50
Mage+Rogue_vs_Warrior+Rogue,Mage+Rogue,Warrior+Rogue,15,team1,kill,21.92
Mage+Rogue_vs_Warrior+Rogue,Mage+Rogue,Warrior+Rogue,16,team1,kill,21.17
Mage+Rogue_vs_Warrior+Rogue,Mage+Rogue,Warrior+Rogue,17,team1,kill,22.67
Mage+Rogue_vs_Warrior+Rogue,Mage+Rogue,Warrior+Rogue,18,team1,kill,20.40
Mage+Rogue_vs_Warrior+Rogue,Mage+Rogue,Warrior+Rogue,19,team1,kill,20.58
Mage+Rogue_vs_Warrior+Priest,Mage+Rogue,Warrior+Priest,0,team1,kill,20.32
Mage+Rogue_vs_Warrior+Priest,Mage+Rogue,Warrior+Priest,1,team1,kill,19.63
Mage+Rogue_vs_Warrior+Priest,Mage+Rogue,Warrior+Priest,2,team1,kill,19.65
Mage+Rogue_vs_Warrior+Priest,Mage+Rogue,Warrior+Priest,3,team1,kill,20.32
Mage+Rogue_vs_Warrior+Priest,Mage+Rogue,Warrior+Priest,4,team1,kill,19.65
Mage+Rogue_vs_Warrior+Priest,Mage+Rogue,Warrior+Priest,5,team1,kill,19.65
Mage+Rogue_vs_Warrior+Priest,Mage+Rogue,Warrior+Priest,6,team1,kill,19.65
Mage+Rogue_vs_Warrior+Priest,Mage+Rogue,Warrior+Priest,7,team1,kill,19.65
Mage+Rogue_vs_Warrior+Priest,Mage+Rogue,Warrior+Priest,8,team1,kill,19.45
Mage+Rogue_vs_Warrior+Priest,Mage+Rogue,Warrior+Priest,9,team1,kill,20.78
Mage+Rogue_vs_Warrior+Priest,Mage+Rogue,Warrior+Priest,10,team1,kill,20.32
Mage+Rogue_vs_Warrior+Priest,Mage+Rogue,Warrior+Priest,11,team1,kill,19.65
Mage+Rogue_vs_Warrior+Priest,Mage+Rogue,Warrior+Priest,12,team1,kill,19.65
Mage+Rogue_vs_Warrior+Priest,Mage+Rogue,Warrior+Priest,13,team1,kill,19.65
Mage+Rogue_vs_Warrior+Priest,Mage+Rogue,Warrior+Priest,14,team1,kill,19.67
Mage+Rogue_vs_Warrior+Priest,Mage+Rogue,Warrior+Priest,15,team1,kill,19.67
Mage+Rogue_vs_Warrior+Priest,Mage+Rogue,Warrior+Priest,16,team1,kill,17.45
Mage+Rogue_vs_Warrior+Priest,Mage+Rogue,Warrior+Priest,17,team1,kill,18.12
Mage+Rogue_vs_Warrior+Priest,Mage+Rogue,Warrior+Priest,18,team1,kill,20.32
Mage+Rogue_vs_Warrior+Priest,Mage+Rogue,Warrior+Priest,19,team1,kill,18.12
Mage+Rogue_vs_Warrior+Warlock,Mage+Rogue,Warrior+Warlock,0,team1,kill,26.68
Mage+Rogue_vs_Warrior+Warlock,Mage+Rogue,Warrior+Warlock,1,team1,kill,18.05
Mage+Rogue_vs_Warrior+Warlock,Mage+Rogue,Warrior+Warlock,2,team1,kill,21.02
Mage+Rogue_vs_Warrior+Warlock,Mage+Rogue,Warrior+Warlock,3,team1,kill,19.50
Mage+Rogue_vs_Warrior+Warlock,Mage+Rogue,Warrior+Warlock,4,team1,kill,14.57
Mage+Rogue_vs_Warrior+Warlock,Mage+Rogue,Warrior+Warlock,5,team1,kill,15.67
Mage+Rogue_vs_Warrior+Warlock,Mage+Rogue,Warrior+Warlock,6,team1,kill,19.50
Mage+Rogue_vs_Warrior+Warlock,Mage+Rogue,Warrior+Warlock,7,team1,kill,19.52
Mage+Rogue_vs_Warrior+Warlock,Mage+Rogue,Warrior+Warlock,8,team1,kill,19.52
Mage+Rogue_vs_Warrior+Warlock,Mage+Rogue,Warrior+Warlock,9,team1,kill,21.02
Mage+Rogue_vs_Warrior+Warlock,Mage+Rogue,Warrior+Warlock,10,team1,kill,15.67
Mage+Rogue_vs_Warrior+Warlock,Mage+Rogue,Warrior+Warlock,11,team1,kill,21.02
Mage+Rogue_vs_Warrior+Warlock,Mage+Rogue,Warrior+Warlock,12,team1,kill,19.52
Mage+Rogue_vs_Warrior+Warlock,Mage+Rogue,Warrior+Warlock,13,team1,kill,21.02
Mage+Rogue_vs_Warrior+Warlock,Mage+Rogue,Warrior+Warlock,14,team1,kill,19.50
Mage+Rogue_vs_Warrior+Warlock,Mage+Rogue,Warrior+Warlock,15,team1,kill,21.02
Mage+Rogue_vs_Warrior+Warlock,Mage+Rogue,Warrior+Warlock,16,team1,kill,20.38
Mage+Rogue_vs_Warrior+Warlock,Mage+Rogue,Warrior+Warlock,17,team1,kill,19.52
Mage+Rogue_vs_Warrior+Warlock,Mage+Rogue,Warrior+Warlock,18,team1,kill,18.05
Mage+Rogue_vs_Warrior+Warlock,Mage+Rogue,Warrior+Warlock,19,team1,kill,21.02
Mage+Rogue_vs_Warrior+Paladin,Mage+Rogue,Warrior+Paladin,0,team1,kill,46.08
Mage+Rogue_vs_Warrior+Paladin,Mage+Rogue,Warrior+Paladin,1,team1,kill,40.17
Mage+Rogue_vs_Warrior+Paladin,Mage+Rogue,Warrior+Paladin,2,team1,kill,32.53
Mage+Rogue_vs_Warrior+Paladin,Mage+Rogue,Warrior+Paladin,3,team1,kill,41.38
Mage+Rogue_vs_Warrior+Paladin,Mage+Rogue,Warrior+Paladin,4,team1,kill,40.92
Mage+Rogue_vs_Warrior+Paladin,Mage+Rogue,Warrior+Paladin,5,team1,kill,41.73
Mage+Rogue_vs_Warrior+Paladin,Mage+Rogue,Warrior+Paladin,6,team1,kill,33.77
Mage+Rogue_vs_Warrior+Paladin,Mage+Rogue,Warrior+Paladin,7,team1,kill,30.30
Mage+Rogue_vs_Warrior+Paladin,Mage+Rogue,Warrior+Paladin,8,team1,kill,42.48
Mage+Rogue_vs_Warrior+Paladin,Mage+Rogue,Warrior+Paladin,9,team1,kill,49.13
Mage+Rogue_vs_Warrior+Paladin,Mage+Rogue,Warrior+Paladin,10,team1,kill,34.93
Mage+Rogue_vs_Warrior+Paladin,Mage+Rogue,Warrior+Paladin,11,team1,kill,32.40
Mage+Rogue_vs_Warrior+Paladin,Mage+Rogue,Warrior+Paladin,12,team1,kill,50.38
Mage+Rogue_vs_Warrior+Paladin,Mage+Rogue,Warrior+Paladin,13,team1,kill,50.17
Mage+Rogue_vs_Warrior+Paladin,Mage+Rogue,Warrior+Paladin,14,team1,kill,43.43
Mage+Rogue_vs_Warrior+Paladin,Mage+Rogue,Warrior+Paladin,15,team1,kill,42.13
Mage+Rogue_vs_Warrior+Paladin,Mage+Rogue,Warrior+Paladin,16,team1,kill,44.00
Mage+Rogue_vs_Warrior+Paladin,Mage+Rogue,Warrior+Paladin,17,team1,kill,41.45
Mage+Rogue_vs_Warrior+Paladin,Mage+Rogue,Warrior+Paladin,18,team1,kill,40.40
Mage+Rogue_vs_Warrior+Paladin,Mage+Rogue,Warrior+Paladin,19,team1,kill,35.45
Mage+Rogue_vs_Warrior+Hunter,Mage+Rogue,Warrior+Hunter,0,team2,kill,30.15
Mage+Rogue_vs_Warrior+Hunter,Mage+Rogue,Warrior+Hunter,1,team2,kill,30.15
Mage+Rogue_vs_Warrior+Hunter,Mage+Rogue,Warrior+Hunter,2,team2,kill,30.15
Mage+Rogue_vs_Warrior+Hunter,Mage+Rogue,Warrior+Hunter,3,team2,kill,48.27
Mage+Rogue_vs_Warrior+Hunter,Mage+Rogue,Warrior+Hunter,4,team2,kill,27.97
Mage+Rogue_vs_Warrior+Hunter,Mage+Rogue,Warrior+Hunter,5,team2,kill,50.78
Mage+Rogue_vs_Warrior+Hunter,Mage+Rogue,Warrior+Hunter,6,team2,kill,30.15
Mage+Rogue_vs_Warrior+Hunter,Mage+Rogue,Warrior+Hunter,7,team2,kill,30.15
Mage+Rogue_vs_Warrior+Hunter,Mage+Rogue,Warrior+Hunter,8,team2,kill,27.97
Mage+Rogue_vs_Warrior+Hunter,Mage+Rogue,Warrior+Hunter,9,team2,kill,30.15
Mage+Rogue_vs_Warrior+Hunter,Mage+Rogue,Warrior+Hunter,10,team2,kill,30.15
Mage+Rogue_vs_Warrior+Hunter,Mage+Rogue,Warrior+Hunter,11,team2,kill,27.97
Mage+Rogue_vs_Warrior+Hunter,Mage+Rogue,Warrior+Hunter,12,team2,kill,31.52
Mage+Rogue_vs_Warrior+Hunter,Mage+Rogue,Warrior+Hunter,13,team2,kill,48.12
Mage+Rogue_vs_Warrior+Hunter,Mage+Rogue,Warrior+Hunter,14,team2,kill,30.15
Mage+Rogue_vs_Warrior+Hunter,Mage+Rogue,Warrior+Hunter,15,team2,kill,31.52
Mage+Rogue_vs_Warrior+Hunter,Mage+Rogue,Warrior+Hunter,16,team2,kill,30.15
Mage+Rogue_vs_Warrior+Hunter,Mage+Rogue,Warrior+Hunter,17,team2,kill,34.53
Mage+Rogue_vs_Warrior+Hunter,Mage+Rogue,Warrior+Hunter,18,team2,kill,27.97
Mage+Rogue_vs_Warrior+Hunter,Mage+Rogue,Warrior+Hunter,19,team2,kill,28.77
Mage+Rogue_vs_Warrior+Shaman,Mage+Rogue,Warrior+Shaman,0,team1,kill,18.38
Mage+Rogue_vs_Warrior+Shaman,Mage+Rogue,Warrior+Shaman,1,team1,kill,19.90
Mage+Rogue_vs_Warrior+Shaman,Mage+Rogue,Warrior+Shaman,2,team1,kill,19.90
Mage+Rogue_vs_Warrior+Shaman,Mage+Rogue,Warrior+Shaman,3,team1,kill,19.90
Mage+Rogue_vs_Warrior+Shaman,Mage+Rogue,Warrior+Shaman,4,team1,kill,22.73
Mage+Rogue_vs_Warrior+Shaman,Mage+Rogue,Warrior+Shaman,5,team1,kill,18.38
Mage+Rogue_vs_Warrior+Shaman,Mage+Rogue,Warrior+Shaman,6,team1,kill,22.53
Mage+Rogue_vs_Warrior+Shaman,Mage+Rogue,Warrior+Shaman,7,team1,kill,19.90
Mage+Rogue_vs_Warrior+Shaman,Mage+Rogue,Warrior+Shaman,8,team1,kill,21.87
Mage+Rogue_vs_Warrior+Shaman,Mage+Rogue,Warrior+Shaman,9,team1,kill,19.90
Mage+Rogue_vs_Warrior+Shaman,Mage+Rogue,Warrior+Shaman,10,team1,kill,21.87
Mage+Rogue_vs_Warrior+Shaman,Mage+Rogue,Warrior+Shaman,11,team1,kill,19.90
Mage+Rogue_vs_Warrior+Shaman,Mage+Rogue,Warrior+Shaman,12,team1,kill,19.90
Mage+Rogue_vs_Warrior+Shaman,Mage+Rogue,Warrior+Shaman,13,team1,kill,19.90
Mage+Rogue_vs_Warrior+Shaman,Mage+Rogue,Warrior+Shaman,14,team1,kill,22.73
Mage+Rogue_vs_Warrior+Shaman,Mage+Rogue,Warrior+Shaman,15,team1,kill,19.90
Mage+Rogue_vs_Warrior+Shaman,Mage+Rogue,Warrior+Shaman,16,team1,kill,23.67
Mage+Rogue_vs_Warrior+Shaman,Mage+Rogue,Warrior+Shaman,17,team1,kill,19.90
Mage+Rogue_vs_Warrior+Shaman,Mage+Rogue,Warrior+Shaman,18,team1,kill,19.90
Mage+Rogue_vs_Warrior+Shaman,Mage+Rogue,Warrior+Shaman,19,team1,kill,19.90
Mage+Rogue_vs_Mage+Rogue,Mage+Rogue,Mage+Rogue,0,team1,kill,22.07
Mage+Rogue_vs_Mage+Rogue,Mage+Rogue,Mage+Rogue,1,team1,kill,23.48
Mage+Rogue_vs_Mage+Rogue,Mage+Rogue,Mage+Rogue,2,team2,kill,23.48
Mage+Rogue_vs_Mage+Rogue,Mage+Rogue,Mage+Rogue,3,team1,kill,22.07
Mage+Rogue_vs_Mage+Rogue,Mage+Rogue,Mage+Rogue,4,team2,kill,22.80
Mage+Rogue_vs_Mage+Rogue,Mage+Rogue,Mage+Rogue,5,team2,kill,24.15
Mage+Rogue_vs_Mage+Rogue,Mage+Rogue,Mage+Rogue,6,team1,kill,23.20
Mage+Rogue_vs_Mage+Rogue,Mage+Rogue,Mage+Rogue,7,team1,kill,24.12
Mage+Rogue_vs_Mage+Rogue,Mage+Rogue,Mage+Rogue,8,team2,kill,23.23
Mage+Rogue_vs_Mage+Rogue,Mage+Rogue,Mage+Rogue,9,team2,kill,24.80
Mage+Rogue_vs_Mage+Rogue,Mage+Rogue,Mage+Rogue,10,team1,kill,24.73
Mage+Rogue_vs_Mage+Rogue,Mage+Rogue,Mage+Rogue,11,team2,kill,23.90
Mage+Rogue_vs_Mage+Rogue,Mage+Rogue,Mage+Rogue,12,team2,kill,22.00
Mage+Rogue_vs_Mage+Rogue,Mage+Rogue,Mage+Rogue,13,team2,kill,24.80
Mage+Rogue_vs_Mage+Rogue,Mage+Rogue,Mage+Rogue,14,draw,kill,24.80
Mage+Rogue_vs_Mage+Rogue,Mage+Rogue,Mage+Rogue,15,team2,kill,24.80
Mage+Rogue_vs_Mage+Rogue,Mage+Rogue,Mage+Rogue,16,team1,kill,24.80
Mage+Rogue_vs_Mage+Rogue,Mage+Rogue,Mage+Rogue,17,team1,kill,23.20
Mage+Rogue_vs_Mage+Rogue,Mage+Rogue,Mage+Rogue,18,team2,kill,24.73
Mage+Rogue_vs_Mage+Rogue,Mage+Rogue,Mage+Rogue,19,draw,kill,24.80
Mage+Rogue_vs_Mage+Priest,Mage+Rogue,Mage+Priest,0,team2,kill,17.23
Mage+Rogue_vs_Mage+Priest,Mage+Rogue,Mage+Priest,1,team2,kill,17.23
Mage+Rogue_vs_Mage+Priest,Mage+Rogue,Mage+Priest,2,team2,kill,18.75
Mage+Rogue_vs_Mage+Priest,Mage+Rogue,Mage+Priest,3,team2,kill,17.23
Mage+Rogue_vs_Mage+Priest,Mage+Rogue,Mage+Priest,4,team2,kill,18.63
Mage+Rogue_vs_Mage+Priest,Mage+Rogue,Mage+Priest,5,team2,kill,17.25
Mage+Rogue_vs_Mage+Priest,Mage+Rogue,Mage+Priest,6,team2,kill,17.25
Mage+Rogue_vs_Mage+Priest,Mage+Rogue,Mage+Priest,7,team2,kill,17.23
Mage+Rogue_vs_Mage+Priest,Mage+Rogue,Mage+Priest,8,team2,kill,18.83
Mage+Rogue_vs_Mage+Priest,Mage+Rogue,Mage+Priest,9,team2,kill,18.67
Mage+Rogue_vs_Mage+Priest,Mage+Rogue,Mage+Priest,10,team2,kill,18.92
Mage+Rogue_vs_Mage+Priest,Mage+Rogue,Mage+Priest,11,team2,kill,18.85
Mage+Rogue_vs_Mage+Priest,Mage+Rogue,Mage+Priest,12,team2,kill,18.92
Mage+Rogue_vs_Mage+Priest,Mage+Rogue,Mage+Priest,13,team2,kill,17.22
Mage+Rogue_vs_Mage+Priest,Mage+Rogue,Mage+Priest,14,team2,kill,18.95
Mage+Rogue_vs_Mage+Priest,Mage+Rogue,Mage+Priest,15,team2,kill,17.23
Mage+Rogue_vs_Mage+Priest,Mage+Rogue,Mage+Priest,16,team2,kill,18.65
Mage+Rogue_vs_Mage+Priest,Mage+Rogue,Mage+Priest,17,team2,kill,17.23
Mage+Rogue_vs_Mage+Priest,Mage+Rogue,Mage+Priest,18,team2,kill,18.77
Mage+Rogue_vs_Mage+Priest,Mage+Rogue,Mage+Priest,19,team2,kill,18.80
Mage+Rogue_vs_Mage+Warlock,Mage+Rogue,Mage+Warlock,0,team2,kill,17.17
Mage+Rogue_vs_Mage+Warlock,Mage+Rogue,Mage+Warlock,1,team2,kill,17.13
Mage+Rogue_vs_Mage+Warlock,Mage+Rogue,Mage+Warlock,2,team2,kill,17.33
Mage+Rogue_vs_Mage+Warlock,Mage+Rogue,Mage+Warlock,3,team2,kill,17.38
Mage+Rogue_vs_Mage+Warlock,Mage+Rogue,Mage+Warlock,4,team2,kill,17.25
Mage+Rogue_vs_Mage+Warlock,Mage+Rogue,Mage+Warlock,5,team2,kill,17.38
Mage+Rogue_vs_Mage+Warlock,Mage+Rogue,Mage+Warlock,6,team2,kill,17.20
Mage+Rogue_vs_Mage+Warlock,Mage+Rogue,Mage+Warlock,7,team2,kill,17.18
Mage+Rogue_vs_Mage+Warlock,Mage+Rogue,Mage+Warlock,8,team2,kill,15.73
Mage+Rogue_vs_Mage+Warlock,Mage+Rogue,Mage+Warlock,9,team2,kill,17.38
Mage+Rogue_vs_Mage+Warlock,Mage+Rogue,Mage+Warlock,10,team2,kill,17.13
Mage+Rogue_vs_Mage+Warlock,Mage+Rogue,Mage+Warlock,11,team2,kill,17.42
Mage+Rogue_vs_Mage+Warlock,Mage+Rogue,Mage+Warlock,12,team2,kill,17.18
Mage+Rogue_vs_Mage+Warlock,Mage+Rogue,Mage+Warlock,13,team2,kill,16.40
Mage+Rogue_vs_Mage+Warlock,Mage+Rogue,Mage+Warlock,14,team2,kill,17.35
Mage+Rogue_vs_Mage+Warlock,Mage+Rogue,Mage+Warlock,15,team2,kill,17.17
Mage+Rogue_vs_Mage+Warlock,Mage+Rogue,Mage+Warlock,16,team2,kill,16.40
Mage+Rogue_vs_Mage+Warlock,Mage+Rogue,Mage+Warlock,17,team2,kill,17.27
Mage+Rogue_vs_Mage+Warlock,Mage+Rogue,Mage+Warlock,18,team2,kill,17.20
Mage+Rogue_vs_Mage+Warlock,Mage+Rogue,Mage+Warlock,19,team2,kill,17.37
Mage+Rogue_vs_Mage+Paladin,Mage+Rogue,Mage+Paladin,0,team2,kill,24.72
Mage+Rogue_vs_Mage+Paladin,Mage+Rogue,Mage+Paladin,1,team2,kill,29.18
Mage+Rogue_vs_Mage+Paladin,Mage+Rogue,Mage+Paladin,2,team2,kill,64.30
Mage+Rogue_vs_Mage+Paladin,Mage+Rogue,Mage+Paladin,3,team2,kill,27.32
Mage+Rogue_vs_Mage+Paladin,Mage+Rogue,Mage+Paladin,4,team1,kill,25.80
Mage+Rogue_vs_Mage+Paladin,Mage+Rogue,Mage+Paladin,5,team2,kill,69.67
Mage+Rogue_vs_Mage+Paladin,Mage+Rogue,Mage+Paladin,6,team2,kill,32.00
Mage+Rogue_vs_Mage+Paladin,Mage+Rogue,Mage+Paladin,7,team2,kill,24.63
Mage+Rogue_vs_Mage+Paladin,Mage+Rogue,Mage+Paladin,8,team2,kill,24.63
Mage+Rogue_vs_Mage+Paladin,Mage+Rogue,Mage+Paladin,9,team2,kill,28.35
Mage+Rogue_vs_Mage+Paladin,Mage+Rogue,Mage+Paladin,10,team2,kill,24.53
Mage+Rogue_vs_Mage+Paladin,Mage+Rogue,Mage+Paladin,11,team2,kill,28.35
Mage+Rogue_vs_Mage+Paladin,Mage+Rogue,Mage+Paladin,12,team2,kill,51.45
Mage+Rogue_vs_Mage+Paladin,Mage+Rogue,Mage+Paladin,13,team2,kill,23.20
Mage+Rogue_vs_Mage+Paladin,Mage+Rogue,Mage+Paladin,14,team2,kill,31.52
Mage+Rogue_vs_Mage+Paladin,Mage+Rogue,Mage+Paladin,15,team2,kill,30.48
Mage+Rogue_vs_Mage+Paladin,Mage+Rogue,Mage+Paladin,16,team2,kill,31.53
Mage+Rogue_vs_Mage+Paladin,Mage+Rogue,Mage+Paladin,17,team2,kill,25.38
Mage+Rogue_vs_Mage+Paladin,Mage+Rogue,Mage+Paladin,18,team2,kill,24.72
Mage+Rogue_vs_Mage+Paladin,Mage+Rogue,Mage+Paladin,19,team2,kill,65.65
Mage+Rogue_vs_Mage+Hunter,Mage+Rogue,Mage+Hunter,0,team2,kill,17.67
Mage+Rogue_vs_Mage+Hunter,Mage+Rogue,Mage+Hunter,1,team2,kill,17.87
Mage+Rogue_vs_Mage+Hunter,Mage+Rogue,Mage+Hunter,2,team2,kill,22.40
Mage+Rogue_vs_Mage+Hunter,Mage+Rogue,Mage+Hunter,3,team2,kill,17.87
Mage+Rogue_vs_Mage+Hunter,Mage+Rogue,Mage+Hunter,4,team2,kill,16.42
Mage+Rogue_vs_Mage+Hunter,Mage+Rogue,Mage+Hunter,5,team2,kill,22.40
Mage+Rogue_vs_Mage+Hunter,Mage+Rogue,Mage+Hunter,6,team2,kill,17.05
Mage+Rogue_vs_Mage+Hunter,Mage+Rogue,Mage+Hunter,7,team2,kill,16.42
Mage+Rogue_vs_Mage+Hunter,Mage+Rogue,Mage+Hunter,8,team2,kill,17.05
Mage+Rogue_vs_Mage+Hunter,Mage+Rogue,Mage+Hunter,9,team2,kill,22.38
Mage+Rogue_vs_Mage+Hunter,Mage+Rogue,Mage+Hunter,10,team2,kill,17.87
Mage+Rogue_vs_Mage+Hunter,Mage+Rogue,Mage+Hunter,11,team2,kill,16.42
Mage+Rogue_vs_Mage+Hunter,Mage+Rogue,Mage+Hunter,12,team2,kill,17.87
Mage+Rogue_vs_Mage+Hunter,Mage+Rogue,Mage+Hunter,13,team2,kill,16.42
Mage+Rogue_vs_Mage+Hunter,Mage+Rogue,Mage+Hunter,14,team2,kill,17.87
Mage+Rogue_vs_Mage+Hunter,Mage+Rogue,Mage+Hunter,15,team2,kill,17.87
Mage+Rogue_vs_Mage+Hunter,Mage+Rogue,Mage+Hunter,16,team2,kill,17.87
Mage+Rogue_vs_Mage+Hunter,Mage+Rogue,Mage+Hunter,17,team2,kill,22.40
Mage+Rogue_vs_Mage+Hunter,Mage+Rogue,Mage+Hunter,18,team2,kill,17.05
Mage+Rogue_vs_Mage+Hunter,Mage+Rogue,Mage+Hunter,19,team2,kill,17.87
Mage+Rogue_vs_Mage+Shaman,Mage+Rogue,Mage+Shaman,0,team2,kill,15.78
Mage+Rogue_vs_Mage+Shaman,Mage+Rogue,Mage+Shaman,1,team2,kill,15.78
Mage+Rogue_vs_Mage+Shaman,Mage+Rogue,Mage+Shaman,2,team2,kill,15.78
Mage+Rogue_vs_Mage+Shaman,Mage+Rogue,Mage+Shaman,3,team2,kill,15.80
Mage+Rogue_vs_Mage+Shaman,Mage+Rogue,Mage+Shaman,4,team2,kill,14.25
Mage+Rogue_vs_Mage+Shaman,Mage+Rogue,Mage+Shaman,5,team2,kill,15.77
Mage+Rogue_vs_Mage+Shaman,Mage+Rogue,Mage+Shaman,6,team2,kill,14.27
Mage+Rogue_vs_Mage+Shaman,Mage+Rogue,Mage+Shaman,7,team2,kill,14.52
Mage+Rogue_vs_Mage+Shaman,Mage+Rogue,Mage+Shaman,8,team2,kill,15.73
Mage+Rogue_vs_Mage+Shaman,Mage+Rogue,Mage+Shaman,9,team2,kill,15.78
Mage+Rogue_vs_Mage+Shaman,Mage+Rogue,Mage+Shaman,10,team2,kill,14.25
Mage+Rogue_vs_Mage+Shaman,Mage+Rogue,Mage+Shaman,11,team2,kill,15.77
Mage+Rogue_vs_Mage+Shaman,Mage+Rogue,Mage+Shaman,12,team2,kill,15.77
Mage+Rogue_vs_Mage+Shaman,Mage+Rogue,Mage+Shaman,13,team2,kill,14.72
Mage+Rogue_vs_Mage+Shaman,Mage+Rogue,Mage+Shaman,14,team2,kill,15.72
Mage+Rogue_vs_Mage+Shaman,Mage+Rogue,Mage+Shaman,15,team2,kill,15.70
Mage+Rogue_vs_Mage+Shaman,Mage+Rogue,Mage+Shaman,16,team2,kill,15.80
Mage+Rogue_vs_Mage+Shaman,Mage+Rogue,Mage+Shaman,17,team2,kill,15.73
Mage+Rogue_vs_Mage+Shaman,Mage+Rogue,Mage+Shaman,18,team2,kill,15.72
Mage+Rogue_vs_Mage+Shaman,Mage+Rogue,Mage+Shaman,19,team2,kill,15.75
Mage+Rogue_vs_Rogue+Priest,Mage+Rogue,Rogue+Priest,0,team1,kill,21.80
Mage+Rogue_vs_Rogue+Priest,Mage+Rogue,Rogue+Priest,1,team1,kill,23.32
Mage+Rogue_vs_Rogue+Priest,Mage+Rogue,Rogue+Priest,2,team1,kill,25.90
Mage+Rogue_vs_Rogue+Priest,Mage+Rogue,Rogue+Priest,3,team1,kill,23.32
Mage+Rogue_vs_Rogue+Priest,Mage+Rogue,Rogue+Priest,4,team1,kill,23.32
Mage+Rogue_vs_Rogue+Priest,Mage+Rogue,Rogue+Priest,5,team1,kill,23.58
Mage+Rogue_vs_Rogue+Priest,Mage+Rogue,Rogue+Priest,6,team1,kill,23.32
Mage+Rogue_vs_Rogue+Priest,Mage+Rogue,Rogue+Priest,7,team1,kill,21.80
Mage+Rogue_vs_Rogue+Priest,Mage+Rogue,Rogue+Priest,8,team1,kill,23.92
Mage+Rogue_vs_Rogue+Priest,Mage+Rogue,Rogue+Priest,9,team1,kill,24.25
Mage+Rogue_vs_Rogue+Priest,Mage+Rogue,Rogue+Priest,10,team1,kill,23.32
Mage+Rogue_vs_Rogue+Priest,Mage+Rogue,Rogue+Priest,11,team1,kill,25.08
Mage+Rogue_vs_Rogue+Priest,Mage+Rogue,Rogue+Priest,12,team1,kill,23.32
Mage+Rogue_vs_Rogue+Priest,Mage+Rogue,Rogue+Priest,13,team1,kill,23.32
Mage+Rogue_vs_Rogue+Priest,Mage+Rogue,Rogue+Priest,14,team1,kill,23.95
Mage+Rogue_vs_Rogue+Priest,Mage+Rogue,Rogue+Priest,15,team1,kill,25.23
Mage+Rogue_vs_Rogue+Priest,Mage+Rogue,Rogue+Priest,16,team1,kill,23.58
Mage+Rogue_vs_Rogue+Priest,Mage+Rogue,Rogue+Priest,17,team1,kill,24.57
Mage+Rogue_vs_Rogue+Priest,Mage+Rogue,Rogue+Priest,18,team1,kill,25.23
Mage+Rogue_vs_Rogue+Priest,Mage+Rogue,Rogue+Priest,19,team1,kill,25.08
Mage+Rogue_vs_Rogue+Warlock,Mage+Rogue,Rogue+Warlock,0,team2,kill,24.20
Mage+Rogue_vs_Rogue+Warlock,Mage+Rogue,Rogue+Warlock,1,team1,kill,24.32
Mage+Rogue_vs_Rogue+Warlock,Mage+Rogue,Rogue+Warlock,2,team1,kill,22.90
Mage+Rogue_vs_Rogue+Warlock,Mage+Rogue,Rogue+Warlock,3,team1,kill,24.22
Mage+Rogue_vs_Rogue+Warlock,Mage+Rogue,Rogue+Warlock,4,team1,kill,22.80
Mage+Rogue_vs_Rogue+Warlock,Mage+Rogue,Rogue+Warlock,5,team1,kill,22.22
Mage+Rogue_vs_Rogue+Warlock,Mage+Rogue,Rogue+Warlock,6,team1,kill,23.57
Mage+Rogue_vs_Rogue+Warlock,Mage+Rogue,Rogue+Warlock,7,team1,kill,22.80
Mage+Rogue_vs_Rogue+Warlock,Mage+Rogue,Rogue+Warlock,8,team1,kill,22.13
Mage+Rogue_vs_Rogue+Warlock,Mage+Rogue,Rogue+Warlock,9,team1,kill,22.80
Mage+Rogue_vs_Rogue+Warlock,Mage+Rogue,Rogue+Warlock,10,team1,kill,22.80
Mage+Rogue_vs_Rogue+Warlock,Mage+Rogue,Rogue+Warlock,11,team1,kill,24.22
Mage+Rogue_vs_Rogue+Warlock,Mage+Rogue,Rogue+Warlock,12,team2,kill,24.87
Mage+Rogue_vs_Rogue+Warlock,Mage+Rogue,Rogue+Warlock,13,team2,kill,24.87
Mage+Rogue_vs_Rogue+Warlock,Mage+Rogue,Rogue+Warlock,14,team1,kill,23.23
Mage+Rogue_vs_Rogue+Warlock,Mage+Rogue,Rogue+Warlock,15,team1,kill,24.23
Mage+Rogue_vs_Rogue+Warlock,Mage+Rogue,Rogue+Warlock,16,team1,kill,24.32
Mage+Rogue_vs_Rogue+Warlock,Mage+Rogue,Rogue+Warlock,17,team2,kill,24.20
Mage+Rogue_vs_Rogue+Warlock,Mage+Rogue,Rogue+Warlock,18,team1,kill,24.88
Mage+Rogue_vs_Rogue+Warlock,Mage+Rogue,Rogue+Warlock,19,team1,kill,24.23
Mage+Rogue_vs_Rogue+Paladin,Mage+Rogue,Rogue+Paladin,0,team2,kill,42.02
Mage+Rogue_vs_Rogue+Paladin,Mage+Rogue,Rogue+Paladin,1,team2,kill,47.68
Mage+Rogue_vs_Rogue+Paladin,Mage+Rogue,Rogue+Paladin,2,team1,kill,60.62
Mage+Rogue_vs_Rogue+Paladin,Mage+Rogue,Rogue+Paladin,3,team2,kill,34.20
Mage+Rogue_vs_Rogue+Paladin,Mage+Rogue,Rogue+Paladin,4,team2,kill,34.20
Mage+Rogue_vs_Rogue+Paladin,Mage+Rogue,Rogue+Paladin,5,team2,kill,37.18
Mage+Rogue_vs_Rogue+Paladin,Mage+Rogue,Rogue+Paladin,6,team2,kill,32.20
Mage+Rogue_vs_Rogue+Paladin,Mage+Rogue,Rogue+Paladin,7,team2,kill,32.20
Mage+Rogue_vs_Rogue+Paladin,Mage+Rogue,Rogue+Paladin,8,team2,kill,34.20
Mage+Rogue_vs_Rogue+Paladin,Mage+Rogue,Rogue+Paladin,9,team2,kill,40.70
Mage+Rogue_vs_Rogue+Paladin,Mage+Rogue,Rogue+Paladin,10,team2,kill,32.20
Mage+Rogue_vs_Rogue+Paladin,Mage+Rogue,Rogue+Paladin,11,team2,kill,34.20
Mage+Rogue_vs_Rogue+Paladin,Mage+Rogue,Rogue+Paladin,12,team1,kill,52.12
Mage+Rogue_vs_Rogue+Paladin,Mage+Rogue,Rogue+Paladin,13,team2,kill,38.20
Mage+Rogue_vs_Rogue+Paladin,Mage+Rogue,Rogue+Paladin,14,team2,kill,30.20
Mage+Rogue_vs_Rogue+Paladin,Mage+Rogue,Rogue+Paladin,15,team2,kill,36.20
Mage+Rogue_vs_Rogue+Paladin,Mage+Rogue,Rogue+Paladin,16,team2,kill,36.90
Mage+Rogue_vs_Rogue+Paladin,Mage+Rogue,Rogue+Paladin,17,team2,kill,34.20
Mage+Rogue_vs_Rogue+Paladin,Mage+Rogue,Rogue+Paladin,18,team2,kill,36.20
Mage+Rogue_vs_Rogue+Paladin,Mage+Rogue,Rogue+Paladin,19,team2,kill,34.20
Mage+Rogue_vs_Rogue+Hunter,Mage+Rogue,Rogue+Hunter,0,team2,kill,23.70
Mage+Rogue_vs_Rogue+Hunter,Mage+Rogue,Rogue+Hunter,1,team2,kill,32.18
Mage+Rogue_vs_Rogue+Hunter,Mage+Rogue,Rogue+Hunter,2,team2,kill,23.73
Mage+Rogue_vs_Rogue+Hunter,Mage+Rogue,Rogue+Hunter,3,team2,kill,25.50
Mage+Rogue_vs_Rogue+Hunter,Mage+Rogue,Rogue+Hunter,4,team2,kill,28.47
Mage+Rogue_vs_Rogue+Hunter,Mage+Rogue,Rogue+Hunter,5,team2,kill,29.02
Mage+Rogue_vs_Rogue+Hunter,Mage+Rogue,Rogue+Hunter,6,team2,kill,29.75
Mage+Rogue_vs_Rogue+Hunter,Mage+Rogue,Rogue+Hunter,7,team2,kill,27.02
Mage+Rogue_vs_Rogue+Hunter,Mage+Rogue,Rogue+Hunter,8,team2,kill,24.17
Mage+Rogue_vs_Rogue+Hunter,Mage+Rogue,Rogue+Hunter,9,team2,kill,31.48
Mage+Rogue_vs_Rogue+Hunter,Mage+Rogue,Rogue+Hunter,10,team2,kill,29.73
Mage+Rogue_vs_Rogue+Hunter,Mage+Rogue,Rogue+Hunter,11,team2,kill,25.50
Mage+Rogue_vs_Rogue+Hunter,Mage+Rogue,Rogue+Hunter,12,team2,kill,23.70
Mage+Rogue_vs_Rogue+Hunter,Mage+Rogue,Rogue+Hunter,13,team2,kill,28.47
Mage+Rogue_vs_Rogue+Hunter,Mage+Rogue,Rogue+Hunter,14,team2,kill,29.02
Mage+Rogue_vs_Rogue+Hunter,Mage+Rogue,Rogue+Hunter,15,team2,kill,29.75
Mage+Rogue_vs_Rogue+Hunter,Mage+Rogue,Rogue+Hunter,16,team2,kill,24.17
Mage+Rogue_vs_Rogue+Hunter,Mage+Rogue,Rogue+Hunter,17,team2,kill,29.75
Mage+Rogue_vs_Rogue+Hunter,Mage+Rogue,Rogue+Hunter,18,team2,kill,31.48
Mage+Rogue_vs_Rogue+Hunter,Mage+Rogue,Rogue+Hunter,19,team2,kill,29.75
Mage+Rogue_vs_Rogue+Shaman,Mage+Rogue,Rogue+Shaman,0,team1,kill,23.07
Mage+Rogue_vs_Rogue+Shaman,Mage+Rogue,Rogue+Shaman,1,team1,kill,24.48
Mage+Rogue_vs_Rogue+Shaman,Mage+Rogue,Rogue+Shaman,2,team1,kill,24.58
Mage+Rogue_vs_Rogue+Shaman,Mage+Rogue,Rogue+Shaman,3,team1,kill,24.73
Mage+Rogue_vs_Rogue+Shaman,Mage+Rogue,Rogue+Shaman,4,team1,kill,21.68
Mage+Rogue_vs_Rogue+Shaman,Mage+Rogue,Rogue+Shaman,5,team1,kill,26.00
Mage+Rogue_vs_Rogue+Shaman,Mage+Rogue,Rogue+Shaman,6,team1,kill,26.00
Mage+Rogue_vs_Rogue+Shaman,Mage+Rogue,Rogue+Shaman,7,team1,kill,24.48
Mage+Rogue_vs_Rogue+Shaman,Mage+Rogue,Rogue+Shaman,8,team1,kill,24.58
Mage+Rogue_vs_Rogue+Shaman,Mage+Rogue,Rogue+Shaman,9,team1,kill,24.48
Mage+Rogue_vs_Rogue+Shaman,Mage+Rogue,Rogue+Shaman,10,team1,kill,23.83
Mage+Rogue_vs_Rogue+Shaman,Mage+Rogue,Rogue+Shaman,11,team2,kill,24.93
Mage+Rogue_vs_Rogue+Shaman,Mage+Rogue,Rogue+Shaman,12,team1,kill,22.08
Mage+Rogue_vs_Rogue+Shaman,Mage+Rogue,Rogue+Shaman,13,team1,kill,26.00
Mage+Rogue_vs_Rogue+Shaman,Mage+Rogue,Rogue+Shaman,14,team2,kill,23.35
Mage+Rogue_vs_Rogue+Shaman,Mage+Rogue,Rogue+Shaman,15,team1,kill,23.90
Mage+Rogue_vs_Rogue+Shaman,Mage+Rogue,Rogue+Shaman,16,team1,kill,21.90
Mage+Rogue_vs_Rogue+Shaman,Mage+Rogue,Rogue+Shaman,17,team2,kill,23.50
Mage+Rogue_vs_Rogue+Shaman,Mage+Rogue,Rogue+Shaman,18,team1,kill,26.00
Mage+Rogue_vs_Rogue+Shaman,Mage+Rogue,Rogue+Shaman,19,team1,kill,25.25
Mage+Rogue_vs_Priest+Warlock,Mage+Rogue,Priest+Warlock,0,team1,kill,24.85
Mage+Rogue_vs_Priest+Warlock,Mage+Rogue,Priest+Warlock,1,team2,kill,37.50
Mage+Rogue_vs_Priest+Warlock,Mage+Rogue,Priest+Warlock,2,team2,kill,37.03
Mage+Rogue_vs_Priest+Warlock,Mage+Rogue,Priest+Warlock,3,team2,kill,39.40
Mage+Rogue_vs_Priest+Warlock,Mage+Rogue,Priest+Warlock,4,team2,kill,40.22
Mage+Rogue_vs_Priest+Warlock,Mage+Rogue,Priest+Warlock,5,team2,kill,37.30
Mage+Rogue_vs_Priest+Warlock,Mage+Rogue,Priest+Warlock,6,team1,kill,38.43
Mage+Rogue_vs_Priest+Warlock,Mage+Rogue,Priest+Warlock,7,team1,kill,24.02
Mage+Rogue_vs_Priest+Warlock,Mage+Rogue,Priest+Warlock,8,team2,kill,39.20
Mage+Rogue_vs_Priest+Warlock,Mage+Rogue,Priest+Warlock,9,team2,kill,33.15
Mage+Rogue_vs_Priest+Warlock,Mage+Rogue,Priest+Warlock,10,team2,kill,36.38
Mage+Rogue_vs_Priest+Warlock,Mage+Rogue,Priest+Warlock,11,team2,kill,35.65
Mage+Rogue_vs_Priest+Warlock,Mage+Rogue,Priest+Warlock,12,team1,kill,25.48
Mage+Rogue_vs_Priest+Warlock,Mage+Rogue,Priest+Warlock,13,team1,kill,39.32
Mage+Rogue_vs_Priest+Warlock,Mage+Rogue,Priest+Warlock,14,team1,kill,37.73
Mage+Rogue_vs_Priest+Warlock,Mage+Rogue,Priest+Warlock,15,team1,kill,33.82
Mage+Rogue_vs_Priest+Warlock,Mage+Rogue,Priest+Warlock,16,team1,kill,30.42
Mage+Rogue_vs_Priest+Warlock,Mage+Rogue,Priest+Warlock,17,team2,kill,38.77
Mage+Rogue_vs_Priest+Warlock,Mage+Rogue,Priest+Warlock,18,team2,kill,39.20
Mage+Rogue_vs_Priest+Warlock,Mage+Rogue,Priest+Warlock,19,team2,kill,39.20
Mage+Rogue_vs_Priest+Hunter,Mage+Rogue,Priest+Hunter,0,team2,kill,40.55
Mage+Rogue_vs_Priest+Hunter,Mage+Rogue,Priest+Hunter,1,team2,kill,48.22
Mage+Rogue_vs_Priest+Hunter,Mage+Rogue,Priest+Hunter,2,team2,kill,49.42
Mage+Rogue_vs_Priest+Hunter,Mage+Rogue,Priest+Hunter,3,team2,kill,46.85
Mage+Rogue_vs_Priest+Hunter,Mage+Rogue,Priest+Hunter,4,team1,kill,47.38
Mage+Rogue_vs_Priest+Hunter,Mage+Rogue,Priest+Hunter,5,team1,kill,37.70
Mage+Rogue_vs_Priest+Hunter,Mage+Rogue,Priest+Hunter,6,team1,kill,51.03
Mage+Rogue_vs_Priest+Hunter,Mage+Rogue,Priest+Hunter,7,team1,kill,32.77
Mage+Rogue_vs_Priest+Hunter,Mage+Rogue,Priest+Hunter,8,team1,kill,34.18
Mage+Rogue_vs_Priest+Hunter,Mage+Rogue,Priest+Hunter,9,team2,kill,29.95
Mage+Rogue_vs_Priest+Hunter,Mage+Rogue,Priest+Hunter,10,team2,kill,38.97
Mage+Rogue_vs_Priest+Hunter,Mage+Rogue,Priest+Hunter,11,team1,kill,55.03
Mage+Rogue_vs_Priest+Hunter,Mage+Rogue,Priest+Hunter,12,team2,kill,40.23
Mage+Rogue_vs_Priest+Hunter,Mage+Rogue,Priest+Hunter,13,team2,kill,33.45
Mage+Rogue_vs_Priest+Hunter,Mage+Rogue,Priest+Hunter,14,team2,kill,47.38
Mage+Rogue_vs_Priest+Hunter,Mage+Rogue,Priest+Hunter,15,team1,kill,45.77
Mage+Rogue_vs_Priest+Hunter,Mage+Rogue,Priest+Hunter,16,team1,kill,34.92
Mage+Rogue_vs_Priest+Hunter,Mage+Rogue,Priest+Hunter,17,team1,kill,32.87
Mage+Rogue_vs_Priest+Hunter,Mage+Rogue,Priest+Hunter,18,team2,kill,37.63
Mage+Rogue_vs_Priest+Hunter,Mage+Rogue,Priest+Hunter,19,team1,kill,30.43
Mage+Rogue_vs_Warlock+Paladin,Mage+Rogue,Warlock+Paladin,0,team1,kill,29.95
Mage+Rogue_vs_Warlock+Paladin,Mage+Rogue,Warlock+Paladin,1,team1,kill,34.65
Mage+Rogue_vs_Warlock+Paladin,Mage+Rogue,Warlock+Paladin,2,team1,kill,28.32
Mage+Rogue_vs_Warlock+Paladin,Mage+Rogue,Warlock+Paladin,3,team2,kill,54.48
Mage+Rogue_vs_Warlock+Paladin,Mage+Rogue,Warlock+Paladin,4,team2,kill,28.73
Mage+Rogue_vs_Warlock+Paladin,Mage+Rogue,Warlock+Paladin,5,team1,kill,29.83
Mage+Rogue_vs_Warlock+Paladin,Mage+Rogue,Warlock+Paladin,6,team1,kill,30.92
Mage+Rogue_vs_Warlock+Paladin,Mage+Rogue,Warlock+Paladin,7,team1,kill,28.78
Mage+Rogue_vs_Warlock+Paladin,Mage+Rogue,Warlock+Paladin,8,team1,kill,31.35
Mage+Rogue_vs_Warlock+Paladin,Mage+Rogue,Warlock+Paladin,9,team1,kill,31.32
Mage+Rogue_vs_Warlock+Paladin,Mage+Rogue,Warlock+Paladin,10,team1,kill,30.72
Mage+Rogue_vs_Warlock+Paladin,Mage+Rogue,Warlock+Paladin,11,team1,kill,33.22
Mage+Rogue_vs_Warlock+Paladin,Mage+Rogue,Warlock+Paladin,12,team2,kill,36.18
Mage+Rogue_vs_Warlock+Paladin,Mage+Rogue,Warlock+Paladin,13,team1,kill,26.95
Mage+Rogue_vs_Warlock+Paladin,Mage+Rogue,Warlock+Paladin,14,team1,kill,29.73
Mage+Rogue_vs_Warlock+Paladin,Mage+Rogue,Warlock+Paladin,15,team1,kill,28.32
Mage+Rogue_vs_Warlock+Paladin,Mage+Rogue,Warlock+Paladin,16,team1,kill,30.87
Mage+Rogue_vs_Warlock+Paladin,Mage+Rogue,Warlock+Paladin,17,team1,kill,31.15
Mage+Rogue_vs_Warlock+Paladin,Mage+Rogue,Warlock+Paladin,18,team1,kill,28.32
Mage+Rogue_vs_Warlock+Paladin,Mage+Rogue,Warlock+Paladin,19,team2,kill,29.80
Mage+Rogue_vs_Warlock+Hunter,Mage+Rogue,Warlock+Hunter,0,team2,kill,23.98
Mage+Rogue_vs_Warlock+Hunter,Mage+Rogue,Warlock+Hunter,1,team2,kill,32.85
Mage+Rogue_vs_Warlock+Hunter,Mage+Rogue,Warlock+Hunter,2,team2,kill,25.50
Mage+Rogue_vs_Warlock+Hunter,Mage+Rogue,Warlock+Hunter,3,team2,kill,25.75
Mage+Rogue_vs_Warlock+Hunter,Mage+Rogue,Warlock+Hunter,4,team2,kill,29.38
Mage+Rogue_vs_Warlock+Hunter,Mage+Rogue,Warlock+Hunter,5,team2,kill,28.08
Mage+Rogue_vs_Warlock+Hunter,Mage+Rogue,Warlock+Hunter,6,team2,kill,33.82
Mage+Rogue_vs_Warlock+Hunter,Mage+Rogue,Warlock+Hunter,7,team2,kill,26.70
Mage+Rogue_vs_Warlock+Hunter,Mage+Rogue,Warlock+Hunter,8,team1,kill,30.60
Mage+Rogue_vs_Warlock+Hunter,Mage+Rogue,Warlock+Hunter,9,team2,kill,27.78
Mage+Rogue_vs_Warlock+Hunter,Mage+Rogue,Warlock+Hunter,10,team1,kill,28.37
Mage+Rogue_vs_Warlock+Hunter,Mage+Rogue,Warlock+Hunter,11,team1,kill,30.88
Mage+Rogue_vs_Warlock+Hunter,Mage+Rogue,Warlock+Hunter,12,team2,kill,30.07
Mage+Rogue_vs_Warlock+Hunter,Mage+Rogue,Warlock+Hunter,13,team2,kill,31.23
Mage+Rogue_vs_Warlock+Hunter,Mage+Rogue,Warlock+Hunter,14,team2,kill,33.17
Mage+Rogue_vs_Warlock+Hunter,Mage+Rogue,Warlock+Hunter,15,team2,kill,36.07
Mage+Rogue_vs_Warlock+Hunter,Mage+Rogue,Warlock+Hunter,16,team2,kill,29.90
Mage+Rogue_vs_Warlock+Hunter,Mage+Rogue,Warlock+Hunter,17,team2,kill,30.90
Mage+Rogue_vs_Warlock+Hunter,Mage+Rogue,Warlock+Hunter,18,team2,kill,32.03
Mage+Rogue_vs_Warlock+Hunter,Mage+Rogue,Warlock+Hunter,19,team2,kill,25.68
Mage+Rogue_vs_Warlock+Shaman,Mage+Rogue,Warlock+Shaman,0,team2,kill,25.90
Mage+Rogue_vs_Warlock+Shaman,Mage+Rogue,Warlock+Shaman,1,team1,kill,28.02
Mage+Rogue_vs_Warlock+Shaman,Mage+Rogue,Warlock+Shaman,2,team1,kill,19.37
Mage+Rogue_vs_Warlock+Shaman,Mage+Rogue,Warlock+Shaman,3,team2,kill,25.48
Mage+Rogue_vs_Warlock+Shaman,Mage+Rogue,Warlock+Shaman,4,team1,kill,21.60
Mage+Rogue_vs_Warlock+Shaman,Mage+Rogue,Warlock+Shaman,5,team2,kill,26.67
Mage+Rogue_vs_Warlock+Shaman,Mage+Rogue,Warlock+Shaman,6,team1,kill,25.30
Mage+Rogue_vs_Warlock+Shaman,Mage+Rogue,Warlock+Shaman,7,team2,kill,25.32
Mage+Rogue_vs_Warlock+Shaman,Mage+Rogue,Warlock+Shaman,8,team2,kill,27.10
Mage+Rogue_vs_Warlock+Shaman,Mage+Rogue,Warlock+Shaman,9,team2,kill,27.78
Mage+Rogue_vs_Warlock+Shaman,Mage+Rogue,Warlock+Shaman,10,team1,kill,20.30
Mage+Rogue_vs_Warlock+Shaman,Mage+Rogue,Warlock+Shaman,11,team1,kill,22.20
Mage+Rogue_vs_Warlock+Shaman,Mage+Rogue,Warlock+Shaman,12,team2,kill,27.78
Mage+Rogue_vs_Warlock+Shaman,Mage+Rogue,Warlock+Shaman,13,team1,kill,20.88
Mage+Rogue_vs_Warlock+Shaman,Mage+Rogue,Warlock+Shaman,14,team1,kill,29.13
Mage+Rogue_vs_Warlock+Shaman,Mage+Rogue,Warlock+Shaman,15,team1,kill,24.30
Mage+Rogue_vs_Warlock+Shaman,Mage+Rogue,Warlock+Shaman,16,team2,kill,26.55
Mage+Rogue_vs_Warlock+Shaman,Mage+Rogue,Warlock+Shaman,17,team1,kill,22.50
Mage+Rogue_vs_Warlock+Shaman,Mage+Rogue,Warlock+Shaman,18,team2,kill,26.57
Mage+Rogue_vs_Warlock+Shaman,Mage+Rogue,Warlock+Shaman,19,team1,kill,25.70
Mage+Rogue_vs_Paladin+Hunter,Mage+Rogue,Paladin+Hunter,0,team1,kill,49.70
Mage+Rogue_vs_Paladin+Hunter,Mage+Rogue,Paladin+Hunter,1,team2,kill,55.33
Mage+Rogue_vs_Paladin+Hunter,Mage+Rogue,Paladin+Hunter,2,team1,kill,48.65
Mage+Rogue_vs_Paladin+Hunter,Mage+Rogue,Paladin+Hunter,3,team2,kill,65.88
Mage+Rogue_vs_Paladin+Hunter,Mage+Rogue,Paladin+Hunter,4,team2,kill,52.53
Mage+Rogue_vs_Paladin+Hunter,Mage+Rogue,Paladin+Hunter,5,team2,kill,56.68
Mage+Rogue_vs_Paladin+Hunter,Mage+Rogue,Paladin+Hunter,6,team1,kill,50.17
Mage+Rogue_vs_Paladin+Hunter,Mage+Rogue,Paladin+Hunter,7,team2,kill,64.80
Mage+Rogue_vs_Paladin+Hunter,Mage+Rogue,Paladin+Hunter,8,team1,kill,50.17
Mage+Rogue_vs_Paladin+Hunter,Mage+Rogue,Paladin+Hunter,9,team2,kill,54.32
Mage+Rogue_vs_Paladin+Hunter,Mage+Rogue,Paladin+Hunter,10,team2,kill,56.68
Mage+Rogue_vs_Paladin+Hunter,Mage+Rogue,Paladin+Hunter,11,team2,kill,56.68
Mage+Rogue_vs_Paladin+Hunter,Mage+Rogue,Paladin+Hunter,12,team2,kill,56.68
Mage+Rogue_vs_Paladin+Hunter,Mage+Rogue,Paladin+Hunter,13,team2,kill,56.72
Mage+Rogue_vs_Paladin+Hunter,Mage+Rogue,Paladin+Hunter,14,team2,kill,63.37
Mage+Rogue_vs_Paladin+Hunter,Mage+Rogue,Paladin+Hunter,15,team2,kill,52.45
Mage+Rogue_vs_Paladin+Hunter,Mage+Rogue,Paladin+Hunter,16,team2,kill,61.22
Mage+Rogue_vs_Paladin+Hunter,Mage+Rogue,Paladin+Hunter,17,team1,kill,55.35
Mage+Rogue_vs_Paladin+Hunter,Mage+Rogue,Paladin+Hunter,18,team2,kill,52.43
Mage+Rogue_vs_Paladin+Hunter,Mage+Rogue,Paladin+Hunter,19,team2,kill,55.35
Mage+Rogue_vs_Hunter+Shaman,Mage+Rogue,Hunter+Shaman,0,team1,kill,29.07
Mage+Rogue_vs_Hunter+Shaman,Mage+Rogue,Hunter+Shaman,1,team1,kill,27.95
Mage+Rogue_vs_Hunter+Shaman,Mage+Rogue,Hunter+Shaman,2,team1,kill,21.38
Mage+Rogue_vs_Hunter+Shaman,Mage+Rogue,Hunter+Shaman,3,team1,kill,22.33
Mage+Rogue_vs_Hunter+Shaman,Mage+Rogue,Hunter+Shaman,4,team1,kill,21.52
Mage+Rogue_vs_Hunter+Shaman,Mage+Rogue,Hunter+Shaman,5,team1,kill,22.33
Mage+Rogue_vs_Hunter+Shaman,Mage+Rogue,Hunter+Shaman,6,team1,kill,21.43
Mage+Rogue_vs_Hunter+Shaman,Mage+Rogue,Hunter+Shaman,7,team1,kill,27.83
Mage+Rogue_vs_Hunter+Shaman,Mage+Rogue,Hunter+Shaman,8,team1,kill,29.20
Mage+Rogue_vs_Hunter+Shaman,Mage+Rogue,Hunter+Shaman,9,team1,kill,29.42
Mage+Rogue_vs_Hunter+Shaman,Mage+Rogue,Hunter+Shaman,10,team1,kill,29.10
Mage+Rogue_vs_Hunter+Shaman,Mage+Rogue,Hunter+Shaman,11,team1,kill,21.90
Mage+Rogue_vs_Hunter+Shaman,Mage+Rogue,Hunter+Shaman,12,team1,kill,29.27
Mage+Rogue_vs_Hunter+Shaman,Mage+Rogue,Hunter+Shaman,13,team2,kill,19.98
Mage+Rogue_vs_Hunter+Shaman,Mage+Rogue,Hunter+Shaman,14,team1,kill,29.12
Mage+Rogue_vs_Hunter+Shaman,Mage+Rogue,Hunter+Shaman,15,team1,kill,28.82
Mage+Rogue_vs_Hunter+Shaman,Mage+Rogue,Hunter+Shaman,16,team1,kill,21.67
Mage+Rogue_vs_Hunter+Shaman,Mage+Rogue,Hunter+Shaman,17,team1,kill,22.10
Mage+Rogue_vs_Hunter+Shaman,Mage+Rogue,Hunter+Shaman,18,team1,kill,29.65
Mage+Rogue_vs_Hunter+Shaman,Mage+Rogue,Hunter+Shaman,19,team1,kill,21.45
Mage+Priest_vs_Warrior+Mage,Mage+Priest,Warrior+Mage,0,team1,kill,22.18
Mage+Priest_vs_Warrior+Mage,Mage+Priest,Warrior+Mage,1,team1,kill,15.25
Mage+Priest_vs_Warrior+Mage,Mage+Priest,Warrior+Mage,2,team1,kill,21.03
Mage+Priest_vs_Warrior+Mage,Mage+Priest,Warrior+Mage,3,team1,kill,21.03
Mage+Priest_vs_Warrior+Mage,Mage+Priest,Warrior+Mage,4,team1,kill,21.03
Mage+Priest_vs_Warrior+Mage,Mage+Priest,Warrior+Mage,5,team1,kill,20.95
Mage+Priest_vs_Warrior+Mage,Mage+Priest,Warrior+Mage,6,team1,kill,18.02
Mage+Priest_vs_Warrior+Mage,Mage+Priest,Warrior+Mage,7,team1,kill,19.53
Mage+Priest_vs_Warrior+Mage,Mage+Priest,Warrior+Mage,8,team1,kill,19.53
Mage+Priest_vs_Warrior+Mage,Mage+Priest,Warrior+Mage,9,team1,kill,19.53
Mage+Priest_vs_Warrior+Mage,Mage+Priest,Warrior+Mage,10,team1,kill,19.53
Mage+Priest_vs_Warrior+Mage,Mage+Priest,Warrior+Mage,11,team2,kill,18.37
Mage+Priest_vs_Warrior+Mage,Mage+Priest,Warrior+Mage,12,team1,kill,21.03
Mage+Priest_vs_Warrior+Mage,Mage+Priest,Warrior+Mage,13,team1,kill,19.45
Mage+Priest_vs_Warrior+Mage,Mage+Priest,Warrior+Mage,14,team1,kill,19.53
Mage+Priest_vs_Warrior+Mage,Mage+Priest,Warrior+Mage,15,team1,kill,19.53
Mage+Priest_vs_Warrior+Mage,Mage+Priest,Warrior+Mage,16,team1,kill,16.50
Mage+Priest_vs_Warrior+Mage,Mage+Priest,Warrior+Mage,17,team1,kill,19.53
Mage+Priest_vs_Warrior+Mage,Mage+Priest,Warrior+Mage,18,team1,kill,21.03
Mage+Priest_vs_Warrior+Mage,Mage+Priest,Warrior+Mage,19,team1,kill,21.03
Mage+Priest_vs_Warrior+Rogue,Mage+Priest,Warrior+Rogue,0,team2,kill,37.70
Mage+Priest_vs_Warrior+Rogue,Mage+Priest,Warrior+Rogue,1,team1,kill,24.03
Mage+Priest_vs_Warrior+Rogue,Mage+Priest,Warrior+Rogue,2,team2,kill,33.37
Mage+Priest_vs_Warrior+Rogue,Mage+Priest,Warrior+Rogue,3,team1,kill,24.17
Mage+Priest_vs_Warrior+Rogue,Mage+Priest,Warrior+Rogue,4,team1,kill,28.32
Mage+Priest_vs_Warrior+Rogue,Mage+Priest,Warrior+Rogue,5,team1,kill,27.53
Mage+Priest_vs_Warrior+Rogue,Mage+Priest,Warrior+Rogue,6,team1,kill,24.77
Mage+Priest_vs_Warrior+Rogue,Mage+Priest,Warrior+Rogue,7,team2,kill,32.97
Mage+Priest_vs_Warrior+Rogue,Mage+Priest,Warrior+Rogue,8,team1,kill,26.10
Mage+Priest_vs_Warrior+Rogue,Mage+Priest,Warrior+Rogue,9,team1,kill,25.92
Mage+Priest_vs_Warrior+Rogue,Mage+Priest,Warrior+Rogue,10,team1,kill,26.10
Mage+Priest_vs_Warrior+Rogue,Mage+Priest,Warrior+Rogue,11,team1,kill,25.92
Mage+Priest_vs_Warrior+Rogue,Mage+Priest,Warrior+Rogue,12,team1,kill,24.73
Mage+Priest_vs_Warrior+Rogue,Mage+Priest,Warrior+Rogue,13,team1,kill,24.03
Mage+Priest_vs_Warrior+Rogue,Mage+Priest,Warrior+Rogue,14,team1,kill,28.32
Mage+Priest_vs_Warrior+Rogue,Mage+Priest,Warrior+Rogue,15,team2,kill,36.12
Mage+Priest_vs_Warrior+Rogue,Mage+Priest,Warrior+Rogue,16,team1,kill,24.58
Mage+Priest_vs_Warrior+Rogue,Mage+Priest,Warrior+Rogue,17,team1,kill,24.10
Mage+Priest_vs_Warrior+Rogue,Mage+Priest,Warrior+Rogue,18,team2,kill,34.38
Mage+Priest_vs_Warrior+Rogue,Mage+Priest,Warrior+Rogue,19,team1,kill,24.77
Mage+Priest_vs_Warrior+Priest,Mage+Priest,Warrior+Priest,0,team2,kill,67.38
Mage+Priest_vs_Warrior+Priest,Mage+Priest,Warrior+Priest,1,team1,kill,35.52
Mage+Priest_vs_Warrior+Priest,Mage+Priest,Warrior+Priest,2,team1,kill,36.02
Mage+Priest_vs_Warrior+Priest,Mage+Priest,Warrior+Priest,3,team1,kill,37.55
Mage+Priest_vs_Warrior+Priest,Mage+Priest,Warrior+Priest,4,team1,kill,36.73
Mage+Priest_vs_Warrior+Priest,Mage+Priest,Warrior+Priest,5,team1,kill,51.97
Mage+Priest_vs_Warrior+Priest,Mage+Priest,Warrior+Priest,6,team1,kill,35.48
Mage+Priest_vs_Warrior+Priest,Mage+Priest,Warrior+Priest,7,team1,kill,32.27
Mage+Priest_vs_Warrior+Priest,Mage+Priest,Warrior+Priest,8,team1,kill,34.65
Mage+Priest_vs_Warrior+Priest,Mage+Priest,Warrior+Priest,9,team1,kill,36.53
Mage+Priest_vs_Warrior+Priest,Mage+Priest,Warrior+Priest,10,team1,kill,40.55
Mage+Priest_vs_Warrior+Priest,Mage+Priest,Warrior+Priest,11,team1,kill,35.48
Mage+Priest_vs_Warrior+Priest,Mage+Priest,Warrior+Priest,12,team1,kill,51.27
Mage+Priest_vs_Warrior+Priest,Mage+Priest,Warrior+Priest,13,team1,kill,37.40
Mage+Priest_vs_Warrior+Priest,Mage+Priest,Warrior+Priest,14,team1,kill,35.60
Mage+Priest_vs_Warrior+Priest,Mage+Priest,Warrior+Priest,15,team1,kill,41.18
Mage+Priest_vs_Warrior+Priest,Mage+Priest,Warrior+Priest,16,team1,kill,32.00
Mage+Priest_vs_Warrior+Priest,Mage+Priest,Warrior+Priest,17,team1,kill,34.92
Mage+Priest_vs_Warrior+Priest,Mage+Priest,Warrior+Priest,18,team1,kill,43.10
Mage+Priest_vs_Warrior+Priest,Mage+Priest,Warrior+Priest,19,team1,kill,36.53
Mage+Priest_vs_Warrior+Warlock,Mage+Priest,Warrior+Warlock,0,team1,kill,29.72
Mage+Priest_vs_Warrior+Warlock,Mage+Priest,Warrior+Warlock,1,team1,kill,29.78
Mage+Priest_vs_Warrior+Warlock,Mage+Priest,Warrior+Warlock,2,team1,kill,34.63
Mage+Priest_vs_Warrior+Warlock,Mage+Priest,Warrior+Warlock,3,team1,kill,34.70
Mage+Priest_vs_Warrior+Warlock,Mage+Priest,Warrior+Warlock,4,team1,kill,33.62
Mage+Priest_vs_Warrior+Warlock,Mage+Priest,Warrior+Warlock,5,team1,kill,33.55
Mage+Priest_vs_Warrior+Warlock,Mage+Priest,Warrior+Warlock,6,team1,kill,33.58
Mage+Priest_vs_Warrior+Warlock,Mage+Priest,Warrior+Warlock,7,team1,kill,32.28
Mage+Priest_vs_Warrior+Warlock,Mage+Priest,Warrior+Warlock,8,team1,kill,34.53
Mage+Priest_vs_Warrior+Warlock,Mage+Priest,Warrior+Warlock,9,team1,kill,34.70
Mage+Priest_vs_Warrior+Warlock,Mage+Priest,Warrior+Warlock,10,team1,kill,34.23
Mage+Priest_vs_Warrior+Warlock,Mage+Priest,Warrior+Warlock,11,team1,kill,40.10
Mage+Priest_vs_Warrior+Warlock,Mage+Priest,Warrior+Warlock,12,team1,kill,32.02
Mage+Priest_vs_Warrior+Warlock,Mage+Priest,Warrior+Warlock,13,team1,kill,34.72
Mage+Priest_vs_Warrior+Warlock,Mage+Priest,Warrior+Warlock,14,team1,kill,29.63
Mage+Priest_vs_Warrior+Warlock,Mage+Priest,Warrior+Warlock,15,team1,kill,29.75
Mage+Priest_vs_Warrior+Warlock,Mage+Priest,Warrior+Warlock,16,team1,kill,32.73
Mage+Priest_vs_Warrior+Warlock,Mage+Priest,Warrior+Warlock,17,team1,kill,34.58
Mage+Priest_vs_Warrior+Warlock,Mage+Priest,Warrior+Warlock,18,team1,kill,34.58
Mage+Priest_vs_Warrior+Warlock,Mage+Priest,Warrior+Warlock,19,team1,kill,29.75
Mage+Priest_vs_Warrior+Paladin,Mage+Priest,Warrior+Paladin,0,team1,kill,60.53
Mage+Priest_vs_Warrior+Paladin,Mage+Priest,Warrior+Paladin,1,team1,kill,57.30
Mage+Priest_vs_Warrior+Paladin,Mage+Priest,Warrior+Paladin,2,team1,kill,45.07
Mage+Priest_vs_Warrior+Paladin,Mage+Priest,Warrior+Paladin,3,team1,kill,60.17
Mage+Priest_vs_Warrior+Paladin,Mage+Priest,Warrior+Paladin,4,team1,kill,60.87
Mage+Priest_vs_Warrior+Paladin,Mage+Priest,Warrior+Paladin,5,team1,kill,73.33
Mage+Priest_vs_Warrior+Paladin,Mage+Priest,Warrior+Paladin,6,team1,kill,56.23
Mage+Priest_vs_Warrior+Paladin,Mage+Priest,Warrior+Paladin,7,team1,kill,50.57
Mage+Priest_vs_Warrior+Paladin,Mage+Priest,Warrior+Paladin,8,team1,kill,60.22
Mage+Priest_vs_Warrior+Paladin,Mage+Priest,Warrior+Paladin,9,team1,kill,67.87
Mage+Priest_vs_Warrior+Paladin,Mage+Priest,Warrior+Paladin,10,team1,kill,59.23
Mage+Priest_vs_Warrior+Paladin,Mage+Priest,Warrior+Paladin,11,team1,kill,70.67
Mage+Priest_vs_Warrior+Paladin,Mage+Priest,Warrior+Paladin,12,team1,kill,82.10
Mage+Priest_vs_Warrior+Paladin,Mage+Priest,Warrior+Paladin,13,team1,kill,70.73
Mage+Priest_vs_Warrior+Paladin,Mage+Priest,Warrior+Paladin,14,team1,kill,177.67
Mage+Priest_vs_Warrior+Paladin,Mage+Priest,Warrior+Paladin,15,team1,kill,60.98
Mage+Priest_vs_Warrior+Paladin,Mage+Priest,Warrior+Paladin,16,team1,kill,73.62
Mage+Priest_vs_Warrior+Paladin,Mage+Priest,Warrior+Paladin,17,team1,kill,61.20
Mage+Priest_vs_Warrior+Paladin,Mage+Priest,Warrior+Paladin,18,team1,kill,72.02
Mage+Priest_vs_Warrior+Paladin,Mage+Priest,Warrior+Paladin,19,team1,kill,46.28
Mage+Priest_vs_Warrior+Hunter,Mage+Priest,Warrior+Hunter,0,team1,kill,28.43
Mage+Priest_vs_Warrior+Hunter,Mage+Priest,Warrior+Hunter,1,team1,kill,28.43
Mage+Priest_vs_Warrior+Hunter,Mage+Priest,Warrior+Hunter,2,team1,kill,28.33
Mage+Priest_vs_Warrior+Hunter,Mage+Priest,Warrior+Hunter,3,team1,kill,29.22
Mage+Priest_vs_Warrior+Hunter,Mage+Priest,Warrior+Hunter,4,team1,kill,28.20
Mage+Priest_vs_Warrior+Hunter,Mage+Priest,Warrior+Hunter,5,team1,kill,29.07
Mage+Priest_vs_Warrior+Hunter,Mage+Priest,Warrior+Hunter,6,team1,kill,27.78
Mage+Priest_vs_Warrior+Hunter,Mage+Priest,Warrior+Hunter,7,team1,kill,28.03
Mage+Priest_vs_Warrior+Hunter,Mage+Priest,Warrior+Hunter,8,team1,kill,28.38
Mage+Priest_vs_Warrior+Hunter,Mage+Priest,Warrior+Hunter,9,team1,kill,27.70
Mage+Priest_vs_Warrior+Hunter,Mage+Priest,Warrior+Hunter,10,team1,kill,28.27
Mage+Priest_vs_Warrior+Hunter,Mage+Priest,Warrior+Hunter,11,team1,kill,29.22
Mage+Priest_vs_Warrior+Hunter,Mage+Priest,Warrior+Hunter,12,team1,kill,30.00
Mage+Priest_vs_Warrior+Hunter,Mage+Priest,Warrior+Hunter,13,team1,kill,28.33
Mage+Priest_vs_Warrior+Hunter,Mage+Priest,Warrior+Hunter,14,team1,kill,29.82
Mage+Priest_vs_Warrior+Hunter,Mage+Priest,Warrior+Hunter,15,team1,kill,28.37
Mage+Priest_vs_Warrior+Hunter,Mage+Priest,Warrior+Hunter,16,team1,kill,28.32
Mage+Priest_vs_Warrior+Hunter,Mage+Priest,Warrior+Hunter,17,team1,kill,28.43
Mage+Priest_vs_Warrior+Hunter,Mage+Priest,Warrior+Hunter,18,team1,kill,29.95
Mage+Priest_vs_Warrior+Hunter,Mage+Priest,Warrior+Hunter,19,team1,kill,29.30
Mage+Priest_vs_Warrior+Shaman,Mage+Priest,Warrior+Shaman,0,team1,kill,50.48
Mage+Priest_vs_Warrior+Shaman,Mage+Priest,Warrior+Shaman,1,team1,kill,32.93
Mage+Priest_vs_Warrior+Shaman,Mage+Priest,Warrior+Shaman,2,team1,kill,33.72
Mage+Priest_vs_Warrior+Shaman,Mage+Priest,Warrior+Shaman,3,team1,kill,49.02
Mage+Priest_vs_Warrior+Shaman,Mage+Priest,Warrior+Shaman,4,team1,kill,59.15
Mage+Priest_vs_Warrior+Shaman,Mage+Priest,Warrior+Shaman,5,team1,kill,24.65
Mage+Priest_vs_Warrior+Shaman,Mage+Priest,Warrior+Shaman,6,team1,kill,31.23
Mage+Priest_vs_Warrior+Shaman,Mage+Priest,Warrior+Shaman,7,team1,kill,50.75
Mage+Priest_vs_Warrior+Shaman,Mage+Priest,Warrior+Shaman,8,team1,kill,50.58
Mage+Priest_vs_Warrior+Shaman,Mage+Priest,Warrior+Shaman,9,team1,kill,46.65
Mage+Priest_vs_Warrior+Shaman,Mage+Priest,Warrior+Shaman,10,team1,kill,39.07
Mage+Priest_vs_Warrior+Shaman,Mage+Priest,Warrior+Shaman,11,team1,kill,39.92
Mage+Priest_vs_Warrior+Shaman,Mage+Priest,Warrior+Shaman,12,team1,kill,34.72
Mage+Priest_vs_Warrior+Shaman,Mage+Priest,Warrior+Shaman,13,team1,kill,35.30
Mage+Priest_vs_Warrior+Shaman,Mage+Priest,Warrior+Shaman,14,team1,kill,37.15
Mage+Priest_vs_Warrior+Shaman,Mage+Priest,Warrior+Shaman,15,team1,kill,32.55
Mage+Priest_vs_Warrior+Shaman,Mage+Priest,Warrior+Shaman,16,team1,kill,36.12
Mage+Priest_vs_Warrior+Shaman,Mage+Priest,Warrior+Shaman,17,team1,kill,52.05
Mage+Priest_vs_Warrior+Shaman,Mage+Priest,Warrior+Shaman,18,team1,kill,31.47
Mage+Priest_vs_Warrior+Shaman,Mage+Priest,Warrior+Shaman,19,team1,kill,30.02
Mage+Priest_vs_Mage+Rogue,Mage+Priest,Mage+Rogue,0,team1,kill,17.25
Mage+Priest_vs_Mage+Rogue,Mage+Priest,Mage+Rogue,1,team1,kill,17.25
Mage+Priest_vs_Mage+Rogue,Mage+Priest,Mage+Rogue,2,team1,kill,18.68
Mage+Priest_vs_Mage+Rogue,Mage+Priest,Mage+Rogue,3,team1,kill,17.25
Mage+Priest_vs_Mage+Rogue,Mage+Priest,Mage+Rogue,4,team1,kill,18.90
Mage+Priest_vs_Mage+Rogue,Mage+Priest,Mage+Rogue,5,team1,kill,17.23
Mage+Priest_vs_Mage+Rogue,Mage+Priest,Mage+Rogue,6,team1,kill,17.22
Mage+Priest_vs_Mage+Rogue,Mage+Priest,Mage+Rogue,7,team1,kill,17.23
Mage+Priest_vs_Mage+Rogue,Mage+Priest,Mage+Rogue,8,team1,kill,18.73
Mage+Priest_vs_Mage+Rogue,Mage+Priest,Mage+Rogue,9,team1,kill,18.88
Mage+Priest_vs_Mage+Rogue,Mage+Priest,Mage+Rogue,10,team1,kill,18.65
Mage+Priest_vs_Mage+Rogue,Mage+Priest,Mage+Rogue,11,team1,kill,18.72
Mage+Priest_vs_Mage+Rogue,Mage+Priest,Mage+Rogue,12,team1,kill,18.62
Mage+Priest_vs_Mage+Rogue,Mage+Priest,Mage+Rogue,13,team1,kill,17.25
Mage+Priest_vs_Mage+Rogue,Mage+Priest,Mage+Rogue,14,team1,kill,18.63
Mage+Priest_vs_Mage+Rogue,Mage+Priest,Mage+Rogue,15,team1,kill,17.25
Mage+Priest_vs_Mage+Rogue,Mage+Priest,Mage+Rogue,16,team1,kill,17.25
Mage+Priest_vs_Mage+Rogue,Mage+Priest,Mage+Rogue,17,team1,kill,17.25
Mage+Priest_vs_Mage+Rogue,Mage+Priest,Mage+Rogue,18,team1,kill,18.68
Mage+Priest_vs_Mage+Rogue,Mage+Priest,Mage+Rogue,19,team1,kill,18.78
Mage+Priest_vs_Mage+Priest,Mage+Priest,Mage+Priest,0,team1,kill,38.62
Mage+Priest_vs_Mage+Priest,Mage+Priest,Mage+Priest,1,team1,kill,61.00
Mage+Priest_vs_Mage+Priest,Mage+Priest,Mage+Priest,2,team2,kill,186.73
Mage+Priest_vs_Mage+Priest,Mage+Priest,Mage+Priest,3,team2,kill,79.82
Mage+Priest_vs_Mage+Priest,Mage+Priest,Mage+Priest,4,team1,kill,65.93
Mage+Priest_vs_Mage+Priest,Mage+Priest,Mage+Priest,5,team1,kill,65.28
Mage+Priest_vs_Mage+Priest,Mage+Priest,Mage+Priest,6,team1,kill,224.21
Mage+Priest_vs_Mage+Priest,Mage+Priest,Mage+Priest,7,team2,kill,30.62
Mage+Priest_vs_Mage+Priest,Mage+Priest,Mage+Priest,8,team1,kill,77.20
Mage+Priest_vs_Mage+Priest,Mage+Priest,Mage+Priest,9,team1,kill,61.27
Mage+Priest_vs_Mage+Priest,Mage+Priest,Mage+Priest,10,team2,kill,52.82
Mage+Priest_vs_Mage+Priest,Mage+Priest,Mage+Priest,11,team1,kill,60.35
Mage+Priest_vs_Mage+Priest,Mage+Priest,Mage+Priest,12,team1,kill,55.70
Mage+Priest_vs_Mage+Priest,Mage+Priest,Mage+Priest,13,team2,kill,73.87
Mage+Priest_vs_Mage+Priest,Mage+Priest,Mage+Priest,14,team1,kill,181.33
Mage+Priest_vs_Mage+Priest,Mage+Priest,Mage+Priest,15,team2,kill,55.25
Mage+Priest_vs_Mage+Priest,Mage+Priest,Mage+Priest,16,team1,kill,61.12
Mage+Priest_vs_Mage+Priest,Mage+Priest,Mage+Priest,17,team2,kill,74.42
Mage+Priest_vs_Mage+Priest,Mage+Priest,Mage+Priest,18,team2,kill,35.93
Mage+Priest_vs_Mage+Priest,Mage+Priest,Mage+Priest,19,team2,kill,61.08
Mage+Priest_vs_Mage+Warlock,Mage+Priest,Mage+Warlock,0,team1,kill,24.77
Mage+Priest_vs_Mage+Warlock,Mage+Priest,Mage+Warlock,1,team1,kill,31.45
Mage+Priest_vs_Mage+Warlock,Mage+Priest,Mage+Warlock,2,team1,kill,24.97
Mage+Priest_vs_Mage+Warlock,Mage+Priest,Mage+Warlock,3,team1,kill,26.12
Mage+Priest_vs_Mage+Warlock,Mage+Priest,Mage+Warlock,4,team1,kill,31.73
Mage+Priest_vs_Mage+Warlock,Mage+Priest,Mage+Warlock,5,team1,kill,25.83
Mage+Priest_vs_Mage+Warlock,Mage+Priest,Mage+Warlock,6,team1,kill,22.37
Mage+Priest_vs_Mage+Warlock,Mage+Priest,Mage+Warlock,7,team1,kill,25.02
Mage+Priest_vs_Mage+Warlock,Mage+Priest,Mage+Warlock,8,team1,kill,24.55
Mage+Priest_vs_Mage+Warlock,Mage+Priest,Mage+Warlock,9,team1,kill,26.18
Mage+Priest_vs_Mage+Warlock,Mage+Priest,Mage+Warlock,10,team1,kill,24.13
Mage+Priest_vs_Mage+Warlock,Mage+Priest,Mage+Warlock,11,team1,kill,26.07
Mage+Priest_vs_Mage+Warlock,Mage+Priest,Mage+Warlock,12,team1,kill,25.20
Mage+Priest_vs_Mage+Warlock,Mage+Priest,Mage+Warlock,13,team1,kill,26.05
Mage+Priest_vs_Mage+Warlock,Mage+Priest,Mage+Warlock,14,team1,kill,24.53
Mage+Priest_vs_Mage+Warlock,Mage+Priest,Mage+Warlock,15,team1,kill,26.18
Mage+Priest_vs_Mage+Warlock,Mage+Priest,Mage+Warlock,16,team1,kill,28.08
Mage+Priest_vs_Mage+Warlock,Mage+Priest,Mage+Warlock,17,team1,kill,27.53
Mage+Priest_vs_Mage+Warlock,Mage+Priest,Mage+Warlock,18,team1,kill,26.20
Mage+Priest_vs_Mage+Warlock,Mage+Priest,Mage+Warlock,19,team1,kill,25.75
Mage+Priest_vs_Mage+Paladin,Mage+Priest,Mage+Paladin,0,team2,kill,60.90
Mage+Priest_vs_Mage+Paladin,Mage+Priest,Mage+Paladin,1,team2,kill,56.35
Mage+Priest_vs_Mage+Paladin,Mage+Priest,Mage+Paladin,2,team2,kill,67.57
Mage+Priest_vs_Mage+Paladin,Mage+Priest,Mage+Paladin,3,team2,kill,61.72
Mage+Priest_vs_Mage+Paladin,Mage+Priest,Mage+Paladin,4,team2,kill,71.40
Mage+Priest_vs_Mage+Paladin,Mage+Priest,Mage+Paladin,5,team2,kill,81.04
Mage+Priest_vs_Mage+Paladin,Mage+Priest,Mage+Paladin,6,team1,kill,70.33
Mage+Priest_vs_Mage+Paladin,Mage+Priest,Mage+Paladin,7,team2,kill,62.87
Mage+Priest_vs_Mage+Paladin,Mage+Priest,Mage+Paladin,8,team2,kill,66.55
Mage+Priest_vs_Mage+Paladin,Mage+Priest,Mage+Paladin,9,team2,kill,65.82
Mage+Priest_vs_Mage+Paladin,Mage+Priest,Mage+Paladin,10,team1,kill,93.36
Mage+Priest_vs_Mage+Paladin,Mage+Priest,Mage+Paladin,11,team2,kill,81.10
Mage+Priest_vs_Mage+Paladin,Mage+Priest,Mage+Paladin,12,team2,kill,61.03
Mage+Priest_vs_Mage+Paladin,Mage+Priest,Mage+Paladin,13,team2,kill,81.04
Mage+Priest_vs_Mage+Paladin,Mage+Priest,Mage+Paladin,14,team2,kill,61.27
Mage+Priest_vs_Mage+Paladin,Mage+Priest,Mage+Paladin,15,team1,kill,80.90
Mage+Priest_vs_Mage+Paladin,Mage+Priest,Mage+Paladin,16,team2,kill,64.73
Mage+Priest_vs_Mage+Paladin,Mage+Priest,Mage+Paladin,17,team1,kill,201.71
Mage+Priest_vs_Mage+Paladin,Mage+Priest,Mage+Paladin,18,team2,kill,60.83
Mage+Priest_vs_Mage+Paladin,Mage+Priest,Mage+Paladin,19,team2,kill,63.33
Mage+Priest_vs_Mage+Hunter,Mage+Priest,Mage+Hunter,0,team1,kill,21.47
Mage+Priest_vs_Mage+Hunter,Mage+Priest,Mage+Hunter,1,team1,kill,22.20
Mage+Priest_vs_Mage+Hunter,Mage+Priest,Mage+Hunter,2,team1,kill,22.60
Mage+Priest_vs_Mage+Hunter,Mage+Priest,Mage+Hunter,3,team1,kill,21.10
Mage+Priest_vs_Mage+Hunter,Mage+Priest,Mage+Hunter,4,team1,kill,22.62
Mage+Priest_vs_Mage+Hunter,Mage+Priest,Mage+Hunter,5,team1,kill,21.13
Mage+Priest_vs_Mage+Hunter,Mage+Priest,Mage+Hunter,6,team1,kill,21.58
Mage+Priest_vs_Mage+Hunter,Mage+Priest,Mage+Hunter,7,team1,kill,23.22
Mage+Priest_vs_Mage+Hunter,Mage+Priest,Mage+Hunter,8,team1,kill,23.63
Mage+Priest_vs_Mage+Hunter,Mage+Priest,Mage+Hunter,9,team1,kill,22.20
Mage+Priest_vs_Mage+Hunter,Mage+Priest,Mage+Hunter,10,team1,kill,21.47
Mage+Priest_vs_Mage+Hunter,Mage+Priest,Mage+Hunter,11,team1,kill,21.12
Mage+Priest_vs_Mage+Hunter,Mage+Priest,Mage+Hunter,12,team1,kill,22.58
Mage+Priest_vs_Mage+Hunter,Mage+Priest,Mage+Hunter,13,team1,kill,23.63
Mage+Priest_vs_Mage+Hunter,Mage+Priest,Mage+Hunter,14,team1,kill,22.62
Mage+Priest_vs_Mage+Hunter,Mage+Priest,Mage+Hunter,15,team1,kill,21.25
Mage+Priest_vs_Mage+Hunter,Mage+Priest,Mage+Hunter,16,team1,kill,21.27
Mage+Priest_vs_Mage+Hunter,Mage+Priest,Mage+Hunter,17,team1,kill,22.77
Mage+Priest_vs_Mage+Hunter,Mage+Priest,Mage+Hunter,18,team1,kill,22.95
Mage+Priest_vs_Mage+Hunter,Mage+Priest,Mage+Hunter,19,team1,kill,21.15
Mage+Priest_vs_Mage+Shaman,Mage+Priest,Mage+Shaman,0,team1,kill,68.30
Mage+Priest_vs_Mage+Shaman,Mage+Priest,Mage+Shaman,1,team1,kill,65.27
Mage+Priest_vs_Mage+Shaman,Mage+Priest,Mage+Shaman,2,team1,kill,61.08
Mage+Priest_vs_Mage+Shaman,Mage+Priest,Mage+Shaman,3,team1,kill,36.73
Mage+Priest_vs_Mage+Shaman,Mage+Priest,Mage+Shaman,4,team1,kill,31.45
Mage+Priest_vs_Mage+Shaman,Mage+Priest,Mage+Shaman,5,team1,kill,32.97
Mage+Priest_vs_Mage+Shaman,Mage+Priest,Mage+Shaman,6,team1,kill,60.95
Mage+Priest_vs_Mage+Shaman,Mage+Priest,Mage+Shaman,7,team1,kill,44.08
Mage+Priest_vs_Mage+Shaman,Mage+Priest,Mage+Shaman,8,team1,kill,26.13
Mage+Priest_vs_Mage+Shaman,Mage+Priest,Mage+Shaman,9,team1,kill,69.55
Mage+Priest_vs_Mage+Shaman,Mage+Priest,Mage+Shaman,10,team1,kill,62.37
Mage+Priest_vs_Mage+Shaman,Mage+Priest,Mage+Shaman,11,team1,kill,29.18
Mage+Priest_vs_Mage+Shaman,Mage+Priest,Mage+Shaman,12,team1,kill,78.04
Mage+Priest_vs_Mage+Shaman,Mage+Priest,Mage+Shaman,13,team1,kill,38.28
Mage+Priest_vs_Mage+Shaman,Mage+Priest,Mage+Shaman,14,team1,kill,61.10
Mage+Priest_vs_Mage+Shaman,Mage+Priest,Mage+Shaman,15,team1,kill,41.00
Mage+Priest_vs_Mage+Shaman,Mage+Priest,Mage+Shaman,16,team1,kill,32.55
Mage+Priest_vs_Mage+Shaman,Mage+Priest,Mage+Shaman,17,team1,kill,60.88
Mage+Priest_vs_Mage+Shaman,Mage+Priest,Mage+Shaman,18,team1,kill,26.68
Mage+Priest_vs_Mage+Shaman,Mage+Priest,Mage+Shaman,19,team1,kill,61.13
Mage+Priest_vs_Rogue+Priest,Mage+Priest,Rogue+Priest,0,team1,kill,42.03
Mage+Priest_vs_Rogue+Priest,Mage+Priest,Rogue+Priest,1,team2,kill,54.33
Mage+Priest_vs_Rogue+Priest,Mage+Priest,Rogue+Priest,2,team1,kill,43.62
Mage+Priest_vs_Rogue+Priest,Mage+Priest,Rogue+Priest,3,team1,kill,43.55
Mage+Priest_vs_Rogue+Priest,Mage+Priest,Rogue+Priest,4,team1,kill,46.78
Mage+Priest_vs_Rogue+Priest,Mage+Priest,Rogue+Priest,5,team1,kill,43.55
Mage+Priest_vs_Rogue+Priest,Mage+Priest,Rogue+Priest,6,team1,kill,43.55
Mage+Priest_vs_Rogue+Priest,Mage+Priest,Rogue+Priest,7,team1,kill,40.63
Mage+Priest_vs_Rogue+Priest,Mage+Priest,Rogue+Priest,8,team2,kill,62.72
Mage+Priest_vs_Rogue+Priest,Mage+Priest,Rogue+Priest,9,team2,kill,57.20
Mage+Priest_vs_Rogue+Priest,Mage+Priest,Rogue+Priest,10,team1,kill,40.52
Mage+Priest_vs_Rogue+Priest,Mage+Priest,Rogue+Priest,11,team1,kill,44.65
Mage+Priest_vs_Rogue+Priest,Mage+Priest,Rogue+Priest,12,team1,kill,45.05
Mage+Priest_vs_Rogue+Priest,Mage+Priest,Rogue+Priest,13,team1,kill,50.38
Mage+Priest_vs_Rogue+Priest,Mage+Priest,Rogue+Priest,14,team1,kill,43.55
Mage+Priest_vs_Rogue+Priest,Mage+Priest,Rogue+Priest,15,team1,kill,44.65
Mage+Priest_vs_Rogue+Priest,Mage+Priest,Rogue+Priest,16,team1,kill,44.88
Mage+Priest_vs_Rogue+Priest,Mage+Priest,Rogue+Priest,17,team1,kill,53.75
Mage+Priest_vs_Rogue+Priest,Mage+Priest,Rogue+Priest,18,team1,kill,45.95
Mage+Priest_vs_Rogue+Priest,Mage+Priest,Rogue+Priest,19,team1,kill,42.13
Mage+Priest_vs_Rogue+Warlock,Mage+Priest,Rogue+Warlock,0,team1,kill,39.07
Mage+Priest_vs_Rogue+Warlock,Mage+Priest,Rogue+Warlock,1,team1,kill,39.30
Mage+Priest_vs_Rogue+Warlock,Mage+Priest,Rogue+Warlock,2,team1,kill,39.63
Mage+Priest_vs_Rogue+Warlock,Mage+Priest,Rogue+Warlock,3,team1,kill,36.95
Mage+Priest_vs_Rogue+Warlock,Mage+Priest,Rogue+Warlock,4,team1,kill,36.85
Mage+Priest_vs_Rogue+Warlock,Mage+Priest,Rogue+Warlock,5,team1,kill,39.45
Mage+Priest_vs_Rogue+Warlock,Mage+Priest,Rogue+Warlock,6,team1,kill,35.13
Mage+Priest_vs_Rogue+Warlock,Mage+Priest,Rogue+Warlock,7,team1,kill,33.85
Mage+Priest_vs_Rogue+Warlock,Mage+Priest,Rogue+Warlock,8,team1,kill,34.18
Mage+Priest_vs_Rogue+Warlock,Mage+Priest,Rogue+Warlock,9,team1,kill,35.12
Mage+Priest_vs_Rogue+Warlock,Mage+Priest,Rogue+Warlock,10,team1,kill,34.53
Mage+Priest_vs_Rogue+Warlock,Mage+Priest,Rogue+Warlock,11,team1,kill,40.15
Mage+Priest_vs_Rogue+Warlock,Mage+Priest,Rogue+Warlock,12,team1,kill,34.62
Mage+Priest_vs_Rogue+Warlock,Mage+Priest,Rogue+Warlock,13,team1,kill,40.60
Mage+Priest_vs_Rogue+Warlock,Mage+Priest,Rogue+Warlock,14,team1,kill,29.13
Mage+Priest_vs_Rogue+Warlock,Mage+Priest,Rogue+Warlock,15,team1,kill,32.07
Mage+Priest_vs_Rogue+Warlock,Mage+Priest,Rogue+Warlock,16,team1,kill,28.78
Mage+Priest_vs_Rogue+Warlock,Mage+Priest,Rogue+Warlock,17,team1,kill,28.10
Mage+Priest_vs_Rogue+Warlock,Mage+Priest,Rogue+Warlock,18,team2,kill,48.60
Mage+Priest_vs_Rogue+Warlock,Mage+Priest,Rogue+Warlock,19,team1,kill,34.83
Mage+Priest_vs_Rogue+Paladin,Mage+Priest,Rogue+Paladin,0,team1,kill,62.65
Mage+Priest_vs_Rogue+Paladin,Mage+Priest,Rogue+Paladin,1,team1,kill,43.45
Mage+Priest_vs_Rogue+Paladin,Mage+Priest,Rogue+Paladin,2,team1,kill,47.63
Mage+Priest_vs_Rogue+Paladin,Mage+Priest,Rogue+Paladin,3,team1,kill,49.38
Mage+Priest_vs_Rogue+Paladin,Mage+Priest,Rogue+Paladin,4,team1,kill,70.93
Mage+Priest_vs_Rogue+Paladin,Mage+Priest,Rogue+Paladin,5,team1,kill,52.37
Mage+Priest_vs_Rogue+Paladin,Mage+Priest,Rogue+Paladin,6,team1,kill,184.23
Mage+Priest_vs_Rogue+Paladin,Mage+Priest,Rogue+Paladin,7,team1,kill,58.02
Mage+Priest_vs_Rogue+Paladin,Mage+Priest,Rogue+Paladin,8,team1,kill,50.68
Mage+Priest_vs_Rogue+Paladin,Mage+Priest,Rogue+Paladin,9,team1,kill,47.97
Mage+Priest_vs_Rogue+Paladin,Mage+Priest,Rogue+Paladin,10,team1,kill,50.78
Mage+Priest_vs_Rogue+Paladin,Mage+Priest,Rogue+Paladin,11,team2,kill,73.00
Mage+Priest_vs_Rogue+Paladin,Mage+Priest,Rogue+Paladin,12,team1,kill,65.02
Mage+Priest_vs_Rogue+Paladin,Mage+Priest,Rogue+Paladin,13,team1,kill,51.82
Mage+Priest_vs_Rogue+Paladin,Mage+Priest,Rogue+Paladin,14,team1,kill,64.22
Mage+Priest_vs_Rogue+Paladin,Mage+Priest,Rogue+Paladin,15,team1,kill,60.05
Mage+Priest_vs_Rogue+Paladin,Mage+Priest,Rogue+Paladin,16,team1,kill,67.80
Mage+Priest_vs_Rogue+Paladin,Mage+Priest,Rogue+Paladin,17,team2,kill,65.43
Mage+Priest_vs_Rogue+Paladin,Mage+Priest,Rogue+Paladin,18,team1,kill,61.15
Mage+Priest_vs_Rogue+Paladin,Mage+Priest,Rogue+Paladin,19,team1,kill,48.32
Mage+Priest_vs_Rogue+Hunter,Mage+Priest,Rogue+Hunter,0,team1,kill,24.45
Mage+Priest_vs_Rogue+Hunter,Mage+Priest,Rogue+Hunter,1,team1,kill,24.45
Mage+Priest_vs_Rogue+Hunter,Mage+Priest,Rogue+Hunter,2,team1,kill,24.45
Mage+Priest_vs_Rogue+Hunter,Mage+Priest,Rogue+Hunter,3,team1,kill,24.45
Mage+Priest_vs_Rogue+Hunter,Mage+Priest,Rogue+Hunter,4,team1,kill,24.45
Mage+Priest_vs_Rogue+Hunter,Mage+Priest,Rogue+Hunter,5,team1,kill,24.45
Mage+Priest_vs_Rogue+Hunter,Mage+Priest,Rogue+Hunter,6,team1,kill,24.45
Mage+Priest_vs_Rogue+Hunter,Mage+Priest,Rogue+Hunter,7,team1,kill,24.45
Mage+Priest_vs_Rogue+Hunter,Mage+Priest,Rogue+Hunter,8,team1,kill,24.45
Mage+Priest_vs_Rogue+Hunter,Mage+Priest,Rogue+Hunter,9,team1,kill,24.45
Mage+Priest_vs_Rogue+Hunter,Mage+Priest,Rogue+Hunter,10,team1,kill,24.45
Mage+Priest_vs_Rogue+Hunter,Mage+Priest,Rogue+Hunter,11,team1,kill,24.45
Mage+Priest_vs_Rogue+Hunter,Mage+Priest,Rogue+Hunter,12,team1,kill,24.45
Mage+Priest_vs_Rogue+Hunter,Mage+Priest,Rogue+Hunter,13,team1,kill,24.45
Mage+Priest_vs_Rogue+Hunter,Mage+Priest,Rogue+Hunter,14,team1,kill,24.45
Mage+Priest_vs_Rogue+Hunter,Mage+Priest,Rogue+Hunter,15,team1,kill,24.45
Mage+Priest_vs_Rogue+Hunter,Mage+Priest,Rogue+Hunter,16,team1,kill,24.30
Mage+Priest_vs_Rogue+Hunter,Mage+Priest,Rogue+Hunter,17,team1,kill,24.45
Mage+Priest_vs_Rogue+Hunter,Mage+Priest,Rogue+Hunter,18,team1,kill,24.45
Mage+Priest_vs_Rogue+Hunter,Mage+Priest,Rogue+Hunter,19,team1,kill,24.45
Mage+Priest_vs_Rogue+Shaman,Mage+Priest,Rogue+Shaman,0,team2,kill,24.10
Mage+Priest_vs_Rogue+Shaman,Mage+Priest,Rogue+Shaman,1,team1,kill,32.12
Mage+Priest_vs_Rogue+Shaman,Mage+Priest,Rogue+Shaman,2,team2,kill,37.35
Mage+Priest_vs_Rogue+Shaman,Mage+Priest,Rogue+Shaman,3,team2,kill,35.53
Mage+Priest_vs_Rogue+Shaman,Mage+Priest,Rogue+Shaman,4,team2,kill,38.10
Mage+Priest_vs_Rogue+Shaman,Mage+Priest,Rogue+Shaman,5,team1,kill,17.85
Mage+Priest_vs_Rogue+Shaman,Mage+Priest,Rogue+Shaman,6,team2,kill,32.13
Mage+Priest_vs_Rogue+Shaman,Mage+Priest,Rogue+Shaman,7,team2,kill,28.93
Mage+Priest_vs_Rogue+Shaman,Mage+Priest,Rogue+Shaman,8,team2,kill,35.35
Mage+Priest_vs_Rogue+Shaman,Mage+Priest,Rogue+Shaman,9,team2,kill,38.68
Mage+Priest_vs_Rogue+Shaman,Mage+Priest,Rogue+Shaman,10,team2,kill,32.40
Mage+Priest_vs_Rogue+Shaman,Mage+Priest,Rogue+Shaman,11,team2,kill,35.03
Mage+Priest_vs_Rogue+Shaman,Mage+Priest,Rogue+Shaman,12,team2,kill,31.18
Mage+Priest_vs_Rogue+Shaman,Mage+Priest,Rogue+Shaman,13,team2,kill,32.62
Mage+Priest_vs_Rogue+Shaman,Mage+Priest,Rogue+Shaman,14,team2,kill,28.93
Mage+Priest_vs_Rogue+Shaman,Mage+Priest,Rogue+Shaman,15,team2,kill,28.68
Mage+Priest_vs_Rogue+Shaman,Mage+Priest,Rogue+Shaman,16,team2,kill,37.35
Mage+Priest_vs_Rogue+Shaman,Mage+Priest,Rogue+Shaman,17,team2,kill,37.35
Mage+Priest_vs_Rogue+Shaman,Mage+Priest,Rogue+Shaman,18,team2,kill,28.68
Mage+Priest_vs_Rogue+Shaman,Mage+Priest,Rogue+Shaman,19,team1,kill,35.45
Mage+Priest_vs_Priest+Warlock,Mage+Priest,Priest+Warlock,0,team2,kill,47.65
Mage+Priest_vs_Priest+Warlock,Mage+Priest,Priest+Warlock,1,team2,kill,37.25
Mage+Priest_vs_Priest+Warlock,Mage+Priest,Priest+Warlock,2,team2,kill,56.28
Mage+Priest_vs_Priest+Warlock,Mage+Priest,Priest+Warlock,3,team2,kill,37.95
Mage+Priest_vs_Priest+Warlock,Mage+Priest,Priest+Warlock,4,team2,kill,57.73
Mage+Priest_vs_Priest+Warlock,Mage+Priest,Priest+Warlock,5,team2,kill,41.08
Mage+Priest_vs_Priest+Warlock,Mage+Priest,Priest+Warlock,6,team2,kill,35.72
Mage+Priest_vs_Priest+Warlock,Mage+Priest,Priest+Warlock,7,team2,kill,62.42
Mage+Priest_vs_Priest+Warlock,Mage+Priest,Priest+Warlock,8,team2,kill,36.40
Mage+Priest_vs_Priest+Warlock,Mage+Priest,Priest+Warlock,9,team2,kill,41.32
Mage+Priest_vs_Priest+Warlock,Mage+Priest,Priest+Warlock,10,team2,kill,39.83
Mage+Priest_vs_Priest+Warlock,Mage+Priest,Priest+Warlock,11,team2,kill,59.38
Mage+Priest_vs_Priest+Warlock,Mage+Priest,Priest+Warlock,12,team2,kill,45.13
Mage+Priest_vs_Priest+Warlock,Mage+Priest,Priest+Warlock,13,team2,kill,38.20
Mage+Priest_vs_Priest+Warlock,Mage+Priest,Priest+Warlock,14,team2,kill,45.68
Mage+Priest_vs_Priest+Warlock,Mage+Priest,Priest+Warlock,15,team2,kill,40.02
Mage+Priest_vs_Priest+Warlock,Mage+Priest,Priest+Warlock,16,team2,kill,53.43
Mage+Priest_vs_Priest+Warlock,Mage+Priest,Priest+Warlock,17,team2,kill,64.78
Mage+Priest_vs_Priest+Warlock,Mage+Priest,Priest+Warlock,18,team2,kill,59.28
Mage+Priest_vs_Priest+Warlock,Mage+Priest,Priest+Warlock,19,team2,kill,57.85
Mage+Priest_vs_Priest+Hunter,Mage+Priest,Priest+Hunter,0,team2,kill,50.55
Mage+Priest_vs_Priest+Hunter,Mage+Priest,Priest+Hunter,1,team2,kill,61.10
Mage+Priest_vs_Priest+Hunter,Mage+Priest,Priest+Hunter,2,team2,kill,61.80
Mage+Priest_vs_Priest+Hunter,Mage+Priest,Priest+Hunter,3,team1,kill,51.18
Mage+Priest_vs_Priest+Hunter,Mage+Priest,Priest+Hunter,4,team1,kill,51.18
Mage+Priest_vs_Priest+Hunter,Mage+Priest,Priest+Hunter,5,team2,kill,50.50
Mage+Priest_vs_Priest+Hunter,Mage+Priest,Priest+Hunter,6,team2,kill,53.40
Mage+Priest_vs_Priest+Hunter,Mage+Priest,Priest+Hunter,7,team2,kill,46.32
Mage+Priest_vs_Priest+Hunter,Mage+Priest,Priest+Hunter,8,team2,kill,58.37
Mage+Priest_vs_Priest+Hunter,Mage+Priest,Priest+Hunter,9,team2,kill,51.23
Mage+Priest_vs_Priest+Hunter,Mage+Priest,Priest+Hunter,10,team2,kill,48.72
Mage+Priest_vs_Priest+Hunter,Mage+Priest,Priest+Hunter,11,team2,kill,57.97
Mage+Priest_vs_Priest+Hunter,Mage+Priest,Priest+Hunter,12,team2,kill,48.73
Mage+Priest_vs_Priest+Hunter,Mage+Priest,Priest+Hunter,13,team2,kill,51.78
Mage+Priest_vs_Priest+Hunter,Mage+Priest,Priest+Hunter,14,team1,kill,50.57
Mage+Priest_vs_Priest+Hunter,Mage+Priest,Priest+Hunter,15,team2,kill,47.42
Mage+Priest_vs_Priest+Hunter,Mage+Priest,Priest+Hunter,16,team2,kill,62.95
Mage+Priest_vs_Priest+Hunter,Mage+Priest,Priest+Hunter,17,team2,kill,61.42
Mage+Priest_vs_Priest+Hunter,Mage+Priest,Priest+Hunter,18,team2,kill,51.87
Mage+Priest_vs_Priest+Hunter,Mage+Priest,Priest+Hunter,19,team2,kill,59.28
Mage+Priest_vs_Warlock+Paladin,Mage+Priest,Warlock+Paladin,0,team2,kill,75.07
Mage+Priest_vs_Warlock+Paladin,Mage+Priest,Warlock+Paladin,1,team2,kill,64.10
Mage+Priest_vs_Warlock+Paladin,Mage+Priest,Warlock+Paladin,2,team2,kill,75.67
Mage+Priest_vs_Warlock+Paladin,Mage+Priest,Warlock+Paladin,3,team1,kill,60.85
Mage+Priest_vs_Warlock+Paladin,Mage+Priest,Warlock+Paladin,4,team2,kill,65.42
Mage+Priest_vs_Warlock+Paladin,Mage+Priest,Warlock+Paladin,5,team2,kill,63.97
Mage+Priest_vs_Warlock+Paladin,Mage+Priest,Warlock+Paladin,6,team1,kill,61.32
Mage+Priest_vs_Warlock+Paladin,Mage+Priest,Warlock+Paladin,7,team2,kill,36.78
Mage+Priest_vs_Warlock+Paladin,Mage+Priest,Warlock+Paladin,8,team2,kill,38.93
Mage+Priest_vs_Warlock+Paladin,Mage+Priest,Warlock+Paladin,9,team2,kill,71.03
Mage+Priest_vs_Warlock+Paladin,Mage+Priest,Warlock+Paladin,10,team2,kill,37.92
Mage+Priest_vs_Warlock+Paladin,Mage+Priest,Warlock+Paladin,11,team1,kill,71.07
Mage+Priest_vs_Warlock+Paladin,Mage+Priest,Warlock+Paladin,12,team2,kill,78.57
Mage+Priest_vs_Warlock+Paladin,Mage+Priest,Warlock+Paladin,13,team1,kill,103.24
Mage+Priest_vs_Warlock+Paladin,Mage+Priest,Warlock+Paladin,14,team2,kill,75.00
Mage+Priest_vs_Warlock+Paladin,Mage+Priest,Warlock+Paladin,15,team2,kill,81.32
Mage+Priest_vs_Warlock+Paladin,Mage+Priest,Warlock+Paladin,16,team2,kill,76.62
Mage+Priest_vs_Warlock+Paladin,Mage+Priest,Warlock+Paladin,17,team1,kill,75.32
Mage+Priest_vs_Warlock+Paladin,Mage+Priest,Warlock+Paladin,18,team2,kill,125.73
Mage+Priest_vs_Warlock+Paladin,Mage+Priest,Warlock+Paladin,19,team2,kill,60.95
Mage+Priest_vs_Warlock+Hunter,Mage+Priest,Warlock+Hunter,0,team1,kill,24.30
Mage+Priest_vs_Warlock+Hunter,Mage+Priest,Warlock+Hunter,1,team1,kill,24.35
Mage+Priest_vs_Warlock+Hunter,Mage+Priest,Warlock+Hunter,2,team1,kill,22.83
Mage+Priest_vs_Warlock+Hunter,Mage+Priest,Warlock+Hunter,3,team1,kill,24.20
Mage+Priest_vs_Warlock+Hunter,Mage+Priest,Warlock+Hunter,4,team1,kill,24.30
Mage+Priest_vs_Warlock+Hunter,Mage+Priest,Warlock+Hunter,5,team1,kill,24.47
Mage+Priest_vs_Warlock+Hunter,Mage+Priest,Warlock+Hunter,6,team1,kill,24.33
Mage+Priest_vs_Warlock+Hunter,Mage+Priest,Warlock+Hunter,7,team1,kill,24.35
Mage+Priest_vs_Warlock+Hunter,Mage+Priest,Warlock+Hunter,8,team1,kill,24.32
Mage+Priest_vs_Warlock+Hunter,Mage+Priest,Warlock+Hunter,9,team1,kill,24.47
Mage+Priest_vs_Warlock+Hunter,Mage+Priest,Warlock+Hunter,10,team1,kill,24.32
Mage+Priest_vs_Warlock+Hunter,Mage+Priest,Warlock+Hunter,11,team1,kill,24.28
Mage+Priest_vs_Warlock+Hunter,Mage+Priest,Warlock+Hunter,12,team1,kill,24.27
Mage+Priest_vs_Warlock+Hunter,Mage+Priest,Warlock+Hunter,13,team1,kill,24.15
Mage+Priest_vs_Warlock+Hunter,Mage+Priest,Warlock+Hunter,14,team1,kill,24.35
Mage+Priest_vs_Warlock+Hunter,Mage+Priest,Warlock+Hunter,15,team1,kill,24.17
Mage+Priest_vs_Warlock+Hunter,Mage+Priest,Warlock+Hunter,16,team1,kill,24.27
Mage+Priest_vs_Warlock+Hunter,Mage+Priest,Warlock+Hunter,17,team1,kill,24.27
Mage+Priest_vs_Warlock+Hunter,Mage+Priest,Warlock+Hunter,18,team1,kill,24.35
Mage+Priest_vs_Warlock+Hunter,Mage+Priest,Warlock+Hunter,19,team1,kill,24.95
Mage+Priest_vs_Warlock+Shaman,Mage+Priest,Warlock+Shaman,0,team1,kill,18.00
Mage+Priest_vs_Warlock+Shaman,Mage+Priest,Warlock+Shaman,1,team1,kill,19.28
Mage+Priest_vs_Warlock+Shaman,Mage+Priest,Warlock+Shaman,2,team2,kill,65.23
Mage+Priest_vs_Warlock+Shaman,Mage+Priest,Warlock+Shaman,3,team1,kill,62.40
Mage+Priest_vs_Warlock+Shaman,Mage+Priest,Warlock+Shaman,4,team1,kill,34.05
Mage+Priest_vs_Warlock+Shaman,Mage+Priest,Warlock+Shaman,5,team2,kill,67.48
Mage+Priest_vs_Warlock+Shaman,Mage+Priest,Warlock+Shaman,6,team1,kill,37.57
Mage+Priest_vs_Warlock+Shaman,Mage+Priest,Warlock+Shaman,7,team1,kill,28.52
Mage+Priest_vs_Warlock+Shaman,Mage+Priest,Warlock+Shaman,8,team1,kill,37.13
Mage+Priest_vs_Warlock+Shaman,Mage+Priest,Warlock+Shaman,9,team1,kill,61.08
Mage+Priest_vs_Warlock+Shaman,Mage+Priest,Warlock+Shaman,10,team1,kill,36.17
Mage+Priest_vs_Warlock+Shaman,Mage+Priest,Warlock+Shaman,11,team1,kill,27.23
Mage+Priest_vs_Warlock+Shaman,Mage+Priest,Warlock+Shaman,12,team1,kill,56.32
Mage+Priest_vs_Warlock+Shaman,Mage+Priest,Warlock+Shaman,13,team1,kill,29.25
Mage+Priest_vs_Warlock+Shaman,Mage+Priest,Warlock+Shaman,14,team2,kill,67.60
Mage+Priest_vs_Warlock+Shaman,Mage+Priest,Warlock+Shaman,15,team1,kill,28.27
Mage+Priest_vs_Warlock+Shaman,Mage+Priest,Warlock+Shaman,16,team1,kill,17.92
Mage+Priest_vs_Warlock+Shaman,Mage+Priest,Warlock+Shaman,17,team1,kill,38.72
Mage+Priest_vs_Warlock+Shaman,Mage+Priest,Warlock+Shaman,18,team1,kill,22.38
Mage+Priest_vs_Warlock+Shaman,Mage+Priest,Warlock+Shaman,19,team2,kill,71.58
Mage+Priest_vs_Paladin+Hunter,Mage+Priest,Paladin+Hunter,0,team1,kill,80.17
Mage+Priest_vs_Paladin+Hunter,Mage+Priest,Paladin+Hunter,1,team1,kill,40.17
Mage+Priest_vs_Paladin+Hunter,Mage+Priest,Paladin+Hunter,2,team2,kill,83.74
Mage+Priest_vs_Paladin+Hunter,Mage+Priest,Paladin+Hunter,3,team1,kill,80.17
Mage+Priest_vs_Paladin+Hunter,Mage+Priest,Paladin+Hunter,4,team1,kill,32.50
Mage+Priest_vs_Paladin+Hunter,Mage+Priest,Paladin+Hunter,5,team2,kill,36.67
Mage+Priest_vs_Paladin+Hunter,Mage+Priest,Paladin+Hunter,6,team1,kill,80.17
Mage+Priest_vs_Paladin+Hunter,Mage+Priest,Paladin+Hunter,7,team2,kill,58.38
Mage+Priest_vs_Paladin+Hunter,Mage+Priest,Paladin+Hunter,8,team1,kill,77.37
Mage+Priest_vs_Paladin+Hunter,Mage+Priest,Paladin+Hunter,9,team1,kill,77.20
Mage+Priest_vs_Paladin+Hunter,Mage+Priest,Paladin+Hunter,10,team1,kill,40.35
Mage+Priest_vs_Paladin+Hunter,Mage+Priest,Paladin+Hunter,11,team2,kill,53.88
Mage+Priest_vs_Paladin+Hunter,Mage+Priest,Paladin+Hunter,12,team1,kill,38.07
Mage+Priest_vs_Paladin+Hunter,Mage+Priest,Paladin+Hunter,13,team1,kill,80.67
Mage+Priest_vs_Paladin+Hunter,Mage+Priest,Paladin+Hunter,14,team1,kill,61.60
Mage+Priest_vs_Paladin+Hunter,Mage+Priest,Paladin+Hunter,15,team2,kill,35.53
Mage+Priest_vs_Paladin+Hunter,Mage+Priest,Paladin+Hunter,16,team1,kill,49.33
Mage+Priest_vs_Paladin+Hunter,Mage+Priest,Paladin+Hunter,17,team1,kill,80.17
Mage+Priest_vs_Paladin+Hunter,Mage+Priest,Paladin+Hunter,18,team2,kill,74.23
Mage+Priest_vs_Paladin+Hunter,Mage+Priest,Paladin+Hunter,19,team1,kill,60.17
Mage+Priest_vs_Hunter+Shaman,Mage+Priest,Hunter+Shaman,0,team1,kill,22.25
Mage+Priest_vs_Hunter+Shaman,Mage+Priest,Hunter+Shaman,1,team1,kill,52.83
Mage+Priest_vs_Hunter+Shaman,Mage+Priest,Hunter+Shaman,2,team1,kill,63.95
Mage+Priest_vs_Hunter+Shaman,Mage+Priest,Hunter+Shaman,3,team1,kill,76.57
Mage+Priest_vs_Hunter+Shaman,Mage+Priest,Hunter+Shaman,4,team1,kill,28.28
Mage+Priest_vs_Hunter+Shaman,Mage+Priest,Hunter+Shaman,5,team1,kill,68.15
Mage+Priest_vs_Hunter+Shaman,Mage+Priest,Hunter+Shaman,6,team1,kill,30.03
Mage+Priest_vs_Hunter+Shaman,Mage+Priest,Hunter+Shaman,7,team1,kill,34.63
Mage+Priest_vs_Hunter+Shaman,Mage+Priest,Hunter+Shaman,8,team1,kill,28.28
Mage+Priest_vs_Hunter+Shaman,Mage+Priest,Hunter+Shaman,9,team1,kill,22.22
Mage+Priest_vs_Hunter+Shaman,Mage+Priest,Hunter+Shaman,10,team1,kill,30.77
Mage+Priest_vs_Hunter+Shaman,Mage+Priest,Hunter+Shaman,11,team1,kill,40.92
Mage+Priest_vs_Hunter+Shaman,Mage+Priest,Hunter+Shaman,12,team1,kill,28.47
Mage+Priest_vs_Hunter+Shaman,Mage+Priest,Hunter+Shaman,13,team1,kill,60.72
Mage+Priest_vs_Hunter+Shaman,Mage+Priest,Hunter+Shaman,14,team2,kill,36.42
Mage+Priest_vs_Hunter+Shaman,Mage+Priest,Hunter+Shaman,15,team1,kill,26.85
Mage+Priest_vs_Hunter+Shaman,Mage+Priest,Hunter+Shaman,16,team1,kill,29.42
Mage+Priest_vs_Hunter+Shaman,Mage+Priest,Hunter+Shaman,17,team2,kill,55.20
Mage+Priest_vs_Hunter+Shaman,Mage+Priest,Hunter+Shaman,18,team1,kill,77.65
Mage+Priest_vs_Hunter+Shaman,Mage+Priest,Hunter+Shaman,19,team1,kill,26.85
Mage+Warlock_vs_Warrior+Mage,Mage+Warlock,Warrior+Mage,0,team1,kill,18.98
Mage+Warlock_vs_Warrior+Mage,Mage+Warlock,Warrior+Mage,1,team1,kill,19.28
Mage+Warlock_vs_Warrior+Mage,Mage+Warlock,Warrior+Mage,2,team1,kill,19.08
Mage+Warlock_vs_Warrior+Mage,Mage+Warlock,Warrior+Mage,3,team1,kill,19.03
Mage+Warlock_vs_Warrior+Mage,Mage+Warlock,Warrior+Mage,4,team1,kill,14.80
Mage+Warlock_vs_Warrior+Mage,Mage+Warlock,Warrior+Mage,5,team1,kill,19.10
Mage+Warlock_vs_Warrior+Mage,Mage+Warlock,Warrior+Mage,6,team1,kill,17.42
Mage+Warlock_vs_Warrior+Mage,Mage+Warlock,Warrior+Mage,7,team1,kill,17.43
Mage+Warlock_vs_Warrior+Mage,Mage+Warlock,Warrior+Mage,8,team1,kill,19.15
Mage+Warlock_vs_Warrior+Mage,Mage+Warlock,Warrior+Mage,9,team1,kill,19.47
Mage+Warlock_vs_Warrior+Mage,Mage+Warlock,Warrior+Mage,10,team1,kill,19.12
Mage+Warlock_vs_Warrior+Mage,Mage+Warlock,Warrior+Mage,11,team1,kill,19.00
Mage+Warlock_vs_Warrior+Mage,Mage+Warlock,Warrior+Mage,12,team1,kill,18.28
Mage+Warlock_vs_Warrior+Mage,Mage+Warlock,Warrior+Mage,13,team1,kill,19.45
Mage+Warlock_vs_Warrior+Mage,Mage+Warlock,Warrior+Mage,14,team1,kill,18.92
Mage+Warlock_vs_Warrior+Mage,Mage+Warlock,Warrior+Mage,15,team1,kill,18.93
Mage+Warlock_vs_Warrior+Mage,Mage+Warlock,Warrior+Mage,16,team1,kill,19.08
Mage+Warlock_vs_Warrior+Mage,Mage+Warlock,Warrior+Mage,17,team1,kill,17.50
Mage+Warlock_vs_Warrior+Mage,Mage+Warlock,Warrior+Mage,18,team1,kill,19.07
Mage+Warlock_vs_Warrior+Mage,Mage+Warlock,Warrior+Mage,19,team1,kill,19.00
Mage+Warlock_vs_Warrior+Rogue,Mage+Warlock,Warrior+Rogue,0,team2,kill,23.27
Mage+Warlock_vs_Warrior+Rogue,Mage+Warlock,Warrior+Rogue,1,team1,kill,26.85
Mage+Warlock_vs_Warrior+Rogue,Mage+Warlock,Warrior+Rogue,2,team2,kill,24.00
Mage+Warlock_vs_Warrior+Rogue,Mage+Warlock,Warrior+Rogue,3,team1,kill,26.85
Mage+Warlock_vs_Warrior+Rogue,Mage+Warlock,Warrior+Rogue,4,team2,kill,25.27
Mage+Warlock_vs_Warrior+Rogue,Mage+Warlock,Warrior+Rogue,5,team1,kill,27.10
Mage+Warlock_vs_Warrior+Rogue,Mage+Warlock,Warrior+Rogue,6,team1,kill,26.85
Mage+Warlock_vs_Warrior+Rogue,Mage+Warlock,Warrior+Rogue,7,team2,kill,24.90
Mage+Warlock_vs_Warrior+Rogue,Mage+Warlock,Warrior+Rogue,8,team2,kill,25.27
Mage+Warlock_vs_Warrior+Rogue,Mage+Warlock,Warrior+Rogue,9,team1,kill,20.63
Mage+Warlock_vs_Warrior+Rogue,Mage+Warlock,Warrior+Rogue,10,team2,kill,25.27
Mage+Warlock_vs_Warrior+Rogue,Mage+Warlock,Warrior+Rogue,11,team1,kill,27.10
Mage+Warlock_vs_Warrior+Rogue,Mage+Warlock,Warrior+Rogue,12,team2,kill,23.27
Mage+Warlock_vs_Warrior+Rogue,Mage+Warlock,Warrior+Rogue,13,team1,kill,26.85
Mage+Warlock_vs_Warrior+Rogue,Mage+Warlock,Warrior+Rogue,14,team2,kill,25.27
Mage+Warlock_vs_Warrior+Rogue,Mage+Warlock,Warrior+Rogue,15,team2,kill,22.35
Mage+Warlock_vs_Warrior+Rogue,Mage+Warlock,Warrior+Rogue,16,team1,kill,26.85
Mage+Warlock_vs_Warrior+Rogue,Mage+Warlock,Warrior+Rogue,17,team2,kill,26.62
Mage+Warlock_vs_Warrior+Rogue,Mage+Warlock,Warrior+Rogue,18,team2,kill,24.00
Mage+Warlock_vs_Warrior+Rogue,Mage+Warlock,Warrior+Rogue,19,team2,kill,23.27
Mage+Warlock_vs_Warrior+Priest,Mage+Warlock,Warrior+Priest,0,team1,kill,27.52
Mage+Warlock_vs_Warrior+Priest,Mage+Warlock,Warrior+Priest,1,team1,kill,31.08
Mage+Warlock_vs_Warrior+Priest,Mage+Warlock,Warrior+Priest,2,team2,kill,30.95
Mage+Warlock_vs_Warrior+Priest,Mage+Warlock,Warrior+Priest,3,team1,kill,31.82
Mage+Warlock_vs_Warrior+Priest,Mage+Warlock,Warrior+Priest,4,team1,kill,31.95
Mage+Warlock_vs_Warrior+Priest,Mage+Warlock,Warrior+Priest,5,team1,kill,31.85
Mage+Warlock_vs_Warrior+Priest,Mage+Warlock,Warrior+Priest,6,team1,kill,31.95
Mage+Warlock_vs_Warrior+Priest,Mage+Warlock,Warrior+Priest,7,team2,kill,27.92
Mage+Warlock_vs_Warrior+Priest,Mage+Warlock,Warrior+Priest,8,team1,kill,31.85
Mage+Warlock_vs_Warrior+Priest,Mage+Warlock,Warrior+Priest,9,team1,kill,31.85
Mage+Warlock_vs_Warrior+Priest,Mage+Warlock,Warrior+Priest,10,team1,kill,31.60
Mage+Warlock_vs_Warrior+Priest,Mage+Warlock,Warrior+Priest,11,team1,kill,28.20
Mage+Warlock_vs_Warrior+Priest,Mage+Warlock,Warrior+Priest,12,team2,kill,35.12
Mage+Warlock_vs_Warrior+Priest,Mage+Warlock,Warrior+Priest,13,team1,kill,29.57
Mage+Warlock_vs_Warrior+Priest,Mage+Warlock,Warrior+Priest,14,team1,kill,31.48
Mage+Warlock_vs_Warrior+Priest,Mage+Warlock,Warrior+Priest,15,team1,kill,24.97
Mage+Warlock_vs_Warrior+Priest,Mage+Warlock,Warrior+Priest,16,team1,kill,31.08
Mage+Warlock_vs_Warrior+Priest,Mage+Warlock,Warrior+Priest,17,team1,kill,31.85
Mage+Warlock_vs_Warrior+Priest,Mage+Warlock,Warrior+Priest,18,team2,kill,24.88
Mage+Warlock_vs_Warrior+Priest,Mage+Warlock,Warrior+Priest,19,team1,kill,31.95
Mage+Warlock_vs_Warrior+Warlock,Mage+Warlock,Warrior+Warlock,0,team1,kill,18.93
Mage+Warlock_vs_Warrior+Warlock,Mage+Warlock,Warrior+Warlock,1,team1,kill,18.03
Mage+Warlock_vs_Warrior+Warlock,Mage+Warlock,Warrior+Warlock,2,team1,kill,19.60
Mage+Warlock_vs_Warrior+Warlock,Mage+Warlock,Warrior+Warlock,3,team1,kill,19.58
Mage+Warlock_vs_Warrior+Warlock,Mage+Warlock,Warrior+Warlock,4,team1,kill,16.60
Mage+Warlock_vs_Warrior+Warlock,Mage+Warlock,Warrior+Warlock,5,team1,kill,19.42
Mage+Warlock_vs_Warrior+Warlock,Mage+Warlock,Warrior+Warlock,6,team1,kill,18.15
Mage+Warlock_vs_Warrior+Warlock,Mage+Warlock,Warrior+Warlock,7,team1,kill,19.75
Mage+Warlock_vs_Warrior+Warlock,Mage+Warlock,Warrior+Warlock,8,team1,kill,20.78
Mage+Warlock_vs_Warrior+Warlock,Mage+Warlock,Warrior+Warlock,9,team1,kill,18.30
Mage+Warlock_vs_Warrior+Warlock,Mage+Warlock,Warrior+Warlock,10,team1,kill,18.30
Mage+Warlock_vs_Warrior+Warlock,Mage+Warlock,Warrior+Warlock,11,team1,kill,19.58
Mage+Warlock_vs_Warrior+Warlock,Mage+Warlock,Warrior+Warlock,12,team1,kill,19.32
Mage+Warlock_vs_Warrior+Warlock,Mage+Warlock,Warrior+Warlock,13,team1,kill,16.60
Mage+Warlock_vs_Warrior+Warlock,Mage+Warlock,Warrior+Warlock,14,team1,kill,19.58
Mage+Warlock_vs_Warrior+Warlock,Mage+Warlock,Warrior+Warlock,15,team1,kill,18.30
Mage+Warlock_vs_Warrior+Warlock,Mage+Warlock,Warrior+Warlock,16,team1,kill,18.15
Mage+Warlock_vs_Warrior+Warlock,Mage+Warlock,Warrior+Warlock,17,team1,kill,18.70
Mage+Warlock_vs_Warrior+Warlock,Mage+Warlock,Warrior+Warlock,18,team1,kill,19.57
Mage+Warlock_vs_Warrior+Warlock,Mage+Warlock,Warrior+Warlock,19,team1,kill,19.20
Mage+Warlock_vs_Warrior+Paladin,Mage+Warlock,Warrior+Paladin,0,team1,kill,51.22
Mage+Warlock_vs_Warrior+Paladin,Mage+Warlock,Warrior+Paladin,1,team1,kill,65.97
Mage+Warlock_vs_Warrior+Paladin,Mage+Warlock,Warrior+Paladin,2,team1,kill,65.72
Mage+Warlock_vs_Warrior+Paladin,Mage+Warlock,Warrior+Paladin,3,team1,kill,58.10
Mage+Warlock_vs_Warrior+Paladin,Mage+Warlock,Warrior+Paladin,4,team2,kill,55.53
Mage+Warlock_vs_Warrior+Paladin,Mage+Warlock,Warrior+Paladin,5,team2,kill,41.17
Mage+Warlock_vs_Warrior+Paladin,Mage+Warlock,Warrior+Paladin,6,team2,kill,55.42
Mage+Warlock_vs_Warrior+Paladin,Mage+Warlock,Warrior+Paladin,7,team2,kill,67.68
Mage+Warlock_vs_Warrior+Paladin,Mage+Warlock,Warrior+Paladin,8,team2,kill,31.92
Mage+Warlock_vs_Warrior+Paladin,Mage+Warlock,Warrior+Paladin,9,team2,kill,31.43
Mage+Warlock_vs_Warrior+Paladin,Mage+Warlock,Warrior+Paladin,10,team2,kill,76.55
Mage+Warlock_vs_Warrior+Paladin,Mage+Warlock,Warrior+Paladin,11,team2,kill,73.73
Mage+Warlock_vs_Warrior+Paladin,Mage+Warlock,Warrior+Paladin,12,team2,kill,73.30
Mage+Warlock_vs_Warrior+Paladin,Mage+Warlock,Warrior+Paladin,13,team2,kill,39.73
Mage+Warlock_vs_Warrior+Paladin,Mage+Warlock,Warrior+Paladin,14,team2,kill,61.88
Mage+Warlock_vs_Warrior+Paladin,Mage+Warlock,Warrior+Paladin,15,team2,kill,37.08
Mage+Warlock_vs_Warrior+Paladin,Mage+Warlock,Warrior+Paladin,16,team2,kill,33.05
Mage+Warlock_vs_Warrior+Paladin,Mage+Warlock,Warrior+Paladin,17,team1,kill,46.92
Mage+Warlock_vs_Warrior+Paladin,Mage+Warlock,Warrior+Paladin,18,team2,kill,34.10
Mage+Warlock_vs_Warrior+Paladin,Mage+Warlock,Warrior+Paladin,19,team2,kill,41.87
Mage+Warlock_vs_Warrior+Hunter,Mage+Warlock,Warrior+Hunter,0,team1,kill,19.75
Mage+Warlock_vs_Warrior+Hunter,Mage+Warlock,Warrior+Hunter,1,team1,kill,19.75
Mage+Warlock_vs_Warrior+Hunter,Mage+Warlock,Warrior+Hunter,2,team1,kill,20.88
Mage+Warlock_vs_Warrior+Hunter,Mage+Warlock,Warrior+Hunter,3,team1,kill,19.72
Mage+Warlock_vs_Warrior+Hunter,Mage+Warlock,Warrior+Hunter,4,team1,kill,19.72
Mage+Warlock_vs_Warrior+Hunter,Mage+Warlock,Warrior+Hunter,5,team1,kill,19.78
Mage+Warlock_vs_Warrior+Hunter,Mage+Warlock,Warrior+Hunter,6,team1,kill,19.72
Mage+Warlock_vs_Warrior+Hunter,Mage+Warlock,Warrior+Hunter,7,team1,kill,18.32
Mage+Warlock_vs_Warrior+Hunter,Mage+Warlock,Warrior+Hunter,8,team1,kill,19.78
Mage+Warlock_vs_Warrior+Hunter,Mage+Warlock,Warrior+Hunter,9,team2,kill,18.58
Mage+Warlock_vs_Warrior+Hunter,Mage+Warlock,Warrior+Hunter,10,team1,kill,20.88
Mage+Warlock_vs_Warrior+Hunter,Mage+Warlock,Warrior+Hunter,11,team1,kill,19.72
Mage+Warlock_vs_Warrior+Hunter,Mage+Warlock,Warrior+Hunter,12,team1,kill,19.75
Mage+Warlock_vs_Warrior+Hunter,Mage+Warlock,Warrior+Hunter,13,team1,kill,18.27
Mage+Warlock_vs_Warrior+Hunter,Mage+Warlock,Warrior+Hunter,14,team1,kill,19.75
Mage+Warlock_vs_Warrior+Hunter,Mage+Warlock,Warrior+Hunter,15,team1,kill,19.75
Mage+Warlock_vs_Warrior+Hunter,Mage+Warlock,Warrior+Hunter,16,team1,kill,19.78
Mage+Warlock_vs_Warrior+Hunter,Mage+Warlock,Warrior+Hunter,17,team2,kill,19.92
Mage+Warlock_vs_Warrior+Hunter,Mage+Warlock,Warrior+Hunter,18,team1,kill,19.72
Mage+Warlock_vs_Warrior+Hunter,Mage+Warlock,Warrior+Hunter,19,team1,kill,18.27
Mage+Warlock_vs_Warrior+Shaman,Mage+Warlock,Warrior+Shaman,0,team1,kill,25.72
Mage+Warlock_vs_Warrior+Shaman,Mage+Warlock,Warrior+Shaman,1,team1,kill,27.83
Mage+Warlock_vs_Warrior+Shaman,Mage+Warlock,Warrior+Shaman,2,team1,kill,33.58
Mage+Warlock_vs_Warrior+Shaman,Mage+Warlock,Warrior+Shaman,3,team1,kill,31.08
Mage+Warlock_vs_Warrior+Shaman,Mage+Warlock,Warrior+Shaman,4,team1,kill,24.07
Mage+Warlock_vs_Warrior+Shaman,Mage+Warlock,Warrior+Shaman,5,team1,kill,24.52
Mage+Warlock_vs_Warrior+Shaman,Mage+Warlock,Warrior+Shaman,6,team2,kill,27.42
Mage+Warlock_vs_Warrior+Shaman,Mage+Warlock,Warrior+Shaman,7,team1,kill,24.25
Mage+Warlock_vs_Warrior+Shaman,Mage+Warlock,Warrior+Shaman,8,team1,kill,27.77
Mage+Warlock_vs_Warrior+Shaman,Mage+Warlock,Warrior+Shaman,9,team1,kill,27.83
Mage+Warlock_vs_Warrior+Shaman,Mage+Warlock,Warrior+Shaman,10,team1,kill,23.90
Mage+Warlock_vs_Warrior+Shaman,Mage+Warlock,Warrior+Shaman,11,team1,kill,34.38
Mage+Warlock_vs_Warrior+Shaman,Mage+Warlock,Warrior+Shaman,12,team1,kill,24.68
Mage+Warlock_vs_Warrior+Shaman,Mage+Warlock,Warrior+Shaman,13,team1,kill,26.75
Mage+Warlock_vs_Warrior+Shaman,Mage+Warlock,Warrior+Shaman,14,team2,kill,28.47
Mage+Warlock_vs_Warrior+Shaman,Mage+Warlock,Warrior+Shaman,15,team1,kill,27.83
Mage+Warlock_vs_Warrior+Shaman,Mage+Warlock,Warrior+Shaman,16,team1,kill,33.58
Mage+Warlock_vs_Warrior+Shaman,Mage+Warlock,Warrior+Shaman,17,team1,kill,24.08
Mage+Warlock_vs_Warrior+Shaman,Mage+Warlock,Warrior+Shaman,18,team1,kill,31.07
Mage+Warlock_vs_Warrior+Shaman,Mage+Warlock,Warrior+Shaman,19,team1,kill,24.58
Mage+Warlock_vs_Mage+Rogue,Mage+Warlock,Mage+Rogue,0,team1,kill,17.38
Mage+Warlock_vs_Mage+Rogue,Mage+Warlock,Mage+Rogue,1,team1,kill,17.42
Mage+Warlock_vs_Mage+Rogue,Mage+Warlock,Mage+Rogue,2,team1,kill,17.20
Mage+Warlock_vs_Mage+Rogue,Mage+Warlock,Mage+Rogue,3,team1,kill,17.23
Mage+Warlock_vs_Mage+Rogue,Mage+Warlock,Mage+Rogue,4,team1,kill,17.28
Mage+Warlock_vs_Mage+Rogue,Mage+Warlock,Mage+Rogue,5,team1,kill,17.15
Mage+Warlock_vs_Mage+Rogue,Mage+Warlock,Mage+Rogue,6,team1,kill,17.40
Mage+Warlock_vs_Mage+Rogue,Mage+Warlock,Mage+Rogue,7,team1,kill,17.42
Mage+Warlock_vs_Mage+Rogue,Mage+Warlock,Mage+Rogue,8,team1,kill,15.73
Mage+Warlock_vs_Mage+Rogue,Mage+Warlock,Mage+Rogue,9,team1,kill,17.23
Mage+Warlock_vs_Mage+Rogue,Mage+Warlock,Mage+Rogue,10,team1,kill,17.42
Mage+Warlock_vs_Mage+Rogue,Mage+Warlock,Mage+Rogue,11,team1,kill,17.13
Mage+Warlock_vs_Mage+Rogue,Mage+Warlock,Mage+Rogue,12,team1,kill,16.52
Mage+Warlock_vs_Mage+Rogue,Mage+Warlock,Mage+Rogue,13,team1,kill,16.40
Mage+Warlock_vs_Mage+Rogue,Mage+Warlock,Mage+Rogue,14,team1,kill,17.27
Mage+Warlock_vs_Mage+Rogue,Mage+Warlock,Mage+Rogue,15,team1,kill,17.42
Mage+Warlock_vs_Mage+Rogue,Mage+Warlock,Mage+Rogue,16,team1,kill,16.40
Mage+Warlock_vs_Mage+Rogue,Mage+Warlock,Mage+Rogue,17,team1,kill,17.35
Mage+Warlock_vs_Mage+Rogue,Mage+Warlock,Mage+Rogue,18,team1,kill,17.40
Mage+Warlock_vs_Mage+Rogue,Mage+Warlock,Mage+Rogue,19,team1,kill,17.80
Mage+Warlock_vs_Mage+Priest,Mage+Warlock,Mage+Priest,0,team2,kill,21.57
Mage+Warlock_vs_Mage+Priest,Mage+Warlock,Mage+Priest,1,team2,kill,31.65
Mage+Warlock_vs_Mage+Priest,Mage+Warlock,Mage+Priest,2,team2,kill,25.10
Mage+Warlock_vs_Mage+Priest,Mage+Warlock,Mage+Priest,3,team2,kill,23.95
Mage+Warlock_vs_Mage+Priest,Mage+Warlock,Mage+Priest,4,team2,kill,31.55
Mage+Warlock_vs_Mage+Priest,Mage+Warlock,Mage+Priest,5,team2,kill,25.97
Mage+Warlock_vs_Mage+Priest,Mage+Warlock,Mage+Priest,6,team2,kill,24.38
Mage+Warlock_vs_Mage+Priest,Mage+Warlock,Mage+Priest,7,team2,kill,28.03
Mage+Warlock_vs_Mage+Priest,Mage+Warlock,Mage+Priest,8,team2,kill,23.57
Mage+Warlock_vs_Mage+Priest,Mage+Warlock,Mage+Priest,9,team2,kill,25.18
Mage+Warlock_vs_Mage+Priest,Mage+Warlock,Mage+Priest,10,team2,kill,23.90
Mage+Warlock_vs_Mage+Priest,Mage+Warlock,Mage+Priest,11,team2,kill,25.90
Mage+Warlock_vs_Mage+Priest,Mage+Warlock,Mage+Priest,12,team2,kill,25.87
Mage+Warlock_vs_Mage+Priest,Mage+Warlock,Mage+Priest,13,team2,kill,24.60
Mage+Warlock_vs_Mage+Priest,Mage+Warlock,Mage+Priest,14,team2,kill,23.90
Mage+Warlock_vs_Mage+Priest,Mage+Warlock,Mage+Priest,15,team2,kill,24.73
Mage+Warlock_vs_Mage+Priest,Mage+Warlock,Mage+Priest,16,team2,kill,28.23
Mage+Warlock_vs_Mage+Priest,Mage+Warlock,Mage+Priest,17,team2,kill,33.43
Mage+Warlock_vs_Mage+Priest,Mage+Warlock,Mage+Priest,18,team2,kill,28.00
Mage+Warlock_vs_Mage+Priest,Mage+Warlock,Mage+Priest,19,team2,kill,24.37
Mage+Warlock_vs_Mage+Warlock,Mage+Warlock,Mage+Warlock,0,draw,kill,18.77
Mage+Warlock_vs_Mage+Warlock,Mage+Warlock,Mage+Warlock,1,team2,kill,16.75
Mage+Warlock_vs_Mage+Warlock,Mage+Warlock,Mage+Warlock,2,team2,kill,17.42
Mage+Warlock_vs_Mage+Warlock,Mage+Warlock,Mage+Warlock,3,draw,kill,18.77
Mage+Warlock_vs_Mage+Warlock,Mage+Warlock,Mage+Warlock,4,team1,kill,17.42
Mage+Warlock_vs_Mage+Warlock,Mage+Warlock,Mage+Warlock,5,team1,kill,17.97
Mage+Warlock_vs_Mage+Warlock,Mage+Warlock,Mage+Warlock,6,team1,kill,16.97
Mage+Warlock_vs_Mage+Warlock,Mage+Warlock,Mage+Warlock,7,team2,kill,17.42
Mage+Warlock_vs_Mage+Warlock,Mage+Warlock,Mage+Warlock,8,draw,kill,18.77
Mage+Warlock_vs_Mage+Warlock,Mage+Warlock,Mage+Warlock,9,team1,kill,16.75
Mage+Warlock_vs_Mage+Warlock,Mage+Warlock,Mage+Warlock,10,team1,kill,16.75
Mage+Warlock_vs_Mage+Warlock,Mage+Warlock,Mage+Warlock,11,team2,kill,17.42
Mage+Warlock_vs_Mage+Warlock,Mage+Warlock,Mage+Warlock,12,team1,kill,17.28
Mage+Warlock_vs_Mage+Warlock,Mage+Warlock,Mage+Warlock,13,team1,kill,18.13
Mage+Warlock_vs_Mage+Warlock,Mage+Warlock,Mage+Warlock,14,team2,kill,16.75
Mage+Warlock_vs_Mage+Warlock,Mage+Warlock,Mage+Warlock,15,team1,kill,16.75
Mage+Warlock_vs_Mage+Warlock,Mage+Warlock,Mage+Warlock,16,team1,kill,17.97
Mage+Warlock_vs_Mage+Warlock,Mage+Warlock,Mage+Warlock,17,team1,kill,17.42
Mage+Warlock_vs_Mage+Warlock,Mage+Warlock,Mage+Warlock,18,team2,kill,17.42
Mage+Warlock_vs_Mage+Warlock,Mage+Warlock,Mage+Warlock,19,draw,kill,18.77
Mage+Warlock_vs_Mage+Paladin,Mage+Warlock,Mage+Paladin,0,team1,kill,47.03
Mage+Warlock_vs_Mage+Paladin,Mage+Warlock,Mage+Paladin,1,team1,kill,43.03
Mage+Warlock_vs_Mage+Paladin,Mage+Warlock,Mage+Paladin,2,team1,kill,54.15
Mage+Warlock_vs_Mage+Paladin,Mage+Warlock,Mage+Paladin,3,team2,kill,84.77
Mage+Warlock_vs_Mage+Paladin,Mage+Warlock,Mage+Paladin,4,team1,kill,39.78
Mage+Warlock_vs_Mage+Paladin,Mage+Warlock,Mage+Paladin,5,team1,kill,50.45
Mage+Warlock_vs_Mage+Paladin,Mage+Warlock,Mage+Paladin,6,team2,kill,41.35
Mage+Warlock_vs_Mage+Paladin,Mage+Warlock,Mage+Paladin,7,team1,kill,55.27
Mage+Warlock_vs_Mage+Paladin,Mage+Warlock,Mage+Paladin,8,team1,kill,46.95
Mage+Warlock_vs_Mage+Paladin,Mage+Warlock,Mage+Paladin,9,team2,kill,69.30
Mage+Warlock_vs_Mage+Paladin,Mage+Warlock,Mage+Paladin,10,team2,kill,39.87
Mage+Warlock_vs_Mage+Paladin,Mage+Warlock,Mage+Paladin,11,team2,kill,43.92
Mage+Warlock_vs_Mage+Paladin,Mage+Warlock,Mage+Paladin,12,team2,kill,39.82
Mage+Warlock_vs_Mage+Paladin,Mage+Warlock,Mage+Paladin,13,team2,kill,65.18
Mage+Warlock_vs_Mage+Paladin,Mage+Warlock,Mage+Paladin,14,team1,kill,57.15
Mage+Warlock_vs_Mage+Paladin,Mage+Warlock,Mage+Paladin,15,team1,kill,52.48
Mage+Warlock_vs_Mage+Paladin,Mage+Warlock,Mage+Paladin,16,team2,kill,41.60
Mage+Warlock_vs_Mage+Paladin,Mage+Warlock,Mage+Paladin,17,team2,kill,25.40
Mage+Warlock_vs_Mage+Paladin,Mage+Warlock,Mage+Paladin,18,team2,kill,28.95
Mage+Warlock_vs_Mage+Paladin,Mage+Warlock,Mage+Paladin,19,team2,kill,36.47
Mage+Warlock_vs_Mage+Hunter,Mage+Warlock,Mage+Hunter,0,team1,kill,16.23
Mage+Warlock_vs_Mage+Hunter,Mage+Warlock,Mage+Hunter,1,team1,kill,16.03
Mage+Warlock_vs_Mage+Hunter,Mage+Warlock,Mage+Hunter,2,team1,kill,14.80
Mage+Warlock_vs_Mage+Hunter,Mage+Warlock,Mage+Hunter,3,team1,kill,16.23
Mage+Warlock_vs_Mage+Hunter,Mage+Warlock,Mage+Hunter,4,team1,kill,16.23
Mage+Warlock_vs_Mage+Hunter,Mage+Warlock,Mage+Hunter,5,team1,kill,14.83
Mage+Warlock_vs_Mage+Hunter,Mage+Warlock,Mage+Hunter,6,team1,kill,14.67
Mage+Warlock_vs_Mage+Hunter,Mage+Warlock,Mage+Hunter,7,team1,kill,14.78
Mage+Warlock_vs_Mage+Hunter,Mage+Warlock,Mage+Hunter,8,team1,kill,16.15
Mage+Warlock_vs_Mage+Hunter,Mage+Warlock,Mage+Hunter,9,team1,kill,16.10
Mage+Warlock_vs_Mage+Hunter,Mage+Warlock,Mage+Hunter,10,team1,kill,15.23
Mage+Warlock_vs_Mage+Hunter,Mage+Warlock,Mage+Hunter,11,team1,kill,16.08
Mage+Warlock_vs_Mage+Hunter,Mage+Warlock,Mage+Hunter,12,team1,kill,16.23
Mage+Warlock_vs_Mage+Hunter,Mage+Warlock,Mage+Hunter,13,team1,kill,13.40
Mage+Warlock_vs_Mage+Hunter,Mage+Warlock,Mage+Hunter,14,team1,kill,16.08
Mage+Warlock_vs_Mage+Hunter,Mage+Warlock,Mage+Hunter,15,team1,kill,16.08
Mage+Warlock_vs_Mage+Hunter,Mage+Warlock,Mage+Hunter,16,team1,kill,15.23
Mage+Warlock_vs_Mage+Hunter,Mage+Warlock,Mage+Hunter,17,team1,kill,16.10
Mage+Warlock_vs_Mage+Hunter,Mage+Warlock,Mage+Hunter,18,team1,kill,13.40
Mage+Warlock_vs_Mage+Hunter,Mage+Warlock,Mage+Hunter,19,team1,kill,16.23
Mage+Warlock_vs_Mage+Shaman,Mage+Warlock,Mage+Shaman,0,team2,kill,31.57
Mage+Warlock_vs_Mage+Shaman,Mage+Warlock,Mage+Shaman,1,team2,kill,19.08
Mage+Warlock_vs_Mage+Shaman,Mage+Warlock,Mage+Shaman,2,team1,kill,18.97
Mage+Warlock_vs_Mage+Shaman,Mage+Warlock,Mage+Shaman,3,team2,kill,25.58
Mage+Warlock_vs_Mage+Shaman,Mage+Warlock,Mage+Shaman,4,team2,kill,28.52
Mage+Warlock_vs_Mage+Shaman,Mage+Warlock,Mage+Shaman,5,team2,kill,31.32
Mage+Warlock_vs_Mage+Shaman,Mage+Warlock,Mage+Shaman,6,team2,kill,26.57
Mage+Warlock_vs_Mage+Shaman,Mage+Warlock,Mage+Shaman,7,team2,kill,23.95
Mage+Warlock_vs_Mage+Shaman,Mage+Warlock,Mage+Shaman,8,team1,kill,19.18
Mage+Warlock_vs_Mage+Shaman,Mage+Warlock,Mage+Shaman,9,team2,kill,32.12
Mage+Warlock_vs_Mage+Shaman,Mage+Warlock,Mage+Shaman,10,team2,kill,24.52
Mage+Warlock_vs_Mage+Shaman,Mage+Warlock,Mage+Shaman,11,team2,kill,30.70
Mage+Warlock_vs_Mage+Shaman,Mage+Warlock,Mage+Shaman,12,team2,kill,30.60
Mage+Warlock_vs_Mage+Shaman,Mage+Warlock,Mage+Shaman,13,team2,kill,26.08
Mage+Warlock_vs_Mage+Shaman,Mage+Warlock,Mage+Shaman,14,team2,kill,20.55
Mage+Warlock_vs_Mage+Shaman,Mage+Warlock,Mage+Shaman,15,team2,kill,20.93
Mage+Warlock_vs_Mage+Shaman,Mage+Warlock,Mage+Shaman,16,team2,kill,30.62
Mage+Warlock_vs_Mage+Shaman,Mage+Warlock,Mage+Shaman,17,team2,kill,28.88
Mage+Warlock_vs_Mage+Shaman,Mage+Warlock,Mage+Shaman,18,team2,kill,25.48
Mage+Warlock_vs_Mage+Shaman,Mage+Warlock,Mage+Shaman,19,team2,kill,30.00
Mage+Warlock_vs_Rogue+Priest,Mage+Warlock,Rogue+Priest,0,team2,kill,33.80
Mage+Warlock_vs_Rogue+Priest,Mage+Warlock,Rogue+Priest,1,team2,kill,28.40
Mage+Warlock_vs_Rogue+Priest,Mage+Warlock,Rogue+Priest,2,team1,kill,29.87
Mage+Warlock_vs_Rogue+Priest,Mage+Warlock,Rogue+Priest,3,team2,kill,29.98
Mage+Warlock_vs_Rogue+Priest,Mage+Warlock,Rogue+Priest,4,team2,kill,39.67
Mage+Warlock_vs_Rogue+Priest,Mage+Warlock,Rogue+Priest,5,team2,kill,30.40
Mage+Warlock_vs_Rogue+Priest,Mage+Warlock,Rogue+Priest,6,team2,kill,30.40
Mage+Warlock_vs_Rogue+Priest,Mage+Warlock,Rogue+Priest,7,team2,kill,27.70
Mage+Warlock_vs_Rogue+Priest,Mage+Warlock,Rogue+Priest,8,team2,kill,28.27
Mage+Warlock_vs_Rogue+Priest,Mage+Warlock,Rogue+Priest,9,team2,kill,28.65
Mage+Warlock_vs_Rogue+Priest,Mage+Warlock,Rogue+Priest,10,team2,kill,32.40
Mage+Warlock_vs_Rogue+Priest,Mage+Warlock,Rogue+Priest,11,team2,kill,28.40
Mage+Warlock_vs_Rogue+Priest,Mage+Warlock,Rogue+Priest,12,team2,kill,22.85
Mage+Warlock_vs_Rogue+Priest,Mage+Warlock,Rogue+Priest,13,team2,kill,27.70
Mage+Warlock_vs_Rogue+Priest,Mage+Warlock,Rogue+Priest,14,team2,kill,32.40
Mage+Warlock_vs_Rogue+Priest,Mage+Warlock,Rogue+Priest,15,team2,kill,30.40
Mage+Warlock_vs_Rogue+Priest,Mage+Warlock,Rogue+Priest,16,team2,kill,25.53
Mage+Warlock_vs_Rogue+Priest,Mage+Warlock,Rogue+Priest,17,team2,kill,32.73
Mage+Warlock_vs_Rogue+Priest,Mage+Warlock,Rogue+Priest,18,team1,kill,31.07
Mage+Warlock_vs_Rogue+Priest,Mage+Warlock,Rogue+Priest,19,team2,kill,29.22
Mage+Warlock_vs_Rogue+Warlock,Mage+Warlock,Rogue+Warlock,0,team1,kill,23.95
Mage+Warlock_vs_Rogue+Warlock,Mage+Warlock,Rogue+Warlock,1,team1,kill,25.23
Mage+Warlock_vs_Rogue+Warlock,Mage+Warlock,Rogue+Warlock,2,team1,kill,23.95
Mage+Warlock_vs_Rogue+Warlock,Mage+Warlock,Rogue+Warlock,3,team1,kill,23.95
Mage+Warlock_vs_Rogue+Warlock,Mage+Warlock,Rogue+Warlock,4,team1,kill,23.63
Mage+Warlock_vs_Rogue+Warlock,Mage+Warlock,Rogue+Warlock,5,team1,kill,23.95
Mage+Warlock_vs_Rogue+Warlock,Mage+Warlock,Rogue+Warlock,6,team1,kill,17.33
Mage+Warlock_vs_Rogue+Warlock,Mage+Warlock,Rogue+Warlock,7,team1,kill,23.95
Mage+Warlock_vs_Rogue+Warlock,Mage+Warlock,Rogue+Warlock,8,team1,kill,19.87
Mage+Warlock_vs_Rogue+Warlock,Mage+Warlock,Rogue+Warlock,9,team1,kill,18.73
Mage+Warlock_vs_Rogue+Warlock,Mage+Warlock,Rogue+Warlock,10,team1,kill,21.25
Mage+Warlock_vs_Rogue+Warlock,Mage+Warlock,Rogue+Warlock,11,team1,kill,23.95
Mage+Warlock_vs_Rogue+Warlock,Mage+Warlock,Rogue+Warlock,12,team1,kill,23.93
Mage+Warlock_vs_Rogue+Warlock,Mage+Warlock,Rogue+Warlock,13,team1,kill,25.20
Mage+Warlock_vs_Rogue+Warlock,Mage+Warlock,Rogue+Warlock,14,team1,kill,23.87
Mage+Warlock_vs_Rogue+Warlock,Mage+Warlock,Rogue+Warlock,15,team1,kill,21.27
Mage+Warlock_vs_Rogue+Warlock,Mage+Warlock,Rogue+Warlock,16,team1,kill,23.57
Mage+Warlock_vs_Rogue+Warlock,Mage+Warlock,Rogue+Warlock,17,team1,kill,23.95
Mage+Warlock_vs_Rogue+Warlock,Mage+Warlock,Rogue+Warlock,18,team1,kill,28.12
Mage+Warlock_vs_Rogue+Warlock,Mage+Warlock,Rogue+Warlock,19,team1,kill,23.65
Mage+Warlock_vs_Rogue+Paladin,Mage+Warlock,Rogue+Paladin,0,team2,kill,60.00
Mage+Warlock_vs_Rogue+Paladin,Mage+Warlock,Rogue+Paladin,1,team1,kill,47.02
Mage+Warlock_vs_Rogue+Paladin,Mage+Warlock,Rogue+Paladin,2,team1,kill,44.13
Mage+Warlock_vs_Rogue+Paladin,Mage+Warlock,Rogue+Paladin,3,team1,kill,42.63
Mage+Warlock_vs_Rogue+Paladin,Mage+Warlock,Rogue+Paladin,4,team1,kill,38.52
Mage+Warlock_vs_Rogue+Paladin,Mage+Warlock,Rogue+Paladin,5,team2,kill,36.03
Mage+Warlock_vs_Rogue+Paladin,Mage+Warlock,Rogue+Paladin,6,team2,kill,36.33
Mage+Warlock_vs_Rogue+Paladin,Mage+Warlock,Rogue+Paladin,7,team2,kill,71.93
Mage+Warlock_vs_Rogue+Paladin,Mage+Warlock,Rogue+Paladin,8,team2,kill,39.67
Mage+Warlock_vs_Rogue+Paladin,Mage+Warlock,Rogue+Paladin,9,team2,kill,34.23
Mage+Warlock_vs_Rogue+Paladin,Mage+Warlock,Rogue+Paladin,10,team2,kill,60.12
Mage+Warlock_vs_Rogue+Paladin,Mage+Warlock,Rogue+Paladin,11,team2,kill,34.93
Mage+Warlock_vs_Rogue+Paladin,Mage+Warlock,Rogue+Paladin,12,team2,kill,38.17
Mage+Warlock_vs_Rogue+Paladin,Mage+Warlock,Rogue+Paladin,13,team2,kill,39.73
Mage+Warlock_vs_Rogue+Paladin,Mage+Warlock,Rogue+Paladin,14,team1,kill,42.25
Mage+Warlock_vs_Rogue+Paladin,Mage+Warlock,Rogue+Paladin,15,team2,kill,39.45
Mage+Warlock_vs_Rogue+Paladin,Mage+Warlock,Rogue+Paladin,16,team2,kill,37.05
Mage+Warlock_vs_Rogue+Paladin,Mage+Warlock,Rogue+Paladin,17,team2,kill,38.83
Mage+Warlock_vs_Rogue+Paladin,Mage+Warlock,Rogue+Paladin,18,team2,kill,37.33
Mage+Warlock_vs_Rogue+Paladin,Mage+Warlock,Rogue+Paladin,19,team1,kill,39.78
Mage+Warlock_vs_Rogue+Hunter,Mage+Warlock,Rogue+Hunter,0,team1,kill,22.12
Mage+Warlock_vs_Rogue+Hunter,Mage+Warlock,Rogue+Hunter,1,team1,kill,23.22
Mage+Warlock_vs_Rogue+Hunter,Mage+Warlock,Rogue+Hunter,2,team1,kill,19.83
Mage+Warlock_vs_Rogue+Hunter,Mage+Warlock,Rogue+Hunter,3,team1,kill,17.98
Mage+Warlock_vs_Rogue+Hunter,Mage+Warlock,Rogue+Hunter,4,team1,kill,22.45
Mage+Warlock_vs_Rogue+Hunter,Mage+Warlock,Rogue+Hunter,5,team1,kill,22.20
Mage+Warlock_vs_Rogue+Hunter,Mage+Warlock,Rogue+Hunter,6,team1,kill,20.68
Mage+Warlock_vs_Rogue+Hunter,Mage+Warlock,Rogue+Hunter,7,team1,kill,27.18
Mage+Warlock_vs_Rogue+Hunter,Mage+Warlock,Rogue+Hunter,8,team1,kill,21.08
Mage+Warlock_vs_Rogue+Hunter,Mage+Warlock,Rogue+Hunter,9,team1,kill,20.98
Mage+Warlock_vs_Rogue+Hunter,Mage+Warlock,Rogue+Hunter,10,team1,kill,20.62
Mage+Warlock_vs_Rogue+Hunter,Mage+Warlock,Rogue+Hunter,11,team1,kill,23.20
Mage+Warlock_vs_Rogue+Hunter,Mage+Warlock,Rogue+Hunter,12,team1,kill,21.40
Mage+Warlock_vs_Rogue+Hunter,Mage+Warlock,Rogue+Hunter,13,team1,kill,20.98
Mage+Warlock_vs_Rogue+Hunter,Mage+Warlock,Rogue+Hunter,14,team1,kill,23.13
Mage+Warlock_vs_Rogue+Hunter,Mage+Warlock,Rogue+Hunter,15,team1,kill,23.48
Mage+Warlock_vs_Rogue+Hunter,Mage+Warlock,Rogue+Hunter,16,team1,kill,28.47
Mage+Warlock_vs_Rogue+Hunter,Mage+Warlock,Rogue+Hunter,17,team1,kill,24.20
Mage+Warlock_vs_Rogue+Hunter,Mage+Warlock,Rogue+Hunter,18,team1,kill,21.08
Mage+Warlock_vs_Rogue+Hunter,Mage+Warlock,Rogue+Hunter,19,team1,kill,17.98
Mage+Warlock_vs_Rogue+Shaman,Mage+Warlock,Rogue+Shaman,0,team2,kill,25.43
Mage+Warlock_vs_Rogue+Shaman,Mage+Warlock,Rogue+Shaman,1,team2,kill,32.03
Mage+Warlock_vs_Rogue+Shaman,Mage+Warlock,Rogue+Shaman,2,team2,kill,33.48
Mage+Warlock_vs_Rogue+Shaman,Mage+Warlock,Rogue+Shaman,3,team2,kill,30.08
Mage+Warlock_vs_Rogue+Shaman,Mage+Warlock,Rogue+Shaman,4,team2,kill,29.85
Mage+Warlock_vs_Rogue+Shaman,Mage+Warlock,Rogue+Shaman,5,team2,kill,32.28
Mage+Warlock_vs_Rogue+Shaman,Mage+Warlock,Rogue+Shaman,6,team2,kill,23.98
Mage+Warlock_vs_Rogue+Shaman,Mage+Warlock,Rogue+Shaman,7,team2,kill,25.12
Mage+Warlock_vs_Rogue+Shaman,Mage+Warlock,Rogue+Shaman,8,team2,kill,29.32
Mage+Warlock_vs_Rogue+Shaman,Mage+Warlock,Rogue+Shaman,9,team2,kill,28.50
Mage+Warlock_vs_Rogue+Shaman,Mage+Warlock,Rogue+Shaman,10,team1,kill,30.55
Mage+Warlock_vs_Rogue+Shaman,Mage+Warlock,Rogue+Shaman,11,team2,kill,33.77
Mage+Warlock_vs_Rogue+Shaman,Mage+Warlock,Rogue+Shaman,12,team2,kill,26.95
Mage+Warlock_vs_Rogue+Shaman,Mage+Warlock,Rogue+Shaman,13,team1,kill,27.33
Mage+Warlock_vs_Rogue+Shaman,Mage+Warlock,Rogue+Shaman,14,team2,kill,30.93
Mage+Warlock_vs_Rogue+Shaman,Mage+Warlock,Rogue+Shaman,15,team2,kill,28.70
Mage+Warlock_vs_Rogue+Shaman,Mage+Warlock,Rogue+Shaman,16,team2,kill,29.12
Mage+Warlock_vs_Rogue+Shaman,Mage+Warlock,Rogue+Shaman,17,team2,kill,30.05
Mage+Warlock_vs_Rogue+Shaman,Mage+Warlock,Rogue+Shaman,18,team2,kill,24.28
Mage+Warlock_vs_Rogue+Shaman,Mage+Warlock,Rogue+Shaman,19,team2,kill,31.25
Mage+Warlock_vs_Priest+Warlock,Mage+Warlock,Priest+Warlock,0,team1,kill,21.30
Mage+Warlock_vs_Priest+Warlock,Mage+Warlock,Priest+Warlock,1,team1,kill,25.12
Mage+Warlock_vs_Priest+Warlock,Mage+Warlock,Priest+Warlock,2,team1,kill,23.60
Mage+Warlock_vs_Priest+Warlock,Mage+Warlock,Priest+Warlock,3,team1,kill,25.12
Mage+Warlock_vs_Priest+Warlock,Mage+Warlock,Priest+Warlock,4,team1,kill,23.60
Mage+Warlock_vs_Priest+Warlock,Mage+Warlock,Priest+Warlock,5,team1,kill,25.12
Mage+Warlock_vs_Priest+Warlock,Mage+Warlock,Priest+Warlock,6,team1,kill,24.32
Mage+Warlock_vs_Priest+Warlock,Mage+Warlock,Priest+Warlock,7,team1,kill,25.12
Mage+Warlock_vs_Priest+Warlock,Mage+Warlock,Priest+Warlock,8,team1,kill,23.60
Mage+Warlock_vs_Priest+Warlock,Mage+Warlock,Priest+Warlock,9,team1,kill,23.60
Mage+Warlock_vs_Priest+Warlock,Mage+Warlock,Priest+Warlock,10,team1,kill,25.12
Mage+Warlock_vs_Priest+Warlock,Mage+Warlock,Priest+Warlock,11,team1,kill,23.60
Mage+Warlock_vs_Priest+Warlock,Mage+Warlock,Priest+Warlock,12,team1,kill,25.12
Mage+Warlock_vs_Priest+Warlock,Mage+Warlock,Priest+Warlock,13,team1,kill,23.60
Mage+Warlock_vs_Priest+Warlock,Mage+Warlock,Priest+Warlock,14,team1,kill,24.30
Mage+Warlock_vs_Priest+Warlock,Mage+Warlock,Priest+Warlock,15,team1,kill,23.60
Mage+Warlock_vs_Priest+Warlock,Mage+Warlock,Priest+Warlock,16,team1,kill,22.08
Mage+Warlock_vs_Priest+Warlock,Mage+Warlock,Priest+Warlock,17,team1,kill,25.12
Mage+Warlock_vs_Priest+Warlock,Mage+Warlock,Priest+Warlock,18,team1,kill,25.12
Mage+Warlock_vs_Priest+Warlock,Mage+Warlock,Priest+Warlock,19,team1,kill,23.60
Mage+Warlock_vs_Priest+Hunter,Mage+Warlock,Priest+Hunter,0,team1,kill,17.43
Mage+Warlock_vs_Priest+Hunter,Mage+Warlock,Priest+Hunter,1,team1,kill,19.02
Mage+Warlock_vs_Priest+Hunter,Mage+Warlock,Priest+Hunter,2,team1,kill,20.47
Mage+Warlock_vs_Priest+Hunter,Mage+Warlock,Priest+Hunter,3,team1,kill,17.75
Mage+Warlock_vs_Priest+Hunter,Mage+Warlock,Priest+Hunter,4,team1,kill,19.28
Mage+Warlock_vs_Priest+Hunter,Mage+Warlock,Priest+Hunter,5,team1,kill,14.57
Mage+Warlock_vs_Priest+Hunter,Mage+Warlock,Priest+Hunter,6,team1,kill,17.32
Mage+Warlock_vs_Priest+Hunter,Mage+Warlock,Priest+Hunter,7,team1,kill,14.73
Mage+Warlock_vs_Priest+Hunter,Mage+Warlock,Priest+Hunter,8,team1,kill,17.50
Mage+Warlock_vs_Priest+Hunter,Mage+Warlock,Priest+Hunter,9,team1,kill,19.78
Mage+Warlock_vs_Priest+Hunter,Mage+Warlock,Priest+Hunter,10,team1,kill,17.75
Mage+Warlock_vs_Priest+Hunter,Mage+Warlock,Priest+Hunter,11,team1,kill,17.48
Mage+Warlock_vs_Priest+Hunter,Mage+Warlock,Priest+Hunter,12,team1,kill,19.02
Mage+Warlock_vs_Priest+Hunter,Mage+Warlock,Priest+Hunter,13,team1,kill,17.43
Mage+Warlock_vs_Priest+Hunter,Mage+Warlock,Priest+Hunter,14,team1,kill,20.47
Mage+Warlock_vs_Priest+Hunter,Mage+Warlock,Priest+Hunter,15,team1,kill,16.20
Mage+Warlock_vs_Priest+Hunter,Mage+Warlock,Priest+Hunter,16,team1,kill,20.47
Mage+Warlock_vs_Priest+Hunter,Mage+Warlock,Priest+Hunter,17,team1,kill,18.95
Mage+Warlock_vs_Priest+Hunter,Mage+Warlock,Priest+Hunter,18,team1,kill,19.12
Mage+Warlock_vs_Priest+Hunter,Mage+Warlock,Priest+Hunter,19,team1,kill,18.93
Mage+Warlock_vs_Warlock+Paladin,Mage+Warlock,Warlock+Paladin,0,team1,kill,42.32
Mage+Warlock_vs_Warlock+Paladin,Mage+Warlock,Warlock+Paladin,1,team1,kill,43.60
Mage+Warlock_vs_Warlock+Paladin,Mage+Warlock,Warlock+Paladin,2,team1,kill,43.92
Mage+Warlock_vs_Warlock+Paladin,Mage+Warlock,Warlock+Paladin,3,team1,kill,42.63
Mage+Warlock_vs_Warlock+Paladin,Mage+Warlock,Warlock+Paladin,4,team1,kill,54.18
Mage+Warlock_vs_Warlock+Paladin,Mage+Warlock,Warlock+Paladin,5,team1,kill,40.45
Mage+Warlock_vs_Warlock+Paladin,Mage+Warlock,Warlock+Paladin,6,team1,kill,43.70
Mage+Warlock_vs_Warlock+Paladin,Mage+Warlock,Warlock+Paladin,7,team1,kill,45.25
Mage+Warlock_vs_Warlock+Paladin,Mage+Warlock,Warlock+Paladin,8,team1,kill,39.40
Mage+Warlock_vs_Warlock+Paladin,Mage+Warlock,Warlock+Paladin,9,team1,kill,40.58
Mage+Warlock_vs_Warlock+Paladin,Mage+Warlock,Warlock+Paladin,10,team1,kill,42.20
Mage+Warlock_vs_Warlock+Paladin,Mage+Warlock,Warlock+Paladin,11,team1,kill,42.40
Mage+Warlock_vs_Warlock+Paladin,Mage+Warlock,Warlock+Paladin,12,team1,kill,43.42
Mage+Warlock_vs_Warlock+Paladin,Mage+Warlock,Warlock+Paladin,13,team1,kill,43.85
Mage+Warlock_vs_Warlock+Paladin,Mage+Warlock,Warlock+Paladin,14,team1,kill,45.97
Mage+Warlock_vs_Warlock+Paladin,Mage+Warlock,Warlock+Paladin,15,team1,kill,44.30
Mage+Warlock_vs_Warlock+Paladin,Mage+Warlock,Warlock+Paladin,16,team1,kill,42.53
Mage+Warlock_vs_Warlock+Paladin,Mage+Warlock,Warlock+Paladin,17,team1,kill,42.40
Mage+Warlock_vs_Warlock+Paladin,Mage+Warlock,Warlock+Paladin,18,team1,kill,43.27
Mage+Warlock_vs_Warlock+Paladin,Mage+Warlock,Warlock+Paladin,19,team1,kill,39.68
Mage+Warlock_vs_Warlock+Hunter,Mage+Warlock,Warlock+Hunter,0,team1,kill,19.78
Mage+Warlock_vs_Warlock+Hunter,Mage+Warlock,Warlock+Hunter,1,team1,kill,19.78
Mage+Warlock_vs_Warlock+Hunter,Mage+Warlock,Warlock+Hunter,2,team2,kill,21.63
Mage+Warlock_vs_Warlock+Hunter,Mage+Warlock,Warlock+Hunter,3,team2,kill,21.60
Mage+Warlock_vs_Warlock+Hunter,Mage+Warlock,Warlock+Hunter,4,team1,kill,20.00
Mage+Warlock_vs_Warlock+Hunter,Mage+Warlock,Warlock+Hunter,5,team2,kill,17.70
Mage+Warlock_vs_Warlock+Hunter,Mage+Warlock,Warlock+Hunter,6,team2,kill,21.85
Mage+Warlock_vs_Warlock+Hunter,Mage+Warlock,Warlock+Hunter,7,team1,kill,18.48
Mage+Warlock_vs_Warlock+Hunter,Mage+Warlock,Warlock+Hunter,8,team2,kill,18.70
Mage+Warlock_vs_Warlock+Hunter,Mage+Warlock,Warlock+Hunter,9,team1,kill,20.00
Mage+Warlock_vs_Warlock+Hunter,Mage+Warlock,Warlock+Hunter,10,team1,kill,20.00
Mage+Warlock_vs_Warlock+Hunter,Mage+Warlock,Warlock+Hunter,11,team1,kill,20.00
Mage+Warlock_vs_Warlock+Hunter,Mage+Warlock,Warlock+Hunter,12,team1,kill,20.00
Mage+Warlock_vs_Warlock+Hunter,Mage+Warlock,Warlock+Hunter,13,team1,kill,20.00
Mage+Warlock_vs_Warlock+Hunter,Mage+Warlock,Warlock+Hunter,14,team1,kill,20.00
Mage+Warlock_vs_Warlock+Hunter,Mage+Warlock,Warlock+Hunter,15,team1,kill,20.00
Mage+Warlock_vs_Warlock+Hunter,Mage+Warlock,Warlock+Hunter,16,team2,kill,18.70
Mage+Warlock_vs_Warlock+Hunter,Mage+Warlock,Warlock+Hunter,17,team2,kill,19.02
Mage+Warlock_vs_Warlock+Hunter,Mage+Warlock,Warlock+Hunter,18,team2,kill,19.17
Mage+Warlock_vs_Warlock+Hunter,Mage+Warlock,Warlock+Hunter,19,team1,kill,20.00
Mage+Warlock_vs_Warlock+Shaman,Mage+Warlock,Warlock+Shaman,0,team1,kill,25.65
Mage+Warlock_vs_Warlock+Shaman,Mage+Warlock,Warlock+Shaman,1,team1,kill,24.55
Mage+Warlock_vs_Warlock+Shaman,Mage+Warlock,Warlock+Shaman,2,team1,kill,27.78
Mage+Warlock_vs_Warlock+Shaman,Mage+Warlock,Warlock+Shaman,3,team1,kill,27.78
Mage+Warlock_vs_Warlock+Shaman,Mage+Warlock,Warlock+Shaman,4,team1,kill,24.60
Mage+Warlock_vs_Warlock+Shaman,Mage+Warlock,Warlock+Shaman,5,team1,kill,22.88
Mage+Warlock_vs_Warlock+Shaman,Mage+Warlock,Warlock+Shaman,6,team1,kill,23.35
Mage+Warlock_vs_Warlock+Shaman,Mage+Warlock,Warlock+Shaman,7,team1,kill,22.32
Mage+Warlock_vs_Warlock+Shaman,Mage+Warlock,Warlock+Shaman,8,team1,kill,21.58
Mage+Warlock_vs_Warlock+Shaman,Mage+Warlock,Warlock+Shaman,9,team1,kill,25.45
Mage+Warlock_vs_Warlock+Shaman,Mage+Warlock,Warlock+Shaman,10,team1,kill,26.10
Mage+Warlock_vs_Warlock+Shaman,Mage+Warlock,Warlock+Shaman,11,team1,kill,25.42
Mage+Warlock_vs_Warlock+Shaman,Mage+Warlock,Warlock+Shaman,12,team1,kill,24.60
Mage+Warlock_vs_Warlock+Shaman,Mage+Warlock,Warlock+Shaman,13,team1,kill,25.85
Mage+Warlock_vs_Warlock+Shaman,Mage+Warlock,Warlock+Shaman,14,team1,kill,25.63
Mage+Warlock_vs_Warlock+Shaman,Mage+Warlock,Warlock+Shaman,15,team1,kill,25.48
Mage+Warlock_vs_Warlock+Shaman,Mage+Warlock,Warlock+Shaman,16,team1,kill,25.52
Mage+Warlock_vs_Warlock+Shaman,Mage+Warlock,Warlock+Shaman,17,team1,kill,26.43
Mage+Warlock_vs_Warlock+Shaman,Mage+Warlock,Warlock+Shaman,18,team1,kill,25.50
Mage+Warlock_vs_Warlock+Shaman,Mage+Warlock,Warlock+Shaman,19,team1,kill,32.85
Mage+Warlock_vs_Paladin+Hunter,Mage+Warlock,Paladin+Hunter,0,team1,kill,36.12
Mage+Warlock_vs_Paladin+Hunter,Mage+Warlock,Paladin+Hunter,1,team1,kill,34.23
Mage+Warlock_vs_Paladin+Hunter,Mage+Warlock,Paladin+Hunter,2,team2,kill,29.83
Mage+Warlock_vs_Paladin+Hunter,Mage+Warlock,Paladin+Hunter,3,team1,kill,38.12
Mage+Warlock_vs_Paladin+Hunter,Mage+Warlock,Paladin+Hunter,4,team1,kill,35.37
Mage+Warlock_vs_Paladin+Hunter,Mage+Warlock,Paladin+Hunter,5,team1,kill,36.13
Mage+Warlock_vs_Paladin+Hunter,Mage+Warlock,Paladin+Hunter,6,team1,kill,48.15
Mage+Warlock_vs_Paladin+Hunter,Mage+Warlock,Paladin+Hunter,7,team1,kill,33.92
Mage+Warlock_vs_Paladin+Hunter,Mage+Warlock,Paladin+Hunter,8,team2,kill,64.45
Mage+Warlock_vs_Paladin+Hunter,Mage+Warlock,Paladin+Hunter,9,team1,kill,34.62
Mage+Warlock_vs_Paladin+Hunter,Mage+Warlock,Paladin+Hunter,10,team1,kill,38.85
Mage+Warlock_vs_Paladin+Hunter,Mage+Warlock,Paladin+Hunter,11,team1,kill,72.98
Mage+Warlock_vs_Paladin+Hunter,Mage+Warlock,Paladin+Hunter,12,team1,kill,38.48
Mage+Warlock_vs_Paladin+Hunter,Mage+Warlock,Paladin+Hunter,13,team2,kill,71.08
Mage+Warlock_vs_Paladin+Hunter,Mage+Warlock,Paladin+Hunter,14,team1,kill,31.12
Mage+Warlock_vs_Paladin+Hunter,Mage+Warlock,Paladin+Hunter,15,team2,kill,58.77
Mage+Warlock_vs_Paladin+Hunter,Mage+Warlock,Paladin+Hunter,16,team2,kill,33.88
Mage+Warlock_vs_Paladin+Hunter,Mage+Warlock,Paladin+Hunter,17,team2,kill,73.10
Mage+Warlock_vs_Paladin+Hunter,Mage+Warlock,Paladin+Hunter,18,team1,kill,42.43
Mage+Warlock_vs_Paladin+Hunter,Mage+Warlock,Paladin+Hunter,19,team2,kill,60.27
Mage+Warlock_vs_Hunter+Shaman,Mage+Warlock,Hunter+Shaman,0,team1,kill,29.65
Mage+Warlock_vs_Hunter+Shaman,Mage+Warlock,Hunter+Shaman,1,team1,kill,28.70
Mage+Warlock_vs_Hunter+Shaman,Mage+Warlock,Hunter+Shaman,2,team1,kill,28.22
Mage+Warlock_vs_Hunter+Shaman,Mage+Warlock,Hunter+Shaman,3,team1,kill,31.38
Mage+Warlock_vs_Hunter+Shaman,Mage+Warlock,Hunter+Shaman,4,team1,kill,26.98
Mage+Warlock_vs_Hunter+Shaman,Mage+Warlock,Hunter+Shaman,5,team1,kill,31.55
Mage+Warlock_vs_Hunter+Shaman,Mage+Warlock,Hunter+Shaman,6,team1,kill,25.83
Mage+Warlock_vs_Hunter+Shaman,Mage+Warlock,Hunter+Shaman,7,team1,kill,27.43
Mage+Warlock_vs_Hunter+Shaman,Mage+Warlock,Hunter+Shaman,8,team1,kill,28.70
Mage+Warlock_vs_Hunter+Shaman,Mage+Warlock,Hunter+Shaman,9,team1,kill,28.70
Mage+Warlock_vs_Hunter+Shaman,Mage+Warlock,Hunter+Shaman,10,team1,kill,29.32
Mage+Warlock_vs_Hunter+Shaman,Mage+Warlock,Hunter+Shaman,11,team1,kill,28.17
Mage+Warlock_vs_Hunter+Shaman,Mage+Warlock,Hunter+Shaman,12,team1,kill,27.07
Mage+Warlock_vs_Hunter+Shaman,Mage+Warlock,Hunter+Shaman,13,team1,kill,30.68
Mage+Warlock_vs_Hunter+Shaman,Mage+Warlock,Hunter+Shaman,14,team1,kill,25.25
Mage+Warlock_vs_Hunter+Shaman,Mage+Warlock,Hunter+Shaman,15,team1,kill,31.25
Mage+Warlock_vs_Hunter+Shaman,Mage+Warlock,Hunter+Shaman,16,team2,kill,28.03
Mage+Warlock_vs_Hunter+Shaman,Mage+Warlock,Hunter+Shaman,17,team1,kill,24.17
Mage+Warlock_vs_Hunter+Shaman,Mage+Warlock,Hunter+Shaman,18,team1,kill,30.20
Mage+Warlock_vs_Hunter+Shaman,Mage+Warlock,Hunter+Shaman,19,team1,kill,28.18
Mage+Paladin_vs_Warrior+Mage,Mage+Paladin,Warrior+Mage,0,team1,kill,20.40
Mage+Paladin_vs_Warrior+Mage,Mage+Paladin,Warrior+Mage,1,team1,kill,22.58
Mage+Paladin_vs_Warrior+Mage,Mage+Paladin,Warrior+Mage,2,team1,kill,17.93
Mage+Paladin_vs_Warrior+Mage,Mage+Paladin,Warrior+Mage,3,team1,kill,20.95
Mage+Paladin_vs_Warrior+Mage,Mage+Paladin,Warrior+Mage,4,team1,kill,22.18
Mage+Paladin_vs_Warrior+Mage,Mage+Paladin,Warrior+Mage,5,team1,kill,20.95
Mage+Paladin_vs_Warrior+Mage,Mage+Paladin,Warrior+Mage,6,team1,kill,20.95
Mage+Paladin_vs_Warrior+Mage,Mage+Paladin,Warrior+Mage,7,team1,kill,19.43
Mage+Paladin_vs_Warrior+Mage,Mage+Paladin,Warrior+Mage,8,team1,kill,19.43
Mage+Paladin_vs_Warrior+Mage,Mage+Paladin,Warrior+Mage,9,team1,kill,20.95
Mage+Paladin_vs_Warrior+Mage,Mage+Paladin,Warrior+Mage,10,team1,kill,19.43
Mage+Paladin_vs_Warrior+Mage,Mage+Paladin,Warrior+Mage,11,team1,kill,20.95
Mage+Paladin_vs_Warrior+Mage,Mage+Paladin,Warrior+Mage,12,team1,kill,19.43
Mage+Paladin_vs_Warrior+Mage,Mage+Paladin,Warrior+Mage,13,team1,kill,22.18
Mage+Paladin_vs_Warrior+Mage,Mage+Paladin,Warrior+Mage,14,team1,kill,23.43
Mage+Paladin_vs_Warrior+Mage,Mage+Paladin,Warrior+Mage,15,team1,kill,25.25
Mage+Paladin_vs_Warrior+Mage,Mage+Paladin,Warrior+Mage,16,team1,kill,20.95
Mage+Paladin_vs_Warrior+Mage,Mage+Paladin,Warrior+Mage,17,team1,kill,21.27
Mage+Paladin_vs_Warrior+Mage,Mage+Paladin,Warrior+Mage,18,team1,kill,20.40
Mage+Paladin_vs_Warrior+Mage,Mage+Paladin,Warrior+Mage,19,team1,kill,20.95
Mage+Paladin_vs_Warrior+Rogue,Mage+Paladin,Warrior+Rogue,0,team1,kill,25.22
Mage+Paladin_vs_Warrior+Rogue,Mage+Paladin,Warrior+Rogue,1,team1,kill,23.78
Mage+Paladin_vs_Warrior+Rogue,Mage+Paladin,Warrior+Rogue,2,team1,kill,25.12
Mage+Paladin_vs_Warrior+Rogue,Mage+Paladin,Warrior+Rogue,3,team1,kill,25.12
Mage+Paladin_vs_Warrior+Rogue,Mage+Paladin,Warrior+Rogue,4,team1,kill,23.88
Mage+Paladin_vs_Warrior+Rogue,Mage+Paladin,Warrior+Rogue,5,team1,kill,25.12
Mage+Paladin_vs_Warrior+Rogue,Mage+Paladin,Warrior+Rogue,6,team1,kill,23.92
Mage+Paladin_vs_Warrior+Rogue,Mage+Paladin,Warrior+Rogue,7,team1,kill,25.22
Mage+Paladin_vs_Warrior+Rogue,Mage+Paladin,Warrior+Rogue,8,team1,kill,25.22
Mage+Paladin_vs_Warrior+Rogue,Mage+Paladin,Warrior+Rogue,9,team1,kill,25.12
Mage+Paladin_vs_Warrior+Rogue,Mage+Paladin,Warrior+Rogue,10,team1,kill,25.22
Mage+Paladin_vs_Warrior+Rogue,Mage+Paladin,Warrior+Rogue,11,team1,kill,25.12
Mage+Paladin_vs_Warrior+Rogue,Mage+Paladin,Warrior+Rogue,12,team1,kill,25.22
Mage+Paladin_vs_Warrior+Rogue,Mage+Paladin,Warrior+Rogue,13,team1,kill,25.22
Mage+Paladin_vs_Warrior+Rogue,Mage+Paladin,Warrior+Rogue,14,team1,kill,23.78
Mage+Paladin_vs_Warrior+Rogue,Mage+Paladin,Warrior+Rogue,15,team1,kill,22.50
Mage+Paladin_vs_Warrior+Rogue,Mage+Paladin,Warrior+Rogue,16,team1,kill,23.92
Mage+Paladin_vs_Warrior+Rogue,Mage+Paladin,Warrior+Rogue,17,team1,kill,25.22
Mage+Paladin_vs_Warrior+Rogue,Mage+Paladin,Warrior+Rogue,18,team1,kill,25.42
Mage+Paladin_vs_Warrior+Rogue,Mage+Paladin,Warrior+Rogue,19,team1,kill,24.05
Mage+Paladin_vs_Warrior+Priest,Mage+Paladin,Warrior+Priest,0,team2,kill,192.86
Mage+Paladin_vs_Warrior+Priest,Mage+Paladin,Warrior+Priest,1,team1,kill,54.00
Mage+Paladin_vs_Warrior+Priest,Mage+Paladin,Warrior+Priest,2,team1,kill,107.08
Mage+Paladin_vs_Warrior+Priest,Mage+Paladin,Warrior+Priest,3,team1,kill,55.75
Mage+Paladin_vs_Warrior+Priest,Mage+Paladin,Warrior+Priest,4,team1,kill,80.85
Mage+Paladin_vs_Warrior+Priest,Mage+Paladin,Warrior+Priest,5,team1,kill,60.20
Mage+Paladin_vs_Warrior+Priest,Mage+Paladin,Warrior+Priest,6,team1,kill,90.60
Mage+Paladin_vs_Warrior+Priest,Mage+Paladin,Warrior+Priest,7,team1,kill,42.08
Mage+Paladin_vs_Warrior+Priest,Mage+Paladin,Warrior+Priest,8,team1,kill,68.17
Mage+Paladin_vs_Warrior+Priest,Mage+Paladin,Warrior+Priest,9,team1,kill,60.92
Mage+Paladin_vs_Warrior+Priest,Mage+Paladin,Warrior+Priest,10,team2,kill,105.96
Mage+Paladin_vs_Warrior+Priest,Mage+Paladin,Warrior+Priest,11,team1,kill,90.87
Mage+Paladin_vs_Warrior+Priest,Mage+Paladin,Warrior+Priest,12,team1,kill,71.15
Mage+Paladin_vs_Warrior+Priest,Mage+Paladin,Warrior+Priest,13,team1,kill,65.80
Mage+Paladin_vs_Warrior+Priest,Mage+Paladin,Warrior+Priest,14,team1,kill,61.37
Mage+Paladin_vs_Warrior+Priest,Mage+Paladin,Warrior+Priest,15,team1,kill,70.65
Mage+Paladin_vs_Warrior+Priest,Mage+Paladin,Warrior+Priest,16,team1,kill,90.67
Mage+Paladin_vs_Warrior+Priest,Mage+Paladin,Warrior+Priest,17,team2,kill,180.28
Mage+Paladin_vs_Warrior+Priest,Mage+Paladin,Warrior+Priest,18,team1,kill,77.24
Mage+Paladin_vs_Warrior+Priest,Mage+Paladin,Warrior+Priest,19,team1,kill,56.17
Mage+Paladin_vs_Warrior+Warlock,Mage+Paladin,Warrior+Warlock,0,team1,kill,37.02
Mage+Paladin_vs_Warrior+Warlock,Mage+Paladin,Warrior+Warlock,1,team1,kill,53.70
Mage+Paladin_vs_Warrior+Warlock,Mage+Paladin,Warrior+Warlock,2,team1,kill,41.78
Mage+Paladin_vs_Warrior+Warlock,Mage+Paladin,Warrior+Warlock,3,team1,kill,29.58
Mage+Paladin_vs_Warrior+Warlock,Mage+Paladin,Warrior+Warlock,4,team1,kill,58.18
Mage+Paladin_vs_Warrior+Warlock,Mage+Paladin,Warrior+Warlock,5,team1,kill,35.95
Mage+Paladin_vs_Warrior+Warlock,Mage+Paladin,Warrior+Warlock,6,team1,kill,36.38
Mage+Paladin_vs_Warrior+Warlock,Mage+Paladin,Warrior+Warlock,7,team1,kill,54.23
Mage+Paladin_vs_Warrior+Warlock,Mage+Paladin,Warrior+Warlock,8,team1,kill,50.82
Mage+Paladin_vs_Warrior+Warlock,Mage+Paladin,Warrior+Warlock,9,team1,kill,47.68
Mage+Paladin_vs_Warrior+Warlock,Mage+Paladin,Warrior+Warlock,10,team1,kill,53.78
Mage+Paladin_vs_Warrior+Warlock,Mage+Paladin,Warrior+Warlock,11,team1,kill,51.72
Mage+Paladin_vs_Warrior+Warlock,Mage+Paladin,Warrior+Warlock,12,team1,kill,34.73
Mage+Paladin_vs_Warrior+Warlock,Mage+Paladin,Warrior+Warlock,13,team1,kill,59.75
Mage+Paladin_vs_Warrior+Warlock,Mage+Paladin,Warrior+Warlock,14,team1,kill,34.68
Mage+Paladin_vs_Warrior+Warlock,Mage+Paladin,Warrior+Warlock,15,team1,kill,61.88
Mage+Paladin_vs_Warrior+Warlock,Mage+Paladin,Warrior+Warlock,16,team1,kill,46.82
Mage+Paladin_vs_Warrior+Warlock,Mage+Paladin,Warrior+Warlock,17,team1,kill,61.55
Mage+Paladin_vs_Warrior+Warlock,Mage+Paladin,Warrior+Warlock,18,team1,kill,50.70
Mage+Paladin_vs_Warrior+Warlock,Mage+Paladin,Warrior+Warlock,19,team1,kill,50.18
Mage+Paladin_vs_Warrior+Paladin,Mage+Paladin,Warrior+Paladin,0,team2,kill,60.25
Mage+Paladin_vs_Warrior+Paladin,Mage+Paladin,Warrior+Paladin,1,team1,kill,93.59
Mage+Paladin_vs_Warrior+Paladin,Mage+Paladin,Warrior+Paladin,2,team1,kill,96.47
Mage+Paladin_vs_Warrior+Paladin,Mage+Paladin,Warrior+Paladin,3,team1,kill,100.74
Mage+Paladin_vs_Warrior+Paladin,Mage+Paladin,Warrior+Paladin,4,team2,kill,94.81
Mage+Paladin_vs_Warrior+Paladin,Mage+Paladin,Warrior+Paladin,5,team1,kill,83.30
Mage+Paladin_vs_Warrior+Paladin,Mage+Paladin,Warrior+Paladin,6,team1,kill,82.14
Mage+Paladin_vs_Warrior+Paladin,Mage+Paladin,Warrior+Paladin,7,team1,kill,94.46
Mage+Paladin_vs_Warrior+Paladin,Mage+Paladin,Warrior+Paladin,8,team1,kill,81.27
Mage+Paladin_vs_Warrior+Paladin,Mage+Paladin,Warrior+Paladin,9,team1,kill,81.27
Mage+Paladin_vs_Warrior+Paladin,Mage+Paladin,Warrior+Paladin,10,team1,kill,96.29
Mage+Paladin_vs_Warrior+Paladin,Mage+Paladin,Warrior+Paladin,11,team2,kill,74.60
Mage+Paladin_vs_Warrior+Paladin,Mage+Paladin,Warrior+Paladin,12,team2,kill,85.74
Mage+Paladin_vs_Warrior+Paladin,Mage+Paladin,Warrior+Paladin,13,team1,kill,91.91
Mage+Paladin_vs_Warrior+Paladin,Mage+Paladin,Warrior+Paladin,14,team1,kill,81.27
Mage+Paladin_vs_Warrior+Paladin,Mage+Paladin,Warrior+Paladin,15,team1,kill,100.91
Mage+Paladin_vs_Warrior+Paladin,Mage+Paladin,Warrior+Paladin,16,team1,kill,80.85
Mage+Paladin_vs_Warrior+Paladin,Mage+Paladin,Warrior+Paladin,17,team1,kill,81.27
Mage+Paladin_vs_Warrior+Paladin,Mage+Paladin,Warrior+Paladin,18,team1,kill,90.99
Mage+Paladin_vs_Warrior+Paladin,Mage+Paladin,Warrior+Paladin,19,team1,kill,96.39
Mage+Paladin_vs_Warrior+Hunter,Mage+Paladin,Warrior+Hunter,0,team1,kill,30.45
Mage+Paladin_vs_Warrior+Hunter,Mage+Paladin,Warrior+Hunter,1,team1,kill,30.45
Mage+Paladin_vs_Warrior+Hunter,Mage+Paladin,Warrior+Hunter,2,team1,kill,34.27
Mage+Paladin_vs_Warrior+Hunter,Mage+Paladin,Warrior+Hunter,3,team1,kill,30.27
Mage+Paladin_vs_Warrior+Hunter,Mage+Paladin,Warrior+Hunter,4,team1,kill,34.27
Mage+Paladin_vs_Warrior+Hunter,Mage+Paladin,Warrior+Hunter,5,team1,kill,32.75
Mage+Paladin_vs_Warrior+Hunter,Mage+Paladin,Warrior+Hunter,6,team1,kill,28.72
Mage+Paladin_vs_Warrior+Hunter,Mage+Paladin,Warrior+Hunter,7,team1,kill,32.75
Mage+Paladin_vs_Warrior+Hunter,Mage+Paladin,Warrior+Hunter,8,team1,kill,30.28
Mage+Paladin_vs_Warrior+Hunter,Mage+Paladin,Warrior+Hunter,9,team1,kill,32.75
Mage+Paladin_vs_Warrior+Hunter,Mage+Paladin,Warrior+Hunter,10,team1,kill,32.75
Mage+Paladin_vs_Warrior+Hunter,Mage+Paladin,Warrior+Hunter,11,team1,kill,31.23
Mage+Paladin_vs_Warrior+Hunter,Mage+Paladin,Warrior+Hunter,12,team1,kill,28.93
Mage+Paladin_vs_Warrior+Hunter,Mage+Paladin,Warrior+Hunter,13,team1,kill,30.45
Mage+Paladin_vs_Warrior+Hunter,Mage+Paladin,Warrior+Hunter,14,team1,kill,28.93
Mage+Paladin_vs_Warrior+Hunter,Mage+Paladin,Warrior+Hunter,15,team1,kill,31.23
Mage+Paladin_vs_Warrior+Hunter,Mage+Paladin,Warrior+Hunter,16,team1,kill,30.20
Mage+Paladin_vs_Warrior+Hunter,Mage+Paladin,Warrior+Hunter,17,team1,kill,34.27
Mage+Paladin_vs_Warrior+Hunter,Mage+Paladin,Warrior+Hunter,18,team1,kill,33.18
Mage+Paladin_vs_Warrior+Hunter,Mage+Paladin,Warrior+Hunter,19,team1,kill,28.73
Mage+Paladin_vs_Warrior+Shaman,Mage+Paladin,Warrior+Shaman,0,team1,kill,45.55
Mage+Paladin_vs_Warrior+Shaman,Mage+Paladin,Warrior+Shaman,1,team1,kill,41.33
Mage+Paladin_vs_Warrior+Shaman,Mage+Paladin,Warrior+Shaman,2,team1,kill,41.63
Mage+Paladin_vs_Warrior+Shaman,Mage+Paladin,Warrior+Shaman,3,team1,kill,48.97
Mage+Paladin_vs_Warrior+Shaman,Mage+Paladin,Warrior+Shaman,4,team1,kill,50.97
Mage+Paladin_vs_Warrior+Shaman,Mage+Paladin,Warrior+Shaman,5,team1,kill,40.15
Mage+Paladin_vs_Warrior+Shaman,Mage+Paladin,Warrior+Shaman,6,team1,kill,40.18
Mage+Paladin_vs_Warrior+Shaman,Mage+Paladin,Warrior+Shaman,7,team1,kill,36.90
Mage+Paladin_vs_Warrior+Shaman,Mage+Paladin,Warrior+Shaman,8,team1,kill,40.68
Mage+Paladin_vs_Warrior+Shaman,Mage+Paladin,Warrior+Shaman,9,team1,kill,41.57
Mage+Paladin_vs_Warrior+Shaman,Mage+Paladin,Warrior+Shaman,10,team1,kill,38.05
Mage+Paladin_vs_Warrior+Shaman,Mage+Paladin,Warrior+Shaman,11,team1,kill,41.58
Mage+Paladin_vs_Warrior+Shaman,Mage+Paladin,Warrior+Shaman,12,team1,kill,41.83
Mage+Paladin_vs_Warrior+Shaman,Mage+Paladin,Warrior+Shaman,13,team1,kill,41.43
Mage+Paladin_vs_Warrior+Shaman,Mage+Paladin,Warrior+Shaman,14,team1,kill,42.25
Mage+Paladin_vs_Warrior+Shaman,Mage+Paladin,Warrior+Shaman,15,team1,kill,40.48
Mage+Paladin_vs_Warrior+Shaman,Mage+Paladin,Warrior+Shaman,16,team1,kill,41.93
Mage+Paladin_vs_Warrior+Shaman,Mage+Paladin,Warrior+Shaman,17,team1,kill,32.65
Mage+Paladin_vs_Warrior+Shaman,Mage+Paladin,Warrior+Shaman,18,team1,kill,42.45
Mage+Paladin_vs_Warrior+Shaman,Mage+Paladin,Warrior+Shaman,19,team1,kill,38.13
Mage+Paladin_vs_Mage+Rogue,Mage+Paladin,Mage+Rogue,0,team1,kill,29.92
Mage+Paladin_vs_Mage+Rogue,Mage+Paladin,Mage+Rogue,1,team1,kill,30.48
Mage+Paladin_vs_Mage+Rogue,Mage+Paladin,Mage+Rogue,2,team1,kill,24.72
Mage+Paladin_vs_Mage+Rogue,Mage+Paladin,Mage+Rogue,3,team1,kill,27.00
Mage+Paladin_vs_Mage+Rogue,Mage+Paladin,Mage+Rogue,4,team1,kill,23.20
Mage+Paladin_vs_Mage+Rogue,Mage+Paladin,Mage+Rogue,5,team1,kill,31.53
Mage+Paladin_vs_Mage+Rogue,Mage+Paladin,Mage+Rogue,6,team1,kill,32.00
Mage+Paladin_vs_Mage+Rogue,Mage+Paladin,Mage+Rogue,7,team1,kill,65.32
Mage+Paladin_vs_Mage+Rogue,Mage+Paladin,Mage+Rogue,8,team1,kill,30.48
Mage+Paladin_vs_Mage+Rogue,Mage+Paladin,Mage+Rogue,9,team1,kill,29.63
Mage+Paladin_vs_Mage+Rogue,Mage+Paladin,Mage+Rogue,10,team1,kill,24.53
Mage+Paladin_vs_Mage+Rogue,Mage+Paladin,Mage+Rogue,11,team1,kill,28.35
Mage+Paladin_vs_Mage+Rogue,Mage+Paladin,Mage+Rogue,12,team1,kill,23.60
Mage+Paladin_vs_Mage+Rogue,Mage+Paladin,Mage+Rogue,13,team1,kill,66.33
Mage+Paladin_vs_Mage+Rogue,Mage+Paladin,Mage+Rogue,14,team1,kill,65.32
Mage+Paladin_vs_Mage+Rogue,Mage+Paladin,Mage+Rogue,15,team1,kill,30.48
Mage+Paladin_vs_Mage+Rogue,Mage+Paladin,Mage+Rogue,16,team1,kill,31.53
Mage+Paladin_vs_Mage+Rogue,Mage+Paladin,Mage+Rogue,17,team1,kill,15.62
Mage+Paladin_vs_Mage+Rogue,Mage+Paladin,Mage+Rogue,18,team2,kill,26.32
Mage+Paladin_vs_Mage+Rogue,Mage+Paladin,Mage+Rogue,19,team1,kill,24.53
Mage+Paladin_vs_Mage+Priest,Mage+Paladin,Mage+Priest,0,team2,kill,86.72
Mage+Paladin_vs_Mage+Priest,Mage+Paladin,Mage+Priest,1,team1,kill,56.35
Mage+Paladin_vs_Mage+Priest,Mage+Paladin,Mage+Priest,2,team1,kill,61.02
Mage+Paladin_vs_Mage+Priest,Mage+Paladin,Mage+Priest,3,team1,kill,64.95
Mage+Paladin_vs_Mage+Priest,Mage+Paladin,Mage+Priest,4,team1,kill,84.74
Mage+Paladin_vs_Mage+Priest,Mage+Paladin,Mage+Priest,5,team1,kill,69.50
Mage+Paladin_vs_Mage+Priest,Mage+Paladin,Mage+Priest,6,team1,kill,68.68
Mage+Paladin_vs_Mage+Priest,Mage+Paladin,Mage+Priest,7,team1,kill,63.18
Mage+Paladin_vs_Mage+Priest,Mage+Paladin,Mage+Priest,8,team1,kill,83.45
Mage+Paladin_vs_Mage+Priest,Mage+Paladin,Mage+Priest,9,team1,kill,84.55
Mage+Paladin_vs_Mage+Priest,Mage+Paladin,Mage+Priest,10,team2,kill,72.97
Mage+Paladin_vs_Mage+Priest,Mage+Paladin,Mage+Priest,11,team2,kill,84.55
Mage+Paladin_vs_Mage+Priest,Mage+Paladin,Mage+Priest,12,team1,kill,73.65
Mage+Paladin_vs_Mage+Priest,Mage+Paladin,Mage+Priest,13,team1,kill,67.15
Mage+Paladin_vs_Mage+Priest,Mage+Paladin,Mage+Priest,14,team1,kill,63.08
Mage+Paladin_vs_Mage+Priest,Mage+Paladin,Mage+Priest,15,team1,kill,65.87
Mage+Paladin_vs_Mage+Priest,Mage+Paladin,Mage+Priest,16,team1,kill,64.90
Mage+Paladin_vs_Mage+Priest,Mage+Paladin,Mage+Priest,17,team2,kill,181.55
Mage+Paladin_vs_Mage+Priest,Mage+Paladin,Mage+Priest,18,team2,kill,80.92
Mage+Paladin_vs_Mage+Priest,Mage+Paladin,Mage+Priest,19,team1,kill,65.67
Mage+Paladin_vs_Mage+Warlock,Mage+Paladin,Mage+Warlock,0,team2,kill,48.38
Mage+Paladin_vs_Mage+Warlock,Mage+Paladin,Mage+Warlock,1,team2,kill,30.88
Mage+Paladin_vs_Mage+Warlock,Mage+Paladin,Mage+Warlock,2,team2,kill,70.52
Mage+Paladin_vs_Mage+Warlock,Mage+Paladin,Mage+Warlock,3,team1,kill,68.25
Mage+Paladin_vs_Mage+Warlock,Mage+Paladin,Mage+Warlock,4,team2,kill,39.83
Mage+Paladin_vs_Mage+Warlock,Mage+Paladin,Mage+Warlock,5,team2,kill,53.92
Mage+Paladin_vs_Mage+Warlock,Mage+Paladin,Mage+Warlock,6,team1,kill,36.75
Mage+Paladin_vs_Mage+Warlock,Mage+Paladin,Mage+Warlock,7,team2,kill,53.50
Mage+Paladin_vs_Mage+Warlock,Mage+Paladin,Mage+Warlock,8,team2,kill,46.02
Mage+Paladin_vs_Mage+Warlock,Mage+Paladin,Mage+Warlock,9,team1,kill,77.50
Mage+Paladin_vs_Mage+Warlock,Mage+Paladin,Mage+Warlock,10,team1,kill,33.35
Mage+Paladin_vs_Mage+Warlock,Mage+Paladin,Mage+Warlock,11,team1,kill,40.03
Mage+Paladin_vs_Mage+Warlock,Mage+Paladin,Mage+Warlock,12,team1,kill,29.03
Mage+Paladin_vs_Mage+Warlock,Mage+Paladin,Mage+Warlock,13,team1,kill,71.10
Mage+Paladin_vs_Mage+Warlock,Mage+Paladin,Mage+Warlock,14,team2,kill,56.12
Mage+Paladin_vs_Mage+Warlock,Mage+Paladin,Mage+Warlock,15,team2,kill,54.95
Mage+Paladin_vs_Mage+Warlock,Mage+Paladin,Mage+Warlock,16,team1,kill,36.75
Mage+Paladin_vs_Mage+Warlock,Mage+Paladin,Mage+Warlock,17,team1,kill,25.40
Mage+Paladin_vs_Mage+Warlock,Mage+Paladin,Mage+Warlock,18,team1,kill,35.53
Mage+Paladin_vs_Mage+Warlock,Mage+Paladin,Mage+Warlock,19,team1,kill,30.38
Mage+Paladin_vs_Mage+Paladin,Mage+Paladin,Mage+Paladin,0,team1,kill,204.54
Mage+Paladin_vs_Mage+Paladin,Mage+Paladin,Mage+Paladin,1,team1,kill,182.77
Mage+Paladin_vs_Mage+Paladin,Mage+Paladin,Mage+Paladin,2,team1,kill,168.47
Mage+Paladin_vs_Mage+Paladin,Mage+Paladin,Mage+Paladin,3,team1,kill,183.15
Mage+Paladin_vs_Mage+Paladin,Mage+Paladin,Mage+Paladin,4,team1,kill,120.34
Mage+Paladin_vs_Mage+Paladin,Mage+Paladin,Mage+Paladin,5,team1,kill,164.19
Mage+Paladin_vs_Mage+Paladin,Mage+Paladin,Mage+Paladin,6,team2,kill,89.54
Mage+Paladin_vs_Mage+Paladin,Mage+Paladin,Mage+Paladin,7,team1,kill,188.81
Mage+Paladin_vs_Mage+Paladin,Mage+Paladin,Mage+Paladin,8,team2,kill,202.34
Mage+Paladin_vs_Mage+Paladin,Mage+Paladin,Mage+Paladin,9,team1,kill,199.18
Mage+Paladin_vs_Mage+Paladin,Mage+Paladin,Mage+Paladin,10,team2,kill,184.35
Mage+Paladin_vs_Mage+Paladin,Mage+Paladin,Mage+Paladin,11,team2,kill,169.87
Mage+Paladin_vs_Mage+Paladin,Mage+Paladin,Mage+Paladin,12,team2,kill,188.03
Mage+Paladin_vs_Mage+Paladin,Mage+Paladin,Mage+Paladin,13,team1,kill,186.53
Mage+Paladin_vs_Mage+Paladin,Mage+Paladin,Mage+Paladin,14,team2,kill,182.98
Mage+Paladin_vs_Mage+Paladin,Mage+Paladin,Mage+Paladin,15,team2,kill,151.51
Mage+Paladin_vs_Mage+Paladin,Mage+Paladin,Mage+Paladin,16,team1,kill,185.92
Mage+Paladin_vs_Mage+Paladin,Mage+Paladin,Mage+Paladin,17,team2,kill,100.34
Mage+Paladin_vs_Mage+Paladin,Mage+Paladin,Mage+Paladin,18,team2,kill,187.90
Mage+Paladin_vs_Mage+Paladin,Mage+Paladin,Mage+Paladin,19,team1,kill,72.48
Mage+Paladin_vs_Mage+Hunter,Mage+Paladin,Mage+Hunter,0,team1,kill,28.90
Mage+Paladin_vs_Mage+Hunter,Mage+Paladin,Mage+Hunter,1,team1,kill,27.13
Mage+Paladin_vs_Mage+Hunter,Mage+Paladin,Mage+Hunter,2,team1,kill,27.35
Mage+Paladin_vs_Mage+Hunter,Mage+Paladin,Mage+Hunter,3,team1,kill,28.78
Mage+Paladin_vs_Mage+Hunter,Mage+Paladin,Mage+Hunter,4,team1,kill,27.33
Mage+Paladin_vs_Mage+Hunter,Mage+Paladin,Mage+Hunter,5,team1,kill,27.50
Mage+Paladin_vs_Mage+Hunter,Mage+Paladin,Mage+Hunter,6,team1,kill,25.83
Mage+Paladin_vs_Mage+Hunter,Mage+Paladin,Mage+Hunter,7,team1,kill,27.17
Mage+Paladin_vs_Mage+Hunter,Mage+Paladin,Mage+Hunter,8,team1,kill,27.42
Mage+Paladin_vs_Mage+Hunter,Mage+Paladin,Mage+Hunter,9,team1,kill,28.93
Mage+Paladin_vs_Mage+Hunter,Mage+Paladin,Mage+Hunter,10,team1,kill,27.50
Mage+Paladin_vs_Mage+Hunter,Mage+Paladin,Mage+Hunter,11,team1,kill,28.88
Mage+Paladin_vs_Mage+Hunter,Mage+Paladin,Mage+Hunter,12,team1,kill,25.62
Mage+Paladin_vs_Mage+Hunter,Mage+Paladin,Mage+Hunter,13,team1,kill,28.73
Mage+Paladin_vs_Mage+Hunter,Mage+Paladin,Mage+Hunter,14,team1,kill,28.75
Mage+Paladin_vs_Mage+Hunter,Mage+Paladin,Mage+Hunter,15,team1,kill,28.93
Mage+Paladin_vs_Mage+Hunter,Mage+Paladin,Mage+Hunter,16,team1,kill,28.63
Mage+Paladin_vs_Mage+Hunter,Mage+Paladin,Mage+Hunter,17,team1,kill,28.80
Mage+Paladin_vs_Mage+Hunter,Mage+Paladin,Mage+Hunter,18,team1,kill,27.32
Mage+Paladin_vs_Mage+Hunter,Mage+Paladin,Mage+Hunter,19,team1,kill,25.88
Mage+Paladin_vs_Mage+Shaman,Mage+Paladin,Mage+Shaman,0,team1,kill,28.67
Mage+Paladin_vs_Mage+Shaman,Mage+Paladin,Mage+Shaman,1,team1,kill,29.70
Mage+Paladin_vs_Mage+Shaman,Mage+Paladin,Mage+Shaman,2,team1,kill,27.17
Mage+Paladin_vs_Mage+Shaman,Mage+Paladin,Mage+Shaman,3,team1,kill,28.58
Mage+Paladin_vs_Mage+Shaman,Mage+Paladin,Mage+Shaman,4,team2,kill,250.32
Mage+Paladin_vs_Mage+Shaman,Mage+Paladin,Mage+Shaman,5,team1,kill,19.70
Mage+Paladin_vs_Mage+Shaman,Mage+Paladin,Mage+Shaman,6,team1,kill,25.58
Mage+Paladin_vs_Mage+Shaman,Mage+Paladin,Mage+Shaman,7,team1,kill,28.58
Mage+Paladin_vs_Mage+Shaman,Mage+Paladin,Mage+Shaman,8,team1,kill,32.03
Mage+Paladin_vs_Mage+Shaman,Mage+Paladin,Mage+Shaman,9,team1,kill,31.73
Mage+Paladin_vs_Mage+Shaman,Mage+Paladin,Mage+Shaman,10,team1,kill,27.07
Mage+Paladin_vs_Mage+Shaman,Mage+Paladin,Mage+Shaman,11,team1,kill,30.10
Mage+Paladin_vs_Mage+Shaman,Mage+Paladin,Mage+Shaman,12,team1,kill,30.10
Mage+Paladin_vs_Mage+Shaman,Mage+Paladin,Mage+Shaman,13,team1,kill,32.43
Mage+Paladin_vs_Mage+Shaman,Mage+Paladin,Mage+Shaman,14,team1,kill,30.10
Mage+Paladin_vs_Mage+Shaman,Mage+Paladin,Mage+Shaman,15,team1,kill,28.85
Mage+Paladin_vs_Mage+Shaman,Mage+Paladin,Mage+Shaman,16,team2,kill,31.18
Mage+Paladin_vs_Mage+Shaman,Mage+Paladin,Mage+Shaman,17,team1,kill,30.12
Mage+Paladin_vs_Mage+Shaman,Mage+Paladin,Mage+Shaman,18,team1,kill,33.13
Mage+Paladin_vs_Mage+Shaman,Mage+Paladin,Mage+Shaman,19,team2,kill,31.93
Mage+Paladin_vs_Rogue+Priest,Mage+Paladin,Rogue+Priest,0,team1,kill,84.65
Mage+Paladin_vs_Rogue+Priest,Mage+Paladin,Rogue+Priest,1,team2,kill,79.32
Mage+Paladin_vs_Rogue+Priest,Mage+Paladin,Rogue+Priest,2,team2,kill,75.79
Mage+Paladin_vs_Rogue+Priest,Mage+Paladin,Rogue+Priest,3,team2,kill,79.39
Mage+Paladin_vs_Rogue+Priest,Mage+Paladin,Rogue+Priest,4,team2,kill,79.90
Mage+Paladin_vs_Rogue+Priest,Mage+Paladin,Rogue+Priest,5,team2,kill,77.69
Mage+Paladin_vs_Rogue+Priest,Mage+Paladin,Rogue+Priest,6,team2,kill,81.34
Mage+Paladin_vs_Rogue+Priest,Mage+Paladin,Rogue+Priest,7,team2,kill,80.15
Mage+Paladin_vs_Rogue+Priest,Mage+Paladin,Rogue+Priest,8,team2,kill,80.64
Mage+Paladin_vs_Rogue+Priest,Mage+Paladin,Rogue+Priest,9,team2,kill,74.73
Mage+Paladin_vs_Rogue+Priest,Mage+Paladin,Rogue+Priest,10,team2,kill,86.97
Mage+Paladin_vs_Rogue+Priest,Mage+Paladin,Rogue+Priest,11,team1,kill,87.69
Mage+Paladin_vs_Rogue+Priest,Mage+Paladin,Rogue+Priest,12,team2,kill,77.50
Mage+Paladin_vs_Rogue+Priest,Mage+Paladin,Rogue+Priest,13,team1,kill,56.68
Mage+Paladin_vs_Rogue+Priest,Mage+Paladin,Rogue+Priest,14,team2,kill,82.14
Mage+Paladin_vs_Rogue+Priest,Mage+Paladin,Rogue+Priest,15,team2,kill,77.82
Mage+Paladin_vs_Rogue+Priest,Mage+Paladin,Rogue+Priest,16,team2,kill,86.85
Mage+Paladin_vs_Rogue+Priest,Mage+Paladin,Rogue+Priest,17,team2,kill,90.12
Mage+Paladin_vs_Rogue+Priest,Mage+Paladin,Rogue+Priest,18,team2,kill,80.20
Mage+Paladin_vs_Rogue+Priest,Mage+Paladin,Rogue+Priest,19,team2,kill,75.00
Mage+Paladin_vs_Rogue+Warlock,Mage+Paladin,Rogue+Warlock,0,team1,kill,25.85
Mage+Paladin_vs_Rogue+Warlock,Mage+Paladin,Rogue+Warlock,1,team2,kill,56.05
Mage+Paladin_vs_Rogue+Warlock,Mage+Paladin,Rogue+Warlock,2,team1,kill,56.82
Mage+Paladin_vs_Rogue+Warlock,Mage+Paladin,Rogue+Warlock,3,team2,kill,52.18
Mage+Paladin_vs_Rogue+Warlock,Mage+Paladin,Rogue+Warlock,4,team2,kill,52.18
Mage+Paladin_vs_Rogue+Warlock,Mage+Paladin,Rogue+Warlock,5,team1,kill,42.30
Mage+Paladin_vs_Rogue+Warlock,Mage+Paladin,Rogue+Warlock,6,team2,kill,46.42
Mage+Paladin_vs_Rogue+Warlock,Mage+Paladin,Rogue+Warlock,7,team1,kill,34.83
Mage+Paladin_vs_Rogue+Warlock,Mage+Paladin,Rogue+Warlock,8,team2,kill,45.28
Mage+Paladin_vs_Rogue+Warlock,Mage+Paladin,Rogue+Warlock,9,team2,kill,48.32
Mage+Paladin_vs_Rogue+Warlock,Mage+Paladin,Rogue+Warlock,10,team1,kill,51.85
Mage+Paladin_vs_Rogue+Warlock,Mage+Paladin,Rogue+Warlock,11,team1,kill,46.28
Mage+Paladin_vs_Rogue+Warlock,Mage+Paladin,Rogue+Warlock,12,team2,kill,45.67
Mage+Paladin_vs_Rogue+Warlock,Mage+Paladin,Rogue+Warlock,13,team1,kill,46.32
Mage+Paladin_vs_Rogue+Warlock,Mage+Paladin,Rogue+Warlock,14,team1,kill,52.53
Mage+Paladin_vs_Rogue+Warlock,Mage+Paladin,Rogue+Warlock,15,team2,kill,49.37
Mage+Paladin_vs_Rogue+Warlock,Mage+Paladin,Rogue+Warlock,16,team1,kill,50.15
Mage+Paladin_vs_Rogue+Warlock,Mage+Paladin,Rogue+Warlock,17,team1,kill,34.83
Mage+Paladin_vs_Rogue+Warlock,Mage+Paladin,Rogue+Warlock,18,team1,kill,39.62
Mage+Paladin_vs_Rogue+Warlock,Mage+Paladin,Rogue+Warlock,19,team2,kill,42.97
Mage+Paladin_vs_Rogue+Paladin,Mage+Paladin,Rogue+Paladin,0,team2,kill,93.74
Mage+Paladin_vs_Rogue+Paladin,Mage+Paladin,Rogue+Paladin,1,team2,kill,93.09
Mage+Paladin_vs_Rogue+Paladin,Mage+Paladin,Rogue+Paladin,2,team2,kill,94.54
Mage+Paladin_vs_Rogue+Paladin,Mage+Paladin,Rogue+Paladin,3,team2,kill,97.49
Mage+Paladin_vs_Rogue+Paladin,Mage+Paladin,Rogue+Paladin,4,team2,kill,95.46
Mage+Paladin_vs_Rogue+Paladin,Mage+Paladin,Rogue+Paladin,5,team2,kill,103.51
Mage+Paladin_vs_Rogue+Paladin,Mage+Paladin,Rogue+Paladin,6,team2,kill,94.62
Mage+Paladin_vs_Rogue+Paladin,Mage+Paladin,Rogue+Paladin,7,team2,kill,94.02
Mage+Paladin_vs_Rogue+Paladin,Mage+Paladin,Rogue+Paladin,8,team2,kill,97.31
Mage+Paladin_vs_Rogue+Paladin,Mage+Paladin,Rogue+Paladin,9,team2,kill,99.96
Mage+Paladin_vs_Rogue+Paladin,Mage+Paladin,Rogue+Paladin,10,team2,kill,97.44
Mage+Paladin_vs_Rogue+Paladin,Mage+Paladin,Rogue+Paladin,11,team2,kill,103.84
Mage+Paladin_vs_Rogue+Paladin,Mage+Paladin,Rogue+Paladin,12,team2,kill,93.16
Mage+Paladin_vs_Rogue+Paladin,Mage+Paladin,Rogue+Paladin,13,team2,kill,99.12
Mage+Paladin_vs_Rogue+Paladin,Mage+Paladin,Rogue+Paladin,14,team2,kill,106.89
Mage+Paladin_vs_Rogue+Paladin,Mage+Paladin,Rogue+Paladin,15,team2,kill,106.81
Mage+Paladin_vs_Rogue+Paladin,Mage+Paladin,Rogue+Paladin,16,team2,kill,94.41
Mage+Paladin_vs_Rogue+Paladin,Mage+Paladin,Rogue+Paladin,17,team2,kill,103.11
Mage+Paladin_vs_Rogue+Paladin,Mage+Paladin,Rogue+Paladin,18,team2,kill,101.36
Mage+Paladin_vs_Rogue+Paladin,Mage+Paladin,Rogue+Paladin,19,team2,kill,103.29
Mage+Paladin_vs_Rogue+Hunter,Mage+Paladin,Rogue+Hunter,0,team1,kill,35.80
Mage+Paladin_vs_Rogue+Hunter,Mage+Paladin,Rogue+Hunter,1,team1,kill,33.25
Mage+Paladin_vs_Rogue+Hunter,Mage+Paladin,Rogue+Hunter,2,team1,kill,34.23
Mage+Paladin_vs_Rogue+Hunter,Mage+Paladin,Rogue+Hunter,3,team1,kill,34.65
Mage+Paladin_vs_Rogue+Hunter,Mage+Paladin,Rogue+Hunter,4,team1,kill,35.93
Mage+Paladin_vs_Rogue+Hunter,Mage+Paladin,Rogue+Hunter,5,team1,kill,36.28
Mage+Paladin_vs_Rogue+Hunter,Mage+Paladin,Rogue+Hunter,6,team1,kill,34.77
Mage+Paladin_vs_Rogue+Hunter,Mage+Paladin,Rogue+Hunter,7,team1,kill,26.25
Mage+Paladin_vs_Rogue+Hunter,Mage+Paladin,Rogue+Hunter,8,team1,kill,33.62
Mage+Paladin_vs_Rogue+Hunter,Mage+Paladin,Rogue+Hunter,9,team1,kill,35.93
Mage+Paladin_vs_Rogue+Hunter,Mage+Paladin,Rogue+Hunter,10,team1,kill,33.25
Mage+Paladin_vs_Rogue+Hunter,Mage+Paladin,Rogue+Hunter,11,team1,kill,35.92
Mage+Paladin_vs_Rogue+Hunter,Mage+Paladin,Rogue+Hunter,12,team1,kill,34.65
Mage+Paladin_vs_Rogue+Hunter,Mage+Paladin,Rogue+Hunter,13,team1,kill,34.77
Mage+Paladin_vs_Rogue+Hunter,Mage+Paladin,Rogue+Hunter,14,team1,kill,35.17
Mage+Paladin_vs_Rogue+Hunter,Mage+Paladin,Rogue+Hunter,15,team1,kill,32.90
Mage+Paladin_vs_Rogue+Hunter,Mage+Paladin,Rogue+Hunter,16,team1,kill,35.33
Mage+Paladin_vs_Rogue+Hunter,Mage+Paladin,Rogue+Hunter,17,team1,kill,27.70
Mage+Paladin_vs_Rogue+Hunter,Mage+Paladin,Rogue+Hunter,18,team1,kill,34.65
Mage+Paladin_vs_Rogue+Hunter,Mage+Paladin,Rogue+Hunter,19,team1,kill,37.45
Mage+Paladin_vs_Rogue+Shaman,Mage+Paladin,Rogue+Shaman,0,team1,kill,34.02
Mage+Paladin_vs_Rogue+Shaman,Mage+Paladin,Rogue+Shaman,1,team1,kill,49.88
Mage+Paladin_vs_Rogue+Shaman,Mage+Paladin,Rogue+Shaman,2,team1,kill,46.92
Mage+Paladin_vs_Rogue+Shaman,Mage+Paladin,Rogue+Shaman,3,team1,kill,46.92
Mage+Paladin_vs_Rogue+Shaman,Mage+Paladin,Rogue+Shaman,4,team1,kill,27.37
Mage+Paladin_vs_Rogue+Shaman,Mage+Paladin,Rogue+Shaman,5,team1,kill,57.37
Mage+Paladin_vs_Rogue+Shaman,Mage+Paladin,Rogue+Shaman,6,team1,kill,54.37
Mage+Paladin_vs_Rogue+Shaman,Mage+Paladin,Rogue+Shaman,7,team1,kill,70.38
Mage+Paladin_vs_Rogue+Shaman,Mage+Paladin,Rogue+Shaman,8,team1,kill,59.70
Mage+Paladin_vs_Rogue+Shaman,Mage+Paladin,Rogue+Shaman,9,team1,kill,47.82
Mage+Paladin_vs_Rogue+Shaman,Mage+Paladin,Rogue+Shaman,10,team1,kill,26.42
Mage+Paladin_vs_Rogue+Shaman,Mage+Paladin,Rogue+Shaman,11,team1,kill,46.92
Mage+Paladin_vs_Rogue+Shaman,Mage+Paladin,Rogue+Shaman,12,team1,kill,46.92
Mage+Paladin_vs_Rogue+Shaman,Mage+Paladin,Rogue+Shaman,13,team1,kill,44.68
Mage+Paladin_vs_Rogue+Shaman,Mage+Paladin,Rogue+Shaman,14,team1,kill,51.30
Mage+Paladin_vs_Rogue+Shaman,Mage+Paladin,Rogue+Shaman,15,team1,kill,57.43
Mage+Paladin_vs_Rogue+Shaman,Mage+Paladin,Rogue+Shaman,16,team2,kill,69.20
Mage+Paladin_vs_Rogue+Shaman,Mage+Paladin,Rogue+Shaman,17,team1,kill,57.75
Mage+Paladin_vs_Rogue+Shaman,Mage+Paladin,Rogue+Shaman,18,team1,kill,45.40
Mage+Paladin_vs_Rogue+Shaman,Mage+Paladin,Rogue+Shaman,19,team1,kill,46.92
Mage+Paladin_vs_Priest+Warlock,Mage+Paladin,Priest+Warlock,0,team2,kill,59.08
Mage+Paladin_vs_Priest+Warlock,Mage+Paladin,Priest+Warlock,1,team1,kill,61.73
Mage+Paladin_vs_Priest+Warlock,Mage+Paladin,Priest+Warlock,2,team2,kill,77.92
Mage+Paladin_vs_Priest+Warlock,Mage+Paladin,Priest+Warlock,3,team2,kill,71.45
Mage+Paladin_vs_Priest+Warlock,Mage+Paladin,Priest+Warlock,4,team1,kill,60.35
Mage+Paladin_vs_Priest+Warlock,Mage+Paladin,Priest+Warlock,5,team2,kill,72.92
Mage+Paladin_vs_Priest+Warlock,Mage+Paladin,Priest+Warlock,6,team2,kill,68.18
Mage+Paladin_vs_Priest+Warlock,Mage+Paladin,Priest+Warlock,7,team1,kill,102.97
Mage+Paladin_vs_Priest+Warlock,Mage+Paladin,Priest+Warlock,8,team2,kill,111.08
Mage+Paladin_vs_Priest+Warlock,Mage+Paladin,Priest+Warlock,9,team1,kill,72.08
Mage+Paladin_vs_Priest+Warlock,Mage+Paladin,Priest+Warlock,10,team2,kill,69.37
Mage+Paladin_vs_Priest+Warlock,Mage+Paladin,Priest+Warlock,11,team2,kill,81.22
Mage+Paladin_vs_Priest+Warlock,Mage+Paladin,Priest+Warlock,12,team2,kill,84.30
Mage+Paladin_vs_Priest+Warlock,Mage+Paladin,Priest+Warlock,13,team2,kill,80.52
Mage+Paladin_vs_Priest+Warlock,Mage+Paladin,Priest+Warlock,14,team2,kill,72.60
Mage+Paladin_vs_Priest+Warlock,Mage+Paladin,Priest+Warlock,15,team2,kill,72.70
Mage+Paladin_vs_Priest+Warlock,Mage+Paladin,Priest+Warlock,16,team2,kill,74.98
Mage+Paladin_vs_Priest+Warlock,Mage+Paladin,Priest+Warlock,17,team2,kill,68.62
Mage+Paladin_vs_Priest+Warlock,Mage+Paladin,Priest+Warlock,18,team2,kill,71.88
Mage+Paladin_vs_Priest+Warlock,Mage+Paladin,Priest+Warlock,19,team2,kill,146.43
Mage+Paladin_vs_Priest+Hunter,Mage+Paladin,Priest+Hunter,0,team2,kill,102.37
Mage+Paladin_vs_Priest+Hunter,Mage+Paladin,Priest+Hunter,1,team2,kill,88.27
Mage+Paladin_vs_Priest+Hunter,Mage+Paladin,Priest+Hunter,2,team1,kill,94.22
Mage+Paladin_vs_Priest+Hunter,Mage+Paladin,Priest+Hunter,3,team1,kill,81.40
Mage+Paladin_vs_Priest+Hunter,Mage+Paladin,Priest+Hunter,4,team1,kill,57.20
Mage+Paladin_vs_Priest+Hunter,Mage+Paladin,Priest+Hunter,5,team2,kill,159.26
Mage+Paladin_vs_Priest+Hunter,Mage+Paladin,Priest+Hunter,6,team2,kill,84.75
Mage+Paladin_vs_Priest+Hunter,Mage+Paladin,Priest+Hunter,7,team1,kill,94.72
Mage+Paladin_vs_Priest+Hunter,Mage+Paladin,Priest+Hunter,8,team2,kill,93.72
Mage+Paladin_vs_Priest+Hunter,Mage+Paladin,Priest+Hunter,9,team1,kill,93.29
Mage+Paladin_vs_Priest+Hunter,Mage+Paladin,Priest+Hunter,10,team1,kill,90.35
Mage+Paladin_vs_Priest+Hunter,Mage+Paladin,Priest+Hunter,11,team1,kill,87.65
Mage+Paladin_vs_Priest+Hunter,Mage+Paladin,Priest+Hunter,12,team2,kill,73.78
Mage+Paladin_vs_Priest+Hunter,Mage+Paladin,Priest+Hunter,13,team1,kill,119.68
Mage+Paladin_vs_Priest+Hunter,Mage+Paladin,Priest+Hunter,14,team2,kill,93.12
Mage+Paladin_vs_Priest+Hunter,Mage+Paladin,Priest+Hunter,15,team2,kill,133.93
Mage+Paladin_vs_Priest+Hunter,Mage+Paladin,Priest+Hunter,16,team2,kill,100.21
Mage+Paladin_vs_Priest+Hunter,Mage+Paladin,Priest+Hunter,17,team2,kill,96.94
Mage+Paladin_vs_Priest+Hunter,Mage+Paladin,Priest+Hunter,18,team2,kill,156.41
Mage+Paladin_vs_Priest+Hunter,Mage+Paladin,Priest+Hunter,19,team2,kill,144.06
Mage+Paladin_vs_Warlock+Paladin,Mage+Paladin,Warlock+Paladin,0,team2,kill,140.98
Mage+Paladin_vs_Warlock+Paladin,Mage+Paladin,Warlock+Paladin,1,team1,kill,156.14
Mage+Paladin_vs_Warlock+Paladin,Mage+Paladin,Warlock+Paladin,2,team1,kill,97.59
Mage+Paladin_vs_Warlock+Paladin,Mage+Paladin,Warlock+Paladin,3,team2,kill,143.09
Mage+Paladin_vs_Warlock+Paladin,Mage+Paladin,Warlock+Paladin,4,team2,kill,124.95
Mage+Paladin_vs_Warlock+Paladin,Mage+Paladin,Warlock+Paladin,5,team2,kill,118.99
Mage+Paladin_vs_Warlock+Paladin,Mage+Paladin,Warlock+Paladin,6,team2,kill,109.71
Mage+Paladin_vs_Warlock+Paladin,Mage+Paladin,Warlock+Paladin,7,team2,kill,73.98
Mage+Paladin_vs_Warlock+Paladin,Mage+Paladin,Warlock+Paladin,8,team1,kill,101.76
Mage+Paladin_vs_Warlock+Paladin,Mage+Paladin,Warlock+Paladin,9,team1,kill,89.65
Mage+Paladin_vs_Warlock+Paladin,Mage+Paladin,Warlock+Paladin,10,team2,kill,181.15
Mage+Paladin_vs_Warlock+Paladin,Mage+Paladin,Warlock+Paladin,11,team2,kill,163.35
Mage+Paladin_vs_Warlock+Paladin,Mage+Paladin,Warlock+Paladin,12,team2,kill,83.82
Mage+Paladin_vs_Warlock+Paladin,Mage+Paladin,Warlock+Paladin,13,team2,kill,98.36
Mage+Paladin_vs_Warlock+Paladin,Mage+Paladin,Warlock+Paladin,14,team1,kill,102.16
Mage+Paladin_vs_Warlock+Paladin,Mage+Paladin,Warlock+Paladin,15,team2,kill,122.53
Mage+Paladin_vs_Warlock+Paladin,Mage+Paladin,Warlock+Paladin,16,team2,kill,126.60
Mage+Paladin_vs_Warlock+Paladin,Mage+Paladin,Warlock+Paladin,17,team1,kill,110.34
Mage+Paladin_vs_Warlock+Paladin,Mage+Paladin,Warlock+Paladin,18,team2,kill,130.80
Mage+Paladin_vs_Warlock+Paladin,Mage+Paladin,Warlock+Paladin,19,team2,kill,146.23
Mage+Paladin_vs_Warlock+Hunter,Mage+Paladin,Warlock+Hunter,0,team1,kill,29.75
Mage+Paladin_vs_Warlock+Hunter,Mage+Paladin,Warlock+Hunter,1,team1,kill,28.67
Mage+Paladin_vs_Warlock+Hunter,Mage+Paladin,Warlock+Hunter,2,team1,kill,29.67
Mage+Paladin_vs_Warlock+Hunter,Mage+Paladin,Warlock+Hunter,3,team1,kill,30.13
Mage+Paladin_vs_Warlock+Hunter,Mage+Paladin,Warlock+Hunter,4,team1,kill,25.35
Mage+Paladin_vs_Warlock+Hunter,Mage+Paladin,Warlock+Hunter,5,team1,kill,24.53
Mage+Paladin_vs_Warlock+Hunter,Mage+Paladin,Warlock+Hunter,6,team1,kill,25.30
Mage+Paladin_vs_Warlock+Hunter,Mage+Paladin,Warlock+Hunter,7,team1,kill,29.43
Mage+Paladin_vs_Warlock+Hunter,Mage+Paladin,Warlock+Hunter,8,team1,kill,30.20
Mage+Paladin_vs_Warlock+Hunter,Mage+Paladin,Warlock+Hunter,9,team1,kill,25.25
Mage+Paladin_vs_Warlock+Hunter,Mage+Paladin,Warlock+Hunter,10,team1,kill,28.72
Mage+Paladin_vs_Warlock+Hunter,Mage+Paladin,Warlock+Hunter,11,team1,kill,30.30
Mage+Paladin_vs_Warlock+Hunter,Mage+Paladin,Warlock+Hunter,12,team1,kill,22.45
Mage+Paladin_vs_Warlock+Hunter,Mage+Paladin,Warlock+Hunter,13,team1,kill,31.23
Mage+Paladin_vs_Warlock+Hunter,Mage+Paladin,Warlock+Hunter,14,team1,kill,29.95
Mage+Paladin_vs_Warlock+Hunter,Mage+Paladin,Warlock+Hunter,15,team1,kill,28.35
Mage+Paladin_vs_Warlock+Hunter,Mage+Paladin,Warlock+Hunter,16,team1,kill,25.18
Mage+Paladin_vs_Warlock+Hunter,Mage+Paladin,Warlock+Hunter,17,team1,kill,30.15
Mage+Paladin_vs_Warlock+Hunter,Mage+Paladin,Warlock+Hunter,18,team1,kill,22.13
Mage+Paladin_vs_Warlock+Hunter,Mage+Paladin,Warlock+Hunter,19,team1,kill,30.17
Mage+Paladin_vs_Warlock+Shaman,Mage+Paladin,Warlock+Shaman,0,team1,kill,34.23
Mage+Paladin_vs_Warlock+Shaman,Mage+Paladin,Warlock+Shaman,1,team1,kill,22.17
Mage+Paladin_vs_Warlock+Shaman,Mage+Paladin,Warlock+Shaman,2,team1,kill,61.07
Mage+Paladin_vs_Warlock+Shaman,Mage+Paladin,Warlock+Shaman,3,team1,kill,30.28
Mage+Paladin_vs_Warlock+Shaman,Mage+Paladin,Warlock+Shaman,4,team1,kill,95.89
Mage+Paladin_vs_Warlock+Shaman,Mage+Paladin,Warlock+Shaman,5,team2,kill,182.28
Mage+Paladin_vs_Warlock+Shaman,Mage+Paladin,Warlock+Shaman,6,team1,kill,80.59
Mage+Paladin_vs_Warlock+Shaman,Mage+Paladin,Warlock+Shaman,7,team1,kill,105.66
Mage+Paladin_vs_Warlock+Shaman,Mage+Paladin,Warlock+Shaman,8,team1,kill,28.38
Mage+Paladin_vs_Warlock+Shaman,Mage+Paladin,Warlock+Shaman,9,team1,kill,34.63
Mage+Paladin_vs_Warlock+Shaman,Mage+Paladin,Warlock+Shaman,10,team1,kill,49.95
Mage+Paladin_vs_Warlock+Shaman,Mage+Paladin,Warlock+Shaman,11,team2,kill,92.27
Mage+Paladin_vs_Warlock+Shaman,Mage+Paladin,Warlock+Shaman,12,team2,kill,77.92
Mage+Paladin_vs_Warlock+Shaman,Mage+Paladin,Warlock+Shaman,13,team2,kill,74.80
Mage+Paladin_vs_Warlock+Shaman,Mage+Paladin,Warlock+Shaman,14,team1,kill,46.17
Mage+Paladin_vs_Warlock+Shaman,Mage+Paladin,Warlock+Shaman,15,team1,kill,33.25
Mage+Paladin_vs_Warlock+Shaman,Mage+Paladin,Warlock+Shaman,16,team1,kill,25.48
Mage+Paladin_vs_Warlock+Shaman,Mage+Paladin,Warlock+Shaman,17,team1,kill,73.42
Mage+Paladin_vs_Warlock+Shaman,Mage+Paladin,Warlock+Shaman,18,team2,kill,78.14
Mage+Paladin_vs_Warlock+Shaman,Mage+Paladin,Warlock+Shaman,19,team1,kill,30.63
Mage+Paladin_vs_Paladin+Hunter,Mage+Paladin,Paladin+Hunter,0,team1,kill,55.30
Mage+Paladin_vs_Paladin+Hunter,Mage+Paladin,Paladin+Hunter,1,team1,kill,27.48
Mage+Paladin_vs_Paladin+Hunter,Mage+Paladin,Paladin+Hunter,2,team1,kill,112.48
Mage+Paladin_vs_Paladin+Hunter,Mage+Paladin,Paladin+Hunter,3,team1,kill,149.57
Mage+Paladin_vs_Paladin+Hunter,Mage+Paladin,Paladin+Hunter,4,team2,kill,142.44
Mage+Paladin_vs_Paladin+Hunter,Mage+Paladin,Paladin+Hunter,5,team2,kill,149.72
Mage+Paladin_vs_Paladin+Hunter,Mage+Paladin,Paladin+Hunter,6,team1,kill,60.17
Mage+Paladin_vs_Paladin+Hunter,Mage+Paladin,Paladin+Hunter,7,team1,kill,71.77
Mage+Paladin_vs_Paladin+Hunter,Mage+Paladin,Paladin+Hunter,8,team1,kill,80.17
Mage+Paladin_vs_Paladin+Hunter,Mage+Paladin,Paladin+Hunter,9,team1,kill,69.35
Mage+Paladin_vs_Paladin+Hunter,Mage+Paladin,Paladin+Hunter,10,team1,kill,51.63
Mage+Paladin_vs_Paladin+Hunter,Mage+Paladin,Paladin+Hunter,11,team1,kill,147.26
Mage+Paladin_vs_Paladin+Hunter,Mage+Paladin,Paladin+Hunter,12,team1,kill,100.17
Mage+Paladin_vs_Paladin+Hunter,Mage+Paladin,Paladin+Hunter,13,team1,kill,100.17
Mage+Paladin_vs_Paladin+Hunter,Mage+Paladin,Paladin+Hunter,14,team1,kill,67.38
Mage+Paladin_vs_Paladin+Hunter,Mage+Paladin,Paladin+Hunter,15,team1,kill,70.33
Mage+Paladin_vs_Paladin+Hunter,Mage+Paladin,Paladin+Hunter,16,team1,kill,62.33
Mage+Paladin_vs_Paladin+Hunter,Mage+Paladin,Paladin+Hunter,17,team1,kill,53.47
Mage+Paladin_vs_Paladin+Hunter,Mage+Paladin,Paladin+Hunter,18,team1,kill,80.17
Mage+Paladin_vs_Paladin+Hunter,Mage+Paladin,Paladin+Hunter,19,team1,kill,33.27
Mage+Paladin_vs_Hunter+Shaman,Mage+Paladin,Hunter+Shaman,0,team1,kill,28.78
Mage+Paladin_vs_Hunter+Shaman,Mage+Paladin,Hunter+Shaman,1,team1,kill,27.30
Mage+Paladin_vs_Hunter+Shaman,Mage+Paladin,Hunter+Shaman,2,team1,kill,33.42
Mage+Paladin_vs_Hunter+Shaman,Mage+Paladin,Hunter+Shaman,3,team1,kill,33.10
Mage+Paladin_vs_Hunter+Shaman,Mage+Paladin,Hunter+Shaman,4,team1,kill,30.33
Mage+Paladin_vs_Hunter+Shaman,Mage+Paladin,Hunter+Shaman,5,team1,kill,35.05
Mage+Paladin_vs_Hunter+Shaman,Mage+Paladin,Hunter+Shaman,6,team1,kill,30.47
Mage+Paladin_vs_Hunter+Shaman,Mage+Paladin,Hunter+Shaman,7,team1,kill,27.88
Mage+Paladin_vs_Hunter+Shaman,Mage+Paladin,Hunter+Shaman,8,team1,kill,32.83
Mage+Paladin_vs_Hunter+Shaman,Mage+Paladin,Hunter+Shaman,9,team1,kill,27.30
Mage+Paladin_vs_Hunter+Shaman,Mage+Paladin,Hunter+Shaman,10,team1,kill,32.93
Mage+Paladin_vs_Hunter+Shaman,Mage+Paladin,Hunter+Shaman,11,team1,kill,33.40
Mage+Paladin_vs_Hunter+Shaman,Mage+Paladin,Hunter+Shaman,12,team1,kill,34.22
Mage+Paladin_vs_Hunter+Shaman,Mage+Paladin,Hunter+Shaman,13,team1,kill,32.83
Mage+Paladin_vs_Hunter+Shaman,Mage+Paladin,Hunter+Shaman,14,team1,kill,32.83
Mage+Paladin_vs_Hunter+Shaman,Mage+Paladin,Hunter+Shaman,15,team1,kill,30.47
Mage+Paladin_vs_Hunter+Shaman,Mage+Paladin,Hunter+Shaman,16,team1,kill,17.80
Mage+Paladin_vs_Hunter+Shaman,Mage+Paladin,Hunter+Shaman,17,team1,kill,27.27
Mage+Paladin_vs_Hunter+Shaman,Mage+Paladin,Hunter+Shaman,18,team1,kill,30.47
Mage+Paladin_vs_Hunter+Shaman,Mage+Paladin,Hunter+Shaman,19,team1,kill,27.30
Mage+Hunter_vs_Warrior+Mage,Mage+Hunter,Warrior+Mage,0,team1,kill,19.53
Mage+Hunter_vs_Warrior+Mage,Mage+Hunter,Warrior+Mage,1,team1,kill,19.53
Mage+Hunter_vs_Warrior+Mage,Mage+Hunter,Warrior+Mage,2,team1,kill,19.53
Mage+Hunter_vs_Warrior+Mage,Mage+Hunter,Warrior+Mage,3,team1,kill,19.53
Mage+Hunter_vs_Warrior+Mage,Mage+Hunter,Warrior+Mage,4,team1,kill,15.17
Mage+Hunter_vs_Warrior+Mage,Mage+Hunter,Warrior+Mage,5,team1,kill,19.53
Mage+Hunter_vs_Warrior+Mage,Mage+Hunter,Warrior+Mage,6,team1,kill,19.53
Mage+Hunter_vs_Warrior+Mage,Mage+Hunter,Warrior+Mage,7,team1,kill,16.52
Mage+Hunter_vs_Warrior+Mage,Mage+Hunter,Warrior+Mage,8,team1,kill,19.37
Mage+Hunter_vs_Warrior+Mage,Mage+Hunter,Warrior+Mage,9,team2,kill,18.73
Mage+Hunter_vs_Warrior+Mage,Mage+Hunter,Warrior+Mage,10,team1,kill,17.85
Mage+Hunter_vs_Warrior+Mage,Mage+Hunter,Warrior+Mage,11,team1,kill,19.53
Mage+Hunter_vs_Warrior+Mage,Mage+Hunter,Warrior+Mage,12,team2,kill,18.73
Mage+Hunter_vs_Warrior+Mage,Mage+Hunter,Warrior+Mage,13,team1,kill,18.18
Mage+Hunter_vs_Warrior+Mage,Mage+Hunter,Warrior+Mage,14,team1,kill,19.53
Mage+Hunter_vs_Warrior+Mage,Mage+Hunter,Warrior+Mage,15,team1,kill,18.03
Mage+Hunter_vs_Warrior+Mage,Mage+Hunter,Warrior+Mage,16,team1,kill,19.53
Mage+Hunter_vs_Warrior+Mage,Mage+Hunter,Warrior+Mage,17,team1,kill,16.68
Mage+Hunter_vs_Warrior+Mage,Mage+Hunter,Warrior+Mage,18,team1,kill,19.53
Mage+Hunter_vs_Warrior+Mage,Mage+Hunter,Warrior+Mage,19,team1,kill,18.03
Mage+Hunter_vs_Warrior+Rogue,Mage+Hunter,Warrior+Rogue,0,team1,kill,16.43
Mage+Hunter_vs_Warrior+Rogue,Mage+Hunter,Warrior+Rogue,1,team1,kill,16.43
Mage+Hunter_vs_Warrior+Rogue,Mage+Hunter,Warrior+Rogue,2,team1,kill,17.88
Mage+Hunter_vs_Warrior+Rogue,Mage+Hunter,Warrior+Rogue,3,team1,kill,16.43
Mage+Hunter_vs_Warrior+Rogue,Mage+Hunter,Warrior+Rogue,4,team1,kill,16.47
Mage+Hunter_vs_Warrior+Rogue,Mage+Hunter,Warrior+Rogue,5,team1,kill,16.43
Mage+Hunter_vs_Warrior+Rogue,Mage+Hunter,Warrior+Rogue,6,team1,kill,17.88
Mage+Hunter_vs_Warrior+Rogue,Mage+Hunter,Warrior+Rogue,7,team1,kill,16.43
Mage+Hunter_vs_Warrior+Rogue,Mage+Hunter,Warrior+Rogue,8,team1,kill,17.88
Mage+Hunter_vs_Warrior+Rogue,Mage+Hunter,Warrior+Rogue,9,team1,kill,17.88
Mage+Hunter_vs_Warrior+Rogue,Mage+Hunter,Warrior+Rogue,10,team1,kill,17.88
Mage+Hunter_vs_Warrior+Rogue,Mage+Hunter,Warrior+Rogue,11,team1,kill,17.88
Mage+Hunter_vs_Warrior+Rogue,Mage+Hunter,Warrior+Rogue,12,team1,kill,17.88
Mage+Hunter_vs_Warrior+Rogue,Mage+Hunter,Warrior+Rogue,13,team1,kill,16.47
Mage+Hunter_vs_Warrior+Rogue,Mage+Hunter,Warrior+Rogue,14,team1,kill,16.47
Mage+Hunter_vs_Warrior+Rogue,Mage+Hunter,Warrior+Rogue,15,team1,kill,17.88
Mage+Hunter_vs_Warrior+Rogue,Mage+Hunter,Warrior+Rogue,16,team1,kill,16.43
Mage+Hunter_vs_Warrior+Rogue,Mage+Hunter,Warrior+Rogue,17,team1,kill,17.88
Mage+Hunter_vs_Warrior+Rogue,Mage+Hunter,Warrior+Rogue,18,team1,kill,16.43
Mage+Hunter_vs_Warrior+Rogue,Mage+Hunter,Warrior+Rogue,19,team1,kill,17.88
Mage+Hunter_vs_Warrior+Priest,Mage+Hunter,Warrior+Priest,0,team1,kill,30.43
Mage+Hunter_vs_Warrior+Priest,Mage+Hunter,Warrior+Priest,1,team1,kill,36.60
Mage+Hunter_vs_Warrior+Priest,Mage+Hunter,Warrior+Priest,2,team1,kill,33.88
Mage+Hunter_vs_Warrior+Priest,Mage+Hunter,Warrior+Priest,3,team1,kill,31.95
Mage+Hunter_vs_Warrior+Priest,Mage+Hunter,Warrior+Priest,4,team1,kill,62.03
Mage+Hunter_vs_Warrior+Priest,Mage+Hunter,Warrior+Priest,5,team1,kill,32.45
Mage+Hunter_vs_Warrior+Priest,Mage+Hunter,Warrior+Priest,6,team1,kill,34.80
Mage+Hunter_vs_Warrior+Priest,Mage+Hunter,Warrior+Priest,7,team1,kill,31.82
Mage+Hunter_vs_Warrior+Priest,Mage+Hunter,Warrior+Priest,8,team1,kill,50.10
Mage+Hunter_vs_Warrior+Priest,Mage+Hunter,Warrior+Priest,9,team1,kill,31.52
Mage+Hunter_vs_Warrior+Priest,Mage+Hunter,Warrior+Priest,10,team1,kill,61.97
Mage+Hunter_vs_Warrior+Priest,Mage+Hunter,Warrior+Priest,11,team1,kill,32.45
Mage+Hunter_vs_Warrior+Priest,Mage+Hunter,Warrior+Priest,12,team2,kill,75.52
Mage+Hunter_vs_Warrior+Priest,Mage+Hunter,Warrior+Priest,13,team2,kill,70.77
Mage+Hunter_vs_Warrior+Priest,Mage+Hunter,Warrior+Priest,14,team1,kill,31.95
Mage+Hunter_vs_Warrior+Priest,Mage+Hunter,Warrior+Priest,15,team1,kill,34.62
Mage+Hunter_vs_Warrior+Priest,Mage+Hunter,Warrior+Priest,16,team1,kill,35.57
Mage+Hunter_vs_Warrior+Priest,Mage+Hunter,Warrior+Priest,17,team1,kill,34.57
Mage+Hunter_vs_Warrior+Priest,Mage+Hunter,Warrior+Priest,18,team1,kill,33.02
Mage+Hunter_vs_Warrior+Priest,Mage+Hunter,Warrior+Priest,19,team1,kill,30.50
Mage+Hunter_vs_Warrior+Warlock,Mage+Hunter,Warrior+Warlock,0,team1,kill,21.48
Mage+Hunter_vs_Warrior+Warlock,Mage+Hunter,Warrior+Warlock,1,team1,kill,20.95
Mage+Hunter_vs_Warrior+Warlock,Mage+Hunter,Warrior+Warlock,2,team1,kill,19.97
Mage+Hunter_vs_Warrior+Warlock,Mage+Hunter,Warrior+Warlock,3,team1,kill,20.95
Mage+Hunter_vs_Warrior+Warlock,Mage+Hunter,Warrior+Warlock,4,team1,kill,19.97
Mage+Hunter_vs_Warrior+Warlock,Mage+Hunter,Warrior+Warlock,5,team1,kill,20.95
Mage+Hunter_vs_Warrior+Warlock,Mage+Hunter,Warrior+Warlock,6,team1,kill,19.97
Mage+Hunter_vs_Warrior+Warlock,Mage+Hunter,Warrior+Warlock,7,team1,kill,20.95
Mage+Hunter_vs_Warrior+Warlock,Mage+Hunter,Warrior+Warlock,8,team1,kill,21.48
Mage+Hunter_vs_Warrior+Warlock,Mage+Hunter,Warrior+Warlock,9,team1,kill,20.95
Mage+Hunter_vs_Warrior+Warlock,Mage+Hunter,Warrior+Warlock,10,team1,kill,20.95
Mage+Hunter_vs_Warrior+Warlock,Mage+Hunter,Warrior+Warlock,11,team1,kill,20.95
Mage+Hunter_vs_Warrior+Warlock,Mage+Hunter,Warrior+Warlock,12,team1,kill,20.95
Mage+Hunter_vs_Warrior+Warlock,Mage+Hunter,Warrior+Warlock,13,team1,kill,21.48
Mage+Hunter_vs_Warrior+Warlock,Mage+Hunter,Warrior+Warlock,14,team1,kill,20.95
Mage+Hunter_vs_Warrior+Warlock,Mage+Hunter,Warrior+Warlock,15,team1,kill,19.97
Mage+Hunter_vs_Warrior+Warlock,Mage+Hunter,Warrior+Warlock,16,team1,kill,20.95
Mage+Hunter_vs_Warrior+Warlock,Mage+Hunter,Warrior+Warlock,17,team1,kill,20.95
Mage+Hunter_vs_Warrior+Warlock,Mage+Hunter,Warrior+Warlock,18,team1,kill,19.97
Mage+Hunter_vs_Warrior+Warlock,Mage+Hunter,Warrior+Warlock,19,team1,kill,20.95
Mage+Hunter_vs_Warrior+Paladin,Mage+Hunter,Warrior+Paladin,0,team2,kill,82.45
Mage+Hunter_vs_Warrior+Paladin,Mage+Hunter,Warrior+Paladin,1,team2,kill,78.97
Mage+Hunter_vs_Warrior+Paladin,Mage+Hunter,Warrior+Paladin,2,team2,kill,88.14
Mage+Hunter_vs_Warrior+Paladin,Mage+Hunter,Warrior+Paladin,3,team2,kill,44.17
Mage+Hunter_vs_Warrior+Paladin,Mage+Hunter,Warrior+Paladin,4,team2,kill,31.00
Mage+Hunter_vs_Warrior+Paladin,Mage+Hunter,Warrior+Paladin,5,team1,kill,47.97
Mage+Hunter_vs_Warrior+Paladin,Mage+Hunter,Warrior+Paladin,6,team2,kill,75.13
Mage+Hunter_vs_Warrior+Paladin,Mage+Hunter,Warrior+Paladin,7,team1,kill,43.78
Mage+Hunter_vs_Warrior+Paladin,Mage+Hunter,Warrior+Paladin,8,team2,kill,73.15
Mage+Hunter_vs_Warrior+Paladin,Mage+Hunter,Warrior+Paladin,9,team2,kill,83.30
Mage+Hunter_vs_Warrior+Paladin,Mage+Hunter,Warrior+Paladin,10,team1,kill,50.50
Mage+Hunter_vs_Warrior+Paladin,Mage+Hunter,Warrior+Paladin,11,team2,kill,44.35
Mage+Hunter_vs_Warrior+Paladin,Mage+Hunter,Warrior+Paladin,12,team2,kill,35.48
Mage+Hunter_vs_Warrior+Paladin,Mage+Hunter,Warrior+Paladin,13,team2,kill,45.45
Mage+Hunter_vs_Warrior+Paladin,Mage+Hunter,Warrior+Paladin,14,team1,kill,42.75
Mage+Hunter_vs_Warrior+Paladin,Mage+Hunter,Warrior+Paladin,15,team1,kill,46.57
Mage+Hunter_vs_Warrior+Paladin,Mage+Hunter,Warrior+Paladin,16,team2,kill,45.47
Mage+Hunter_vs_Warrior+Paladin,Mage+Hunter,Warrior+Paladin,17,team1,kill,44.85
Mage+Hunter_vs_Warrior+Paladin,Mage+Hunter,Warrior+Paladin,18,team2,kill,89.19
Mage+Hunter_vs_Warrior+Paladin,Mage+Hunter,Warrior+Paladin,19,team1,kill,46.55
Mage+Hunter_vs_Warrior+Hunter,Mage+Hunter,Warrior+Hunter,0,team2,kill,19.55
Mage+Hunter_vs_Warrior+Hunter,Mage+Hunter,Warrior+Hunter,1,team2,kill,19.77
Mage+Hunter_vs_Warrior+Hunter,Mage+Hunter,Warrior+Hunter,2,team1,kill,21.13
Mage+Hunter_vs_Warrior+Hunter,Mage+Hunter,Warrior+Hunter,3,team2,kill,20.03
Mage+Hunter_vs_Warrior+Hunter,Mage+Hunter,Warrior+Hunter,4,team2,kill,19.77
Mage+Hunter_vs_Warrior+Hunter,Mage+Hunter,Warrior+Hunter,5,team2,kill,20.55
Mage+Hunter_vs_Warrior+Hunter,Mage+Hunter,Warrior+Hunter,6,team2,kill,20.05
Mage+Hunter_vs_Warrior+Hunter,Mage+Hunter,Warrior+Hunter,7,team2,kill,20.03
Mage+Hunter_vs_Warrior+Hunter,Mage+Hunter,Warrior+Hunter,8,team2,kill,19.77
Mage+Hunter_vs_Warrior+Hunter,Mage+Hunter,Warrior+Hunter,9,team2,kill,19.77
Mage+Hunter_vs_Warrior+Hunter,Mage+Hunter,Warrior+Hunter,10,team2,kill,19.77
Mage+Hunter_vs_Warrior+Hunter,Mage+Hunter,Warrior+Hunter,11,team2,kill,20.17
Mage+Hunter_vs_Warrior+Hunter,Mage+Hunter,Warrior+Hunter,12,team2,kill,16.00
Mage+Hunter_vs_Warrior+Hunter,Mage+Hunter,Warrior+Hunter,13,team1,kill,19.88
Mage+Hunter_vs_Warrior+Hunter,Mage+Hunter,Warrior+Hunter,14,team2,kill,19.77
Mage+Hunter_vs_Warrior+Hunter,Mage+Hunter,Warrior+Hunter,15,team1,kill,17.55
Mage+Hunter_vs_Warrior+Hunter,Mage+Hunter,Warrior+Hunter,16,team1,kill,21.25
Mage+Hunter_vs_Warrior+Hunter,Mage+Hunter,Warrior+Hunter,17,team1,kill,17.55
Mage+Hunter_vs_Warrior+Hunter,Mage+Hunter,Warrior+Hunter,18,team2,kill,20.55
Mage+Hunter_vs_Warrior+Hunter,Mage+Hunter,Warrior+Hunter,19,team1,kill,17.55
Mage+Hunter_vs_Warrior+Shaman,Mage+Hunter,Warrior+Shaman,0,team1,kill,34.23
Mage+Hunter_vs_Warrior+Shaman,Mage+Hunter,Warrior+Shaman,1,team1,kill,35.08
Mage+Hunter_vs_Warrior+Shaman,Mage+Hunter,Warrior+Shaman,2,team1,kill,39.68
Mage+Hunter_vs_Warrior+Shaman,Mage+Hunter,Warrior+Shaman,3,team1,kill,25.12
Mage+Hunter_vs_Warrior+Shaman,Mage+Hunter,Warrior+Shaman,4,team1,kill,19.67
Mage+Hunter_vs_Warrior+Shaman,Mage+Hunter,Warrior+Shaman,5,team1,kill,29.67
Mage+Hunter_vs_Warrior+Shaman,Mage+Hunter,Warrior+Shaman,6,team1,kill,29.25
Mage+Hunter_vs_Warrior+Shaman,Mage+Hunter,Warrior+Shaman,7,team1,kill,29.55
Mage+Hunter_vs_Warrior+Shaman,Mage+Hunter,Warrior+Shaman,8,team1,kill,46.27
Mage+Hunter_vs_Warrior+Shaman,Mage+Hunter,Warrior+Shaman,9,team1,kill,24.72
Mage+Hunter_vs_Warrior+Shaman,Mage+Hunter,Warrior+Shaman,10,team1,kill,37.17
Mage+Hunter_vs_Warrior+Shaman,Mage+Hunter,Warrior+Shaman,11,team1,kill,29.27
Mage+Hunter_vs_Warrior+Shaman,Mage+Hunter,Warrior+Shaman,12,team1,kill,22.08
Mage+Hunter_vs_Warrior+Shaman,Mage+Hunter,Warrior+Shaman,13,team1,kill,19.30
Mage+Hunter_vs_Warrior+Shaman,Mage+Hunter,Warrior+Shaman,14,team1,kill,36.67
Mage+Hunter_vs_Warrior+Shaman,Mage+Hunter,Warrior+Shaman,15,team1,kill,29.27
Mage+Hunter_vs_Warrior+Shaman,Mage+Hunter,Warrior+Shaman,16,team1,kill,22.02
Mage+Hunter_vs_Warrior+Shaman,Mage+Hunter,Warrior+Shaman,17,team1,kill,36.25
Mage+Hunter_vs_Warrior+Shaman,Mage+Hunter,Warrior+Shaman,18,team1,kill,33.95
Mage+Hunter_vs_Warrior+Shaman,Mage+Hunter,Warrior+Shaman,19,team1,kill,36.13
Mage+Hunter_vs_Mage+Rogue,Mage+Hunter,Mage+Rogue,0,team1,kill,17.67
Mage+Hunter_vs_Mage+Rogue,Mage+Hunter,Mage+Rogue,1,team1,kill,17.87
Mage+Hunter_vs_Mage+Rogue,Mage+Hunter,Mage+Rogue,2,team1,kill,22.40
Mage+Hunter_vs_Mage+Rogue,Mage+Hunter,Mage+Rogue,3,team1,kill,17.87
Mage+Hunter_vs_Mage+Rogue,Mage+Hunter,Mage+Rogue,4,team1,kill,16.42
Mage+Hunter_vs_Mage+Rogue,Mage+Hunter,Mage+Rogue,5,team1,kill,22.40
Mage+Hunter_vs_Mage+Rogue,Mage+Hunter,Mage+Rogue,6,team1,kill,17.05
Mage+Hunter_vs_Mage+Rogue,Mage+Hunter,Mage+Rogue,7,team1,kill,16.42
Mage+Hunter_vs_Mage+Rogue,Mage+Hunter,Mage+Rogue,8,team1,kill,17.05
Mage+Hunter_vs_Mage+Rogue,Mage+Hunter,Mage+Rogue,9,team1,kill,22.38
Mage+Hunter_vs_Mage+Rogue,Mage+Hunter,Mage+Rogue,10,team1,kill,17.87
Mage+Hunter_vs_Mage+Rogue,Mage+Hunter,Mage+Rogue,11,team1,kill,16.42
Mage+Hunter_vs_Mage+Rogue,Mage+Hunter,Mage+Rogue,12,team1,kill,17.87
Mage+Hunter_vs_Mage+Rogue,Mage+Hunter,Mage+Rogue,13,team1,kill,16.42
Mage+Hunter_vs_Mage+Rogue,Mage+Hunter,Mage+Rogue,14,team1,kill,17.87
Mage+Hunter_vs_Mage+Rogue,Mage+Hunter,Mage+Rogue,15,team1,kill,17.87
Mage+Hunter_vs_Mage+Rogue,Mage+Hunter,Mage+Rogue,16,team1,kill,17.87
Mage+Hunter_vs_Mage+Rogue,Mage+Hunter,Mage+Rogue,17,team1,kill,22.40
Mage+Hunter_vs_Mage+Rogue,Mage+Hunter,Mage+Rogue,18,team1,kill,17.05
Mage+Hunter_vs_Mage+Rogue,Mage+Hunter,Mage+Rogue,19,team1,kill,17.87
Mage+Hunter_vs_Mage+Priest,Mage+Hunter,Mage+Priest,0,team2,kill,21.40
Mage+Hunter_vs_Mage+Priest,Mage+Hunter,Mage+Priest,1,team2,kill,22.12
Mage+Hunter_vs_Mage+Priest,Mage+Hunter,Mage+Priest,2,team2,kill,22.20
Mage+Hunter_vs_Mage+Priest,Mage+Hunter,Mage+Priest,3,team2,kill,22.23
Mage+Hunter_vs_Mage+Priest,Mage+Hunter,Mage+Priest,4,team2,kill,22.65
Mage+Hunter_vs_Mage+Priest,Mage+Hunter,Mage+Priest,5,team2,kill,21.33
Mage+Hunter_vs_Mage+Priest,Mage+Hunter,Mage+Priest,6,team2,kill,22.83
Mage+Hunter_vs_Mage+Priest,Mage+Hunter,Mage+Priest,7,team2,kill,21.62
Mage+Hunter_vs_Mage+Priest,Mage+Hunter,Mage+Priest,8,team2,kill,21.25
Mage+Hunter_vs_Mage+Priest,Mage+Hunter,Mage+Priest,9,team2,kill,21.33
Mage+Hunter_vs_Mage+Priest,Mage+Hunter,Mage+Priest,10,team2,kill,21.28
Mage+Hunter_vs_Mage+Priest,Mage+Hunter,Mage+Priest,11,team2,kill,22.22
Mage+Hunter_vs_Mage+Priest,Mage+Hunter,Mage+Priest,12,team2,kill,22.58
Mage+Hunter_vs_Mage+Priest,Mage+Hunter,Mage+Priest,13,team2,kill,21.48
Mage+Hunter_vs_Mage+Priest,Mage+Hunter,Mage+Priest,14,team2,kill,22.37
Mage+Hunter_vs_Mage+Priest,Mage+Hunter,Mage+Priest,15,team2,kill,21.40
Mage+Hunter_vs_Mage+Priest,Mage+Hunter,Mage+Priest,16,team2,kill,22.82
Mage+Hunter_vs_Mage+Priest,Mage+Hunter,Mage+Priest,17,team2,kill,22.20
Mage+Hunter_vs_Mage+Priest,Mage+Hunter,Mage+Priest,18,team2,kill,22.87
Mage+Hunter_vs_Mage+Priest,Mage+Hunter,Mage+Priest,19,team2,kill,22.58
Mage+Hunter_vs_Mage+Warlock,Mage+Hunter,Mage+Warlock,0,team2,kill,16.17
Mage+Hunter_vs_Mage+Warlock,Mage+Hunter,Mage+Warlock,1,team2,kill,16.23
Mage+Hunter_vs_Mage+Warlock,Mage+Hunter,Mage+Warlock,2,team2,kill,14.92
Mage+Hunter_vs_Mage+Warlock,Mage+Hunter,Mage+Warlock,3,team2,kill,16.07
Mage+Hunter_vs_Mage+Warlock,Mage+Hunter,Mage+Warlock,4,team2,kill,16.02
Mage+Hunter_vs_Mage+Warlock,Mage+Hunter,Mage+Warlock,5,team2,kill,14.92
Mage+Hunter_vs_Mage+Warlock,Mage+Hunter,Mage+Warlock,6,team2,kill,14.80
Mage+Hunter_vs_Mage+Warlock,Mage+Hunter,Mage+Warlock,7,team2,kill,14.68
Mage+Hunter_vs_Mage+Warlock,Mage+Hunter,Mage+Warlock,8,team2,kill,16.23
Mage+Hunter_vs_Mage+Warlock,Mage+Hunter,Mage+Warlock,9,team2,kill,16.10
Mage+Hunter_vs_Mage+Warlock,Mage+Hunter,Mage+Warlock,10,team2,kill,15.23
Mage+Hunter_vs_Mage+Warlock,Mage+Hunter,Mage+Warlock,11,team2,kill,16.08
Mage+Hunter_vs_Mage+Warlock,Mage+Hunter,Mage+Warlock,12,team2,kill,16.18
Mage+Hunter_vs_Mage+Warlock,Mage+Hunter,Mage+Warlock,13,team2,kill,13.40
Mage+Hunter_vs_Mage+Warlock,Mage+Hunter,Mage+Warlock,14,team2,kill,16.23
Mage+Hunter_vs_Mage+Warlock,Mage+Hunter,Mage+Warlock,15,team2,kill,16.08
Mage+Hunter_vs_Mage+Warlock,Mage+Hunter,Mage+Warlock,16,team2,kill,15.23
Mage+Hunter_vs_Mage+Warlock,Mage+Hunter,Mage+Warlock,17,team2,kill,16.10
Mage+Hunter_vs_Mage+Warlock,Mage+Hunter,Mage+Warlock,18,team2,kill,13.40
Mage+Hunter_vs_Mage+Warlock,Mage+Hunter,Mage+Warlock,19,team2,kill,16.20
Mage+Hunter_vs_Mage+Paladin,Mage+Hunter,Mage+Paladin,0,team2,kill,28.85
Mage+Hunter_vs_Mage+Paladin,Mage+Hunter,Mage+Paladin,1,team2,kill,28.77
Mage+Hunter_vs_Mage+Paladin,Mage+Hunter,Mage+Paladin,2,team2,kill,28.95
Mage+Hunter_vs_Mage+Paladin,Mage+Hunter,Mage+Paladin,3,team2,kill,28.88
Mage+Hunter_vs_Mage+Paladin,Mage+Hunter,Mage+Paladin,4,team2,kill,28.67
Mage+Hunter_vs_Mage+Paladin,Mage+Hunter,Mage+Paladin,5,team2,kill,27.23
Mage+Hunter_vs_Mage+Paladin,Mage+Hunter,Mage+Paladin,6,team2,kill,25.83
Mage+Hunter_vs_Mage+Paladin,Mage+Hunter,Mage+Paladin,7,team2,kill,28.88
Mage+Hunter_vs_Mage+Paladin,Mage+Hunter,Mage+Paladin,8,team2,kill,29.33
Mage+Hunter_vs_Mage+Paladin,Mage+Hunter,Mage+Paladin,9,team2,kill,28.93
Mage+Hunter_vs_Mage+Paladin,Mage+Hunter,Mage+Paladin,10,team2,kill,27.17
Mage+Hunter_vs_Mage+Paladin,Mage+Hunter,Mage+Paladin,11,team2,kill,28.88
Mage+Hunter_vs_Mage+Paladin,Mage+Hunter,Mage+Paladin,12,team2,kill,27.17
Mage+Hunter_vs_Mage+Paladin,Mage+Hunter,Mage+Paladin,13,team2,kill,27.32
Mage+Hunter_vs_Mage+Paladin,Mage+Hunter,Mage+Paladin,14,team2,kill,28.75
Mage+Hunter_vs_Mage+Paladin,Mage+Hunter,Mage+Paladin,15,team2,kill,28.92
Mage+Hunter_vs_Mage+Paladin,Mage+Hunter,Mage+Paladin,16,team2,kill,27.13
Mage+Hunter_vs_Mage+Paladin,Mage+Hunter,Mage+Paladin,17,team2,kill,28.85
Mage+Hunter_vs_Mage+Paladin,Mage+Hunter,Mage+Paladin,18,team2,kill,27.32
Mage+Hunter_vs_Mage+Paladin,Mage+Hunter,Mage+Paladin,19,team2,kill,25.82
Mage+Hunter_vs_Mage+Hunter,Mage+Hunter,Mage+Hunter,0,team2,kill,14.57
Mage+Hunter_vs_Mage+Hunter,Mage+Hunter,Mage+Hunter,1,team1,kill,16.00
Mage+Hunter_vs_Mage+Hunter,Mage+Hunter,Mage+Hunter,2,team2,kill,13.27
Mage+Hunter_vs_Mage+Hunter,Mage+Hunter,Mage+Hunter,3,team2,kill,14.57
Mage+Hunter_vs_Mage+Hunter,Mage+Hunter,Mage+Hunter,4,team1,kill,15.53
Mage+Hunter_vs_Mage+Hunter,Mage+Hunter,Mage+Hunter,5,team2,kill,15.53
Mage+Hunter_vs_Mage+Hunter,Mage+Hunter,Mage+Hunter,6,draw,kill,15.53
Mage+Hunter_vs_Mage+Hunter,Mage+Hunter,Mage+Hunter,7,team2,kill,14.57
Mage+Hunter_vs_Mage+Hunter,Mage+Hunter,Mage+Hunter,8,team2,kill,13.27
Mage+Hunter_vs_Mage+Hunter,Mage+Hunter,Mage+Hunter,9,team2,kill,14.57
Mage+Hunter_vs_Mage+Hunter,Mage+Hunter,Mage+Hunter,10,team2,kill,13.48
Mage+Hunter_vs_Mage+Hunter,Mage+Hunter,Mage+Hunter,11,team1,kill,15.53
Mage+Hunter_vs_Mage+Hunter,Mage+Hunter,Mage+Hunter,12,team1,kill,14.57
Mage+Hunter_vs_Mage+Hunter,Mage+Hunter,Mage+Hunter,13,team2,kill,14.57
Mage+Hunter_vs_Mage+Hunter,Mage+Hunter,Mage+Hunter,14,team2,kill,16.50
Mage+Hunter_vs_Mage+Hunter,Mage+Hunter,Mage+Hunter,15,team1,kill,14.57
Mage+Hunter_vs_Mage+Hunter,Mage+Hunter,Mage+Hunter,16,team1,kill,14.57
Mage+Hunter_vs_Mage+Hunter,Mage+Hunter,Mage+Hunter,17,team1,kill,14.57
Mage+Hunter_vs_Mage+Hunter,Mage+Hunter,Mage+Hunter,18,team1,kill,16.00
Mage+Hunter_vs_Mage+Hunter,Mage+Hunter,Mage+Hunter,19,team1,kill,14.57
Mage+Hunter_vs_Mage+Shaman,Mage+Hunter,Mage+Shaman,0,team2,kill,19.62
Mage+Hunter_vs_Mage+Shaman,Mage+Hunter,Mage+Shaman,1,team1,kill,17.90
Mage+Hunter_vs_Mage+Shaman,Mage+Hunter,Mage+Shaman,2,team2,kill,19.40
Mage+Hunter_vs_Mage+Shaman,Mage+Hunter,Mage+Shaman,3,team2,kill,19.33
Mage+Hunter_vs_Mage+Shaman,Mage+Hunter,Mage+Shaman,4,team2,kill,19.42
Mage+Hunter_vs_Mage+Shaman,Mage+Hunter,Mage+Shaman,5,team2,kill,14.98
Mage+Hunter_vs_Mage+Shaman,Mage+Hunter,Mage+Shaman,6,team1,kill,16.38
Mage+Hunter_vs_Mage+Shaman,Mage+Hunter,Mage+Shaman,7,team2,kill,19.67
Mage+Hunter_vs_Mage+Shaman,Mage+Hunter,Mage+Shaman,8,team2,kill,19.45
Mage+Hunter_vs_Mage+Shaman,Mage+Hunter,Mage+Shaman,9,team2,kill,22.15
Mage+Hunter_vs_Mage+Shaman,Mage+Hunter,Mage+Shaman,10,team2,kill,19.58
Mage+Hunter_vs_Mage+Shaman,Mage+Hunter,Mage+Shaman,11,team2,kill,19.47
Mage+Hunter_vs_Mage+Shaman,Mage+Hunter,Mage+Shaman,12,team2,kill,19.32
Mage+Hunter_vs_Mage+Shaman,Mage+Hunter,Mage+Shaman,13,team2,kill,19.47
Mage+Hunter_vs_Mage+Shaman,Mage+Hunter,Mage+Shaman,14,team1,kill,21.82
Mage+Hunter_vs_Mage+Shaman,Mage+Hunter,Mage+Shaman,15,team2,kill,16.57
Mage+Hunter_vs_Mage+Shaman,Mage+Hunter,Mage+Shaman,16,team2,kill,19.47
Mage+Hunter_vs_Mage+Shaman,Mage+Hunter,Mage+Shaman,17,team1,kill,19.05
Mage+Hunter_vs_Mage+Shaman,Mage+Hunter,Mage+Shaman,18,team2,kill,19.28
Mage+Hunter_vs_Mage+Shaman,Mage+Hunter,Mage+Shaman,19,team2,kill,22.15
Mage+Hunter_vs_Rogue+Priest,Mage+Hunter,Rogue+Priest,0,team1,kill,66.85
Mage+Hunter_vs_Rogue+Priest,Mage+Hunter,Rogue+Priest,1,team2,kill,34.22
Mage+Hunter_vs_Rogue+Priest,Mage+Hunter,Rogue+Priest,2,team1,kill,90.45
Mage+Hunter_vs_Rogue+Priest,Mage+Hunter,Rogue+Priest,3,team2,kill,53.02
Mage+Hunter_vs_Rogue+Priest,Mage+Hunter,Rogue+Priest,4,team2,kill,48.32
Mage+Hunter_vs_Rogue+Priest,Mage+Hunter,Rogue+Priest,5,team2,kill,34.22
Mage+Hunter_vs_Rogue+Priest,Mage+Hunter,Rogue+Priest,6,team1,kill,81.00
Mage+Hunter_vs_Rogue+Priest,Mage+Hunter,Rogue+Priest,7,team1,kill,58.17
Mage+Hunter_vs_Rogue+Priest,Mage+Hunter,Rogue+Priest,8,team2,kill,67.70
Mage+Hunter_vs_Rogue+Priest,Mage+Hunter,Rogue+Priest,9,team2,kill,56.92
Mage+Hunter_vs_Rogue+Priest,Mage+Hunter,Rogue+Priest,10,team2,kill,34.22
Mage+Hunter_vs_Rogue+Priest,Mage+Hunter,Rogue+Priest,11,team2,kill,35.08
Mage+Hunter_vs_Rogue+Priest,Mage+Hunter,Rogue+Priest,12,team1,kill,60.53
Mage+Hunter_vs_Rogue+Priest,Mage+Hunter,Rogue+Priest,13,team2,kill,35.35
Mage+Hunter_vs_Rogue+Priest,Mage+Hunter,Rogue+Priest,14,team1,kill,57.38
Mage+Hunter_vs_Rogue+Priest,Mage+Hunter,Rogue+Priest,15,team2,kill,52.50
Mage+Hunter_vs_Rogue+Priest,Mage+Hunter,Rogue+Priest,16,team1,kill,81.00
Mage+Hunter_vs_Rogue+Priest,Mage+Hunter,Rogue+Priest,17,team2,kill,57.58
Mage+Hunter_vs_Rogue+Priest,Mage+Hunter,Rogue+Priest,18,team2,kill,71.60
Mage+Hunter_vs_Rogue+Priest,Mage+Hunter,Rogue+Priest,19,team2,kill,34.22
Mage+Hunter_vs_Rogue+Warlock,Mage+Hunter,Rogue+Warlock,0,team1,kill,21.35
Mage+Hunter_vs_Rogue+Warlock,Mage+Hunter,Rogue+Warlock,1,team1,kill,20.13
Mage+Hunter_vs_Rogue+Warlock,Mage+Hunter,Rogue+Warlock,2,team1,kill,21.70
Mage+Hunter_vs_Rogue+Warlock,Mage+Hunter,Rogue+Warlock,3,team1,kill,21.35
Mage+Hunter_vs_Rogue+Warlock,Mage+Hunter,Rogue+Warlock,4,team1,kill,20.13
Mage+Hunter_vs_Rogue+Warlock,Mage+Hunter,Rogue+Warlock,5,team1,kill,19.32
Mage+Hunter_vs_Rogue+Warlock,Mage+Hunter,Rogue+Warlock,6,team1,kill,19.32
Mage+Hunter_vs_Rogue+Warlock,Mage+Hunter,Rogue+Warlock,7,team1,kill,19.32
Mage+Hunter_vs_Rogue+Warlock,Mage+Hunter,Rogue+Warlock,8,team1,kill,20.15
Mage+Hunter_vs_Rogue+Warlock,Mage+Hunter,Rogue+Warlock,9,team1,kill,19.32
Mage+Hunter_vs_Rogue+Warlock,Mage+Hunter,Rogue+Warlock,10,team1,kill,21.35
Mage+Hunter_vs_Rogue+Warlock,Mage+Hunter,Rogue+Warlock,11,team1,kill,20.92
Mage+Hunter_vs_Rogue+Warlock,Mage+Hunter,Rogue+Warlock,12,team1,kill,21.08
Mage+Hunter_vs_Rogue+Warlock,Mage+Hunter,Rogue+Warlock,13,team1,kill,19.32
Mage+Hunter_vs_Rogue+Warlock,Mage+Hunter,Rogue+Warlock,14,team1,kill,20.92
Mage+Hunter_vs_Rogue+Warlock,Mage+Hunter,Rogue+Warlock,15,team1,kill,18.87
Mage+Hunter_vs_Rogue+Warlock,Mage+Hunter,Rogue+Warlock,16,team1,kill,21.70
Mage+Hunter_vs_Rogue+Warlock,Mage+Hunter,Rogue+Warlock,17,team1,kill,20.92
Mage+Hunter_vs_Rogue+Warlock,Mage+Hunter,Rogue+Warlock,18,team1,kill,21.35
Mage+Hunter_vs_Rogue+Warlock,Mage+Hunter,Rogue+Warlock,19,team1,kill,17.83
Mage+Hunter_vs_Rogue+Paladin,Mage+Hunter,Rogue+Paladin,0,team2,kill,49.68
Mage+Hunter_vs_Rogue+Paladin,Mage+Hunter,Rogue+Paladin,1,team2,kill,51.27
Mage+Hunter_vs_Rogue+Paladin,Mage+Hunter,Rogue+Paladin,2,team2,kill,48.92
Mage+Hunter_vs_Rogue+Paladin,Mage+Hunter,Rogue+Paladin,3,team2,kill,52.48
Mage+Hunter_vs_Rogue+Paladin,Mage+Hunter,Rogue+Paladin,4,team2,kill,53.27
Mage+Hunter_vs_Rogue+Paladin,Mage+Hunter,Rogue+Paladin,5,team2,kill,43.42
Mage+Hunter_vs_Rogue+Paladin,Mage+Hunter,Rogue+Paladin,6,team2,kill,51.98
Mage+Hunter_vs_Rogue+Paladin,Mage+Hunter,Rogue+Paladin,7,team2,kill,53.43
Mage+Hunter_vs_Rogue+Paladin,Mage+Hunter,Rogue+Paladin,8,team2,kill,51.92
Mage+Hunter_vs_Rogue+Paladin,Mage+Hunter,Rogue+Paladin,9,team2,kill,53.10
Mage+Hunter_vs_Rogue+Paladin,Mage+Hunter,Rogue+Paladin,10,team2,kill,49.70
Mage+Hunter_vs_Rogue+Paladin,Mage+Hunter,Rogue+Paladin,11,team2,kill,51.28
Mage+Hunter_vs_Rogue+Paladin,Mage+Hunter,Rogue+Paladin,12,team2,kill,49.05
Mage+Hunter_vs_Rogue+Paladin,Mage+Hunter,Rogue+Paladin,13,team2,kill,52.12
Mage+Hunter_vs_Rogue+Paladin,Mage+Hunter,Rogue+Paladin,14,team2,kill,49.67
Mage+Hunter_vs_Rogue+Paladin,Mage+Hunter,Rogue+Paladin,15,team2,kill,52.12
Mage+Hunter_vs_Rogue+Paladin,Mage+Hunter,Rogue+Paladin,16,team2,kill,53.32
Mage+Hunter_vs_Rogue+Paladin,Mage+Hunter,Rogue+Paladin,17,team2,kill,47.25
Mage+Hunter_vs_Rogue+Paladin,Mage+Hunter,Rogue+Paladin,18,team2,kill,53.32
Mage+Hunter_vs_Rogue+Paladin,Mage+Hunter,Rogue+Paladin,19,team2,kill,53.32
Mage+Hunter_vs_Rogue+Hunter,Mage+Hunter,Rogue+Hunter,0,team1,kill,17.40
Mage+Hunter_vs_Rogue+Hunter,Mage+Hunter,Rogue+Hunter,1,team1,kill,17.40
Mage+Hunter_vs_Rogue+Hunter,Mage+Hunter,Rogue+Hunter,2,team1,kill,17.40
Mage+Hunter_vs_Rogue+Hunter,Mage+Hunter,Rogue+Hunter,3,team1,kill,17.40
Mage+Hunter_vs_Rogue+Hunter,Mage+Hunter,Rogue+Hunter,4,team1,kill,17.40
Mage+Hunter_vs_Rogue+Hunter,Mage+Hunter,Rogue+Hunter,5,team1,kill,17.40
Mage+Hunter_vs_Rogue+Hunter,Mage+Hunter,Rogue+Hunter,6,team1,kill,17.40
Mage+Hunter_vs_Rogue+Hunter,Mage+Hunter,Rogue+Hunter,7,team1,kill,17.38
Mage+Hunter_vs_Rogue+Hunter,Mage+Hunter,Rogue+Hunter,8,team1,kill,17.40
Mage+Hunter_vs_Rogue+Hunter,Mage+Hunter,Rogue+Hunter,9,team1,kill,17.40
Mage+Hunter_vs_Rogue+Hunter,Mage+Hunter,Rogue+Hunter,10,team1,kill,17.40
Mage+Hunter_vs_Rogue+Hunter,Mage+Hunter,Rogue+Hunter,11,team1,kill,17.40
Mage+Hunter_vs_Rogue+Hunter,Mage+Hunter,Rogue+Hunter,12,team1,kill,17.40
Mage+Hunter_vs_Rogue+Hunter,Mage+Hunter,Rogue+Hunter,13,team1,kill,17.38
Mage+Hunter_vs_Rogue+Hunter,Mage+Hunter,Rogue+Hunter,14,team1,kill,17.40
Mage+Hunter_vs_Rogue+Hunter,Mage+Hunter,Rogue+Hunter,15,team1,kill,17.40
Mage+Hunter_vs_Rogue+Hunter,Mage+Hunter,Rogue+Hunter,16,team1,kill,17.40
Mage+Hunter_vs_Rogue+Hunter,Mage+Hunter,Rogue+Hunter,17,team1,kill,17.38
Mage+Hunter_vs_Rogue+Hunter,Mage+Hunter,Rogue+Hunter,18,team1,kill,17.40
Mage+Hunter_vs_Rogue+Hunter,Mage+Hunter,Rogue+Hunter,19,team1,kill,17.40
Mage+Hunter_vs_Rogue+Shaman,Mage+Hunter,Rogue+Shaman,0,team1,kill,17.72
Mage+Hunter_vs_Rogue+Shaman,Mage+Hunter,Rogue+Shaman,1,team1,kill,17.72
Mage+Hunter_vs_Rogue+Shaman,Mage+Hunter,Rogue+Shaman,2,team1,kill,16.47
Mage+Hunter_vs_Rogue+Shaman,Mage+Hunter,Rogue+Shaman,3,team1,kill,17.72
Mage+Hunter_vs_Rogue+Shaman,Mage+Hunter,Rogue+Shaman,4,team1,kill,17.72
Mage+Hunter_vs_Rogue+Shaman,Mage+Hunter,Rogue+Shaman,5,team1,kill,16.27
Mage+Hunter_vs_Rogue+Shaman,Mage+Hunter,Rogue+Shaman,6,team1,kill,16.47
Mage+Hunter_vs_Rogue+Shaman,Mage+Hunter,Rogue+Shaman,7,team1,kill,17.72
Mage+Hunter_vs_Rogue+Shaman,Mage+Hunter,Rogue+Shaman,8,team1,kill,17.72
Mage+Hunter_vs_Rogue+Shaman,Mage+Hunter,Rogue+Shaman,9,team1,kill,17.72
Mage+Hunter_vs_Rogue+Shaman,Mage+Hunter,Rogue+Shaman,10,team1,kill,17.72
Mage+Hunter_vs_Rogue+Shaman,Mage+Hunter,Rogue+Shaman,11,team1,kill,17.72
Mage+Hunter_vs_Rogue+Shaman,Mage+Hunter,Rogue+Shaman,12,team1,kill,17.72
Mage+Hunter_vs_Rogue+Shaman,Mage+Hunter,Rogue+Shaman,13,team1,kill,16.48
Mage+Hunter_vs_Rogue+Shaman,Mage+Hunter,Rogue+Shaman,14,team1,kill,17.72
Mage+Hunter_vs_Rogue+Shaman,Mage+Hunter,Rogue+Shaman,15,team1,kill,16.48
Mage+Hunter_vs_Rogue+Shaman,Mage+Hunter,Rogue+Shaman,16,team1,kill,28.27
Mage+Hunter_vs_Rogue+Shaman,Mage+Hunter,Rogue+Shaman,17,team1,kill,17.72
Mage+Hunter_vs_Rogue+Shaman,Mage+Hunter,Rogue+Shaman,18,team1,kill,17.72
Mage+Hunter_vs_Rogue+Shaman,Mage+Hunter,Rogue+Shaman,19,team1,kill,19.40
Mage+Hunter_vs_Priest+Warlock,Mage+Hunter,Priest+Warlock,0,team2,kill,34.67
Mage+Hunter_vs_Priest+Warlock,Mage+Hunter,Priest+Warlock,1,team2,kill,34.67
Mage+Hunter_vs_Priest+Warlock,Mage+Hunter,Priest+Warlock,2,team2,kill,35.77
Mage+Hunter_vs_Priest+Warlock,Mage+Hunter,Priest+Warlock,3,team2,kill,35.18
Mage+Hunter_vs_Priest+Warlock,Mage+Hunter,Priest+Warlock,4,team2,kill,34.67
Mage+Hunter_vs_Priest+Warlock,Mage+Hunter,Priest+Warlock,5,team2,kill,34.67
Mage+Hunter_vs_Priest+Warlock,Mage+Hunter,Priest+Warlock,6,team2,kill,34.67
Mage+Hunter_vs_Priest+Warlock,Mage+Hunter,Priest+Warlock,7,team2,kill,34.67
Mage+Hunter_vs_Priest+Warlock,Mage+Hunter,Priest+Warlock,8,team2,kill,34.67
Mage+Hunter_vs_Priest+Warlock,Mage+Hunter,Priest+Warlock,9,team2,kill,34.67
Mage+Hunter_vs_Priest+Warlock,Mage+Hunter,Priest+Warlock,10,team2,kill,30.78
Mage+Hunter_vs_Priest+Warlock,Mage+Hunter,Priest+Warlock,11,team2,kill,34.67
Mage+Hunter_vs_Priest+Warlock,Mage+Hunter,Priest+Warlock,12,team2,kill,35.77
Mage+Hunter_vs_Priest+Warlock,Mage+Hunter,Priest+Warlock,13,team2,kill,34.67
Mage+Hunter_vs_Priest+Warlock,Mage+Hunter,Priest+Warlock,14,team2,kill,34.67
Mage+Hunter_vs_Priest+Warlock,Mage+Hunter,Priest+Warlock,15,team2,kill,34.67
Mage+Hunter_vs_Priest+Warlock,Mage+Hunter,Priest+Warlock,16,team2,kill,34.67
Mage+Hunter_vs_Priest+Warlock,Mage+Hunter,Priest+Warlock,17,team2,kill,34.67
Mage+Hunter_vs_Priest+Warlock,Mage+Hunter,Priest+Warlock,18,team2,kill,35.77
Mage+Hunter_vs_Priest+Warlock,Mage+Hunter,Priest+Warlock,19,team2,kill,34.67
Mage+Hunter_vs_Priest+Hunter,Mage+Hunter,Priest+Hunter,0,team1,kill,25.02
Mage+Hunter_vs_Priest+Hunter,Mage+Hunter,Priest+Hunter,1,team1,kill,14.65
Mage+Hunter_vs_Priest+Hunter,Mage+Hunter,Priest+Hunter,2,team1,kill,17.58
Mage+Hunter_vs_Priest+Hunter,Mage+Hunter,Priest+Hunter,3,team1,kill,28.05
Mage+Hunter_vs_Priest+Hunter,Mage+Hunter,Priest+Hunter,4,team1,kill,16.00
Mage+Hunter_vs_Priest+Hunter,Mage+Hunter,Priest+Hunter,5,team1,kill,25.02
Mage+Hunter_vs_Priest+Hunter,Mage+Hunter,Priest+Hunter,6,team1,kill,28.05
Mage+Hunter_vs_Priest+Hunter,Mage+Hunter,Priest+Hunter,7,team1,kill,18.95
Mage+Hunter_vs_Priest+Hunter,Mage+Hunter,Priest+Hunter,8,team1,kill,21.98
Mage+Hunter_vs_Priest+Hunter,Mage+Hunter,Priest+Hunter,9,team2,kill,28.03
Mage+Hunter_vs_Priest+Hunter,Mage+Hunter,Priest+Hunter,10,team2,kill,28.03
Mage+Hunter_vs_Priest+Hunter,Mage+Hunter,Priest+Hunter,11,team2,kill,24.85
Mage+Hunter_vs_Priest+Hunter,Mage+Hunter,Priest+Hunter,12,team1,kill,28.05
Mage+Hunter_vs_Priest+Hunter,Mage+Hunter,Priest+Hunter,13,team1,kill,25.02
Mage+Hunter_vs_Priest+Hunter,Mage+Hunter,Priest+Hunter,14,team2,kill,28.55
Mage+Hunter_vs_Priest+Hunter,Mage+Hunter,Priest+Hunter,15,team2,kill,23.53
Mage+Hunter_vs_Priest+Hunter,Mage+Hunter,Priest+Hunter,16,team2,kill,28.57
Mage+Hunter_vs_Priest+Hunter,Mage+Hunter,Priest+Hunter,17,team1,kill,25.02
Mage+Hunter_vs_Priest+Hunter,Mage+Hunter,Priest+Hunter,18,team1,kill,14.65
Mage+Hunter_vs_Priest+Hunter,Mage+Hunter,Priest+Hunter,19,team1,kill,25.02
Mage+Hunter_vs_Warlock+Paladin,Mage+Hunter,Warlock+Paladin,0,team2,kill,34.92
Mage+Hunter_vs_Warlock+Paladin,Mage+Hunter,Warlock+Paladin,1,team2,kill,34.92
Mage+Hunter_vs_Warlock+Paladin,Mage+Hunter,Warlock+Paladin,2,team2,kill,35.25
Mage+Hunter_vs_Warlock+Paladin,Mage+Hunter,Warlock+Paladin,3,team2,kill,35.70
Mage+Hunter_vs_Warlock+Paladin,Mage+Hunter,Warlock+Paladin,4,team2,kill,34.92
Mage+Hunter_vs_Warlock+Paladin,Mage+Hunter,Warlock+Paladin,5,team2,kill,34.92
Mage+Hunter_vs_Warlock+Paladin,Mage+Hunter,Warlock+Paladin,6,team2,kill,34.92
Mage+Hunter_vs_Warlock+Paladin,Mage+Hunter,Warlock+Paladin,7,team2,kill,34.92
Mage+Hunter_vs_Warlock+Paladin,Mage+Hunter,Warlock+Paladin,8,team2,kill,34.27
Mage+Hunter_vs_Warlock+Paladin,Mage+Hunter,Warlock+Paladin,9,team2,kill,34.32
Mage+Hunter_vs_Warlock+Paladin,Mage+Hunter,Warlock+Paladin,10,team2,kill,34.92
Mage+Hunter_vs_Warlock+Paladin,Mage+Hunter,Warlock+Paladin,11,team2,kill,34.92
Mage+Hunter_vs_Warlock+Paladin,Mage+Hunter,Warlock+Paladin,12,team2,kill,31.90
Mage+Hunter_vs_Warlock+Paladin,Mage+Hunter,Warlock+Paladin,13,team2,kill,34.92
Mage+Hunter_vs_Warlock+Paladin,Mage+Hunter,Warlock+Paladin,14,team2,kill,28.20
Mage+Hunter_vs_Warlock+Paladin,Mage+Hunter,Warlock+Paladin,15,team2,kill,35.13
Mage+Hunter_vs_Warlock+Paladin,Mage+Hunter,Warlock+Paladin,16,team2,kill,31.23
Mage+Hunter_vs_Warlock+Paladin,Mage+Hunter,Warlock+Paladin,17,team2,kill,35.02
Mage+Hunter_vs_Warlock+Paladin,Mage+Hunter,Warlock+Paladin,18,team2,kill,32.83
Mage+Hunter_vs_Warlock+Paladin,Mage+Hunter,Warlock+Paladin,19,team2,kill,34.27
Mage+Hunter_vs_Warlock+Hunter,Mage+Hunter,Warlock+Hunter,0,team1,kill,17.67
Mage+Hunter_vs_Warlock+Hunter,Mage+Hunter,Warlock+Hunter,1,team1,kill,17.28
Mage+Hunter_vs_Warlock+Hunter,Mage+Hunter,Warlock+Hunter,2,team1,kill,19.18
Mage+Hunter_vs_Warlock+Hunter,Mage+Hunter,Warlock+Hunter,3,team1,kill,17.67
Mage+Hunter_vs_Warlock+Hunter,Mage+Hunter,Warlock+Hunter,4,team1,kill,14.73
Mage+Hunter_vs_Warlock+Hunter,Mage+Hunter,Warlock+Hunter,5,team1,kill,17.67
Mage+Hunter_vs_Warlock+Hunter,Mage+Hunter,Warlock+Hunter,6,team1,kill,19.18
Mage+Hunter_vs_Warlock+Hunter,Mage+Hunter,Warlock+Hunter,7,team1,kill,14.73
Mage+Hunter_vs_Warlock+Hunter,Mage+Hunter,Warlock+Hunter,8,team1,kill,16.28
Mage+Hunter_vs_Warlock+Hunter,Mage+Hunter,Warlock+Hunter,9,team1,kill,17.67
Mage+Hunter_vs_Warlock+Hunter,Mage+Hunter,Warlock+Hunter,10,team1,kill,17.58
Mage+Hunter_vs_Warlock+Hunter,Mage+Hunter,Warlock+Hunter,11,team1,kill,19.18
Mage+Hunter_vs_Warlock+Hunter,Mage+Hunter,Warlock+Hunter,12,team2,kill,16.88
Mage+Hunter_vs_Warlock+Hunter,Mage+Hunter,Warlock+Hunter,13,team1,kill,19.18
Mage+Hunter_vs_Warlock+Hunter,Mage+Hunter,Warlock+Hunter,14,team1,kill,17.67
Mage+Hunter_vs_Warlock+Hunter,Mage+Hunter,Warlock+Hunter,15,team1,kill,19.18
Mage+Hunter_vs_Warlock+Hunter,Mage+Hunter,Warlock+Hunter,16,team1,kill,16.28
Mage+Hunter_vs_Warlock+Hunter,Mage+Hunter,Warlock+Hunter,17,team1,kill,19.18
Mage+Hunter_vs_Warlock+Hunter,Mage+Hunter,Warlock+Hunter,18,team1,kill,17.67
Mage+Hunter_vs_Warlock+Hunter,Mage+Hunter,Warlock+Hunter,19,team1,kill,17.90
Mage+Hunter_vs_Warlock+Shaman,Mage+Hunter,Warlock+Shaman,0,team2,kill,25.15
Mage+Hunter_vs_Warlock+Shaman,Mage+Hunter,Warlock+Shaman,1,team2,kill,25.15
Mage+Hunter_vs_Warlock+Shaman,Mage+Hunter,Warlock+Shaman,2,team2,kill,25.15
Mage+Hunter_vs_Warlock+Shaman,Mage+Hunter,Warlock+Shaman,3,team2,kill,20.25
Mage+Hunter_vs_Warlock+Shaman,Mage+Hunter,Warlock+Shaman,4,team2,kill,25.15
Mage+Hunter_vs_Warlock+Shaman,Mage+Hunter,Warlock+Shaman,5,team2,kill,25.15
Mage+Hunter_vs_Warlock+Shaman,Mage+Hunter,Warlock+Shaman,6,team2,kill,25.15
Mage+Hunter_vs_Warlock+Shaman,Mage+Hunter,Warlock+Shaman,7,team2,kill,25.15
Mage+Hunter_vs_Warlock+Shaman,Mage+Hunter,Warlock+Shaman,8,team2,kill,25.15
Mage+Hunter_vs_Warlock+Shaman,Mage+Hunter,Warlock+Shaman,9,team2,kill,25.15
Mage+Hunter_vs_Warlock+Shaman,Mage+Hunter,Warlock+Shaman,10,team2,kill,25.15
Mage+Hunter_vs_Warlock+Shaman,Mage+Hunter,Warlock+Shaman,11,team2,kill,25.15
Mage+Hunter_vs_Warlock+Shaman,Mage+Hunter,Warlock+Shaman,12,team2,kill,25.15
Mage+Hunter_vs_Warlock+Shaman,Mage+Hunter,Warlock+Shaman,13,team2,kill,25.15
Mage+Hunter_vs_Warlock+Shaman,Mage+Hunter,Warlock+Shaman,14,team2,kill,26.67
Mage+Hunter_vs_Warlock+Shaman,Mage+Hunter,Warlock+Shaman,15,team2,kill,25.15
Mage+Hunter_vs_Warlock+Shaman,Mage+Hunter,Warlock+Shaman,16,team2,kill,25.15
Mage+Hunter_vs_Warlock+Shaman,Mage+Hunter,Warlock+Shaman,17,team1,kill,17.28
Mage+Hunter_vs_Warlock+Shaman,Mage+Hunter,Warlock+Shaman,18,team2,kill,25.15
Mage+Hunter_vs_Warlock+Shaman,Mage+Hunter,Warlock+Shaman,19,team2,kill,25.15
Mage+Hunter_vs_Paladin+Hunter,Mage+Hunter,Paladin+Hunter,0,team2,kill,39.37
Mage+Hunter_vs_Paladin+Hunter,Mage+Hunter,Paladin+Hunter,1,team2,kill,48.70
Mage+Hunter_vs_Paladin+Hunter,Mage+Hunter,Paladin+Hunter,2,team1,kill,33.07
Mage+Hunter_vs_Paladin+Hunter,Mage+Hunter,Paladin+Hunter,3,team2,kill,34.27
Mage+Hunter_vs_Paladin+Hunter,Mage+Hunter,Paladin+Hunter,4,team2,kill,40.78
Mage+Hunter_vs_Paladin+Hunter,Mage+Hunter,Paladin+Hunter,5,team2,kill,36.85
Mage+Hunter_vs_Paladin+Hunter,Mage+Hunter,Paladin+Hunter,6,team1,kill,35.08
Mage+Hunter_vs_Paladin+Hunter,Mage+Hunter,Paladin+Hunter,7,team2,kill,35.58
Mage+Hunter_vs_Paladin+Hunter,Mage+Hunter,Paladin+Hunter,8,team2,kill,39.97
Mage+Hunter_vs_Paladin+Hunter,Mage+Hunter,Paladin+Hunter,9,team2,kill,52.97
Mage+Hunter_vs_Paladin+Hunter,Mage+Hunter,Paladin+Hunter,10,team2,kill,33.58
Mage+Hunter_vs_Paladin+Hunter,Mage+Hunter,Paladin+Hunter,11,team2,kill,40.67
Mage+Hunter_vs_Paladin+Hunter,Mage+Hunter,Paladin+Hunter,12,team2,kill,42.33
Mage+Hunter_vs_Paladin+Hunter,Mage+Hunter,Paladin+Hunter,13,team2,kill,65.08
Mage+Hunter_vs_Paladin+Hunter,Mage+Hunter,Paladin+Hunter,14,team2,kill,33.58
Mage+Hunter_vs_Paladin+Hunter,Mage+Hunter,Paladin+Hunter,15,team2,kill,33.90
Mage+Hunter_vs_Paladin+Hunter,Mage+Hunter,Paladin+Hunter,16,team2,kill,40.98
Mage+Hunter_vs_Paladin+Hunter,Mage+Hunter,Paladin+Hunter,17,team1,kill,37.32
Mage+Hunter_vs_Paladin+Hunter,Mage+Hunter,Paladin+Hunter,18,team1,kill,47.78
Mage+Hunter_vs_Paladin+Hunter,Mage+Hunter,Paladin+Hunter,19,team2,kill,31.42
Mage+Hunter_vs_Hunter+Shaman,Mage+Hunter,Hunter+Shaman,0,team1,kill,27.55
Mage+Hunter_vs_Hunter+Shaman,Mage+Hunter,Hunter+Shaman,1,team1,kill,18.72
Mage+Hunter_vs_Hunter+Shaman,Mage+Hunter,Hunter+Shaman,2,team1,kill,27.55
Mage+Hunter_vs_Hunter+Shaman,Mage+Hunter,Hunter+Shaman,3,team2,kill,23.12
Mage+Hunter_vs_Hunter+Shaman,Mage+Hunter,Hunter+Shaman,4,team1,kill,31.28
Mage+Hunter_vs_Hunter+Shaman,Mage+Hunter,Hunter+Shaman,5,team1,kill,27.55
Mage+Hunter_vs_Hunter+Shaman,Mage+Hunter,Hunter+Shaman,6,team1,kill,27.55
Mage+Hunter_vs_Hunter+Shaman,Mage+Hunter,Hunter+Shaman,7,team1,kill,16.28
Mage+Hunter_vs_Hunter+Shaman,Mage+Hunter,Hunter+Shaman,8,team1,kill,29.07
Mage+Hunter_vs_Hunter+Shaman,Mage+Hunter,Hunter+Shaman,9,team1,kill,27.55
Mage+Hunter_vs_Hunter+Shaman,Mage+Hunter,Hunter+Shaman,10,team2,kill,16.57
Mage+Hunter_vs_Hunter+Shaman,Mage+Hunter,Hunter+Shaman,11,team2,kill,25.62
Mage+Hunter_vs_Hunter+Shaman,Mage+Hunter,Hunter+Shaman,12,team1,kill,14.77
Mage+Hunter_vs_Hunter+Shaman,Mage+Hunter,Hunter+Shaman,13,team1,kill,29.07
Mage+Hunter_vs_Hunter+Shaman,Mage+Hunter,Hunter+Shaman,14,team1,kill,27.55
Mage+Hunter_vs_Hunter+Shaman,Mage+Hunter,Hunter+Shaman,15,team1,kill,16.52
Mage+Hunter_vs_Hunter+Shaman,Mage+Hunter,Hunter+Shaman,16,team2,kill,25.62
Mage+Hunter_vs_Hunter+Shaman,Mage+Hunter,Hunter+Shaman,17,team1,kill,19.55
Mage+Hunter_vs_Hunter+Shaman,Mage+Hunter,Hunter+Shaman,18,team1,kill,27.55
Mage+Hunter_vs_Hunter+Shaman,Mage+Hunter,Hunter+Shaman,19,team1,kill,16.52
Mage+Shaman_vs_Warrior+Mage,Mage+Shaman,Warrior+Mage,0,team1,kill,15.17
Mage+Shaman_vs_Warrior+Mage,Mage+Shaman,Warrior+Mage,1,team1,kill,16.25
Mage+Shaman_vs_Warrior+Mage,Mage+Shaman,Warrior+Mage,2,team1,kill,16.68
Mage+Shaman_vs_Warrior+Mage,Mage+Shaman,Warrior+Mage,3,team1,kill,16.68
Mage+Shaman_vs_Warrior+Mage,Mage+Shaman,Warrior+Mage,4,team1,kill,16.68
Mage+Shaman_vs_Warrior+Mage,Mage+Shaman,Warrior+Mage,5,team1,kill,16.68
Mage+Shaman_vs_Warrior+Mage,Mage+Shaman,Warrior+Mage,6,team1,kill,15.17
Mage+Shaman_vs_Warrior+Mage,Mage+Shaman,Warrior+Mage,7,team1,kill,16.68
Mage+Shaman_vs_Warrior+Mage,Mage+Shaman,Warrior+Mage,8,team1,kill,18.18
Mage+Shaman_vs_Warrior+Mage,Mage+Shaman,Warrior+Mage,9,team1,kill,16.68
Mage+Shaman_vs_Warrior+Mage,Mage+Shaman,Warrior+Mage,10,team1,kill,15.17
Mage+Shaman_vs_Warrior+Mage,Mage+Shaman,Warrior+Mage,11,team1,kill,16.68
Mage+Shaman_vs_Warrior+Mage,Mage+Shaman,Warrior+Mage,12,team1,kill,16.68
Mage+Shaman_vs_Warrior+Mage,Mage+Shaman,Warrior+Mage,13,team1,kill,16.68
Mage+Shaman_vs_Warrior+Mage,Mage+Shaman,Warrior+Mage,14,team1,kill,16.68
Mage+Shaman_vs_Warrior+Mage,Mage+Shaman,Warrior+Mage,15,team1,kill,16.55
Mage+Shaman_vs_Warrior+Mage,Mage+Shaman,Warrior+Mage,16,team1,kill,16.25
Mage+Shaman_vs_Warrior+Mage,Mage+Shaman,Warrior+Mage,17,team1,kill,16.68
Mage+Shaman_vs_Warrior+Mage,Mage+Shaman,Warrior+Mage,18,team1,kill,16.68
Mage+Shaman_vs_Warrior+Mage,Mage+Shaman,Warrior+Mage,19,team1,kill,16.68
Mage+Shaman_vs_Warrior+Rogue,Mage+Shaman,Warrior+Rogue,0,team1,kill,16.57
Mage+Shaman_vs_Warrior+Rogue,Mage+Shaman,Warrior+Rogue,1,team1,kill,15.83
Mage+Shaman_vs_Warrior+Rogue,Mage+Shaman,Warrior+Rogue,2,team1,kill,22.32
Mage+Shaman_vs_Warrior+Rogue,Mage+Shaman,Warrior+Rogue,3,team1,kill,21.05
Mage+Shaman_vs_Warrior+Rogue,Mage+Shaman,Warrior+Rogue,4,team1,kill,16.57
Mage+Shaman_vs_Warrior+Rogue,Mage+Shaman,Warrior+Rogue,5,team1,kill,23.82
Mage+Shaman_vs_Warrior+Rogue,Mage+Shaman,Warrior+Rogue,6,team1,kill,15.83
Mage+Shaman_vs_Warrior+Rogue,Mage+Shaman,Warrior+Rogue,7,team1,kill,22.12
Mage+Shaman_vs_Warrior+Rogue,Mage+Shaman,Warrior+Rogue,8,team1,kill,22.25
Mage+Shaman_vs_Warrior+Rogue,Mage+Shaman,Warrior+Rogue,9,team1,kill,15.83
Mage+Shaman_vs_Warrior+Rogue,Mage+Shaman,Warrior+Rogue,10,team1,kill,15.83
Mage+Shaman_vs_Warrior+Rogue,Mage+Shaman,Warrior+Rogue,11,team1,kill,21.73
Mage+Shaman_vs_Warrior+Rogue,Mage+Shaman,Warrior+Rogue,12,team1,kill,16.57
Mage+Shaman_vs_Warrior+Rogue,Mage+Shaman,Warrior+Rogue,13,team1,kill,21.05
Mage+Shaman_vs_Warrior+Rogue,Mage+Shaman,Warrior+Rogue,14,team1,kill,15.83
Mage+Shaman_vs_Warrior+Rogue,Mage+Shaman,Warrior+Rogue,15,team1,kill,15.83
Mage+Shaman_vs_Warrior+Rogue,Mage+Shaman,Warrior+Rogue,16,team1,kill,21.73
Mage+Shaman_vs_Warrior+Rogue,Mage+Shaman,Warrior+Rogue,17,team1,kill,15.83
Mage+Shaman_vs_Warrior+Rogue,Mage+Shaman,Warrior+Rogue,18,team1,kill,21.73
Mage+Shaman_vs_Warrior+Rogue,Mage+Shaman,Warrior+Rogue,19,team1,kill,21.73
Mage+Shaman_vs_Warrior+Priest,Mage+Shaman,Warrior+Priest,0,team1,kill,29.57
Mage+Shaman_vs_Warrior+Priest,Mage+Shaman,Warrior+Priest,1,team1,kill,31.32
Mage+Shaman_vs_Warrior+Priest,Mage+Shaman,Warrior+Priest,2,team1,kill,25.02
Mage+Shaman_vs_Warrior+Priest,Mage+Shaman,Warrior+Priest,3,team1,kill,29.57
Mage+Shaman_vs_Warrior+Priest,Mage+Shaman,Warrior+Priest,4,team1,kill,27.97
Mage+Shaman_vs_Warrior+Priest,Mage+Shaman,Warrior+Priest,5,team1,kill,22.63
Mage+Shaman_vs_Warrior+Priest,Mage+Shaman,Warrior+Priest,6,team1,kill,29.57
Mage+Shaman_vs_Warrior+Priest,Mage+Shaman,Warrior+Priest,7,team1,kill,25.02
Mage+Shaman_vs_Warrior+Priest,Mage+Shaman,Warrior+Priest,8,team1,kill,51.33
Mage+Shaman_vs_Warrior+Priest,Mage+Shaman,Warrior+Priest,9,team1,kill,29.85
Mage+Shaman_vs_Warrior+Priest,Mage+Shaman,Warrior+Priest,10,team1,kill,29.30
Mage+Shaman_vs_Warrior+Priest,Mage+Shaman,Warrior+Priest,11,team1,kill,29.57
Mage+Shaman_vs_Warrior+Priest,Mage+Shaman,Warrior+Priest,12,team1,kill,26.10
Mage+Shaman_vs_Warrior+Priest,Mage+Shaman,Warrior+Priest,13,team1,kill,30.33
Mage+Shaman_vs_Warrior+Priest,Mage+Shaman,Warrior+Priest,14,team1,kill,29.85
Mage+Shaman_vs_Warrior+Priest,Mage+Shaman,Warrior+Priest,15,team1,kill,28.08
Mage+Shaman_vs_Warrior+Priest,Mage+Shaman,Warrior+Priest,16,team1,kill,31.85
Mage+Shaman_vs_Warrior+Priest,Mage+Shaman,Warrior+Priest,17,team1,kill,27.73
Mage+Shaman_vs_Warrior+Priest,Mage+Shaman,Warrior+Priest,18,team1,kill,27.73
Mage+Shaman_vs_Warrior+Priest,Mage+Shaman,Warrior+Priest,19,team1,kill,28.08
Mage+Shaman_vs_Warrior+Warlock,Mage+Shaman,Warrior+Warlock,0,team2,kill,35.13
Mage+Shaman_vs_Warrior+Warlock,Mage+Shaman,Warrior+Warlock,1,team1,kill,31.72
Mage+Shaman_vs_Warrior+Warlock,Mage+Shaman,Warrior+Warlock,2,team1,kill,29.55
Mage+Shaman_vs_Warrior+Warlock,Mage+Shaman,Warrior+Warlock,3,team1,kill,34.57
Mage+Shaman_vs_Warrior+Warlock,Mage+Shaman,Warrior+Warlock,4,team1,kill,33.90
Mage+Shaman_vs_Warrior+Warlock,Mage+Shaman,Warrior+Warlock,5,team1,kill,31.48
Mage+Shaman_vs_Warrior+Warlock,Mage+Shaman,Warrior+Warlock,6,team1,kill,32.48
Mage+Shaman_vs_Warrior+Warlock,Mage+Shaman,Warrior+Warlock,7,team1,kill,31.42
Mage+Shaman_vs_Warrior+Warlock,Mage+Shaman,Warrior+Warlock,8,team1,kill,31.75
Mage+Shaman_vs_Warrior+Warlock,Mage+Shaman,Warrior+Warlock,9,team1,kill,27.22
Mage+Shaman_vs_Warrior+Warlock,Mage+Shaman,Warrior+Warlock,10,team1,kill,32.10
Mage+Shaman_vs_Warrior+Warlock,Mage+Shaman,Warrior+Warlock,11,team1,kill,30.23
Mage+Shaman_vs_Warrior+Warlock,Mage+Shaman,Warrior+Warlock,12,team1,kill,31.47
Mage+Shaman_vs_Warrior+Warlock,Mage+Shaman,Warrior+Warlock,13,team1,kill,31.33
Mage+Shaman_vs_Warrior+Warlock,Mage+Shaman,Warrior+Warlock,14,team1,kill,33.80
Mage+Shaman_vs_Warrior+Warlock,Mage+Shaman,Warrior+Warlock,15,team1,kill,32.68
Mage+Shaman_vs_Warrior+Warlock,Mage+Shaman,Warrior+Warlock,16,team1,kill,31.75
Mage+Shaman_vs_Warrior+Warlock,Mage+Shaman,Warrior+Warlock,17,team1,kill,31.75
Mage+Shaman_vs_Warrior+Warlock,Mage+Shaman,Warrior+Warlock,18,team1,kill,31.75
Mage+Shaman_vs_Warrior+Warlock,Mage+Shaman,Warrior+Warlock,19,team1,kill,34.27
Mage+Shaman_vs_Warrior+Paladin,Mage+Shaman,Warrior+Paladin,0,team1,kill,37.13
Mage+Shaman_vs_Warrior+Paladin,Mage+Shaman,Warrior+Paladin,1,team1,kill,37.65
Mage+Shaman_vs_Warrior+Paladin,Mage+Shaman,Warrior+Paladin,2,team1,kill,33.68
Mage+Shaman_vs_Warrior+Paladin,Mage+Shaman,Warrior+Paladin,3,team1,kill,37.42
Mage+Shaman_vs_Warrior+Paladin,Mage+Shaman,Warrior+Paladin,4,team1,kill,35.42
Mage+Shaman_vs_Warrior+Paladin,Mage+Shaman,Warrior+Paladin,5,team1,kill,38.73
Mage+Shaman_vs_Warrior+Paladin,Mage+Shaman,Warrior+Paladin,6,team1,kill,38.73
Mage+Shaman_vs_Warrior+Paladin,Mage+Shaman,Warrior+Paladin,7,team1,kill,37.27
Mage+Shaman_vs_Warrior+Paladin,Mage+Shaman,Warrior+Paladin,8,team1,kill,29.15
Mage+Shaman_vs_Warrior+Paladin,Mage+Shaman,Warrior+Paladin,9,team1,kill,40.23
Mage+Shaman_vs_Warrior+Paladin,Mage+Shaman,Warrior+Paladin,10,team1,kill,37.27
Mage+Shaman_vs_Warrior+Paladin,Mage+Shaman,Warrior+Paladin,11,team1,kill,38.80
Mage+Shaman_vs_Warrior+Paladin,Mage+Shaman,Warrior+Paladin,12,team1,kill,29.02
Mage+Shaman_vs_Warrior+Paladin,Mage+Shaman,Warrior+Paladin,13,team1,kill,45.22
Mage+Shaman_vs_Warrior+Paladin,Mage+Shaman,Warrior+Paladin,14,team1,kill,35.40
Mage+Shaman_vs_Warrior+Paladin,Mage+Shaman,Warrior+Paladin,15,team1,kill,31.52
Mage+Shaman_vs_Warrior+Paladin,Mage+Shaman,Warrior+Paladin,16,team1,kill,38.75
Mage+Shaman_vs_Warrior+Paladin,Mage+Shaman,Warrior+Paladin,17,team1,kill,35.53
Mage+Shaman_vs_Warrior+Paladin,Mage+Shaman,Warrior+Paladin,18,team1,kill,31.65
Mage+Shaman_vs_Warrior+Paladin,Mage+Shaman,Warrior+Paladin,19,team1,kill,31.17
Mage+Shaman_vs_Warrior+Hunter,Mage+Shaman,Warrior+Hunter,0,team1,kill,18.40
Mage+Shaman_vs_Warrior+Hunter,Mage+Shaman,Warrior+Hunter,1,team1,kill,18.40
Mage+Shaman_vs_Warrior+Hunter,Mage+Shaman,Warrior+Hunter,2,team1,kill,13.53
Mage+Shaman_vs_Warrior+Hunter,Mage+Shaman,Warrior+Hunter,3,team1,kill,19.15
Mage+Shaman_vs_Warrior+Hunter,Mage+Shaman,Warrior+Hunter,4,team1,kill,18.42
Mage+Shaman_vs_Warrior+Hunter,Mage+Shaman,Warrior+Hunter,5,team1,kill,18.43
Mage+Shaman_vs_Warrior+Hunter,Mage+Shaman,Warrior+Hunter,6,team1,kill,19.15
Mage+Shaman_vs_Warrior+Hunter,Mage+Shaman,Warrior+Hunter,7,team1,kill,18.47
Mage+Shaman_vs_Warrior+Hunter,Mage+Shaman,Warrior+Hunter,8,team1,kill,19.15
Mage+Shaman_vs_Warrior+Hunter,Mage+Shaman,Warrior+Hunter,9,team1,kill,14.52
Mage+Shaman_vs_Warrior+Hunter,Mage+Shaman,Warrior+Hunter,10,team1,kill,19.15
Mage+Shaman_vs_Warrior+Hunter,Mage+Shaman,Warrior+Hunter,11,team1,kill,14.68
Mage+Shaman_vs_Warrior+Hunter,Mage+Shaman,Warrior+Hunter,12,team1,kill,19.15
Mage+Shaman_vs_Warrior+Hunter,Mage+Shaman,Warrior+Hunter,13,team1,kill,18.40
Mage+Shaman_vs_Warrior+Hunter,Mage+Shaman,Warrior+Hunter,14,team1,kill,19.15
Mage+Shaman_vs_Warrior+Hunter,Mage+Shaman,Warrior+Hunter,15,team1,kill,19.15
Mage+Shaman_vs_Warrior+Hunter,Mage+Shaman,Warrior+Hunter,16,team1,kill,18.57
Mage+Shaman_vs_Warrior+Hunter,Mage+Shaman,Warrior+Hunter,17,team1,kill,13.53
Mage+Shaman_vs_Warrior+Hunter,Mage+Shaman,Warrior+Hunter,18,team1,kill,18.42
Mage+Shaman_vs_Warrior+Hunter,Mage+Shaman,Warrior+Hunter,19,team1,kill,18.43
Mage+Shaman_vs_Warrior+Shaman,Mage+Shaman,Warrior+Shaman,0,team1,kill,17.68
Mage+Shaman_vs_Warrior+Shaman,Mage+Shaman,Warrior+Shaman,1,team1,kill,16.22
Mage+Shaman_vs_Warrior+Shaman,Mage+Shaman,Warrior+Shaman,2,team1,kill,19.20
Mage+Shaman_vs_Warrior+Shaman,Mage+Shaman,Warrior+Shaman,3,team1,kill,14.80
Mage+Shaman_vs_Warrior+Shaman,Mage+Shaman,Warrior+Shaman,4,team1,kill,15.28
Mage+Shaman_vs_Warrior+Shaman,Mage+Shaman,Warrior+Shaman,5,team1,kill,17.68
Mage+Shaman_vs_Warrior+Shaman,Mage+Shaman,Warrior+Shaman,6,team1,kill,14.80
Mage+Shaman_vs_Warrior+Shaman,Mage+Shaman,Warrior+Shaman,7,team1,kill,16.22
Mage+Shaman_vs_Warrior+Shaman,Mage+Shaman,Warrior+Shaman,8,team1,kill,16.22
Mage+Shaman_vs_Warrior+Shaman,Mage+Shaman,Warrior+Shaman,9,team1,kill,27.67
Mage+Shaman_vs_Warrior+Shaman,Mage+Shaman,Warrior+Shaman,10,team1,kill,27.67
Mage+Shaman_vs_Warrior+Shaman,Mage+Shaman,Warrior+Shaman,11,team1,kill,16.22
Mage+Shaman_vs_Warrior+Shaman,Mage+Shaman,Warrior+Shaman,12,team1,kill,16.22
Mage+Shaman_vs_Warrior+Shaman,Mage+Shaman,Warrior+Shaman,13,team1,kill,16.20
Mage+Shaman_vs_Warrior+Shaman,Mage+Shaman,Warrior+Shaman,14,team1,kill,27.67
Mage+Shaman_vs_Warrior+Shaman,Mage+Shaman,Warrior+Shaman,15,team1,kill,16.22
Mage+Shaman_vs_Warrior+Shaman,Mage+Shaman,Warrior+Shaman,16,team1,kill,17.92
Mage+Shaman_vs_Warrior+Shaman,Mage+Shaman,Warrior+Shaman,17,team1,kill,14.80
Mage+Shaman_vs_Warrior+Shaman,Mage+Shaman,Warrior+Shaman,18,team1,kill,17.68
Mage+Shaman_vs_Warrior+Shaman,Mage+Shaman,Warrior+Shaman,19,team1,kill,16.22
Mage+Shaman_vs_Mage+Rogue,Mage+Shaman,Mage+Rogue,0,team1,kill,15.70
Mage+Shaman_vs_Mage+Rogue,Mage+Shaman,Mage+Rogue,1,team1,kill,15.73
Mage+Shaman_vs_Mage+Rogue,Mage+Shaman,Mage+Rogue,2,team1,kill,15.72
Mage+Shaman_vs_Mage+Rogue,Mage+Shaman,Mage+Rogue,3,team1,kill,15.70
Mage+Shaman_vs_Mage+Rogue,Mage+Shaman,Mage+Rogue,4,team1,kill,14.55
Mage+Shaman_vs_Mage+Rogue,Mage+Shaman,Mage+Rogue,5,team1,kill,15.73
Mage+Shaman_vs_Mage+Rogue,Mage+Shaman,Mage+Rogue,6,team1,kill,13.10
Mage+Shaman_vs_Mage+Rogue,Mage+Shaman,Mage+Rogue,7,team1,kill,14.28
Mage+Shaman_vs_Mage+Rogue,Mage+Shaman,Mage+Rogue,8,team1,kill,15.78
Mage+Shaman_vs_Mage+Rogue,Mage+Shaman,Mage+Rogue,9,team1,kill,15.72
Mage+Shaman_vs_Mage+Rogue,Mage+Shaman,Mage+Rogue,10,team1,kill,14.37
Mage+Shaman_vs_Mage+Rogue,Mage+Shaman,Mage+Rogue,11,team1,kill,15.73
Mage+Shaman_vs_Mage+Rogue,Mage+Shaman,Mage+Rogue,12,team1,kill,15.75
Mage+Shaman_vs_Mage+Rogue,Mage+Shaman,Mage+Rogue,13,team1,kill,14.28
Mage+Shaman_vs_Mage+Rogue,Mage+Shaman,Mage+Rogue,14,team1,kill,15.78
Mage+Shaman_vs_Mage+Rogue,Mage+Shaman,Mage+Rogue,15,team1,kill,15.80
Mage+Shaman_vs_Mage+Rogue,Mage+Shaman,Mage+Rogue,16,team1,kill,15.72
Mage+Shaman_vs_Mage+Rogue,Mage+Shaman,Mage+Rogue,17,team1,kill,15.78
Mage+Shaman_vs_Mage+Rogue,Mage+Shaman,Mage+Rogue,18,team1,kill,15.78
Mage+Shaman_vs_Mage+Rogue,Mage+Shaman,Mage+Rogue,19,team1,kill,15.75
Mage+Shaman_vs_Mage+Priest,Mage+Shaman,Mage+Priest,0,team2,kill,43.95
Mage+Shaman_vs_Mage+Priest,Mage+Shaman,Mage+Priest,1,team2,kill,67.42
Mage+Shaman_vs_Mage+Priest,Mage+Shaman,Mage+Priest,2,team2,kill,31.10
Mage+Shaman_vs_Mage+Priest,Mage+Shaman,Mage+Priest,3,team2,kill,36.73
Mage+Shaman_vs_Mage+Priest,Mage+Shaman,Mage+Priest,4,team2,kill,31.02
Mage+Shaman_vs_Mage+Priest,Mage+Shaman,Mage+Priest,5,team2,kill,54.72
Mage+Shaman_vs_Mage+Priest,Mage+Shaman,Mage+Priest,6,team2,kill,65.35
Mage+Shaman_vs_Mage+Priest,Mage+Shaman,Mage+Priest,7,team2,kill,25.98
Mage+Shaman_vs_Mage+Priest,Mage+Shaman,Mage+Priest,8,team2,kill,28.57
Mage+Shaman_vs_Mage+Priest,Mage+Shaman,Mage+Priest,9,team2,kill,43.98
Mage+Shaman_vs_Mage+Priest,Mage+Shaman,Mage+Priest,10,team2,kill,168.27
Mage+Shaman_vs_Mage+Priest,Mage+Shaman,Mage+Priest,11,team2,kill,60.92
Mage+Shaman_vs_Mage+Priest,Mage+Shaman,Mage+Priest,12,team2,kill,29.60
Mage+Shaman_vs_Mage+Priest,Mage+Shaman,Mage+Priest,13,team2,kill,38.27
Mage+Shaman_vs_Mage+Priest,Mage+Shaman,Mage+Priest,14,team2,kill,26.38
Mage+Shaman_vs_Mage+Priest,Mage+Shaman,Mage+Priest,15,team2,kill,58.63
Mage+Shaman_vs_Mage+Priest,Mage+Shaman,Mage+Priest,16,team2,kill,75.70
Mage+Shaman_vs_Mage+Priest,Mage+Shaman,Mage+Priest,17,team2,kill,64.98
Mage+Shaman_vs_Mage+Priest,Mage+Shaman,Mage+Priest,18,team2,kill,61.80
Mage+Shaman_vs_Mage+Priest,Mage+Shaman,Mage+Priest,19,team2,kill,30.27
Mage+Shaman_vs_Mage+Warlock,Mage+Shaman,Mage+Warlock,0,team1,kill,31.63
Mage+Shaman_vs_Mage+Warlock,Mage+Shaman,Mage+Warlock,1,team1,kill,19.08
Mage+Shaman_vs_Mage+Warlock,Mage+Shaman,Mage+Warlock,2,team2,kill,18.97
Mage+Shaman_vs_Mage+Warlock,Mage+Shaman,Mage+Warlock,3,team1,kill,25.58
Mage+Shaman_vs_Mage+Warlock,Mage+Shaman,Mage+Warlock,4,team1,kill,28.52
Mage+Shaman_vs_Mage+Warlock,Mage+Shaman,Mage+Warlock,5,team1,kill,31.15
Mage+Shaman_vs_Mage+Warlock,Mage+Shaman,Mage+Warlock,6,team1,kill,32.48
Mage+Shaman_vs_Mage+Warlock,Mage+Shaman,Mage+Warlock,7,team1,kill,25.50
Mage+Shaman_vs_Mage+Warlock,Mage+Shaman,Mage+Warlock,8,team2,kill,19.18
Mage+Shaman_vs_Mage+Warlock,Mage+Shaman,Mage+Warlock,9,team1,kill,26.57
Mage+Shaman_vs_Mage+Warlock,Mage+Shaman,Mage+Warlock,10,team1,kill,29.20
Mage+Shaman_vs_Mage+Warlock,Mage+Shaman,Mage+Warlock,11,team1,kill,25.55
Mage+Shaman_vs_Mage+Warlock,Mage+Shaman,Mage+Warlock,12,team1,kill,26.57
Mage+Shaman_vs_Mage+Warlock,Mage+Shaman,Mage+Warlock,13,team1,kill,30.12
Mage+Shaman_vs_Mage+Warlock,Mage+Shaman,Mage+Warlock,14,team1,kill,19.03
Mage+Shaman_vs_Mage+Warlock,Mage+Shaman,Mage+Warlock,15,team1,kill,26.05
Mage+Shaman_vs_Mage+Warlock,Mage+Shaman,Mage+Warlock,16,team1,kill,31.57
Mage+Shaman_vs_Mage+Warlock,Mage+Shaman,Mage+Warlock,17,team1,kill,24.48
Mage+Shaman_vs_Mage+Warlock,Mage+Shaman,Mage+Warlock,18,team1,kill,28.80
Mage+Shaman_vs_Mage+Warlock,Mage+Shaman,Mage+Warlock,19,team1,kill,31.95
Mage+Shaman_vs_Mage+Paladin,Mage+Shaman,Mage+Paladin,0,team2,kill,28.67
Mage+Shaman_vs_Mage+Paladin,Mage+Shaman,Mage+Paladin,1,team2,kill,29.70
Mage+Shaman_vs_Mage+Paladin,Mage+Shaman,Mage+Paladin,2,team2,kill,27.17
Mage+Shaman_vs_Mage+Paladin,Mage+Shaman,Mage+Paladin,3,team2,kill,28.58
Mage+Shaman_vs_Mage+Paladin,Mage+Shaman,Mage+Paladin,4,team1,kill,250.32
Mage+Shaman_vs_Mage+Paladin,Mage+Shaman,Mage+Paladin,5,team2,kill,19.70
Mage+Shaman_vs_Mage+Paladin,Mage+Shaman,Mage+Paladin,6,team2,kill,25.58
Mage+Shaman_vs_Mage+Paladin,Mage+Shaman,Mage+Paladin,7,team2,kill,28.58
Mage+Shaman_vs_Mage+Paladin,Mage+Shaman,Mage+Paladin,8,team2,kill,32.03
Mage+Shaman_vs_Mage+Paladin,Mage+Shaman,Mage+Paladin,9,team2,kill,31.73
Mage+Shaman_vs_Mage+Paladin,Mage+Shaman,Mage+Paladin,10,team2,kill,27.07
Mage+Shaman_vs_Mage+Paladin,Mage+Shaman,Mage+Paladin,11,team2,kill,30.10
Mage+Shaman_vs_Mage+Paladin,Mage+Shaman,Mage+Paladin,12,team2,kill,30.10
Mage+Shaman_vs_Mage+Paladin,Mage+Shaman,Mage+Paladin,13,team2,kill,32.43
Mage+Shaman_vs_Mage+Paladin,Mage+Shaman,Mage+Paladin,14,team2,kill,30.10
Mage+Shaman_vs_Mage+Paladin,Mage+Shaman,Mage+Paladin,15,team2,kill,28.85
Mage+Shaman_vs_Mage+Paladin,Mage+Shaman,Mage+Paladin,16,team1,kill,31.18
Mage+Shaman_vs_Mage+Paladin,Mage+Shaman,Mage+Paladin,17,team2,kill,30.12
Mage+Shaman_vs_Mage+Paladin,Mage+Shaman,Mage+Paladin,18,team2,kill,33.13
Mage+Shaman_vs_Mage+Paladin,Mage+Shaman,Mage+Paladin,19,team1,kill,31.93
Mage+Shaman_vs_Mage+Hunter,Mage+Shaman,Mage+Hunter,0,team1,kill,19.58
Mage+Shaman_vs_Mage+Hunter,Mage+Shaman,Mage+Hunter,1,team2,kill,18.13
Mage+Shaman_vs_Mage+Hunter,Mage+Shaman,Mage+Hunter,2,team1,kill,19.47
Mage+Shaman_vs_Mage+Hunter,Mage+Shaman,Mage+Hunter,3,team1,kill,19.45
Mage+Shaman_vs_Mage+Hunter,Mage+Shaman,Mage+Hunter,4,team1,kill,19.65
Mage+Shaman_vs_Mage+Hunter,Mage+Shaman,Mage+Hunter,5,team1,kill,14.98
Mage+Shaman_vs_Mage+Hunter,Mage+Shaman,Mage+Hunter,6,team2,kill,16.60
Mage+Shaman_vs_Mage+Hunter,Mage+Shaman,Mage+Hunter,7,team1,kill,19.42
Mage+Shaman_vs_Mage+Hunter,Mage+Shaman,Mage+Hunter,8,team1,kill,19.48
Mage+Shaman_vs_Mage+Hunter,Mage+Shaman,Mage+Hunter,9,team1,kill,22.15
Mage+Shaman_vs_Mage+Hunter,Mage+Shaman,Mage+Hunter,10,team1,kill,19.63
Mage+Shaman_vs_Mage+Hunter,Mage+Shaman,Mage+Hunter,11,team1,kill,19.37
Mage+Shaman_vs_Mage+Hunter,Mage+Shaman,Mage+Hunter,12,team1,kill,19.47
Mage+Shaman_vs_Mage+Hunter,Mage+Shaman,Mage+Hunter,13,team1,kill,19.40
Mage+Shaman_vs_Mage+Hunter,Mage+Shaman,Mage+Hunter,14,team2,kill,23.25
Mage+Shaman_vs_Mage+Hunter,Mage+Shaman,Mage+Hunter,15,team1,kill,16.57
Mage+Shaman_vs_Mage+Hunter,Mage+Shaman,Mage+Hunter,16,team1,kill,19.37
Mage+Shaman_vs_Mage+Hunter,Mage+Shaman,Mage+Hunter,17,team2,kill,19.02
Mage+Shaman_vs_Mage+Hunter,Mage+Shaman,Mage+Hunter,18,team1,kill,19.55
Mage+Shaman_vs_Mage+Hunter,Mage+Shaman,Mage+Hunter,19,team1,kill,22.15
Mage+Shaman_vs_Mage+Shaman,Mage+Shaman,Mage+Shaman,0,team1,kill,153.36
Mage+Shaman_vs_Mage+Shaman,Mage+Shaman,Mage+Shaman,1,team2,kill,14.83
Mage+Shaman_vs_Mage+Shaman,Mage+Shaman,Mage+Shaman,2,team2,kill,200.88
Mage+Shaman_vs_Mage+Shaman,Mage+Shaman,Mage+Shaman,3,team1,kill,11.95
Mage+Shaman_vs_Mage+Shaman,Mage+Shaman,Mage+Shaman,4,draw,kill,156.36
Mage+Shaman_vs_Mage+Shaman,Mage+Shaman,Mage+Shaman,5,team2,kill,187.73
Mage+Shaman_vs_Mage+Shaman,Mage+Shaman,Mage+Shaman,6,team1,kill,153.36
Mage+Shaman_vs_Mage+Shaman,Mage+Shaman,Mage+Shaman,7,team1,kill,11.95
Mage+Shaman_vs_Mage+Shaman,Mage+Shaman,Mage+Shaman,8,team1,kill,12.02
Mage+Shaman_vs_Mage+Shaman,Mage+Shaman,Mage+Shaman,9,team1,kill,12.02
Mage+Shaman_vs_Mage+Shaman,Mage+Shaman,Mage+Shaman,10,team1,kill,163.87
Mage+Shaman_vs_Mage+Shaman,Mage+Shaman,Mage+Shaman,11,team2,kill,15.05
Mage+Shaman_vs_Mage+Shaman,Mage+Shaman,Mage+Shaman,12,team1,kill,15.05
Mage+Shaman_vs_Mage+Shaman,Mage+Shaman,Mage+Shaman,13,team1,kill,12.02
Mage+Shaman_vs_Mage+Shaman,Mage+Shaman,Mage+Shaman,14,team2,kill,15.05
Mage+Shaman_vs_Mage+Shaman,Mage+Shaman,Mage+Shaman,15,team1,kill,11.95
Mage+Shaman_vs_Mage+Shaman,Mage+Shaman,Mage+Shaman,16,team2,kill,159.36
Mage+Shaman_vs_Mage+Shaman,Mage+Shaman,Mage+Shaman,17,team1,kill,28.85
Mage+Shaman_vs_Mage+Shaman,Mage+Shaman,Mage+Shaman,18,team1,kill,153.36
Mage+Shaman_vs_Mage+Shaman,Mage+Shaman,Mage+Shaman,19,team1,kill,141.36
Mage+Shaman_vs_Rogue+Priest,Mage+Shaman,Rogue+Priest,0,team1,kill,39.45
Mage+Shaman_vs_Rogue+Priest,Mage+Shaman,Rogue+Priest,1,team1,kill,43.48
Mage+Shaman_vs_Rogue+Priest,Mage+Shaman,Rogue+Priest,2,team1,kill,40.52
Mage+Shaman_vs_Rogue+Priest,Mage+Shaman,Rogue+Priest,3,team1,kill,40.52
Mage+Shaman_vs_Rogue+Priest,Mage+Shaman,Rogue+Priest,4,team1,kill,38.98
Mage+Shaman_vs_Rogue+Priest,Mage+Shaman,Rogue+Priest,5,team1,kill,42.03
Mage+Shaman_vs_Rogue+Priest,Mage+Shaman,Rogue+Priest,6,team2,kill,52.17
Mage+Shaman_vs_Rogue+Priest,Mage+Shaman,Rogue+Priest,7,team1,kill,51.27
Mage+Shaman_vs_Rogue+Priest,Mage+Shaman,Rogue+Priest,8,team1,kill,42.03
Mage+Shaman_vs_Rogue+Priest,Mage+Shaman,Rogue+Priest,9,team2,kill,57.95
Mage+Shaman_vs_Rogue+Priest,Mage+Shaman,Rogue+Priest,10,team1,kill,39.00
Mage+Shaman_vs_Rogue+Priest,Mage+Shaman,Rogue+Priest,11,team1,kill,39.45
Mage+Shaman_vs_Rogue+Priest,Mage+Shaman,Rogue+Priest,12,team1,kill,40.72
Mage+Shaman_vs_Rogue+Priest,Mage+Shaman,Rogue+Priest,13,team1,kill,42.03
Mage+Shaman_vs_Rogue+Priest,Mage+Shaman,Rogue+Priest,14,team2,kill,53.15
Mage+Shaman_vs_Rogue+Priest,Mage+Shaman,Rogue+Priest,15,team2,kill,41.07
Mage+Shaman_vs_Rogue+Priest,Mage+Shaman,Rogue+Priest,16,team1,kill,40.52
Mage+Shaman_vs_Rogue+Priest,Mage+Shaman,Rogue+Priest,17,team1,kill,24.67
Mage+Shaman_vs_Rogue+Priest,Mage+Shaman,Rogue+Priest,18,team2,kill,54.20
Mage+Shaman_vs_Rogue+Priest,Mage+Shaman,Rogue+Priest,19,team1,kill,42.03
Mage+Shaman_vs_Rogue+Warlock,Mage+Shaman,Rogue+Warlock,0,team1,kill,23.67
Mage+Shaman_vs_Rogue+Warlock,Mage+Shaman,Rogue+Warlock,1,team1,kill,28.50
Mage+Shaman_vs_Rogue+Warlock,Mage+Shaman,Rogue+Warlock,2,team1,kill,28.40
Mage+Shaman_vs_Rogue+Warlock,Mage+Shaman,Rogue+Warlock,3,team1,kill,24.87
Mage+Shaman_vs_Rogue+Warlock,Mage+Shaman,Rogue+Warlock,4,team1,kill,25.97
Mage+Shaman_vs_Rogue+Warlock,Mage+Shaman,Rogue+Warlock,5,team1,kill,28.50
Mage+Shaman_vs_Rogue+Warlock,Mage+Shaman,Rogue+Warlock,6,team1,kill,28.17
Mage+Shaman_vs_Rogue+Warlock,Mage+Shaman,Rogue+Warlock,7,team1,kill,24.78
Mage+Shaman_vs_Rogue+Warlock,Mage+Shaman,Rogue+Warlock,8,team1,kill,28.40
Mage+Shaman_vs_Rogue+Warlock,Mage+Shaman,Rogue+Warlock,9,team1,kill,25.98
Mage+Shaman_vs_Rogue+Warlock,Mage+Shaman,Rogue+Warlock,10,team1,kill,21.60
Mage+Shaman_vs_Rogue+Warlock,Mage+Shaman,Rogue+Warlock,11,team1,kill,27.13
Mage+Shaman_vs_Rogue+Warlock,Mage+Shaman,Rogue+Warlock,12,team1,kill,24.92
Mage+Shaman_vs_Rogue+Warlock,Mage+Shaman,Rogue+Warlock,13,team1,kill,28.52
Mage+Shaman_vs_Rogue+Warlock,Mage+Shaman,Rogue+Warlock,14,team1,kill,23.67
Mage+Shaman_vs_Rogue+Warlock,Mage+Shaman,Rogue+Warlock,15,team1,kill,28.17
Mage+Shaman_vs_Rogue+Warlock,Mage+Shaman,Rogue+Warlock,16,team1,kill,24.92
Mage+Shaman_vs_Rogue+Warlock,Mage+Shaman,Rogue+Warlock,17,team1,kill,28.17
Mage+Shaman_vs_Rogue+Warlock,Mage+Shaman,Rogue+Warlock,18,team1,kill,23.67
Mage+Shaman_vs_Rogue+Warlock,Mage+Shaman,Rogue+Warlock,19,team1,kill,28.52
Mage+Shaman_vs_Rogue+Paladin,Mage+Shaman,Rogue+Paladin,0,team1,kill,45.77
Mage+Shaman_vs_Rogue+Paladin,Mage+Shaman,Rogue+Paladin,1,team2,kill,50.00
Mage+Shaman_vs_Rogue+Paladin,Mage+Shaman,Rogue+Paladin,2,team1,kill,44.83
Mage+Shaman_vs_Rogue+Paladin,Mage+Shaman,Rogue+Paladin,3,team1,kill,44.77
Mage+Shaman_vs_Rogue+Paladin,Mage+Shaman,Rogue+Paladin,4,team1,kill,44.08
Mage+Shaman_vs_Rogue+Paladin,Mage+Shaman,Rogue+Paladin,5,team1,kill,45.25
Mage+Shaman_vs_Rogue+Paladin,Mage+Shaman,Rogue+Paladin,6,team1,kill,39.80
Mage+Shaman_vs_Rogue+Paladin,Mage+Shaman,Rogue+Paladin,7,team1,kill,43.03
Mage+Shaman_vs_Rogue+Paladin,Mage+Shaman,Rogue+Paladin,8,team1,kill,44.60
Mage+Shaman_vs_Rogue+Paladin,Mage+Shaman,Rogue+Paladin,9,team1,kill,46.22
Mage+Shaman_vs_Rogue+Paladin,Mage+Shaman,Rogue+Paladin,10,team1,kill,70.18
Mage+Shaman_vs_Rogue+Paladin,Mage+Shaman,Rogue+Paladin,11,team1,kill,46.20
Mage+Shaman_vs_Rogue+Paladin,Mage+Shaman,Rogue+Paladin,12,team1,kill,41.43
Mage+Shaman_vs_Rogue+Paladin,Mage+Shaman,Rogue+Paladin,13,team1,kill,58.25
Mage+Shaman_vs_Rogue+Paladin,Mage+Shaman,Rogue+Paladin,14,team1,kill,46.20
Mage+Shaman_vs_Rogue+Paladin,Mage+Shaman,Rogue+Paladin,15,team1,kill,46.73
Mage+Shaman_vs_Rogue+Paladin,Mage+Shaman,Rogue+Paladin,16,team1,kill,44.28
Mage+Shaman_vs_Rogue+Paladin,Mage+Shaman,Rogue+Paladin,17,team1,kill,44.60
Mage+Shaman_vs_Rogue+Paladin,Mage+Shaman,Rogue+Paladin,18,team1,kill,37.28
Mage+Shaman_vs_Rogue+Paladin,Mage+Shaman,Rogue+Paladin,19,team1,kill,43.02
Mage+Shaman_vs_Rogue+Hunter,Mage+Shaman,Rogue+Hunter,0,team1,kill,15.82
Mage+Shaman_vs_Rogue+Hunter,Mage+Shaman,Rogue+Hunter,1,team1,kill,13.53
Mage+Shaman_vs_Rogue+Hunter,Mage+Shaman,Rogue+Hunter,2,team1,kill,19.53
Mage+Shaman_vs_Rogue+Hunter,Mage+Shaman,Rogue+Hunter,3,team1,kill,13.53
Mage+Shaman_vs_Rogue+Hunter,Mage+Shaman,Rogue+Hunter,4,team1,kill,18.27
Mage+Shaman_vs_Rogue+Hunter,Mage+Shaman,Rogue+Hunter,5,team1,kill,19.60
Mage+Shaman_vs_Rogue+Hunter,Mage+Shaman,Rogue+Hunter,6,team1,kill,13.53
Mage+Shaman_vs_Rogue+Hunter,Mage+Shaman,Rogue+Hunter,7,team1,kill,13.53
Mage+Shaman_vs_Rogue+Hunter,Mage+Shaman,Rogue+Hunter,8,team1,kill,18.27
Mage+Shaman_vs_Rogue+Hunter,Mage+Shaman,Rogue+Hunter,9,team1,kill,15.82
Mage+Shaman_vs_Rogue+Hunter,Mage+Shaman,Rogue+Hunter,10,team1,kill,19.60
Mage+Shaman_vs_Rogue+Hunter,Mage+Shaman,Rogue+Hunter,11,team1,kill,18.22
Mage+Shaman_vs_Rogue+Hunter,Mage+Shaman,Rogue+Hunter,12,team1,kill,19.53
Mage+Shaman_vs_Rogue+Hunter,Mage+Shaman,Rogue+Hunter,13,team1,kill,13.53
Mage+Shaman_vs_Rogue+Hunter,Mage+Shaman,Rogue+Hunter,14,team1,kill,19.60
Mage+Shaman_vs_Rogue+Hunter,Mage+Shaman,Rogue+Hunter,15,team1,kill,18.27
Mage+Shaman_vs_Rogue+Hunter,Mage+Shaman,Rogue+Hunter,16,team1,kill,19.60
Mage+Shaman_vs_Rogue+Hunter,Mage+Shaman,Rogue+Hunter,17,team1,kill,19.53
Mage+Shaman_vs_Rogue+Hunter,Mage+Shaman,Rogue+Hunter,18,team1,kill,18.27
Mage+Shaman_vs_Rogue+Hunter,Mage+Shaman,Rogue+Hunter,19,team1,kill,19.60
Mage+Shaman_vs_Rogue+Shaman,Mage+Shaman,Rogue+Shaman,0,team1,kill,36.25
Mage+Shaman_vs_Rogue+Shaman,Mage+Shaman,Rogue+Shaman,1,team2,kill,27.37
Mage+Shaman_vs_Rogue+Shaman,Mage+Shaman,Rogue+Shaman,2,team1,kill,36.48
Mage+Shaman_vs_Rogue+Shaman,Mage+Shaman,Rogue+Shaman,3,team1,kill,49.77
Mage+Shaman_vs_Rogue+Shaman,Mage+Shaman,Rogue+Shaman,4,team1,kill,27.35
Mage+Shaman_vs_Rogue+Shaman,Mage+Shaman,Rogue+Shaman,5,team1,kill,41.92
Mage+Shaman_vs_Rogue+Shaman,Mage+Shaman,Rogue+Shaman,6,team2,kill,24.33
Mage+Shaman_vs_Rogue+Shaman,Mage+Shaman,Rogue+Shaman,7,team2,kill,49.43
Mage+Shaman_vs_Rogue+Shaman,Mage+Shaman,Rogue+Shaman,8,team1,kill,40.52
Mage+Shaman_vs_Rogue+Shaman,Mage+Shaman,Rogue+Shaman,9,team1,kill,40.52
Mage+Shaman_vs_Rogue+Shaman,Mage+Shaman,Rogue+Shaman,10,team2,kill,38.38
Mage+Shaman_vs_Rogue+Shaman,Mage+Shaman,Rogue+Shaman,11,team1,kill,40.52
Mage+Shaman_vs_Rogue+Shaman,Mage+Shaman,Rogue+Shaman,12,team1,kill,40.52
Mage+Shaman_vs_Rogue+Shaman,Mage+Shaman,Rogue+Shaman,13,team1,kill,41.92
Mage+Shaman_vs_Rogue+Shaman,Mage+Shaman,Rogue+Shaman,14,team2,kill,53.25
Mage+Shaman_vs_Rogue+Shaman,Mage+Shaman,Rogue+Shaman,15,team1,kill,42.03
Mage+Shaman_vs_Rogue+Shaman,Mage+Shaman,Rogue+Shaman,16,team1,kill,40.03
Mage+Shaman_vs_Rogue+Shaman,Mage+Shaman,Rogue+Shaman,17,team2,kill,50.28
Mage+Shaman_vs_Rogue+Shaman,Mage+Shaman,Rogue+Shaman,18,team2,kill,33.75
Mage+Shaman_vs_Rogue+Shaman,Mage+Shaman,Rogue+Shaman,19,team1,kill,40.52
Mage+Shaman_vs_Priest+Warlock,Mage+Shaman,Priest+Warlock,0,team1,kill,60.90
Mage+Shaman_vs_Priest+Warlock,Mage+Shaman,Priest+Warlock,1,team1,kill,28.65
Mage+Shaman_vs_Priest+Warlock,Mage+Shaman,Priest+Warlock,2,team1,kill,27.63
Mage+Shaman_vs_Priest+Warlock,Mage+Shaman,Priest+Warlock,3,team1,kill,50.90
Mage+Shaman_vs_Priest+Warlock,Mage+Shaman,Priest+Warlock,4,team2,kill,48.50
Mage+Shaman_vs_Priest+Warlock,Mage+Shaman,Priest+Warlock,5,team1,kill,38.22
Mage+Shaman_vs_Priest+Warlock,Mage+Shaman,Priest+Warlock,6,team1,kill,42.02
Mage+Shaman_vs_Priest+Warlock,Mage+Shaman,Priest+Warlock,7,team2,kill,50.50
Mage+Shaman_vs_Priest+Warlock,Mage+Shaman,Priest+Warlock,8,team1,kill,34.85
Mage+Shaman_vs_Priest+Warlock,Mage+Shaman,Priest+Warlock,9,team2,kill,44.02
Mage+Shaman_vs_Priest+Warlock,Mage+Shaman,Priest+Warlock,10,team1,kill,47.72
Mage+Shaman_vs_Priest+Warlock,Mage+Shaman,Priest+Warlock,11,team1,kill,54.33
Mage+Shaman_vs_Priest+Warlock,Mage+Shaman,Priest+Warlock,12,team1,kill,47.15
Mage+Shaman_vs_Priest+Warlock,Mage+Shaman,Priest+Warlock,13,team2,kill,50.50
Mage+Shaman_vs_Priest+Warlock,Mage+Shaman,Priest+Warlock,14,team2,kill,52.70
Mage+Shaman_vs_Priest+Warlock,Mage+Shaman,Priest+Warlock,15,team1,kill,48.63
Mage+Shaman_vs_Priest+Warlock,Mage+Shaman,Priest+Warlock,16,team2,kill,51.67
Mage+Shaman_vs_Priest+Warlock,Mage+Shaman,Priest+Warlock,17,team1,kill,42.85
Mage+Shaman_vs_Priest+Warlock,Mage+Shaman,Priest+Warlock,18,team2,kill,43.93
Mage+Shaman_vs_Priest+Warlock,Mage+Shaman,Priest+Warlock,19,team1,kill,52.10
Mage+Shaman_vs_Priest+Hunter,Mage+Shaman,Priest+Hunter,0,team1,kill,24.63
Mage+Shaman_vs_Priest+Hunter,Mage+Shaman,Priest+Hunter,1,team1,kill,24.63
Mage+Shaman_vs_Priest+Hunter,Mage+Shaman,Priest+Hunter,2,team1,kill,24.83
Mage+Shaman_vs_Priest+Hunter,Mage+Shaman,Priest+Hunter,3,team1,kill,26.15
Mage+Shaman_vs_Priest+Hunter,Mage+Shaman,Priest+Hunter,4,team1,kill,44.95
Mage+Shaman_vs_Priest+Hunter,Mage+Shaman,Priest+Hunter,5,team1,kill,27.15
Mage+Shaman_vs_Priest+Hunter,Mage+Shaman,Priest+Hunter,6,team1,kill,21.57
Mage+Shaman_vs_Priest+Hunter,Mage+Shaman,Priest+Hunter,7,team1,kill,19.60
Mage+Shaman_vs_Priest+Hunter,Mage+Shaman,Priest+Hunter,8,team1,kill,24.83
Mage+Shaman_vs_Priest+Hunter,Mage+Shaman,Priest+Hunter,9,team1,kill,24.63
Mage+Shaman_vs_Priest+Hunter,Mage+Shaman,Priest+Hunter,10,team1,kill,40.40
Mage+Shaman_vs_Priest+Hunter,Mage+Shaman,Priest+Hunter,11,team1,kill,45.83
Mage+Shaman_vs_Priest+Hunter,Mage+Shaman,Priest+Hunter,12,team1,kill,18.70
Mage+Shaman_vs_Priest+Hunter,Mage+Shaman,Priest+Hunter,13,team1,kill,44.95
Mage+Shaman_vs_Priest+Hunter,Mage+Shaman,Priest+Hunter,14,team1,kill,24.83
Mage+Shaman_vs_Priest+Hunter,Mage+Shaman,Priest+Hunter,15,team1,kill,24.63
Mage+Shaman_vs_Priest+Hunter,Mage+Shaman,Priest+Hunter,16,team1,kill,21.55
Mage+Shaman_vs_Priest+Hunter,Mage+Shaman,Priest+Hunter,17,team1,kill,20.18
Mage+Shaman_vs_Priest+Hunter,Mage+Shaman,Priest+Hunter,18,team1,kill,24.63
Mage+Shaman_vs_Priest+Hunter,Mage+Shaman,Priest+Hunter,19,team1,kill,26.10
Mage+Shaman_vs_Warlock+Paladin,Mage+Shaman,Warlock+Paladin,0,team1,kill,31.23
Mage+Shaman_vs_Warlock+Paladin,Mage+Shaman,Warlock+Paladin,1,team1,kill,35.07
Mage+Shaman_vs_Warlock+Paladin,Mage+Shaman,Warlock+Paladin,2,team1,kill,35.28
Mage+Shaman_vs_Warlock+Paladin,Mage+Shaman,Warlock+Paladin,3,team1,kill,31.53
Mage+Shaman_vs_Warlock+Paladin,Mage+Shaman,Warlock+Paladin,4,team2,kill,61.98
Mage+Shaman_vs_Warlock+Paladin,Mage+Shaman,Warlock+Paladin,5,team1,kill,38.88
Mage+Shaman_vs_Warlock+Paladin,Mage+Shaman,Warlock+Paladin,6,team1,kill,34.57
Mage+Shaman_vs_Warlock+Paladin,Mage+Shaman,Warlock+Paladin,7,team1,kill,32.70
Mage+Shaman_vs_Warlock+Paladin,Mage+Shaman,Warlock+Paladin,8,team1,kill,41.15
Mage+Shaman_vs_Warlock+Paladin,Mage+Shaman,Warlock+Paladin,9,team1,kill,43.35
Mage+Shaman_vs_Warlock+Paladin,Mage+Shaman,Warlock+Paladin,10,team1,kill,246.87
Mage+Shaman_vs_Warlock+Paladin,Mage+Shaman,Warlock+Paladin,11,team1,kill,30.30
Mage+Shaman_vs_Warlock+Paladin,Mage+Shaman,Warlock+Paladin,12,team1,kill,50.15
Mage+Shaman_vs_Warlock+Paladin,Mage+Shaman,Warlock+Paladin,13,team2,kill,67.93
Mage+Shaman_vs_Warlock+Paladin,Mage+Shaman,Warlock+Paladin,14,team1,kill,32.03
Mage+Shaman_vs_Warlock+Paladin,Mage+Shaman,Warlock+Paladin,15,team1,kill,32.08
Mage+Shaman_vs_Warlock+Paladin,Mage+Shaman,Warlock+Paladin,16,team2,kill,81.07
Mage+Shaman_vs_Warlock+Paladin,Mage+Shaman,Warlock+Paladin,17,team2,kill,47.15
Mage+Shaman_vs_Warlock+Paladin,Mage+Shaman,Warlock+Paladin,18,team2,kill,59.65
Mage+Shaman_vs_Warlock+Paladin,Mage+Shaman,Warlock+Paladin,19,team1,kill,30.13
Mage+Shaman_vs_Warlock+Hunter,Mage+Shaman,Warlock+Hunter,0,team1,kill,13.15
Mage+Shaman_vs_Warlock+Hunter,Mage+Shaman,Warlock+Hunter,1,team1,kill,18.25
Mage+Shaman_vs_Warlock+Hunter,Mage+Shaman,Warlock+Hunter,2,team1,kill,18.20
Mage+Shaman_vs_Warlock+Hunter,Mage+Shaman,Warlock+Hunter,3,team1,kill,13.17
Mage+Shaman_vs_Warlock+Hunter,Mage+Shaman,Warlock+Hunter,4,team1,kill,19.87
Mage+Shaman_vs_Warlock+Hunter,Mage+Shaman,Warlock+Hunter,5,team1,kill,18.27
Mage+Shaman_vs_Warlock+Hunter,Mage+Shaman,Warlock+Hunter,6,team1,kill,18.25
Mage+Shaman_vs_Warlock+Hunter,Mage+Shaman,Warlock+Hunter,7,team1,kill,13.15
Mage+Shaman_vs_Warlock+Hunter,Mage+Shaman,Warlock+Hunter,8,team1,kill,18.27
Mage+Shaman_vs_Warlock+Hunter,Mage+Shaman,Warlock+Hunter,9,team1,kill,18.23
Mage+Shaman_vs_Warlock+Hunter,Mage+Shaman,Warlock+Hunter,10,team1,kill,19.85
Mage+Shaman_vs_Warlock+Hunter,Mage+Shaman,Warlock+Hunter,11,team1,kill,18.23
Mage+Shaman_vs_Warlock+Hunter,Mage+Shaman,Warlock+Hunter,12,team1,kill,18.25
Mage+Shaman_vs_Warlock+Hunter,Mage+Shaman,Warlock+Hunter,13,team1,kill,18.23
Mage+Shaman_vs_Warlock+Hunter,Mage+Shaman,Warlock+Hunter,14,team1,kill,18.18
Mage+Shaman_vs_Warlock+Hunter,Mage+Shaman,Warlock+Hunter,15,team1,kill,13.15
Mage+Shaman_vs_Warlock+Hunter,Mage+Shaman,Warlock+Hunter,16,team1,kill,18.13
Mage+Shaman_vs_Warlock+Hunter,Mage+Shaman,Warlock+Hunter,17,team1,kill,13.15
Mage+Shaman_vs_Warlock+Hunter,Mage+Shaman,Warlock+Hunter,18,team1,kill,18.23
Mage+Shaman_vs_Warlock+Hunter,Mage+Shaman,Warlock+Hunter,19,team1,kill,18.22
Mage+Shaman_vs_Warlock+Shaman,Mage+Shaman,Warlock+Shaman,0,team1,kill,27.17
Mage+Shaman_vs_Warlock+Shaman,Mage+Shaman,Warlock+Shaman,1,team1,kill,16.40
Mage+Shaman_vs_Warlock+Shaman,Mage+Shaman,Warlock+Shaman,2,team1,kill,31.97
Mage+Shaman_vs_Warlock+Shaman,Mage+Shaman,Warlock+Shaman,3,team1,kill,20.03
Mage+Shaman_vs_Warlock+Shaman,Mage+Shaman,Warlock+Shaman,4,team1,kill,24.92
Mage+Shaman_vs_Warlock+Shaman,Mage+Shaman,Warlock+Shaman,5,team1,kill,26.98
Mage+Shaman_vs_Warlock+Shaman,Mage+Shaman,Warlock+Shaman,6,team1,kill,30.67
Mage+Shaman_vs_Warlock+Shaman,Mage+Shaman,Warlock+Shaman,7,team1,kill,19.48
Mage+Shaman_vs_Warlock+Shaman,Mage+Shaman,Warlock+Shaman,8,team1,kill,22.40
Mage+Shaman_vs_Warlock+Shaman,Mage+Shaman,Warlock+Shaman,9,team1,kill,25.88
Mage+Shaman_vs_Warlock+Shaman,Mage+Shaman,Warlock+Shaman,10,team1,kill,24.63
Mage+Shaman_vs_Warlock+Shaman,Mage+Shaman,Warlock+Shaman,11,team1,kill,16.35
Mage+Shaman_vs_Warlock+Shaman,Mage+Shaman,Warlock+Shaman,12,team1,kill,30.12
Mage+Shaman_vs_Warlock+Shaman,Mage+Shaman,Warlock+Shaman,13,team1,kill,30.22
Mage+Shaman_vs_Warlock+Shaman,Mage+Shaman,Warlock+Shaman,14,team1,kill,25.40
Mage+Shaman_vs_Warlock+Shaman,Mage+Shaman,Warlock+Shaman,15,team1,kill,14.85
Mage+Shaman_vs_Warlock+Shaman,Mage+Shaman,Warlock+Shaman,16,team1,kill,16.40
Mage+Shaman_vs_Warlock+Shaman,Mage+Shaman,Warlock+Shaman,17,team1,kill,18.08
Mage+Shaman_vs_Warlock+Shaman,Mage+Shaman,Warlock+Shaman,18,team1,kill,13.97
Mage+Shaman_vs_Warlock+Shaman,Mage+Shaman,Warlock+Shaman,19,team1,kill,28.93
Mage+Shaman_vs_Paladin+Hunter,Mage+Shaman,Paladin+Hunter,0,team1,kill,29.95
Mage+Shaman_vs_Paladin+Hunter,Mage+Shaman,Paladin+Hunter,1,team1,kill,27.03
Mage+Shaman_vs_Paladin+Hunter,Mage+Shaman,Paladin+Hunter,2,team1,kill,32.95
Mage+Shaman_vs_Paladin+Hunter,Mage+Shaman,Paladin+Hunter,3,team1,kill,31.43
Mage+Shaman_vs_Paladin+Hunter,Mage+Shaman,Paladin+Hunter,4,team1,kill,28.50
Mage+Shaman_vs_Paladin+Hunter,Mage+Shaman,Paladin+Hunter,5,team1,kill,32.95
Mage+Shaman_vs_Paladin+Hunter,Mage+Shaman,Paladin+Hunter,6,team1,kill,26.32
Mage+Shaman_vs_Paladin+Hunter,Mage+Shaman,Paladin+Hunter,7,team1,kill,31.85
Mage+Shaman_vs_Paladin+Hunter,Mage+Shaman,Paladin+Hunter,8,team1,kill,32.95
Mage+Shaman_vs_Paladin+Hunter,Mage+Shaman,Paladin+Hunter,9,team1,kill,32.95
Mage+Shaman_vs_Paladin+Hunter,Mage+Shaman,Paladin+Hunter,10,team1,kill,32.95
Mage+Shaman_vs_Paladin+Hunter,Mage+Shaman,Paladin+Hunter,11,team1,kill,32.95
Mage+Shaman_vs_Paladin+Hunter,Mage+Shaman,Paladin+Hunter,12,team1,kill,29.95
Mage+Shaman_vs_Paladin+Hunter,Mage+Shaman,Paladin+Hunter,13,team1,kill,32.95
Mage+Shaman_vs_Paladin+Hunter,Mage+Shaman,Paladin+Hunter,14,team1,kill,32.95
Mage+Shaman_vs_Paladin+Hunter,Mage+Shaman,Paladin+Hunter,15,team1,kill,31.85
Mage+Shaman_vs_Paladin+Hunter,Mage+Shaman,Paladin+Hunter,16,team1,kill,27.80
Mage+Shaman_vs_Paladin+Hunter,Mage+Shaman,Paladin+Hunter,17,team1,kill,31.43
Mage+Shaman_vs_Paladin+Hunter,Mage+Shaman,Paladin+Hunter,18,team1,kill,32.95
Mage+Shaman_vs_Paladin+Hunter,Mage+Shaman,Paladin+Hunter,19,team1,kill,30.12
Mage+Shaman_vs_Hunter+Shaman,Mage+Shaman,Hunter+Shaman,0,team1,kill,11.67
Mage+Shaman_vs_Hunter+Shaman,Mage+Shaman,Hunter+Shaman,1,team1,kill,14.70
Mage+Shaman_vs_Hunter+Shaman,Mage+Shaman,Hunter+Shaman,2,team1,kill,10.00
Mage+Shaman_vs_Hunter+Shaman,Mage+Shaman,Hunter+Shaman,3,team1,kill,14.70
Mage+Shaman_vs_Hunter+Shaman,Mage+Shaman,Hunter+Shaman,4,team1,kill,13.18
Mage+Shaman_vs_Hunter+Shaman,Mage+Shaman,Hunter+Shaman,5,team1,kill,13.53
Mage+Shaman_vs_Hunter+Shaman,Mage+Shaman,Hunter+Shaman,6,team1,kill,13.53
Mage+Shaman_vs_Hunter+Shaman,Mage+Shaman,Hunter+Shaman,7,team1,kill,10.00
Mage+Shaman_vs_Hunter+Shaman,Mage+Shaman,Hunter+Shaman,8,team1,kill,14.70
Mage+Shaman_vs_Hunter+Shaman,Mage+Shaman,Hunter+Shaman,9,team1,kill,14.70
Mage+Shaman_vs_Hunter+Shaman,Mage+Shaman,Hunter+Shaman,10,team1,kill,14.70
Mage+Shaman_vs_Hunter+Shaman,Mage+Shaman,Hunter+Shaman,11,team1,kill,14.70
Mage+Shaman_vs_Hunter+Shaman,Mage+Shaman,Hunter+Shaman,12,team1,kill,14.70
Mage+Shaman_vs_Hunter+Shaman,Mage+Shaman,Hunter+Shaman,13,team1,kill,14.70
Mage+Shaman_vs_Hunter+Shaman,Mage+Shaman,Hunter+Shaman,14,team1,kill,14.70
Mage+Shaman_vs_Hunter+Shaman,Mage+Shaman,Hunter+Shaman,15,team1,kill,13.53
Mage+Shaman_vs_Hunter+Shaman,Mage+Shaman,Hunter+Shaman,16,team1,kill,14.70
Mage+Shaman_vs_Hunter+Shaman,Mage+Shaman,Hunter+Shaman,17,team1,kill,15.05
Mage+Shaman_vs_Hunter+Shaman,Mage+Shaman,Hunter+Shaman,18,team1,kill,10.00
Mage+Shaman_vs_Hunter+Shaman,Mage+Shaman,Hunter+Shaman,19,team1,kill,14.70
Mage+Priest+Warrior_vs_Warrior+Mage+Rogue,Mage+Priest+Warrior,Warrior+Mage+Rogue,0,team1,kill,28.07
Mage+Priest+Warrior_vs_Warrior+Mage+Rogue,Mage+Priest+Warrior,Warrior+Mage+Rogue,1,team1,kill,28.70
Mage+Priest+Warrior_vs_Warrior+Mage+Rogue,Mage+Priest+Warrior,Warrior+Mage+Rogue,2,team2,kill,30.35
Mage+Priest+Warrior_vs_Warrior+Mage+Rogue,Mage+Priest+Warrior,Warrior+Mage+Rogue,3,team1,kill,29.97
Mage+Priest+Warrior_vs_Warrior+Mage+Rogue,Mage+Priest+Warrior,Warrior+Mage+Rogue,4,team1,kill,28.23
Mage+Priest+Warrior_vs_Warrior+Mage+Rogue,Mage+Priest+Warrior,Warrior+Mage+Rogue,5,team1,kill,30.65
Mage+Priest+Warrior_vs_Warrior+Mage+Rogue,Mage+Priest+Warrior,Warrior+Mage+Rogue,6,team1,kill,27.37
Mage+Priest+Warrior_vs_Warrior+Mage+Rogue,Mage+Priest+Warrior,Warrior+Mage+Rogue,7,team1,kill,28.48
Mage+Priest+Warrior_vs_Warrior+Mage+Rogue,Mage+Priest+Warrior,Warrior+Mage+Rogue,8,team1,kill,28.23
Mage+Priest+Warrior_vs_Warrior+Mage+Rogue,Mage+Priest+Warrior,Warrior+Mage+Rogue,9,team1,kill,27.47
Mage+Priest+Warrior_vs_Warrior+Mage+Rogue,Mage+Priest+Warrior,Warrior+Mage+Rogue,10,team1,kill,28.70
Mage+Priest+Warrior_vs_Warrior+Mage+Rogue,Mage+Priest+Warrior,Warrior+Mage+Rogue,11,team1,kill,30.65
Mage+Priest+Warrior_vs_Warrior+Mage+Rogue,Mage+Priest+Warrior,Warrior+Mage+Rogue,12,team1,kill,28.48
Mage+Priest+Warrior_vs_Warrior+Mage+Rogue,Mage+Priest+Warrior,Warrior+Mage+Rogue,13,team1,kill,28.73
Mage+Priest+Warrior_vs_Warrior+Mage+Rogue,Mage+Priest+Warrior,Warrior+Mage+Rogue,14,team1,kill,29.72
Mage+Priest+Warrior_vs_Warrior+Mage+Rogue,Mage+Priest+Warrior,Warrior+Mage+Rogue,15,team1,kill,29.22
Mage+Priest+Warrior_vs_Warrior+Mage+Rogue,Mage+Priest+Warrior,Warrior+Mage+Rogue,16,team2,kill,32.17
Mage+Priest+Warrior_vs_Warrior+Mage+Rogue,Mage+Priest+Warrior,Warrior+Mage+Rogue,17,team1,kill,29.22
Mage+Priest+Warrior_vs_Warrior+Mage+Rogue,Mage+Priest+Warrior,Warrior+Mage+Rogue,18,team1,kill,29.97
Mage+Priest+Warrior_vs_Warrior+Mage+Rogue,Mage+Priest+Warrior,Warrior+Mage+Rogue,19,team1,kill,24.72
Mage+Priest+Warrior_vs_Warrior+Mage+Rogue,Mage+Priest+Warrior,Warrior+Mage+Rogue,20,team1,kill,29.97
Mage+Priest+Warrior_vs_Warrior+Mage+Rogue,Mage+Priest+Warrior,Warrior+Mage+Rogue,21,team1,kill,24.72
Mage+Priest+Warrior_vs_Warrior+Mage+Rogue,Mage+Priest+Warrior,Warrior+Mage+Rogue,22,team1,kill,28.70
Mage+Priest+Warrior_vs_Warrior+Mage+Rogue,Mage+Priest+Warrior,Warrior+Mage+Rogue,23,team1,kill,24.72
Mage+Priest+Warrior_vs_Warrior+Mage+Rogue,Mage+Priest+Warrior,Warrior+Mage+Rogue,24,team1,kill,28.07
Mage+Priest+Warrior_vs_Warrior+Mage+Rogue,Mage+Priest+Warrior,Warrior+Mage+Rogue,25,team1,kill,28.48
Mage+Priest+Warrior_vs_Warrior+Mage+Rogue,Mage+Priest+Warrior,Warrior+Mage+Rogue,26,team1,kill,29.33
Mage+Priest+Warrior_vs_Warrior+Mage+Rogue,Mage+Priest+Warrior,Warrior+Mage+Rogue,27,team1,kill,28.72
Mage+Priest+Warrior_vs_Warrior+Mage+Rogue,Mage+Priest+Warrior,Warrior+Mage+Rogue,28,team1,kill,28.72
Mage+Priest+Warrior_vs_Warrior+Mage+Rogue,Mage+Priest+Warrior,Warrior+Mage+Rogue,29,team1,kill,28.72
Mage+Priest+Warrior_vs_Warrior+Mage+Priest,Mage+Priest+Warrior,Warrior+Mage+Priest,0,team2,kill,34.50
Mage+Priest+Warrior_vs_Warrior+Mage+Priest,Mage+Priest+Warrior,Warrior+Mage+Priest,1,team2,kill,37.77
Mage+Priest+Warrior_vs_Warrior+Mage+Priest,Mage+Priest+Warrior,Warrior+Mage+Priest,2,team2,kill,36.33
Mage+Priest+Warrior_vs_Warrior+Mage+Priest,Mage+Priest+Warrior,Warrior+Mage+Priest,3,team2,kill,34.52
Mage+Priest+Warrior_vs_Warrior+Mage+Priest,Mage+Priest+Warrior,Warrior+Mage+Priest,4,team2,kill,24.50
Mage+Priest+Warrior_vs_Warrior+Mage+Priest,Mage+Priest+Warrior,Warrior+Mage+Priest,5,team2,kill,27.68
Mage+Priest+Warrior_vs_Warrior+Mage+Priest,Mage+Priest+Warrior,Warrior+Mage+Priest,6,team2,kill,33.23
Mage+Priest+Warrior_vs_Warrior+Mage+Priest,Mage+Priest+Warrior,Warrior+Mage+Priest,7,team2,kill,35.08
Mage+Priest+Warrior_vs_Warrior+Mage+Priest,Mage+Priest+Warrior,Warrior+Mage+Priest,8,team2,kill,30.70
Mage+Priest+Warrior_vs_Warrior+Mage+Priest,Mage+Priest+Warrior,Warrior+Mage+Priest,9,team2,kill,32.27
Mage+Priest+Warrior_vs_Warrior+Mage+Priest,Mage+Priest+Warrior,Warrior+Mage+Priest,10,team2,kill,33.42
Mage+Priest+Warrior_vs_Warrior+Mage+Priest,Mage+Priest+Warrior,Warrior+Mage+Priest,11,team2,kill,50.97
Mage+Priest+Warrior_vs_Warrior+Mage+Priest,Mage+Priest+Warrior,Warrior+Mage+Priest,12,team2,kill,43.78
Mage+Priest+Warrior_vs_Warrior+Mage+Priest,Mage+Priest+Warrior,Warrior+Mage+Priest,13,team2,kill,34.92
Mage+Priest+Warrior_vs_Warrior+Mage+Priest,Mage+Priest+Warrior,Warrior+Mage+Priest,14,team2,kill,33.97
Mage+Priest+Warrior_vs_Warrior+Mage+Priest,Mage+Priest+Warrior,Warrior+Mage+Priest,15,team2,kill,27.68
Mage+Priest+Warrior_vs_Warrior+Mage+Priest,Mage+Priest+Warrior,Warrior+Mage+Priest,16,team2,kill,30.72
Mage+Priest+Warrior_vs_Warrior+Mage+Priest,Mage+Priest+Warrior,Warrior+Mage+Priest,17,team2,kill,33.38
Mage+Priest+Warrior_vs_Warrior+Mage+Priest,Mage+Priest+Warrior,Warrior+Mage+Priest,18,team2,kill,30.73
Mage+Priest+Warrior_vs_Warrior+Mage+Priest,Mage+Priest+Warrior,Warrior+Mage+Priest,19,team1,kill,37.90
Mage+Priest+Warrior_vs_Warrior+Mage+Priest,Mage+Priest+Warrior,Warrior+Mage+Priest,20,team2,kill,46.53
Mage+Priest+Warrior_vs_Warrior+Mage+Priest,Mage+Priest+Warrior,Warrior+Mage+Priest,21,team2,kill,30.72
Mage+Priest+Warrior_vs_Warrior+Mage+Priest,Mage+Priest+Warrior,Warrior+Mage+Priest,22,team2,kill,44.07
Mage+Priest+Warrior_vs_Warrior+Mage+Priest,Mage+Priest+Warrior,Warrior+Mage+Priest,23,team2,kill,30.75
Mage+Priest+Warrior_vs_Warrior+Mage+Priest,Mage+Priest+Warrior,Warrior+Mage+Priest,24,team2,kill,38.38
Mage+Priest+Warrior_vs_Warrior+Mage+Priest,Mage+Priest+Warrior,Warrior+Mage+Priest,25,team2,kill,36.43
Mage+Priest+Warrior_vs_Warrior+Mage+Priest,Mage+Priest+Warrior,Warrior+Mage+Priest,26,team2,kill,50.97
Mage+Priest+Warrior_vs_Warrior+Mage+Priest,Mage+Priest+Warrior,Warrior+Mage+Priest,27,team2,kill,43.60
Mage+Priest+Warrior_vs_Warrior+Mage+Priest,Mage+Priest+Warrior,Warrior+Mage+Priest,28,team2,kill,33.55
Mage+Priest+Warrior_vs_Warrior+Mage+Priest,Mage+Priest+Warrior,Warrior+Mage+Priest,29,team2,kill,27.63
Mage+Priest+Warrior_vs_Warrior+Mage+Warlock,Mage+Priest+Warrior,Warrior+Mage+Warlock,0,team1,kill,37.05
Mage+Priest+Warrior_vs_Warrior+Mage+Warlock,Mage+Priest+Warrior,Warrior+Mage+Warlock,1,team2,kill,28.42
Mage+Priest+Warrior_vs_Warrior+Mage+Warlock,Mage+Priest+Warrior,Warrior+Mage+Warlock,2,team2,kill,24.67
Mage+Priest+Warrior_vs_Warrior+Mage+Warlock,Mage+Priest+Warrior,Warrior+Mage+Warlock,3,team2,kill,22.55
Mage+Priest+Warrior_vs_Warrior+Mage+Warlock,Mage+Priest+Warrior,Warrior+Mage+Warlock,4,team2,kill,25.42
Mage+Priest+Warrior_vs_Warrior+Mage+Warlock,Mage+Priest+Warrior,Warrior+Mage+Warlock,5,team2,kill,31.40
Mage+Priest+Warrior_vs_Warrior+Mage+Warlock,Mage+Priest+Warrior,Warrior+Mage+Warlock,6,team2,kill,27.52
Mage+Priest+Warrior_vs_Warrior+Mage+Warlock,Mage+Priest+Warrior,Warrior+Mage+Warlock,7,team2,kill,27.75
Mage+Priest+Warrior_vs_Warrior+Mage+Warlock,Mage+Priest+Warrior,Warrior+Mage+Warlock,8,team2,kill,25.27
Mage+Priest+Warrior_vs_Warrior+Mage+Warlock,Mage+Priest+Warrior,Warrior+Mage+Warlock,9,team1,kill,29.53
Mage+Priest+Warrior_vs_Warrior+Mage+Warlock,Mage+Priest+Warrior,Warrior+Mage+Warlock,10,team2,kill,31.48
Mage+Priest+Warrior_vs_Warrior+Mage+Warlock,Mage+Priest+Warrior,Warrior+Mage+Warlock,11,team1,kill,29.83
Mage+Priest+Warrior_vs_Warrior+Mage+Warlock,Mage+Priest+Warrior,Warrior+Mage+Warlock,12,team2,kill,29.97
Mage+Priest+Warrior_vs_Warrior+Mage+Warlock,Mage+Priest+Warrior,Warrior+Mage+Warlock,13,team2,kill,32.52
Mage+Priest+Warrior_vs_Warrior+Mage+Warlock,Mage+Priest+Warrior,Warrior+Mage+Warlock,14,team2,kill,21.50
Mage+Priest+Warrior_vs_Warrior+Mage+Warlock,Mage+Priest+Warrior,Warrior+Mage+Warlock,15,team1,kill,31.73
Mage+Priest+Warrior_vs_Warrior+Mage+Warlock,Mage+Priest+Warrior,Warrior+Mage+Warlock,16,team1,kill,27.57
Mage+Priest+Warrior_vs_Warrior+Mage+Warlock,Mage+Priest+Warrior,Warrior+Mage+Warlock,17,team2,kill,25.03
Mage+Priest+Warrior_vs_Warrior+Mage+Warlock,Mage+Priest+Warrior,Warrior+Mage+Warlock,18,team2,kill,22.82
Mage+Priest+Warrior_vs_Warrior+Mage+Warlock,Mage+Priest+Warrior,Warrior+Mage+Warlock,19,team2,kill,32.78
Mage+Priest+Warrior_vs_Warrior+Mage+Warlock,Mage+Priest+Warrior,Warrior+Mage+Warlock,20,team1,kill,30.07
Mage+Priest+Warrior_vs_Warrior+Mage+Warlock,Mage+Priest+Warrior,Warrior+Mage+Warlock,21,team1,kill,27.78
Mage+Priest+Warrior_vs_Warrior+Mage+Warlock,Mage+Priest+Warrior,Warrior+Mage+Warlock,22,team2,kill,20.52
Mage+Priest+Warrior_vs_Warrior+Mage+Warlock,Mage+Priest+Warrior,Warrior+Mage+Warlock,23,team2,kill,23.95
Mage+Priest+Warrior_vs_Warrior+Mage+Warlock,Mage+Priest+Warrior,Warrior+Mage+Warlock,24,team2,kill,28.27
Mage+Priest+Warrior_vs_Warrior+Mage+Warlock,Mage+Priest+Warrior,Warrior+Mage+Warlock,25,team2,kill,26.48
Mage+Priest+Warrior_vs_Warrior+Mage+Warlock,Mage+Priest+Warrior,Warrior+Mage+Warlock,26,team2,kill,27.68
Mage+Priest+Warrior_vs_Warrior+Mage+Warlock,Mage+Priest+Warrior,Warrior+Mage+Warlock,27,draw,kill,32.17
Mage+Priest+Warrior_vs_Warrior+Mage+Warlock,Mage+Priest+Warrior,Warrior+Mage+Warlock,28,team2,kill,27.67
Mage+Priest+Warrior_vs_Warrior+Mage+Warlock,Mage+Priest+Warrior,Warrior+Mage+Warlock,29,team1,kill,29.63
Mage+Priest+Warrior_vs_Warrior+Mage+Paladin,Mage+Priest+Warrior,Warrior+Mage+Paladin,0,team1,kill,50.62
Mage+Priest+Warrior_vs_Warrior+Mage+Paladin,Mage+Priest+Warrior,Warrior+Mage+Paladin,1,team1,kill,52.12
Mage+Priest+Warrior_vs_Warrior+Mage+Paladin,Mage+Priest+Warrior,Warrior+Mage+Paladin,2,team1,kill,51.57
Mage+Priest+Warrior_vs_Warrior+Mage+Paladin,Mage+Priest+Warrior,Warrior+Mage+Paladin,3,team1,kill,52.40
Mage+Priest+Warrior_vs_Warrior+Mage+Paladin,Mage+Priest+Warrior,Warrior+Mage+Paladin,4,team2,kill,33.33
Mage+Priest+Warrior_vs_Warrior+Mage+Paladin,Mage+Priest+Warrior,Warrior+Mage+Paladin,5,team1,kill,53.85
Mage+Priest+Warrior_vs_Warrior+Mage+Paladin,Mage+Priest+Warrior,Warrior+Mage+Paladin,6,team1,kill,56.18
Mage+Priest+Warrior_vs_Warrior+Mage+Paladin,Mage+Priest+Warrior,Warrior+Mage+Paladin,7,team1,kill,52.42
Mage+Priest+Warrior_vs_Warrior+Mage+Paladin,Mage+Priest+Warrior,Warrior+Mage+Paladin,8,team1,kill,47.53
Mage+Priest+Warrior_vs_Warrior+Mage+Paladin,Mage+Priest+Warrior,Warrior+Mage+Paladin,9,team1,kill,51.88
Mage+Priest+Warrior_vs_Warrior+Mage+Paladin,Mage+Priest+Warrior,Warrior+Mage+Paladin,10,team1,kill,50.65
Mage+Priest+Warrior_vs_Warrior+Mage+Paladin,Mage+Priest+Warrior,Warrior+Mage+Paladin,11,team1,kill,56.20
Mage+Priest+Warrior_vs_Warrior+Mage+Paladin,Mage+Priest+Warrior,Warrior+Mage+Paladin,12,team1,kill,57.65
Mage+Priest+Warrior_vs_Warrior+Mage+Paladin,Mage+Priest+Warrior,Warrior+Mage+Paladin,13,team1,kill,57.78
Mage+Priest+Warrior_vs_Warrior+Mage+Paladin,Mage+Priest+Warrior,Warrior+Mage+Paladin,14,team1,kill,54.40
Mage+Priest+Warrior_vs_Warrior+Mage+Paladin,Mage+Priest+Warrior,Warrior+Mage+Paladin,15,team1,kill,55.95
Mage+Priest+Warrior_vs_Warrior+Mage+Paladin,Mage+Priest+Warrior,Warrior+Mage+Paladin,16,team1,kill,58.83
Mage+Priest+Warrior_vs_Warrior+Mage+Paladin,Mage+Priest+Warrior,Warrior+Mage+Paladin,17,team1,kill,44.55
Mage+Priest+Warrior_vs_Warrior+Mage+Paladin,Mage+Priest+Warrior,Warrior+Mage+Paladin,18,team1,kill,50.45
Mage+Priest+Warrior_vs_Warrior+Mage+Paladin,Mage+Priest+Warrior,Warrior+Mage+Paladin,19,team1,kill,50.48
Mage+Priest+Warrior_vs_Warrior+Mage+Paladin,Mage+Priest+Warrior,Warrior+Mage+Paladin,20,team1,kill,51.08
Mage+Priest+Warrior_vs_Warrior+Mage+Paladin,Mage+Priest+Warrior,Warrior+Mage+Paladin,21,team1,kill,58.83
Mage+Priest+Warrior_vs_Warrior+Mage+Paladin,Mage+Priest+Warrior,Warrior+Mage+Paladin,22,team1,kill,51.05
Mage+Priest+Warrior_vs_Warrior+Mage+Paladin,Mage+Priest+Warrior,Warrior+Mage+Paladin,23,team1,kill,51.70
Mage+Priest+Warrior_vs_Warrior+Mage+Paladin,Mage+Priest+Warrior,Warrior+Mage+Paladin,24,team1,kill,54.83
Mage+Priest+Warrior_vs_Warrior+Mage+Paladin,Mage+Priest+Warrior,Warrior+Mage+Paladin,25,team1,kill,51.35
Mage+Priest+Warrior_vs_Warrior+Mage+Paladin,Mage+Priest+Warrior,Warrior+Mage+Paladin,26,team1,kill,54.43
Mage+Priest+Warrior_vs_Warrior+Mage+Paladin,Mage+Priest+Warrior,Warrior+Mage+Paladin,27,team1,kill,55.27
Mage+Priest+Warrior_vs_Warrior+Mage+Paladin,Mage+Priest+Warrior,Warrior+Mage+Paladin,28,team1,kill,51.88
Mage+Priest+Warrior_vs_Warrior+Mage+Paladin,Mage+Priest+Warrior,Warrior+Mage+Paladin,29,team1,kill,44.42
Mage+Priest+Warrior_vs_Warrior+Mage+Hunter,Mage+Priest+Warrior,Warrior+Mage+Hunter,0,team1,kill,28.15
Mage+Priest+Warrior_vs_Warrior+Mage+Hunter,Mage+Priest+Warrior,Warrior+Mage+Hunter,1,team1,kill,20.77
Mage+Priest+Warrior_vs_Warrior+Mage+Hunter,Mage+Priest+Warrior,Warrior+Mage+Hunter,2,team1,kill,24.72
Mage+Priest+Warrior_vs_Warrior+Mage+Hunter,Mage+Priest+Warrior,Warrior+Mage+Hunter,3,team1,kill,23.32
Mage+Priest+Warrior_vs_Warrior+Mage+Hunter,Mage+Priest+Warrior,Warrior+Mage+Hunter,4,team1,kill,28.20
Mage+Priest+Warrior_vs_Warrior+Mage+Hunter,Mage+Priest+Warrior,Warrior+Mage+Hunter,5,team1,kill,25.33
Mage+Priest+Warrior_vs_Warrior+Mage+Hunter,Mage+Priest+Warrior,Warrior+Mage+Hunter,6,team1,kill,24.72
Mage+Priest+Warrior_vs_Warrior+Mage+Hunter,Mage+Priest+Warrior,Warrior+Mage+Hunter,7,team1,kill,24.55
Mage+Priest+Warrior_vs_Warrior+Mage+Hunter,Mage+Priest+Warrior,Warrior+Mage+Hunter,8,team1,kill,29.72
Mage+Priest+Warrior_vs_Warrior+Mage+Hunter,Mage+Priest+Warrior,Warrior+Mage+Hunter,9,team1,kill,24.72
Mage+Priest+Warrior_vs_Warrior+Mage+Hunter,Mage+Priest+Warrior,Warrior+Mage+Hunter,10,team2,kill,24.47
Mage+Priest+Warrior_vs_Warrior+Mage+Hunter,Mage+Priest+Warrior,Warrior+Mage+Hunter,11,team1,kill,23.27
Mage+Priest+Warrior_vs_Warrior+Mage+Hunter,Mage+Priest+Warrior,Warrior+Mage+Hunter,12,team2,kill,28.50
Mage+Priest+Warrior_vs_Warrior+Mage+Hunter,Mage+Priest+Warrior,Warrior+Mage+Hunter,13,team1,kill,29.72
Mage+Priest+Warrior_vs_Warrior+Mage+Hunter,Mage+Priest+Warrior,Warrior+Mage+Hunter,14,team1,kill,20.98
Mage+Priest+Warrior_vs_Warrior+Mage+Hunter,Mage+Priest+Warrior,Warrior+Mage+Hunter,15,team1,kill,24.55
Mage+Priest+Warrior_vs_Warrior+Mage+Hunter,Mage+Priest+Warrior,Warrior+Mage+Hunter,16,team1,kill,19.92
Mage+Priest+Warrior_vs_Warrior+Mage+Hunter,Mage+Priest+Warrior,Warrior+Mage+Hunter,17,team1,kill,25.30
Mage+Priest+Warrior_vs_Warrior+Mage+Hunter,Mage+Priest+Warrior,Warrior+Mage+Hunter,18,team1,kill,28.15
Mage+Priest+Warrior_vs_Warrior+Mage+Hunter,Mage+Priest+Warrior,Warrior+Mage+Hunter,19,team1,kill,21.27
Mage+Priest+Warrior_vs_Warrior+Mage+Hunter,Mage+Priest+Warrior,Warrior+Mage+Hunter,20,team1,kill,22.20
Mage+Priest+Warrior_vs_Warrior+Mage+Hunter,Mage+Priest+Warrior,Warrior+Mage+Hunter,21,team1,kill,23.00
Mage+Priest+Warrior_vs_Warrior+Mage+Hunter,Mage+Priest+Warrior,Warrior+Mage+Hunter,22,team2,kill,20.87
Mage+Priest+Warrior_vs_Warrior+Mage+Hunter,Mage+Priest+Warrior,Warrior+Mage+Hunter,23,team1,kill,25.07
Mage+Priest+Warrior_vs_Warrior+Mage+Hunter,Mage+Priest+Warrior,Warrior+Mage+Hunter,24,team1,kill,23.32
Mage+Priest+Warrior_vs_Warrior+Mage+Hunter,Mage+Priest+Warrior,Warrior+Mage+Hunter,25,team1,kill,21.50
Mage+Priest+Warrior_vs_Warrior+Mage+Hunter,Mage+Priest+Warrior,Warrior+Mage+Hunter,26,team1,kill,20.63
Mage+Priest+Warrior_vs_Warrior+Mage+Hunter,Mage+Priest+Warrior,Warrior+Mage+Hunter,27,team1,kill,24.72
Mage+Priest+Warrior_vs_Warrior+Mage+Hunter,Mage+Priest+Warrior,Warrior+Mage+Hunter,28,team1,kill,25.87
Mage+Priest+Warrior_vs_Warrior+Mage+Hunter,Mage+Priest+Warrior,Warrior+Mage+Hunter,29,team1,kill,28.20
Mage+Priest+Warrior_vs_Warrior+Mage+Shaman,Mage+Priest+Warrior,Warrior+Mage+Shaman,0,team2,kill,27.55
Mage+Priest+Warrior_vs_Warrior+Mage+Shaman,Mage+Priest+Warrior,Warrior+Mage+Shaman,1,team2,kill,30.20
Mage+Priest+Warrior_vs_Warrior+Mage+Shaman,Mage+Priest+Warrior,Warrior+Mage+Shaman,2,team2,kill,27.25
Mage+Priest+Warrior_vs_Warrior+Mage+Shaman,Mage+Priest+Warrior,Warrior+Mage+Shaman,3,team2,kill,28.62
Mage+Priest+Warrior_vs_Warrior+Mage+Shaman,Mage+Priest+Warrior,Warrior+Mage+Shaman,4,team2,kill,26.15
Mage+Priest+Warrior_vs_Warrior+Mage+Shaman,Mage+Priest+Warrior,Warrior+Mage+Shaman,5,team2,kill,27.68
Mage+Priest+Warrior_vs_Warrior+Mage+Shaman,Mage+Priest+Warrior,Warrior+Mage+Shaman,6,team2,kill,28.02
Mage+Priest+Warrior_vs_Warrior+Mage+Shaman,Mage+Priest+Warrior,Warrior+Mage+Shaman,7,team2,kill,30.17
Mage+Priest+Warrior_vs_Warrior+Mage+Shaman,Mage+Priest+Warrior,Warrior+Mage+Shaman,8,team2,kill,27.25
Mage+Priest+Warrior_vs_Warrior+Mage+Shaman,Mage+Priest+Warrior,Warrior+Mage+Shaman,9,team2,kill,30.20
Mage+Priest+Warrior_vs_Warrior+Mage+Shaman,Mage+Priest+Warrior,Warrior+Mage+Shaman,10,team2,kill,27.27
Mage+Priest+Warrior_vs_Warrior+Mage+Shaman,Mage+Priest+Warrior,Warrior+Mage+Shaman,11,team2,kill,27.68
Mage+Priest+Warrior_vs_Warrior+Mage+Shaman,Mage+Priest+Warrior,Warrior+Mage+Shaman,12,team2,kill,27.68
Mage+Priest+Warrior_vs_Warrior+Mage+Shaman,Mage+Priest+Warrior,Warrior+Mage+Shaman,13,team2,kill,28.02
Mage+Priest+Warrior_vs_Warrior+Mage+Shaman,Mage+Priest+Warrior,Warrior+Mage+Shaman,14,team2,kill,27.18
Mage+Priest+Warrior_vs_Warrior+Mage+Shaman,Mage+Priest+Warrior,Warrior+Mage+Shaman,15,team2,kill,26.17
Mage+Priest+Warrior_vs_Warrior+Mage+Shaman,Mage+Priest+Warrior,Warrior+Mage+Shaman,16,team2,kill,30.20
Mage+Priest+Warrior_vs_Warrior+Mage+Shaman,Mage+Priest+Warrior,Warrior+Mage+Shaman,17,team2,kill,29.25
Mage+Priest+Warrior_vs_Warrior+Mage+Shaman,Mage+Priest+Warrior,Warrior+Mage+Shaman,18,team2,kill,26.15
Mage+Priest+Warrior_vs_Warrior+Mage+Shaman,Mage+Priest+Warrior,Warrior+Mage+Shaman,19,team2,kill,28.77
Mage+Priest+Warrior_vs_Warrior+Mage+Shaman,Mage+Priest+Warrior,Warrior+Mage+Shaman,20,team2,kill,27.63
Mage+Priest+Warrior_vs_Warrior+Mage+Shaman,Mage+Priest+Warrior,Warrior+Mage+Shaman,21,team2,kill,30.20
Mage+Priest+Warrior_vs_Warrior+Mage+Shaman,Mage+Priest+Warrior,Warrior+Mage+Shaman,22,team2,kill,26.90
Mage+Priest+Warrior_vs_Warrior+Mage+Shaman,Mage+Priest+Warrior,Warrior+Mage+Shaman,23,team2,kill,31.35
Mage+Priest+Warrior_vs_Warrior+Mage+Shaman,Mage+Priest+Warrior,Warrior+Mage+Shaman,24,team2,kill,32.15
Mage+Priest+Warrior_vs_Warrior+Mage+Shaman,Mage+Priest+Warrior,Warrior+Mage+Shaman,25,team2,kill,28.62
Mage+Priest+Warrior_vs_Warrior+Mage+Shaman,Mage+Priest+Warrior,Warrior+Mage+Shaman,26,team2,kill,28.80
Mage+Priest+Warrior_vs_Warrior+Mage+Shaman,Mage+Priest+Warrior,Warrior+Mage+Shaman,27,team2,kill,28.72
Mage+Priest+Warrior_vs_Warrior+Mage+Shaman,Mage+Priest+Warrior,Warrior+Mage+Shaman,28,team1,kill,29.33
Mage+Priest+Warrior_vs_Warrior+Mage+Shaman,Mage+Priest+Warrior,Warrior+Mage+Shaman,29,team2,kill,28.90
Mage+Priest+Warrior_vs_Warrior+Rogue+Priest,Mage+Priest+Warrior,Warrior+Rogue+Priest,0,team2,kill,30.72
Mage+Priest+Warrior_vs_Warrior+Rogue+Priest,Mage+Priest+Warrior,Warrior+Rogue+Priest,1,team1,kill,29.68
Mage+Priest+Warrior_vs_Warrior+Rogue+Priest,Mage+Priest+Warrior,Warrior+Rogue+Priest,2,team1,kill,33.87
Mage+Priest+Warrior_vs_Warrior+Rogue+Priest,Mage+Priest+Warrior,Warrior+Rogue+Priest,3,team1,kill,28.43
Mage+Priest+Warrior_vs_Warrior+Rogue+Priest,Mage+Priest+Warrior,Warrior+Rogue+Priest,4,team1,kill,27.10
Mage+Priest+Warrior_vs_Warrior+Rogue+Priest,Mage+Priest+Warrior,Warrior+Rogue+Priest,5,team1,kill,27.22
Mage+Priest+Warrior_vs_Warrior+Rogue+Priest,Mage+Priest+Warrior,Warrior+Rogue+Priest,6,team1,kill,28.17
Mage+Priest+Warrior_vs_Warrior+Rogue+Priest,Mage+Priest+Warrior,Warrior+Rogue+Priest,7,team1,kill,28.48
Mage+Priest+Warrior_vs_Warrior+Rogue+Priest,Mage+Priest+Warrior,Warrior+Rogue+Priest,8,team1,kill,32.38
Mage+Priest+Warrior_vs_Warrior+Rogue+Priest,Mage+Priest+Warrior,Warrior+Rogue+Priest,9,team1,kill,27.32
Mage+Priest+Warrior_vs_Warrior+Rogue+Priest,Mage+Priest+Warrior,Warrior+Rogue+Priest,10,team1,kill,29.43
Mage+Priest+Warrior_vs_Warrior+Rogue+Priest,Mage+Priest+Warrior,Warrior+Rogue+Priest,11,team1,kill,27.22
Mage+Priest+Warrior_vs_Warrior+Rogue+Priest,Mage+Priest+Warrior,Warrior+Rogue+Priest,12,team1,kill,30.80
Mage+Priest+Warrior_vs_Warrior+Rogue+Priest,Mage+Priest+Warrior,Warrior+Rogue+Priest,13,team1,kill,27.22
Mage+Priest+Warrior_vs_Warrior+Rogue+Priest,Mage+Priest+Warrior,Warrior+Rogue+Priest,14,team1,kill,27.25
Mage+Priest+Warrior_vs_Warrior+Rogue+Priest,Mage+Priest+Warrior,Warrior+Rogue+Priest,15,team1,kill,29.68
Mage+Priest+Warrior_vs_Warrior+Rogue+Priest,Mage+Priest+Warrior,Warrior+Rogue+Priest,16,team1,kill,33.77
Mage+Priest+Warrior_vs_Warrior+Rogue+Priest,Mage+Priest+Warrior,Warrior+Rogue+Priest,17,team1,kill,29.33
Mage+Priest+Warrior_vs_Warrior+Rogue+Priest,Mage+Priest+Warrior,Warrior+Rogue+Priest,18,team1,kill,28.50
Mage+Priest+Warrior_vs_Warrior+Rogue+Priest,Mage+Priest+Warrior,Warrior+Rogue+Priest,19,team1,kill,32.35
Mage+Priest+Warrior_vs_Warrior+Rogue+Priest,Mage+Priest+Warrior,Warrior+Rogue+Priest,20,team1,kill,29.43
Mage+Priest+Warrior_vs_Warrior+Rogue+Priest,Mage+Priest+Warrior,Warrior+Rogue+Priest,21,team1,kill,29.43
Mage+Priest+Warrior_vs_Warrior+Rogue+Priest,Mage+Priest+Warrior,Warrior+Rogue+Priest,22,team1,kill,28.17
Mage+Priest+Warrior_vs_Warrior+Rogue+Priest,Mage+Priest+Warrior,Warrior+Rogue+Priest,23,team1,kill,32.50
Mage+Priest+Warrior_vs_Warrior+Rogue+Priest,Mage+Priest+Warrior,Warrior+Rogue+Priest,24,team1,kill,35.60
Mage+Priest+Warrior_vs_Warrior+Rogue+Priest,Mage+Priest+Warrior,Warrior+Rogue+Priest,25,team1,kill,28.17
Mage+Priest+Warrior_vs_Warrior+Rogue+Priest,Mage+Priest+Warrior,Warrior+Rogue+Priest,26,team1,kill,29.68
Mage+Priest+Warrior_vs_Warrior+Rogue+Priest,Mage+Priest+Warrior,Warrior+Rogue+Priest,27,team1,kill,28.43
Mage+Priest+Warrior_vs_Warrior+Rogue+Priest,Mage+Priest+Warrior,Warrior+Rogue+Priest,28,team2,kill,31.62
Mage+Priest+Warrior_vs_Warrior+Rogue+Priest,Mage+Priest+Warrior,Warrior+Rogue+Priest,29,team1,kill,29.33
Mage+Priest+Warrior_vs_Warrior+Rogue+Warlock,Mage+Priest+Warrior,Warrior+Rogue+Warlock,0,team1,kill,27.65
Mage+Priest+Warrior_vs_Warrior+Rogue+Warlock,Mage+Priest+Warrior,Warrior+Rogue+Warlock,1,team1,kill,28.40
Mage+Priest+Warrior_vs_Warrior+Rogue+Warlock,Mage+Priest+Warrior,Warrior+Rogue+Warlock,2,team1,kill,24.18
Mage+Priest+Warrior_vs_Warrior+Rogue+Warlock,Mage+Priest+Warrior,Warrior+Rogue+Warlock,3,team1,kill,30.83
Mage+Priest+Warrior_vs_Warrior+Rogue+Warlock,Mage+Priest+Warrior,Warrior+Rogue+Warlock,4,team1,kill,28.23
Mage+Priest+Warrior_vs_Warrior+Rogue+Warlock,Mage+Priest+Warrior,Warrior+Rogue+Warlock,5,team1,kill,23.75
Mage+Priest+Warrior_vs_Warrior+Rogue+Warlock,Mage+Priest+Warrior,Warrior+Rogue+Warlock,6,team1,kill,28.23
Mage+Priest+Warrior_vs_Warrior+Rogue+Warlock,Mage+Priest+Warrior,Warrior+Rogue+Warlock,7,team1,kill,28.23
Mage+Priest+Warrior_vs_Warrior+Rogue+Warlock,Mage+Priest+Warrior,Warrior+Rogue+Warlock,8,team1,kill,28.60
Mage+Priest+Warrior_vs_Warrior+Rogue+Warlock,Mage+Priest+Warrior,Warrior+Rogue+Warlock,9,team1,kill,28.23
Mage+Priest+Warrior_vs_Warrior+Rogue+Warlock,Mage+Priest+Warrior,Warrior+Rogue+Warlock,10,team1,kill,28.40
Mage+Priest+Warrior_vs_Warrior+Rogue+Warlock,Mage+Priest+Warrior,Warrior+Rogue+Warlock,11,team1,kill,28.22
Mage+Priest+Warrior_vs_Warrior+Rogue+Warlock,Mage+Priest+Warrior,Warrior+Rogue+Warlock,12,team1,kill,25.20
Mage+Priest+Warrior_vs_Warrior+Rogue+Warlock,Mage+Priest+Warrior,Warrior+Rogue+Warlock,13,team1,kill,20.40
Mage+Priest+Warrior_vs_Warrior+Rogue+Warlock,Mage+Priest+Warrior,Warrior+Rogue+Warlock,14,team2,kill,32.72
Mage+Priest+Warrior_vs_Warrior+Rogue+Warlock,Mage+Priest+Warrior,Warrior+Rogue+Warlock,15,team1,kill,27.03
Mage+Priest+Warrior_vs_Warrior+Rogue+Warlock,Mage+Priest+Warrior,Warrior+Rogue+Warlock,16,team1,kill,26.72
Mage+Priest+Warrior_vs_Warrior+Rogue+Warlock,Mage+Priest+Warrior,Warrior+Rogue+Warlock,17,team1,kill,27.12
Mage+Priest+Warrior_vs_Warrior+Rogue+Warlock,Mage+Priest+Warrior,Warrior+Rogue+Warlock,18,team1,kill,23.57
Mage+Priest+Warrior_vs_Warrior+Rogue+Warlock,Mage+Priest+Warrior,Warrior+Rogue+Warlock,19,team1,kill,27.70
Mage+Priest+Warrior_vs_Warrior+Rogue+Warlock,Mage+Priest+Warrior,Warrior+Rogue+Warlock,20,team1,kill,34.55
Mage+Priest+Warrior_vs_Warrior+Rogue+Warlock,Mage+Priest+Warrior,Warrior+Rogue+Warlock,21,team1,kill,24.68
Mage+Priest+Warrior_vs_Warrior+Rogue+Warlock,Mage+Priest+Warrior,Warrior+Rogue+Warlock,22,team1,kill,25.05
Mage+Priest+Warrior_vs_Warrior+Rogue+Warlock,Mage+Priest+Warrior,Warrior+Rogue+Warlock,23,team1,kill,25.20
Mage+Priest+Warrior_vs_Warrior+Rogue+Warlock,Mage+Priest+Warrior,Warrior+Rogue+Warlock,24,team1,kill,28.60
Mage+Priest+Warrior_vs_Warrior+Rogue+Warlock,Mage+Priest+Warrior,Warrior+Rogue+Warlock,25,team1,kill,26.03
Mage+Priest+Warrior_vs_Warrior+Rogue+Warlock,Mage+Priest+Warrior,Warrior+Rogue+Warlock,26,team1,kill,28.23
Mage+Priest+Warrior_vs_Warrior+Rogue+Warlock,Mage+Priest+Warrior,Warrior+Rogue+Warlock,27,team1,kill,26.43
Mage+Priest+Warrior_vs_Warrior+Rogue+Warlock,Mage+Priest+Warrior,Warrior+Rogue+Warlock,28,team1,kill,27.83
Mage+Priest+Warrior_vs_Warrior+Rogue+Warlock,Mage+Priest+Warrior,Warrior+Rogue+Warlock,29,team1,kill,26.72
Mage+Priest+Warrior_vs_Warrior+Rogue+Paladin,Mage+Priest+Warrior,Warrior+Rogue+Paladin,0,team1,kill,53.68
Mage+Priest+Warrior_vs_Warrior+Rogue+Paladin,Mage+Priest+Warrior,Warrior+Rogue+Paladin,1,team1,kill,56.17
Mage+Priest+Warrior_vs_Warrior+Rogue+Paladin,Mage+Priest+Warrior,Warrior+Rogue+Paladin,2,team1,kill,50.40
Mage+Priest+Warrior_vs_Warrior+Rogue+Paladin,Mage+Priest+Warrior,Warrior+Rogue+Paladin,3,team1,kill,50.72
Mage+Priest+Warrior_vs_Warrior+Rogue+Paladin,Mage+Priest+Warrior,Warrior+Rogue+Paladin,4,team1,kill,50.35
Mage+Priest+Warrior_vs_Warrior+Rogue+Paladin,Mage+Priest+Warrior,Warrior+Rogue+Paladin,5,team1,kill,50.35
Mage+Priest+Warrior_vs_Warrior+Rogue+Paladin,Mage+Priest+Warrior,Warrior+Rogue+Paladin,6,team1,kill,47.47
Mage+Priest+Warrior_vs_Warrior+Rogue+Paladin,Mage+Priest+Warrior,Warrior+Rogue+Paladin,7,team1,kill,47.77
Mage+Priest+Warrior_vs_Warrior+Rogue+Paladin,Mage+Priest+Warrior,Warrior+Rogue+Paladin,8,team1,kill,44.37
Mage+Priest+Warrior_vs_Warrior+Rogue+Paladin,Mage+Priest+Warrior,Warrior+Rogue+Paladin,9,team1,kill,50.42
Mage+Priest+Warrior_vs_Warrior+Rogue+Paladin,Mage+Priest+Warrior,Warrior+Rogue+Paladin,10,team1,kill,61.75
Mage+Priest+Warrior_vs_Warrior+Rogue+Paladin,Mage+Priest+Warrior,Warrior+Rogue+Paladin,11,team1,kill,50.37
Mage+Priest+Warrior_vs_Warrior+Rogue+Paladin,Mage+Priest+Warrior,Warrior+Rogue+Paladin,12,team1,kill,71.13
Mage+Priest+Warrior_vs_Warrior+Rogue+Paladin,Mage+Priest+Warrior,Warrior+Rogue+Paladin,13,team1,kill,50.40
Mage+Priest+Warrior_vs_Warrior+Rogue+Paladin,Mage+Priest+Warrior,Warrior+Rogue+Paladin,14,team1,kill,46.23
Mage+Priest+Warrior_vs_Warrior+Rogue+Paladin,Mage+Priest+Warrior,Warrior+Rogue+Paladin,15,team1,kill,48.50
Mage+Priest+Warrior_vs_Warrior+Rogue+Paladin,Mage+Priest+Warrior,Warrior+Rogue+Paladin,16,team1,kill,38.03
Mage+Priest+Warrior_vs_Warrior+Rogue+Paladin,Mage+Priest+Warrior,Warrior+Rogue+Paladin,17,team1,kill,48.88
Mage+Priest+Warrior_vs_Warrior+Rogue+Paladin,Mage+Priest+Warrior,Warrior+Rogue+Paladin,18,team1,kill,50.60
Mage+Priest+Warrior_vs_Warrior+Rogue+Paladin,Mage+Priest+Warrior,Warrior+Rogue+Paladin,19,team1,kill,50.40
Mage+Priest+Warrior_vs_Warrior+Rogue+Paladin,Mage+Priest+Warrior,Warrior+Rogue+Paladin,20,team1,kill,40.87
Mage+Priest+Warrior_vs_Warrior+Rogue+Paladin,Mage+Priest+Warrior,Warrior+Rogue+Paladin,21,team1,kill,46.93
Mage+Priest+Warrior_vs_Warrior+Rogue+Paladin,Mage+Priest+Warrior,Warrior+Rogue+Paladin,22,team1,kill,50.93
Mage+Priest+Warrior_vs_Warrior+Rogue+Paladin,Mage+Priest+Warrior,Warrior+Rogue+Paladin,23,team1,kill,50.35
Mage+Priest+Warrior_vs_Warrior+Rogue+Paladin,Mage+Priest+Warrior,Warrior+Rogue+Paladin,24,team1,kill,48.07
Mage+Priest+Warrior_vs_Warrior+Rogue+Paladin,Mage+Priest+Warrior,Warrior+Rogue+Paladin,25,team1,kill,50.50
Mage+Priest+Warrior_vs_Warrior+Rogue+Paladin,Mage+Priest+Warrior,Warrior+Rogue+Paladin,26,team1,kill,50.35
Mage+Priest+Warrior_vs_Warrior+Rogue+Paladin,Mage+Priest+Warrior,Warrior+Rogue+Paladin,27,team1,kill,46.97
Mage+Priest+Warrior_vs_Warrior+Rogue+Paladin,Mage+Priest+Warrior,Warrior+Rogue+Paladin,28,team1,kill,47.20
Mage+Priest+Warrior_vs_Warrior+Rogue+Paladin,Mage+Priest+Warrior,Warrior+Rogue+Paladin,29,team1,kill,46.93
Mage+Priest+Warrior_vs_Warrior+Rogue+Hunter,Mage+Priest+Warrior,Warrior+Rogue+Hunter,0,team1,kill,42.65
Mage+Priest+Warrior_vs_Warrior+Rogue+Hunter,Mage+Priest+Warrior,Warrior+Rogue+Hunter,1,team1,kill,35.53
Mage+Priest+Warrior_vs_Warrior+Rogue+Hunter,Mage+Priest+Warrior,Warrior+Rogue+Hunter,2,team1,kill,35.08
Mage+Priest+Warrior_vs_Warrior+Rogue+Hunter,Mage+Priest+Warrior,Warrior+Rogue+Hunter,3,team1,kill,35.13
Mage+Priest+Warrior_vs_Warrior+Rogue+Hunter,Mage+Priest+Warrior,Warrior+Rogue+Hunter,4,team1,kill,23.43
Mage+Priest+Warrior_vs_Warrior+Rogue+Hunter,Mage+Priest+Warrior,Warrior+Rogue+Hunter,5,team1,kill,33.72
Mage+Priest+Warrior_vs_Warrior+Rogue+Hunter,Mage+Priest+Warrior,Warrior+Rogue+Hunter,6,team1,kill,32.32
Mage+Priest+Warrior_vs_Warrior+Rogue+Hunter,Mage+Priest+Warrior,Warrior+Rogue+Hunter,7,team1,kill,35.53
Mage+Priest+Warrior_vs_Warrior+Rogue+Hunter,Mage+Priest+Warrior,Warrior+Rogue+Hunter,8,team1,kill,36.65
Mage+Priest+Warrior_vs_Warrior+Rogue+Hunter,Mage+Priest+Warrior,Warrior+Rogue+Hunter,9,team1,kill,36.62
Mage+Priest+Warrior_vs_Warrior+Rogue+Hunter,Mage+Priest+Warrior,Warrior+Rogue+Hunter,10,team1,kill,35.33
Mage+Priest+Warrior_vs_Warrior+Rogue+Hunter,Mage+Priest+Warrior,Warrior+Rogue+Hunter,11,team1,kill,42.65
Mage+Priest+Warrior_vs_Warrior+Rogue+Hunter,Mage+Priest+Warrior,Warrior+Rogue+Hunter,12,team1,kill,35.07
Mage+Priest+Warrior_vs_Warrior+Rogue+Hunter,Mage+Priest+Warrior,Warrior+Rogue+Hunter,13,team1,kill,35.38
Mage+Priest+Warrior_vs_Warrior+Rogue+Hunter,Mage+Priest+Warrior,Warrior+Rogue+Hunter,14,team1,kill,33.05
Mage+Priest+Warrior_vs_Warrior+Rogue+Hunter,Mage+Priest+Warrior,Warrior+Rogue+Hunter,15,team1,kill,33.73
Mage+Priest+Warrior_vs_Warrior+Rogue+Hunter,Mage+Priest+Warrior,Warrior+Rogue+Hunter,16,team1,kill,34.87
Mage+Priest+Warrior_vs_Warrior+Rogue+Hunter,Mage+Priest+Warrior,Warrior+Rogue+Hunter,17,team1,kill,36.57
Mage+Priest+Warrior_vs_Warrior+Rogue+Hunter,Mage+Priest+Warrior,Warrior+Rogue+Hunter,18,team1,kill,34.22
Mage+Priest+Warrior_vs_Warrior+Rogue+Hunter,Mage+Priest+Warrior,Warrior+Rogue+Hunter,19,team1,kill,41.62
Mage+Priest+Warrior_vs_Warrior+Rogue+Hunter,Mage+Priest+Warrior,Warrior+Rogue+Hunter,20,team1,kill,36.62
Mage+Priest+Warrior_vs_Warrior+Rogue+Hunter,Mage+Priest+Warrior,Warrior+Rogue+Hunter,21,team1,kill,34.50
Mage+Priest+Warrior_vs_Warrior+Rogue+Hunter,Mage+Priest+Warrior,Warrior+Rogue+Hunter,22,team1,kill,36.95
Mage+Priest+Warrior_vs_Warrior+Rogue+Hunter,Mage+Priest+Warrior,Warrior+Rogue+Hunter,23,team1,kill,41.60
Mage+Priest+Warrior_vs_Warrior+Rogue+Hunter,Mage+Priest+Warrior,Warrior+Rogue+Hunter,24,team1,kill,33.98
Mage+Priest+Warrior_vs_Warrior+Rogue+Hunter,Mage+Priest+Warrior,Warrior+Rogue+Hunter,25,team1,kill,34.52
Mage+Priest+Warrior_vs_Warrior+Rogue+Hunter,Mage+Priest+Warrior,Warrior+Rogue+Hunter,26,team1,kill,34.35
Mage+Priest+Warrior_vs_Warrior+Rogue+Hunter,Mage+Priest+Warrior,Warrior+Rogue+Hunter,27,team1,kill,34.90
Mage+Priest+Warrior_vs_Warrior+Rogue+Hunter,Mage+Priest+Warrior,Warrior+Rogue+Hunter,28,team1,kill,37.82
Mage+Priest+Warrior_vs_Warrior+Rogue+Hunter,Mage+Priest+Warrior,Warrior+Rogue+Hunter,29,team1,kill,36.65
Mage+Priest+Warrior_vs_Warrior+Rogue+Shaman,Mage+Priest+Warrior,Warrior+Rogue+Shaman,0,team1,kill,34.03
Mage+Priest+Warrior_vs_Warrior+Rogue+Shaman,Mage+Priest+Warrior,Warrior+Rogue+Shaman,1,team1,kill,35.80
Mage+Priest+Warrior_vs_Warrior+Rogue+Shaman,Mage+Priest+Warrior,Warrior+Rogue+Shaman,2,team1,kill,29.10
Mage+Priest+Warrior_vs_Warrior+Rogue+Shaman,Mage+Priest+Warrior,Warrior+Rogue+Shaman,3,team2,kill,31.93
Mage+Priest+Warrior_vs_Warrior+Rogue+Shaman,Mage+Priest+Warrior,Warrior+Rogue+Shaman,4,team1,kill,35.60
Mage+Priest+Warrior_vs_Warrior+Rogue+Shaman,Mage+Priest+Warrior,Warrior+Rogue+Shaman,5,team1,kill,34.03
Mage+Priest+Warrior_vs_Warrior+Rogue+Shaman,Mage+Priest+Warrior,Warrior+Rogue+Shaman,6,team1,kill,32.92
Mage+Priest+Warrior_vs_Warrior+Rogue+Shaman,Mage+Priest+Warrior,Warrior+Rogue+Shaman,7,team1,kill,50.97
Mage+Priest+Warrior_vs_Warrior+Rogue+Shaman,Mage+Priest+Warrior,Warrior+Rogue+Shaman,8,team2,kill,33.48
Mage+Priest+Warrior_vs_Warrior+Rogue+Shaman,Mage+Priest+Warrior,Warrior+Rogue+Shaman,9,team1,kill,37.53
Mage+Priest+Warrior_vs_Warrior+Rogue+Shaman,Mage+Priest+Warrior,Warrior+Rogue+Shaman,10,team1,kill,34.13
Mage+Priest+Warrior_vs_Warrior+Rogue+Shaman,Mage+Priest+Warrior,Warrior+Rogue+Shaman,11,team1,kill,30.97
Mage+Priest+Warrior_vs_Warrior+Rogue+Shaman,Mage+Priest+Warrior,Warrior+Rogue+Shaman,12,team1,kill,42.13
Mage+Priest+Warrior_vs_Warrior+Rogue+Shaman,Mage+Priest+Warrior,Warrior+Rogue+Shaman,13,team1,kill,35.15
Mage+Priest+Warrior_vs_Warrior+Rogue+Shaman,Mage+Priest+Warrior,Warrior+Rogue+Shaman,14,team1,kill,30.97
Mage+Priest+Warrior_vs_Warrior+Rogue+Shaman,Mage+Priest+Warrior,Warrior+Rogue+Shaman,15,team2,kill,33.42
Mage+Priest+Warrior_vs_Warrior+Rogue+Shaman,Mage+Priest+Warrior,Warrior+Rogue+Shaman,16,team2,kill,44.50
Mage+Priest+Warrior_vs_Warrior+Rogue+Shaman,Mage+Priest+Warrior,Warrior+Rogue+Shaman,17,team1,kill,32.78
Mage+Priest+Warrior_vs_Warrior+Rogue+Shaman,Mage+Priest+Warrior,Warrior+Rogue+Shaman,18,team1,kill,35.98
Mage+Priest+Warrior_vs_Warrior+Rogue+Shaman,Mage+Priest+Warrior,Warrior+Rogue+Shaman,19,team1,kill,32.78
Mage+Priest+Warrior_vs_Warrior+Rogue+Shaman,Mage+Priest+Warrior,Warrior+Rogue+Shaman,20,team1,kill,38.35
Mage+Priest+Warrior_vs_Warrior+Rogue+Shaman,Mage+Priest+Warrior,Warrior+Rogue+Shaman,21,team1,kill,29.98
Mage+Priest+Warrior_vs_Warrior+Rogue+Shaman,Mage+Priest+Warrior,Warrior+Rogue+Shaman,22,team2,kill,33.17
Mage+Priest+Warrior_vs_Warrior+Rogue+Shaman,Mage+Priest+Warrior,Warrior+Rogue+Shaman,23,team1,kill,39.67
Mage+Priest+Warrior_vs_Warrior+Rogue+Shaman,Mage+Priest+Warrior,Warrior+Rogue+Shaman,24,team1,kill,32.92
Mage+Priest+Warrior_vs_Warrior+Rogue+Shaman,Mage+Priest+Warrior,Warrior+Rogue+Shaman,25,team1,kill,30.93
Mage+Priest+Warrior_vs_Warrior+Rogue+Shaman,Mage+Priest+Warrior,Warrior+Rogue+Shaman,26,team2,kill,30.48
Mage+Priest+Warrior_vs_Warrior+Rogue+Shaman,Mage+Priest+Warrior,Warrior+Rogue+Shaman,27,team1,kill,36.47
Mage+Priest+Warrior_vs_Warrior+Rogue+Shaman,Mage+Priest+Warrior,Warrior+Rogue+Shaman,28,team1,kill,24.00
Mage+Priest+Warrior_vs_Warrior+Rogue+Shaman,Mage+Priest+Warrior,Warrior+Rogue+Shaman,29,team2,kill,32.23
Mage+Priest+Warrior_vs_Warrior+Priest+Warlock,Mage+Priest+Warrior,Warrior+Priest+Warlock,0,team1,kill,39.20
Mage+Priest+Warrior_vs_Warrior+Priest+Warlock,Mage+Priest+Warrior,Warrior+Priest+Warlock,1,team1,kill,40.02
Mage+Priest+Warrior_vs_Warrior+Priest+Warlock,Mage+Priest+Warrior,Warrior+Priest+Warlock,2,team1,kill,39.70
Mage+Priest+Warrior_vs_Warrior+Priest+Warlock,Mage+Priest+Warrior,Warrior+Priest+Warlock,3,team1,kill,39.67
Mage+Priest+Warrior_vs_Warrior+Priest+Warlock,Mage+Priest+Warrior,Warrior+Priest+Warlock,4,team1,kill,41.33
Mage+Priest+Warrior_vs_Warrior+Priest+Warlock,Mage+Priest+Warrior,Warrior+Priest+Warlock,5,team1,kill,54.97
Mage+Priest+Warrior_vs_Warrior+Priest+Warlock,Mage+Priest+Warrior,Warrior+Priest+Warlock,6,team1,kill,70.97
Mage+Priest+Warrior_vs_Warrior+Priest+Warlock,Mage+Priest+Warrior,Warrior+Priest+Warlock,7,team1,kill,38.73
Mage+Priest+Warrior_vs_Warrior+Priest+Warlock,Mage+Priest+Warrior,Warrior+Priest+Warlock,8,team1,kill,37.48
Mage+Priest+Warrior_vs_Warrior+Priest+Warlock,Mage+Priest+Warrior,Warrior+Priest+Warlock,9,team1,kill,31.23
Mage+Priest+Warrior_vs_Warrior+Priest+Warlock,Mage+Priest+Warrior,Warrior+Priest+Warlock,10,team1,kill,40.27
Mage+Priest+Warrior_vs_Warrior+Priest+Warlock,Mage+Priest+Warrior,Warrior+Priest+Warlock,11,team1,kill,38.25
Mage+Priest+Warrior_vs_Warrior+Priest+Warlock,Mage+Priest+Warrior,Warrior+Priest+Warlock,12,team1,kill,50.30
Mage+Priest+Warrior_vs_Warrior+Priest+Warlock,Mage+Priest+Warrior,Warrior+Priest+Warlock,13,team1,kill,53.73
Mage+Priest+Warrior_vs_Warrior+Priest+Warlock,Mage+Priest+Warrior,Warrior+Priest+Warlock,14,team1,kill,34.75
Mage+Priest+Warrior_vs_Warrior+Priest+Warlock,Mage+Priest+Warrior,Warrior+Priest+Warlock,15,team1,kill,41.15
Mage+Priest+Warrior_vs_Warrior+Priest+Warlock,Mage+Priest+Warrior,Warrior+Priest+Warlock,16,team1,kill,31.80
Mage+Priest+Warrior_vs_Warrior+Priest+Warlock,Mage+Priest+Warrior,Warrior+Priest+Warlock,17,team1,kill,63.80
Mage+Priest+Warrior_vs_Warrior+Priest+Warlock,Mage+Priest+Warrior,Warrior+Priest+Warlock,18,team1,kill,32.17
Mage+Priest+Warrior_vs_Warrior+Priest+Warlock,Mage+Priest+Warrior,Warrior+Priest+Warlock,19,team1,kill,45.17
Mage+Priest+Warrior_vs_Warrior+Priest+Warlock,Mage+Priest+Warrior,Warrior+Priest+Warlock,20,team1,kill,38.90
Mage+Priest+Warrior_vs_Warrior+Priest+Warlock,Mage+Priest+Warrior,Warrior+Priest+Warlock,21,team1,kill,70.83
Mage+Priest+Warrior_vs_Warrior+Priest+Warlock,Mage+Priest+Warrior,Warrior+Priest+Warlock,22,team1,kill,38.40
Mage+Priest+Warrior_vs_Warrior+Priest+Warlock,Mage+Priest+Warrior,Warrior+Priest+Warlock,23,team1,kill,40.53
Mage+Priest+Warrior_vs_Warrior+Priest+Warlock,Mage+Priest+Warrior,Warrior+Priest+Warlock,24,team1,kill,57.28
Mage+Priest+Warrior_vs_Warrior+Priest+Warlock,Mage+Priest+Warrior,Warrior+Priest+Warlock,25,team1,kill,38.62
Mage+Priest+Warrior_vs_Warrior+Priest+Warlock,Mage+Priest+Warrior,Warrior+Priest+Warlock,26,team1,kill,33.12
Mage+Priest+Warrior_vs_Warrior+Priest+Warlock,Mage+Priest+Warrior,Warrior+Priest+Warlock,27,team1,kill,29.98
Mage+Priest+Warrior_vs_Warrior+Priest+Warlock,Mage+Priest+Warrior,Warrior+Priest+Warlock,28,team1,kill,59.17
Mage+Priest+Warrior_vs_Warrior+Priest+Warlock,Mage+Priest+Warrior,Warrior+Priest+Warlock,29,team1,kill,37.48
Mage+Priest+Warrior_vs_Warrior+Priest+Paladin,Mage+Priest+Warrior,Warrior+Priest+Paladin,0,team1,kill,58.48
Mage+Priest+Warrior_vs_Warrior+Priest+Paladin,Mage+Priest+Warrior,Warrior+Priest+Paladin,1,team1,kill,71.13
Mage+Priest+Warrior_vs_Warrior+Priest+Paladin,Mage+Priest+Warrior,Warrior+Priest+Paladin,2,team1,kill,60.43
Mage+Priest+Warrior_vs_Warrior+Priest+Paladin,Mage+Priest+Warrior,Warrior+Priest+Paladin,3,team1,kill,61.60
Mage+Priest+Warrior_vs_Warrior+Priest+Paladin,Mage+Priest+Warrior,Warrior+Priest+Paladin,4,team1,kill,76.12
Mage+Priest+Warrior_vs_Warrior+Priest+Paladin,Mage+Priest+Warrior,Warrior+Priest+Paladin,5,team1,kill,70.92
Mage+Priest+Warrior_vs_Warrior+Priest+Paladin,Mage+Priest+Warrior,Warrior+Priest+Paladin,6,team1,kill,61.03
Mage+Priest+Warrior_vs_Warrior+Priest+Paladin,Mage+Priest+Warrior,Warrior+Priest+Paladin,7,team1,kill,59.07
Mage+Priest+Warrior_vs_Warrior+Priest+Paladin,Mage+Priest+Warrior,Warrior+Priest+Paladin,8,team1,kill,54.77
Mage+Priest+Warrior_vs_Warrior+Priest+Paladin,Mage+Priest+Warrior,Warrior+Priest+Paladin,9,team1,kill,46.08
Mage+Priest+Warrior_vs_Warrior+Priest+Paladin,Mage+Priest+Warrior,Warrior+Priest+Paladin,10,team1,kill,48.55
Mage+Priest+Warrior_vs_Warrior+Priest+Paladin,Mage+Priest+Warrior,Warrior+Priest+Paladin,11,team1,kill,51.53
Mage+Priest+Warrior_vs_Warrior+Priest+Paladin,Mage+Priest+Warrior,Warrior+Priest+Paladin,12,team1,kill,50.60
Mage+Priest+Warrior_vs_Warrior+Priest+Paladin,Mage+Priest+Warrior,Warrior+Priest+Paladin,13,team1,kill,60.67
Mage+Priest+Warrior_vs_Warrior+Priest+Paladin,Mage+Priest+Warrior,Warrior+Priest+Paladin,14,team1,kill,44.45
Mage+Priest+Warrior_vs_Warrior+Priest+Paladin,Mage+Priest+Warrior,Warrior+Priest+Paladin,15,team1,kill,46.13
Mage+Priest+Warrior_vs_Warrior+Priest+Paladin,Mage+Priest+Warrior,Warrior+Priest+Paladin,16,team1,kill,73.35
Mage+Priest+Warrior_vs_Warrior+Priest+Paladin,Mage+Priest+Warrior,Warrior+Priest+Paladin,17,team1,kill,51.50
Mage+Priest+Warrior_vs_Warrior+Priest+Paladin,Mage+Priest+Warrior,Warrior+Priest+Paladin,18,team1,kill,68.87
Mage+Priest+Warrior_vs_Warrior+Priest+Paladin,Mage+Priest+Warrior,Warrior+Priest+Paladin,19,team1,kill,48.73
Mage+Priest+Warrior_vs_Warrior+Priest+Paladin,Mage+Priest+Warrior,Warrior+Priest+Paladin,20,team1,kill,46.32
Mage+Priest+Warrior_vs_Warrior+Priest+Paladin,Mage+Priest+Warrior,Warrior+Priest+Paladin,21,team1,kill,38.52
Mage+Priest+Warrior_vs_Warrior+Priest+Paladin,Mage+Priest+Warrior,Warrior+Priest+Paladin,22,team1,kill,59.32
Mage+Priest+Warrior_vs_Warrior+Priest+Paladin,Mage+Priest+Warrior,Warrior+Priest+Paladin,23,team1,kill,54.50
Mage+Priest+Warrior_vs_Warrior+Priest+Paladin,Mage+Priest+Warrior,Warrior+Priest+Paladin,24,team1,kill,56.10
Mage+Priest+Warrior_vs_Warrior+Priest+Paladin,Mage+Priest+Warrior,Warrior+Priest+Paladin,25,team1,kill,51.28
Mage+Priest+Warrior_vs_Warrior+Priest+Paladin,Mage+Priest+Warrior,Warrior+Priest+Paladin,26,team1,kill,63.27
Mage+Priest+Warrior_vs_Warrior+Priest+Paladin,Mage+Priest+Warrior,Warrior+Priest+Paladin,27,team1,kill,57.87
Mage+Priest+Warrior_vs_Warrior+Priest+Paladin,Mage+Priest+Warrior,Warrior+Priest+Paladin,28,team1,kill,67.48
Mage+Priest+Warrior_vs_Warrior+Priest+Paladin,Mage+Priest+Warrior,Warrior+Priest+Paladin,29,team1,kill,53.22
Mage+Priest+Warrior_vs_Warrior+Priest+Hunter,Mage+Priest+Warrior,Warrior+Priest+Hunter,0,team1,kill,47.12
Mage+Priest+Warrior_vs_Warrior+Priest+Hunter,Mage+Priest+Warrior,Warrior+Priest+Hunter,1,team1,kill,75.52
Mage+Priest+Warrior_vs_Warrior+Priest+Hunter,Mage+Priest+Warrior,Warrior+Priest+Hunter,2,team2,kill,65.35
Mage+Priest+Warrior_vs_Warrior+Priest+Hunter,Mage+Priest+Warrior,Warrior+Priest+Hunter,3,team2,kill,53.17
Mage+Priest+Warrior_vs_Warrior+Priest+Hunter,Mage+Priest+Warrior,Warrior+Priest+Hunter,4,team2,kill,62.17
Mage+Priest+Warrior_vs_Warrior+Priest+Hunter,Mage+Priest+Warrior,Warrior+Priest+Hunter,5,team2,kill,60.72
Mage+Priest+Warrior_vs_Warrior+Priest+Hunter,Mage+Priest+Warrior,Warrior+Priest+Hunter,6,team2,kill,49.42
Mage+Priest+Warrior_vs_Warrior+Priest+Hunter,Mage+Priest+Warrior,Warrior+Priest+Hunter,7,team2,kill,84.09
Mage+Priest+Warrior_vs_Warrior+Priest+Hunter,Mage+Priest+Warrior,Warrior+Priest+Hunter,8,team2,kill,76.97
Mage+Priest+Warrior_vs_Warrior+Priest+Hunter,Mage+Priest+Warrior,Warrior+Priest+Hunter,9,team1,kill,51.97
Mage+Priest+Warrior_vs_Warrior+Priest+Hunter,Mage+Priest+Warrior,Warrior+Priest+Hunter,10,team2,kill,80.32
Mage+Priest+Warrior_vs_Warrior+Priest+Hunter,Mage+Priest+Warrior,Warrior+Priest+Hunter,11,team2,kill,62.83
Mage+Priest+Warrior_vs_Warrior+Priest+Hunter,Mage+Priest+Warrior,Warrior+Priest+Hunter,12,team1,kill,63.88
Mage+Priest+Warrior_vs_Warrior+Priest+Hunter,Mage+Priest+Warrior,Warrior+Priest+Hunter,13,team2,kill,52.77
Mage+Priest+Warrior_vs_Warrior+Priest+Hunter,Mage+Priest+Warrior,Warrior+Priest+Hunter,14,team2,kill,70.62
Mage+Priest+Warrior_vs_Warrior+Priest+Hunter,Mage+Priest+Warrior,Warrior+Priest+Hunter,15,team2,kill,54.33
Mage+Priest+Warrior_vs_Warrior+Priest+Hunter,Mage+Priest+Warrior,Warrior+Priest+Hunter,16,team2,kill,62.07
Mage+Priest+Warrior_vs_Warrior+Priest+Hunter,Mage+Priest+Warrior,Warrior+Priest+Hunter,17,team2,kill,63.42
Mage+Priest+Warrior_vs_Warrior+Priest+Hunter,Mage+Priest+Warrior,Warrior+Priest+Hunter,18,team1,kill,33.67
Mage+Priest+Warrior_vs_Warrior+Priest+Hunter,Mage+Priest+Warrior,Warrior+Priest+Hunter,19,team1,kill,91.84
Mage+Priest+Warrior_vs_Warrior+Priest+Hunter,Mage+Priest+Warrior,Warrior+Priest+Hunter,20,team1,kill,57.08
Mage+Priest+Warrior_vs_Warrior+Priest+Hunter,Mage+Priest+Warrior,Warrior+Priest+Hunter,21,team1,kill,51.05
Mage+Priest+Warrior_vs_Warrior+Priest+Hunter,Mage+Priest+Warrior,Warrior+Priest+Hunter,22,team1,kill,31.93
Mage+Priest+Warrior_vs_Warrior+Priest+Hunter,Mage+Priest+Warrior,Warrior+Priest+Hunter,23,team1,kill,33.42
Mage+Priest+Warrior_vs_Warrior+Priest+Hunter,Mage+Priest+Warrior,Warrior+Priest+Hunter,24,team1,kill,52.10
Mage+Priest+Warrior_vs_Warrior+Priest+Hunter,Mage+Priest+Warrior,Warrior+Priest+Hunter,25,team2,kill,56.80
Mage+Priest+Warrior_vs_Warrior+Priest+Hunter,Mage+Priest+Warrior,Warrior+Priest+Hunter,26,team2,kill,55.87
Mage+Priest+Warrior_vs_Warrior+Priest+Hunter,Mage+Priest+Warrior,Warrior+Priest+Hunter,27,team2,kill,53.32
Mage+Priest+Warrior_vs_Warrior+Priest+Hunter,Mage+Priest+Warrior,Warrior+Priest+Hunter,28,team1,kill,100.52
Mage+Priest+Warrior_vs_Warrior+Priest+Hunter,Mage+Priest+Warrior,Warrior+Priest+Hunter,29,team2,kill,44.00
Mage+Priest+Warrior_vs_Warrior+Priest+Shaman,Mage+Priest+Warrior,Warrior+Priest+Shaman,0,team1,kill,49.25
Mage+Priest+Warrior_vs_Warrior+Priest+Shaman,Mage+Priest+Warrior,Warrior+Priest+Shaman,1,team1,kill,50.42
Mage+Priest+Warrior_vs_Warrior+Priest+Shaman,Mage+Priest+Warrior,Warrior+Priest+Shaman,2,team1,kill,52.13
Mage+Priest+Warrior_vs_Warrior+Priest+Shaman,Mage+Priest+Warrior,Warrior+Priest+Shaman,3,team2,kill,54.72
Mage+Priest+Warrior_vs_Warrior+Priest+Shaman,Mage+Priest+Warrior,Warrior+Priest+Shaman,4,team1,kill,67.18
Mage+Priest+Warrior_vs_Warrior+Priest+Shaman,Mage+Priest+Warrior,Warrior+Priest+Shaman,5,team1,kill,49.00
Mage+Priest+Warrior_vs_Warrior+Priest+Shaman,Mage+Priest+Warrior,Warrior+Priest+Shaman,6,team1,kill,50.95
Mage+Priest+Warrior_vs_Warrior+Priest+Shaman,Mage+Priest+Warrior,Warrior+Priest+Shaman,7,team2,kill,36.35
Mage+Priest+Warrior_vs_Warrior+Priest+Shaman,Mage+Priest+Warrior,Warrior+Priest+Shaman,8,team2,kill,63.70
Mage+Priest+Warrior_vs_Warrior+Priest+Shaman,Mage+Priest+Warrior,Warrior+Priest+Shaman,9,team1,kill,47.43
Mage+Priest+Warrior_vs_Warrior+Priest+Shaman,Mage+Priest+Warrior,Warrior+Priest+Shaman,10,team1,kill,51.88
Mage+Priest+Warrior_vs_Warrior+Priest+Shaman,Mage+Priest+Warrior,Warrior+Priest+Shaman,11,team1,kill,52.82
Mage+Priest+Warrior_vs_Warrior+Priest+Shaman,Mage+Priest+Warrior,Warrior+Priest+Shaman,12,team2,kill,43.67
Mage+Priest+Warrior_vs_Warrior+Priest+Shaman,Mage+Priest+Warrior,Warrior+Priest+Shaman,13,team2,kill,49.40
Mage+Priest+Warrior_vs_Warrior+Priest+Shaman,Mage+Priest+Warrior,Warrior+Priest+Shaman,14,team2,kill,56.67
Mage+Priest+Warrior_vs_Warrior+Priest+Shaman,Mage+Priest+Warrior,Warrior+Priest+Shaman,15,team2,kill,48.88
Mage+Priest+Warrior_vs_Warrior+Priest+Shaman,Mage+Priest+Warrior,Warrior+Priest+Shaman,16,team1,kill,74.20
Mage+Priest+Warrior_vs_Warrior+Priest+Shaman,Mage+Priest+Warrior,Warrior+Priest+Shaman,17,team2,kill,48.35
Mage+Priest+Warrior_vs_Warrior+Priest+Shaman,Mage+Priest+Warrior,Warrior+Priest+Shaman,18,team2,kill,43.35
Mage+Priest+Warrior_vs_Warrior+Priest+Shaman,Mage+Priest+Warrior,Warrior+Priest+Shaman,19,team1,kill,36.70
Mage+Priest+Warrior_vs_Warrior+Priest+Shaman,Mage+Priest+Warrior,Warrior+Priest+Shaman,20,team1,kill,45.43
Mage+Priest+Warrior_vs_Warrior+Priest+Shaman,Mage+Priest+Warrior,Warrior+Priest+Shaman,21,team1,kill,51.03
Mage+Priest+Warrior_vs_Warrior+Priest+Shaman,Mage+Priest+Warrior,Warrior+Priest+Shaman,22,team1,kill,50.08
Mage+Priest+Warrior_vs_Warrior+Priest+Shaman,Mage+Priest+Warrior,Warrior+Priest+Shaman,23,team1,kill,49.98
Mage+Priest+Warrior_vs_Warrior+Priest+Shaman,Mage+Priest+Warrior,Warrior+Priest+Shaman,24,team2,kill,81.37
Mage+Priest+Warrior_vs_Warrior+Priest+Shaman,Mage+Priest+Warrior,Warrior+Priest+Shaman,25,team1,kill,50.45
Mage+Priest+Warrior_vs_Warrior+Priest+Shaman,Mage+Priest+Warrior,Warrior+Priest+Shaman,26,team1,kill,57.33
Mage+Priest+Warrior_vs_Warrior+Priest+Shaman,Mage+Priest+Warrior,Warrior+Priest+Shaman,27,team1,kill,41.45
Mage+Priest+Warrior_vs_Warrior+Priest+Shaman,Mage+Priest+Warrior,Warrior+Priest+Shaman,28,team2,kill,57.93
Mage+Priest+Warrior_vs_Warrior+Priest+Shaman,Mage+Priest+Warrior,Warrior+Priest+Shaman,29,team1,kill,42.03
Mage+Priest+Warrior_vs_Warrior+Warlock+Paladin,Mage+Priest+Warrior,Warrior+Warlock+Paladin,0,team1,kill,51.25
Mage+Priest+Warrior_vs_Warrior+Warlock+Paladin,Mage+Priest+Warrior,Warrior+Warlock+Paladin,1,team1,kill,55.02
Mage+Priest+Warrior_vs_Warrior+Warlock+Paladin,Mage+Priest+Warrior,Warrior+Warlock+Paladin,2,team1,kill,50.68
Mage+Priest+Warrior_vs_Warrior+Warlock+Paladin,Mage+Priest+Warrior,Warrior+Warlock+Paladin,3,team1,kill,50.42
Mage+Priest+Warrior_vs_Warrior+Warlock+Paladin,Mage+Priest+Warrior,Warrior+Warlock+Paladin,4,team1,kill,53.92
Mage+Priest+Warrior_vs_Warrior+Warlock+Paladin,Mage+Priest+Warrior,Warrior+Warlock+Paladin,5,team1,kill,49.23
Mage+Priest+Warrior_vs_Warrior+Warlock+Paladin,Mage+Priest+Warrior,Warrior+Warlock+Paladin,6,team1,kill,50.57
Mage+Priest+Warrior_vs_Warrior+Warlock+Paladin,Mage+Priest+Warrior,Warrior+Warlock+Paladin,7,team1,kill,60.17
Mage+Priest+Warrior_vs_Warrior+Warlock+Paladin,Mage+Priest+Warrior,Warrior+Warlock+Paladin,8,team1,kill,50.17
Mage+Priest+Warrior_vs_Warrior+Warlock+Paladin,Mage+Priest+Warrior,Warrior+Warlock+Paladin,9,team1,kill,47.23
Mage+Priest+Warrior_vs_Warrior+Warlock+Paladin,Mage+Priest+Warrior,Warrior+Warlock+Paladin,10,team1,kill,47.55
Mage+Priest+Warrior_vs_Warrior+Warlock+Paladin,Mage+Priest+Warrior,Warrior+Warlock+Paladin,11,team1,kill,55.83
Mage+Priest+Warrior_vs_Warrior+Warlock+Paladin,Mage+Priest+Warrior,Warrior+Warlock+Paladin,12,team1,kill,47.55
Mage+Priest+Warrior_vs_Warrior+Warlock+Paladin,Mage+Priest+Warrior,Warrior+Warlock+Paladin,13,team1,kill,50.68
Mage+Priest+Warrior_vs_Warrior+Warlock+Paladin,Mage+Priest+Warrior,Warrior+Warlock+Paladin,14,team1,kill,51.45
Mage+Priest+Warrior_vs_Warrior+Warlock+Paladin,Mage+Priest+Warrior,Warrior+Warlock+Paladin,15,team1,kill,49.10
Mage+Priest+Warrior_vs_Warrior+Warlock+Paladin,Mage+Priest+Warrior,Warrior+Warlock+Paladin,16,team1,kill,60.38
Mage+Priest+Warrior_vs_Warrior+Warlock+Paladin,Mage+Priest+Warrior,Warrior+Warlock+Paladin,17,team1,kill,57.25
Mage+Priest+Warrior_vs_Warrior+Warlock+Paladin,Mage+Priest+Warrior,Warrior+Warlock+Paladin,18,team1,kill,45.45
Mage+Priest+Warrior_vs_Warrior+Warlock+Paladin,Mage+Priest+Warrior,Warrior+Warlock+Paladin,19,team1,kill,57.35
Mage+Priest+Warrior_vs_Warrior+Warlock+Paladin,Mage+Priest+Warrior,Warrior+Warlock+Paladin,20,team1,kill,60.83
Mage+Priest+Warrior_vs_Warrior+Warlock+Paladin,Mage+Priest+Warrior,Warrior+Warlock+Paladin,21,team1,kill,48.78
Mage+Priest+Warrior_vs_Warrior+Warlock+Paladin,Mage+Priest+Warrior,Warrior+Warlock+Paladin,22,team1,kill,44.15
Mage+Priest+Warrior_vs_Warrior+Warlock+Paladin,Mage+Priest+Warrior,Warrior+Warlock+Paladin,23,team1,kill,55.20
Mage+Priest+Warrior_vs_Warrior+Warlock+Paladin,Mage+Priest+Warrior,Warrior+Warlock+Paladin,24,team1,kill,48.75
Mage+Priest+Warrior_vs_Warrior+Warlock+Paladin,Mage+Priest+Warrior,Warrior+Warlock+Paladin,25,team1,kill,45.00
Mage+Priest+Warrior_vs_Warrior+Warlock+Paladin,Mage+Priest+Warrior,Warrior+Warlock+Paladin,26,team1,kill,45.27
Mage+Priest+Warrior_vs_Warrior+Warlock+Paladin,Mage+Priest+Warrior,Warrior+Warlock+Paladin,27,team1,kill,51.23
Mage+Priest+Warrior_vs_Warrior+Warlock+Paladin,Mage+Priest+Warrior,Warrior+Warlock+Paladin,28,team1,kill,44.15
Mage+Priest+Warrior_vs_Warrior+Warlock+Paladin,Mage+Priest+Warrior,Warrior+Warlock+Paladin,29,team1,kill,58.62
Mage+Priest+Warrior_vs_Warrior+Warlock+Hunter,Mage+Priest+Warrior,Warrior+Warlock+Hunter,0,team1,kill,32.70
Mage+Priest+Warrior_vs_Warrior+Warlock+Hunter,Mage+Priest+Warrior,Warrior+Warlock+Hunter,1,team1,kill,36.03
Mage+Priest+Warrior_vs_Warrior+Warlock+Hunter,Mage+Priest+Warrior,Warrior+Warlock+Hunter,2,team1,kill,38.23
Mage+Priest+Warrior_vs_Warrior+Warlock+Hunter,Mage+Priest+Warrior,Warrior+Warlock+Hunter,3,team1,kill,35.42
Mage+Priest+Warrior_vs_Warrior+Warlock+Hunter,Mage+Priest+Warrior,Warrior+Warlock+Hunter,4,team1,kill,36.67
Mage+Priest+Warrior_vs_Warrior+Warlock+Hunter,Mage+Priest+Warrior,Warrior+Warlock+Hunter,5,team1,kill,35.08
Mage+Priest+Warrior_vs_Warrior+Warlock+Hunter,Mage+Priest+Warrior,Warrior+Warlock+Hunter,6,team1,kill,36.03
Mage+Priest+Warrior_vs_Warrior+Warlock+Hunter,Mage+Priest+Warrior,Warrior+Warlock+Hunter,7,team1,kill,32.70
Mage+Priest+Warrior_vs_Warrior+Warlock+Hunter,Mage+Priest+Warrior,Warrior+Warlock+Hunter,8,team1,kill,36.03
Mage+Priest+Warrior_vs_Warrior+Warlock+Hunter,Mage+Priest+Warrior,Warrior+Warlock+Hunter,9,team1,kill,36.92
Mage+Priest+Warrior_vs_Warrior+Warlock+Hunter,Mage+Priest+Warrior,Warrior+Warlock+Hunter,10,team1,kill,39.53
Mage+Priest+Warrior_vs_Warrior+Warlock+Hunter,Mage+Priest+Warrior,Warrior+Warlock+Hunter,11,team1,kill,36.58
Mage+Priest+Warrior_vs_Warrior+Warlock+Hunter,Mage+Priest+Warrior,Warrior+Warlock+Hunter,12,team1,kill,36.03
Mage+Priest+Warrior_vs_Warrior+Warlock+Hunter,Mage+Priest+Warrior,Warrior+Warlock+Hunter,13,team1,kill,40.97
Mage+Priest+Warrior_vs_Warrior+Warlock+Hunter,Mage+Priest+Warrior,Warrior+Warlock+Hunter,14,team1,kill,37.63
Mage+Priest+Warrior_vs_Warrior+Warlock+Hunter,Mage+Priest+Warrior,Warrior+Warlock+Hunter,15,team1,kill,36.03
Mage+Priest+Warrior_vs_Warrior+Warlock+Hunter,Mage+Priest+Warrior,Warrior+Warlock+Hunter,16,team1,kill,31.12
Mage+Priest+Warrior_vs_Warrior+Warlock+Hunter,Mage+Priest+Warrior,Warrior+Warlock+Hunter,17,team1,kill,36.03
Mage+Priest+Warrior_vs_Warrior+Warlock+Hunter,Mage+Priest+Warrior,Warrior+Warlock+Hunter,18,team1,kill,41.95
Mage+Priest+Warrior_vs_Warrior+Warlock+Hunter,Mage+Priest+Warrior,Warrior+Warlock+Hunter,19,team1,kill,31.12
Mage+Priest+Warrior_vs_Warrior+Warlock+Hunter,Mage+Priest+Warrior,Warrior+Warlock+Hunter,20,team1,kill,31.12
Mage+Priest+Warrior_vs_Warrior+Warlock+Hunter,Mage+Priest+Warrior,Warrior+Warlock+Hunter,21,team1,kill,31.12
Mage+Priest+Warrior_vs_Warrior+Warlock+Hunter,Mage+Priest+Warrior,Warrior+Warlock+Hunter,22,team1,kill,28.60
Mage+Priest+Warrior_vs_Warrior+Warlock+Hunter,Mage+Priest+Warrior,Warrior+Warlock+Hunter,23,team1,kill,32.70
Mage+Priest+Warrior_vs_Warrior+Warlock+Hunter,Mage+Priest+Warrior,Warrior+Warlock+Hunter,24,team1,kill,32.70
Mage+Priest+Warrior_vs_Warrior+Warlock+Hunter,Mage+Priest+Warrior,Warrior+Warlock+Hunter,25,team1,kill,48.30
Mage+Priest+Warrior_vs_Warrior+Warlock+Hunter,Mage+Priest+Warrior,Warrior+Warlock+Hunter,26,team1,kill,32.88
Mage+Priest+Warrior_vs_Warrior+Warlock+Hunter,Mage+Priest+Warrior,Warrior+Warlock+Hunter,27,team1,kill,38.85
Mage+Priest+Warrior_vs_Warrior+Warlock+Hunter,Mage+Priest+Warrior,Warrior+Warlock+Hunter,28,team1,kill,40.98
Mage+Priest+Warrior_vs_Warrior+Warlock+Hunter,Mage+Priest+Warrior,Warrior+Warlock+Hunter,29,team1,kill,36.03
Mage+Priest+Warrior_vs_Warrior+Warlock+Shaman,Mage+Priest+Warrior,Warrior+Warlock+Shaman,0,team2,kill,37.85
Mage+Priest+Warrior_vs_Warrior+Warlock+Shaman,Mage+Priest+Warrior,Warrior+Warlock+Shaman,1,team1,kill,36.48
Mage+Priest+Warrior_vs_Warrior+Warlock+Shaman,Mage+Priest+Warrior,Warrior+Warlock+Shaman,2,team1,kill,38.80
Mage+Priest+Warrior_vs_Warrior+Warlock+Shaman,Mage+Priest+Warrior,Warrior+Warlock+Shaman,3,team1,kill,46.92
Mage+Priest+Warrior_vs_Warrior+Warlock+Shaman,Mage+Priest+Warrior,Warrior+Warlock+Shaman,4,team1,kill,40.00
Mage+Priest+Warrior_vs_Warrior+Warlock+Shaman,Mage+Priest+Warrior,Warrior+Warlock+Shaman,5,team1,kill,44.72
Mage+Priest+Warrior_vs_Warrior+Warlock+Shaman,Mage+Priest+Warrior,Warrior+Warlock+Shaman,6,team2,kill,59.35
Mage+Priest+Warrior_vs_Warrior+Warlock+Shaman,Mage+Priest+Warrior,Warrior+Warlock+Shaman,7,team1,kill,34.65
Mage+Priest+Warrior_vs_Warrior+Warlock+Shaman,Mage+Priest+Warrior,Warrior+Warlock+Shaman,8,team1,kill,39.95
Mage+Priest+Warrior_vs_Warrior+Warlock+Shaman,Mage+Priest+Warrior,Warrior+Warlock+Shaman,9,team2,kill,37.43
Mage+Priest+Warrior_vs_Warrior+Warlock+Shaman,Mage+Priest+Warrior,Warrior+Warlock+Shaman,10,team2,kill,42.28
Mage+Priest+Warrior_vs_Warrior+Warlock+Shaman,Mage+Priest+Warrior,Warrior+Warlock+Shaman,11,team1,kill,37.50
Mage+Priest+Warrior_vs_Warrior+Warlock+Shaman,Mage+Priest+Warrior,Warrior+Warlock+Shaman,12,team2,kill,40.00
Mage+Priest+Warrior_vs_Warrior+Warlock+Shaman,Mage+Priest+Warrior,Warrior+Warlock+Shaman,13,team1,kill,35.85
Mage+Priest+Warrior_vs_Warrior+Warlock+Shaman,Mage+Priest+Warrior,Warrior+Warlock+Shaman,14,team1,kill,43.80
Mage+Priest+Warrior_vs_Warrior+Warlock+Shaman,Mage+Priest+Warrior,Warrior+Warlock+Shaman,15,team1,kill,35.68
Mage+Priest+Warrior_vs_Warrior+Warlock+Shaman,Mage+Priest+Warrior,Warrior+Warlock+Shaman,16,team1,kill,39.87
Mage+Priest+Warrior_vs_Warrior+Warlock+Shaman,Mage+Priest+Warrior,Warrior+Warlock+Shaman,17,team1,kill,37.73
Mage+Priest+Warrior_vs_Warrior+Warlock+Shaman,Mage+Priest+Warrior,Warrior+Warlock+Shaman,18,team2,kill,45.83
Mage+Priest+Warrior_vs_Warrior+Warlock+Shaman,Mage+Priest+Warrior,Warrior+Warlock+Shaman,19,team1,kill,43.10
Mage+Priest+Warrior_vs_Warrior+Warlock+Shaman,Mage+Priest+Warrior,Warrior+Warlock+Shaman,20,team2,kill,39.48
Mage+Priest+Warrior_vs_Warrior+Warlock+Shaman,Mage+Priest+Warrior,Warrior+Warlock+Shaman,21,team2,kill,38.73
Mage+Priest+Warrior_vs_Warrior+Warlock+Shaman,Mage+Priest+Warrior,Warrior+Warlock+Shaman,22,team2,kill,40.30
Mage+Priest+Warrior_vs_Warrior+Warlock+Shaman,Mage+Priest+Warrior,Warrior+Warlock+Shaman,23,team1,kill,33.57
Mage+Priest+Warrior_vs_Warrior+Warlock+Shaman,Mage+Priest+Warrior,Warrior+Warlock+Shaman,24,team1,kill,37.62
Mage+Priest+Warrior_vs_Warrior+Warlock+Shaman,Mage+Priest+Warrior,Warrior+Warlock+Shaman,25,team1,kill,41.80
Mage+Priest+Warrior_vs_Warrior+Warlock+Shaman,Mage+Priest+Warrior,Warrior+Warlock+Shaman,26,team2,kill,56.80
Mage+Priest+Warrior_vs_Warrior+Warlock+Shaman,Mage+Priest+Warrior,Warrior+Warlock+Shaman,27,team1,kill,34.65
Mage+Priest+Warrior_vs_Warrior+Warlock+Shaman,Mage+Priest+Warrior,Warrior+Warlock+Shaman,28,team1,kill,45.70
Mage+Priest+Warrior_vs_Warrior+Warlock+Shaman,Mage+Priest+Warrior,Warrior+Warlock+Shaman,29,team1,kill,40.83
Mage+Priest+Warrior_vs_Warrior+Paladin+Hunter,Mage+Priest+Warrior,Warrior+Paladin+Hunter,0,team1,kill,38.80
Mage+Priest+Warrior_vs_Warrior+Paladin+Hunter,Mage+Priest+Warrior,Warrior+Paladin+Hunter,1,team2,kill,54.68
Mage+Priest+Warrior_vs_Warrior+Paladin+Hunter,Mage+Priest+Warrior,Warrior+Paladin+Hunter,2,team1,kill,54.93
Mage+Priest+Warrior_vs_Warrior+Paladin+Hunter,Mage+Priest+Warrior,Warrior+Paladin+Hunter,3,team1,kill,40.68
Mage+Priest+Warrior_vs_Warrior+Paladin+Hunter,Mage+Priest+Warrior,Warrior+Paladin+Hunter,4,team1,kill,64.55
Mage+Priest+Warrior_vs_Warrior+Paladin+Hunter,Mage+Priest+Warrior,Warrior+Paladin+Hunter,5,team1,kill,52.22
Mage+Priest+Warrior_vs_Warrior+Paladin+Hunter,Mage+Priest+Warrior,Warrior+Paladin+Hunter,6,team2,kill,54.67
Mage+Priest+Warrior_vs_Warrior+Paladin+Hunter,Mage+Priest+Warrior,Warrior+Paladin+Hunter,7,team1,kill,58.82
Mage+Priest+Warrior_vs_Warrior+Paladin+Hunter,Mage+Priest+Warrior,Warrior+Paladin+Hunter,8,team2,kill,59.12
Mage+Priest+Warrior_vs_Warrior+Paladin+Hunter,Mage+Priest+Warrior,Warrior+Paladin+Hunter,9,team2,kill,46.68
Mage+Priest+Warrior_vs_Warrior+Paladin+Hunter,Mage+Priest+Warrior,Warrior+Paladin+Hunter,10,team1,kill,71.53
Mage+Priest+Warrior_vs_Warrior+Paladin+Hunter,Mage+Priest+Warrior,Warrior+Paladin+Hunter,11,team2,kill,64.98
Mage+Priest+Warrior_vs_Warrior+Paladin+Hunter,Mage+Priest+Warrior,Warrior+Paladin+Hunter,12,team2,kill,62.90
Mage+Priest+Warrior_vs_Warrior+Paladin+Hunter,Mage+Priest+Warrior,Warrior+Paladin+Hunter,13,team2,kill,58.93
Mage+Priest+Warrior_vs_Warrior+Paladin+Hunter,Mage+Priest+Warrior,Warrior+Paladin+Hunter,14,team1,kill,57.08
Mage+Priest+Warrior_vs_Warrior+Paladin+Hunter,Mage+Priest+Warrior,Warrior+Paladin+Hunter,15,team1,kill,59.70
Mage+Priest+Warrior_vs_Warrior+Paladin+Hunter,Mage+Priest+Warrior,Warrior+Paladin+Hunter,16,team2,kill,57.77
Mage+Priest+Warrior_vs_Warrior+Paladin+Hunter,Mage+Priest+Warrior,Warrior+Paladin+Hunter,17,team1,kill,70.35
Mage+Priest+Warrior_vs_Warrior+Paladin+Hunter,Mage+Priest+Warrior,Warrior+Paladin+Hunter,18,team1,kill,54.67
Mage+Priest+Warrior_vs_Warrior+Paladin+Hunter,Mage+Priest+Warrior,Warrior+Paladin+Hunter,19,team1,kill,66.37
Mage+Priest+Warrior_vs_Warrior+Paladin+Hunter,Mage+Priest+Warrior,Warrior+Paladin+Hunter,20,team2,kill,56.62
Mage+Priest+Warrior_vs_Warrior+Paladin+Hunter,Mage+Priest+Warrior,Warrior+Paladin+Hunter,21,team1,kill,61.27
Mage+Priest+Warrior_vs_Warrior+Paladin+Hunter,Mage+Priest+Warrior,Warrior+Paladin+Hunter,22,team2,kill,44.62
Mage+Priest+Warrior_vs_Warrior+Paladin+Hunter,Mage+Priest+Warrior,Warrior+Paladin+Hunter,23,team1,kill,139.96
Mage+Priest+Warrior_vs_Warrior+Paladin+Hunter,Mage+Priest+Warrior,Warrior+Paladin+Hunter,24,team1,kill,40.90
Mage+Priest+Warrior_vs_Warrior+Paladin+Hunter,Mage+Priest+Warrior,Warrior+Paladin+Hunter,25,team1,kill,59.85
Mage+Priest+Warrior_vs_Warrior+Paladin+Hunter,Mage+Priest+Warrior,Warrior+Paladin+Hunter,26,team1,kill,60.08
Mage+Priest+Warrior_vs_Warrior+Paladin+Hunter,Mage+Priest+Warrior,Warrior+Paladin+Hunter,27,team1,kill,177.87
Mage+Priest+Warrior_vs_Warrior+Paladin+Hunter,Mage+Priest+Warrior,Warrior+Paladin+Hunter,28,team1,kill,94.11
Mage+Priest+Warrior_vs_Warrior+Paladin+Hunter,Mage+Priest+Warrior,Warrior+Paladin+Hunter,29,team2,kill,52.17
Mage+Priest+Warrior_vs_Warrior+Paladin+Shaman,Mage+Priest+Warrior,Warrior+Paladin+Shaman,0,team1,kill,39.70
Mage+Priest+Warrior_vs_Warrior+Paladin+Shaman,Mage+Priest+Warrior,Warrior+Paladin+Shaman,1,team1,kill,68.88
Mage+Priest+Warrior_vs_Warrior+Paladin+Shaman,Mage+Priest+Warrior,Warrior+Paladin+Shaman,2,team1,kill,136.74
Mage+Priest+Warrior_vs_Warrior+Paladin+Shaman,Mage+Priest+Warrior,Warrior+Paladin+Shaman,3,team2,kill,57.93
Mage+Priest+Warrior_vs_Warrior+Paladin+Shaman,Mage+Priest+Warrior,Warrior+Paladin+Shaman,4,team1,kill,64.25
Mage+Priest+Warrior_vs_Warrior+Paladin+Shaman,Mage+Priest+Warrior,Warrior+Paladin+Shaman,5,team1,kill,62.02
Mage+Priest+Warrior_vs_Warrior+Paladin+Shaman,Mage+Priest+Warrior,Warrior+Paladin+Shaman,6,team1,kill,50.77
Mage+Priest+Warrior_vs_Warrior+Paladin+Shaman,Mage+Priest+Warrior,Warrior+Paladin+Shaman,7,team2,kill,53.85
Mage+Priest+Warrior_vs_Warrior+Paladin+Shaman,Mage+Priest+Warrior,Warrior+Paladin+Shaman,8,team2,kill,54.15
Mage+Priest+Warrior_vs_Warrior+Paladin+Shaman,Mage+Priest+Warrior,Warrior+Paladin+Shaman,9,team1,kill,61.53
Mage+Priest+Warrior_vs_Warrior+Paladin+Shaman,Mage+Priest+Warrior,Warrior+Paladin+Shaman,10,team1,kill,57.45
Mage+Priest+Warrior_vs_Warrior+Paladin+Shaman,Mage+Priest+Warrior,Warrior+Paladin+Shaman,11,team1,kill,56.60
Mage+Priest+Warrior_vs_Warrior+Paladin+Shaman,Mage+Priest+Warrior,Warrior+Paladin+Shaman,12,team1,kill,60.48
Mage+Priest+Warrior_vs_Warrior+Paladin+Shaman,Mage+Priest+Warrior,Warrior+Paladin+Shaman,13,team1,kill,52.42
Mage+Priest+Warrior_vs_Warrior+Paladin+Shaman,Mage+Priest+Warrior,Warrior+Paladin+Shaman,14,team1,kill,65.68
Mage+Priest+Warrior_vs_Warrior+Paladin+Shaman,Mage+Priest+Warrior,Warrior+Paladin+Shaman,15,team2,kill,50.78
Mage+Priest+Warrior_vs_Warrior+Paladin+Shaman,Mage+Priest+Warrior,Warrior+Paladin+Shaman,16,team1,kill,56.92
Mage+Priest+Warrior_vs_Warrior+Paladin+Shaman,Mage+Priest+Warrior,Warrior+Paladin+Shaman,17,team1,kill,60.62
Mage+Priest+Warrior_vs_Warrior+Paladin+Shaman,Mage+Priest+Warrior,Warrior+Paladin+Shaman,18,team1,kill,51.18
Mage+Priest+Warrior_vs_Warrior+Paladin+Shaman,Mage+Priest+Warrior,Warrior+Paladin+Shaman,19,team2,kill,196.91
Mage+Priest+Warrior_vs_Warrior+Paladin+Shaman,Mage+Priest+Warrior,Warrior+Paladin+Shaman,20,team2,kill,169.35
Mage+Priest+Warrior_vs_Warrior+Paladin+Shaman,Mage+Priest+Warrior,Warrior+Paladin+Shaman,21,team2,kill,56.08
Mage+Priest+Warrior_vs_Warrior+Paladin+Shaman,Mage+Priest+Warrior,Warrior+Paladin+Shaman,22,team1,kill,42.53
Mage+Priest+Warrior_vs_Warrior+Paladin+Shaman,Mage+Priest+Warrior,Warrior+Paladin+Shaman,23,team2,kill,54.40
Mage+Priest+Warrior_vs_Warrior+Paladin+Shaman,Mage+Priest+Warrior,Warrior+Paladin+Shaman,24,team1,kill,48.62
Mage+Priest+Warrior_vs_Warrior+Paladin+Shaman,Mage+Priest+Warrior,Warrior+Paladin+Shaman,25,team1,kill,52.97
Mage+Priest+Warrior_vs_Warrior+Paladin+Shaman,Mage+Priest+Warrior,Warrior+Paladin+Shaman,26,team1,kill,35.08
Mage+Priest+Warrior_vs_Warrior+Paladin+Shaman,Mage+Priest+Warrior,Warrior+Paladin+Shaman,27,team1,kill,43.48
Mage+Priest+Warrior_vs_Warrior+Paladin+Shaman,Mage+Priest+Warrior,Warrior+Paladin+Shaman,28,team1,kill,51.37
Mage+Priest+Warrior_vs_Warrior+Paladin+Shaman,Mage+Priest+Warrior,Warrior+Paladin+Shaman,29,team2,kill,61.27
Mage+Priest+Warrior_vs_Warrior+Hunter+Shaman,Mage+Priest+Warrior,Warrior+Hunter+Shaman,0,team1,kill,38.97
Mage+Priest+Warrior_vs_Warrior+Hunter+Shaman,Mage+Priest+Warrior,Warrior+Hunter+Shaman,1,team1,kill,41.43
Mage+Priest+Warrior_vs_Warrior+Hunter+Shaman,Mage+Priest+Warrior,Warrior+Hunter+Shaman,2,team1,kill,44.08
Mage+Priest+Warrior_vs_Warrior+Hunter+Shaman,Mage+Priest+Warrior,Warrior+Hunter+Shaman,3,team1,kill,71.87
Mage+Priest+Warrior_vs_Warrior+Hunter+Shaman,Mage+Priest+Warrior,Warrior+Hunter+Shaman,4,team1,kill,36.40
Mage+Priest+Warrior_vs_Warrior+Hunter+Shaman,Mage+Priest+Warrior,Warrior+Hunter+Shaman,5,team1,kill,38.02
Mage+Priest+Warrior_vs_Warrior+Hunter+Shaman,Mage+Priest+Warrior,Warrior+Hunter+Shaman,6,team1,kill,40.40
Mage+Priest+Warrior_vs_Warrior+Hunter+Shaman,Mage+Priest+Warrior,Warrior+Hunter+Shaman,7,team1,kill,31.00
Mage+Priest+Warrior_vs_Warrior+Hunter+Shaman,Mage+Priest+Warrior,Warrior+Hunter+Shaman,8,team1,kill,38.17
Mage+Priest+Warrior_vs_Warrior+Hunter+Shaman,Mage+Priest+Warrior,Warrior+Hunter+Shaman,9,team1,kill,37.23
Mage+Priest+Warrior_vs_Warrior+Hunter+Shaman,Mage+Priest+Warrior,Warrior+Hunter+Shaman,10,team1,kill,39.13
Mage+Priest+Warrior_vs_Warrior+Hunter+Shaman,Mage+Priest+Warrior,Warrior+Hunter+Shaman,11,team1,kill,39.53
Mage+Priest+Warrior_vs_Warrior+Hunter+Shaman,Mage+Priest+Warrior,Warrior+Hunter+Shaman,12,team1,kill,40.47
Mage+Priest+Warrior_vs_Warrior+Hunter+Shaman,Mage+Priest+Warrior,Warrior+Hunter+Shaman,13,team1,kill,42.28
Mage+Priest+Warrior_vs_Warrior+Hunter+Shaman,Mage+Priest+Warrior,Warrior+Hunter+Shaman,14,team1,kill,38.02
Mage+Priest+Warrior_vs_Warrior+Hunter+Shaman,Mage+Priest+Warrior,Warrior+Hunter+Shaman,15,team1,kill,41.18
Mage+Priest+Warrior_vs_Warrior+Hunter+Shaman,Mage+Priest+Warrior,Warrior+Hunter+Shaman,16,team1,kill,42.80
Mage+Priest+Warrior_vs_Warrior+Hunter+Shaman,Mage+Priest+Warrior,Warrior+Hunter+Shaman,17,team1,kill,39.92
Mage+Priest+Warrior_vs_Warrior+Hunter+Shaman,Mage+Priest+Warrior,Warrior+Hunter+Shaman,18,team1,kill,38.83
Mage+Priest+Warrior_vs_Warrior+Hunter+Shaman,Mage+Priest+Warrior,Warrior+Hunter+Shaman,19,team1,kill,61.78
Mage+Priest+Warrior_vs_Warrior+Hunter+Shaman,Mage+Priest+Warrior,Warrior+Hunter+Shaman,20,team1,kill,38.80
Mage+Priest+Warrior_vs_Warrior+Hunter+Shaman,Mage+Priest+Warrior,Warrior+Hunter+Shaman,21,team1,kill,38.65
Mage+Priest+Warrior_vs_Warrior+Hunter+Shaman,Mage+Priest+Warrior,Warrior+Hunter+Shaman,22,team1,kill,39.02
Mage+Priest+Warrior_vs_Warrior+Hunter+Shaman,Mage+Priest+Warrior,Warrior+Hunter+Shaman,23,team1,kill,37.93
Mage+Priest+Warrior_vs_Warrior+Hunter+Shaman,Mage+Priest+Warrior,Warrior+Hunter+Shaman,24,team1,kill,37.57
Mage+Priest+Warrior_vs_Warrior+Hunter+Shaman,Mage+Priest+Warrior,Warrior+Hunter+Shaman,25,team1,kill,40.15
Mage+Priest+Warrior_vs_Warrior+Hunter+Shaman,Mage+Priest+Warrior,Warrior+Hunter+Shaman,26,team1,kill,50.68
Mage+Priest+Warrior_vs_Warrior+Hunter+Shaman,Mage+Priest+Warrior,Warrior+Hunter+Shaman,27,team1,kill,43.80
Mage+Priest+Warrior_vs_Warrior+Hunter+Shaman,Mage+Priest+Warrior,Warrior+Hunter+Shaman,28,team1,kill,38.02
Mage+Priest+Warrior_vs_Warrior+Hunter+Shaman,Mage+Priest+Warrior,Warrior+Hunter+Shaman,29,team1,kill,43.60
Mage+Priest+Warrior_vs_Mage+Rogue+Priest,Mage+Priest+Warrior,Mage+Rogue+Priest,0,team1,kill,23.68
Mage+Priest+Warrior_vs_Mage+Rogue+Priest,Mage+Priest+Warrior,Mage+Rogue+Priest,1,team1,kill,26.73
Mage+Priest+Warrior_vs_Mage+Rogue+Priest,Mage+Priest+Warrior,Mage+Rogue+Priest,2,team1,kill,49.25
Mage+Priest+Warrior_vs_Mage+Rogue+Priest,Mage+Priest+Warrior,Mage+Rogue+Priest,3,team1,kill,42.02
Mage+Priest+Warrior_vs_Mage+Rogue+Priest,Mage+Priest+Warrior,Mage+Rogue+Priest,4,team1,kill,26.77
Mage+Priest+Warrior_vs_Mage+Rogue+Priest,Mage+Priest+Warrior,Mage+Rogue+Priest,5,team1,kill,27.50
Mage+Priest+Warrior_vs_Mage+Rogue+Priest,Mage+Priest+Warrior,Mage+Rogue+Priest,6,team1,kill,29.43
Mage+Priest+Warrior_vs_Mage+Rogue+Priest,Mage+Priest+Warrior,Mage+Rogue+Priest,7,team1,kill,25.27
Mage+Priest+Warrior_vs_Mage+Rogue+Priest,Mage+Priest+Warrior,Mage+Rogue+Priest,8,team1,kill,44.33
Mage+Priest+Warrior_vs_Mage+Rogue+Priest,Mage+Priest+Warrior,Mage+Rogue+Priest,9,team1,kill,28.22
Mage+Priest+Warrior_vs_Mage+Rogue+Priest,Mage+Priest+Warrior,Mage+Rogue+Priest,10,team1,kill,27.50
Mage+Priest+Warrior_vs_Mage+Rogue+Priest,Mage+Priest+Warrior,Mage+Rogue+Priest,11,team1,kill,29.78
Mage+Priest+Warrior_vs_Mage+Rogue+Priest,Mage+Priest+Warrior,Mage+Rogue+Priest,12,team1,kill,23.55
Mage+Priest+Warrior_vs_Mage+Rogue+Priest,Mage+Priest+Warrior,Mage+Rogue+Priest,13,team1,kill,20.30
Mage+Priest+Warrior_vs_Mage+Rogue+Priest,Mage+Priest+Warrior,Mage+Rogue+Priest,14,team1,kill,25.27
Mage+Priest+Warrior_vs_Mage+Rogue+Priest,Mage+Priest+Warrior,Mage+Rogue+Priest,15,team1,kill,49.85
Mage+Priest+Warrior_vs_Mage+Rogue+Priest,Mage+Priest+Warrior,Mage+Rogue+Priest,16,team1,kill,26.38
Mage+Priest+Warrior_vs_Mage+Rogue+Priest,Mage+Priest+Warrior,Mage+Rogue+Priest,17,team1,kill,27.50
Mage+Priest+Warrior_vs_Mage+Rogue+Priest,Mage+Priest+Warrior,Mage+Rogue+Priest,18,team1,kill,25.27
Mage+Priest+Warrior_vs_Mage+Rogue+Priest,Mage+Priest+Warrior,Mage+Rogue+Priest,19,team1,kill,25.18
Mage+Priest+Warrior_vs_Mage+Rogue+Priest,Mage+Priest+Warrior,Mage+Rogue+Priest,20,team1,kill,26.38
Mage+Priest+Warrior_vs_Mage+Rogue+Priest,Mage+Priest+Warrior,Mage+Rogue+Priest,21,team2,kill,27.80
Mage+Priest+Warrior_vs_Mage+Rogue+Priest,Mage+Priest+Warrior,Mage+Rogue+Priest,22,team1,kill,26.70
Mage+Priest+Warrior_vs_Mage+Rogue+Priest,Mage+Priest+Warrior,Mage+Rogue+Priest,23,team1,kill,25.15
Mage+Priest+Warrior_vs_Mage+Rogue+Priest,Mage+Priest+Warrior,Mage+Rogue+Priest,24,team2,kill,35.57
Mage+Priest+Warrior_vs_Mage+Rogue+Priest,Mage+Priest+Warrior,Mage+Rogue+Priest,25,team1,kill,25.18
Mage+Priest+Warrior_vs_Mage+Rogue+Priest,Mage+Priest+Warrior,Mage+Rogue+Priest,26,team1,kill,27.78
Mage+Priest+Warrior_vs_Mage+Rogue+Priest,Mage+Priest+Warrior,Mage+Rogue+Priest,27,team1,kill,24.98
Mage+Priest+Warrior_vs_Mage+Rogue+Priest,Mage+Priest+Warrior,Mage+Rogue+Priest,28,team1,kill,23.75
Mage+Priest+Warrior_vs_Mage+Rogue+Priest,Mage+Priest+Warrior,Mage+Rogue+Priest,29,team1,kill,29.43
Mage+Priest+Warrior_vs_Mage+Rogue+Warlock,Mage+Priest+Warrior,Mage+Rogue+Warlock,0,team1,kill,25.63
Mage+Priest+Warrior_vs_Mage+Rogue+Warlock,Mage+Priest+Warrior,Mage+Rogue+Warlock,1,team1,kill,24.18
Mage+Priest+Warrior_vs_Mage+Rogue+Warlock,Mage+Priest+Warrior,Mage+Rogue+Warlock,2,team1,kill,25.52
Mage+Priest+Warrior_vs_Mage+Rogue+Warlock,Mage+Priest+Warrior,Mage+Rogue+Warlock,3,team1,kill,22.62
Mage+Priest+Warrior_vs_Mage+Rogue+Warlock,Mage+Priest+Warrior,Mage+Rogue+Warlock,4,team2,kill,24.08
Mage+Priest+Warrior_vs_Mage+Rogue+Warlock,Mage+Priest+Warrior,Mage+Rogue+Warlock,5,team1,kill,24.95
Mage+Priest+Warrior_vs_Mage+Rogue+Warlock,Mage+Priest+Warrior,Mage+Rogue+Warlock,6,team1,kill,25.65
Mage+Priest+Warrior_vs_Mage+Rogue+Warlock,Mage+Priest+Warrior,Mage+Rogue+Warlock,7,team1,kill,24.13
Mage+Priest+Warrior_vs_Mage+Rogue+Warlock,Mage+Priest+Warrior,Mage+Rogue+Warlock,8,team1,kill,24.13
Mage+Priest+Warrior_vs_Mage+Rogue+Warlock,Mage+Priest+Warrior,Mage+Rogue+Warlock,9,team1,kill,22.62
Mage+Priest+Warrior_vs_Mage+Rogue+Warlock,Mage+Priest+Warrior,Mage+Rogue+Warlock,10,team1,kill,23.50
Mage+Priest+Warrior_vs_Mage+Rogue+Warlock,Mage+Priest+Warrior,Mage+Rogue+Warlock,11,team1,kill,26.83
Mage+Priest+Warrior_vs_Mage+Rogue+Warlock,Mage+Priest+Warrior,Mage+Rogue+Warlock,12,team1,kill,22.53
Mage+Priest+Warrior_vs_Mage+Rogue+Warlock,Mage+Priest+Warrior,Mage+Rogue+Warlock,13,team1,kill,22.63
Mage+Priest+Warrior_vs_Mage+Rogue+Warlock,Mage+Priest+Warrior,Mage+Rogue+Warlock,14,team1,kill,29.97
Mage+Priest+Warrior_vs_Mage+Rogue+Warlock,Mage+Priest+Warrior,Mage+Rogue+Warlock,15,team1,kill,25.65
Mage+Priest+Warrior_vs_Mage+Rogue+Warlock,Mage+Priest+Warrior,Mage+Rogue+Warlock,16,team1,kill,24.40
Mage+Priest+Warrior_vs_Mage+Rogue+Warlock,Mage+Priest+Warrior,Mage+Rogue+Warlock,17,team1,kill,27.98
Mage+Priest+Warrior_vs_Mage+Rogue+Warlock,Mage+Priest+Warrior,Mage+Rogue+Warlock,18,team2,kill,25.30
Mage+Priest+Warrior_vs_Mage+Rogue+Warlock,Mage+Priest+Warrior,Mage+Rogue+Warlock,19,team1,kill,24.15
Mage+Priest+Warrior_vs_Mage+Rogue+Warlock,Mage+Priest+Warrior,Mage+Rogue+Warlock,20,team1,kill,24.13
Mage+Priest+Warrior_vs_Mage+Rogue+Warlock,Mage+Priest+Warrior,Mage+Rogue+Warlock,21,team1,kill,21.83
Mage+Priest+Warrior_vs_Mage+Rogue+Warlock,Mage+Priest+Warrior,Mage+Rogue+Warlock,22,team1,kill,24.13
Mage+Priest+Warrior_vs_Mage+Rogue+Warlock,Mage+Priest+Warrior,Mage+Rogue+Warlock,23,team2,kill,26.67
Mage+Priest+Warrior_vs_Mage+Rogue+Warlock,Mage+Priest+Warrior,Mage+Rogue+Warlock,24,team1,kill,24.03
Mage+Priest+Warrior_vs_Mage+Rogue+Warlock,Mage+Priest+Warrior,Mage+Rogue+Warlock,25,team1,kill,22.63
Mage+Priest+Warrior_vs_Mage+Rogue+Warlock,Mage+Priest+Warrior,Mage+Rogue+Warlock,26,team1,kill,27.88
Mage+Priest+Warrior_vs_Mage+Rogue+Warlock,Mage+Priest+Warrior,Mage+Rogue+Warlock,27,team1,kill,22.72
Mage+Priest+Warrior_vs_Mage+Rogue+Warlock,Mage+Priest+Warrior,Mage+Rogue+Warlock,28,team1,kill,21.52
Mage+Priest+Warrior_vs_Mage+Rogue+Warlock,Mage+Priest+Warrior,Mage+Rogue+Warlock,29,team1,kill,25.65
Mage+Priest+Warrior_vs_Mage+Rogue+Paladin,Mage+Priest+Warrior,Mage+Rogue+Paladin,0,team1,kill,43.77
Mage+Priest+Warrior_vs_Mage+Rogue+Paladin,Mage+Priest+Warrior,Mage+Rogue+Paladin,1,team2,kill,52.48
Mage+Priest+Warrior_vs_Mage+Rogue+Paladin,Mage+Priest+Warrior,Mage+Rogue+Paladin,2,team2,kill,50.02
Mage+Priest+Warrior_vs_Mage+Rogue+Paladin,Mage+Priest+Warrior,Mage+Rogue+Paladin,3,team1,kill,57.22
Mage+Priest+Warrior_vs_Mage+Rogue+Paladin,Mage+Priest+Warrior,Mage+Rogue+Paladin,4,team2,kill,38.75
Mage+Priest+Warrior_vs_Mage+Rogue+Paladin,Mage+Priest+Warrior,Mage+Rogue+Paladin,5,team2,kill,35.23
Mage+Priest+Warrior_vs_Mage+Rogue+Paladin,Mage+Priest+Warrior,Mage+Rogue+Paladin,6,team2,kill,31.73
Mage+Priest+Warrior_vs_Mage+Rogue+Paladin,Mage+Priest+Warrior,Mage+Rogue+Paladin,7,team2,kill,46.05
Mage+Priest+Warrior_vs_Mage+Rogue+Paladin,Mage+Priest+Warrior,Mage+Rogue+Paladin,8,team2,kill,44.38
Mage+Priest+Warrior_vs_Mage+Rogue+Paladin,Mage+Priest+Warrior,Mage+Rogue+Paladin,9,team2,kill,45.78
Mage+Priest+Warrior_vs_Mage+Rogue+Paladin,Mage+Priest+Warrior,Mage+Rogue+Paladin,10,team2,kill,27.07
Mage+Priest+Warrior_vs_Mage+Rogue+Paladin,Mage+Priest+Warrior,Mage+Rogue+Paladin,11,team1,kill,65.93
Mage+Priest+Warrior_vs_Mage+Rogue+Paladin,Mage+Priest+Warrior,Mage+Rogue+Paladin,12,team2,kill,44.40
Mage+Priest+Warrior_vs_Mage+Rogue+Paladin,Mage+Priest+Warrior,Mage+Rogue+Paladin,13,team1,kill,71.98
Mage+Priest+Warrior_vs_Mage+Rogue+Paladin,Mage+Priest+Warrior,Mage+Rogue+Paladin,14,team2,kill,31.32
Mage+Priest+Warrior_vs_Mage+Rogue+Paladin,Mage+Priest+Warrior,Mage+Rogue+Paladin,15,team2,kill,47.30
Mage+Priest+Warrior_vs_Mage+Rogue+Paladin,Mage+Priest+Warrior,Mage+Rogue+Paladin,16,team2,kill,33.68
Mage+Priest+Warrior_vs_Mage+Rogue+Paladin,Mage+Priest+Warrior,Mage+Rogue+Paladin,17,team2,kill,35.98
Mage+Priest+Warrior_vs_Mage+Rogue+Paladin,Mage+Priest+Warrior,Mage+Rogue+Paladin,18,team1,kill,51.10
Mage+Priest+Warrior_vs_Mage+Rogue+Paladin,Mage+Priest+Warrior,Mage+Rogue+Paladin,19,team2,kill,33.53
Mage+Priest+Warrior_vs_Mage+Rogue+Paladin,Mage+Priest+Warrior,Mage+Rogue+Paladin,20,team2,kill,47.28
Mage+Priest+Warrior_vs_Mage+Rogue+Paladin,Mage+Priest+Warrior,Mage+Rogue+Paladin,21,team2,kill,43.78
Mage+Priest+Warrior_vs_Mage+Rogue+Paladin,Mage+Priest+Warrior,Mage+Rogue+Paladin,22,team2,kill,29.85
Mage+Priest+Warrior_vs_Mage+Rogue+Paladin,Mage+Priest+Warrior,Mage+Rogue+Paladin,23,team2,kill,29.82
Mage+Priest+Warrior_vs_Mage+Rogue+Paladin,Mage+Priest+Warrior,Mage+Rogue+Paladin,24,team2,kill,41.57
Mage+Priest+Warrior_vs_Mage+Rogue+Paladin,Mage+Priest+Warrior,Mage+Rogue+Paladin,25,team2,kill,29.13
Mage+Priest+Warrior_vs_Mage+Rogue+Paladin,Mage+Priest+Warrior,Mage+Rogue+Paladin,26,team2,kill,37.13
Mage+Priest+Warrior_vs_Mage+Rogue+Paladin,Mage+Priest+Warrior,Mage+Rogue+Paladin,27,team2,kill,45.88
Mage+Priest+Warrior_vs_Mage+Rogue+Paladin,Mage+Priest+Warrior,Mage+Rogue+Paladin,28,team2,kill,28.45
Mage+Priest+Warrior_vs_Mage+Rogue+Paladin,Mage+Priest+Warrior,Mage+Rogue+Paladin,29,team2,kill,41.23
Mage+Priest+Warrior_vs_Mage+Rogue+Hunter,Mage+Priest+Warrior,Mage+Rogue+Hunter,0,team1,kill,33.43
Mage+Priest+Warrior_vs_Mage+Rogue+Hunter,Mage+Priest+Warrior,Mage+Rogue+Hunter,1,team1,kill,32.02
Mage+Priest+Warrior_vs_Mage+Rogue+Hunter,Mage+Priest+Warrior,Mage+Rogue+Hunter,2,team1,kill,31.48
Mage+Priest+Warrior_vs_Mage+Rogue+Hunter,Mage+Priest+Warrior,Mage+Rogue+Hunter,3,team1,kill,33.00
Mage+Priest+Warrior_vs_Mage+Rogue+Hunter,Mage+Priest+Warrior,Mage+Rogue+Hunter,4,team1,kill,23.53
Mage+Priest+Warrior_vs_Mage+Rogue+Hunter,Mage+Priest+Warrior,Mage+Rogue+Hunter,5,team1,kill,33.65
Mage+Priest+Warrior_vs_Mage+Rogue+Hunter,Mage+Priest+Warrior,Mage+Rogue+Hunter,6,team1,kill,23.53
Mage+Priest+Warrior_vs_Mage+Rogue+Hunter,Mage+Priest+Warrior,Mage+Rogue+Hunter,7,team1,kill,31.48
Mage+Priest+Warrior_vs_Mage+Rogue+Hunter,Mage+Priest+Warrior,Mage+Rogue+Hunter,8,team1,kill,31.48
Mage+Priest+Warrior_vs_Mage+Rogue+Hunter,Mage+Priest+Warrior,Mage+Rogue+Hunter,9,team1,kill,32.73
Mage+Priest+Warrior_vs_Mage+Rogue+Hunter,Mage+Priest+Warrior,Mage+Rogue+Hunter,10,team1,kill,31.48
Mage+Priest+Warrior_vs_Mage+Rogue+Hunter,Mage+Priest+Warrior,Mage+Rogue+Hunter,11,team1,kill,33.00
Mage+Priest+Warrior_vs_Mage+Rogue+Hunter,Mage+Priest+Warrior,Mage+Rogue+Hunter,12,team1,kill,33.42
Mage+Priest+Warrior_vs_Mage+Rogue+Hunter,Mage+Priest+Warrior,Mage+Rogue+Hunter,13,team1,kill,23.53
Mage+Priest+Warrior_vs_Mage+Rogue+Hunter,Mage+Priest+Warrior,Mage+Rogue+Hunter,14,team1,kill,23.53
Mage+Priest+Warrior_vs_Mage+Rogue+Hunter,Mage+Priest+Warrior,Mage+Rogue+Hunter,15,team1,kill,21.98
Mage+Priest+Warrior_vs_Mage+Rogue+Hunter,Mage+Priest+Warrior,Mage+Rogue+Hunter,16,team1,kill,23.48
Mage+Priest+Warrior_vs_Mage+Rogue+Hunter,Mage+Priest+Warrior,Mage+Rogue+Hunter,17,team1,kill,33.00
Mage+Priest+Warrior_vs_Mage+Rogue+Hunter,Mage+Priest+Warrior,Mage+Rogue+Hunter,18,team1,kill,23.53
Mage+Priest+Warrior_vs_Mage+Rogue+Hunter,Mage+Priest+Warrior,Mage+Rogue+Hunter,19,team1,kill,23.48
Mage+Priest+Warrior_vs_Mage+Rogue+Hunter,Mage+Priest+Warrior,Mage+Rogue+Hunter,20,team1,kill,23.53
Mage+Priest+Warrior_vs_Mage+Rogue+Hunter,Mage+Priest+Warrior,Mage+Rogue+Hunter,21,team1,kill,32.07
Mage+Priest+Warrior_vs_Mage+Rogue+Hunter,Mage+Priest+Warrior,Mage+Rogue+Hunter,22,team1,kill,22.12
Mage+Priest+Warrior_vs_Mage+Rogue+Hunter,Mage+Priest+Warrior,Mage+Rogue+Hunter,23,team1,kill,23.53
Mage+Priest+Warrior_vs_Mage+Rogue+Hunter,Mage+Priest+Warrior,Mage+Rogue+Hunter,24,team1,kill,23.53
Mage+Priest+Warrior_vs_Mage+Rogue+Hunter,Mage+Priest+Warrior,Mage+Rogue+Hunter,25,team1,kill,21.97
Mage+Priest+Warrior_vs_Mage+Rogue+Hunter,Mage+Priest+Warrior,Mage+Rogue+Hunter,26,team1,kill,32.05
Mage+Priest+Warrior_vs_Mage+Rogue+Hunter,Mage+Priest+Warrior,Mage+Rogue+Hunter,27,team1,kill,23.53
Mage+Priest+Warrior_vs_Mage+Rogue+Hunter,Mage+Priest+Warrior,Mage+Rogue+Hunter,28,team1,kill,23.53
Mage+Priest+Warrior_vs_Mage+Rogue+Hunter,Mage+Priest+Warrior,Mage+Rogue+Hunter,29,team1,kill,23.50
Mage+Priest+Warrior_vs_Mage+Rogue+Shaman,Mage+Priest+Warrior,Mage+Rogue+Shaman,0,team1,kill,33.35
Mage+Priest+Warrior_vs_Mage+Rogue+Shaman,Mage+Priest+Warrior,Mage+Rogue+Shaman,1,team1,kill,40.95
Mage+Priest+Warrior_vs_Mage+Rogue+Shaman,Mage+Priest+Warrior,Mage+Rogue+Shaman,2,team1,kill,37.92
Mage+Priest+Warrior_vs_Mage+Rogue+Shaman,Mage+Priest+Warrior,Mage+Rogue+Shaman,3,team1,kill,50.83
Mage+Priest+Warrior_vs_Mage+Rogue+Shaman,Mage+Priest+Warrior,Mage+Rogue+Shaman,4,team1,kill,33.13
Mage+Priest+Warrior_vs_Mage+Rogue+Shaman,Mage+Priest+Warrior,Mage+Rogue+Shaman,5,team1,kill,36.30
Mage+Priest+Warrior_vs_Mage+Rogue+Shaman,Mage+Priest+Warrior,Mage+Rogue+Shaman,6,team1,kill,50.70
Mage+Priest+Warrior_vs_Mage+Rogue+Shaman,Mage+Priest+Warrior,Mage+Rogue+Shaman,7,team1,kill,49.45
Mage+Priest+Warrior_vs_Mage+Rogue+Shaman,Mage+Priest+Warrior,Mage+Rogue+Shaman,8,team1,kill,58.67
Mage+Priest+Warrior_vs_Mage+Rogue+Shaman,Mage+Priest+Warrior,Mage+Rogue+Shaman,9,team1,kill,50.83
Mage+Priest+Warrior_vs_Mage+Rogue+Shaman,Mage+Priest+Warrior,Mage+Rogue+Shaman,10,team1,kill,51.28
Mage+Priest+Warrior_vs_Mage+Rogue+Shaman,Mage+Priest+Warrior,Mage+Rogue+Shaman,11,team1,kill,33.08
Mage+Priest+Warrior_vs_Mage+Rogue+Shaman,Mage+Priest+Warrior,Mage+Rogue+Shaman,12,team1,kill,50.35
Mage+Priest+Warrior_vs_Mage+Rogue+Shaman,Mage+Priest+Warrior,Mage+Rogue+Shaman,13,team1,kill,43.35
Mage+Priest+Warrior_vs_Mage+Rogue+Shaman,Mage+Priest+Warrior,Mage+Rogue+Shaman,14,team1,kill,34.92
Mage+Priest+Warrior_vs_Mage+Rogue+Shaman,Mage+Priest+Warrior,Mage+Rogue+Shaman,15,team1,kill,35.80
Mage+Priest+Warrior_vs_Mage+Rogue+Shaman,Mage+Priest+Warrior,Mage+Rogue+Shaman,16,team1,kill,32.00
Mage+Priest+Warrior_vs_Mage+Rogue+Shaman,Mage+Priest+Warrior,Mage+Rogue+Shaman,17,team1,kill,35.63
Mage+Priest+Warrior_vs_Mage+Rogue+Shaman,Mage+Priest+Warrior,Mage+Rogue+Shaman,18,team1,kill,31.60
Mage+Priest+Warrior_vs_Mage+Rogue+Shaman,Mage+Priest+Warrior,Mage+Rogue+Shaman,19,team1,kill,31.82
Mage+Priest+Warrior_vs_Mage+Rogue+Shaman,Mage+Priest+Warrior,Mage+Rogue+Shaman,20,team1,kill,23.10
Mage+Priest+Warrior_vs_Mage+Rogue+Shaman,Mage+Priest+Warrior,Mage+Rogue+Shaman,21,team1,kill,36.40
Mage+Priest+Warrior_vs_Mage+Rogue+Shaman,Mage+Priest+Warrior,Mage+Rogue+Shaman,22,team1,kill,63.67
Mage+Priest+Warrior_vs_Mage+Rogue+Shaman,Mage+Priest+Warrior,Mage+Rogue+Shaman,23,team1,kill,41.93
Mage+Priest+Warrior_vs_Mage+Rogue+Shaman,Mage+Priest+Warrior,Mage+Rogue+Shaman,24,team1,kill,32.32
Mage+Priest+Warrior_vs_Mage+Rogue+Shaman,Mage+Priest+Warrior,Mage+Rogue+Shaman,25,team1,kill,35.65
Mage+Priest+Warrior_vs_Mage+Rogue+Shaman,Mage+Priest+Warrior,Mage+Rogue+Shaman,26,team1,kill,34.78
Mage+Priest+Warrior_vs_Mage+Rogue+Shaman,Mage+Priest+Warrior,Mage+Rogue+Shaman,27,team1,kill,41.57
Mage+Priest+Warrior_vs_Mage+Rogue+Shaman,Mage+Priest+Warrior,Mage+Rogue+Shaman,28,team1,kill,34.82
Mage+Priest+Warrior_vs_Mage+Rogue+Shaman,Mage+Priest+Warrior,Mage+Rogue+Shaman,29,team1,kill,36.78
Mage+Priest+Warrior_vs_Mage+Priest+Warlock,Mage+Priest+Warrior,Mage+Priest+Warlock,0,team2,kill,54.27
Mage+Priest+Warrior_vs_Mage+Priest+Warlock,Mage+Priest+Warrior,Mage+Priest+Warlock,1,team1,kill,45.07
Mage+Priest+Warrior_vs_Mage+Priest+Warlock,Mage+Priest+Warrior,Mage+Priest+Warlock,2,team2,kill,29.32
Mage+Priest+Warrior_vs_Mage+Priest+Warlock,Mage+Priest+Warrior,Mage+Priest+Warlock,3,team2,kill,48.45
Mage+Priest+Warrior_vs_Mage+Priest+Warlock,Mage+Priest+Warrior,Mage+Priest+Warlock,4,team2,kill,29.38
Mage+Priest+Warrior_vs_Mage+Priest+Warlock,Mage+Priest+Warrior,Mage+Priest+Warlock,5,team2,kill,45.92
Mage+Priest+Warrior_vs_Mage+Priest+Warlock,Mage+Priest+Warrior,Mage+Priest+Warlock,6,team2,kill,85.74
Mage+Priest+Warrior_vs_Mage+Priest+Warlock,Mage+Priest+Warrior,Mage+Priest+Warlock,7,team2,kill,71.03
Mage+Priest+Warrior_vs_Mage+Priest+Warlock,Mage+Priest+Warrior,Mage+Priest+Warlock,8,team2,kill,81.89
Mage+Priest+Warrior_vs_Mage+Priest+Warlock,Mage+Priest+Warrior,Mage+Priest+Warlock,9,team2,kill,38.18
Mage+Priest+Warrior_vs_Mage+Priest+Warlock,Mage+Priest+Warrior,Mage+Priest+Warlock,10,team2,kill,28.23
Mage+Priest+Warrior_vs_Mage+Priest+Warlock,Mage+Priest+Warrior,Mage+Priest+Warlock,11,team2,kill,42.75
Mage+Priest+Warrior_vs_Mage+Priest+Warlock,Mage+Priest+Warrior,Mage+Priest+Warlock,12,team2,kill,44.98
Mage+Priest+Warrior_vs_Mage+Priest+Warlock,Mage+Priest+Warrior,Mage+Priest+Warlock,13,team2,kill,30.33
Mage+Priest+Warrior_vs_Mage+Priest+Warlock,Mage+Priest+Warrior,Mage+Priest+Warlock,14,team2,kill,38.28
Mage+Priest+Warrior_vs_Mage+Priest+Warlock,Mage+Priest+Warrior,Mage+Priest+Warlock,15,team1,kill,43.97
Mage+Priest+Warrior_vs_Mage+Priest+Warlock,Mage+Priest+Warrior,Mage+Priest+Warlock,16,team2,kill,44.03
Mage+Priest+Warrior_vs_Mage+Priest+Warlock,Mage+Priest+Warrior,Mage+Priest+Warlock,17,team2,kill,26.32
Mage+Priest+Warrior_vs_Mage+Priest+Warlock,Mage+Priest+Warrior,Mage+Priest+Warlock,18,team2,kill,69.58
Mage+Priest+Warrior_vs_Mage+Priest+Warlock,Mage+Priest+Warrior,Mage+Priest+Warlock,19,team2,kill,23.78
Mage+Priest+Warrior_vs_Mage+Priest+Warlock,Mage+Priest+Warrior,Mage+Priest+Warlock,20,team2,kill,30.47
Mage+Priest+Warrior_vs_Mage+Priest+Warlock,Mage+Priest+Warrior,Mage+Priest+Warlock,21,team2,kill,55.83
Mage+Priest+Warrior_vs_Mage+Priest+Warlock,Mage+Priest+Warrior,Mage+Priest+Warlock,22,team1,kill,48.95
Mage+Priest+Warrior_vs_Mage+Priest+Warlock,Mage+Priest+Warrior,Mage+Priest+Warlock,23,team2,kill,44.23
Mage+Priest+Warrior_vs_Mage+Priest+Warlock,Mage+Priest+Warrior,Mage+Priest+Warlock,24,team2,kill,51.85
Mage+Priest+Warrior_vs_Mage+Priest+Warlock,Mage+Priest+Warrior,Mage+Priest+Warlock,25,team2,kill,31.90
Mage+Priest+Warrior_vs_Mage+Priest+Warlock,Mage+Priest+Warrior,Mage+Priest+Warlock,26,team2,kill,31.15
Mage+Priest+Warrior_vs_Mage+Priest+Warlock,Mage+Priest+Warrior,Mage+Priest+Warlock,27,team1,kill,41.55
Mage+Priest+Warrior_vs_Mage+Priest+Warlock,Mage+Priest+Warrior,Mage+Priest+Warlock,28,team2,kill,48.70
Mage+Priest+Warrior_vs_Mage+Priest+Warlock,Mage+Priest+Warrior,Mage+Priest+Warlock,29,team2,kill,27.52
Mage+Priest+Warrior_vs_Mage+Priest+Paladin,Mage+Priest+Warrior,Mage+Priest+Paladin,0,team1,kill,65.05
Mage+Priest+Warrior_vs_Mage+Priest+Paladin,Mage+Priest+Warrior,Mage+Priest+Paladin,1,team1,kill,73.25
Mage+Priest+Warrior_vs_Mage+Priest+Paladin,Mage+Priest+Warrior,Mage+Priest+Paladin,2,team1,kill,67.47
Mage+Priest+Warrior_vs_Mage+Priest+Paladin,Mage+Priest+Warrior,Mage+Priest+Paladin,3,team1,kill,67.83
Mage+Priest+Warrior_vs_Mage+Priest+Paladin,Mage+Priest+Warrior,Mage+Priest+Paladin,4,team1,kill,66.12
Mage+Priest+Warrior_vs_Mage+Priest+Paladin,Mage+Priest+Warrior,Mage+Priest+Paladin,5,team1,kill,64.50
Mage+Priest+Warrior_vs_Mage+Priest+Paladin,Mage+Priest+Warrior,Mage+Priest+Paladin,6,team1,kill,72.27
Mage+Priest+Warrior_vs_Mage+Priest+Paladin,Mage+Priest+Warrior,Mage+Priest+Paladin,7,team1,kill,86.32
Mage+Priest+Warrior_vs_Mage+Priest+Paladin,Mage+Priest+Warrior,Mage+Priest+Paladin,8,team1,kill,93.26
Mage+Priest+Warrior_vs_Mage+Priest+Paladin,Mage+Priest+Warrior,Mage+Priest+Paladin,9,team1,kill,64.65
Mage+Priest+Warrior_vs_Mage+Priest+Paladin,Mage+Priest+Warrior,Mage+Priest+Paladin,10,team1,kill,64.07
Mage+Priest+Warrior_vs_Mage+Priest+Paladin,Mage+Priest+Warrior,Mage+Priest+Paladin,11,team1,kill,78.69
Mage+Priest+Warrior_vs_Mage+Priest+Paladin,Mage+Priest+Warrior,Mage+Priest+Paladin,12,team1,kill,63.92
Mage+Priest+Warrior_vs_Mage+Priest+Paladin,Mage+Priest+Warrior,Mage+Priest+Paladin,13,team1,kill,72.53
Mage+Priest+Warrior_vs_Mage+Priest+Paladin,Mage+Priest+Warrior,Mage+Priest+Paladin,14,team1,kill,69.92
Mage+Priest+Warrior_vs_Mage+Priest+Paladin,Mage+Priest+Warrior,Mage+Priest+Paladin,15,team1,kill,67.18
Mage+Priest+Warrior_vs_Mage+Priest+Paladin,Mage+Priest+Warrior,Mage+Priest+Paladin,16,team1,kill,59.88
Mage+Priest+Warrior_vs_Mage+Priest+Paladin,Mage+Priest+Warrior,Mage+Priest+Paladin,17,team1,kill,66.12
Mage+Priest+Warrior_vs_Mage+Priest+Paladin,Mage+Priest+Warrior,Mage+Priest+Paladin,18,team1,kill,99.26
Mage+Priest+Warrior_vs_Mage+Priest+Paladin,Mage+Priest+Warrior,Mage+Priest+Paladin,19,team1,kill,69.82
Mage+Priest+Warrior_vs_Mage+Priest+Paladin,Mage+Priest+Warrior,Mage+Priest+Paladin,20,team1,kill,64.60
Mage+Priest+Warrior_vs_Mage+Priest+Paladin,Mage+Priest+Warrior,Mage+Priest+Paladin,21,team1,kill,69.58
Mage+Priest+Warrior_vs_Mage+Priest+Paladin,Mage+Priest+Warrior,Mage+Priest+Paladin,22,team1,kill,102.39
Mage+Priest+Warrior_vs_Mage+Priest+Paladin,Mage+Priest+Warrior,Mage+Priest+Paladin,23,team1,kill,61.82
Mage+Priest+Warrior_vs_Mage+Priest+Paladin,Mage+Priest+Warrior,Mage+Priest+Paladin,24,team1,kill,68.98
Mage+Priest+Warrior_vs_Mage+Priest+Paladin,Mage+Priest+Warrior,Mage+Priest+Paladin,25,team1,kill,75.17
Mage+Priest+Warrior_vs_Mage+Priest+Paladin,Mage+Priest+Warrior,Mage+Priest+Paladin,26,team1,kill,67.05
Mage+Priest+Warrior_vs_Mage+Priest+Paladin,Mage+Priest+Warrior,Mage+Priest+Paladin,27,team1,kill,95.02
Mage+Priest+Warrior_vs_Mage+Priest+Paladin,Mage+Priest+Warrior,Mage+Priest+Paladin,28,team1,kill,80.27
Mage+Priest+Warrior_vs_Mage+Priest+Paladin,Mage+Priest+Warrior,Mage+Priest+Paladin,29,team1,kill,67.45
Mage+Priest+Warrior_vs_Mage+Priest+Hunter,Mage+Priest+Warrior,Mage+Priest+Hunter,0,team2,kill,49.95
Mage+Priest+Warrior_vs_Mage+Priest+Hunter,Mage+Priest+Warrior,Mage+Priest+Hunter,1,team2,kill,40.82
Mage+Priest+Warrior_vs_Mage+Priest+Hunter,Mage+Priest+Warrior,Mage+Priest+Hunter,2,team2,kill,58.57
Mage+Priest+Warrior_vs_Mage+Priest+Hunter,Mage+Priest+Warrior,Mage+Priest+Hunter,3,team2,kill,71.93
Mage+Priest+Warrior_vs_Mage+Priest+Hunter,Mage+Priest+Warrior,Mage+Priest+Hunter,4,team2,kill,35.83
Mage+Priest+Warrior_vs_Mage+Priest+Hunter,Mage+Priest+Warrior,Mage+Priest+Hunter,5,team1,kill,89.47
Mage+Priest+Warrior_vs_Mage+Priest+Hunter,Mage+Priest+Warrior,Mage+Priest+Hunter,6,team1,kill,58.03
Mage+Priest+Warrior_vs_Mage+Priest+Hunter,Mage+Priest+Warrior,Mage+Priest+Hunter,7,team2,kill,39.57
Mage+Priest+Warrior_vs_Mage+Priest+Hunter,Mage+Priest+Warrior,Mage+Priest+Hunter,8,team2,kill,52.97
Mage+Priest+Warrior_vs_Mage+Priest+Hunter,Mage+Priest+Warrior,Mage+Priest+Hunter,9,team2,kill,51.92
Mage+Priest+Warrior_vs_Mage+Priest+Hunter,Mage+Priest+Warrior,Mage+Priest+Hunter,10,team2,kill,43.27
Mage+Priest+Warrior_vs_Mage+Priest+Hunter,Mage+Priest+Warrior,Mage+Priest+Hunter,11,team2,kill,74.28
Mage+Priest+Warrior_vs_Mage+Priest+Hunter,Mage+Priest+Warrior,Mage+Priest+Hunter,12,team2,kill,36.67
Mage+Priest+Warrior_vs_Mage+Priest+Hunter,Mage+Priest+Warrior,Mage+Priest+Hunter,13,team2,kill,66.33
Mage+Priest+Warrior_vs_Mage+Priest+Hunter,Mage+Priest+Warrior,Mage+Priest+Hunter,14,team2,kill,41.02
Mage+Priest+Warrior_vs_Mage+Priest+Hunter,Mage+Priest+Warrior,Mage+Priest+Hunter,15,team2,kill,56.15
Mage+Priest+Warrior_vs_Mage+Priest+Hunter,Mage+Priest+Warrior,Mage+Priest+Hunter,16,team2,kill,50.63
Mage+Priest+Warrior_vs_Mage+Priest+Hunter,Mage+Priest+Warrior,Mage+Priest+Hunter,17,team2,kill,55.23
Mage+Priest+Warrior_vs_Mage+Priest+Hunter,Mage+Priest+Warrior,Mage+Priest+Hunter,18,team1,kill,25.08
Mage+Priest+Warrior_vs_Mage+Priest+Hunter,Mage+Priest+Warrior,Mage+Priest+Hunter,19,team2,kill,44.93
Mage+Priest+Warrior_vs_Mage+Priest+Hunter,Mage+Priest+Warrior,Mage+Priest+Hunter,20,team2,kill,70.88
Mage+Priest+Warrior_vs_Mage+Priest+Hunter,Mage+Priest+Warrior,Mage+Priest+Hunter,21,team2,kill,42.43
Mage+Priest+Warrior_vs_Mage+Priest+Hunter,Mage+Priest+Warrior,Mage+Priest+Hunter,22,team1,kill,32.45
Mage+Priest+Warrior_vs_Mage+Priest+Hunter,Mage+Priest+Warrior,Mage+Priest+Hunter,23,team1,kill,23.50
Mage+Priest+Warrior_vs_Mage+Priest+Hunter,Mage+Priest+Warrior,Mage+Priest+Hunter,24,team2,kill,39.58
Mage+Priest+Warrior_vs_Mage+Priest+Hunter,Mage+Priest+Warrior,Mage+Priest+Hunter,25,team2,kill,73.85
Mage+Priest+Warrior_vs_Mage+Priest+Hunter,Mage+Priest+Warrior,Mage+Priest+Hunter,26,team2,kill,42.50
Mage+Priest+Warrior_vs_Mage+Priest+Hunter,Mage+Priest+Warrior,Mage+Priest+Hunter,27,team2,kill,49.50
Mage+Priest+Warrior_vs_Mage+Priest+Hunter,Mage+Priest+Warrior,Mage+Priest+Hunter,28,team1,kill,64.93
Mage+Priest+Warrior_vs_Mage+Priest+Hunter,Mage+Priest+Warrior,Mage+Priest+Hunter,29,team1,kill,64.22
Mage+Priest+Warrior_vs_Mage+Priest+Shaman,Mage+Priest+Warrior,Mage+Priest+Shaman,0,team1,kill,33.58
Mage+Priest+Warrior_vs_Mage+Priest+Shaman,Mage+Priest+Warrior,Mage+Priest+Shaman,1,team1,kill,53.22
Mage+Priest+Warrior_vs_Mage+Priest+Shaman,Mage+Priest+Warrior,Mage+Priest+Shaman,2,team1,kill,30.88
Mage+Priest+Warrior_vs_Mage+Priest+Shaman,Mage+Priest+Warrior,Mage+Priest+Shaman,3,team1,kill,32.18
Mage+Priest+Warrior_vs_Mage+Priest+Shaman,Mage+Priest+Warrior,Mage+Priest+Shaman,4,team1,kill,51.63
Mage+Priest+Warrior_vs_Mage+Priest+Shaman,Mage+Priest+Warrior,Mage+Priest+Shaman,5,team1,kill,33.58
Mage+Priest+Warrior_vs_Mage+Priest+Shaman,Mage+Priest+Warrior,Mage+Priest+Shaman,6,team1,kill,37.67
Mage+Priest+Warrior_vs_Mage+Priest+Shaman,Mage+Priest+Warrior,Mage+Priest+Shaman,7,team1,kill,27.07
Mage+Priest+Warrior_vs_Mage+Priest+Shaman,Mage+Priest+Warrior,Mage+Priest+Shaman,8,team1,kill,35.18
Mage+Priest+Warrior_vs_Mage+Priest+Shaman,Mage+Priest+Warrior,Mage+Priest+Shaman,9,team1,kill,56.08
Mage+Priest+Warrior_vs_Mage+Priest+Shaman,Mage+Priest+Warrior,Mage+Priest+Shaman,10,team1,kill,60.97
Mage+Priest+Warrior_vs_Mage+Priest+Shaman,Mage+Priest+Warrior,Mage+Priest+Shaman,11,team1,kill,40.82
Mage+Priest+Warrior_vs_Mage+Priest+Shaman,Mage+Priest+Warrior,Mage+Priest+Shaman,12,team1,kill,37.67
Mage+Priest+Warrior_vs_Mage+Priest+Shaman,Mage+Priest+Warrior,Mage+Priest+Shaman,13,team1,kill,34.70
Mage+Priest+Warrior_vs_Mage+Priest+Shaman,Mage+Priest+Warrior,Mage+Priest+Shaman,14,team1,kill,28.00
Mage+Priest+Warrior_vs_Mage+Priest+Shaman,Mage+Priest+Warrior,Mage+Priest+Shaman,15,team1,kill,49.03
Mage+Priest+Warrior_vs_Mage+Priest+Shaman,Mage+Priest+Warrior,Mage+Priest+Shaman,16,team1,kill,41.37
Mage+Priest+Warrior_vs_Mage+Priest+Shaman,Mage+Priest+Warrior,Mage+Priest+Shaman,17,team1,kill,33.63
Mage+Priest+Warrior_vs_Mage+Priest+Shaman,Mage+Priest+Warrior,Mage+Priest+Shaman,18,team1,kill,118.16
Mage+Priest+Warrior_vs_Mage+Priest+Shaman,Mage+Priest+Warrior,Mage+Priest+Shaman,19,team1,kill,35.03
Mage+Priest+Warrior_vs_Mage+Priest+Shaman,Mage+Priest+Warrior,Mage+Priest+Shaman,20,team1,kill,41.12
Mage+Priest+Warrior_vs_Mage+Priest+Shaman,Mage+Priest+Warrior,Mage+Priest+Shaman,21,team1,kill,45.27
Mage+Priest+Warrior_vs_Mage+Priest+Shaman,Mage+Priest+Warrior,Mage+Priest+Shaman,22,team1,kill,36.15
Mage+Priest+Warrior_vs_Mage+Priest+Shaman,Mage+Priest+Warrior,Mage+Priest+Shaman,23,team2,kill,30.40
Mage+Priest+Warrior_vs_Mage+Priest+Shaman,Mage+Priest+Warrior,Mage+Priest+Shaman,24,team1,kill,60.15
Mage+Priest+Warrior_vs_Mage+Priest+Shaman,Mage+Priest+Warrior,Mage+Priest+Shaman,25,team1,kill,36.53
Mage+Priest+Warrior_vs_Mage+Priest+Shaman,Mage+Priest+Warrior,Mage+Priest+Shaman,26,team1,kill,41.83
Mage+Priest+Warrior_vs_Mage+Priest+Shaman,Mage+Priest+Warrior,Mage+Priest+Shaman,27,team2,kill,29.47
Mage+Priest+Warrior_vs_Mage+Priest+Shaman,Mage+Priest+Warrior,Mage+Priest+Shaman,28,team1,kill,37.00
Mage+Priest+Warrior_vs_Mage+Priest+Shaman,Mage+Priest+Warrior,Mage+Priest+Shaman,29,team1,kill,37.95
Mage+Priest+Warrior_vs_Mage+Warlock+Paladin,Mage+Priest+Warrior,Mage+Warlock+Paladin,0,team2,kill,28.48
Mage+Priest+Warrior_vs_Mage+Warlock+Paladin,Mage+Priest+Warrior,Mage+Warlock+Paladin,1,team2,kill,23.87
Mage+Priest+Warrior_vs_Mage+Warlock+Paladin,Mage+Priest+Warrior,Mage+Warlock+Paladin,2,team1,kill,49.02
Mage+Priest+Warrior_vs_Mage+Warlock+Paladin,Mage+Priest+Warrior,Mage+Warlock+Paladin,3,team2,kill,29.30
Mage+Priest+Warrior_vs_Mage+Warlock+Paladin,Mage+Priest+Warrior,Mage+Warlock+Paladin,4,team2,kill,49.55
Mage+Priest+Warrior_vs_Mage+Warlock+Paladin,Mage+Priest+Warrior,Mage+Warlock+Paladin,5,team2,kill,31.68
Mage+Priest+Warrior_vs_Mage+Warlock+Paladin,Mage+Priest+Warrior,Mage+Warlock+Paladin,6,team2,kill,31.28
Mage+Priest+Warrior_vs_Mage+Warlock+Paladin,Mage+Priest+Warrior,Mage+Warlock+Paladin,7,team1,kill,51.82
Mage+Priest+Warrior_vs_Mage+Warlock+Paladin,Mage+Priest+Warrior,Mage+Warlock+Paladin,8,team1,kill,56.35
Mage+Priest+Warrior_vs_Mage+Warlock+Paladin,Mage+Priest+Warrior,Mage+Warlock+Paladin,9,team2,kill,26.32
Mage+Priest+Warrior_vs_Mage+Warlock+Paladin,Mage+Priest+Warrior,Mage+Warlock+Paladin,10,team1,kill,54.82
Mage+Priest+Warrior_vs_Mage+Warlock+Paladin,Mage+Priest+Warrior,Mage+Warlock+Paladin,11,team2,kill,35.52
Mage+Priest+Warrior_vs_Mage+Warlock+Paladin,Mage+Priest+Warrior,Mage+Warlock+Paladin,12,team2,kill,27.77
Mage+Priest+Warrior_vs_Mage+Warlock+Paladin,Mage+Priest+Warrior,Mage+Warlock+Paladin,13,team2,kill,34.20
Mage+Priest+Warrior_vs_Mage+Warlock+Paladin,Mage+Priest+Warrior,Mage+Warlock+Paladin,14,team2,kill,33.37
Mage+Priest+Warrior_vs_Mage+Warlock+Paladin,Mage+Priest+Warrior,Mage+Warlock+Paladin,15,team2,kill,26.25
Mage+Priest+Warrior_vs_Mage+Warlock+Paladin,Mage+Priest+Warrior,Mage+Warlock+Paladin,16,team2,kill,29.30
Mage+Priest+Warrior_vs_Mage+Warlock+Paladin,Mage+Priest+Warrior,Mage+Warlock+Paladin,17,team2,kill,31.37
Mage+Priest+Warrior_vs_Mage+Warlock+Paladin,Mage+Priest+Warrior,Mage+Warlock+Paladin,18,team2,kill,29.45
Mage+Priest+Warrior_vs_Mage+Warlock+Paladin,Mage+Priest+Warrior,Mage+Warlock+Paladin,19,team2,kill,31.77
Mage+Priest+Warrior_vs_Mage+Warlock+Paladin,Mage+Priest+Warrior,Mage+Warlock+Paladin,20,team2,kill,27.58
Mage+Priest+Warrior_vs_Mage+Warlock+Paladin,Mage+Priest+Warrior,Mage+Warlock+Paladin,21,team2,kill,22.55
Mage+Priest+Warrior_vs_Mage+Warlock+Paladin,Mage+Priest+Warrior,Mage+Warlock+Paladin,22,team2,kill,32.72
Mage+Priest+Warrior_vs_Mage+Warlock+Paladin,Mage+Priest+Warrior,Mage+Warlock+Paladin,23,team2,kill,30.67
Mage+Priest+Warrior_vs_Mage+Warlock+Paladin,Mage+Priest+Warrior,Mage+Warlock+Paladin,24,team2,kill,31.85
Mage+Priest+Warrior_vs_Mage+Warlock+Paladin,Mage+Priest+Warrior,Mage+Warlock+Paladin,25,team2,kill,30.55
Mage+Priest+Warrior_vs_Mage+Warlock+Paladin,Mage+Priest+Warrior,Mage+Warlock+Paladin,26,team1,kill,47.78
Mage+Priest+Warrior_vs_Mage+Warlock+Paladin,Mage+Priest+Warrior,Mage+Warlock+Paladin,27,team1,kill,50.82
Mage+Priest+Warrior_vs_Mage+Warlock+Paladin,Mage+Priest+Warrior,Mage+Warlock+Paladin,28,team1,kill,57.30
Mage+Priest+Warrior_vs_Mage+Warlock+Paladin,Mage+Priest+Warrior,Mage+Warlock+Paladin,29,team2,kill,31.77
Mage+Priest+Warrior_vs_Mage+Warlock+Hunter,Mage+Priest+Warrior,Mage+Warlock+Hunter,0,team1,kill,32.78
Mage+Priest+Warrior_vs_Mage+Warlock+Hunter,Mage+Priest+Warrior,Mage+Warlock+Hunter,1,team1,kill,30.20
Mage+Priest+Warrior_vs_Mage+Warlock+Hunter,Mage+Priest+Warrior,Mage+Warlock+Hunter,2,team1,kill,37.58
Mage+Priest+Warrior_vs_Mage+Warlock+Hunter,Mage+Priest+Warrior,Mage+Warlock+Hunter,3,team2,kill,40.55
Mage+Priest+Warrior_vs_Mage+Warlock+Hunter,Mage+Priest+Warrior,Mage+Warlock+Hunter,4,team1,kill,34.17
Mage+Priest+Warrior_vs_Mage+Warlock+Hunter,Mage+Priest+Warrior,Mage+Warlock+Hunter,5,team1,kill,33.78
Mage+Priest+Warrior_vs_Mage+Warlock+Hunter,Mage+Priest+Warrior,Mage+Warlock+Hunter,6,team1,kill,28.13
Mage+Priest+Warrior_vs_Mage+Warlock+Hunter,Mage+Priest+Warrior,Mage+Warlock+Hunter,7,team1,kill,30.70
Mage+Priest+Warrior_vs_Mage+Warlock+Hunter,Mage+Priest+Warrior,Mage+Warlock+Hunter,8,team1,kill,32.05
Mage+Priest+Warrior_vs_Mage+Warlock+Hunter,Mage+Priest+Warrior,Mage+Warlock+Hunter,9,team1,kill,35.75
Mage+Priest+Warrior_vs_Mage+Warlock+Hunter,Mage+Priest+Warrior,Mage+Warlock+Hunter,10,team1,kill,31.27
Mage+Priest+Warrior_vs_Mage+Warlock+Hunter,Mage+Priest+Warrior,Mage+Warlock+Hunter,11,team1,kill,26.65
Mage+Priest+Warrior_vs_Mage+Warlock+Hunter,Mage+Priest+Warrior,Mage+Warlock+Hunter,12,team1,kill,38.48
Mage+Priest+Warrior_vs_Mage+Warlock+Hunter,Mage+Priest+Warrior,Mage+Warlock+Hunter,13,team1,kill,33.05
Mage+Priest+Warrior_vs_Mage+Warlock+Hunter,Mage+Priest+Warrior,Mage+Warlock+Hunter,14,team1,kill,35.83
Mage+Priest+Warrior_vs_Mage+Warlock+Hunter,Mage+Priest+Warrior,Mage+Warlock+Hunter,15,team1,kill,32.10
Mage+Priest+Warrior_vs_Mage+Warlock+Hunter,Mage+Priest+Warrior,Mage+Warlock+Hunter,16,team1,kill,33.53
Mage+Priest+Warrior_vs_Mage+Warlock+Hunter,Mage+Priest+Warrior,Mage+Warlock+Hunter,17,team1,kill,39.10
Mage+Priest+Warrior_vs_Mage+Warlock+Hunter,Mage+Priest+Warrior,Mage+Warlock+Hunter,18,team1,kill,32.92
Mage+Priest+Warrior_vs_Mage+Warlock+Hunter,Mage+Priest+Warrior,Mage+Warlock+Hunter,19,team1,kill,33.17
Mage+Priest+Warrior_vs_Mage+Warlock+Hunter,Mage+Priest+Warrior,Mage+Warlock+Hunter,20,team1,kill,33.75
Mage+Priest+Warrior_vs_Mage+Warlock+Hunter,Mage+Priest+Warrior,Mage+Warlock+Hunter,21,team1,kill,32.03
Mage+Priest+Warrior_vs_Mage+Warlock+Hunter,Mage+Priest+Warrior,Mage+Warlock+Hunter,22,team1,kill,33.60
Mage+Priest+Warrior_vs_Mage+Warlock+Hunter,Mage+Priest+Warrior,Mage+Warlock+Hunter,23,team1,kill,31.85
Mage+Priest+Warrior_vs_Mage+Warlock+Hunter,Mage+Priest+Warrior,Mage+Warlock+Hunter,24,team2,kill,46.12
Mage+Priest+Warrior_vs_Mage+Warlock+Hunter,Mage+Priest+Warrior,Mage+Warlock+Hunter,25,team1,kill,32.08
Mage+Priest+Warrior_vs_Mage+Warlock+Hunter,Mage+Priest+Warrior,Mage+Warlock+Hunter,26,team1,kill,33.25
Mage+Priest+Warrior_vs_Mage+Warlock+Hunter,Mage+Priest+Warrior,Mage+Warlock+Hunter,27,team1,kill,31.65
Mage+Priest+Warrior_vs_Mage+Warlock+Hunter,Mage+Priest+Warrior,Mage+Warlock+Hunter,28,team1,kill,33.80
Mage+Priest+Warrior_vs_Mage+Warlock+Hunter,Mage+Priest+Warrior,Mage+Warlock+Hunter,29,team1,kill,33.57
Mage+Priest+Warrior_vs_Mage+Warlock+Shaman,Mage+Priest+Warrior,Mage+Warlock+Shaman,0,team2,kill,38.50
Mage+Priest+Warrior_vs_Mage+Warlock+Shaman,Mage+Priest+Warrior,Mage+Warlock+Shaman,1,team1,kill,35.65
Mage+Priest+Warrior_vs_Mage+Warlock+Shaman,Mage+Priest+Warrior,Mage+Warlock+Shaman,2,team2,kill,25.37
Mage+Priest+Warrior_vs_Mage+Warlock+Shaman,Mage+Priest+Warrior,Mage+Warlock+Shaman,3,team1,kill,35.65
Mage+Priest+Warrior_vs_Mage+Warlock+Shaman,Mage+Priest+Warrior,Mage+Warlock+Shaman,4,team1,kill,56.05
Mage+Priest+Warrior_vs_Mage+Warlock+Shaman,Mage+Priest+Warrior,Mage+Warlock+Shaman,5,team2,kill,31.47
Mage+Priest+Warrior_vs_Mage+Warlock+Shaman,Mage+Priest+Warrior,Mage+Warlock+Shaman,6,team2,kill,35.08
Mage+Priest+Warrior_vs_Mage+Warlock+Shaman,Mage+Priest+Warrior,Mage+Warlock+Shaman,7,team1,kill,38.98
Mage+Priest+Warrior_vs_Mage+Warlock+Shaman,Mage+Priest+Warrior,Mage+Warlock+Shaman,8,team1,kill,38.08
Mage+Priest+Warrior_vs_Mage+Warlock+Shaman,Mage+Priest+Warrior,Mage+Warlock+Shaman,9,team1,kill,25.88
Mage+Priest+Warrior_vs_Mage+Warlock+Shaman,Mage+Priest+Warrior,Mage+Warlock+Shaman,10,team2,kill,48.93
Mage+Priest+Warrior_vs_Mage+Warlock+Shaman,Mage+Priest+Warrior,Mage+Warlock+Shaman,11,team2,kill,32.02
Mage+Priest+Warrior_vs_Mage+Warlock+Shaman,Mage+Priest+Warrior,Mage+Warlock+Shaman,12,team1,kill,28.17
Mage+Priest+Warrior_vs_Mage+Warlock+Shaman,Mage+Priest+Warrior,Mage+Warlock+Shaman,13,team1,kill,42.15
Mage+Priest+Warrior_vs_Mage+Warlock+Shaman,Mage+Priest+Warrior,Mage+Warlock+Shaman,14,team1,kill,41.83
Mage+Priest+Warrior_vs_Mage+Warlock+Shaman,Mage+Priest+Warrior,Mage+Warlock+Shaman,15,team1,kill,34.72
Mage+Priest+Warrior_vs_Mage+Warlock+Shaman,Mage+Priest+Warrior,Mage+Warlock+Shaman,16,team2,kill,26.37
Mage+Priest+Warrior_vs_Mage+Warlock+Shaman,Mage+Priest+Warrior,Mage+Warlock+Shaman,17,team2,kill,45.15
Mage+Priest+Warrior_vs_Mage+Warlock+Shaman,Mage+Priest+Warrior,Mage+Warlock+Shaman,18,team1,kill,38.58
Mage+Priest+Warrior_vs_Mage+Warlock+Shaman,Mage+Priest+Warrior,Mage+Warlock+Shaman,19,team2,kill,35.45
Mage+Priest+Warrior_vs_Mage+Warlock+Shaman,Mage+Priest+Warrior,Mage+Warlock+Shaman,20,team2,kill,41.78
Mage+Priest+Warrior_vs_Mage+Warlock+Shaman,Mage+Priest+Warrior,Mage+Warlock+Shaman,21,team2,kill,35.67
Mage+Priest+Warrior_vs_Mage+Warlock+Shaman,Mage+Priest+Warrior,Mage+Warlock+Shaman,22,team1,kill,37.60
Mage+Priest+Warrior_vs_Mage+Warlock+Shaman,Mage+Priest+Warrior,Mage+Warlock+Shaman,23,team2,kill,41.68
Mage+Priest+Warrior_vs_Mage+Warlock+Shaman,Mage+Priest+Warrior,Mage+Warlock+Shaman,24,team2,kill,53.77
Mage+Priest+Warrior_vs_Mage+Warlock+Shaman,Mage+Priest+Warrior,Mage+Warlock+Shaman,25,team1,kill,47.95
Mage+Priest+Warrior_vs_Mage+Warlock+Shaman,Mage+Priest+Warrior,Mage+Warlock+Shaman,26,team2,kill,34.27
Mage+Priest+Warrior_vs_Mage+Warlock+Shaman,Mage+Priest+Warrior,Mage+Warlock+Shaman,27,team2,kill,44.30
Mage+Priest+Warrior_vs_Mage+Warlock+Shaman,Mage+Priest+Warrior,Mage+Warlock+Shaman,28,team2,kill,34.47
Mage+Priest+Warrior_vs_Mage+Warlock+Shaman,Mage+Priest+Warrior,Mage+Warlock+Shaman,29,team2,kill,32.02
Mage+Priest+Warrior_vs_Mage+Paladin+Hunter,Mage+Priest+Warrior,Mage+Paladin+Hunter,0,team1,kill,190.13
Mage+Priest+Warrior_vs_Mage+Paladin+Hunter,Mage+Priest+Warrior,Mage+Paladin+Hunter,1,team2,kill,105.42
Mage+Priest+Warrior_vs_Mage+Paladin+Hunter,Mage+Priest+Warrior,Mage+Paladin+Hunter,2,team1,kill,50.75
Mage+Priest+Warrior_vs_Mage+Paladin+Hunter,Mage+Priest+Warrior,Mage+Paladin+Hunter,3,team1,kill,111.96
Mage+Priest+Warrior_vs_Mage+Paladin+Hunter,Mage+Priest+Warrior,Mage+Paladin+Hunter,4,team2,kill,88.27
Mage+Priest+Warrior_vs_Mage+Paladin+Hunter,Mage+Priest+Warrior,Mage+Paladin+Hunter,5,team1,kill,82.22
Mage+Priest+Warrior_vs_Mage+Paladin+Hunter,Mage+Priest+Warrior,Mage+Paladin+Hunter,6,team2,kill,34.93
Mage+Priest+Warrior_vs_Mage+Paladin+Hunter,Mage+Priest+Warrior,Mage+Paladin+Hunter,7,team2,kill,86.72
Mage+Priest+Warrior_vs_Mage+Paladin+Hunter,Mage+Priest+Warrior,Mage+Paladin+Hunter,8,team2,kill,50.93
Mage+Priest+Warrior_vs_Mage+Paladin+Hunter,Mage+Priest+Warrior,Mage+Paladin+Hunter,9,team1,kill,65.40
Mage+Priest+Warrior_vs_Mage+Paladin+Hunter,Mage+Priest+Warrior,Mage+Paladin+Hunter,10,team2,kill,71.08
Mage+Priest+Warrior_vs_Mage+Paladin+Hunter,Mage+Priest+Warrior,Mage+Paladin+Hunter,11,team1,kill,50.87
Mage+Priest+Warrior_vs_Mage+Paladin+Hunter,Mage+Priest+Warrior,Mage+Paladin+Hunter,12,team2,kill,99.72
Mage+Priest+Warrior_vs_Mage+Paladin+Hunter,Mage+Priest+Warrior,Mage+Paladin+Hunter,13,team1,kill,70.08
Mage+Priest+Warrior_vs_Mage+Paladin+Hunter,Mage+Priest+Warrior,Mage+Paladin+Hunter,14,team1,kill,55.77
Mage+Priest+Warrior_vs_Mage+Paladin+Hunter,Mage+Priest+Warrior,Mage+Paladin+Hunter,15,team1,kill,81.07
Mage+Priest+Warrior_vs_Mage+Paladin+Hunter,Mage+Priest+Warrior,Mage+Paladin+Hunter,16,team1,kill,100.34
Mage+Priest+Warrior_vs_Mage+Paladin+Hunter,Mage+Priest+Warrior,Mage+Paladin+Hunter,17,team1,kill,53.95
Mage+Priest+Warrior_vs_Mage+Paladin+Hunter,Mage+Priest+Warrior,Mage+Paladin+Hunter,18,team1,kill,46.58
Mage+Priest+Warrior_vs_Mage+Paladin+Hunter,Mage+Priest+Warrior,Mage+Paladin+Hunter,19,team2,kill,90.07
Mage+Priest+Warrior_vs_Mage+Paladin+Hunter,Mage+Priest+Warrior,Mage+Paladin+Hunter,20,team1,kill,60.33
Mage+Priest+Warrior_vs_Mage+Paladin+Hunter,Mage+Priest+Warrior,Mage+Paladin+Hunter,21,team2,kill,89.25
Mage+Priest+Warrior_vs_Mage+Paladin+Hunter,Mage+Priest+Warrior,Mage+Paladin+Hunter,22,team1,kill,80.34
Mage+Priest+Warrior_vs_Mage+Paladin+Hunter,Mage+Priest+Warrior,Mage+Paladin+Hunter,23,team2,kill,95.59
Mage+Priest+Warrior_vs_Mage+Paladin+Hunter,Mage+Priest+Warrior,Mage+Paladin+Hunter,24,team1,kill,50.60
Mage+Priest+Warrior_vs_Mage+Paladin+Hunter,Mage+Priest+Warrior,Mage+Paladin+Hunter,25,team1,kill,62.65
Mage+Priest+Warrior_vs_Mage+Paladin+Hunter,Mage+Priest+Warrior,Mage+Paladin+Hunter,26,team1,kill,50.37
Mage+Priest+Warrior_vs_Mage+Paladin+Hunter,Mage+Priest+Warrior,Mage+Paladin+Hunter,27,team2,kill,57.40
Mage+Priest+Warrior_vs_Mage+Paladin+Hunter,Mage+Priest+Warrior,Mage+Paladin+Hunter,28,team2,kill,85.20
Mage+Priest+Warrior_vs_Mage+Paladin+Hunter,Mage+Priest+Warrior,Mage+Paladin+Hunter,29,team1,kill,47.48
Mage+Priest+Warrior_vs_Mage+Paladin+Shaman,Mage+Priest+Warrior,Mage+Paladin+Shaman,0,team1,kill,79.97
Mage+Priest+Warrior_vs_Mage+Paladin+Shaman,Mage+Priest+Warrior,Mage+Paladin+Shaman,1,team2,kill,75.23
Mage+Priest+Warrior_vs_Mage+Paladin+Shaman,Mage+Priest+Warrior,Mage+Paladin+Shaman,2,team1,kill,100.91
Mage+Priest+Warrior_vs_Mage+Paladin+Shaman,Mage+Priest+Warrior,Mage+Paladin+Shaman,3,team2,kill,54.58
Mage+Priest+Warrior_vs_Mage+Paladin+Shaman,Mage+Priest+Warrior,Mage+Paladin+Shaman,4,team2,kill,32.75
Mage+Priest+Warrior_vs_Mage+Paladin+Shaman,Mage+Priest+Warrior,Mage+Paladin+Shaman,5,team1,kill,120.43
Mage+Priest+Warrior_vs_Mage+Paladin+Shaman,Mage+Priest+Warrior,Mage+Paladin+Shaman,6,team2,kill,84.09
Mage+Priest+Warrior_vs_Mage+Paladin+Shaman,Mage+Priest+Warrior,Mage+Paladin+Shaman,7,team2,kill,73.23
Mage+Priest+Warrior_vs_Mage+Paladin+Shaman,Mage+Priest+Warrior,Mage+Paladin+Shaman,8,team2,kill,35.07
Mage+Priest+Warrior_vs_Mage+Paladin+Shaman,Mage+Priest+Warrior,Mage+Paladin+Shaman,9,team2,kill,115.63
Mage+Priest+Warrior_vs_Mage+Paladin+Shaman,Mage+Priest+Warrior,Mage+Paladin+Shaman,10,team2,kill,58.47
Mage+Priest+Warrior_vs_Mage+Paladin+Shaman,Mage+Priest+Warrior,Mage+Paladin+Shaman,11,team2,kill,208.59
Mage+Priest+Warrior_vs_Mage+Paladin+Shaman,Mage+Priest+Warrior,Mage+Paladin+Shaman,12,team1,kill,129.71
Mage+Priest+Warrior_vs_Mage+Paladin+Shaman,Mage+Priest+Warrior,Mage+Paladin+Shaman,13,team2,kill,82.25
Mage+Priest+Warrior_vs_Mage+Paladin+Shaman,Mage+Priest+Warrior,Mage+Paladin+Shaman,14,team2,kill,146.81
Mage+Priest+Warrior_vs_Mage+Paladin+Shaman,Mage+Priest+Warrior,Mage+Paladin+Shaman,15,team2,kill,75.37
Mage+Priest+Warrior_vs_Mage+Paladin+Shaman,Mage+Priest+Warrior,Mage+Paladin+Shaman,16,team2,kill,27.68
Mage+Priest+Warrior_vs_Mage+Paladin+Shaman,Mage+Priest+Warrior,Mage+Paladin+Shaman,17,team2,kill,75.87
Mage+Priest+Warrior_vs_Mage+Paladin+Shaman,Mage+Priest+Warrior,Mage+Paladin+Shaman,18,team2,kill,52.23
Mage+Priest+Warrior_vs_Mage+Paladin+Shaman,Mage+Priest+Warrior,Mage+Paladin+Shaman,19,team1,kill,62.12
Mage+Priest+Warrior_vs_Mage+Paladin+Shaman,Mage+Priest+Warrior,Mage+Paladin+Shaman,20,team2,kill,72.73
Mage+Priest+Warrior_vs_Mage+Paladin+Shaman,Mage+Priest+Warrior,Mage+Paladin+Shaman,21,team1,kill,177.20
Mage+Priest+Warrior_vs_Mage+Paladin+Shaman,Mage+Priest+Warrior,Mage+Paladin+Shaman,22,team1,kill,121.33
Mage+Priest+Warrior_vs_Mage+Paladin+Shaman,Mage+Priest+Warrior,Mage+Paladin+Shaman,23,team1,kill,55.83
Mage+Priest+Warrior_vs_Mage+Paladin+Shaman,Mage+Priest+Warrior,Mage+Paladin+Shaman,24,team2,kill,32.55
Mage+Priest+Warrior_vs_Mage+Paladin+Shaman,Mage+Priest+Warrior,Mage+Paladin+Shaman,25,team1,kill,121.04
Mage+Priest+Warrior_vs_Mage+Paladin+Shaman,Mage+Priest+Warrior,Mage+Paladin+Shaman,26,team2,kill,73.38
Mage+Priest+Warrior_vs_Mage+Paladin+Shaman,Mage+Priest+Warrior,Mage+Paladin+Shaman,27,team1,kill,140.58
Mage+Priest+Warrior_vs_Mage+Paladin+Shaman,Mage+Priest+Warrior,Mage+Paladin+Shaman,28,team1,kill,141.93
Mage+Priest+Warrior_vs_Mage+Paladin+Shaman,Mage+Priest+Warrior,Mage+Paladin+Shaman,29,team1,kill,133.69
Mage+Priest+Warrior_vs_Mage+Hunter+Shaman,Mage+Priest+Warrior,Mage+Hunter+Shaman,0,team2,kill,20.82
Mage+Priest+Warrior_vs_Mage+Hunter+Shaman,Mage+Priest+Warrior,Mage+Hunter+Shaman,1,team1,kill,39.92
Mage+Priest+Warrior_vs_Mage+Hunter+Shaman,Mage+Priest+Warrior,Mage+Hunter+Shaman,2,team2,kill,19.37
Mage+Priest+Warrior_vs_Mage+Hunter+Shaman,Mage+Priest+Warrior,Mage+Hunter+Shaman,3,team2,kill,25.20
Mage+Priest+Warrior_vs_Mage+Hunter+Shaman,Mage+Priest+Warrior,Mage+Hunter+Shaman,4,team2,kill,18.92
Mage+Priest+Warrior_vs_Mage+Hunter+Shaman,Mage+Priest+Warrior,Mage+Hunter+Shaman,5,team2,kill,22.78
Mage+Priest+Warrior_vs_Mage+Hunter+Shaman,Mage+Priest+Warrior,Mage+Hunter+Shaman,6,team2,kill,20.50
Mage+Priest+Warrior_vs_Mage+Hunter+Shaman,Mage+Priest+Warrior,Mage+Hunter+Shaman,7,team2,kill,22.08
Mage+Priest+Warrior_vs_Mage+Hunter+Shaman,Mage+Priest+Warrior,Mage+Hunter+Shaman,8,team1,kill,35.67
Mage+Priest+Warrior_vs_Mage+Hunter+Shaman,Mage+Priest+Warrior,Mage+Hunter+Shaman,9,team2,kill,24.67
Mage+Priest+Warrior_vs_Mage+Hunter+Shaman,Mage+Priest+Warrior,Mage+Hunter+Shaman,10,team2,kill,24.10
Mage+Priest+Warrior_vs_Mage+Hunter+Shaman,Mage+Priest+Warrior,Mage+Hunter+Shaman,11,team2,kill,22.67
Mage+Priest+Warrior_vs_Mage+Hunter+Shaman,Mage+Priest+Warrior,Mage+Hunter+Shaman,12,team1,kill,33.00
Mage+Priest+Warrior_vs_Mage+Hunter+Shaman,Mage+Priest+Warrior,Mage+Hunter+Shaman,13,team2,kill,21.93
Mage+Priest+Warrior_vs_Mage+Hunter+Shaman,Mage+Priest+Warrior,Mage+Hunter+Shaman,14,team2,kill,25.55
Mage+Priest+Warrior_vs_Mage+Hunter+Shaman,Mage+Priest+Warrior,Mage+Hunter+Shaman,15,team2,kill,22.72
Mage+Priest+Warrior_vs_Mage+Hunter+Shaman,Mage+Priest+Warrior,Mage+Hunter+Shaman,16,team1,kill,35.93
Mage+Priest+Warrior_vs_Mage+Hunter+Shaman,Mage+Priest+Warrior,Mage+Hunter+Shaman,17,team2,kill,21.03
Mage+Priest+Warrior_vs_Mage+Hunter+Shaman,Mage+Priest+Warrior,Mage+Hunter+Shaman,18,team2,kill,20.50
Mage+Priest+Warrior_vs_Mage+Hunter+Shaman,Mage+Priest+Warrior,Mage+Hunter+Shaman,19,team2,kill,23.55
Mage+Priest+Warrior_vs_Mage+Hunter+Shaman,Mage+Priest+Warrior,Mage+Hunter+Shaman,20,team2,kill,22.72
Mage+Priest+Warrior_vs_Mage+Hunter+Shaman,Mage+Priest+Warrior,Mage+Hunter+Shaman,21,team1,kill,34.48
Mage+Priest+Warrior_vs_Mage+Hunter+Shaman,Mage+Priest+Warrior,Mage+Hunter+Shaman,22,team2,kill,32.08
Mage+Priest+Warrior_vs_Mage+Hunter+Shaman,Mage+Priest+Warrior,Mage+Hunter+Shaman,23,team2,kill,22.73
Mage+Priest+Warrior_vs_Mage+Hunter+Shaman,Mage+Priest+Warrior,Mage+Hunter+Shaman,24,team1,kill,40.35
Mage+Priest+Warrior_vs_Mage+Hunter+Shaman,Mage+Priest+Warrior,Mage+Hunter+Shaman,25,team2,kill,24.53
Mage+Priest+Warrior_vs_Mage+Hunter+Shaman,Mage+Priest+Warrior,Mage+Hunter+Shaman,26,team2,kill,26.72
Mage+Priest+Warrior_vs_Mage+Hunter+Shaman,Mage+Priest+Warrior,Mage+Hunter+Shaman,27,team2,kill,22.00
Mage+Priest+Warrior_vs_Mage+Hunter+Shaman,Mage+Priest+Warrior,Mage+Hunter+Shaman,28,team2,kill,25.68
Mage+Priest+Warrior_vs_Mage+Hunter+Shaman,Mage+Priest+Warrior,Mage+Hunter+Shaman,29,team2,kill,20.50
Mage+Priest+Warrior_vs_Rogue+Priest+Warlock,Mage+Priest+Warrior,Rogue+Priest+Warlock,0,team2,kill,57.22
Mage+Priest+Warrior_vs_Rogue+Priest+Warlock,Mage+Priest+Warrior,Rogue+Priest+Warlock,1,team1,kill,36.42
Mage+Priest+Warrior_vs_Rogue+Priest+Warlock,Mage+Priest+Warrior,Rogue+Priest+Warlock,2,team1,kill,39.23
Mage+Priest+Warrior_vs_Rogue+Priest+Warlock,Mage+Priest+Warrior,Rogue+Priest+Warlock,3,team1,kill,36.77
Mage+Priest+Warrior_vs_Rogue+Priest+Warlock,Mage+Priest+Warrior,Rogue+Priest+Warlock,4,team2,kill,58.48
Mage+Priest+Warrior_vs_Rogue+Priest+Warlock,Mage+Priest+Warrior,Rogue+Priest+Warlock,5,team2,kill,50.43
Mage+Priest+Warrior_vs_Rogue+Priest+Warlock,Mage+Priest+Warrior,Rogue+Priest+Warlock,6,team1,kill,49.40
Mage+Priest+Warrior_vs_Rogue+Priest+Warlock,Mage+Priest+Warrior,Rogue+Priest+Warlock,7,team2,kill,55.45
Mage+Priest+Warrior_vs_Rogue+Priest+Warlock,Mage+Priest+Warrior,Rogue+Priest+Warlock,8,team2,kill,64.28
Mage+Priest+Warrior_vs_Rogue+Priest+Warlock,Mage+Priest+Warrior,Rogue+Priest+Warlock,9,team2,kill,54.45
Mage+Priest+Warrior_vs_Rogue+Priest+Warlock,Mage+Priest+Warrior,Rogue+Priest+Warlock,10,team2,kill,35.43
Mage+Priest+Warrior_vs_Rogue+Priest+Warlock,Mage+Priest+Warrior,Rogue+Priest+Warlock,11,team2,kill,47.38
Mage+Priest+Warrior_vs_Rogue+Priest+Warlock,Mage+Priest+Warrior,Rogue+Priest+Warlock,12,team2,kill,29.32
Mage+Priest+Warrior_vs_Rogue+Priest+Warlock,Mage+Priest+Warrior,Rogue+Priest+Warlock,13,team1,kill,83.14
Mage+Priest+Warrior_vs_Rogue+Priest+Warlock,Mage+Priest+Warrior,Rogue+Priest+Warlock,14,team1,kill,36.10
Mage+Priest+Warrior_vs_Rogue+Priest+Warlock,Mage+Priest+Warrior,Rogue+Priest+Warlock,15,team2,kill,50.90
Mage+Priest+Warrior_vs_Rogue+Priest+Warlock,Mage+Priest+Warrior,Rogue+Priest+Warlock,16,team2,kill,54.38
Mage+Priest+Warrior_vs_Rogue+Priest+Warlock,Mage+Priest+Warrior,Rogue+Priest+Warlock,17,team2,kill,64.82
Mage+Priest+Warrior_vs_Rogue+Priest+Warlock,Mage+Priest+Warrior,Rogue+Priest+Warlock,18,team2,kill,54.22
Mage+Priest+Warrior_vs_Rogue+Priest+Warlock,Mage+Priest+Warrior,Rogue+Priest+Warlock,19,team1,kill,41.30
Mage+Priest+Warrior_vs_Rogue+Priest+Warlock,Mage+Priest+Warrior,Rogue+Priest+Warlock,20,team1,kill,67.30
Mage+Priest+Warrior_vs_Rogue+Priest+Warlock,Mage+Priest+Warrior,Rogue+Priest+Warlock,21,team1,kill,45.55
Mage+Priest+Warrior_vs_Rogue+Priest+Warlock,Mage+Priest+Warrior,Rogue+Priest+Warlock,22,team2,kill,37.02
Mage+Priest+Warrior_vs_Rogue+Priest+Warlock,Mage+Priest+Warrior,Rogue+Priest+Warlock,23,team1,kill,55.50
Mage+Priest+Warrior_vs_Rogue+Priest+Warlock,Mage+Priest+Warrior,Rogue+Priest+Warlock,24,team2,kill,55.17
Mage+Priest+Warrior_vs_Rogue+Priest+Warlock,Mage+Priest+Warrior,Rogue+Priest+Warlock,25,team1,kill,66.68
Mage+Priest+Warrior_vs_Rogue+Priest+Warlock,Mage+Priest+Warrior,Rogue+Priest+Warlock,26,team2,kill,50.72
Mage+Priest+Warrior_vs_Rogue+Priest+Warlock,Mage+Priest+Warrior,Rogue+Priest+Warlock,27,team1,kill,47.23
Mage+Priest+Warrior_vs_Rogue+Priest+Warlock,Mage+Priest+Warrior,Rogue+Priest+Warlock,28,team1,kill,43.60
Mage+Priest+Warrior_vs_Rogue+Priest+Warlock,Mage+Priest+Warrior,Rogue+Priest+Warlock,29,team2,kill,56.20
Mage+Priest+Warrior_vs_Rogue+Priest+Paladin,Mage+Priest+Warrior,Rogue+Priest+Paladin,0,team1,kill,60.18
Mage+Priest+Warrior_vs_Rogue+Priest+Paladin,Mage+Priest+Warrior,Rogue+Priest+Paladin,1,team1,kill,56.97
Mage+Priest+Warrior_vs_Rogue+Priest+Paladin,Mage+Priest+Warrior,Rogue+Priest+Paladin,2,team1,kill,60.93
Mage+Priest+Warrior_vs_Rogue+Priest+Paladin,Mage+Priest+Warrior,Rogue+Priest+Paladin,3,team1,kill,58.38
Mage+Priest+Warrior_vs_Rogue+Priest+Paladin,Mage+Priest+Warrior,Rogue+Priest+Paladin,4,team1,kill,56.13
Mage+Priest+Warrior_vs_Rogue+Priest+Paladin,Mage+Priest+Warrior,Rogue+Priest+Paladin,5,team1,kill,53.23
Mage+Priest+Warrior_vs_Rogue+Priest+Paladin,Mage+Priest+Warrior,Rogue+Priest+Paladin,6,team1,kill,57.95
Mage+Priest+Warrior_vs_Rogue+Priest+Paladin,Mage+Priest+Warrior,Rogue+Priest+Paladin,7,team1,kill,55.58
Mage+Priest+Warrior_vs_Rogue+Priest+Paladin,Mage+Priest+Warrior,Rogue+Priest+Paladin,8,team1,kill,55.17
Mage+Priest+Warrior_vs_Rogue+Priest+Paladin,Mage+Priest+Warrior,Rogue+Priest+Paladin,9,team1,kill,59.58
Mage+Priest+Warrior_vs_Rogue+Priest+Paladin,Mage+Priest+Warrior,Rogue+Priest+Paladin,10,team1,kill,59.52
Mage+Priest+Warrior_vs_Rogue+Priest+Paladin,Mage+Priest+Warrior,Rogue+Priest+Paladin,11,team1,kill,58.92
Mage+Priest+Warrior_vs_Rogue+Priest+Paladin,Mage+Priest+Warrior,Rogue+Priest+Paladin,12,team1,kill,67.77
Mage+Priest+Warrior_vs_Rogue+Priest+Paladin,Mage+Priest+Warrior,Rogue+Priest+Paladin,13,team1,kill,57.77
Mage+Priest+Warrior_vs_Rogue+Priest+Paladin,Mage+Priest+Warrior,Rogue+Priest+Paladin,14,team1,kill,59.72
Mage+Priest+Warrior_vs_Rogue+Priest+Paladin,Mage+Priest+Warrior,Rogue+Priest+Paladin,15,team1,kill,59.83
Mage+Priest+Warrior_vs_Rogue+Priest+Paladin,Mage+Priest+Warrior,Rogue+Priest+Paladin,16,team1,kill,57.37
Mage+Priest+Warrior_vs_Rogue+Priest+Paladin,Mage+Priest+Warrior,Rogue+Priest+Paladin,17,team1,kill,50.20
Mage+Priest+Warrior_vs_Rogue+Priest+Paladin,Mage+Priest+Warrior,Rogue+Priest+Paladin,18,team1,kill,58.95
Mage+Priest+Warrior_vs_Rogue+Priest+Paladin,Mage+Priest+Warrior,Rogue+Priest+Paladin,19,team1,kill,67.30
Mage+Priest+Warrior_vs_Rogue+Priest+Paladin,Mage+Priest+Warrior,Rogue+Priest+Paladin,20,team1,kill,59.85
Mage+Priest+Warrior_vs_Rogue+Priest+Paladin,Mage+Priest+Warrior,Rogue+Priest+Paladin,21,team1,kill,57.65
Mage+Priest+Warrior_vs_Rogue+Priest+Paladin,Mage+Priest+Warrior,Rogue+Priest+Paladin,22,team1,kill,71.60
Mage+Priest+Warrior_vs_Rogue+Priest+Paladin,Mage+Priest+Warrior,Rogue+Priest+Paladin,23,team1,kill,50.38
Mage+Priest+Warrior_vs_Rogue+Priest+Paladin,Mage+Priest+Warrior,Rogue+Priest+Paladin,24,team1,kill,64.20
Mage+Priest+Warrior_vs_Rogue+Priest+Paladin,Mage+Priest+Warrior,Rogue+Priest+Paladin,25,team1,kill,64.63
Mage+Priest+Warrior_vs_Rogue+Priest+Paladin,Mage+Priest+Warrior,Rogue+Priest+Paladin,26,team1,kill,53.77
Mage+Priest+Warrior_vs_Rogue+Priest+Paladin,Mage+Priest+Warrior,Rogue+Priest+Paladin,27,team1,kill,66.62
Mage+Priest+Warrior_vs_Rogue+Priest+Paladin,Mage+Priest+Warrior,Rogue+Priest+Paladin,28,team1,kill,50.28
Mage+Priest+Warrior_vs_Rogue+Priest+Paladin,Mage+Priest+Warrior,Rogue+Priest+Paladin,29,team1,kill,59.75
Mage+Priest+Warrior_vs_Rogue+Priest+Hunter,Mage+Priest+Warrior,Rogue+Priest+Hunter,0,team2,kill,64.20
Mage+Priest+Warrior_vs_Rogue+Priest+Hunter,Mage+Priest+Warrior,Rogue+Priest+Hunter,1,team2,kill,58.38
Mage+Priest+Warrior_vs_Rogue+Priest+Hunter,Mage+Priest+Warrior,Rogue+Priest+Hunter,2,team1,kill,70.50
Mage+Priest+Warrior_vs_Rogue+Priest+Hunter,Mage+Priest+Warrior,Rogue+Priest+Hunter,3,team1,kill,53.50
Mage+Priest+Warrior_vs_Rogue+Priest+Hunter,Mage+Priest+Warrior,Rogue+Priest+Hunter,4,team1,kill,37.27
Mage+Priest+Warrior_vs_Rogue+Priest+Hunter,Mage+Priest+Warrior,Rogue+Priest+Hunter,5,team2,kill,65.13
Mage+Priest+Warrior_vs_Rogue+Priest+Hunter,Mage+Priest+Warrior,Rogue+Priest+Hunter,6,team1,kill,51.97
Mage+Priest+Warrior_vs_Rogue+Priest+Hunter,Mage+Priest+Warrior,Rogue+Priest+Hunter,7,team1,kill,53.22
Mage+Priest+Warrior_vs_Rogue+Priest+Hunter,Mage+Priest+Warrior,Rogue+Priest+Hunter,8,team2,kill,71.23
Mage+Priest+Warrior_vs_Rogue+Priest+Hunter,Mage+Priest+Warrior,Rogue+Priest+Hunter,9,team2,kill,66.98
Mage+Priest+Warrior_vs_Rogue+Priest+Hunter,Mage+Priest+Warrior,Rogue+Priest+Hunter,10,team2,kill,60.65
Mage+Priest+Warrior_vs_Rogue+Priest+Hunter,Mage+Priest+Warrior,Rogue+Priest+Hunter,11,team2,kill,85.77
Mage+Priest+Warrior_vs_Rogue+Priest+Hunter,Mage+Priest+Warrior,Rogue+Priest+Hunter,12,team2,kill,69.13
Mage+Priest+Warrior_vs_Rogue+Priest+Hunter,Mage+Priest+Warrior,Rogue+Priest+Hunter,13,team2,kill,56.47
Mage+Priest+Warrior_vs_Rogue+Priest+Hunter,Mage+Priest+Warrior,Rogue+Priest+Hunter,14,team1,kill,56.13
Mage+Priest+Warrior_vs_Rogue+Priest+Hunter,Mage+Priest+Warrior,Rogue+Priest+Hunter,15,team1,kill,42.53
Mage+Priest+Warrior_vs_Rogue+Priest+Hunter,Mage+Priest+Warrior,Rogue+Priest+Hunter,16,team1,kill,50.65
Mage+Priest+Warrior_vs_Rogue+Priest+Hunter,Mage+Priest+Warrior,Rogue+Priest+Hunter,17,team2,kill,60.67
Mage+Priest+Warrior_vs_Rogue+Priest+Hunter,Mage+Priest+Warrior,Rogue+Priest+Hunter,18,team1,kill,54.90
Mage+Priest+Warrior_vs_Rogue+Priest+Hunter,Mage+Priest+Warrior,Rogue+Priest+Hunter,19,team1,kill,56.88
Mage+Priest+Warrior_vs_Rogue+Priest+Hunter,Mage+Priest+Warrior,Rogue+Priest+Hunter,20,team1,kill,56.30
Mage+Priest+Warrior_vs_Rogue+Priest+Hunter,Mage+Priest+Warrior,Rogue+Priest+Hunter,21,team1,kill,74.95
Mage+Priest+Warrior_vs_Rogue+Priest+Hunter,Mage+Priest+Warrior,Rogue+Priest+Hunter,22,team2,kill,67.12
Mage+Priest+Warrior_vs_Rogue+Priest+Hunter,Mage+Priest+Warrior,Rogue+Priest+Hunter,23,team1,kill,44.90
Mage+Priest+Warrior_vs_Rogue+Priest+Hunter,Mage+Priest+Warrior,Rogue+Priest+Hunter,24,team2,kill,70.38
Mage+Priest+Warrior_vs_Rogue+Priest+Hunter,Mage+Priest+Warrior,Rogue+Priest+Hunter,25,team2,kill,64.12
Mage+Priest+Warrior_vs_Rogue+Priest+Hunter,Mage+Priest+Warrior,Rogue+Priest+Hunter,26,team2,kill,67.17
Mage+Priest+Warrior_vs_Rogue+Priest+Hunter,Mage+Priest+Warrior,Rogue+Priest+Hunter,27,team1,kill,43.67
Mage+Priest+Warrior_vs_Rogue+Priest+Hunter,Mage+Priest+Warrior,Rogue+Priest+Hunter,28,team2,kill,55.15
Mage+Priest+Warrior_vs_Rogue+Priest+Hunter,Mage+Priest+Warrior,Rogue+Priest+Hunter,29,team1,kill,43.15
Mage+Priest+Warrior_vs_Rogue+Priest+Shaman,Mage+Priest+Warrior,Rogue+Priest+Shaman,0,team1,kill,46.42
Mage+Priest+Warrior_vs_Rogue+Priest+Shaman,Mage+Priest+Warrior,Rogue+Priest+Shaman,1,team1,kill,41.33
Mage+Priest+Warrior_vs_Rogue+Priest+Shaman,Mage+Priest+Warrior,Rogue+Priest+Shaman,2,team1,kill,49.17
Mage+Priest+Warrior_vs_Rogue+Priest+Shaman,Mage+Priest+Warrior,Rogue+Priest+Shaman,3,team1,kill,66.08
Mage+Priest+Warrior_vs_Rogue+Priest+Shaman,Mage+Priest+Warrior,Rogue+Priest+Shaman,4,team1,kill,45.40
Mage+Priest+Warrior_vs_Rogue+Priest+Shaman,Mage+Priest+Warrior,Rogue+Priest+Shaman,5,team1,kill,42.72
Mage+Priest+Warrior_vs_Rogue+Priest+Shaman,Mage+Priest+Warrior,Rogue+Priest+Shaman,6,team1,kill,41.78
Mage+Priest+Warrior_vs_Rogue+Priest+Shaman,Mage+Priest+Warrior,Rogue+Priest+Shaman,7,team1,kill,52.50
Mage+Priest+Warrior_vs_Rogue+Priest+Shaman,Mage+Priest+Warrior,Rogue+Priest+Shaman,8,team2,kill,49.95
Mage+Priest+Warrior_vs_Rogue+Priest+Shaman,Mage+Priest+Warrior,Rogue+Priest+Shaman,9,team1,kill,52.42
Mage+Priest+Warrior_vs_Rogue+Priest+Shaman,Mage+Priest+Warrior,Rogue+Priest+Shaman,10,team1,kill,53.20
Mage+Priest+Warrior_vs_Rogue+Priest+Shaman,Mage+Priest+Warrior,Rogue+Priest+Shaman,11,team1,kill,49.28
Mage+Priest+Warrior_vs_Rogue+Priest+Shaman,Mage+Priest+Warrior,Rogue+Priest+Shaman,12,team1,kill,55.78
Mage+Priest+Warrior_vs_Rogue+Priest+Shaman,Mage+Priest+Warrior,Rogue+Priest+Shaman,13,team2,kill,56.85
Mage+Priest+Warrior_vs_Rogue+Priest+Shaman,Mage+Priest+Warrior,Rogue+Priest+Shaman,14,team1,kill,53.62
Mage+Priest+Warrior_vs_Rogue+Priest+Shaman,Mage+Priest+Warrior,Rogue+Priest+Shaman,15,team1,kill,35.98
Mage+Priest+Warrior_vs_Rogue+Priest+Shaman,Mage+Priest+Warrior,Rogue+Priest+Shaman,16,team1,kill,44.42
Mage+Priest+Warrior_vs_Rogue+Priest+Shaman,Mage+Priest+Warrior,Rogue+Priest+Shaman,17,team1,kill,38.45
Mage+Priest+Warrior_vs_Rogue+Priest+Shaman,Mage+Priest+Warrior,Rogue+Priest+Shaman,18,team1,kill,44.42
Mage+Priest+Warrior_vs_Rogue+Priest+Shaman,Mage+Priest+Warrior,Rogue+Priest+Shaman,19,team2,kill,53.98
Mage+Priest+Warrior_vs_Rogue+Priest+Shaman,Mage+Priest+Warrior,Rogue+Priest+Shaman,20,team1,kill,42.88
Mage+Priest+Warrior_vs_Rogue+Priest+Shaman,Mage+Priest+Warrior,Rogue+Priest+Shaman,21,team1,kill,44.92
Mage+Priest+Warrior_vs_Rogue+Priest+Shaman,Mage+Priest+Warrior,Rogue+Priest+Shaman,22,team1,kill,48.67
Mage+Priest+Warrior_vs_Rogue+Priest+Shaman,Mage+Priest+Warrior,Rogue+Priest+Shaman,23,team2,kill,50.43
Mage+Priest+Warrior_vs_Rogue+Priest+Shaman,Mage+Priest+Warrior,Rogue+Priest+Shaman,24,team1,kill,54.63
Mage+Priest+Warrior_vs_Rogue+Priest+Shaman,Mage+Priest+Warrior,Rogue+Priest+Shaman,25,team2,kill,49.50
Mage+Priest+Warrior_vs_Rogue+Priest+Shaman,Mage+Priest+Warrior,Rogue+Priest+Shaman,26,team1,kill,49.28
Mage+Priest+Warrior_vs_Rogue+Priest+Shaman,Mage+Priest+Warrior,Rogue+Priest+Shaman,27,team2,kill,56.15
Mage+Priest+Warrior_vs_Rogue+Priest+Shaman,Mage+Priest+Warrior,Rogue+Priest+Shaman,28,team1,kill,46.75
Mage+Priest+Warrior_vs_Rogue+Priest+Shaman,Mage+Priest+Warrior,Rogue+Priest+Shaman,29,team1,kill,31.87
Mage+Priest+Warrior_vs_Rogue+Warlock+Paladin,Mage+Priest+Warrior,Rogue+Warlock+Paladin,0,team1,kill,41.33
Mage+Priest+Warrior_vs_Rogue+Warlock+Paladin,Mage+Priest+Warrior,Rogue+Warlock+Paladin,1,team1,kill,39.80
Mage+Priest+Warrior_vs_Rogue+Warlock+Paladin,Mage+Priest+Warrior,Rogue+Warlock+Paladin,2,team1,kill,36.57
Mage+Priest+Warrior_vs_Rogue+Warlock+Paladin,Mage+Priest+Warrior,Rogue+Warlock+Paladin,3,team1,kill,39.22
Mage+Priest+Warrior_vs_Rogue+Warlock+Paladin,Mage+Priest+Warrior,Rogue+Warlock+Paladin,4,team1,kill,34.97
Mage+Priest+Warrior_vs_Rogue+Warlock+Paladin,Mage+Priest+Warrior,Rogue+Warlock+Paladin,5,team1,kill,35.50
Mage+Priest+Warrior_vs_Rogue+Warlock+Paladin,Mage+Priest+Warrior,Rogue+Warlock+Paladin,6,team1,kill,39.17
Mage+Priest+Warrior_vs_Rogue+Warlock+Paladin,Mage+Priest+Warrior,Rogue+Warlock+Paladin,7,team1,kill,39.78
Mage+Priest+Warrior_vs_Rogue+Warlock+Paladin,Mage+Priest+Warrior,Rogue+Warlock+Paladin,8,team1,kill,39.02
Mage+Priest+Warrior_vs_Rogue+Warlock+Paladin,Mage+Priest+Warrior,Rogue+Warlock+Paladin,9,team1,kill,35.87
Mage+Priest+Warrior_vs_Rogue+Warlock+Paladin,Mage+Priest+Warrior,Rogue+Warlock+Paladin,10,team1,kill,61.10
Mage+Priest+Warrior_vs_Rogue+Warlock+Paladin,Mage+Priest+Warrior,Rogue+Warlock+Paladin,11,team1,kill,38.12
Mage+Priest+Warrior_vs_Rogue+Warlock+Paladin,Mage+Priest+Warrior,Rogue+Warlock+Paladin,12,team1,kill,41.02
Mage+Priest+Warrior_vs_Rogue+Warlock+Paladin,Mage+Priest+Warrior,Rogue+Warlock+Paladin,13,team1,kill,33.97
Mage+Priest+Warrior_vs_Rogue+Warlock+Paladin,Mage+Priest+Warrior,Rogue+Warlock+Paladin,14,team1,kill,36.63
Mage+Priest+Warrior_vs_Rogue+Warlock+Paladin,Mage+Priest+Warrior,Rogue+Warlock+Paladin,15,team1,kill,35.17
Mage+Priest+Warrior_vs_Rogue+Warlock+Paladin,Mage+Priest+Warrior,Rogue+Warlock+Paladin,16,team1,kill,35.92
Mage+Priest+Warrior_vs_Rogue+Warlock+Paladin,Mage+Priest+Warrior,Rogue+Warlock+Paladin,17,team1,kill,35.48
Mage+Priest+Warrior_vs_Rogue+Warlock+Paladin,Mage+Priest+Warrior,Rogue+Warlock+Paladin,18,team1,kill,36.95
Mage+Priest+Warrior_vs_Rogue+Warlock+Paladin,Mage+Priest+Warrior,Rogue+Warlock+Paladin,19,team1,kill,49.67
Mage+Priest+Warrior_vs_Rogue+Warlock+Paladin,Mage+Priest+Warrior,Rogue+Warlock+Paladin,20,team1,kill,39.92
Mage+Priest+Warrior_vs_Rogue+Warlock+Paladin,Mage+Priest+Warrior,Rogue+Warlock+Paladin,21,team1,kill,34.03
Mage+Priest+Warrior_vs_Rogue+Warlock+Paladin,Mage+Priest+Warrior,Rogue+Warlock+Paladin,22,team1,kill,36.98
Mage+Priest+Warrior_vs_Rogue+Warlock+Paladin,Mage+Priest+Warrior,Rogue+Warlock+Paladin,23,team1,kill,34.67
Mage+Priest+Warrior_vs_Rogue+Warlock+Paladin,Mage+Priest+Warrior,Rogue+Warlock+Paladin,24,team1,kill,34.33
Mage+Priest+Warrior_vs_Rogue+Warlock+Paladin,Mage+Priest+Warrior,Rogue+Warlock+Paladin,25,team1,kill,36.90
Mage+Priest+Warrior_vs_Rogue+Warlock+Paladin,Mage+Priest+Warrior,Rogue+Warlock+Paladin,26,team1,kill,37.03
Mage+Priest+Warrior_vs_Rogue+Warlock+Paladin,Mage+Priest+Warrior,Rogue+Warlock+Paladin,27,team1,kill,38.58
Mage+Priest+Warrior_vs_Rogue+Warlock+Paladin,Mage+Priest+Warrior,Rogue+Warlock+Paladin,28,team1,kill,40.92
Mage+Priest+Warrior_vs_Rogue+Warlock+Paladin,Mage+Priest+Warrior,Rogue+Warlock+Paladin,29,team1,kill,36.85
Mage+Priest+Warrior_vs_Rogue+Warlock+Hunter,Mage+Priest+Warrior,Rogue+Warlock+Hunter,0,team1,kill,41.88
Mage+Priest+Warrior_vs_Rogue+Warlock+Hunter,Mage+Priest+Warrior,Rogue+Warlock+Hunter,1,team1,kill,35.58
Mage+Priest+Warrior_vs_Rogue+Warlock+Hunter,Mage+Priest+Warrior,Rogue+Warlock+Hunter,2,team2,kill,44.17
Mage+Priest+Warrior_vs_Rogue+Warlock+Hunter,Mage+Priest+Warrior,Rogue+Warlock+Hunter,3,team1,kill,35.97
Mage+Priest+Warrior_vs_Rogue+Warlock+Hunter,Mage+Priest+Warrior,Rogue+Warlock+Hunter,4,team1,kill,40.77
Mage+Priest+Warrior_vs_Rogue+Warlock+Hunter,Mage+Priest+Warrior,Rogue+Warlock+Hunter,5,team1,kill,40.72
Mage+Priest+Warrior_vs_Rogue+Warlock+Hunter,Mage+Priest+Warrior,Rogue+Warlock+Hunter,6,team1,kill,36.92
Mage+Priest+Warrior_vs_Rogue+Warlock+Hunter,Mage+Priest+Warrior,Rogue+Warlock+Hunter,7,team1,kill,35.32
Mage+Priest+Warrior_vs_Rogue+Warlock+Hunter,Mage+Priest+Warrior,Rogue+Warlock+Hunter,8,team1,kill,31.85
Mage+Priest+Warrior_vs_Rogue+Warlock+Hunter,Mage+Priest+Warrior,Rogue+Warlock+Hunter,9,team1,kill,45.30
Mage+Priest+Warrior_vs_Rogue+Warlock+Hunter,Mage+Priest+Warrior,Rogue+Warlock+Hunter,10,team2,kill,44.18
Mage+Priest+Warrior_vs_Rogue+Warlock+Hunter,Mage+Priest+Warrior,Rogue+Warlock+Hunter,11,team1,kill,41.42
Mage+Priest+Warrior_vs_Rogue+Warlock+Hunter,Mage+Priest+Warrior,Rogue+Warlock+Hunter,12,team1,kill,34.43
Mage+Priest+Warrior_vs_Rogue+Warlock+Hunter,Mage+Priest+Warrior,Rogue+Warlock+Hunter,13,team1,kill,33.80
Mage+Priest+Warrior_vs_Rogue+Warlock+Hunter,Mage+Priest+Warrior,Rogue+Warlock+Hunter,14,team1,kill,35.52
Mage+Priest+Warrior_vs_Rogue+Warlock+Hunter,Mage+Priest+Warrior,Rogue+Warlock+Hunter,15,team1,kill,33.53
Mage+Priest+Warrior_vs_Rogue+Warlock+Hunter,Mage+Priest+Warrior,Rogue+Warlock+Hunter,16,team1,kill,36.07
Mage+Priest+Warrior_vs_Rogue+Warlock+Hunter,Mage+Priest+Warrior,Rogue+Warlock+Hunter,17,team1,kill,35.73
Mage+Priest+Warrior_vs_Rogue+Warlock+Hunter,Mage+Priest+Warrior,Rogue+Warlock+Hunter,18,team1,kill,35.77
Mage+Priest+Warrior_vs_Rogue+Warlock+Hunter,Mage+Priest+Warrior,Rogue+Warlock+Hunter,19,team2,kill,46.68
Mage+Priest+Warrior_vs_Rogue+Warlock+Hunter,Mage+Priest+Warrior,Rogue+Warlock+Hunter,20,team1,kill,45.27
Mage+Priest+Warrior_vs_Rogue+Warlock+Hunter,Mage+Priest+Warrior,Rogue+Warlock+Hunter,21,team2,kill,44.17
Mage+Priest+Warrior_vs_Rogue+Warlock+Hunter,Mage+Priest+Warrior,Rogue+Warlock+Hunter,22,team1,kill,43.23
Mage+Priest+Warrior_vs_Rogue+Warlock+Hunter,Mage+Priest+Warrior,Rogue+Warlock+Hunter,23,team1,kill,46.82
Mage+Priest+Warrior_vs_Rogue+Warlock+Hunter,Mage+Priest+Warrior,Rogue+Warlock+Hunter,24,team1,kill,38.27
Mage+Priest+Warrior_vs_Rogue+Warlock+Hunter,Mage+Priest+Warrior,Rogue+Warlock+Hunter,25,team2,kill,44.17
Mage+Priest+Warrior_vs_Rogue+Warlock+Hunter,Mage+Priest+Warrior,Rogue+Warlock+Hunter,26,team1,kill,40.48
Mage+Priest+Warrior_vs_Rogue+Warlock+Hunter,Mage+Priest+Warrior,Rogue+Warlock+Hunter,27,team1,kill,35.45
Mage+Priest+Warrior_vs_Rogue+Warlock+Hunter,Mage+Priest+Warrior,Rogue+Warlock+Hunter,28,team1,kill,36.17
Mage+Priest+Warrior_vs_Rogue+Warlock+Hunter,Mage+Priest+Warrior,Rogue+Warlock+Hunter,29,team1,kill,31.80
Mage+Priest+Warrior_vs_Rogue+Warlock+Shaman,Mage+Priest+Warrior,Rogue+Warlock+Shaman,0,team1,kill,31.68
Mage+Priest+Warrior_vs_Rogue+Warlock+Shaman,Mage+Priest+Warrior,Rogue+Warlock+Shaman,1,team1,kill,46.62
Mage+Priest+Warrior_vs_Rogue+Warlock+Shaman,Mage+Priest+Warrior,Rogue+Warlock+Shaman,2,team1,kill,50.58
Mage+Priest+Warrior_vs_Rogue+Warlock+Shaman,Mage+Priest+Warrior,Rogue+Warlock+Shaman,3,team1,kill,40.48
Mage+Priest+Warrior_vs_Rogue+Warlock+Shaman,Mage+Priest+Warrior,Rogue+Warlock+Shaman,4,team2,kill,49.50
Mage+Priest+Warrior_vs_Rogue+Warlock+Shaman,Mage+Priest+Warrior,Rogue+Warlock+Shaman,5,team1,kill,42.17
Mage+Priest+Warrior_vs_Rogue+Warlock+Shaman,Mage+Priest+Warrior,Rogue+Warlock+Shaman,6,team1,kill,41.38
Mage+Priest+Warrior_vs_Rogue+Warlock+Shaman,Mage+Priest+Warrior,Rogue+Warlock+Shaman,7,team2,kill,56.63
Mage+Priest+Warrior_vs_Rogue+Warlock+Shaman,Mage+Priest+Warrior,Rogue+Warlock+Shaman,8,team1,kill,35.93
Mage+Priest+Warrior_vs_Rogue+Warlock+Shaman,Mage+Priest+Warrior,Rogue+Warlock+Shaman,9,team1,kill,36.08
Mage+Priest+Warrior_vs_Rogue+Warlock+Shaman,Mage+Priest+Warrior,Rogue+Warlock+Shaman,10,team1,kill,42.87
Mage+Priest+Warrior_vs_Rogue+Warlock+Shaman,Mage+Priest+Warrior,Rogue+Warlock+Shaman,11,team1,kill,37.78
Mage+Priest+Warrior_vs_Rogue+Warlock+Shaman,Mage+Priest+Warrior,Rogue+Warlock+Shaman,12,team1,kill,36.42
Mage+Priest+Warrior_vs_Rogue+Warlock+Shaman,Mage+Priest+Warrior,Rogue+Warlock+Shaman,13,team1,kill,35.18
Mage+Priest+Warrior_vs_Rogue+Warlock+Shaman,Mage+Priest+Warrior,Rogue+Warlock+Shaman,14,team1,kill,40.55
Mage+Priest+Warrior_vs_Rogue+Warlock+Shaman,Mage+Priest+Warrior,Rogue+Warlock+Shaman,15,team1,kill,34.72
Mage+Priest+Warrior_vs_Rogue+Warlock+Shaman,Mage+Priest+Warrior,Rogue+Warlock+Shaman,16,team1,kill,35.77
Mage+Priest+Warrior_vs_Rogue+Warlock+Shaman,Mage+Priest+Warrior,Rogue+Warlock+Shaman,17,team1,kill,56.97
Mage+Priest+Warrior_vs_Rogue+Warlock+Shaman,Mage+Priest+Warrior,Rogue+Warlock+Shaman,18,team1,kill,38.20
Mage+Priest+Warrior_vs_Rogue+Warlock+Shaman,Mage+Priest+Warrior,Rogue+Warlock+Shaman,19,team1,kill,33.20
Mage+Priest+Warrior_vs_Rogue+Warlock+Shaman,Mage+Priest+Warrior,Rogue+Warlock+Shaman,20,team1,kill,36.00
Mage+Priest+Warrior_vs_Rogue+Warlock+Shaman,Mage+Priest+Warrior,Rogue+Warlock+Shaman,21,team1,kill,36.92
Mage+Priest+Warrior_vs_Rogue+Warlock+Shaman,Mage+Priest+Warrior,Rogue+Warlock+Shaman,22,team1,kill,32.53
Mage+Priest+Warrior_vs_Rogue+Warlock+Shaman,Mage+Priest+Warrior,Rogue+Warlock+Shaman,23,team1,kill,34.47
Mage+Priest+Warrior_vs_Rogue+Warlock+Shaman,Mage+Priest+Warrior,Rogue+Warlock+Shaman,24,team1,kill,44.33
Mage+Priest+Warrior_vs_Rogue+Warlock+Shaman,Mage+Priest+Warrior,Rogue+Warlock+Shaman,25,team1,kill,30.15
Mage+Priest+Warrior_vs_Rogue+Warlock+Shaman,Mage+Priest+Warrior,Rogue+Warlock+Shaman,26,team1,kill,40.57
Mage+Priest+Warrior_vs_Rogue+Warlock+Shaman,Mage+Priest+Warrior,Rogue+Warlock+Shaman,27,team1,kill,35.22
Mage+Priest+Warrior_vs_Rogue+Warlock+Shaman,Mage+Priest+Warrior,Rogue+Warlock+Shaman,28,team1,kill,31.68
Mage+Priest+Warrior_vs_Rogue+Warlock+Shaman,Mage+Priest+Warrior,Rogue+Warlock+Shaman,29,team1,kill,34.93
Mage+Priest+Warrior_vs_Rogue+Paladin+Hunter,Mage+Priest+Warrior,Rogue+Paladin+Hunter,0,team1,kill,62.03
Mage+Priest+Warrior_vs_Rogue+Paladin+Hunter,Mage+Priest+Warrior,Rogue+Paladin+Hunter,1,team1,kill,71.10
Mage+Priest+Warrior_vs_Rogue+Paladin+Hunter,Mage+Priest+Warrior,Rogue+Paladin+Hunter,2,team1,kill,83.12
Mage+Priest+Warrior_vs_Rogue+Paladin+Hunter,Mage+Priest+Warrior,Rogue+Paladin+Hunter,3,team1,kill,201.36
Mage+Priest+Warrior_vs_Rogue+Paladin+Hunter,Mage+Priest+Warrior,Rogue+Paladin+Hunter,4,team1,kill,44.30
Mage+Priest+Warrior_vs_Rogue+Paladin+Hunter,Mage+Priest+Warrior,Rogue+Paladin+Hunter,5,team1,kill,50.65
Mage+Priest+Warrior_vs_Rogue+Paladin+Hunter,Mage+Priest+Warrior,Rogue+Paladin+Hunter,6,team2,kill,132.91
Mage+Priest+Warrior_vs_Rogue+Paladin+Hunter,Mage+Priest+Warrior,Rogue+Paladin+Hunter,7,team1,kill,67.52
Mage+Priest+Warrior_vs_Rogue+Paladin+Hunter,Mage+Priest+Warrior,Rogue+Paladin+Hunter,8,team1,kill,47.50
Mage+Priest+Warrior_vs_Rogue+Paladin+Hunter,Mage+Priest+Warrior,Rogue+Paladin+Hunter,9,team1,kill,49.55
Mage+Priest+Warrior_vs_Rogue+Paladin+Hunter,Mage+Priest+Warrior,Rogue+Paladin+Hunter,10,team1,kill,49.22
Mage+Priest+Warrior_vs_Rogue+Paladin+Hunter,Mage+Priest+Warrior,Rogue+Paladin+Hunter,11,team1,kill,44.00
Mage+Priest+Warrior_vs_Rogue+Paladin+Hunter,Mage+Priest+Warrior,Rogue+Paladin+Hunter,12,team1,kill,47.37
Mage+Priest+Warrior_vs_Rogue+Paladin+Hunter,Mage+Priest+Warrior,Rogue+Paladin+Hunter,13,team1,kill,48.42
Mage+Priest+Warrior_vs_Rogue+Paladin+Hunter,Mage+Priest+Warrior,Rogue+Paladin+Hunter,14,team2,kill,66.68
Mage+Priest+Warrior_vs_Rogue+Paladin+Hunter,Mage+Priest+Warrior,Rogue+Paladin+Hunter,15,team1,kill,53.57
Mage+Priest+Warrior_vs_Rogue+Paladin+Hunter,Mage+Priest+Warrior,Rogue+Paladin+Hunter,16,team1,kill,50.87
Mage+Priest+Warrior_vs_Rogue+Paladin+Hunter,Mage+Priest+Warrior,Rogue+Paladin+Hunter,17,team2,kill,64.37
Mage+Priest+Warrior_vs_Rogue+Paladin+Hunter,Mage+Priest+Warrior,Rogue+Paladin+Hunter,18,team1,kill,46.00
Mage+Priest+Warrior_vs_Rogue+Paladin+Hunter,Mage+Priest+Warrior,Rogue+Paladin+Hunter,19,team1,kill,50.63
Mage+Priest+Warrior_vs_Rogue+Paladin+Hunter,Mage+Priest+Warrior,Rogue+Paladin+Hunter,20,team1,kill,66.70
Mage+Priest+Warrior_vs_Rogue+Paladin+Hunter,Mage+Priest+Warrior,Rogue+Paladin+Hunter,21,team1,kill,46.95
Mage+Priest+Warrior_vs_Rogue+Paladin+Hunter,Mage+Priest+Warrior,Rogue+Paladin+Hunter,22,team1,kill,51.68
Mage+Priest+Warrior_vs_Rogue+Paladin+Hunter,Mage+Priest+Warrior,Rogue+Paladin+Hunter,23,team1,kill,60.65
Mage+Priest+Warrior_vs_Rogue+Paladin+Hunter,Mage+Priest+Warrior,Rogue+Paladin+Hunter,24,team1,kill,57.72
Mage+Priest+Warrior_vs_Rogue+Paladin+Hunter,Mage+Priest+Warrior,Rogue+Paladin+Hunter,25,team1,kill,64.17
Mage+Priest+Warrior_vs_Rogue+Paladin+Hunter,Mage+Priest+Warrior,Rogue+Paladin+Hunter,26,team1,kill,55.85
Mage+Priest+Warrior_vs_Rogue+Paladin+Hunter,Mage+Priest+Warrior,Rogue+Paladin+Hunter,27,team1,kill,62.47
Mage+Priest+Warrior_vs_Rogue+Paladin+Hunter,Mage+Priest+Warrior,Rogue+Paladin+Hunter,28,team1,kill,52.43
Mage+Priest+Warrior_vs_Rogue+Paladin+Hunter,Mage+Priest+Warrior,Rogue+Paladin+Hunter,29,team1,kill,61.63
Mage+Priest+Warrior_vs_Rogue+Paladin+Shaman,Mage+Priest+Warrior,Rogue+Paladin+Shaman,0,team1,kill,51.08
Mage+Priest+Warrior_vs_Rogue+Paladin+Shaman,Mage+Priest+Warrior,Rogue+Paladin+Shaman,1,team1,kill,42.30
Mage+Priest+Warrior_vs_Rogue+Paladin+Shaman,Mage+Priest+Warrior,Rogue+Paladin+Shaman,2,team1,kill,66.50
Mage+Priest+Warrior_vs_Rogue+Paladin+Shaman,Mage+Priest+Warrior,Rogue+Paladin+Shaman,3,team1,kill,44.28
Mage+Priest+Warrior_vs_Rogue+Paladin+Shaman,Mage+Priest+Warrior,Rogue+Paladin+Shaman,4,team1,kill,47.98
Mage+Priest+Warrior_vs_Rogue+Paladin+Shaman,Mage+Priest+Warrior,Rogue+Paladin+Shaman,5,team1,kill,42.50
Mage+Priest+Warrior_vs_Rogue+Paladin+Shaman,Mage+Priest+Warrior,Rogue+Paladin+Shaman,6,team1,kill,55.68
Mage+Priest+Warrior_vs_Rogue+Paladin+Shaman,Mage+Priest+Warrior,Rogue+Paladin+Shaman,7,team1,kill,90.19
Mage+Priest+Warrior_vs_Rogue+Paladin+Shaman,Mage+Priest+Warrior,Rogue+Paladin+Shaman,8,team1,kill,41.10
Mage+Priest+Warrior_vs_Rogue+Paladin+Shaman,Mage+Priest+Warrior,Rogue+Paladin+Shaman,9,team1,kill,39.45
Mage+Priest+Warrior_vs_Rogue+Paladin+Shaman,Mage+Priest+Warrior,Rogue+Paladin+Shaman,10,team1,kill,70.78
Mage+Priest+Warrior_vs_Rogue+Paladin+Shaman,Mage+Priest+Warrior,Rogue+Paladin+Shaman,11,team1,kill,42.33
Mage+Priest+Warrior_vs_Rogue+Paladin+Shaman,Mage+Priest+Warrior,Rogue+Paladin+Shaman,12,team1,kill,124.10
Mage+Priest+Warrior_vs_Rogue+Paladin+Shaman,Mage+Priest+Warrior,Rogue+Paladin+Shaman,13,team1,kill,39.37
Mage+Priest+Warrior_vs_Rogue+Paladin+Shaman,Mage+Priest+Warrior,Rogue+Paladin+Shaman,14,team1,kill,43.15
Mage+Priest+Warrior_vs_Rogue+Paladin+Shaman,Mage+Priest+Warrior,Rogue+Paladin+Shaman,15,team1,kill,46.35
Mage+Priest+Warrior_vs_Rogue+Paladin+Shaman,Mage+Priest+Warrior,Rogue+Paladin+Shaman,16,team1,kill,41.18
Mage+Priest+Warrior_vs_Rogue+Paladin+Shaman,Mage+Priest+Warrior,Rogue+Paladin+Shaman,17,team1,kill,51.12
Mage+Priest+Warrior_vs_Rogue+Paladin+Shaman,Mage+Priest+Warrior,Rogue+Paladin+Shaman,18,team1,kill,44.53
Mage+Priest+Warrior_vs_Rogue+Paladin+Shaman,Mage+Priest+Warrior,Rogue+Paladin+Shaman,19,team1,kill,42.13
Mage+Priest+Warrior_vs_Rogue+Paladin+Shaman,Mage+Priest+Warrior,Rogue+Paladin+Shaman,20,team1,kill,48.83
Mage+Priest+Warrior_vs_Rogue+Paladin+Shaman,Mage+Priest+Warrior,Rogue+Paladin+Shaman,21,team1,kill,41.20
Mage+Priest+Warrior_vs_Rogue+Paladin+Shaman,Mage+Priest+Warrior,Rogue+Paladin+Shaman,22,team1,kill,53.47
Mage+Priest+Warrior_vs_Rogue+Paladin+Shaman,Mage+Priest+Warrior,Rogue+Paladin+Shaman,23,team2,kill,55.32
Mage+Priest+Warrior_vs_Rogue+Paladin+Shaman,Mage+Priest+Warrior,Rogue+Paladin+Shaman,24,team1,kill,42.55
Mage+Priest+Warrior_vs_Rogue+Paladin+Shaman,Mage+Priest+Warrior,Rogue+Paladin+Shaman,25,team1,kill,52.82
Mage+Priest+Warrior_vs_Rogue+Paladin+Shaman,Mage+Priest+Warrior,Rogue+Paladin+Shaman,26,team2,kill,66.28
Mage+Priest+Warrior_vs_Rogue+Paladin+Shaman,Mage+Priest+Warrior,Rogue+Paladin+Shaman,27,team2,kill,67.92
Mage+Priest+Warrior_vs_Rogue+Paladin+Shaman,Mage+Priest+Warrior,Rogue+Paladin+Shaman,28,team1,kill,39.28
Mage+Priest+Warrior_vs_Rogue+Paladin+Shaman,Mage+Priest+Warrior,Rogue+Paladin+Shaman,29,team1,kill,39.33
Mage+Priest+Warrior_vs_Rogue+Hunter+Shaman,Mage+Priest+Warrior,Rogue+Hunter+Shaman,0,team1,kill,41.07
Mage+Priest+Warrior_vs_Rogue+Hunter+Shaman,Mage+Priest+Warrior,Rogue+Hunter+Shaman,1,team1,kill,38.42
Mage+Priest+Warrior_vs_Rogue+Hunter+Shaman,Mage+Priest+Warrior,Rogue+Hunter+Shaman,2,team1,kill,25.22
Mage+Priest+Warrior_vs_Rogue+Hunter+Shaman,Mage+Priest+Warrior,Rogue+Hunter+Shaman,3,team1,kill,36.60
Mage+Priest+Warrior_vs_Rogue+Hunter+Shaman,Mage+Priest+Warrior,Rogue+Hunter+Shaman,4,team1,kill,40.13
Mage+Priest+Warrior_vs_Rogue+Hunter+Shaman,Mage+Priest+Warrior,Rogue+Hunter+Shaman,5,team1,kill,44.28
Mage+Priest+Warrior_vs_Rogue+Hunter+Shaman,Mage+Priest+Warrior,Rogue+Hunter+Shaman,6,team1,kill,35.53
Mage+Priest+Warrior_vs_Rogue+Hunter+Shaman,Mage+Priest+Warrior,Rogue+Hunter+Shaman,7,team1,kill,43.57
Mage+Priest+Warrior_vs_Rogue+Hunter+Shaman,Mage+Priest+Warrior,Rogue+Hunter+Shaman,8,team1,kill,47.27
Mage+Priest+Warrior_vs_Rogue+Hunter+Shaman,Mage+Priest+Warrior,Rogue+Hunter+Shaman,9,team1,kill,42.17
Mage+Priest+Warrior_vs_Rogue+Hunter+Shaman,Mage+Priest+Warrior,Rogue+Hunter+Shaman,10,team1,kill,41.33
Mage+Priest+Warrior_vs_Rogue+Hunter+Shaman,Mage+Priest+Warrior,Rogue+Hunter+Shaman,11,team1,kill,38.10
Mage+Priest+Warrior_vs_Rogue+Hunter+Shaman,Mage+Priest+Warrior,Rogue+Hunter+Shaman,12,team1,kill,41.68
Mage+Priest+Warrior_vs_Rogue+Hunter+Shaman,Mage+Priest+Warrior,Rogue+Hunter+Shaman,13,team1,kill,37.80
Mage+Priest+Warrior_vs_Rogue+Hunter+Shaman,Mage+Priest+Warrior,Rogue+Hunter+Shaman,14,team1,kill,44.33
Mage+Priest+Warrior_vs_Rogue+Hunter+Shaman,Mage+Priest+Warrior,Rogue+Hunter+Shaman,15,team1,kill,43.75
Mage+Priest+Warrior_vs_Rogue+Hunter+Shaman,Mage+Priest+Warrior,Rogue+Hunter+Shaman,16,team1,kill,38.75
Mage+Priest+Warrior_vs_Rogue+Hunter+Shaman,Mage+Priest+Warrior,Rogue+Hunter+Shaman,17,team1,kill,41.08
Mage+Priest+Warrior_vs_Rogue+Hunter+Shaman,Mage+Priest+Warrior,Rogue+Hunter+Shaman,18,team1,kill,27.90
Mage+Priest+Warrior_vs_Rogue+Hunter+Shaman,Mage+Priest+Warrior,Rogue+Hunter+Shaman,19,team1,kill,38.42
Mage+Priest+Warrior_vs_Rogue+Hunter+Shaman,Mage+Priest+Warrior,Rogue+Hunter+Shaman,20,team1,kill,37.68
Mage+Priest+Warrior_vs_Rogue+Hunter+Shaman,Mage+Priest+Warrior,Rogue+Hunter+Shaman,21,team1,kill,25.72
Mage+Priest+Warrior_vs_Rogue+Hunter+Shaman,Mage+Priest+Warrior,Rogue+Hunter+Shaman,22,team1,kill,37.88
Mage+Priest+Warrior_vs_Rogue+Hunter+Shaman,Mage+Priest+Warrior,Rogue+Hunter+Shaman,23,team1,kill,36.72
Mage+Priest+Warrior_vs_Rogue+Hunter+Shaman,Mage+Priest+Warrior,Rogue+Hunter+Shaman,24,team1,kill,38.97
Mage+Priest+Warrior_vs_Rogue+Hunter+Shaman,Mage+Priest+Warrior,Rogue+Hunter+Shaman,25,team1,kill,36.73
Mage+Priest+Warrior_vs_Rogue+Hunter+Shaman,Mage+Priest+Warrior,Rogue+Hunter+Shaman,26,team1,kill,37.80
Mage+Priest+Warrior_vs_Rogue+Hunter+Shaman,Mage+Priest+Warrior,Rogue+Hunter+Shaman,27,team1,kill,52.60
Mage+Priest+Warrior_vs_Rogue+Hunter+Shaman,Mage+Priest+Warrior,Rogue+Hunter+Shaman,28,team1,kill,53.97
Mage+Priest+Warrior_vs_Rogue+Hunter+Shaman,Mage+Priest+Warrior,Rogue+Hunter+Shaman,29,team2,kill,60.17
Mage+Priest+Warrior_vs_Priest+Warlock+Paladin,Mage+Priest+Warrior,Priest+Warlock+Paladin,0,team1,kill,58.60
Mage+Priest+Warrior_vs_Priest+Warlock+Paladin,Mage+Priest+Warrior,Priest+Warlock+Paladin,1,team1,kill,65.72
Mage+Priest+Warrior_vs_Priest+Warlock+Paladin,Mage+Priest+Warrior,Priest+Warlock+Paladin,2,team1,kill,43.92
Mage+Priest+Warrior_vs_Priest+Warlock+Paladin,Mage+Priest+Warrior,Priest+Warlock+Paladin,3,team1,kill,50.42
Mage+Priest+Warrior_vs_Priest+Warlock+Paladin,Mage+Priest+Warrior,Priest+Warlock+Paladin,4,team1,kill,52.90
Mage+Priest+Warrior_vs_Priest+Warlock+Paladin,Mage+Priest+Warrior,Priest+Warlock+Paladin,5,team1,kill,43.90
Mage+Priest+Warrior_vs_Priest+Warlock+Paladin,Mage+Priest+Warrior,Priest+Warlock+Paladin,6,team1,kill,51.88
Mage+Priest+Warrior_vs_Priest+Warlock+Paladin,Mage+Priest+Warrior,Priest+Warlock+Paladin,7,team1,kill,48.72
Mage+Priest+Warrior_vs_Priest+Warlock+Paladin,Mage+Priest+Warrior,Priest+Warlock+Paladin,8,team1,kill,52.67
Mage+Priest+Warrior_vs_Priest+Warlock+Paladin,Mage+Priest+Warrior,Priest+Warlock+Paladin,9,team1,kill,47.53
Mage+Priest+Warrior_vs_Priest+Warlock+Paladin,Mage+Priest+Warrior,Priest+Warlock+Paladin,10,team1,kill,47.75
Mage+Priest+Warrior_vs_Priest+Warlock+Paladin,Mage+Priest+Warrior,Priest+Warlock+Paladin,11,team1,kill,48.03
Mage+Priest+Warrior_vs_Priest+Warlock+Paladin,Mage+Priest+Warrior,Priest+Warlock+Paladin,12,team1,kill,47.43
Mage+Priest+Warrior_vs_Priest+Warlock+Paladin,Mage+Priest+Warrior,Priest+Warlock+Paladin,13,team1,kill,51.20
Mage+Priest+Warrior_vs_Priest+Warlock+Paladin,Mage+Priest+Warrior,Priest+Warlock+Paladin,14,team1,kill,50.98
Mage+Priest+Warrior_vs_Priest+Warlock+Paladin,Mage+Priest+Warrior,Priest+Warlock+Paladin,15,team1,kill,57.68
Mage+Priest+Warrior_vs_Priest+Warlock+Paladin,Mage+Priest+Warrior,Priest+Warlock+Paladin,16,team1,kill,55.08
Mage+Priest+Warrior_vs_Priest+Warlock+Paladin,Mage+Priest+Warrior,Priest+Warlock+Paladin,17,team1,kill,45.05
Mage+Priest+Warrior_vs_Priest+Warlock+Paladin,Mage+Priest+Warrior,Priest+Warlock+Paladin,18,team1,kill,60.23
Mage+Priest+Warrior_vs_Priest+Warlock+Paladin,Mage+Priest+Warrior,Priest+Warlock+Paladin,19,team1,kill,42.32
Mage+Priest+Warrior_vs_Priest+Warlock+Paladin,Mage+Priest+Warrior,Priest+Warlock+Paladin,20,team1,kill,47.65
Mage+Priest+Warrior_vs_Priest+Warlock+Paladin,Mage+Priest+Warrior,Priest+Warlock+Paladin,21,team1,kill,56.97
Mage+Priest+Warrior_vs_Priest+Warlock+Paladin,Mage+Priest+Warrior,Priest+Warlock+Paladin,22,team1,kill,48.90
Mage+Priest+Warrior_vs_Priest+Warlock+Paladin,Mage+Priest+Warrior,Priest+Warlock+Paladin,23,team1,kill,43.02
Mage+Priest+Warrior_vs_Priest+Warlock+Paladin,Mage+Priest+Warrior,Priest+Warlock+Paladin,24,team1,kill,56.83
Mage+Priest+Warrior_vs_Priest+Warlock+Paladin,Mage+Priest+Warrior,Priest+Warlock+Paladin,25,team1,kill,42.38
Mage+Priest+Warrior_vs_Priest+Warlock+Paladin,Mage+Priest+Warrior,Priest+Warlock+Paladin,26,team1,kill,62.07
Mage+Priest+Warrior_vs_Priest+Warlock+Paladin,Mage+Priest+Warrior,Priest+Warlock+Paladin,27,team1,kill,45.72
Mage+Priest+Warrior_vs_Priest+Warlock+Paladin,Mage+Priest+Warrior,Priest+Warlock+Paladin,28,team1,kill,48.57
Mage+Priest+Warrior_vs_Priest+Warlock+Paladin,Mage+Priest+Warrior,Priest+Warlock+Paladin,29,team1,kill,45.42
Mage+Priest+Warrior_vs_Priest+Warlock+Hunter,Mage+Priest+Warrior,Priest+Warlock+Hunter,0,team2,kill,57.90
Mage+Priest+Warrior_vs_Priest+Warlock+Hunter,Mage+Priest+Warrior,Priest+Warlock+Hunter,1,team2,kill,35.75
Mage+Priest+Warrior_vs_Priest+Warlock+Hunter,Mage+Priest+Warrior,Priest+Warlock+Hunter,2,team2,kill,49.00
Mage+Priest+Warrior_vs_Priest+Warlock+Hunter,Mage+Priest+Warrior,Priest+Warlock+Hunter,3,team2,kill,61.62
Mage+Priest+Warrior_vs_Priest+Warlock+Hunter,Mage+Priest+Warrior,Priest+Warlock+Hunter,4,team1,kill,32.77
Mage+Priest+Warrior_vs_Priest+Warlock+Hunter,Mage+Priest+Warrior,Priest+Warlock+Hunter,5,team2,kill,48.92
Mage+Priest+Warrior_vs_Priest+Warlock+Hunter,Mage+Priest+Warrior,Priest+Warlock+Hunter,6,team2,kill,49.23
Mage+Priest+Warrior_vs_Priest+Warlock+Hunter,Mage+Priest+Warrior,Priest+Warlock+Hunter,7,team2,kill,48.45
Mage+Priest+Warrior_vs_Priest+Warlock+Hunter,Mage+Priest+Warrior,Priest+Warlock+Hunter,8,team2,kill,45.62
Mage+Priest+Warrior_vs_Priest+Warlock+Hunter,Mage+Priest+Warrior,Priest+Warlock+Hunter,9,team2,kill,49.08
Mage+Priest+Warrior_vs_Priest+Warlock+Hunter,Mage+Priest+Warrior,Priest+Warlock+Hunter,10,team2,kill,47.77
Mage+Priest+Warrior_vs_Priest+Warlock+Hunter,Mage+Priest+Warrior,Priest+Warlock+Hunter,11,team2,kill,48.45
Mage+Priest+Warrior_vs_Priest+Warlock+Hunter,Mage+Priest+Warrior,Priest+Warlock+Hunter,12,team2,kill,51.22
Mage+Priest+Warrior_vs_Priest+Warlock+Hunter,Mage+Priest+Warrior,Priest+Warlock+Hunter,13,team2,kill,36.98
Mage+Priest+Warrior_vs_Priest+Warlock+Hunter,Mage+Priest+Warrior,Priest+Warlock+Hunter,14,team2,kill,57.78
Mage+Priest+Warrior_vs_Priest+Warlock+Hunter,Mage+Priest+Warrior,Priest+Warlock+Hunter,15,team2,kill,58.27
Mage+Priest+Warrior_vs_Priest+Warlock+Hunter,Mage+Priest+Warrior,Priest+Warlock+Hunter,16,team2,kill,48.70
Mage+Priest+Warrior_vs_Priest+Warlock+Hunter,Mage+Priest+Warrior,Priest+Warlock+Hunter,17,team2,kill,46.55
Mage+Priest+Warrior_vs_Priest+Warlock+Hunter,Mage+Priest+Warrior,Priest+Warlock+Hunter,18,team2,kill,51.30
Mage+Priest+Warrior_vs_Priest+Warlock+Hunter,Mage+Priest+Warrior,Priest+Warlock+Hunter,19,team2,kill,49.08
Mage+Priest+Warrior_vs_Priest+Warlock+Hunter,Mage+Priest+Warrior,Priest+Warlock+Hunter,20,team2,kill,59.33
Mage+Priest+Warrior_vs_Priest+Warlock+Hunter,Mage+Priest+Warrior,Priest+Warlock+Hunter,21,team2,kill,51.38
Mage+Priest+Warrior_vs_Priest+Warlock+Hunter,Mage+Priest+Warrior,Priest+Warlock+Hunter,22,team2,kill,52.72
Mage+Priest+Warrior_vs_Priest+Warlock+Hunter,Mage+Priest+Warrior,Priest+Warlock+Hunter,23,team2,kill,48.75
Mage+Priest+Warrior_vs_Priest+Warlock+Hunter,Mage+Priest+Warrior,Priest+Warlock+Hunter,24,team2,kill,52.05
Mage+Priest+Warrior_vs_Priest+Warlock+Hunter,Mage+Priest+Warrior,Priest+Warlock+Hunter,25,team2,kill,40.05
Mage+Priest+Warrior_vs_Priest+Warlock+Hunter,Mage+Priest+Warrior,Priest+Warlock+Hunter,26,team2,kill,51.28
Mage+Priest+Warrior_vs_Priest+Warlock+Hunter,Mage+Priest+Warrior,Priest+Warlock+Hunter,27,team2,kill,51.03
Mage+Priest+Warrior_vs_Priest+Warlock+Hunter,Mage+Priest+Warrior,Priest+Warlock+Hunter,28,team2,kill,55.98
Mage+Priest+Warrior_vs_Priest+Warlock+Hunter,Mage+Priest+Warrior,Priest+Warlock+Hunter,29,team2,kill,59.92
Mage+Priest+Warrior_vs_Priest+Warlock+Shaman,Mage+Priest+Warrior,Priest+Warlock+Shaman,0,team2,kill,34.18
Mage+Priest+Warrior_vs_Priest+Warlock+Shaman,Mage+Priest+Warrior,Priest+Warlock+Shaman,1,team2,kill,34.15
Mage+Priest+Warrior_vs_Priest+Warlock+Shaman,Mage+Priest+Warrior,Priest+Warlock+Shaman,2,team2,kill,31.88
Mage+Priest+Warrior_vs_Priest+Warlock+Shaman,Mage+Priest+Warrior,Priest+Warlock+Shaman,3,team2,kill,35.58
Mage+Priest+Warrior_vs_Priest+Warlock+Shaman,Mage+Priest+Warrior,Priest+Warlock+Shaman,4,team2,kill,38.55
Mage+Priest+Warrior_vs_Priest+Warlock+Shaman,Mage+Priest+Warrior,Priest+Warlock+Shaman,5,team2,kill,38.13
Mage+Priest+Warrior_vs_Priest+Warlock+Shaman,Mage+Priest+Warrior,Priest+Warlock+Shaman,6,team2,kill,35.77
Mage+Priest+Warrior_vs_Priest+Warlock+Shaman,Mage+Priest+Warrior,Priest+Warlock+Shaman,7,team2,kill,33.27
Mage+Priest+Warrior_vs_Priest+Warlock+Shaman,Mage+Priest+Warrior,Priest+Warlock+Shaman,8,team1,kill,54.98
Mage+Priest+Warrior_vs_Priest+Warlock+Shaman,Mage+Priest+Warrior,Priest+Warlock+Shaman,9,team2,kill,34.15
Mage+Priest+Warrior_vs_Priest+Warlock+Shaman,Mage+Priest+Warrior,Priest+Warlock+Shaman,10,team2,kill,29.87
Mage+Priest+Warrior_vs_Priest+Warlock+Shaman,Mage+Priest+Warrior,Priest+Warlock+Shaman,11,team2,kill,35.62
Mage+Priest+Warrior_vs_Priest+Warlock+Shaman,Mage+Priest+Warrior,Priest+Warlock+Shaman,12,team2,kill,62.07
Mage+Priest+Warrior_vs_Priest+Warlock+Shaman,Mage+Priest+Warrior,Priest+Warlock+Shaman,13,team2,kill,33.25
Mage+Priest+Warrior_vs_Priest+Warlock+Shaman,Mage+Priest+Warrior,Priest+Warlock+Shaman,14,team2,kill,33.77
Mage+Priest+Warrior_vs_Priest+Warlock+Shaman,Mage+Priest+Warrior,Priest+Warlock+Shaman,15,team2,kill,34.12
Mage+Priest+Warrior_vs_Priest+Warlock+Shaman,Mage+Priest+Warrior,Priest+Warlock+Shaman,16,team1,kill,47.15
Mage+Priest+Warrior_vs_Priest+Warlock+Shaman,Mage+Priest+Warrior,Priest+Warlock+Shaman,17,team2,kill,35.98
Mage+Priest+Warrior_vs_Priest+Warlock+Shaman,Mage+Priest+Warrior,Priest+Warlock+Shaman,18,team2,kill,53.52
Mage+Priest+Warrior_vs_Priest+Warlock+Shaman,Mage+Priest+Warrior,Priest+Warlock+Shaman,19,team2,kill,47.42
Mage+Priest+Warrior_vs_Priest+Warlock+Shaman,Mage+Priest+Warrior,Priest+Warlock+Shaman,20,team2,kill,33.50
Mage+Priest+Warrior_vs_Priest+Warlock+Shaman,Mage+Priest+Warrior,Priest+Warlock+Shaman,21,team1,kill,50.05
Mage+Priest+Warrior_vs_Priest+Warlock+Shaman,Mage+Priest+Warrior,Priest+Warlock+Shaman,22,team2,kill,46.65
Mage+Priest+Warrior_vs_Priest+Warlock+Shaman,Mage+Priest+Warrior,Priest+Warlock+Shaman,23,team2,kill,40.05
Mage+Priest+Warrior_vs_Priest+Warlock+Shaman,Mage+Priest+Warrior,Priest+Warlock+Shaman,24,team1,kill,37.32
Mage+Priest+Warrior_vs_Priest+Warlock+Shaman,Mage+Priest+Warrior,Priest+Warlock+Shaman,25,team2,kill,35.22
Mage+Priest+Warrior_vs_Priest+Warlock+Shaman,Mage+Priest+Warrior,Priest+Warlock+Shaman,26,team2,kill,44.13
Mage+Priest+Warrior_vs_Priest+Warlock+Shaman,Mage+Priest+Warrior,Priest+Warlock+Shaman,27,team2,kill,38.45
Mage+Priest+Warrior_vs_Priest+Warlock+Shaman,Mage+Priest+Warrior,Priest+Warlock+Shaman,28,team1,kill,52.57
Mage+Priest+Warrior_vs_Priest+Warlock+Shaman,Mage+Priest+Warrior,Priest+Warlock+Shaman,29,team2,kill,31.88
Mage+Priest+Warrior_vs_Priest+Paladin+Hunter,Mage+Priest+Warrior,Priest+Paladin+Hunter,0,team1,kill,80.15
Mage+Priest+Warrior_vs_Priest+Paladin+Hunter,Mage+Priest+Warrior,Priest+Paladin+Hunter,1,team1,kill,86.75
Mage+Priest+Warrior_vs_Priest+Paladin+Hunter,Mage+Priest+Warrior,Priest+Paladin+Hunter,2,team1,kill,82.72
Mage+Priest+Warrior_vs_Priest+Paladin+Hunter,Mage+Priest+Warrior,Priest+Paladin+Hunter,3,team1,kill,65.98
Mage+Priest+Warrior_vs_Priest+Paladin+Hunter,Mage+Priest+Warrior,Priest+Paladin+Hunter,4,team1,kill,85.24
Mage+Priest+Warrior_vs_Priest+Paladin+Hunter,Mage+Priest+Warrior,Priest+Paladin+Hunter,5,team1,kill,77.75
Mage+Priest+Warrior_vs_Priest+Paladin+Hunter,Mage+Priest+Warrior,Priest+Paladin+Hunter,6,team1,kill,81.47
Mage+Priest+Warrior_vs_Priest+Paladin+Hunter,Mage+Priest+Warrior,Priest+Paladin+Hunter,7,team2,kill,84.19
Mage+Priest+Warrior_vs_Priest+Paladin+Hunter,Mage+Priest+Warrior,Priest+Paladin+Hunter,8,team1,kill,59.50
Mage+Priest+Warrior_vs_Priest+Paladin+Hunter,Mage+Priest+Warrior,Priest+Paladin+Hunter,9,team1,kill,75.23
Mage+Priest+Warrior_vs_Priest+Paladin+Hunter,Mage+Priest+Warrior,Priest+Paladin+Hunter,10,team1,kill,90.17
Mage+Priest+Warrior_vs_Priest+Paladin+Hunter,Mage+Priest+Warrior,Priest+Paladin+Hunter,11,team1,kill,71.27
Mage+Priest+Warrior_vs_Priest+Paladin+Hunter,Mage+Priest+Warrior,Priest+Paladin+Hunter,12,team1,kill,72.70
Mage+Priest+Warrior_vs_Priest+Paladin+Hunter,Mage+Priest+Warrior,Priest+Paladin+Hunter,13,team1,kill,78.42
Mage+Priest+Warrior_vs_Priest+Paladin+Hunter,Mage+Priest+Warrior,Priest+Paladin+Hunter,14,team1,kill,71.85
Mage+Priest+Warrior_vs_Priest+Paladin+Hunter,Mage+Priest+Warrior,Priest+Paladin+Hunter,15,team1,kill,90.24
Mage+Priest+Warrior_vs_Priest+Paladin+Hunter,Mage+Priest+Warrior,Priest+Paladin+Hunter,16,team2,kill,93.17
Mage+Priest+Warrior_vs_Priest+Paladin+Hunter,Mage+Priest+Warrior,Priest+Paladin+Hunter,17,team1,kill,84.92
Mage+Priest+Warrior_vs_Priest+Paladin+Hunter,Mage+Priest+Warrior,Priest+Paladin+Hunter,18,team1,kill,88.55
Mage+Priest+Warrior_vs_Priest+Paladin+Hunter,Mage+Priest+Warrior,Priest+Paladin+Hunter,19,team1,kill,72.72
Mage+Priest+Warrior_vs_Priest+Paladin+Hunter,Mage+Priest+Warrior,Priest+Paladin+Hunter,20,team1,kill,66.25
Mage+Priest+Warrior_vs_Priest+Paladin+Hunter,Mage+Priest+Warrior,Priest+Paladin+Hunter,21,team2,kill,100.29
Mage+Priest+Warrior_vs_Priest+Paladin+Hunter,Mage+Priest+Warrior,Priest+Paladin+Hunter,22,team1,kill,58.93
Mage+Priest+Warrior_vs_Priest+Paladin+Hunter,Mage+Priest+Warrior,Priest+Paladin+Hunter,23,team2,kill,77.60
Mage+Priest+Warrior_vs_Priest+Paladin+Hunter,Mage+Priest+Warrior,Priest+Paladin+Hunter,24,team2,kill,123.78
Mage+Priest+Warrior_vs_Priest+Paladin+Hunter,Mage+Priest+Warrior,Priest+Paladin+Hunter,25,team1,kill,128.25
Mage+Priest+Warrior_vs_Priest+Paladin+Hunter,Mage+Priest+Warrior,Priest+Paladin+Hunter,26,team1,kill,90.99
Mage+Priest+Warrior_vs_Priest+Paladin+Hunter,Mage+Priest+Warrior,Priest+Paladin+Hunter,27,team1,kill,71.18
Mage+Priest+Warrior_vs_Priest+Paladin+Hunter,Mage+Priest+Warrior,Priest+Paladin+Hunter,28,team1,kill,83.39
Mage+Priest+Warrior_vs_Priest+Paladin+Hunter,Mage+Priest+Warrior,Priest+Paladin+Hunter,29,team1,kill,79.97
Mage+Priest+Warrior_vs_Priest+Hunter+Shaman,Mage+Priest+Warrior,Priest+Hunter+Shaman,0,team2,kill,38.63
Mage+Priest+Warrior_vs_Priest+Hunter+Shaman,Mage+Priest+Warrior,Priest+Hunter+Shaman,1,team2,kill,43.67
Mage+Priest+Warrior_vs_Priest+Hunter+Shaman,Mage+Priest+Warrior,Priest+Hunter+Shaman,2,team2,kill,40.60
Mage+Priest+Warrior_vs_Priest+Hunter+Shaman,Mage+Priest+Warrior,Priest+Hunter+Shaman,3,team2,kill,40.80
Mage+Priest+Warrior_vs_Priest+Hunter+Shaman,Mage+Priest+Warrior,Priest+Hunter+Shaman,4,team2,kill,51.22
Mage+Priest+Warrior_vs_Priest+Hunter+Shaman,Mage+Priest+Warrior,Priest+Hunter+Shaman,5,team2,kill,43.30
Mage+Priest+Warrior_vs_Priest+Hunter+Shaman,Mage+Priest+Warrior,Priest+Hunter+Shaman,6,team2,kill,38.23
Mage+Priest+Warrior_vs_Priest+Hunter+Shaman,Mage+Priest+Warrior,Priest+Hunter+Shaman,7,team2,kill,43.53
Mage+Priest+Warrior_vs_Priest+Hunter+Shaman,Mage+Priest+Warrior,Priest+Hunter+Shaman,8,team2,kill,41.17
Mage+Priest+Warrior_vs_Priest+Hunter+Shaman,Mage+Priest+Warrior,Priest+Hunter+Shaman,9,team1,kill,50.80
Mage+Priest+Warrior_vs_Priest+Hunter+Shaman,Mage+Priest+Warrior,Priest+Hunter+Shaman,10,team2,kill,46.20
Mage+Priest+Warrior_vs_Priest+Hunter+Shaman,Mage+Priest+Warrior,Priest+Hunter+Shaman,11,team2,kill,48.72
Mage+Priest+Warrior_vs_Priest+Hunter+Shaman,Mage+Priest+Warrior,Priest+Hunter+Shaman,12,team2,kill,48.68
Mage+Priest+Warrior_vs_Priest+Hunter+Shaman,Mage+Priest+Warrior,Priest+Hunter+Shaman,13,team2,kill,43.68
Mage+Priest+Warrior_vs_Priest+Hunter+Shaman,Mage+Priest+Warrior,Priest+Hunter+Shaman,14,team2,kill,47.73
Mage+Priest+Warrior_vs_Priest+Hunter+Shaman,Mage+Priest+Warrior,Priest+Hunter+Shaman,15,team2,kill,43.68
Mage+Priest+Warrior_vs_Priest+Hunter+Shaman,Mage+Priest+Warrior,Priest+Hunter+Shaman,16,team2,kill,37.35
Mage+Priest+Warrior_vs_Priest+Hunter+Shaman,Mage+Priest+Warrior,Priest+Hunter+Shaman,17,team2,kill,51.98
Mage+Priest+Warrior_vs_Priest+Hunter+Shaman,Mage+Priest+Warrior,Priest+Hunter+Shaman,18,team2,kill,49.95
Mage+Priest+Warrior_vs_Priest+Hunter+Shaman,Mage+Priest+Warrior,Priest+Hunter+Shaman,19,team2,kill,43.67
Mage+Priest+Warrior_vs_Priest+Hunter+Shaman,Mage+Priest+Warrior,Priest+Hunter+Shaman,20,team2,kill,42.35
Mage+Priest+Warrior_vs_Priest+Hunter+Shaman,Mage+Priest+Warrior,Priest+Hunter+Shaman,21,team2,kill,44.72
Mage+Priest+Warrior_vs_Priest+Hunter+Shaman,Mage+Priest+Warrior,Priest+Hunter+Shaman,22,team2,kill,42.35
Mage+Priest+Warrior_vs_Priest+Hunter+Shaman,Mage+Priest+Warrior,Priest+Hunter+Shaman,23,team2,kill,44.88
Mage+Priest+Warrior_vs_Priest+Hunter+Shaman,Mage+Priest+Warrior,Priest+Hunter+Shaman,24,team2,kill,53.00
Mage+Priest+Warrior_vs_Priest+Hunter+Shaman,Mage+Priest+Warrior,Priest+Hunter+Shaman,25,team2,kill,43.68
Mage+Priest+Warrior_vs_Priest+Hunter+Shaman,Mage+Priest+Warrior,Priest+Hunter+Shaman,26,team2,kill,56.25
Mage+Priest+Warrior_vs_Priest+Hunter+Shaman,Mage+Priest+Warrior,Priest+Hunter+Shaman,27,team2,kill,43.83
Mage+Priest+Warrior_vs_Priest+Hunter+Shaman,Mage+Priest+Warrior,Priest+Hunter+Shaman,28,team2,kill,44.43
Mage+Priest+Warrior_vs_Priest+Hunter+Shaman,Mage+Priest+Warrior,Priest+Hunter+Shaman,29,team2,kill,41.40
Mage+Priest+Warrior_vs_Warlock+Paladin+Hunter,Mage+Priest+Warrior,Warlock+Paladin+Hunter,0,team2,kill,55.50
Mage+Priest+Warrior_vs_Warlock+Paladin+Hunter,Mage+Priest+Warrior,Warlock+Paladin+Hunter,1,team1,kill,58.65
Mage+Priest+Warrior_vs_Warlock+Paladin+Hunter,Mage+Priest+Warrior,Warlock+Paladin+Hunter,2,team1,kill,74.33
Mage+Priest+Warrior_vs_Warlock+Paladin+Hunter,Mage+Priest+Warrior,Warlock+Paladin+Hunter,3,team2,kill,53.87
Mage+Priest+Warrior_vs_Warlock+Paladin+Hunter,Mage+Priest+Warrior,Warlock+Paladin+Hunter,4,team1,kill,30.47
Mage+Priest+Warrior_vs_Warlock+Paladin+Hunter,Mage+Priest+Warrior,Warlock+Paladin+Hunter,5,team2,kill,55.50
Mage+Priest+Warrior_vs_Warlock+Paladin+Hunter,Mage+Priest+Warrior,Warlock+Paladin+Hunter,6,team1,kill,110.33
Mage+Priest+Warrior_vs_Warlock+Paladin+Hunter,Mage+Priest+Warrior,Warlock+Paladin+Hunter,7,team2,kill,48.70
Mage+Priest+Warrior_vs_Warlock+Paladin+Hunter,Mage+Priest+Warrior,Warlock+Paladin+Hunter,8,team2,kill,60.50
Mage+Priest+Warrior_vs_Warlock+Paladin+Hunter,Mage+Priest+Warrior,Warlock+Paladin+Hunter,9,team2,kill,73.02
Mage+Priest+Warrior_vs_Warlock+Paladin+Hunter,Mage+Priest+Warrior,Warlock+Paladin+Hunter,10,team2,kill,55.27
Mage+Priest+Warrior_vs_Warlock+Paladin+Hunter,Mage+Priest+Warrior,Warlock+Paladin+Hunter,11,team2,kill,59.93
Mage+Priest+Warrior_vs_Warlock+Paladin+Hunter,Mage+Priest+Warrior,Warlock+Paladin+Hunter,12,team2,kill,55.30
Mage+Priest+Warrior_vs_Warlock+Paladin+Hunter,Mage+Priest+Warrior,Warlock+Paladin+Hunter,13,team2,kill,71.73
Mage+Priest+Warrior_vs_Warlock+Paladin+Hunter,Mage+Priest+Warrior,Warlock+Paladin+Hunter,14,team2,kill,52.23
Mage+Priest+Warrior_vs_Warlock+Paladin+Hunter,Mage+Priest+Warrior,Warlock+Paladin+Hunter,15,team2,kill,69.73
Mage+Priest+Warrior_vs_Warlock+Paladin+Hunter,Mage+Priest+Warrior,Warlock+Paladin+Hunter,16,team1,kill,54.53
Mage+Priest+Warrior_vs_Warlock+Paladin+Hunter,Mage+Priest+Warrior,Warlock+Paladin+Hunter,17,team1,kill,60.65
Mage+Priest+Warrior_vs_Warlock+Paladin+Hunter,Mage+Priest+Warrior,Warlock+Paladin+Hunter,18,team1,kill,80.79
Mage+Priest+Warrior_vs_Warlock+Paladin+Hunter,Mage+Priest+Warrior,Warlock+Paladin+Hunter,19,team2,kill,48.82
Mage+Priest+Warrior_vs_Warlock+Paladin+Hunter,Mage+Priest+Warrior,Warlock+Paladin+Hunter,20,team2,kill,47.58
Mage+Priest+Warrior_vs_Warlock+Paladin+Hunter,Mage+Priest+Warrior,Warlock+Paladin+Hunter,21,team2,kill,50.63
Mage+Priest+Warrior_vs_Warlock+Paladin+Hunter,Mage+Priest+Warrior,Warlock+Paladin+Hunter,22,team1,kill,63.88
Mage+Priest+Warrior_vs_Warlock+Paladin+Hunter,Mage+Priest+Warrior,Warlock+Paladin+Hunter,23,team1,kill,29.97
Mage+Priest+Warrior_vs_Warlock+Paladin+Hunter,Mage+Priest+Warrior,Warlock+Paladin+Hunter,24,team2,kill,31.62
Mage+Priest+Warrior_vs_Warlock+Paladin+Hunter,Mage+Priest+Warrior,Warlock+Paladin+Hunter,25,team2,kill,96.67
Mage+Priest+Warrior_vs_Warlock+Paladin+Hunter,Mage+Priest+Warrior,Warlock+Paladin+Hunter,26,team2,kill,64.28
Mage+Priest+Warrior_vs_Warlock+Paladin+Hunter,Mage+Priest+Warrior,Warlock+Paladin+Hunter,27,team2,kill,56.22
Mage+Priest+Warrior_vs_Warlock+Paladin+Hunter,Mage+Priest+Warrior,Warlock+Paladin+Hunter,28,team1,kill,76.60
Mage+Priest+Warrior_vs_Warlock+Paladin+Hunter,Mage+Priest+Warrior,Warlock+Paladin+Hunter,29,team2,kill,51.98
Mage+Priest+Warrior_vs_Warlock+Paladin+Shaman,Mage+Priest+Warrior,Warlock+Paladin+Shaman,0,team2,kill,55.48
Mage+Priest+Warrior_vs_Warlock+Paladin+Shaman,Mage+Priest+Warrior,Warlock+Paladin+Shaman,1,team1,kill,45.17
Mage+Priest+Warrior_vs_Warlock+Paladin+Shaman,Mage+Priest+Warrior,Warlock+Paladin+Shaman,2,team1,kill,68.38
Mage+Priest+Warrior_vs_Warlock+Paladin+Shaman,Mage+Priest+Warrior,Warlock+Paladin+Shaman,3,team1,kill,65.25
Mage+Priest+Warrior_vs_Warlock+Paladin+Shaman,Mage+Priest+Warrior,Warlock+Paladin+Shaman,4,team1,kill,47.42
Mage+Priest+Warrior_vs_Warlock+Paladin+Shaman,Mage+Priest+Warrior,Warlock+Paladin+Shaman,5,team1,kill,62.35
Mage+Priest+Warrior_vs_Warlock+Paladin+Shaman,Mage+Priest+Warrior,Warlock+Paladin+Shaman,6,team2,kill,65.08
Mage+Priest+Warrior_vs_Warlock+Paladin+Shaman,Mage+Priest+Warrior,Warlock+Paladin+Shaman,7,team1,kill,50.93
Mage+Priest+Warrior_vs_Warlock+Paladin+Shaman,Mage+Priest+Warrior,Warlock+Paladin+Shaman,8,team1,kill,52.13
Mage+Priest+Warrior_vs_Warlock+Paladin+Shaman,Mage+Priest+Warrior,Warlock+Paladin+Shaman,9,team2,kill,85.74
Mage+Priest+Warrior_vs_Warlock+Paladin+Shaman,Mage+Priest+Warrior,Warlock+Paladin+Shaman,10,team2,kill,57.75
Mage+Priest+Warrior_vs_Warlock+Paladin+Shaman,Mage+Priest+Warrior,Warlock+Paladin+Shaman,11,team2,kill,64.10
Mage+Priest+Warrior_vs_Warlock+Paladin+Shaman,Mage+Priest+Warrior,Warlock+Paladin+Shaman,12,team1,kill,56.62
Mage+Priest+Warrior_vs_Warlock+Paladin+Shaman,Mage+Priest+Warrior,Warlock+Paladin+Shaman,13,team1,kill,63.57
Mage+Priest+Warrior_vs_Warlock+Paladin+Shaman,Mage+Priest+Warrior,Warlock+Paladin+Shaman,14,team1,kill,73.00
Mage+Priest+Warrior_vs_Warlock+Paladin+Shaman,Mage+Priest+Warrior,Warlock+Paladin+Shaman,15,team1,kill,65.23
Mage+Priest+Warrior_vs_Warlock+Paladin+Shaman,Mage+Priest+Warrior,Warlock+Paladin+Shaman,16,team2,kill,64.88
Mage+Priest+Warrior_vs_Warlock+Paladin+Shaman,Mage+Priest+Warrior,Warlock+Paladin+Shaman,17,team2,kill,38.85
Mage+Priest+Warrior_vs_Warlock+Paladin+Shaman,Mage+Priest+Warrior,Warlock+Paladin+Shaman,18,team2,kill,63.48
Mage+Priest+Warrior_vs_Warlock+Paladin+Shaman,Mage+Priest+Warrior,Warlock+Paladin+Shaman,19,team2,kill,53.22
Mage+Priest+Warrior_vs_Warlock+Paladin+Shaman,Mage+Priest+Warrior,Warlock+Paladin+Shaman,20,team1,kill,60.58
Mage+Priest+Warrior_vs_Warlock+Paladin+Shaman,Mage+Priest+Warrior,Warlock+Paladin+Shaman,21,team1,kill,80.99
Mage+Priest+Warrior_vs_Warlock+Paladin+Shaman,Mage+Priest+Warrior,Warlock+Paladin+Shaman,22,team1,kill,72.83
Mage+Priest+Warrior_vs_Warlock+Paladin+Shaman,Mage+Priest+Warrior,Warlock+Paladin+Shaman,23,team1,kill,61.12
Mage+Priest+Warrior_vs_Warlock+Paladin+Shaman,Mage+Priest+Warrior,Warlock+Paladin+Shaman,24,team1,kill,67.68
Mage+Priest+Warrior_vs_Warlock+Paladin+Shaman,Mage+Priest+Warrior,Warlock+Paladin+Shaman,25,team1,kill,69.22
Mage+Priest+Warrior_vs_Warlock+Paladin+Shaman,Mage+Priest+Warrior,Warlock+Paladin+Shaman,26,team1,kill,57.73
Mage+Priest+Warrior_vs_Warlock+Paladin+Shaman,Mage+Priest+Warrior,Warlock+Paladin+Shaman,27,team1,kill,91.12
Mage+Priest+Warrior_vs_Warlock+Paladin+Shaman,Mage+Priest+Warrior,Warlock+Paladin+Shaman,28,team1,kill,61.48
Mage+Priest+Warrior_vs_Warlock+Paladin+Shaman,Mage+Priest+Warrior,Warlock+Paladin+Shaman,29,team1,kill,71.78
Mage+Priest+Warrior_vs_Warlock+Hunter+Shaman,Mage+Priest+Warrior,Warlock+Hunter+Shaman,0,team1,kill,27.37
Mage+Priest+Warrior_vs_Warlock+Hunter+Shaman,Mage+Priest+Warrior,Warlock+Hunter+Shaman,1,team1,kill,28.27
Mage+Priest+Warrior_vs_Warlock+Hunter+Shaman,Mage+Priest+Warrior,Warlock+Hunter+Shaman,2,team1,kill,25.77
Mage+Priest+Warrior_vs_Warlock+Hunter+Shaman,Mage+Priest+Warrior,Warlock+Hunter+Shaman,3,team1,kill,30.38
Mage+Priest+Warrior_vs_Warlock+Hunter+Shaman,Mage+Priest+Warrior,Warlock+Hunter+Shaman,4,team1,kill,23.00
Mage+Priest+Warrior_vs_Warlock+Hunter+Shaman,Mage+Priest+Warrior,Warlock+Hunter+Shaman,5,team1,kill,28.27
Mage+Priest+Warrior_vs_Warlock+Hunter+Shaman,Mage+Priest+Warrior,Warlock+Hunter+Shaman,6,team1,kill,26.53
Mage+Priest+Warrior_vs_Warlock+Hunter+Shaman,Mage+Priest+Warrior,Warlock+Hunter+Shaman,7,team1,kill,28.05
Mage+Priest+Warrior_vs_Warlock+Hunter+Shaman,Mage+Priest+Warrior,Warlock+Hunter+Shaman,8,team1,kill,26.53
Mage+Priest+Warrior_vs_Warlock+Hunter+Shaman,Mage+Priest+Warrior,Warlock+Hunter+Shaman,9,team1,kill,25.07
Mage+Priest+Warrior_vs_Warlock+Hunter+Shaman,Mage+Priest+Warrior,Warlock+Hunter+Shaman,10,team1,kill,28.05
Mage+Priest+Warrior_vs_Warlock+Hunter+Shaman,Mage+Priest+Warrior,Warlock+Hunter+Shaman,11,team1,kill,28.05
Mage+Priest+Warrior_vs_Warlock+Hunter+Shaman,Mage+Priest+Warrior,Warlock+Hunter+Shaman,12,team1,kill,28.05
Mage+Priest+Warrior_vs_Warlock+Hunter+Shaman,Mage+Priest+Warrior,Warlock+Hunter+Shaman,13,team1,kill,26.53
Mage+Priest+Warrior_vs_Warlock+Hunter+Shaman,Mage+Priest+Warrior,Warlock+Hunter+Shaman,14,team1,kill,28.05
Mage+Priest+Warrior_vs_Warlock+Hunter+Shaman,Mage+Priest+Warrior,Warlock+Hunter+Shaman,15,team1,kill,26.47
Mage+Priest+Warrior_vs_Warlock+Hunter+Shaman,Mage+Priest+Warrior,Warlock+Hunter+Shaman,16,team1,kill,28.05
Mage+Priest+Warrior_vs_Warlock+Hunter+Shaman,Mage+Priest+Warrior,Warlock+Hunter+Shaman,17,team1,kill,23.75
Mage+Priest+Warrior_vs_Warlock+Hunter+Shaman,Mage+Priest+Warrior,Warlock+Hunter+Shaman,18,team1,kill,24.13
Mage+Priest+Warrior_vs_Warlock+Hunter+Shaman,Mage+Priest+Warrior,Warlock+Hunter+Shaman,19,team1,kill,25.00
Mage+Priest+Warrior_vs_Warlock+Hunter+Shaman,Mage+Priest+Warrior,Warlock+Hunter+Shaman,20,team1,kill,28.05
Mage+Priest+Warrior_vs_Warlock+Hunter+Shaman,Mage+Priest+Warrior,Warlock+Hunter+Shaman,21,team1,kill,28.05
Mage+Priest+Warrior_vs_Warlock+Hunter+Shaman,Mage+Priest+Warrior,Warlock+Hunter+Shaman,22,team1,kill,28.27
Mage+Priest+Warrior_vs_Warlock+Hunter+Shaman,Mage+Priest+Warrior,Warlock+Hunter+Shaman,23,team1,kill,23.00
Mage+Priest+Warrior_vs_Warlock+Hunter+Shaman,Mage+Priest+Warrior,Warlock+Hunter+Shaman,24,team1,kill,28.48
Mage+Priest+Warrior_vs_Warlock+Hunter+Shaman,Mage+Priest+Warrior,Warlock+Hunter+Shaman,25,team1,kill,26.43
Mage+Priest+Warrior_vs_Warlock+Hunter+Shaman,Mage+Priest+Warrior,Warlock+Hunter+Shaman,26,team1,kill,28.05
Mage+Priest+Warrior_vs_Warlock+Hunter+Shaman,Mage+Priest+Warrior,Warlock+Hunter+Shaman,27,team1,kill,28.05
Mage+Priest+Warrior_vs_Warlock+Hunter+Shaman,Mage+Priest+Warrior,Warlock+Hunter+Shaman,28,team1,kill,29.67
Mage+Priest+Warrior_vs_Warlock+Hunter+Shaman,Mage+Priest+Warrior,Warlock+Hunter+Shaman,29,team1,kill,28.05
Mage+Priest+Warrior_vs_Paladin+Hunter+Shaman,Mage+Priest+Warrior,Paladin+Hunter+Shaman,0,team1,kill,67.15
Mage+Priest+Warrior_vs_Paladin+Hunter+Shaman,Mage+Priest+Warrior,Paladin+Hunter+Shaman,1,team1,kill,41.10
Mage+Priest+Warrior_vs_Paladin+Hunter+Shaman,Mage+Priest+Warrior,Paladin+Hunter+Shaman,2,team1,kill,68.35
Mage+Priest+Warrior_vs_Paladin+Hunter+Shaman,Mage+Priest+Warrior,Paladin+Hunter+Shaman,3,team1,kill,60.32
Mage+Priest+Warrior_vs_Paladin+Hunter+Shaman,Mage+Priest+Warrior,Paladin+Hunter+Shaman,4,team1,kill,59.07
Mage+Priest+Warrior_vs_Paladin+Hunter+Shaman,Mage+Priest+Warrior,Paladin+Hunter+Shaman,5,team1,kill,59.10
Mage+Priest+Warrior_vs_Paladin+Hunter+Shaman,Mage+Priest+Warrior,Paladin+Hunter+Shaman,6,team1,kill,56.18
Mage+Priest+Warrior_vs_Paladin+Hunter+Shaman,Mage+Priest+Warrior,Paladin+Hunter+Shaman,7,team1,kill,58.78
Mage+Priest+Warrior_vs_Paladin+Hunter+Shaman,Mage+Priest+Warrior,Paladin+Hunter+Shaman,8,team1,kill,70.17
Mage+Priest+Warrior_vs_Paladin+Hunter+Shaman,Mage+Priest+Warrior,Paladin+Hunter+Shaman,9,team1,kill,56.33
Mage+Priest+Warrior_vs_Paladin+Hunter+Shaman,Mage+Priest+Warrior,Paladin+Hunter+Shaman,10,team1,kill,70.17
Mage+Priest+Warrior_vs_Paladin+Hunter+Shaman,Mage+Priest+Warrior,Paladin+Hunter+Shaman,11,team1,kill,64.85
Mage+Priest+Warrior_vs_Paladin+Hunter+Shaman,Mage+Priest+Warrior,Paladin+Hunter+Shaman,12,team1,kill,57.18
Mage+Priest+Warrior_vs_Paladin+Hunter+Shaman,Mage+Priest+Warrior,Paladin+Hunter+Shaman,13,team1,kill,35.03
Mage+Priest+Warrior_vs_Paladin+Hunter+Shaman,Mage+Priest+Warrior,Paladin+Hunter+Shaman,14,team1,kill,60.93
Mage+Priest+Warrior_vs_Paladin+Hunter+Shaman,Mage+Priest+Warrior,Paladin+Hunter+Shaman,15,team1,kill,42.25
Mage+Priest+Warrior_vs_Paladin+Hunter+Shaman,Mage+Priest+Warrior,Paladin+Hunter+Shaman,16,team1,kill,61.93
Mage+Priest+Warrior_vs_Paladin+Hunter+Shaman,Mage+Priest+Warrior,Paladin+Hunter+Shaman,17,team1,kill,56.73
Mage+Priest+Warrior_vs_Paladin+Hunter+Shaman,Mage+Priest+Warrior,Paladin+Hunter+Shaman,18,team1,kill,60.18
Mage+Priest+Warrior_vs_Paladin+Hunter+Shaman,Mage+Priest+Warrior,Paladin+Hunter+Shaman,19,team1,kill,60.17
Mage+Priest+Warrior_vs_Paladin+Hunter+Shaman,Mage+Priest+Warrior,Paladin+Hunter+Shaman,20,team1,kill,72.03
Mage+Priest+Warrior_vs_Paladin+Hunter+Shaman,Mage+Priest+Warrior,Paladin+Hunter+Shaman,21,team1,kill,63.08
Mage+Priest+Warrior_vs_Paladin+Hunter+Shaman,Mage+Priest+Warrior,Paladin+Hunter+Shaman,22,team1,kill,60.17
Mage+Priest+Warrior_vs_Paladin+Hunter+Shaman,Mage+Priest+Warrior,Paladin+Hunter+Shaman,23,team1,kill,47.95
Mage+Priest+Warrior_vs_Paladin+Hunter+Shaman,Mage+Priest+Warrior,Paladin+Hunter+Shaman,24,team1,kill,60.17
Mage+Priest+Warrior_vs_Paladin+Hunter+Shaman,Mage+Priest+Warrior,Paladin+Hunter+Shaman,25,team1,kill,58.95
Mage+Priest+Warrior_vs_Paladin+Hunter+Shaman,Mage+Priest+Warrior,Paladin+Hunter+Shaman,26,team2,kill,33.45
Mage+Priest+Warrior_vs_Paladin+Hunter+Shaman,Mage+Priest+Warrior,Paladin+Hunter+Shaman,27,team2,kill,34.98
Mage+Priest+Warrior_vs_Paladin+Hunter+Shaman,Mage+Priest+Warrior,Paladin+Hunter+Shaman,28,team1,kill,57.57
Mage+Priest+Warrior_vs_Paladin+Hunter+Shaman,Mage+Priest+Warrior,Paladin+Hunter+Shaman,29,team1,kill,55.20
