label,team1,team2,seed,winner,end_reason,duration_secs
BasicArena|control|Warrior+Priest_vs_Mage+Priest,Warrior+Priest,Mage+Priest,0,team2,kill,65.17
BasicArena|control|Warrior+Priest_vs_Mage+Priest,Warrior+Priest,Mage+Priest,1,team2,kill,28.33
BasicArena|control|Warrior+Priest_vs_Mage+Priest,Warrior+Priest,Mage+Priest,2,team2,kill,35.47
BasicArena|control|Warrior+Priest_vs_Mage+Priest,Warrior+Priest,Mage+Priest,3,team2,kill,36.97
BasicArena|control|Warrior+Priest_vs_Mage+Priest,Warrior+Priest,Mage+Priest,4,team2,kill,44.43
BasicArena|control|Warrior+Priest_vs_Mage+Priest,Warrior+Priest,Mage+Priest,5,team2,kill,61.57
BasicArena|control|Warrior+Priest_vs_Mage+Priest,Warrior+Priest,Mage+Priest,6,team2,kill,35.50
BasicArena|control|Warrior+Priest_vs_Mage+Priest,Warrior+Priest,Mage+Priest,7,team2,kill,40.43
BasicArena|control|Warrior+Priest_vs_Mage+Priest,Warrior+Priest,Mage+Priest,8,team2,kill,35.07
BasicArena|control|Warrior+Priest_vs_Mage+Priest,Warrior+Priest,Mage+Priest,9,team2,kill,36.50
BasicArena|control|Warrior+Priest_vs_Mage+Priest,Warrior+Priest,Mage+Priest,10,team2,kill,40.62
BasicArena|control|Warrior+Priest_vs_Mage+Priest,Warrior+Priest,Mage+Priest,11,team2,kill,39.12
BasicArena|control|Warrior+Priest_vs_Mage+Priest,Warrior+Priest,Mage+Priest,12,team2,kill,34.57
BasicArena|control|Warrior+Priest_vs_Mage+Priest,Warrior+Priest,Mage+Priest,13,team2,kill,39.37
BasicArena|control|Warrior+Priest_vs_Mage+Priest,Warrior+Priest,Mage+Priest,14,team2,kill,36.30
BasicArena|control|Warrior+Priest_vs_Mage+Priest,Warrior+Priest,Mage+Priest,15,team2,kill,43.20
BasicArena|control|Warrior+Priest_vs_Mage+Priest,Warrior+Priest,Mage+Priest,16,team2,kill,28.12
BasicArena|control|Warrior+Priest_vs_Mage+Priest,Warrior+Priest,Mage+Priest,17,team2,kill,34.92
BasicArena|control|Warrior+Priest_vs_Mage+Priest,Warrior+Priest,Mage+Priest,18,team2,kill,41.45
BasicArena|control|Warrior+Priest_vs_Mage+Priest,Warrior+Priest,Mage+Priest,19,team2,kill,36.53
BasicArena|control|Warrior+Priest_vs_Mage+Priest,Warrior+Priest,Mage+Priest,20,team2,kill,38.98
BasicArena|control|Warrior+Priest_vs_Mage+Priest,Warrior+Priest,Mage+Priest,21,team2,kill,39.60
BasicArena|control|Warrior+Priest_vs_Mage+Priest,Warrior+Priest,Mage+Priest,22,team2,kill,35.55
BasicArena|control|Warrior+Priest_vs_Mage+Priest,Warrior+Priest,Mage+Priest,23,team2,kill,40.50
BasicArena|control|Warrior+Priest_vs_Mage+Priest,Warrior+Priest,Mage+Priest,24,team1,kill,48.47
BasicArena|control|Warrior+Priest_vs_Mage+Priest,Warrior+Priest,Mage+Priest,25,team2,kill,34.48
BasicArena|control|Warrior+Priest_vs_Mage+Priest,Warrior+Priest,Mage+Priest,26,team2,kill,47.38
BasicArena|control|Warrior+Priest_vs_Mage+Priest,Warrior+Priest,Mage+Priest,27,team2,kill,64.10
BasicArena|control|Warrior+Priest_vs_Mage+Priest,Warrior+Priest,Mage+Priest,28,team2,kill,43.42
BasicArena|control|Warrior+Priest_vs_Mage+Priest,Warrior+Priest,Mage+Priest,29,team2,kill,35.50
BasicArena|control|Warrior+Priest_vs_Mage+Priest,Warrior+Priest,Mage+Priest,30,team2,kill,29.97
BasicArena|control|Warrior+Priest_vs_Mage+Priest,Warrior+Priest,Mage+Priest,31,team2,kill,40.60
BasicArena|control|Warrior+Priest_vs_Mage+Priest,Warrior+Priest,Mage+Priest,32,team2,kill,38.20
BasicArena|control|Warrior+Priest_vs_Mage+Priest,Warrior+Priest,Mage+Priest,33,team2,kill,33.40
BasicArena|control|Warrior+Priest_vs_Mage+Priest,Warrior+Priest,Mage+Priest,34,team2,kill,33.95
BasicArena|control|Warrior+Priest_vs_Mage+Priest,Warrior+Priest,Mage+Priest,35,team2,kill,31.48
BasicArena|control|Warrior+Priest_vs_Mage+Priest,Warrior+Priest,Mage+Priest,36,team2,kill,37.00
BasicArena|control|Warrior+Priest_vs_Mage+Priest,Warrior+Priest,Mage+Priest,37,team2,kill,39.22
BasicArena|control|Warrior+Priest_vs_Mage+Priest,Warrior+Priest,Mage+Priest,38,team2,kill,45.15
BasicArena|control|Warrior+Priest_vs_Mage+Priest,Warrior+Priest,Mage+Priest,39,team2,kill,33.95
BasicArena|control|Warrior+Priest_vs_Mage+Priest,Warrior+Priest,Mage+Priest,40,team2,kill,38.17
BasicArena|control|Warrior+Priest_vs_Mage+Priest,Warrior+Priest,Mage+Priest,41,team2,kill,33.80
BasicArena|control|Warrior+Priest_vs_Mage+Priest,Warrior+Priest,Mage+Priest,42,team1,kill,50.47
BasicArena|control|Warrior+Priest_vs_Mage+Priest,Warrior+Priest,Mage+Priest,43,team2,kill,59.68
BasicArena|control|Warrior+Priest_vs_Mage+Priest,Warrior+Priest,Mage+Priest,44,team2,kill,50.58
BasicArena|control|Warrior+Priest_vs_Mage+Priest,Warrior+Priest,Mage+Priest,45,team2,kill,34.48
BasicArena|control|Warrior+Priest_vs_Mage+Priest,Warrior+Priest,Mage+Priest,46,team2,kill,35.53
BasicArena|control|Warrior+Priest_vs_Mage+Priest,Warrior+Priest,Mage+Priest,47,team2,kill,35.43
BasicArena|control|Warrior+Priest_vs_Mage+Priest,Warrior+Priest,Mage+Priest,48,team2,kill,51.80
BasicArena|control|Warrior+Priest_vs_Mage+Priest,Warrior+Priest,Mage+Priest,49,team2,kill,39.23
BasicArena|control|Warrior+Priest_vs_Mage+Priest,Warrior+Priest,Mage+Priest,50,team2,kill,34.13
BasicArena|control|Warrior+Priest_vs_Mage+Priest,Warrior+Priest,Mage+Priest,51,team2,kill,35.97
BasicArena|control|Warrior+Priest_vs_Mage+Priest,Warrior+Priest,Mage+Priest,52,team2,kill,36.88
BasicArena|control|Warrior+Priest_vs_Mage+Priest,Warrior+Priest,Mage+Priest,53,team2,kill,40.63
BasicArena|control|Warrior+Priest_vs_Mage+Priest,Warrior+Priest,Mage+Priest,54,team2,kill,33.97
BasicArena|control|Warrior+Priest_vs_Mage+Priest,Warrior+Priest,Mage+Priest,55,team1,kill,48.97
BasicArena|control|Warrior+Priest_vs_Mage+Priest,Warrior+Priest,Mage+Priest,56,team1,kill,54.03
BasicArena|control|Warrior+Priest_vs_Mage+Priest,Warrior+Priest,Mage+Priest,57,team2,kill,41.03
BasicArena|control|Warrior+Priest_vs_Mage+Priest,Warrior+Priest,Mage+Priest,58,team2,kill,40.52
BasicArena|control|Warrior+Priest_vs_Mage+Priest,Warrior+Priest,Mage+Priest,59,team2,kill,39.27
BasicArena|control|Warrior+Priest_vs_Mage+Priest,Warrior+Priest,Mage+Priest,60,team2,kill,34.05
BasicArena|control|Warrior+Priest_vs_Mage+Priest,Warrior+Priest,Mage+Priest,61,team2,kill,60.82
BasicArena|control|Warrior+Priest_vs_Mage+Priest,Warrior+Priest,Mage+Priest,62,team2,kill,33.97
BasicArena|control|Warrior+Priest_vs_Mage+Priest,Warrior+Priest,Mage+Priest,63,team2,kill,51.32
BasicArena|control|Warrior+Priest_vs_Mage+Priest,Warrior+Priest,Mage+Priest,64,team2,kill,50.62
BasicArena|control|Warrior+Priest_vs_Mage+Priest,Warrior+Priest,Mage+Priest,65,team2,kill,40.98
BasicArena|control|Warrior+Priest_vs_Mage+Priest,Warrior+Priest,Mage+Priest,66,team2,kill,42.22
BasicArena|control|Warrior+Priest_vs_Mage+Priest,Warrior+Priest,Mage+Priest,67,team2,kill,40.50
BasicArena|control|Warrior+Priest_vs_Mage+Priest,Warrior+Priest,Mage+Priest,68,team2,kill,41.05
BasicArena|control|Warrior+Priest_vs_Mage+Priest,Warrior+Priest,Mage+Priest,69,team2,kill,40.92
BasicArena|control|Warrior+Priest_vs_Mage+Priest,Warrior+Priest,Mage+Priest,70,team2,kill,38.02
BasicArena|control|Warrior+Priest_vs_Mage+Priest,Warrior+Priest,Mage+Priest,71,team2,kill,75.97
BasicArena|control|Warrior+Priest_vs_Mage+Priest,Warrior+Priest,Mage+Priest,72,team2,kill,29.73
BasicArena|control|Warrior+Priest_vs_Mage+Priest,Warrior+Priest,Mage+Priest,73,team2,kill,39.37
BasicArena|control|Warrior+Priest_vs_Mage+Priest,Warrior+Priest,Mage+Priest,74,team2,kill,28.62
BasicArena|control|Warrior+Priest_vs_Mage+Priest,Warrior+Priest,Mage+Priest,75,team1,kill,45.37
BasicArena|control|Warrior+Priest_vs_Mage+Priest,Warrior+Priest,Mage+Priest,76,team2,kill,40.48
BasicArena|control|Warrior+Priest_vs_Mage+Priest,Warrior+Priest,Mage+Priest,77,team2,kill,37.12
BasicArena|control|Warrior+Priest_vs_Mage+Priest,Warrior+Priest,Mage+Priest,78,team2,kill,36.02
BasicArena|control|Warrior+Priest_vs_Mage+Priest,Warrior+Priest,Mage+Priest,79,team2,kill,50.62
BasicArena|control|Warrior+Priest_vs_Mage+Priest,Warrior+Priest,Mage+Priest,80,team1,kill,50.67
BasicArena|control|Warrior+Priest_vs_Mage+Priest,Warrior+Priest,Mage+Priest,81,team2,kill,35.95
BasicArena|control|Warrior+Priest_vs_Mage+Priest,Warrior+Priest,Mage+Priest,82,team2,kill,50.97
BasicArena|control|Warrior+Priest_vs_Mage+Priest,Warrior+Priest,Mage+Priest,83,team2,kill,34.47
BasicArena|control|Warrior+Priest_vs_Mage+Priest,Warrior+Priest,Mage+Priest,84,team2,kill,32.85
BasicArena|control|Warrior+Priest_vs_Mage+Priest,Warrior+Priest,Mage+Priest,85,team2,kill,50.65
BasicArena|control|Warrior+Priest_vs_Mage+Priest,Warrior+Priest,Mage+Priest,86,team2,kill,50.97
BasicArena|control|Warrior+Priest_vs_Mage+Priest,Warrior+Priest,Mage+Priest,87,team2,kill,34.42
BasicArena|control|Warrior+Priest_vs_Mage+Priest,Warrior+Priest,Mage+Priest,88,team2,kill,51.23
BasicArena|control|Warrior+Priest_vs_Mage+Priest,Warrior+Priest,Mage+Priest,89,team2,kill,31.35
BasicArena|control|Warrior+Priest_vs_Mage+Priest,Warrior+Priest,Mage+Priest,90,team2,kill,41.68
BasicArena|control|Warrior+Priest_vs_Mage+Priest,Warrior+Priest,Mage+Priest,91,team2,kill,34.42
BasicArena|control|Warrior+Priest_vs_Mage+Priest,Warrior+Priest,Mage+Priest,92,team2,kill,36.37
BasicArena|control|Warrior+Priest_vs_Mage+Priest,Warrior+Priest,Mage+Priest,93,team2,kill,50.62
BasicArena|control|Warrior+Priest_vs_Mage+Priest,Warrior+Priest,Mage+Priest,94,team1,kill,56.73
BasicArena|control|Warrior+Priest_vs_Mage+Priest,Warrior+Priest,Mage+Priest,95,team2,kill,64.87
BasicArena|control|Warrior+Priest_vs_Mage+Priest,Warrior+Priest,Mage+Priest,96,team2,kill,55.93
BasicArena|control|Warrior+Priest_vs_Mage+Priest,Warrior+Priest,Mage+Priest,97,team2,kill,34.43
BasicArena|control|Warrior+Priest_vs_Mage+Priest,Warrior+Priest,Mage+Priest,98,team1,kill,53.23
BasicArena|control|Warrior+Priest_vs_Mage+Priest,Warrior+Priest,Mage+Priest,99,team2,kill,32.90
BasicArena|control|Rogue+Priest_vs_Warlock+Priest,Rogue+Priest,Warlock+Priest,0,team2,kill,38.33
BasicArena|control|Rogue+Priest_vs_Warlock+Priest,Rogue+Priest,Warlock+Priest,1,team1,kill,53.55
BasicArena|control|Rogue+Priest_vs_Warlock+Priest,Rogue+Priest,Warlock+Priest,2,team1,kill,54.08
BasicArena|control|Rogue+Priest_vs_Warlock+Priest,Rogue+Priest,Warlock+Priest,3,team1,kill,47.37
BasicArena|control|Rogue+Priest_vs_Warlock+Priest,Rogue+Priest,Warlock+Priest,4,team1,kill,53.78
BasicArena|control|Rogue+Priest_vs_Warlock+Priest,Rogue+Priest,Warlock+Priest,5,team1,kill,56.17
BasicArena|control|Rogue+Priest_vs_Warlock+Priest,Rogue+Priest,Warlock+Priest,6,team1,kill,52.88
BasicArena|control|Rogue+Priest_vs_Warlock+Priest,Rogue+Priest,Warlock+Priest,7,team2,kill,49.58
BasicArena|control|Rogue+Priest_vs_Warlock+Priest,Rogue+Priest,Warlock+Priest,8,team2,kill,46.48
BasicArena|control|Rogue+Priest_vs_Warlock+Priest,Rogue+Priest,Warlock+Priest,9,team1,kill,47.35
BasicArena|control|Rogue+Priest_vs_Warlock+Priest,Rogue+Priest,Warlock+Priest,10,team1,kill,52.55
BasicArena|control|Rogue+Priest_vs_Warlock+Priest,Rogue+Priest,Warlock+Priest,11,team1,kill,52.77
BasicArena|control|Rogue+Priest_vs_Warlock+Priest,Rogue+Priest,Warlock+Priest,12,team1,kill,56.18
BasicArena|control|Rogue+Priest_vs_Warlock+Priest,Rogue+Priest,Warlock+Priest,13,team1,kill,52.32
BasicArena|control|Rogue+Priest_vs_Warlock+Priest,Rogue+Priest,Warlock+Priest,14,team1,kill,54.27
BasicArena|control|Rogue+Priest_vs_Warlock+Priest,Rogue+Priest,Warlock+Priest,15,team1,kill,54.88
BasicArena|control|Rogue+Priest_vs_Warlock+Priest,Rogue+Priest,Warlock+Priest,16,team2,kill,42.08
BasicArena|control|Rogue+Priest_vs_Warlock+Priest,Rogue+Priest,Warlock+Priest,17,team1,kill,47.37
BasicArena|control|Rogue+Priest_vs_Warlock+Priest,Rogue+Priest,Warlock+Priest,18,team2,kill,35.35
BasicArena|control|Rogue+Priest_vs_Warlock+Priest,Rogue+Priest,Warlock+Priest,19,team1,kill,52.28
BasicArena|control|Rogue+Priest_vs_Warlock+Priest,Rogue+Priest,Warlock+Priest,20,team1,kill,55.23
BasicArena|control|Rogue+Priest_vs_Warlock+Priest,Rogue+Priest,Warlock+Priest,21,team1,kill,53.48
BasicArena|control|Rogue+Priest_vs_Warlock+Priest,Rogue+Priest,Warlock+Priest,22,team1,kill,53.40
BasicArena|control|Rogue+Priest_vs_Warlock+Priest,Rogue+Priest,Warlock+Priest,23,team2,kill,51.95
BasicArena|control|Rogue+Priest_vs_Warlock+Priest,Rogue+Priest,Warlock+Priest,24,team1,kill,54.90
BasicArena|control|Rogue+Priest_vs_Warlock+Priest,Rogue+Priest,Warlock+Priest,25,team1,kill,53.10
BasicArena|control|Rogue+Priest_vs_Warlock+Priest,Rogue+Priest,Warlock+Priest,26,team1,kill,53.98
BasicArena|control|Rogue+Priest_vs_Warlock+Priest,Rogue+Priest,Warlock+Priest,27,team1,kill,52.88
BasicArena|control|Rogue+Priest_vs_Warlock+Priest,Rogue+Priest,Warlock+Priest,28,team1,kill,53.38
BasicArena|control|Rogue+Priest_vs_Warlock+Priest,Rogue+Priest,Warlock+Priest,29,team1,kill,49.37
BasicArena|control|Rogue+Priest_vs_Warlock+Priest,Rogue+Priest,Warlock+Priest,30,team1,kill,54.83
BasicArena|control|Rogue+Priest_vs_Warlock+Priest,Rogue+Priest,Warlock+Priest,31,team2,kill,40.05
BasicArena|control|Rogue+Priest_vs_Warlock+Priest,Rogue+Priest,Warlock+Priest,32,team1,kill,48.17
BasicArena|control|Rogue+Priest_vs_Warlock+Priest,Rogue+Priest,Warlock+Priest,33,team1,kill,57.93
BasicArena|control|Rogue+Priest_vs_Warlock+Priest,Rogue+Priest,Warlock+Priest,34,team1,kill,54.90
BasicArena|control|Rogue+Priest_vs_Warlock+Priest,Rogue+Priest,Warlock+Priest,35,team2,kill,38.57
BasicArena|control|Rogue+Priest_vs_Warlock+Priest,Rogue+Priest,Warlock+Priest,36,team1,kill,52.85
BasicArena|control|Rogue+Priest_vs_Warlock+Priest,Rogue+Priest,Warlock+Priest,37,team1,kill,51.45
BasicArena|control|Rogue+Priest_vs_Warlock+Priest,Rogue+Priest,Warlock+Priest,38,team1,kill,58.05
BasicArena|control|Rogue+Priest_vs_Warlock+Priest,Rogue+Priest,Warlock+Priest,39,team1,kill,49.37
BasicArena|control|Rogue+Priest_vs_Warlock+Priest,Rogue+Priest,Warlock+Priest,40,team2,kill,42.08
BasicArena|control|Rogue+Priest_vs_Warlock+Priest,Rogue+Priest,Warlock+Priest,41,team1,kill,54.77
BasicArena|control|Rogue+Priest_vs_Warlock+Priest,Rogue+Priest,Warlock+Priest,42,team1,kill,50.18
BasicArena|control|Rogue+Priest_vs_Warlock+Priest,Rogue+Priest,Warlock+Priest,43,team2,kill,40.48
BasicArena|control|Rogue+Priest_vs_Warlock+Priest,Rogue+Priest,Warlock+Priest,44,team2,kill,38.33
BasicArena|control|Rogue+Priest_vs_Warlock+Priest,Rogue+Priest,Warlock+Priest,45,team2,kill,37.18
BasicArena|control|Rogue+Priest_vs_Warlock+Priest,Rogue+Priest,Warlock+Priest,46,team2,kill,39.95
BasicArena|control|Rogue+Priest_vs_Warlock+Priest,Rogue+Priest,Warlock+Priest,47,team1,kill,53.92
BasicArena|control|Rogue+Priest_vs_Warlock+Priest,Rogue+Priest,Warlock+Priest,48,team1,kill,49.37
BasicArena|control|Rogue+Priest_vs_Warlock+Priest,Rogue+Priest,Warlock+Priest,49,team1,kill,54.15
BasicArena|control|Rogue+Priest_vs_Warlock+Priest,Rogue+Priest,Warlock+Priest,50,team1,kill,55.48
BasicArena|control|Rogue+Priest_vs_Warlock+Priest,Rogue+Priest,Warlock+Priest,51,team1,kill,51.37
BasicArena|control|Rogue+Priest_vs_Warlock+Priest,Rogue+Priest,Warlock+Priest,52,team1,kill,50.15
BasicArena|control|Rogue+Priest_vs_Warlock+Priest,Rogue+Priest,Warlock+Priest,53,team1,kill,48.92
BasicArena|control|Rogue+Priest_vs_Warlock+Priest,Rogue+Priest,Warlock+Priest,54,team1,kill,45.37
BasicArena|control|Rogue+Priest_vs_Warlock+Priest,Rogue+Priest,Warlock+Priest,55,team2,kill,45.55
BasicArena|control|Rogue+Priest_vs_Warlock+Priest,Rogue+Priest,Warlock+Priest,56,team2,kill,54.48
BasicArena|control|Rogue+Priest_vs_Warlock+Priest,Rogue+Priest,Warlock+Priest,57,team2,kill,34.80
BasicArena|control|Rogue+Priest_vs_Warlock+Priest,Rogue+Priest,Warlock+Priest,58,team1,kill,52.63
BasicArena|control|Rogue+Priest_vs_Warlock+Priest,Rogue+Priest,Warlock+Priest,59,team2,kill,54.48
BasicArena|control|Rogue+Priest_vs_Warlock+Priest,Rogue+Priest,Warlock+Priest,60,team1,kill,52.27
BasicArena|control|Rogue+Priest_vs_Warlock+Priest,Rogue+Priest,Warlock+Priest,61,team1,kill,51.37
BasicArena|control|Rogue+Priest_vs_Warlock+Priest,Rogue+Priest,Warlock+Priest,62,team2,kill,41.03
BasicArena|control|Rogue+Priest_vs_Warlock+Priest,Rogue+Priest,Warlock+Priest,63,team2,kill,35.55
BasicArena|control|Rogue+Priest_vs_Warlock+Priest,Rogue+Priest,Warlock+Priest,64,team1,kill,45.37
BasicArena|control|Rogue+Priest_vs_Warlock+Priest,Rogue+Priest,Warlock+Priest,65,team2,kill,43.78
BasicArena|control|Rogue+Priest_vs_Warlock+Priest,Rogue+Priest,Warlock+Priest,66,team2,kill,38.73
BasicArena|control|Rogue+Priest_vs_Warlock+Priest,Rogue+Priest,Warlock+Priest,67,team2,kill,35.02
BasicArena|control|Rogue+Priest_vs_Warlock+Priest,Rogue+Priest,Warlock+Priest,68,team1,kill,52.72
BasicArena|control|Rogue+Priest_vs_Warlock+Priest,Rogue+Priest,Warlock+Priest,69,team1,kill,52.35
BasicArena|control|Rogue+Priest_vs_Warlock+Priest,Rogue+Priest,Warlock+Priest,70,team1,kill,50.85
BasicArena|control|Rogue+Priest_vs_Warlock+Priest,Rogue+Priest,Warlock+Priest,71,team2,kill,57.18
BasicArena|control|Rogue+Priest_vs_Warlock+Priest,Rogue+Priest,Warlock+Priest,72,team1,kill,49.37
BasicArena|control|Rogue+Priest_vs_Warlock+Priest,Rogue+Priest,Warlock+Priest,73,team1,kill,54.85
BasicArena|control|Rogue+Priest_vs_Warlock+Priest,Rogue+Priest,Warlock+Priest,74,team1,kill,53.42
BasicArena|control|Rogue+Priest_vs_Warlock+Priest,Rogue+Priest,Warlock+Priest,75,team2,kill,38.57
BasicArena|control|Rogue+Priest_vs_Warlock+Priest,Rogue+Priest,Warlock+Priest,76,team1,kill,53.50
BasicArena|control|Rogue+Priest_vs_Warlock+Priest,Rogue+Priest,Warlock+Priest,77,team1,kill,56.42
BasicArena|control|Rogue+Priest_vs_Warlock+Priest,Rogue+Priest,Warlock+Priest,78,team1,kill,51.57
BasicArena|control|Rogue+Priest_vs_Warlock+Priest,Rogue+Priest,Warlock+Priest,79,team1,kill,53.02
BasicArena|control|Rogue+Priest_vs_Warlock+Priest,Rogue+Priest,Warlock+Priest,80,team1,kill,49.38
BasicArena|control|Rogue+Priest_vs_Warlock+Priest,Rogue+Priest,Warlock+Priest,81,team2,kill,35.87
BasicArena|control|Rogue+Priest_vs_Warlock+Priest,Rogue+Priest,Warlock+Priest,82,team1,kill,51.82
BasicArena|control|Rogue+Priest_vs_Warlock+Priest,Rogue+Priest,Warlock+Priest,83,team1,kill,54.75
BasicArena|control|Rogue+Priest_vs_Warlock+Priest,Rogue+Priest,Warlock+Priest,84,team2,kill,43.02
BasicArena|control|Rogue+Priest_vs_Warlock+Priest,Rogue+Priest,Warlock+Priest,85,team2,kill,35.42
BasicArena|control|Rogue+Priest_vs_Warlock+Priest,Rogue+Priest,Warlock+Priest,86,team1,kill,56.97
BasicArena|control|Rogue+Priest_vs_Warlock+Priest,Rogue+Priest,Warlock+Priest,87,team1,kill,51.10
BasicArena|control|Rogue+Priest_vs_Warlock+Priest,Rogue+Priest,Warlock+Priest,88,team2,kill,40.05
BasicArena|control|Rogue+Priest_vs_Warlock+Priest,Rogue+Priest,Warlock+Priest,89,team1,kill,47.55
BasicArena|control|Rogue+Priest_vs_Warlock+Priest,Rogue+Priest,Warlock+Priest,90,team1,kill,54.35
BasicArena|control|Rogue+Priest_vs_Warlock+Priest,Rogue+Priest,Warlock+Priest,91,team1,kill,47.73
BasicArena|control|Rogue+Priest_vs_Warlock+Priest,Rogue+Priest,Warlock+Priest,92,team2,kill,38.05
BasicArena|control|Rogue+Priest_vs_Warlock+Priest,Rogue+Priest,Warlock+Priest,93,team1,kill,49.65
BasicArena|control|Rogue+Priest_vs_Warlock+Priest,Rogue+Priest,Warlock+Priest,94,team1,kill,54.43
BasicArena|control|Rogue+Priest_vs_Warlock+Priest,Rogue+Priest,Warlock+Priest,95,team1,kill,59.07
BasicArena|control|Rogue+Priest_vs_Warlock+Priest,Rogue+Priest,Warlock+Priest,96,team1,kill,53.75
BasicArena|control|Rogue+Priest_vs_Warlock+Priest,Rogue+Priest,Warlock+Priest,97,team2,kill,40.17
BasicArena|control|Rogue+Priest_vs_Warlock+Priest,Rogue+Priest,Warlock+Priest,98,team2,kill,40.55
BasicArena|control|Rogue+Priest_vs_Warlock+Priest,Rogue+Priest,Warlock+Priest,99,team1,kill,52.13
BasicArena|control|Hunter+Priest_vs_Warrior+Priest,Hunter+Priest,Warrior+Priest,0,team1,kill,66.15
BasicArena|control|Hunter+Priest_vs_Warrior+Priest,Hunter+Priest,Warrior+Priest,1,team1,kill,72.03
BasicArena|control|Hunter+Priest_vs_Warrior+Priest,Hunter+Priest,Warrior+Priest,2,team1,kill,57.58
BasicArena|control|Hunter+Priest_vs_Warrior+Priest,Hunter+Priest,Warrior+Priest,3,team1,kill,69.88
BasicArena|control|Hunter+Priest_vs_Warrior+Priest,Hunter+Priest,Warrior+Priest,4,team2,kill,61.83
BasicArena|control|Hunter+Priest_vs_Warrior+Priest,Hunter+Priest,Warrior+Priest,5,team1,kill,66.43
BasicArena|control|Hunter+Priest_vs_Warrior+Priest,Hunter+Priest,Warrior+Priest,6,team1,kill,56.22
BasicArena|control|Hunter+Priest_vs_Warrior+Priest,Hunter+Priest,Warrior+Priest,7,team1,kill,48.12
BasicArena|control|Hunter+Priest_vs_Warrior+Priest,Hunter+Priest,Warrior+Priest,8,team1,kill,56.40
BasicArena|control|Hunter+Priest_vs_Warrior+Priest,Hunter+Priest,Warrior+Priest,9,team1,kill,63.73
BasicArena|control|Hunter+Priest_vs_Warrior+Priest,Hunter+Priest,Warrior+Priest,10,team1,kill,49.62
BasicArena|control|Hunter+Priest_vs_Warrior+Priest,Hunter+Priest,Warrior+Priest,11,team1,kill,69.88
BasicArena|control|Hunter+Priest_vs_Warrior+Priest,Hunter+Priest,Warrior+Priest,12,team1,kill,68.20
BasicArena|control|Hunter+Priest_vs_Warrior+Priest,Hunter+Priest,Warrior+Priest,13,team1,kill,88.72
BasicArena|control|Hunter+Priest_vs_Warrior+Priest,Hunter+Priest,Warrior+Priest,14,team1,kill,56.38
BasicArena|control|Hunter+Priest_vs_Warrior+Priest,Hunter+Priest,Warrior+Priest,15,team1,kill,52.60
BasicArena|control|Hunter+Priest_vs_Warrior+Priest,Hunter+Priest,Warrior+Priest,16,team1,kill,77.49
BasicArena|control|Hunter+Priest_vs_Warrior+Priest,Hunter+Priest,Warrior+Priest,17,team1,kill,56.20
BasicArena|control|Hunter+Priest_vs_Warrior+Priest,Hunter+Priest,Warrior+Priest,18,team1,kill,69.18
BasicArena|control|Hunter+Priest_vs_Warrior+Priest,Hunter+Priest,Warrior+Priest,19,team1,kill,56.12
BasicArena|control|Hunter+Priest_vs_Warrior+Priest,Hunter+Priest,Warrior+Priest,20,team1,kill,73.62
BasicArena|control|Hunter+Priest_vs_Warrior+Priest,Hunter+Priest,Warrior+Priest,21,team1,kill,65.90
BasicArena|control|Hunter+Priest_vs_Warrior+Priest,Hunter+Priest,Warrior+Priest,22,team1,kill,56.42
BasicArena|control|Hunter+Priest_vs_Warrior+Priest,Hunter+Priest,Warrior+Priest,23,team1,kill,56.45
BasicArena|control|Hunter+Priest_vs_Warrior+Priest,Hunter+Priest,Warrior+Priest,24,team1,kill,53.63
BasicArena|control|Hunter+Priest_vs_Warrior+Priest,Hunter+Priest,Warrior+Priest,25,team1,kill,51.65
BasicArena|control|Hunter+Priest_vs_Warrior+Priest,Hunter+Priest,Warrior+Priest,26,team1,kill,68.85
BasicArena|control|Hunter+Priest_vs_Warrior+Priest,Hunter+Priest,Warrior+Priest,27,team1,kill,53.87
BasicArena|control|Hunter+Priest_vs_Warrior+Priest,Hunter+Priest,Warrior+Priest,28,team1,kill,71.20
BasicArena|control|Hunter+Priest_vs_Warrior+Priest,Hunter+Priest,Warrior+Priest,29,team1,kill,57.82
BasicArena|control|Hunter+Priest_vs_Warrior+Priest,Hunter+Priest,Warrior+Priest,30,team1,kill,58.90
BasicArena|control|Hunter+Priest_vs_Warrior+Priest,Hunter+Priest,Warrior+Priest,31,team1,kill,58.90
BasicArena|control|Hunter+Priest_vs_Warrior+Priest,Hunter+Priest,Warrior+Priest,32,team1,kill,56.58
BasicArena|control|Hunter+Priest_vs_Warrior+Priest,Hunter+Priest,Warrior+Priest,33,team1,kill,74.47
BasicArena|control|Hunter+Priest_vs_Warrior+Priest,Hunter+Priest,Warrior+Priest,34,team2,kill,62.83
BasicArena|control|Hunter+Priest_vs_Warrior+Priest,Hunter+Priest,Warrior+Priest,35,team1,kill,56.38
BasicArena|control|Hunter+Priest_vs_Warrior+Priest,Hunter+Priest,Warrior+Priest,36,team1,kill,53.88
BasicArena|control|Hunter+Priest_vs_Warrior+Priest,Hunter+Priest,Warrior+Priest,37,team1,kill,55.25
BasicArena|control|Hunter+Priest_vs_Warrior+Priest,Hunter+Priest,Warrior+Priest,38,team1,kill,54.75
BasicArena|control|Hunter+Priest_vs_Warrior+Priest,Hunter+Priest,Warrior+Priest,39,team1,kill,63.77
BasicArena|control|Hunter+Priest_vs_Warrior+Priest,Hunter+Priest,Warrior+Priest,40,team1,kill,70.05
BasicArena|control|Hunter+Priest_vs_Warrior+Priest,Hunter+Priest,Warrior+Priest,41,team1,kill,64.63
BasicArena|control|Hunter+Priest_vs_Warrior+Priest,Hunter+Priest,Warrior+Priest,42,team1,kill,71.98
BasicArena|control|Hunter+Priest_vs_Warrior+Priest,Hunter+Priest,Warrior+Priest,43,team1,kill,63.03
BasicArena|control|Hunter+Priest_vs_Warrior+Priest,Hunter+Priest,Warrior+Priest,44,team1,kill,67.68
BasicArena|control|Hunter+Priest_vs_Warrior+Priest,Hunter+Priest,Warrior+Priest,45,team1,kill,56.18
BasicArena|control|Hunter+Priest_vs_Warrior+Priest,Hunter+Priest,Warrior+Priest,46,team1,kill,61.27
BasicArena|control|Hunter+Priest_vs_Warrior+Priest,Hunter+Priest,Warrior+Priest,47,team1,kill,71.12
BasicArena|control|Hunter+Priest_vs_Warrior+Priest,Hunter+Priest,Warrior+Priest,48,team1,kill,67.95
BasicArena|control|Hunter+Priest_vs_Warrior+Priest,Hunter+Priest,Warrior+Priest,49,team1,kill,56.18
BasicArena|control|Hunter+Priest_vs_Warrior+Priest,Hunter+Priest,Warrior+Priest,50,team2,kill,62.87
BasicArena|control|Hunter+Priest_vs_Warrior+Priest,Hunter+Priest,Warrior+Priest,51,team1,kill,71.43
BasicArena|control|Hunter+Priest_vs_Warrior+Priest,Hunter+Priest,Warrior+Priest,52,team2,kill,46.00
BasicArena|control|Hunter+Priest_vs_Warrior+Priest,Hunter+Priest,Warrior+Priest,53,team1,kill,62.02
BasicArena|control|Hunter+Priest_vs_Warrior+Priest,Hunter+Priest,Warrior+Priest,54,team1,kill,53.83
BasicArena|control|Hunter+Priest_vs_Warrior+Priest,Hunter+Priest,Warrior+Priest,55,team1,kill,70.42
BasicArena|control|Hunter+Priest_vs_Warrior+Priest,Hunter+Priest,Warrior+Priest,56,team1,kill,58.47
BasicArena|control|Hunter+Priest_vs_Warrior+Priest,Hunter+Priest,Warrior+Priest,57,team1,kill,56.40
BasicArena|control|Hunter+Priest_vs_Warrior+Priest,Hunter+Priest,Warrior+Priest,58,team1,kill,54.75
BasicArena|control|Hunter+Priest_vs_Warrior+Priest,Hunter+Priest,Warrior+Priest,59,team1,kill,71.37
BasicArena|control|Hunter+Priest_vs_Warrior+Priest,Hunter+Priest,Warrior+Priest,60,team1,kill,58.98
BasicArena|control|Hunter+Priest_vs_Warrior+Priest,Hunter+Priest,Warrior+Priest,61,team1,kill,62.88
BasicArena|control|Hunter+Priest_vs_Warrior+Priest,Hunter+Priest,Warrior+Priest,62,team1,kill,71.63
BasicArena|control|Hunter+Priest_vs_Warrior+Priest,Hunter+Priest,Warrior+Priest,63,team1,kill,61.60
BasicArena|control|Hunter+Priest_vs_Warrior+Priest,Hunter+Priest,Warrior+Priest,64,team1,kill,68.05
BasicArena|control|Hunter+Priest_vs_Warrior+Priest,Hunter+Priest,Warrior+Priest,65,team1,kill,63.82
BasicArena|control|Hunter+Priest_vs_Warrior+Priest,Hunter+Priest,Warrior+Priest,66,team1,kill,68.05
BasicArena|control|Hunter+Priest_vs_Warrior+Priest,Hunter+Priest,Warrior+Priest,67,team1,kill,77.05
BasicArena|control|Hunter+Priest_vs_Warrior+Priest,Hunter+Priest,Warrior+Priest,68,team1,kill,55.12
BasicArena|control|Hunter+Priest_vs_Warrior+Priest,Hunter+Priest,Warrior+Priest,69,team1,kill,67.28
BasicArena|control|Hunter+Priest_vs_Warrior+Priest,Hunter+Priest,Warrior+Priest,70,team1,kill,72.05
BasicArena|control|Hunter+Priest_vs_Warrior+Priest,Hunter+Priest,Warrior+Priest,71,team1,kill,59.18
BasicArena|control|Hunter+Priest_vs_Warrior+Priest,Hunter+Priest,Warrior+Priest,72,team1,kill,56.35
BasicArena|control|Hunter+Priest_vs_Warrior+Priest,Hunter+Priest,Warrior+Priest,73,team1,kill,56.58
BasicArena|control|Hunter+Priest_vs_Warrior+Priest,Hunter+Priest,Warrior+Priest,74,team1,kill,71.73
BasicArena|control|Hunter+Priest_vs_Warrior+Priest,Hunter+Priest,Warrior+Priest,75,team1,kill,68.37
BasicArena|control|Hunter+Priest_vs_Warrior+Priest,Hunter+Priest,Warrior+Priest,76,team1,kill,68.92
BasicArena|control|Hunter+Priest_vs_Warrior+Priest,Hunter+Priest,Warrior+Priest,77,team1,kill,68.68
BasicArena|control|Hunter+Priest_vs_Warrior+Priest,Hunter+Priest,Warrior+Priest,78,team1,kill,68.85
BasicArena|control|Hunter+Priest_vs_Warrior+Priest,Hunter+Priest,Warrior+Priest,79,team1,kill,62.13
BasicArena|control|Hunter+Priest_vs_Warrior+Priest,Hunter+Priest,Warrior+Priest,80,team2,kill,69.38
BasicArena|control|Hunter+Priest_vs_Warrior+Priest,Hunter+Priest,Warrior+Priest,81,team1,kill,58.63
BasicArena|control|Hunter+Priest_vs_Warrior+Priest,Hunter+Priest,Warrior+Priest,82,team1,kill,65.90
BasicArena|control|Hunter+Priest_vs_Warrior+Priest,Hunter+Priest,Warrior+Priest,83,team1,kill,73.62
BasicArena|control|Hunter+Priest_vs_Warrior+Priest,Hunter+Priest,Warrior+Priest,84,team1,kill,58.55
BasicArena|control|Hunter+Priest_vs_Warrior+Priest,Hunter+Priest,Warrior+Priest,85,team1,kill,49.60
BasicArena|control|Hunter+Priest_vs_Warrior+Priest,Hunter+Priest,Warrior+Priest,86,team1,kill,69.43
BasicArena|control|Hunter+Priest_vs_Warrior+Priest,Hunter+Priest,Warrior+Priest,87,team1,kill,65.90
BasicArena|control|Hunter+Priest_vs_Warrior+Priest,Hunter+Priest,Warrior+Priest,88,team1,kill,68.57
BasicArena|control|Hunter+Priest_vs_Warrior+Priest,Hunter+Priest,Warrior+Priest,89,team1,kill,59.05
BasicArena|control|Hunter+Priest_vs_Warrior+Priest,Hunter+Priest,Warrior+Priest,90,team1,kill,68.85
BasicArena|control|Hunter+Priest_vs_Warrior+Priest,Hunter+Priest,Warrior+Priest,91,team1,kill,69.68
BasicArena|control|Hunter+Priest_vs_Warrior+Priest,Hunter+Priest,Warrior+Priest,92,team1,kill,61.25
BasicArena|control|Hunter+Priest_vs_Warrior+Priest,Hunter+Priest,Warrior+Priest,93,team1,kill,61.15
BasicArena|control|Hunter+Priest_vs_Warrior+Priest,Hunter+Priest,Warrior+Priest,94,team1,kill,58.72
BasicArena|control|Hunter+Priest_vs_Warrior+Priest,Hunter+Priest,Warrior+Priest,95,team1,kill,63.57
BasicArena|control|Hunter+Priest_vs_Warrior+Priest,Hunter+Priest,Warrior+Priest,96,team1,kill,68.05
BasicArena|control|Hunter+Priest_vs_Warrior+Priest,Hunter+Priest,Warrior+Priest,97,team1,kill,73.50
BasicArena|control|Hunter+Priest_vs_Warrior+Priest,Hunter+Priest,Warrior+Priest,98,team1,kill,67.37
BasicArena|control|Hunter+Priest_vs_Warrior+Priest,Hunter+Priest,Warrior+Priest,99,team1,kill,66.42
BasicArena|control|Mage+Priest_vs_Rogue+Priest,Mage+Priest,Rogue+Priest,0,team1,kill,42.03
BasicArena|control|Mage+Priest_vs_Rogue+Priest,Mage+Priest,Rogue+Priest,1,team2,kill,54.33
BasicArena|control|Mage+Priest_vs_Rogue+Priest,Mage+Priest,Rogue+Priest,2,team1,kill,43.62
BasicArena|control|Mage+Priest_vs_Rogue+Priest,Mage+Priest,Rogue+Priest,3,team1,kill,43.55
BasicArena|control|Mage+Priest_vs_Rogue+Priest,Mage+Priest,Rogue+Priest,4,team1,kill,46.78
BasicArena|control|Mage+Priest_vs_Rogue+Priest,Mage+Priest,Rogue+Priest,5,team1,kill,43.55
BasicArena|control|Mage+Priest_vs_Rogue+Priest,Mage+Priest,Rogue+Priest,6,team1,kill,43.55
BasicArena|control|Mage+Priest_vs_Rogue+Priest,Mage+Priest,Rogue+Priest,7,team1,kill,40.63
BasicArena|control|Mage+Priest_vs_Rogue+Priest,Mage+Priest,Rogue+Priest,8,team2,kill,62.72
BasicArena|control|Mage+Priest_vs_Rogue+Priest,Mage+Priest,Rogue+Priest,9,team2,kill,57.20
BasicArena|control|Mage+Priest_vs_Rogue+Priest,Mage+Priest,Rogue+Priest,10,team1,kill,40.52
BasicArena|control|Mage+Priest_vs_Rogue+Priest,Mage+Priest,Rogue+Priest,11,team1,kill,44.65
BasicArena|control|Mage+Priest_vs_Rogue+Priest,Mage+Priest,Rogue+Priest,12,team1,kill,45.05
BasicArena|control|Mage+Priest_vs_Rogue+Priest,Mage+Priest,Rogue+Priest,13,team1,kill,50.38
BasicArena|control|Mage+Priest_vs_Rogue+Priest,Mage+Priest,Rogue+Priest,14,team1,kill,43.55
BasicArena|control|Mage+Priest_vs_Rogue+Priest,Mage+Priest,Rogue+Priest,15,team1,kill,44.65
BasicArena|control|Mage+Priest_vs_Rogue+Priest,Mage+Priest,Rogue+Priest,16,team1,kill,44.88
BasicArena|control|Mage+Priest_vs_Rogue+Priest,Mage+Priest,Rogue+Priest,17,team1,kill,53.75
BasicArena|control|Mage+Priest_vs_Rogue+Priest,Mage+Priest,Rogue+Priest,18,team1,kill,45.95
BasicArena|control|Mage+Priest_vs_Rogue+Priest,Mage+Priest,Rogue+Priest,19,team1,kill,42.13
BasicArena|control|Mage+Priest_vs_Rogue+Priest,Mage+Priest,Rogue+Priest,20,team2,kill,54.82
BasicArena|control|Mage+Priest_vs_Rogue+Priest,Mage+Priest,Rogue+Priest,21,team1,kill,37.78
BasicArena|control|Mage+Priest_vs_Rogue+Priest,Mage+Priest,Rogue+Priest,22,team1,kill,43.85
BasicArena|control|Mage+Priest_vs_Rogue+Priest,Mage+Priest,Rogue+Priest,23,team1,kill,61.93
BasicArena|control|Mage+Priest_vs_Rogue+Priest,Mage+Priest,Rogue+Priest,24,team2,kill,64.48
BasicArena|control|Mage+Priest_vs_Rogue+Priest,Mage+Priest,Rogue+Priest,25,team1,kill,42.52
BasicArena|control|Mage+Priest_vs_Rogue+Priest,Mage+Priest,Rogue+Priest,26,team1,kill,48.25
BasicArena|control|Mage+Priest_vs_Rogue+Priest,Mage+Priest,Rogue+Priest,27,team1,kill,55.02
BasicArena|control|Mage+Priest_vs_Rogue+Priest,Mage+Priest,Rogue+Priest,28,team1,kill,44.03
BasicArena|control|Mage+Priest_vs_Rogue+Priest,Mage+Priest,Rogue+Priest,29,team2,kill,45.18
BasicArena|control|Mage+Priest_vs_Rogue+Priest,Mage+Priest,Rogue+Priest,30,team1,kill,56.87
BasicArena|control|Mage+Priest_vs_Rogue+Priest,Mage+Priest,Rogue+Priest,31,team1,kill,42.57
BasicArena|control|Mage+Priest_vs_Rogue+Priest,Mage+Priest,Rogue+Priest,32,team1,kill,46.23
BasicArena|control|Mage+Priest_vs_Rogue+Priest,Mage+Priest,Rogue+Priest,33,team1,kill,42.07
BasicArena|control|Mage+Priest_vs_Rogue+Priest,Mage+Priest,Rogue+Priest,34,team1,kill,45.22
BasicArena|control|Mage+Priest_vs_Rogue+Priest,Mage+Priest,Rogue+Priest,35,team2,kill,55.93
BasicArena|control|Mage+Priest_vs_Rogue+Priest,Mage+Priest,Rogue+Priest,36,team1,kill,36.82
BasicArena|control|Mage+Priest_vs_Rogue+Priest,Mage+Priest,Rogue+Priest,37,team1,kill,44.38
BasicArena|control|Mage+Priest_vs_Rogue+Priest,Mage+Priest,Rogue+Priest,38,team1,kill,43.53
BasicArena|control|Mage+Priest_vs_Rogue+Priest,Mage+Priest,Rogue+Priest,39,team1,kill,44.00
BasicArena|control|Mage+Priest_vs_Rogue+Priest,Mage+Priest,Rogue+Priest,40,team1,kill,43.55
BasicArena|control|Mage+Priest_vs_Rogue+Priest,Mage+Priest,Rogue+Priest,41,team1,kill,42.03
BasicArena|control|Mage+Priest_vs_Rogue+Priest,Mage+Priest,Rogue+Priest,42,team1,kill,43.55
BasicArena|control|Mage+Priest_vs_Rogue+Priest,Mage+Priest,Rogue+Priest,43,team1,kill,45.45
BasicArena|control|Mage+Priest_vs_Rogue+Priest,Mage+Priest,Rogue+Priest,44,team1,kill,43.55
BasicArena|control|Mage+Priest_vs_Rogue+Priest,Mage+Priest,Rogue+Priest,45,team1,kill,44.03
BasicArena|control|Mage+Priest_vs_Rogue+Priest,Mage+Priest,Rogue+Priest,46,team1,kill,43.53
BasicArena|control|Mage+Priest_vs_Rogue+Priest,Mage+Priest,Rogue+Priest,47,team2,kill,53.65
BasicArena|control|Mage+Priest_vs_Rogue+Priest,Mage+Priest,Rogue+Priest,48,team1,kill,52.22
BasicArena|control|Mage+Priest_vs_Rogue+Priest,Mage+Priest,Rogue+Priest,49,team1,kill,45.65
BasicArena|control|Mage+Priest_vs_Rogue+Priest,Mage+Priest,Rogue+Priest,50,team1,kill,47.25
BasicArena|control|Mage+Priest_vs_Rogue+Priest,Mage+Priest,Rogue+Priest,51,team1,kill,48.90
BasicArena|control|Mage+Priest_vs_Rogue+Priest,Mage+Priest,Rogue+Priest,52,team1,kill,36.98
BasicArena|control|Mage+Priest_vs_Rogue+Priest,Mage+Priest,Rogue+Priest,53,team1,kill,43.53
BasicArena|control|Mage+Priest_vs_Rogue+Priest,Mage+Priest,Rogue+Priest,54,team1,kill,44.97
BasicArena|control|Mage+Priest_vs_Rogue+Priest,Mage+Priest,Rogue+Priest,55,team1,kill,43.37
BasicArena|control|Mage+Priest_vs_Rogue+Priest,Mage+Priest,Rogue+Priest,56,team2,kill,51.97
BasicArena|control|Mage+Priest_vs_Rogue+Priest,Mage+Priest,Rogue+Priest,57,team1,kill,41.43
BasicArena|control|Mage+Priest_vs_Rogue+Priest,Mage+Priest,Rogue+Priest,58,team1,kill,47.97
BasicArena|control|Mage+Priest_vs_Rogue+Priest,Mage+Priest,Rogue+Priest,59,team1,kill,43.55
BasicArena|control|Mage+Priest_vs_Rogue+Priest,Mage+Priest,Rogue+Priest,60,team1,kill,44.02
BasicArena|control|Mage+Priest_vs_Rogue+Priest,Mage+Priest,Rogue+Priest,61,team1,kill,41.60
BasicArena|control|Mage+Priest_vs_Rogue+Priest,Mage+Priest,Rogue+Priest,62,team1,kill,43.67
BasicArena|control|Mage+Priest_vs_Rogue+Priest,Mage+Priest,Rogue+Priest,63,team1,kill,43.55
BasicArena|control|Mage+Priest_vs_Rogue+Priest,Mage+Priest,Rogue+Priest,64,team1,kill,43.55
BasicArena|control|Mage+Priest_vs_Rogue+Priest,Mage+Priest,Rogue+Priest,65,team1,kill,45.50
BasicArena|control|Mage+Priest_vs_Rogue+Priest,Mage+Priest,Rogue+Priest,66,team1,kill,43.53
BasicArena|control|Mage+Priest_vs_Rogue+Priest,Mage+Priest,Rogue+Priest,67,team1,kill,62.47
BasicArena|control|Mage+Priest_vs_Rogue+Priest,Mage+Priest,Rogue+Priest,68,team1,kill,43.53
BasicArena|control|Mage+Priest_vs_Rogue+Priest,Mage+Priest,Rogue+Priest,69,team2,kill,57.58
BasicArena|control|Mage+Priest_vs_Rogue+Priest,Mage+Priest,Rogue+Priest,70,team1,kill,43.55
BasicArena|control|Mage+Priest_vs_Rogue+Priest,Mage+Priest,Rogue+Priest,71,team1,kill,42.52
BasicArena|control|Mage+Priest_vs_Rogue+Priest,Mage+Priest,Rogue+Priest,72,team2,kill,63.83
BasicArena|control|Mage+Priest_vs_Rogue+Priest,Mage+Priest,Rogue+Priest,73,team1,kill,35.78
BasicArena|control|Mage+Priest_vs_Rogue+Priest,Mage+Priest,Rogue+Priest,74,team1,kill,45.30
BasicArena|control|Mage+Priest_vs_Rogue+Priest,Mage+Priest,Rogue+Priest,75,team1,kill,45.50
BasicArena|control|Mage+Priest_vs_Rogue+Priest,Mage+Priest,Rogue+Priest,76,team2,kill,59.43
BasicArena|control|Mage+Priest_vs_Rogue+Priest,Mage+Priest,Rogue+Priest,77,team1,kill,44.88
BasicArena|control|Mage+Priest_vs_Rogue+Priest,Mage+Priest,Rogue+Priest,78,team1,kill,42.12
BasicArena|control|Mage+Priest_vs_Rogue+Priest,Mage+Priest,Rogue+Priest,79,team1,kill,42.57
BasicArena|control|Mage+Priest_vs_Rogue+Priest,Mage+Priest,Rogue+Priest,80,team1,kill,43.60
BasicArena|control|Mage+Priest_vs_Rogue+Priest,Mage+Priest,Rogue+Priest,81,team1,kill,43.55
BasicArena|control|Mage+Priest_vs_Rogue+Priest,Mage+Priest,Rogue+Priest,82,team1,kill,49.73
BasicArena|control|Mage+Priest_vs_Rogue+Priest,Mage+Priest,Rogue+Priest,83,team1,kill,43.55
BasicArena|control|Mage+Priest_vs_Rogue+Priest,Mage+Priest,Rogue+Priest,84,team1,kill,39.72
BasicArena|control|Mage+Priest_vs_Rogue+Priest,Mage+Priest,Rogue+Priest,85,team1,kill,42.08
BasicArena|control|Mage+Priest_vs_Rogue+Priest,Mage+Priest,Rogue+Priest,86,team1,kill,46.82
BasicArena|control|Mage+Priest_vs_Rogue+Priest,Mage+Priest,Rogue+Priest,87,team1,kill,42.25
BasicArena|control|Mage+Priest_vs_Rogue+Priest,Mage+Priest,Rogue+Priest,88,team1,kill,43.62
BasicArena|control|Mage+Priest_vs_Rogue+Priest,Mage+Priest,Rogue+Priest,89,team1,kill,45.32
BasicArena|control|Mage+Priest_vs_Rogue+Priest,Mage+Priest,Rogue+Priest,90,team1,kill,43.15
BasicArena|control|Mage+Priest_vs_Rogue+Priest,Mage+Priest,Rogue+Priest,91,team1,kill,43.62
BasicArena|control|Mage+Priest_vs_Rogue+Priest,Mage+Priest,Rogue+Priest,92,team1,kill,43.55
BasicArena|control|Mage+Priest_vs_Rogue+Priest,Mage+Priest,Rogue+Priest,93,team1,kill,43.55
BasicArena|control|Mage+Priest_vs_Rogue+Priest,Mage+Priest,Rogue+Priest,94,team1,kill,43.55
BasicArena|control|Mage+Priest_vs_Rogue+Priest,Mage+Priest,Rogue+Priest,95,team1,kill,43.62
BasicArena|control|Mage+Priest_vs_Rogue+Priest,Mage+Priest,Rogue+Priest,96,team1,kill,51.22
BasicArena|control|Mage+Priest_vs_Rogue+Priest,Mage+Priest,Rogue+Priest,97,team1,kill,42.23
BasicArena|control|Mage+Priest_vs_Rogue+Priest,Mage+Priest,Rogue+Priest,98,team1,kill,44.03
BasicArena|control|Mage+Priest_vs_Rogue+Priest,Mage+Priest,Rogue+Priest,99,team2,kill,58.97
BasicArena|control|Warlock+Priest_vs_Hunter+Priest,Warlock+Priest,Hunter+Priest,0,team1,kill,53.65
BasicArena|control|Warlock+Priest_vs_Hunter+Priest,Warlock+Priest,Hunter+Priest,1,team1,kill,47.58
BasicArena|control|Warlock+Priest_vs_Hunter+Priest,Warlock+Priest,Hunter+Priest,2,team1,kill,42.57
BasicArena|control|Warlock+Priest_vs_Hunter+Priest,Warlock+Priest,Hunter+Priest,3,team2,kill,190.88
BasicArena|control|Warlock+Priest_vs_Hunter+Priest,Warlock+Priest,Hunter+Priest,4,team2,kill,43.85
BasicArena|control|Warlock+Priest_vs_Hunter+Priest,Warlock+Priest,Hunter+Priest,5,team2,kill,51.40
BasicArena|control|Warlock+Priest_vs_Hunter+Priest,Warlock+Priest,Hunter+Priest,6,team1,kill,47.18
BasicArena|control|Warlock+Priest_vs_Hunter+Priest,Warlock+Priest,Hunter+Priest,7,team1,kill,50.78
BasicArena|control|Warlock+Priest_vs_Hunter+Priest,Warlock+Priest,Hunter+Priest,8,team2,kill,43.85
BasicArena|control|Warlock+Priest_vs_Hunter+Priest,Warlock+Priest,Hunter+Priest,9,team1,kill,51.57
BasicArena|control|Warlock+Priest_vs_Hunter+Priest,Warlock+Priest,Hunter+Priest,10,team2,kill,55.55
BasicArena|control|Warlock+Priest_vs_Hunter+Priest,Warlock+Priest,Hunter+Priest,11,team1,kill,50.72
BasicArena|control|Warlock+Priest_vs_Hunter+Priest,Warlock+Priest,Hunter+Priest,12,team1,kill,58.77
BasicArena|control|Warlock+Priest_vs_Hunter+Priest,Warlock+Priest,Hunter+Priest,13,team1,kill,49.88
BasicArena|control|Warlock+Priest_vs_Hunter+Priest,Warlock+Priest,Hunter+Priest,14,team1,kill,53.73
BasicArena|control|Warlock+Priest_vs_Hunter+Priest,Warlock+Priest,Hunter+Priest,15,team1,kill,61.12
BasicArena|control|Warlock+Priest_vs_Hunter+Priest,Warlock+Priest,Hunter+Priest,16,team2,kill,51.60
BasicArena|control|Warlock+Priest_vs_Hunter+Priest,Warlock+Priest,Hunter+Priest,17,team1,kill,35.72
BasicArena|control|Warlock+Priest_vs_Hunter+Priest,Warlock+Priest,Hunter+Priest,18,team1,kill,62.88
BasicArena|control|Warlock+Priest_vs_Hunter+Priest,Warlock+Priest,Hunter+Priest,19,team2,kill,56.43
BasicArena|control|Warlock+Priest_vs_Hunter+Priest,Warlock+Priest,Hunter+Priest,20,team1,kill,46.50
BasicArena|control|Warlock+Priest_vs_Hunter+Priest,Warlock+Priest,Hunter+Priest,21,team2,kill,51.40
BasicArena|control|Warlock+Priest_vs_Hunter+Priest,Warlock+Priest,Hunter+Priest,22,team1,kill,64.80
BasicArena|control|Warlock+Priest_vs_Hunter+Priest,Warlock+Priest,Hunter+Priest,23,team1,kill,39.37
BasicArena|control|Warlock+Priest_vs_Hunter+Priest,Warlock+Priest,Hunter+Priest,24,team1,kill,52.93
BasicArena|control|Warlock+Priest_vs_Hunter+Priest,Warlock+Priest,Hunter+Priest,25,team1,kill,47.62
BasicArena|control|Warlock+Priest_vs_Hunter+Priest,Warlock+Priest,Hunter+Priest,26,team1,kill,46.40
BasicArena|control|Warlock+Priest_vs_Hunter+Priest,Warlock+Priest,Hunter+Priest,27,team1,kill,226.22
BasicArena|control|Warlock+Priest_vs_Hunter+Priest,Warlock+Priest,Hunter+Priest,28,team2,kill,177.67
BasicArena|control|Warlock+Priest_vs_Hunter+Priest,Warlock+Priest,Hunter+Priest,29,team1,kill,49.58
BasicArena|control|Warlock+Priest_vs_Hunter+Priest,Warlock+Priest,Hunter+Priest,30,team1,kill,58.65
BasicArena|control|Warlock+Priest_vs_Hunter+Priest,Warlock+Priest,Hunter+Priest,31,team1,kill,41.75
BasicArena|control|Warlock+Priest_vs_Hunter+Priest,Warlock+Priest,Hunter+Priest,32,team1,kill,54.50
BasicArena|control|Warlock+Priest_vs_Hunter+Priest,Warlock+Priest,Hunter+Priest,33,team2,kill,57.87
BasicArena|control|Warlock+Priest_vs_Hunter+Priest,Warlock+Priest,Hunter+Priest,34,team1,kill,55.90
BasicArena|control|Warlock+Priest_vs_Hunter+Priest,Warlock+Priest,Hunter+Priest,35,team1,kill,44.53
BasicArena|control|Warlock+Priest_vs_Hunter+Priest,Warlock+Priest,Hunter+Priest,36,team1,kill,46.60
BasicArena|control|Warlock+Priest_vs_Hunter+Priest,Warlock+Priest,Hunter+Priest,37,team1,kill,40.27
BasicArena|control|Warlock+Priest_vs_Hunter+Priest,Warlock+Priest,Hunter+Priest,38,team1,kill,35.13
BasicArena|control|Warlock+Priest_vs_Hunter+Priest,Warlock+Priest,Hunter+Priest,39,team1,kill,50.93
BasicArena|control|Warlock+Priest_vs_Hunter+Priest,Warlock+Priest,Hunter+Priest,40,team1,kill,52.28
BasicArena|control|Warlock+Priest_vs_Hunter+Priest,Warlock+Priest,Hunter+Priest,41,team1,kill,53.13
BasicArena|control|Warlock+Priest_vs_Hunter+Priest,Warlock+Priest,Hunter+Priest,42,team2,kill,166.65
BasicArena|control|Warlock+Priest_vs_Hunter+Priest,Warlock+Priest,Hunter+Priest,43,team1,kill,42.93
BasicArena|control|Warlock+Priest_vs_Hunter+Priest,Warlock+Priest,Hunter+Priest,44,team1,kill,41.27
BasicArena|control|Warlock+Priest_vs_Hunter+Priest,Warlock+Priest,Hunter+Priest,45,team2,kill,54.38
BasicArena|control|Warlock+Priest_vs_Hunter+Priest,Warlock+Priest,Hunter+Priest,46,team1,kill,58.37
BasicArena|control|Warlock+Priest_vs_Hunter+Priest,Warlock+Priest,Hunter+Priest,47,team1,kill,47.28
BasicArena|control|Warlock+Priest_vs_Hunter+Priest,Warlock+Priest,Hunter+Priest,48,team1,kill,50.70
BasicArena|control|Warlock+Priest_vs_Hunter+Priest,Warlock+Priest,Hunter+Priest,49,team2,kill,46.37
BasicArena|control|Warlock+Priest_vs_Hunter+Priest,Warlock+Priest,Hunter+Priest,50,team1,kill,47.45
BasicArena|control|Warlock+Priest_vs_Hunter+Priest,Warlock+Priest,Hunter+Priest,51,team1,kill,57.37
BasicArena|control|Warlock+Priest_vs_Hunter+Priest,Warlock+Priest,Hunter+Priest,52,team2,kill,48.90
BasicArena|control|Warlock+Priest_vs_Hunter+Priest,Warlock+Priest,Hunter+Priest,53,team2,kill,53.17
BasicArena|control|Warlock+Priest_vs_Hunter+Priest,Warlock+Priest,Hunter+Priest,54,team1,kill,51.52
BasicArena|control|Warlock+Priest_vs_Hunter+Priest,Warlock+Priest,Hunter+Priest,55,team2,kill,45.68
BasicArena|control|Warlock+Priest_vs_Hunter+Priest,Warlock+Priest,Hunter+Priest,56,team1,kill,40.63
BasicArena|control|Warlock+Priest_vs_Hunter+Priest,Warlock+Priest,Hunter+Priest,57,team1,kill,51.25
BasicArena|control|Warlock+Priest_vs_Hunter+Priest,Warlock+Priest,Hunter+Priest,58,team2,kill,193.08
BasicArena|control|Warlock+Priest_vs_Hunter+Priest,Warlock+Priest,Hunter+Priest,59,team1,kill,46.10
BasicArena|control|Warlock+Priest_vs_Hunter+Priest,Warlock+Priest,Hunter+Priest,60,team1,kill,191.70
BasicArena|control|Warlock+Priest_vs_Hunter+Priest,Warlock+Priest,Hunter+Priest,61,team1,kill,50.72
BasicArena|control|Warlock+Priest_vs_Hunter+Priest,Warlock+Priest,Hunter+Priest,62,team2,kill,43.98
BasicArena|control|Warlock+Priest_vs_Hunter+Priest,Warlock+Priest,Hunter+Priest,63,team2,kill,56.32
BasicArena|control|Warlock+Priest_vs_Hunter+Priest,Warlock+Priest,Hunter+Priest,64,team1,kill,50.68
BasicArena|control|Warlock+Priest_vs_Hunter+Priest,Warlock+Priest,Hunter+Priest,65,team2,kill,53.93
BasicArena|control|Warlock+Priest_vs_Hunter+Priest,Warlock+Priest,Hunter+Priest,66,team1,kill,47.00
BasicArena|control|Warlock+Priest_vs_Hunter+Priest,Warlock+Priest,Hunter+Priest,67,team2,kill,51.40
BasicArena|control|Warlock+Priest_vs_Hunter+Priest,Warlock+Priest,Hunter+Priest,68,team1,kill,53.53
BasicArena|control|Warlock+Priest_vs_Hunter+Priest,Warlock+Priest,Hunter+Priest,69,team1,kill,52.20
BasicArena|control|Warlock+Priest_vs_Hunter+Priest,Warlock+Priest,Hunter+Priest,70,team1,kill,49.03
BasicArena|control|Warlock+Priest_vs_Hunter+Priest,Warlock+Priest,Hunter+Priest,71,team2,kill,46.37
BasicArena|control|Warlock+Priest_vs_Hunter+Priest,Warlock+Priest,Hunter+Priest,72,team1,kill,39.80
BasicArena|control|Warlock+Priest_vs_Hunter+Priest,Warlock+Priest,Hunter+Priest,73,team2,kill,53.92
BasicArena|control|Warlock+Priest_vs_Hunter+Priest,Warlock+Priest,Hunter+Priest,74,team2,kill,53.37
BasicArena|control|Warlock+Priest_vs_Hunter+Priest,Warlock+Priest,Hunter+Priest,75,team2,kill,46.38
BasicArena|control|Warlock+Priest_vs_Hunter+Priest,Warlock+Priest,Hunter+Priest,76,team2,kill,46.37
BasicArena|control|Warlock+Priest_vs_Hunter+Priest,Warlock+Priest,Hunter+Priest,77,team1,kill,53.73
BasicArena|control|Warlock+Priest_vs_Hunter+Priest,Warlock+Priest,Hunter+Priest,78,team2,kill,46.37
BasicArena|control|Warlock+Priest_vs_Hunter+Priest,Warlock+Priest,Hunter+Priest,79,team1,kill,47.92
BasicArena|control|Warlock+Priest_vs_Hunter+Priest,Warlock+Priest,Hunter+Priest,80,team1,kill,41.33
BasicArena|control|Warlock+Priest_vs_Hunter+Priest,Warlock+Priest,Hunter+Priest,81,team1,kill,57.85
BasicArena|control|Warlock+Priest_vs_Hunter+Priest,Warlock+Priest,Hunter+Priest,82,team1,kill,54.48
BasicArena|control|Warlock+Priest_vs_Hunter+Priest,Warlock+Priest,Hunter+Priest,83,team1,kill,56.68
BasicArena|control|Warlock+Priest_vs_Hunter+Priest,Warlock+Priest,Hunter+Priest,84,team2,kill,46.37
BasicArena|control|Warlock+Priest_vs_Hunter+Priest,Warlock+Priest,Hunter+Priest,85,team1,kill,44.08
BasicArena|control|Warlock+Priest_vs_Hunter+Priest,Warlock+Priest,Hunter+Priest,86,team1,kill,47.70
BasicArena|control|Warlock+Priest_vs_Hunter+Priest,Warlock+Priest,Hunter+Priest,87,team2,kill,51.60
BasicArena|control|Warlock+Priest_vs_Hunter+Priest,Warlock+Priest,Hunter+Priest,88,team2,kill,51.40
BasicArena|control|Warlock+Priest_vs_Hunter+Priest,Warlock+Priest,Hunter+Priest,89,team1,kill,49.85
BasicArena|control|Warlock+Priest_vs_Hunter+Priest,Warlock+Priest,Hunter+Priest,90,team2,kill,43.85
BasicArena|control|Warlock+Priest_vs_Hunter+Priest,Warlock+Priest,Hunter+Priest,91,team2,kill,72.02
BasicArena|control|Warlock+Priest_vs_Hunter+Priest,Warlock+Priest,Hunter+Priest,92,team2,kill,53.93
BasicArena|control|Warlock+Priest_vs_Hunter+Priest,Warlock+Priest,Hunter+Priest,93,team2,kill,43.85
BasicArena|control|Warlock+Priest_vs_Hunter+Priest,Warlock+Priest,Hunter+Priest,94,team2,kill,53.93
BasicArena|control|Warlock+Priest_vs_Hunter+Priest,Warlock+Priest,Hunter+Priest,95,team1,kill,36.08
BasicArena|control|Warlock+Priest_vs_Hunter+Priest,Warlock+Priest,Hunter+Priest,96,team1,kill,51.82
BasicArena|control|Warlock+Priest_vs_Hunter+Priest,Warlock+Priest,Hunter+Priest,97,team1,kill,50.72
BasicArena|control|Warlock+Priest_vs_Hunter+Priest,Warlock+Priest,Hunter+Priest,98,team2,kill,45.03
BasicArena|control|Warlock+Priest_vs_Hunter+Priest,Warlock+Priest,Hunter+Priest,99,team1,kill,48.55
BasicArena|clean|Warrior+Shaman_vs_Warrior+Priest,Warrior+Shaman,Warrior+Priest,0,team1,kill,34.03
BasicArena|clean|Warrior+Shaman_vs_Warrior+Priest,Warrior+Shaman,Warrior+Priest,1,team1,kill,37.32
BasicArena|clean|Warrior+Shaman_vs_Warrior+Priest,Warrior+Shaman,Warrior+Priest,2,team1,kill,37.88
BasicArena|clean|Warrior+Shaman_vs_Warrior+Priest,Warrior+Shaman,Warrior+Priest,3,team2,kill,38.80
BasicArena|clean|Warrior+Shaman_vs_Warrior+Priest,Warrior+Shaman,Warrior+Priest,4,team1,kill,152.97
BasicArena|clean|Warrior+Shaman_vs_Warrior+Priest,Warrior+Shaman,Warrior+Priest,5,team1,kill,31.73
BasicArena|clean|Warrior+Shaman_vs_Warrior+Priest,Warrior+Shaman,Warrior+Priest,6,team2,kill,142.43
BasicArena|clean|Warrior+Shaman_vs_Warrior+Priest,Warrior+Shaman,Warrior+Priest,7,team1,kill,34.48
BasicArena|clean|Warrior+Shaman_vs_Warrior+Priest,Warrior+Shaman,Warrior+Priest,8,team1,kill,33.10
BasicArena|clean|Warrior+Shaman_vs_Warrior+Priest,Warrior+Shaman,Warrior+Priest,9,team2,kill,37.80
BasicArena|clean|Warrior+Shaman_vs_Warrior+Priest,Warrior+Shaman,Warrior+Priest,10,team2,kill,44.52
BasicArena|clean|Warrior+Shaman_vs_Warrior+Priest,Warrior+Shaman,Warrior+Priest,11,team1,kill,35.00
BasicArena|clean|Warrior+Shaman_vs_Warrior+Priest,Warrior+Shaman,Warrior+Priest,12,team2,kill,40.68
BasicArena|clean|Warrior+Shaman_vs_Warrior+Priest,Warrior+Shaman,Warrior+Priest,13,team2,kill,37.65
BasicArena|clean|Warrior+Shaman_vs_Warrior+Priest,Warrior+Shaman,Warrior+Priest,14,team2,kill,45.62
BasicArena|clean|Warrior+Shaman_vs_Warrior+Priest,Warrior+Shaman,Warrior+Priest,15,team1,kill,41.53
BasicArena|clean|Warrior+Shaman_vs_Warrior+Priest,Warrior+Shaman,Warrior+Priest,16,team2,kill,38.55
BasicArena|clean|Warrior+Shaman_vs_Warrior+Priest,Warrior+Shaman,Warrior+Priest,17,team2,kill,37.32
BasicArena|clean|Warrior+Shaman_vs_Warrior+Priest,Warrior+Shaman,Warrior+Priest,18,team1,kill,41.17
BasicArena|clean|Warrior+Shaman_vs_Warrior+Priest,Warrior+Shaman,Warrior+Priest,19,team1,kill,39.13
BasicArena|clean|Warrior+Shaman_vs_Warrior+Priest,Warrior+Shaman,Warrior+Priest,20,team2,kill,39.47
BasicArena|clean|Warrior+Shaman_vs_Warrior+Priest,Warrior+Shaman,Warrior+Priest,21,team1,kill,35.60
BasicArena|clean|Warrior+Shaman_vs_Warrior+Priest,Warrior+Shaman,Warrior+Priest,22,team2,kill,166.45
BasicArena|clean|Warrior+Shaman_vs_Warrior+Priest,Warrior+Shaman,Warrior+Priest,23,team1,kill,146.44
BasicArena|clean|Warrior+Shaman_vs_Warrior+Priest,Warrior+Shaman,Warrior+Priest,24,team1,kill,33.12
BasicArena|clean|Warrior+Shaman_vs_Warrior+Priest,Warrior+Shaman,Warrior+Priest,25,team1,kill,33.85
BasicArena|clean|Warrior+Shaman_vs_Warrior+Priest,Warrior+Shaman,Warrior+Priest,26,team1,kill,40.82
BasicArena|clean|Warrior+Shaman_vs_Warrior+Priest,Warrior+Shaman,Warrior+Priest,27,team1,kill,39.15
BasicArena|clean|Warrior+Shaman_vs_Warrior+Priest,Warrior+Shaman,Warrior+Priest,28,team1,kill,40.47
BasicArena|clean|Warrior+Shaman_vs_Warrior+Priest,Warrior+Shaman,Warrior+Priest,29,team1,kill,33.07
BasicArena|clean|Warrior+Shaman_vs_Warrior+Priest,Warrior+Shaman,Warrior+Priest,30,team1,kill,33.80
BasicArena|clean|Warrior+Shaman_vs_Warrior+Priest,Warrior+Shaman,Warrior+Priest,31,team2,kill,35.70
BasicArena|clean|Warrior+Shaman_vs_Warrior+Priest,Warrior+Shaman,Warrior+Priest,32,team1,kill,42.08
BasicArena|clean|Warrior+Shaman_vs_Warrior+Priest,Warrior+Shaman,Warrior+Priest,33,team2,kill,164.90
BasicArena|clean|Warrior+Shaman_vs_Warrior+Priest,Warrior+Shaman,Warrior+Priest,34,team1,kill,42.95
BasicArena|clean|Warrior+Shaman_vs_Warrior+Priest,Warrior+Shaman,Warrior+Priest,35,team1,kill,34.87
BasicArena|clean|Warrior+Shaman_vs_Warrior+Priest,Warrior+Shaman,Warrior+Priest,36,team1,kill,35.18
BasicArena|clean|Warrior+Shaman_vs_Warrior+Priest,Warrior+Shaman,Warrior+Priest,37,team1,kill,32.43
BasicArena|clean|Warrior+Shaman_vs_Warrior+Priest,Warrior+Shaman,Warrior+Priest,38,team1,kill,35.77
BasicArena|clean|Warrior+Shaman_vs_Warrior+Priest,Warrior+Shaman,Warrior+Priest,39,team2,kill,43.92
BasicArena|clean|Warrior+Shaman_vs_Warrior+Priest,Warrior+Shaman,Warrior+Priest,40,team1,kill,40.47
BasicArena|clean|Warrior+Shaman_vs_Warrior+Priest,Warrior+Shaman,Warrior+Priest,41,team1,kill,34.48
BasicArena|clean|Warrior+Shaman_vs_Warrior+Priest,Warrior+Shaman,Warrior+Priest,42,team2,kill,60.37
BasicArena|clean|Warrior+Shaman_vs_Warrior+Priest,Warrior+Shaman,Warrior+Priest,43,team2,kill,44.62
BasicArena|clean|Warrior+Shaman_vs_Warrior+Priest,Warrior+Shaman,Warrior+Priest,44,team1,kill,130.46
BasicArena|clean|Warrior+Shaman_vs_Warrior+Priest,Warrior+Shaman,Warrior+Priest,45,team1,kill,32.83
BasicArena|clean|Warrior+Shaman_vs_Warrior+Priest,Warrior+Shaman,Warrior+Priest,46,team1,kill,30.80
BasicArena|clean|Warrior+Shaman_vs_Warrior+Priest,Warrior+Shaman,Warrior+Priest,47,team1,kill,33.07
BasicArena|clean|Warrior+Shaman_vs_Warrior+Priest,Warrior+Shaman,Warrior+Priest,48,team1,kill,35.18
BasicArena|clean|Warrior+Shaman_vs_Warrior+Priest,Warrior+Shaman,Warrior+Priest,49,team1,kill,40.70
BasicArena|clean|Warrior+Shaman_vs_Warrior+Priest,Warrior+Shaman,Warrior+Priest,50,team1,kill,32.52
BasicArena|clean|Warrior+Shaman_vs_Warrior+Priest,Warrior+Shaman,Warrior+Priest,51,team2,kill,46.87
BasicArena|clean|Warrior+Shaman_vs_Warrior+Priest,Warrior+Shaman,Warrior+Priest,52,team2,kill,45.23
BasicArena|clean|Warrior+Shaman_vs_Warrior+Priest,Warrior+Shaman,Warrior+Priest,53,team1,kill,40.63
BasicArena|clean|Warrior+Shaman_vs_Warrior+Priest,Warrior+Shaman,Warrior+Priest,54,team2,kill,141.03
BasicArena|clean|Warrior+Shaman_vs_Warrior+Priest,Warrior+Shaman,Warrior+Priest,55,team2,kill,53.30
BasicArena|clean|Warrior+Shaman_vs_Warrior+Priest,Warrior+Shaman,Warrior+Priest,56,team2,kill,167.90
BasicArena|clean|Warrior+Shaman_vs_Warrior+Priest,Warrior+Shaman,Warrior+Priest,57,team1,kill,34.18
BasicArena|clean|Warrior+Shaman_vs_Warrior+Priest,Warrior+Shaman,Warrior+Priest,58,team2,kill,39.22
BasicArena|clean|Warrior+Shaman_vs_Warrior+Priest,Warrior+Shaman,Warrior+Priest,59,team1,kill,32.43
BasicArena|clean|Warrior+Shaman_vs_Warrior+Priest,Warrior+Shaman,Warrior+Priest,60,team1,kill,33.07
BasicArena|clean|Warrior+Shaman_vs_Warrior+Priest,Warrior+Shaman,Warrior+Priest,61,team2,kill,158.06
BasicArena|clean|Warrior+Shaman_vs_Warrior+Priest,Warrior+Shaman,Warrior+Priest,62,team1,kill,36.25
BasicArena|clean|Warrior+Shaman_vs_Warrior+Priest,Warrior+Shaman,Warrior+Priest,63,team1,kill,42.37
BasicArena|clean|Warrior+Shaman_vs_Warrior+Priest,Warrior+Shaman,Warrior+Priest,64,team1,kill,142.18
BasicArena|clean|Warrior+Shaman_vs_Warrior+Priest,Warrior+Shaman,Warrior+Priest,65,team1,kill,40.53
BasicArena|clean|Warrior+Shaman_vs_Warrior+Priest,Warrior+Shaman,Warrior+Priest,66,team1,kill,146.87
BasicArena|clean|Warrior+Shaman_vs_Warrior+Priest,Warrior+Shaman,Warrior+Priest,67,team1,kill,42.50
BasicArena|clean|Warrior+Shaman_vs_Warrior+Priest,Warrior+Shaman,Warrior+Priest,68,team1,kill,145.18
BasicArena|clean|Warrior+Shaman_vs_Warrior+Priest,Warrior+Shaman,Warrior+Priest,69,team1,kill,34.48
BasicArena|clean|Warrior+Shaman_vs_Warrior+Priest,Warrior+Shaman,Warrior+Priest,70,team1,kill,31.73
BasicArena|clean|Warrior+Shaman_vs_Warrior+Priest,Warrior+Shaman,Warrior+Priest,71,team1,kill,44.12
BasicArena|clean|Warrior+Shaman_vs_Warrior+Priest,Warrior+Shaman,Warrior+Priest,72,team2,kill,37.80
BasicArena|clean|Warrior+Shaman_vs_Warrior+Priest,Warrior+Shaman,Warrior+Priest,73,team2,kill,168.24
BasicArena|clean|Warrior+Shaman_vs_Warrior+Priest,Warrior+Shaman,Warrior+Priest,74,team2,kill,178.45
BasicArena|clean|Warrior+Shaman_vs_Warrior+Priest,Warrior+Shaman,Warrior+Priest,75,team1,kill,32.83
BasicArena|clean|Warrior+Shaman_vs_Warrior+Priest,Warrior+Shaman,Warrior+Priest,76,team1,kill,43.50
BasicArena|clean|Warrior+Shaman_vs_Warrior+Priest,Warrior+Shaman,Warrior+Priest,77,team1,kill,32.20
BasicArena|clean|Warrior+Shaman_vs_Warrior+Priest,Warrior+Shaman,Warrior+Priest,78,team2,kill,37.77
BasicArena|clean|Warrior+Shaman_vs_Warrior+Priest,Warrior+Shaman,Warrior+Priest,79,team1,kill,40.83
BasicArena|clean|Warrior+Shaman_vs_Warrior+Priest,Warrior+Shaman,Warrior+Priest,80,team2,kill,168.32
BasicArena|clean|Warrior+Shaman_vs_Warrior+Priest,Warrior+Shaman,Warrior+Priest,81,team1,kill,31.73
BasicArena|clean|Warrior+Shaman_vs_Warrior+Priest,Warrior+Shaman,Warrior+Priest,82,team2,kill,44.77
BasicArena|clean|Warrior+Shaman_vs_Warrior+Priest,Warrior+Shaman,Warrior+Priest,83,team1,kill,39.13
BasicArena|clean|Warrior+Shaman_vs_Warrior+Priest,Warrior+Shaman,Warrior+Priest,84,team2,kill,120.88
BasicArena|clean|Warrior+Shaman_vs_Warrior+Priest,Warrior+Shaman,Warrior+Priest,85,team2,kill,113.98
BasicArena|clean|Warrior+Shaman_vs_Warrior+Priest,Warrior+Shaman,Warrior+Priest,86,team2,kill,40.83
BasicArena|clean|Warrior+Shaman_vs_Warrior+Priest,Warrior+Shaman,Warrior+Priest,87,team2,kill,43.87
BasicArena|clean|Warrior+Shaman_vs_Warrior+Priest,Warrior+Shaman,Warrior+Priest,88,team1,kill,35.77
BasicArena|clean|Warrior+Shaman_vs_Warrior+Priest,Warrior+Shaman,Warrior+Priest,89,team1,kill,139.06
BasicArena|clean|Warrior+Shaman_vs_Warrior+Priest,Warrior+Shaman,Warrior+Priest,90,team1,kill,35.18
BasicArena|clean|Warrior+Shaman_vs_Warrior+Priest,Warrior+Shaman,Warrior+Priest,91,team2,kill,100.16
BasicArena|clean|Warrior+Shaman_vs_Warrior+Priest,Warrior+Shaman,Warrior+Priest,92,team1,kill,36.07
BasicArena|clean|Warrior+Shaman_vs_Warrior+Priest,Warrior+Shaman,Warrior+Priest,93,team2,kill,37.80
BasicArena|clean|Warrior+Shaman_vs_Warrior+Priest,Warrior+Shaman,Warrior+Priest,94,team1,kill,38.83
BasicArena|clean|Warrior+Shaman_vs_Warrior+Priest,Warrior+Shaman,Warrior+Priest,95,team2,kill,139.23
BasicArena|clean|Warrior+Shaman_vs_Warrior+Priest,Warrior+Shaman,Warrior+Priest,96,team2,kill,41.70
BasicArena|clean|Warrior+Shaman_vs_Warrior+Priest,Warrior+Shaman,Warrior+Priest,97,team1,kill,124.18
BasicArena|clean|Warrior+Shaman_vs_Warrior+Priest,Warrior+Shaman,Warrior+Priest,98,team1,kill,147.57
BasicArena|clean|Warrior+Shaman_vs_Warrior+Priest,Warrior+Shaman,Warrior+Priest,99,team1,kill,32.57
BasicArena|clean|Mage+Shaman_vs_Mage+Priest,Mage+Shaman,Mage+Priest,0,team1,kill,84.09
BasicArena|clean|Mage+Shaman_vs_Mage+Priest,Mage+Shaman,Mage+Priest,1,team2,kill,62.42
BasicArena|clean|Mage+Shaman_vs_Mage+Priest,Mage+Shaman,Mage+Priest,2,team2,kill,73.72
BasicArena|clean|Mage+Shaman_vs_Mage+Priest,Mage+Shaman,Mage+Priest,3,team2,kill,81.04
BasicArena|clean|Mage+Shaman_vs_Mage+Priest,Mage+Shaman,Mage+Priest,4,team2,kill,31.02
BasicArena|clean|Mage+Shaman_vs_Mage+Priest,Mage+Shaman,Mage+Priest,5,team2,kill,43.92
BasicArena|clean|Mage+Shaman_vs_Mage+Priest,Mage+Shaman,Mage+Priest,6,team2,kill,35.23
BasicArena|clean|Mage+Shaman_vs_Mage+Priest,Mage+Shaman,Mage+Priest,7,team2,kill,29.07
BasicArena|clean|Mage+Shaman_vs_Mage+Priest,Mage+Shaman,Mage+Priest,8,team2,kill,28.57
BasicArena|clean|Mage+Shaman_vs_Mage+Priest,Mage+Shaman,Mage+Priest,9,team1,kill,46.97
BasicArena|clean|Mage+Shaman_vs_Mage+Priest,Mage+Shaman,Mage+Priest,10,team2,kill,20.82
BasicArena|clean|Mage+Shaman_vs_Mage+Priest,Mage+Shaman,Mage+Priest,11,team1,kill,63.08
BasicArena|clean|Mage+Shaman_vs_Mage+Priest,Mage+Shaman,Mage+Priest,12,team2,kill,32.50
BasicArena|clean|Mage+Shaman_vs_Mage+Priest,Mage+Shaman,Mage+Priest,13,team2,kill,37.82
BasicArena|clean|Mage+Shaman_vs_Mage+Priest,Mage+Shaman,Mage+Priest,14,team2,kill,29.50
BasicArena|clean|Mage+Shaman_vs_Mage+Priest,Mage+Shaman,Mage+Priest,15,team1,kill,38.05
BasicArena|clean|Mage+Shaman_vs_Mage+Priest,Mage+Shaman,Mage+Priest,16,team2,kill,34.08
BasicArena|clean|Mage+Shaman_vs_Mage+Priest,Mage+Shaman,Mage+Priest,17,team1,kill,30.40
BasicArena|clean|Mage+Shaman_vs_Mage+Priest,Mage+Shaman,Mage+Priest,18,team2,kill,67.25
BasicArena|clean|Mage+Shaman_vs_Mage+Priest,Mage+Shaman,Mage+Priest,19,team1,kill,40.18
BasicArena|clean|Mage+Shaman_vs_Mage+Priest,Mage+Shaman,Mage+Priest,20,team1,kill,30.87
BasicArena|clean|Mage+Shaman_vs_Mage+Priest,Mage+Shaman,Mage+Priest,21,team1,kill,31.97
BasicArena|clean|Mage+Shaman_vs_Mage+Priest,Mage+Shaman,Mage+Priest,22,team2,kill,61.10
BasicArena|clean|Mage+Shaman_vs_Mage+Priest,Mage+Shaman,Mage+Priest,23,team1,kill,28.48
BasicArena|clean|Mage+Shaman_vs_Mage+Priest,Mage+Shaman,Mage+Priest,24,team1,kill,47.95
BasicArena|clean|Mage+Shaman_vs_Mage+Priest,Mage+Shaman,Mage+Priest,25,team2,kill,72.48
BasicArena|clean|Mage+Shaman_vs_Mage+Priest,Mage+Shaman,Mage+Priest,26,team2,kill,31.10
BasicArena|clean|Mage+Shaman_vs_Mage+Priest,Mage+Shaman,Mage+Priest,27,team1,kill,39.07
BasicArena|clean|Mage+Shaman_vs_Mage+Priest,Mage+Shaman,Mage+Priest,28,team2,kill,60.97
BasicArena|clean|Mage+Shaman_vs_Mage+Priest,Mage+Shaman,Mage+Priest,29,team2,kill,154.34
BasicArena|clean|Mage+Shaman_vs_Mage+Priest,Mage+Shaman,Mage+Priest,30,team2,kill,21.87
BasicArena|clean|Mage+Shaman_vs_Mage+Priest,Mage+Shaman,Mage+Priest,31,team1,kill,29.08
BasicArena|clean|Mage+Shaman_vs_Mage+Priest,Mage+Shaman,Mage+Priest,32,team2,kill,44.08
BasicArena|clean|Mage+Shaman_vs_Mage+Priest,Mage+Shaman,Mage+Priest,33,team2,kill,28.20
BasicArena|clean|Mage+Shaman_vs_Mage+Priest,Mage+Shaman,Mage+Priest,34,team1,kill,30.58
BasicArena|clean|Mage+Shaman_vs_Mage+Priest,Mage+Shaman,Mage+Priest,35,team2,kill,35.47
BasicArena|clean|Mage+Shaman_vs_Mage+Priest,Mage+Shaman,Mage+Priest,36,team2,kill,26.10
BasicArena|clean|Mage+Shaman_vs_Mage+Priest,Mage+Shaman,Mage+Priest,37,team2,kill,69.55
BasicArena|clean|Mage+Shaman_vs_Mage+Priest,Mage+Shaman,Mage+Priest,38,team1,kill,25.35
BasicArena|clean|Mage+Shaman_vs_Mage+Priest,Mage+Shaman,Mage+Priest,39,team2,kill,19.57
BasicArena|clean|Mage+Shaman_vs_Mage+Priest,Mage+Shaman,Mage+Priest,40,team1,kill,81.97
BasicArena|clean|Mage+Shaman_vs_Mage+Priest,Mage+Shaman,Mage+Priest,41,team2,kill,24.88
BasicArena|clean|Mage+Shaman_vs_Mage+Priest,Mage+Shaman,Mage+Priest,42,team2,kill,178.22
BasicArena|clean|Mage+Shaman_vs_Mage+Priest,Mage+Shaman,Mage+Priest,43,team2,kill,54.25
BasicArena|clean|Mage+Shaman_vs_Mage+Priest,Mage+Shaman,Mage+Priest,44,team2,kill,32.87
BasicArena|clean|Mage+Shaman_vs_Mage+Priest,Mage+Shaman,Mage+Priest,45,team1,kill,29.95
BasicArena|clean|Mage+Shaman_vs_Mage+Priest,Mage+Shaman,Mage+Priest,46,team1,kill,21.28
BasicArena|clean|Mage+Shaman_vs_Mage+Priest,Mage+Shaman,Mage+Priest,47,team2,kill,37.70
BasicArena|clean|Mage+Shaman_vs_Mage+Priest,Mage+Shaman,Mage+Priest,48,team1,kill,33.63
BasicArena|clean|Mage+Shaman_vs_Mage+Priest,Mage+Shaman,Mage+Priest,49,team1,kill,51.52
BasicArena|clean|Mage+Shaman_vs_Mage+Priest,Mage+Shaman,Mage+Priest,50,team2,kill,45.23
BasicArena|clean|Mage+Shaman_vs_Mage+Priest,Mage+Shaman,Mage+Priest,51,team2,kill,47.00
BasicArena|clean|Mage+Shaman_vs_Mage+Priest,Mage+Shaman,Mage+Priest,52,team1,kill,31.78
BasicArena|clean|Mage+Shaman_vs_Mage+Priest,Mage+Shaman,Mage+Priest,53,team2,kill,61.13
BasicArena|clean|Mage+Shaman_vs_Mage+Priest,Mage+Shaman,Mage+Priest,54,team2,kill,22.72
BasicArena|clean|Mage+Shaman_vs_Mage+Priest,Mage+Shaman,Mage+Priest,55,team2,kill,25.17
BasicArena|clean|Mage+Shaman_vs_Mage+Priest,Mage+Shaman,Mage+Priest,56,team2,kill,41.13
BasicArena|clean|Mage+Shaman_vs_Mage+Priest,Mage+Shaman,Mage+Priest,57,team1,kill,39.80
BasicArena|clean|Mage+Shaman_vs_Mage+Priest,Mage+Shaman,Mage+Priest,58,team2,kill,61.05
BasicArena|clean|Mage+Shaman_vs_Mage+Priest,Mage+Shaman,Mage+Priest,59,team2,kill,74.07
BasicArena|clean|Mage+Shaman_vs_Mage+Priest,Mage+Shaman,Mage+Priest,60,team2,kill,51.12
BasicArena|clean|Mage+Shaman_vs_Mage+Priest,Mage+Shaman,Mage+Priest,61,team2,kill,29.30
BasicArena|clean|Mage+Shaman_vs_Mage+Priest,Mage+Shaman,Mage+Priest,62,team2,kill,71.10
BasicArena|clean|Mage+Shaman_vs_Mage+Priest,Mage+Shaman,Mage+Priest,63,team1,kill,32.43
BasicArena|clean|Mage+Shaman_vs_Mage+Priest,Mage+Shaman,Mage+Priest,64,team2,kill,27.82
BasicArena|clean|Mage+Shaman_vs_Mage+Priest,Mage+Shaman,Mage+Priest,65,team2,kill,57.95
BasicArena|clean|Mage+Shaman_vs_Mage+Priest,Mage+Shaman,Mage+Priest,66,team1,kill,19.38
BasicArena|clean|Mage+Shaman_vs_Mage+Priest,Mage+Shaman,Mage+Priest,67,team2,kill,56.15
BasicArena|clean|Mage+Shaman_vs_Mage+Priest,Mage+Shaman,Mage+Priest,68,team2,kill,30.78
BasicArena|clean|Mage+Shaman_vs_Mage+Priest,Mage+Shaman,Mage+Priest,69,team1,kill,22.53
BasicArena|clean|Mage+Shaman_vs_Mage+Priest,Mage+Shaman,Mage+Priest,70,team2,kill,62.07
BasicArena|clean|Mage+Shaman_vs_Mage+Priest,Mage+Shaman,Mage+Priest,71,team2,kill,67.47
BasicArena|clean|Mage+Shaman_vs_Mage+Priest,Mage+Shaman,Mage+Priest,72,team1,kill,27.32
BasicArena|clean|Mage+Shaman_vs_Mage+Priest,Mage+Shaman,Mage+Priest,73,team2,kill,34.18
BasicArena|clean|Mage+Shaman_vs_Mage+Priest,Mage+Shaman,Mage+Priest,74,team2,kill,28.10
BasicArena|clean|Mage+Shaman_vs_Mage+Priest,Mage+Shaman,Mage+Priest,75,team2,kill,72.37
BasicArena|clean|Mage+Shaman_vs_Mage+Priest,Mage+Shaman,Mage+Priest,76,team2,kill,60.98
BasicArena|clean|Mage+Shaman_vs_Mage+Priest,Mage+Shaman,Mage+Priest,77,team1,kill,39.75
BasicArena|clean|Mage+Shaman_vs_Mage+Priest,Mage+Shaman,Mage+Priest,78,team1,kill,46.57
BasicArena|clean|Mage+Shaman_vs_Mage+Priest,Mage+Shaman,Mage+Priest,79,team1,kill,20.88
BasicArena|clean|Mage+Shaman_vs_Mage+Priest,Mage+Shaman,Mage+Priest,80,team1,kill,29.08
BasicArena|clean|Mage+Shaman_vs_Mage+Priest,Mage+Shaman,Mage+Priest,81,team2,kill,66.30
BasicArena|clean|Mage+Shaman_vs_Mage+Priest,Mage+Shaman,Mage+Priest,82,team2,kill,33.88
BasicArena|clean|Mage+Shaman_vs_Mage+Priest,Mage+Shaman,Mage+Priest,83,team2,kill,62.00
BasicArena|clean|Mage+Shaman_vs_Mage+Priest,Mage+Shaman,Mage+Priest,84,team1,kill,34.48
BasicArena|clean|Mage+Shaman_vs_Mage+Priest,Mage+Shaman,Mage+Priest,85,team1,kill,29.98
BasicArena|clean|Mage+Shaman_vs_Mage+Priest,Mage+Shaman,Mage+Priest,86,team1,kill,36.13
BasicArena|clean|Mage+Shaman_vs_Mage+Priest,Mage+Shaman,Mage+Priest,87,team2,kill,81.05
BasicArena|clean|Mage+Shaman_vs_Mage+Priest,Mage+Shaman,Mage+Priest,88,team2,kill,81.14
BasicArena|clean|Mage+Shaman_vs_Mage+Priest,Mage+Shaman,Mage+Priest,89,team2,kill,41.13
BasicArena|clean|Mage+Shaman_vs_Mage+Priest,Mage+Shaman,Mage+Priest,90,team1,kill,29.13
BasicArena|clean|Mage+Shaman_vs_Mage+Priest,Mage+Shaman,Mage+Priest,91,team2,kill,32.12
BasicArena|clean|Mage+Shaman_vs_Mage+Priest,Mage+Shaman,Mage+Priest,92,team1,kill,29.92
BasicArena|clean|Mage+Shaman_vs_Mage+Priest,Mage+Shaman,Mage+Priest,93,team2,kill,26.07
BasicArena|clean|Mage+Shaman_vs_Mage+Priest,Mage+Shaman,Mage+Priest,94,team1,kill,34.78
BasicArena|clean|Mage+Shaman_vs_Mage+Priest,Mage+Shaman,Mage+Priest,95,team2,kill,26.58
BasicArena|clean|Mage+Shaman_vs_Mage+Priest,Mage+Shaman,Mage+Priest,96,team1,kill,26.93
BasicArena|clean|Mage+Shaman_vs_Mage+Priest,Mage+Shaman,Mage+Priest,97,team2,kill,73.65
BasicArena|clean|Mage+Shaman_vs_Mage+Priest,Mage+Shaman,Mage+Priest,98,team1,kill,59.62
BasicArena|clean|Mage+Shaman_vs_Mage+Priest,Mage+Shaman,Mage+Priest,99,team1,kill,32.50
BasicArena|clean|Rogue+Shaman_vs_Rogue+Priest,Rogue+Shaman,Rogue+Priest,0,team1,kill,30.02
BasicArena|clean|Rogue+Shaman_vs_Rogue+Priest,Rogue+Shaman,Rogue+Priest,1,team1,kill,27.13
BasicArena|clean|Rogue+Shaman_vs_Rogue+Priest,Rogue+Shaman,Rogue+Priest,2,team1,kill,32.13
BasicArena|clean|Rogue+Shaman_vs_Rogue+Priest,Rogue+Shaman,Rogue+Priest,3,team2,kill,27.47
BasicArena|clean|Rogue+Shaman_vs_Rogue+Priest,Rogue+Shaman,Rogue+Priest,4,team1,kill,29.02
BasicArena|clean|Rogue+Shaman_vs_Rogue+Priest,Rogue+Shaman,Rogue+Priest,5,team1,kill,31.58
BasicArena|clean|Rogue+Shaman_vs_Rogue+Priest,Rogue+Shaman,Rogue+Priest,6,team1,kill,30.63
BasicArena|clean|Rogue+Shaman_vs_Rogue+Priest,Rogue+Shaman,Rogue+Priest,7,team1,kill,27.98
BasicArena|clean|Rogue+Shaman_vs_Rogue+Priest,Rogue+Shaman,Rogue+Priest,8,team1,kill,29.20
BasicArena|clean|Rogue+Shaman_vs_Rogue+Priest,Rogue+Shaman,Rogue+Priest,9,team1,kill,30.02
BasicArena|clean|Rogue+Shaman_vs_Rogue+Priest,Rogue+Shaman,Rogue+Priest,10,team1,kill,30.38
BasicArena|clean|Rogue+Shaman_vs_Rogue+Priest,Rogue+Shaman,Rogue+Priest,11,team1,kill,29.10
BasicArena|clean|Rogue+Shaman_vs_Rogue+Priest,Rogue+Shaman,Rogue+Priest,12,team1,kill,28.77
BasicArena|clean|Rogue+Shaman_vs_Rogue+Priest,Rogue+Shaman,Rogue+Priest,13,team1,kill,27.20
BasicArena|clean|Rogue+Shaman_vs_Rogue+Priest,Rogue+Shaman,Rogue+Priest,14,draw,kill,30.38
BasicArena|clean|Rogue+Shaman_vs_Rogue+Priest,Rogue+Shaman,Rogue+Priest,15,team1,kill,29.30
BasicArena|clean|Rogue+Shaman_vs_Rogue+Priest,Rogue+Shaman,Rogue+Priest,16,team1,kill,27.68
BasicArena|clean|Rogue+Shaman_vs_Rogue+Priest,Rogue+Shaman,Rogue+Priest,17,team1,kill,25.62
BasicArena|clean|Rogue+Shaman_vs_Rogue+Priest,Rogue+Shaman,Rogue+Priest,18,team1,kill,32.13
BasicArena|clean|Rogue+Shaman_vs_Rogue+Priest,Rogue+Shaman,Rogue+Priest,19,team1,kill,29.33
BasicArena|clean|Rogue+Shaman_vs_Rogue+Priest,Rogue+Shaman,Rogue+Priest,20,team1,kill,27.97
BasicArena|clean|Rogue+Shaman_vs_Rogue+Priest,Rogue+Shaman,Rogue+Priest,21,team2,kill,31.58
BasicArena|clean|Rogue+Shaman_vs_Rogue+Priest,Rogue+Shaman,Rogue+Priest,22,team1,kill,28.92
BasicArena|clean|Rogue+Shaman_vs_Rogue+Priest,Rogue+Shaman,Rogue+Priest,23,team2,kill,28.45
BasicArena|clean|Rogue+Shaman_vs_Rogue+Priest,Rogue+Shaman,Rogue+Priest,24,team1,kill,30.47
BasicArena|clean|Rogue+Shaman_vs_Rogue+Priest,Rogue+Shaman,Rogue+Priest,25,team1,kill,30.00
BasicArena|clean|Rogue+Shaman_vs_Rogue+Priest,Rogue+Shaman,Rogue+Priest,26,team1,kill,30.18
BasicArena|clean|Rogue+Shaman_vs_Rogue+Priest,Rogue+Shaman,Rogue+Priest,27,team2,kill,30.30
BasicArena|clean|Rogue+Shaman_vs_Rogue+Priest,Rogue+Shaman,Rogue+Priest,28,team1,kill,27.20
BasicArena|clean|Rogue+Shaman_vs_Rogue+Priest,Rogue+Shaman,Rogue+Priest,29,team1,kill,28.63
BasicArena|clean|Rogue+Shaman_vs_Rogue+Priest,Rogue+Shaman,Rogue+Priest,30,team1,kill,30.02
BasicArena|clean|Rogue+Shaman_vs_Rogue+Priest,Rogue+Shaman,Rogue+Priest,31,team1,kill,28.55
BasicArena|clean|Rogue+Shaman_vs_Rogue+Priest,Rogue+Shaman,Rogue+Priest,32,team1,kill,31.43
BasicArena|clean|Rogue+Shaman_vs_Rogue+Priest,Rogue+Shaman,Rogue+Priest,33,team1,kill,31.97
BasicArena|clean|Rogue+Shaman_vs_Rogue+Priest,Rogue+Shaman,Rogue+Priest,34,team1,kill,29.65
BasicArena|clean|Rogue+Shaman_vs_Rogue+Priest,Rogue+Shaman,Rogue+Priest,35,team1,kill,26.47
BasicArena|clean|Rogue+Shaman_vs_Rogue+Priest,Rogue+Shaman,Rogue+Priest,36,team1,kill,32.15
BasicArena|clean|Rogue+Shaman_vs_Rogue+Priest,Rogue+Shaman,Rogue+Priest,37,team2,kill,30.58
BasicArena|clean|Rogue+Shaman_vs_Rogue+Priest,Rogue+Shaman,Rogue+Priest,38,team1,kill,31.68
BasicArena|clean|Rogue+Shaman_vs_Rogue+Priest,Rogue+Shaman,Rogue+Priest,39,team1,kill,27.58
BasicArena|clean|Rogue+Shaman_vs_Rogue+Priest,Rogue+Shaman,Rogue+Priest,40,draw,kill,31.43
BasicArena|clean|Rogue+Shaman_vs_Rogue+Priest,Rogue+Shaman,Rogue+Priest,41,team1,kill,27.97
BasicArena|clean|Rogue+Shaman_vs_Rogue+Priest,Rogue+Shaman,Rogue+Priest,42,team1,kill,31.12
BasicArena|clean|Rogue+Shaman_vs_Rogue+Priest,Rogue+Shaman,Rogue+Priest,43,team1,kill,32.12
BasicArena|clean|Rogue+Shaman_vs_Rogue+Priest,Rogue+Shaman,Rogue+Priest,44,team1,kill,27.20
BasicArena|clean|Rogue+Shaman_vs_Rogue+Priest,Rogue+Shaman,Rogue+Priest,45,team1,kill,33.72
BasicArena|clean|Rogue+Shaman_vs_Rogue+Priest,Rogue+Shaman,Rogue+Priest,46,team1,kill,27.58
BasicArena|clean|Rogue+Shaman_vs_Rogue+Priest,Rogue+Shaman,Rogue+Priest,47,team1,kill,30.63
BasicArena|clean|Rogue+Shaman_vs_Rogue+Priest,Rogue+Shaman,Rogue+Priest,48,team1,kill,27.30
BasicArena|clean|Rogue+Shaman_vs_Rogue+Priest,Rogue+Shaman,Rogue+Priest,49,team1,kill,31.58
BasicArena|clean|Rogue+Shaman_vs_Rogue+Priest,Rogue+Shaman,Rogue+Priest,50,team1,kill,25.68
BasicArena|clean|Rogue+Shaman_vs_Rogue+Priest,Rogue+Shaman,Rogue+Priest,51,team1,kill,29.53
BasicArena|clean|Rogue+Shaman_vs_Rogue+Priest,Rogue+Shaman,Rogue+Priest,52,team1,kill,27.98
BasicArena|clean|Rogue+Shaman_vs_Rogue+Priest,Rogue+Shaman,Rogue+Priest,53,team1,kill,28.72
BasicArena|clean|Rogue+Shaman_vs_Rogue+Priest,Rogue+Shaman,Rogue+Priest,54,draw,kill,30.38
BasicArena|clean|Rogue+Shaman_vs_Rogue+Priest,Rogue+Shaman,Rogue+Priest,55,team1,kill,30.07
BasicArena|clean|Rogue+Shaman_vs_Rogue+Priest,Rogue+Shaman,Rogue+Priest,56,team1,kill,27.02
BasicArena|clean|Rogue+Shaman_vs_Rogue+Priest,Rogue+Shaman,Rogue+Priest,57,team1,kill,28.32
BasicArena|clean|Rogue+Shaman_vs_Rogue+Priest,Rogue+Shaman,Rogue+Priest,58,team2,kill,31.07
BasicArena|clean|Rogue+Shaman_vs_Rogue+Priest,Rogue+Shaman,Rogue+Priest,59,team1,kill,27.20
BasicArena|clean|Rogue+Shaman_vs_Rogue+Priest,Rogue+Shaman,Rogue+Priest,60,team1,kill,30.62
BasicArena|clean|Rogue+Shaman_vs_Rogue+Priest,Rogue+Shaman,Rogue+Priest,61,team2,kill,30.72
BasicArena|clean|Rogue+Shaman_vs_Rogue+Priest,Rogue+Shaman,Rogue+Priest,62,team1,kill,27.58
BasicArena|clean|Rogue+Shaman_vs_Rogue+Priest,Rogue+Shaman,Rogue+Priest,63,team1,kill,30.07
BasicArena|clean|Rogue+Shaman_vs_Rogue+Priest,Rogue+Shaman,Rogue+Priest,64,team1,kill,29.53
BasicArena|clean|Rogue+Shaman_vs_Rogue+Priest,Rogue+Shaman,Rogue+Priest,65,team1,kill,27.95
BasicArena|clean|Rogue+Shaman_vs_Rogue+Priest,Rogue+Shaman,Rogue+Priest,66,team1,kill,28.63
BasicArena|clean|Rogue+Shaman_vs_Rogue+Priest,Rogue+Shaman,Rogue+Priest,67,team1,kill,30.38
BasicArena|clean|Rogue+Shaman_vs_Rogue+Priest,Rogue+Shaman,Rogue+Priest,68,team1,kill,28.72
BasicArena|clean|Rogue+Shaman_vs_Rogue+Priest,Rogue+Shaman,Rogue+Priest,69,team1,kill,27.20
BasicArena|clean|Rogue+Shaman_vs_Rogue+Priest,Rogue+Shaman,Rogue+Priest,70,team2,kill,30.33
BasicArena|clean|Rogue+Shaman_vs_Rogue+Priest,Rogue+Shaman,Rogue+Priest,71,team1,kill,28.72
BasicArena|clean|Rogue+Shaman_vs_Rogue+Priest,Rogue+Shaman,Rogue+Priest,72,team1,kill,27.83
BasicArena|clean|Rogue+Shaman_vs_Rogue+Priest,Rogue+Shaman,Rogue+Priest,73,team1,kill,29.73
BasicArena|clean|Rogue+Shaman_vs_Rogue+Priest,Rogue+Shaman,Rogue+Priest,74,team1,kill,27.93
BasicArena|clean|Rogue+Shaman_vs_Rogue+Priest,Rogue+Shaman,Rogue+Priest,75,team1,kill,26.63
BasicArena|clean|Rogue+Shaman_vs_Rogue+Priest,Rogue+Shaman,Rogue+Priest,76,team1,kill,29.12
BasicArena|clean|Rogue+Shaman_vs_Rogue+Priest,Rogue+Shaman,Rogue+Priest,77,team1,kill,28.72
BasicArena|clean|Rogue+Shaman_vs_Rogue+Priest,Rogue+Shaman,Rogue+Priest,78,team1,kill,27.68
BasicArena|clean|Rogue+Shaman_vs_Rogue+Priest,Rogue+Shaman,Rogue+Priest,79,draw,kill,31.05
BasicArena|clean|Rogue+Shaman_vs_Rogue+Priest,Rogue+Shaman,Rogue+Priest,80,team2,kill,31.05
BasicArena|clean|Rogue+Shaman_vs_Rogue+Priest,Rogue+Shaman,Rogue+Priest,81,team1,kill,27.58
BasicArena|clean|Rogue+Shaman_vs_Rogue+Priest,Rogue+Shaman,Rogue+Priest,82,team1,kill,30.73
BasicArena|clean|Rogue+Shaman_vs_Rogue+Priest,Rogue+Shaman,Rogue+Priest,83,team1,kill,27.20
BasicArena|clean|Rogue+Shaman_vs_Rogue+Priest,Rogue+Shaman,Rogue+Priest,84,team1,kill,30.02
BasicArena|clean|Rogue+Shaman_vs_Rogue+Priest,Rogue+Shaman,Rogue+Priest,85,team1,kill,28.57
BasicArena|clean|Rogue+Shaman_vs_Rogue+Priest,Rogue+Shaman,Rogue+Priest,86,team1,kill,30.83
BasicArena|clean|Rogue+Shaman_vs_Rogue+Priest,Rogue+Shaman,Rogue+Priest,87,team1,kill,26.63
BasicArena|clean|Rogue+Shaman_vs_Rogue+Priest,Rogue+Shaman,Rogue+Priest,88,team1,kill,27.20
BasicArena|clean|Rogue+Shaman_vs_Rogue+Priest,Rogue+Shaman,Rogue+Priest,89,team2,kill,30.30
BasicArena|clean|Rogue+Shaman_vs_Rogue+Priest,Rogue+Shaman,Rogue+Priest,90,team1,kill,26.68
BasicArena|clean|Rogue+Shaman_vs_Rogue+Priest,Rogue+Shaman,Rogue+Priest,91,team1,kill,27.20
BasicArena|clean|Rogue+Shaman_vs_Rogue+Priest,Rogue+Shaman,Rogue+Priest,92,team1,kill,30.80
BasicArena|clean|Rogue+Shaman_vs_Rogue+Priest,Rogue+Shaman,Rogue+Priest,93,team2,kill,30.58
BasicArena|clean|Rogue+Shaman_vs_Rogue+Priest,Rogue+Shaman,Rogue+Priest,94,team1,kill,27.20
BasicArena|clean|Rogue+Shaman_vs_Rogue+Priest,Rogue+Shaman,Rogue+Priest,95,team1,kill,28.87
BasicArena|clean|Rogue+Shaman_vs_Rogue+Priest,Rogue+Shaman,Rogue+Priest,96,team2,kill,28.65
BasicArena|clean|Rogue+Shaman_vs_Rogue+Priest,Rogue+Shaman,Rogue+Priest,97,team1,kill,27.97
BasicArena|clean|Rogue+Shaman_vs_Rogue+Priest,Rogue+Shaman,Rogue+Priest,98,team1,kill,28.72
BasicArena|clean|Rogue+Shaman_vs_Rogue+Priest,Rogue+Shaman,Rogue+Priest,99,team1,kill,29.20
BasicArena|clean|Hunter+Shaman_vs_Hunter+Priest,Hunter+Shaman,Hunter+Priest,0,team1,kill,36.28
BasicArena|clean|Hunter+Shaman_vs_Hunter+Priest,Hunter+Shaman,Hunter+Priest,1,team1,kill,38.00
BasicArena|clean|Hunter+Shaman_vs_Hunter+Priest,Hunter+Shaman,Hunter+Priest,2,team1,kill,35.07
BasicArena|clean|Hunter+Shaman_vs_Hunter+Priest,Hunter+Shaman,Hunter+Priest,3,team1,kill,40.22
BasicArena|clean|Hunter+Shaman_vs_Hunter+Priest,Hunter+Shaman,Hunter+Priest,4,team1,kill,37.22
BasicArena|clean|Hunter+Shaman_vs_Hunter+Priest,Hunter+Shaman,Hunter+Priest,5,team1,kill,24.72
BasicArena|clean|Hunter+Shaman_vs_Hunter+Priest,Hunter+Shaman,Hunter+Priest,6,team1,kill,38.00
BasicArena|clean|Hunter+Shaman_vs_Hunter+Priest,Hunter+Shaman,Hunter+Priest,7,team1,kill,40.18
BasicArena|clean|Hunter+Shaman_vs_Hunter+Priest,Hunter+Shaman,Hunter+Priest,8,team1,kill,36.23
BasicArena|clean|Hunter+Shaman_vs_Hunter+Priest,Hunter+Shaman,Hunter+Priest,9,team2,kill,46.68
BasicArena|clean|Hunter+Shaman_vs_Hunter+Priest,Hunter+Shaman,Hunter+Priest,10,team1,kill,36.43
BasicArena|clean|Hunter+Shaman_vs_Hunter+Priest,Hunter+Shaman,Hunter+Priest,11,team1,kill,36.10
BasicArena|clean|Hunter+Shaman_vs_Hunter+Priest,Hunter+Shaman,Hunter+Priest,12,team1,kill,38.63
BasicArena|clean|Hunter+Shaman_vs_Hunter+Priest,Hunter+Shaman,Hunter+Priest,13,team1,kill,38.32
BasicArena|clean|Hunter+Shaman_vs_Hunter+Priest,Hunter+Shaman,Hunter+Priest,14,team1,kill,39.57
BasicArena|clean|Hunter+Shaman_vs_Hunter+Priest,Hunter+Shaman,Hunter+Priest,15,team1,kill,39.77
BasicArena|clean|Hunter+Shaman_vs_Hunter+Priest,Hunter+Shaman,Hunter+Priest,16,team1,kill,38.48
BasicArena|clean|Hunter+Shaman_vs_Hunter+Priest,Hunter+Shaman,Hunter+Priest,17,team1,kill,41.15
BasicArena|clean|Hunter+Shaman_vs_Hunter+Priest,Hunter+Shaman,Hunter+Priest,18,team2,kill,36.63
BasicArena|clean|Hunter+Shaman_vs_Hunter+Priest,Hunter+Shaman,Hunter+Priest,19,team1,kill,34.08
BasicArena|clean|Hunter+Shaman_vs_Hunter+Priest,Hunter+Shaman,Hunter+Priest,20,team1,kill,32.05
BasicArena|clean|Hunter+Shaman_vs_Hunter+Priest,Hunter+Shaman,Hunter+Priest,21,team2,kill,36.63
BasicArena|clean|Hunter+Shaman_vs_Hunter+Priest,Hunter+Shaman,Hunter+Priest,22,team1,kill,31.87
BasicArena|clean|Hunter+Shaman_vs_Hunter+Priest,Hunter+Shaman,Hunter+Priest,23,team1,kill,39.70
BasicArena|clean|Hunter+Shaman_vs_Hunter+Priest,Hunter+Shaman,Hunter+Priest,24,team1,kill,46.75
BasicArena|clean|Hunter+Shaman_vs_Hunter+Priest,Hunter+Shaman,Hunter+Priest,25,team1,kill,36.93
BasicArena|clean|Hunter+Shaman_vs_Hunter+Priest,Hunter+Shaman,Hunter+Priest,26,team1,kill,37.22
BasicArena|clean|Hunter+Shaman_vs_Hunter+Priest,Hunter+Shaman,Hunter+Priest,27,team1,kill,38.75
BasicArena|clean|Hunter+Shaman_vs_Hunter+Priest,Hunter+Shaman,Hunter+Priest,28,team1,kill,39.70
BasicArena|clean|Hunter+Shaman_vs_Hunter+Priest,Hunter+Shaman,Hunter+Priest,29,team1,kill,41.13
BasicArena|clean|Hunter+Shaman_vs_Hunter+Priest,Hunter+Shaman,Hunter+Priest,30,team1,kill,41.12
BasicArena|clean|Hunter+Shaman_vs_Hunter+Priest,Hunter+Shaman,Hunter+Priest,31,team1,kill,41.15
BasicArena|clean|Hunter+Shaman_vs_Hunter+Priest,Hunter+Shaman,Hunter+Priest,32,team2,kill,43.42
BasicArena|clean|Hunter+Shaman_vs_Hunter+Priest,Hunter+Shaman,Hunter+Priest,33,team1,kill,36.12
BasicArena|clean|Hunter+Shaman_vs_Hunter+Priest,Hunter+Shaman,Hunter+Priest,34,team1,kill,36.42
BasicArena|clean|Hunter+Shaman_vs_Hunter+Priest,Hunter+Shaman,Hunter+Priest,35,team1,kill,39.43
BasicArena|clean|Hunter+Shaman_vs_Hunter+Priest,Hunter+Shaman,Hunter+Priest,36,team2,kill,32.25
BasicArena|clean|Hunter+Shaman_vs_Hunter+Priest,Hunter+Shaman,Hunter+Priest,37,team1,kill,37.95
BasicArena|clean|Hunter+Shaman_vs_Hunter+Priest,Hunter+Shaman,Hunter+Priest,38,team1,kill,33.60
BasicArena|clean|Hunter+Shaman_vs_Hunter+Priest,Hunter+Shaman,Hunter+Priest,39,team1,kill,40.07
BasicArena|clean|Hunter+Shaman_vs_Hunter+Priest,Hunter+Shaman,Hunter+Priest,40,team1,kill,36.12
BasicArena|clean|Hunter+Shaman_vs_Hunter+Priest,Hunter+Shaman,Hunter+Priest,41,team1,kill,38.63
BasicArena|clean|Hunter+Shaman_vs_Hunter+Priest,Hunter+Shaman,Hunter+Priest,42,team1,kill,37.22
BasicArena|clean|Hunter+Shaman_vs_Hunter+Priest,Hunter+Shaman,Hunter+Priest,43,team1,kill,38.63
BasicArena|clean|Hunter+Shaman_vs_Hunter+Priest,Hunter+Shaman,Hunter+Priest,44,team1,kill,35.25
BasicArena|clean|Hunter+Shaman_vs_Hunter+Priest,Hunter+Shaman,Hunter+Priest,45,team1,kill,35.65
BasicArena|clean|Hunter+Shaman_vs_Hunter+Priest,Hunter+Shaman,Hunter+Priest,46,team1,kill,36.12
BasicArena|clean|Hunter+Shaman_vs_Hunter+Priest,Hunter+Shaman,Hunter+Priest,47,team1,kill,41.15
BasicArena|clean|Hunter+Shaman_vs_Hunter+Priest,Hunter+Shaman,Hunter+Priest,48,team1,kill,37.28
BasicArena|clean|Hunter+Shaman_vs_Hunter+Priest,Hunter+Shaman,Hunter+Priest,49,team1,kill,33.00
BasicArena|clean|Hunter+Shaman_vs_Hunter+Priest,Hunter+Shaman,Hunter+Priest,50,team1,kill,42.22
BasicArena|clean|Hunter+Shaman_vs_Hunter+Priest,Hunter+Shaman,Hunter+Priest,51,team1,kill,35.25
BasicArena|clean|Hunter+Shaman_vs_Hunter+Priest,Hunter+Shaman,Hunter+Priest,52,team1,kill,38.00
BasicArena|clean|Hunter+Shaman_vs_Hunter+Priest,Hunter+Shaman,Hunter+Priest,53,team1,kill,38.00
BasicArena|clean|Hunter+Shaman_vs_Hunter+Priest,Hunter+Shaman,Hunter+Priest,54,team1,kill,32.20
BasicArena|clean|Hunter+Shaman_vs_Hunter+Priest,Hunter+Shaman,Hunter+Priest,55,team1,kill,41.13
BasicArena|clean|Hunter+Shaman_vs_Hunter+Priest,Hunter+Shaman,Hunter+Priest,56,team1,kill,36.68
BasicArena|clean|Hunter+Shaman_vs_Hunter+Priest,Hunter+Shaman,Hunter+Priest,57,team1,kill,37.35
BasicArena|clean|Hunter+Shaman_vs_Hunter+Priest,Hunter+Shaman,Hunter+Priest,58,team1,kill,23.20
BasicArena|clean|Hunter+Shaman_vs_Hunter+Priest,Hunter+Shaman,Hunter+Priest,59,team1,kill,38.78
BasicArena|clean|Hunter+Shaman_vs_Hunter+Priest,Hunter+Shaman,Hunter+Priest,60,team1,kill,32.85
BasicArena|clean|Hunter+Shaman_vs_Hunter+Priest,Hunter+Shaman,Hunter+Priest,61,team1,kill,36.85
BasicArena|clean|Hunter+Shaman_vs_Hunter+Priest,Hunter+Shaman,Hunter+Priest,62,team1,kill,34.47
BasicArena|clean|Hunter+Shaman_vs_Hunter+Priest,Hunter+Shaman,Hunter+Priest,63,team1,kill,41.47
BasicArena|clean|Hunter+Shaman_vs_Hunter+Priest,Hunter+Shaman,Hunter+Priest,64,team1,kill,37.25
BasicArena|clean|Hunter+Shaman_vs_Hunter+Priest,Hunter+Shaman,Hunter+Priest,65,team1,kill,36.12
BasicArena|clean|Hunter+Shaman_vs_Hunter+Priest,Hunter+Shaman,Hunter+Priest,66,team1,kill,38.63
BasicArena|clean|Hunter+Shaman_vs_Hunter+Priest,Hunter+Shaman,Hunter+Priest,67,team2,kill,49.20
BasicArena|clean|Hunter+Shaman_vs_Hunter+Priest,Hunter+Shaman,Hunter+Priest,68,team1,kill,39.70
BasicArena|clean|Hunter+Shaman_vs_Hunter+Priest,Hunter+Shaman,Hunter+Priest,69,team2,kill,36.63
BasicArena|clean|Hunter+Shaman_vs_Hunter+Priest,Hunter+Shaman,Hunter+Priest,70,team1,kill,35.35
BasicArena|clean|Hunter+Shaman_vs_Hunter+Priest,Hunter+Shaman,Hunter+Priest,71,team1,kill,33.28
BasicArena|clean|Hunter+Shaman_vs_Hunter+Priest,Hunter+Shaman,Hunter+Priest,72,team1,kill,34.80
BasicArena|clean|Hunter+Shaman_vs_Hunter+Priest,Hunter+Shaman,Hunter+Priest,73,team1,kill,33.60
BasicArena|clean|Hunter+Shaman_vs_Hunter+Priest,Hunter+Shaman,Hunter+Priest,74,team1,kill,32.52
BasicArena|clean|Hunter+Shaman_vs_Hunter+Priest,Hunter+Shaman,Hunter+Priest,75,team1,kill,38.00
BasicArena|clean|Hunter+Shaman_vs_Hunter+Priest,Hunter+Shaman,Hunter+Priest,76,team1,kill,24.83
BasicArena|clean|Hunter+Shaman_vs_Hunter+Priest,Hunter+Shaman,Hunter+Priest,77,team1,kill,46.08
BasicArena|clean|Hunter+Shaman_vs_Hunter+Priest,Hunter+Shaman,Hunter+Priest,78,team1,kill,38.17
BasicArena|clean|Hunter+Shaman_vs_Hunter+Priest,Hunter+Shaman,Hunter+Priest,79,team1,kill,40.37
BasicArena|clean|Hunter+Shaman_vs_Hunter+Priest,Hunter+Shaman,Hunter+Priest,80,team1,kill,41.93
BasicArena|clean|Hunter+Shaman_vs_Hunter+Priest,Hunter+Shaman,Hunter+Priest,81,team1,kill,49.43
BasicArena|clean|Hunter+Shaman_vs_Hunter+Priest,Hunter+Shaman,Hunter+Priest,82,team1,kill,36.07
BasicArena|clean|Hunter+Shaman_vs_Hunter+Priest,Hunter+Shaman,Hunter+Priest,83,team2,kill,34.42
BasicArena|clean|Hunter+Shaman_vs_Hunter+Priest,Hunter+Shaman,Hunter+Priest,84,team1,kill,37.38
BasicArena|clean|Hunter+Shaman_vs_Hunter+Priest,Hunter+Shaman,Hunter+Priest,85,team1,kill,36.47
BasicArena|clean|Hunter+Shaman_vs_Hunter+Priest,Hunter+Shaman,Hunter+Priest,86,team1,kill,36.12
BasicArena|clean|Hunter+Shaman_vs_Hunter+Priest,Hunter+Shaman,Hunter+Priest,87,team1,kill,36.12
BasicArena|clean|Hunter+Shaman_vs_Hunter+Priest,Hunter+Shaman,Hunter+Priest,88,team1,kill,33.60
BasicArena|clean|Hunter+Shaman_vs_Hunter+Priest,Hunter+Shaman,Hunter+Priest,89,team1,kill,35.57
BasicArena|clean|Hunter+Shaman_vs_Hunter+Priest,Hunter+Shaman,Hunter+Priest,90,team1,kill,43.82
BasicArena|clean|Hunter+Shaman_vs_Hunter+Priest,Hunter+Shaman,Hunter+Priest,91,team1,kill,27.80
BasicArena|clean|Hunter+Shaman_vs_Hunter+Priest,Hunter+Shaman,Hunter+Priest,92,team1,kill,38.78
BasicArena|clean|Hunter+Shaman_vs_Hunter+Priest,Hunter+Shaman,Hunter+Priest,93,team1,kill,36.53
BasicArena|clean|Hunter+Shaman_vs_Hunter+Priest,Hunter+Shaman,Hunter+Priest,94,team1,kill,39.70
BasicArena|clean|Hunter+Shaman_vs_Hunter+Priest,Hunter+Shaman,Hunter+Priest,95,team1,kill,39.55
BasicArena|clean|Hunter+Shaman_vs_Hunter+Priest,Hunter+Shaman,Hunter+Priest,96,team2,kill,29.08
BasicArena|clean|Hunter+Shaman_vs_Hunter+Priest,Hunter+Shaman,Hunter+Priest,97,team1,kill,38.75
BasicArena|clean|Hunter+Shaman_vs_Hunter+Priest,Hunter+Shaman,Hunter+Priest,98,team1,kill,34.73
BasicArena|clean|Hunter+Shaman_vs_Hunter+Priest,Hunter+Shaman,Hunter+Priest,99,team1,kill,40.18
BasicArena|clean|Warlock+Shaman_vs_Warlock+Priest,Warlock+Shaman,Warlock+Priest,0,team1,kill,54.80
BasicArena|clean|Warlock+Shaman_vs_Warlock+Priest,Warlock+Shaman,Warlock+Priest,1,team1,kill,40.27
BasicArena|clean|Warlock+Shaman_vs_Warlock+Priest,Warlock+Shaman,Warlock+Priest,2,team1,kill,51.95
BasicArena|clean|Warlock+Shaman_vs_Warlock+Priest,Warlock+Shaman,Warlock+Priest,3,team2,kill,88.49
BasicArena|clean|Warlock+Shaman_vs_Warlock+Priest,Warlock+Shaman,Warlock+Priest,4,team1,kill,51.78
BasicArena|clean|Warlock+Shaman_vs_Warlock+Priest,Warlock+Shaman,Warlock+Priest,5,team1,kill,38.60
BasicArena|clean|Warlock+Shaman_vs_Warlock+Priest,Warlock+Shaman,Warlock+Priest,6,team1,kill,38.77
BasicArena|clean|Warlock+Shaman_vs_Warlock+Priest,Warlock+Shaman,Warlock+Priest,7,team1,kill,58.47
BasicArena|clean|Warlock+Shaman_vs_Warlock+Priest,Warlock+Shaman,Warlock+Priest,8,team1,kill,42.00
BasicArena|clean|Warlock+Shaman_vs_Warlock+Priest,Warlock+Shaman,Warlock+Priest,9,team1,kill,37.93
BasicArena|clean|Warlock+Shaman_vs_Warlock+Priest,Warlock+Shaman,Warlock+Priest,10,team1,kill,43.30
BasicArena|clean|Warlock+Shaman_vs_Warlock+Priest,Warlock+Shaman,Warlock+Priest,11,team2,kill,88.49
BasicArena|clean|Warlock+Shaman_vs_Warlock+Priest,Warlock+Shaman,Warlock+Priest,12,team1,kill,47.48
BasicArena|clean|Warlock+Shaman_vs_Warlock+Priest,Warlock+Shaman,Warlock+Priest,13,team1,kill,38.08
BasicArena|clean|Warlock+Shaman_vs_Warlock+Priest,Warlock+Shaman,Warlock+Priest,14,team1,kill,31.68
BasicArena|clean|Warlock+Shaman_vs_Warlock+Priest,Warlock+Shaman,Warlock+Priest,15,team1,kill,72.15
BasicArena|clean|Warlock+Shaman_vs_Warlock+Priest,Warlock+Shaman,Warlock+Priest,16,team1,kill,36.10
BasicArena|clean|Warlock+Shaman_vs_Warlock+Priest,Warlock+Shaman,Warlock+Priest,17,team1,kill,52.98
BasicArena|clean|Warlock+Shaman_vs_Warlock+Priest,Warlock+Shaman,Warlock+Priest,18,team1,kill,52.05
BasicArena|clean|Warlock+Shaman_vs_Warlock+Priest,Warlock+Shaman,Warlock+Priest,19,team1,kill,51.05
BasicArena|clean|Warlock+Shaman_vs_Warlock+Priest,Warlock+Shaman,Warlock+Priest,20,team1,kill,60.60
BasicArena|clean|Warlock+Shaman_vs_Warlock+Priest,Warlock+Shaman,Warlock+Priest,21,team1,kill,61.30
BasicArena|clean|Warlock+Shaman_vs_Warlock+Priest,Warlock+Shaman,Warlock+Priest,22,team2,kill,176.85
BasicArena|clean|Warlock+Shaman_vs_Warlock+Priest,Warlock+Shaman,Warlock+Priest,23,team2,kill,71.97
BasicArena|clean|Warlock+Shaman_vs_Warlock+Priest,Warlock+Shaman,Warlock+Priest,24,team1,kill,40.25
BasicArena|clean|Warlock+Shaman_vs_Warlock+Priest,Warlock+Shaman,Warlock+Priest,25,team1,kill,61.20
BasicArena|clean|Warlock+Shaman_vs_Warlock+Priest,Warlock+Shaman,Warlock+Priest,26,team2,kill,82.45
BasicArena|clean|Warlock+Shaman_vs_Warlock+Priest,Warlock+Shaman,Warlock+Priest,27,team1,kill,37.05
BasicArena|clean|Warlock+Shaman_vs_Warlock+Priest,Warlock+Shaman,Warlock+Priest,28,team1,kill,47.07
BasicArena|clean|Warlock+Shaman_vs_Warlock+Priest,Warlock+Shaman,Warlock+Priest,29,team1,kill,40.52
BasicArena|clean|Warlock+Shaman_vs_Warlock+Priest,Warlock+Shaman,Warlock+Priest,30,team2,kill,77.79
BasicArena|clean|Warlock+Shaman_vs_Warlock+Priest,Warlock+Shaman,Warlock+Priest,31,team1,kill,50.38
BasicArena|clean|Warlock+Shaman_vs_Warlock+Priest,Warlock+Shaman,Warlock+Priest,32,team1,kill,121.23
BasicArena|clean|Warlock+Shaman_vs_Warlock+Priest,Warlock+Shaman,Warlock+Priest,33,team1,kill,49.12
BasicArena|clean|Warlock+Shaman_vs_Warlock+Priest,Warlock+Shaman,Warlock+Priest,34,team2,kill,67.92
BasicArena|clean|Warlock+Shaman_vs_Warlock+Priest,Warlock+Shaman,Warlock+Priest,35,team1,kill,49.55
BasicArena|clean|Warlock+Shaman_vs_Warlock+Priest,Warlock+Shaman,Warlock+Priest,36,team1,kill,43.90
BasicArena|clean|Warlock+Shaman_vs_Warlock+Priest,Warlock+Shaman,Warlock+Priest,37,team1,kill,39.32
BasicArena|clean|Warlock+Shaman_vs_Warlock+Priest,Warlock+Shaman,Warlock+Priest,38,team1,kill,50.43
BasicArena|clean|Warlock+Shaman_vs_Warlock+Priest,Warlock+Shaman,Warlock+Priest,39,team1,kill,63.45
BasicArena|clean|Warlock+Shaman_vs_Warlock+Priest,Warlock+Shaman,Warlock+Priest,40,team1,kill,88.50
BasicArena|clean|Warlock+Shaman_vs_Warlock+Priest,Warlock+Shaman,Warlock+Priest,41,team1,kill,38.18
BasicArena|clean|Warlock+Shaman_vs_Warlock+Priest,Warlock+Shaman,Warlock+Priest,42,team1,kill,37.58
BasicArena|clean|Warlock+Shaman_vs_Warlock+Priest,Warlock+Shaman,Warlock+Priest,43,team1,kill,39.70
BasicArena|clean|Warlock+Shaman_vs_Warlock+Priest,Warlock+Shaman,Warlock+Priest,44,team1,kill,44.75
BasicArena|clean|Warlock+Shaman_vs_Warlock+Priest,Warlock+Shaman,Warlock+Priest,45,team2,kill,67.42
BasicArena|clean|Warlock+Shaman_vs_Warlock+Priest,Warlock+Shaman,Warlock+Priest,46,team1,kill,59.28
BasicArena|clean|Warlock+Shaman_vs_Warlock+Priest,Warlock+Shaman,Warlock+Priest,47,team1,kill,73.78
BasicArena|clean|Warlock+Shaman_vs_Warlock+Priest,Warlock+Shaman,Warlock+Priest,48,team1,kill,44.07
BasicArena|clean|Warlock+Shaman_vs_Warlock+Priest,Warlock+Shaman,Warlock+Priest,49,team1,kill,46.60
BasicArena|clean|Warlock+Shaman_vs_Warlock+Priest,Warlock+Shaman,Warlock+Priest,50,team1,kill,59.08
BasicArena|clean|Warlock+Shaman_vs_Warlock+Priest,Warlock+Shaman,Warlock+Priest,51,team1,kill,164.45
BasicArena|clean|Warlock+Shaman_vs_Warlock+Priest,Warlock+Shaman,Warlock+Priest,52,team2,kill,48.75
BasicArena|clean|Warlock+Shaman_vs_Warlock+Priest,Warlock+Shaman,Warlock+Priest,53,team1,kill,110.94
BasicArena|clean|Warlock+Shaman_vs_Warlock+Priest,Warlock+Shaman,Warlock+Priest,54,team1,kill,62.68
BasicArena|clean|Warlock+Shaman_vs_Warlock+Priest,Warlock+Shaman,Warlock+Priest,55,team1,kill,37.93
BasicArena|clean|Warlock+Shaman_vs_Warlock+Priest,Warlock+Shaman,Warlock+Priest,56,team1,kill,158.74
BasicArena|clean|Warlock+Shaman_vs_Warlock+Priest,Warlock+Shaman,Warlock+Priest,57,team1,kill,58.62
BasicArena|clean|Warlock+Shaman_vs_Warlock+Priest,Warlock+Shaman,Warlock+Priest,58,team1,kill,50.08
BasicArena|clean|Warlock+Shaman_vs_Warlock+Priest,Warlock+Shaman,Warlock+Priest,59,team1,kill,48.28
BasicArena|clean|Warlock+Shaman_vs_Warlock+Priest,Warlock+Shaman,Warlock+Priest,60,team1,kill,43.38
BasicArena|clean|Warlock+Shaman_vs_Warlock+Priest,Warlock+Shaman,Warlock+Priest,61,team1,kill,49.12
BasicArena|clean|Warlock+Shaman_vs_Warlock+Priest,Warlock+Shaman,Warlock+Priest,62,team1,kill,36.00
BasicArena|clean|Warlock+Shaman_vs_Warlock+Priest,Warlock+Shaman,Warlock+Priest,63,team1,kill,49.42
BasicArena|clean|Warlock+Shaman_vs_Warlock+Priest,Warlock+Shaman,Warlock+Priest,64,team1,kill,37.07
BasicArena|clean|Warlock+Shaman_vs_Warlock+Priest,Warlock+Shaman,Warlock+Priest,65,team1,kill,66.72
BasicArena|clean|Warlock+Shaman_vs_Warlock+Priest,Warlock+Shaman,Warlock+Priest,66,team1,kill,89.65
BasicArena|clean|Warlock+Shaman_vs_Warlock+Priest,Warlock+Shaman,Warlock+Priest,67,team1,kill,50.90
BasicArena|clean|Warlock+Shaman_vs_Warlock+Priest,Warlock+Shaman,Warlock+Priest,68,team1,kill,38.28
BasicArena|clean|Warlock+Shaman_vs_Warlock+Priest,Warlock+Shaman,Warlock+Priest,69,team1,kill,41.12
BasicArena|clean|Warlock+Shaman_vs_Warlock+Priest,Warlock+Shaman,Warlock+Priest,70,team1,kill,47.85
BasicArena|clean|Warlock+Shaman_vs_Warlock+Priest,Warlock+Shaman,Warlock+Priest,71,team1,kill,39.23
BasicArena|clean|Warlock+Shaman_vs_Warlock+Priest,Warlock+Shaman,Warlock+Priest,72,team2,kill,140.59
BasicArena|clean|Warlock+Shaman_vs_Warlock+Priest,Warlock+Shaman,Warlock+Priest,73,team1,kill,57.98
BasicArena|clean|Warlock+Shaman_vs_Warlock+Priest,Warlock+Shaman,Warlock+Priest,74,team1,kill,40.70
BasicArena|clean|Warlock+Shaman_vs_Warlock+Priest,Warlock+Shaman,Warlock+Priest,75,team1,kill,35.68
BasicArena|clean|Warlock+Shaman_vs_Warlock+Priest,Warlock+Shaman,Warlock+Priest,76,team1,kill,46.00
BasicArena|clean|Warlock+Shaman_vs_Warlock+Priest,Warlock+Shaman,Warlock+Priest,77,team1,kill,40.80
BasicArena|clean|Warlock+Shaman_vs_Warlock+Priest,Warlock+Shaman,Warlock+Priest,78,team2,kill,61.52
BasicArena|clean|Warlock+Shaman_vs_Warlock+Priest,Warlock+Shaman,Warlock+Priest,79,team2,kill,82.45
BasicArena|clean|Warlock+Shaman_vs_Warlock+Priest,Warlock+Shaman,Warlock+Priest,80,team1,kill,41.92
BasicArena|clean|Warlock+Shaman_vs_Warlock+Priest,Warlock+Shaman,Warlock+Priest,81,team1,kill,72.88
BasicArena|clean|Warlock+Shaman_vs_Warlock+Priest,Warlock+Shaman,Warlock+Priest,82,team1,kill,62.62
BasicArena|clean|Warlock+Shaman_vs_Warlock+Priest,Warlock+Shaman,Warlock+Priest,83,team1,kill,51.98
BasicArena|clean|Warlock+Shaman_vs_Warlock+Priest,Warlock+Shaman,Warlock+Priest,84,team2,kill,63.48
BasicArena|clean|Warlock+Shaman_vs_Warlock+Priest,Warlock+Shaman,Warlock+Priest,85,team1,kill,91.69
BasicArena|clean|Warlock+Shaman_vs_Warlock+Priest,Warlock+Shaman,Warlock+Priest,86,team1,kill,68.77
BasicArena|clean|Warlock+Shaman_vs_Warlock+Priest,Warlock+Shaman,Warlock+Priest,87,team1,kill,62.73
BasicArena|clean|Warlock+Shaman_vs_Warlock+Priest,Warlock+Shaman,Warlock+Priest,88,team1,kill,48.72
BasicArena|clean|Warlock+Shaman_vs_Warlock+Priest,Warlock+Shaman,Warlock+Priest,89,team1,kill,126.28
BasicArena|clean|Warlock+Shaman_vs_Warlock+Priest,Warlock+Shaman,Warlock+Priest,90,team1,kill,72.13
BasicArena|clean|Warlock+Shaman_vs_Warlock+Priest,Warlock+Shaman,Warlock+Priest,91,team1,kill,66.27
BasicArena|clean|Warlock+Shaman_vs_Warlock+Priest,Warlock+Shaman,Warlock+Priest,92,team1,kill,57.57
BasicArena|clean|Warlock+Shaman_vs_Warlock+Priest,Warlock+Shaman,Warlock+Priest,93,team1,kill,54.12
BasicArena|clean|Warlock+Shaman_vs_Warlock+Priest,Warlock+Shaman,Warlock+Priest,94,team1,kill,60.07
BasicArena|clean|Warlock+Shaman_vs_Warlock+Priest,Warlock+Shaman,Warlock+Priest,95,team1,kill,59.07
BasicArena|clean|Warlock+Shaman_vs_Warlock+Priest,Warlock+Shaman,Warlock+Priest,96,team1,kill,57.08
BasicArena|clean|Warlock+Shaman_vs_Warlock+Priest,Warlock+Shaman,Warlock+Priest,97,team1,kill,42.88
BasicArena|clean|Warlock+Shaman_vs_Warlock+Priest,Warlock+Shaman,Warlock+Priest,98,team1,kill,44.27
BasicArena|clean|Warlock+Shaman_vs_Warlock+Priest,Warlock+Shaman,Warlock+Priest,99,team2,kill,76.24
BasicArena|mirrored|Warrior+Shaman_vs_Mage+Shaman,Warrior+Shaman,Mage+Shaman,0,team2,kill,16.22
BasicArena|mirrored|Warrior+Shaman_vs_Mage+Shaman,Warrior+Shaman,Mage+Shaman,1,team2,kill,16.28
BasicArena|mirrored|Warrior+Shaman_vs_Mage+Shaman,Warrior+Shaman,Mage+Shaman,2,team2,kill,15.28
BasicArena|mirrored|Warrior+Shaman_vs_Mage+Shaman,Warrior+Shaman,Mage+Shaman,3,team2,kill,16.22
BasicArena|mirrored|Warrior+Shaman_vs_Mage+Shaman,Warrior+Shaman,Mage+Shaman,4,team2,kill,17.68
BasicArena|mirrored|Warrior+Shaman_vs_Mage+Shaman,Warrior+Shaman,Mage+Shaman,5,team2,kill,15.28
BasicArena|mirrored|Warrior+Shaman_vs_Mage+Shaman,Warrior+Shaman,Mage+Shaman,6,team2,kill,16.22
BasicArena|mirrored|Warrior+Shaman_vs_Mage+Shaman,Warrior+Shaman,Mage+Shaman,7,team2,kill,16.22
BasicArena|mirrored|Warrior+Shaman_vs_Mage+Shaman,Warrior+Shaman,Mage+Shaman,8,team2,kill,16.22
BasicArena|mirrored|Warrior+Shaman_vs_Mage+Shaman,Warrior+Shaman,Mage+Shaman,9,team2,kill,16.22
BasicArena|mirrored|Warrior+Shaman_vs_Mage+Shaman,Warrior+Shaman,Mage+Shaman,10,team2,kill,16.22
BasicArena|mirrored|Warrior+Shaman_vs_Mage+Shaman,Warrior+Shaman,Mage+Shaman,11,team2,kill,16.22
BasicArena|mirrored|Warrior+Shaman_vs_Mage+Shaman,Warrior+Shaman,Mage+Shaman,12,team2,kill,16.22
BasicArena|mirrored|Warrior+Shaman_vs_Mage+Shaman,Warrior+Shaman,Mage+Shaman,13,team2,kill,19.28
BasicArena|mirrored|Warrior+Shaman_vs_Mage+Shaman,Warrior+Shaman,Mage+Shaman,14,team2,kill,16.22
BasicArena|mirrored|Warrior+Shaman_vs_Mage+Shaman,Warrior+Shaman,Mage+Shaman,15,team2,kill,19.32
BasicArena|mirrored|Warrior+Shaman_vs_Mage+Shaman,Warrior+Shaman,Mage+Shaman,16,team2,kill,17.87
BasicArena|mirrored|Warrior+Shaman_vs_Mage+Shaman,Warrior+Shaman,Mage+Shaman,17,team2,kill,14.80
BasicArena|mirrored|Warrior+Shaman_vs_Mage+Shaman,Warrior+Shaman,Mage+Shaman,18,team2,kill,16.22
BasicArena|mirrored|Warrior+Shaman_vs_Mage+Shaman,Warrior+Shaman,Mage+Shaman,19,team2,kill,16.22
BasicArena|mirrored|Warrior+Shaman_vs_Mage+Shaman,Warrior+Shaman,Mage+Shaman,20,team2,kill,16.22
BasicArena|mirrored|Warrior+Shaman_vs_Mage+Shaman,Warrior+Shaman,Mage+Shaman,21,team2,kill,17.87
BasicArena|mirrored|Warrior+Shaman_vs_Mage+Shaman,Warrior+Shaman,Mage+Shaman,22,team2,kill,16.22
BasicArena|mirrored|Warrior+Shaman_vs_Mage+Shaman,Warrior+Shaman,Mage+Shaman,23,team2,kill,14.80
BasicArena|mirrored|Warrior+Shaman_vs_Mage+Shaman,Warrior+Shaman,Mage+Shaman,24,team2,kill,16.10
BasicArena|mirrored|Warrior+Shaman_vs_Mage+Shaman,Warrior+Shaman,Mage+Shaman,25,team2,kill,16.22
BasicArena|mirrored|Warrior+Shaman_vs_Mage+Shaman,Warrior+Shaman,Mage+Shaman,26,team2,kill,17.87
BasicArena|mirrored|Warrior+Shaman_vs_Mage+Shaman,Warrior+Shaman,Mage+Shaman,27,team2,kill,16.22
BasicArena|mirrored|Warrior+Shaman_vs_Mage+Shaman,Warrior+Shaman,Mage+Shaman,28,team2,kill,16.20
BasicArena|mirrored|Warrior+Shaman_vs_Mage+Shaman,Warrior+Shaman,Mage+Shaman,29,team2,kill,16.22
BasicArena|mirrored|Warrior+Shaman_vs_Mage+Shaman,Warrior+Shaman,Mage+Shaman,30,team2,kill,17.70
BasicArena|mirrored|Warrior+Shaman_vs_Mage+Shaman,Warrior+Shaman,Mage+Shaman,31,team2,kill,16.22
BasicArena|mirrored|Warrior+Shaman_vs_Mage+Shaman,Warrior+Shaman,Mage+Shaman,32,team2,kill,16.22
BasicArena|mirrored|Warrior+Shaman_vs_Mage+Shaman,Warrior+Shaman,Mage+Shaman,33,team2,kill,17.92
BasicArena|mirrored|Warrior+Shaman_vs_Mage+Shaman,Warrior+Shaman,Mage+Shaman,34,team2,kill,16.22
BasicArena|mirrored|Warrior+Shaman_vs_Mage+Shaman,Warrior+Shaman,Mage+Shaman,35,team2,kill,16.22
BasicArena|mirrored|Warrior+Shaman_vs_Mage+Shaman,Warrior+Shaman,Mage+Shaman,36,team2,kill,15.28
BasicArena|mirrored|Warrior+Shaman_vs_Mage+Shaman,Warrior+Shaman,Mage+Shaman,37,team2,kill,16.22
BasicArena|mirrored|Warrior+Shaman_vs_Mage+Shaman,Warrior+Shaman,Mage+Shaman,38,team2,kill,16.22
BasicArena|mirrored|Warrior+Shaman_vs_Mage+Shaman,Warrior+Shaman,Mage+Shaman,39,team2,kill,16.22
BasicArena|mirrored|Warrior+Shaman_vs_Mage+Shaman,Warrior+Shaman,Mage+Shaman,40,team2,kill,16.22
BasicArena|mirrored|Warrior+Shaman_vs_Mage+Shaman,Warrior+Shaman,Mage+Shaman,41,team2,kill,15.28
BasicArena|mirrored|Warrior+Shaman_vs_Mage+Shaman,Warrior+Shaman,Mage+Shaman,42,team2,kill,16.22
BasicArena|mirrored|Warrior+Shaman_vs_Mage+Shaman,Warrior+Shaman,Mage+Shaman,43,team2,kill,17.75
BasicArena|mirrored|Warrior+Shaman_vs_Mage+Shaman,Warrior+Shaman,Mage+Shaman,44,team2,kill,16.22
BasicArena|mirrored|Warrior+Shaman_vs_Mage+Shaman,Warrior+Shaman,Mage+Shaman,45,team2,kill,16.22
BasicArena|mirrored|Warrior+Shaman_vs_Mage+Shaman,Warrior+Shaman,Mage+Shaman,46,team2,kill,16.22
BasicArena|mirrored|Warrior+Shaman_vs_Mage+Shaman,Warrior+Shaman,Mage+Shaman,47,team2,kill,17.87
BasicArena|mirrored|Warrior+Shaman_vs_Mage+Shaman,Warrior+Shaman,Mage+Shaman,48,team2,kill,16.22
BasicArena|mirrored|Warrior+Shaman_vs_Mage+Shaman,Warrior+Shaman,Mage+Shaman,49,team2,kill,16.22
BasicArena|mirrored|Warrior+Shaman_vs_Mage+Shaman,Warrior+Shaman,Mage+Shaman,50,team2,kill,16.22
BasicArena|mirrored|Warrior+Shaman_vs_Mage+Shaman,Warrior+Shaman,Mage+Shaman,51,team2,kill,16.22
BasicArena|mirrored|Warrior+Shaman_vs_Mage+Shaman,Warrior+Shaman,Mage+Shaman,52,team2,kill,16.22
BasicArena|mirrored|Warrior+Shaman_vs_Mage+Shaman,Warrior+Shaman,Mage+Shaman,53,team2,kill,16.22
BasicArena|mirrored|Warrior+Shaman_vs_Mage+Shaman,Warrior+Shaman,Mage+Shaman,54,team2,kill,16.22
BasicArena|mirrored|Warrior+Shaman_vs_Mage+Shaman,Warrior+Shaman,Mage+Shaman,55,team2,kill,17.87
BasicArena|mirrored|Warrior+Shaman_vs_Mage+Shaman,Warrior+Shaman,Mage+Shaman,56,team2,kill,16.28
BasicArena|mirrored|Warrior+Shaman_vs_Mage+Shaman,Warrior+Shaman,Mage+Shaman,57,team2,kill,16.22
BasicArena|mirrored|Warrior+Shaman_vs_Mage+Shaman,Warrior+Shaman,Mage+Shaman,58,team2,kill,16.22
BasicArena|mirrored|Warrior+Shaman_vs_Mage+Shaman,Warrior+Shaman,Mage+Shaman,59,team2,kill,16.22
BasicArena|mirrored|Warrior+Shaman_vs_Mage+Shaman,Warrior+Shaman,Mage+Shaman,60,team2,kill,16.28
BasicArena|mirrored|Warrior+Shaman_vs_Mage+Shaman,Warrior+Shaman,Mage+Shaman,61,team2,kill,16.23
BasicArena|mirrored|Warrior+Shaman_vs_Mage+Shaman,Warrior+Shaman,Mage+Shaman,62,team2,kill,15.28
BasicArena|mirrored|Warrior+Shaman_vs_Mage+Shaman,Warrior+Shaman,Mage+Shaman,63,team2,kill,17.87
BasicArena|mirrored|Warrior+Shaman_vs_Mage+Shaman,Warrior+Shaman,Mage+Shaman,64,team2,kill,16.22
BasicArena|mirrored|Warrior+Shaman_vs_Mage+Shaman,Warrior+Shaman,Mage+Shaman,65,team2,kill,16.22
BasicArena|mirrored|Warrior+Shaman_vs_Mage+Shaman,Warrior+Shaman,Mage+Shaman,66,team2,kill,16.20
BasicArena|mirrored|Warrior+Shaman_vs_Mage+Shaman,Warrior+Shaman,Mage+Shaman,67,team2,kill,16.22
BasicArena|mirrored|Warrior+Shaman_vs_Mage+Shaman,Warrior+Shaman,Mage+Shaman,68,team2,kill,16.28
BasicArena|mirrored|Warrior+Shaman_vs_Mage+Shaman,Warrior+Shaman,Mage+Shaman,69,team2,kill,16.22
BasicArena|mirrored|Warrior+Shaman_vs_Mage+Shaman,Warrior+Shaman,Mage+Shaman,70,team2,kill,17.87
BasicArena|mirrored|Warrior+Shaman_vs_Mage+Shaman,Warrior+Shaman,Mage+Shaman,71,team2,kill,17.92
BasicArena|mirrored|Warrior+Shaman_vs_Mage+Shaman,Warrior+Shaman,Mage+Shaman,72,team2,kill,17.82
BasicArena|mirrored|Warrior+Shaman_vs_Mage+Shaman,Warrior+Shaman,Mage+Shaman,73,team2,kill,16.22
BasicArena|mirrored|Warrior+Shaman_vs_Mage+Shaman,Warrior+Shaman,Mage+Shaman,74,team2,kill,16.20
BasicArena|mirrored|Warrior+Shaman_vs_Mage+Shaman,Warrior+Shaman,Mage+Shaman,75,team2,kill,16.22
BasicArena|mirrored|Warrior+Shaman_vs_Mage+Shaman,Warrior+Shaman,Mage+Shaman,76,team2,kill,16.22
BasicArena|mirrored|Warrior+Shaman_vs_Mage+Shaman,Warrior+Shaman,Mage+Shaman,77,team2,kill,16.22
BasicArena|mirrored|Warrior+Shaman_vs_Mage+Shaman,Warrior+Shaman,Mage+Shaman,78,team2,kill,16.22
BasicArena|mirrored|Warrior+Shaman_vs_Mage+Shaman,Warrior+Shaman,Mage+Shaman,79,team2,kill,16.22
BasicArena|mirrored|Warrior+Shaman_vs_Mage+Shaman,Warrior+Shaman,Mage+Shaman,80,team2,kill,25.35
BasicArena|mirrored|Warrior+Shaman_vs_Mage+Shaman,Warrior+Shaman,Mage+Shaman,81,team2,kill,15.28
BasicArena|mirrored|Warrior+Shaman_vs_Mage+Shaman,Warrior+Shaman,Mage+Shaman,82,team2,kill,16.17
BasicArena|mirrored|Warrior+Shaman_vs_Mage+Shaman,Warrior+Shaman,Mage+Shaman,83,team2,kill,15.28
BasicArena|mirrored|Warrior+Shaman_vs_Mage+Shaman,Warrior+Shaman,Mage+Shaman,84,team2,kill,16.22
BasicArena|mirrored|Warrior+Shaman_vs_Mage+Shaman,Warrior+Shaman,Mage+Shaman,85,team2,kill,16.35
BasicArena|mirrored|Warrior+Shaman_vs_Mage+Shaman,Warrior+Shaman,Mage+Shaman,86,team2,kill,17.87
BasicArena|mirrored|Warrior+Shaman_vs_Mage+Shaman,Warrior+Shaman,Mage+Shaman,87,team2,kill,16.22
BasicArena|mirrored|Warrior+Shaman_vs_Mage+Shaman,Warrior+Shaman,Mage+Shaman,88,team2,kill,19.28
BasicArena|mirrored|Warrior+Shaman_vs_Mage+Shaman,Warrior+Shaman,Mage+Shaman,89,team2,kill,16.22
BasicArena|mirrored|Warrior+Shaman_vs_Mage+Shaman,Warrior+Shaman,Mage+Shaman,90,team2,kill,19.28
BasicArena|mirrored|Warrior+Shaman_vs_Mage+Shaman,Warrior+Shaman,Mage+Shaman,91,team2,kill,16.22
BasicArena|mirrored|Warrior+Shaman_vs_Mage+Shaman,Warrior+Shaman,Mage+Shaman,92,team2,kill,16.22
BasicArena|mirrored|Warrior+Shaman_vs_Mage+Shaman,Warrior+Shaman,Mage+Shaman,93,team2,kill,15.28
BasicArena|mirrored|Warrior+Shaman_vs_Mage+Shaman,Warrior+Shaman,Mage+Shaman,94,team2,kill,17.87
BasicArena|mirrored|Warrior+Shaman_vs_Mage+Shaman,Warrior+Shaman,Mage+Shaman,95,team2,kill,17.78
BasicArena|mirrored|Warrior+Shaman_vs_Mage+Shaman,Warrior+Shaman,Mage+Shaman,96,team2,kill,16.20
BasicArena|mirrored|Warrior+Shaman_vs_Mage+Shaman,Warrior+Shaman,Mage+Shaman,97,team2,kill,17.78
BasicArena|mirrored|Warrior+Shaman_vs_Mage+Shaman,Warrior+Shaman,Mage+Shaman,98,team2,kill,16.28
BasicArena|mirrored|Warrior+Shaman_vs_Mage+Shaman,Warrior+Shaman,Mage+Shaman,99,team2,kill,17.92
BasicArena|mirrored|Rogue+Shaman_vs_Hunter+Shaman,Rogue+Shaman,Hunter+Shaman,0,team1,kill,57.87
BasicArena|mirrored|Rogue+Shaman_vs_Hunter+Shaman,Rogue+Shaman,Hunter+Shaman,1,team1,kill,51.12
BasicArena|mirrored|Rogue+Shaman_vs_Hunter+Shaman,Rogue+Shaman,Hunter+Shaman,2,team1,kill,51.12
BasicArena|mirrored|Rogue+Shaman_vs_Hunter+Shaman,Rogue+Shaman,Hunter+Shaman,3,team1,kill,57.87
BasicArena|mirrored|Rogue+Shaman_vs_Hunter+Shaman,Rogue+Shaman,Hunter+Shaman,4,team1,kill,51.40
BasicArena|mirrored|Rogue+Shaman_vs_Hunter+Shaman,Rogue+Shaman,Hunter+Shaman,5,team1,kill,50.02
BasicArena|mirrored|Rogue+Shaman_vs_Hunter+Shaman,Rogue+Shaman,Hunter+Shaman,6,team1,kill,39.42
BasicArena|mirrored|Rogue+Shaman_vs_Hunter+Shaman,Rogue+Shaman,Hunter+Shaman,7,team1,kill,35.40
BasicArena|mirrored|Rogue+Shaman_vs_Hunter+Shaman,Rogue+Shaman,Hunter+Shaman,8,team1,kill,52.13
BasicArena|mirrored|Rogue+Shaman_vs_Hunter+Shaman,Rogue+Shaman,Hunter+Shaman,9,team1,kill,38.00
BasicArena|mirrored|Rogue+Shaman_vs_Hunter+Shaman,Rogue+Shaman,Hunter+Shaman,10,team1,kill,39.93
BasicArena|mirrored|Rogue+Shaman_vs_Hunter+Shaman,Rogue+Shaman,Hunter+Shaman,11,team1,kill,57.87
BasicArena|mirrored|Rogue+Shaman_vs_Hunter+Shaman,Rogue+Shaman,Hunter+Shaman,12,team1,kill,51.12
BasicArena|mirrored|Rogue+Shaman_vs_Hunter+Shaman,Rogue+Shaman,Hunter+Shaman,13,team1,kill,51.12
BasicArena|mirrored|Rogue+Shaman_vs_Hunter+Shaman,Rogue+Shaman,Hunter+Shaman,14,team1,kill,57.87
BasicArena|mirrored|Rogue+Shaman_vs_Hunter+Shaman,Rogue+Shaman,Hunter+Shaman,15,team1,kill,50.13
BasicArena|mirrored|Rogue+Shaman_vs_Hunter+Shaman,Rogue+Shaman,Hunter+Shaman,16,team1,kill,56.63
BasicArena|mirrored|Rogue+Shaman_vs_Hunter+Shaman,Rogue+Shaman,Hunter+Shaman,17,team1,kill,51.15
BasicArena|mirrored|Rogue+Shaman_vs_Hunter+Shaman,Rogue+Shaman,Hunter+Shaman,18,team1,kill,52.13
BasicArena|mirrored|Rogue+Shaman_vs_Hunter+Shaman,Rogue+Shaman,Hunter+Shaman,19,team1,kill,57.87
BasicArena|mirrored|Rogue+Shaman_vs_Hunter+Shaman,Rogue+Shaman,Hunter+Shaman,20,team1,kill,51.57
BasicArena|mirrored|Rogue+Shaman_vs_Hunter+Shaman,Rogue+Shaman,Hunter+Shaman,21,team1,kill,68.15
BasicArena|mirrored|Rogue+Shaman_vs_Hunter+Shaman,Rogue+Shaman,Hunter+Shaman,22,team1,kill,68.32
BasicArena|mirrored|Rogue+Shaman_vs_Hunter+Shaman,Rogue+Shaman,Hunter+Shaman,23,team1,kill,54.22
BasicArena|mirrored|Rogue+Shaman_vs_Hunter+Shaman,Rogue+Shaman,Hunter+Shaman,24,team2,kill,21.90
BasicArena|mirrored|Rogue+Shaman_vs_Hunter+Shaman,Rogue+Shaman,Hunter+Shaman,25,team1,kill,51.12
BasicArena|mirrored|Rogue+Shaman_vs_Hunter+Shaman,Rogue+Shaman,Hunter+Shaman,26,team1,kill,50.83
BasicArena|mirrored|Rogue+Shaman_vs_Hunter+Shaman,Rogue+Shaman,Hunter+Shaman,27,team1,kill,66.80
BasicArena|mirrored|Rogue+Shaman_vs_Hunter+Shaman,Rogue+Shaman,Hunter+Shaman,28,team1,kill,42.00
BasicArena|mirrored|Rogue+Shaman_vs_Hunter+Shaman,Rogue+Shaman,Hunter+Shaman,29,team1,kill,54.05
BasicArena|mirrored|Rogue+Shaman_vs_Hunter+Shaman,Rogue+Shaman,Hunter+Shaman,30,team2,kill,21.90
BasicArena|mirrored|Rogue+Shaman_vs_Hunter+Shaman,Rogue+Shaman,Hunter+Shaman,31,team1,kill,51.12
BasicArena|mirrored|Rogue+Shaman_vs_Hunter+Shaman,Rogue+Shaman,Hunter+Shaman,32,team2,kill,19.57
BasicArena|mirrored|Rogue+Shaman_vs_Hunter+Shaman,Rogue+Shaman,Hunter+Shaman,33,team1,kill,55.73
BasicArena|mirrored|Rogue+Shaman_vs_Hunter+Shaman,Rogue+Shaman,Hunter+Shaman,34,team1,kill,37.72
BasicArena|mirrored|Rogue+Shaman_vs_Hunter+Shaman,Rogue+Shaman,Hunter+Shaman,35,team1,kill,51.13
BasicArena|mirrored|Rogue+Shaman_vs_Hunter+Shaman,Rogue+Shaman,Hunter+Shaman,36,team1,kill,38.23
BasicArena|mirrored|Rogue+Shaman_vs_Hunter+Shaman,Rogue+Shaman,Hunter+Shaman,37,team1,kill,52.17
BasicArena|mirrored|Rogue+Shaman_vs_Hunter+Shaman,Rogue+Shaman,Hunter+Shaman,38,team1,kill,56.68
BasicArena|mirrored|Rogue+Shaman_vs_Hunter+Shaman,Rogue+Shaman,Hunter+Shaman,39,team1,kill,59.10
BasicArena|mirrored|Rogue+Shaman_vs_Hunter+Shaman,Rogue+Shaman,Hunter+Shaman,40,team1,kill,39.88
BasicArena|mirrored|Rogue+Shaman_vs_Hunter+Shaman,Rogue+Shaman,Hunter+Shaman,41,team1,kill,51.12
BasicArena|mirrored|Rogue+Shaman_vs_Hunter+Shaman,Rogue+Shaman,Hunter+Shaman,42,team2,kill,21.90
BasicArena|mirrored|Rogue+Shaman_vs_Hunter+Shaman,Rogue+Shaman,Hunter+Shaman,43,team1,kill,56.35
BasicArena|mirrored|Rogue+Shaman_vs_Hunter+Shaman,Rogue+Shaman,Hunter+Shaman,44,team1,kill,54.25
BasicArena|mirrored|Rogue+Shaman_vs_Hunter+Shaman,Rogue+Shaman,Hunter+Shaman,45,team1,kill,39.47
BasicArena|mirrored|Rogue+Shaman_vs_Hunter+Shaman,Rogue+Shaman,Hunter+Shaman,46,team1,kill,56.35
BasicArena|mirrored|Rogue+Shaman_vs_Hunter+Shaman,Rogue+Shaman,Hunter+Shaman,47,team1,kill,59.57
BasicArena|mirrored|Rogue+Shaman_vs_Hunter+Shaman,Rogue+Shaman,Hunter+Shaman,48,team1,kill,67.75
BasicArena|mirrored|Rogue+Shaman_vs_Hunter+Shaman,Rogue+Shaman,Hunter+Shaman,49,team1,kill,52.17
BasicArena|mirrored|Rogue+Shaman_vs_Hunter+Shaman,Rogue+Shaman,Hunter+Shaman,50,team1,kill,39.52
BasicArena|mirrored|Rogue+Shaman_vs_Hunter+Shaman,Rogue+Shaman,Hunter+Shaman,51,team1,kill,50.83
BasicArena|mirrored|Rogue+Shaman_vs_Hunter+Shaman,Rogue+Shaman,Hunter+Shaman,52,team1,kill,49.78
BasicArena|mirrored|Rogue+Shaman_vs_Hunter+Shaman,Rogue+Shaman,Hunter+Shaman,53,team1,kill,40.60
BasicArena|mirrored|Rogue+Shaman_vs_Hunter+Shaman,Rogue+Shaman,Hunter+Shaman,54,team1,kill,52.13
BasicArena|mirrored|Rogue+Shaman_vs_Hunter+Shaman,Rogue+Shaman,Hunter+Shaman,55,team1,kill,51.15
BasicArena|mirrored|Rogue+Shaman_vs_Hunter+Shaman,Rogue+Shaman,Hunter+Shaman,56,team1,kill,52.13
BasicArena|mirrored|Rogue+Shaman_vs_Hunter+Shaman,Rogue+Shaman,Hunter+Shaman,57,team2,kill,21.93
BasicArena|mirrored|Rogue+Shaman_vs_Hunter+Shaman,Rogue+Shaman,Hunter+Shaman,58,team1,kill,57.57
BasicArena|mirrored|Rogue+Shaman_vs_Hunter+Shaman,Rogue+Shaman,Hunter+Shaman,59,team1,kill,52.13
BasicArena|mirrored|Rogue+Shaman_vs_Hunter+Shaman,Rogue+Shaman,Hunter+Shaman,60,team1,kill,51.12
BasicArena|mirrored|Rogue+Shaman_vs_Hunter+Shaman,Rogue+Shaman,Hunter+Shaman,61,team1,kill,51.12
BasicArena|mirrored|Rogue+Shaman_vs_Hunter+Shaman,Rogue+Shaman,Hunter+Shaman,62,team1,kill,52.17
BasicArena|mirrored|Rogue+Shaman_vs_Hunter+Shaman,Rogue+Shaman,Hunter+Shaman,63,team1,kill,52.17
BasicArena|mirrored|Rogue+Shaman_vs_Hunter+Shaman,Rogue+Shaman,Hunter+Shaman,64,team1,kill,59.42
BasicArena|mirrored|Rogue+Shaman_vs_Hunter+Shaman,Rogue+Shaman,Hunter+Shaman,65,team1,kill,41.97
BasicArena|mirrored|Rogue+Shaman_vs_Hunter+Shaman,Rogue+Shaman,Hunter+Shaman,66,team1,kill,42.00
BasicArena|mirrored|Rogue+Shaman_vs_Hunter+Shaman,Rogue+Shaman,Hunter+Shaman,67,team1,kill,51.12
BasicArena|mirrored|Rogue+Shaman_vs_Hunter+Shaman,Rogue+Shaman,Hunter+Shaman,68,team1,kill,52.13
BasicArena|mirrored|Rogue+Shaman_vs_Hunter+Shaman,Rogue+Shaman,Hunter+Shaman,69,team1,kill,40.30
BasicArena|mirrored|Rogue+Shaman_vs_Hunter+Shaman,Rogue+Shaman,Hunter+Shaman,70,team1,kill,39.52
BasicArena|mirrored|Rogue+Shaman_vs_Hunter+Shaman,Rogue+Shaman,Hunter+Shaman,71,team1,kill,51.15
BasicArena|mirrored|Rogue+Shaman_vs_Hunter+Shaman,Rogue+Shaman,Hunter+Shaman,72,team1,kill,50.43
BasicArena|mirrored|Rogue+Shaman_vs_Hunter+Shaman,Rogue+Shaman,Hunter+Shaman,73,team1,kill,56.48
BasicArena|mirrored|Rogue+Shaman_vs_Hunter+Shaman,Rogue+Shaman,Hunter+Shaman,74,team1,kill,41.97
BasicArena|mirrored|Rogue+Shaman_vs_Hunter+Shaman,Rogue+Shaman,Hunter+Shaman,75,team1,kill,54.27
BasicArena|mirrored|Rogue+Shaman_vs_Hunter+Shaman,Rogue+Shaman,Hunter+Shaman,76,team1,kill,40.98
BasicArena|mirrored|Rogue+Shaman_vs_Hunter+Shaman,Rogue+Shaman,Hunter+Shaman,77,team1,kill,68.17
BasicArena|mirrored|Rogue+Shaman_vs_Hunter+Shaman,Rogue+Shaman,Hunter+Shaman,78,team1,kill,52.17
BasicArena|mirrored|Rogue+Shaman_vs_Hunter+Shaman,Rogue+Shaman,Hunter+Shaman,79,team1,kill,55.13
BasicArena|mirrored|Rogue+Shaman_vs_Hunter+Shaman,Rogue+Shaman,Hunter+Shaman,80,team1,kill,39.52
BasicArena|mirrored|Rogue+Shaman_vs_Hunter+Shaman,Rogue+Shaman,Hunter+Shaman,81,team1,kill,52.17
BasicArena|mirrored|Rogue+Shaman_vs_Hunter+Shaman,Rogue+Shaman,Hunter+Shaman,82,team1,kill,51.70
BasicArena|mirrored|Rogue+Shaman_vs_Hunter+Shaman,Rogue+Shaman,Hunter+Shaman,83,team1,kill,52.17
BasicArena|mirrored|Rogue+Shaman_vs_Hunter+Shaman,Rogue+Shaman,Hunter+Shaman,84,team1,kill,57.77
BasicArena|mirrored|Rogue+Shaman_vs_Hunter+Shaman,Rogue+Shaman,Hunter+Shaman,85,team1,kill,51.12
BasicArena|mirrored|Rogue+Shaman_vs_Hunter+Shaman,Rogue+Shaman,Hunter+Shaman,86,team1,kill,40.60
BasicArena|mirrored|Rogue+Shaman_vs_Hunter+Shaman,Rogue+Shaman,Hunter+Shaman,87,team1,kill,51.12
BasicArena|mirrored|Rogue+Shaman_vs_Hunter+Shaman,Rogue+Shaman,Hunter+Shaman,88,team1,kill,44.58
BasicArena|mirrored|Rogue+Shaman_vs_Hunter+Shaman,Rogue+Shaman,Hunter+Shaman,89,team1,kill,39.47
BasicArena|mirrored|Rogue+Shaman_vs_Hunter+Shaman,Rogue+Shaman,Hunter+Shaman,90,team1,kill,45.33
BasicArena|mirrored|Rogue+Shaman_vs_Hunter+Shaman,Rogue+Shaman,Hunter+Shaman,91,team1,kill,68.22
BasicArena|mirrored|Rogue+Shaman_vs_Hunter+Shaman,Rogue+Shaman,Hunter+Shaman,92,team1,kill,59.37
BasicArena|mirrored|Rogue+Shaman_vs_Hunter+Shaman,Rogue+Shaman,Hunter+Shaman,93,team1,kill,38.23
BasicArena|mirrored|Rogue+Shaman_vs_Hunter+Shaman,Rogue+Shaman,Hunter+Shaman,94,team1,kill,57.60
BasicArena|mirrored|Rogue+Shaman_vs_Hunter+Shaman,Rogue+Shaman,Hunter+Shaman,95,team1,kill,37.72
BasicArena|mirrored|Rogue+Shaman_vs_Hunter+Shaman,Rogue+Shaman,Hunter+Shaman,96,team1,kill,56.63
BasicArena|mirrored|Rogue+Shaman_vs_Hunter+Shaman,Rogue+Shaman,Hunter+Shaman,97,team1,kill,52.72
BasicArena|mirrored|Rogue+Shaman_vs_Hunter+Shaman,Rogue+Shaman,Hunter+Shaman,98,team1,kill,51.15
BasicArena|mirrored|Rogue+Shaman_vs_Hunter+Shaman,Rogue+Shaman,Hunter+Shaman,99,team1,kill,55.35
BasicArena|mirrored|Warlock+Shaman_vs_Warrior+Shaman,Warlock+Shaman,Warrior+Shaman,0,team2,kill,43.63
BasicArena|mirrored|Warlock+Shaman_vs_Warrior+Shaman,Warlock+Shaman,Warrior+Shaman,1,team2,kill,49.23
BasicArena|mirrored|Warlock+Shaman_vs_Warrior+Shaman,Warlock+Shaman,Warrior+Shaman,2,team2,kill,35.53
BasicArena|mirrored|Warlock+Shaman_vs_Warrior+Shaman,Warlock+Shaman,Warrior+Shaman,3,team1,kill,67.23
BasicArena|mirrored|Warlock+Shaman_vs_Warrior+Shaman,Warlock+Shaman,Warrior+Shaman,4,team1,kill,33.22
BasicArena|mirrored|Warlock+Shaman_vs_Warrior+Shaman,Warlock+Shaman,Warrior+Shaman,5,team2,kill,118.51
BasicArena|mirrored|Warlock+Shaman_vs_Warrior+Shaman,Warlock+Shaman,Warrior+Shaman,6,team1,kill,51.12
BasicArena|mirrored|Warlock+Shaman_vs_Warrior+Shaman,Warlock+Shaman,Warrior+Shaman,7,team1,kill,34.92
BasicArena|mirrored|Warlock+Shaman_vs_Warrior+Shaman,Warlock+Shaman,Warrior+Shaman,8,team2,kill,26.47
BasicArena|mirrored|Warlock+Shaman_vs_Warrior+Shaman,Warlock+Shaman,Warrior+Shaman,9,team1,kill,37.68
BasicArena|mirrored|Warlock+Shaman_vs_Warrior+Shaman,Warlock+Shaman,Warrior+Shaman,10,team2,kill,49.75
BasicArena|mirrored|Warlock+Shaman_vs_Warrior+Shaman,Warlock+Shaman,Warrior+Shaman,11,team1,kill,30.78
BasicArena|mirrored|Warlock+Shaman_vs_Warrior+Shaman,Warlock+Shaman,Warrior+Shaman,12,team1,kill,38.05
BasicArena|mirrored|Warlock+Shaman_vs_Warrior+Shaman,Warlock+Shaman,Warrior+Shaman,13,team1,kill,51.18
BasicArena|mirrored|Warlock+Shaman_vs_Warrior+Shaman,Warlock+Shaman,Warrior+Shaman,14,team1,kill,34.63
BasicArena|mirrored|Warlock+Shaman_vs_Warrior+Shaman,Warlock+Shaman,Warrior+Shaman,15,team2,kill,117.26
BasicArena|mirrored|Warlock+Shaman_vs_Warrior+Shaman,Warlock+Shaman,Warrior+Shaman,16,team2,kill,44.73
BasicArena|mirrored|Warlock+Shaman_vs_Warrior+Shaman,Warlock+Shaman,Warrior+Shaman,17,team2,kill,28.75
BasicArena|mirrored|Warlock+Shaman_vs_Warrior+Shaman,Warlock+Shaman,Warrior+Shaman,18,team1,kill,50.57
BasicArena|mirrored|Warlock+Shaman_vs_Warrior+Shaman,Warlock+Shaman,Warrior+Shaman,19,team2,kill,52.33
BasicArena|mirrored|Warlock+Shaman_vs_Warrior+Shaman,Warlock+Shaman,Warrior+Shaman,20,team1,kill,61.52
BasicArena|mirrored|Warlock+Shaman_vs_Warrior+Shaman,Warlock+Shaman,Warrior+Shaman,21,team2,kill,47.42
BasicArena|mirrored|Warlock+Shaman_vs_Warrior+Shaman,Warlock+Shaman,Warrior+Shaman,22,team2,kill,42.28
BasicArena|mirrored|Warlock+Shaman_vs_Warrior+Shaman,Warlock+Shaman,Warrior+Shaman,23,team1,kill,38.47
BasicArena|mirrored|Warlock+Shaman_vs_Warrior+Shaman,Warlock+Shaman,Warrior+Shaman,24,team2,kill,38.00
BasicArena|mirrored|Warlock+Shaman_vs_Warrior+Shaman,Warlock+Shaman,Warrior+Shaman,25,team1,kill,35.75
BasicArena|mirrored|Warlock+Shaman_vs_Warrior+Shaman,Warlock+Shaman,Warrior+Shaman,26,team2,kill,42.22
BasicArena|mirrored|Warlock+Shaman_vs_Warrior+Shaman,Warlock+Shaman,Warrior+Shaman,27,team1,kill,51.20
BasicArena|mirrored|Warlock+Shaman_vs_Warrior+Shaman,Warlock+Shaman,Warrior+Shaman,28,team1,kill,40.08
BasicArena|mirrored|Warlock+Shaman_vs_Warrior+Shaman,Warlock+Shaman,Warrior+Shaman,29,team1,kill,37.47
BasicArena|mirrored|Warlock+Shaman_vs_Warrior+Shaman,Warlock+Shaman,Warrior+Shaman,30,team2,kill,38.62
BasicArena|mirrored|Warlock+Shaman_vs_Warrior+Shaman,Warlock+Shaman,Warrior+Shaman,31,team1,kill,54.83
BasicArena|mirrored|Warlock+Shaman_vs_Warrior+Shaman,Warlock+Shaman,Warrior+Shaman,32,team2,kill,38.27
BasicArena|mirrored|Warlock+Shaman_vs_Warrior+Shaman,Warlock+Shaman,Warrior+Shaman,33,team2,kill,32.52
BasicArena|mirrored|Warlock+Shaman_vs_Warrior+Shaman,Warlock+Shaman,Warrior+Shaman,34,team1,kill,36.43
BasicArena|mirrored|Warlock+Shaman_vs_Warrior+Shaman,Warlock+Shaman,Warrior+Shaman,35,team1,kill,30.85
BasicArena|mirrored|Warlock+Shaman_vs_Warrior+Shaman,Warlock+Shaman,Warrior+Shaman,36,team1,kill,41.65
BasicArena|mirrored|Warlock+Shaman_vs_Warrior+Shaman,Warlock+Shaman,Warrior+Shaman,37,team1,kill,44.25
BasicArena|mirrored|Warlock+Shaman_vs_Warrior+Shaman,Warlock+Shaman,Warrior+Shaman,38,team2,kill,49.45
BasicArena|mirrored|Warlock+Shaman_vs_Warrior+Shaman,Warlock+Shaman,Warrior+Shaman,39,team1,kill,32.77
BasicArena|mirrored|Warlock+Shaman_vs_Warrior+Shaman,Warlock+Shaman,Warrior+Shaman,40,team2,kill,41.27
BasicArena|mirrored|Warlock+Shaman_vs_Warrior+Shaman,Warlock+Shaman,Warrior+Shaman,41,team1,kill,32.28
BasicArena|mirrored|Warlock+Shaman_vs_Warrior+Shaman,Warlock+Shaman,Warrior+Shaman,42,team1,kill,38.28
BasicArena|mirrored|Warlock+Shaman_vs_Warrior+Shaman,Warlock+Shaman,Warrior+Shaman,43,team2,kill,32.72
BasicArena|mirrored|Warlock+Shaman_vs_Warrior+Shaman,Warlock+Shaman,Warrior+Shaman,44,team2,kill,36.17
BasicArena|mirrored|Warlock+Shaman_vs_Warrior+Shaman,Warlock+Shaman,Warrior+Shaman,45,team2,kill,34.23
BasicArena|mirrored|Warlock+Shaman_vs_Warrior+Shaman,Warlock+Shaman,Warrior+Shaman,46,team1,kill,37.03
BasicArena|mirrored|Warlock+Shaman_vs_Warrior+Shaman,Warlock+Shaman,Warrior+Shaman,47,team2,kill,48.68
BasicArena|mirrored|Warlock+Shaman_vs_Warrior+Shaman,Warlock+Shaman,Warrior+Shaman,48,team2,kill,28.88
BasicArena|mirrored|Warlock+Shaman_vs_Warrior+Shaman,Warlock+Shaman,Warrior+Shaman,49,team1,kill,56.83
BasicArena|mirrored|Warlock+Shaman_vs_Warrior+Shaman,Warlock+Shaman,Warrior+Shaman,50,team1,kill,39.50
BasicArena|mirrored|Warlock+Shaman_vs_Warrior+Shaman,Warlock+Shaman,Warrior+Shaman,51,team2,kill,86.57
BasicArena|mirrored|Warlock+Shaman_vs_Warrior+Shaman,Warlock+Shaman,Warrior+Shaman,52,team1,kill,33.95
BasicArena|mirrored|Warlock+Shaman_vs_Warrior+Shaman,Warlock+Shaman,Warrior+Shaman,53,team2,kill,46.75
BasicArena|mirrored|Warlock+Shaman_vs_Warrior+Shaman,Warlock+Shaman,Warrior+Shaman,54,team1,kill,31.97
BasicArena|mirrored|Warlock+Shaman_vs_Warrior+Shaman,Warlock+Shaman,Warrior+Shaman,55,team1,kill,49.20
BasicArena|mirrored|Warlock+Shaman_vs_Warrior+Shaman,Warlock+Shaman,Warrior+Shaman,56,team2,kill,37.12
BasicArena|mirrored|Warlock+Shaman_vs_Warrior+Shaman,Warlock+Shaman,Warrior+Shaman,57,team2,kill,39.32
BasicArena|mirrored|Warlock+Shaman_vs_Warrior+Shaman,Warlock+Shaman,Warrior+Shaman,58,team1,kill,40.45
BasicArena|mirrored|Warlock+Shaman_vs_Warrior+Shaman,Warlock+Shaman,Warrior+Shaman,59,team2,kill,43.42
BasicArena|mirrored|Warlock+Shaman_vs_Warrior+Shaman,Warlock+Shaman,Warrior+Shaman,60,team2,kill,33.10
BasicArena|mirrored|Warlock+Shaman_vs_Warrior+Shaman,Warlock+Shaman,Warrior+Shaman,61,team1,kill,35.13
BasicArena|mirrored|Warlock+Shaman_vs_Warrior+Shaman,Warlock+Shaman,Warrior+Shaman,62,team1,kill,47.53
BasicArena|mirrored|Warlock+Shaman_vs_Warrior+Shaman,Warlock+Shaman,Warrior+Shaman,63,team2,kill,33.55
BasicArena|mirrored|Warlock+Shaman_vs_Warrior+Shaman,Warlock+Shaman,Warrior+Shaman,64,team1,kill,56.52
BasicArena|mirrored|Warlock+Shaman_vs_Warrior+Shaman,Warlock+Shaman,Warrior+Shaman,65,team1,kill,32.02
BasicArena|mirrored|Warlock+Shaman_vs_Warrior+Shaman,Warlock+Shaman,Warrior+Shaman,66,team1,kill,47.78
BasicArena|mirrored|Warlock+Shaman_vs_Warrior+Shaman,Warlock+Shaman,Warrior+Shaman,67,team1,kill,41.15
BasicArena|mirrored|Warlock+Shaman_vs_Warrior+Shaman,Warlock+Shaman,Warrior+Shaman,68,team1,kill,30.13
BasicArena|mirrored|Warlock+Shaman_vs_Warrior+Shaman,Warlock+Shaman,Warrior+Shaman,69,team1,kill,34.45
BasicArena|mirrored|Warlock+Shaman_vs_Warrior+Shaman,Warlock+Shaman,Warrior+Shaman,70,team2,kill,32.95
BasicArena|mirrored|Warlock+Shaman_vs_Warrior+Shaman,Warlock+Shaman,Warrior+Shaman,71,team2,kill,39.17
BasicArena|mirrored|Warlock+Shaman_vs_Warrior+Shaman,Warlock+Shaman,Warrior+Shaman,72,team2,kill,30.72
BasicArena|mirrored|Warlock+Shaman_vs_Warrior+Shaman,Warlock+Shaman,Warrior+Shaman,73,team1,kill,37.42
BasicArena|mirrored|Warlock+Shaman_vs_Warrior+Shaman,Warlock+Shaman,Warrior+Shaman,74,team1,kill,32.85
BasicArena|mirrored|Warlock+Shaman_vs_Warrior+Shaman,Warlock+Shaman,Warrior+Shaman,75,team1,kill,30.88
BasicArena|mirrored|Warlock+Shaman_vs_Warrior+Shaman,Warlock+Shaman,Warrior+Shaman,76,team1,kill,30.27
BasicArena|mirrored|Warlock+Shaman_vs_Warrior+Shaman,Warlock+Shaman,Warrior+Shaman,77,team1,kill,32.73
BasicArena|mirrored|Warlock+Shaman_vs_Warrior+Shaman,Warlock+Shaman,Warrior+Shaman,78,team1,kill,44.65
BasicArena|mirrored|Warlock+Shaman_vs_Warrior+Shaman,Warlock+Shaman,Warrior+Shaman,79,team1,kill,46.88
BasicArena|mirrored|Warlock+Shaman_vs_Warrior+Shaman,Warlock+Shaman,Warrior+Shaman,80,team1,kill,54.80
BasicArena|mirrored|Warlock+Shaman_vs_Warrior+Shaman,Warlock+Shaman,Warrior+Shaman,81,team2,kill,45.18
BasicArena|mirrored|Warlock+Shaman_vs_Warrior+Shaman,Warlock+Shaman,Warrior+Shaman,82,team1,kill,58.50
BasicArena|mirrored|Warlock+Shaman_vs_Warrior+Shaman,Warlock+Shaman,Warrior+Shaman,83,team1,kill,34.47
BasicArena|mirrored|Warlock+Shaman_vs_Warrior+Shaman,Warlock+Shaman,Warrior+Shaman,84,team1,kill,38.25
BasicArena|mirrored|Warlock+Shaman_vs_Warrior+Shaman,Warlock+Shaman,Warrior+Shaman,85,team1,kill,34.42
BasicArena|mirrored|Warlock+Shaman_vs_Warrior+Shaman,Warlock+Shaman,Warrior+Shaman,86,team1,kill,37.63
BasicArena|mirrored|Warlock+Shaman_vs_Warrior+Shaman,Warlock+Shaman,Warrior+Shaman,87,team1,kill,34.92
BasicArena|mirrored|Warlock+Shaman_vs_Warrior+Shaman,Warlock+Shaman,Warrior+Shaman,88,team1,kill,28.73
BasicArena|mirrored|Warlock+Shaman_vs_Warrior+Shaman,Warlock+Shaman,Warrior+Shaman,89,team2,kill,36.57
BasicArena|mirrored|Warlock+Shaman_vs_Warrior+Shaman,Warlock+Shaman,Warrior+Shaman,90,team1,kill,36.22
BasicArena|mirrored|Warlock+Shaman_vs_Warrior+Shaman,Warlock+Shaman,Warrior+Shaman,91,team1,kill,39.22
BasicArena|mirrored|Warlock+Shaman_vs_Warrior+Shaman,Warlock+Shaman,Warrior+Shaman,92,team1,kill,37.93
BasicArena|mirrored|Warlock+Shaman_vs_Warrior+Shaman,Warlock+Shaman,Warrior+Shaman,93,team1,kill,37.97
BasicArena|mirrored|Warlock+Shaman_vs_Warrior+Shaman,Warlock+Shaman,Warrior+Shaman,94,team2,kill,34.35
BasicArena|mirrored|Warlock+Shaman_vs_Warrior+Shaman,Warlock+Shaman,Warrior+Shaman,95,team1,kill,47.13
BasicArena|mirrored|Warlock+Shaman_vs_Warrior+Shaman,Warlock+Shaman,Warrior+Shaman,96,team2,kill,36.80
BasicArena|mirrored|Warlock+Shaman_vs_Warrior+Shaman,Warlock+Shaman,Warrior+Shaman,97,team1,kill,66.03
BasicArena|mirrored|Warlock+Shaman_vs_Warrior+Shaman,Warlock+Shaman,Warrior+Shaman,98,team1,kill,37.58
BasicArena|mirrored|Warlock+Shaman_vs_Warrior+Shaman,Warlock+Shaman,Warrior+Shaman,99,team1,kill,73.38
BasicArena|mirrored|Mage+Shaman_vs_Rogue+Shaman,Mage+Shaman,Rogue+Shaman,0,team1,kill,39.00
BasicArena|mirrored|Mage+Shaman_vs_Rogue+Shaman,Mage+Shaman,Rogue+Shaman,1,team2,kill,49.10
BasicArena|mirrored|Mage+Shaman_vs_Rogue+Shaman,Mage+Shaman,Rogue+Shaman,2,team1,kill,36.48
BasicArena|mirrored|Mage+Shaman_vs_Rogue+Shaman,Mage+Shaman,Rogue+Shaman,3,team1,kill,32.32
BasicArena|mirrored|Mage+Shaman_vs_Rogue+Shaman,Mage+Shaman,Rogue+Shaman,4,team1,kill,36.60
BasicArena|mirrored|Mage+Shaman_vs_Rogue+Shaman,Mage+Shaman,Rogue+Shaman,5,team1,kill,36.38
BasicArena|mirrored|Mage+Shaman_vs_Rogue+Shaman,Mage+Shaman,Rogue+Shaman,6,team2,kill,35.43
BasicArena|mirrored|Mage+Shaman_vs_Rogue+Shaman,Mage+Shaman,Rogue+Shaman,7,team2,kill,28.33
BasicArena|mirrored|Mage+Shaman_vs_Rogue+Shaman,Mage+Shaman,Rogue+Shaman,8,team2,kill,24.33
BasicArena|mirrored|Mage+Shaman_vs_Rogue+Shaman,Mage+Shaman,Rogue+Shaman,9,team2,kill,48.08
BasicArena|mirrored|Mage+Shaman_vs_Rogue+Shaman,Mage+Shaman,Rogue+Shaman,10,team1,kill,42.97
BasicArena|mirrored|Mage+Shaman_vs_Rogue+Shaman,Mage+Shaman,Rogue+Shaman,11,team1,kill,39.00
BasicArena|mirrored|Mage+Shaman_vs_Rogue+Shaman,Mage+Shaman,Rogue+Shaman,12,team1,kill,47.38
BasicArena|mirrored|Mage+Shaman_vs_Rogue+Shaman,Mage+Shaman,Rogue+Shaman,13,team1,kill,42.43
BasicArena|mirrored|Mage+Shaman_vs_Rogue+Shaman,Mage+Shaman,Rogue+Shaman,14,team2,kill,52.88
BasicArena|mirrored|Mage+Shaman_vs_Rogue+Shaman,Mage+Shaman,Rogue+Shaman,15,team1,kill,32.32
BasicArena|mirrored|Mage+Shaman_vs_Rogue+Shaman,Mage+Shaman,Rogue+Shaman,16,team1,kill,30.40
BasicArena|mirrored|Mage+Shaman_vs_Rogue+Shaman,Mage+Shaman,Rogue+Shaman,17,team1,kill,29.55
BasicArena|mirrored|Mage+Shaman_vs_Rogue+Shaman,Mage+Shaman,Rogue+Shaman,18,team1,kill,39.00
BasicArena|mirrored|Mage+Shaman_vs_Rogue+Shaman,Mage+Shaman,Rogue+Shaman,19,team2,kill,47.32
BasicArena|mirrored|Mage+Shaman_vs_Rogue+Shaman,Mage+Shaman,Rogue+Shaman,20,team1,kill,37.88
BasicArena|mirrored|Mage+Shaman_vs_Rogue+Shaman,Mage+Shaman,Rogue+Shaman,21,team2,kill,24.83
BasicArena|mirrored|Mage+Shaman_vs_Rogue+Shaman,Mage+Shaman,Rogue+Shaman,22,team1,kill,35.58
BasicArena|mirrored|Mage+Shaman_vs_Rogue+Shaman,Mage+Shaman,Rogue+Shaman,23,team1,kill,26.13
BasicArena|mirrored|Mage+Shaman_vs_Rogue+Shaman,Mage+Shaman,Rogue+Shaman,24,team1,kill,39.00
BasicArena|mirrored|Mage+Shaman_vs_Rogue+Shaman,Mage+Shaman,Rogue+Shaman,25,team1,kill,40.80
BasicArena|mirrored|Mage+Shaman_vs_Rogue+Shaman,Mage+Shaman,Rogue+Shaman,26,team1,kill,28.60
BasicArena|mirrored|Mage+Shaman_vs_Rogue+Shaman,Mage+Shaman,Rogue+Shaman,27,team1,kill,35.08
BasicArena|mirrored|Mage+Shaman_vs_Rogue+Shaman,Mage+Shaman,Rogue+Shaman,28,team1,kill,34.17
BasicArena|mirrored|Mage+Shaman_vs_Rogue+Shaman,Mage+Shaman,Rogue+Shaman,29,team1,kill,36.25
BasicArena|mirrored|Mage+Shaman_vs_Rogue+Shaman,Mage+Shaman,Rogue+Shaman,30,team2,kill,28.53
BasicArena|mirrored|Mage+Shaman_vs_Rogue+Shaman,Mage+Shaman,Rogue+Shaman,31,team1,kill,32.37
BasicArena|mirrored|Mage+Shaman_vs_Rogue+Shaman,Mage+Shaman,Rogue+Shaman,32,team2,kill,20.82
BasicArena|mirrored|Mage+Shaman_vs_Rogue+Shaman,Mage+Shaman,Rogue+Shaman,33,team1,kill,36.82
BasicArena|mirrored|Mage+Shaman_vs_Rogue+Shaman,Mage+Shaman,Rogue+Shaman,34,team1,kill,39.00
BasicArena|mirrored|Mage+Shaman_vs_Rogue+Shaman,Mage+Shaman,Rogue+Shaman,35,team2,kill,26.53
BasicArena|mirrored|Mage+Shaman_vs_Rogue+Shaman,Mage+Shaman,Rogue+Shaman,36,team2,kill,35.23
BasicArena|mirrored|Mage+Shaman_vs_Rogue+Shaman,Mage+Shaman,Rogue+Shaman,37,team2,kill,48.28
BasicArena|mirrored|Mage+Shaman_vs_Rogue+Shaman,Mage+Shaman,Rogue+Shaman,38,team1,kill,40.52
BasicArena|mirrored|Mage+Shaman_vs_Rogue+Shaman,Mage+Shaman,Rogue+Shaman,39,team1,kill,32.32
BasicArena|mirrored|Mage+Shaman_vs_Rogue+Shaman,Mage+Shaman,Rogue+Shaman,40,team1,kill,39.00
BasicArena|mirrored|Mage+Shaman_vs_Rogue+Shaman,Mage+Shaman,Rogue+Shaman,41,team1,kill,32.80
BasicArena|mirrored|Mage+Shaman_vs_Rogue+Shaman,Mage+Shaman,Rogue+Shaman,42,team2,kill,50.33
BasicArena|mirrored|Mage+Shaman_vs_Rogue+Shaman,Mage+Shaman,Rogue+Shaman,43,team1,kill,42.97
BasicArena|mirrored|Mage+Shaman_vs_Rogue+Shaman,Mage+Shaman,Rogue+Shaman,44,team2,kill,24.43
BasicArena|mirrored|Mage+Shaman_vs_Rogue+Shaman,Mage+Shaman,Rogue+Shaman,45,team1,kill,38.32
BasicArena|mirrored|Mage+Shaman_vs_Rogue+Shaman,Mage+Shaman,Rogue+Shaman,46,team1,kill,44.42
BasicArena|mirrored|Mage+Shaman_vs_Rogue+Shaman,Mage+Shaman,Rogue+Shaman,47,team1,kill,26.12
BasicArena|mirrored|Mage+Shaman_vs_Rogue+Shaman,Mage+Shaman,Rogue+Shaman,48,team2,kill,34.63
BasicArena|mirrored|Mage+Shaman_vs_Rogue+Shaman,Mage+Shaman,Rogue+Shaman,49,team1,kill,37.35
BasicArena|mirrored|Mage+Shaman_vs_Rogue+Shaman,Mage+Shaman,Rogue+Shaman,50,team1,kill,33.88
BasicArena|mirrored|Mage+Shaman_vs_Rogue+Shaman,Mage+Shaman,Rogue+Shaman,51,team2,kill,26.00
BasicArena|mirrored|Mage+Shaman_vs_Rogue+Shaman,Mage+Shaman,Rogue+Shaman,52,team1,kill,36.87
BasicArena|mirrored|Mage+Shaman_vs_Rogue+Shaman,Mage+Shaman,Rogue+Shaman,53,team2,kill,52.92
BasicArena|mirrored|Mage+Shaman_vs_Rogue+Shaman,Mage+Shaman,Rogue+Shaman,54,team2,kill,30.73
BasicArena|mirrored|Mage+Shaman_vs_Rogue+Shaman,Mage+Shaman,Rogue+Shaman,55,team1,kill,28.87
BasicArena|mirrored|Mage+Shaman_vs_Rogue+Shaman,Mage+Shaman,Rogue+Shaman,56,team2,kill,35.43
BasicArena|mirrored|Mage+Shaman_vs_Rogue+Shaman,Mage+Shaman,Rogue+Shaman,57,team1,kill,27.35
BasicArena|mirrored|Mage+Shaman_vs_Rogue+Shaman,Mage+Shaman,Rogue+Shaman,58,team2,kill,55.17
BasicArena|mirrored|Mage+Shaman_vs_Rogue+Shaman,Mage+Shaman,Rogue+Shaman,59,team1,kill,42.93
BasicArena|mirrored|Mage+Shaman_vs_Rogue+Shaman,Mage+Shaman,Rogue+Shaman,60,team1,kill,34.07
BasicArena|mirrored|Mage+Shaman_vs_Rogue+Shaman,Mage+Shaman,Rogue+Shaman,61,team2,kill,34.90
BasicArena|mirrored|Mage+Shaman_vs_Rogue+Shaman,Mage+Shaman,Rogue+Shaman,62,team2,kill,29.52
BasicArena|mirrored|Mage+Shaman_vs_Rogue+Shaman,Mage+Shaman,Rogue+Shaman,63,team2,kill,29.55
BasicArena|mirrored|Mage+Shaman_vs_Rogue+Shaman,Mage+Shaman,Rogue+Shaman,64,team1,kill,37.35
BasicArena|mirrored|Mage+Shaman_vs_Rogue+Shaman,Mage+Shaman,Rogue+Shaman,65,team2,kill,35.23
BasicArena|mirrored|Mage+Shaman_vs_Rogue+Shaman,Mage+Shaman,Rogue+Shaman,66,team2,kill,27.52
BasicArena|mirrored|Mage+Shaman_vs_Rogue+Shaman,Mage+Shaman,Rogue+Shaman,67,team1,kill,39.00
BasicArena|mirrored|Mage+Shaman_vs_Rogue+Shaman,Mage+Shaman,Rogue+Shaman,68,team1,kill,41.42
BasicArena|mirrored|Mage+Shaman_vs_Rogue+Shaman,Mage+Shaman,Rogue+Shaman,69,team1,kill,26.25
BasicArena|mirrored|Mage+Shaman_vs_Rogue+Shaman,Mage+Shaman,Rogue+Shaman,70,team1,kill,26.12
BasicArena|mirrored|Mage+Shaman_vs_Rogue+Shaman,Mage+Shaman,Rogue+Shaman,71,team1,kill,35.32
BasicArena|mirrored|Mage+Shaman_vs_Rogue+Shaman,Mage+Shaman,Rogue+Shaman,72,team1,kill,23.85
BasicArena|mirrored|Mage+Shaman_vs_Rogue+Shaman,Mage+Shaman,Rogue+Shaman,73,team2,kill,40.25
BasicArena|mirrored|Mage+Shaman_vs_Rogue+Shaman,Mage+Shaman,Rogue+Shaman,74,team2,kill,32.78
BasicArena|mirrored|Mage+Shaman_vs_Rogue+Shaman,Mage+Shaman,Rogue+Shaman,75,team2,kill,50.25
BasicArena|mirrored|Mage+Shaman_vs_Rogue+Shaman,Mage+Shaman,Rogue+Shaman,76,team2,kill,36.67
BasicArena|mirrored|Mage+Shaman_vs_Rogue+Shaman,Mage+Shaman,Rogue+Shaman,77,team1,kill,33.95
BasicArena|mirrored|Mage+Shaman_vs_Rogue+Shaman,Mage+Shaman,Rogue+Shaman,78,team1,kill,39.00
BasicArena|mirrored|Mage+Shaman_vs_Rogue+Shaman,Mage+Shaman,Rogue+Shaman,79,team1,kill,34.82
BasicArena|mirrored|Mage+Shaman_vs_Rogue+Shaman,Mage+Shaman,Rogue+Shaman,80,team1,kill,39.00
BasicArena|mirrored|Mage+Shaman_vs_Rogue+Shaman,Mage+Shaman,Rogue+Shaman,81,team1,kill,40.52
BasicArena|mirrored|Mage+Shaman_vs_Rogue+Shaman,Mage+Shaman,Rogue+Shaman,82,team1,kill,33.15
BasicArena|mirrored|Mage+Shaman_vs_Rogue+Shaman,Mage+Shaman,Rogue+Shaman,83,team1,kill,37.35
BasicArena|mirrored|Mage+Shaman_vs_Rogue+Shaman,Mage+Shaman,Rogue+Shaman,84,team1,kill,36.82
BasicArena|mirrored|Mage+Shaman_vs_Rogue+Shaman,Mage+Shaman,Rogue+Shaman,85,team2,kill,48.57
BasicArena|mirrored|Mage+Shaman_vs_Rogue+Shaman,Mage+Shaman,Rogue+Shaman,86,team1,kill,33.43
BasicArena|mirrored|Mage+Shaman_vs_Rogue+Shaman,Mage+Shaman,Rogue+Shaman,87,team2,kill,36.12
BasicArena|mirrored|Mage+Shaman_vs_Rogue+Shaman,Mage+Shaman,Rogue+Shaman,88,team2,kill,27.52
BasicArena|mirrored|Mage+Shaman_vs_Rogue+Shaman,Mage+Shaman,Rogue+Shaman,89,team2,kill,25.85
BasicArena|mirrored|Mage+Shaman_vs_Rogue+Shaman,Mage+Shaman,Rogue+Shaman,90,team1,kill,41.78
BasicArena|mirrored|Mage+Shaman_vs_Rogue+Shaman,Mage+Shaman,Rogue+Shaman,91,team1,kill,39.00
BasicArena|mirrored|Mage+Shaman_vs_Rogue+Shaman,Mage+Shaman,Rogue+Shaman,92,team1,kill,39.78
BasicArena|mirrored|Mage+Shaman_vs_Rogue+Shaman,Mage+Shaman,Rogue+Shaman,93,team2,kill,35.43
BasicArena|mirrored|Mage+Shaman_vs_Rogue+Shaman,Mage+Shaman,Rogue+Shaman,94,team2,kill,33.43
BasicArena|mirrored|Mage+Shaman_vs_Rogue+Shaman,Mage+Shaman,Rogue+Shaman,95,team1,kill,28.60
BasicArena|mirrored|Mage+Shaman_vs_Rogue+Shaman,Mage+Shaman,Rogue+Shaman,96,team1,kill,35.08
BasicArena|mirrored|Mage+Shaman_vs_Rogue+Shaman,Mage+Shaman,Rogue+Shaman,97,team1,kill,36.87
BasicArena|mirrored|Mage+Shaman_vs_Rogue+Shaman,Mage+Shaman,Rogue+Shaman,98,team1,kill,39.00
BasicArena|mirrored|Mage+Shaman_vs_Rogue+Shaman,Mage+Shaman,Rogue+Shaman,99,team1,kill,42.97
