label,team1,team2,seed,winner,end_reason,duration_secs
Warrior+Mage_vs_Warrior+Mage,Warrior+Mage,Warrior+Mage,0,team2,kill,15.28
Warrior+Mage_vs_Warrior+Mage,Warrior+Mage,Warrior+Mage,1,team1,kill,14.98
Warrior+Mage_vs_Warrior+Mage,Warrior+Mage,Warrior+Mage,2,team2,kill,15.10
Warrior+Mage_vs_Warrior+Mage,Warrior+Mage,Warrior+Mage,3,team1,kill,15.08
Warrior+Mage_vs_Warrior+Mage,Warrior+Mage,Warrior+Mage,4,team2,kill,15.17
Warrior+Mage_vs_Warrior+Mage,Warrior+Mage,Warrior+Mage,5,team2,kill,14.42
Warrior+Mage_vs_Warrior+Mage,Warrior+Mage,Warrior+Mage,6,team1,kill,15.02
Warrior+Mage_vs_Warrior+Mage,Warrior+Mage,Warrior+Mage,7,team1,kill,15.28
Warrior+Mage_vs_Warrior+Mage,Warrior+Mage,Warrior+Mage,8,team1,kill,15.28
Warrior+Mage_vs_Warrior+Mage,Warrior+Mage,Warrior+Mage,9,draw,kill,15.17
Warrior+Mage_vs_Warrior+Rogue,Warrior+Mage,Warrior+Rogue,0,team1,kill,18.22
Warrior+Mage_vs_Warrior+Rogue,Warrior+Mage,Warrior+Rogue,1,team1,kill,17.80
Warrior+Mage_vs_Warrior+Rogue,Warrior+Mage,Warrior+Rogue,2,team1,kill,14.57
Warrior+Mage_vs_Warrior+Rogue,Warrior+Mage,Warrior+Rogue,3,team1,kill,18.38
Warrior+Mage_vs_Warrior+Rogue,Warrior+Mage,Warrior+Rogue,4,team1,kill,18.38
Warrior+Mage_vs_Warrior+Rogue,Warrior+Mage,Warrior+Rogue,5,team1,kill,15.52
Warrior+Mage_vs_Warrior+Rogue,Warrior+Mage,Warrior+Rogue,6,team1,kill,17.90
Warrior+Mage_vs_Warrior+Rogue,Warrior+Mage,Warrior+Rogue,7,team1,kill,19.33
Warrior+Mage_vs_Warrior+Rogue,Warrior+Mage,Warrior+Rogue,8,team1,kill,16.43
Warrior+Mage_vs_Warrior+Rogue,Warrior+Mage,Warrior+Rogue,9,team1,kill,20.25
Warrior+Mage_vs_Warrior+Priest,Warrior+Mage,Warrior+Priest,0,team2,kill,30.20
Warrior+Mage_vs_Warrior+Priest,Warrior+Mage,Warrior+Priest,1,team1,kill,17.32
Warrior+Mage_vs_Warrior+Priest,Warrior+Mage,Warrior+Priest,2,team2,kill,32.70
Warrior+Mage_vs_Warrior+Priest,Warrior+Mage,Warrior+Priest,3,team2,kill,33.17
Warrior+Mage_vs_Warrior+Priest,Warrior+Mage,Warrior+Priest,4,team1,kill,25.70
Warrior+Mage_vs_Warrior+Priest,Warrior+Mage,Warrior+Priest,5,team1,kill,18.62
Warrior+Mage_vs_Warrior+Priest,Warrior+Mage,Warrior+Priest,6,team2,kill,29.68
Warrior+Mage_vs_Warrior+Priest,Warrior+Mage,Warrior+Priest,7,team2,kill,31.55
Warrior+Mage_vs_Warrior+Priest,Warrior+Mage,Warrior+Priest,8,team2,kill,33.17
Warrior+Mage_vs_Warrior+Priest,Warrior+Mage,Warrior+Priest,9,team2,kill,32.72
Warrior+Mage_vs_Warrior+Warlock,Warrior+Mage,Warrior+Warlock,0,team2,kill,17.95
Warrior+Mage_vs_Warrior+Warlock,Warrior+Mage,Warrior+Warlock,1,team1,kill,14.15
Warrior+Mage_vs_Warrior+Warlock,Warrior+Mage,Warrior+Warlock,2,team1,kill,13.15
Warrior+Mage_vs_Warrior+Warlock,Warrior+Mage,Warrior+Warlock,3,team2,kill,20.40
Warrior+Mage_vs_Warrior+Warlock,Warrior+Mage,Warrior+Warlock,4,team1,kill,14.15
Warrior+Mage_vs_Warrior+Warlock,Warrior+Mage,Warrior+Warlock,5,team2,kill,17.95
Warrior+Mage_vs_Warrior+Warlock,Warrior+Mage,Warrior+Warlock,6,team1,kill,14.15
Warrior+Mage_vs_Warrior+Warlock,Warrior+Mage,Warrior+Warlock,7,team2,kill,17.95
Warrior+Mage_vs_Warrior+Warlock,Warrior+Mage,Warrior+Warlock,8,team1,kill,14.15
Warrior+Mage_vs_Warrior+Warlock,Warrior+Mage,Warrior+Warlock,9,team1,kill,15.50
Warrior+Mage_vs_Warrior+Paladin,Warrior+Mage,Warrior+Paladin,0,team2,kill,29.42
Warrior+Mage_vs_Warrior+Paladin,Warrior+Mage,Warrior+Paladin,1,team2,kill,29.95
Warrior+Mage_vs_Warrior+Paladin,Warrior+Mage,Warrior+Paladin,2,team2,kill,30.45
Warrior+Mage_vs_Warrior+Paladin,Warrior+Mage,Warrior+Paladin,3,team2,kill,30.08
Warrior+Mage_vs_Warrior+Paladin,Warrior+Mage,Warrior+Paladin,4,team2,kill,29.43
Warrior+Mage_vs_Warrior+Paladin,Warrior+Mage,Warrior+Paladin,5,team2,kill,30.08
Warrior+Mage_vs_Warrior+Paladin,Warrior+Mage,Warrior+Paladin,6,team2,kill,29.10
Warrior+Mage_vs_Warrior+Paladin,Warrior+Mage,Warrior+Paladin,7,team2,kill,29.95
Warrior+Mage_vs_Warrior+Paladin,Warrior+Mage,Warrior+Paladin,8,team2,kill,30.08
Warrior+Mage_vs_Warrior+Paladin,Warrior+Mage,Warrior+Paladin,9,team2,kill,30.08
Warrior+Mage_vs_Warrior+Hunter,Warrior+Mage,Warrior+Hunter,0,team1,kill,15.52
Warrior+Mage_vs_Warrior+Hunter,Warrior+Mage,Warrior+Hunter,1,team1,kill,15.52
Warrior+Mage_vs_Warrior+Hunter,Warrior+Mage,Warrior+Hunter,2,team1,kill,15.52
Warrior+Mage_vs_Warrior+Hunter,Warrior+Mage,Warrior+Hunter,3,team1,kill,14.22
Warrior+Mage_vs_Warrior+Hunter,Warrior+Mage,Warrior+Hunter,4,team1,kill,15.52
Warrior+Mage_vs_Warrior+Hunter,Warrior+Mage,Warrior+Hunter,5,team1,kill,15.52
Warrior+Mage_vs_Warrior+Hunter,Warrior+Mage,Warrior+Hunter,6,team1,kill,14.22
Warrior+Mage_vs_Warrior+Hunter,Warrior+Mage,Warrior+Hunter,7,team1,kill,14.22
Warrior+Mage_vs_Warrior+Hunter,Warrior+Mage,Warrior+Hunter,8,team1,kill,14.22
Warrior+Mage_vs_Warrior+Hunter,Warrior+Mage,Warrior+Hunter,9,team1,kill,15.63
Warrior+Mage_vs_Warrior+Shaman,Warrior+Mage,Warrior+Shaman,0,team1,kill,14.98
Warrior+Mage_vs_Warrior+Shaman,Warrior+Mage,Warrior+Shaman,1,team1,kill,12.80
Warrior+Mage_vs_Warrior+Shaman,Warrior+Mage,Warrior+Shaman,2,team1,kill,15.77
Warrior+Mage_vs_Warrior+Shaman,Warrior+Mage,Warrior+Shaman,3,team1,kill,14.98
Warrior+Mage_vs_Warrior+Shaman,Warrior+Mage,Warrior+Shaman,4,team1,kill,14.98
Warrior+Mage_vs_Warrior+Shaman,Warrior+Mage,Warrior+Shaman,5,team1,kill,16.05
Warrior+Mage_vs_Warrior+Shaman,Warrior+Mage,Warrior+Shaman,6,team1,kill,16.05
Warrior+Mage_vs_Warrior+Shaman,Warrior+Mage,Warrior+Shaman,7,team1,kill,18.45
Warrior+Mage_vs_Warrior+Shaman,Warrior+Mage,Warrior+Shaman,8,team1,kill,18.42
Warrior+Mage_vs_Warrior+Shaman,Warrior+Mage,Warrior+Shaman,9,team1,kill,18.38
Warrior+Mage_vs_Mage+Rogue,Warrior+Mage,Mage+Rogue,0,team1,kill,23.42
Warrior+Mage_vs_Mage+Rogue,Warrior+Mage,Mage+Rogue,1,team1,kill,19.70
Warrior+Mage_vs_Mage+Rogue,Warrior+Mage,Mage+Rogue,2,team1,kill,23.42
Warrior+Mage_vs_Mage+Rogue,Warrior+Mage,Mage+Rogue,3,team1,kill,23.42
Warrior+Mage_vs_Mage+Rogue,Warrior+Mage,Mage+Rogue,4,team2,kill,31.23
Warrior+Mage_vs_Mage+Rogue,Warrior+Mage,Mage+Rogue,5,team1,kill,23.42
Warrior+Mage_vs_Mage+Rogue,Warrior+Mage,Mage+Rogue,6,team1,kill,19.75
Warrior+Mage_vs_Mage+Rogue,Warrior+Mage,Mage+Rogue,7,team1,kill,21.95
Warrior+Mage_vs_Mage+Rogue,Warrior+Mage,Mage+Rogue,8,team1,kill,19.47
Warrior+Mage_vs_Mage+Rogue,Warrior+Mage,Mage+Rogue,9,team1,kill,23.42
Warrior+Mage_vs_Mage+Priest,Warrior+Mage,Mage+Priest,0,team1,kill,20.00
Warrior+Mage_vs_Mage+Priest,Warrior+Mage,Mage+Priest,1,team2,kill,15.25
Warrior+Mage_vs_Mage+Priest,Warrior+Mage,Mage+Priest,2,team2,kill,20.95
Warrior+Mage_vs_Mage+Priest,Warrior+Mage,Mage+Priest,3,team2,kill,20.95
Warrior+Mage_vs_Mage+Priest,Warrior+Mage,Mage+Priest,4,team2,kill,20.67
Warrior+Mage_vs_Mage+Priest,Warrior+Mage,Mage+Priest,5,team2,kill,20.95
Warrior+Mage_vs_Mage+Priest,Warrior+Mage,Mage+Priest,6,team2,kill,19.53
Warrior+Mage_vs_Mage+Priest,Warrior+Mage,Mage+Priest,7,team2,kill,19.53
Warrior+Mage_vs_Mage+Priest,Warrior+Mage,Mage+Priest,8,team2,kill,20.95
Warrior+Mage_vs_Mage+Priest,Warrior+Mage,Mage+Priest,9,team2,kill,19.45
Warrior+Mage_vs_Mage+Warlock,Warrior+Mage,Mage+Warlock,0,team2,kill,19.60
Warrior+Mage_vs_Mage+Warlock,Warrior+Mage,Mage+Warlock,1,team2,kill,17.77
Warrior+Mage_vs_Mage+Warlock,Warrior+Mage,Mage+Warlock,2,team2,kill,18.83
Warrior+Mage_vs_Mage+Warlock,Warrior+Mage,Mage+Warlock,3,team2,kill,19.28
Warrior+Mage_vs_Mage+Warlock,Warrior+Mage,Mage+Warlock,4,team2,kill,14.27
Warrior+Mage_vs_Mage+Warlock,Warrior+Mage,Mage+Warlock,5,team2,kill,18.83
Warrior+Mage_vs_Mage+Warlock,Warrior+Mage,Mage+Warlock,6,team2,kill,17.60
Warrior+Mage_vs_Mage+Warlock,Warrior+Mage,Mage+Warlock,7,team2,kill,16.27
Warrior+Mage_vs_Mage+Warlock,Warrior+Mage,Mage+Warlock,8,team2,kill,17.68
Warrior+Mage_vs_Mage+Warlock,Warrior+Mage,Mage+Warlock,9,team2,kill,17.48
Warrior+Mage_vs_Mage+Paladin,Warrior+Mage,Mage+Paladin,0,team2,kill,15.25
Warrior+Mage_vs_Mage+Paladin,Warrior+Mage,Mage+Paladin,1,team2,kill,19.18
Warrior+Mage_vs_Mage+Paladin,Warrior+Mage,Mage+Paladin,2,team2,kill,20.95
Warrior+Mage_vs_Mage+Paladin,Warrior+Mage,Mage+Paladin,3,team2,kill,19.43
Warrior+Mage_vs_Mage+Paladin,Warrior+Mage,Mage+Paladin,4,team2,kill,19.43
Warrior+Mage_vs_Mage+Paladin,Warrior+Mage,Mage+Paladin,5,team2,kill,20.95
Warrior+Mage_vs_Mage+Paladin,Warrior+Mage,Mage+Paladin,6,team2,kill,20.95
Warrior+Mage_vs_Mage+Paladin,Warrior+Mage,Mage+Paladin,7,team2,kill,19.43
Warrior+Mage_vs_Mage+Paladin,Warrior+Mage,Mage+Paladin,8,team2,kill,19.43
Warrior+Mage_vs_Mage+Paladin,Warrior+Mage,Mage+Paladin,9,team2,kill,20.95
Warrior+Mage_vs_Mage+Hunter,Warrior+Mage,Mage+Hunter,0,team1,kill,18.73
Warrior+Mage_vs_Mage+Hunter,Warrior+Mage,Mage+Hunter,1,team2,kill,17.85
Warrior+Mage_vs_Mage+Hunter,Warrior+Mage,Mage+Hunter,2,team2,kill,19.37
Warrior+Mage_vs_Mage+Hunter,Warrior+Mage,Mage+Hunter,3,team2,kill,19.37
Warrior+Mage_vs_Mage+Hunter,Warrior+Mage,Mage+Hunter,4,team2,kill,16.68
Warrior+Mage_vs_Mage+Hunter,Warrior+Mage,Mage+Hunter,5,team2,kill,19.37
Warrior+Mage_vs_Mage+Hunter,Warrior+Mage,Mage+Hunter,6,team1,kill,18.73
Warrior+Mage_vs_Mage+Hunter,Warrior+Mage,Mage+Hunter,7,team2,kill,19.37
Warrior+Mage_vs_Mage+Hunter,Warrior+Mage,Mage+Hunter,8,team1,kill,18.47
Warrior+Mage_vs_Mage+Hunter,Warrior+Mage,Mage+Hunter,9,team1,kill,18.47
Warrior+Mage_vs_Mage+Shaman,Warrior+Mage,Mage+Shaman,0,team2,kill,19.70
Warrior+Mage_vs_Mage+Shaman,Warrior+Mage,Mage+Shaman,1,team2,kill,19.70
Warrior+Mage_vs_Mage+Shaman,Warrior+Mage,Mage+Shaman,2,team2,kill,16.68
Warrior+Mage_vs_Mage+Shaman,Warrior+Mage,Mage+Shaman,3,team2,kill,19.70
Warrior+Mage_vs_Mage+Shaman,Warrior+Mage,Mage+Shaman,4,team2,kill,18.18
Warrior+Mage_vs_Mage+Shaman,Warrior+Mage,Mage+Shaman,5,team2,kill,19.70
Warrior+Mage_vs_Mage+Shaman,Warrior+Mage,Mage+Shaman,6,team2,kill,16.68
Warrior+Mage_vs_Mage+Shaman,Warrior+Mage,Mage+Shaman,7,team2,kill,19.70
Warrior+Mage_vs_Mage+Shaman,Warrior+Mage,Mage+Shaman,8,team2,kill,18.20
Warrior+Mage_vs_Mage+Shaman,Warrior+Mage,Mage+Shaman,9,team2,kill,18.20
Warrior+Mage_vs_Rogue+Priest,Warrior+Mage,Rogue+Priest,0,team2,kill,24.83
Warrior+Mage_vs_Rogue+Priest,Warrior+Mage,Rogue+Priest,1,team2,kill,31.03
Warrior+Mage_vs_Rogue+Priest,Warrior+Mage,Rogue+Priest,2,team2,kill,31.88
Warrior+Mage_vs_Rogue+Priest,Warrior+Mage,Rogue+Priest,3,team2,kill,32.47
Warrior+Mage_vs_Rogue+Priest,Warrior+Mage,Rogue+Priest,4,team2,kill,30.40
Warrior+Mage_vs_Rogue+Priest,Warrior+Mage,Rogue+Priest,5,team2,kill,29.83
Warrior+Mage_vs_Rogue+Priest,Warrior+Mage,Rogue+Priest,6,team2,kill,32.45
Warrior+Mage_vs_Rogue+Priest,Warrior+Mage,Rogue+Priest,7,team2,kill,30.38
Warrior+Mage_vs_Rogue+Priest,Warrior+Mage,Rogue+Priest,8,team2,kill,31.83
Warrior+Mage_vs_Rogue+Priest,Warrior+Mage,Rogue+Priest,9,team2,kill,29.42
Warrior+Mage_vs_Rogue+Warlock,Warrior+Mage,Rogue+Warlock,0,team1,kill,17.72
Warrior+Mage_vs_Rogue+Warlock,Warrior+Mage,Rogue+Warlock,1,team1,kill,18.62
Warrior+Mage_vs_Rogue+Warlock,Warrior+Mage,Rogue+Warlock,2,team1,kill,16.33
Warrior+Mage_vs_Rogue+Warlock,Warrior+Mage,Rogue+Warlock,3,team1,kill,24.65
Warrior+Mage_vs_Rogue+Warlock,Warrior+Mage,Rogue+Warlock,4,team1,kill,16.10
Warrior+Mage_vs_Rogue+Warlock,Warrior+Mage,Rogue+Warlock,5,team1,kill,18.87
Warrior+Mage_vs_Rogue+Warlock,Warrior+Mage,Rogue+Warlock,6,team1,kill,18.75
Warrior+Mage_vs_Rogue+Warlock,Warrior+Mage,Rogue+Warlock,7,team1,kill,18.98
Warrior+Mage_vs_Rogue+Warlock,Warrior+Mage,Rogue+Warlock,8,team1,kill,17.52
Warrior+Mage_vs_Rogue+Warlock,Warrior+Mage,Rogue+Warlock,9,team1,kill,18.92
Warrior+Mage_vs_Rogue+Paladin,Warrior+Mage,Rogue+Paladin,0,team2,kill,26.60
Warrior+Mage_vs_Rogue+Paladin,Warrior+Mage,Rogue+Paladin,1,team2,kill,65.68
Warrior+Mage_vs_Rogue+Paladin,Warrior+Mage,Rogue+Paladin,2,team2,kill,36.08
Warrior+Mage_vs_Rogue+Paladin,Warrior+Mage,Rogue+Paladin,3,team2,kill,70.98
Warrior+Mage_vs_Rogue+Paladin,Warrior+Mage,Rogue+Paladin,4,team2,kill,70.17
Warrior+Mage_vs_Rogue+Paladin,Warrior+Mage,Rogue+Paladin,5,team2,kill,36.08
Warrior+Mage_vs_Rogue+Paladin,Warrior+Mage,Rogue+Paladin,6,team2,kill,33.18
Warrior+Mage_vs_Rogue+Paladin,Warrior+Mage,Rogue+Paladin,7,team2,kill,25.35
Warrior+Mage_vs_Rogue+Paladin,Warrior+Mage,Rogue+Paladin,8,team2,kill,32.65
Warrior+Mage_vs_Rogue+Paladin,Warrior+Mage,Rogue+Paladin,9,team2,kill,66.37
Warrior+Mage_vs_Rogue+Hunter,Warrior+Mage,Rogue+Hunter,0,team1,kill,15.00
Warrior+Mage_vs_Rogue+Hunter,Warrior+Mage,Rogue+Hunter,1,team1,kill,22.93
Warrior+Mage_vs_Rogue+Hunter,Warrior+Mage,Rogue+Hunter,2,team1,kill,29.92
Warrior+Mage_vs_Rogue+Hunter,Warrior+Mage,Rogue+Hunter,3,team1,kill,15.00
Warrior+Mage_vs_Rogue+Hunter,Warrior+Mage,Rogue+Hunter,4,team1,kill,22.60
Warrior+Mage_vs_Rogue+Hunter,Warrior+Mage,Rogue+Hunter,5,team1,kill,23.65
Warrior+Mage_vs_Rogue+Hunter,Warrior+Mage,Rogue+Hunter,6,team1,kill,14.85
Warrior+Mage_vs_Rogue+Hunter,Warrior+Mage,Rogue+Hunter,7,team1,kill,20.20
Warrior+Mage_vs_Rogue+Hunter,Warrior+Mage,Rogue+Hunter,8,team1,kill,22.93
Warrior+Mage_vs_Rogue+Hunter,Warrior+Mage,Rogue+Hunter,9,team2,kill,30.58
Warrior+Mage_vs_Rogue+Shaman,Warrior+Mage,Rogue+Shaman,0,team2,kill,29.73
Warrior+Mage_vs_Rogue+Shaman,Warrior+Mage,Rogue+Shaman,1,team2,kill,29.12
Warrior+Mage_vs_Rogue+Shaman,Warrior+Mage,Rogue+Shaman,2,team2,kill,30.63
Warrior+Mage_vs_Rogue+Shaman,Warrior+Mage,Rogue+Shaman,3,team2,kill,28.90
Warrior+Mage_vs_Rogue+Shaman,Warrior+Mage,Rogue+Shaman,4,team2,kill,27.60
Warrior+Mage_vs_Rogue+Shaman,Warrior+Mage,Rogue+Shaman,5,team2,kill,29.12
Warrior+Mage_vs_Rogue+Shaman,Warrior+Mage,Rogue+Shaman,6,team2,kill,30.63
Warrior+Mage_vs_Rogue+Shaman,Warrior+Mage,Rogue+Shaman,7,team2,kill,29.12
Warrior+Mage_vs_Rogue+Shaman,Warrior+Mage,Rogue+Shaman,8,team2,kill,27.10
Warrior+Mage_vs_Rogue+Shaman,Warrior+Mage,Rogue+Shaman,9,team2,kill,27.60
Warrior+Mage_vs_Priest+Warlock,Warrior+Mage,Priest+Warlock,0,team1,kill,21.52
Warrior+Mage_vs_Priest+Warlock,Warrior+Mage,Priest+Warlock,1,team1,kill,21.52
Warrior+Mage_vs_Priest+Warlock,Warrior+Mage,Priest+Warlock,2,team1,kill,21.52
Warrior+Mage_vs_Priest+Warlock,Warrior+Mage,Priest+Warlock,3,team1,kill,21.52
Warrior+Mage_vs_Priest+Warlock,Warrior+Mage,Priest+Warlock,4,team1,kill,23.02
Warrior+Mage_vs_Priest+Warlock,Warrior+Mage,Priest+Warlock,5,team1,kill,21.52
Warrior+Mage_vs_Priest+Warlock,Warrior+Mage,Priest+Warlock,6,team1,kill,21.50
Warrior+Mage_vs_Priest+Warlock,Warrior+Mage,Priest+Warlock,7,team1,kill,23.02
Warrior+Mage_vs_Priest+Warlock,Warrior+Mage,Priest+Warlock,8,team1,kill,18.55
Warrior+Mage_vs_Priest+Warlock,Warrior+Mage,Priest+Warlock,9,team1,kill,23.02
Warrior+Mage_vs_Priest+Hunter,Warrior+Mage,Priest+Hunter,0,team1,kill,24.13
Warrior+Mage_vs_Priest+Hunter,Warrior+Mage,Priest+Hunter,1,team1,kill,24.13
Warrior+Mage_vs_Priest+Hunter,Warrior+Mage,Priest+Hunter,2,team1,kill,24.13
Warrior+Mage_vs_Priest+Hunter,Warrior+Mage,Priest+Hunter,3,team2,kill,25.58
Warrior+Mage_vs_Priest+Hunter,Warrior+Mage,Priest+Hunter,4,team1,kill,30.83
Warrior+Mage_vs_Priest+Hunter,Warrior+Mage,Priest+Hunter,5,team2,kill,25.92
Warrior+Mage_vs_Priest+Hunter,Warrior+Mage,Priest+Hunter,6,team1,kill,24.13
Warrior+Mage_vs_Priest+Hunter,Warrior+Mage,Priest+Hunter,7,team2,kill,24.90
Warrior+Mage_vs_Priest+Hunter,Warrior+Mage,Priest+Hunter,8,team1,kill,21.27
Warrior+Mage_vs_Priest+Hunter,Warrior+Mage,Priest+Hunter,9,team2,kill,25.92
Warrior+Mage_vs_Warlock+Paladin,Warrior+Mage,Warlock+Paladin,0,team2,kill,43.38
Warrior+Mage_vs_Warlock+Paladin,Warrior+Mage,Warlock+Paladin,1,team1,kill,39.98
Warrior+Mage_vs_Warlock+Paladin,Warrior+Mage,Warlock+Paladin,2,team2,kill,40.83
Warrior+Mage_vs_Warlock+Paladin,Warrior+Mage,Warlock+Paladin,3,team2,kill,37.38
Warrior+Mage_vs_Warlock+Paladin,Warrior+Mage,Warlock+Paladin,4,team2,kill,29.68
Warrior+Mage_vs_Warlock+Paladin,Warrior+Mage,Warlock+Paladin,5,team2,kill,39.00
Warrior+Mage_vs_Warlock+Paladin,Warrior+Mage,Warlock+Paladin,6,team2,kill,38.55
Warrior+Mage_vs_Warlock+Paladin,Warrior+Mage,Warlock+Paladin,7,team2,kill,35.05
Warrior+Mage_vs_Warlock+Paladin,Warrior+Mage,Warlock+Paladin,8,team2,kill,43.25
Warrior+Mage_vs_Warlock+Paladin,Warrior+Mage,Warlock+Paladin,9,team1,kill,37.32
Warrior+Mage_vs_Warlock+Hunter,Warrior+Mage,Warlock+Hunter,0,team2,kill,26.52
Warrior+Mage_vs_Warlock+Hunter,Warrior+Mage,Warlock+Hunter,1,team2,kill,22.08
Warrior+Mage_vs_Warlock+Hunter,Warrior+Mage,Warlock+Hunter,2,team1,kill,19.15
Warrior+Mage_vs_Warlock+Hunter,Warrior+Mage,Warlock+Hunter,3,team1,kill,20.68
Warrior+Mage_vs_Warlock+Hunter,Warrior+Mage,Warlock+Hunter,4,team1,kill,20.15
Warrior+Mage_vs_Warlock+Hunter,Warrior+Mage,Warlock+Hunter,5,team1,kill,20.02
Warrior+Mage_vs_Warlock+Hunter,Warrior+Mage,Warlock+Hunter,6,team1,kill,21.12
Warrior+Mage_vs_Warlock+Hunter,Warrior+Mage,Warlock+Hunter,7,team1,kill,20.03
Warrior+Mage_vs_Warlock+Hunter,Warrior+Mage,Warlock+Hunter,8,team1,kill,19.83
Warrior+Mage_vs_Warlock+Hunter,Warrior+Mage,Warlock+Hunter,9,team1,kill,26.28
Warrior+Mage_vs_Warlock+Shaman,Warrior+Mage,Warlock+Shaman,0,team2,kill,26.62
Warrior+Mage_vs_Warlock+Shaman,Warrior+Mage,Warlock+Shaman,1,team2,kill,24.17
Warrior+Mage_vs_Warlock+Shaman,Warrior+Mage,Warlock+Shaman,2,team2,kill,24.17
Warrior+Mage_vs_Warlock+Shaman,Warrior+Mage,Warlock+Shaman,3,team1,kill,25.50
Warrior+Mage_vs_Warlock+Shaman,Warrior+Mage,Warlock+Shaman,4,team2,kill,26.02
Warrior+Mage_vs_Warlock+Shaman,Warrior+Mage,Warlock+Shaman,5,team2,kill,24.17
Warrior+Mage_vs_Warlock+Shaman,Warrior+Mage,Warlock+Shaman,6,team1,kill,25.50
Warrior+Mage_vs_Warlock+Shaman,Warrior+Mage,Warlock+Shaman,7,team2,kill,26.62
Warrior+Mage_vs_Warlock+Shaman,Warrior+Mage,Warlock+Shaman,8,team1,kill,23.98
Warrior+Mage_vs_Warlock+Shaman,Warrior+Mage,Warlock+Shaman,9,team2,kill,26.62
Warrior+Mage_vs_Paladin+Hunter,Warrior+Mage,Paladin+Hunter,0,team2,kill,32.58
Warrior+Mage_vs_Paladin+Hunter,Warrior+Mage,Paladin+Hunter,1,team2,kill,48.18
Warrior+Mage_vs_Paladin+Hunter,Warrior+Mage,Paladin+Hunter,2,team1,kill,54.88
Warrior+Mage_vs_Paladin+Hunter,Warrior+Mage,Paladin+Hunter,3,team2,kill,48.18
Warrior+Mage_vs_Paladin+Hunter,Warrior+Mage,Paladin+Hunter,4,team1,kill,34.73
Warrior+Mage_vs_Paladin+Hunter,Warrior+Mage,Paladin+Hunter,5,team1,kill,37.55
Warrior+Mage_vs_Paladin+Hunter,Warrior+Mage,Paladin+Hunter,6,team1,kill,37.55
Warrior+Mage_vs_Paladin+Hunter,Warrior+Mage,Paladin+Hunter,7,team1,kill,61.00
Warrior+Mage_vs_Paladin+Hunter,Warrior+Mage,Paladin+Hunter,8,team1,kill,37.55
Warrior+Mage_vs_Paladin+Hunter,Warrior+Mage,Paladin+Hunter,9,team2,kill,48.18
Warrior+Mage_vs_Hunter+Shaman,Warrior+Mage,Hunter+Shaman,0,team1,kill,25.37
Warrior+Mage_vs_Hunter+Shaman,Warrior+Mage,Hunter+Shaman,1,team1,kill,28.42
Warrior+Mage_vs_Hunter+Shaman,Warrior+Mage,Hunter+Shaman,2,team1,kill,21.55
Warrior+Mage_vs_Hunter+Shaman,Warrior+Mage,Hunter+Shaman,3,team1,kill,25.28
Warrior+Mage_vs_Hunter+Shaman,Warrior+Mage,Hunter+Shaman,4,team1,kill,22.05
Warrior+Mage_vs_Hunter+Shaman,Warrior+Mage,Hunter+Shaman,5,team1,kill,23.43
Warrior+Mage_vs_Hunter+Shaman,Warrior+Mage,Hunter+Shaman,6,team1,kill,26.20
Warrior+Mage_vs_Hunter+Shaman,Warrior+Mage,Hunter+Shaman,7,team1,kill,22.68
Warrior+Mage_vs_Hunter+Shaman,Warrior+Mage,Hunter+Shaman,8,team1,kill,21.67
Warrior+Mage_vs_Hunter+Shaman,Warrior+Mage,Hunter+Shaman,9,team1,kill,25.38
Warrior+Rogue_vs_Warrior+Mage,Warrior+Rogue,Warrior+Mage,0,team2,kill,18.22
Warrior+Rogue_vs_Warrior+Mage,Warrior+Rogue,Warrior+Mage,1,team2,kill,17.80
Warrior+Rogue_vs_Warrior+Mage,Warrior+Rogue,Warrior+Mage,2,team2,kill,14.57
Warrior+Rogue_vs_Warrior+Mage,Warrior+Rogue,Warrior+Mage,3,team2,kill,18.38
Warrior+Rogue_vs_Warrior+Mage,Warrior+Rogue,Warrior+Mage,4,team2,kill,18.38
Warrior+Rogue_vs_Warrior+Mage,Warrior+Rogue,Warrior+Mage,5,team2,kill,15.52
Warrior+Rogue_vs_Warrior+Mage,Warrior+Rogue,Warrior+Mage,6,team2,kill,17.90
Warrior+Rogue_vs_Warrior+Mage,Warrior+Rogue,Warrior+Mage,7,team2,kill,19.33
Warrior+Rogue_vs_Warrior+Mage,Warrior+Rogue,Warrior+Mage,8,team2,kill,16.43
Warrior+Rogue_vs_Warrior+Mage,Warrior+Rogue,Warrior+Mage,9,team2,kill,20.25
Warrior+Rogue_vs_Warrior+Rogue,Warrior+Rogue,Warrior+Rogue,0,draw,kill,22.63
Warrior+Rogue_vs_Warrior+Rogue,Warrior+Rogue,Warrior+Rogue,1,team2,kill,23.03
Warrior+Rogue_vs_Warrior+Rogue,Warrior+Rogue,Warrior+Rogue,2,team1,kill,19.03
Warrior+Rogue_vs_Warrior+Rogue,Warrior+Rogue,Warrior+Rogue,3,team2,kill,22.63
Warrior+Rogue_vs_Warrior+Rogue,Warrior+Rogue,Warrior+Rogue,4,draw,kill,23.03
Warrior+Rogue_vs_Warrior+Rogue,Warrior+Rogue,Warrior+Rogue,5,draw,kill,23.03
Warrior+Rogue_vs_Warrior+Rogue,Warrior+Rogue,Warrior+Rogue,6,team1,kill,21.03
Warrior+Rogue_vs_Warrior+Rogue,Warrior+Rogue,Warrior+Rogue,7,team2,kill,23.03
Warrior+Rogue_vs_Warrior+Rogue,Warrior+Rogue,Warrior+Rogue,8,team2,kill,21.03
Warrior+Rogue_vs_Warrior+Rogue,Warrior+Rogue,Warrior+Rogue,9,team2,kill,21.03
Warrior+Rogue_vs_Warrior+Priest,Warrior+Rogue,Warrior+Priest,0,team1,kill,18.32
Warrior+Rogue_vs_Warrior+Priest,Warrior+Rogue,Warrior+Priest,1,team2,kill,20.25
Warrior+Rogue_vs_Warrior+Priest,Warrior+Rogue,Warrior+Priest,2,team2,kill,24.07
Warrior+Rogue_vs_Warrior+Priest,Warrior+Rogue,Warrior+Priest,3,team2,kill,20.25
Warrior+Rogue_vs_Warrior+Priest,Warrior+Rogue,Warrior+Priest,4,team1,kill,16.37
Warrior+Rogue_vs_Warrior+Priest,Warrior+Rogue,Warrior+Priest,5,team1,kill,18.32
Warrior+Rogue_vs_Warrior+Priest,Warrior+Rogue,Warrior+Priest,6,team2,kill,20.25
Warrior+Rogue_vs_Warrior+Priest,Warrior+Rogue,Warrior+Priest,7,team2,kill,21.78
Warrior+Rogue_vs_Warrior+Priest,Warrior+Rogue,Warrior+Priest,8,team1,kill,18.32
Warrior+Rogue_vs_Warrior+Priest,Warrior+Rogue,Warrior+Priest,9,team2,kill,24.07
Warrior+Rogue_vs_Warrior+Warlock,Warrior+Rogue,Warrior+Warlock,0,team2,kill,20.53
Warrior+Rogue_vs_Warrior+Warlock,Warrior+Rogue,Warrior+Warlock,1,team1,kill,18.03
Warrior+Rogue_vs_Warrior+Warlock,Warrior+Rogue,Warrior+Warlock,2,team1,kill,18.03
Warrior+Rogue_vs_Warrior+Warlock,Warrior+Rogue,Warrior+Warlock,3,team2,kill,17.12
Warrior+Rogue_vs_Warrior+Warlock,Warrior+Rogue,Warrior+Warlock,4,team1,kill,19.30
Warrior+Rogue_vs_Warrior+Warlock,Warrior+Rogue,Warrior+Warlock,5,team1,kill,18.03
Warrior+Rogue_vs_Warrior+Warlock,Warrior+Rogue,Warrior+Warlock,6,team1,kill,18.03
Warrior+Rogue_vs_Warrior+Warlock,Warrior+Rogue,Warrior+Warlock,7,team1,kill,19.30
Warrior+Rogue_vs_Warrior+Warlock,Warrior+Rogue,Warrior+Warlock,8,team1,kill,18.03
Warrior+Rogue_vs_Warrior+Warlock,Warrior+Rogue,Warrior+Warlock,9,team2,kill,18.15
Warrior+Rogue_vs_Warrior+Paladin,Warrior+Rogue,Warrior+Paladin,0,team1,kill,27.15
Warrior+Rogue_vs_Warrior+Paladin,Warrior+Rogue,Warrior+Paladin,1,team1,kill,47.18
Warrior+Rogue_vs_Warrior+Paladin,Warrior+Rogue,Warrior+Paladin,2,team1,kill,46.45
Warrior+Rogue_vs_Warrior+Paladin,Warrior+Rogue,Warrior+Paladin,3,team2,kill,24.07
Warrior+Rogue_vs_Warrior+Paladin,Warrior+Rogue,Warrior+Paladin,4,team1,kill,52.13
Warrior+Rogue_vs_Warrior+Paladin,Warrior+Rogue,Warrior+Paladin,5,team1,kill,47.03
Warrior+Rogue_vs_Warrior+Paladin,Warrior+Rogue,Warrior+Paladin,6,team1,kill,47.18
Warrior+Rogue_vs_Warrior+Paladin,Warrior+Rogue,Warrior+Paladin,7,team1,kill,47.62
Warrior+Rogue_vs_Warrior+Paladin,Warrior+Rogue,Warrior+Paladin,8,team2,kill,20.25
Warrior+Rogue_vs_Warrior+Paladin,Warrior+Rogue,Warrior+Paladin,9,team1,kill,45.20
Warrior+Rogue_vs_Warrior+Hunter,Warrior+Rogue,Warrior+Hunter,0,team2,kill,23.07
Warrior+Rogue_vs_Warrior+Hunter,Warrior+Rogue,Warrior+Hunter,1,team2,kill,19.87
Warrior+Rogue_vs_Warrior+Hunter,Warrior+Rogue,Warrior+Hunter,2,team2,kill,20.45
Warrior+Rogue_vs_Warrior+Hunter,Warrior+Rogue,Warrior+Hunter,3,team2,kill,19.93
Warrior+Rogue_vs_Warrior+Hunter,Warrior+Rogue,Warrior+Hunter,4,team2,kill,20.78
Warrior+Rogue_vs_Warrior+Hunter,Warrior+Rogue,Warrior+Hunter,5,team2,kill,20.78
Warrior+Rogue_vs_Warrior+Hunter,Warrior+Rogue,Warrior+Hunter,6,team2,kill,23.07
Warrior+Rogue_vs_Warrior+Hunter,Warrior+Rogue,Warrior+Hunter,7,team2,kill,23.07
Warrior+Rogue_vs_Warrior+Hunter,Warrior+Rogue,Warrior+Hunter,8,team2,kill,23.07
Warrior+Rogue_vs_Warrior+Hunter,Warrior+Rogue,Warrior+Hunter,9,team2,kill,23.07
Warrior+Rogue_vs_Warrior+Shaman,Warrior+Rogue,Warrior+Shaman,0,team2,kill,16.43
Warrior+Rogue_vs_Warrior+Shaman,Warrior+Rogue,Warrior+Shaman,1,team2,kill,20.25
Warrior+Rogue_vs_Warrior+Shaman,Warrior+Rogue,Warrior+Shaman,2,team2,kill,16.43
Warrior+Rogue_vs_Warrior+Shaman,Warrior+Rogue,Warrior+Shaman,3,draw,kill,21.78
Warrior+Rogue_vs_Warrior+Shaman,Warrior+Rogue,Warrior+Shaman,4,team1,kill,18.98
Warrior+Rogue_vs_Warrior+Shaman,Warrior+Rogue,Warrior+Shaman,5,team1,kill,20.70
Warrior+Rogue_vs_Warrior+Shaman,Warrior+Rogue,Warrior+Shaman,6,team2,kill,16.43
Warrior+Rogue_vs_Warrior+Shaman,Warrior+Rogue,Warrior+Shaman,7,team2,kill,16.43
Warrior+Rogue_vs_Warrior+Shaman,Warrior+Rogue,Warrior+Shaman,8,team2,kill,20.25
Warrior+Rogue_vs_Warrior+Shaman,Warrior+Rogue,Warrior+Shaman,9,draw,kill,21.78
Warrior+Rogue_vs_Mage+Rogue,Warrior+Rogue,Mage+Rogue,0,team2,kill,16.40
Warrior+Rogue_vs_Mage+Rogue,Warrior+Rogue,Mage+Rogue,1,team2,kill,22.20
Warrior+Rogue_vs_Mage+Rogue,Warrior+Rogue,Mage+Rogue,2,team2,kill,21.27
Warrior+Rogue_vs_Mage+Rogue,Warrior+Rogue,Mage+Rogue,3,team2,kill,20.98
Warrior+Rogue_vs_Mage+Rogue,Warrior+Rogue,Mage+Rogue,4,team2,kill,22.35
Warrior+Rogue_vs_Mage+Rogue,Warrior+Rogue,Mage+Rogue,5,team2,kill,20.98
Warrior+Rogue_vs_Mage+Rogue,Warrior+Rogue,Mage+Rogue,6,team2,kill,21.92
Warrior+Rogue_vs_Mage+Rogue,Warrior+Rogue,Mage+Rogue,7,team2,kill,20.98
Warrior+Rogue_vs_Mage+Rogue,Warrior+Rogue,Mage+Rogue,8,team2,kill,20.68
Warrior+Rogue_vs_Mage+Rogue,Warrior+Rogue,Mage+Rogue,9,team2,kill,20.40
Warrior+Rogue_vs_Mage+Priest,Warrior+Rogue,Mage+Priest,0,team1,kill,29.78
Warrior+Rogue_vs_Mage+Priest,Warrior+Rogue,Mage+Priest,1,team1,kill,39.17
Warrior+Rogue_vs_Mage+Priest,Warrior+Rogue,Mage+Priest,2,team1,kill,39.55
Warrior+Rogue_vs_Mage+Priest,Warrior+Rogue,Mage+Priest,3,team2,kill,31.75
Warrior+Rogue_vs_Mage+Priest,Warrior+Rogue,Mage+Priest,4,team1,kill,33.15
Warrior+Rogue_vs_Mage+Priest,Warrior+Rogue,Mage+Priest,5,team1,kill,31.10
Warrior+Rogue_vs_Mage+Priest,Warrior+Rogue,Mage+Priest,6,team1,kill,31.10
Warrior+Rogue_vs_Mage+Priest,Warrior+Rogue,Mage+Priest,7,team1,kill,32.85
Warrior+Rogue_vs_Mage+Priest,Warrior+Rogue,Mage+Priest,8,team1,kill,38.67
Warrior+Rogue_vs_Mage+Priest,Warrior+Rogue,Mage+Priest,9,team1,kill,37.25
Warrior+Rogue_vs_Mage+Warlock,Warrior+Rogue,Mage+Warlock,0,team1,kill,19.92
Warrior+Rogue_vs_Mage+Warlock,Warrior+Rogue,Mage+Warlock,1,team1,kill,19.92
Warrior+Rogue_vs_Mage+Warlock,Warrior+Rogue,Mage+Warlock,2,team1,kill,22.55
Warrior+Rogue_vs_Mage+Warlock,Warrior+Rogue,Mage+Warlock,3,team1,kill,23.25
Warrior+Rogue_vs_Mage+Warlock,Warrior+Rogue,Mage+Warlock,4,team1,kill,22.93
Warrior+Rogue_vs_Mage+Warlock,Warrior+Rogue,Mage+Warlock,5,team1,kill,23.63
Warrior+Rogue_vs_Mage+Warlock,Warrior+Rogue,Mage+Warlock,6,team1,kill,15.83
Warrior+Rogue_vs_Mage+Warlock,Warrior+Rogue,Mage+Warlock,7,team1,kill,19.92
Warrior+Rogue_vs_Mage+Warlock,Warrior+Rogue,Mage+Warlock,8,team1,kill,23.25
Warrior+Rogue_vs_Mage+Warlock,Warrior+Rogue,Mage+Warlock,9,team1,kill,24.55
Warrior+Rogue_vs_Mage+Paladin,Warrior+Rogue,Mage+Paladin,0,team2,kill,25.47
Warrior+Rogue_vs_Mage+Paladin,Warrior+Rogue,Mage+Paladin,1,team2,kill,25.25
Warrior+Rogue_vs_Mage+Paladin,Warrior+Rogue,Mage+Paladin,2,team2,kill,25.25
Warrior+Rogue_vs_Mage+Paladin,Warrior+Rogue,Mage+Paladin,3,team2,kill,25.25
Warrior+Rogue_vs_Mage+Paladin,Warrior+Rogue,Mage+Paladin,4,team2,kill,23.88
Warrior+Rogue_vs_Mage+Paladin,Warrior+Rogue,Mage+Paladin,5,team2,kill,25.25
Warrior+Rogue_vs_Mage+Paladin,Warrior+Rogue,Mage+Paladin,6,team2,kill,25.25
Warrior+Rogue_vs_Mage+Paladin,Warrior+Rogue,Mage+Paladin,7,team2,kill,25.15
Warrior+Rogue_vs_Mage+Paladin,Warrior+Rogue,Mage+Paladin,8,team2,kill,25.25
Warrior+Rogue_vs_Mage+Paladin,Warrior+Rogue,Mage+Paladin,9,team2,kill,25.25
Warrior+Rogue_vs_Mage+Hunter,Warrior+Rogue,Mage+Hunter,0,team2,kill,16.43
Warrior+Rogue_vs_Mage+Hunter,Warrior+Rogue,Mage+Hunter,1,team2,kill,16.43
Warrior+Rogue_vs_Mage+Hunter,Warrior+Rogue,Mage+Hunter,2,team2,kill,16.43
Warrior+Rogue_vs_Mage+Hunter,Warrior+Rogue,Mage+Hunter,3,team2,kill,16.43
Warrior+Rogue_vs_Mage+Hunter,Warrior+Rogue,Mage+Hunter,4,team2,kill,16.43
Warrior+Rogue_vs_Mage+Hunter,Warrior+Rogue,Mage+Hunter,5,team2,kill,16.43
Warrior+Rogue_vs_Mage+Hunter,Warrior+Rogue,Mage+Hunter,6,team2,kill,17.88
Warrior+Rogue_vs_Mage+Hunter,Warrior+Rogue,Mage+Hunter,7,team2,kill,16.43
Warrior+Rogue_vs_Mage+Hunter,Warrior+Rogue,Mage+Hunter,8,team2,kill,17.88
Warrior+Rogue_vs_Mage+Hunter,Warrior+Rogue,Mage+Hunter,9,team2,kill,17.63
Warrior+Rogue_vs_Mage+Shaman,Warrior+Rogue,Mage+Shaman,0,team2,kill,17.93
Warrior+Rogue_vs_Mage+Shaman,Warrior+Rogue,Mage+Shaman,1,team2,kill,20.08
Warrior+Rogue_vs_Mage+Shaman,Warrior+Rogue,Mage+Shaman,2,team2,kill,21.05
Warrior+Rogue_vs_Mage+Shaman,Warrior+Rogue,Mage+Shaman,3,team2,kill,21.02
Warrior+Rogue_vs_Mage+Shaman,Warrior+Rogue,Mage+Shaman,4,team2,kill,19.55
Warrior+Rogue_vs_Mage+Shaman,Warrior+Rogue,Mage+Shaman,5,team2,kill,18.57
Warrior+Rogue_vs_Mage+Shaman,Warrior+Rogue,Mage+Shaman,6,team2,kill,22.98
Warrior+Rogue_vs_Mage+Shaman,Warrior+Rogue,Mage+Shaman,7,team2,kill,19.52
Warrior+Rogue_vs_Mage+Shaman,Warrior+Rogue,Mage+Shaman,8,team2,kill,18.03
Warrior+Rogue_vs_Mage+Shaman,Warrior+Rogue,Mage+Shaman,9,team2,kill,19.43
Warrior+Rogue_vs_Rogue+Priest,Warrior+Rogue,Rogue+Priest,0,team2,kill,24.90
Warrior+Rogue_vs_Rogue+Priest,Warrior+Rogue,Rogue+Priest,1,team2,kill,22.90
Warrior+Rogue_vs_Rogue+Priest,Warrior+Rogue,Rogue+Priest,2,team2,kill,26.32
Warrior+Rogue_vs_Rogue+Priest,Warrior+Rogue,Rogue+Priest,3,team2,kill,22.90
Warrior+Rogue_vs_Rogue+Priest,Warrior+Rogue,Rogue+Priest,4,team1,kill,24.87
Warrior+Rogue_vs_Rogue+Priest,Warrior+Rogue,Rogue+Priest,5,team1,kill,24.87
Warrior+Rogue_vs_Rogue+Priest,Warrior+Rogue,Rogue+Priest,6,team1,kill,24.87
Warrior+Rogue_vs_Rogue+Priest,Warrior+Rogue,Rogue+Priest,7,team1,kill,20.92
Warrior+Rogue_vs_Rogue+Priest,Warrior+Rogue,Rogue+Priest,8,team1,kill,22.87
Warrior+Rogue_vs_Rogue+Priest,Warrior+Rogue,Rogue+Priest,9,team2,kill,21.17
Warrior+Rogue_vs_Rogue+Warlock,Warrior+Rogue,Rogue+Warlock,0,team1,kill,20.02
Warrior+Rogue_vs_Rogue+Warlock,Warrior+Rogue,Rogue+Warlock,1,team1,kill,19.75
Warrior+Rogue_vs_Rogue+Warlock,Warrior+Rogue,Rogue+Warlock,2,team1,kill,22.02
Warrior+Rogue_vs_Rogue+Warlock,Warrior+Rogue,Rogue+Warlock,3,team1,kill,19.75
Warrior+Rogue_vs_Rogue+Warlock,Warrior+Rogue,Rogue+Warlock,4,team1,kill,20.02
Warrior+Rogue_vs_Rogue+Warlock,Warrior+Rogue,Rogue+Warlock,5,team1,kill,19.75
Warrior+Rogue_vs_Rogue+Warlock,Warrior+Rogue,Rogue+Warlock,6,team1,kill,20.02
Warrior+Rogue_vs_Rogue+Warlock,Warrior+Rogue,Rogue+Warlock,7,team1,kill,19.75
Warrior+Rogue_vs_Rogue+Warlock,Warrior+Rogue,Rogue+Warlock,8,team1,kill,19.75
Warrior+Rogue_vs_Rogue+Warlock,Warrior+Rogue,Rogue+Warlock,9,team1,kill,18.02
Warrior+Rogue_vs_Rogue+Paladin,Warrior+Rogue,Rogue+Paladin,0,team1,kill,39.02
Warrior+Rogue_vs_Rogue+Paladin,Warrior+Rogue,Rogue+Paladin,1,team1,kill,38.43
Warrior+Rogue_vs_Rogue+Paladin,Warrior+Rogue,Rogue+Paladin,2,team1,kill,39.30
Warrior+Rogue_vs_Rogue+Paladin,Warrior+Rogue,Rogue+Paladin,3,team1,kill,33.80
Warrior+Rogue_vs_Rogue+Paladin,Warrior+Rogue,Rogue+Paladin,4,team1,kill,42.35
Warrior+Rogue_vs_Rogue+Paladin,Warrior+Rogue,Rogue+Paladin,5,team1,kill,34.53
Warrior+Rogue_vs_Rogue+Paladin,Warrior+Rogue,Rogue+Paladin,6,team1,kill,36.17
Warrior+Rogue_vs_Rogue+Paladin,Warrior+Rogue,Rogue+Paladin,7,team1,kill,35.92
Warrior+Rogue_vs_Rogue+Paladin,Warrior+Rogue,Rogue+Paladin,8,team1,kill,33.80
Warrior+Rogue_vs_Rogue+Paladin,Warrior+Rogue,Rogue+Paladin,9,team1,kill,39.02
Warrior+Rogue_vs_Rogue+Hunter,Warrior+Rogue,Rogue+Hunter,0,team2,kill,20.47
Warrior+Rogue_vs_Rogue+Hunter,Warrior+Rogue,Rogue+Hunter,1,team2,kill,20.47
Warrior+Rogue_vs_Rogue+Hunter,Warrior+Rogue,Rogue+Hunter,2,team2,kill,22.22
Warrior+Rogue_vs_Rogue+Hunter,Warrior+Rogue,Rogue+Hunter,3,team2,kill,20.45
Warrior+Rogue_vs_Rogue+Hunter,Warrior+Rogue,Rogue+Hunter,4,team2,kill,22.22
Warrior+Rogue_vs_Rogue+Hunter,Warrior+Rogue,Rogue+Hunter,5,team2,kill,21.32
Warrior+Rogue_vs_Rogue+Hunter,Warrior+Rogue,Rogue+Hunter,6,team2,kill,20.45
Warrior+Rogue_vs_Rogue+Hunter,Warrior+Rogue,Rogue+Hunter,7,team2,kill,20.45
Warrior+Rogue_vs_Rogue+Hunter,Warrior+Rogue,Rogue+Hunter,8,team2,kill,20.47
Warrior+Rogue_vs_Rogue+Hunter,Warrior+Rogue,Rogue+Hunter,9,team2,kill,19.37
Warrior+Rogue_vs_Rogue+Shaman,Warrior+Rogue,Rogue+Shaman,0,team2,kill,21.35
Warrior+Rogue_vs_Rogue+Shaman,Warrior+Rogue,Rogue+Shaman,1,team2,kill,20.42
Warrior+Rogue_vs_Rogue+Shaman,Warrior+Rogue,Rogue+Shaman,2,team2,kill,20.42
Warrior+Rogue_vs_Rogue+Shaman,Warrior+Rogue,Rogue+Shaman,3,team2,kill,21.62
Warrior+Rogue_vs_Rogue+Shaman,Warrior+Rogue,Rogue+Shaman,4,team2,kill,20.08
Warrior+Rogue_vs_Rogue+Shaman,Warrior+Rogue,Rogue+Shaman,5,team2,kill,18.05
Warrior+Rogue_vs_Rogue+Shaman,Warrior+Rogue,Rogue+Shaman,6,team2,kill,20.42
Warrior+Rogue_vs_Rogue+Shaman,Warrior+Rogue,Rogue+Shaman,7,team2,kill,18.13
Warrior+Rogue_vs_Rogue+Shaman,Warrior+Rogue,Rogue+Shaman,8,team2,kill,20.08
Warrior+Rogue_vs_Rogue+Shaman,Warrior+Rogue,Rogue+Shaman,9,team2,kill,21.62
Warrior+Rogue_vs_Priest+Warlock,Warrior+Rogue,Priest+Warlock,0,team2,kill,33.42
Warrior+Rogue_vs_Priest+Warlock,Warrior+Rogue,Priest+Warlock,1,team2,kill,33.42
Warrior+Rogue_vs_Priest+Warlock,Warrior+Rogue,Priest+Warlock,2,team2,kill,32.60
Warrior+Rogue_vs_Priest+Warlock,Warrior+Rogue,Priest+Warlock,3,team1,kill,37.80
Warrior+Rogue_vs_Priest+Warlock,Warrior+Rogue,Priest+Warlock,4,team2,kill,33.42
Warrior+Rogue_vs_Priest+Warlock,Warrior+Rogue,Priest+Warlock,5,team2,kill,32.42
Warrior+Rogue_vs_Priest+Warlock,Warrior+Rogue,Priest+Warlock,6,team1,kill,33.48
Warrior+Rogue_vs_Priest+Warlock,Warrior+Rogue,Priest+Warlock,7,team1,kill,37.80
Warrior+Rogue_vs_Priest+Warlock,Warrior+Rogue,Priest+Warlock,8,team2,kill,33.42
Warrior+Rogue_vs_Priest+Warlock,Warrior+Rogue,Priest+Warlock,9,team2,kill,33.50
Warrior+Rogue_vs_Priest+Hunter,Warrior+Rogue,Priest+Hunter,0,team2,kill,22.95
Warrior+Rogue_vs_Priest+Hunter,Warrior+Rogue,Priest+Hunter,1,team2,kill,22.83
Warrior+Rogue_vs_Priest+Hunter,Warrior+Rogue,Priest+Hunter,2,team2,kill,19.60
Warrior+Rogue_vs_Priest+Hunter,Warrior+Rogue,Priest+Hunter,3,team2,kill,22.83
Warrior+Rogue_vs_Priest+Hunter,Warrior+Rogue,Priest+Hunter,4,team2,kill,20.68
Warrior+Rogue_vs_Priest+Hunter,Warrior+Rogue,Priest+Hunter,5,team2,kill,20.53
Warrior+Rogue_vs_Priest+Hunter,Warrior+Rogue,Priest+Hunter,6,team2,kill,22.95
Warrior+Rogue_vs_Priest+Hunter,Warrior+Rogue,Priest+Hunter,7,team2,kill,20.08
Warrior+Rogue_vs_Priest+Hunter,Warrior+Rogue,Priest+Hunter,8,team2,kill,22.95
Warrior+Rogue_vs_Priest+Hunter,Warrior+Rogue,Priest+Hunter,9,team2,kill,21.58
Warrior+Rogue_vs_Warlock+Paladin,Warrior+Rogue,Warlock+Paladin,0,team2,kill,38.67
Warrior+Rogue_vs_Warlock+Paladin,Warrior+Rogue,Warlock+Paladin,1,team2,kill,45.45
Warrior+Rogue_vs_Warlock+Paladin,Warrior+Rogue,Warlock+Paladin,2,team2,kill,55.93
Warrior+Rogue_vs_Warlock+Paladin,Warrior+Rogue,Warlock+Paladin,3,team2,kill,35.40
Warrior+Rogue_vs_Warlock+Paladin,Warrior+Rogue,Warlock+Paladin,4,team2,kill,34.73
Warrior+Rogue_vs_Warlock+Paladin,Warrior+Rogue,Warlock+Paladin,5,team2,kill,52.62
Warrior+Rogue_vs_Warlock+Paladin,Warrior+Rogue,Warlock+Paladin,6,team2,kill,34.07
Warrior+Rogue_vs_Warlock+Paladin,Warrior+Rogue,Warlock+Paladin,7,team2,kill,39.15
Warrior+Rogue_vs_Warlock+Paladin,Warrior+Rogue,Warlock+Paladin,8,team2,kill,34.68
Warrior+Rogue_vs_Warlock+Paladin,Warrior+Rogue,Warlock+Paladin,9,team2,kill,34.73
Warrior+Rogue_vs_Warlock+Hunter,Warrior+Rogue,Warlock+Hunter,0,team2,kill,20.53
Warrior+Rogue_vs_Warlock+Hunter,Warrior+Rogue,Warlock+Hunter,1,team2,kill,21.83
Warrior+Rogue_vs_Warlock+Hunter,Warrior+Rogue,Warlock+Hunter,2,team2,kill,20.53
Warrior+Rogue_vs_Warlock+Hunter,Warrior+Rogue,Warlock+Hunter,3,team2,kill,20.73
Warrior+Rogue_vs_Warlock+Hunter,Warrior+Rogue,Warlock+Hunter,4,team2,kill,20.53
Warrior+Rogue_vs_Warlock+Hunter,Warrior+Rogue,Warlock+Hunter,5,team2,kill,19.62
Warrior+Rogue_vs_Warlock+Hunter,Warrior+Rogue,Warlock+Hunter,6,team2,kill,20.53
Warrior+Rogue_vs_Warlock+Hunter,Warrior+Rogue,Warlock+Hunter,7,team2,kill,20.53
Warrior+Rogue_vs_Warlock+Hunter,Warrior+Rogue,Warlock+Hunter,8,team2,kill,20.53
Warrior+Rogue_vs_Warlock+Hunter,Warrior+Rogue,Warlock+Hunter,9,team2,kill,20.53
Warrior+Rogue_vs_Warlock+Shaman,Warrior+Rogue,Warlock+Shaman,0,team1,kill,25.32
Warrior+Rogue_vs_Warlock+Shaman,Warrior+Rogue,Warlock+Shaman,1,team2,kill,41.40
Warrior+Rogue_vs_Warlock+Shaman,Warrior+Rogue,Warlock+Shaman,2,team1,kill,16.07
Warrior+Rogue_vs_Warlock+Shaman,Warrior+Rogue,Warlock+Shaman,3,team1,kill,17.48
Warrior+Rogue_vs_Warlock+Shaman,Warrior+Rogue,Warlock+Shaman,4,team1,kill,23.55
Warrior+Rogue_vs_Warlock+Shaman,Warrior+Rogue,Warlock+Shaman,5,team2,kill,24.90
Warrior+Rogue_vs_Warlock+Shaman,Warrior+Rogue,Warlock+Shaman,6,team1,kill,16.07
Warrior+Rogue_vs_Warlock+Shaman,Warrior+Rogue,Warlock+Shaman,7,team1,kill,23.32
Warrior+Rogue_vs_Warlock+Shaman,Warrior+Rogue,Warlock+Shaman,8,team2,kill,27.68
Warrior+Rogue_vs_Warlock+Shaman,Warrior+Rogue,Warlock+Shaman,9,team1,kill,14.65
Warrior+Rogue_vs_Paladin+Hunter,Warrior+Rogue,Paladin+Hunter,0,team2,kill,25.37
Warrior+Rogue_vs_Paladin+Hunter,Warrior+Rogue,Paladin+Hunter,1,team2,kill,27.15
Warrior+Rogue_vs_Paladin+Hunter,Warrior+Rogue,Paladin+Hunter,2,team2,kill,24.60
Warrior+Rogue_vs_Paladin+Hunter,Warrior+Rogue,Paladin+Hunter,3,team2,kill,27.18
Warrior+Rogue_vs_Paladin+Hunter,Warrior+Rogue,Paladin+Hunter,4,team2,kill,25.37
Warrior+Rogue_vs_Paladin+Hunter,Warrior+Rogue,Paladin+Hunter,5,team2,kill,27.95
Warrior+Rogue_vs_Paladin+Hunter,Warrior+Rogue,Paladin+Hunter,6,team2,kill,27.15
Warrior+Rogue_vs_Paladin+Hunter,Warrior+Rogue,Paladin+Hunter,7,team2,kill,27.15
Warrior+Rogue_vs_Paladin+Hunter,Warrior+Rogue,Paladin+Hunter,8,team2,kill,27.97
Warrior+Rogue_vs_Paladin+Hunter,Warrior+Rogue,Paladin+Hunter,9,team2,kill,27.95
Warrior+Rogue_vs_Hunter+Shaman,Warrior+Rogue,Hunter+Shaman,0,team2,kill,14.43
Warrior+Rogue_vs_Hunter+Shaman,Warrior+Rogue,Hunter+Shaman,1,team2,kill,13.95
Warrior+Rogue_vs_Hunter+Shaman,Warrior+Rogue,Hunter+Shaman,2,team2,kill,16.10
Warrior+Rogue_vs_Hunter+Shaman,Warrior+Rogue,Hunter+Shaman,3,team2,kill,14.58
Warrior+Rogue_vs_Hunter+Shaman,Warrior+Rogue,Hunter+Shaman,4,team2,kill,14.93
Warrior+Rogue_vs_Hunter+Shaman,Warrior+Rogue,Hunter+Shaman,5,team2,kill,13.97
Warrior+Rogue_vs_Hunter+Shaman,Warrior+Rogue,Hunter+Shaman,6,team2,kill,14.58
Warrior+Rogue_vs_Hunter+Shaman,Warrior+Rogue,Hunter+Shaman,7,team2,kill,13.97
Warrior+Rogue_vs_Hunter+Shaman,Warrior+Rogue,Hunter+Shaman,8,team2,kill,15.37
Warrior+Rogue_vs_Hunter+Shaman,Warrior+Rogue,Hunter+Shaman,9,team2,kill,16.10
Warrior+Priest_vs_Warrior+Mage,Warrior+Priest,Warrior+Mage,0,team1,kill,32.58
Warrior+Priest_vs_Warrior+Mage,Warrior+Priest,Warrior+Mage,1,team2,kill,17.30
Warrior+Priest_vs_Warrior+Mage,Warrior+Priest,Warrior+Mage,2,team1,kill,36.12
Warrior+Priest_vs_Warrior+Mage,Warrior+Priest,Warrior+Mage,3,team1,kill,30.62
Warrior+Priest_vs_Warrior+Mage,Warrior+Priest,Warrior+Mage,4,team2,kill,25.92
Warrior+Priest_vs_Warrior+Mage,Warrior+Priest,Warrior+Mage,5,team1,kill,33.17
Warrior+Priest_vs_Warrior+Mage,Warrior+Priest,Warrior+Mage,6,team1,kill,29.68
Warrior+Priest_vs_Warrior+Mage,Warrior+Priest,Warrior+Mage,7,team1,kill,30.62
Warrior+Priest_vs_Warrior+Mage,Warrior+Priest,Warrior+Mage,8,team1,kill,33.17
Warrior+Priest_vs_Warrior+Mage,Warrior+Priest,Warrior+Mage,9,team1,kill,33.72
Warrior+Priest_vs_Warrior+Rogue,Warrior+Priest,Warrior+Rogue,0,team2,kill,18.32
Warrior+Priest_vs_Warrior+Rogue,Warrior+Priest,Warrior+Rogue,1,team2,kill,22.32
Warrior+Priest_vs_Warrior+Rogue,Warrior+Priest,Warrior+Rogue,2,team1,kill,24.07
Warrior+Priest_vs_Warrior+Rogue,Warrior+Priest,Warrior+Rogue,3,team1,kill,20.25
Warrior+Priest_vs_Warrior+Rogue,Warrior+Priest,Warrior+Rogue,4,team2,kill,16.37
Warrior+Priest_vs_Warrior+Rogue,Warrior+Priest,Warrior+Rogue,5,team2,kill,18.77
Warrior+Priest_vs_Warrior+Rogue,Warrior+Priest,Warrior+Rogue,6,team1,kill,20.25
Warrior+Priest_vs_Warrior+Rogue,Warrior+Priest,Warrior+Rogue,7,team1,kill,21.78
Warrior+Priest_vs_Warrior+Rogue,Warrior+Priest,Warrior+Rogue,8,team2,kill,18.32
Warrior+Priest_vs_Warrior+Rogue,Warrior+Priest,Warrior+Rogue,9,team1,kill,24.07
Warrior+Priest_vs_Warrior+Priest,Warrior+Priest,Warrior+Priest,0,team2,kill,183.38
Warrior+Priest_vs_Warrior+Priest,Warrior+Priest,Warrior+Priest,1,team2,kill,174.48
Warrior+Priest_vs_Warrior+Priest,Warrior+Priest,Warrior+Priest,2,team2,kill,39.33
Warrior+Priest_vs_Warrior+Priest,Warrior+Priest,Warrior+Priest,3,team1,kill,196.23
Warrior+Priest_vs_Warrior+Priest,Warrior+Priest,Warrior+Priest,4,team2,kill,39.33
Warrior+Priest_vs_Warrior+Priest,Warrior+Priest,Warrior+Priest,5,team1,kill,38.45
Warrior+Priest_vs_Warrior+Priest,Warrior+Priest,Warrior+Priest,6,team1,kill,38.95
Warrior+Priest_vs_Warrior+Priest,Warrior+Priest,Warrior+Priest,7,team2,kill,38.92
Warrior+Priest_vs_Warrior+Priest,Warrior+Priest,Warrior+Priest,8,team2,kill,36.62
Warrior+Priest_vs_Warrior+Priest,Warrior+Priest,Warrior+Priest,9,team2,kill,35.52
Warrior+Priest_vs_Warrior+Warlock,Warrior+Priest,Warrior+Warlock,0,team1,kill,29.97
Warrior+Priest_vs_Warrior+Warlock,Warrior+Priest,Warrior+Warlock,1,team1,kill,28.10
Warrior+Priest_vs_Warrior+Warlock,Warrior+Priest,Warrior+Warlock,2,team1,kill,27.18
Warrior+Priest_vs_Warrior+Warlock,Warrior+Priest,Warrior+Warlock,3,team1,kill,22.28
Warrior+Priest_vs_Warrior+Warlock,Warrior+Priest,Warrior+Warlock,4,team1,kill,24.77
Warrior+Priest_vs_Warrior+Warlock,Warrior+Priest,Warrior+Warlock,5,team1,kill,22.72
Warrior+Priest_vs_Warrior+Warlock,Warrior+Priest,Warrior+Warlock,6,team1,kill,27.60
Warrior+Priest_vs_Warrior+Warlock,Warrior+Priest,Warrior+Warlock,7,team1,kill,30.88
Warrior+Priest_vs_Warrior+Warlock,Warrior+Priest,Warrior+Warlock,8,team1,kill,26.05
Warrior+Priest_vs_Warrior+Warlock,Warrior+Priest,Warrior+Warlock,9,team1,kill,24.77
Warrior+Priest_vs_Warrior+Paladin,Warrior+Priest,Warrior+Paladin,0,team2,kill,45.30
Warrior+Priest_vs_Warrior+Paladin,Warrior+Priest,Warrior+Paladin,1,team1,kill,173.45
Warrior+Priest_vs_Warrior+Paladin,Warrior+Priest,Warrior+Paladin,2,team2,kill,43.17
Warrior+Priest_vs_Warrior+Paladin,Warrior+Priest,Warrior+Paladin,3,team2,kill,43.60
Warrior+Priest_vs_Warrior+Paladin,Warrior+Priest,Warrior+Paladin,4,team2,kill,40.87
Warrior+Priest_vs_Warrior+Paladin,Warrior+Priest,Warrior+Paladin,5,team1,kill,178.12
Warrior+Priest_vs_Warrior+Paladin,Warrior+Priest,Warrior+Paladin,6,team2,kill,43.15
Warrior+Priest_vs_Warrior+Paladin,Warrior+Priest,Warrior+Paladin,7,team2,kill,43.40
Warrior+Priest_vs_Warrior+Paladin,Warrior+Priest,Warrior+Paladin,8,team1,kill,112.58
Warrior+Priest_vs_Warrior+Paladin,Warrior+Priest,Warrior+Paladin,9,team2,kill,38.60
Warrior+Priest_vs_Warrior+Hunter,Warrior+Priest,Warrior+Hunter,0,team1,kill,36.05
Warrior+Priest_vs_Warrior+Hunter,Warrior+Priest,Warrior+Hunter,1,team1,kill,35.72
Warrior+Priest_vs_Warrior+Hunter,Warrior+Priest,Warrior+Hunter,2,team1,kill,36.05
Warrior+Priest_vs_Warrior+Hunter,Warrior+Priest,Warrior+Hunter,3,team1,kill,36.05
Warrior+Priest_vs_Warrior+Hunter,Warrior+Priest,Warrior+Hunter,4,team1,kill,31.87
Warrior+Priest_vs_Warrior+Hunter,Warrior+Priest,Warrior+Hunter,5,team1,kill,28.58
Warrior+Priest_vs_Warrior+Hunter,Warrior+Priest,Warrior+Hunter,6,team1,kill,30.27
Warrior+Priest_vs_Warrior+Hunter,Warrior+Priest,Warrior+Hunter,7,team1,kill,36.05
Warrior+Priest_vs_Warrior+Hunter,Warrior+Priest,Warrior+Hunter,8,team1,kill,36.05
Warrior+Priest_vs_Warrior+Hunter,Warrior+Priest,Warrior+Hunter,9,team1,kill,35.72
Warrior+Priest_vs_Warrior+Shaman,Warrior+Priest,Warrior+Shaman,0,team1,kill,38.55
Warrior+Priest_vs_Warrior+Shaman,Warrior+Priest,Warrior+Shaman,1,team2,kill,26.02
Warrior+Priest_vs_Warrior+Shaman,Warrior+Priest,Warrior+Shaman,2,team2,kill,35.53
Warrior+Priest_vs_Warrior+Shaman,Warrior+Priest,Warrior+Shaman,3,team1,kill,103.56
Warrior+Priest_vs_Warrior+Shaman,Warrior+Priest,Warrior+Shaman,4,team1,kill,31.50
Warrior+Priest_vs_Warrior+Shaman,Warrior+Priest,Warrior+Shaman,5,team1,kill,48.28
Warrior+Priest_vs_Warrior+Shaman,Warrior+Priest,Warrior+Shaman,6,team2,kill,41.02
Warrior+Priest_vs_Warrior+Shaman,Warrior+Priest,Warrior+Shaman,7,team2,kill,33.25
Warrior+Priest_vs_Warrior+Shaman,Warrior+Priest,Warrior+Shaman,8,team1,kill,41.88
Warrior+Priest_vs_Warrior+Shaman,Warrior+Priest,Warrior+Shaman,9,team1,kill,31.65
Warrior+Priest_vs_Mage+Rogue,Warrior+Priest,Mage+Rogue,0,team2,kill,18.80
Warrior+Priest_vs_Mage+Rogue,Warrior+Priest,Mage+Rogue,1,team2,kill,18.80
Warrior+Priest_vs_Mage+Rogue,Warrior+Priest,Mage+Rogue,2,team2,kill,19.65
Warrior+Priest_vs_Mage+Rogue,Warrior+Priest,Mage+Rogue,3,team2,kill,19.65
Warrior+Priest_vs_Mage+Rogue,Warrior+Priest,Mage+Rogue,4,team2,kill,20.32
Warrior+Priest_vs_Mage+Rogue,Warrior+Priest,Mage+Rogue,5,team2,kill,17.07
Warrior+Priest_vs_Mage+Rogue,Warrior+Priest,Mage+Rogue,6,team2,kill,20.32
Warrior+Priest_vs_Mage+Rogue,Warrior+Priest,Mage+Rogue,7,team2,kill,20.32
Warrior+Priest_vs_Mage+Rogue,Warrior+Priest,Mage+Rogue,8,team2,kill,19.65
Warrior+Priest_vs_Mage+Rogue,Warrior+Priest,Mage+Rogue,9,team2,kill,19.65
Warrior+Priest_vs_Mage+Priest,Warrior+Priest,Mage+Priest,0,team2,kill,44.93
Warrior+Priest_vs_Mage+Priest,Warrior+Priest,Mage+Priest,1,team2,kill,74.22
Warrior+Priest_vs_Mage+Priest,Warrior+Priest,Mage+Priest,2,team2,kill,75.70
Warrior+Priest_vs_Mage+Priest,Warrior+Priest,Mage+Priest,3,team2,kill,60.00
Warrior+Priest_vs_Mage+Priest,Warrior+Priest,Mage+Priest,4,team2,kill,73.93
Warrior+Priest_vs_Mage+Priest,Warrior+Priest,Mage+Priest,5,team2,kill,84.75
Warrior+Priest_vs_Mage+Priest,Warrior+Priest,Mage+Priest,6,team2,kill,44.95
Warrior+Priest_vs_Mage+Priest,Warrior+Priest,Mage+Priest,7,team2,kill,40.63
Warrior+Priest_vs_Mage+Priest,Warrior+Priest,Mage+Priest,8,team2,kill,66.10
Warrior+Priest_vs_Mage+Priest,Warrior+Priest,Mage+Priest,9,team1,kill,57.48
Warrior+Priest_vs_Mage+Warlock,Warrior+Priest,Mage+Warlock,0,team1,kill,25.55
Warrior+Priest_vs_Mage+Warlock,Warrior+Priest,Mage+Warlock,1,team1,kill,22.78
Warrior+Priest_vs_Mage+Warlock,Warrior+Priest,Mage+Warlock,2,team1,kill,28.97
Warrior+Priest_vs_Mage+Warlock,Warrior+Priest,Mage+Warlock,3,team1,kill,28.97
Warrior+Priest_vs_Mage+Warlock,Warrior+Priest,Mage+Warlock,4,team1,kill,27.45
Warrior+Priest_vs_Mage+Warlock,Warrior+Priest,Mage+Warlock,5,team1,kill,28.78
Warrior+Priest_vs_Mage+Warlock,Warrior+Priest,Mage+Warlock,6,team1,kill,28.97
Warrior+Priest_vs_Mage+Warlock,Warrior+Priest,Mage+Warlock,7,team1,kill,28.97
Warrior+Priest_vs_Mage+Warlock,Warrior+Priest,Mage+Warlock,8,team1,kill,25.15
Warrior+Priest_vs_Mage+Warlock,Warrior+Priest,Mage+Warlock,9,team1,kill,28.92
Warrior+Priest_vs_Mage+Paladin,Warrior+Priest,Mage+Paladin,0,team1,kill,48.98
Warrior+Priest_vs_Mage+Paladin,Warrior+Priest,Mage+Paladin,1,team1,kill,191.88
Warrior+Priest_vs_Mage+Paladin,Warrior+Priest,Mage+Paladin,2,team2,kill,63.62
Warrior+Priest_vs_Mage+Paladin,Warrior+Priest,Mage+Paladin,3,team2,kill,71.55
Warrior+Priest_vs_Mage+Paladin,Warrior+Priest,Mage+Paladin,4,team2,kill,45.02
Warrior+Priest_vs_Mage+Paladin,Warrior+Priest,Mage+Paladin,5,team1,kill,47.60
Warrior+Priest_vs_Mage+Paladin,Warrior+Priest,Mage+Paladin,6,team2,kill,65.02
Warrior+Priest_vs_Mage+Paladin,Warrior+Priest,Mage+Paladin,7,team2,kill,71.98
Warrior+Priest_vs_Mage+Paladin,Warrior+Priest,Mage+Paladin,8,team2,kill,70.03
Warrior+Priest_vs_Mage+Paladin,Warrior+Priest,Mage+Paladin,9,team1,kill,50.00
Warrior+Priest_vs_Mage+Hunter,Warrior+Priest,Mage+Hunter,0,team1,kill,44.83
Warrior+Priest_vs_Mage+Hunter,Warrior+Priest,Mage+Hunter,1,team1,kill,31.48
Warrior+Priest_vs_Mage+Hunter,Warrior+Priest,Mage+Hunter,2,team1,kill,45.15
Warrior+Priest_vs_Mage+Hunter,Warrior+Priest,Mage+Hunter,3,team1,kill,44.80
Warrior+Priest_vs_Mage+Hunter,Warrior+Priest,Mage+Hunter,4,team1,kill,45.57
Warrior+Priest_vs_Mage+Hunter,Warrior+Priest,Mage+Hunter,5,team1,kill,25.25
Warrior+Priest_vs_Mage+Hunter,Warrior+Priest,Mage+Hunter,6,team1,kill,25.47
Warrior+Priest_vs_Mage+Hunter,Warrior+Priest,Mage+Hunter,7,team1,kill,27.97
Warrior+Priest_vs_Mage+Hunter,Warrior+Priest,Mage+Hunter,8,team1,kill,27.77
Warrior+Priest_vs_Mage+Hunter,Warrior+Priest,Mage+Hunter,9,team1,kill,42.20
Warrior+Priest_vs_Mage+Shaman,Warrior+Priest,Mage+Shaman,0,team2,kill,50.27
Warrior+Priest_vs_Mage+Shaman,Warrior+Priest,Mage+Shaman,1,team1,kill,45.00
Warrior+Priest_vs_Mage+Shaman,Warrior+Priest,Mage+Shaman,2,team2,kill,37.22
Warrior+Priest_vs_Mage+Shaman,Warrior+Priest,Mage+Shaman,3,team2,kill,38.58
Warrior+Priest_vs_Mage+Shaman,Warrior+Priest,Mage+Shaman,4,team2,kill,20.95
Warrior+Priest_vs_Mage+Shaman,Warrior+Priest,Mage+Shaman,5,team2,kill,32.48
Warrior+Priest_vs_Mage+Shaman,Warrior+Priest,Mage+Shaman,6,team2,kill,72.33
Warrior+Priest_vs_Mage+Shaman,Warrior+Priest,Mage+Shaman,7,team2,kill,37.00
Warrior+Priest_vs_Mage+Shaman,Warrior+Priest,Mage+Shaman,8,team2,kill,34.73
Warrior+Priest_vs_Mage+Shaman,Warrior+Priest,Mage+Shaman,9,team2,kill,29.10
Warrior+Priest_vs_Rogue+Priest,Warrior+Priest,Rogue+Priest,0,team2,kill,49.35
Warrior+Priest_vs_Rogue+Priest,Warrior+Priest,Rogue+Priest,1,team2,kill,48.47
Warrior+Priest_vs_Rogue+Priest,Warrior+Priest,Rogue+Priest,2,team2,kill,52.83
Warrior+Priest_vs_Rogue+Priest,Warrior+Priest,Rogue+Priest,3,team2,kill,55.53
Warrior+Priest_vs_Rogue+Priest,Warrior+Priest,Rogue+Priest,4,team2,kill,49.02
Warrior+Priest_vs_Rogue+Priest,Warrior+Priest,Rogue+Priest,5,team2,kill,47.03
Warrior+Priest_vs_Rogue+Priest,Warrior+Priest,Rogue+Priest,6,team2,kill,51.82
Warrior+Priest_vs_Rogue+Priest,Warrior+Priest,Rogue+Priest,7,team2,kill,54.07
Warrior+Priest_vs_Rogue+Priest,Warrior+Priest,Rogue+Priest,8,team2,kill,55.80
Warrior+Priest_vs_Rogue+Priest,Warrior+Priest,Rogue+Priest,9,team1,kill,19.65
Warrior+Priest_vs_Rogue+Warlock,Warrior+Priest,Rogue+Warlock,0,team1,kill,29.50
Warrior+Priest_vs_Rogue+Warlock,Warrior+Priest,Rogue+Warlock,1,team2,kill,29.53
Warrior+Priest_vs_Rogue+Warlock,Warrior+Priest,Rogue+Warlock,2,team2,kill,21.80
Warrior+Priest_vs_Rogue+Warlock,Warrior+Priest,Rogue+Warlock,3,team1,kill,29.42
Warrior+Priest_vs_Rogue+Warlock,Warrior+Priest,Rogue+Warlock,4,team1,kill,27.37
Warrior+Priest_vs_Rogue+Warlock,Warrior+Priest,Rogue+Warlock,5,team1,kill,24.48
Warrior+Priest_vs_Rogue+Warlock,Warrior+Priest,Rogue+Warlock,6,team1,kill,29.52
Warrior+Priest_vs_Rogue+Warlock,Warrior+Priest,Rogue+Warlock,7,team2,kill,24.28
Warrior+Priest_vs_Rogue+Warlock,Warrior+Priest,Rogue+Warlock,8,team1,kill,30.52
Warrior+Priest_vs_Rogue+Warlock,Warrior+Priest,Rogue+Warlock,9,team1,kill,34.23
Warrior+Priest_vs_Rogue+Paladin,Warrior+Priest,Rogue+Paladin,0,team1,kill,56.78
Warrior+Priest_vs_Rogue+Paladin,Warrior+Priest,Rogue+Paladin,1,team1,kill,56.85
Warrior+Priest_vs_Rogue+Paladin,Warrior+Priest,Rogue+Paladin,2,team1,kill,144.51
Warrior+Priest_vs_Rogue+Paladin,Warrior+Priest,Rogue+Paladin,3,team1,kill,56.78
Warrior+Priest_vs_Rogue+Paladin,Warrior+Priest,Rogue+Paladin,4,team1,kill,130.20
Warrior+Priest_vs_Rogue+Paladin,Warrior+Priest,Rogue+Paladin,5,team1,kill,54.58
Warrior+Priest_vs_Rogue+Paladin,Warrior+Priest,Rogue+Paladin,6,team2,kill,55.60
Warrior+Priest_vs_Rogue+Paladin,Warrior+Priest,Rogue+Paladin,7,team1,kill,62.70
Warrior+Priest_vs_Rogue+Paladin,Warrior+Priest,Rogue+Paladin,8,team1,kill,59.22
Warrior+Priest_vs_Rogue+Paladin,Warrior+Priest,Rogue+Paladin,9,team1,kill,56.00
Warrior+Priest_vs_Rogue+Hunter,Warrior+Priest,Rogue+Hunter,0,team2,kill,45.62
Warrior+Priest_vs_Rogue+Hunter,Warrior+Priest,Rogue+Hunter,1,team2,kill,44.78
Warrior+Priest_vs_Rogue+Hunter,Warrior+Priest,Rogue+Hunter,2,team2,kill,42.03
Warrior+Priest_vs_Rogue+Hunter,Warrior+Priest,Rogue+Hunter,3,team2,kill,44.73
Warrior+Priest_vs_Rogue+Hunter,Warrior+Priest,Rogue+Hunter,4,team2,kill,37.57
Warrior+Priest_vs_Rogue+Hunter,Warrior+Priest,Rogue+Hunter,5,team2,kill,44.73
Warrior+Priest_vs_Rogue+Hunter,Warrior+Priest,Rogue+Hunter,6,team2,kill,57.02
Warrior+Priest_vs_Rogue+Hunter,Warrior+Priest,Rogue+Hunter,7,team2,kill,44.50
Warrior+Priest_vs_Rogue+Hunter,Warrior+Priest,Rogue+Hunter,8,team2,kill,36.97
Warrior+Priest_vs_Rogue+Hunter,Warrior+Priest,Rogue+Hunter,9,team2,kill,45.87
Warrior+Priest_vs_Rogue+Shaman,Warrior+Priest,Rogue+Shaman,0,team2,kill,41.57
Warrior+Priest_vs_Rogue+Shaman,Warrior+Priest,Rogue+Shaman,1,team2,kill,47.33
Warrior+Priest_vs_Rogue+Shaman,Warrior+Priest,Rogue+Shaman,2,team1,kill,36.20
Warrior+Priest_vs_Rogue+Shaman,Warrior+Priest,Rogue+Shaman,3,team1,kill,34.67
Warrior+Priest_vs_Rogue+Shaman,Warrior+Priest,Rogue+Shaman,4,team2,kill,37.90
Warrior+Priest_vs_Rogue+Shaman,Warrior+Priest,Rogue+Shaman,5,team2,kill,29.73
Warrior+Priest_vs_Rogue+Shaman,Warrior+Priest,Rogue+Shaman,6,team2,kill,44.23
Warrior+Priest_vs_Rogue+Shaman,Warrior+Priest,Rogue+Shaman,7,team2,kill,58.85
Warrior+Priest_vs_Rogue+Shaman,Warrior+Priest,Rogue+Shaman,8,team2,kill,36.47
Warrior+Priest_vs_Rogue+Shaman,Warrior+Priest,Rogue+Shaman,9,team2,kill,51.12
Warrior+Priest_vs_Priest+Warlock,Warrior+Priest,Priest+Warlock,0,team1,kill,34.97
Warrior+Priest_vs_Priest+Warlock,Warrior+Priest,Priest+Warlock,1,team1,kill,29.13
Warrior+Priest_vs_Priest+Warlock,Warrior+Priest,Priest+Warlock,2,team1,kill,34.97
Warrior+Priest_vs_Priest+Warlock,Warrior+Priest,Priest+Warlock,3,team1,kill,33.28
Warrior+Priest_vs_Priest+Warlock,Warrior+Priest,Priest+Warlock,4,team1,kill,33.18
Warrior+Priest_vs_Priest+Warlock,Warrior+Priest,Priest+Warlock,5,team1,kill,36.77
Warrior+Priest_vs_Priest+Warlock,Warrior+Priest,Priest+Warlock,6,team1,kill,34.63
Warrior+Priest_vs_Priest+Warlock,Warrior+Priest,Priest+Warlock,7,team1,kill,33.10
Warrior+Priest_vs_Priest+Warlock,Warrior+Priest,Priest+Warlock,8,team1,kill,34.97
Warrior+Priest_vs_Priest+Warlock,Warrior+Priest,Priest+Warlock,9,team1,kill,39.70
Warrior+Priest_vs_Priest+Hunter,Warrior+Priest,Priest+Hunter,0,team1,kill,44.78
Warrior+Priest_vs_Priest+Hunter,Warrior+Priest,Priest+Hunter,1,team1,kill,48.13
Warrior+Priest_vs_Priest+Hunter,Warrior+Priest,Priest+Hunter,2,team1,kill,47.30
Warrior+Priest_vs_Priest+Hunter,Warrior+Priest,Priest+Hunter,3,team1,kill,64.42
Warrior+Priest_vs_Priest+Hunter,Warrior+Priest,Priest+Hunter,4,team1,kill,56.87
Warrior+Priest_vs_Priest+Hunter,Warrior+Priest,Priest+Hunter,5,team1,kill,49.85
Warrior+Priest_vs_Priest+Hunter,Warrior+Priest,Priest+Hunter,6,team1,kill,45.47
Warrior+Priest_vs_Priest+Hunter,Warrior+Priest,Priest+Hunter,7,team1,kill,39.45
Warrior+Priest_vs_Priest+Hunter,Warrior+Priest,Priest+Hunter,8,team1,kill,46.52
Warrior+Priest_vs_Priest+Hunter,Warrior+Priest,Priest+Hunter,9,team1,kill,48.47
Warrior+Priest_vs_Warlock+Paladin,Warrior+Priest,Warlock+Paladin,0,team2,kill,54.65
Warrior+Priest_vs_Warlock+Paladin,Warrior+Priest,Warlock+Paladin,1,team1,kill,56.65
Warrior+Priest_vs_Warlock+Paladin,Warrior+Priest,Warlock+Paladin,2,team1,kill,140.04
Warrior+Priest_vs_Warlock+Paladin,Warrior+Priest,Warlock+Paladin,3,team2,kill,55.38
Warrior+Priest_vs_Warlock+Paladin,Warrior+Priest,Warlock+Paladin,4,team1,kill,56.98
Warrior+Priest_vs_Warlock+Paladin,Warrior+Priest,Warlock+Paladin,5,team1,kill,65.33
Warrior+Priest_vs_Warlock+Paladin,Warrior+Priest,Warlock+Paladin,6,team2,kill,54.72
Warrior+Priest_vs_Warlock+Paladin,Warrior+Priest,Warlock+Paladin,7,team1,kill,57.03
Warrior+Priest_vs_Warlock+Paladin,Warrior+Priest,Warlock+Paladin,8,team2,kill,60.75
Warrior+Priest_vs_Warlock+Paladin,Warrior+Priest,Warlock+Paladin,9,team1,kill,143.41
Warrior+Priest_vs_Warlock+Hunter,Warrior+Priest,Warlock+Hunter,0,team1,kill,50.37
Warrior+Priest_vs_Warlock+Hunter,Warrior+Priest,Warlock+Hunter,1,team1,kill,34.88
Warrior+Priest_vs_Warlock+Hunter,Warrior+Priest,Warlock+Hunter,2,team1,kill,46.25
Warrior+Priest_vs_Warlock+Hunter,Warrior+Priest,Warlock+Hunter,3,team1,kill,33.02
Warrior+Priest_vs_Warlock+Hunter,Warrior+Priest,Warlock+Hunter,4,team1,kill,64.48
Warrior+Priest_vs_Warlock+Hunter,Warrior+Priest,Warlock+Hunter,5,team1,kill,62.60
Warrior+Priest_vs_Warlock+Hunter,Warrior+Priest,Warlock+Hunter,6,team1,kill,32.13
Warrior+Priest_vs_Warlock+Hunter,Warrior+Priest,Warlock+Hunter,7,team1,kill,29.20
Warrior+Priest_vs_Warlock+Hunter,Warrior+Priest,Warlock+Hunter,8,team1,kill,31.25
Warrior+Priest_vs_Warlock+Hunter,Warrior+Priest,Warlock+Hunter,9,team1,kill,29.97
Warrior+Priest_vs_Warlock+Shaman,Warrior+Priest,Warlock+Shaman,0,team1,kill,37.48
Warrior+Priest_vs_Warlock+Shaman,Warrior+Priest,Warlock+Shaman,1,team1,kill,39.77
Warrior+Priest_vs_Warlock+Shaman,Warrior+Priest,Warlock+Shaman,2,team1,kill,42.70
Warrior+Priest_vs_Warlock+Shaman,Warrior+Priest,Warlock+Shaman,3,team1,kill,38.82
Warrior+Priest_vs_Warlock+Shaman,Warrior+Priest,Warlock+Shaman,4,team1,kill,46.95
Warrior+Priest_vs_Warlock+Shaman,Warrior+Priest,Warlock+Shaman,5,team2,kill,54.40
Warrior+Priest_vs_Warlock+Shaman,Warrior+Priest,Warlock+Shaman,6,team1,kill,34.87
Warrior+Priest_vs_Warlock+Shaman,Warrior+Priest,Warlock+Shaman,7,team1,kill,32.13
Warrior+Priest_vs_Warlock+Shaman,Warrior+Priest,Warlock+Shaman,8,team1,kill,72.82
Warrior+Priest_vs_Warlock+Shaman,Warrior+Priest,Warlock+Shaman,9,team2,kill,51.98
Warrior+Priest_vs_Paladin+Hunter,Warrior+Priest,Paladin+Hunter,0,team1,kill,60.67
Warrior+Priest_vs_Paladin+Hunter,Warrior+Priest,Paladin+Hunter,1,team1,kill,113.33
Warrior+Priest_vs_Paladin+Hunter,Warrior+Priest,Paladin+Hunter,2,team2,kill,46.33
Warrior+Priest_vs_Paladin+Hunter,Warrior+Priest,Paladin+Hunter,3,team1,kill,117.43
Warrior+Priest_vs_Paladin+Hunter,Warrior+Priest,Paladin+Hunter,4,team2,kill,104.49
Warrior+Priest_vs_Paladin+Hunter,Warrior+Priest,Paladin+Hunter,5,team1,kill,111.59
Warrior+Priest_vs_Paladin+Hunter,Warrior+Priest,Paladin+Hunter,6,team1,kill,57.98
Warrior+Priest_vs_Paladin+Hunter,Warrior+Priest,Paladin+Hunter,7,team1,kill,94.14
Warrior+Priest_vs_Paladin+Hunter,Warrior+Priest,Paladin+Hunter,8,team1,kill,112.59
Warrior+Priest_vs_Paladin+Hunter,Warrior+Priest,Paladin+Hunter,9,team1,kill,64.58
Warrior+Priest_vs_Hunter+Shaman,Warrior+Priest,Hunter+Shaman,0,team2,kill,54.77
Warrior+Priest_vs_Hunter+Shaman,Warrior+Priest,Hunter+Shaman,1,team2,kill,59.75
Warrior+Priest_vs_Hunter+Shaman,Warrior+Priest,Hunter+Shaman,2,team2,kill,34.20
Warrior+Priest_vs_Hunter+Shaman,Warrior+Priest,Hunter+Shaman,3,team2,kill,52.68
Warrior+Priest_vs_Hunter+Shaman,Warrior+Priest,Hunter+Shaman,4,team2,kill,61.65
Warrior+Priest_vs_Hunter+Shaman,Warrior+Priest,Hunter+Shaman,5,team2,kill,57.40
Warrior+Priest_vs_Hunter+Shaman,Warrior+Priest,Hunter+Shaman,6,team2,kill,49.73
Warrior+Priest_vs_Hunter+Shaman,Warrior+Priest,Hunter+Shaman,7,team2,kill,30.58
Warrior+Priest_vs_Hunter+Shaman,Warrior+Priest,Hunter+Shaman,8,team2,kill,50.27
Warrior+Priest_vs_Hunter+Shaman,Warrior+Priest,Hunter+Shaman,9,team2,kill,36.22
Warrior+Warlock_vs_Warrior+Mage,Warrior+Warlock,Warrior+Mage,0,team1,kill,17.95
Warrior+Warlock_vs_Warrior+Mage,Warrior+Warlock,Warrior+Mage,1,team2,kill,14.15
Warrior+Warlock_vs_Warrior+Mage,Warrior+Warlock,Warrior+Mage,2,team1,kill,17.95
Warrior+Warlock_vs_Warrior+Mage,Warrior+Warlock,Warrior+Mage,3,team2,kill,15.98
Warrior+Warlock_vs_Warrior+Mage,Warrior+Warlock,Warrior+Mage,4,team2,kill,14.15
Warrior+Warlock_vs_Warrior+Mage,Warrior+Warlock,Warrior+Mage,5,team1,kill,17.95
Warrior+Warlock_vs_Warrior+Mage,Warrior+Warlock,Warrior+Mage,6,team2,kill,14.15
Warrior+Warlock_vs_Warrior+Mage,Warrior+Warlock,Warrior+Mage,7,team2,kill,15.55
Warrior+Warlock_vs_Warrior+Mage,Warrior+Warlock,Warrior+Mage,8,team2,kill,14.15
Warrior+Warlock_vs_Warrior+Mage,Warrior+Warlock,Warrior+Mage,9,team1,kill,17.95
Warrior+Warlock_vs_Warrior+Rogue,Warrior+Warlock,Warrior+Rogue,0,team1,kill,20.53
Warrior+Warlock_vs_Warrior+Rogue,Warrior+Warlock,Warrior+Rogue,1,team2,kill,18.03
Warrior+Warlock_vs_Warrior+Rogue,Warrior+Warlock,Warrior+Rogue,2,team2,kill,18.03
Warrior+Warlock_vs_Warrior+Rogue,Warrior+Warlock,Warrior+Rogue,3,team1,kill,17.12
Warrior+Warlock_vs_Warrior+Rogue,Warrior+Warlock,Warrior+Rogue,4,team2,kill,19.30
Warrior+Warlock_vs_Warrior+Rogue,Warrior+Warlock,Warrior+Rogue,5,team2,kill,18.03
Warrior+Warlock_vs_Warrior+Rogue,Warrior+Warlock,Warrior+Rogue,6,team2,kill,18.03
Warrior+Warlock_vs_Warrior+Rogue,Warrior+Warlock,Warrior+Rogue,7,team2,kill,19.30
Warrior+Warlock_vs_Warrior+Rogue,Warrior+Warlock,Warrior+Rogue,8,team2,kill,18.03
Warrior+Warlock_vs_Warrior+Rogue,Warrior+Warlock,Warrior+Rogue,9,team1,kill,18.15
Warrior+Warlock_vs_Warrior+Priest,Warrior+Warlock,Warrior+Priest,0,team2,kill,28.10
Warrior+Warlock_vs_Warrior+Priest,Warrior+Warlock,Warrior+Priest,1,team2,kill,25.83
Warrior+Warlock_vs_Warrior+Priest,Warrior+Warlock,Warrior+Priest,2,team2,kill,30.88
Warrior+Warlock_vs_Warrior+Priest,Warrior+Warlock,Warrior+Priest,3,team2,kill,21.38
Warrior+Warlock_vs_Warrior+Priest,Warrior+Warlock,Warrior+Priest,4,team2,kill,22.28
Warrior+Warlock_vs_Warrior+Priest,Warrior+Warlock,Warrior+Priest,5,team2,kill,25.30
Warrior+Warlock_vs_Warrior+Priest,Warrior+Warlock,Warrior+Priest,6,team2,kill,27.60
Warrior+Warlock_vs_Warrior+Priest,Warrior+Warlock,Warrior+Priest,7,team2,kill,25.82
Warrior+Warlock_vs_Warrior+Priest,Warrior+Warlock,Warrior+Priest,8,team2,kill,25.88
Warrior+Warlock_vs_Warrior+Priest,Warrior+Warlock,Warrior+Priest,9,team2,kill,22.28
Warrior+Warlock_vs_Warrior+Warlock,Warrior+Warlock,Warrior+Warlock,0,team1,kill,21.55
Warrior+Warlock_vs_Warrior+Warlock,Warrior+Warlock,Warrior+Warlock,1,team2,kill,21.20
Warrior+Warlock_vs_Warrior+Warlock,Warrior+Warlock,Warrior+Warlock,2,team2,kill,19.23
Warrior+Warlock_vs_Warrior+Warlock,Warrior+Warlock,Warrior+Warlock,3,team2,kill,21.65
Warrior+Warlock_vs_Warrior+Warlock,Warrior+Warlock,Warrior+Warlock,4,team1,kill,21.63
Warrior+Warlock_vs_Warrior+Warlock,Warrior+Warlock,Warrior+Warlock,5,team2,kill,20.83
Warrior+Warlock_vs_Warrior+Warlock,Warrior+Warlock,Warrior+Warlock,6,team1,kill,21.33
Warrior+Warlock_vs_Warrior+Warlock,Warrior+Warlock,Warrior+Warlock,7,team1,kill,21.50
Warrior+Warlock_vs_Warrior+Warlock,Warrior+Warlock,Warrior+Warlock,8,team1,kill,20.97
Warrior+Warlock_vs_Warrior+Warlock,Warrior+Warlock,Warrior+Warlock,9,team2,kill,21.17
Warrior+Warlock_vs_Warrior+Paladin,Warrior+Warlock,Warrior+Paladin,0,team2,kill,62.82
Warrior+Warlock_vs_Warrior+Paladin,Warrior+Warlock,Warrior+Paladin,1,team2,kill,25.37
Warrior+Warlock_vs_Warrior+Paladin,Warrior+Warlock,Warrior+Paladin,2,team2,kill,23.28
Warrior+Warlock_vs_Warrior+Paladin,Warrior+Warlock,Warrior+Paladin,3,team2,kill,55.88
Warrior+Warlock_vs_Warrior+Paladin,Warrior+Warlock,Warrior+Paladin,4,team1,kill,68.62
Warrior+Warlock_vs_Warrior+Paladin,Warrior+Warlock,Warrior+Paladin,5,team2,kill,20.75
Warrior+Warlock_vs_Warrior+Paladin,Warrior+Warlock,Warrior+Paladin,6,team2,kill,25.35
Warrior+Warlock_vs_Warrior+Paladin,Warrior+Warlock,Warrior+Paladin,7,team2,kill,65.00
Warrior+Warlock_vs_Warrior+Paladin,Warrior+Warlock,Warrior+Paladin,8,team2,kill,66.70
Warrior+Warlock_vs_Warrior+Paladin,Warrior+Warlock,Warrior+Paladin,9,team2,kill,26.85
Warrior+Warlock_vs_Warrior+Hunter,Warrior+Warlock,Warrior+Hunter,0,team1,kill,21.03
Warrior+Warlock_vs_Warrior+Hunter,Warrior+Warlock,Warrior+Hunter,1,team1,kill,21.03
Warrior+Warlock_vs_Warrior+Hunter,Warrior+Warlock,Warrior+Hunter,2,team1,kill,21.03
Warrior+Warlock_vs_Warrior+Hunter,Warrior+Warlock,Warrior+Hunter,3,team1,kill,21.03
Warrior+Warlock_vs_Warrior+Hunter,Warrior+Warlock,Warrior+Hunter,4,team1,kill,19.58
Warrior+Warlock_vs_Warrior+Hunter,Warrior+Warlock,Warrior+Hunter,5,team1,kill,25.20
Warrior+Warlock_vs_Warrior+Hunter,Warrior+Warlock,Warrior+Hunter,6,team1,kill,24.80
Warrior+Warlock_vs_Warrior+Hunter,Warrior+Warlock,Warrior+Hunter,7,team1,kill,20.37
Warrior+Warlock_vs_Warrior+Hunter,Warrior+Warlock,Warrior+Hunter,8,team1,kill,21.03
Warrior+Warlock_vs_Warrior+Hunter,Warrior+Warlock,Warrior+Hunter,9,team1,kill,21.78
Warrior+Warlock_vs_Warrior+Shaman,Warrior+Warlock,Warrior+Shaman,0,team2,kill,27.10
Warrior+Warlock_vs_Warrior+Shaman,Warrior+Warlock,Warrior+Shaman,1,team2,kill,23.83
Warrior+Warlock_vs_Warrior+Shaman,Warrior+Warlock,Warrior+Shaman,2,team2,kill,27.97
Warrior+Warlock_vs_Warrior+Shaman,Warrior+Warlock,Warrior+Shaman,3,team2,kill,27.10
Warrior+Warlock_vs_Warrior+Shaman,Warrior+Warlock,Warrior+Shaman,4,team2,kill,24.77
Warrior+Warlock_vs_Warrior+Shaman,Warrior+Warlock,Warrior+Shaman,5,team2,kill,28.92
Warrior+Warlock_vs_Warrior+Shaman,Warrior+Warlock,Warrior+Shaman,6,team2,kill,26.28
Warrior+Warlock_vs_Warrior+Shaman,Warrior+Warlock,Warrior+Shaman,7,team1,kill,24.68
Warrior+Warlock_vs_Warrior+Shaman,Warrior+Warlock,Warrior+Shaman,8,team2,kill,27.10
Warrior+Warlock_vs_Warrior+Shaman,Warrior+Warlock,Warrior+Shaman,9,team2,kill,27.10
Warrior+Warlock_vs_Mage+Rogue,Warrior+Warlock,Mage+Rogue,0,team2,kill,21.85
Warrior+Warlock_vs_Mage+Rogue,Warrior+Warlock,Mage+Rogue,1,team2,kill,19.78
Warrior+Warlock_vs_Mage+Rogue,Warrior+Warlock,Mage+Rogue,2,team2,kill,21.02
Warrior+Warlock_vs_Mage+Rogue,Warrior+Warlock,Mage+Rogue,3,team2,kill,19.52
Warrior+Warlock_vs_Mage+Rogue,Warrior+Warlock,Mage+Rogue,4,team2,kill,19.98
Warrior+Warlock_vs_Mage+Rogue,Warrior+Warlock,Mage+Rogue,5,team2,kill,21.02
Warrior+Warlock_vs_Mage+Rogue,Warrior+Warlock,Mage+Rogue,6,team2,kill,19.52
Warrior+Warlock_vs_Mage+Rogue,Warrior+Warlock,Mage+Rogue,7,team2,kill,15.67
Warrior+Warlock_vs_Mage+Rogue,Warrior+Warlock,Mage+Rogue,8,team2,kill,18.05
Warrior+Warlock_vs_Mage+Rogue,Warrior+Warlock,Mage+Rogue,9,team2,kill,21.00
Warrior+Warlock_vs_Mage+Priest,Warrior+Warlock,Mage+Priest,0,team2,kill,28.12
Warrior+Warlock_vs_Mage+Priest,Warrior+Warlock,Mage+Priest,1,team2,kill,29.92
Warrior+Warlock_vs_Mage+Priest,Warrior+Warlock,Mage+Priest,2,team2,kill,33.65
Warrior+Warlock_vs_Mage+Priest,Warrior+Warlock,Mage+Priest,3,team2,kill,30.05
Warrior+Warlock_vs_Mage+Priest,Warrior+Warlock,Mage+Priest,4,team2,kill,29.98
Warrior+Warlock_vs_Mage+Priest,Warrior+Warlock,Mage+Priest,5,team2,kill,30.08
Warrior+Warlock_vs_Mage+Priest,Warrior+Warlock,Mage+Priest,6,team2,kill,31.33
Warrior+Warlock_vs_Mage+Priest,Warrior+Warlock,Mage+Priest,7,team2,kill,32.62
Warrior+Warlock_vs_Mage+Priest,Warrior+Warlock,Mage+Priest,8,team2,kill,35.08
Warrior+Warlock_vs_Mage+Priest,Warrior+Warlock,Mage+Priest,9,team2,kill,35.17
Warrior+Warlock_vs_Mage+Warlock,Warrior+Warlock,Mage+Warlock,0,team2,kill,18.52
Warrior+Warlock_vs_Mage+Warlock,Warrior+Warlock,Mage+Warlock,1,team2,kill,20.08
Warrior+Warlock_vs_Mage+Warlock,Warrior+Warlock,Mage+Warlock,2,team2,kill,19.52
Warrior+Warlock_vs_Mage+Warlock,Warrior+Warlock,Mage+Warlock,3,team2,kill,19.28
Warrior+Warlock_vs_Mage+Warlock,Warrior+Warlock,Mage+Warlock,4,team2,kill,16.60
Warrior+Warlock_vs_Mage+Warlock,Warrior+Warlock,Mage+Warlock,5,team2,kill,20.78
Warrior+Warlock_vs_Mage+Warlock,Warrior+Warlock,Mage+Warlock,6,team2,kill,18.13
Warrior+Warlock_vs_Mage+Warlock,Warrior+Warlock,Mage+Warlock,7,team2,kill,20.18
Warrior+Warlock_vs_Mage+Warlock,Warrior+Warlock,Mage+Warlock,8,team2,kill,19.87
Warrior+Warlock_vs_Mage+Warlock,Warrior+Warlock,Mage+Warlock,9,team2,kill,18.20
Warrior+Warlock_vs_Mage+Paladin,Warrior+Warlock,Mage+Paladin,0,team2,kill,38.20
Warrior+Warlock_vs_Mage+Paladin,Warrior+Warlock,Mage+Paladin,1,team2,kill,41.95
Warrior+Warlock_vs_Mage+Paladin,Warrior+Warlock,Mage+Paladin,2,team2,kill,66.98
Warrior+Warlock_vs_Mage+Paladin,Warrior+Warlock,Mage+Paladin,3,team2,kill,47.77
Warrior+Warlock_vs_Mage+Paladin,Warrior+Warlock,Mage+Paladin,4,team2,kill,33.13
Warrior+Warlock_vs_Mage+Paladin,Warrior+Warlock,Mage+Paladin,5,team2,kill,46.50
Warrior+Warlock_vs_Mage+Paladin,Warrior+Warlock,Mage+Paladin,6,team2,kill,42.60
Warrior+Warlock_vs_Mage+Paladin,Warrior+Warlock,Mage+Paladin,7,team1,kill,43.57
Warrior+Warlock_vs_Mage+Paladin,Warrior+Warlock,Mage+Paladin,8,team2,kill,69.35
Warrior+Warlock_vs_Mage+Paladin,Warrior+Warlock,Mage+Paladin,9,team2,kill,41.12
Warrior+Warlock_vs_Mage+Hunter,Warrior+Warlock,Mage+Hunter,0,team1,kill,25.28
Warrior+Warlock_vs_Mage+Hunter,Warrior+Warlock,Mage+Hunter,1,team2,kill,19.68
Warrior+Warlock_vs_Mage+Hunter,Warrior+Warlock,Mage+Hunter,2,team2,kill,19.68
Warrior+Warlock_vs_Mage+Hunter,Warrior+Warlock,Mage+Hunter,3,team2,kill,19.68
Warrior+Warlock_vs_Mage+Hunter,Warrior+Warlock,Mage+Hunter,4,team2,kill,18.23
Warrior+Warlock_vs_Mage+Hunter,Warrior+Warlock,Mage+Hunter,5,team2,kill,19.68
Warrior+Warlock_vs_Mage+Hunter,Warrior+Warlock,Mage+Hunter,6,team2,kill,28.27
Warrior+Warlock_vs_Mage+Hunter,Warrior+Warlock,Mage+Hunter,7,team2,kill,29.63
Warrior+Warlock_vs_Mage+Hunter,Warrior+Warlock,Mage+Hunter,8,team2,kill,19.68
Warrior+Warlock_vs_Mage+Hunter,Warrior+Warlock,Mage+Hunter,9,team2,kill,18.30
Warrior+Warlock_vs_Mage+Shaman,Warrior+Warlock,Mage+Shaman,0,team2,kill,41.42
Warrior+Warlock_vs_Mage+Shaman,Warrior+Warlock,Mage+Shaman,1,team2,kill,32.22
Warrior+Warlock_vs_Mage+Shaman,Warrior+Warlock,Mage+Shaman,2,team1,kill,35.70
Warrior+Warlock_vs_Mage+Shaman,Warrior+Warlock,Mage+Shaman,3,team2,kill,35.18
Warrior+Warlock_vs_Mage+Shaman,Warrior+Warlock,Mage+Shaman,4,team2,kill,29.70
Warrior+Warlock_vs_Mage+Shaman,Warrior+Warlock,Mage+Shaman,5,team1,kill,34.60
Warrior+Warlock_vs_Mage+Shaman,Warrior+Warlock,Mage+Shaman,6,team1,kill,34.60
Warrior+Warlock_vs_Mage+Shaman,Warrior+Warlock,Mage+Shaman,7,team1,kill,33.78
Warrior+Warlock_vs_Mage+Shaman,Warrior+Warlock,Mage+Shaman,8,team1,kill,33.25
Warrior+Warlock_vs_Mage+Shaman,Warrior+Warlock,Mage+Shaman,9,team2,kill,38.15
Warrior+Warlock_vs_Rogue+Priest,Warrior+Warlock,Rogue+Priest,0,team2,kill,28.83
Warrior+Warlock_vs_Rogue+Priest,Warrior+Warlock,Rogue+Priest,1,team2,kill,28.87
Warrior+Warlock_vs_Rogue+Priest,Warrior+Warlock,Rogue+Priest,2,team2,kill,28.83
Warrior+Warlock_vs_Rogue+Priest,Warrior+Warlock,Rogue+Priest,3,team2,kill,26.83
Warrior+Warlock_vs_Rogue+Priest,Warrior+Warlock,Rogue+Priest,4,team1,kill,29.90
Warrior+Warlock_vs_Rogue+Priest,Warrior+Warlock,Rogue+Priest,5,team2,kill,26.83
Warrior+Warlock_vs_Rogue+Priest,Warrior+Warlock,Rogue+Priest,6,team2,kill,26.83
Warrior+Warlock_vs_Rogue+Priest,Warrior+Warlock,Rogue+Priest,7,team2,kill,24.83
Warrior+Warlock_vs_Rogue+Priest,Warrior+Warlock,Rogue+Priest,8,team2,kill,25.58
Warrior+Warlock_vs_Rogue+Priest,Warrior+Warlock,Rogue+Priest,9,team2,kill,27.55
Warrior+Warlock_vs_Rogue+Warlock,Warrior+Warlock,Rogue+Warlock,0,team1,kill,20.52
Warrior+Warlock_vs_Rogue+Warlock,Warrior+Warlock,Rogue+Warlock,1,team1,kill,24.55
Warrior+Warlock_vs_Rogue+Warlock,Warrior+Warlock,Rogue+Warlock,2,team1,kill,28.82
Warrior+Warlock_vs_Rogue+Warlock,Warrior+Warlock,Rogue+Warlock,3,team1,kill,20.00
Warrior+Warlock_vs_Rogue+Warlock,Warrior+Warlock,Rogue+Warlock,4,team2,kill,27.33
Warrior+Warlock_vs_Rogue+Warlock,Warrior+Warlock,Rogue+Warlock,5,team2,kill,27.72
Warrior+Warlock_vs_Rogue+Warlock,Warrior+Warlock,Rogue+Warlock,6,team1,kill,22.02
Warrior+Warlock_vs_Rogue+Warlock,Warrior+Warlock,Rogue+Warlock,7,team2,kill,36.18
Warrior+Warlock_vs_Rogue+Warlock,Warrior+Warlock,Rogue+Warlock,8,team1,kill,24.18
Warrior+Warlock_vs_Rogue+Warlock,Warrior+Warlock,Rogue+Warlock,9,team1,kill,25.93
Warrior+Warlock_vs_Rogue+Paladin,Warrior+Warlock,Rogue+Paladin,0,team2,kill,27.68
Warrior+Warlock_vs_Rogue+Paladin,Warrior+Warlock,Rogue+Paladin,1,team2,kill,28.03
Warrior+Warlock_vs_Rogue+Paladin,Warrior+Warlock,Rogue+Paladin,2,team2,kill,26.65
Warrior+Warlock_vs_Rogue+Paladin,Warrior+Warlock,Rogue+Paladin,3,team2,kill,27.65
Warrior+Warlock_vs_Rogue+Paladin,Warrior+Warlock,Rogue+Paladin,4,team2,kill,47.95
Warrior+Warlock_vs_Rogue+Paladin,Warrior+Warlock,Rogue+Paladin,5,team2,kill,26.65
Warrior+Warlock_vs_Rogue+Paladin,Warrior+Warlock,Rogue+Paladin,6,team1,kill,59.90
Warrior+Warlock_vs_Rogue+Paladin,Warrior+Warlock,Rogue+Paladin,7,team2,kill,22.87
Warrior+Warlock_vs_Rogue+Paladin,Warrior+Warlock,Rogue+Paladin,8,team2,kill,24.93
Warrior+Warlock_vs_Rogue+Paladin,Warrior+Warlock,Rogue+Paladin,9,team2,kill,28.37
Warrior+Warlock_vs_Rogue+Hunter,Warrior+Warlock,Rogue+Hunter,0,team2,kill,27.98
Warrior+Warlock_vs_Rogue+Hunter,Warrior+Warlock,Rogue+Hunter,1,team2,kill,19.97
Warrior+Warlock_vs_Rogue+Hunter,Warrior+Warlock,Rogue+Hunter,2,team2,kill,22.77
Warrior+Warlock_vs_Rogue+Hunter,Warrior+Warlock,Rogue+Hunter,3,team2,kill,23.53
Warrior+Warlock_vs_Rogue+Hunter,Warrior+Warlock,Rogue+Hunter,4,team2,kill,24.58
Warrior+Warlock_vs_Rogue+Hunter,Warrior+Warlock,Rogue+Hunter,5,team2,kill,18.85
Warrior+Warlock_vs_Rogue+Hunter,Warrior+Warlock,Rogue+Hunter,6,team2,kill,22.40
Warrior+Warlock_vs_Rogue+Hunter,Warrior+Warlock,Rogue+Hunter,7,team1,kill,30.93
Warrior+Warlock_vs_Rogue+Hunter,Warrior+Warlock,Rogue+Hunter,8,team2,kill,25.82
Warrior+Warlock_vs_Rogue+Hunter,Warrior+Warlock,Rogue+Hunter,9,team2,kill,24.78
Warrior+Warlock_vs_Rogue+Shaman,Warrior+Warlock,Rogue+Shaman,0,team2,kill,19.33
Warrior+Warlock_vs_Rogue+Shaman,Warrior+Warlock,Rogue+Shaman,1,team1,kill,24.73
Warrior+Warlock_vs_Rogue+Shaman,Warrior+Warlock,Rogue+Shaman,2,team2,kill,22.77
Warrior+Warlock_vs_Rogue+Shaman,Warrior+Warlock,Rogue+Shaman,3,team1,kill,72.10
Warrior+Warlock_vs_Rogue+Shaman,Warrior+Warlock,Rogue+Shaman,4,team1,kill,25.80
Warrior+Warlock_vs_Rogue+Shaman,Warrior+Warlock,Rogue+Shaman,5,team1,kill,24.47
Warrior+Warlock_vs_Rogue+Shaman,Warrior+Warlock,Rogue+Shaman,6,team2,kill,24.67
Warrior+Warlock_vs_Rogue+Shaman,Warrior+Warlock,Rogue+Shaman,7,team2,kill,23.38
Warrior+Warlock_vs_Rogue+Shaman,Warrior+Warlock,Rogue+Shaman,8,team1,kill,28.55
Warrior+Warlock_vs_Rogue+Shaman,Warrior+Warlock,Rogue+Shaman,9,team2,kill,21.57
Warrior+Warlock_vs_Priest+Warlock,Warrior+Warlock,Priest+Warlock,0,team1,kill,24.52
Warrior+Warlock_vs_Priest+Warlock,Warrior+Warlock,Priest+Warlock,1,team1,kill,23.67
Warrior+Warlock_vs_Priest+Warlock,Warrior+Warlock,Priest+Warlock,2,team1,kill,22.13
Warrior+Warlock_vs_Priest+Warlock,Warrior+Warlock,Priest+Warlock,3,team1,kill,30.25
Warrior+Warlock_vs_Priest+Warlock,Warrior+Warlock,Priest+Warlock,4,team1,kill,22.03
Warrior+Warlock_vs_Priest+Warlock,Warrior+Warlock,Priest+Warlock,5,team1,kill,26.57
Warrior+Warlock_vs_Priest+Warlock,Warrior+Warlock,Priest+Warlock,6,team1,kill,27.57
Warrior+Warlock_vs_Priest+Warlock,Warrior+Warlock,Priest+Warlock,7,team1,kill,23.92
Warrior+Warlock_vs_Priest+Warlock,Warrior+Warlock,Priest+Warlock,8,team1,kill,24.32
Warrior+Warlock_vs_Priest+Warlock,Warrior+Warlock,Priest+Warlock,9,team1,kill,24.32
Warrior+Warlock_vs_Priest+Hunter,Warrior+Warlock,Priest+Hunter,0,team2,kill,35.18
Warrior+Warlock_vs_Priest+Hunter,Warrior+Warlock,Priest+Hunter,1,team2,kill,44.47
Warrior+Warlock_vs_Priest+Hunter,Warrior+Warlock,Priest+Hunter,2,team2,kill,27.68
Warrior+Warlock_vs_Priest+Hunter,Warrior+Warlock,Priest+Hunter,3,team1,kill,35.10
Warrior+Warlock_vs_Priest+Hunter,Warrior+Warlock,Priest+Hunter,4,team2,kill,35.43
Warrior+Warlock_vs_Priest+Hunter,Warrior+Warlock,Priest+Hunter,5,team2,kill,27.57
Warrior+Warlock_vs_Priest+Hunter,Warrior+Warlock,Priest+Hunter,6,team2,kill,25.08
Warrior+Warlock_vs_Priest+Hunter,Warrior+Warlock,Priest+Hunter,7,team1,kill,35.20
Warrior+Warlock_vs_Priest+Hunter,Warrior+Warlock,Priest+Hunter,8,team2,kill,23.32
Warrior+Warlock_vs_Priest+Hunter,Warrior+Warlock,Priest+Hunter,9,team2,kill,22.92
Warrior+Warlock_vs_Warlock+Paladin,Warrior+Warlock,Warlock+Paladin,0,team2,kill,36.90
Warrior+Warlock_vs_Warlock+Paladin,Warrior+Warlock,Warlock+Paladin,1,team2,kill,34.63
Warrior+Warlock_vs_Warlock+Paladin,Warrior+Warlock,Warlock+Paladin,2,team2,kill,38.65
Warrior+Warlock_vs_Warlock+Paladin,Warrior+Warlock,Warlock+Paladin,3,team2,kill,41.13
Warrior+Warlock_vs_Warlock+Paladin,Warrior+Warlock,Warlock+Paladin,4,team2,kill,65.23
Warrior+Warlock_vs_Warlock+Paladin,Warrior+Warlock,Warlock+Paladin,5,team2,kill,36.88
Warrior+Warlock_vs_Warlock+Paladin,Warrior+Warlock,Warlock+Paladin,6,team2,kill,39.35
Warrior+Warlock_vs_Warlock+Paladin,Warrior+Warlock,Warlock+Paladin,7,team2,kill,58.17
Warrior+Warlock_vs_Warlock+Paladin,Warrior+Warlock,Warlock+Paladin,8,team2,kill,50.22
Warrior+Warlock_vs_Warlock+Paladin,Warrior+Warlock,Warlock+Paladin,9,team1,kill,59.33
Warrior+Warlock_vs_Warlock+Hunter,Warrior+Warlock,Warlock+Hunter,0,team2,kill,23.70
Warrior+Warlock_vs_Warlock+Hunter,Warrior+Warlock,Warlock+Hunter,1,team2,kill,22.00
Warrior+Warlock_vs_Warlock+Hunter,Warrior+Warlock,Warlock+Hunter,2,team2,kill,26.28
Warrior+Warlock_vs_Warlock+Hunter,Warrior+Warlock,Warlock+Hunter,3,team2,kill,25.30
Warrior+Warlock_vs_Warlock+Hunter,Warrior+Warlock,Warlock+Hunter,4,team2,kill,26.30
Warrior+Warlock_vs_Warlock+Hunter,Warrior+Warlock,Warlock+Hunter,5,team2,kill,25.30
Warrior+Warlock_vs_Warlock+Hunter,Warrior+Warlock,Warlock+Hunter,6,team2,kill,22.28
Warrior+Warlock_vs_Warlock+Hunter,Warrior+Warlock,Warlock+Hunter,7,team2,kill,25.30
Warrior+Warlock_vs_Warlock+Hunter,Warrior+Warlock,Warlock+Hunter,8,team2,kill,27.15
Warrior+Warlock_vs_Warlock+Hunter,Warrior+Warlock,Warlock+Hunter,9,team2,kill,24.08
Warrior+Warlock_vs_Warlock+Shaman,Warrior+Warlock,Warlock+Shaman,0,team1,kill,53.63
Warrior+Warlock_vs_Warlock+Shaman,Warrior+Warlock,Warlock+Shaman,1,team1,kill,27.00
Warrior+Warlock_vs_Warlock+Shaman,Warrior+Warlock,Warlock+Shaman,2,team1,kill,27.48
Warrior+Warlock_vs_Warlock+Shaman,Warrior+Warlock,Warlock+Shaman,3,team2,kill,22.42
Warrior+Warlock_vs_Warlock+Shaman,Warrior+Warlock,Warlock+Shaman,4,team1,kill,28.67
Warrior+Warlock_vs_Warlock+Shaman,Warrior+Warlock,Warlock+Shaman,5,team1,kill,28.37
Warrior+Warlock_vs_Warlock+Shaman,Warrior+Warlock,Warlock+Shaman,6,team1,kill,40.28
Warrior+Warlock_vs_Warlock+Shaman,Warrior+Warlock,Warlock+Shaman,7,team1,kill,29.85
Warrior+Warlock_vs_Warlock+Shaman,Warrior+Warlock,Warlock+Shaman,8,team1,kill,25.13
Warrior+Warlock_vs_Warlock+Shaman,Warrior+Warlock,Warlock+Shaman,9,team1,kill,20.07
Warrior+Warlock_vs_Paladin+Hunter,Warrior+Warlock,Paladin+Hunter,0,team2,kill,32.33
Warrior+Warlock_vs_Paladin+Hunter,Warrior+Warlock,Paladin+Hunter,1,team2,kill,60.07
Warrior+Warlock_vs_Paladin+Hunter,Warrior+Warlock,Paladin+Hunter,2,team2,kill,39.20
Warrior+Warlock_vs_Paladin+Hunter,Warrior+Warlock,Paladin+Hunter,3,team2,kill,47.27
Warrior+Warlock_vs_Paladin+Hunter,Warrior+Warlock,Paladin+Hunter,4,team2,kill,34.83
Warrior+Warlock_vs_Paladin+Hunter,Warrior+Warlock,Paladin+Hunter,5,team2,kill,30.10
Warrior+Warlock_vs_Paladin+Hunter,Warrior+Warlock,Paladin+Hunter,6,team2,kill,32.05
Warrior+Warlock_vs_Paladin+Hunter,Warrior+Warlock,Paladin+Hunter,7,team2,kill,37.10
Warrior+Warlock_vs_Paladin+Hunter,Warrior+Warlock,Paladin+Hunter,8,team2,kill,51.53
Warrior+Warlock_vs_Paladin+Hunter,Warrior+Warlock,Paladin+Hunter,9,team2,kill,34.83
Warrior+Warlock_vs_Hunter+Shaman,Warrior+Warlock,Hunter+Shaman,0,team1,kill,36.95
Warrior+Warlock_vs_Hunter+Shaman,Warrior+Warlock,Hunter+Shaman,1,team1,kill,23.83
Warrior+Warlock_vs_Hunter+Shaman,Warrior+Warlock,Hunter+Shaman,2,team2,kill,42.12
Warrior+Warlock_vs_Hunter+Shaman,Warrior+Warlock,Hunter+Shaman,3,team1,kill,28.37
Warrior+Warlock_vs_Hunter+Shaman,Warrior+Warlock,Hunter+Shaman,4,team1,kill,27.40
Warrior+Warlock_vs_Hunter+Shaman,Warrior+Warlock,Hunter+Shaman,5,team1,kill,27.40
Warrior+Warlock_vs_Hunter+Shaman,Warrior+Warlock,Hunter+Shaman,6,team2,kill,43.50
Warrior+Warlock_vs_Hunter+Shaman,Warrior+Warlock,Hunter+Shaman,7,team1,kill,32.40
Warrior+Warlock_vs_Hunter+Shaman,Warrior+Warlock,Hunter+Shaman,8,team1,kill,23.72
Warrior+Warlock_vs_Hunter+Shaman,Warrior+Warlock,Hunter+Shaman,9,team1,kill,33.78
Warrior+Paladin_vs_Warrior+Mage,Warrior+Paladin,Warrior+Mage,0,team1,kill,29.42
Warrior+Paladin_vs_Warrior+Mage,Warrior+Paladin,Warrior+Mage,1,team1,kill,29.95
Warrior+Paladin_vs_Warrior+Mage,Warrior+Paladin,Warrior+Mage,2,team1,kill,30.43
Warrior+Paladin_vs_Warrior+Mage,Warrior+Paladin,Warrior+Mage,3,team1,kill,30.08
Warrior+Paladin_vs_Warrior+Mage,Warrior+Paladin,Warrior+Mage,4,team1,kill,29.42
Warrior+Paladin_vs_Warrior+Mage,Warrior+Paladin,Warrior+Mage,5,team1,kill,30.08
Warrior+Paladin_vs_Warrior+Mage,Warrior+Paladin,Warrior+Mage,6,team1,kill,57.10
Warrior+Paladin_vs_Warrior+Mage,Warrior+Paladin,Warrior+Mage,7,team1,kill,29.95
Warrior+Paladin_vs_Warrior+Mage,Warrior+Paladin,Warrior+Mage,8,team1,kill,30.08
Warrior+Paladin_vs_Warrior+Mage,Warrior+Paladin,Warrior+Mage,9,team1,kill,30.08
Warrior+Paladin_vs_Warrior+Rogue,Warrior+Paladin,Warrior+Rogue,0,team1,kill,20.25
Warrior+Paladin_vs_Warrior+Rogue,Warrior+Paladin,Warrior+Rogue,1,team2,kill,47.18
Warrior+Paladin_vs_Warrior+Rogue,Warrior+Paladin,Warrior+Rogue,2,team2,kill,46.45
Warrior+Paladin_vs_Warrior+Rogue,Warrior+Paladin,Warrior+Rogue,3,team2,kill,50.43
Warrior+Paladin_vs_Warrior+Rogue,Warrior+Paladin,Warrior+Rogue,4,team2,kill,52.13
Warrior+Paladin_vs_Warrior+Rogue,Warrior+Paladin,Warrior+Rogue,5,team2,kill,47.03
Warrior+Paladin_vs_Warrior+Rogue,Warrior+Paladin,Warrior+Rogue,6,team2,kill,47.18
Warrior+Paladin_vs_Warrior+Rogue,Warrior+Paladin,Warrior+Rogue,7,team1,kill,15.60
Warrior+Paladin_vs_Warrior+Rogue,Warrior+Paladin,Warrior+Rogue,8,team1,kill,20.25
Warrior+Paladin_vs_Warrior+Rogue,Warrior+Paladin,Warrior+Rogue,9,team2,kill,45.20
Warrior+Paladin_vs_Warrior+Priest,Warrior+Paladin,Warrior+Priest,0,team1,kill,45.30
Warrior+Paladin_vs_Warrior+Priest,Warrior+Paladin,Warrior+Priest,1,team1,kill,38.98
Warrior+Paladin_vs_Warrior+Priest,Warrior+Paladin,Warrior+Priest,2,team1,kill,43.17
Warrior+Paladin_vs_Warrior+Priest,Warrior+Paladin,Warrior+Priest,3,team1,kill,43.60
Warrior+Paladin_vs_Warrior+Priest,Warrior+Paladin,Warrior+Priest,4,team1,kill,40.87
Warrior+Paladin_vs_Warrior+Priest,Warrior+Paladin,Warrior+Priest,5,team1,kill,38.48
Warrior+Paladin_vs_Warrior+Priest,Warrior+Paladin,Warrior+Priest,6,team1,kill,43.15
Warrior+Paladin_vs_Warrior+Priest,Warrior+Paladin,Warrior+Priest,7,team1,kill,43.40
Warrior+Paladin_vs_Warrior+Priest,Warrior+Paladin,Warrior+Priest,8,team2,kill,112.58
Warrior+Paladin_vs_Warrior+Priest,Warrior+Paladin,Warrior+Priest,9,team1,kill,38.60
Warrior+Paladin_vs_Warrior+Warlock,Warrior+Paladin,Warrior+Warlock,0,team1,kill,62.82
Warrior+Paladin_vs_Warrior+Warlock,Warrior+Paladin,Warrior+Warlock,1,team1,kill,28.58
Warrior+Paladin_vs_Warrior+Warlock,Warrior+Paladin,Warrior+Warlock,2,team1,kill,26.23
Warrior+Paladin_vs_Warrior+Warlock,Warrior+Paladin,Warrior+Warlock,3,team1,kill,58.60
Warrior+Paladin_vs_Warrior+Warlock,Warrior+Paladin,Warrior+Warlock,4,team2,kill,66.25
Warrior+Paladin_vs_Warrior+Warlock,Warrior+Paladin,Warrior+Warlock,5,team1,kill,20.75
Warrior+Paladin_vs_Warrior+Warlock,Warrior+Paladin,Warrior+Warlock,6,team1,kill,28.58
Warrior+Paladin_vs_Warrior+Warlock,Warrior+Paladin,Warrior+Warlock,7,team2,kill,62.38
Warrior+Paladin_vs_Warrior+Warlock,Warrior+Paladin,Warrior+Warlock,8,team2,kill,67.18
Warrior+Paladin_vs_Warrior+Warlock,Warrior+Paladin,Warrior+Warlock,9,team1,kill,28.28
Warrior+Paladin_vs_Warrior+Paladin,Warrior+Paladin,Warrior+Paladin,0,team2,kill,51.53
Warrior+Paladin_vs_Warrior+Paladin,Warrior+Paladin,Warrior+Paladin,1,team1,kill,86.84
Warrior+Paladin_vs_Warrior+Paladin,Warrior+Paladin,Warrior+Paladin,2,team2,kill,127.11
Warrior+Paladin_vs_Warrior+Paladin,Warrior+Paladin,Warrior+Paladin,3,team2,kill,57.53
Warrior+Paladin_vs_Warrior+Paladin,Warrior+Paladin,Warrior+Paladin,4,team1,kill,151.56
Warrior+Paladin_vs_Warrior+Paladin,Warrior+Paladin,Warrior+Paladin,5,team1,kill,147.27
Warrior+Paladin_vs_Warrior+Paladin,Warrior+Paladin,Warrior+Paladin,6,team1,kill,161.20
Warrior+Paladin_vs_Warrior+Paladin,Warrior+Paladin,Warrior+Paladin,7,team2,kill,148.84
Warrior+Paladin_vs_Warrior+Paladin,Warrior+Paladin,Warrior+Paladin,8,team2,kill,118.73
Warrior+Paladin_vs_Warrior+Paladin,Warrior+Paladin,Warrior+Paladin,9,team1,kill,161.55
Warrior+Paladin_vs_Warrior+Hunter,Warrior+Paladin,Warrior+Hunter,0,team1,kill,41.98
Warrior+Paladin_vs_Warrior+Hunter,Warrior+Paladin,Warrior+Hunter,1,team1,kill,36.00
Warrior+Paladin_vs_Warrior+Hunter,Warrior+Paladin,Warrior+Hunter,2,team1,kill,42.03
Warrior+Paladin_vs_Warrior+Hunter,Warrior+Paladin,Warrior+Hunter,3,team1,kill,43.32
Warrior+Paladin_vs_Warrior+Hunter,Warrior+Paladin,Warrior+Hunter,4,team1,kill,39.07
Warrior+Paladin_vs_Warrior+Hunter,Warrior+Paladin,Warrior+Hunter,5,team1,kill,41.98
Warrior+Paladin_vs_Warrior+Hunter,Warrior+Paladin,Warrior+Hunter,6,team1,kill,41.98
Warrior+Paladin_vs_Warrior+Hunter,Warrior+Paladin,Warrior+Hunter,7,team1,kill,35.98
Warrior+Paladin_vs_Warrior+Hunter,Warrior+Paladin,Warrior+Hunter,8,team1,kill,41.98
Warrior+Paladin_vs_Warrior+Hunter,Warrior+Paladin,Warrior+Hunter,9,team1,kill,43.35
Warrior+Paladin_vs_Warrior+Shaman,Warrior+Paladin,Warrior+Shaman,0,team1,kill,58.47
Warrior+Paladin_vs_Warrior+Shaman,Warrior+Paladin,Warrior+Shaman,1,team1,kill,101.19
Warrior+Paladin_vs_Warrior+Shaman,Warrior+Paladin,Warrior+Shaman,2,team1,kill,38.27
Warrior+Paladin_vs_Warrior+Shaman,Warrior+Paladin,Warrior+Shaman,3,team1,kill,84.94
Warrior+Paladin_vs_Warrior+Shaman,Warrior+Paladin,Warrior+Shaman,4,team1,kill,30.52
Warrior+Paladin_vs_Warrior+Shaman,Warrior+Paladin,Warrior+Shaman,5,team1,kill,38.27
Warrior+Paladin_vs_Warrior+Shaman,Warrior+Paladin,Warrior+Shaman,6,team1,kill,44.27
Warrior+Paladin_vs_Warrior+Shaman,Warrior+Paladin,Warrior+Shaman,7,team1,kill,38.73
Warrior+Paladin_vs_Warrior+Shaman,Warrior+Paladin,Warrior+Shaman,8,team1,kill,36.67
Warrior+Paladin_vs_Warrior+Shaman,Warrior+Paladin,Warrior+Shaman,9,team1,kill,36.67
Warrior+Paladin_vs_Mage+Rogue,Warrior+Paladin,Mage+Rogue,0,team1,kill,36.38
Warrior+Paladin_vs_Mage+Rogue,Warrior+Paladin,Mage+Rogue,1,team2,kill,33.38
Warrior+Paladin_vs_Mage+Rogue,Warrior+Paladin,Mage+Rogue,2,team1,kill,30.42
Warrior+Paladin_vs_Mage+Rogue,Warrior+Paladin,Mage+Rogue,3,team2,kill,32.97
Warrior+Paladin_vs_Mage+Rogue,Warrior+Paladin,Mage+Rogue,4,team2,kill,34.95
Warrior+Paladin_vs_Mage+Rogue,Warrior+Paladin,Mage+Rogue,5,team1,kill,37.42
Warrior+Paladin_vs_Mage+Rogue,Warrior+Paladin,Mage+Rogue,6,team2,kill,29.00
Warrior+Paladin_vs_Mage+Rogue,Warrior+Paladin,Mage+Rogue,7,team2,kill,48.72
Warrior+Paladin_vs_Mage+Rogue,Warrior+Paladin,Mage+Rogue,8,team2,kill,49.13
Warrior+Paladin_vs_Mage+Rogue,Warrior+Paladin,Mage+Rogue,9,team1,kill,33.87
Warrior+Paladin_vs_Mage+Priest,Warrior+Paladin,Mage+Priest,0,team2,kill,44.97
Warrior+Paladin_vs_Mage+Priest,Warrior+Paladin,Mage+Priest,1,team2,kill,54.45
Warrior+Paladin_vs_Mage+Priest,Warrior+Paladin,Mage+Priest,2,team2,kill,50.98
Warrior+Paladin_vs_Mage+Priest,Warrior+Paladin,Mage+Priest,3,team2,kill,85.74
Warrior+Paladin_vs_Mage+Priest,Warrior+Paladin,Mage+Priest,4,team2,kill,159.52
Warrior+Paladin_vs_Mage+Priest,Warrior+Paladin,Mage+Priest,5,team2,kill,51.55
Warrior+Paladin_vs_Mage+Priest,Warrior+Paladin,Mage+Priest,6,team2,kill,65.12
Warrior+Paladin_vs_Mage+Priest,Warrior+Paladin,Mage+Priest,7,team2,kill,44.18
Warrior+Paladin_vs_Mage+Priest,Warrior+Paladin,Mage+Priest,8,team2,kill,56.12
Warrior+Paladin_vs_Mage+Priest,Warrior+Paladin,Mage+Priest,9,team2,kill,54.72
Warrior+Paladin_vs_Mage+Warlock,Warrior+Paladin,Mage+Warlock,0,team1,kill,33.80
Warrior+Paladin_vs_Mage+Warlock,Warrior+Paladin,Mage+Warlock,1,team1,kill,33.73
Warrior+Paladin_vs_Mage+Warlock,Warrior+Paladin,Mage+Warlock,2,team1,kill,30.88
Warrior+Paladin_vs_Mage+Warlock,Warrior+Paladin,Mage+Warlock,3,team1,kill,30.88
Warrior+Paladin_vs_Mage+Warlock,Warrior+Paladin,Mage+Warlock,4,team1,kill,32.97
Warrior+Paladin_vs_Mage+Warlock,Warrior+Paladin,Mage+Warlock,5,team2,kill,38.00
Warrior+Paladin_vs_Mage+Warlock,Warrior+Paladin,Mage+Warlock,6,team1,kill,27.45
Warrior+Paladin_vs_Mage+Warlock,Warrior+Paladin,Mage+Warlock,7,team2,kill,44.73
Warrior+Paladin_vs_Mage+Warlock,Warrior+Paladin,Mage+Warlock,8,team1,kill,33.80
Warrior+Paladin_vs_Mage+Warlock,Warrior+Paladin,Mage+Warlock,9,team1,kill,31.43
Warrior+Paladin_vs_Mage+Paladin,Warrior+Paladin,Mage+Paladin,0,team1,kill,56.12
Warrior+Paladin_vs_Mage+Paladin,Warrior+Paladin,Mage+Paladin,1,team1,kill,56.65
Warrior+Paladin_vs_Mage+Paladin,Warrior+Paladin,Mage+Paladin,2,team2,kill,94.76
Warrior+Paladin_vs_Mage+Paladin,Warrior+Paladin,Mage+Paladin,3,team2,kill,84.80
Warrior+Paladin_vs_Mage+Paladin,Warrior+Paladin,Mage+Paladin,4,team1,kill,51.55
Warrior+Paladin_vs_Mage+Paladin,Warrior+Paladin,Mage+Paladin,5,team2,kill,84.74
Warrior+Paladin_vs_Mage+Paladin,Warrior+Paladin,Mage+Paladin,6,team2,kill,84.84
Warrior+Paladin_vs_Mage+Paladin,Warrior+Paladin,Mage+Paladin,7,team1,kill,69.27
Warrior+Paladin_vs_Mage+Paladin,Warrior+Paladin,Mage+Paladin,8,team2,kill,84.75
Warrior+Paladin_vs_Mage+Paladin,Warrior+Paladin,Mage+Paladin,9,team2,kill,94.94
Warrior+Paladin_vs_Mage+Hunter,Warrior+Paladin,Mage+Hunter,0,team1,kill,72.95
Warrior+Paladin_vs_Mage+Hunter,Warrior+Paladin,Mage+Hunter,1,team1,kill,56.30
Warrior+Paladin_vs_Mage+Hunter,Warrior+Paladin,Mage+Hunter,2,team2,kill,44.07
Warrior+Paladin_vs_Mage+Hunter,Warrior+Paladin,Mage+Hunter,3,team1,kill,44.85
Warrior+Paladin_vs_Mage+Hunter,Warrior+Paladin,Mage+Hunter,4,team1,kill,40.62
Warrior+Paladin_vs_Mage+Hunter,Warrior+Paladin,Mage+Hunter,5,team1,kill,44.78
Warrior+Paladin_vs_Mage+Hunter,Warrior+Paladin,Mage+Hunter,6,team1,kill,31.83
Warrior+Paladin_vs_Mage+Hunter,Warrior+Paladin,Mage+Hunter,7,team1,kill,54.30
Warrior+Paladin_vs_Mage+Hunter,Warrior+Paladin,Mage+Hunter,8,team1,kill,46.32
Warrior+Paladin_vs_Mage+Hunter,Warrior+Paladin,Mage+Hunter,9,team1,kill,30.62
Warrior+Paladin_vs_Mage+Shaman,Warrior+Paladin,Mage+Shaman,0,team2,kill,30.72
Warrior+Paladin_vs_Mage+Shaman,Warrior+Paladin,Mage+Shaman,1,team2,kill,47.12
Warrior+Paladin_vs_Mage+Shaman,Warrior+Paladin,Mage+Shaman,2,team1,kill,112.34
Warrior+Paladin_vs_Mage+Shaman,Warrior+Paladin,Mage+Shaman,3,team2,kill,39.52
Warrior+Paladin_vs_Mage+Shaman,Warrior+Paladin,Mage+Shaman,4,team1,kill,49.60
Warrior+Paladin_vs_Mage+Shaman,Warrior+Paladin,Mage+Shaman,5,team1,kill,44.87
Warrior+Paladin_vs_Mage+Shaman,Warrior+Paladin,Mage+Shaman,6,team2,kill,44.50
Warrior+Paladin_vs_Mage+Shaman,Warrior+Paladin,Mage+Shaman,7,team2,kill,32.15
Warrior+Paladin_vs_Mage+Shaman,Warrior+Paladin,Mage+Shaman,8,team2,kill,47.73
Warrior+Paladin_vs_Mage+Shaman,Warrior+Paladin,Mage+Shaman,9,team2,kill,35.50
Warrior+Paladin_vs_Rogue+Priest,Warrior+Paladin,Rogue+Priest,0,team1,kill,35.17
Warrior+Paladin_vs_Rogue+Priest,Warrior+Paladin,Rogue+Priest,1,team1,kill,36.63
Warrior+Paladin_vs_Rogue+Priest,Warrior+Paladin,Rogue+Priest,2,team1,kill,39.10
Warrior+Paladin_vs_Rogue+Priest,Warrior+Paladin,Rogue+Priest,3,team2,kill,64.10
Warrior+Paladin_vs_Rogue+Priest,Warrior+Paladin,Rogue+Priest,4,team2,kill,68.25
Warrior+Paladin_vs_Rogue+Priest,Warrior+Paladin,Rogue+Priest,5,team1,kill,39.18
Warrior+Paladin_vs_Rogue+Priest,Warrior+Paladin,Rogue+Priest,6,team1,kill,35.10
Warrior+Paladin_vs_Rogue+Priest,Warrior+Paladin,Rogue+Priest,7,team1,kill,60.08
Warrior+Paladin_vs_Rogue+Priest,Warrior+Paladin,Rogue+Priest,8,team2,kill,55.07
Warrior+Paladin_vs_Rogue+Priest,Warrior+Paladin,Rogue+Priest,9,team2,kill,77.07
Warrior+Paladin_vs_Rogue+Warlock,Warrior+Paladin,Rogue+Warlock,0,team1,kill,29.57
Warrior+Paladin_vs_Rogue+Warlock,Warrior+Paladin,Rogue+Warlock,1,team1,kill,28.42
Warrior+Paladin_vs_Rogue+Warlock,Warrior+Paladin,Rogue+Warlock,2,team1,kill,26.78
Warrior+Paladin_vs_Rogue+Warlock,Warrior+Paladin,Rogue+Warlock,3,team1,kill,32.53
Warrior+Paladin_vs_Rogue+Warlock,Warrior+Paladin,Rogue+Warlock,4,team1,kill,28.42
Warrior+Paladin_vs_Rogue+Warlock,Warrior+Paladin,Rogue+Warlock,5,team1,kill,34.42
Warrior+Paladin_vs_Rogue+Warlock,Warrior+Paladin,Rogue+Warlock,6,team1,kill,29.90
Warrior+Paladin_vs_Rogue+Warlock,Warrior+Paladin,Rogue+Warlock,7,team1,kill,26.88
Warrior+Paladin_vs_Rogue+Warlock,Warrior+Paladin,Rogue+Warlock,8,team1,kill,33.37
Warrior+Paladin_vs_Rogue+Warlock,Warrior+Paladin,Rogue+Warlock,9,team1,kill,27.05
Warrior+Paladin_vs_Rogue+Paladin,Warrior+Paladin,Rogue+Paladin,0,team1,kill,55.60
Warrior+Paladin_vs_Rogue+Paladin,Warrior+Paladin,Rogue+Paladin,1,team1,kill,51.58
Warrior+Paladin_vs_Rogue+Paladin,Warrior+Paladin,Rogue+Paladin,2,team1,kill,48.82
Warrior+Paladin_vs_Rogue+Paladin,Warrior+Paladin,Rogue+Paladin,3,team1,kill,53.52
Warrior+Paladin_vs_Rogue+Paladin,Warrior+Paladin,Rogue+Paladin,4,team1,kill,53.82
Warrior+Paladin_vs_Rogue+Paladin,Warrior+Paladin,Rogue+Paladin,5,team1,kill,53.18
Warrior+Paladin_vs_Rogue+Paladin,Warrior+Paladin,Rogue+Paladin,6,team1,kill,52.72
Warrior+Paladin_vs_Rogue+Paladin,Warrior+Paladin,Rogue+Paladin,7,team1,kill,41.67
Warrior+Paladin_vs_Rogue+Paladin,Warrior+Paladin,Rogue+Paladin,8,team1,kill,52.18
Warrior+Paladin_vs_Rogue+Paladin,Warrior+Paladin,Rogue+Paladin,9,team1,kill,56.95
Warrior+Paladin_vs_Rogue+Hunter,Warrior+Paladin,Rogue+Hunter,0,team1,kill,29.05
Warrior+Paladin_vs_Rogue+Hunter,Warrior+Paladin,Rogue+Hunter,1,team1,kill,39.10
Warrior+Paladin_vs_Rogue+Hunter,Warrior+Paladin,Rogue+Hunter,2,team1,kill,42.00
Warrior+Paladin_vs_Rogue+Hunter,Warrior+Paladin,Rogue+Hunter,3,team1,kill,42.00
Warrior+Paladin_vs_Rogue+Hunter,Warrior+Paladin,Rogue+Hunter,4,team1,kill,43.23
Warrior+Paladin_vs_Rogue+Hunter,Warrior+Paladin,Rogue+Hunter,5,team1,kill,55.68
Warrior+Paladin_vs_Rogue+Hunter,Warrior+Paladin,Rogue+Hunter,6,team1,kill,34.42
Warrior+Paladin_vs_Rogue+Hunter,Warrior+Paladin,Rogue+Hunter,7,team1,kill,43.23
Warrior+Paladin_vs_Rogue+Hunter,Warrior+Paladin,Rogue+Hunter,8,team1,kill,27.03
Warrior+Paladin_vs_Rogue+Hunter,Warrior+Paladin,Rogue+Hunter,9,team1,kill,39.42
Warrior+Paladin_vs_Rogue+Shaman,Warrior+Paladin,Rogue+Shaman,0,team1,kill,39.13
Warrior+Paladin_vs_Rogue+Shaman,Warrior+Paladin,Rogue+Shaman,1,team1,kill,54.93
Warrior+Paladin_vs_Rogue+Shaman,Warrior+Paladin,Rogue+Shaman,2,team1,kill,44.73
Warrior+Paladin_vs_Rogue+Shaman,Warrior+Paladin,Rogue+Shaman,3,team1,kill,39.00
Warrior+Paladin_vs_Rogue+Shaman,Warrior+Paladin,Rogue+Shaman,4,team1,kill,34.97
Warrior+Paladin_vs_Rogue+Shaman,Warrior+Paladin,Rogue+Shaman,5,team1,kill,36.30
Warrior+Paladin_vs_Rogue+Shaman,Warrior+Paladin,Rogue+Shaman,6,team1,kill,52.65
Warrior+Paladin_vs_Rogue+Shaman,Warrior+Paladin,Rogue+Shaman,7,team1,kill,39.95
Warrior+Paladin_vs_Rogue+Shaman,Warrior+Paladin,Rogue+Shaman,8,team1,kill,41.52
Warrior+Paladin_vs_Rogue+Shaman,Warrior+Paladin,Rogue+Shaman,9,team1,kill,43.05
Warrior+Paladin_vs_Priest+Warlock,Warrior+Paladin,Priest+Warlock,0,team1,kill,32.95
Warrior+Paladin_vs_Priest+Warlock,Warrior+Paladin,Priest+Warlock,1,team1,kill,29.13
Warrior+Paladin_vs_Priest+Warlock,Warrior+Paladin,Priest+Warlock,2,team1,kill,34.48
Warrior+Paladin_vs_Priest+Warlock,Warrior+Paladin,Priest+Warlock,3,team1,kill,34.48
Warrior+Paladin_vs_Priest+Warlock,Warrior+Paladin,Priest+Warlock,4,team1,kill,32.95
Warrior+Paladin_vs_Priest+Warlock,Warrior+Paladin,Priest+Warlock,5,team1,kill,36.77
Warrior+Paladin_vs_Priest+Warlock,Warrior+Paladin,Priest+Warlock,6,team1,kill,36.77
Warrior+Paladin_vs_Priest+Warlock,Warrior+Paladin,Priest+Warlock,7,team1,kill,37.63
Warrior+Paladin_vs_Priest+Warlock,Warrior+Paladin,Priest+Warlock,8,team1,kill,36.77
Warrior+Paladin_vs_Priest+Warlock,Warrior+Paladin,Priest+Warlock,9,team1,kill,39.70
Warrior+Paladin_vs_Priest+Hunter,Warrior+Paladin,Priest+Hunter,0,team1,kill,58.18
Warrior+Paladin_vs_Priest+Hunter,Warrior+Paladin,Priest+Hunter,1,team1,kill,64.47
Warrior+Paladin_vs_Priest+Hunter,Warrior+Paladin,Priest+Hunter,2,team1,kill,57.70
Warrior+Paladin_vs_Priest+Hunter,Warrior+Paladin,Priest+Hunter,3,team2,kill,100.66
Warrior+Paladin_vs_Priest+Hunter,Warrior+Paladin,Priest+Hunter,4,team1,kill,37.92
Warrior+Paladin_vs_Priest+Hunter,Warrior+Paladin,Priest+Hunter,5,team2,kill,98.12
Warrior+Paladin_vs_Priest+Hunter,Warrior+Paladin,Priest+Hunter,6,team1,kill,65.00
Warrior+Paladin_vs_Priest+Hunter,Warrior+Paladin,Priest+Hunter,7,team1,kill,44.47
Warrior+Paladin_vs_Priest+Hunter,Warrior+Paladin,Priest+Hunter,8,team1,kill,64.35
Warrior+Paladin_vs_Priest+Hunter,Warrior+Paladin,Priest+Hunter,9,team1,kill,34.15
Warrior+Paladin_vs_Warlock+Paladin,Warrior+Paladin,Warlock+Paladin,0,team1,kill,54.95
Warrior+Paladin_vs_Warlock+Paladin,Warrior+Paladin,Warlock+Paladin,1,team1,kill,55.08
Warrior+Paladin_vs_Warlock+Paladin,Warrior+Paladin,Warlock+Paladin,2,team2,kill,121.81
Warrior+Paladin_vs_Warlock+Paladin,Warrior+Paladin,Warlock+Paladin,3,team1,kill,55.53
Warrior+Paladin_vs_Warlock+Paladin,Warrior+Paladin,Warlock+Paladin,4,team1,kill,57.70
Warrior+Paladin_vs_Warlock+Paladin,Warrior+Paladin,Warlock+Paladin,5,team1,kill,52.10
Warrior+Paladin_vs_Warlock+Paladin,Warrior+Paladin,Warlock+Paladin,6,team2,kill,96.07
Warrior+Paladin_vs_Warlock+Paladin,Warrior+Paladin,Warlock+Paladin,7,team1,kill,52.07
Warrior+Paladin_vs_Warlock+Paladin,Warrior+Paladin,Warlock+Paladin,8,team1,kill,56.95
Warrior+Paladin_vs_Warlock+Paladin,Warrior+Paladin,Warlock+Paladin,9,team2,kill,94.34
Warrior+Paladin_vs_Warlock+Hunter,Warrior+Paladin,Warlock+Hunter,0,team1,kill,30.82
Warrior+Paladin_vs_Warlock+Hunter,Warrior+Paladin,Warlock+Hunter,1,team1,kill,31.27
Warrior+Paladin_vs_Warlock+Hunter,Warrior+Paladin,Warlock+Hunter,2,team2,kill,80.07
Warrior+Paladin_vs_Warlock+Hunter,Warrior+Paladin,Warlock+Hunter,3,team1,kill,55.98
Warrior+Paladin_vs_Warlock+Hunter,Warrior+Paladin,Warlock+Hunter,4,team1,kill,30.00
Warrior+Paladin_vs_Warlock+Hunter,Warrior+Paladin,Warlock+Hunter,5,team1,kill,28.32
Warrior+Paladin_vs_Warlock+Hunter,Warrior+Paladin,Warlock+Hunter,6,team1,kill,29.85
Warrior+Paladin_vs_Warlock+Hunter,Warrior+Paladin,Warlock+Hunter,7,team1,kill,39.33
Warrior+Paladin_vs_Warlock+Hunter,Warrior+Paladin,Warlock+Hunter,8,team1,kill,40.23
Warrior+Paladin_vs_Warlock+Hunter,Warrior+Paladin,Warlock+Hunter,9,team1,kill,48.63
Warrior+Paladin_vs_Warlock+Shaman,Warrior+Paladin,Warlock+Shaman,0,team2,kill,95.44
Warrior+Paladin_vs_Warlock+Shaman,Warrior+Paladin,Warlock+Shaman,1,draw,cap,300.00
Warrior+Paladin_vs_Warlock+Shaman,Warrior+Paladin,Warlock+Shaman,2,team2,kill,76.39
Warrior+Paladin_vs_Warlock+Shaman,Warrior+Paladin,Warlock+Shaman,3,team2,kill,75.22
Warrior+Paladin_vs_Warlock+Shaman,Warrior+Paladin,Warlock+Shaman,4,team1,kill,34.83
Warrior+Paladin_vs_Warlock+Shaman,Warrior+Paladin,Warlock+Shaman,5,draw,cap,300.00
Warrior+Paladin_vs_Warlock+Shaman,Warrior+Paladin,Warlock+Shaman,6,team2,kill,30.98
Warrior+Paladin_vs_Warlock+Shaman,Warrior+Paladin,Warlock+Shaman,7,team2,kill,86.45
Warrior+Paladin_vs_Warlock+Shaman,Warrior+Paladin,Warlock+Shaman,8,team1,kill,37.50
Warrior+Paladin_vs_Warlock+Shaman,Warrior+Paladin,Warlock+Shaman,9,team2,kill,74.98
Warrior+Paladin_vs_Paladin+Hunter,Warrior+Paladin,Paladin+Hunter,0,team1,kill,75.48
Warrior+Paladin_vs_Paladin+Hunter,Warrior+Paladin,Paladin+Hunter,1,team1,kill,89.54
Warrior+Paladin_vs_Paladin+Hunter,Warrior+Paladin,Paladin+Hunter,2,team1,kill,98.79
Warrior+Paladin_vs_Paladin+Hunter,Warrior+Paladin,Paladin+Hunter,3,team1,kill,86.54
Warrior+Paladin_vs_Paladin+Hunter,Warrior+Paladin,Paladin+Hunter,4,team1,kill,86.72
Warrior+Paladin_vs_Paladin+Hunter,Warrior+Paladin,Paladin+Hunter,5,team1,kill,103.14
Warrior+Paladin_vs_Paladin+Hunter,Warrior+Paladin,Paladin+Hunter,6,team1,kill,93.92
Warrior+Paladin_vs_Paladin+Hunter,Warrior+Paladin,Paladin+Hunter,7,team1,kill,103.66
Warrior+Paladin_vs_Paladin+Hunter,Warrior+Paladin,Paladin+Hunter,8,team1,kill,109.11
Warrior+Paladin_vs_Paladin+Hunter,Warrior+Paladin,Paladin+Hunter,9,team1,kill,86.17
Warrior+Paladin_vs_Hunter+Shaman,Warrior+Paladin,Hunter+Shaman,0,team2,kill,105.24
Warrior+Paladin_vs_Hunter+Shaman,Warrior+Paladin,Hunter+Shaman,1,team1,kill,136.84
Warrior+Paladin_vs_Hunter+Shaman,Warrior+Paladin,Hunter+Shaman,2,team1,kill,102.44
Warrior+Paladin_vs_Hunter+Shaman,Warrior+Paladin,Hunter+Shaman,3,team1,kill,189.80
Warrior+Paladin_vs_Hunter+Shaman,Warrior+Paladin,Hunter+Shaman,4,team1,kill,71.57
Warrior+Paladin_vs_Hunter+Shaman,Warrior+Paladin,Hunter+Shaman,5,team1,kill,209.78
Warrior+Paladin_vs_Hunter+Shaman,Warrior+Paladin,Hunter+Shaman,6,team2,kill,105.81
Warrior+Paladin_vs_Hunter+Shaman,Warrior+Paladin,Hunter+Shaman,7,team1,kill,69.92
Warrior+Paladin_vs_Hunter+Shaman,Warrior+Paladin,Hunter+Shaman,8,team1,kill,89.14
Warrior+Paladin_vs_Hunter+Shaman,Warrior+Paladin,Hunter+Shaman,9,team1,kill,170.07
Warrior+Hunter_vs_Warrior+Mage,Warrior+Hunter,Warrior+Mage,0,team2,kill,14.22
Warrior+Hunter_vs_Warrior+Mage,Warrior+Hunter,Warrior+Mage,1,team2,kill,15.08
Warrior+Hunter_vs_Warrior+Mage,Warrior+Hunter,Warrior+Mage,2,team2,kill,14.22
Warrior+Hunter_vs_Warrior+Mage,Warrior+Hunter,Warrior+Mage,3,team2,kill,15.52
Warrior+Hunter_vs_Warrior+Mage,Warrior+Hunter,Warrior+Mage,4,team2,kill,14.22
Warrior+Hunter_vs_Warrior+Mage,Warrior+Hunter,Warrior+Mage,5,team2,kill,14.22
Warrior+Hunter_vs_Warrior+Mage,Warrior+Hunter,Warrior+Mage,6,team2,kill,14.22
Warrior+Hunter_vs_Warrior+Mage,Warrior+Hunter,Warrior+Mage,7,team2,kill,14.22
Warrior+Hunter_vs_Warrior+Mage,Warrior+Hunter,Warrior+Mage,8,team2,kill,14.22
Warrior+Hunter_vs_Warrior+Mage,Warrior+Hunter,Warrior+Mage,9,team2,kill,14.22
Warrior+Hunter_vs_Warrior+Rogue,Warrior+Hunter,Warrior+Rogue,0,team1,kill,23.07
Warrior+Hunter_vs_Warrior+Rogue,Warrior+Hunter,Warrior+Rogue,1,team1,kill,19.87
Warrior+Hunter_vs_Warrior+Rogue,Warrior+Hunter,Warrior+Rogue,2,team1,kill,20.45
Warrior+Hunter_vs_Warrior+Rogue,Warrior+Hunter,Warrior+Rogue,3,team1,kill,19.93
Warrior+Hunter_vs_Warrior+Rogue,Warrior+Hunter,Warrior+Rogue,4,team1,kill,20.78
Warrior+Hunter_vs_Warrior+Rogue,Warrior+Hunter,Warrior+Rogue,5,team1,kill,20.78
Warrior+Hunter_vs_Warrior+Rogue,Warrior+Hunter,Warrior+Rogue,6,team1,kill,23.07
Warrior+Hunter_vs_Warrior+Rogue,Warrior+Hunter,Warrior+Rogue,7,team1,kill,23.07
Warrior+Hunter_vs_Warrior+Rogue,Warrior+Hunter,Warrior+Rogue,8,team1,kill,23.07
Warrior+Hunter_vs_Warrior+Rogue,Warrior+Hunter,Warrior+Rogue,9,team1,kill,23.07
Warrior+Hunter_vs_Warrior+Priest,Warrior+Hunter,Warrior+Priest,0,team2,kill,36.05
Warrior+Hunter_vs_Warrior+Priest,Warrior+Hunter,Warrior+Priest,1,team2,kill,35.72
Warrior+Hunter_vs_Warrior+Priest,Warrior+Hunter,Warrior+Priest,2,team2,kill,36.05
Warrior+Hunter_vs_Warrior+Priest,Warrior+Hunter,Warrior+Priest,3,team2,kill,36.05
Warrior+Hunter_vs_Warrior+Priest,Warrior+Hunter,Warrior+Priest,4,team2,kill,31.87
Warrior+Hunter_vs_Warrior+Priest,Warrior+Hunter,Warrior+Priest,5,team2,kill,28.58
Warrior+Hunter_vs_Warrior+Priest,Warrior+Hunter,Warrior+Priest,6,team2,kill,37.75
Warrior+Hunter_vs_Warrior+Priest,Warrior+Hunter,Warrior+Priest,7,team2,kill,37.75
Warrior+Hunter_vs_Warrior+Priest,Warrior+Hunter,Warrior+Priest,8,team2,kill,36.05
Warrior+Hunter_vs_Warrior+Priest,Warrior+Hunter,Warrior+Priest,9,team2,kill,35.72
Warrior+Hunter_vs_Warrior+Warlock,Warrior+Hunter,Warrior+Warlock,0,team1,kill,16.07
Warrior+Hunter_vs_Warrior+Warlock,Warrior+Hunter,Warrior+Warlock,1,team1,kill,17.57
Warrior+Hunter_vs_Warrior+Warlock,Warrior+Hunter,Warrior+Warlock,2,team2,kill,25.20
Warrior+Hunter_vs_Warrior+Warlock,Warrior+Hunter,Warrior+Warlock,3,team2,kill,21.03
Warrior+Hunter_vs_Warrior+Warlock,Warrior+Hunter,Warrior+Warlock,4,team2,kill,21.03
Warrior+Hunter_vs_Warrior+Warlock,Warrior+Hunter,Warrior+Warlock,5,team1,kill,16.18
Warrior+Hunter_vs_Warrior+Warlock,Warrior+Hunter,Warrior+Warlock,6,team2,kill,17.93
Warrior+Hunter_vs_Warrior+Warlock,Warrior+Hunter,Warrior+Warlock,7,team1,kill,17.53
Warrior+Hunter_vs_Warrior+Warlock,Warrior+Hunter,Warrior+Warlock,8,team1,kill,18.60
Warrior+Hunter_vs_Warrior+Warlock,Warrior+Hunter,Warrior+Warlock,9,team2,kill,18.00
Warrior+Hunter_vs_Warrior+Paladin,Warrior+Hunter,Warrior+Paladin,0,team2,kill,43.32
Warrior+Hunter_vs_Warrior+Paladin,Warrior+Hunter,Warrior+Paladin,1,team2,kill,43.40
Warrior+Hunter_vs_Warrior+Paladin,Warrior+Hunter,Warrior+Paladin,2,team2,kill,42.88
Warrior+Hunter_vs_Warrior+Paladin,Warrior+Hunter,Warrior+Paladin,3,team2,kill,43.40
Warrior+Hunter_vs_Warrior+Paladin,Warrior+Hunter,Warrior+Paladin,4,team2,kill,39.07
Warrior+Hunter_vs_Warrior+Paladin,Warrior+Hunter,Warrior+Paladin,5,team2,kill,37.90
Warrior+Hunter_vs_Warrior+Paladin,Warrior+Hunter,Warrior+Paladin,6,team2,kill,41.98
Warrior+Hunter_vs_Warrior+Paladin,Warrior+Hunter,Warrior+Paladin,7,team2,kill,39.03
Warrior+Hunter_vs_Warrior+Paladin,Warrior+Hunter,Warrior+Paladin,8,team2,kill,43.32
Warrior+Hunter_vs_Warrior+Paladin,Warrior+Hunter,Warrior+Paladin,9,team2,kill,43.32
Warrior+Hunter_vs_Warrior+Hunter,Warrior+Hunter,Warrior+Hunter,0,team1,kill,17.72
Warrior+Hunter_vs_Warrior+Hunter,Warrior+Hunter,Warrior+Hunter,1,team1,kill,20.98
Warrior+Hunter_vs_Warrior+Hunter,Warrior+Hunter,Warrior+Hunter,2,team1,kill,17.57
Warrior+Hunter_vs_Warrior+Hunter,Warrior+Hunter,Warrior+Hunter,3,team2,kill,17.57
Warrior+Hunter_vs_Warrior+Hunter,Warrior+Hunter,Warrior+Hunter,4,team1,kill,20.82
Warrior+Hunter_vs_Warrior+Hunter,Warrior+Hunter,Warrior+Hunter,5,team2,kill,17.72
Warrior+Hunter_vs_Warrior+Hunter,Warrior+Hunter,Warrior+Hunter,6,team1,kill,15.80
Warrior+Hunter_vs_Warrior+Hunter,Warrior+Hunter,Warrior+Hunter,7,team1,kill,16.28
Warrior+Hunter_vs_Warrior+Hunter,Warrior+Hunter,Warrior+Hunter,8,team1,kill,17.72
Warrior+Hunter_vs_Warrior+Hunter,Warrior+Hunter,Warrior+Hunter,9,draw,kill,19.08
Warrior+Hunter_vs_Warrior+Shaman,Warrior+Hunter,Warrior+Shaman,0,team2,kill,29.03
Warrior+Hunter_vs_Warrior+Shaman,Warrior+Hunter,Warrior+Shaman,1,team2,kill,28.10
Warrior+Hunter_vs_Warrior+Shaman,Warrior+Hunter,Warrior+Shaman,2,team1,kill,61.02
Warrior+Hunter_vs_Warrior+Shaman,Warrior+Hunter,Warrior+Shaman,3,team2,kill,37.57
Warrior+Hunter_vs_Warrior+Shaman,Warrior+Hunter,Warrior+Shaman,4,team2,kill,39.10
Warrior+Hunter_vs_Warrior+Shaman,Warrior+Hunter,Warrior+Shaman,5,team2,kill,39.13
Warrior+Hunter_vs_Warrior+Shaman,Warrior+Hunter,Warrior+Shaman,6,team2,kill,35.30
Warrior+Hunter_vs_Warrior+Shaman,Warrior+Hunter,Warrior+Shaman,7,team2,kill,27.50
Warrior+Hunter_vs_Warrior+Shaman,Warrior+Hunter,Warrior+Shaman,8,team2,kill,37.57
Warrior+Hunter_vs_Warrior+Shaman,Warrior+Hunter,Warrior+Shaman,9,team2,kill,36.05
Warrior+Hunter_vs_Mage+Rogue,Warrior+Hunter,Mage+Rogue,0,team1,kill,27.95
Warrior+Hunter_vs_Mage+Rogue,Warrior+Hunter,Mage+Rogue,1,team2,kill,29.43
Warrior+Hunter_vs_Mage+Rogue,Warrior+Hunter,Mage+Rogue,2,team1,kill,29.75
Warrior+Hunter_vs_Mage+Rogue,Warrior+Hunter,Mage+Rogue,3,team1,kill,30.12
Warrior+Hunter_vs_Mage+Rogue,Warrior+Hunter,Mage+Rogue,4,team1,kill,29.75
Warrior+Hunter_vs_Mage+Rogue,Warrior+Hunter,Mage+Rogue,5,team1,kill,28.00
Warrior+Hunter_vs_Mage+Rogue,Warrior+Hunter,Mage+Rogue,6,team1,kill,30.35
Warrior+Hunter_vs_Mage+Rogue,Warrior+Hunter,Mage+Rogue,7,team1,kill,27.98
Warrior+Hunter_vs_Mage+Rogue,Warrior+Hunter,Mage+Rogue,8,team1,kill,30.33
Warrior+Hunter_vs_Mage+Rogue,Warrior+Hunter,Mage+Rogue,9,team1,kill,28.00
Warrior+Hunter_vs_Mage+Priest,Warrior+Hunter,Mage+Priest,0,team2,kill,27.88
Warrior+Hunter_vs_Mage+Priest,Warrior+Hunter,Mage+Priest,1,team2,kill,26.13
Warrior+Hunter_vs_Mage+Priest,Warrior+Hunter,Mage+Priest,2,team2,kill,27.83
Warrior+Hunter_vs_Mage+Priest,Warrior+Hunter,Mage+Priest,3,team2,kill,27.58
Warrior+Hunter_vs_Mage+Priest,Warrior+Hunter,Mage+Priest,4,team2,kill,27.65
Warrior+Hunter_vs_Mage+Priest,Warrior+Hunter,Mage+Priest,5,team2,kill,27.70
Warrior+Hunter_vs_Mage+Priest,Warrior+Hunter,Mage+Priest,6,team2,kill,27.83
Warrior+Hunter_vs_Mage+Priest,Warrior+Hunter,Mage+Priest,7,team2,kill,27.12
Warrior+Hunter_vs_Mage+Priest,Warrior+Hunter,Mage+Priest,8,team2,kill,27.73
Warrior+Hunter_vs_Mage+Priest,Warrior+Hunter,Mage+Priest,9,team2,kill,27.80
Warrior+Hunter_vs_Mage+Warlock,Warrior+Hunter,Mage+Warlock,0,team1,kill,17.25
Warrior+Hunter_vs_Mage+Warlock,Warrior+Hunter,Mage+Warlock,1,team1,kill,17.93
Warrior+Hunter_vs_Mage+Warlock,Warrior+Hunter,Mage+Warlock,2,team2,kill,17.25
Warrior+Hunter_vs_Mage+Warlock,Warrior+Hunter,Mage+Warlock,3,team1,kill,19.75
Warrior+Hunter_vs_Mage+Warlock,Warrior+Hunter,Mage+Warlock,4,team2,kill,17.07
Warrior+Hunter_vs_Mage+Warlock,Warrior+Hunter,Mage+Warlock,5,team1,kill,15.05
Warrior+Hunter_vs_Mage+Warlock,Warrior+Hunter,Mage+Warlock,6,team1,kill,15.78
Warrior+Hunter_vs_Mage+Warlock,Warrior+Hunter,Mage+Warlock,7,team1,kill,15.98
Warrior+Hunter_vs_Mage+Warlock,Warrior+Hunter,Mage+Warlock,8,team1,kill,17.93
Warrior+Hunter_vs_Mage+Warlock,Warrior+Hunter,Mage+Warlock,9,team2,kill,19.37
Warrior+Hunter_vs_Mage+Paladin,Warrior+Hunter,Mage+Paladin,0,team2,kill,30.22
Warrior+Hunter_vs_Mage+Paladin,Warrior+Hunter,Mage+Paladin,1,team2,kill,34.27
Warrior+Hunter_vs_Mage+Paladin,Warrior+Hunter,Mage+Paladin,2,team2,kill,32.70
Warrior+Hunter_vs_Mage+Paladin,Warrior+Hunter,Mage+Paladin,3,team2,kill,28.73
Warrior+Hunter_vs_Mage+Paladin,Warrior+Hunter,Mage+Paladin,4,team2,kill,34.15
Warrior+Hunter_vs_Mage+Paladin,Warrior+Hunter,Mage+Paladin,5,team2,kill,34.27
Warrior+Hunter_vs_Mage+Paladin,Warrior+Hunter,Mage+Paladin,6,team2,kill,30.25
Warrior+Hunter_vs_Mage+Paladin,Warrior+Hunter,Mage+Paladin,7,team2,kill,34.23
Warrior+Hunter_vs_Mage+Paladin,Warrior+Hunter,Mage+Paladin,8,team2,kill,28.93
Warrior+Hunter_vs_Mage+Paladin,Warrior+Hunter,Mage+Paladin,9,team2,kill,34.25
Warrior+Hunter_vs_Mage+Hunter,Warrior+Hunter,Mage+Hunter,0,team1,kill,15.98
Warrior+Hunter_vs_Mage+Hunter,Warrior+Hunter,Mage+Hunter,1,team1,kill,15.98
Warrior+Hunter_vs_Mage+Hunter,Warrior+Hunter,Mage+Hunter,2,team1,kill,20.03
Warrior+Hunter_vs_Mage+Hunter,Warrior+Hunter,Mage+Hunter,3,team2,kill,17.58
Warrior+Hunter_vs_Mage+Hunter,Warrior+Hunter,Mage+Hunter,4,team2,kill,18.50
Warrior+Hunter_vs_Mage+Hunter,Warrior+Hunter,Mage+Hunter,5,team1,kill,15.47
Warrior+Hunter_vs_Mage+Hunter,Warrior+Hunter,Mage+Hunter,6,team1,kill,20.03
Warrior+Hunter_vs_Mage+Hunter,Warrior+Hunter,Mage+Hunter,7,team1,kill,16.27
Warrior+Hunter_vs_Mage+Hunter,Warrior+Hunter,Mage+Hunter,8,team1,kill,19.83
Warrior+Hunter_vs_Mage+Hunter,Warrior+Hunter,Mage+Hunter,9,team1,kill,15.47
Warrior+Hunter_vs_Mage+Shaman,Warrior+Hunter,Mage+Shaman,0,team2,kill,18.45
Warrior+Hunter_vs_Mage+Shaman,Warrior+Hunter,Mage+Shaman,1,team2,kill,19.13
Warrior+Hunter_vs_Mage+Shaman,Warrior+Hunter,Mage+Shaman,2,team2,kill,20.00
Warrior+Hunter_vs_Mage+Shaman,Warrior+Hunter,Mage+Shaman,3,team2,kill,13.53
Warrior+Hunter_vs_Mage+Shaman,Warrior+Hunter,Mage+Shaman,4,team2,kill,19.13
Warrior+Hunter_vs_Mage+Shaman,Warrior+Hunter,Mage+Shaman,5,team2,kill,18.43
Warrior+Hunter_vs_Mage+Shaman,Warrior+Hunter,Mage+Shaman,6,team2,kill,13.53
Warrior+Hunter_vs_Mage+Shaman,Warrior+Hunter,Mage+Shaman,7,team2,kill,19.13
Warrior+Hunter_vs_Mage+Shaman,Warrior+Hunter,Mage+Shaman,8,team2,kill,19.83
Warrior+Hunter_vs_Mage+Shaman,Warrior+Hunter,Mage+Shaman,9,team2,kill,13.53
Warrior+Hunter_vs_Rogue+Priest,Warrior+Hunter,Rogue+Priest,0,team1,kill,13.73
Warrior+Hunter_vs_Rogue+Priest,Warrior+Hunter,Rogue+Priest,1,team1,kill,15.55
Warrior+Hunter_vs_Rogue+Priest,Warrior+Hunter,Rogue+Priest,2,team1,kill,15.55
Warrior+Hunter_vs_Rogue+Priest,Warrior+Hunter,Rogue+Priest,3,team1,kill,13.07
Warrior+Hunter_vs_Rogue+Priest,Warrior+Hunter,Rogue+Priest,4,team1,kill,15.55
Warrior+Hunter_vs_Rogue+Priest,Warrior+Hunter,Rogue+Priest,5,team1,kill,13.75
Warrior+Hunter_vs_Rogue+Priest,Warrior+Hunter,Rogue+Priest,6,team1,kill,15.55
Warrior+Hunter_vs_Rogue+Priest,Warrior+Hunter,Rogue+Priest,7,team1,kill,15.55
Warrior+Hunter_vs_Rogue+Priest,Warrior+Hunter,Rogue+Priest,8,team1,kill,13.75
Warrior+Hunter_vs_Rogue+Priest,Warrior+Hunter,Rogue+Priest,9,team1,kill,13.73
Warrior+Hunter_vs_Rogue+Warlock,Warrior+Hunter,Rogue+Warlock,0,team1,kill,20.18
Warrior+Hunter_vs_Rogue+Warlock,Warrior+Hunter,Rogue+Warlock,1,team1,kill,19.68
Warrior+Hunter_vs_Rogue+Warlock,Warrior+Hunter,Rogue+Warlock,2,team1,kill,22.50
Warrior+Hunter_vs_Rogue+Warlock,Warrior+Hunter,Rogue+Warlock,3,team1,kill,21.95
Warrior+Hunter_vs_Rogue+Warlock,Warrior+Hunter,Rogue+Warlock,4,team1,kill,18.70
Warrior+Hunter_vs_Rogue+Warlock,Warrior+Hunter,Rogue+Warlock,5,team1,kill,23.75
Warrior+Hunter_vs_Rogue+Warlock,Warrior+Hunter,Rogue+Warlock,6,team1,kill,23.52
Warrior+Hunter_vs_Rogue+Warlock,Warrior+Hunter,Rogue+Warlock,7,team1,kill,28.80
Warrior+Hunter_vs_Rogue+Warlock,Warrior+Hunter,Rogue+Warlock,8,team1,kill,17.68
Warrior+Hunter_vs_Rogue+Warlock,Warrior+Hunter,Rogue+Warlock,9,team1,kill,18.48
Warrior+Hunter_vs_Rogue+Paladin,Warrior+Hunter,Rogue+Paladin,0,team2,kill,45.07
Warrior+Hunter_vs_Rogue+Paladin,Warrior+Hunter,Rogue+Paladin,1,team2,kill,61.00
Warrior+Hunter_vs_Rogue+Paladin,Warrior+Hunter,Rogue+Paladin,2,team1,kill,33.63
Warrior+Hunter_vs_Rogue+Paladin,Warrior+Hunter,Rogue+Paladin,3,team2,kill,61.95
Warrior+Hunter_vs_Rogue+Paladin,Warrior+Hunter,Rogue+Paladin,4,team2,kill,78.65
Warrior+Hunter_vs_Rogue+Paladin,Warrior+Hunter,Rogue+Paladin,5,team1,kill,33.33
Warrior+Hunter_vs_Rogue+Paladin,Warrior+Hunter,Rogue+Paladin,6,team2,kill,59.48
Warrior+Hunter_vs_Rogue+Paladin,Warrior+Hunter,Rogue+Paladin,7,team2,kill,82.44
Warrior+Hunter_vs_Rogue+Paladin,Warrior+Hunter,Rogue+Paladin,8,team2,kill,61.50
Warrior+Hunter_vs_Rogue+Paladin,Warrior+Hunter,Rogue+Paladin,9,team1,kill,27.88
Warrior+Hunter_vs_Rogue+Hunter,Warrior+Hunter,Rogue+Hunter,0,team1,kill,21.55
Warrior+Hunter_vs_Rogue+Hunter,Warrior+Hunter,Rogue+Hunter,1,team1,kill,19.03
Warrior+Hunter_vs_Rogue+Hunter,Warrior+Hunter,Rogue+Hunter,2,team1,kill,24.07
Warrior+Hunter_vs_Rogue+Hunter,Warrior+Hunter,Rogue+Hunter,3,team1,kill,20.68
Warrior+Hunter_vs_Rogue+Hunter,Warrior+Hunter,Rogue+Hunter,4,team1,kill,21.53
Warrior+Hunter_vs_Rogue+Hunter,Warrior+Hunter,Rogue+Hunter,5,team1,kill,19.03
Warrior+Hunter_vs_Rogue+Hunter,Warrior+Hunter,Rogue+Hunter,6,team1,kill,19.03
Warrior+Hunter_vs_Rogue+Hunter,Warrior+Hunter,Rogue+Hunter,7,team1,kill,23.02
Warrior+Hunter_vs_Rogue+Hunter,Warrior+Hunter,Rogue+Hunter,8,team1,kill,21.53
Warrior+Hunter_vs_Rogue+Hunter,Warrior+Hunter,Rogue+Hunter,9,team1,kill,20.67
Warrior+Hunter_vs_Rogue+Shaman,Warrior+Hunter,Rogue+Shaman,0,team1,kill,35.87
Warrior+Hunter_vs_Rogue+Shaman,Warrior+Hunter,Rogue+Shaman,1,team1,kill,42.98
Warrior+Hunter_vs_Rogue+Shaman,Warrior+Hunter,Rogue+Shaman,2,team2,kill,55.50
Warrior+Hunter_vs_Rogue+Shaman,Warrior+Hunter,Rogue+Shaman,3,team1,kill,46.00
Warrior+Hunter_vs_Rogue+Shaman,Warrior+Hunter,Rogue+Shaman,4,team1,kill,19.85
Warrior+Hunter_vs_Rogue+Shaman,Warrior+Hunter,Rogue+Shaman,5,team1,kill,36.97
Warrior+Hunter_vs_Rogue+Shaman,Warrior+Hunter,Rogue+Shaman,6,team1,kill,27.25
Warrior+Hunter_vs_Rogue+Shaman,Warrior+Hunter,Rogue+Shaman,7,team1,kill,28.90
Warrior+Hunter_vs_Rogue+Shaman,Warrior+Hunter,Rogue+Shaman,8,team1,kill,46.85
Warrior+Hunter_vs_Rogue+Shaman,Warrior+Hunter,Rogue+Shaman,9,team2,kill,51.17
Warrior+Hunter_vs_Priest+Warlock,Warrior+Hunter,Priest+Warlock,0,team2,kill,28.70
Warrior+Hunter_vs_Priest+Warlock,Warrior+Hunter,Priest+Warlock,1,team1,kill,24.70
Warrior+Hunter_vs_Priest+Warlock,Warrior+Hunter,Priest+Warlock,2,team1,kill,23.08
Warrior+Hunter_vs_Priest+Warlock,Warrior+Hunter,Priest+Warlock,3,team2,kill,28.23
Warrior+Hunter_vs_Priest+Warlock,Warrior+Hunter,Priest+Warlock,4,team2,kill,28.13
Warrior+Hunter_vs_Priest+Warlock,Warrior+Hunter,Priest+Warlock,5,team1,kill,20.35
Warrior+Hunter_vs_Priest+Warlock,Warrior+Hunter,Priest+Warlock,6,team2,kill,28.80
Warrior+Hunter_vs_Priest+Warlock,Warrior+Hunter,Priest+Warlock,7,team1,kill,24.50
Warrior+Hunter_vs_Priest+Warlock,Warrior+Hunter,Priest+Warlock,8,team2,kill,33.67
Warrior+Hunter_vs_Priest+Warlock,Warrior+Hunter,Priest+Warlock,9,team2,kill,27.80
Warrior+Hunter_vs_Priest+Hunter,Warrior+Hunter,Priest+Hunter,0,team1,kill,21.40
Warrior+Hunter_vs_Priest+Hunter,Warrior+Hunter,Priest+Hunter,1,team1,kill,21.50
Warrior+Hunter_vs_Priest+Hunter,Warrior+Hunter,Priest+Hunter,2,team2,kill,29.80
Warrior+Hunter_vs_Priest+Hunter,Warrior+Hunter,Priest+Hunter,3,team2,kill,26.37
Warrior+Hunter_vs_Priest+Hunter,Warrior+Hunter,Priest+Hunter,4,team2,kill,27.85
Warrior+Hunter_vs_Priest+Hunter,Warrior+Hunter,Priest+Hunter,5,team2,kill,20.52
Warrior+Hunter_vs_Priest+Hunter,Warrior+Hunter,Priest+Hunter,6,team2,kill,46.33
Warrior+Hunter_vs_Priest+Hunter,Warrior+Hunter,Priest+Hunter,7,team1,kill,18.02
Warrior+Hunter_vs_Priest+Hunter,Warrior+Hunter,Priest+Hunter,8,team1,kill,17.97
Warrior+Hunter_vs_Priest+Hunter,Warrior+Hunter,Priest+Hunter,9,team2,kill,30.57
Warrior+Hunter_vs_Warlock+Paladin,Warrior+Hunter,Warlock+Paladin,0,team2,kill,44.77
Warrior+Hunter_vs_Warlock+Paladin,Warrior+Hunter,Warlock+Paladin,1,team2,kill,33.05
Warrior+Hunter_vs_Warlock+Paladin,Warrior+Hunter,Warlock+Paladin,2,team2,kill,42.27
Warrior+Hunter_vs_Warlock+Paladin,Warrior+Hunter,Warlock+Paladin,3,team2,kill,46.22
Warrior+Hunter_vs_Warlock+Paladin,Warrior+Hunter,Warlock+Paladin,4,team2,kill,32.08
Warrior+Hunter_vs_Warlock+Paladin,Warrior+Hunter,Warlock+Paladin,5,team2,kill,61.25
Warrior+Hunter_vs_Warlock+Paladin,Warrior+Hunter,Warlock+Paladin,6,team2,kill,33.28
Warrior+Hunter_vs_Warlock+Paladin,Warrior+Hunter,Warlock+Paladin,7,team2,kill,37.98
Warrior+Hunter_vs_Warlock+Paladin,Warrior+Hunter,Warlock+Paladin,8,team2,kill,37.30
Warrior+Hunter_vs_Warlock+Paladin,Warrior+Hunter,Warlock+Paladin,9,team2,kill,32.73
Warrior+Hunter_vs_Warlock+Hunter,Warrior+Hunter,Warlock+Hunter,0,team2,kill,22.17
Warrior+Hunter_vs_Warlock+Hunter,Warrior+Hunter,Warlock+Hunter,1,team1,kill,20.50
Warrior+Hunter_vs_Warlock+Hunter,Warrior+Hunter,Warlock+Hunter,2,team2,kill,20.50
Warrior+Hunter_vs_Warlock+Hunter,Warrior+Hunter,Warlock+Hunter,3,team2,kill,21.27
Warrior+Hunter_vs_Warlock+Hunter,Warrior+Hunter,Warlock+Hunter,4,team1,kill,21.47
Warrior+Hunter_vs_Warlock+Hunter,Warrior+Hunter,Warlock+Hunter,5,team1,kill,21.47
Warrior+Hunter_vs_Warlock+Hunter,Warrior+Hunter,Warlock+Hunter,6,team2,kill,20.53
Warrior+Hunter_vs_Warlock+Hunter,Warrior+Hunter,Warlock+Hunter,7,team2,kill,22.68
Warrior+Hunter_vs_Warlock+Hunter,Warrior+Hunter,Warlock+Hunter,8,team2,kill,22.17
Warrior+Hunter_vs_Warlock+Hunter,Warrior+Hunter,Warlock+Hunter,9,team1,kill,21.00
Warrior+Hunter_vs_Warlock+Shaman,Warrior+Hunter,Warlock+Shaman,0,team2,kill,19.60
Warrior+Hunter_vs_Warlock+Shaman,Warrior+Hunter,Warlock+Shaman,1,team2,kill,19.60
Warrior+Hunter_vs_Warlock+Shaman,Warrior+Hunter,Warlock+Shaman,2,team2,kill,16.13
Warrior+Hunter_vs_Warlock+Shaman,Warrior+Hunter,Warlock+Shaman,3,team2,kill,19.60
Warrior+Hunter_vs_Warlock+Shaman,Warrior+Hunter,Warlock+Shaman,4,team2,kill,19.25
Warrior+Hunter_vs_Warlock+Shaman,Warrior+Hunter,Warlock+Shaman,5,team2,kill,19.15
Warrior+Hunter_vs_Warlock+Shaman,Warrior+Hunter,Warlock+Shaman,6,team2,kill,19.15
Warrior+Hunter_vs_Warlock+Shaman,Warrior+Hunter,Warlock+Shaman,7,team2,kill,19.15
Warrior+Hunter_vs_Warlock+Shaman,Warrior+Hunter,Warlock+Shaman,8,team2,kill,19.60
Warrior+Hunter_vs_Warlock+Shaman,Warrior+Hunter,Warlock+Shaman,9,team2,kill,19.60
Warrior+Hunter_vs_Paladin+Hunter,Warrior+Hunter,Paladin+Hunter,0,team2,kill,58.03
Warrior+Hunter_vs_Paladin+Hunter,Warrior+Hunter,Paladin+Hunter,1,team2,kill,58.05
Warrior+Hunter_vs_Paladin+Hunter,Warrior+Hunter,Paladin+Hunter,2,team2,kill,77.55
Warrior+Hunter_vs_Paladin+Hunter,Warrior+Hunter,Paladin+Hunter,3,team2,kill,49.55
Warrior+Hunter_vs_Paladin+Hunter,Warrior+Hunter,Paladin+Hunter,4,team1,kill,48.37
Warrior+Hunter_vs_Paladin+Hunter,Warrior+Hunter,Paladin+Hunter,5,team2,kill,59.65
Warrior+Hunter_vs_Paladin+Hunter,Warrior+Hunter,Paladin+Hunter,6,team2,kill,44.48
Warrior+Hunter_vs_Paladin+Hunter,Warrior+Hunter,Paladin+Hunter,7,team2,kill,42.07
Warrior+Hunter_vs_Paladin+Hunter,Warrior+Hunter,Paladin+Hunter,8,team2,kill,32.37
Warrior+Hunter_vs_Paladin+Hunter,Warrior+Hunter,Paladin+Hunter,9,team2,kill,49.32
Warrior+Hunter_vs_Hunter+Shaman,Warrior+Hunter,Hunter+Shaman,0,team2,kill,17.58
Warrior+Hunter_vs_Hunter+Shaman,Warrior+Hunter,Hunter+Shaman,1,team2,kill,19.15
Warrior+Hunter_vs_Hunter+Shaman,Warrior+Hunter,Hunter+Shaman,2,team2,kill,14.97
Warrior+Hunter_vs_Hunter+Shaman,Warrior+Hunter,Hunter+Shaman,3,team2,kill,17.22
Warrior+Hunter_vs_Hunter+Shaman,Warrior+Hunter,Hunter+Shaman,4,team2,kill,16.80
Warrior+Hunter_vs_Hunter+Shaman,Warrior+Hunter,Hunter+Shaman,5,team2,kill,17.22
Warrior+Hunter_vs_Hunter+Shaman,Warrior+Hunter,Hunter+Shaman,6,team2,kill,17.22
Warrior+Hunter_vs_Hunter+Shaman,Warrior+Hunter,Hunter+Shaman,7,team2,kill,19.60
Warrior+Hunter_vs_Hunter+Shaman,Warrior+Hunter,Hunter+Shaman,8,team2,kill,19.60
Warrior+Hunter_vs_Hunter+Shaman,Warrior+Hunter,Hunter+Shaman,9,team2,kill,19.15
Warrior+Shaman_vs_Warrior+Mage,Warrior+Shaman,Warrior+Mage,0,team2,kill,14.98
Warrior+Shaman_vs_Warrior+Mage,Warrior+Shaman,Warrior+Mage,1,team2,kill,12.85
Warrior+Shaman_vs_Warrior+Mage,Warrior+Shaman,Warrior+Mage,2,team2,kill,15.72
Warrior+Shaman_vs_Warrior+Mage,Warrior+Shaman,Warrior+Mage,3,team2,kill,14.98
Warrior+Shaman_vs_Warrior+Mage,Warrior+Shaman,Warrior+Mage,4,team2,kill,14.98
Warrior+Shaman_vs_Warrior+Mage,Warrior+Shaman,Warrior+Mage,5,team2,kill,16.05
Warrior+Shaman_vs_Warrior+Mage,Warrior+Shaman,Warrior+Mage,6,team2,kill,16.05
Warrior+Shaman_vs_Warrior+Mage,Warrior+Shaman,Warrior+Mage,7,team2,kill,18.42
Warrior+Shaman_vs_Warrior+Mage,Warrior+Shaman,Warrior+Mage,8,team2,kill,18.45
Warrior+Shaman_vs_Warrior+Mage,Warrior+Shaman,Warrior+Mage,9,team2,kill,18.50
Warrior+Shaman_vs_Warrior+Rogue,Warrior+Shaman,Warrior+Rogue,0,team1,kill,16.43
Warrior+Shaman_vs_Warrior+Rogue,Warrior+Shaman,Warrior+Rogue,1,team1,kill,20.25
Warrior+Shaman_vs_Warrior+Rogue,Warrior+Shaman,Warrior+Rogue,2,team1,kill,16.43
Warrior+Shaman_vs_Warrior+Rogue,Warrior+Shaman,Warrior+Rogue,3,draw,kill,21.78
Warrior+Shaman_vs_Warrior+Rogue,Warrior+Shaman,Warrior+Rogue,4,team1,kill,20.25
Warrior+Shaman_vs_Warrior+Rogue,Warrior+Shaman,Warrior+Rogue,5,team2,kill,20.70
Warrior+Shaman_vs_Warrior+Rogue,Warrior+Shaman,Warrior+Rogue,6,team1,kill,16.43
Warrior+Shaman_vs_Warrior+Rogue,Warrior+Shaman,Warrior+Rogue,7,team1,kill,16.43
Warrior+Shaman_vs_Warrior+Rogue,Warrior+Shaman,Warrior+Rogue,8,team1,kill,20.25
Warrior+Shaman_vs_Warrior+Rogue,Warrior+Shaman,Warrior+Rogue,9,draw,kill,21.78
Warrior+Shaman_vs_Warrior+Priest,Warrior+Shaman,Warrior+Priest,0,team1,kill,33.73
Warrior+Shaman_vs_Warrior+Priest,Warrior+Shaman,Warrior+Priest,1,team2,kill,32.62
Warrior+Shaman_vs_Warrior+Priest,Warrior+Shaman,Warrior+Priest,2,team2,kill,61.95
Warrior+Shaman_vs_Warrior+Priest,Warrior+Shaman,Warrior+Priest,3,team2,kill,77.82
Warrior+Shaman_vs_Warrior+Priest,Warrior+Shaman,Warrior+Priest,4,team2,kill,48.25
Warrior+Shaman_vs_Warrior+Priest,Warrior+Shaman,Warrior+Priest,5,team1,kill,26.22
Warrior+Shaman_vs_Warrior+Priest,Warrior+Shaman,Warrior+Priest,6,team2,kill,32.28
Warrior+Shaman_vs_Warrior+Priest,Warrior+Shaman,Warrior+Priest,7,team1,kill,26.22
Warrior+Shaman_vs_Warrior+Priest,Warrior+Shaman,Warrior+Priest,8,team2,kill,40.73
Warrior+Shaman_vs_Warrior+Priest,Warrior+Shaman,Warrior+Priest,9,team2,kill,36.08
Warrior+Shaman_vs_Warrior+Warlock,Warrior+Shaman,Warrior+Warlock,0,team1,kill,27.10
Warrior+Shaman_vs_Warrior+Warlock,Warrior+Shaman,Warrior+Warlock,1,team1,kill,23.98
Warrior+Shaman_vs_Warrior+Warlock,Warrior+Shaman,Warrior+Warlock,2,team1,kill,27.42
Warrior+Shaman_vs_Warrior+Warlock,Warrior+Shaman,Warrior+Warlock,3,team1,kill,27.10
Warrior+Shaman_vs_Warrior+Warlock,Warrior+Shaman,Warrior+Warlock,4,team1,kill,24.77
Warrior+Shaman_vs_Warrior+Warlock,Warrior+Shaman,Warrior+Warlock,5,team1,kill,27.65
Warrior+Shaman_vs_Warrior+Warlock,Warrior+Shaman,Warrior+Warlock,6,team1,kill,26.28
Warrior+Shaman_vs_Warrior+Warlock,Warrior+Shaman,Warrior+Warlock,7,team2,kill,26.65
Warrior+Shaman_vs_Warrior+Warlock,Warrior+Shaman,Warrior+Warlock,8,team1,kill,27.10
Warrior+Shaman_vs_Warrior+Warlock,Warrior+Shaman,Warrior+Warlock,9,team1,kill,27.10
Warrior+Shaman_vs_Warrior+Paladin,Warrior+Shaman,Warrior+Paladin,0,team2,kill,54.68
Warrior+Shaman_vs_Warrior+Paladin,Warrior+Shaman,Warrior+Paladin,1,team2,kill,45.23
Warrior+Shaman_vs_Warrior+Paladin,Warrior+Shaman,Warrior+Paladin,2,team2,kill,74.90
Warrior+Shaman_vs_Warrior+Paladin,Warrior+Shaman,Warrior+Paladin,3,team2,kill,61.20
Warrior+Shaman_vs_Warrior+Paladin,Warrior+Shaman,Warrior+Paladin,4,team2,kill,42.73
Warrior+Shaman_vs_Warrior+Paladin,Warrior+Shaman,Warrior+Paladin,5,team2,kill,44.27
Warrior+Shaman_vs_Warrior+Paladin,Warrior+Shaman,Warrior+Paladin,6,team2,kill,42.53
Warrior+Shaman_vs_Warrior+Paladin,Warrior+Shaman,Warrior+Paladin,7,team2,kill,38.73
Warrior+Shaman_vs_Warrior+Paladin,Warrior+Shaman,Warrior+Paladin,8,team2,kill,35.52
Warrior+Shaman_vs_Warrior+Paladin,Warrior+Shaman,Warrior+Paladin,9,team2,kill,199.73
Warrior+Shaman_vs_Warrior+Hunter,Warrior+Shaman,Warrior+Hunter,0,team1,kill,34.85
Warrior+Shaman_vs_Warrior+Hunter,Warrior+Shaman,Warrior+Hunter,1,team1,kill,35.28
Warrior+Shaman_vs_Warrior+Hunter,Warrior+Shaman,Warrior+Hunter,2,team1,kill,37.57
Warrior+Shaman_vs_Warrior+Hunter,Warrior+Shaman,Warrior+Hunter,3,team1,kill,28.73
Warrior+Shaman_vs_Warrior+Hunter,Warrior+Shaman,Warrior+Hunter,4,team1,kill,35.80
Warrior+Shaman_vs_Warrior+Hunter,Warrior+Shaman,Warrior+Hunter,5,team2,kill,65.85
Warrior+Shaman_vs_Warrior+Hunter,Warrior+Shaman,Warrior+Hunter,6,team1,kill,35.30
Warrior+Shaman_vs_Warrior+Hunter,Warrior+Shaman,Warrior+Hunter,7,team1,kill,38.02
Warrior+Shaman_vs_Warrior+Hunter,Warrior+Shaman,Warrior+Hunter,8,team2,kill,58.60
Warrior+Shaman_vs_Warrior+Hunter,Warrior+Shaman,Warrior+Hunter,9,team1,kill,36.05
Warrior+Shaman_vs_Warrior+Shaman,Warrior+Shaman,Warrior+Shaman,0,team2,kill,22.33
Warrior+Shaman_vs_Warrior+Shaman,Warrior+Shaman,Warrior+Shaman,1,team1,kill,35.00
Warrior+Shaman_vs_Warrior+Shaman,Warrior+Shaman,Warrior+Shaman,2,draw,cap,300.00
Warrior+Shaman_vs_Warrior+Shaman,Warrior+Shaman,Warrior+Shaman,3,team2,kill,20.15
Warrior+Shaman_vs_Warrior+Shaman,Warrior+Shaman,Warrior+Shaman,4,draw,cap,300.00
Warrior+Shaman_vs_Warrior+Shaman,Warrior+Shaman,Warrior+Shaman,5,draw,cap,300.00
Warrior+Shaman_vs_Warrior+Shaman,Warrior+Shaman,Warrior+Shaman,6,team2,kill,33.40
Warrior+Shaman_vs_Warrior+Shaman,Warrior+Shaman,Warrior+Shaman,7,team2,kill,22.20
Warrior+Shaman_vs_Warrior+Shaman,Warrior+Shaman,Warrior+Shaman,8,team2,kill,30.95
Warrior+Shaman_vs_Warrior+Shaman,Warrior+Shaman,Warrior+Shaman,9,draw,cap,300.00
Warrior+Shaman_vs_Mage+Rogue,Warrior+Shaman,Mage+Rogue,0,team2,kill,23.62
Warrior+Shaman_vs_Mage+Rogue,Warrior+Shaman,Mage+Rogue,1,team2,kill,19.72
Warrior+Shaman_vs_Mage+Rogue,Warrior+Shaman,Mage+Rogue,2,team2,kill,19.72
Warrior+Shaman_vs_Mage+Rogue,Warrior+Shaman,Mage+Rogue,3,team2,kill,19.67
Warrior+Shaman_vs_Mage+Rogue,Warrior+Shaman,Mage+Rogue,4,team2,kill,18.05
Warrior+Shaman_vs_Mage+Rogue,Warrior+Shaman,Mage+Rogue,5,team2,kill,19.08
Warrior+Shaman_vs_Mage+Rogue,Warrior+Shaman,Mage+Rogue,6,team2,kill,19.67
Warrior+Shaman_vs_Mage+Rogue,Warrior+Shaman,Mage+Rogue,7,team2,kill,18.05
Warrior+Shaman_vs_Mage+Rogue,Warrior+Shaman,Mage+Rogue,8,team2,kill,19.67
Warrior+Shaman_vs_Mage+Rogue,Warrior+Shaman,Mage+Rogue,9,team2,kill,19.67
Warrior+Shaman_vs_Mage+Priest,Warrior+Shaman,Mage+Priest,0,team2,kill,30.07
Warrior+Shaman_vs_Mage+Priest,Warrior+Shaman,Mage+Priest,1,team2,kill,29.22
Warrior+Shaman_vs_Mage+Priest,Warrior+Shaman,Mage+Priest,2,team2,kill,29.15
Warrior+Shaman_vs_Mage+Priest,Warrior+Shaman,Mage+Priest,3,team2,kill,31.40
Warrior+Shaman_vs_Mage+Priest,Warrior+Shaman,Mage+Priest,4,team2,kill,31.98
Warrior+Shaman_vs_Mage+Priest,Warrior+Shaman,Mage+Priest,5,team2,kill,27.65
Warrior+Shaman_vs_Mage+Priest,Warrior+Shaman,Mage+Priest,6,team2,kill,31.23
Warrior+Shaman_vs_Mage+Priest,Warrior+Shaman,Mage+Priest,7,team2,kill,37.95
Warrior+Shaman_vs_Mage+Priest,Warrior+Shaman,Mage+Priest,8,team1,kill,37.67
Warrior+Shaman_vs_Mage+Priest,Warrior+Shaman,Mage+Priest,9,team2,kill,29.70
Warrior+Shaman_vs_Mage+Warlock,Warrior+Shaman,Mage+Warlock,0,team1,kill,20.42
Warrior+Shaman_vs_Mage+Warlock,Warrior+Shaman,Mage+Warlock,1,team1,kill,21.20
Warrior+Shaman_vs_Mage+Warlock,Warrior+Shaman,Mage+Warlock,2,team1,kill,19.80
Warrior+Shaman_vs_Mage+Warlock,Warrior+Shaman,Mage+Warlock,3,team1,kill,28.50
Warrior+Shaman_vs_Mage+Warlock,Warrior+Shaman,Mage+Warlock,4,team1,kill,28.83
Warrior+Shaman_vs_Mage+Warlock,Warrior+Shaman,Mage+Warlock,5,team1,kill,19.80
Warrior+Shaman_vs_Mage+Warlock,Warrior+Shaman,Mage+Warlock,6,team2,kill,29.08
Warrior+Shaman_vs_Mage+Warlock,Warrior+Shaman,Mage+Warlock,7,team1,kill,21.20
Warrior+Shaman_vs_Mage+Warlock,Warrior+Shaman,Mage+Warlock,8,team1,kill,28.83
Warrior+Shaman_vs_Mage+Warlock,Warrior+Shaman,Mage+Warlock,9,team1,kill,20.85
Warrior+Shaman_vs_Mage+Paladin,Warrior+Shaman,Mage+Paladin,0,team2,kill,31.20
Warrior+Shaman_vs_Mage+Paladin,Warrior+Shaman,Mage+Paladin,1,team2,kill,36.73
Warrior+Shaman_vs_Mage+Paladin,Warrior+Shaman,Mage+Paladin,2,team2,kill,40.83
Warrior+Shaman_vs_Mage+Paladin,Warrior+Shaman,Mage+Paladin,3,team2,kill,36.13
Warrior+Shaman_vs_Mage+Paladin,Warrior+Shaman,Mage+Paladin,4,team1,kill,37.13
Warrior+Shaman_vs_Mage+Paladin,Warrior+Shaman,Mage+Paladin,5,team2,kill,40.50
Warrior+Shaman_vs_Mage+Paladin,Warrior+Shaman,Mage+Paladin,6,team2,kill,36.75
Warrior+Shaman_vs_Mage+Paladin,Warrior+Shaman,Mage+Paladin,7,team2,kill,39.63
Warrior+Shaman_vs_Mage+Paladin,Warrior+Shaman,Mage+Paladin,8,team2,kill,37.80
Warrior+Shaman_vs_Mage+Paladin,Warrior+Shaman,Mage+Paladin,9,team2,kill,37.57
Warrior+Shaman_vs_Mage+Hunter,Warrior+Shaman,Mage+Hunter,0,team2,kill,28.13
Warrior+Shaman_vs_Mage+Hunter,Warrior+Shaman,Mage+Hunter,1,team2,kill,27.75
Warrior+Shaman_vs_Mage+Hunter,Warrior+Shaman,Mage+Hunter,2,team2,kill,25.45
Warrior+Shaman_vs_Mage+Hunter,Warrior+Shaman,Mage+Hunter,3,team2,kill,28.98
Warrior+Shaman_vs_Mage+Hunter,Warrior+Shaman,Mage+Hunter,4,team2,kill,35.50
Warrior+Shaman_vs_Mage+Hunter,Warrior+Shaman,Mage+Hunter,5,team2,kill,20.95
Warrior+Shaman_vs_Mage+Hunter,Warrior+Shaman,Mage+Hunter,6,team2,kill,24.43
Warrior+Shaman_vs_Mage+Hunter,Warrior+Shaman,Mage+Hunter,7,team2,kill,20.80
Warrior+Shaman_vs_Mage+Hunter,Warrior+Shaman,Mage+Hunter,8,team2,kill,20.80
Warrior+Shaman_vs_Mage+Hunter,Warrior+Shaman,Mage+Hunter,9,team2,kill,57.28
Warrior+Shaman_vs_Mage+Shaman,Warrior+Shaman,Mage+Shaman,0,team2,kill,16.17
Warrior+Shaman_vs_Mage+Shaman,Warrior+Shaman,Mage+Shaman,1,team2,kill,16.22
Warrior+Shaman_vs_Mage+Shaman,Warrior+Shaman,Mage+Shaman,2,team2,kill,16.22
Warrior+Shaman_vs_Mage+Shaman,Warrior+Shaman,Mage+Shaman,3,team2,kill,15.28
Warrior+Shaman_vs_Mage+Shaman,Warrior+Shaman,Mage+Shaman,4,team2,kill,16.22
Warrior+Shaman_vs_Mage+Shaman,Warrior+Shaman,Mage+Shaman,5,team2,kill,16.22
Warrior+Shaman_vs_Mage+Shaman,Warrior+Shaman,Mage+Shaman,6,team2,kill,15.28
Warrior+Shaman_vs_Mage+Shaman,Warrior+Shaman,Mage+Shaman,7,team2,kill,16.22
Warrior+Shaman_vs_Mage+Shaman,Warrior+Shaman,Mage+Shaman,8,team2,kill,16.22
Warrior+Shaman_vs_Mage+Shaman,Warrior+Shaman,Mage+Shaman,9,team2,kill,16.22
Warrior+Shaman_vs_Rogue+Priest,Warrior+Shaman,Rogue+Priest,0,team1,kill,16.77
Warrior+Shaman_vs_Rogue+Priest,Warrior+Shaman,Rogue+Priest,1,team1,kill,17.77
Warrior+Shaman_vs_Rogue+Priest,Warrior+Shaman,Rogue+Priest,2,team1,kill,19.28
Warrior+Shaman_vs_Rogue+Priest,Warrior+Shaman,Rogue+Priest,3,team1,kill,17.62
Warrior+Shaman_vs_Rogue+Priest,Warrior+Shaman,Rogue+Priest,4,team1,kill,19.83
Warrior+Shaman_vs_Rogue+Priest,Warrior+Shaman,Rogue+Priest,5,team1,kill,19.58
Warrior+Shaman_vs_Rogue+Priest,Warrior+Shaman,Rogue+Priest,6,team1,kill,16.85
Warrior+Shaman_vs_Rogue+Priest,Warrior+Shaman,Rogue+Priest,7,team1,kill,19.83
Warrior+Shaman_vs_Rogue+Priest,Warrior+Shaman,Rogue+Priest,8,team1,kill,18.07
Warrior+Shaman_vs_Rogue+Priest,Warrior+Shaman,Rogue+Priest,9,team1,kill,17.62
Warrior+Shaman_vs_Rogue+Warlock,Warrior+Shaman,Rogue+Warlock,0,team2,kill,23.10
Warrior+Shaman_vs_Rogue+Warlock,Warrior+Shaman,Rogue+Warlock,1,team1,kill,24.72
Warrior+Shaman_vs_Rogue+Warlock,Warrior+Shaman,Rogue+Warlock,2,team1,kill,24.18
Warrior+Shaman_vs_Rogue+Warlock,Warrior+Shaman,Rogue+Warlock,3,team1,kill,28.23
Warrior+Shaman_vs_Rogue+Warlock,Warrior+Shaman,Rogue+Warlock,4,team1,kill,28.57
Warrior+Shaman_vs_Rogue+Warlock,Warrior+Shaman,Rogue+Warlock,5,team1,kill,26.70
Warrior+Shaman_vs_Rogue+Warlock,Warrior+Shaman,Rogue+Warlock,6,team2,kill,40.43
Warrior+Shaman_vs_Rogue+Warlock,Warrior+Shaman,Rogue+Warlock,7,team1,kill,26.27
Warrior+Shaman_vs_Rogue+Warlock,Warrior+Shaman,Rogue+Warlock,8,team1,kill,29.67
Warrior+Shaman_vs_Rogue+Warlock,Warrior+Shaman,Rogue+Warlock,9,team2,kill,35.40
Warrior+Shaman_vs_Rogue+Paladin,Warrior+Shaman,Rogue+Paladin,0,team1,kill,52.77
Warrior+Shaman_vs_Rogue+Paladin,Warrior+Shaman,Rogue+Paladin,1,team2,kill,104.49
Warrior+Shaman_vs_Rogue+Paladin,Warrior+Shaman,Rogue+Paladin,2,team1,kill,70.07
Warrior+Shaman_vs_Rogue+Paladin,Warrior+Shaman,Rogue+Paladin,3,team1,kill,53.68
Warrior+Shaman_vs_Rogue+Paladin,Warrior+Shaman,Rogue+Paladin,4,team2,kill,43.40
Warrior+Shaman_vs_Rogue+Paladin,Warrior+Shaman,Rogue+Paladin,5,team1,kill,52.38
Warrior+Shaman_vs_Rogue+Paladin,Warrior+Shaman,Rogue+Paladin,6,team1,kill,59.13
Warrior+Shaman_vs_Rogue+Paladin,Warrior+Shaman,Rogue+Paladin,7,team1,kill,46.33
Warrior+Shaman_vs_Rogue+Paladin,Warrior+Shaman,Rogue+Paladin,8,team1,kill,53.12
Warrior+Shaman_vs_Rogue+Paladin,Warrior+Shaman,Rogue+Paladin,9,team1,kill,56.20
Warrior+Shaman_vs_Rogue+Hunter,Warrior+Shaman,Rogue+Hunter,0,team2,kill,41.42
Warrior+Shaman_vs_Rogue+Hunter,Warrior+Shaman,Rogue+Hunter,1,team1,kill,38.25
Warrior+Shaman_vs_Rogue+Hunter,Warrior+Shaman,Rogue+Hunter,2,team2,kill,49.05
Warrior+Shaman_vs_Rogue+Hunter,Warrior+Shaman,Rogue+Hunter,3,team1,kill,27.85
Warrior+Shaman_vs_Rogue+Hunter,Warrior+Shaman,Rogue+Hunter,4,team1,kill,30.88
Warrior+Shaman_vs_Rogue+Hunter,Warrior+Shaman,Rogue+Hunter,5,team2,kill,46.02
Warrior+Shaman_vs_Rogue+Hunter,Warrior+Shaman,Rogue+Hunter,6,team2,kill,34.27
Warrior+Shaman_vs_Rogue+Hunter,Warrior+Shaman,Rogue+Hunter,7,team1,kill,29.38
Warrior+Shaman_vs_Rogue+Hunter,Warrior+Shaman,Rogue+Hunter,8,team1,kill,36.75
Warrior+Shaman_vs_Rogue+Hunter,Warrior+Shaman,Rogue+Hunter,9,team2,kill,34.28
Warrior+Shaman_vs_Rogue+Shaman,Warrior+Shaman,Rogue+Shaman,0,team2,kill,25.15
Warrior+Shaman_vs_Rogue+Shaman,Warrior+Shaman,Rogue+Shaman,1,team2,kill,25.15
Warrior+Shaman_vs_Rogue+Shaman,Warrior+Shaman,Rogue+Shaman,2,team2,kill,25.15
Warrior+Shaman_vs_Rogue+Shaman,Warrior+Shaman,Rogue+Shaman,3,team2,kill,28.18
Warrior+Shaman_vs_Rogue+Shaman,Warrior+Shaman,Rogue+Shaman,4,team2,kill,22.45
Warrior+Shaman_vs_Rogue+Shaman,Warrior+Shaman,Rogue+Shaman,5,team2,kill,28.18
Warrior+Shaman_vs_Rogue+Shaman,Warrior+Shaman,Rogue+Shaman,6,team2,kill,19.58
Warrior+Shaman_vs_Rogue+Shaman,Warrior+Shaman,Rogue+Shaman,7,team2,kill,25.15
Warrior+Shaman_vs_Rogue+Shaman,Warrior+Shaman,Rogue+Shaman,8,team2,kill,28.18
Warrior+Shaman_vs_Rogue+Shaman,Warrior+Shaman,Rogue+Shaman,9,team2,kill,19.58
Warrior+Shaman_vs_Priest+Warlock,Warrior+Shaman,Priest+Warlock,0,team1,kill,45.42
Warrior+Shaman_vs_Priest+Warlock,Warrior+Shaman,Priest+Warlock,1,team1,kill,35.15
Warrior+Shaman_vs_Priest+Warlock,Warrior+Shaman,Priest+Warlock,2,team1,kill,40.58
Warrior+Shaman_vs_Priest+Warlock,Warrior+Shaman,Priest+Warlock,3,team1,kill,48.57
Warrior+Shaman_vs_Priest+Warlock,Warrior+Shaman,Priest+Warlock,4,team1,kill,33.80
Warrior+Shaman_vs_Priest+Warlock,Warrior+Shaman,Priest+Warlock,5,team2,kill,31.55
Warrior+Shaman_vs_Priest+Warlock,Warrior+Shaman,Priest+Warlock,6,team1,kill,40.83
Warrior+Shaman_vs_Priest+Warlock,Warrior+Shaman,Priest+Warlock,7,team1,kill,44.75
Warrior+Shaman_vs_Priest+Warlock,Warrior+Shaman,Priest+Warlock,8,team1,kill,37.45
Warrior+Shaman_vs_Priest+Warlock,Warrior+Shaman,Priest+Warlock,9,team1,kill,53.27
Warrior+Shaman_vs_Priest+Hunter,Warrior+Shaman,Priest+Hunter,0,team2,kill,37.48
Warrior+Shaman_vs_Priest+Hunter,Warrior+Shaman,Priest+Hunter,1,team1,kill,48.13
Warrior+Shaman_vs_Priest+Hunter,Warrior+Shaman,Priest+Hunter,2,team1,kill,44.98
Warrior+Shaman_vs_Priest+Hunter,Warrior+Shaman,Priest+Hunter,3,team1,kill,47.55
Warrior+Shaman_vs_Priest+Hunter,Warrior+Shaman,Priest+Hunter,4,team1,kill,45.27
Warrior+Shaman_vs_Priest+Hunter,Warrior+Shaman,Priest+Hunter,5,team1,kill,70.82
Warrior+Shaman_vs_Priest+Hunter,Warrior+Shaman,Priest+Hunter,6,team2,kill,37.95
Warrior+Shaman_vs_Priest+Hunter,Warrior+Shaman,Priest+Hunter,7,team1,kill,47.55
Warrior+Shaman_vs_Priest+Hunter,Warrior+Shaman,Priest+Hunter,8,team1,kill,46.67
Warrior+Shaman_vs_Priest+Hunter,Warrior+Shaman,Priest+Hunter,9,team1,kill,58.63
Warrior+Shaman_vs_Warlock+Paladin,Warrior+Shaman,Warlock+Paladin,0,team1,kill,50.47
Warrior+Shaman_vs_Warlock+Paladin,Warrior+Shaman,Warlock+Paladin,1,team1,kill,46.18
Warrior+Shaman_vs_Warlock+Paladin,Warrior+Shaman,Warlock+Paladin,2,team1,kill,55.22
Warrior+Shaman_vs_Warlock+Paladin,Warrior+Shaman,Warlock+Paladin,3,team2,kill,68.93
Warrior+Shaman_vs_Warlock+Paladin,Warrior+Shaman,Warlock+Paladin,4,team1,kill,56.18
Warrior+Shaman_vs_Warlock+Paladin,Warrior+Shaman,Warlock+Paladin,5,team1,kill,50.25
Warrior+Shaman_vs_Warlock+Paladin,Warrior+Shaman,Warlock+Paladin,6,team1,kill,55.73
Warrior+Shaman_vs_Warlock+Paladin,Warrior+Shaman,Warlock+Paladin,7,team1,kill,35.92
Warrior+Shaman_vs_Warlock+Paladin,Warrior+Shaman,Warlock+Paladin,8,team1,kill,53.70
Warrior+Shaman_vs_Warlock+Paladin,Warrior+Shaman,Warlock+Paladin,9,team1,kill,49.23
Warrior+Shaman_vs_Warlock+Hunter,Warrior+Shaman,Warlock+Hunter,0,team1,kill,52.12
Warrior+Shaman_vs_Warlock+Hunter,Warrior+Shaman,Warlock+Hunter,1,team1,kill,39.73
Warrior+Shaman_vs_Warlock+Hunter,Warrior+Shaman,Warlock+Hunter,2,team1,kill,28.67
Warrior+Shaman_vs_Warlock+Hunter,Warrior+Shaman,Warlock+Hunter,3,team1,kill,32.48
Warrior+Shaman_vs_Warlock+Hunter,Warrior+Shaman,Warlock+Hunter,4,team1,kill,40.15
Warrior+Shaman_vs_Warlock+Hunter,Warrior+Shaman,Warlock+Hunter,5,team1,kill,57.38
Warrior+Shaman_vs_Warlock+Hunter,Warrior+Shaman,Warlock+Hunter,6,team1,kill,29.42
Warrior+Shaman_vs_Warlock+Hunter,Warrior+Shaman,Warlock+Hunter,7,team1,kill,37.37
Warrior+Shaman_vs_Warlock+Hunter,Warrior+Shaman,Warlock+Hunter,8,team1,kill,40.25
Warrior+Shaman_vs_Warlock+Hunter,Warrior+Shaman,Warlock+Hunter,9,team1,kill,62.95
Warrior+Shaman_vs_Warlock+Shaman,Warrior+Shaman,Warlock+Shaman,0,team2,kill,91.72
Warrior+Shaman_vs_Warlock+Shaman,Warrior+Shaman,Warlock+Shaman,1,team1,kill,36.12
Warrior+Shaman_vs_Warlock+Shaman,Warrior+Shaman,Warlock+Shaman,2,team1,kill,28.22
Warrior+Shaman_vs_Warlock+Shaman,Warrior+Shaman,Warlock+Shaman,3,team2,kill,53.73
Warrior+Shaman_vs_Warlock+Shaman,Warrior+Shaman,Warlock+Shaman,4,team2,kill,29.12
Warrior+Shaman_vs_Warlock+Shaman,Warrior+Shaman,Warlock+Shaman,5,draw,cap,300.00
Warrior+Shaman_vs_Warlock+Shaman,Warrior+Shaman,Warlock+Shaman,6,team1,kill,38.50
Warrior+Shaman_vs_Warlock+Shaman,Warrior+Shaman,Warlock+Shaman,7,team1,kill,29.38
Warrior+Shaman_vs_Warlock+Shaman,Warrior+Shaman,Warlock+Shaman,8,team1,kill,38.42
Warrior+Shaman_vs_Warlock+Shaman,Warrior+Shaman,Warlock+Shaman,9,team1,kill,29.52
Warrior+Shaman_vs_Paladin+Hunter,Warrior+Shaman,Paladin+Hunter,0,team1,kill,62.80
Warrior+Shaman_vs_Paladin+Hunter,Warrior+Shaman,Paladin+Hunter,1,team1,kill,63.90
Warrior+Shaman_vs_Paladin+Hunter,Warrior+Shaman,Paladin+Hunter,2,team1,kill,59.93
Warrior+Shaman_vs_Paladin+Hunter,Warrior+Shaman,Paladin+Hunter,3,team1,kill,65.12
Warrior+Shaman_vs_Paladin+Hunter,Warrior+Shaman,Paladin+Hunter,4,team1,kill,67.53
Warrior+Shaman_vs_Paladin+Hunter,Warrior+Shaman,Paladin+Hunter,5,team1,kill,61.63
Warrior+Shaman_vs_Paladin+Hunter,Warrior+Shaman,Paladin+Hunter,6,team1,kill,58.57
Warrior+Shaman_vs_Paladin+Hunter,Warrior+Shaman,Paladin+Hunter,7,team1,kill,59.30
Warrior+Shaman_vs_Paladin+Hunter,Warrior+Shaman,Paladin+Hunter,8,team1,kill,61.03
Warrior+Shaman_vs_Paladin+Hunter,Warrior+Shaman,Paladin+Hunter,9,team1,kill,75.67
Warrior+Shaman_vs_Hunter+Shaman,Warrior+Shaman,Hunter+Shaman,0,team2,kill,58.87
Warrior+Shaman_vs_Hunter+Shaman,Warrior+Shaman,Hunter+Shaman,1,team2,kill,20.60
Warrior+Shaman_vs_Hunter+Shaman,Warrior+Shaman,Hunter+Shaman,2,team2,kill,57.60
Warrior+Shaman_vs_Hunter+Shaman,Warrior+Shaman,Hunter+Shaman,3,team2,kill,55.18
Warrior+Shaman_vs_Hunter+Shaman,Warrior+Shaman,Hunter+Shaman,4,team2,kill,50.33
Warrior+Shaman_vs_Hunter+Shaman,Warrior+Shaman,Hunter+Shaman,5,team2,kill,49.55
Warrior+Shaman_vs_Hunter+Shaman,Warrior+Shaman,Hunter+Shaman,6,team2,kill,48.23
Warrior+Shaman_vs_Hunter+Shaman,Warrior+Shaman,Hunter+Shaman,7,team2,kill,66.87
Warrior+Shaman_vs_Hunter+Shaman,Warrior+Shaman,Hunter+Shaman,8,team2,kill,51.15
Warrior+Shaman_vs_Hunter+Shaman,Warrior+Shaman,Hunter+Shaman,9,team2,kill,55.78
Mage+Rogue_vs_Warrior+Mage,Mage+Rogue,Warrior+Mage,0,team2,kill,23.42
Mage+Rogue_vs_Warrior+Mage,Mage+Rogue,Warrior+Mage,1,team2,kill,19.70
Mage+Rogue_vs_Warrior+Mage,Mage+Rogue,Warrior+Mage,2,team2,kill,23.42
Mage+Rogue_vs_Warrior+Mage,Mage+Rogue,Warrior+Mage,3,team2,kill,23.42
Mage+Rogue_vs_Warrior+Mage,Mage+Rogue,Warrior+Mage,4,team1,kill,31.23
Mage+Rogue_vs_Warrior+Mage,Mage+Rogue,Warrior+Mage,5,team2,kill,23.42
Mage+Rogue_vs_Warrior+Mage,Mage+Rogue,Warrior+Mage,6,team2,kill,19.75
Mage+Rogue_vs_Warrior+Mage,Mage+Rogue,Warrior+Mage,7,team2,kill,21.95
Mage+Rogue_vs_Warrior+Mage,Mage+Rogue,Warrior+Mage,8,team2,kill,19.47
Mage+Rogue_vs_Warrior+Mage,Mage+Rogue,Warrior+Mage,9,team2,kill,23.42
Mage+Rogue_vs_Warrior+Rogue,Mage+Rogue,Warrior+Rogue,0,team1,kill,16.40
Mage+Rogue_vs_Warrior+Rogue,Mage+Rogue,Warrior+Rogue,1,team1,kill,22.20
Mage+Rogue_vs_Warrior+Rogue,Mage+Rogue,Warrior+Rogue,2,team1,kill,21.27
Mage+Rogue_vs_Warrior+Rogue,Mage+Rogue,Warrior+Rogue,3,team1,kill,20.98
Mage+Rogue_vs_Warrior+Rogue,Mage+Rogue,Warrior+Rogue,4,team1,kill,22.35
Mage+Rogue_vs_Warrior+Rogue,Mage+Rogue,Warrior+Rogue,5,team1,kill,20.98
Mage+Rogue_vs_Warrior+Rogue,Mage+Rogue,Warrior+Rogue,6,team1,kill,21.92
Mage+Rogue_vs_Warrior+Rogue,Mage+Rogue,Warrior+Rogue,7,team1,kill,20.98
Mage+Rogue_vs_Warrior+Rogue,Mage+Rogue,Warrior+Rogue,8,team1,kill,20.68
Mage+Rogue_vs_Warrior+Rogue,Mage+Rogue,Warrior+Rogue,9,team1,kill,20.40
Mage+Rogue_vs_Warrior+Priest,Mage+Rogue,Warrior+Priest,0,team1,kill,18.80
Mage+Rogue_vs_Warrior+Priest,Mage+Rogue,Warrior+Priest,1,team1,kill,18.80
Mage+Rogue_vs_Warrior+Priest,Mage+Rogue,Warrior+Priest,2,team1,kill,19.65
Mage+Rogue_vs_Warrior+Priest,Mage+Rogue,Warrior+Priest,3,team1,kill,19.65
Mage+Rogue_vs_Warrior+Priest,Mage+Rogue,Warrior+Priest,4,team1,kill,20.32
Mage+Rogue_vs_Warrior+Priest,Mage+Rogue,Warrior+Priest,5,team1,kill,17.07
Mage+Rogue_vs_Warrior+Priest,Mage+Rogue,Warrior+Priest,6,team1,kill,20.32
Mage+Rogue_vs_Warrior+Priest,Mage+Rogue,Warrior+Priest,7,team1,kill,20.32
Mage+Rogue_vs_Warrior+Priest,Mage+Rogue,Warrior+Priest,8,team1,kill,19.65
Mage+Rogue_vs_Warrior+Priest,Mage+Rogue,Warrior+Priest,9,team1,kill,19.65
Mage+Rogue_vs_Warrior+Warlock,Mage+Rogue,Warrior+Warlock,0,team1,kill,22.40
Mage+Rogue_vs_Warrior+Warlock,Mage+Rogue,Warrior+Warlock,1,team1,kill,20.65
Mage+Rogue_vs_Warrior+Warlock,Mage+Rogue,Warrior+Warlock,2,team1,kill,21.02
Mage+Rogue_vs_Warrior+Warlock,Mage+Rogue,Warrior+Warlock,3,team1,kill,19.52
Mage+Rogue_vs_Warrior+Warlock,Mage+Rogue,Warrior+Warlock,4,team1,kill,19.58
Mage+Rogue_vs_Warrior+Warlock,Mage+Rogue,Warrior+Warlock,5,team1,kill,21.02
Mage+Rogue_vs_Warrior+Warlock,Mage+Rogue,Warrior+Warlock,6,team1,kill,19.52
Mage+Rogue_vs_Warrior+Warlock,Mage+Rogue,Warrior+Warlock,7,team1,kill,15.67
Mage+Rogue_vs_Warrior+Warlock,Mage+Rogue,Warrior+Warlock,8,team1,kill,18.05
Mage+Rogue_vs_Warrior+Warlock,Mage+Rogue,Warrior+Warlock,9,team1,kill,20.13
Mage+Rogue_vs_Warrior+Paladin,Mage+Rogue,Warrior+Paladin,0,team1,kill,34.13
Mage+Rogue_vs_Warrior+Paladin,Mage+Rogue,Warrior+Paladin,1,team1,kill,33.38
Mage+Rogue_vs_Warrior+Paladin,Mage+Rogue,Warrior+Paladin,2,team2,kill,30.42
Mage+Rogue_vs_Warrior+Paladin,Mage+Rogue,Warrior+Paladin,3,team1,kill,32.68
Mage+Rogue_vs_Warrior+Paladin,Mage+Rogue,Warrior+Paladin,4,team1,kill,34.88
Mage+Rogue_vs_Warrior+Paladin,Mage+Rogue,Warrior+Paladin,5,team2,kill,37.42
Mage+Rogue_vs_Warrior+Paladin,Mage+Rogue,Warrior+Paladin,6,team2,kill,37.67
Mage+Rogue_vs_Warrior+Paladin,Mage+Rogue,Warrior+Paladin,7,team1,kill,34.88
Mage+Rogue_vs_Warrior+Paladin,Mage+Rogue,Warrior+Paladin,8,team1,kill,49.13
Mage+Rogue_vs_Warrior+Paladin,Mage+Rogue,Warrior+Paladin,9,team2,kill,33.87
Mage+Rogue_vs_Warrior+Hunter,Mage+Rogue,Warrior+Hunter,0,team2,kill,27.95
Mage+Rogue_vs_Warrior+Hunter,Mage+Rogue,Warrior+Hunter,1,team1,kill,29.43
Mage+Rogue_vs_Warrior+Hunter,Mage+Rogue,Warrior+Hunter,2,team2,kill,29.75
Mage+Rogue_vs_Warrior+Hunter,Mage+Rogue,Warrior+Hunter,3,team2,kill,30.12
Mage+Rogue_vs_Warrior+Hunter,Mage+Rogue,Warrior+Hunter,4,team2,kill,29.75
Mage+Rogue_vs_Warrior+Hunter,Mage+Rogue,Warrior+Hunter,5,team2,kill,28.00
Mage+Rogue_vs_Warrior+Hunter,Mage+Rogue,Warrior+Hunter,6,team2,kill,30.35
Mage+Rogue_vs_Warrior+Hunter,Mage+Rogue,Warrior+Hunter,7,team2,kill,27.98
Mage+Rogue_vs_Warrior+Hunter,Mage+Rogue,Warrior+Hunter,8,team2,kill,30.33
Mage+Rogue_vs_Warrior+Hunter,Mage+Rogue,Warrior+Hunter,9,team2,kill,28.00
Mage+Rogue_vs_Warrior+Shaman,Mage+Rogue,Warrior+Shaman,0,team1,kill,21.73
Mage+Rogue_vs_Warrior+Shaman,Mage+Rogue,Warrior+Shaman,1,team1,kill,19.72
Mage+Rogue_vs_Warrior+Shaman,Mage+Rogue,Warrior+Shaman,2,team1,kill,19.72
Mage+Rogue_vs_Warrior+Shaman,Mage+Rogue,Warrior+Shaman,3,team1,kill,19.67
Mage+Rogue_vs_Warrior+Shaman,Mage+Rogue,Warrior+Shaman,4,team1,kill,18.05
Mage+Rogue_vs_Warrior+Shaman,Mage+Rogue,Warrior+Shaman,5,team1,kill,19.08
Mage+Rogue_vs_Warrior+Shaman,Mage+Rogue,Warrior+Shaman,6,team1,kill,19.67
Mage+Rogue_vs_Warrior+Shaman,Mage+Rogue,Warrior+Shaman,7,team1,kill,18.05
Mage+Rogue_vs_Warrior+Shaman,Mage+Rogue,Warrior+Shaman,8,team1,kill,19.67
Mage+Rogue_vs_Warrior+Shaman,Mage+Rogue,Warrior+Shaman,9,team1,kill,19.67
Mage+Rogue_vs_Mage+Rogue,Mage+Rogue,Mage+Rogue,0,team1,kill,23.28
Mage+Rogue_vs_Mage+Rogue,Mage+Rogue,Mage+Rogue,1,team1,kill,22.08
Mage+Rogue_vs_Mage+Rogue,Mage+Rogue,Mage+Rogue,2,team2,kill,22.47
Mage+Rogue_vs_Mage+Rogue,Mage+Rogue,Mage+Rogue,3,team2,kill,22.30
Mage+Rogue_vs_Mage+Rogue,Mage+Rogue,Mage+Rogue,4,team1,kill,21.32
Mage+Rogue_vs_Mage+Rogue,Mage+Rogue,Mage+Rogue,5,team2,kill,22.20
Mage+Rogue_vs_Mage+Rogue,Mage+Rogue,Mage+Rogue,6,draw,kill,21.40
Mage+Rogue_vs_Mage+Rogue,Mage+Rogue,Mage+Rogue,7,team1,kill,21.93
Mage+Rogue_vs_Mage+Rogue,Mage+Rogue,Mage+Rogue,8,team1,kill,22.20
Mage+Rogue_vs_Mage+Rogue,Mage+Rogue,Mage+Rogue,9,team2,kill,23.25
Mage+Rogue_vs_Mage+Priest,Mage+Rogue,Mage+Priest,0,team2,kill,15.73
Mage+Rogue_vs_Mage+Priest,Mage+Rogue,Mage+Priest,1,team2,kill,15.73
Mage+Rogue_vs_Mage+Priest,Mage+Rogue,Mage+Priest,2,team2,kill,17.25
Mage+Rogue_vs_Mage+Priest,Mage+Rogue,Mage+Priest,3,team2,kill,17.25
Mage+Rogue_vs_Mage+Priest,Mage+Rogue,Mage+Priest,4,team2,kill,17.25
Mage+Rogue_vs_Mage+Priest,Mage+Rogue,Mage+Priest,5,team2,kill,15.73
Mage+Rogue_vs_Mage+Priest,Mage+Rogue,Mage+Priest,6,team2,kill,17.23
Mage+Rogue_vs_Mage+Priest,Mage+Rogue,Mage+Priest,7,team2,kill,15.73
Mage+Rogue_vs_Mage+Priest,Mage+Rogue,Mage+Priest,8,team2,kill,17.25
Mage+Rogue_vs_Mage+Priest,Mage+Rogue,Mage+Priest,9,team2,kill,17.25
Mage+Rogue_vs_Mage+Warlock,Mage+Rogue,Mage+Warlock,0,team2,kill,15.73
Mage+Rogue_vs_Mage+Warlock,Mage+Rogue,Mage+Warlock,1,team2,kill,17.40
Mage+Rogue_vs_Mage+Warlock,Mage+Rogue,Mage+Warlock,2,team2,kill,17.33
Mage+Rogue_vs_Mage+Warlock,Mage+Rogue,Mage+Warlock,3,team2,kill,18.55
Mage+Rogue_vs_Mage+Warlock,Mage+Rogue,Mage+Warlock,4,team2,kill,18.48
Mage+Rogue_vs_Mage+Warlock,Mage+Rogue,Mage+Warlock,5,team2,kill,17.43
Mage+Rogue_vs_Mage+Warlock,Mage+Rogue,Mage+Warlock,6,team2,kill,17.38
Mage+Rogue_vs_Mage+Warlock,Mage+Rogue,Mage+Warlock,7,team1,kill,24.90
Mage+Rogue_vs_Mage+Warlock,Mage+Rogue,Mage+Warlock,8,team2,kill,17.37
Mage+Rogue_vs_Mage+Warlock,Mage+Rogue,Mage+Warlock,9,team2,kill,18.57
Mage+Rogue_vs_Mage+Paladin,Mage+Rogue,Mage+Paladin,0,team2,kill,31.43
Mage+Rogue_vs_Mage+Paladin,Mage+Rogue,Mage+Paladin,1,team1,kill,25.75
Mage+Rogue_vs_Mage+Paladin,Mage+Rogue,Mage+Paladin,2,team2,kill,31.43
Mage+Rogue_vs_Mage+Paladin,Mage+Rogue,Mage+Paladin,3,team2,kill,31.43
Mage+Rogue_vs_Mage+Paladin,Mage+Rogue,Mage+Paladin,4,team2,kill,66.53
Mage+Rogue_vs_Mage+Paladin,Mage+Rogue,Mage+Paladin,5,team2,kill,30.27
Mage+Rogue_vs_Mage+Paladin,Mage+Rogue,Mage+Paladin,6,team1,kill,26.32
Mage+Rogue_vs_Mage+Paladin,Mage+Rogue,Mage+Paladin,7,team1,kill,25.75
Mage+Rogue_vs_Mage+Paladin,Mage+Rogue,Mage+Paladin,8,team2,kill,31.43
Mage+Rogue_vs_Mage+Paladin,Mage+Rogue,Mage+Paladin,9,team2,kill,31.33
Mage+Rogue_vs_Mage+Hunter,Mage+Rogue,Mage+Hunter,0,team2,kill,17.87
Mage+Rogue_vs_Mage+Hunter,Mage+Rogue,Mage+Hunter,1,team2,kill,17.87
Mage+Rogue_vs_Mage+Hunter,Mage+Rogue,Mage+Hunter,2,team2,kill,22.40
Mage+Rogue_vs_Mage+Hunter,Mage+Rogue,Mage+Hunter,3,team2,kill,17.87
Mage+Rogue_vs_Mage+Hunter,Mage+Rogue,Mage+Hunter,4,team2,kill,16.42
Mage+Rogue_vs_Mage+Hunter,Mage+Rogue,Mage+Hunter,5,team2,kill,22.38
Mage+Rogue_vs_Mage+Hunter,Mage+Rogue,Mage+Hunter,6,team2,kill,16.85
Mage+Rogue_vs_Mage+Hunter,Mage+Rogue,Mage+Hunter,7,team2,kill,16.85
Mage+Rogue_vs_Mage+Hunter,Mage+Rogue,Mage+Hunter,8,team2,kill,16.85
Mage+Rogue_vs_Mage+Hunter,Mage+Rogue,Mage+Hunter,9,team2,kill,22.40
Mage+Rogue_vs_Mage+Shaman,Mage+Rogue,Mage+Shaman,0,team2,kill,17.83
Mage+Rogue_vs_Mage+Shaman,Mage+Rogue,Mage+Shaman,1,team2,kill,17.23
Mage+Rogue_vs_Mage+Shaman,Mage+Rogue,Mage+Shaman,2,team2,kill,17.83
Mage+Rogue_vs_Mage+Shaman,Mage+Rogue,Mage+Shaman,3,team2,kill,17.83
Mage+Rogue_vs_Mage+Shaman,Mage+Rogue,Mage+Shaman,4,team2,kill,17.23
Mage+Rogue_vs_Mage+Shaman,Mage+Rogue,Mage+Shaman,5,team2,kill,17.22
Mage+Rogue_vs_Mage+Shaman,Mage+Rogue,Mage+Shaman,6,team2,kill,17.23
Mage+Rogue_vs_Mage+Shaman,Mage+Rogue,Mage+Shaman,7,team2,kill,17.22
Mage+Rogue_vs_Mage+Shaman,Mage+Rogue,Mage+Shaman,8,team2,kill,18.70
Mage+Rogue_vs_Mage+Shaman,Mage+Rogue,Mage+Shaman,9,team2,kill,17.83
Mage+Rogue_vs_Rogue+Priest,Mage+Rogue,Rogue+Priest,0,team1,kill,20.95
Mage+Rogue_vs_Rogue+Priest,Mage+Rogue,Rogue+Priest,1,team1,kill,23.40
Mage+Rogue_vs_Rogue+Priest,Mage+Rogue,Rogue+Priest,2,team1,kill,22.67
Mage+Rogue_vs_Rogue+Priest,Mage+Rogue,Rogue+Priest,3,team1,kill,23.32
Mage+Rogue_vs_Rogue+Priest,Mage+Rogue,Rogue+Priest,4,team1,kill,22.58
Mage+Rogue_vs_Rogue+Priest,Mage+Rogue,Rogue+Priest,5,team1,kill,22.67
Mage+Rogue_vs_Rogue+Priest,Mage+Rogue,Rogue+Priest,6,team1,kill,23.60
Mage+Rogue_vs_Rogue+Priest,Mage+Rogue,Rogue+Priest,7,team1,kill,25.08
Mage+Rogue_vs_Rogue+Priest,Mage+Rogue,Rogue+Priest,8,team1,kill,23.40
Mage+Rogue_vs_Rogue+Priest,Mage+Rogue,Rogue+Priest,9,team1,kill,23.32
Mage+Rogue_vs_Rogue+Warlock,Mage+Rogue,Rogue+Warlock,0,team1,kill,24.18
Mage+Rogue_vs_Rogue+Warlock,Mage+Rogue,Rogue+Warlock,1,team1,kill,22.08
Mage+Rogue_vs_Rogue+Warlock,Mage+Rogue,Rogue+Warlock,2,team1,kill,22.90
Mage+Rogue_vs_Rogue+Warlock,Mage+Rogue,Rogue+Warlock,3,team1,kill,21.28
Mage+Rogue_vs_Rogue+Warlock,Mage+Rogue,Rogue+Warlock,4,team1,kill,23.38
Mage+Rogue_vs_Rogue+Warlock,Mage+Rogue,Rogue+Warlock,5,team1,kill,21.57
Mage+Rogue_vs_Rogue+Warlock,Mage+Rogue,Rogue+Warlock,6,team1,kill,22.80
Mage+Rogue_vs_Rogue+Warlock,Mage+Rogue,Rogue+Warlock,7,team1,kill,23.38
Mage+Rogue_vs_Rogue+Warlock,Mage+Rogue,Rogue+Warlock,8,team1,kill,21.87
Mage+Rogue_vs_Rogue+Warlock,Mage+Rogue,Rogue+Warlock,9,team1,kill,20.85
Mage+Rogue_vs_Rogue+Paladin,Mage+Rogue,Rogue+Paladin,0,team1,kill,29.80
Mage+Rogue_vs_Rogue+Paladin,Mage+Rogue,Rogue+Paladin,1,team2,kill,35.32
Mage+Rogue_vs_Rogue+Paladin,Mage+Rogue,Rogue+Paladin,2,team2,kill,31.35
Mage+Rogue_vs_Rogue+Paladin,Mage+Rogue,Rogue+Paladin,3,team2,kill,31.35
Mage+Rogue_vs_Rogue+Paladin,Mage+Rogue,Rogue+Paladin,4,team2,kill,32.20
Mage+Rogue_vs_Rogue+Paladin,Mage+Rogue,Rogue+Paladin,5,team2,kill,30.20
Mage+Rogue_vs_Rogue+Paladin,Mage+Rogue,Rogue+Paladin,6,team2,kill,30.87
Mage+Rogue_vs_Rogue+Paladin,Mage+Rogue,Rogue+Paladin,7,team2,kill,32.20
Mage+Rogue_vs_Rogue+Paladin,Mage+Rogue,Rogue+Paladin,8,team2,kill,30.20
Mage+Rogue_vs_Rogue+Paladin,Mage+Rogue,Rogue+Paladin,9,team1,kill,38.42
Mage+Rogue_vs_Rogue+Hunter,Mage+Rogue,Rogue+Hunter,0,team2,kill,29.75
Mage+Rogue_vs_Rogue+Hunter,Mage+Rogue,Rogue+Hunter,1,team2,kill,25.57
Mage+Rogue_vs_Rogue+Hunter,Mage+Rogue,Rogue+Hunter,2,team2,kill,21.23
Mage+Rogue_vs_Rogue+Hunter,Mage+Rogue,Rogue+Hunter,3,team2,kill,26.43
Mage+Rogue_vs_Rogue+Hunter,Mage+Rogue,Rogue+Hunter,4,team2,kill,25.58
Mage+Rogue_vs_Rogue+Hunter,Mage+Rogue,Rogue+Hunter,5,team2,kill,25.58
Mage+Rogue_vs_Rogue+Hunter,Mage+Rogue,Rogue+Hunter,6,team2,kill,23.32
Mage+Rogue_vs_Rogue+Hunter,Mage+Rogue,Rogue+Hunter,7,team2,kill,31.13
Mage+Rogue_vs_Rogue+Hunter,Mage+Rogue,Rogue+Hunter,8,team2,kill,31.13
Mage+Rogue_vs_Rogue+Hunter,Mage+Rogue,Rogue+Hunter,9,team2,kill,30.52
Mage+Rogue_vs_Rogue+Shaman,Mage+Rogue,Rogue+Shaman,0,team1,kill,20.28
Mage+Rogue_vs_Rogue+Shaman,Mage+Rogue,Rogue+Shaman,1,team1,kill,19.23
Mage+Rogue_vs_Rogue+Shaman,Mage+Rogue,Rogue+Shaman,2,team1,kill,21.80
Mage+Rogue_vs_Rogue+Shaman,Mage+Rogue,Rogue+Shaman,3,team1,kill,20.87
Mage+Rogue_vs_Rogue+Shaman,Mage+Rogue,Rogue+Shaman,4,team1,kill,21.80
Mage+Rogue_vs_Rogue+Shaman,Mage+Rogue,Rogue+Shaman,5,team1,kill,20.87
Mage+Rogue_vs_Rogue+Shaman,Mage+Rogue,Rogue+Shaman,6,team1,kill,21.80
Mage+Rogue_vs_Rogue+Shaman,Mage+Rogue,Rogue+Shaman,7,team1,kill,20.95
Mage+Rogue_vs_Rogue+Shaman,Mage+Rogue,Rogue+Shaman,8,team1,kill,21.80
Mage+Rogue_vs_Rogue+Shaman,Mage+Rogue,Rogue+Shaman,9,team1,kill,20.95
Mage+Rogue_vs_Priest+Warlock,Mage+Rogue,Priest+Warlock,0,team2,kill,42.22
Mage+Rogue_vs_Priest+Warlock,Mage+Rogue,Priest+Warlock,1,team1,kill,21.03
Mage+Rogue_vs_Priest+Warlock,Mage+Rogue,Priest+Warlock,2,team1,kill,20.97
Mage+Rogue_vs_Priest+Warlock,Mage+Rogue,Priest+Warlock,3,team1,kill,36.57
Mage+Rogue_vs_Priest+Warlock,Mage+Rogue,Priest+Warlock,4,team1,kill,35.25
Mage+Rogue_vs_Priest+Warlock,Mage+Rogue,Priest+Warlock,5,team1,kill,36.68
Mage+Rogue_vs_Priest+Warlock,Mage+Rogue,Priest+Warlock,6,team1,kill,21.73
Mage+Rogue_vs_Priest+Warlock,Mage+Rogue,Priest+Warlock,7,team1,kill,37.18
Mage+Rogue_vs_Priest+Warlock,Mage+Rogue,Priest+Warlock,8,team1,kill,24.87
Mage+Rogue_vs_Priest+Warlock,Mage+Rogue,Priest+Warlock,9,team2,kill,34.70
Mage+Rogue_vs_Priest+Hunter,Mage+Rogue,Priest+Hunter,0,team2,kill,48.03
Mage+Rogue_vs_Priest+Hunter,Mage+Rogue,Priest+Hunter,1,team2,kill,45.43
Mage+Rogue_vs_Priest+Hunter,Mage+Rogue,Priest+Hunter,2,team2,kill,54.70
Mage+Rogue_vs_Priest+Hunter,Mage+Rogue,Priest+Hunter,3,team2,kill,50.43
Mage+Rogue_vs_Priest+Hunter,Mage+Rogue,Priest+Hunter,4,team1,kill,46.68
Mage+Rogue_vs_Priest+Hunter,Mage+Rogue,Priest+Hunter,5,team1,kill,37.70
Mage+Rogue_vs_Priest+Hunter,Mage+Rogue,Priest+Hunter,6,team1,kill,46.55
Mage+Rogue_vs_Priest+Hunter,Mage+Rogue,Priest+Hunter,7,team2,kill,48.88
Mage+Rogue_vs_Priest+Hunter,Mage+Rogue,Priest+Hunter,8,team1,kill,32.77
Mage+Rogue_vs_Priest+Hunter,Mage+Rogue,Priest+Hunter,9,team2,kill,31.85
Mage+Rogue_vs_Warlock+Paladin,Mage+Rogue,Warlock+Paladin,0,team1,kill,30.18
Mage+Rogue_vs_Warlock+Paladin,Mage+Rogue,Warlock+Paladin,1,team1,kill,31.07
Mage+Rogue_vs_Warlock+Paladin,Mage+Rogue,Warlock+Paladin,2,team1,kill,30.12
Mage+Rogue_vs_Warlock+Paladin,Mage+Rogue,Warlock+Paladin,3,team1,kill,31.15
Mage+Rogue_vs_Warlock+Paladin,Mage+Rogue,Warlock+Paladin,4,team1,kill,29.68
Mage+Rogue_vs_Warlock+Paladin,Mage+Rogue,Warlock+Paladin,5,team1,kill,29.62
Mage+Rogue_vs_Warlock+Paladin,Mage+Rogue,Warlock+Paladin,6,team1,kill,30.17
Mage+Rogue_vs_Warlock+Paladin,Mage+Rogue,Warlock+Paladin,7,team1,kill,27.65
Mage+Rogue_vs_Warlock+Paladin,Mage+Rogue,Warlock+Paladin,8,team1,kill,31.03
Mage+Rogue_vs_Warlock+Paladin,Mage+Rogue,Warlock+Paladin,9,team1,kill,28.32
Mage+Rogue_vs_Warlock+Hunter,Mage+Rogue,Warlock+Hunter,0,team2,kill,34.47
Mage+Rogue_vs_Warlock+Hunter,Mage+Rogue,Warlock+Hunter,1,team2,kill,36.55
Mage+Rogue_vs_Warlock+Hunter,Mage+Rogue,Warlock+Hunter,2,team2,kill,35.65
Mage+Rogue_vs_Warlock+Hunter,Mage+Rogue,Warlock+Hunter,3,team2,kill,36.98
Mage+Rogue_vs_Warlock+Hunter,Mage+Rogue,Warlock+Hunter,4,team2,kill,36.53
Mage+Rogue_vs_Warlock+Hunter,Mage+Rogue,Warlock+Hunter,5,team2,kill,36.98
Mage+Rogue_vs_Warlock+Hunter,Mage+Rogue,Warlock+Hunter,6,team2,kill,36.03
Mage+Rogue_vs_Warlock+Hunter,Mage+Rogue,Warlock+Hunter,7,team2,kill,36.53
Mage+Rogue_vs_Warlock+Hunter,Mage+Rogue,Warlock+Hunter,8,team2,kill,36.53
Mage+Rogue_vs_Warlock+Hunter,Mage+Rogue,Warlock+Hunter,9,team2,kill,36.55
Mage+Rogue_vs_Warlock+Shaman,Mage+Rogue,Warlock+Shaman,0,team1,kill,21.82
Mage+Rogue_vs_Warlock+Shaman,Mage+Rogue,Warlock+Shaman,1,team1,kill,21.68
Mage+Rogue_vs_Warlock+Shaman,Mage+Rogue,Warlock+Shaman,2,team1,kill,25.52
Mage+Rogue_vs_Warlock+Shaman,Mage+Rogue,Warlock+Shaman,3,team1,kill,22.38
Mage+Rogue_vs_Warlock+Shaman,Mage+Rogue,Warlock+Shaman,4,team1,kill,21.27
Mage+Rogue_vs_Warlock+Shaman,Mage+Rogue,Warlock+Shaman,5,team1,kill,22.07
Mage+Rogue_vs_Warlock+Shaman,Mage+Rogue,Warlock+Shaman,6,team1,kill,22.98
Mage+Rogue_vs_Warlock+Shaman,Mage+Rogue,Warlock+Shaman,7,team1,kill,22.02
Mage+Rogue_vs_Warlock+Shaman,Mage+Rogue,Warlock+Shaman,8,team1,kill,21.98
Mage+Rogue_vs_Warlock+Shaman,Mage+Rogue,Warlock+Shaman,9,team1,kill,21.27
Mage+Rogue_vs_Paladin+Hunter,Mage+Rogue,Paladin+Hunter,0,team2,kill,54.68
Mage+Rogue_vs_Paladin+Hunter,Mage+Rogue,Paladin+Hunter,1,team2,kill,56.77
Mage+Rogue_vs_Paladin+Hunter,Mage+Rogue,Paladin+Hunter,2,team2,kill,60.90
Mage+Rogue_vs_Paladin+Hunter,Mage+Rogue,Paladin+Hunter,3,team2,kill,56.77
Mage+Rogue_vs_Paladin+Hunter,Mage+Rogue,Paladin+Hunter,4,team2,kill,45.83
Mage+Rogue_vs_Paladin+Hunter,Mage+Rogue,Paladin+Hunter,5,team2,kill,52.18
Mage+Rogue_vs_Paladin+Hunter,Mage+Rogue,Paladin+Hunter,6,team1,kill,47.57
Mage+Rogue_vs_Paladin+Hunter,Mage+Rogue,Paladin+Hunter,7,team2,kill,52.28
Mage+Rogue_vs_Paladin+Hunter,Mage+Rogue,Paladin+Hunter,8,team2,kill,54.52
Mage+Rogue_vs_Paladin+Hunter,Mage+Rogue,Paladin+Hunter,9,team2,kill,53.67
Mage+Rogue_vs_Hunter+Shaman,Mage+Rogue,Hunter+Shaman,0,team1,kill,23.87
Mage+Rogue_vs_Hunter+Shaman,Mage+Rogue,Hunter+Shaman,1,team1,kill,29.73
Mage+Rogue_vs_Hunter+Shaman,Mage+Rogue,Hunter+Shaman,2,team1,kill,21.47
Mage+Rogue_vs_Hunter+Shaman,Mage+Rogue,Hunter+Shaman,3,team1,kill,23.87
Mage+Rogue_vs_Hunter+Shaman,Mage+Rogue,Hunter+Shaman,4,team1,kill,23.82
Mage+Rogue_vs_Hunter+Shaman,Mage+Rogue,Hunter+Shaman,5,team1,kill,23.83
Mage+Rogue_vs_Hunter+Shaman,Mage+Rogue,Hunter+Shaman,6,team1,kill,30.60
Mage+Rogue_vs_Hunter+Shaman,Mage+Rogue,Hunter+Shaman,7,team1,kill,25.40
Mage+Rogue_vs_Hunter+Shaman,Mage+Rogue,Hunter+Shaman,8,team1,kill,23.82
Mage+Rogue_vs_Hunter+Shaman,Mage+Rogue,Hunter+Shaman,9,team1,kill,23.40
Mage+Priest_vs_Warrior+Mage,Mage+Priest,Warrior+Mage,0,team2,kill,20.00
Mage+Priest_vs_Warrior+Mage,Mage+Priest,Warrior+Mage,1,team1,kill,15.25
Mage+Priest_vs_Warrior+Mage,Mage+Priest,Warrior+Mage,2,team1,kill,20.95
Mage+Priest_vs_Warrior+Mage,Mage+Priest,Warrior+Mage,3,team1,kill,20.95
Mage+Priest_vs_Warrior+Mage,Mage+Priest,Warrior+Mage,4,team1,kill,20.67
Mage+Priest_vs_Warrior+Mage,Mage+Priest,Warrior+Mage,5,team1,kill,20.95
Mage+Priest_vs_Warrior+Mage,Mage+Priest,Warrior+Mage,6,team1,kill,19.53
Mage+Priest_vs_Warrior+Mage,Mage+Priest,Warrior+Mage,7,team1,kill,19.53
Mage+Priest_vs_Warrior+Mage,Mage+Priest,Warrior+Mage,8,team1,kill,20.95
Mage+Priest_vs_Warrior+Mage,Mage+Priest,Warrior+Mage,9,team1,kill,19.45
Mage+Priest_vs_Warrior+Rogue,Mage+Priest,Warrior+Rogue,0,team2,kill,29.67
Mage+Priest_vs_Warrior+Rogue,Mage+Priest,Warrior+Rogue,1,team2,kill,36.53
Mage+Priest_vs_Warrior+Rogue,Mage+Priest,Warrior+Rogue,2,team2,kill,36.85
Mage+Priest_vs_Warrior+Rogue,Mage+Priest,Warrior+Rogue,3,team1,kill,31.75
Mage+Priest_vs_Warrior+Rogue,Mage+Priest,Warrior+Rogue,4,team2,kill,33.00
Mage+Priest_vs_Warrior+Rogue,Mage+Priest,Warrior+Rogue,5,team2,kill,33.20
Mage+Priest_vs_Warrior+Rogue,Mage+Priest,Warrior+Rogue,6,team2,kill,32.85
Mage+Priest_vs_Warrior+Rogue,Mage+Priest,Warrior+Rogue,7,team2,kill,28.90
Mage+Priest_vs_Warrior+Rogue,Mage+Priest,Warrior+Rogue,8,team2,kill,38.50
Mage+Priest_vs_Warrior+Rogue,Mage+Priest,Warrior+Rogue,9,team2,kill,36.52
Mage+Priest_vs_Warrior+Priest,Mage+Priest,Warrior+Priest,0,team1,kill,44.27
Mage+Priest_vs_Warrior+Priest,Mage+Priest,Warrior+Priest,1,team2,kill,31.53
Mage+Priest_vs_Warrior+Priest,Mage+Priest,Warrior+Priest,2,team1,kill,31.32
Mage+Priest_vs_Warrior+Priest,Mage+Priest,Warrior+Priest,3,team1,kill,46.93
Mage+Priest_vs_Warrior+Priest,Mage+Priest,Warrior+Priest,4,team1,kill,83.47
Mage+Priest_vs_Warrior+Priest,Mage+Priest,Warrior+Priest,5,team2,kill,72.50
Mage+Priest_vs_Warrior+Priest,Mage+Priest,Warrior+Priest,6,team1,kill,38.38
Mage+Priest_vs_Warrior+Priest,Mage+Priest,Warrior+Priest,7,team1,kill,40.63
Mage+Priest_vs_Warrior+Priest,Mage+Priest,Warrior+Priest,8,team1,kill,185.53
Mage+Priest_vs_Warrior+Priest,Mage+Priest,Warrior+Priest,9,team1,kill,77.80
Mage+Priest_vs_Warrior+Warlock,Mage+Priest,Warrior+Warlock,0,team1,kill,28.27
Mage+Priest_vs_Warrior+Warlock,Mage+Priest,Warrior+Warlock,1,team1,kill,30.03
Mage+Priest_vs_Warrior+Warlock,Mage+Priest,Warrior+Warlock,2,team1,kill,33.52
Mage+Priest_vs_Warrior+Warlock,Mage+Priest,Warrior+Warlock,3,team1,kill,29.90
Mage+Priest_vs_Warrior+Warlock,Mage+Priest,Warrior+Warlock,4,team1,kill,29.98
Mage+Priest_vs_Warrior+Warlock,Mage+Priest,Warrior+Warlock,5,team1,kill,29.85
Mage+Priest_vs_Warrior+Warlock,Mage+Priest,Warrior+Warlock,6,team1,kill,31.33
Mage+Priest_vs_Warrior+Warlock,Mage+Priest,Warrior+Warlock,7,team1,kill,32.20
Mage+Priest_vs_Warrior+Warlock,Mage+Priest,Warrior+Warlock,8,team1,kill,35.15
Mage+Priest_vs_Warrior+Warlock,Mage+Priest,Warrior+Warlock,9,team1,kill,35.08
Mage+Priest_vs_Warrior+Paladin,Mage+Priest,Warrior+Paladin,0,team1,kill,43.97
Mage+Priest_vs_Warrior+Paladin,Mage+Priest,Warrior+Paladin,1,team1,kill,43.53
Mage+Priest_vs_Warrior+Paladin,Mage+Priest,Warrior+Paladin,2,team1,kill,54.75
Mage+Priest_vs_Warrior+Paladin,Mage+Priest,Warrior+Paladin,3,team1,kill,85.74
Mage+Priest_vs_Warrior+Paladin,Mage+Priest,Warrior+Paladin,4,team1,kill,74.83
Mage+Priest_vs_Warrior+Paladin,Mage+Priest,Warrior+Paladin,5,team1,kill,51.05
Mage+Priest_vs_Warrior+Paladin,Mage+Priest,Warrior+Paladin,6,team1,kill,61.20
Mage+Priest_vs_Warrior+Paladin,Mage+Priest,Warrior+Paladin,7,team1,kill,51.88
Mage+Priest_vs_Warrior+Paladin,Mage+Priest,Warrior+Paladin,8,team1,kill,43.82
Mage+Priest_vs_Warrior+Paladin,Mage+Priest,Warrior+Paladin,9,team1,kill,52.42
Mage+Priest_vs_Warrior+Hunter,Mage+Priest,Warrior+Hunter,0,team1,kill,27.67
Mage+Priest_vs_Warrior+Hunter,Mage+Priest,Warrior+Hunter,1,team1,kill,26.32
Mage+Priest_vs_Warrior+Hunter,Mage+Priest,Warrior+Hunter,2,team1,kill,27.68
Mage+Priest_vs_Warrior+Hunter,Mage+Priest,Warrior+Hunter,3,team1,kill,27.92
Mage+Priest_vs_Warrior+Hunter,Mage+Priest,Warrior+Hunter,4,team1,kill,27.90
Mage+Priest_vs_Warrior+Hunter,Mage+Priest,Warrior+Hunter,5,team1,kill,28.85
Mage+Priest_vs_Warrior+Hunter,Mage+Priest,Warrior+Hunter,6,team1,kill,27.80
Mage+Priest_vs_Warrior+Hunter,Mage+Priest,Warrior+Hunter,7,team1,kill,27.12
Mage+Priest_vs_Warrior+Hunter,Mage+Priest,Warrior+Hunter,8,team1,kill,26.32
Mage+Priest_vs_Warrior+Hunter,Mage+Priest,Warrior+Hunter,9,team1,kill,27.80
Mage+Priest_vs_Warrior+Shaman,Mage+Priest,Warrior+Shaman,0,team1,kill,30.07
Mage+Priest_vs_Warrior+Shaman,Mage+Priest,Warrior+Shaman,1,team1,kill,29.22
Mage+Priest_vs_Warrior+Shaman,Mage+Priest,Warrior+Shaman,2,team1,kill,29.15
Mage+Priest_vs_Warrior+Shaman,Mage+Priest,Warrior+Shaman,3,team1,kill,31.40
Mage+Priest_vs_Warrior+Shaman,Mage+Priest,Warrior+Shaman,4,team1,kill,31.98
Mage+Priest_vs_Warrior+Shaman,Mage+Priest,Warrior+Shaman,5,team1,kill,27.65
Mage+Priest_vs_Warrior+Shaman,Mage+Priest,Warrior+Shaman,6,team1,kill,31.23
Mage+Priest_vs_Warrior+Shaman,Mage+Priest,Warrior+Shaman,7,team1,kill,37.95
Mage+Priest_vs_Warrior+Shaman,Mage+Priest,Warrior+Shaman,8,team2,kill,37.67
Mage+Priest_vs_Warrior+Shaman,Mage+Priest,Warrior+Shaman,9,team1,kill,29.70
Mage+Priest_vs_Mage+Rogue,Mage+Priest,Mage+Rogue,0,team1,kill,15.73
Mage+Priest_vs_Mage+Rogue,Mage+Priest,Mage+Rogue,1,team1,kill,15.73
Mage+Priest_vs_Mage+Rogue,Mage+Priest,Mage+Rogue,2,team1,kill,17.23
Mage+Priest_vs_Mage+Rogue,Mage+Priest,Mage+Rogue,3,team1,kill,17.25
Mage+Priest_vs_Mage+Rogue,Mage+Priest,Mage+Rogue,4,team1,kill,17.23
Mage+Priest_vs_Mage+Rogue,Mage+Priest,Mage+Rogue,5,team1,kill,15.73
Mage+Priest_vs_Mage+Rogue,Mage+Priest,Mage+Rogue,6,team1,kill,17.25
Mage+Priest_vs_Mage+Rogue,Mage+Priest,Mage+Rogue,7,team1,kill,15.73
Mage+Priest_vs_Mage+Rogue,Mage+Priest,Mage+Rogue,8,team1,kill,17.23
Mage+Priest_vs_Mage+Rogue,Mage+Priest,Mage+Rogue,9,team1,kill,17.23
Mage+Priest_vs_Mage+Priest,Mage+Priest,Mage+Priest,0,team1,kill,36.65
Mage+Priest_vs_Mage+Priest,Mage+Priest,Mage+Priest,1,team1,kill,34.85
Mage+Priest_vs_Mage+Priest,Mage+Priest,Mage+Priest,2,team2,kill,55.05
Mage+Priest_vs_Mage+Priest,Mage+Priest,Mage+Priest,3,team1,kill,67.88
Mage+Priest_vs_Mage+Priest,Mage+Priest,Mage+Priest,4,team1,kill,68.27
Mage+Priest_vs_Mage+Priest,Mage+Priest,Mage+Priest,5,team1,kill,153.74
Mage+Priest_vs_Mage+Priest,Mage+Priest,Mage+Priest,6,team2,kill,157.32
Mage+Priest_vs_Mage+Priest,Mage+Priest,Mage+Priest,7,team2,kill,49.32
Mage+Priest_vs_Mage+Priest,Mage+Priest,Mage+Priest,8,team1,kill,54.95
Mage+Priest_vs_Mage+Priest,Mage+Priest,Mage+Priest,9,team1,kill,42.00
Mage+Priest_vs_Mage+Warlock,Mage+Priest,Mage+Warlock,0,team1,kill,23.90
Mage+Priest_vs_Mage+Warlock,Mage+Priest,Mage+Warlock,1,team1,kill,25.98
Mage+Priest_vs_Mage+Warlock,Mage+Priest,Mage+Warlock,2,team1,kill,23.90
Mage+Priest_vs_Mage+Warlock,Mage+Priest,Mage+Warlock,3,team1,kill,24.60
Mage+Priest_vs_Mage+Warlock,Mage+Priest,Mage+Warlock,4,team1,kill,31.53
Mage+Priest_vs_Mage+Warlock,Mage+Priest,Mage+Warlock,5,team1,kill,24.32
Mage+Priest_vs_Mage+Warlock,Mage+Priest,Mage+Warlock,6,team1,kill,24.58
Mage+Priest_vs_Mage+Warlock,Mage+Priest,Mage+Warlock,7,team1,kill,23.17
Mage+Priest_vs_Mage+Warlock,Mage+Priest,Mage+Warlock,8,team1,kill,23.03
Mage+Priest_vs_Mage+Warlock,Mage+Priest,Mage+Warlock,9,team1,kill,24.67
Mage+Priest_vs_Mage+Paladin,Mage+Priest,Mage+Paladin,0,team1,kill,74.88
Mage+Priest_vs_Mage+Paladin,Mage+Priest,Mage+Paladin,1,team2,kill,55.37
Mage+Priest_vs_Mage+Paladin,Mage+Priest,Mage+Paladin,2,team2,kill,74.88
Mage+Priest_vs_Mage+Paladin,Mage+Priest,Mage+Paladin,3,team2,kill,76.22
Mage+Priest_vs_Mage+Paladin,Mage+Priest,Mage+Paladin,4,team2,kill,67.33
Mage+Priest_vs_Mage+Paladin,Mage+Priest,Mage+Paladin,5,team2,kill,75.35
Mage+Priest_vs_Mage+Paladin,Mage+Priest,Mage+Paladin,6,team1,kill,84.34
Mage+Priest_vs_Mage+Paladin,Mage+Priest,Mage+Paladin,7,team2,kill,66.15
Mage+Priest_vs_Mage+Paladin,Mage+Priest,Mage+Paladin,8,team2,kill,75.07
Mage+Priest_vs_Mage+Paladin,Mage+Priest,Mage+Paladin,9,team2,kill,74.97
Mage+Priest_vs_Mage+Hunter,Mage+Priest,Mage+Hunter,0,team1,kill,23.70
Mage+Priest_vs_Mage+Hunter,Mage+Priest,Mage+Hunter,1,team1,kill,22.43
Mage+Priest_vs_Mage+Hunter,Mage+Priest,Mage+Hunter,2,team1,kill,22.17
Mage+Priest_vs_Mage+Hunter,Mage+Priest,Mage+Hunter,3,team1,kill,22.57
Mage+Priest_vs_Mage+Hunter,Mage+Priest,Mage+Hunter,4,team1,kill,21.48
Mage+Priest_vs_Mage+Hunter,Mage+Priest,Mage+Hunter,5,team1,kill,21.13
Mage+Priest_vs_Mage+Hunter,Mage+Priest,Mage+Hunter,6,team1,kill,21.22
Mage+Priest_vs_Mage+Hunter,Mage+Priest,Mage+Hunter,7,team1,kill,24.45
Mage+Priest_vs_Mage+Hunter,Mage+Priest,Mage+Hunter,8,team1,kill,21.35
Mage+Priest_vs_Mage+Hunter,Mage+Priest,Mage+Hunter,9,team1,kill,22.20
Mage+Priest_vs_Mage+Shaman,Mage+Priest,Mage+Shaman,0,team1,kill,31.67
Mage+Priest_vs_Mage+Shaman,Mage+Priest,Mage+Shaman,1,team1,kill,56.68
Mage+Priest_vs_Mage+Shaman,Mage+Priest,Mage+Shaman,2,team1,kill,61.47
Mage+Priest_vs_Mage+Shaman,Mage+Priest,Mage+Shaman,3,team1,kill,26.90
Mage+Priest_vs_Mage+Shaman,Mage+Priest,Mage+Shaman,4,team2,kill,20.92
Mage+Priest_vs_Mage+Shaman,Mage+Priest,Mage+Shaman,5,team1,kill,55.12
Mage+Priest_vs_Mage+Shaman,Mage+Priest,Mage+Shaman,6,team1,kill,37.48
Mage+Priest_vs_Mage+Shaman,Mage+Priest,Mage+Shaman,7,team1,kill,37.10
Mage+Priest_vs_Mage+Shaman,Mage+Priest,Mage+Shaman,8,team1,kill,29.22
Mage+Priest_vs_Mage+Shaman,Mage+Priest,Mage+Shaman,9,team1,kill,34.83
Mage+Priest_vs_Rogue+Priest,Mage+Priest,Rogue+Priest,0,team2,kill,49.73
Mage+Priest_vs_Rogue+Priest,Mage+Priest,Rogue+Priest,1,team2,kill,48.92
Mage+Priest_vs_Rogue+Priest,Mage+Priest,Rogue+Priest,2,team2,kill,54.73
Mage+Priest_vs_Rogue+Priest,Mage+Priest,Rogue+Priest,3,team2,kill,59.05
Mage+Priest_vs_Rogue+Priest,Mage+Priest,Rogue+Priest,4,team1,kill,42.13
Mage+Priest_vs_Rogue+Priest,Mage+Priest,Rogue+Priest,5,team2,kill,48.92
Mage+Priest_vs_Rogue+Priest,Mage+Priest,Rogue+Priest,6,team2,kill,50.43
Mage+Priest_vs_Rogue+Priest,Mage+Priest,Rogue+Priest,7,team2,kill,62.63
Mage+Priest_vs_Rogue+Priest,Mage+Priest,Rogue+Priest,8,team2,kill,57.05
Mage+Priest_vs_Rogue+Priest,Mage+Priest,Rogue+Priest,9,team2,kill,48.80
Mage+Priest_vs_Rogue+Warlock,Mage+Priest,Rogue+Warlock,0,team1,kill,34.27
Mage+Priest_vs_Rogue+Warlock,Mage+Priest,Rogue+Warlock,1,team1,kill,34.35
Mage+Priest_vs_Rogue+Warlock,Mage+Priest,Rogue+Warlock,2,team1,kill,38.28
Mage+Priest_vs_Rogue+Warlock,Mage+Priest,Rogue+Warlock,3,team1,kill,34.50
Mage+Priest_vs_Rogue+Warlock,Mage+Priest,Rogue+Warlock,4,team1,kill,32.33
Mage+Priest_vs_Rogue+Warlock,Mage+Priest,Rogue+Warlock,5,team2,kill,58.80
Mage+Priest_vs_Rogue+Warlock,Mage+Priest,Rogue+Warlock,6,team2,kill,50.98
Mage+Priest_vs_Rogue+Warlock,Mage+Priest,Rogue+Warlock,7,team1,kill,28.92
Mage+Priest_vs_Rogue+Warlock,Mage+Priest,Rogue+Warlock,8,team2,kill,35.43
Mage+Priest_vs_Rogue+Warlock,Mage+Priest,Rogue+Warlock,9,team1,kill,32.98
Mage+Priest_vs_Rogue+Paladin,Mage+Priest,Rogue+Paladin,0,team2,kill,63.05
Mage+Priest_vs_Rogue+Paladin,Mage+Priest,Rogue+Paladin,1,team1,kill,42.87
Mage+Priest_vs_Rogue+Paladin,Mage+Priest,Rogue+Paladin,2,team1,kill,53.00
Mage+Priest_vs_Rogue+Paladin,Mage+Priest,Rogue+Paladin,3,team2,kill,66.93
Mage+Priest_vs_Rogue+Paladin,Mage+Priest,Rogue+Paladin,4,team2,kill,58.32
Mage+Priest_vs_Rogue+Paladin,Mage+Priest,Rogue+Paladin,5,team2,kill,60.77
Mage+Priest_vs_Rogue+Paladin,Mage+Priest,Rogue+Paladin,6,team1,kill,48.90
Mage+Priest_vs_Rogue+Paladin,Mage+Priest,Rogue+Paladin,7,team1,kill,54.42
Mage+Priest_vs_Rogue+Paladin,Mage+Priest,Rogue+Paladin,8,team2,kill,59.65
Mage+Priest_vs_Rogue+Paladin,Mage+Priest,Rogue+Paladin,9,team1,kill,54.55
Mage+Priest_vs_Rogue+Hunter,Mage+Priest,Rogue+Hunter,0,team1,kill,24.45
Mage+Priest_vs_Rogue+Hunter,Mage+Priest,Rogue+Hunter,1,team1,kill,24.45
Mage+Priest_vs_Rogue+Hunter,Mage+Priest,Rogue+Hunter,2,team1,kill,24.45
Mage+Priest_vs_Rogue+Hunter,Mage+Priest,Rogue+Hunter,3,team1,kill,24.45
Mage+Priest_vs_Rogue+Hunter,Mage+Priest,Rogue+Hunter,4,team1,kill,24.30
Mage+Priest_vs_Rogue+Hunter,Mage+Priest,Rogue+Hunter,5,team1,kill,24.45
Mage+Priest_vs_Rogue+Hunter,Mage+Priest,Rogue+Hunter,6,team1,kill,24.45
Mage+Priest_vs_Rogue+Hunter,Mage+Priest,Rogue+Hunter,7,team1,kill,24.45
Mage+Priest_vs_Rogue+Hunter,Mage+Priest,Rogue+Hunter,8,team1,kill,24.45
Mage+Priest_vs_Rogue+Hunter,Mage+Priest,Rogue+Hunter,9,team1,kill,24.45
Mage+Priest_vs_Rogue+Shaman,Mage+Priest,Rogue+Shaman,0,team1,kill,29.83
Mage+Priest_vs_Rogue+Shaman,Mage+Priest,Rogue+Shaman,1,team2,kill,35.77
Mage+Priest_vs_Rogue+Shaman,Mage+Priest,Rogue+Shaman,2,team2,kill,37.35
Mage+Priest_vs_Rogue+Shaman,Mage+Priest,Rogue+Shaman,3,team2,kill,35.35
Mage+Priest_vs_Rogue+Shaman,Mage+Priest,Rogue+Shaman,4,team2,kill,35.03
Mage+Priest_vs_Rogue+Shaman,Mage+Priest,Rogue+Shaman,5,team1,kill,28.00
Mage+Priest_vs_Rogue+Shaman,Mage+Priest,Rogue+Shaman,6,team2,kill,31.57
Mage+Priest_vs_Rogue+Shaman,Mage+Priest,Rogue+Shaman,7,team2,kill,24.10
Mage+Priest_vs_Rogue+Shaman,Mage+Priest,Rogue+Shaman,8,team1,kill,35.22
Mage+Priest_vs_Rogue+Shaman,Mage+Priest,Rogue+Shaman,9,team2,kill,26.25
Mage+Priest_vs_Priest+Warlock,Mage+Priest,Priest+Warlock,0,team2,kill,54.25
Mage+Priest_vs_Priest+Warlock,Mage+Priest,Priest+Warlock,1,team2,kill,43.23
Mage+Priest_vs_Priest+Warlock,Mage+Priest,Priest+Warlock,2,team2,kill,39.93
Mage+Priest_vs_Priest+Warlock,Mage+Priest,Priest+Warlock,3,team2,kill,35.15
Mage+Priest_vs_Priest+Warlock,Mage+Priest,Priest+Warlock,4,team2,kill,48.65
Mage+Priest_vs_Priest+Warlock,Mage+Priest,Priest+Warlock,5,team2,kill,40.75
Mage+Priest_vs_Priest+Warlock,Mage+Priest,Priest+Warlock,6,team2,kill,63.13
Mage+Priest_vs_Priest+Warlock,Mage+Priest,Priest+Warlock,7,team1,kill,71.38
Mage+Priest_vs_Priest+Warlock,Mage+Priest,Priest+Warlock,8,team1,kill,67.55
Mage+Priest_vs_Priest+Warlock,Mage+Priest,Priest+Warlock,9,team2,kill,43.23
Mage+Priest_vs_Priest+Hunter,Mage+Priest,Priest+Hunter,0,team1,kill,44.63
Mage+Priest_vs_Priest+Hunter,Mage+Priest,Priest+Hunter,1,team1,kill,44.77
Mage+Priest_vs_Priest+Hunter,Mage+Priest,Priest+Hunter,2,team2,kill,57.67
Mage+Priest_vs_Priest+Hunter,Mage+Priest,Priest+Hunter,3,team2,kill,59.52
Mage+Priest_vs_Priest+Hunter,Mage+Priest,Priest+Hunter,4,team2,kill,59.62
Mage+Priest_vs_Priest+Hunter,Mage+Priest,Priest+Hunter,5,team2,kill,53.55
Mage+Priest_vs_Priest+Hunter,Mage+Priest,Priest+Hunter,6,team2,kill,57.35
Mage+Priest_vs_Priest+Hunter,Mage+Priest,Priest+Hunter,7,team2,kill,55.82
Mage+Priest_vs_Priest+Hunter,Mage+Priest,Priest+Hunter,8,team2,kill,56.78
Mage+Priest_vs_Priest+Hunter,Mage+Priest,Priest+Hunter,9,team2,kill,52.82
Mage+Priest_vs_Warlock+Paladin,Mage+Priest,Warlock+Paladin,0,team2,kill,79.00
Mage+Priest_vs_Warlock+Paladin,Mage+Priest,Warlock+Paladin,1,team2,kill,72.93
Mage+Priest_vs_Warlock+Paladin,Mage+Priest,Warlock+Paladin,2,team1,kill,65.22
Mage+Priest_vs_Warlock+Paladin,Mage+Priest,Warlock+Paladin,3,team1,kill,196.86
Mage+Priest_vs_Warlock+Paladin,Mage+Priest,Warlock+Paladin,4,team2,kill,80.55
Mage+Priest_vs_Warlock+Paladin,Mage+Priest,Warlock+Paladin,5,team1,kill,74.78
Mage+Priest_vs_Warlock+Paladin,Mage+Priest,Warlock+Paladin,6,team1,kill,74.35
Mage+Priest_vs_Warlock+Paladin,Mage+Priest,Warlock+Paladin,7,team1,kill,68.03
Mage+Priest_vs_Warlock+Paladin,Mage+Priest,Warlock+Paladin,8,team2,kill,39.60
Mage+Priest_vs_Warlock+Paladin,Mage+Priest,Warlock+Paladin,9,team2,kill,73.10
Mage+Priest_vs_Warlock+Hunter,Mage+Priest,Warlock+Hunter,0,team1,kill,24.18
Mage+Priest_vs_Warlock+Hunter,Mage+Priest,Warlock+Hunter,1,team1,kill,22.92
Mage+Priest_vs_Warlock+Hunter,Mage+Priest,Warlock+Hunter,2,team1,kill,24.28
Mage+Priest_vs_Warlock+Hunter,Mage+Priest,Warlock+Hunter,3,team1,kill,24.30
Mage+Priest_vs_Warlock+Hunter,Mage+Priest,Warlock+Hunter,4,team1,kill,24.28
Mage+Priest_vs_Warlock+Hunter,Mage+Priest,Warlock+Hunter,5,team1,kill,24.45
Mage+Priest_vs_Warlock+Hunter,Mage+Priest,Warlock+Hunter,6,team1,kill,22.90
Mage+Priest_vs_Warlock+Hunter,Mage+Priest,Warlock+Hunter,7,team1,kill,22.77
Mage+Priest_vs_Warlock+Hunter,Mage+Priest,Warlock+Hunter,8,team1,kill,24.20
Mage+Priest_vs_Warlock+Hunter,Mage+Priest,Warlock+Hunter,9,team1,kill,24.20
Mage+Priest_vs_Warlock+Shaman,Mage+Priest,Warlock+Shaman,0,team1,kill,17.85
Mage+Priest_vs_Warlock+Shaman,Mage+Priest,Warlock+Shaman,1,team1,kill,36.88
Mage+Priest_vs_Warlock+Shaman,Mage+Priest,Warlock+Shaman,2,team2,kill,65.80
Mage+Priest_vs_Warlock+Shaman,Mage+Priest,Warlock+Shaman,3,team1,kill,28.80
Mage+Priest_vs_Warlock+Shaman,Mage+Priest,Warlock+Shaman,4,team1,kill,28.80
Mage+Priest_vs_Warlock+Shaman,Mage+Priest,Warlock+Shaman,5,team1,kill,31.37
Mage+Priest_vs_Warlock+Shaman,Mage+Priest,Warlock+Shaman,6,team1,kill,26.93
Mage+Priest_vs_Warlock+Shaman,Mage+Priest,Warlock+Shaman,7,team1,kill,19.48
Mage+Priest_vs_Warlock+Shaman,Mage+Priest,Warlock+Shaman,8,team1,kill,25.93
Mage+Priest_vs_Warlock+Shaman,Mage+Priest,Warlock+Shaman,9,team1,kill,27.15
Mage+Priest_vs_Paladin+Hunter,Mage+Priest,Paladin+Hunter,0,team1,kill,34.17
Mage+Priest_vs_Paladin+Hunter,Mage+Priest,Paladin+Hunter,1,team1,kill,74.17
Mage+Priest_vs_Paladin+Hunter,Mage+Priest,Paladin+Hunter,2,team2,kill,37.42
Mage+Priest_vs_Paladin+Hunter,Mage+Priest,Paladin+Hunter,3,team1,kill,74.17
Mage+Priest_vs_Paladin+Hunter,Mage+Priest,Paladin+Hunter,4,team1,kill,34.17
Mage+Priest_vs_Paladin+Hunter,Mage+Priest,Paladin+Hunter,5,team2,kill,59.55
Mage+Priest_vs_Paladin+Hunter,Mage+Priest,Paladin+Hunter,6,team1,kill,42.60
Mage+Priest_vs_Paladin+Hunter,Mage+Priest,Paladin+Hunter,7,team1,kill,34.17
Mage+Priest_vs_Paladin+Hunter,Mage+Priest,Paladin+Hunter,8,team1,kill,97.46
Mage+Priest_vs_Paladin+Hunter,Mage+Priest,Paladin+Hunter,9,team1,kill,62.45
Mage+Priest_vs_Hunter+Shaman,Mage+Priest,Hunter+Shaman,0,team1,kill,28.30
Mage+Priest_vs_Hunter+Shaman,Mage+Priest,Hunter+Shaman,1,team1,kill,28.28
Mage+Priest_vs_Hunter+Shaman,Mage+Priest,Hunter+Shaman,2,team1,kill,28.33
Mage+Priest_vs_Hunter+Shaman,Mage+Priest,Hunter+Shaman,3,team1,kill,64.28
Mage+Priest_vs_Hunter+Shaman,Mage+Priest,Hunter+Shaman,4,team1,kill,29.10
Mage+Priest_vs_Hunter+Shaman,Mage+Priest,Hunter+Shaman,5,team1,kill,28.28
Mage+Priest_vs_Hunter+Shaman,Mage+Priest,Hunter+Shaman,6,team1,kill,63.80
Mage+Priest_vs_Hunter+Shaman,Mage+Priest,Hunter+Shaman,7,team1,kill,40.87
Mage+Priest_vs_Hunter+Shaman,Mage+Priest,Hunter+Shaman,8,team1,kill,31.32
Mage+Priest_vs_Hunter+Shaman,Mage+Priest,Hunter+Shaman,9,team1,kill,22.22
Mage+Warlock_vs_Warrior+Mage,Mage+Warlock,Warrior+Mage,0,team1,kill,17.77
Mage+Warlock_vs_Warrior+Mage,Mage+Warlock,Warrior+Mage,1,team1,kill,18.28
Mage+Warlock_vs_Warrior+Mage,Mage+Warlock,Warrior+Mage,2,team1,kill,17.57
Mage+Warlock_vs_Warrior+Mage,Mage+Warlock,Warrior+Mage,3,team1,kill,17.52
Mage+Warlock_vs_Warrior+Mage,Mage+Warlock,Warrior+Mage,4,team1,kill,14.80
Mage+Warlock_vs_Warrior+Mage,Mage+Warlock,Warrior+Mage,5,team1,kill,17.58
Mage+Warlock_vs_Warrior+Mage,Mage+Warlock,Warrior+Mage,6,team1,kill,18.28
Mage+Warlock_vs_Warrior+Mage,Mage+Warlock,Warrior+Mage,7,team1,kill,18.95
Mage+Warlock_vs_Warrior+Mage,Mage+Warlock,Warrior+Mage,8,team1,kill,19.15
Mage+Warlock_vs_Warrior+Mage,Mage+Warlock,Warrior+Mage,9,team1,kill,19.28
Mage+Warlock_vs_Warrior+Rogue,Mage+Warlock,Warrior+Rogue,0,team2,kill,19.92
Mage+Warlock_vs_Warrior+Rogue,Mage+Warlock,Warrior+Rogue,1,team2,kill,19.92
Mage+Warlock_vs_Warrior+Rogue,Mage+Warlock,Warrior+Rogue,2,team2,kill,22.55
Mage+Warlock_vs_Warrior+Rogue,Mage+Warlock,Warrior+Rogue,3,team2,kill,23.25
Mage+Warlock_vs_Warrior+Rogue,Mage+Warlock,Warrior+Rogue,4,team2,kill,22.93
Mage+Warlock_vs_Warrior+Rogue,Mage+Warlock,Warrior+Rogue,5,team2,kill,23.63
Mage+Warlock_vs_Warrior+Rogue,Mage+Warlock,Warrior+Rogue,6,team2,kill,15.83
Mage+Warlock_vs_Warrior+Rogue,Mage+Warlock,Warrior+Rogue,7,team2,kill,19.92
Mage+Warlock_vs_Warrior+Rogue,Mage+Warlock,Warrior+Rogue,8,team2,kill,23.25
Mage+Warlock_vs_Warrior+Rogue,Mage+Warlock,Warrior+Rogue,9,team2,kill,24.55
Mage+Warlock_vs_Warrior+Priest,Mage+Warlock,Warrior+Priest,0,team2,kill,25.55
Mage+Warlock_vs_Warrior+Priest,Mage+Warlock,Warrior+Priest,1,team2,kill,22.78
Mage+Warlock_vs_Warrior+Priest,Mage+Warlock,Warrior+Priest,2,team2,kill,28.97
Mage+Warlock_vs_Warrior+Priest,Mage+Warlock,Warrior+Priest,3,team2,kill,28.97
Mage+Warlock_vs_Warrior+Priest,Mage+Warlock,Warrior+Priest,4,team2,kill,27.45
Mage+Warlock_vs_Warrior+Priest,Mage+Warlock,Warrior+Priest,5,team2,kill,28.78
Mage+Warlock_vs_Warrior+Priest,Mage+Warlock,Warrior+Priest,6,team2,kill,28.97
Mage+Warlock_vs_Warrior+Priest,Mage+Warlock,Warrior+Priest,7,team2,kill,28.97
Mage+Warlock_vs_Warrior+Priest,Mage+Warlock,Warrior+Priest,8,team2,kill,25.15
Mage+Warlock_vs_Warrior+Priest,Mage+Warlock,Warrior+Priest,9,team2,kill,28.92
Mage+Warlock_vs_Warrior+Warlock,Mage+Warlock,Warrior+Warlock,0,team1,kill,17.80
Mage+Warlock_vs_Warrior+Warlock,Mage+Warlock,Warrior+Warlock,1,team1,kill,19.97
Mage+Warlock_vs_Warrior+Warlock,Mage+Warlock,Warrior+Warlock,2,team1,kill,18.07
Mage+Warlock_vs_Warrior+Warlock,Mage+Warlock,Warrior+Warlock,3,team1,kill,19.28
Mage+Warlock_vs_Warrior+Warlock,Mage+Warlock,Warrior+Warlock,4,team1,kill,16.60
Mage+Warlock_vs_Warrior+Warlock,Mage+Warlock,Warrior+Warlock,5,team1,kill,20.78
Mage+Warlock_vs_Warrior+Warlock,Mage+Warlock,Warrior+Warlock,6,team1,kill,19.58
Mage+Warlock_vs_Warrior+Warlock,Mage+Warlock,Warrior+Warlock,7,team1,kill,19.80
Mage+Warlock_vs_Warrior+Warlock,Mage+Warlock,Warrior+Warlock,8,team1,kill,19.43
Mage+Warlock_vs_Warrior+Warlock,Mage+Warlock,Warrior+Warlock,9,team1,kill,18.07
Mage+Warlock_vs_Warrior+Paladin,Mage+Warlock,Warrior+Paladin,0,team2,kill,33.80
Mage+Warlock_vs_Warrior+Paladin,Mage+Warlock,Warrior+Paladin,1,team2,kill,33.73
Mage+Warlock_vs_Warrior+Paladin,Mage+Warlock,Warrior+Paladin,2,team2,kill,30.88
Mage+Warlock_vs_Warrior+Paladin,Mage+Warlock,Warrior+Paladin,3,team2,kill,30.88
Mage+Warlock_vs_Warrior+Paladin,Mage+Warlock,Warrior+Paladin,4,team2,kill,32.97
Mage+Warlock_vs_Warrior+Paladin,Mage+Warlock,Warrior+Paladin,5,team1,kill,38.00
Mage+Warlock_vs_Warrior+Paladin,Mage+Warlock,Warrior+Paladin,6,team2,kill,27.45
Mage+Warlock_vs_Warrior+Paladin,Mage+Warlock,Warrior+Paladin,7,team1,kill,48.35
Mage+Warlock_vs_Warrior+Paladin,Mage+Warlock,Warrior+Paladin,8,team2,kill,33.80
Mage+Warlock_vs_Warrior+Paladin,Mage+Warlock,Warrior+Paladin,9,team2,kill,31.43
Mage+Warlock_vs_Warrior+Hunter,Mage+Warlock,Warrior+Hunter,0,team2,kill,17.25
Mage+Warlock_vs_Warrior+Hunter,Mage+Warlock,Warrior+Hunter,1,team2,kill,17.93
Mage+Warlock_vs_Warrior+Hunter,Mage+Warlock,Warrior+Hunter,2,team1,kill,17.25
Mage+Warlock_vs_Warrior+Hunter,Mage+Warlock,Warrior+Hunter,3,team2,kill,19.75
Mage+Warlock_vs_Warrior+Hunter,Mage+Warlock,Warrior+Hunter,4,team1,kill,16.87
Mage+Warlock_vs_Warrior+Hunter,Mage+Warlock,Warrior+Hunter,5,team2,kill,15.05
Mage+Warlock_vs_Warrior+Hunter,Mage+Warlock,Warrior+Hunter,6,team2,kill,15.78
Mage+Warlock_vs_Warrior+Hunter,Mage+Warlock,Warrior+Hunter,7,team2,kill,15.98
Mage+Warlock_vs_Warrior+Hunter,Mage+Warlock,Warrior+Hunter,8,team2,kill,17.93
Mage+Warlock_vs_Warrior+Hunter,Mage+Warlock,Warrior+Hunter,9,team1,kill,19.37
Mage+Warlock_vs_Warrior+Shaman,Mage+Warlock,Warrior+Shaman,0,team2,kill,20.42
Mage+Warlock_vs_Warrior+Shaman,Mage+Warlock,Warrior+Shaman,1,team2,kill,21.20
Mage+Warlock_vs_Warrior+Shaman,Mage+Warlock,Warrior+Shaman,2,team2,kill,19.80
Mage+Warlock_vs_Warrior+Shaman,Mage+Warlock,Warrior+Shaman,3,team2,kill,28.50
Mage+Warlock_vs_Warrior+Shaman,Mage+Warlock,Warrior+Shaman,4,team2,kill,28.83
Mage+Warlock_vs_Warrior+Shaman,Mage+Warlock,Warrior+Shaman,5,team2,kill,19.80
Mage+Warlock_vs_Warrior+Shaman,Mage+Warlock,Warrior+Shaman,6,team1,kill,24.80
Mage+Warlock_vs_Warrior+Shaman,Mage+Warlock,Warrior+Shaman,7,team2,kill,21.20
Mage+Warlock_vs_Warrior+Shaman,Mage+Warlock,Warrior+Shaman,8,team2,kill,28.83
Mage+Warlock_vs_Warrior+Shaman,Mage+Warlock,Warrior+Shaman,9,team2,kill,20.85
Mage+Warlock_vs_Mage+Rogue,Mage+Warlock,Mage+Rogue,0,team1,kill,15.73
Mage+Warlock_vs_Mage+Rogue,Mage+Warlock,Mage+Rogue,1,team1,kill,17.77
Mage+Warlock_vs_Mage+Rogue,Mage+Warlock,Mage+Rogue,2,team1,kill,17.20
Mage+Warlock_vs_Mage+Rogue,Mage+Warlock,Mage+Rogue,3,team1,kill,18.57
Mage+Warlock_vs_Mage+Rogue,Mage+Warlock,Mage+Rogue,4,team1,kill,18.57
Mage+Warlock_vs_Mage+Rogue,Mage+Warlock,Mage+Rogue,5,team1,kill,17.13
Mage+Warlock_vs_Mage+Rogue,Mage+Warlock,Mage+Rogue,6,team1,kill,17.17
Mage+Warlock_vs_Mage+Rogue,Mage+Warlock,Mage+Rogue,7,team2,kill,25.53
Mage+Warlock_vs_Mage+Rogue,Mage+Warlock,Mage+Rogue,8,team1,kill,17.23
Mage+Warlock_vs_Mage+Rogue,Mage+Warlock,Mage+Rogue,9,team1,kill,18.57
Mage+Warlock_vs_Mage+Priest,Mage+Warlock,Mage+Priest,0,team2,kill,20.43
Mage+Warlock_vs_Mage+Priest,Mage+Warlock,Mage+Priest,1,team2,kill,24.45
Mage+Warlock_vs_Mage+Priest,Mage+Warlock,Mage+Priest,2,team2,kill,23.90
Mage+Warlock_vs_Mage+Priest,Mage+Warlock,Mage+Priest,3,team2,kill,23.95
Mage+Warlock_vs_Mage+Priest,Mage+Warlock,Mage+Priest,4,team2,kill,31.40
Mage+Warlock_vs_Mage+Priest,Mage+Warlock,Mage+Priest,5,team2,kill,24.45
Mage+Warlock_vs_Mage+Priest,Mage+Warlock,Mage+Priest,6,team2,kill,24.38
Mage+Warlock_vs_Mage+Priest,Mage+Warlock,Mage+Priest,7,team2,kill,26.48
Mage+Warlock_vs_Mage+Priest,Mage+Warlock,Mage+Priest,8,team2,kill,23.57
Mage+Warlock_vs_Mage+Priest,Mage+Warlock,Mage+Priest,9,team2,kill,23.90
Mage+Warlock_vs_Mage+Warlock,Mage+Warlock,Mage+Warlock,0,team1,kill,17.28
Mage+Warlock_vs_Mage+Warlock,Mage+Warlock,Mage+Warlock,1,team1,kill,16.97
Mage+Warlock_vs_Mage+Warlock,Mage+Warlock,Mage+Warlock,2,team2,kill,17.28
Mage+Warlock_vs_Mage+Warlock,Mage+Warlock,Mage+Warlock,3,draw,kill,18.77
Mage+Warlock_vs_Mage+Warlock,Mage+Warlock,Mage+Warlock,4,team1,kill,16.75
Mage+Warlock_vs_Mage+Warlock,Mage+Warlock,Mage+Warlock,5,draw,kill,16.97
Mage+Warlock_vs_Mage+Warlock,Mage+Warlock,Mage+Warlock,6,team1,kill,17.28
Mage+Warlock_vs_Mage+Warlock,Mage+Warlock,Mage+Warlock,7,draw,kill,18.77
Mage+Warlock_vs_Mage+Warlock,Mage+Warlock,Mage+Warlock,8,draw,kill,18.77
Mage+Warlock_vs_Mage+Warlock,Mage+Warlock,Mage+Warlock,9,team2,kill,17.42
Mage+Warlock_vs_Mage+Paladin,Mage+Warlock,Mage+Paladin,0,team2,kill,32.20
Mage+Warlock_vs_Mage+Paladin,Mage+Warlock,Mage+Paladin,1,team2,kill,65.15
Mage+Warlock_vs_Mage+Paladin,Mage+Warlock,Mage+Paladin,2,team2,kill,29.85
Mage+Warlock_vs_Mage+Paladin,Mage+Warlock,Mage+Paladin,3,team2,kill,24.48
Mage+Warlock_vs_Mage+Paladin,Mage+Warlock,Mage+Paladin,4,team2,kill,25.37
Mage+Warlock_vs_Mage+Paladin,Mage+Warlock,Mage+Paladin,5,team2,kill,28.00
Mage+Warlock_vs_Mage+Paladin,Mage+Warlock,Mage+Paladin,6,team2,kill,30.97
Mage+Warlock_vs_Mage+Paladin,Mage+Warlock,Mage+Paladin,7,team2,kill,40.18
Mage+Warlock_vs_Mage+Paladin,Mage+Warlock,Mage+Paladin,8,team1,kill,56.27
Mage+Warlock_vs_Mage+Paladin,Mage+Warlock,Mage+Paladin,9,team2,kill,37.43
Mage+Warlock_vs_Mage+Hunter,Mage+Warlock,Mage+Hunter,0,team1,kill,16.23
Mage+Warlock_vs_Mage+Hunter,Mage+Warlock,Mage+Hunter,1,team1,kill,15.23
Mage+Warlock_vs_Mage+Hunter,Mage+Warlock,Mage+Hunter,2,team1,kill,14.87
Mage+Warlock_vs_Mage+Hunter,Mage+Warlock,Mage+Hunter,3,team1,kill,16.15
Mage+Warlock_vs_Mage+Hunter,Mage+Warlock,Mage+Hunter,4,team1,kill,14.60
Mage+Warlock_vs_Mage+Hunter,Mage+Warlock,Mage+Hunter,5,team1,kill,15.23
Mage+Warlock_vs_Mage+Hunter,Mage+Warlock,Mage+Hunter,6,team1,kill,15.23
Mage+Warlock_vs_Mage+Hunter,Mage+Warlock,Mage+Hunter,7,team1,kill,14.78
Mage+Warlock_vs_Mage+Hunter,Mage+Warlock,Mage+Hunter,8,team2,kill,16.27
Mage+Warlock_vs_Mage+Hunter,Mage+Warlock,Mage+Hunter,9,team1,kill,14.80
Mage+Warlock_vs_Mage+Shaman,Mage+Warlock,Mage+Shaman,0,team2,kill,20.95
Mage+Warlock_vs_Mage+Shaman,Mage+Warlock,Mage+Shaman,1,team2,kill,26.00
Mage+Warlock_vs_Mage+Shaman,Mage+Warlock,Mage+Shaman,2,team2,kill,29.77
Mage+Warlock_vs_Mage+Shaman,Mage+Warlock,Mage+Shaman,3,team2,kill,20.55
Mage+Warlock_vs_Mage+Shaman,Mage+Warlock,Mage+Shaman,4,team2,kill,24.27
Mage+Warlock_vs_Mage+Shaman,Mage+Warlock,Mage+Shaman,5,team2,kill,28.60
Mage+Warlock_vs_Mage+Shaman,Mage+Warlock,Mage+Shaman,6,team2,kill,24.57
Mage+Warlock_vs_Mage+Shaman,Mage+Warlock,Mage+Shaman,7,team2,kill,26.00
Mage+Warlock_vs_Mage+Shaman,Mage+Warlock,Mage+Shaman,8,team2,kill,28.58
Mage+Warlock_vs_Mage+Shaman,Mage+Warlock,Mage+Shaman,9,team2,kill,29.83
Mage+Warlock_vs_Rogue+Priest,Mage+Warlock,Rogue+Priest,0,team2,kill,31.82
Mage+Warlock_vs_Rogue+Priest,Mage+Warlock,Rogue+Priest,1,team2,kill,36.73
Mage+Warlock_vs_Rogue+Priest,Mage+Warlock,Rogue+Priest,2,team2,kill,28.68
Mage+Warlock_vs_Rogue+Priest,Mage+Warlock,Rogue+Priest,3,team2,kill,35.98
Mage+Warlock_vs_Rogue+Priest,Mage+Warlock,Rogue+Priest,4,team2,kill,35.72
Mage+Warlock_vs_Rogue+Priest,Mage+Warlock,Rogue+Priest,5,team2,kill,34.92
Mage+Warlock_vs_Rogue+Priest,Mage+Warlock,Rogue+Priest,6,team2,kill,33.50
Mage+Warlock_vs_Rogue+Priest,Mage+Warlock,Rogue+Priest,7,team2,kill,33.38
Mage+Warlock_vs_Rogue+Priest,Mage+Warlock,Rogue+Priest,8,team2,kill,32.37
Mage+Warlock_vs_Rogue+Priest,Mage+Warlock,Rogue+Priest,9,team2,kill,35.22
Mage+Warlock_vs_Rogue+Warlock,Mage+Warlock,Rogue+Warlock,0,team1,kill,30.85
Mage+Warlock_vs_Rogue+Warlock,Mage+Warlock,Rogue+Warlock,1,team2,kill,29.45
Mage+Warlock_vs_Rogue+Warlock,Mage+Warlock,Rogue+Warlock,2,team1,kill,25.85
Mage+Warlock_vs_Rogue+Warlock,Mage+Warlock,Rogue+Warlock,3,team2,kill,28.90
Mage+Warlock_vs_Rogue+Warlock,Mage+Warlock,Rogue+Warlock,4,team1,kill,26.87
Mage+Warlock_vs_Rogue+Warlock,Mage+Warlock,Rogue+Warlock,5,team1,kill,27.58
Mage+Warlock_vs_Rogue+Warlock,Mage+Warlock,Rogue+Warlock,6,team2,kill,22.62
Mage+Warlock_vs_Rogue+Warlock,Mage+Warlock,Rogue+Warlock,7,team1,kill,26.52
Mage+Warlock_vs_Rogue+Warlock,Mage+Warlock,Rogue+Warlock,8,team1,kill,24.27
Mage+Warlock_vs_Rogue+Warlock,Mage+Warlock,Rogue+Warlock,9,team2,kill,22.05
Mage+Warlock_vs_Rogue+Paladin,Mage+Warlock,Rogue+Paladin,0,team1,kill,40.70
Mage+Warlock_vs_Rogue+Paladin,Mage+Warlock,Rogue+Paladin,1,team1,kill,43.15
Mage+Warlock_vs_Rogue+Paladin,Mage+Warlock,Rogue+Paladin,2,team2,kill,39.27
Mage+Warlock_vs_Rogue+Paladin,Mage+Warlock,Rogue+Paladin,3,team2,kill,43.63
Mage+Warlock_vs_Rogue+Paladin,Mage+Warlock,Rogue+Paladin,4,team2,kill,29.10
Mage+Warlock_vs_Rogue+Paladin,Mage+Warlock,Rogue+Paladin,5,team1,kill,42.60
Mage+Warlock_vs_Rogue+Paladin,Mage+Warlock,Rogue+Paladin,6,team2,kill,34.80
Mage+Warlock_vs_Rogue+Paladin,Mage+Warlock,Rogue+Paladin,7,team2,kill,46.10
Mage+Warlock_vs_Rogue+Paladin,Mage+Warlock,Rogue+Paladin,8,team1,kill,40.77
Mage+Warlock_vs_Rogue+Paladin,Mage+Warlock,Rogue+Paladin,9,team1,kill,44.32
Mage+Warlock_vs_Rogue+Hunter,Mage+Warlock,Rogue+Hunter,0,team1,kill,21.30
Mage+Warlock_vs_Rogue+Hunter,Mage+Warlock,Rogue+Hunter,1,team1,kill,23.35
Mage+Warlock_vs_Rogue+Hunter,Mage+Warlock,Rogue+Hunter,2,team1,kill,24.53
Mage+Warlock_vs_Rogue+Hunter,Mage+Warlock,Rogue+Hunter,3,team1,kill,22.85
Mage+Warlock_vs_Rogue+Hunter,Mage+Warlock,Rogue+Hunter,4,team1,kill,21.47
Mage+Warlock_vs_Rogue+Hunter,Mage+Warlock,Rogue+Hunter,5,team1,kill,25.67
Mage+Warlock_vs_Rogue+Hunter,Mage+Warlock,Rogue+Hunter,6,team1,kill,23.90
Mage+Warlock_vs_Rogue+Hunter,Mage+Warlock,Rogue+Hunter,7,team1,kill,18.27
Mage+Warlock_vs_Rogue+Hunter,Mage+Warlock,Rogue+Hunter,8,team1,kill,26.30
Mage+Warlock_vs_Rogue+Hunter,Mage+Warlock,Rogue+Hunter,9,team1,kill,27.67
Mage+Warlock_vs_Rogue+Shaman,Mage+Warlock,Rogue+Shaman,0,team2,kill,36.05
Mage+Warlock_vs_Rogue+Shaman,Mage+Warlock,Rogue+Shaman,1,team2,kill,25.88
Mage+Warlock_vs_Rogue+Shaman,Mage+Warlock,Rogue+Shaman,2,team2,kill,25.92
Mage+Warlock_vs_Rogue+Shaman,Mage+Warlock,Rogue+Shaman,3,team2,kill,25.88
Mage+Warlock_vs_Rogue+Shaman,Mage+Warlock,Rogue+Shaman,4,team2,kill,21.25
Mage+Warlock_vs_Rogue+Shaman,Mage+Warlock,Rogue+Shaman,5,team2,kill,27.42
Mage+Warlock_vs_Rogue+Shaman,Mage+Warlock,Rogue+Shaman,6,team2,kill,25.68
Mage+Warlock_vs_Rogue+Shaman,Mage+Warlock,Rogue+Shaman,7,team2,kill,17.18
Mage+Warlock_vs_Rogue+Shaman,Mage+Warlock,Rogue+Shaman,8,team2,kill,17.18
Mage+Warlock_vs_Rogue+Shaman,Mage+Warlock,Rogue+Shaman,9,team2,kill,25.88
Mage+Warlock_vs_Priest+Warlock,Mage+Warlock,Priest+Warlock,0,team1,kill,22.08
Mage+Warlock_vs_Priest+Warlock,Mage+Warlock,Priest+Warlock,1,team1,kill,23.60
Mage+Warlock_vs_Priest+Warlock,Mage+Warlock,Priest+Warlock,2,team1,kill,22.08
Mage+Warlock_vs_Priest+Warlock,Mage+Warlock,Priest+Warlock,3,team1,kill,22.08
Mage+Warlock_vs_Priest+Warlock,Mage+Warlock,Priest+Warlock,4,team1,kill,22.08
Mage+Warlock_vs_Priest+Warlock,Mage+Warlock,Priest+Warlock,5,team1,kill,22.08
Mage+Warlock_vs_Priest+Warlock,Mage+Warlock,Priest+Warlock,6,team1,kill,22.08
Mage+Warlock_vs_Priest+Warlock,Mage+Warlock,Priest+Warlock,7,team1,kill,22.08
Mage+Warlock_vs_Priest+Warlock,Mage+Warlock,Priest+Warlock,8,team1,kill,23.60
Mage+Warlock_vs_Priest+Warlock,Mage+Warlock,Priest+Warlock,9,team1,kill,23.60
Mage+Warlock_vs_Priest+Hunter,Mage+Warlock,Priest+Hunter,0,team1,kill,17.58
Mage+Warlock_vs_Priest+Hunter,Mage+Warlock,Priest+Hunter,1,team1,kill,17.73
Mage+Warlock_vs_Priest+Hunter,Mage+Warlock,Priest+Hunter,2,team1,kill,19.07
Mage+Warlock_vs_Priest+Hunter,Mage+Warlock,Priest+Hunter,3,team1,kill,16.02
Mage+Warlock_vs_Priest+Hunter,Mage+Warlock,Priest+Hunter,4,team1,kill,18.95
Mage+Warlock_vs_Priest+Hunter,Mage+Warlock,Priest+Hunter,5,team1,kill,17.75
Mage+Warlock_vs_Priest+Hunter,Mage+Warlock,Priest+Hunter,6,team1,kill,17.50
Mage+Warlock_vs_Priest+Hunter,Mage+Warlock,Priest+Hunter,7,team1,kill,16.13
Mage+Warlock_vs_Priest+Hunter,Mage+Warlock,Priest+Hunter,8,team1,kill,16.00
Mage+Warlock_vs_Priest+Hunter,Mage+Warlock,Priest+Hunter,9,team1,kill,18.97
Mage+Warlock_vs_Warlock+Paladin,Mage+Warlock,Warlock+Paladin,0,team1,kill,43.85
Mage+Warlock_vs_Warlock+Paladin,Mage+Warlock,Warlock+Paladin,1,team1,kill,45.17
Mage+Warlock_vs_Warlock+Paladin,Mage+Warlock,Warlock+Paladin,2,team1,kill,43.92
Mage+Warlock_vs_Warlock+Paladin,Mage+Warlock,Warlock+Paladin,3,team1,kill,39.73
Mage+Warlock_vs_Warlock+Paladin,Mage+Warlock,Warlock+Paladin,4,team1,kill,42.40
Mage+Warlock_vs_Warlock+Paladin,Mage+Warlock,Warlock+Paladin,5,team1,kill,45.17
Mage+Warlock_vs_Warlock+Paladin,Mage+Warlock,Warlock+Paladin,6,team1,kill,40.62
Mage+Warlock_vs_Warlock+Paladin,Mage+Warlock,Warlock+Paladin,7,team1,kill,48.47
Mage+Warlock_vs_Warlock+Paladin,Mage+Warlock,Warlock+Paladin,8,team1,kill,52.22
Mage+Warlock_vs_Warlock+Paladin,Mage+Warlock,Warlock+Paladin,9,team1,kill,43.87
Mage+Warlock_vs_Warlock+Hunter,Mage+Warlock,Warlock+Hunter,0,team1,kill,20.00
Mage+Warlock_vs_Warlock+Hunter,Mage+Warlock,Warlock+Hunter,1,team2,kill,19.60
Mage+Warlock_vs_Warlock+Hunter,Mage+Warlock,Warlock+Hunter,2,team2,kill,23.03
Mage+Warlock_vs_Warlock+Hunter,Mage+Warlock,Warlock+Hunter,3,team1,kill,18.48
Mage+Warlock_vs_Warlock+Hunter,Mage+Warlock,Warlock+Hunter,4,team1,kill,18.48
Mage+Warlock_vs_Warlock+Hunter,Mage+Warlock,Warlock+Hunter,5,team2,kill,21.90
Mage+Warlock_vs_Warlock+Hunter,Mage+Warlock,Warlock+Hunter,6,team2,kill,20.62
Mage+Warlock_vs_Warlock+Hunter,Mage+Warlock,Warlock+Hunter,7,team2,kill,18.35
Mage+Warlock_vs_Warlock+Hunter,Mage+Warlock,Warlock+Hunter,8,team1,kill,20.00
Mage+Warlock_vs_Warlock+Hunter,Mage+Warlock,Warlock+Hunter,9,team1,kill,20.00
Mage+Warlock_vs_Warlock+Shaman,Mage+Warlock,Warlock+Shaman,0,team1,kill,21.53
Mage+Warlock_vs_Warlock+Shaman,Mage+Warlock,Warlock+Shaman,1,team1,kill,25.82
Mage+Warlock_vs_Warlock+Shaman,Mage+Warlock,Warlock+Shaman,2,team1,kill,25.03
Mage+Warlock_vs_Warlock+Shaman,Mage+Warlock,Warlock+Shaman,3,team1,kill,24.60
Mage+Warlock_vs_Warlock+Shaman,Mage+Warlock,Warlock+Shaman,4,team1,kill,21.58
Mage+Warlock_vs_Warlock+Shaman,Mage+Warlock,Warlock+Shaman,5,team1,kill,23.27
Mage+Warlock_vs_Warlock+Shaman,Mage+Warlock,Warlock+Shaman,6,team1,kill,20.73
Mage+Warlock_vs_Warlock+Shaman,Mage+Warlock,Warlock+Shaman,7,team1,kill,21.58
Mage+Warlock_vs_Warlock+Shaman,Mage+Warlock,Warlock+Shaman,8,team1,kill,20.58
Mage+Warlock_vs_Warlock+Shaman,Mage+Warlock,Warlock+Shaman,9,team1,kill,21.95
Mage+Warlock_vs_Paladin+Hunter,Mage+Warlock,Paladin+Hunter,0,team2,kill,49.75
Mage+Warlock_vs_Paladin+Hunter,Mage+Warlock,Paladin+Hunter,1,team1,kill,37.42
Mage+Warlock_vs_Paladin+Hunter,Mage+Warlock,Paladin+Hunter,2,team1,kill,44.52
Mage+Warlock_vs_Paladin+Hunter,Mage+Warlock,Paladin+Hunter,3,team1,kill,34.45
Mage+Warlock_vs_Paladin+Hunter,Mage+Warlock,Paladin+Hunter,4,team1,kill,35.53
Mage+Warlock_vs_Paladin+Hunter,Mage+Warlock,Paladin+Hunter,5,team1,kill,34.62
Mage+Warlock_vs_Paladin+Hunter,Mage+Warlock,Paladin+Hunter,6,team1,kill,44.17
Mage+Warlock_vs_Paladin+Hunter,Mage+Warlock,Paladin+Hunter,7,team1,kill,35.43
Mage+Warlock_vs_Paladin+Hunter,Mage+Warlock,Paladin+Hunter,8,team1,kill,44.17
Mage+Warlock_vs_Paladin+Hunter,Mage+Warlock,Paladin+Hunter,9,team1,kill,34.25
Mage+Warlock_vs_Hunter+Shaman,Mage+Warlock,Hunter+Shaman,0,team1,kill,30.77
Mage+Warlock_vs_Hunter+Shaman,Mage+Warlock,Hunter+Shaman,1,team1,kill,31.17
Mage+Warlock_vs_Hunter+Shaman,Mage+Warlock,Hunter+Shaman,2,team1,kill,29.10
Mage+Warlock_vs_Hunter+Shaman,Mage+Warlock,Hunter+Shaman,3,team2,kill,42.25
Mage+Warlock_vs_Hunter+Shaman,Mage+Warlock,Hunter+Shaman,4,team1,kill,28.60
Mage+Warlock_vs_Hunter+Shaman,Mage+Warlock,Hunter+Shaman,5,team1,kill,34.47
Mage+Warlock_vs_Hunter+Shaman,Mage+Warlock,Hunter+Shaman,6,team1,kill,30.30
Mage+Warlock_vs_Hunter+Shaman,Mage+Warlock,Hunter+Shaman,7,team1,kill,25.28
Mage+Warlock_vs_Hunter+Shaman,Mage+Warlock,Hunter+Shaman,8,team1,kill,27.57
Mage+Warlock_vs_Hunter+Shaman,Mage+Warlock,Hunter+Shaman,9,team2,kill,32.70
Mage+Paladin_vs_Warrior+Mage,Mage+Paladin,Warrior+Mage,0,team1,kill,15.25
Mage+Paladin_vs_Warrior+Mage,Mage+Paladin,Warrior+Mage,1,team1,kill,19.18
Mage+Paladin_vs_Warrior+Mage,Mage+Paladin,Warrior+Mage,2,team1,kill,20.95
Mage+Paladin_vs_Warrior+Mage,Mage+Paladin,Warrior+Mage,3,team1,kill,19.43
Mage+Paladin_vs_Warrior+Mage,Mage+Paladin,Warrior+Mage,4,team1,kill,19.43
Mage+Paladin_vs_Warrior+Mage,Mage+Paladin,Warrior+Mage,5,team1,kill,20.95
Mage+Paladin_vs_Warrior+Mage,Mage+Paladin,Warrior+Mage,6,team1,kill,20.95
Mage+Paladin_vs_Warrior+Mage,Mage+Paladin,Warrior+Mage,7,team1,kill,19.43
Mage+Paladin_vs_Warrior+Mage,Mage+Paladin,Warrior+Mage,8,team1,kill,19.43
Mage+Paladin_vs_Warrior+Mage,Mage+Paladin,Warrior+Mage,9,team1,kill,20.95
Mage+Paladin_vs_Warrior+Rogue,Mage+Paladin,Warrior+Rogue,0,team1,kill,25.47
Mage+Paladin_vs_Warrior+Rogue,Mage+Paladin,Warrior+Rogue,1,team1,kill,25.25
Mage+Paladin_vs_Warrior+Rogue,Mage+Paladin,Warrior+Rogue,2,team1,kill,25.25
Mage+Paladin_vs_Warrior+Rogue,Mage+Paladin,Warrior+Rogue,3,team1,kill,25.25
Mage+Paladin_vs_Warrior+Rogue,Mage+Paladin,Warrior+Rogue,4,team1,kill,23.88
Mage+Paladin_vs_Warrior+Rogue,Mage+Paladin,Warrior+Rogue,5,team1,kill,25.25
Mage+Paladin_vs_Warrior+Rogue,Mage+Paladin,Warrior+Rogue,6,team1,kill,25.25
Mage+Paladin_vs_Warrior+Rogue,Mage+Paladin,Warrior+Rogue,7,team1,kill,25.15
Mage+Paladin_vs_Warrior+Rogue,Mage+Paladin,Warrior+Rogue,8,team1,kill,25.25
Mage+Paladin_vs_Warrior+Rogue,Mage+Paladin,Warrior+Rogue,9,team1,kill,25.25
Mage+Paladin_vs_Warrior+Priest,Mage+Paladin,Warrior+Priest,0,team2,kill,53.22
Mage+Paladin_vs_Warrior+Priest,Mage+Paladin,Warrior+Priest,1,team2,kill,52.97
Mage+Paladin_vs_Warrior+Priest,Mage+Paladin,Warrior+Priest,2,team2,kill,42.97
Mage+Paladin_vs_Warrior+Priest,Mage+Paladin,Warrior+Priest,3,team1,kill,66.87
Mage+Paladin_vs_Warrior+Priest,Mage+Paladin,Warrior+Priest,4,team1,kill,45.02
Mage+Paladin_vs_Warrior+Priest,Mage+Paladin,Warrior+Priest,5,team2,kill,48.98
Mage+Paladin_vs_Warrior+Priest,Mage+Paladin,Warrior+Priest,6,team2,kill,47.02
Mage+Paladin_vs_Warrior+Priest,Mage+Paladin,Warrior+Priest,7,team2,kill,50.00
Mage+Paladin_vs_Warrior+Priest,Mage+Paladin,Warrior+Priest,8,team2,kill,51.53
Mage+Paladin_vs_Warrior+Priest,Mage+Paladin,Warrior+Priest,9,team2,kill,52.98
Mage+Paladin_vs_Warrior+Warlock,Mage+Paladin,Warrior+Warlock,0,team1,kill,33.78
Mage+Paladin_vs_Warrior+Warlock,Mage+Paladin,Warrior+Warlock,1,team1,kill,34.68
Mage+Paladin_vs_Warrior+Warlock,Mage+Paladin,Warrior+Warlock,2,team1,kill,66.98
Mage+Paladin_vs_Warrior+Warlock,Mage+Paladin,Warrior+Warlock,3,team1,kill,28.27
Mage+Paladin_vs_Warrior+Warlock,Mage+Paladin,Warrior+Warlock,4,team1,kill,33.12
Mage+Paladin_vs_Warrior+Warlock,Mage+Paladin,Warrior+Warlock,5,team1,kill,35.25
Mage+Paladin_vs_Warrior+Warlock,Mage+Paladin,Warrior+Warlock,6,team1,kill,46.67
Mage+Paladin_vs_Warrior+Warlock,Mage+Paladin,Warrior+Warlock,7,team2,kill,42.50
Mage+Paladin_vs_Warrior+Warlock,Mage+Paladin,Warrior+Warlock,8,team1,kill,75.07
Mage+Paladin_vs_Warrior+Warlock,Mage+Paladin,Warrior+Warlock,9,team1,kill,42.43
Mage+Paladin_vs_Warrior+Paladin,Mage+Paladin,Warrior+Paladin,0,team2,kill,55.98
Mage+Paladin_vs_Warrior+Paladin,Mage+Paladin,Warrior+Paladin,1,team2,kill,58.20
Mage+Paladin_vs_Warrior+Paladin,Mage+Paladin,Warrior+Paladin,2,team1,kill,96.29
Mage+Paladin_vs_Warrior+Paladin,Mage+Paladin,Warrior+Paladin,3,team1,kill,82.32
Mage+Paladin_vs_Warrior+Paladin,Mage+Paladin,Warrior+Paladin,4,team2,kill,54.87
Mage+Paladin_vs_Warrior+Paladin,Mage+Paladin,Warrior+Paladin,5,team1,kill,84.64
Mage+Paladin_vs_Warrior+Paladin,Mage+Paladin,Warrior+Paladin,6,team1,kill,77.17
Mage+Paladin_vs_Warrior+Paladin,Mage+Paladin,Warrior+Paladin,7,team2,kill,80.25
Mage+Paladin_vs_Warrior+Paladin,Mage+Paladin,Warrior+Paladin,8,team1,kill,79.35
Mage+Paladin_vs_Warrior+Paladin,Mage+Paladin,Warrior+Paladin,9,team1,kill,86.59
Mage+Paladin_vs_Warrior+Hunter,Mage+Paladin,Warrior+Hunter,0,team1,kill,28.82
Mage+Paladin_vs_Warrior+Hunter,Mage+Paladin,Warrior+Hunter,1,team1,kill,34.27
Mage+Paladin_vs_Warrior+Hunter,Mage+Paladin,Warrior+Hunter,2,team1,kill,32.50
Mage+Paladin_vs_Warrior+Hunter,Mage+Paladin,Warrior+Hunter,3,team1,kill,28.75
Mage+Paladin_vs_Warrior+Hunter,Mage+Paladin,Warrior+Hunter,4,team1,kill,32.75
Mage+Paladin_vs_Warrior+Hunter,Mage+Paladin,Warrior+Hunter,5,team1,kill,34.27
Mage+Paladin_vs_Warrior+Hunter,Mage+Paladin,Warrior+Hunter,6,team1,kill,30.25
Mage+Paladin_vs_Warrior+Hunter,Mage+Paladin,Warrior+Hunter,7,team1,kill,34.27
Mage+Paladin_vs_Warrior+Hunter,Mage+Paladin,Warrior+Hunter,8,team1,kill,28.95
Mage+Paladin_vs_Warrior+Hunter,Mage+Paladin,Warrior+Hunter,9,team1,kill,34.27
Mage+Paladin_vs_Warrior+Shaman,Mage+Paladin,Warrior+Shaman,0,team1,kill,31.20
Mage+Paladin_vs_Warrior+Shaman,Mage+Paladin,Warrior+Shaman,1,team1,kill,37.72
Mage+Paladin_vs_Warrior+Shaman,Mage+Paladin,Warrior+Shaman,2,team1,kill,43.73
Mage+Paladin_vs_Warrior+Shaman,Mage+Paladin,Warrior+Shaman,3,team1,kill,41.72
Mage+Paladin_vs_Warrior+Shaman,Mage+Paladin,Warrior+Shaman,4,team2,kill,37.13
Mage+Paladin_vs_Warrior+Shaman,Mage+Paladin,Warrior+Shaman,5,team1,kill,39.40
Mage+Paladin_vs_Warrior+Shaman,Mage+Paladin,Warrior+Shaman,6,team1,kill,41.13
Mage+Paladin_vs_Warrior+Shaman,Mage+Paladin,Warrior+Shaman,7,team1,kill,42.90
Mage+Paladin_vs_Warrior+Shaman,Mage+Paladin,Warrior+Shaman,8,team1,kill,37.47
Mage+Paladin_vs_Warrior+Shaman,Mage+Paladin,Warrior+Shaman,9,team1,kill,38.80
Mage+Paladin_vs_Mage+Rogue,Mage+Paladin,Mage+Rogue,0,team1,kill,31.43
Mage+Paladin_vs_Mage+Rogue,Mage+Paladin,Mage+Rogue,1,team1,kill,31.43
Mage+Paladin_vs_Mage+Rogue,Mage+Paladin,Mage+Rogue,2,team1,kill,31.43
Mage+Paladin_vs_Mage+Rogue,Mage+Paladin,Mage+Rogue,3,team1,kill,31.43
Mage+Paladin_vs_Mage+Rogue,Mage+Paladin,Mage+Rogue,4,team1,kill,31.43
Mage+Paladin_vs_Mage+Rogue,Mage+Paladin,Mage+Rogue,5,team1,kill,64.90
Mage+Paladin_vs_Mage+Rogue,Mage+Paladin,Mage+Rogue,6,team1,kill,31.43
Mage+Paladin_vs_Mage+Rogue,Mage+Paladin,Mage+Rogue,7,team1,kill,30.33
Mage+Paladin_vs_Mage+Rogue,Mage+Paladin,Mage+Rogue,8,team1,kill,31.43
Mage+Paladin_vs_Mage+Rogue,Mage+Paladin,Mage+Rogue,9,team1,kill,31.33
Mage+Paladin_vs_Mage+Priest,Mage+Paladin,Mage+Priest,0,team2,kill,64.33
Mage+Paladin_vs_Mage+Priest,Mage+Paladin,Mage+Priest,1,team1,kill,55.03
Mage+Paladin_vs_Mage+Priest,Mage+Paladin,Mage+Priest,2,team1,kill,52.72
Mage+Paladin_vs_Mage+Priest,Mage+Paladin,Mage+Priest,3,team1,kill,59.32
Mage+Paladin_vs_Mage+Priest,Mage+Paladin,Mage+Priest,4,team1,kill,75.15
Mage+Paladin_vs_Mage+Priest,Mage+Paladin,Mage+Priest,5,team1,kill,77.30
Mage+Paladin_vs_Mage+Priest,Mage+Paladin,Mage+Priest,6,team1,kill,63.28
Mage+Paladin_vs_Mage+Priest,Mage+Paladin,Mage+Priest,7,team1,kill,66.15
Mage+Paladin_vs_Mage+Priest,Mage+Paladin,Mage+Priest,8,team1,kill,75.22
Mage+Paladin_vs_Mage+Priest,Mage+Paladin,Mage+Priest,9,team1,kill,122.60
Mage+Paladin_vs_Mage+Warlock,Mage+Paladin,Mage+Warlock,0,team1,kill,32.02
Mage+Paladin_vs_Mage+Warlock,Mage+Paladin,Mage+Warlock,1,team1,kill,74.78
Mage+Paladin_vs_Mage+Warlock,Mage+Paladin,Mage+Warlock,2,team1,kill,31.13
Mage+Paladin_vs_Mage+Warlock,Mage+Paladin,Mage+Warlock,3,team1,kill,24.53
Mage+Paladin_vs_Mage+Warlock,Mage+Paladin,Mage+Warlock,4,team1,kill,25.37
Mage+Paladin_vs_Mage+Warlock,Mage+Paladin,Mage+Warlock,5,team1,kill,39.83
Mage+Paladin_vs_Mage+Warlock,Mage+Paladin,Mage+Warlock,6,team1,kill,34.12
Mage+Paladin_vs_Mage+Warlock,Mage+Paladin,Mage+Warlock,7,team1,kill,39.87
Mage+Paladin_vs_Mage+Warlock,Mage+Paladin,Mage+Warlock,8,team2,kill,54.33
Mage+Paladin_vs_Mage+Warlock,Mage+Paladin,Mage+Warlock,9,team1,kill,27.82
Mage+Paladin_vs_Mage+Paladin,Mage+Paladin,Mage+Paladin,0,team1,kill,180.62
Mage+Paladin_vs_Mage+Paladin,Mage+Paladin,Mage+Paladin,1,team2,kill,175.37
Mage+Paladin_vs_Mage+Paladin,Mage+Paladin,Mage+Paladin,2,team2,kill,186.53
Mage+Paladin_vs_Mage+Paladin,Mage+Paladin,Mage+Paladin,3,team1,kill,182.13
Mage+Paladin_vs_Mage+Paladin,Mage+Paladin,Mage+Paladin,4,team1,kill,182.55
Mage+Paladin_vs_Mage+Paladin,Mage+Paladin,Mage+Paladin,5,team1,kill,94.34
Mage+Paladin_vs_Mage+Paladin,Mage+Paladin,Mage+Paladin,6,team2,kill,88.95
Mage+Paladin_vs_Mage+Paladin,Mage+Paladin,Mage+Paladin,7,team1,kill,109.28
Mage+Paladin_vs_Mage+Paladin,Mage+Paladin,Mage+Paladin,8,team1,kill,200.50
Mage+Paladin_vs_Mage+Paladin,Mage+Paladin,Mage+Paladin,9,team1,kill,186.97
Mage+Paladin_vs_Mage+Hunter,Mage+Paladin,Mage+Hunter,0,team1,kill,28.73
Mage+Paladin_vs_Mage+Hunter,Mage+Paladin,Mage+Hunter,1,team1,kill,27.13
Mage+Paladin_vs_Mage+Hunter,Mage+Paladin,Mage+Hunter,2,team1,kill,25.97
Mage+Paladin_vs_Mage+Hunter,Mage+Paladin,Mage+Hunter,3,team1,kill,27.45
Mage+Paladin_vs_Mage+Hunter,Mage+Paladin,Mage+Hunter,4,team1,kill,27.20
Mage+Paladin_vs_Mage+Hunter,Mage+Paladin,Mage+Hunter,5,team1,kill,27.50
Mage+Paladin_vs_Mage+Hunter,Mage+Paladin,Mage+Hunter,6,team1,kill,27.27
Mage+Paladin_vs_Mage+Hunter,Mage+Paladin,Mage+Hunter,7,team1,kill,24.13
Mage+Paladin_vs_Mage+Hunter,Mage+Paladin,Mage+Hunter,8,team1,kill,28.75
Mage+Paladin_vs_Mage+Hunter,Mage+Paladin,Mage+Hunter,9,team1,kill,27.28
Mage+Paladin_vs_Mage+Shaman,Mage+Paladin,Mage+Shaman,0,team1,kill,32.28
Mage+Paladin_vs_Mage+Shaman,Mage+Paladin,Mage+Shaman,1,team2,kill,35.20
Mage+Paladin_vs_Mage+Shaman,Mage+Paladin,Mage+Shaman,2,team1,kill,28.33
Mage+Paladin_vs_Mage+Shaman,Mage+Paladin,Mage+Shaman,3,team1,kill,31.17
Mage+Paladin_vs_Mage+Shaman,Mage+Paladin,Mage+Shaman,4,team1,kill,209.93
Mage+Paladin_vs_Mage+Shaman,Mage+Paladin,Mage+Shaman,5,team1,kill,32.92
Mage+Paladin_vs_Mage+Shaman,Mage+Paladin,Mage+Shaman,6,team1,kill,25.70
Mage+Paladin_vs_Mage+Shaman,Mage+Paladin,Mage+Shaman,7,team1,kill,17.87
Mage+Paladin_vs_Mage+Shaman,Mage+Paladin,Mage+Shaman,8,team1,kill,32.28
Mage+Paladin_vs_Mage+Shaman,Mage+Paladin,Mage+Shaman,9,team1,kill,31.83
Mage+Paladin_vs_Rogue+Priest,Mage+Paladin,Rogue+Priest,0,team2,kill,67.20
Mage+Paladin_vs_Rogue+Priest,Mage+Paladin,Rogue+Priest,1,team2,kill,64.80
Mage+Paladin_vs_Rogue+Priest,Mage+Paladin,Rogue+Priest,2,team2,kill,77.24
Mage+Paladin_vs_Rogue+Priest,Mage+Paladin,Rogue+Priest,3,team2,kill,76.49
Mage+Paladin_vs_Rogue+Priest,Mage+Paladin,Rogue+Priest,4,team2,kill,79.95
Mage+Paladin_vs_Rogue+Priest,Mage+Paladin,Rogue+Priest,5,team2,kill,82.25
Mage+Paladin_vs_Rogue+Priest,Mage+Paladin,Rogue+Priest,6,team2,kill,67.75
Mage+Paladin_vs_Rogue+Priest,Mage+Paladin,Rogue+Priest,7,team2,kill,76.29
Mage+Paladin_vs_Rogue+Priest,Mage+Paladin,Rogue+Priest,8,team1,kill,72.07
Mage+Paladin_vs_Rogue+Priest,Mage+Paladin,Rogue+Priest,9,team2,kill,73.93
Mage+Paladin_vs_Rogue+Warlock,Mage+Paladin,Rogue+Warlock,0,team2,kill,53.57
Mage+Paladin_vs_Rogue+Warlock,Mage+Paladin,Rogue+Warlock,1,team1,kill,45.72
Mage+Paladin_vs_Rogue+Warlock,Mage+Paladin,Rogue+Warlock,2,team2,kill,42.73
Mage+Paladin_vs_Rogue+Warlock,Mage+Paladin,Rogue+Warlock,3,team1,kill,34.83
Mage+Paladin_vs_Rogue+Warlock,Mage+Paladin,Rogue+Warlock,4,team2,kill,50.97
Mage+Paladin_vs_Rogue+Warlock,Mage+Paladin,Rogue+Warlock,5,team1,kill,46.70
Mage+Paladin_vs_Rogue+Warlock,Mage+Paladin,Rogue+Warlock,6,team2,kill,55.27
Mage+Paladin_vs_Rogue+Warlock,Mage+Paladin,Rogue+Warlock,7,team1,kill,55.98
Mage+Paladin_vs_Rogue+Warlock,Mage+Paladin,Rogue+Warlock,8,team1,kill,42.62
Mage+Paladin_vs_Rogue+Warlock,Mage+Paladin,Rogue+Warlock,9,team2,kill,42.82
Mage+Paladin_vs_Rogue+Paladin,Mage+Paladin,Rogue+Paladin,0,team2,kill,89.89
Mage+Paladin_vs_Rogue+Paladin,Mage+Paladin,Rogue+Paladin,1,team2,kill,90.42
Mage+Paladin_vs_Rogue+Paladin,Mage+Paladin,Rogue+Paladin,2,team2,kill,86.85
Mage+Paladin_vs_Rogue+Paladin,Mage+Paladin,Rogue+Paladin,3,team2,kill,96.36
Mage+Paladin_vs_Rogue+Paladin,Mage+Paladin,Rogue+Paladin,4,team2,kill,86.09
Mage+Paladin_vs_Rogue+Paladin,Mage+Paladin,Rogue+Paladin,5,team2,kill,94.51
Mage+Paladin_vs_Rogue+Paladin,Mage+Paladin,Rogue+Paladin,6,team2,kill,97.22
Mage+Paladin_vs_Rogue+Paladin,Mage+Paladin,Rogue+Paladin,7,team2,kill,84.05
Mage+Paladin_vs_Rogue+Paladin,Mage+Paladin,Rogue+Paladin,8,team2,kill,111.98
Mage+Paladin_vs_Rogue+Paladin,Mage+Paladin,Rogue+Paladin,9,team2,kill,89.29
Mage+Paladin_vs_Rogue+Hunter,Mage+Paladin,Rogue+Hunter,0,team1,kill,34.77
Mage+Paladin_vs_Rogue+Hunter,Mage+Paladin,Rogue+Hunter,1,team1,kill,26.25
Mage+Paladin_vs_Rogue+Hunter,Mage+Paladin,Rogue+Hunter,2,team1,kill,33.25
Mage+Paladin_vs_Rogue+Hunter,Mage+Paladin,Rogue+Hunter,3,team1,kill,35.93
Mage+Paladin_vs_Rogue+Hunter,Mage+Paladin,Rogue+Hunter,4,team1,kill,35.93
Mage+Paladin_vs_Rogue+Hunter,Mage+Paladin,Rogue+Hunter,5,team1,kill,34.77
Mage+Paladin_vs_Rogue+Hunter,Mage+Paladin,Rogue+Hunter,6,team1,kill,28.07
Mage+Paladin_vs_Rogue+Hunter,Mage+Paladin,Rogue+Hunter,7,team1,kill,26.25
Mage+Paladin_vs_Rogue+Hunter,Mage+Paladin,Rogue+Hunter,8,team1,kill,27.90
Mage+Paladin_vs_Rogue+Hunter,Mage+Paladin,Rogue+Hunter,9,team1,kill,35.93
Mage+Paladin_vs_Rogue+Shaman,Mage+Paladin,Rogue+Shaman,0,team1,kill,50.30
Mage+Paladin_vs_Rogue+Shaman,Mage+Paladin,Rogue+Shaman,1,team2,kill,38.12
Mage+Paladin_vs_Rogue+Shaman,Mage+Paladin,Rogue+Shaman,2,team1,kill,38.33
Mage+Paladin_vs_Rogue+Shaman,Mage+Paladin,Rogue+Shaman,3,team2,kill,58.55
Mage+Paladin_vs_Rogue+Shaman,Mage+Paladin,Rogue+Shaman,4,team1,kill,62.07
Mage+Paladin_vs_Rogue+Shaman,Mage+Paladin,Rogue+Shaman,5,team1,kill,35.30
Mage+Paladin_vs_Rogue+Shaman,Mage+Paladin,Rogue+Shaman,6,team1,kill,33.78
Mage+Paladin_vs_Rogue+Shaman,Mage+Paladin,Rogue+Shaman,7,team1,kill,43.70
Mage+Paladin_vs_Rogue+Shaman,Mage+Paladin,Rogue+Shaman,8,team1,kill,60.33
Mage+Paladin_vs_Rogue+Shaman,Mage+Paladin,Rogue+Shaman,9,team2,kill,56.45
Mage+Paladin_vs_Priest+Warlock,Mage+Paladin,Priest+Warlock,0,team1,kill,97.72
Mage+Paladin_vs_Priest+Warlock,Mage+Paladin,Priest+Warlock,1,team2,kill,79.82
Mage+Paladin_vs_Priest+Warlock,Mage+Paladin,Priest+Warlock,2,team1,kill,81.65
Mage+Paladin_vs_Priest+Warlock,Mage+Paladin,Priest+Warlock,3,team2,kill,104.39
Mage+Paladin_vs_Priest+Warlock,Mage+Paladin,Priest+Warlock,4,team2,kill,67.43
Mage+Paladin_vs_Priest+Warlock,Mage+Paladin,Priest+Warlock,5,team2,kill,76.89
Mage+Paladin_vs_Priest+Warlock,Mage+Paladin,Priest+Warlock,6,team2,kill,92.64
Mage+Paladin_vs_Priest+Warlock,Mage+Paladin,Priest+Warlock,7,team1,kill,61.35
Mage+Paladin_vs_Priest+Warlock,Mage+Paladin,Priest+Warlock,8,team2,kill,75.55
Mage+Paladin_vs_Priest+Warlock,Mage+Paladin,Priest+Warlock,9,team1,kill,66.55
Mage+Paladin_vs_Priest+Hunter,Mage+Paladin,Priest+Hunter,0,team1,kill,93.62
Mage+Paladin_vs_Priest+Hunter,Mage+Paladin,Priest+Hunter,1,team1,kill,94.74
Mage+Paladin_vs_Priest+Hunter,Mage+Paladin,Priest+Hunter,2,team1,kill,64.50
Mage+Paladin_vs_Priest+Hunter,Mage+Paladin,Priest+Hunter,3,team1,kill,74.68
Mage+Paladin_vs_Priest+Hunter,Mage+Paladin,Priest+Hunter,4,team1,kill,66.23
Mage+Paladin_vs_Priest+Hunter,Mage+Paladin,Priest+Hunter,5,team1,kill,70.62
Mage+Paladin_vs_Priest+Hunter,Mage+Paladin,Priest+Hunter,6,team1,kill,84.55
Mage+Paladin_vs_Priest+Hunter,Mage+Paladin,Priest+Hunter,7,team1,kill,90.80
Mage+Paladin_vs_Priest+Hunter,Mage+Paladin,Priest+Hunter,8,team1,kill,87.15
Mage+Paladin_vs_Priest+Hunter,Mage+Paladin,Priest+Hunter,9,team1,kill,97.29
Mage+Paladin_vs_Warlock+Paladin,Mage+Paladin,Warlock+Paladin,0,team2,kill,107.18
Mage+Paladin_vs_Warlock+Paladin,Mage+Paladin,Warlock+Paladin,1,team2,kill,128.13
Mage+Paladin_vs_Warlock+Paladin,Mage+Paladin,Warlock+Paladin,2,team2,kill,150.46
Mage+Paladin_vs_Warlock+Paladin,Mage+Paladin,Warlock+Paladin,3,team2,kill,131.71
Mage+Paladin_vs_Warlock+Paladin,Mage+Paladin,Warlock+Paladin,4,team1,kill,54.33
Mage+Paladin_vs_Warlock+Paladin,Mage+Paladin,Warlock+Paladin,5,team1,kill,102.37
Mage+Paladin_vs_Warlock+Paladin,Mage+Paladin,Warlock+Paladin,6,team2,kill,167.35
Mage+Paladin_vs_Warlock+Paladin,Mage+Paladin,Warlock+Paladin,7,team2,kill,149.97
Mage+Paladin_vs_Warlock+Paladin,Mage+Paladin,Warlock+Paladin,8,team1,kill,105.41
Mage+Paladin_vs_Warlock+Paladin,Mage+Paladin,Warlock+Paladin,9,team2,kill,162.82
Mage+Paladin_vs_Warlock+Hunter,Mage+Paladin,Warlock+Hunter,0,team1,kill,27.60
Mage+Paladin_vs_Warlock+Hunter,Mage+Paladin,Warlock+Hunter,1,team1,kill,22.37
Mage+Paladin_vs_Warlock+Hunter,Mage+Paladin,Warlock+Hunter,2,team1,kill,23.92
Mage+Paladin_vs_Warlock+Hunter,Mage+Paladin,Warlock+Hunter,3,team1,kill,30.10
Mage+Paladin_vs_Warlock+Hunter,Mage+Paladin,Warlock+Hunter,4,team1,kill,22.33
Mage+Paladin_vs_Warlock+Hunter,Mage+Paladin,Warlock+Hunter,5,team1,kill,22.37
Mage+Paladin_vs_Warlock+Hunter,Mage+Paladin,Warlock+Hunter,6,team1,kill,22.25
Mage+Paladin_vs_Warlock+Hunter,Mage+Paladin,Warlock+Hunter,7,team1,kill,27.60
Mage+Paladin_vs_Warlock+Hunter,Mage+Paladin,Warlock+Hunter,8,team1,kill,22.25
Mage+Paladin_vs_Warlock+Hunter,Mage+Paladin,Warlock+Hunter,9,team1,kill,25.15
Mage+Paladin_vs_Warlock+Shaman,Mage+Paladin,Warlock+Shaman,0,team1,kill,68.08
Mage+Paladin_vs_Warlock+Shaman,Mage+Paladin,Warlock+Shaman,1,team1,kill,30.23
Mage+Paladin_vs_Warlock+Shaman,Mage+Paladin,Warlock+Shaman,2,team2,kill,110.34
Mage+Paladin_vs_Warlock+Shaman,Mage+Paladin,Warlock+Shaman,3,team1,kill,36.83
Mage+Paladin_vs_Warlock+Shaman,Mage+Paladin,Warlock+Shaman,4,team1,kill,36.47
Mage+Paladin_vs_Warlock+Shaman,Mage+Paladin,Warlock+Shaman,5,team1,kill,30.17
Mage+Paladin_vs_Warlock+Shaman,Mage+Paladin,Warlock+Shaman,6,team1,kill,30.98
Mage+Paladin_vs_Warlock+Shaman,Mage+Paladin,Warlock+Shaman,7,team2,kill,101.07
Mage+Paladin_vs_Warlock+Shaman,Mage+Paladin,Warlock+Shaman,8,team1,kill,30.62
Mage+Paladin_vs_Warlock+Shaman,Mage+Paladin,Warlock+Shaman,9,team1,kill,22.48
Mage+Paladin_vs_Paladin+Hunter,Mage+Paladin,Paladin+Hunter,0,team1,kill,44.17
Mage+Paladin_vs_Paladin+Hunter,Mage+Paladin,Paladin+Hunter,1,team1,kill,62.92
Mage+Paladin_vs_Paladin+Hunter,Mage+Paladin,Paladin+Hunter,2,team1,kill,54.80
Mage+Paladin_vs_Paladin+Hunter,Mage+Paladin,Paladin+Hunter,3,team1,kill,134.79
Mage+Paladin_vs_Paladin+Hunter,Mage+Paladin,Paladin+Hunter,4,team1,kill,109.04
Mage+Paladin_vs_Paladin+Hunter,Mage+Paladin,Paladin+Hunter,5,team1,kill,81.00
Mage+Paladin_vs_Paladin+Hunter,Mage+Paladin,Paladin+Hunter,6,team1,kill,54.17
Mage+Paladin_vs_Paladin+Hunter,Mage+Paladin,Paladin+Hunter,7,team1,kill,63.85
Mage+Paladin_vs_Paladin+Hunter,Mage+Paladin,Paladin+Hunter,8,team1,kill,94.17
Mage+Paladin_vs_Paladin+Hunter,Mage+Paladin,Paladin+Hunter,9,team1,kill,54.17
Mage+Paladin_vs_Hunter+Shaman,Mage+Paladin,Hunter+Shaman,0,team1,kill,28.73
Mage+Paladin_vs_Hunter+Shaman,Mage+Paladin,Hunter+Shaman,1,team1,kill,35.18
Mage+Paladin_vs_Hunter+Shaman,Mage+Paladin,Hunter+Shaman,2,team1,kill,22.90
Mage+Paladin_vs_Hunter+Shaman,Mage+Paladin,Hunter+Shaman,3,team1,kill,32.83
Mage+Paladin_vs_Hunter+Shaman,Mage+Paladin,Hunter+Shaman,4,team1,kill,32.83
Mage+Paladin_vs_Hunter+Shaman,Mage+Paladin,Hunter+Shaman,5,team1,kill,27.30
Mage+Paladin_vs_Hunter+Shaman,Mage+Paladin,Hunter+Shaman,6,team1,kill,35.62
Mage+Paladin_vs_Hunter+Shaman,Mage+Paladin,Hunter+Shaman,7,team1,kill,30.47
Mage+Paladin_vs_Hunter+Shaman,Mage+Paladin,Hunter+Shaman,8,team1,kill,25.82
Mage+Paladin_vs_Hunter+Shaman,Mage+Paladin,Hunter+Shaman,9,team1,kill,32.83
Mage+Hunter_vs_Warrior+Mage,Mage+Hunter,Warrior+Mage,0,team2,kill,18.73
Mage+Hunter_vs_Warrior+Mage,Mage+Hunter,Warrior+Mage,1,team1,kill,17.85
Mage+Hunter_vs_Warrior+Mage,Mage+Hunter,Warrior+Mage,2,team1,kill,19.37
Mage+Hunter_vs_Warrior+Mage,Mage+Hunter,Warrior+Mage,3,team1,kill,19.37
Mage+Hunter_vs_Warrior+Mage,Mage+Hunter,Warrior+Mage,4,team1,kill,16.68
Mage+Hunter_vs_Warrior+Mage,Mage+Hunter,Warrior+Mage,5,team1,kill,19.37
Mage+Hunter_vs_Warrior+Mage,Mage+Hunter,Warrior+Mage,6,team2,kill,18.73
Mage+Hunter_vs_Warrior+Mage,Mage+Hunter,Warrior+Mage,7,team1,kill,19.37
Mage+Hunter_vs_Warrior+Mage,Mage+Hunter,Warrior+Mage,8,team2,kill,18.47
Mage+Hunter_vs_Warrior+Mage,Mage+Hunter,Warrior+Mage,9,team2,kill,18.47
Mage+Hunter_vs_Warrior+Rogue,Mage+Hunter,Warrior+Rogue,0,team1,kill,16.43
Mage+Hunter_vs_Warrior+Rogue,Mage+Hunter,Warrior+Rogue,1,team1,kill,16.43
Mage+Hunter_vs_Warrior+Rogue,Mage+Hunter,Warrior+Rogue,2,team1,kill,16.43
Mage+Hunter_vs_Warrior+Rogue,Mage+Hunter,Warrior+Rogue,3,team1,kill,16.43
Mage+Hunter_vs_Warrior+Rogue,Mage+Hunter,Warrior+Rogue,4,team1,kill,16.43
Mage+Hunter_vs_Warrior+Rogue,Mage+Hunter,Warrior+Rogue,5,team1,kill,16.43
Mage+Hunter_vs_Warrior+Rogue,Mage+Hunter,Warrior+Rogue,6,team1,kill,17.88
Mage+Hunter_vs_Warrior+Rogue,Mage+Hunter,Warrior+Rogue,7,team1,kill,16.43
Mage+Hunter_vs_Warrior+Rogue,Mage+Hunter,Warrior+Rogue,8,team1,kill,17.88
Mage+Hunter_vs_Warrior+Rogue,Mage+Hunter,Warrior+Rogue,9,team1,kill,17.63
Mage+Hunter_vs_Warrior+Priest,Mage+Hunter,Warrior+Priest,0,team2,kill,44.82
Mage+Hunter_vs_Warrior+Priest,Mage+Hunter,Warrior+Priest,1,team2,kill,31.48
Mage+Hunter_vs_Warrior+Priest,Mage+Hunter,Warrior+Priest,2,team2,kill,45.15
Mage+Hunter_vs_Warrior+Priest,Mage+Hunter,Warrior+Priest,3,team2,kill,44.80
Mage+Hunter_vs_Warrior+Priest,Mage+Hunter,Warrior+Priest,4,team2,kill,45.57
Mage+Hunter_vs_Warrior+Priest,Mage+Hunter,Warrior+Priest,5,team2,kill,25.25
Mage+Hunter_vs_Warrior+Priest,Mage+Hunter,Warrior+Priest,6,team2,kill,25.47
Mage+Hunter_vs_Warrior+Priest,Mage+Hunter,Warrior+Priest,7,team2,kill,27.97
Mage+Hunter_vs_Warrior+Priest,Mage+Hunter,Warrior+Priest,8,team2,kill,27.77
Mage+Hunter_vs_Warrior+Priest,Mage+Hunter,Warrior+Priest,9,team2,kill,42.20
Mage+Hunter_vs_Warrior+Warlock,Mage+Hunter,Warrior+Warlock,0,team1,kill,20.85
Mage+Hunter_vs_Warrior+Warlock,Mage+Hunter,Warrior+Warlock,1,team1,kill,20.85
Mage+Hunter_vs_Warrior+Warlock,Mage+Hunter,Warrior+Warlock,2,team1,kill,20.85
Mage+Hunter_vs_Warrior+Warlock,Mage+Hunter,Warrior+Warlock,3,team1,kill,20.85
Mage+Hunter_vs_Warrior+Warlock,Mage+Hunter,Warrior+Warlock,4,team1,kill,18.33
Mage+Hunter_vs_Warrior+Warlock,Mage+Hunter,Warrior+Warlock,5,team1,kill,20.85
Mage+Hunter_vs_Warrior+Warlock,Mage+Hunter,Warrior+Warlock,6,team1,kill,19.97
Mage+Hunter_vs_Warrior+Warlock,Mage+Hunter,Warrior+Warlock,7,team1,kill,20.85
Mage+Hunter_vs_Warrior+Warlock,Mage+Hunter,Warrior+Warlock,8,team1,kill,20.85
Mage+Hunter_vs_Warrior+Warlock,Mage+Hunter,Warrior+Warlock,9,team1,kill,20.85
Mage+Hunter_vs_Warrior+Paladin,Mage+Hunter,Warrior+Paladin,0,team2,kill,72.95
Mage+Hunter_vs_Warrior+Paladin,Mage+Hunter,Warrior+Paladin,1,team2,kill,56.30
Mage+Hunter_vs_Warrior+Paladin,Mage+Hunter,Warrior+Paladin,2,team1,kill,44.07
Mage+Hunter_vs_Warrior+Paladin,Mage+Hunter,Warrior+Paladin,3,team2,kill,44.85
Mage+Hunter_vs_Warrior+Paladin,Mage+Hunter,Warrior+Paladin,4,team2,kill,40.62
Mage+Hunter_vs_Warrior+Paladin,Mage+Hunter,Warrior+Paladin,5,team2,kill,44.78
Mage+Hunter_vs_Warrior+Paladin,Mage+Hunter,Warrior+Paladin,6,team2,kill,31.83
Mage+Hunter_vs_Warrior+Paladin,Mage+Hunter,Warrior+Paladin,7,team2,kill,38.77
Mage+Hunter_vs_Warrior+Paladin,Mage+Hunter,Warrior+Paladin,8,team2,kill,46.32
Mage+Hunter_vs_Warrior+Paladin,Mage+Hunter,Warrior+Paladin,9,team2,kill,30.62
Mage+Hunter_vs_Warrior+Hunter,Mage+Hunter,Warrior+Hunter,0,team2,kill,15.98
Mage+Hunter_vs_Warrior+Hunter,Mage+Hunter,Warrior+Hunter,1,team2,kill,15.98
Mage+Hunter_vs_Warrior+Hunter,Mage+Hunter,Warrior+Hunter,2,team2,kill,19.77
Mage+Hunter_vs_Warrior+Hunter,Mage+Hunter,Warrior+Hunter,3,team2,kill,20.97
Mage+Hunter_vs_Warrior+Hunter,Mage+Hunter,Warrior+Hunter,4,team1,kill,18.50
Mage+Hunter_vs_Warrior+Hunter,Mage+Hunter,Warrior+Hunter,5,team2,kill,15.47
Mage+Hunter_vs_Warrior+Hunter,Mage+Hunter,Warrior+Hunter,6,team2,kill,20.03
Mage+Hunter_vs_Warrior+Hunter,Mage+Hunter,Warrior+Hunter,7,team2,kill,17.90
Mage+Hunter_vs_Warrior+Hunter,Mage+Hunter,Warrior+Hunter,8,team2,kill,19.83
Mage+Hunter_vs_Warrior+Hunter,Mage+Hunter,Warrior+Hunter,9,team2,kill,15.47
Mage+Hunter_vs_Warrior+Shaman,Mage+Hunter,Warrior+Shaman,0,team1,kill,28.13
Mage+Hunter_vs_Warrior+Shaman,Mage+Hunter,Warrior+Shaman,1,team1,kill,27.75
Mage+Hunter_vs_Warrior+Shaman,Mage+Hunter,Warrior+Shaman,2,team1,kill,25.45
Mage+Hunter_vs_Warrior+Shaman,Mage+Hunter,Warrior+Shaman,3,team1,kill,28.98
Mage+Hunter_vs_Warrior+Shaman,Mage+Hunter,Warrior+Shaman,4,team1,kill,35.47
Mage+Hunter_vs_Warrior+Shaman,Mage+Hunter,Warrior+Shaman,5,team1,kill,20.95
Mage+Hunter_vs_Warrior+Shaman,Mage+Hunter,Warrior+Shaman,6,team1,kill,24.43
Mage+Hunter_vs_Warrior+Shaman,Mage+Hunter,Warrior+Shaman,7,team1,kill,20.80
Mage+Hunter_vs_Warrior+Shaman,Mage+Hunter,Warrior+Shaman,8,team1,kill,20.80
Mage+Hunter_vs_Warrior+Shaman,Mage+Hunter,Warrior+Shaman,9,team1,kill,57.28
Mage+Hunter_vs_Mage+Rogue,Mage+Hunter,Mage+Rogue,0,team1,kill,17.87
Mage+Hunter_vs_Mage+Rogue,Mage+Hunter,Mage+Rogue,1,team1,kill,17.87
Mage+Hunter_vs_Mage+Rogue,Mage+Hunter,Mage+Rogue,2,team1,kill,22.40
Mage+Hunter_vs_Mage+Rogue,Mage+Hunter,Mage+Rogue,3,team1,kill,17.87
Mage+Hunter_vs_Mage+Rogue,Mage+Hunter,Mage+Rogue,4,team1,kill,16.42
Mage+Hunter_vs_Mage+Rogue,Mage+Hunter,Mage+Rogue,5,team1,kill,22.38
Mage+Hunter_vs_Mage+Rogue,Mage+Hunter,Mage+Rogue,6,team1,kill,16.85
Mage+Hunter_vs_Mage+Rogue,Mage+Hunter,Mage+Rogue,7,team1,kill,16.85
Mage+Hunter_vs_Mage+Rogue,Mage+Hunter,Mage+Rogue,8,team1,kill,16.85
Mage+Hunter_vs_Mage+Rogue,Mage+Hunter,Mage+Rogue,9,team1,kill,22.40
Mage+Hunter_vs_Mage+Priest,Mage+Hunter,Mage+Priest,0,team2,kill,21.25
Mage+Hunter_vs_Mage+Priest,Mage+Hunter,Mage+Priest,1,team2,kill,21.55
Mage+Hunter_vs_Mage+Priest,Mage+Hunter,Mage+Priest,2,team2,kill,22.48
Mage+Hunter_vs_Mage+Priest,Mage+Hunter,Mage+Priest,3,team2,kill,22.33
Mage+Hunter_vs_Mage+Priest,Mage+Hunter,Mage+Priest,4,team2,kill,21.15
Mage+Hunter_vs_Mage+Priest,Mage+Hunter,Mage+Priest,5,team2,kill,22.67
Mage+Hunter_vs_Mage+Priest,Mage+Hunter,Mage+Priest,6,team2,kill,22.60
Mage+Hunter_vs_Mage+Priest,Mage+Hunter,Mage+Priest,7,team2,kill,24.45
Mage+Hunter_vs_Mage+Priest,Mage+Hunter,Mage+Priest,8,team2,kill,21.42
Mage+Hunter_vs_Mage+Priest,Mage+Hunter,Mage+Priest,9,team2,kill,22.20
Mage+Hunter_vs_Mage+Warlock,Mage+Hunter,Mage+Warlock,0,team2,kill,16.22
Mage+Hunter_vs_Mage+Warlock,Mage+Hunter,Mage+Warlock,1,team2,kill,15.23
Mage+Hunter_vs_Mage+Warlock,Mage+Hunter,Mage+Warlock,2,team2,kill,14.92
Mage+Hunter_vs_Mage+Warlock,Mage+Hunter,Mage+Warlock,3,team2,kill,15.63
Mage+Hunter_vs_Mage+Warlock,Mage+Hunter,Mage+Warlock,4,team2,kill,14.93
Mage+Hunter_vs_Mage+Warlock,Mage+Hunter,Mage+Warlock,5,team2,kill,15.23
Mage+Hunter_vs_Mage+Warlock,Mage+Hunter,Mage+Warlock,6,team2,kill,15.23
Mage+Hunter_vs_Mage+Warlock,Mage+Hunter,Mage+Warlock,7,team2,kill,14.67
Mage+Hunter_vs_Mage+Warlock,Mage+Hunter,Mage+Warlock,8,team1,kill,16.27
Mage+Hunter_vs_Mage+Warlock,Mage+Hunter,Mage+Warlock,9,team2,kill,14.67
Mage+Hunter_vs_Mage+Paladin,Mage+Hunter,Mage+Paladin,0,team2,kill,28.85
Mage+Hunter_vs_Mage+Paladin,Mage+Hunter,Mage+Paladin,1,team2,kill,28.77
Mage+Hunter_vs_Mage+Paladin,Mage+Hunter,Mage+Paladin,2,team2,kill,27.13
Mage+Hunter_vs_Mage+Paladin,Mage+Hunter,Mage+Paladin,3,team2,kill,27.55
Mage+Hunter_vs_Mage+Paladin,Mage+Hunter,Mage+Paladin,4,team2,kill,27.33
Mage+Hunter_vs_Mage+Paladin,Mage+Hunter,Mage+Paladin,5,team2,kill,28.72
Mage+Hunter_vs_Mage+Paladin,Mage+Hunter,Mage+Paladin,6,team2,kill,27.27
Mage+Hunter_vs_Mage+Paladin,Mage+Hunter,Mage+Paladin,7,team2,kill,28.65
Mage+Hunter_vs_Mage+Paladin,Mage+Hunter,Mage+Paladin,8,team2,kill,28.00
Mage+Hunter_vs_Mage+Paladin,Mage+Hunter,Mage+Paladin,9,team2,kill,27.28
Mage+Hunter_vs_Mage+Hunter,Mage+Hunter,Mage+Hunter,0,team2,kill,14.57
Mage+Hunter_vs_Mage+Hunter,Mage+Hunter,Mage+Hunter,1,team1,kill,15.60
Mage+Hunter_vs_Mage+Hunter,Mage+Hunter,Mage+Hunter,2,team2,kill,13.27
Mage+Hunter_vs_Mage+Hunter,Mage+Hunter,Mage+Hunter,3,team2,kill,14.57
Mage+Hunter_vs_Mage+Hunter,Mage+Hunter,Mage+Hunter,4,team1,kill,15.53
Mage+Hunter_vs_Mage+Hunter,Mage+Hunter,Mage+Hunter,5,team2,kill,15.53
Mage+Hunter_vs_Mage+Hunter,Mage+Hunter,Mage+Hunter,6,team1,kill,13.18
Mage+Hunter_vs_Mage+Hunter,Mage+Hunter,Mage+Hunter,7,team2,kill,14.78
Mage+Hunter_vs_Mage+Hunter,Mage+Hunter,Mage+Hunter,8,team2,kill,14.57
Mage+Hunter_vs_Mage+Hunter,Mage+Hunter,Mage+Hunter,9,team2,kill,13.27
Mage+Hunter_vs_Mage+Shaman,Mage+Hunter,Mage+Shaman,0,team2,kill,19.47
Mage+Hunter_vs_Mage+Shaman,Mage+Hunter,Mage+Shaman,1,team1,kill,15.28
Mage+Hunter_vs_Mage+Shaman,Mage+Hunter,Mage+Shaman,2,team2,kill,22.15
Mage+Hunter_vs_Mage+Shaman,Mage+Hunter,Mage+Shaman,3,team2,kill,19.35
Mage+Hunter_vs_Mage+Shaman,Mage+Hunter,Mage+Shaman,4,team2,kill,23.67
Mage+Hunter_vs_Mage+Shaman,Mage+Hunter,Mage+Shaman,5,team2,kill,19.48
Mage+Hunter_vs_Mage+Shaman,Mage+Hunter,Mage+Shaman,6,team1,kill,16.05
Mage+Hunter_vs_Mage+Shaman,Mage+Hunter,Mage+Shaman,7,team2,kill,23.67
Mage+Hunter_vs_Mage+Shaman,Mage+Hunter,Mage+Shaman,8,team2,kill,22.15
Mage+Hunter_vs_Mage+Shaman,Mage+Hunter,Mage+Shaman,9,team1,kill,17.90
Mage+Hunter_vs_Rogue+Priest,Mage+Hunter,Rogue+Priest,0,team2,kill,76.19
Mage+Hunter_vs_Rogue+Priest,Mage+Hunter,Rogue+Priest,1,team2,kill,32.23
Mage+Hunter_vs_Rogue+Priest,Mage+Hunter,Rogue+Priest,2,team2,kill,87.40
Mage+Hunter_vs_Rogue+Priest,Mage+Hunter,Rogue+Priest,3,team2,kill,50.12
Mage+Hunter_vs_Rogue+Priest,Mage+Hunter,Rogue+Priest,4,team2,kill,49.68
Mage+Hunter_vs_Rogue+Priest,Mage+Hunter,Rogue+Priest,5,team2,kill,48.90
Mage+Hunter_vs_Rogue+Priest,Mage+Hunter,Rogue+Priest,6,team2,kill,69.12
Mage+Hunter_vs_Rogue+Priest,Mage+Hunter,Rogue+Priest,7,team2,kill,53.15
Mage+Hunter_vs_Rogue+Priest,Mage+Hunter,Rogue+Priest,8,team2,kill,32.45
Mage+Hunter_vs_Rogue+Priest,Mage+Hunter,Rogue+Priest,9,team2,kill,59.73
Mage+Hunter_vs_Rogue+Warlock,Mage+Hunter,Rogue+Warlock,0,team1,kill,21.35
Mage+Hunter_vs_Rogue+Warlock,Mage+Hunter,Rogue+Warlock,1,team1,kill,21.53
Mage+Hunter_vs_Rogue+Warlock,Mage+Hunter,Rogue+Warlock,2,team1,kill,19.12
Mage+Hunter_vs_Rogue+Warlock,Mage+Hunter,Rogue+Warlock,3,team1,kill,21.53
Mage+Hunter_vs_Rogue+Warlock,Mage+Hunter,Rogue+Warlock,4,team1,kill,21.53
Mage+Hunter_vs_Rogue+Warlock,Mage+Hunter,Rogue+Warlock,5,team1,kill,21.35
Mage+Hunter_vs_Rogue+Warlock,Mage+Hunter,Rogue+Warlock,6,team1,kill,21.22
Mage+Hunter_vs_Rogue+Warlock,Mage+Hunter,Rogue+Warlock,7,team1,kill,19.12
Mage+Hunter_vs_Rogue+Warlock,Mage+Hunter,Rogue+Warlock,8,team1,kill,21.53
Mage+Hunter_vs_Rogue+Warlock,Mage+Hunter,Rogue+Warlock,9,team1,kill,21.35
Mage+Hunter_vs_Rogue+Paladin,Mage+Hunter,Rogue+Paladin,0,team2,kill,45.50
Mage+Hunter_vs_Rogue+Paladin,Mage+Hunter,Rogue+Paladin,1,team2,kill,50.70
Mage+Hunter_vs_Rogue+Paladin,Mage+Hunter,Rogue+Paladin,2,team2,kill,49.15
Mage+Hunter_vs_Rogue+Paladin,Mage+Hunter,Rogue+Paladin,3,team2,kill,52.48
Mage+Hunter_vs_Rogue+Paladin,Mage+Hunter,Rogue+Paladin,4,team2,kill,49.88
Mage+Hunter_vs_Rogue+Paladin,Mage+Hunter,Rogue+Paladin,5,team2,kill,50.73
Mage+Hunter_vs_Rogue+Paladin,Mage+Hunter,Rogue+Paladin,6,team2,kill,69.87
Mage+Hunter_vs_Rogue+Paladin,Mage+Hunter,Rogue+Paladin,7,team2,kill,49.18
Mage+Hunter_vs_Rogue+Paladin,Mage+Hunter,Rogue+Paladin,8,team2,kill,52.05
Mage+Hunter_vs_Rogue+Paladin,Mage+Hunter,Rogue+Paladin,9,team2,kill,52.22
Mage+Hunter_vs_Rogue+Hunter,Mage+Hunter,Rogue+Hunter,0,team1,kill,17.40
Mage+Hunter_vs_Rogue+Hunter,Mage+Hunter,Rogue+Hunter,1,team1,kill,17.40
Mage+Hunter_vs_Rogue+Hunter,Mage+Hunter,Rogue+Hunter,2,team1,kill,17.40
Mage+Hunter_vs_Rogue+Hunter,Mage+Hunter,Rogue+Hunter,3,team1,kill,17.40
Mage+Hunter_vs_Rogue+Hunter,Mage+Hunter,Rogue+Hunter,4,team1,kill,17.40
Mage+Hunter_vs_Rogue+Hunter,Mage+Hunter,Rogue+Hunter,5,team1,kill,17.40
Mage+Hunter_vs_Rogue+Hunter,Mage+Hunter,Rogue+Hunter,6,team1,kill,17.40
Mage+Hunter_vs_Rogue+Hunter,Mage+Hunter,Rogue+Hunter,7,team1,kill,17.38
Mage+Hunter_vs_Rogue+Hunter,Mage+Hunter,Rogue+Hunter,8,team1,kill,17.40
Mage+Hunter_vs_Rogue+Hunter,Mage+Hunter,Rogue+Hunter,9,team1,kill,17.40
Mage+Hunter_vs_Rogue+Shaman,Mage+Hunter,Rogue+Shaman,0,team1,kill,17.35
Mage+Hunter_vs_Rogue+Shaman,Mage+Hunter,Rogue+Shaman,1,team1,kill,17.72
Mage+Hunter_vs_Rogue+Shaman,Mage+Hunter,Rogue+Shaman,2,team1,kill,17.72
Mage+Hunter_vs_Rogue+Shaman,Mage+Hunter,Rogue+Shaman,3,team1,kill,17.72
Mage+Hunter_vs_Rogue+Shaman,Mage+Hunter,Rogue+Shaman,4,team1,kill,17.72
Mage+Hunter_vs_Rogue+Shaman,Mage+Hunter,Rogue+Shaman,5,team1,kill,17.72
Mage+Hunter_vs_Rogue+Shaman,Mage+Hunter,Rogue+Shaman,6,team1,kill,17.72
Mage+Hunter_vs_Rogue+Shaman,Mage+Hunter,Rogue+Shaman,7,team1,kill,17.72
Mage+Hunter_vs_Rogue+Shaman,Mage+Hunter,Rogue+Shaman,8,team1,kill,16.48
Mage+Hunter_vs_Rogue+Shaman,Mage+Hunter,Rogue+Shaman,9,team1,kill,17.72
Mage+Hunter_vs_Priest+Warlock,Mage+Hunter,Priest+Warlock,0,team2,kill,30.53
Mage+Hunter_vs_Priest+Warlock,Mage+Hunter,Priest+Warlock,1,team2,kill,30.37
Mage+Hunter_vs_Priest+Warlock,Mage+Hunter,Priest+Warlock,2,team2,kill,34.67
Mage+Hunter_vs_Priest+Warlock,Mage+Hunter,Priest+Warlock,3,team2,kill,31.68
Mage+Hunter_vs_Priest+Warlock,Mage+Hunter,Priest+Warlock,4,team2,kill,34.67
Mage+Hunter_vs_Priest+Warlock,Mage+Hunter,Priest+Warlock,5,team2,kill,30.80
Mage+Hunter_vs_Priest+Warlock,Mage+Hunter,Priest+Warlock,6,team2,kill,34.67
Mage+Hunter_vs_Priest+Warlock,Mage+Hunter,Priest+Warlock,7,team2,kill,30.22
Mage+Hunter_vs_Priest+Warlock,Mage+Hunter,Priest+Warlock,8,team1,kill,24.00
Mage+Hunter_vs_Priest+Warlock,Mage+Hunter,Priest+Warlock,9,team2,kill,31.25
Mage+Hunter_vs_Priest+Hunter,Mage+Hunter,Priest+Hunter,0,team1,kill,16.17
Mage+Hunter_vs_Priest+Hunter,Mage+Hunter,Priest+Hunter,1,team2,kill,37.73
Mage+Hunter_vs_Priest+Hunter,Mage+Hunter,Priest+Hunter,2,team1,kill,19.08
Mage+Hunter_vs_Priest+Hunter,Mage+Hunter,Priest+Hunter,3,team1,kill,28.05
Mage+Hunter_vs_Priest+Hunter,Mage+Hunter,Priest+Hunter,4,team1,kill,15.95
Mage+Hunter_vs_Priest+Hunter,Mage+Hunter,Priest+Hunter,5,team1,kill,16.17
Mage+Hunter_vs_Priest+Hunter,Mage+Hunter,Priest+Hunter,6,team2,kill,28.03
Mage+Hunter_vs_Priest+Hunter,Mage+Hunter,Priest+Hunter,7,team2,kill,21.08
Mage+Hunter_vs_Priest+Hunter,Mage+Hunter,Priest+Hunter,8,team1,kill,28.05
Mage+Hunter_vs_Priest+Hunter,Mage+Hunter,Priest+Hunter,9,team1,kill,18.60
Mage+Hunter_vs_Warlock+Paladin,Mage+Hunter,Warlock+Paladin,0,team2,kill,32.07
Mage+Hunter_vs_Warlock+Paladin,Mage+Hunter,Warlock+Paladin,1,team2,kill,82.67
Mage+Hunter_vs_Warlock+Paladin,Mage+Hunter,Warlock+Paladin,2,team2,kill,34.92
Mage+Hunter_vs_Warlock+Paladin,Mage+Hunter,Warlock+Paladin,3,team2,kill,34.92
Mage+Hunter_vs_Warlock+Paladin,Mage+Hunter,Warlock+Paladin,4,team2,kill,34.47
Mage+Hunter_vs_Warlock+Paladin,Mage+Hunter,Warlock+Paladin,5,team2,kill,34.47
Mage+Hunter_vs_Warlock+Paladin,Mage+Hunter,Warlock+Paladin,6,team2,kill,34.47
Mage+Hunter_vs_Warlock+Paladin,Mage+Hunter,Warlock+Paladin,7,team2,kill,31.90
Mage+Hunter_vs_Warlock+Paladin,Mage+Hunter,Warlock+Paladin,8,team2,kill,34.92
Mage+Hunter_vs_Warlock+Paladin,Mage+Hunter,Warlock+Paladin,9,team2,kill,34.92
Mage+Hunter_vs_Warlock+Hunter,Mage+Hunter,Warlock+Hunter,0,team1,kill,16.15
Mage+Hunter_vs_Warlock+Hunter,Mage+Hunter,Warlock+Hunter,1,team1,kill,17.67
Mage+Hunter_vs_Warlock+Hunter,Mage+Hunter,Warlock+Hunter,2,team1,kill,16.30
Mage+Hunter_vs_Warlock+Hunter,Mage+Hunter,Warlock+Hunter,3,team1,kill,16.28
Mage+Hunter_vs_Warlock+Hunter,Mage+Hunter,Warlock+Hunter,4,team1,kill,16.30
Mage+Hunter_vs_Warlock+Hunter,Mage+Hunter,Warlock+Hunter,5,team1,kill,15.60
Mage+Hunter_vs_Warlock+Hunter,Mage+Hunter,Warlock+Hunter,6,team1,kill,16.28
Mage+Hunter_vs_Warlock+Hunter,Mage+Hunter,Warlock+Hunter,7,team1,kill,14.87
Mage+Hunter_vs_Warlock+Hunter,Mage+Hunter,Warlock+Hunter,8,team1,kill,16.30
Mage+Hunter_vs_Warlock+Hunter,Mage+Hunter,Warlock+Hunter,9,team1,kill,16.30
Mage+Hunter_vs_Warlock+Shaman,Mage+Hunter,Warlock+Shaman,0,team2,kill,25.15
Mage+Hunter_vs_Warlock+Shaman,Mage+Hunter,Warlock+Shaman,1,team2,kill,26.23
Mage+Hunter_vs_Warlock+Shaman,Mage+Hunter,Warlock+Shaman,2,team1,kill,31.43
Mage+Hunter_vs_Warlock+Shaman,Mage+Hunter,Warlock+Shaman,3,team2,kill,18.58
Mage+Hunter_vs_Warlock+Shaman,Mage+Hunter,Warlock+Shaman,4,team2,kill,25.15
Mage+Hunter_vs_Warlock+Shaman,Mage+Hunter,Warlock+Shaman,5,team2,kill,25.15
Mage+Hunter_vs_Warlock+Shaman,Mage+Hunter,Warlock+Shaman,6,team2,kill,19.30
Mage+Hunter_vs_Warlock+Shaman,Mage+Hunter,Warlock+Shaman,7,team2,kill,25.15
Mage+Hunter_vs_Warlock+Shaman,Mage+Hunter,Warlock+Shaman,8,team2,kill,25.15
Mage+Hunter_vs_Warlock+Shaman,Mage+Hunter,Warlock+Shaman,9,team2,kill,20.25
Mage+Hunter_vs_Paladin+Hunter,Mage+Hunter,Paladin+Hunter,0,team2,kill,58.65
Mage+Hunter_vs_Paladin+Hunter,Mage+Hunter,Paladin+Hunter,1,team2,kill,38.60
Mage+Hunter_vs_Paladin+Hunter,Mage+Hunter,Paladin+Hunter,2,team1,kill,33.07
Mage+Hunter_vs_Paladin+Hunter,Mage+Hunter,Paladin+Hunter,3,team2,kill,41.32
Mage+Hunter_vs_Paladin+Hunter,Mage+Hunter,Paladin+Hunter,4,team1,kill,36.78
Mage+Hunter_vs_Paladin+Hunter,Mage+Hunter,Paladin+Hunter,5,team1,kill,39.78
Mage+Hunter_vs_Paladin+Hunter,Mage+Hunter,Paladin+Hunter,6,team1,kill,36.78
Mage+Hunter_vs_Paladin+Hunter,Mage+Hunter,Paladin+Hunter,7,team2,kill,29.13
Mage+Hunter_vs_Paladin+Hunter,Mage+Hunter,Paladin+Hunter,8,team2,kill,59.08
Mage+Hunter_vs_Paladin+Hunter,Mage+Hunter,Paladin+Hunter,9,team2,kill,41.52
Mage+Hunter_vs_Hunter+Shaman,Mage+Hunter,Hunter+Shaman,0,team1,kill,19.98
Mage+Hunter_vs_Hunter+Shaman,Mage+Hunter,Hunter+Shaman,1,team1,kill,20.03
Mage+Hunter_vs_Hunter+Shaman,Mage+Hunter,Hunter+Shaman,2,team1,kill,28.70
Mage+Hunter_vs_Hunter+Shaman,Mage+Hunter,Hunter+Shaman,3,team2,kill,21.02
Mage+Hunter_vs_Hunter+Shaman,Mage+Hunter,Hunter+Shaman,4,team1,kill,14.77
Mage+Hunter_vs_Hunter+Shaman,Mage+Hunter,Hunter+Shaman,5,team2,kill,13.03
Mage+Hunter_vs_Hunter+Shaman,Mage+Hunter,Hunter+Shaman,6,team1,kill,20.20
Mage+Hunter_vs_Hunter+Shaman,Mage+Hunter,Hunter+Shaman,7,team1,kill,27.43
Mage+Hunter_vs_Hunter+Shaman,Mage+Hunter,Hunter+Shaman,8,team1,kill,22.37
Mage+Hunter_vs_Hunter+Shaman,Mage+Hunter,Hunter+Shaman,9,team2,kill,21.48
Mage+Shaman_vs_Warrior+Mage,Mage+Shaman,Warrior+Mage,0,team1,kill,19.70
Mage+Shaman_vs_Warrior+Mage,Mage+Shaman,Warrior+Mage,1,team1,kill,19.70
Mage+Shaman_vs_Warrior+Mage,Mage+Shaman,Warrior+Mage,2,team1,kill,16.68
Mage+Shaman_vs_Warrior+Mage,Mage+Shaman,Warrior+Mage,3,team1,kill,19.70
Mage+Shaman_vs_Warrior+Mage,Mage+Shaman,Warrior+Mage,4,team1,kill,18.18
Mage+Shaman_vs_Warrior+Mage,Mage+Shaman,Warrior+Mage,5,team1,kill,19.70
Mage+Shaman_vs_Warrior+Mage,Mage+Shaman,Warrior+Mage,6,team1,kill,16.68
Mage+Shaman_vs_Warrior+Mage,Mage+Shaman,Warrior+Mage,7,team1,kill,19.70
Mage+Shaman_vs_Warrior+Mage,Mage+Shaman,Warrior+Mage,8,team1,kill,18.20
Mage+Shaman_vs_Warrior+Mage,Mage+Shaman,Warrior+Mage,9,team1,kill,18.20
Mage+Shaman_vs_Warrior+Rogue,Mage+Shaman,Warrior+Rogue,0,team1,kill,17.93
Mage+Shaman_vs_Warrior+Rogue,Mage+Shaman,Warrior+Rogue,1,team1,kill,20.08
Mage+Shaman_vs_Warrior+Rogue,Mage+Shaman,Warrior+Rogue,2,team1,kill,21.05
Mage+Shaman_vs_Warrior+Rogue,Mage+Shaman,Warrior+Rogue,3,team1,kill,21.02
Mage+Shaman_vs_Warrior+Rogue,Mage+Shaman,Warrior+Rogue,4,team1,kill,19.55
Mage+Shaman_vs_Warrior+Rogue,Mage+Shaman,Warrior+Rogue,5,team1,kill,18.57
Mage+Shaman_vs_Warrior+Rogue,Mage+Shaman,Warrior+Rogue,6,team1,kill,22.98
Mage+Shaman_vs_Warrior+Rogue,Mage+Shaman,Warrior+Rogue,7,team1,kill,19.52
Mage+Shaman_vs_Warrior+Rogue,Mage+Shaman,Warrior+Rogue,8,team1,kill,18.03
Mage+Shaman_vs_Warrior+Rogue,Mage+Shaman,Warrior+Rogue,9,team1,kill,19.43
Mage+Shaman_vs_Warrior+Priest,Mage+Shaman,Warrior+Priest,0,team1,kill,50.38
Mage+Shaman_vs_Warrior+Priest,Mage+Shaman,Warrior+Priest,1,team2,kill,45.00
Mage+Shaman_vs_Warrior+Priest,Mage+Shaman,Warrior+Priest,2,team1,kill,37.22
Mage+Shaman_vs_Warrior+Priest,Mage+Shaman,Warrior+Priest,3,team1,kill,38.58
Mage+Shaman_vs_Warrior+Priest,Mage+Shaman,Warrior+Priest,4,team1,kill,20.95
Mage+Shaman_vs_Warrior+Priest,Mage+Shaman,Warrior+Priest,5,team1,kill,32.48
Mage+Shaman_vs_Warrior+Priest,Mage+Shaman,Warrior+Priest,6,team1,kill,74.90
Mage+Shaman_vs_Warrior+Priest,Mage+Shaman,Warrior+Priest,7,team1,kill,37.00
Mage+Shaman_vs_Warrior+Priest,Mage+Shaman,Warrior+Priest,8,team1,kill,34.73
Mage+Shaman_vs_Warrior+Priest,Mage+Shaman,Warrior+Priest,9,team1,kill,29.10
Mage+Shaman_vs_Warrior+Warlock,Mage+Shaman,Warrior+Warlock,0,team2,kill,68.77
Mage+Shaman_vs_Warrior+Warlock,Mage+Shaman,Warrior+Warlock,1,team2,kill,36.18
Mage+Shaman_vs_Warrior+Warlock,Mage+Shaman,Warrior+Warlock,2,team1,kill,31.75
Mage+Shaman_vs_Warrior+Warlock,Mage+Shaman,Warrior+Warlock,3,team2,kill,33.28
Mage+Shaman_vs_Warrior+Warlock,Mage+Shaman,Warrior+Warlock,4,team1,kill,30.68
Mage+Shaman_vs_Warrior+Warlock,Mage+Shaman,Warrior+Warlock,5,team2,kill,27.92
Mage+Shaman_vs_Warrior+Warlock,Mage+Shaman,Warrior+Warlock,6,team1,kill,32.02
Mage+Shaman_vs_Warrior+Warlock,Mage+Shaman,Warrior+Warlock,7,team2,kill,41.62
Mage+Shaman_vs_Warrior+Warlock,Mage+Shaman,Warrior+Warlock,8,team2,kill,34.50
Mage+Shaman_vs_Warrior+Warlock,Mage+Shaman,Warrior+Warlock,9,team2,kill,34.65
Mage+Shaman_vs_Warrior+Paladin,Mage+Shaman,Warrior+Paladin,0,team1,kill,30.72
Mage+Shaman_vs_Warrior+Paladin,Mage+Shaman,Warrior+Paladin,1,team1,kill,47.12
Mage+Shaman_vs_Warrior+Paladin,Mage+Shaman,Warrior+Paladin,2,team2,kill,112.34
Mage+Shaman_vs_Warrior+Paladin,Mage+Shaman,Warrior+Paladin,3,team1,kill,39.52
Mage+Shaman_vs_Warrior+Paladin,Mage+Shaman,Warrior+Paladin,4,team2,kill,49.60
Mage+Shaman_vs_Warrior+Paladin,Mage+Shaman,Warrior+Paladin,5,team2,kill,44.87
Mage+Shaman_vs_Warrior+Paladin,Mage+Shaman,Warrior+Paladin,6,team1,kill,44.50
Mage+Shaman_vs_Warrior+Paladin,Mage+Shaman,Warrior+Paladin,7,team1,kill,32.15
Mage+Shaman_vs_Warrior+Paladin,Mage+Shaman,Warrior+Paladin,8,team1,kill,47.73
Mage+Shaman_vs_Warrior+Paladin,Mage+Shaman,Warrior+Paladin,9,team1,kill,35.50
Mage+Shaman_vs_Warrior+Hunter,Mage+Shaman,Warrior+Hunter,0,team1,kill,18.45
Mage+Shaman_vs_Warrior+Hunter,Mage+Shaman,Warrior+Hunter,1,team1,kill,19.13
Mage+Shaman_vs_Warrior+Hunter,Mage+Shaman,Warrior+Hunter,2,team1,kill,20.00
Mage+Shaman_vs_Warrior+Hunter,Mage+Shaman,Warrior+Hunter,3,team1,kill,13.53
Mage+Shaman_vs_Warrior+Hunter,Mage+Shaman,Warrior+Hunter,4,team1,kill,19.13
Mage+Shaman_vs_Warrior+Hunter,Mage+Shaman,Warrior+Hunter,5,team1,kill,18.43
Mage+Shaman_vs_Warrior+Hunter,Mage+Shaman,Warrior+Hunter,6,team1,kill,13.53
Mage+Shaman_vs_Warrior+Hunter,Mage+Shaman,Warrior+Hunter,7,team1,kill,19.13
Mage+Shaman_vs_Warrior+Hunter,Mage+Shaman,Warrior+Hunter,8,team1,kill,19.83
Mage+Shaman_vs_Warrior+Hunter,Mage+Shaman,Warrior+Hunter,9,team1,kill,13.53
Mage+Shaman_vs_Warrior+Shaman,Mage+Shaman,Warrior+Shaman,0,team1,kill,16.17
Mage+Shaman_vs_Warrior+Shaman,Mage+Shaman,Warrior+Shaman,1,team1,kill,16.22
Mage+Shaman_vs_Warrior+Shaman,Mage+Shaman,Warrior+Shaman,2,team1,kill,16.22
Mage+Shaman_vs_Warrior+Shaman,Mage+Shaman,Warrior+Shaman,3,team1,kill,15.28
Mage+Shaman_vs_Warrior+Shaman,Mage+Shaman,Warrior+Shaman,4,team1,kill,16.22
Mage+Shaman_vs_Warrior+Shaman,Mage+Shaman,Warrior+Shaman,5,team1,kill,16.22
Mage+Shaman_vs_Warrior+Shaman,Mage+Shaman,Warrior+Shaman,6,team1,kill,15.28
Mage+Shaman_vs_Warrior+Shaman,Mage+Shaman,Warrior+Shaman,7,team1,kill,16.22
Mage+Shaman_vs_Warrior+Shaman,Mage+Shaman,Warrior+Shaman,8,team1,kill,16.22
Mage+Shaman_vs_Warrior+Shaman,Mage+Shaman,Warrior+Shaman,9,team1,kill,16.22
Mage+Shaman_vs_Mage+Rogue,Mage+Shaman,Mage+Rogue,0,team1,kill,17.83
Mage+Shaman_vs_Mage+Rogue,Mage+Shaman,Mage+Rogue,1,team1,kill,17.22
Mage+Shaman_vs_Mage+Rogue,Mage+Shaman,Mage+Rogue,2,team1,kill,17.83
Mage+Shaman_vs_Mage+Rogue,Mage+Shaman,Mage+Rogue,3,team1,kill,17.83
Mage+Shaman_vs_Mage+Rogue,Mage+Shaman,Mage+Rogue,4,team1,kill,17.23
Mage+Shaman_vs_Mage+Rogue,Mage+Shaman,Mage+Rogue,5,team1,kill,17.20
Mage+Shaman_vs_Mage+Rogue,Mage+Shaman,Mage+Rogue,6,team1,kill,17.22
Mage+Shaman_vs_Mage+Rogue,Mage+Shaman,Mage+Rogue,7,team1,kill,17.23
Mage+Shaman_vs_Mage+Rogue,Mage+Shaman,Mage+Rogue,8,team1,kill,18.73
Mage+Shaman_vs_Mage+Rogue,Mage+Shaman,Mage+Rogue,9,team1,kill,17.83
Mage+Shaman_vs_Mage+Priest,Mage+Shaman,Mage+Priest,0,team2,kill,24.65
Mage+Shaman_vs_Mage+Priest,Mage+Shaman,Mage+Priest,1,team2,kill,56.38
Mage+Shaman_vs_Mage+Priest,Mage+Shaman,Mage+Priest,2,team2,kill,29.55
Mage+Shaman_vs_Mage+Priest,Mage+Shaman,Mage+Priest,3,team2,kill,55.12
Mage+Shaman_vs_Mage+Priest,Mage+Shaman,Mage+Priest,4,team1,kill,20.92
Mage+Shaman_vs_Mage+Priest,Mage+Shaman,Mage+Priest,5,team2,kill,24.58
Mage+Shaman_vs_Mage+Priest,Mage+Shaman,Mage+Priest,6,team2,kill,48.23
Mage+Shaman_vs_Mage+Priest,Mage+Shaman,Mage+Priest,7,team2,kill,26.88
Mage+Shaman_vs_Mage+Priest,Mage+Shaman,Mage+Priest,8,team2,kill,56.82
Mage+Shaman_vs_Mage+Priest,Mage+Shaman,Mage+Priest,9,team2,kill,34.83
Mage+Shaman_vs_Mage+Warlock,Mage+Shaman,Mage+Warlock,0,team1,kill,24.42
Mage+Shaman_vs_Mage+Warlock,Mage+Shaman,Mage+Warlock,1,team1,kill,24.47
Mage+Shaman_vs_Mage+Warlock,Mage+Shaman,Mage+Warlock,2,team1,kill,26.42
Mage+Shaman_vs_Mage+Warlock,Mage+Shaman,Mage+Warlock,3,team1,kill,20.52
Mage+Shaman_vs_Mage+Warlock,Mage+Shaman,Mage+Warlock,4,team1,kill,22.73
Mage+Shaman_vs_Mage+Warlock,Mage+Shaman,Mage+Warlock,5,team1,kill,28.10
Mage+Shaman_vs_Mage+Warlock,Mage+Shaman,Mage+Warlock,6,team1,kill,20.35
Mage+Shaman_vs_Mage+Warlock,Mage+Shaman,Mage+Warlock,7,team1,kill,24.48
Mage+Shaman_vs_Mage+Warlock,Mage+Shaman,Mage+Warlock,8,team1,kill,26.07
Mage+Shaman_vs_Mage+Warlock,Mage+Shaman,Mage+Warlock,9,team1,kill,25.05
Mage+Shaman_vs_Mage+Paladin,Mage+Shaman,Mage+Paladin,0,team2,kill,32.28
Mage+Shaman_vs_Mage+Paladin,Mage+Shaman,Mage+Paladin,1,team1,kill,35.20
Mage+Shaman_vs_Mage+Paladin,Mage+Shaman,Mage+Paladin,2,team2,kill,28.33
Mage+Shaman_vs_Mage+Paladin,Mage+Shaman,Mage+Paladin,3,team2,kill,31.17
Mage+Shaman_vs_Mage+Paladin,Mage+Shaman,Mage+Paladin,4,team2,kill,190.08
Mage+Shaman_vs_Mage+Paladin,Mage+Shaman,Mage+Paladin,5,team2,kill,32.92
Mage+Shaman_vs_Mage+Paladin,Mage+Shaman,Mage+Paladin,6,team2,kill,25.70
Mage+Shaman_vs_Mage+Paladin,Mage+Shaman,Mage+Paladin,7,team2,kill,17.87
Mage+Shaman_vs_Mage+Paladin,Mage+Shaman,Mage+Paladin,8,team2,kill,32.28
Mage+Shaman_vs_Mage+Paladin,Mage+Shaman,Mage+Paladin,9,team2,kill,31.83
Mage+Shaman_vs_Mage+Hunter,Mage+Shaman,Mage+Hunter,0,team1,kill,19.43
Mage+Shaman_vs_Mage+Hunter,Mage+Shaman,Mage+Hunter,1,team2,kill,15.28
Mage+Shaman_vs_Mage+Hunter,Mage+Shaman,Mage+Hunter,2,team1,kill,22.15
Mage+Shaman_vs_Mage+Hunter,Mage+Shaman,Mage+Hunter,3,team1,kill,19.47
Mage+Shaman_vs_Mage+Hunter,Mage+Shaman,Mage+Hunter,4,team1,kill,23.67
Mage+Shaman_vs_Mage+Hunter,Mage+Shaman,Mage+Hunter,5,team1,kill,19.38
Mage+Shaman_vs_Mage+Hunter,Mage+Shaman,Mage+Hunter,6,team2,kill,16.03
Mage+Shaman_vs_Mage+Hunter,Mage+Shaman,Mage+Hunter,7,team1,kill,22.15
Mage+Shaman_vs_Mage+Hunter,Mage+Shaman,Mage+Hunter,8,team1,kill,22.15
Mage+Shaman_vs_Mage+Hunter,Mage+Shaman,Mage+Hunter,9,team2,kill,16.60
Mage+Shaman_vs_Mage+Shaman,Mage+Shaman,Mage+Shaman,0,draw,cap,300.00
Mage+Shaman_vs_Mage+Shaman,Mage+Shaman,Mage+Shaman,1,team2,kill,15.05
Mage+Shaman_vs_Mage+Shaman,Mage+Shaman,Mage+Shaman,2,draw,cap,300.00
Mage+Shaman_vs_Mage+Shaman,Mage+Shaman,Mage+Shaman,3,team1,kill,16.35
Mage+Shaman_vs_Mage+Shaman,Mage+Shaman,Mage+Shaman,4,team2,kill,30.67
Mage+Shaman_vs_Mage+Shaman,Mage+Shaman,Mage+Shaman,5,draw,cap,300.00
Mage+Shaman_vs_Mage+Shaman,Mage+Shaman,Mage+Shaman,6,team2,kill,12.02
Mage+Shaman_vs_Mage+Shaman,Mage+Shaman,Mage+Shaman,7,team1,kill,14.83
Mage+Shaman_vs_Mage+Shaman,Mage+Shaman,Mage+Shaman,8,draw,cap,300.00
Mage+Shaman_vs_Mage+Shaman,Mage+Shaman,Mage+Shaman,9,draw,cap,300.00
Mage+Shaman_vs_Rogue+Priest,Mage+Shaman,Rogue+Priest,0,team2,kill,52.18
Mage+Shaman_vs_Rogue+Priest,Mage+Shaman,Rogue+Priest,1,team2,kill,54.08
Mage+Shaman_vs_Rogue+Priest,Mage+Shaman,Rogue+Priest,2,team2,kill,59.12
Mage+Shaman_vs_Rogue+Priest,Mage+Shaman,Rogue+Priest,3,team2,kill,52.60
Mage+Shaman_vs_Rogue+Priest,Mage+Shaman,Rogue+Priest,4,team2,kill,48.63
Mage+Shaman_vs_Rogue+Priest,Mage+Shaman,Rogue+Priest,5,team2,kill,47.83
Mage+Shaman_vs_Rogue+Priest,Mage+Shaman,Rogue+Priest,6,team2,kill,38.62
Mage+Shaman_vs_Rogue+Priest,Mage+Shaman,Rogue+Priest,7,team2,kill,52.00
Mage+Shaman_vs_Rogue+Priest,Mage+Shaman,Rogue+Priest,8,team2,kill,29.70
Mage+Shaman_vs_Rogue+Priest,Mage+Shaman,Rogue+Priest,9,team2,kill,38.52
Mage+Shaman_vs_Rogue+Warlock,Mage+Shaman,Rogue+Warlock,0,team1,kill,23.67
Mage+Shaman_vs_Rogue+Warlock,Mage+Shaman,Rogue+Warlock,1,team1,kill,28.17
Mage+Shaman_vs_Rogue+Warlock,Mage+Shaman,Rogue+Warlock,2,team1,kill,27.13
Mage+Shaman_vs_Rogue+Warlock,Mage+Shaman,Rogue+Warlock,3,team1,kill,27.13
Mage+Shaman_vs_Rogue+Warlock,Mage+Shaman,Rogue+Warlock,4,team1,kill,28.50
Mage+Shaman_vs_Rogue+Warlock,Mage+Shaman,Rogue+Warlock,5,team1,kill,28.65
Mage+Shaman_vs_Rogue+Warlock,Mage+Shaman,Rogue+Warlock,6,team1,kill,28.50
Mage+Shaman_vs_Rogue+Warlock,Mage+Shaman,Rogue+Warlock,7,team1,kill,23.67
Mage+Shaman_vs_Rogue+Warlock,Mage+Shaman,Rogue+Warlock,8,team1,kill,28.50
Mage+Shaman_vs_Rogue+Warlock,Mage+Shaman,Rogue+Warlock,9,team1,kill,28.52
Mage+Shaman_vs_Rogue+Paladin,Mage+Shaman,Rogue+Paladin,0,team2,kill,35.57
Mage+Shaman_vs_Rogue+Paladin,Mage+Shaman,Rogue+Paladin,1,team1,kill,45.02
Mage+Shaman_vs_Rogue+Paladin,Mage+Shaman,Rogue+Paladin,2,team1,kill,46.53
Mage+Shaman_vs_Rogue+Paladin,Mage+Shaman,Rogue+Paladin,3,team1,kill,45.07
Mage+Shaman_vs_Rogue+Paladin,Mage+Shaman,Rogue+Paladin,4,team1,kill,42.77
Mage+Shaman_vs_Rogue+Paladin,Mage+Shaman,Rogue+Paladin,5,team1,kill,44.35
Mage+Shaman_vs_Rogue+Paladin,Mage+Shaman,Rogue+Paladin,6,team1,kill,42.80
Mage+Shaman_vs_Rogue+Paladin,Mage+Shaman,Rogue+Paladin,7,team2,kill,40.33
Mage+Shaman_vs_Rogue+Paladin,Mage+Shaman,Rogue+Paladin,8,team1,kill,46.85
Mage+Shaman_vs_Rogue+Paladin,Mage+Shaman,Rogue+Paladin,9,team2,kill,99.26
Mage+Shaman_vs_Rogue+Hunter,Mage+Shaman,Rogue+Hunter,0,team1,kill,18.22
Mage+Shaman_vs_Rogue+Hunter,Mage+Shaman,Rogue+Hunter,1,team1,kill,18.22
Mage+Shaman_vs_Rogue+Hunter,Mage+Shaman,Rogue+Hunter,2,team1,kill,18.22
Mage+Shaman_vs_Rogue+Hunter,Mage+Shaman,Rogue+Hunter,3,team1,kill,13.52
Mage+Shaman_vs_Rogue+Hunter,Mage+Shaman,Rogue+Hunter,4,team1,kill,18.22
Mage+Shaman_vs_Rogue+Hunter,Mage+Shaman,Rogue+Hunter,5,team1,kill,18.22
Mage+Shaman_vs_Rogue+Hunter,Mage+Shaman,Rogue+Hunter,6,team1,kill,13.53
Mage+Shaman_vs_Rogue+Hunter,Mage+Shaman,Rogue+Hunter,7,team1,kill,13.53
Mage+Shaman_vs_Rogue+Hunter,Mage+Shaman,Rogue+Hunter,8,team1,kill,18.22
Mage+Shaman_vs_Rogue+Hunter,Mage+Shaman,Rogue+Hunter,9,team1,kill,15.82
Mage+Shaman_vs_Rogue+Shaman,Mage+Shaman,Rogue+Shaman,0,team1,kill,16.65
Mage+Shaman_vs_Rogue+Shaman,Mage+Shaman,Rogue+Shaman,1,team2,kill,29.72
Mage+Shaman_vs_Rogue+Shaman,Mage+Shaman,Rogue+Shaman,2,team2,kill,29.67
Mage+Shaman_vs_Rogue+Shaman,Mage+Shaman,Rogue+Shaman,3,team1,kill,17.32
Mage+Shaman_vs_Rogue+Shaman,Mage+Shaman,Rogue+Shaman,4,team1,kill,25.33
Mage+Shaman_vs_Rogue+Shaman,Mage+Shaman,Rogue+Shaman,5,team1,kill,15.83
Mage+Shaman_vs_Rogue+Shaman,Mage+Shaman,Rogue+Shaman,6,team1,kill,16.48
Mage+Shaman_vs_Rogue+Shaman,Mage+Shaman,Rogue+Shaman,7,team1,kill,25.33
Mage+Shaman_vs_Rogue+Shaman,Mage+Shaman,Rogue+Shaman,8,team1,kill,29.27
Mage+Shaman_vs_Rogue+Shaman,Mage+Shaman,Rogue+Shaman,9,team1,kill,31.13
Mage+Shaman_vs_Priest+Warlock,Mage+Shaman,Priest+Warlock,0,team2,kill,54.95
Mage+Shaman_vs_Priest+Warlock,Mage+Shaman,Priest+Warlock,1,team1,kill,44.83
Mage+Shaman_vs_Priest+Warlock,Mage+Shaman,Priest+Warlock,2,team2,kill,53.22
Mage+Shaman_vs_Priest+Warlock,Mage+Shaman,Priest+Warlock,3,team2,kill,53.15
Mage+Shaman_vs_Priest+Warlock,Mage+Shaman,Priest+Warlock,4,team2,kill,56.83
Mage+Shaman_vs_Priest+Warlock,Mage+Shaman,Priest+Warlock,5,team1,kill,54.58
Mage+Shaman_vs_Priest+Warlock,Mage+Shaman,Priest+Warlock,6,team1,kill,44.27
Mage+Shaman_vs_Priest+Warlock,Mage+Shaman,Priest+Warlock,7,team1,kill,74.58
Mage+Shaman_vs_Priest+Warlock,Mage+Shaman,Priest+Warlock,8,team2,kill,57.83
Mage+Shaman_vs_Priest+Warlock,Mage+Shaman,Priest+Warlock,9,team2,kill,56.75
Mage+Shaman_vs_Priest+Hunter,Mage+Shaman,Priest+Hunter,0,team1,kill,34.30
Mage+Shaman_vs_Priest+Hunter,Mage+Shaman,Priest+Hunter,1,team1,kill,34.23
Mage+Shaman_vs_Priest+Hunter,Mage+Shaman,Priest+Hunter,2,team1,kill,30.43
Mage+Shaman_vs_Priest+Hunter,Mage+Shaman,Priest+Hunter,3,team1,kill,34.33
Mage+Shaman_vs_Priest+Hunter,Mage+Shaman,Priest+Hunter,4,team1,kill,74.42
Mage+Shaman_vs_Priest+Hunter,Mage+Shaman,Priest+Hunter,5,team1,kill,74.47
Mage+Shaman_vs_Priest+Hunter,Mage+Shaman,Priest+Hunter,6,team1,kill,25.08
Mage+Shaman_vs_Priest+Hunter,Mage+Shaman,Priest+Hunter,7,team2,kill,80.40
Mage+Shaman_vs_Priest+Hunter,Mage+Shaman,Priest+Hunter,8,team1,kill,21.48
Mage+Shaman_vs_Priest+Hunter,Mage+Shaman,Priest+Hunter,9,team1,kill,18.58
Mage+Shaman_vs_Warlock+Paladin,Mage+Shaman,Warlock+Paladin,0,team1,kill,34.62
Mage+Shaman_vs_Warlock+Paladin,Mage+Shaman,Warlock+Paladin,1,team1,kill,74.08
Mage+Shaman_vs_Warlock+Paladin,Mage+Shaman,Warlock+Paladin,2,team2,kill,38.08
Mage+Shaman_vs_Warlock+Paladin,Mage+Shaman,Warlock+Paladin,3,team2,kill,39.55
Mage+Shaman_vs_Warlock+Paladin,Mage+Shaman,Warlock+Paladin,4,team1,kill,32.13
Mage+Shaman_vs_Warlock+Paladin,Mage+Shaman,Warlock+Paladin,5,team1,kill,33.00
Mage+Shaman_vs_Warlock+Paladin,Mage+Shaman,Warlock+Paladin,6,team2,kill,193.21
Mage+Shaman_vs_Warlock+Paladin,Mage+Shaman,Warlock+Paladin,7,team1,kill,31.05
Mage+Shaman_vs_Warlock+Paladin,Mage+Shaman,Warlock+Paladin,8,team1,kill,38.73
Mage+Shaman_vs_Warlock+Paladin,Mage+Shaman,Warlock+Paladin,9,team1,kill,64.33
Mage+Shaman_vs_Warlock+Hunter,Mage+Shaman,Warlock+Hunter,0,team1,kill,19.67
Mage+Shaman_vs_Warlock+Hunter,Mage+Shaman,Warlock+Hunter,1,team1,kill,18.23
Mage+Shaman_vs_Warlock+Hunter,Mage+Shaman,Warlock+Hunter,2,team1,kill,18.15
Mage+Shaman_vs_Warlock+Hunter,Mage+Shaman,Warlock+Hunter,3,team1,kill,13.17
Mage+Shaman_vs_Warlock+Hunter,Mage+Shaman,Warlock+Hunter,4,team1,kill,13.05
Mage+Shaman_vs_Warlock+Hunter,Mage+Shaman,Warlock+Hunter,5,team1,kill,19.78
Mage+Shaman_vs_Warlock+Hunter,Mage+Shaman,Warlock+Hunter,6,team1,kill,13.17
Mage+Shaman_vs_Warlock+Hunter,Mage+Shaman,Warlock+Hunter,7,team1,kill,18.57
Mage+Shaman_vs_Warlock+Hunter,Mage+Shaman,Warlock+Hunter,8,team1,kill,18.25
Mage+Shaman_vs_Warlock+Hunter,Mage+Shaman,Warlock+Hunter,9,team1,kill,13.17
Mage+Shaman_vs_Warlock+Shaman,Mage+Shaman,Warlock+Shaman,0,team1,kill,29.68
Mage+Shaman_vs_Warlock+Shaman,Mage+Shaman,Warlock+Shaman,1,team1,kill,26.98
Mage+Shaman_vs_Warlock+Shaman,Mage+Shaman,Warlock+Shaman,2,team1,kill,17.82
Mage+Shaman_vs_Warlock+Shaman,Mage+Shaman,Warlock+Shaman,3,team1,kill,24.58
Mage+Shaman_vs_Warlock+Shaman,Mage+Shaman,Warlock+Shaman,4,team1,kill,28.13
Mage+Shaman_vs_Warlock+Shaman,Mage+Shaman,Warlock+Shaman,5,team1,kill,29.73
Mage+Shaman_vs_Warlock+Shaman,Mage+Shaman,Warlock+Shaman,6,team1,kill,14.75
Mage+Shaman_vs_Warlock+Shaman,Mage+Shaman,Warlock+Shaman,7,team2,kill,81.87
Mage+Shaman_vs_Warlock+Shaman,Mage+Shaman,Warlock+Shaman,8,team1,kill,27.53
Mage+Shaman_vs_Warlock+Shaman,Mage+Shaman,Warlock+Shaman,9,team1,kill,28.52
Mage+Shaman_vs_Paladin+Hunter,Mage+Shaman,Paladin+Hunter,0,team1,kill,29.87
Mage+Shaman_vs_Paladin+Hunter,Mage+Shaman,Paladin+Hunter,1,team1,kill,26.82
Mage+Shaman_vs_Paladin+Hunter,Mage+Shaman,Paladin+Hunter,2,team1,kill,26.82
Mage+Shaman_vs_Paladin+Hunter,Mage+Shaman,Paladin+Hunter,3,team1,kill,26.82
Mage+Shaman_vs_Paladin+Hunter,Mage+Shaman,Paladin+Hunter,4,team1,kill,26.80
Mage+Shaman_vs_Paladin+Hunter,Mage+Shaman,Paladin+Hunter,5,team1,kill,32.93
Mage+Shaman_vs_Paladin+Hunter,Mage+Shaman,Paladin+Hunter,6,team1,kill,29.35
Mage+Shaman_vs_Paladin+Hunter,Mage+Shaman,Paladin+Hunter,7,team1,kill,26.80
Mage+Shaman_vs_Paladin+Hunter,Mage+Shaman,Paladin+Hunter,8,team1,kill,24.30
Mage+Shaman_vs_Paladin+Hunter,Mage+Shaman,Paladin+Hunter,9,team1,kill,29.95
Mage+Shaman_vs_Hunter+Shaman,Mage+Shaman,Hunter+Shaman,0,team1,kill,14.70
Mage+Shaman_vs_Hunter+Shaman,Mage+Shaman,Hunter+Shaman,1,team1,kill,14.70
Mage+Shaman_vs_Hunter+Shaman,Mage+Shaman,Hunter+Shaman,2,team1,kill,14.70
Mage+Shaman_vs_Hunter+Shaman,Mage+Shaman,Hunter+Shaman,3,team1,kill,14.70
Mage+Shaman_vs_Hunter+Shaman,Mage+Shaman,Hunter+Shaman,4,team1,kill,13.18
Mage+Shaman_vs_Hunter+Shaman,Mage+Shaman,Hunter+Shaman,5,team1,kill,14.70
Mage+Shaman_vs_Hunter+Shaman,Mage+Shaman,Hunter+Shaman,6,team1,kill,14.70
Mage+Shaman_vs_Hunter+Shaman,Mage+Shaman,Hunter+Shaman,7,team1,kill,14.70
Mage+Shaman_vs_Hunter+Shaman,Mage+Shaman,Hunter+Shaman,8,team1,kill,14.70
Mage+Shaman_vs_Hunter+Shaman,Mage+Shaman,Hunter+Shaman,9,team1,kill,13.53
Rogue+Priest_vs_Warrior+Mage,Rogue+Priest,Warrior+Mage,0,team1,kill,24.83
Rogue+Priest_vs_Warrior+Mage,Rogue+Priest,Warrior+Mage,1,team1,kill,31.03
Rogue+Priest_vs_Warrior+Mage,Rogue+Priest,Warrior+Mage,2,team1,kill,31.88
Rogue+Priest_vs_Warrior+Mage,Rogue+Priest,Warrior+Mage,3,team1,kill,32.47
Rogue+Priest_vs_Warrior+Mage,Rogue+Priest,Warrior+Mage,4,team1,kill,30.40
Rogue+Priest_vs_Warrior+Mage,Rogue+Priest,Warrior+Mage,5,team1,kill,29.83
Rogue+Priest_vs_Warrior+Mage,Rogue+Priest,Warrior+Mage,6,team1,kill,32.45
Rogue+Priest_vs_Warrior+Mage,Rogue+Priest,Warrior+Mage,7,team1,kill,30.38
Rogue+Priest_vs_Warrior+Mage,Rogue+Priest,Warrior+Mage,8,team1,kill,31.83
Rogue+Priest_vs_Warrior+Mage,Rogue+Priest,Warrior+Mage,9,team1,kill,29.42
Rogue+Priest_vs_Warrior+Rogue,Rogue+Priest,Warrior+Rogue,0,team1,kill,24.90
Rogue+Priest_vs_Warrior+Rogue,Rogue+Priest,Warrior+Rogue,1,team1,kill,22.90
Rogue+Priest_vs_Warrior+Rogue,Rogue+Priest,Warrior+Rogue,2,team1,kill,26.32
Rogue+Priest_vs_Warrior+Rogue,Rogue+Priest,Warrior+Rogue,3,team1,kill,22.90
Rogue+Priest_vs_Warrior+Rogue,Rogue+Priest,Warrior+Rogue,4,team2,kill,24.87
Rogue+Priest_vs_Warrior+Rogue,Rogue+Priest,Warrior+Rogue,5,team2,kill,24.87
Rogue+Priest_vs_Warrior+Rogue,Rogue+Priest,Warrior+Rogue,6,team2,kill,24.87
Rogue+Priest_vs_Warrior+Rogue,Rogue+Priest,Warrior+Rogue,7,team2,kill,20.92
Rogue+Priest_vs_Warrior+Rogue,Rogue+Priest,Warrior+Rogue,8,team2,kill,22.87
Rogue+Priest_vs_Warrior+Rogue,Rogue+Priest,Warrior+Rogue,9,team1,kill,21.17
Rogue+Priest_vs_Warrior+Priest,Rogue+Priest,Warrior+Priest,0,team1,kill,49.35
Rogue+Priest_vs_Warrior+Priest,Rogue+Priest,Warrior+Priest,1,team1,kill,48.47
Rogue+Priest_vs_Warrior+Priest,Rogue+Priest,Warrior+Priest,2,team1,kill,50.82
Rogue+Priest_vs_Warrior+Priest,Rogue+Priest,Warrior+Priest,3,team1,kill,55.53
Rogue+Priest_vs_Warrior+Priest,Rogue+Priest,Warrior+Priest,4,team1,kill,49.02
Rogue+Priest_vs_Warrior+Priest,Rogue+Priest,Warrior+Priest,5,team1,kill,49.87
Rogue+Priest_vs_Warrior+Priest,Rogue+Priest,Warrior+Priest,6,team1,kill,51.82
Rogue+Priest_vs_Warrior+Priest,Rogue+Priest,Warrior+Priest,7,team1,kill,54.07
Rogue+Priest_vs_Warrior+Priest,Rogue+Priest,Warrior+Priest,8,team1,kill,55.80
Rogue+Priest_vs_Warrior+Priest,Rogue+Priest,Warrior+Priest,9,team2,kill,23.65
Rogue+Priest_vs_Warrior+Warlock,Rogue+Priest,Warrior+Warlock,0,team1,kill,25.58
Rogue+Priest_vs_Warrior+Warlock,Rogue+Priest,Warrior+Warlock,1,team1,kill,28.87
Rogue+Priest_vs_Warrior+Warlock,Rogue+Priest,Warrior+Warlock,2,team1,kill,28.83
Rogue+Priest_vs_Warrior+Warlock,Rogue+Priest,Warrior+Warlock,3,team1,kill,26.83
Rogue+Priest_vs_Warrior+Warlock,Rogue+Priest,Warrior+Warlock,4,team2,kill,29.90
Rogue+Priest_vs_Warrior+Warlock,Rogue+Priest,Warrior+Warlock,5,team1,kill,26.83
Rogue+Priest_vs_Warrior+Warlock,Rogue+Priest,Warrior+Warlock,6,team1,kill,26.83
Rogue+Priest_vs_Warrior+Warlock,Rogue+Priest,Warrior+Warlock,7,team1,kill,24.83
Rogue+Priest_vs_Warrior+Warlock,Rogue+Priest,Warrior+Warlock,8,team1,kill,30.83
Rogue+Priest_vs_Warrior+Warlock,Rogue+Priest,Warrior+Warlock,9,team1,kill,26.83
Rogue+Priest_vs_Warrior+Paladin,Rogue+Priest,Warrior+Paladin,0,team2,kill,35.17
Rogue+Priest_vs_Warrior+Paladin,Rogue+Priest,Warrior+Paladin,1,team2,kill,36.63
Rogue+Priest_vs_Warrior+Paladin,Rogue+Priest,Warrior+Paladin,2,team2,kill,39.10
Rogue+Priest_vs_Warrior+Paladin,Rogue+Priest,Warrior+Paladin,3,team1,kill,64.10
Rogue+Priest_vs_Warrior+Paladin,Rogue+Priest,Warrior+Paladin,4,team1,kill,68.25
Rogue+Priest_vs_Warrior+Paladin,Rogue+Priest,Warrior+Paladin,5,team2,kill,39.18
Rogue+Priest_vs_Warrior+Paladin,Rogue+Priest,Warrior+Paladin,6,team2,kill,35.10
Rogue+Priest_vs_Warrior+Paladin,Rogue+Priest,Warrior+Paladin,7,team2,kill,60.08
Rogue+Priest_vs_Warrior+Paladin,Rogue+Priest,Warrior+Paladin,8,team1,kill,55.07
Rogue+Priest_vs_Warrior+Paladin,Rogue+Priest,Warrior+Paladin,9,team1,kill,77.07
Rogue+Priest_vs_Warrior+Hunter,Rogue+Priest,Warrior+Hunter,0,team2,kill,13.73
Rogue+Priest_vs_Warrior+Hunter,Rogue+Priest,Warrior+Hunter,1,team2,kill,15.55
Rogue+Priest_vs_Warrior+Hunter,Rogue+Priest,Warrior+Hunter,2,team2,kill,15.55
Rogue+Priest_vs_Warrior+Hunter,Rogue+Priest,Warrior+Hunter,3,team2,kill,13.07
Rogue+Priest_vs_Warrior+Hunter,Rogue+Priest,Warrior+Hunter,4,team2,kill,15.55
Rogue+Priest_vs_Warrior+Hunter,Rogue+Priest,Warrior+Hunter,5,team2,kill,13.75
Rogue+Priest_vs_Warrior+Hunter,Rogue+Priest,Warrior+Hunter,6,team2,kill,15.55
Rogue+Priest_vs_Warrior+Hunter,Rogue+Priest,Warrior+Hunter,7,team2,kill,15.55
Rogue+Priest_vs_Warrior+Hunter,Rogue+Priest,Warrior+Hunter,8,team2,kill,13.75
Rogue+Priest_vs_Warrior+Hunter,Rogue+Priest,Warrior+Hunter,9,team2,kill,13.73
Rogue+Priest_vs_Warrior+Shaman,Rogue+Priest,Warrior+Shaman,0,team2,kill,16.77
Rogue+Priest_vs_Warrior+Shaman,Rogue+Priest,Warrior+Shaman,1,team2,kill,19.83
Rogue+Priest_vs_Warrior+Shaman,Rogue+Priest,Warrior+Shaman,2,team2,kill,19.28
Rogue+Priest_vs_Warrior+Shaman,Rogue+Priest,Warrior+Shaman,3,team2,kill,17.62
Rogue+Priest_vs_Warrior+Shaman,Rogue+Priest,Warrior+Shaman,4,team2,kill,17.62
Rogue+Priest_vs_Warrior+Shaman,Rogue+Priest,Warrior+Shaman,5,team2,kill,19.58
Rogue+Priest_vs_Warrior+Shaman,Rogue+Priest,Warrior+Shaman,6,team2,kill,17.62
Rogue+Priest_vs_Warrior+Shaman,Rogue+Priest,Warrior+Shaman,7,team2,kill,19.83
Rogue+Priest_vs_Warrior+Shaman,Rogue+Priest,Warrior+Shaman,8,team2,kill,19.83
Rogue+Priest_vs_Warrior+Shaman,Rogue+Priest,Warrior+Shaman,9,team2,kill,19.28
Rogue+Priest_vs_Mage+Rogue,Rogue+Priest,Mage+Rogue,0,team2,kill,20.95
Rogue+Priest_vs_Mage+Rogue,Rogue+Priest,Mage+Rogue,1,team2,kill,23.40
Rogue+Priest_vs_Mage+Rogue,Rogue+Priest,Mage+Rogue,2,team2,kill,22.67
Rogue+Priest_vs_Mage+Rogue,Rogue+Priest,Mage+Rogue,3,team2,kill,23.32
Rogue+Priest_vs_Mage+Rogue,Rogue+Priest,Mage+Rogue,4,team2,kill,22.58
Rogue+Priest_vs_Mage+Rogue,Rogue+Priest,Mage+Rogue,5,team2,kill,22.67
Rogue+Priest_vs_Mage+Rogue,Rogue+Priest,Mage+Rogue,6,team2,kill,23.60
Rogue+Priest_vs_Mage+Rogue,Rogue+Priest,Mage+Rogue,7,team2,kill,25.08
Rogue+Priest_vs_Mage+Rogue,Rogue+Priest,Mage+Rogue,8,team2,kill,23.40
Rogue+Priest_vs_Mage+Rogue,Rogue+Priest,Mage+Rogue,9,team2,kill,23.32
Rogue+Priest_vs_Mage+Priest,Rogue+Priest,Mage+Priest,0,team1,kill,43.97
Rogue+Priest_vs_Mage+Priest,Rogue+Priest,Mage+Priest,1,team1,kill,48.43
Rogue+Priest_vs_Mage+Priest,Rogue+Priest,Mage+Priest,2,team2,kill,43.55
Rogue+Priest_vs_Mage+Priest,Rogue+Priest,Mage+Priest,3,team2,kill,49.92
Rogue+Priest_vs_Mage+Priest,Rogue+Priest,Mage+Priest,4,team2,kill,39.00
Rogue+Priest_vs_Mage+Priest,Rogue+Priest,Mage+Priest,5,team1,kill,56.12
Rogue+Priest_vs_Mage+Priest,Rogue+Priest,Mage+Priest,6,team1,kill,48.50
Rogue+Priest_vs_Mage+Priest,Rogue+Priest,Mage+Priest,7,team2,kill,44.00
Rogue+Priest_vs_Mage+Priest,Rogue+Priest,Mage+Priest,8,team2,kill,47.78
Rogue+Priest_vs_Mage+Priest,Rogue+Priest,Mage+Priest,9,team2,kill,44.35
Rogue+Priest_vs_Mage+Warlock,Rogue+Priest,Mage+Warlock,0,team2,kill,27.08
Rogue+Priest_vs_Mage+Warlock,Rogue+Priest,Mage+Warlock,1,team1,kill,36.48
Rogue+Priest_vs_Mage+Warlock,Rogue+Priest,Mage+Warlock,2,team1,kill,34.90
Rogue+Priest_vs_Mage+Warlock,Rogue+Priest,Mage+Warlock,3,team1,kill,35.28
Rogue+Priest_vs_Mage+Warlock,Rogue+Priest,Mage+Warlock,4,team1,kill,33.20
Rogue+Priest_vs_Mage+Warlock,Rogue+Priest,Mage+Warlock,5,team1,kill,36.03
Rogue+Priest_vs_Mage+Warlock,Rogue+Priest,Mage+Warlock,6,team1,kill,35.07
Rogue+Priest_vs_Mage+Warlock,Rogue+Priest,Mage+Warlock,7,team1,kill,33.58
Rogue+Priest_vs_Mage+Warlock,Rogue+Priest,Mage+Warlock,8,team1,kill,31.23
Rogue+Priest_vs_Mage+Warlock,Rogue+Priest,Mage+Warlock,9,team1,kill,35.98
Rogue+Priest_vs_Mage+Paladin,Rogue+Priest,Mage+Paladin,0,team1,kill,67.20
Rogue+Priest_vs_Mage+Paladin,Rogue+Priest,Mage+Paladin,1,team1,kill,66.63
Rogue+Priest_vs_Mage+Paladin,Rogue+Priest,Mage+Paladin,2,team1,kill,77.24
Rogue+Priest_vs_Mage+Paladin,Rogue+Priest,Mage+Paladin,3,team1,kill,76.49
Rogue+Priest_vs_Mage+Paladin,Rogue+Priest,Mage+Paladin,4,team1,kill,79.95
Rogue+Priest_vs_Mage+Paladin,Rogue+Priest,Mage+Paladin,5,team1,kill,82.25
Rogue+Priest_vs_Mage+Paladin,Rogue+Priest,Mage+Paladin,6,team1,kill,68.48
Rogue+Priest_vs_Mage+Paladin,Rogue+Priest,Mage+Paladin,7,team1,kill,76.29
Rogue+Priest_vs_Mage+Paladin,Rogue+Priest,Mage+Paladin,8,team2,kill,72.07
Rogue+Priest_vs_Mage+Paladin,Rogue+Priest,Mage+Paladin,9,team1,kill,73.93
Rogue+Priest_vs_Mage+Hunter,Rogue+Priest,Mage+Hunter,0,team1,kill,76.19
Rogue+Priest_vs_Mage+Hunter,Rogue+Priest,Mage+Hunter,1,team1,kill,32.23
Rogue+Priest_vs_Mage+Hunter,Rogue+Priest,Mage+Hunter,2,team2,kill,79.72
Rogue+Priest_vs_Mage+Hunter,Rogue+Priest,Mage+Hunter,3,team1,kill,50.12
Rogue+Priest_vs_Mage+Hunter,Rogue+Priest,Mage+Hunter,4,team1,kill,49.68
Rogue+Priest_vs_Mage+Hunter,Rogue+Priest,Mage+Hunter,5,team1,kill,48.90
Rogue+Priest_vs_Mage+Hunter,Rogue+Priest,Mage+Hunter,6,team1,kill,69.12
Rogue+Priest_vs_Mage+Hunter,Rogue+Priest,Mage+Hunter,7,team1,kill,53.15
Rogue+Priest_vs_Mage+Hunter,Rogue+Priest,Mage+Hunter,8,team1,kill,32.45
Rogue+Priest_vs_Mage+Hunter,Rogue+Priest,Mage+Hunter,9,team2,kill,81.70
Rogue+Priest_vs_Mage+Shaman,Rogue+Priest,Mage+Shaman,0,team1,kill,52.18
Rogue+Priest_vs_Mage+Shaman,Rogue+Priest,Mage+Shaman,1,team1,kill,54.08
Rogue+Priest_vs_Mage+Shaman,Rogue+Priest,Mage+Shaman,2,team1,kill,59.12
Rogue+Priest_vs_Mage+Shaman,Rogue+Priest,Mage+Shaman,3,team1,kill,52.60
Rogue+Priest_vs_Mage+Shaman,Rogue+Priest,Mage+Shaman,4,team1,kill,48.63
Rogue+Priest_vs_Mage+Shaman,Rogue+Priest,Mage+Shaman,5,team1,kill,47.83
Rogue+Priest_vs_Mage+Shaman,Rogue+Priest,Mage+Shaman,6,team1,kill,34.85
Rogue+Priest_vs_Mage+Shaman,Rogue+Priest,Mage+Shaman,7,team1,kill,52.00
Rogue+Priest_vs_Mage+Shaman,Rogue+Priest,Mage+Shaman,8,team1,kill,29.70
Rogue+Priest_vs_Mage+Shaman,Rogue+Priest,Mage+Shaman,9,team1,kill,32.10
Rogue+Priest_vs_Rogue+Priest,Rogue+Priest,Rogue+Priest,0,team1,kill,27.52
Rogue+Priest_vs_Rogue+Priest,Rogue+Priest,Rogue+Priest,1,team1,kill,27.52
Rogue+Priest_vs_Rogue+Priest,Rogue+Priest,Rogue+Priest,2,team2,kill,26.32
Rogue+Priest_vs_Rogue+Priest,Rogue+Priest,Rogue+Priest,3,team2,kill,27.65
Rogue+Priest_vs_Rogue+Priest,Rogue+Priest,Rogue+Priest,4,team2,kill,25.90
Rogue+Priest_vs_Rogue+Priest,Rogue+Priest,Rogue+Priest,5,team1,kill,27.82
Rogue+Priest_vs_Rogue+Priest,Rogue+Priest,Rogue+Priest,6,team2,kill,24.38
Rogue+Priest_vs_Rogue+Priest,Rogue+Priest,Rogue+Priest,7,team1,kill,28.13
Rogue+Priest_vs_Rogue+Priest,Rogue+Priest,Rogue+Priest,8,draw,kill,25.65
Rogue+Priest_vs_Rogue+Priest,Rogue+Priest,Rogue+Priest,9,team2,kill,27.93
Rogue+Priest_vs_Rogue+Warlock,Rogue+Priest,Rogue+Warlock,0,team1,kill,24.48
Rogue+Priest_vs_Rogue+Warlock,Rogue+Priest,Rogue+Warlock,1,team1,kill,23.90
Rogue+Priest_vs_Rogue+Warlock,Rogue+Priest,Rogue+Warlock,2,team1,kill,28.72
Rogue+Priest_vs_Rogue+Warlock,Rogue+Priest,Rogue+Warlock,3,team1,kill,23.92
Rogue+Priest_vs_Rogue+Warlock,Rogue+Priest,Rogue+Warlock,4,team2,kill,29.38
Rogue+Priest_vs_Rogue+Warlock,Rogue+Priest,Rogue+Warlock,5,team2,kill,28.52
Rogue+Priest_vs_Rogue+Warlock,Rogue+Priest,Rogue+Warlock,6,team2,kill,28.00
Rogue+Priest_vs_Rogue+Warlock,Rogue+Priest,Rogue+Warlock,7,team2,kill,28.13
Rogue+Priest_vs_Rogue+Warlock,Rogue+Priest,Rogue+Warlock,8,team1,kill,27.15
Rogue+Priest_vs_Rogue+Warlock,Rogue+Priest,Rogue+Warlock,9,team2,kill,25.38
Rogue+Priest_vs_Rogue+Paladin,Rogue+Priest,Rogue+Paladin,0,team2,kill,32.40
Rogue+Priest_vs_Rogue+Paladin,Rogue+Priest,Rogue+Paladin,1,team2,kill,31.18
Rogue+Priest_vs_Rogue+Paladin,Rogue+Priest,Rogue+Paladin,2,team2,kill,34.47
Rogue+Priest_vs_Rogue+Paladin,Rogue+Priest,Rogue+Paladin,3,team2,kill,33.83
Rogue+Priest_vs_Rogue+Paladin,Rogue+Priest,Rogue+Paladin,4,team2,kill,33.28
Rogue+Priest_vs_Rogue+Paladin,Rogue+Priest,Rogue+Paladin,5,team2,kill,28.97
Rogue+Priest_vs_Rogue+Paladin,Rogue+Priest,Rogue+Paladin,6,team2,kill,29.18
Rogue+Priest_vs_Rogue+Paladin,Rogue+Priest,Rogue+Paladin,7,team2,kill,33.43
Rogue+Priest_vs_Rogue+Paladin,Rogue+Priest,Rogue+Paladin,8,team2,kill,31.18
Rogue+Priest_vs_Rogue+Paladin,Rogue+Priest,Rogue+Paladin,9,team2,kill,31.33
Rogue+Priest_vs_Rogue+Hunter,Rogue+Priest,Rogue+Hunter,0,team2,kill,33.90
Rogue+Priest_vs_Rogue+Hunter,Rogue+Priest,Rogue+Hunter,1,team1,kill,34.02
Rogue+Priest_vs_Rogue+Hunter,Rogue+Priest,Rogue+Hunter,2,team2,kill,32.40
Rogue+Priest_vs_Rogue+Hunter,Rogue+Priest,Rogue+Hunter,3,team1,kill,33.50
Rogue+Priest_vs_Rogue+Hunter,Rogue+Priest,Rogue+Hunter,4,team1,kill,30.68
Rogue+Priest_vs_Rogue+Hunter,Rogue+Priest,Rogue+Hunter,5,team1,kill,31.68
Rogue+Priest_vs_Rogue+Hunter,Rogue+Priest,Rogue+Hunter,6,team1,kill,31.45
Rogue+Priest_vs_Rogue+Hunter,Rogue+Priest,Rogue+Hunter,7,team1,kill,31.45
Rogue+Priest_vs_Rogue+Hunter,Rogue+Priest,Rogue+Hunter,8,team2,kill,32.63
Rogue+Priest_vs_Rogue+Hunter,Rogue+Priest,Rogue+Hunter,9,team1,kill,30.10
Rogue+Priest_vs_Rogue+Shaman,Rogue+Priest,Rogue+Shaman,0,team1,kill,24.02
Rogue+Priest_vs_Rogue+Shaman,Rogue+Priest,Rogue+Shaman,1,team1,kill,24.52
Rogue+Priest_vs_Rogue+Shaman,Rogue+Priest,Rogue+Shaman,2,team1,kill,25.10
Rogue+Priest_vs_Rogue+Shaman,Rogue+Priest,Rogue+Shaman,3,team1,kill,26.63
Rogue+Priest_vs_Rogue+Shaman,Rogue+Priest,Rogue+Shaman,4,team1,kill,24.98
Rogue+Priest_vs_Rogue+Shaman,Rogue+Priest,Rogue+Shaman,5,team1,kill,23.78
Rogue+Priest_vs_Rogue+Shaman,Rogue+Priest,Rogue+Shaman,6,team1,kill,25.53
Rogue+Priest_vs_Rogue+Shaman,Rogue+Priest,Rogue+Shaman,7,team1,kill,24.02
Rogue+Priest_vs_Rogue+Shaman,Rogue+Priest,Rogue+Shaman,8,team1,kill,24.27
Rogue+Priest_vs_Rogue+Shaman,Rogue+Priest,Rogue+Shaman,9,team2,kill,27.02
Rogue+Priest_vs_Priest+Warlock,Rogue+Priest,Priest+Warlock,0,team1,kill,47.82
Rogue+Priest_vs_Priest+Warlock,Rogue+Priest,Priest+Warlock,1,team2,kill,38.53
Rogue+Priest_vs_Priest+Warlock,Rogue+Priest,Priest+Warlock,2,team2,kill,43.57
Rogue+Priest_vs_Priest+Warlock,Rogue+Priest,Priest+Warlock,3,team2,kill,43.17
Rogue+Priest_vs_Priest+Warlock,Rogue+Priest,Priest+Warlock,4,team1,kill,39.65
Rogue+Priest_vs_Priest+Warlock,Rogue+Priest,Priest+Warlock,5,team2,kill,44.30
Rogue+Priest_vs_Priest+Warlock,Rogue+Priest,Priest+Warlock,6,team1,kill,25.28
Rogue+Priest_vs_Priest+Warlock,Rogue+Priest,Priest+Warlock,7,team1,kill,47.73
Rogue+Priest_vs_Priest+Warlock,Rogue+Priest,Priest+Warlock,8,team1,kill,28.65
Rogue+Priest_vs_Priest+Warlock,Rogue+Priest,Priest+Warlock,9,team1,kill,57.10
Rogue+Priest_vs_Priest+Hunter,Rogue+Priest,Priest+Hunter,0,team2,kill,35.67
Rogue+Priest_vs_Priest+Hunter,Rogue+Priest,Priest+Hunter,1,team2,kill,43.35
Rogue+Priest_vs_Priest+Hunter,Rogue+Priest,Priest+Hunter,2,team1,kill,52.78
Rogue+Priest_vs_Priest+Hunter,Rogue+Priest,Priest+Hunter,3,team1,kill,72.82
Rogue+Priest_vs_Priest+Hunter,Rogue+Priest,Priest+Hunter,4,team1,kill,32.10
Rogue+Priest_vs_Priest+Hunter,Rogue+Priest,Priest+Hunter,5,team2,kill,50.78
Rogue+Priest_vs_Priest+Hunter,Rogue+Priest,Priest+Hunter,6,team2,kill,56.95
Rogue+Priest_vs_Priest+Hunter,Rogue+Priest,Priest+Hunter,7,team1,kill,64.75
Rogue+Priest_vs_Priest+Hunter,Rogue+Priest,Priest+Hunter,8,team2,kill,59.33
Rogue+Priest_vs_Priest+Hunter,Rogue+Priest,Priest+Hunter,9,team2,kill,57.62
Rogue+Priest_vs_Warlock+Paladin,Rogue+Priest,Warlock+Paladin,0,team1,kill,66.92
Rogue+Priest_vs_Warlock+Paladin,Rogue+Priest,Warlock+Paladin,1,team1,kill,67.63
Rogue+Priest_vs_Warlock+Paladin,Rogue+Priest,Warlock+Paladin,2,team1,kill,71.45
Rogue+Priest_vs_Warlock+Paladin,Rogue+Priest,Warlock+Paladin,3,team1,kill,66.27
Rogue+Priest_vs_Warlock+Paladin,Rogue+Priest,Warlock+Paladin,4,team1,kill,71.12
Rogue+Priest_vs_Warlock+Paladin,Rogue+Priest,Warlock+Paladin,5,team1,kill,69.78
Rogue+Priest_vs_Warlock+Paladin,Rogue+Priest,Warlock+Paladin,6,team1,kill,64.92
Rogue+Priest_vs_Warlock+Paladin,Rogue+Priest,Warlock+Paladin,7,team1,kill,61.37
Rogue+Priest_vs_Warlock+Paladin,Rogue+Priest,Warlock+Paladin,8,team1,kill,68.92
Rogue+Priest_vs_Warlock+Paladin,Rogue+Priest,Warlock+Paladin,9,team1,kill,69.82
Rogue+Priest_vs_Warlock+Hunter,Rogue+Priest,Warlock+Hunter,0,team1,kill,58.58
Rogue+Priest_vs_Warlock+Hunter,Rogue+Priest,Warlock+Hunter,1,team1,kill,29.02
Rogue+Priest_vs_Warlock+Hunter,Rogue+Priest,Warlock+Hunter,2,team1,kill,33.03
Rogue+Priest_vs_Warlock+Hunter,Rogue+Priest,Warlock+Hunter,3,team2,kill,48.12
Rogue+Priest_vs_Warlock+Hunter,Rogue+Priest,Warlock+Hunter,4,team1,kill,46.60
Rogue+Priest_vs_Warlock+Hunter,Rogue+Priest,Warlock+Hunter,5,team1,kill,32.87
Rogue+Priest_vs_Warlock+Hunter,Rogue+Priest,Warlock+Hunter,6,team1,kill,32.57
Rogue+Priest_vs_Warlock+Hunter,Rogue+Priest,Warlock+Hunter,7,team1,kill,45.97
Rogue+Priest_vs_Warlock+Hunter,Rogue+Priest,Warlock+Hunter,8,team1,kill,87.19
Rogue+Priest_vs_Warlock+Hunter,Rogue+Priest,Warlock+Hunter,9,team1,kill,75.60
Rogue+Priest_vs_Warlock+Shaman,Rogue+Priest,Warlock+Shaman,0,team2,kill,40.85
Rogue+Priest_vs_Warlock+Shaman,Rogue+Priest,Warlock+Shaman,1,team2,kill,33.12
Rogue+Priest_vs_Warlock+Shaman,Rogue+Priest,Warlock+Shaman,2,team2,kill,33.12
Rogue+Priest_vs_Warlock+Shaman,Rogue+Priest,Warlock+Shaman,3,team1,kill,24.12
Rogue+Priest_vs_Warlock+Shaman,Rogue+Priest,Warlock+Shaman,4,team2,kill,24.18
Rogue+Priest_vs_Warlock+Shaman,Rogue+Priest,Warlock+Shaman,5,team2,kill,32.68
Rogue+Priest_vs_Warlock+Shaman,Rogue+Priest,Warlock+Shaman,6,team2,kill,27.37
Rogue+Priest_vs_Warlock+Shaman,Rogue+Priest,Warlock+Shaman,7,team1,kill,24.12
Rogue+Priest_vs_Warlock+Shaman,Rogue+Priest,Warlock+Shaman,8,team1,kill,31.75
Rogue+Priest_vs_Warlock+Shaman,Rogue+Priest,Warlock+Shaman,9,team2,kill,27.42
Rogue+Priest_vs_Paladin+Hunter,Rogue+Priest,Paladin+Hunter,0,team1,kill,80.77
Rogue+Priest_vs_Paladin+Hunter,Rogue+Priest,Paladin+Hunter,1,team2,kill,75.17
Rogue+Priest_vs_Paladin+Hunter,Rogue+Priest,Paladin+Hunter,2,team1,kill,111.41
Rogue+Priest_vs_Paladin+Hunter,Rogue+Priest,Paladin+Hunter,3,team1,kill,77.54
Rogue+Priest_vs_Paladin+Hunter,Rogue+Priest,Paladin+Hunter,4,team2,kill,78.92
Rogue+Priest_vs_Paladin+Hunter,Rogue+Priest,Paladin+Hunter,5,team1,kill,93.34
Rogue+Priest_vs_Paladin+Hunter,Rogue+Priest,Paladin+Hunter,6,team1,kill,91.94
Rogue+Priest_vs_Paladin+Hunter,Rogue+Priest,Paladin+Hunter,7,team1,kill,74.62
Rogue+Priest_vs_Paladin+Hunter,Rogue+Priest,Paladin+Hunter,8,team1,kill,77.29
Rogue+Priest_vs_Paladin+Hunter,Rogue+Priest,Paladin+Hunter,9,team2,kill,70.33
Rogue+Priest_vs_Hunter+Shaman,Rogue+Priest,Hunter+Shaman,0,team1,kill,58.20
Rogue+Priest_vs_Hunter+Shaman,Rogue+Priest,Hunter+Shaman,1,team1,kill,44.93
Rogue+Priest_vs_Hunter+Shaman,Rogue+Priest,Hunter+Shaman,2,team1,kill,45.87
Rogue+Priest_vs_Hunter+Shaman,Rogue+Priest,Hunter+Shaman,3,team1,kill,48.47
Rogue+Priest_vs_Hunter+Shaman,Rogue+Priest,Hunter+Shaman,4,team1,kill,51.50
Rogue+Priest_vs_Hunter+Shaman,Rogue+Priest,Hunter+Shaman,5,team1,kill,50.10
Rogue+Priest_vs_Hunter+Shaman,Rogue+Priest,Hunter+Shaman,6,team1,kill,50.63
Rogue+Priest_vs_Hunter+Shaman,Rogue+Priest,Hunter+Shaman,7,team1,kill,58.92
Rogue+Priest_vs_Hunter+Shaman,Rogue+Priest,Hunter+Shaman,8,team1,kill,35.93
Rogue+Priest_vs_Hunter+Shaman,Rogue+Priest,Hunter+Shaman,9,team1,kill,46.10
Rogue+Warlock_vs_Warrior+Mage,Rogue+Warlock,Warrior+Mage,0,team2,kill,17.67
Rogue+Warlock_vs_Warrior+Mage,Rogue+Warlock,Warrior+Mage,1,team2,kill,18.77
Rogue+Warlock_vs_Warrior+Mage,Rogue+Warlock,Warrior+Mage,2,team2,kill,16.12
Rogue+Warlock_vs_Warrior+Mage,Rogue+Warlock,Warrior+Mage,3,team1,kill,25.30
Rogue+Warlock_vs_Warrior+Mage,Rogue+Warlock,Warrior+Mage,4,team2,kill,16.20
Rogue+Warlock_vs_Warrior+Mage,Rogue+Warlock,Warrior+Mage,5,team2,kill,18.78
Rogue+Warlock_vs_Warrior+Mage,Rogue+Warlock,Warrior+Mage,6,team2,kill,18.92
Rogue+Warlock_vs_Warrior+Mage,Rogue+Warlock,Warrior+Mage,7,team2,kill,18.90
Rogue+Warlock_vs_Warrior+Mage,Rogue+Warlock,Warrior+Mage,8,team2,kill,17.62
Rogue+Warlock_vs_Warrior+Mage,Rogue+Warlock,Warrior+Mage,9,team2,kill,18.75
Rogue+Warlock_vs_Warrior+Rogue,Rogue+Warlock,Warrior+Rogue,0,team2,kill,20.02
Rogue+Warlock_vs_Warrior+Rogue,Rogue+Warlock,Warrior+Rogue,1,team2,kill,19.75
Rogue+Warlock_vs_Warrior+Rogue,Rogue+Warlock,Warrior+Rogue,2,team2,kill,22.02
Rogue+Warlock_vs_Warrior+Rogue,Rogue+Warlock,Warrior+Rogue,3,team2,kill,19.75
Rogue+Warlock_vs_Warrior+Rogue,Rogue+Warlock,Warrior+Rogue,4,team2,kill,20.02
Rogue+Warlock_vs_Warrior+Rogue,Rogue+Warlock,Warrior+Rogue,5,team2,kill,19.75
Rogue+Warlock_vs_Warrior+Rogue,Rogue+Warlock,Warrior+Rogue,6,team2,kill,20.02
Rogue+Warlock_vs_Warrior+Rogue,Rogue+Warlock,Warrior+Rogue,7,team2,kill,19.75
Rogue+Warlock_vs_Warrior+Rogue,Rogue+Warlock,Warrior+Rogue,8,team2,kill,19.75
Rogue+Warlock_vs_Warrior+Rogue,Rogue+Warlock,Warrior+Rogue,9,team2,kill,18.02
Rogue+Warlock_vs_Warrior+Priest,Rogue+Warlock,Warrior+Priest,0,team2,kill,31.27
Rogue+Warlock_vs_Warrior+Priest,Rogue+Warlock,Warrior+Priest,1,team2,kill,29.80
Rogue+Warlock_vs_Warrior+Priest,Rogue+Warlock,Warrior+Priest,2,team2,kill,30.80
Rogue+Warlock_vs_Warrior+Priest,Rogue+Warlock,Warrior+Priest,3,team2,kill,28.78
Rogue+Warlock_vs_Warrior+Priest,Rogue+Warlock,Warrior+Priest,4,team2,kill,29.47
Rogue+Warlock_vs_Warrior+Priest,Rogue+Warlock,Warrior+Priest,5,team1,kill,22.18
Rogue+Warlock_vs_Warrior+Priest,Rogue+Warlock,Warrior+Priest,6,team2,kill,26.63
Rogue+Warlock_vs_Warrior+Priest,Rogue+Warlock,Warrior+Priest,7,team2,kill,27.90
Rogue+Warlock_vs_Warrior+Priest,Rogue+Warlock,Warrior+Priest,8,team1,kill,22.17
Rogue+Warlock_vs_Warrior+Priest,Rogue+Warlock,Warrior+Priest,9,team1,kill,39.28
Rogue+Warlock_vs_Warrior+Warlock,Rogue+Warlock,Warrior+Warlock,0,team2,kill,20.00
Rogue+Warlock_vs_Warrior+Warlock,Rogue+Warlock,Warrior+Warlock,1,team2,kill,24.07
Rogue+Warlock_vs_Warrior+Warlock,Rogue+Warlock,Warrior+Warlock,2,team2,kill,28.67
Rogue+Warlock_vs_Warrior+Warlock,Rogue+Warlock,Warrior+Warlock,3,team2,kill,20.00
Rogue+Warlock_vs_Warrior+Warlock,Rogue+Warlock,Warrior+Warlock,4,team1,kill,26.38
Rogue+Warlock_vs_Warrior+Warlock,Rogue+Warlock,Warrior+Warlock,5,team1,kill,27.82
Rogue+Warlock_vs_Warrior+Warlock,Rogue+Warlock,Warrior+Warlock,6,team2,kill,22.02
Rogue+Warlock_vs_Warrior+Warlock,Rogue+Warlock,Warrior+Warlock,7,team1,kill,32.80
Rogue+Warlock_vs_Warrior+Warlock,Rogue+Warlock,Warrior+Warlock,8,team2,kill,24.55
Rogue+Warlock_vs_Warrior+Warlock,Rogue+Warlock,Warrior+Warlock,9,team1,kill,26.93
Rogue+Warlock_vs_Warrior+Paladin,Rogue+Warlock,Warrior+Paladin,0,team2,kill,29.57
Rogue+Warlock_vs_Warrior+Paladin,Rogue+Warlock,Warrior+Paladin,1,team2,kill,28.42
Rogue+Warlock_vs_Warrior+Paladin,Rogue+Warlock,Warrior+Paladin,2,team2,kill,26.78
Rogue+Warlock_vs_Warrior+Paladin,Rogue+Warlock,Warrior+Paladin,3,team2,kill,33.37
Rogue+Warlock_vs_Warrior+Paladin,Rogue+Warlock,Warrior+Paladin,4,team2,kill,28.42
Rogue+Warlock_vs_Warrior+Paladin,Rogue+Warlock,Warrior+Paladin,5,team2,kill,34.42
Rogue+Warlock_vs_Warrior+Paladin,Rogue+Warlock,Warrior+Paladin,6,team2,kill,29.90
Rogue+Warlock_vs_Warrior+Paladin,Rogue+Warlock,Warrior+Paladin,7,team2,kill,26.88
Rogue+Warlock_vs_Warrior+Paladin,Rogue+Warlock,Warrior+Paladin,8,team2,kill,32.87
Rogue+Warlock_vs_Warrior+Paladin,Rogue+Warlock,Warrior+Paladin,9,team2,kill,27.05
Rogue+Warlock_vs_Warrior+Hunter,Rogue+Warlock,Warrior+Hunter,0,team2,kill,21.42
Rogue+Warlock_vs_Warrior+Hunter,Rogue+Warlock,Warrior+Hunter,1,team2,kill,22.40
Rogue+Warlock_vs_Warrior+Hunter,Rogue+Warlock,Warrior+Hunter,2,team2,kill,22.33
Rogue+Warlock_vs_Warrior+Hunter,Rogue+Warlock,Warrior+Hunter,3,team2,kill,21.95
Rogue+Warlock_vs_Warrior+Hunter,Rogue+Warlock,Warrior+Hunter,4,team2,kill,21.43
Rogue+Warlock_vs_Warrior+Hunter,Rogue+Warlock,Warrior+Hunter,5,team2,kill,22.38
Rogue+Warlock_vs_Warrior+Hunter,Rogue+Warlock,Warrior+Hunter,6,team2,kill,22.37
Rogue+Warlock_vs_Warrior+Hunter,Rogue+Warlock,Warrior+Hunter,7,team1,kill,24.80
Rogue+Warlock_vs_Warrior+Hunter,Rogue+Warlock,Warrior+Hunter,8,team2,kill,17.65
Rogue+Warlock_vs_Warrior+Hunter,Rogue+Warlock,Warrior+Hunter,9,team2,kill,18.48
Rogue+Warlock_vs_Warrior+Shaman,Rogue+Warlock,Warrior+Shaman,0,team2,kill,28.05
Rogue+Warlock_vs_Warrior+Shaman,Rogue+Warlock,Warrior+Shaman,1,team2,kill,29.18
Rogue+Warlock_vs_Warrior+Shaman,Rogue+Warlock,Warrior+Shaman,2,team2,kill,27.15
Rogue+Warlock_vs_Warrior+Shaman,Rogue+Warlock,Warrior+Shaman,3,team2,kill,36.75
Rogue+Warlock_vs_Warrior+Shaman,Rogue+Warlock,Warrior+Shaman,4,team2,kill,29.18
Rogue+Warlock_vs_Warrior+Shaman,Rogue+Warlock,Warrior+Shaman,5,team1,kill,38.95
Rogue+Warlock_vs_Warrior+Shaman,Rogue+Warlock,Warrior+Shaman,6,team2,kill,28.37
Rogue+Warlock_vs_Warrior+Shaman,Rogue+Warlock,Warrior+Shaman,7,team2,kill,28.57
Rogue+Warlock_vs_Warrior+Shaman,Rogue+Warlock,Warrior+Shaman,8,team2,kill,32.57
Rogue+Warlock_vs_Warrior+Shaman,Rogue+Warlock,Warrior+Shaman,9,team1,kill,35.38
Rogue+Warlock_vs_Mage+Rogue,Rogue+Warlock,Mage+Rogue,0,team2,kill,24.18
Rogue+Warlock_vs_Mage+Rogue,Rogue+Warlock,Mage+Rogue,1,team2,kill,22.08
Rogue+Warlock_vs_Mage+Rogue,Rogue+Warlock,Mage+Rogue,2,team2,kill,22.90
Rogue+Warlock_vs_Mage+Rogue,Rogue+Warlock,Mage+Rogue,3,team2,kill,21.28
Rogue+Warlock_vs_Mage+Rogue,Rogue+Warlock,Mage+Rogue,4,team2,kill,23.38
Rogue+Warlock_vs_Mage+Rogue,Rogue+Warlock,Mage+Rogue,5,team2,kill,21.57
Rogue+Warlock_vs_Mage+Rogue,Rogue+Warlock,Mage+Rogue,6,team2,kill,22.80
Rogue+Warlock_vs_Mage+Rogue,Rogue+Warlock,Mage+Rogue,7,team2,kill,23.38
Rogue+Warlock_vs_Mage+Rogue,Rogue+Warlock,Mage+Rogue,8,team2,kill,21.87
Rogue+Warlock_vs_Mage+Rogue,Rogue+Warlock,Mage+Rogue,9,team2,kill,20.85
Rogue+Warlock_vs_Mage+Priest,Rogue+Warlock,Mage+Priest,0,team1,kill,41.35
Rogue+Warlock_vs_Mage+Priest,Rogue+Warlock,Mage+Priest,1,team2,kill,34.70
Rogue+Warlock_vs_Mage+Priest,Rogue+Warlock,Mage+Priest,2,team1,kill,49.72
Rogue+Warlock_vs_Mage+Priest,Rogue+Warlock,Mage+Priest,3,team2,kill,40.17
Rogue+Warlock_vs_Mage+Priest,Rogue+Warlock,Mage+Priest,4,team2,kill,32.50
Rogue+Warlock_vs_Mage+Priest,Rogue+Warlock,Mage+Priest,5,team2,kill,34.13
Rogue+Warlock_vs_Mage+Priest,Rogue+Warlock,Mage+Priest,6,team1,kill,45.55
Rogue+Warlock_vs_Mage+Priest,Rogue+Warlock,Mage+Priest,7,team2,kill,32.20
Rogue+Warlock_vs_Mage+Priest,Rogue+Warlock,Mage+Priest,8,team2,kill,38.47
Rogue+Warlock_vs_Mage+Priest,Rogue+Warlock,Mage+Priest,9,team2,kill,38.30
Rogue+Warlock_vs_Mage+Warlock,Rogue+Warlock,Mage+Warlock,0,team2,kill,24.57
Rogue+Warlock_vs_Mage+Warlock,Rogue+Warlock,Mage+Warlock,1,team1,kill,29.28
Rogue+Warlock_vs_Mage+Warlock,Rogue+Warlock,Mage+Warlock,2,team2,kill,25.98
Rogue+Warlock_vs_Mage+Warlock,Rogue+Warlock,Mage+Warlock,3,team1,kill,28.98
Rogue+Warlock_vs_Mage+Warlock,Rogue+Warlock,Mage+Warlock,4,team2,kill,26.52
Rogue+Warlock_vs_Mage+Warlock,Rogue+Warlock,Mage+Warlock,5,team2,kill,26.58
Rogue+Warlock_vs_Mage+Warlock,Rogue+Warlock,Mage+Warlock,6,team1,kill,27.82
Rogue+Warlock_vs_Mage+Warlock,Rogue+Warlock,Mage+Warlock,7,team2,kill,20.30
Rogue+Warlock_vs_Mage+Warlock,Rogue+Warlock,Mage+Warlock,8,team1,kill,27.12
Rogue+Warlock_vs_Mage+Warlock,Rogue+Warlock,Mage+Warlock,9,team1,kill,22.02
Rogue+Warlock_vs_Mage+Paladin,Rogue+Warlock,Mage+Paladin,0,team1,kill,53.57
Rogue+Warlock_vs_Mage+Paladin,Rogue+Warlock,Mage+Paladin,1,team1,kill,41.68
Rogue+Warlock_vs_Mage+Paladin,Rogue+Warlock,Mage+Paladin,2,team2,kill,53.55
Rogue+Warlock_vs_Mage+Paladin,Rogue+Warlock,Mage+Paladin,3,team2,kill,34.83
Rogue+Warlock_vs_Mage+Paladin,Rogue+Warlock,Mage+Paladin,4,team1,kill,52.02
Rogue+Warlock_vs_Mage+Paladin,Rogue+Warlock,Mage+Paladin,5,team2,kill,53.45
Rogue+Warlock_vs_Mage+Paladin,Rogue+Warlock,Mage+Paladin,6,team2,kill,47.47
Rogue+Warlock_vs_Mage+Paladin,Rogue+Warlock,Mage+Paladin,7,team1,kill,42.68
Rogue+Warlock_vs_Mage+Paladin,Rogue+Warlock,Mage+Paladin,8,team2,kill,42.72
Rogue+Warlock_vs_Mage+Paladin,Rogue+Warlock,Mage+Paladin,9,team1,kill,37.13
Rogue+Warlock_vs_Mage+Hunter,Rogue+Warlock,Mage+Hunter,0,team2,kill,21.35
Rogue+Warlock_vs_Mage+Hunter,Rogue+Warlock,Mage+Hunter,1,team2,kill,21.53
Rogue+Warlock_vs_Mage+Hunter,Rogue+Warlock,Mage+Hunter,2,team2,kill,19.12
Rogue+Warlock_vs_Mage+Hunter,Rogue+Warlock,Mage+Hunter,3,team2,kill,21.53
Rogue+Warlock_vs_Mage+Hunter,Rogue+Warlock,Mage+Hunter,4,team2,kill,21.53
Rogue+Warlock_vs_Mage+Hunter,Rogue+Warlock,Mage+Hunter,5,team2,kill,21.35
Rogue+Warlock_vs_Mage+Hunter,Rogue+Warlock,Mage+Hunter,6,team2,kill,21.22
Rogue+Warlock_vs_Mage+Hunter,Rogue+Warlock,Mage+Hunter,7,team2,kill,19.12
Rogue+Warlock_vs_Mage+Hunter,Rogue+Warlock,Mage+Hunter,8,team2,kill,21.53
Rogue+Warlock_vs_Mage+Hunter,Rogue+Warlock,Mage+Hunter,9,team2,kill,21.35
Rogue+Warlock_vs_Mage+Shaman,Rogue+Warlock,Mage+Shaman,0,team2,kill,27.13
Rogue+Warlock_vs_Mage+Shaman,Rogue+Warlock,Mage+Shaman,1,team2,kill,28.17
Rogue+Warlock_vs_Mage+Shaman,Rogue+Warlock,Mage+Shaman,2,team2,kill,27.13
Rogue+Warlock_vs_Mage+Shaman,Rogue+Warlock,Mage+Shaman,3,team2,kill,27.13
Rogue+Warlock_vs_Mage+Shaman,Rogue+Warlock,Mage+Shaman,4,team2,kill,28.65
Rogue+Warlock_vs_Mage+Shaman,Rogue+Warlock,Mage+Shaman,5,team2,kill,28.65
Rogue+Warlock_vs_Mage+Shaman,Rogue+Warlock,Mage+Shaman,6,team2,kill,23.67
Rogue+Warlock_vs_Mage+Shaman,Rogue+Warlock,Mage+Shaman,7,team2,kill,23.67
Rogue+Warlock_vs_Mage+Shaman,Rogue+Warlock,Mage+Shaman,8,team2,kill,28.17
Rogue+Warlock_vs_Mage+Shaman,Rogue+Warlock,Mage+Shaman,9,team2,kill,28.17
Rogue+Warlock_vs_Rogue+Priest,Rogue+Warlock,Rogue+Priest,0,team2,kill,24.48
Rogue+Warlock_vs_Rogue+Priest,Rogue+Warlock,Rogue+Priest,1,team2,kill,23.90
Rogue+Warlock_vs_Rogue+Priest,Rogue+Warlock,Rogue+Priest,2,team2,kill,28.57
Rogue+Warlock_vs_Rogue+Priest,Rogue+Warlock,Rogue+Priest,3,team2,kill,23.92
Rogue+Warlock_vs_Rogue+Priest,Rogue+Warlock,Rogue+Priest,4,team1,kill,27.38
Rogue+Warlock_vs_Rogue+Priest,Rogue+Warlock,Rogue+Priest,5,team1,kill,29.38
Rogue+Warlock_vs_Rogue+Priest,Rogue+Warlock,Rogue+Priest,6,team2,kill,26.85
Rogue+Warlock_vs_Rogue+Priest,Rogue+Warlock,Rogue+Priest,7,team1,kill,28.42
Rogue+Warlock_vs_Rogue+Priest,Rogue+Warlock,Rogue+Priest,8,team1,kill,26.17
Rogue+Warlock_vs_Rogue+Priest,Rogue+Warlock,Rogue+Priest,9,team2,kill,26.48
Rogue+Warlock_vs_Rogue+Warlock,Rogue+Warlock,Rogue+Warlock,0,draw,kill,23.15
Rogue+Warlock_vs_Rogue+Warlock,Rogue+Warlock,Rogue+Warlock,1,team1,kill,22.60
Rogue+Warlock_vs_Rogue+Warlock,Rogue+Warlock,Rogue+Warlock,2,team2,kill,21.98
Rogue+Warlock_vs_Rogue+Warlock,Rogue+Warlock,Rogue+Warlock,3,team2,kill,24.32
Rogue+Warlock_vs_Rogue+Warlock,Rogue+Warlock,Rogue+Warlock,4,team2,kill,22.55
Rogue+Warlock_vs_Rogue+Warlock,Rogue+Warlock,Rogue+Warlock,5,team2,kill,21.83
Rogue+Warlock_vs_Rogue+Warlock,Rogue+Warlock,Rogue+Warlock,6,draw,kill,23.15
Rogue+Warlock_vs_Rogue+Warlock,Rogue+Warlock,Rogue+Warlock,7,team2,kill,21.40
Rogue+Warlock_vs_Rogue+Warlock,Rogue+Warlock,Rogue+Warlock,8,team2,kill,21.40
Rogue+Warlock_vs_Rogue+Warlock,Rogue+Warlock,Rogue+Warlock,9,team2,kill,21.40
Rogue+Warlock_vs_Rogue+Paladin,Rogue+Warlock,Rogue+Paladin,0,team1,kill,43.03
Rogue+Warlock_vs_Rogue+Paladin,Rogue+Warlock,Rogue+Paladin,1,team2,kill,23.05
Rogue+Warlock_vs_Rogue+Paladin,Rogue+Warlock,Rogue+Paladin,2,team2,kill,25.28
Rogue+Warlock_vs_Rogue+Paladin,Rogue+Warlock,Rogue+Paladin,3,team2,kill,25.28
Rogue+Warlock_vs_Rogue+Paladin,Rogue+Warlock,Rogue+Paladin,4,team2,kill,24.10
Rogue+Warlock_vs_Rogue+Paladin,Rogue+Warlock,Rogue+Paladin,5,team2,kill,32.43
Rogue+Warlock_vs_Rogue+Paladin,Rogue+Warlock,Rogue+Paladin,6,team2,kill,26.55
Rogue+Warlock_vs_Rogue+Paladin,Rogue+Warlock,Rogue+Paladin,7,team2,kill,22.63
Rogue+Warlock_vs_Rogue+Paladin,Rogue+Warlock,Rogue+Paladin,8,team2,kill,32.00
Rogue+Warlock_vs_Rogue+Paladin,Rogue+Warlock,Rogue+Paladin,9,team2,kill,24.52
Rogue+Warlock_vs_Rogue+Hunter,Rogue+Warlock,Rogue+Hunter,0,team2,kill,24.70
Rogue+Warlock_vs_Rogue+Hunter,Rogue+Warlock,Rogue+Hunter,1,team2,kill,26.42
Rogue+Warlock_vs_Rogue+Hunter,Rogue+Warlock,Rogue+Hunter,2,team2,kill,25.83
Rogue+Warlock_vs_Rogue+Hunter,Rogue+Warlock,Rogue+Hunter,3,team2,kill,27.48
Rogue+Warlock_vs_Rogue+Hunter,Rogue+Warlock,Rogue+Hunter,4,team2,kill,24.23
Rogue+Warlock_vs_Rogue+Hunter,Rogue+Warlock,Rogue+Hunter,5,team2,kill,25.85
Rogue+Warlock_vs_Rogue+Hunter,Rogue+Warlock,Rogue+Hunter,6,team2,kill,25.83
Rogue+Warlock_vs_Rogue+Hunter,Rogue+Warlock,Rogue+Hunter,7,team2,kill,26.42
Rogue+Warlock_vs_Rogue+Hunter,Rogue+Warlock,Rogue+Hunter,8,team2,kill,27.48
Rogue+Warlock_vs_Rogue+Hunter,Rogue+Warlock,Rogue+Hunter,9,team2,kill,26.55
Rogue+Warlock_vs_Rogue+Shaman,Rogue+Warlock,Rogue+Shaman,0,team2,kill,27.47
Rogue+Warlock_vs_Rogue+Shaman,Rogue+Warlock,Rogue+Shaman,1,team2,kill,28.85
Rogue+Warlock_vs_Rogue+Shaman,Rogue+Warlock,Rogue+Shaman,2,team1,kill,28.87
Rogue+Warlock_vs_Rogue+Shaman,Rogue+Warlock,Rogue+Shaman,3,team1,kill,26.70
Rogue+Warlock_vs_Rogue+Shaman,Rogue+Warlock,Rogue+Shaman,4,team1,kill,28.87
Rogue+Warlock_vs_Rogue+Shaman,Rogue+Warlock,Rogue+Shaman,5,team2,kill,21.13
Rogue+Warlock_vs_Rogue+Shaman,Rogue+Warlock,Rogue+Shaman,6,team1,kill,26.98
Rogue+Warlock_vs_Rogue+Shaman,Rogue+Warlock,Rogue+Shaman,7,team1,kill,25.57
Rogue+Warlock_vs_Rogue+Shaman,Rogue+Warlock,Rogue+Shaman,8,team1,kill,27.65
Rogue+Warlock_vs_Rogue+Shaman,Rogue+Warlock,Rogue+Shaman,9,team1,kill,29.82
Rogue+Warlock_vs_Priest+Warlock,Rogue+Warlock,Priest+Warlock,0,team2,kill,31.53
Rogue+Warlock_vs_Priest+Warlock,Rogue+Warlock,Priest+Warlock,1,team1,kill,25.77
Rogue+Warlock_vs_Priest+Warlock,Rogue+Warlock,Priest+Warlock,2,team2,kill,29.90
Rogue+Warlock_vs_Priest+Warlock,Rogue+Warlock,Priest+Warlock,3,team2,kill,28.08
Rogue+Warlock_vs_Priest+Warlock,Rogue+Warlock,Priest+Warlock,4,team1,kill,27.37
Rogue+Warlock_vs_Priest+Warlock,Rogue+Warlock,Priest+Warlock,5,team2,kill,33.63
Rogue+Warlock_vs_Priest+Warlock,Rogue+Warlock,Priest+Warlock,6,team1,kill,24.85
Rogue+Warlock_vs_Priest+Warlock,Rogue+Warlock,Priest+Warlock,7,team2,kill,36.98
Rogue+Warlock_vs_Priest+Warlock,Rogue+Warlock,Priest+Warlock,8,team1,kill,25.62
Rogue+Warlock_vs_Priest+Warlock,Rogue+Warlock,Priest+Warlock,9,team1,kill,24.93
Rogue+Warlock_vs_Priest+Hunter,Rogue+Warlock,Priest+Hunter,0,team2,kill,30.93
Rogue+Warlock_vs_Priest+Hunter,Rogue+Warlock,Priest+Hunter,1,team2,kill,31.45
Rogue+Warlock_vs_Priest+Hunter,Rogue+Warlock,Priest+Hunter,2,team2,kill,30.88
Rogue+Warlock_vs_Priest+Hunter,Rogue+Warlock,Priest+Hunter,3,team2,kill,27.93
Rogue+Warlock_vs_Priest+Hunter,Rogue+Warlock,Priest+Hunter,4,team2,kill,42.58
Rogue+Warlock_vs_Priest+Hunter,Rogue+Warlock,Priest+Hunter,5,team2,kill,42.95
Rogue+Warlock_vs_Priest+Hunter,Rogue+Warlock,Priest+Hunter,6,team2,kill,28.88
Rogue+Warlock_vs_Priest+Hunter,Rogue+Warlock,Priest+Hunter,7,team2,kill,32.37
Rogue+Warlock_vs_Priest+Hunter,Rogue+Warlock,Priest+Hunter,8,team2,kill,40.87
Rogue+Warlock_vs_Priest+Hunter,Rogue+Warlock,Priest+Hunter,9,team2,kill,42.95
Rogue+Warlock_vs_Warlock+Paladin,Rogue+Warlock,Warlock+Paladin,0,team1,kill,53.90
Rogue+Warlock_vs_Warlock+Paladin,Rogue+Warlock,Warlock+Paladin,1,team2,kill,50.23
Rogue+Warlock_vs_Warlock+Paladin,Rogue+Warlock,Warlock+Paladin,2,team2,kill,50.17
Rogue+Warlock_vs_Warlock+Paladin,Rogue+Warlock,Warlock+Paladin,3,team1,kill,60.72
Rogue+Warlock_vs_Warlock+Paladin,Rogue+Warlock,Warlock+Paladin,4,team2,kill,51.12
Rogue+Warlock_vs_Warlock+Paladin,Rogue+Warlock,Warlock+Paladin,5,team2,kill,51.27
Rogue+Warlock_vs_Warlock+Paladin,Rogue+Warlock,Warlock+Paladin,6,team1,kill,54.33
Rogue+Warlock_vs_Warlock+Paladin,Rogue+Warlock,Warlock+Paladin,7,team2,kill,44.75
Rogue+Warlock_vs_Warlock+Paladin,Rogue+Warlock,Warlock+Paladin,8,team2,kill,47.00
Rogue+Warlock_vs_Warlock+Paladin,Rogue+Warlock,Warlock+Paladin,9,team1,kill,58.83
Rogue+Warlock_vs_Warlock+Hunter,Rogue+Warlock,Warlock+Hunter,0,team2,kill,21.62
Rogue+Warlock_vs_Warlock+Hunter,Rogue+Warlock,Warlock+Hunter,1,team2,kill,24.55
Rogue+Warlock_vs_Warlock+Hunter,Rogue+Warlock,Warlock+Hunter,2,team2,kill,21.47
Rogue+Warlock_vs_Warlock+Hunter,Rogue+Warlock,Warlock+Hunter,3,team2,kill,23.07
Rogue+Warlock_vs_Warlock+Hunter,Rogue+Warlock,Warlock+Hunter,4,team2,kill,23.12
Rogue+Warlock_vs_Warlock+Hunter,Rogue+Warlock,Warlock+Hunter,5,team2,kill,23.58
Rogue+Warlock_vs_Warlock+Hunter,Rogue+Warlock,Warlock+Hunter,6,team2,kill,23.07
Rogue+Warlock_vs_Warlock+Hunter,Rogue+Warlock,Warlock+Hunter,7,team2,kill,23.07
Rogue+Warlock_vs_Warlock+Hunter,Rogue+Warlock,Warlock+Hunter,8,team2,kill,22.60
Rogue+Warlock_vs_Warlock+Hunter,Rogue+Warlock,Warlock+Hunter,9,team2,kill,22.70
Rogue+Warlock_vs_Warlock+Shaman,Rogue+Warlock,Warlock+Shaman,0,team1,kill,31.57
Rogue+Warlock_vs_Warlock+Shaman,Rogue+Warlock,Warlock+Shaman,1,team2,kill,25.38
Rogue+Warlock_vs_Warlock+Shaman,Rogue+Warlock,Warlock+Shaman,2,team2,kill,27.72
Rogue+Warlock_vs_Warlock+Shaman,Rogue+Warlock,Warlock+Shaman,3,team1,kill,35.63
Rogue+Warlock_vs_Warlock+Shaman,Rogue+Warlock,Warlock+Shaman,4,team2,kill,28.25
Rogue+Warlock_vs_Warlock+Shaman,Rogue+Warlock,Warlock+Shaman,5,team2,kill,28.15
Rogue+Warlock_vs_Warlock+Shaman,Rogue+Warlock,Warlock+Shaman,6,team1,kill,39.40
Rogue+Warlock_vs_Warlock+Shaman,Rogue+Warlock,Warlock+Shaman,7,team1,kill,32.88
Rogue+Warlock_vs_Warlock+Shaman,Rogue+Warlock,Warlock+Shaman,8,team2,kill,29.73
Rogue+Warlock_vs_Warlock+Shaman,Rogue+Warlock,Warlock+Shaman,9,team1,kill,24.70
Rogue+Warlock_vs_Paladin+Hunter,Rogue+Warlock,Paladin+Hunter,0,team2,kill,30.82
Rogue+Warlock_vs_Paladin+Hunter,Rogue+Warlock,Paladin+Hunter,1,team2,kill,32.62
Rogue+Warlock_vs_Paladin+Hunter,Rogue+Warlock,Paladin+Hunter,2,team2,kill,43.43
Rogue+Warlock_vs_Paladin+Hunter,Rogue+Warlock,Paladin+Hunter,3,team2,kill,32.93
Rogue+Warlock_vs_Paladin+Hunter,Rogue+Warlock,Paladin+Hunter,4,team2,kill,40.83
Rogue+Warlock_vs_Paladin+Hunter,Rogue+Warlock,Paladin+Hunter,5,team2,kill,30.92
Rogue+Warlock_vs_Paladin+Hunter,Rogue+Warlock,Paladin+Hunter,6,team2,kill,30.13
Rogue+Warlock_vs_Paladin+Hunter,Rogue+Warlock,Paladin+Hunter,7,team2,kill,33.20
Rogue+Warlock_vs_Paladin+Hunter,Rogue+Warlock,Paladin+Hunter,8,team2,kill,32.93
Rogue+Warlock_vs_Paladin+Hunter,Rogue+Warlock,Paladin+Hunter,9,team2,kill,41.93
Rogue+Warlock_vs_Hunter+Shaman,Rogue+Warlock,Hunter+Shaman,0,team2,kill,29.38
Rogue+Warlock_vs_Hunter+Shaman,Rogue+Warlock,Hunter+Shaman,1,team2,kill,31.40
Rogue+Warlock_vs_Hunter+Shaman,Rogue+Warlock,Hunter+Shaman,2,team2,kill,29.30
Rogue+Warlock_vs_Hunter+Shaman,Rogue+Warlock,Hunter+Shaman,3,team2,kill,24.27
Rogue+Warlock_vs_Hunter+Shaman,Rogue+Warlock,Hunter+Shaman,4,team2,kill,26.27
Rogue+Warlock_vs_Hunter+Shaman,Rogue+Warlock,Hunter+Shaman,5,team2,kill,29.42
Rogue+Warlock_vs_Hunter+Shaman,Rogue+Warlock,Hunter+Shaman,6,team2,kill,31.32
Rogue+Warlock_vs_Hunter+Shaman,Rogue+Warlock,Hunter+Shaman,7,team2,kill,27.78
Rogue+Warlock_vs_Hunter+Shaman,Rogue+Warlock,Hunter+Shaman,8,team2,kill,29.30
Rogue+Warlock_vs_Hunter+Shaman,Rogue+Warlock,Hunter+Shaman,9,team2,kill,29.33
Rogue+Paladin_vs_Warrior+Mage,Rogue+Paladin,Warrior+Mage,0,team1,kill,26.60
Rogue+Paladin_vs_Warrior+Mage,Rogue+Paladin,Warrior+Mage,1,team1,kill,59.13
Rogue+Paladin_vs_Warrior+Mage,Rogue+Paladin,Warrior+Mage,2,team1,kill,36.08
Rogue+Paladin_vs_Warrior+Mage,Rogue+Paladin,Warrior+Mage,3,team1,kill,70.98
Rogue+Paladin_vs_Warrior+Mage,Rogue+Paladin,Warrior+Mage,4,team1,kill,70.17
Rogue+Paladin_vs_Warrior+Mage,Rogue+Paladin,Warrior+Mage,5,team1,kill,36.08
Rogue+Paladin_vs_Warrior+Mage,Rogue+Paladin,Warrior+Mage,6,team1,kill,33.18
Rogue+Paladin_vs_Warrior+Mage,Rogue+Paladin,Warrior+Mage,7,team1,kill,25.35
Rogue+Paladin_vs_Warrior+Mage,Rogue+Paladin,Warrior+Mage,8,team1,kill,32.65
Rogue+Paladin_vs_Warrior+Mage,Rogue+Paladin,Warrior+Mage,9,team1,kill,66.38
Rogue+Paladin_vs_Warrior+Rogue,Rogue+Paladin,Warrior+Rogue,0,team2,kill,39.02
Rogue+Paladin_vs_Warrior+Rogue,Rogue+Paladin,Warrior+Rogue,1,team2,kill,38.43
Rogue+Paladin_vs_Warrior+Rogue,Rogue+Paladin,Warrior+Rogue,2,team2,kill,39.30
Rogue+Paladin_vs_Warrior+Rogue,Rogue+Paladin,Warrior+Rogue,3,team2,kill,33.80
Rogue+Paladin_vs_Warrior+Rogue,Rogue+Paladin,Warrior+Rogue,4,team2,kill,42.35
Rogue+Paladin_vs_Warrior+Rogue,Rogue+Paladin,Warrior+Rogue,5,team2,kill,34.53
Rogue+Paladin_vs_Warrior+Rogue,Rogue+Paladin,Warrior+Rogue,6,team2,kill,34.83
Rogue+Paladin_vs_Warrior+Rogue,Rogue+Paladin,Warrior+Rogue,7,team2,kill,35.92
Rogue+Paladin_vs_Warrior+Rogue,Rogue+Paladin,Warrior+Rogue,8,team2,kill,33.80
Rogue+Paladin_vs_Warrior+Rogue,Rogue+Paladin,Warrior+Rogue,9,team2,kill,39.02
Rogue+Paladin_vs_Warrior+Priest,Rogue+Paladin,Warrior+Priest,0,team2,kill,56.78
Rogue+Paladin_vs_Warrior+Priest,Rogue+Paladin,Warrior+Priest,1,team2,kill,56.85
Rogue+Paladin_vs_Warrior+Priest,Rogue+Paladin,Warrior+Priest,2,team2,kill,144.51
Rogue+Paladin_vs_Warrior+Priest,Rogue+Paladin,Warrior+Priest,3,team2,kill,56.78
Rogue+Paladin_vs_Warrior+Priest,Rogue+Paladin,Warrior+Priest,4,team2,kill,130.20
Rogue+Paladin_vs_Warrior+Priest,Rogue+Paladin,Warrior+Priest,5,team2,kill,56.88
Rogue+Paladin_vs_Warrior+Priest,Rogue+Paladin,Warrior+Priest,6,team1,kill,55.60
Rogue+Paladin_vs_Warrior+Priest,Rogue+Paladin,Warrior+Priest,7,team2,kill,62.70
Rogue+Paladin_vs_Warrior+Priest,Rogue+Paladin,Warrior+Priest,8,team2,kill,59.22
Rogue+Paladin_vs_Warrior+Priest,Rogue+Paladin,Warrior+Priest,9,team2,kill,56.00
Rogue+Paladin_vs_Warrior+Warlock,Rogue+Paladin,Warrior+Warlock,0,team1,kill,27.68
Rogue+Paladin_vs_Warrior+Warlock,Rogue+Paladin,Warrior+Warlock,1,team1,kill,23.68
Rogue+Paladin_vs_Warrior+Warlock,Rogue+Paladin,Warrior+Warlock,2,team1,kill,26.65
Rogue+Paladin_vs_Warrior+Warlock,Rogue+Paladin,Warrior+Warlock,3,team1,kill,27.65
Rogue+Paladin_vs_Warrior+Warlock,Rogue+Paladin,Warrior+Warlock,4,team1,kill,59.73
Rogue+Paladin_vs_Warrior+Warlock,Rogue+Paladin,Warrior+Warlock,5,team1,kill,26.65
Rogue+Paladin_vs_Warrior+Warlock,Rogue+Paladin,Warrior+Warlock,6,team1,kill,60.20
Rogue+Paladin_vs_Warrior+Warlock,Rogue+Paladin,Warrior+Warlock,7,team1,kill,22.87
Rogue+Paladin_vs_Warrior+Warlock,Rogue+Paladin,Warrior+Warlock,8,team1,kill,24.93
Rogue+Paladin_vs_Warrior+Warlock,Rogue+Paladin,Warrior+Warlock,9,team1,kill,28.37
Rogue+Paladin_vs_Warrior+Paladin,Rogue+Paladin,Warrior+Paladin,0,team2,kill,55.60
Rogue+Paladin_vs_Warrior+Paladin,Rogue+Paladin,Warrior+Paladin,1,team2,kill,51.58
Rogue+Paladin_vs_Warrior+Paladin,Rogue+Paladin,Warrior+Paladin,2,team2,kill,48.82
Rogue+Paladin_vs_Warrior+Paladin,Rogue+Paladin,Warrior+Paladin,3,team2,kill,53.52
Rogue+Paladin_vs_Warrior+Paladin,Rogue+Paladin,Warrior+Paladin,4,team2,kill,53.82
Rogue+Paladin_vs_Warrior+Paladin,Rogue+Paladin,Warrior+Paladin,5,team2,kill,53.18
Rogue+Paladin_vs_Warrior+Paladin,Rogue+Paladin,Warrior+Paladin,6,team2,kill,52.72
Rogue+Paladin_vs_Warrior+Paladin,Rogue+Paladin,Warrior+Paladin,7,team2,kill,41.67
Rogue+Paladin_vs_Warrior+Paladin,Rogue+Paladin,Warrior+Paladin,8,team2,kill,52.18
Rogue+Paladin_vs_Warrior+Paladin,Rogue+Paladin,Warrior+Paladin,9,team2,kill,56.95
Rogue+Paladin_vs_Warrior+Hunter,Rogue+Paladin,Warrior+Hunter,0,team1,kill,45.07
Rogue+Paladin_vs_Warrior+Hunter,Rogue+Paladin,Warrior+Hunter,1,team1,kill,61.00
Rogue+Paladin_vs_Warrior+Hunter,Rogue+Paladin,Warrior+Hunter,2,team2,kill,33.63
Rogue+Paladin_vs_Warrior+Hunter,Rogue+Paladin,Warrior+Hunter,3,team1,kill,61.95
Rogue+Paladin_vs_Warrior+Hunter,Rogue+Paladin,Warrior+Hunter,4,team1,kill,78.65
Rogue+Paladin_vs_Warrior+Hunter,Rogue+Paladin,Warrior+Hunter,5,team2,kill,33.33
Rogue+Paladin_vs_Warrior+Hunter,Rogue+Paladin,Warrior+Hunter,6,team1,kill,59.48
Rogue+Paladin_vs_Warrior+Hunter,Rogue+Paladin,Warrior+Hunter,7,team1,kill,82.44
Rogue+Paladin_vs_Warrior+Hunter,Rogue+Paladin,Warrior+Hunter,8,team1,kill,61.50
Rogue+Paladin_vs_Warrior+Hunter,Rogue+Paladin,Warrior+Hunter,9,team2,kill,27.88
Rogue+Paladin_vs_Warrior+Shaman,Rogue+Paladin,Warrior+Shaman,0,team2,kill,52.77
Rogue+Paladin_vs_Warrior+Shaman,Rogue+Paladin,Warrior+Shaman,1,team1,kill,104.49
Rogue+Paladin_vs_Warrior+Shaman,Rogue+Paladin,Warrior+Shaman,2,team2,kill,70.07
Rogue+Paladin_vs_Warrior+Shaman,Rogue+Paladin,Warrior+Shaman,3,team2,kill,53.68
Rogue+Paladin_vs_Warrior+Shaman,Rogue+Paladin,Warrior+Shaman,4,team1,kill,43.40
Rogue+Paladin_vs_Warrior+Shaman,Rogue+Paladin,Warrior+Shaman,5,team2,kill,58.33
Rogue+Paladin_vs_Warrior+Shaman,Rogue+Paladin,Warrior+Shaman,6,team2,kill,59.13
Rogue+Paladin_vs_Warrior+Shaman,Rogue+Paladin,Warrior+Shaman,7,team2,kill,46.33
Rogue+Paladin_vs_Warrior+Shaman,Rogue+Paladin,Warrior+Shaman,8,team2,kill,50.73
Rogue+Paladin_vs_Warrior+Shaman,Rogue+Paladin,Warrior+Shaman,9,team2,kill,56.20
Rogue+Paladin_vs_Mage+Rogue,Rogue+Paladin,Mage+Rogue,0,team2,kill,29.80
Rogue+Paladin_vs_Mage+Rogue,Rogue+Paladin,Mage+Rogue,1,team1,kill,35.32
Rogue+Paladin_vs_Mage+Rogue,Rogue+Paladin,Mage+Rogue,2,team1,kill,31.35
Rogue+Paladin_vs_Mage+Rogue,Rogue+Paladin,Mage+Rogue,3,team1,kill,31.35
Rogue+Paladin_vs_Mage+Rogue,Rogue+Paladin,Mage+Rogue,4,team1,kill,32.20
Rogue+Paladin_vs_Mage+Rogue,Rogue+Paladin,Mage+Rogue,5,team1,kill,30.20
Rogue+Paladin_vs_Mage+Rogue,Rogue+Paladin,Mage+Rogue,6,team1,kill,30.87
Rogue+Paladin_vs_Mage+Rogue,Rogue+Paladin,Mage+Rogue,7,team1,kill,32.20
Rogue+Paladin_vs_Mage+Rogue,Rogue+Paladin,Mage+Rogue,8,team1,kill,30.20
Rogue+Paladin_vs_Mage+Rogue,Rogue+Paladin,Mage+Rogue,9,team2,kill,38.42
Rogue+Paladin_vs_Mage+Priest,Rogue+Paladin,Mage+Priest,0,team1,kill,56.80
Rogue+Paladin_vs_Mage+Priest,Rogue+Paladin,Mage+Priest,1,team1,kill,61.73
Rogue+Paladin_vs_Mage+Priest,Rogue+Paladin,Mage+Priest,2,team1,kill,59.42
Rogue+Paladin_vs_Mage+Priest,Rogue+Paladin,Mage+Priest,3,team2,kill,65.07
Rogue+Paladin_vs_Mage+Priest,Rogue+Paladin,Mage+Priest,4,team1,kill,64.82
Rogue+Paladin_vs_Mage+Priest,Rogue+Paladin,Mage+Priest,5,team2,kill,48.35
Rogue+Paladin_vs_Mage+Priest,Rogue+Paladin,Mage+Priest,6,team1,kill,60.57
Rogue+Paladin_vs_Mage+Priest,Rogue+Paladin,Mage+Priest,7,team1,kill,58.58
Rogue+Paladin_vs_Mage+Priest,Rogue+Paladin,Mage+Priest,8,team2,kill,60.63
Rogue+Paladin_vs_Mage+Priest,Rogue+Paladin,Mage+Priest,9,team2,kill,66.77
Rogue+Paladin_vs_Mage+Warlock,Rogue+Paladin,Mage+Warlock,0,team2,kill,40.27
Rogue+Paladin_vs_Mage+Warlock,Rogue+Paladin,Mage+Warlock,1,team1,kill,40.17
Rogue+Paladin_vs_Mage+Warlock,Rogue+Paladin,Mage+Warlock,2,team1,kill,37.48
Rogue+Paladin_vs_Mage+Warlock,Rogue+Paladin,Mage+Warlock,3,team2,kill,38.08
Rogue+Paladin_vs_Mage+Warlock,Rogue+Paladin,Mage+Warlock,4,team1,kill,29.10
Rogue+Paladin_vs_Mage+Warlock,Rogue+Paladin,Mage+Warlock,5,team1,kill,35.73
Rogue+Paladin_vs_Mage+Warlock,Rogue+Paladin,Mage+Warlock,6,team1,kill,32.13
Rogue+Paladin_vs_Mage+Warlock,Rogue+Paladin,Mage+Warlock,7,team2,kill,39.13
Rogue+Paladin_vs_Mage+Warlock,Rogue+Paladin,Mage+Warlock,8,team1,kill,37.73
Rogue+Paladin_vs_Mage+Warlock,Rogue+Paladin,Mage+Warlock,9,team2,kill,40.88
Rogue+Paladin_vs_Mage+Paladin,Rogue+Paladin,Mage+Paladin,0,team1,kill,89.89
Rogue+Paladin_vs_Mage+Paladin,Rogue+Paladin,Mage+Paladin,1,team1,kill,90.42
Rogue+Paladin_vs_Mage+Paladin,Rogue+Paladin,Mage+Paladin,2,team1,kill,86.85
Rogue+Paladin_vs_Mage+Paladin,Rogue+Paladin,Mage+Paladin,3,team1,kill,96.36
Rogue+Paladin_vs_Mage+Paladin,Rogue+Paladin,Mage+Paladin,4,team1,kill,86.09
Rogue+Paladin_vs_Mage+Paladin,Rogue+Paladin,Mage+Paladin,5,team1,kill,94.51
Rogue+Paladin_vs_Mage+Paladin,Rogue+Paladin,Mage+Paladin,6,team1,kill,97.22
Rogue+Paladin_vs_Mage+Paladin,Rogue+Paladin,Mage+Paladin,7,team1,kill,84.05
Rogue+Paladin_vs_Mage+Paladin,Rogue+Paladin,Mage+Paladin,8,team1,kill,111.98
Rogue+Paladin_vs_Mage+Paladin,Rogue+Paladin,Mage+Paladin,9,team1,kill,89.29
Rogue+Paladin_vs_Mage+Hunter,Rogue+Paladin,Mage+Hunter,0,team1,kill,45.50
Rogue+Paladin_vs_Mage+Hunter,Rogue+Paladin,Mage+Hunter,1,team1,kill,50.70
Rogue+Paladin_vs_Mage+Hunter,Rogue+Paladin,Mage+Hunter,2,team1,kill,49.15
Rogue+Paladin_vs_Mage+Hunter,Rogue+Paladin,Mage+Hunter,3,team1,kill,52.67
Rogue+Paladin_vs_Mage+Hunter,Rogue+Paladin,Mage+Hunter,4,team1,kill,49.95
Rogue+Paladin_vs_Mage+Hunter,Rogue+Paladin,Mage+Hunter,5,team1,kill,50.73
Rogue+Paladin_vs_Mage+Hunter,Rogue+Paladin,Mage+Hunter,6,team1,kill,69.87
Rogue+Paladin_vs_Mage+Hunter,Rogue+Paladin,Mage+Hunter,7,team1,kill,49.18
Rogue+Paladin_vs_Mage+Hunter,Rogue+Paladin,Mage+Hunter,8,team1,kill,52.05
Rogue+Paladin_vs_Mage+Hunter,Rogue+Paladin,Mage+Hunter,9,team1,kill,52.60
Rogue+Paladin_vs_Mage+Shaman,Rogue+Paladin,Mage+Shaman,0,team1,kill,33.85
Rogue+Paladin_vs_Mage+Shaman,Rogue+Paladin,Mage+Shaman,1,team2,kill,29.48
Rogue+Paladin_vs_Mage+Shaman,Rogue+Paladin,Mage+Shaman,2,team2,kill,45.02
Rogue+Paladin_vs_Mage+Shaman,Rogue+Paladin,Mage+Shaman,3,team2,kill,45.03
Rogue+Paladin_vs_Mage+Shaman,Rogue+Paladin,Mage+Shaman,4,team2,kill,43.35
Rogue+Paladin_vs_Mage+Shaman,Rogue+Paladin,Mage+Shaman,5,team1,kill,28.18
Rogue+Paladin_vs_Mage+Shaman,Rogue+Paladin,Mage+Shaman,6,team1,kill,37.38
Rogue+Paladin_vs_Mage+Shaman,Rogue+Paladin,Mage+Shaman,7,team1,kill,28.18
Rogue+Paladin_vs_Mage+Shaman,Rogue+Paladin,Mage+Shaman,8,team1,kill,39.40
Rogue+Paladin_vs_Mage+Shaman,Rogue+Paladin,Mage+Shaman,9,team2,kill,46.53
Rogue+Paladin_vs_Rogue+Priest,Rogue+Paladin,Rogue+Priest,0,team1,kill,32.40
Rogue+Paladin_vs_Rogue+Priest,Rogue+Paladin,Rogue+Priest,1,team1,kill,31.18
Rogue+Paladin_vs_Rogue+Priest,Rogue+Paladin,Rogue+Priest,2,team1,kill,33.53
Rogue+Paladin_vs_Rogue+Priest,Rogue+Paladin,Rogue+Priest,3,team1,kill,33.83
Rogue+Paladin_vs_Rogue+Priest,Rogue+Paladin,Rogue+Priest,4,team1,kill,33.28
Rogue+Paladin_vs_Rogue+Priest,Rogue+Paladin,Rogue+Priest,5,team1,kill,28.97
Rogue+Paladin_vs_Rogue+Priest,Rogue+Paladin,Rogue+Priest,6,team1,kill,29.18
Rogue+Paladin_vs_Rogue+Priest,Rogue+Paladin,Rogue+Priest,7,team1,kill,33.43
Rogue+Paladin_vs_Rogue+Priest,Rogue+Paladin,Rogue+Priest,8,team1,kill,31.18
Rogue+Paladin_vs_Rogue+Priest,Rogue+Paladin,Rogue+Priest,9,team1,kill,31.33
Rogue+Paladin_vs_Rogue+Warlock,Rogue+Paladin,Rogue+Warlock,0,team1,kill,29.73
Rogue+Paladin_vs_Rogue+Warlock,Rogue+Paladin,Rogue+Warlock,1,team1,kill,23.63
Rogue+Paladin_vs_Rogue+Warlock,Rogue+Paladin,Rogue+Warlock,2,team1,kill,24.35
Rogue+Paladin_vs_Rogue+Warlock,Rogue+Paladin,Rogue+Warlock,3,team1,kill,25.28
Rogue+Paladin_vs_Rogue+Warlock,Rogue+Paladin,Rogue+Warlock,4,team1,kill,22.38
Rogue+Paladin_vs_Rogue+Warlock,Rogue+Paladin,Rogue+Warlock,5,team1,kill,56.50
Rogue+Paladin_vs_Rogue+Warlock,Rogue+Paladin,Rogue+Warlock,6,team1,kill,28.15
Rogue+Paladin_vs_Rogue+Warlock,Rogue+Paladin,Rogue+Warlock,7,team1,kill,23.77
Rogue+Paladin_vs_Rogue+Warlock,Rogue+Paladin,Rogue+Warlock,8,team1,kill,32.02
Rogue+Paladin_vs_Rogue+Warlock,Rogue+Paladin,Rogue+Warlock,9,team1,kill,25.10
Rogue+Paladin_vs_Rogue+Paladin,Rogue+Paladin,Rogue+Paladin,0,team2,kill,104.01
Rogue+Paladin_vs_Rogue+Paladin,Rogue+Paladin,Rogue+Paladin,1,team1,kill,58.40
Rogue+Paladin_vs_Rogue+Paladin,Rogue+Paladin,Rogue+Paladin,2,team2,kill,67.63
Rogue+Paladin_vs_Rogue+Paladin,Rogue+Paladin,Rogue+Paladin,3,team1,kill,59.15
Rogue+Paladin_vs_Rogue+Paladin,Rogue+Paladin,Rogue+Paladin,4,team1,kill,60.87
Rogue+Paladin_vs_Rogue+Paladin,Rogue+Paladin,Rogue+Paladin,5,team1,kill,64.30
Rogue+Paladin_vs_Rogue+Paladin,Rogue+Paladin,Rogue+Paladin,6,team2,kill,60.53
Rogue+Paladin_vs_Rogue+Paladin,Rogue+Paladin,Rogue+Paladin,7,team2,kill,53.37
Rogue+Paladin_vs_Rogue+Paladin,Rogue+Paladin,Rogue+Paladin,8,team1,kill,58.30
Rogue+Paladin_vs_Rogue+Paladin,Rogue+Paladin,Rogue+Paladin,9,team1,kill,125.53
Rogue+Paladin_vs_Rogue+Hunter,Rogue+Paladin,Rogue+Hunter,0,team1,kill,32.25
Rogue+Paladin_vs_Rogue+Hunter,Rogue+Paladin,Rogue+Hunter,1,team1,kill,32.83
Rogue+Paladin_vs_Rogue+Hunter,Rogue+Paladin,Rogue+Hunter,2,team1,kill,32.83
Rogue+Paladin_vs_Rogue+Hunter,Rogue+Paladin,Rogue+Hunter,3,team1,kill,34.83
Rogue+Paladin_vs_Rogue+Hunter,Rogue+Paladin,Rogue+Hunter,4,team1,kill,32.83
Rogue+Paladin_vs_Rogue+Hunter,Rogue+Paladin,Rogue+Hunter,5,team1,kill,30.83
Rogue+Paladin_vs_Rogue+Hunter,Rogue+Paladin,Rogue+Hunter,6,team1,kill,32.83
Rogue+Paladin_vs_Rogue+Hunter,Rogue+Paladin,Rogue+Hunter,7,team1,kill,32.83
Rogue+Paladin_vs_Rogue+Hunter,Rogue+Paladin,Rogue+Hunter,8,team1,kill,30.83
Rogue+Paladin_vs_Rogue+Hunter,Rogue+Paladin,Rogue+Hunter,9,team1,kill,30.83
Rogue+Paladin_vs_Rogue+Shaman,Rogue+Paladin,Rogue+Shaman,0,team2,kill,36.47
Rogue+Paladin_vs_Rogue+Shaman,Rogue+Paladin,Rogue+Shaman,1,team1,kill,33.37
Rogue+Paladin_vs_Rogue+Shaman,Rogue+Paladin,Rogue+Shaman,2,team2,kill,36.97
Rogue+Paladin_vs_Rogue+Shaman,Rogue+Paladin,Rogue+Shaman,3,team2,kill,37.48
Rogue+Paladin_vs_Rogue+Shaman,Rogue+Paladin,Rogue+Shaman,4,team2,kill,42.18
Rogue+Paladin_vs_Rogue+Shaman,Rogue+Paladin,Rogue+Shaman,5,team2,kill,33.88
Rogue+Paladin_vs_Rogue+Shaman,Rogue+Paladin,Rogue+Shaman,6,team1,kill,33.90
Rogue+Paladin_vs_Rogue+Shaman,Rogue+Paladin,Rogue+Shaman,7,team1,kill,33.25
Rogue+Paladin_vs_Rogue+Shaman,Rogue+Paladin,Rogue+Shaman,8,team2,kill,52.27
Rogue+Paladin_vs_Rogue+Shaman,Rogue+Paladin,Rogue+Shaman,9,team2,kill,33.73
Rogue+Paladin_vs_Priest+Warlock,Rogue+Paladin,Priest+Warlock,0,team1,kill,38.88
Rogue+Paladin_vs_Priest+Warlock,Rogue+Paladin,Priest+Warlock,1,team1,kill,38.57
Rogue+Paladin_vs_Priest+Warlock,Rogue+Paladin,Priest+Warlock,2,team2,kill,69.00
Rogue+Paladin_vs_Priest+Warlock,Rogue+Paladin,Priest+Warlock,3,team2,kill,60.42
Rogue+Paladin_vs_Priest+Warlock,Rogue+Paladin,Priest+Warlock,4,team1,kill,46.28
Rogue+Paladin_vs_Priest+Warlock,Rogue+Paladin,Priest+Warlock,5,team1,kill,43.42
Rogue+Paladin_vs_Priest+Warlock,Rogue+Paladin,Priest+Warlock,6,team1,kill,36.05
Rogue+Paladin_vs_Priest+Warlock,Rogue+Paladin,Priest+Warlock,7,team1,kill,39.77
Rogue+Paladin_vs_Priest+Warlock,Rogue+Paladin,Priest+Warlock,8,team1,kill,42.08
Rogue+Paladin_vs_Priest+Warlock,Rogue+Paladin,Priest+Warlock,9,team1,kill,32.07
Rogue+Paladin_vs_Priest+Hunter,Rogue+Paladin,Priest+Hunter,0,team1,kill,63.67
Rogue+Paladin_vs_Priest+Hunter,Rogue+Paladin,Priest+Hunter,1,team1,kill,61.98
Rogue+Paladin_vs_Priest+Hunter,Rogue+Paladin,Priest+Hunter,2,team1,kill,64.37
Rogue+Paladin_vs_Priest+Hunter,Rogue+Paladin,Priest+Hunter,3,team1,kill,59.63
Rogue+Paladin_vs_Priest+Hunter,Rogue+Paladin,Priest+Hunter,4,team1,kill,72.93
Rogue+Paladin_vs_Priest+Hunter,Rogue+Paladin,Priest+Hunter,5,team1,kill,96.19
Rogue+Paladin_vs_Priest+Hunter,Rogue+Paladin,Priest+Hunter,6,team1,kill,72.08
Rogue+Paladin_vs_Priest+Hunter,Rogue+Paladin,Priest+Hunter,7,team1,kill,59.43
Rogue+Paladin_vs_Priest+Hunter,Rogue+Paladin,Priest+Hunter,8,team2,kill,54.10
Rogue+Paladin_vs_Priest+Hunter,Rogue+Paladin,Priest+Hunter,9,team1,kill,45.40
Rogue+Paladin_vs_Warlock+Paladin,Rogue+Paladin,Warlock+Paladin,0,team1,kill,67.95
Rogue+Paladin_vs_Warlock+Paladin,Rogue+Paladin,Warlock+Paladin,1,team1,kill,70.33
Rogue+Paladin_vs_Warlock+Paladin,Rogue+Paladin,Warlock+Paladin,2,team1,kill,77.80
Rogue+Paladin_vs_Warlock+Paladin,Rogue+Paladin,Warlock+Paladin,3,team1,kill,75.15
Rogue+Paladin_vs_Warlock+Paladin,Rogue+Paladin,Warlock+Paladin,4,team1,kill,66.40
Rogue+Paladin_vs_Warlock+Paladin,Rogue+Paladin,Warlock+Paladin,5,team1,kill,71.93
Rogue+Paladin_vs_Warlock+Paladin,Rogue+Paladin,Warlock+Paladin,6,team1,kill,61.22
Rogue+Paladin_vs_Warlock+Paladin,Rogue+Paladin,Warlock+Paladin,7,team1,kill,73.45
Rogue+Paladin_vs_Warlock+Paladin,Rogue+Paladin,Warlock+Paladin,8,team1,kill,63.53
Rogue+Paladin_vs_Warlock+Paladin,Rogue+Paladin,Warlock+Paladin,9,team1,kill,129.05
Rogue+Paladin_vs_Warlock+Hunter,Rogue+Paladin,Warlock+Hunter,0,team2,kill,56.93
Rogue+Paladin_vs_Warlock+Hunter,Rogue+Paladin,Warlock+Hunter,1,team1,kill,49.10
Rogue+Paladin_vs_Warlock+Hunter,Rogue+Paladin,Warlock+Hunter,2,team1,kill,52.48
Rogue+Paladin_vs_Warlock+Hunter,Rogue+Paladin,Warlock+Hunter,3,team1,kill,44.85
Rogue+Paladin_vs_Warlock+Hunter,Rogue+Paladin,Warlock+Hunter,4,team1,kill,58.07
Rogue+Paladin_vs_Warlock+Hunter,Rogue+Paladin,Warlock+Hunter,5,team1,kill,44.65
Rogue+Paladin_vs_Warlock+Hunter,Rogue+Paladin,Warlock+Hunter,6,team1,kill,38.97
Rogue+Paladin_vs_Warlock+Hunter,Rogue+Paladin,Warlock+Hunter,7,team1,kill,35.70
Rogue+Paladin_vs_Warlock+Hunter,Rogue+Paladin,Warlock+Hunter,8,team1,kill,40.02
Rogue+Paladin_vs_Warlock+Hunter,Rogue+Paladin,Warlock+Hunter,9,team1,kill,53.50
Rogue+Paladin_vs_Warlock+Shaman,Rogue+Paladin,Warlock+Shaman,0,team1,kill,39.70
Rogue+Paladin_vs_Warlock+Shaman,Rogue+Paladin,Warlock+Shaman,1,team1,kill,36.67
Rogue+Paladin_vs_Warlock+Shaman,Rogue+Paladin,Warlock+Shaman,2,team1,kill,39.92
Rogue+Paladin_vs_Warlock+Shaman,Rogue+Paladin,Warlock+Shaman,3,team1,kill,39.53
Rogue+Paladin_vs_Warlock+Shaman,Rogue+Paladin,Warlock+Shaman,4,team1,kill,33.45
Rogue+Paladin_vs_Warlock+Shaman,Rogue+Paladin,Warlock+Shaman,5,team1,kill,85.84
Rogue+Paladin_vs_Warlock+Shaman,Rogue+Paladin,Warlock+Shaman,6,team2,kill,71.68
Rogue+Paladin_vs_Warlock+Shaman,Rogue+Paladin,Warlock+Shaman,7,team1,kill,43.82
Rogue+Paladin_vs_Warlock+Shaman,Rogue+Paladin,Warlock+Shaman,8,team1,kill,53.80
Rogue+Paladin_vs_Warlock+Shaman,Rogue+Paladin,Warlock+Shaman,9,team1,kill,46.52
Rogue+Paladin_vs_Paladin+Hunter,Rogue+Paladin,Paladin+Hunter,0,team2,kill,153.07
Rogue+Paladin_vs_Paladin+Hunter,Rogue+Paladin,Paladin+Hunter,1,team1,kill,80.25
Rogue+Paladin_vs_Paladin+Hunter,Rogue+Paladin,Paladin+Hunter,2,team1,kill,85.09
Rogue+Paladin_vs_Paladin+Hunter,Rogue+Paladin,Paladin+Hunter,3,team1,kill,89.64
Rogue+Paladin_vs_Paladin+Hunter,Rogue+Paladin,Paladin+Hunter,4,team1,kill,78.95
Rogue+Paladin_vs_Paladin+Hunter,Rogue+Paladin,Paladin+Hunter,5,team1,kill,78.69
Rogue+Paladin_vs_Paladin+Hunter,Rogue+Paladin,Paladin+Hunter,6,team2,kill,109.14
Rogue+Paladin_vs_Paladin+Hunter,Rogue+Paladin,Paladin+Hunter,7,team1,kill,90.27
Rogue+Paladin_vs_Paladin+Hunter,Rogue+Paladin,Paladin+Hunter,8,team1,kill,85.15
Rogue+Paladin_vs_Paladin+Hunter,Rogue+Paladin,Paladin+Hunter,9,team1,kill,85.12
Rogue+Paladin_vs_Hunter+Shaman,Rogue+Paladin,Hunter+Shaman,0,team1,kill,39.88
Rogue+Paladin_vs_Hunter+Shaman,Rogue+Paladin,Hunter+Shaman,1,team1,kill,49.65
Rogue+Paladin_vs_Hunter+Shaman,Rogue+Paladin,Hunter+Shaman,2,team1,kill,40.07
Rogue+Paladin_vs_Hunter+Shaman,Rogue+Paladin,Hunter+Shaman,3,team1,kill,48.18
Rogue+Paladin_vs_Hunter+Shaman,Rogue+Paladin,Hunter+Shaman,4,team1,kill,49.50
Rogue+Paladin_vs_Hunter+Shaman,Rogue+Paladin,Hunter+Shaman,5,team1,kill,53.15
Rogue+Paladin_vs_Hunter+Shaman,Rogue+Paladin,Hunter+Shaman,6,team1,kill,49.98
Rogue+Paladin_vs_Hunter+Shaman,Rogue+Paladin,Hunter+Shaman,7,team1,kill,54.25
Rogue+Paladin_vs_Hunter+Shaman,Rogue+Paladin,Hunter+Shaman,8,team1,kill,43.97
Rogue+Paladin_vs_Hunter+Shaman,Rogue+Paladin,Hunter+Shaman,9,team1,kill,43.32
Rogue+Hunter_vs_Warrior+Mage,Rogue+Hunter,Warrior+Mage,0,team2,kill,15.00
Rogue+Hunter_vs_Warrior+Mage,Rogue+Hunter,Warrior+Mage,1,team2,kill,22.93
Rogue+Hunter_vs_Warrior+Mage,Rogue+Hunter,Warrior+Mage,2,team2,kill,29.92
Rogue+Hunter_vs_Warrior+Mage,Rogue+Hunter,Warrior+Mage,3,team2,kill,15.00
Rogue+Hunter_vs_Warrior+Mage,Rogue+Hunter,Warrior+Mage,4,team2,kill,22.60
Rogue+Hunter_vs_Warrior+Mage,Rogue+Hunter,Warrior+Mage,5,team2,kill,23.65
Rogue+Hunter_vs_Warrior+Mage,Rogue+Hunter,Warrior+Mage,6,team2,kill,14.85
Rogue+Hunter_vs_Warrior+Mage,Rogue+Hunter,Warrior+Mage,7,team2,kill,20.20
Rogue+Hunter_vs_Warrior+Mage,Rogue+Hunter,Warrior+Mage,8,team2,kill,22.93
Rogue+Hunter_vs_Warrior+Mage,Rogue+Hunter,Warrior+Mage,9,team1,kill,30.58
Rogue+Hunter_vs_Warrior+Rogue,Rogue+Hunter,Warrior+Rogue,0,team1,kill,20.47
Rogue+Hunter_vs_Warrior+Rogue,Rogue+Hunter,Warrior+Rogue,1,team1,kill,20.47
Rogue+Hunter_vs_Warrior+Rogue,Rogue+Hunter,Warrior+Rogue,2,team1,kill,22.22
Rogue+Hunter_vs_Warrior+Rogue,Rogue+Hunter,Warrior+Rogue,3,team1,kill,20.45
Rogue+Hunter_vs_Warrior+Rogue,Rogue+Hunter,Warrior+Rogue,4,team1,kill,22.22
Rogue+Hunter_vs_Warrior+Rogue,Rogue+Hunter,Warrior+Rogue,5,team1,kill,21.32
Rogue+Hunter_vs_Warrior+Rogue,Rogue+Hunter,Warrior+Rogue,6,team1,kill,20.45
Rogue+Hunter_vs_Warrior+Rogue,Rogue+Hunter,Warrior+Rogue,7,team1,kill,20.45
Rogue+Hunter_vs_Warrior+Rogue,Rogue+Hunter,Warrior+Rogue,8,team1,kill,20.47
Rogue+Hunter_vs_Warrior+Rogue,Rogue+Hunter,Warrior+Rogue,9,team1,kill,19.37
Rogue+Hunter_vs_Warrior+Priest,Rogue+Hunter,Warrior+Priest,0,team1,kill,45.62
Rogue+Hunter_vs_Warrior+Priest,Rogue+Hunter,Warrior+Priest,1,team1,kill,44.78
Rogue+Hunter_vs_Warrior+Priest,Rogue+Hunter,Warrior+Priest,2,team1,kill,40.80
Rogue+Hunter_vs_Warrior+Priest,Rogue+Hunter,Warrior+Priest,3,team1,kill,44.73
Rogue+Hunter_vs_Warrior+Priest,Rogue+Hunter,Warrior+Priest,4,team1,kill,39.43
Rogue+Hunter_vs_Warrior+Priest,Rogue+Hunter,Warrior+Priest,5,team1,kill,44.73
Rogue+Hunter_vs_Warrior+Priest,Rogue+Hunter,Warrior+Priest,6,team1,kill,57.02
Rogue+Hunter_vs_Warrior+Priest,Rogue+Hunter,Warrior+Priest,7,team1,kill,44.50
Rogue+Hunter_vs_Warrior+Priest,Rogue+Hunter,Warrior+Priest,8,team1,kill,36.80
Rogue+Hunter_vs_Warrior+Priest,Rogue+Hunter,Warrior+Priest,9,team1,kill,45.87
Rogue+Hunter_vs_Warrior+Warlock,Rogue+Hunter,Warrior+Warlock,0,team1,kill,25.02
Rogue+Hunter_vs_Warrior+Warlock,Rogue+Hunter,Warrior+Warlock,1,team1,kill,24.62
Rogue+Hunter_vs_Warrior+Warlock,Rogue+Hunter,Warrior+Warlock,2,team1,kill,23.07
Rogue+Hunter_vs_Warrior+Warlock,Rogue+Hunter,Warrior+Warlock,3,team1,kill,19.63
Rogue+Hunter_vs_Warrior+Warlock,Rogue+Hunter,Warrior+Warlock,4,team1,kill,24.27
Rogue+Hunter_vs_Warrior+Warlock,Rogue+Hunter,Warrior+Warlock,5,team1,kill,18.85
Rogue+Hunter_vs_Warrior+Warlock,Rogue+Hunter,Warrior+Warlock,6,team1,kill,21.98
Rogue+Hunter_vs_Warrior+Warlock,Rogue+Hunter,Warrior+Warlock,7,team1,kill,29.07
Rogue+Hunter_vs_Warrior+Warlock,Rogue+Hunter,Warrior+Warlock,8,team1,kill,25.37
Rogue+Hunter_vs_Warrior+Warlock,Rogue+Hunter,Warrior+Warlock,9,team1,kill,23.12
Rogue+Hunter_vs_Warrior+Paladin,Rogue+Hunter,Warrior+Paladin,0,team2,kill,29.05
Rogue+Hunter_vs_Warrior+Paladin,Rogue+Hunter,Warrior+Paladin,1,team2,kill,39.10
Rogue+Hunter_vs_Warrior+Paladin,Rogue+Hunter,Warrior+Paladin,2,team2,kill,42.00
Rogue+Hunter_vs_Warrior+Paladin,Rogue+Hunter,Warrior+Paladin,3,team2,kill,42.00
Rogue+Hunter_vs_Warrior+Paladin,Rogue+Hunter,Warrior+Paladin,4,team2,kill,43.23
Rogue+Hunter_vs_Warrior+Paladin,Rogue+Hunter,Warrior+Paladin,5,team2,kill,55.68
Rogue+Hunter_vs_Warrior+Paladin,Rogue+Hunter,Warrior+Paladin,6,team2,kill,34.42
Rogue+Hunter_vs_Warrior+Paladin,Rogue+Hunter,Warrior+Paladin,7,team2,kill,43.23
Rogue+Hunter_vs_Warrior+Paladin,Rogue+Hunter,Warrior+Paladin,8,team2,kill,27.03
Rogue+Hunter_vs_Warrior+Paladin,Rogue+Hunter,Warrior+Paladin,9,team2,kill,39.42
Rogue+Hunter_vs_Warrior+Hunter,Rogue+Hunter,Warrior+Hunter,0,team2,kill,21.55
Rogue+Hunter_vs_Warrior+Hunter,Rogue+Hunter,Warrior+Hunter,1,team2,kill,19.03
Rogue+Hunter_vs_Warrior+Hunter,Rogue+Hunter,Warrior+Hunter,2,team2,kill,24.07
Rogue+Hunter_vs_Warrior+Hunter,Rogue+Hunter,Warrior+Hunter,3,team2,kill,20.68
Rogue+Hunter_vs_Warrior+Hunter,Rogue+Hunter,Warrior+Hunter,4,team2,kill,21.53
Rogue+Hunter_vs_Warrior+Hunter,Rogue+Hunter,Warrior+Hunter,5,team2,kill,19.03
Rogue+Hunter_vs_Warrior+Hunter,Rogue+Hunter,Warrior+Hunter,6,team2,kill,19.03
Rogue+Hunter_vs_Warrior+Hunter,Rogue+Hunter,Warrior+Hunter,7,team2,kill,23.02
Rogue+Hunter_vs_Warrior+Hunter,Rogue+Hunter,Warrior+Hunter,8,team2,kill,21.53
Rogue+Hunter_vs_Warrior+Hunter,Rogue+Hunter,Warrior+Hunter,9,team2,kill,20.67
Rogue+Hunter_vs_Warrior+Shaman,Rogue+Hunter,Warrior+Shaman,0,team1,kill,36.85
Rogue+Hunter_vs_Warrior+Shaman,Rogue+Hunter,Warrior+Shaman,1,team2,kill,29.30
Rogue+Hunter_vs_Warrior+Shaman,Rogue+Hunter,Warrior+Shaman,2,team1,kill,42.47
Rogue+Hunter_vs_Warrior+Shaman,Rogue+Hunter,Warrior+Shaman,3,team1,kill,31.97
Rogue+Hunter_vs_Warrior+Shaman,Rogue+Hunter,Warrior+Shaman,4,team2,kill,32.88
Rogue+Hunter_vs_Warrior+Shaman,Rogue+Hunter,Warrior+Shaman,5,team1,kill,46.02
Rogue+Hunter_vs_Warrior+Shaman,Rogue+Hunter,Warrior+Shaman,6,team2,kill,30.70
Rogue+Hunter_vs_Warrior+Shaman,Rogue+Hunter,Warrior+Shaman,7,team2,kill,32.88
Rogue+Hunter_vs_Warrior+Shaman,Rogue+Hunter,Warrior+Shaman,8,team2,kill,26.87
Rogue+Hunter_vs_Warrior+Shaman,Rogue+Hunter,Warrior+Shaman,9,team1,kill,34.40
Rogue+Hunter_vs_Mage+Rogue,Rogue+Hunter,Mage+Rogue,0,team1,kill,29.75
Rogue+Hunter_vs_Mage+Rogue,Rogue+Hunter,Mage+Rogue,1,team1,kill,25.57
Rogue+Hunter_vs_Mage+Rogue,Rogue+Hunter,Mage+Rogue,2,team1,kill,21.23
Rogue+Hunter_vs_Mage+Rogue,Rogue+Hunter,Mage+Rogue,3,team1,kill,26.43
Rogue+Hunter_vs_Mage+Rogue,Rogue+Hunter,Mage+Rogue,4,team1,kill,25.58
Rogue+Hunter_vs_Mage+Rogue,Rogue+Hunter,Mage+Rogue,5,team1,kill,25.58
Rogue+Hunter_vs_Mage+Rogue,Rogue+Hunter,Mage+Rogue,6,team1,kill,23.32
Rogue+Hunter_vs_Mage+Rogue,Rogue+Hunter,Mage+Rogue,7,team1,kill,31.13
Rogue+Hunter_vs_Mage+Rogue,Rogue+Hunter,Mage+Rogue,8,team1,kill,31.13
Rogue+Hunter_vs_Mage+Rogue,Rogue+Hunter,Mage+Rogue,9,team1,kill,30.52
Rogue+Hunter_vs_Mage+Priest,Rogue+Hunter,Mage+Priest,0,team2,kill,24.45
Rogue+Hunter_vs_Mage+Priest,Rogue+Hunter,Mage+Priest,1,team2,kill,24.45
Rogue+Hunter_vs_Mage+Priest,Rogue+Hunter,Mage+Priest,2,team2,kill,24.45
Rogue+Hunter_vs_Mage+Priest,Rogue+Hunter,Mage+Priest,3,team2,kill,24.45
Rogue+Hunter_vs_Mage+Priest,Rogue+Hunter,Mage+Priest,4,team2,kill,24.30
Rogue+Hunter_vs_Mage+Priest,Rogue+Hunter,Mage+Priest,5,team2,kill,24.45
Rogue+Hunter_vs_Mage+Priest,Rogue+Hunter,Mage+Priest,6,team2,kill,24.45
Rogue+Hunter_vs_Mage+Priest,Rogue+Hunter,Mage+Priest,7,team2,kill,24.45
Rogue+Hunter_vs_Mage+Priest,Rogue+Hunter,Mage+Priest,8,team2,kill,24.45
Rogue+Hunter_vs_Mage+Priest,Rogue+Hunter,Mage+Priest,9,team2,kill,24.45
Rogue+Hunter_vs_Mage+Warlock,Rogue+Hunter,Mage+Warlock,0,team2,kill,21.28
Rogue+Hunter_vs_Mage+Warlock,Rogue+Hunter,Mage+Warlock,1,team2,kill,20.30
Rogue+Hunter_vs_Mage+Warlock,Rogue+Hunter,Mage+Warlock,2,team2,kill,24.53
Rogue+Hunter_vs_Mage+Warlock,Rogue+Hunter,Mage+Warlock,3,team2,kill,22.85
Rogue+Hunter_vs_Mage+Warlock,Rogue+Hunter,Mage+Warlock,4,team2,kill,22.82
Rogue+Hunter_vs_Mage+Warlock,Rogue+Hunter,Mage+Warlock,5,team2,kill,22.28
Rogue+Hunter_vs_Mage+Warlock,Rogue+Hunter,Mage+Warlock,6,team2,kill,25.83
Rogue+Hunter_vs_Mage+Warlock,Rogue+Hunter,Mage+Warlock,7,team2,kill,22.62
Rogue+Hunter_vs_Mage+Warlock,Rogue+Hunter,Mage+Warlock,8,team2,kill,25.35
Rogue+Hunter_vs_Mage+Warlock,Rogue+Hunter,Mage+Warlock,9,team2,kill,27.67
Rogue+Hunter_vs_Mage+Paladin,Rogue+Hunter,Mage+Paladin,0,team2,kill,34.77
Rogue+Hunter_vs_Mage+Paladin,Rogue+Hunter,Mage+Paladin,1,team2,kill,26.25
Rogue+Hunter_vs_Mage+Paladin,Rogue+Hunter,Mage+Paladin,2,team2,kill,33.25
Rogue+Hunter_vs_Mage+Paladin,Rogue+Hunter,Mage+Paladin,3,team2,kill,35.93
Rogue+Hunter_vs_Mage+Paladin,Rogue+Hunter,Mage+Paladin,4,team2,kill,35.93
Rogue+Hunter_vs_Mage+Paladin,Rogue+Hunter,Mage+Paladin,5,team2,kill,34.77
Rogue+Hunter_vs_Mage+Paladin,Rogue+Hunter,Mage+Paladin,6,team2,kill,28.07
Rogue+Hunter_vs_Mage+Paladin,Rogue+Hunter,Mage+Paladin,7,team2,kill,26.25
Rogue+Hunter_vs_Mage+Paladin,Rogue+Hunter,Mage+Paladin,8,team2,kill,27.90
Rogue+Hunter_vs_Mage+Paladin,Rogue+Hunter,Mage+Paladin,9,team2,kill,35.93
Rogue+Hunter_vs_Mage+Hunter,Rogue+Hunter,Mage+Hunter,0,team2,kill,17.40
Rogue+Hunter_vs_Mage+Hunter,Rogue+Hunter,Mage+Hunter,1,team2,kill,17.40
Rogue+Hunter_vs_Mage+Hunter,Rogue+Hunter,Mage+Hunter,2,team2,kill,17.40
Rogue+Hunter_vs_Mage+Hunter,Rogue+Hunter,Mage+Hunter,3,team2,kill,17.40
Rogue+Hunter_vs_Mage+Hunter,Rogue+Hunter,Mage+Hunter,4,team2,kill,17.40
Rogue+Hunter_vs_Mage+Hunter,Rogue+Hunter,Mage+Hunter,5,team2,kill,17.40
Rogue+Hunter_vs_Mage+Hunter,Rogue+Hunter,Mage+Hunter,6,team2,kill,17.40
Rogue+Hunter_vs_Mage+Hunter,Rogue+Hunter,Mage+Hunter,7,team2,kill,17.38
Rogue+Hunter_vs_Mage+Hunter,Rogue+Hunter,Mage+Hunter,8,team2,kill,17.40
Rogue+Hunter_vs_Mage+Hunter,Rogue+Hunter,Mage+Hunter,9,team2,kill,17.40
Rogue+Hunter_vs_Mage+Shaman,Rogue+Hunter,Mage+Shaman,0,team2,kill,18.22
Rogue+Hunter_vs_Mage+Shaman,Rogue+Hunter,Mage+Shaman,1,team2,kill,18.22
Rogue+Hunter_vs_Mage+Shaman,Rogue+Hunter,Mage+Shaman,2,team2,kill,18.22
Rogue+Hunter_vs_Mage+Shaman,Rogue+Hunter,Mage+Shaman,3,team2,kill,13.52
Rogue+Hunter_vs_Mage+Shaman,Rogue+Hunter,Mage+Shaman,4,team2,kill,18.22
Rogue+Hunter_vs_Mage+Shaman,Rogue+Hunter,Mage+Shaman,5,team2,kill,18.22
Rogue+Hunter_vs_Mage+Shaman,Rogue+Hunter,Mage+Shaman,6,team2,kill,13.53
Rogue+Hunter_vs_Mage+Shaman,Rogue+Hunter,Mage+Shaman,7,team2,kill,13.53
Rogue+Hunter_vs_Mage+Shaman,Rogue+Hunter,Mage+Shaman,8,team2,kill,19.60
Rogue+Hunter_vs_Mage+Shaman,Rogue+Hunter,Mage+Shaman,9,team2,kill,15.82
Rogue+Hunter_vs_Rogue+Priest,Rogue+Hunter,Rogue+Priest,0,team2,kill,32.97
Rogue+Hunter_vs_Rogue+Priest,Rogue+Hunter,Rogue+Priest,1,team1,kill,33.83
Rogue+Hunter_vs_Rogue+Priest,Rogue+Hunter,Rogue+Priest,2,team1,kill,33.13
Rogue+Hunter_vs_Rogue+Priest,Rogue+Hunter,Rogue+Priest,3,team2,kill,33.50
Rogue+Hunter_vs_Rogue+Priest,Rogue+Hunter,Rogue+Priest,4,team1,kill,31.62
Rogue+Hunter_vs_Rogue+Priest,Rogue+Hunter,Rogue+Priest,5,team2,kill,32.02
Rogue+Hunter_vs_Rogue+Priest,Rogue+Hunter,Rogue+Priest,6,team2,kill,32.02
Rogue+Hunter_vs_Rogue+Priest,Rogue+Hunter,Rogue+Priest,7,team2,kill,32.02
Rogue+Hunter_vs_Rogue+Priest,Rogue+Hunter,Rogue+Priest,8,team2,kill,32.63
Rogue+Hunter_vs_Rogue+Priest,Rogue+Hunter,Rogue+Priest,9,team1,kill,30.68
Rogue+Hunter_vs_Rogue+Warlock,Rogue+Hunter,Rogue+Warlock,0,team1,kill,24.70
Rogue+Hunter_vs_Rogue+Warlock,Rogue+Hunter,Rogue+Warlock,1,team1,kill,26.42
Rogue+Hunter_vs_Rogue+Warlock,Rogue+Hunter,Rogue+Warlock,2,team1,kill,25.83
Rogue+Hunter_vs_Rogue+Warlock,Rogue+Hunter,Rogue+Warlock,3,team1,kill,27.48
Rogue+Hunter_vs_Rogue+Warlock,Rogue+Hunter,Rogue+Warlock,4,team1,kill,24.23
Rogue+Hunter_vs_Rogue+Warlock,Rogue+Hunter,Rogue+Warlock,5,team1,kill,25.85
Rogue+Hunter_vs_Rogue+Warlock,Rogue+Hunter,Rogue+Warlock,6,team1,kill,25.83
Rogue+Hunter_vs_Rogue+Warlock,Rogue+Hunter,Rogue+Warlock,7,team1,kill,26.42
Rogue+Hunter_vs_Rogue+Warlock,Rogue+Hunter,Rogue+Warlock,8,team1,kill,27.48
Rogue+Hunter_vs_Rogue+Warlock,Rogue+Hunter,Rogue+Warlock,9,team1,kill,26.55
Rogue+Hunter_vs_Rogue+Paladin,Rogue+Hunter,Rogue+Paladin,0,team2,kill,32.25
Rogue+Hunter_vs_Rogue+Paladin,Rogue+Hunter,Rogue+Paladin,1,team2,kill,32.83
Rogue+Hunter_vs_Rogue+Paladin,Rogue+Hunter,Rogue+Paladin,2,team2,kill,32.83
Rogue+Hunter_vs_Rogue+Paladin,Rogue+Hunter,Rogue+Paladin,3,team2,kill,34.83
Rogue+Hunter_vs_Rogue+Paladin,Rogue+Hunter,Rogue+Paladin,4,team2,kill,32.83
Rogue+Hunter_vs_Rogue+Paladin,Rogue+Hunter,Rogue+Paladin,5,team2,kill,30.83
Rogue+Hunter_vs_Rogue+Paladin,Rogue+Hunter,Rogue+Paladin,6,team2,kill,32.83
Rogue+Hunter_vs_Rogue+Paladin,Rogue+Hunter,Rogue+Paladin,7,team2,kill,32.83
Rogue+Hunter_vs_Rogue+Paladin,Rogue+Hunter,Rogue+Paladin,8,team2,kill,30.83
Rogue+Hunter_vs_Rogue+Paladin,Rogue+Hunter,Rogue+Paladin,9,team2,kill,30.83
Rogue+Hunter_vs_Rogue+Hunter,Rogue+Hunter,Rogue+Hunter,0,team2,kill,38.08
Rogue+Hunter_vs_Rogue+Hunter,Rogue+Hunter,Rogue+Hunter,1,team2,kill,34.08
Rogue+Hunter_vs_Rogue+Hunter,Rogue+Hunter,Rogue+Hunter,2,team1,kill,29.55
Rogue+Hunter_vs_Rogue+Hunter,Rogue+Hunter,Rogue+Hunter,3,team2,kill,32.02
Rogue+Hunter_vs_Rogue+Hunter,Rogue+Hunter,Rogue+Hunter,4,team2,kill,22.12
Rogue+Hunter_vs_Rogue+Hunter,Rogue+Hunter,Rogue+Hunter,5,team2,kill,17.22
Rogue+Hunter_vs_Rogue+Hunter,Rogue+Hunter,Rogue+Hunter,6,team2,kill,40.72
Rogue+Hunter_vs_Rogue+Hunter,Rogue+Hunter,Rogue+Hunter,7,team2,kill,18.73
Rogue+Hunter_vs_Rogue+Hunter,Rogue+Hunter,Rogue+Hunter,8,team1,kill,34.33
Rogue+Hunter_vs_Rogue+Hunter,Rogue+Hunter,Rogue+Hunter,9,team1,kill,28.45
Rogue+Hunter_vs_Rogue+Shaman,Rogue+Hunter,Rogue+Shaman,0,team1,kill,18.05
Rogue+Hunter_vs_Rogue+Shaman,Rogue+Hunter,Rogue+Shaman,1,team1,kill,20.93
Rogue+Hunter_vs_Rogue+Shaman,Rogue+Hunter,Rogue+Shaman,2,team1,kill,19.43
Rogue+Hunter_vs_Rogue+Shaman,Rogue+Hunter,Rogue+Shaman,3,team1,kill,20.57
Rogue+Hunter_vs_Rogue+Shaman,Rogue+Hunter,Rogue+Shaman,4,team1,kill,20.93
Rogue+Hunter_vs_Rogue+Shaman,Rogue+Hunter,Rogue+Shaman,5,team1,kill,21.02
Rogue+Hunter_vs_Rogue+Shaman,Rogue+Hunter,Rogue+Shaman,6,team1,kill,18.65
Rogue+Hunter_vs_Rogue+Shaman,Rogue+Hunter,Rogue+Shaman,7,team1,kill,20.57
Rogue+Hunter_vs_Rogue+Shaman,Rogue+Hunter,Rogue+Shaman,8,team1,kill,20.57
Rogue+Hunter_vs_Rogue+Shaman,Rogue+Hunter,Rogue+Shaman,9,team1,kill,21.02
Rogue+Hunter_vs_Priest+Warlock,Rogue+Hunter,Priest+Warlock,0,team2,kill,34.75
Rogue+Hunter_vs_Priest+Warlock,Rogue+Hunter,Priest+Warlock,1,team1,kill,27.27
Rogue+Hunter_vs_Priest+Warlock,Rogue+Hunter,Priest+Warlock,2,team1,kill,40.62
Rogue+Hunter_vs_Priest+Warlock,Rogue+Hunter,Priest+Warlock,3,team1,kill,42.73
Rogue+Hunter_vs_Priest+Warlock,Rogue+Hunter,Priest+Warlock,4,team1,kill,27.00
Rogue+Hunter_vs_Priest+Warlock,Rogue+Hunter,Priest+Warlock,5,team1,kill,26.43
Rogue+Hunter_vs_Priest+Warlock,Rogue+Hunter,Priest+Warlock,6,team2,kill,44.50
Rogue+Hunter_vs_Priest+Warlock,Rogue+Hunter,Priest+Warlock,7,team1,kill,27.47
Rogue+Hunter_vs_Priest+Warlock,Rogue+Hunter,Priest+Warlock,8,team2,kill,29.17
Rogue+Hunter_vs_Priest+Warlock,Rogue+Hunter,Priest+Warlock,9,team2,kill,27.28
Rogue+Hunter_vs_Priest+Hunter,Rogue+Hunter,Priest+Hunter,0,team2,kill,20.82
Rogue+Hunter_vs_Priest+Hunter,Rogue+Hunter,Priest+Hunter,1,team2,kill,20.65
Rogue+Hunter_vs_Priest+Hunter,Rogue+Hunter,Priest+Hunter,2,team2,kill,21.00
Rogue+Hunter_vs_Priest+Hunter,Rogue+Hunter,Priest+Hunter,3,team2,kill,19.78
Rogue+Hunter_vs_Priest+Hunter,Rogue+Hunter,Priest+Hunter,4,team2,kill,20.43
Rogue+Hunter_vs_Priest+Hunter,Rogue+Hunter,Priest+Hunter,5,team2,kill,19.87
Rogue+Hunter_vs_Priest+Hunter,Rogue+Hunter,Priest+Hunter,6,team2,kill,18.73
Rogue+Hunter_vs_Priest+Hunter,Rogue+Hunter,Priest+Hunter,7,team2,kill,20.43
Rogue+Hunter_vs_Priest+Hunter,Rogue+Hunter,Priest+Hunter,8,team2,kill,19.78
Rogue+Hunter_vs_Priest+Hunter,Rogue+Hunter,Priest+Hunter,9,team2,kill,20.80
Rogue+Hunter_vs_Warlock+Paladin,Rogue+Hunter,Warlock+Paladin,0,team2,kill,39.13
Rogue+Hunter_vs_Warlock+Paladin,Rogue+Hunter,Warlock+Paladin,1,team2,kill,38.40
Rogue+Hunter_vs_Warlock+Paladin,Rogue+Hunter,Warlock+Paladin,2,team2,kill,31.98
Rogue+Hunter_vs_Warlock+Paladin,Rogue+Hunter,Warlock+Paladin,3,team2,kill,38.30
Rogue+Hunter_vs_Warlock+Paladin,Rogue+Hunter,Warlock+Paladin,4,team2,kill,36.17
Rogue+Hunter_vs_Warlock+Paladin,Rogue+Hunter,Warlock+Paladin,5,team2,kill,35.82
Rogue+Hunter_vs_Warlock+Paladin,Rogue+Hunter,Warlock+Paladin,6,team2,kill,46.37
Rogue+Hunter_vs_Warlock+Paladin,Rogue+Hunter,Warlock+Paladin,7,team2,kill,37.98
Rogue+Hunter_vs_Warlock+Paladin,Rogue+Hunter,Warlock+Paladin,8,team2,kill,35.62
Rogue+Hunter_vs_Warlock+Paladin,Rogue+Hunter,Warlock+Paladin,9,team2,kill,44.47
Rogue+Hunter_vs_Warlock+Hunter,Rogue+Hunter,Warlock+Hunter,0,team2,kill,20.43
Rogue+Hunter_vs_Warlock+Hunter,Rogue+Hunter,Warlock+Hunter,1,team2,kill,19.10
Rogue+Hunter_vs_Warlock+Hunter,Rogue+Hunter,Warlock+Hunter,2,team2,kill,20.43
Rogue+Hunter_vs_Warlock+Hunter,Rogue+Hunter,Warlock+Hunter,3,team2,kill,20.45
Rogue+Hunter_vs_Warlock+Hunter,Rogue+Hunter,Warlock+Hunter,4,team2,kill,18.02
Rogue+Hunter_vs_Warlock+Hunter,Rogue+Hunter,Warlock+Hunter,5,team2,kill,19.92
Rogue+Hunter_vs_Warlock+Hunter,Rogue+Hunter,Warlock+Hunter,6,team2,kill,18.27
Rogue+Hunter_vs_Warlock+Hunter,Rogue+Hunter,Warlock+Hunter,7,team2,kill,20.43
Rogue+Hunter_vs_Warlock+Hunter,Rogue+Hunter,Warlock+Hunter,8,team2,kill,20.43
Rogue+Hunter_vs_Warlock+Hunter,Rogue+Hunter,Warlock+Hunter,9,team2,kill,20.32
Rogue+Hunter_vs_Warlock+Shaman,Rogue+Hunter,Warlock+Shaman,0,team2,kill,20.52
Rogue+Hunter_vs_Warlock+Shaman,Rogue+Hunter,Warlock+Shaman,1,team2,kill,19.60
Rogue+Hunter_vs_Warlock+Shaman,Rogue+Hunter,Warlock+Shaman,2,team2,kill,19.60
Rogue+Hunter_vs_Warlock+Shaman,Rogue+Hunter,Warlock+Shaman,3,team2,kill,20.48
Rogue+Hunter_vs_Warlock+Shaman,Rogue+Hunter,Warlock+Shaman,4,team2,kill,19.60
Rogue+Hunter_vs_Warlock+Shaman,Rogue+Hunter,Warlock+Shaman,5,team2,kill,21.12
Rogue+Hunter_vs_Warlock+Shaman,Rogue+Hunter,Warlock+Shaman,6,team2,kill,25.10
Rogue+Hunter_vs_Warlock+Shaman,Rogue+Hunter,Warlock+Shaman,7,team2,kill,19.60
Rogue+Hunter_vs_Warlock+Shaman,Rogue+Hunter,Warlock+Shaman,8,team2,kill,19.60
Rogue+Hunter_vs_Warlock+Shaman,Rogue+Hunter,Warlock+Shaman,9,team2,kill,19.60
Rogue+Hunter_vs_Paladin+Hunter,Rogue+Hunter,Paladin+Hunter,0,team2,kill,25.35
Rogue+Hunter_vs_Paladin+Hunter,Rogue+Hunter,Paladin+Hunter,1,team2,kill,25.35
Rogue+Hunter_vs_Paladin+Hunter,Rogue+Hunter,Paladin+Hunter,2,team2,kill,25.35
Rogue+Hunter_vs_Paladin+Hunter,Rogue+Hunter,Paladin+Hunter,3,team2,kill,23.30
Rogue+Hunter_vs_Paladin+Hunter,Rogue+Hunter,Paladin+Hunter,4,team2,kill,23.28
Rogue+Hunter_vs_Paladin+Hunter,Rogue+Hunter,Paladin+Hunter,5,team2,kill,30.08
Rogue+Hunter_vs_Paladin+Hunter,Rogue+Hunter,Paladin+Hunter,6,team2,kill,25.35
Rogue+Hunter_vs_Paladin+Hunter,Rogue+Hunter,Paladin+Hunter,7,team2,kill,23.25
Rogue+Hunter_vs_Paladin+Hunter,Rogue+Hunter,Paladin+Hunter,8,team2,kill,23.25
Rogue+Hunter_vs_Paladin+Hunter,Rogue+Hunter,Paladin+Hunter,9,team2,kill,23.28
Rogue+Hunter_vs_Hunter+Shaman,Rogue+Hunter,Hunter+Shaman,0,team2,kill,16.97
Rogue+Hunter_vs_Hunter+Shaman,Rogue+Hunter,Hunter+Shaman,1,team2,kill,16.97
Rogue+Hunter_vs_Hunter+Shaman,Rogue+Hunter,Hunter+Shaman,2,team2,kill,18.03
Rogue+Hunter_vs_Hunter+Shaman,Rogue+Hunter,Hunter+Shaman,3,team2,kill,16.97
Rogue+Hunter_vs_Hunter+Shaman,Rogue+Hunter,Hunter+Shaman,4,team2,kill,16.97
Rogue+Hunter_vs_Hunter+Shaman,Rogue+Hunter,Hunter+Shaman,5,team2,kill,16.97
Rogue+Hunter_vs_Hunter+Shaman,Rogue+Hunter,Hunter+Shaman,6,team2,kill,18.03
Rogue+Hunter_vs_Hunter+Shaman,Rogue+Hunter,Hunter+Shaman,7,team2,kill,16.97
Rogue+Hunter_vs_Hunter+Shaman,Rogue+Hunter,Hunter+Shaman,8,team2,kill,18.03
Rogue+Hunter_vs_Hunter+Shaman,Rogue+Hunter,Hunter+Shaman,9,team2,kill,18.03
Rogue+Shaman_vs_Warrior+Mage,Rogue+Shaman,Warrior+Mage,0,team1,kill,29.73
Rogue+Shaman_vs_Warrior+Mage,Rogue+Shaman,Warrior+Mage,1,team1,kill,29.12
Rogue+Shaman_vs_Warrior+Mage,Rogue+Shaman,Warrior+Mage,2,team1,kill,30.63
Rogue+Shaman_vs_Warrior+Mage,Rogue+Shaman,Warrior+Mage,3,team1,kill,28.90
Rogue+Shaman_vs_Warrior+Mage,Rogue+Shaman,Warrior+Mage,4,team1,kill,27.60
Rogue+Shaman_vs_Warrior+Mage,Rogue+Shaman,Warrior+Mage,5,team1,kill,29.12
Rogue+Shaman_vs_Warrior+Mage,Rogue+Shaman,Warrior+Mage,6,team1,kill,30.63
Rogue+Shaman_vs_Warrior+Mage,Rogue+Shaman,Warrior+Mage,7,team1,kill,29.12
Rogue+Shaman_vs_Warrior+Mage,Rogue+Shaman,Warrior+Mage,8,team1,kill,27.10
Rogue+Shaman_vs_Warrior+Mage,Rogue+Shaman,Warrior+Mage,9,team1,kill,27.60
Rogue+Shaman_vs_Warrior+Rogue,Rogue+Shaman,Warrior+Rogue,0,team1,kill,19.77
Rogue+Shaman_vs_Warrior+Rogue,Rogue+Shaman,Warrior+Rogue,1,team1,kill,16.42
Rogue+Shaman_vs_Warrior+Rogue,Rogue+Shaman,Warrior+Rogue,2,team1,kill,20.08
Rogue+Shaman_vs_Warrior+Rogue,Rogue+Shaman,Warrior+Rogue,3,team1,kill,20.08
Rogue+Shaman_vs_Warrior+Rogue,Rogue+Shaman,Warrior+Rogue,4,team1,kill,19.77
Rogue+Shaman_vs_Warrior+Rogue,Rogue+Shaman,Warrior+Rogue,5,team1,kill,19.77
Rogue+Shaman_vs_Warrior+Rogue,Rogue+Shaman,Warrior+Rogue,6,team1,kill,21.35
Rogue+Shaman_vs_Warrior+Rogue,Rogue+Shaman,Warrior+Rogue,7,team1,kill,18.05
Rogue+Shaman_vs_Warrior+Rogue,Rogue+Shaman,Warrior+Rogue,8,team1,kill,18.42
Rogue+Shaman_vs_Warrior+Rogue,Rogue+Shaman,Warrior+Rogue,9,team1,kill,20.42
Rogue+Shaman_vs_Warrior+Priest,Rogue+Shaman,Warrior+Priest,0,team1,kill,32.83
Rogue+Shaman_vs_Warrior+Priest,Rogue+Shaman,Warrior+Priest,1,team1,kill,47.57
Rogue+Shaman_vs_Warrior+Priest,Rogue+Shaman,Warrior+Priest,2,team1,kill,32.20
Rogue+Shaman_vs_Warrior+Priest,Rogue+Shaman,Warrior+Priest,3,team1,kill,47.13
Rogue+Shaman_vs_Warrior+Priest,Rogue+Shaman,Warrior+Priest,4,team1,kill,47.92
Rogue+Shaman_vs_Warrior+Priest,Rogue+Shaman,Warrior+Priest,5,team1,kill,48.27
Rogue+Shaman_vs_Warrior+Priest,Rogue+Shaman,Warrior+Priest,6,team1,kill,44.53
Rogue+Shaman_vs_Warrior+Priest,Rogue+Shaman,Warrior+Priest,7,team1,kill,47.72
Rogue+Shaman_vs_Warrior+Priest,Rogue+Shaman,Warrior+Priest,8,team1,kill,28.63
Rogue+Shaman_vs_Warrior+Priest,Rogue+Shaman,Warrior+Priest,9,team1,kill,49.10
Rogue+Shaman_vs_Warrior+Warlock,Rogue+Shaman,Warrior+Warlock,0,team1,kill,22.87
Rogue+Shaman_vs_Warrior+Warlock,Rogue+Shaman,Warrior+Warlock,1,team2,kill,30.90
Rogue+Shaman_vs_Warrior+Warlock,Rogue+Shaman,Warrior+Warlock,2,team1,kill,22.77
Rogue+Shaman_vs_Warrior+Warlock,Rogue+Shaman,Warrior+Warlock,3,team1,kill,23.60
Rogue+Shaman_vs_Warrior+Warlock,Rogue+Shaman,Warrior+Warlock,4,team1,kill,20.53
Rogue+Shaman_vs_Warrior+Warlock,Rogue+Shaman,Warrior+Warlock,5,team2,kill,26.40
Rogue+Shaman_vs_Warrior+Warlock,Rogue+Shaman,Warrior+Warlock,6,team2,kill,28.10
Rogue+Shaman_vs_Warrior+Warlock,Rogue+Shaman,Warrior+Warlock,7,team1,kill,23.78
Rogue+Shaman_vs_Warrior+Warlock,Rogue+Shaman,Warrior+Warlock,8,team2,kill,30.13
Rogue+Shaman_vs_Warrior+Warlock,Rogue+Shaman,Warrior+Warlock,9,team1,kill,23.55
Rogue+Shaman_vs_Warrior+Paladin,Rogue+Shaman,Warrior+Paladin,0,team2,kill,39.13
Rogue+Shaman_vs_Warrior+Paladin,Rogue+Shaman,Warrior+Paladin,1,team2,kill,54.93
Rogue+Shaman_vs_Warrior+Paladin,Rogue+Shaman,Warrior+Paladin,2,team2,kill,44.73
Rogue+Shaman_vs_Warrior+Paladin,Rogue+Shaman,Warrior+Paladin,3,team2,kill,39.00
Rogue+Shaman_vs_Warrior+Paladin,Rogue+Shaman,Warrior+Paladin,4,team2,kill,36.00
Rogue+Shaman_vs_Warrior+Paladin,Rogue+Shaman,Warrior+Paladin,5,team2,kill,36.30
Rogue+Shaman_vs_Warrior+Paladin,Rogue+Shaman,Warrior+Paladin,6,team2,kill,52.65
Rogue+Shaman_vs_Warrior+Paladin,Rogue+Shaman,Warrior+Paladin,7,team2,kill,39.95
Rogue+Shaman_vs_Warrior+Paladin,Rogue+Shaman,Warrior+Paladin,8,team2,kill,41.52
Rogue+Shaman_vs_Warrior+Paladin,Rogue+Shaman,Warrior+Paladin,9,team2,kill,43.05
Rogue+Shaman_vs_Warrior+Hunter,Rogue+Shaman,Warrior+Hunter,0,team2,kill,35.87
Rogue+Shaman_vs_Warrior+Hunter,Rogue+Shaman,Warrior+Hunter,1,team2,kill,42.98
Rogue+Shaman_vs_Warrior+Hunter,Rogue+Shaman,Warrior+Hunter,2,team1,kill,55.50
Rogue+Shaman_vs_Warrior+Hunter,Rogue+Shaman,Warrior+Hunter,3,team2,kill,46.00
Rogue+Shaman_vs_Warrior+Hunter,Rogue+Shaman,Warrior+Hunter,4,team2,kill,19.85
Rogue+Shaman_vs_Warrior+Hunter,Rogue+Shaman,Warrior+Hunter,5,team2,kill,36.97
Rogue+Shaman_vs_Warrior+Hunter,Rogue+Shaman,Warrior+Hunter,6,team2,kill,27.25
Rogue+Shaman_vs_Warrior+Hunter,Rogue+Shaman,Warrior+Hunter,7,team2,kill,28.90
Rogue+Shaman_vs_Warrior+Hunter,Rogue+Shaman,Warrior+Hunter,8,team2,kill,46.85
Rogue+Shaman_vs_Warrior+Hunter,Rogue+Shaman,Warrior+Hunter,9,team1,kill,51.17
Rogue+Shaman_vs_Warrior+Shaman,Rogue+Shaman,Warrior+Shaman,0,team1,kill,25.13
Rogue+Shaman_vs_Warrior+Shaman,Rogue+Shaman,Warrior+Shaman,1,team1,kill,25.15
Rogue+Shaman_vs_Warrior+Shaman,Rogue+Shaman,Warrior+Shaman,2,team1,kill,25.15
Rogue+Shaman_vs_Warrior+Shaman,Rogue+Shaman,Warrior+Shaman,3,team1,kill,28.18
Rogue+Shaman_vs_Warrior+Shaman,Rogue+Shaman,Warrior+Shaman,4,team1,kill,22.45
Rogue+Shaman_vs_Warrior+Shaman,Rogue+Shaman,Warrior+Shaman,5,team1,kill,28.18
Rogue+Shaman_vs_Warrior+Shaman,Rogue+Shaman,Warrior+Shaman,6,team1,kill,19.58
Rogue+Shaman_vs_Warrior+Shaman,Rogue+Shaman,Warrior+Shaman,7,team1,kill,25.15
Rogue+Shaman_vs_Warrior+Shaman,Rogue+Shaman,Warrior+Shaman,8,team1,kill,28.18
Rogue+Shaman_vs_Warrior+Shaman,Rogue+Shaman,Warrior+Shaman,9,team1,kill,19.58
Rogue+Shaman_vs_Mage+Rogue,Rogue+Shaman,Mage+Rogue,0,team2,kill,20.28
Rogue+Shaman_vs_Mage+Rogue,Rogue+Shaman,Mage+Rogue,1,team2,kill,19.23
Rogue+Shaman_vs_Mage+Rogue,Rogue+Shaman,Mage+Rogue,2,team2,kill,21.80
Rogue+Shaman_vs_Mage+Rogue,Rogue+Shaman,Mage+Rogue,3,team2,kill,20.87
Rogue+Shaman_vs_Mage+Rogue,Rogue+Shaman,Mage+Rogue,4,team2,kill,21.80
Rogue+Shaman_vs_Mage+Rogue,Rogue+Shaman,Mage+Rogue,5,team2,kill,20.87
Rogue+Shaman_vs_Mage+Rogue,Rogue+Shaman,Mage+Rogue,6,team2,kill,21.80
Rogue+Shaman_vs_Mage+Rogue,Rogue+Shaman,Mage+Rogue,7,team2,kill,20.95
Rogue+Shaman_vs_Mage+Rogue,Rogue+Shaman,Mage+Rogue,8,team2,kill,21.80
Rogue+Shaman_vs_Mage+Rogue,Rogue+Shaman,Mage+Rogue,9,team2,kill,20.95
Rogue+Shaman_vs_Mage+Priest,Rogue+Shaman,Mage+Priest,0,team2,kill,29.83
Rogue+Shaman_vs_Mage+Priest,Rogue+Shaman,Mage+Priest,1,team1,kill,35.77
Rogue+Shaman_vs_Mage+Priest,Rogue+Shaman,Mage+Priest,2,team1,kill,37.35
Rogue+Shaman_vs_Mage+Priest,Rogue+Shaman,Mage+Priest,3,team1,kill,35.35
Rogue+Shaman_vs_Mage+Priest,Rogue+Shaman,Mage+Priest,4,team1,kill,35.03
Rogue+Shaman_vs_Mage+Priest,Rogue+Shaman,Mage+Priest,5,team2,kill,28.00
Rogue+Shaman_vs_Mage+Priest,Rogue+Shaman,Mage+Priest,6,team1,kill,31.57
Rogue+Shaman_vs_Mage+Priest,Rogue+Shaman,Mage+Priest,7,team1,kill,24.10
Rogue+Shaman_vs_Mage+Priest,Rogue+Shaman,Mage+Priest,8,team2,kill,35.22
Rogue+Shaman_vs_Mage+Priest,Rogue+Shaman,Mage+Priest,9,team1,kill,26.25
Rogue+Shaman_vs_Mage+Warlock,Rogue+Shaman,Mage+Warlock,0,team1,kill,33.92
Rogue+Shaman_vs_Mage+Warlock,Rogue+Shaman,Mage+Warlock,1,team1,kill,31.48
Rogue+Shaman_vs_Mage+Warlock,Rogue+Shaman,Mage+Warlock,2,team1,kill,31.25
Rogue+Shaman_vs_Mage+Warlock,Rogue+Shaman,Mage+Warlock,3,team1,kill,27.42
Rogue+Shaman_vs_Mage+Warlock,Rogue+Shaman,Mage+Warlock,4,team1,kill,21.25
Rogue+Shaman_vs_Mage+Warlock,Rogue+Shaman,Mage+Warlock,5,team1,kill,25.90
Rogue+Shaman_vs_Mage+Warlock,Rogue+Shaman,Mage+Warlock,6,team1,kill,26.58
Rogue+Shaman_vs_Mage+Warlock,Rogue+Shaman,Mage+Warlock,7,team1,kill,17.18
Rogue+Shaman_vs_Mage+Warlock,Rogue+Shaman,Mage+Warlock,8,team1,kill,17.18
Rogue+Shaman_vs_Mage+Warlock,Rogue+Shaman,Mage+Warlock,9,team1,kill,25.90
Rogue+Shaman_vs_Mage+Paladin,Rogue+Shaman,Mage+Paladin,0,team2,kill,50.30
Rogue+Shaman_vs_Mage+Paladin,Rogue+Shaman,Mage+Paladin,1,team1,kill,38.43
Rogue+Shaman_vs_Mage+Paladin,Rogue+Shaman,Mage+Paladin,2,team2,kill,38.33
Rogue+Shaman_vs_Mage+Paladin,Rogue+Shaman,Mage+Paladin,3,team1,kill,58.55
Rogue+Shaman_vs_Mage+Paladin,Rogue+Shaman,Mage+Paladin,4,team2,kill,62.07
Rogue+Shaman_vs_Mage+Paladin,Rogue+Shaman,Mage+Paladin,5,team2,kill,35.30
Rogue+Shaman_vs_Mage+Paladin,Rogue+Shaman,Mage+Paladin,6,team2,kill,33.78
Rogue+Shaman_vs_Mage+Paladin,Rogue+Shaman,Mage+Paladin,7,team2,kill,43.70
Rogue+Shaman_vs_Mage+Paladin,Rogue+Shaman,Mage+Paladin,8,team2,kill,60.33
Rogue+Shaman_vs_Mage+Paladin,Rogue+Shaman,Mage+Paladin,9,team1,kill,56.45
Rogue+Shaman_vs_Mage+Hunter,Rogue+Shaman,Mage+Hunter,0,team2,kill,17.35
Rogue+Shaman_vs_Mage+Hunter,Rogue+Shaman,Mage+Hunter,1,team2,kill,17.72
Rogue+Shaman_vs_Mage+Hunter,Rogue+Shaman,Mage+Hunter,2,team2,kill,17.72
Rogue+Shaman_vs_Mage+Hunter,Rogue+Shaman,Mage+Hunter,3,team2,kill,17.72
Rogue+Shaman_vs_Mage+Hunter,Rogue+Shaman,Mage+Hunter,4,team2,kill,17.72
Rogue+Shaman_vs_Mage+Hunter,Rogue+Shaman,Mage+Hunter,5,team2,kill,17.72
Rogue+Shaman_vs_Mage+Hunter,Rogue+Shaman,Mage+Hunter,6,team2,kill,17.72
Rogue+Shaman_vs_Mage+Hunter,Rogue+Shaman,Mage+Hunter,7,team2,kill,17.72
Rogue+Shaman_vs_Mage+Hunter,Rogue+Shaman,Mage+Hunter,8,team2,kill,16.48
Rogue+Shaman_vs_Mage+Hunter,Rogue+Shaman,Mage+Hunter,9,team2,kill,17.72
Rogue+Shaman_vs_Mage+Shaman,Rogue+Shaman,Mage+Shaman,0,team2,kill,16.65
Rogue+Shaman_vs_Mage+Shaman,Rogue+Shaman,Mage+Shaman,1,team1,kill,29.72
Rogue+Shaman_vs_Mage+Shaman,Rogue+Shaman,Mage+Shaman,2,team1,kill,29.67
Rogue+Shaman_vs_Mage+Shaman,Rogue+Shaman,Mage+Shaman,3,team2,kill,17.32
Rogue+Shaman_vs_Mage+Shaman,Rogue+Shaman,Mage+Shaman,4,team2,kill,25.33
Rogue+Shaman_vs_Mage+Shaman,Rogue+Shaman,Mage+Shaman,5,team2,kill,15.83
Rogue+Shaman_vs_Mage+Shaman,Rogue+Shaman,Mage+Shaman,6,team2,kill,16.48
Rogue+Shaman_vs_Mage+Shaman,Rogue+Shaman,Mage+Shaman,7,team2,kill,25.33
Rogue+Shaman_vs_Mage+Shaman,Rogue+Shaman,Mage+Shaman,8,team2,kill,29.27
Rogue+Shaman_vs_Mage+Shaman,Rogue+Shaman,Mage+Shaman,9,team2,kill,31.13
Rogue+Shaman_vs_Rogue+Priest,Rogue+Shaman,Rogue+Priest,0,team2,kill,24.02
Rogue+Shaman_vs_Rogue+Priest,Rogue+Shaman,Rogue+Priest,1,team2,kill,24.52
Rogue+Shaman_vs_Rogue+Priest,Rogue+Shaman,Rogue+Priest,2,team2,kill,25.10
Rogue+Shaman_vs_Rogue+Priest,Rogue+Shaman,Rogue+Priest,3,team2,kill,25.85
Rogue+Shaman_vs_Rogue+Priest,Rogue+Shaman,Rogue+Priest,4,team2,kill,24.98
Rogue+Shaman_vs_Rogue+Priest,Rogue+Shaman,Rogue+Priest,5,team2,kill,23.78
Rogue+Shaman_vs_Rogue+Priest,Rogue+Shaman,Rogue+Priest,6,team2,kill,25.53
Rogue+Shaman_vs_Rogue+Priest,Rogue+Shaman,Rogue+Priest,7,team2,kill,24.02
Rogue+Shaman_vs_Rogue+Priest,Rogue+Shaman,Rogue+Priest,8,team2,kill,24.27
Rogue+Shaman_vs_Rogue+Priest,Rogue+Shaman,Rogue+Priest,9,team1,kill,27.02
Rogue+Shaman_vs_Rogue+Warlock,Rogue+Shaman,Rogue+Warlock,0,team2,kill,26.98
Rogue+Shaman_vs_Rogue+Warlock,Rogue+Shaman,Rogue+Warlock,1,team2,kill,27.10
Rogue+Shaman_vs_Rogue+Warlock,Rogue+Shaman,Rogue+Warlock,2,team2,kill,29.85
Rogue+Shaman_vs_Rogue+Warlock,Rogue+Shaman,Rogue+Warlock,3,team2,kill,25.50
Rogue+Shaman_vs_Rogue+Warlock,Rogue+Shaman,Rogue+Warlock,4,team2,kill,29.45
Rogue+Shaman_vs_Rogue+Warlock,Rogue+Shaman,Rogue+Warlock,5,team1,kill,21.13
Rogue+Shaman_vs_Rogue+Warlock,Rogue+Shaman,Rogue+Warlock,6,team2,kill,25.43
Rogue+Shaman_vs_Rogue+Warlock,Rogue+Shaman,Rogue+Warlock,7,team2,kill,25.60
Rogue+Shaman_vs_Rogue+Warlock,Rogue+Shaman,Rogue+Warlock,8,team2,kill,25.83
Rogue+Shaman_vs_Rogue+Warlock,Rogue+Shaman,Rogue+Warlock,9,team2,kill,29.88
Rogue+Shaman_vs_Rogue+Paladin,Rogue+Shaman,Rogue+Paladin,0,team1,kill,44.18
Rogue+Shaman_vs_Rogue+Paladin,Rogue+Shaman,Rogue+Paladin,1,team1,kill,42.03
Rogue+Shaman_vs_Rogue+Paladin,Rogue+Shaman,Rogue+Paladin,2,team1,kill,49.60
Rogue+Shaman_vs_Rogue+Paladin,Rogue+Shaman,Rogue+Paladin,3,team2,kill,26.38
Rogue+Shaman_vs_Rogue+Paladin,Rogue+Shaman,Rogue+Paladin,4,team2,kill,36.23
Rogue+Shaman_vs_Rogue+Paladin,Rogue+Shaman,Rogue+Paladin,5,team2,kill,28.00
Rogue+Shaman_vs_Rogue+Paladin,Rogue+Shaman,Rogue+Paladin,6,team1,kill,40.27
Rogue+Shaman_vs_Rogue+Paladin,Rogue+Shaman,Rogue+Paladin,7,team1,kill,37.42
Rogue+Shaman_vs_Rogue+Paladin,Rogue+Shaman,Rogue+Paladin,8,team1,kill,39.80
Rogue+Shaman_vs_Rogue+Paladin,Rogue+Shaman,Rogue+Paladin,9,team2,kill,35.17
Rogue+Shaman_vs_Rogue+Hunter,Rogue+Shaman,Rogue+Hunter,0,team2,kill,18.05
Rogue+Shaman_vs_Rogue+Hunter,Rogue+Shaman,Rogue+Hunter,1,team2,kill,20.93
Rogue+Shaman_vs_Rogue+Hunter,Rogue+Shaman,Rogue+Hunter,2,team2,kill,19.43
Rogue+Shaman_vs_Rogue+Hunter,Rogue+Shaman,Rogue+Hunter,3,team2,kill,20.57
Rogue+Shaman_vs_Rogue+Hunter,Rogue+Shaman,Rogue+Hunter,4,team2,kill,20.93
Rogue+Shaman_vs_Rogue+Hunter,Rogue+Shaman,Rogue+Hunter,5,team2,kill,21.02
Rogue+Shaman_vs_Rogue+Hunter,Rogue+Shaman,Rogue+Hunter,6,team2,kill,18.65
Rogue+Shaman_vs_Rogue+Hunter,Rogue+Shaman,Rogue+Hunter,7,team2,kill,20.57
Rogue+Shaman_vs_Rogue+Hunter,Rogue+Shaman,Rogue+Hunter,8,team2,kill,20.57
Rogue+Shaman_vs_Rogue+Hunter,Rogue+Shaman,Rogue+Hunter,9,team2,kill,21.02
Rogue+Shaman_vs_Rogue+Shaman,Rogue+Shaman,Rogue+Shaman,0,draw,kill,24.00
Rogue+Shaman_vs_Rogue+Shaman,Rogue+Shaman,Rogue+Shaman,1,team2,kill,24.00
Rogue+Shaman_vs_Rogue+Shaman,Rogue+Shaman,Rogue+Shaman,2,team1,kill,22.00
Rogue+Shaman_vs_Rogue+Shaman,Rogue+Shaman,Rogue+Shaman,3,team2,kill,24.00
Rogue+Shaman_vs_Rogue+Shaman,Rogue+Shaman,Rogue+Shaman,4,team2,kill,24.00
Rogue+Shaman_vs_Rogue+Shaman,Rogue+Shaman,Rogue+Shaman,5,team2,kill,23.37
Rogue+Shaman_vs_Rogue+Shaman,Rogue+Shaman,Rogue+Shaman,6,team1,kill,22.87
Rogue+Shaman_vs_Rogue+Shaman,Rogue+Shaman,Rogue+Shaman,7,draw,kill,24.00
Rogue+Shaman_vs_Rogue+Shaman,Rogue+Shaman,Rogue+Shaman,8,team1,kill,24.00
Rogue+Shaman_vs_Rogue+Shaman,Rogue+Shaman,Rogue+Shaman,9,draw,kill,24.00
Rogue+Shaman_vs_Priest+Warlock,Rogue+Shaman,Priest+Warlock,0,team1,kill,23.17
Rogue+Shaman_vs_Priest+Warlock,Rogue+Shaman,Priest+Warlock,1,team2,kill,38.37
Rogue+Shaman_vs_Priest+Warlock,Rogue+Shaman,Priest+Warlock,2,team1,kill,43.22
Rogue+Shaman_vs_Priest+Warlock,Rogue+Shaman,Priest+Warlock,3,team1,kill,48.00
Rogue+Shaman_vs_Priest+Warlock,Rogue+Shaman,Priest+Warlock,4,team1,kill,26.63
Rogue+Shaman_vs_Priest+Warlock,Rogue+Shaman,Priest+Warlock,5,team1,kill,51.13
Rogue+Shaman_vs_Priest+Warlock,Rogue+Shaman,Priest+Warlock,6,team1,kill,41.50
Rogue+Shaman_vs_Priest+Warlock,Rogue+Shaman,Priest+Warlock,7,team1,kill,28.73
Rogue+Shaman_vs_Priest+Warlock,Rogue+Shaman,Priest+Warlock,8,team1,kill,29.77
Rogue+Shaman_vs_Priest+Warlock,Rogue+Shaman,Priest+Warlock,9,team1,kill,43.75
Rogue+Shaman_vs_Priest+Hunter,Rogue+Shaman,Priest+Hunter,0,team1,kill,68.45
Rogue+Shaman_vs_Priest+Hunter,Rogue+Shaman,Priest+Hunter,1,team1,kill,35.42
Rogue+Shaman_vs_Priest+Hunter,Rogue+Shaman,Priest+Hunter,2,team1,kill,36.73
Rogue+Shaman_vs_Priest+Hunter,Rogue+Shaman,Priest+Hunter,3,team1,kill,64.33
Rogue+Shaman_vs_Priest+Hunter,Rogue+Shaman,Priest+Hunter,4,team1,kill,38.57
Rogue+Shaman_vs_Priest+Hunter,Rogue+Shaman,Priest+Hunter,5,team1,kill,35.47
Rogue+Shaman_vs_Priest+Hunter,Rogue+Shaman,Priest+Hunter,6,team1,kill,37.42
Rogue+Shaman_vs_Priest+Hunter,Rogue+Shaman,Priest+Hunter,7,team1,kill,43.58
Rogue+Shaman_vs_Priest+Hunter,Rogue+Shaman,Priest+Hunter,8,team1,kill,38.93
Rogue+Shaman_vs_Priest+Hunter,Rogue+Shaman,Priest+Hunter,9,team1,kill,43.77
Rogue+Shaman_vs_Warlock+Paladin,Rogue+Shaman,Warlock+Paladin,0,team1,kill,54.47
Rogue+Shaman_vs_Warlock+Paladin,Rogue+Shaman,Warlock+Paladin,1,team1,kill,60.80
Rogue+Shaman_vs_Warlock+Paladin,Rogue+Shaman,Warlock+Paladin,2,team1,kill,60.28
Rogue+Shaman_vs_Warlock+Paladin,Rogue+Shaman,Warlock+Paladin,3,team1,kill,73.43
Rogue+Shaman_vs_Warlock+Paladin,Rogue+Shaman,Warlock+Paladin,4,team1,kill,53.05
Rogue+Shaman_vs_Warlock+Paladin,Rogue+Shaman,Warlock+Paladin,5,team1,kill,60.97
Rogue+Shaman_vs_Warlock+Paladin,Rogue+Shaman,Warlock+Paladin,6,team1,kill,54.52
Rogue+Shaman_vs_Warlock+Paladin,Rogue+Shaman,Warlock+Paladin,7,team1,kill,57.47
Rogue+Shaman_vs_Warlock+Paladin,Rogue+Shaman,Warlock+Paladin,8,team1,kill,54.18
Rogue+Shaman_vs_Warlock+Paladin,Rogue+Shaman,Warlock+Paladin,9,team1,kill,54.87
Rogue+Shaman_vs_Warlock+Hunter,Rogue+Shaman,Warlock+Hunter,0,team2,kill,38.02
Rogue+Shaman_vs_Warlock+Hunter,Rogue+Shaman,Warlock+Hunter,1,team1,kill,57.42
Rogue+Shaman_vs_Warlock+Hunter,Rogue+Shaman,Warlock+Hunter,2,team1,kill,61.72
Rogue+Shaman_vs_Warlock+Hunter,Rogue+Shaman,Warlock+Hunter,3,team2,kill,35.33
Rogue+Shaman_vs_Warlock+Hunter,Rogue+Shaman,Warlock+Hunter,4,team1,kill,59.15
Rogue+Shaman_vs_Warlock+Hunter,Rogue+Shaman,Warlock+Hunter,5,team2,kill,31.77
Rogue+Shaman_vs_Warlock+Hunter,Rogue+Shaman,Warlock+Hunter,6,team1,kill,62.92
Rogue+Shaman_vs_Warlock+Hunter,Rogue+Shaman,Warlock+Hunter,7,team1,kill,61.83
Rogue+Shaman_vs_Warlock+Hunter,Rogue+Shaman,Warlock+Hunter,8,team1,kill,75.67
Rogue+Shaman_vs_Warlock+Hunter,Rogue+Shaman,Warlock+Hunter,9,team1,kill,49.97
Rogue+Shaman_vs_Warlock+Shaman,Rogue+Shaman,Warlock+Shaman,0,team1,kill,21.90
Rogue+Shaman_vs_Warlock+Shaman,Rogue+Shaman,Warlock+Shaman,1,team1,kill,45.87
Rogue+Shaman_vs_Warlock+Shaman,Rogue+Shaman,Warlock+Shaman,2,team1,kill,49.80
Rogue+Shaman_vs_Warlock+Shaman,Rogue+Shaman,Warlock+Shaman,3,team1,kill,54.80
Rogue+Shaman_vs_Warlock+Shaman,Rogue+Shaman,Warlock+Shaman,4,team1,kill,47.75
Rogue+Shaman_vs_Warlock+Shaman,Rogue+Shaman,Warlock+Shaman,5,team1,kill,21.90
Rogue+Shaman_vs_Warlock+Shaman,Rogue+Shaman,Warlock+Shaman,6,team1,kill,52.77
Rogue+Shaman_vs_Warlock+Shaman,Rogue+Shaman,Warlock+Shaman,7,team1,kill,21.92
Rogue+Shaman_vs_Warlock+Shaman,Rogue+Shaman,Warlock+Shaman,8,team1,kill,21.90
Rogue+Shaman_vs_Warlock+Shaman,Rogue+Shaman,Warlock+Shaman,9,team1,kill,33.67
Rogue+Shaman_vs_Paladin+Hunter,Rogue+Shaman,Paladin+Hunter,0,team1,kill,81.50
Rogue+Shaman_vs_Paladin+Hunter,Rogue+Shaman,Paladin+Hunter,1,team1,kill,99.77
Rogue+Shaman_vs_Paladin+Hunter,Rogue+Shaman,Paladin+Hunter,2,team1,kill,77.07
Rogue+Shaman_vs_Paladin+Hunter,Rogue+Shaman,Paladin+Hunter,3,team1,kill,79.72
Rogue+Shaman_vs_Paladin+Hunter,Rogue+Shaman,Paladin+Hunter,4,team1,kill,77.87
Rogue+Shaman_vs_Paladin+Hunter,Rogue+Shaman,Paladin+Hunter,5,team1,kill,81.20
Rogue+Shaman_vs_Paladin+Hunter,Rogue+Shaman,Paladin+Hunter,6,team1,kill,83.20
Rogue+Shaman_vs_Paladin+Hunter,Rogue+Shaman,Paladin+Hunter,7,team1,kill,76.92
Rogue+Shaman_vs_Paladin+Hunter,Rogue+Shaman,Paladin+Hunter,8,draw,cap,300.00
Rogue+Shaman_vs_Paladin+Hunter,Rogue+Shaman,Paladin+Hunter,9,team1,kill,72.22
Rogue+Shaman_vs_Hunter+Shaman,Rogue+Shaman,Hunter+Shaman,0,team1,kill,41.02
Rogue+Shaman_vs_Hunter+Shaman,Rogue+Shaman,Hunter+Shaman,1,team1,kill,41.45
Rogue+Shaman_vs_Hunter+Shaman,Rogue+Shaman,Hunter+Shaman,2,team1,kill,56.25
Rogue+Shaman_vs_Hunter+Shaman,Rogue+Shaman,Hunter+Shaman,3,team1,kill,69.03
Rogue+Shaman_vs_Hunter+Shaman,Rogue+Shaman,Hunter+Shaman,4,team1,kill,41.02
Rogue+Shaman_vs_Hunter+Shaman,Rogue+Shaman,Hunter+Shaman,5,team1,kill,68.15
Rogue+Shaman_vs_Hunter+Shaman,Rogue+Shaman,Hunter+Shaman,6,team1,kill,50.42
Rogue+Shaman_vs_Hunter+Shaman,Rogue+Shaman,Hunter+Shaman,7,team1,kill,41.02
Rogue+Shaman_vs_Hunter+Shaman,Rogue+Shaman,Hunter+Shaman,8,team1,kill,55.87
Rogue+Shaman_vs_Hunter+Shaman,Rogue+Shaman,Hunter+Shaman,9,team1,kill,41.02
Priest+Warlock_vs_Warrior+Mage,Priest+Warlock,Warrior+Mage,0,team2,kill,21.52
Priest+Warlock_vs_Warrior+Mage,Priest+Warlock,Warrior+Mage,1,team2,kill,21.52
Priest+Warlock_vs_Warrior+Mage,Priest+Warlock,Warrior+Mage,2,team2,kill,21.52
Priest+Warlock_vs_Warrior+Mage,Priest+Warlock,Warrior+Mage,3,team2,kill,21.52
Priest+Warlock_vs_Warrior+Mage,Priest+Warlock,Warrior+Mage,4,team2,kill,23.02
Priest+Warlock_vs_Warrior+Mage,Priest+Warlock,Warrior+Mage,5,team2,kill,21.52
Priest+Warlock_vs_Warrior+Mage,Priest+Warlock,Warrior+Mage,6,team2,kill,21.50
Priest+Warlock_vs_Warrior+Mage,Priest+Warlock,Warrior+Mage,7,team2,kill,23.02
Priest+Warlock_vs_Warrior+Mage,Priest+Warlock,Warrior+Mage,8,team2,kill,18.55
Priest+Warlock_vs_Warrior+Mage,Priest+Warlock,Warrior+Mage,9,team2,kill,23.02
Priest+Warlock_vs_Warrior+Rogue,Priest+Warlock,Warrior+Rogue,0,team2,kill,35.20
Priest+Warlock_vs_Warrior+Rogue,Priest+Warlock,Warrior+Rogue,1,team2,kill,40.55
Priest+Warlock_vs_Warrior+Rogue,Priest+Warlock,Warrior+Rogue,2,team1,kill,32.42
Priest+Warlock_vs_Warrior+Rogue,Priest+Warlock,Warrior+Rogue,3,team2,kill,39.80
Priest+Warlock_vs_Warrior+Rogue,Priest+Warlock,Warrior+Rogue,4,team1,kill,33.10
Priest+Warlock_vs_Warrior+Rogue,Priest+Warlock,Warrior+Rogue,5,team1,kill,32.42
Priest+Warlock_vs_Warrior+Rogue,Priest+Warlock,Warrior+Rogue,6,team1,kill,33.43
Priest+Warlock_vs_Warrior+Rogue,Priest+Warlock,Warrior+Rogue,7,team2,kill,26.68
Priest+Warlock_vs_Warrior+Rogue,Priest+Warlock,Warrior+Rogue,8,team1,kill,33.42
Priest+Warlock_vs_Warrior+Rogue,Priest+Warlock,Warrior+Rogue,9,team1,kill,26.37
Priest+Warlock_vs_Warrior+Priest,Priest+Warlock,Warrior+Priest,0,team2,kill,34.97
Priest+Warlock_vs_Warrior+Priest,Priest+Warlock,Warrior+Priest,1,team2,kill,29.13
Priest+Warlock_vs_Warrior+Priest,Priest+Warlock,Warrior+Priest,2,team2,kill,34.97
Priest+Warlock_vs_Warrior+Priest,Priest+Warlock,Warrior+Priest,3,team2,kill,33.28
Priest+Warlock_vs_Warrior+Priest,Priest+Warlock,Warrior+Priest,4,team2,kill,33.18
Priest+Warlock_vs_Warrior+Priest,Priest+Warlock,Warrior+Priest,5,team2,kill,36.77
Priest+Warlock_vs_Warrior+Priest,Priest+Warlock,Warrior+Priest,6,team2,kill,34.63
Priest+Warlock_vs_Warrior+Priest,Priest+Warlock,Warrior+Priest,7,team2,kill,33.10
Priest+Warlock_vs_Warrior+Priest,Priest+Warlock,Warrior+Priest,8,team2,kill,34.97
Priest+Warlock_vs_Warrior+Priest,Priest+Warlock,Warrior+Priest,9,team2,kill,39.70
Priest+Warlock_vs_Warrior+Warlock,Priest+Warlock,Warrior+Warlock,0,team2,kill,21.95
Priest+Warlock_vs_Warrior+Warlock,Priest+Warlock,Warrior+Warlock,1,team2,kill,22.30
Priest+Warlock_vs_Warrior+Warlock,Priest+Warlock,Warrior+Warlock,2,team2,kill,23.62
Priest+Warlock_vs_Warrior+Warlock,Priest+Warlock,Warrior+Warlock,3,team2,kill,24.25
Priest+Warlock_vs_Warrior+Warlock,Priest+Warlock,Warrior+Warlock,4,team2,kill,19.45
Priest+Warlock_vs_Warrior+Warlock,Priest+Warlock,Warrior+Warlock,5,team2,kill,24.52
Priest+Warlock_vs_Warrior+Warlock,Priest+Warlock,Warrior+Warlock,6,team2,kill,22.03
Priest+Warlock_vs_Warrior+Warlock,Priest+Warlock,Warrior+Warlock,7,team2,kill,22.58
Priest+Warlock_vs_Warrior+Warlock,Priest+Warlock,Warrior+Warlock,8,team2,kill,29.82
Priest+Warlock_vs_Warrior+Warlock,Priest+Warlock,Warrior+Warlock,9,team2,kill,23.25
Priest+Warlock_vs_Warrior+Paladin,Priest+Warlock,Warrior+Paladin,0,team2,kill,32.95
Priest+Warlock_vs_Warrior+Paladin,Priest+Warlock,Warrior+Paladin,1,team2,kill,29.13
Priest+Warlock_vs_Warrior+Paladin,Priest+Warlock,Warrior+Paladin,2,team2,kill,34.48
Priest+Warlock_vs_Warrior+Paladin,Priest+Warlock,Warrior+Paladin,3,team2,kill,34.48
Priest+Warlock_vs_Warrior+Paladin,Priest+Warlock,Warrior+Paladin,4,team2,kill,32.95
Priest+Warlock_vs_Warrior+Paladin,Priest+Warlock,Warrior+Paladin,5,team2,kill,36.77
Priest+Warlock_vs_Warrior+Paladin,Priest+Warlock,Warrior+Paladin,6,team2,kill,36.77
Priest+Warlock_vs_Warrior+Paladin,Priest+Warlock,Warrior+Paladin,7,team2,kill,37.63
Priest+Warlock_vs_Warrior+Paladin,Priest+Warlock,Warrior+Paladin,8,team2,kill,36.77
Priest+Warlock_vs_Warrior+Paladin,Priest+Warlock,Warrior+Paladin,9,team2,kill,39.70
Priest+Warlock_vs_Warrior+Hunter,Priest+Warlock,Warrior+Hunter,0,team1,kill,25.80
Priest+Warlock_vs_Warrior+Hunter,Priest+Warlock,Warrior+Hunter,1,team2,kill,21.27
Priest+Warlock_vs_Warrior+Hunter,Priest+Warlock,Warrior+Hunter,2,team1,kill,26.10
Priest+Warlock_vs_Warrior+Hunter,Priest+Warlock,Warrior+Hunter,3,team1,kill,28.53
Priest+Warlock_vs_Warrior+Hunter,Priest+Warlock,Warrior+Hunter,4,team2,kill,20.68
Priest+Warlock_vs_Warrior+Hunter,Priest+Warlock,Warrior+Hunter,5,team2,kill,20.35
Priest+Warlock_vs_Warrior+Hunter,Priest+Warlock,Warrior+Hunter,6,team2,kill,27.40
Priest+Warlock_vs_Warrior+Hunter,Priest+Warlock,Warrior+Hunter,7,team2,kill,24.48
Priest+Warlock_vs_Warrior+Hunter,Priest+Warlock,Warrior+Hunter,8,team1,kill,32.73
Priest+Warlock_vs_Warrior+Hunter,Priest+Warlock,Warrior+Hunter,9,team1,kill,28.80
Priest+Warlock_vs_Warrior+Shaman,Priest+Warlock,Warrior+Shaman,0,team2,kill,52.32
Priest+Warlock_vs_Warrior+Shaman,Priest+Warlock,Warrior+Shaman,1,team2,kill,34.05
Priest+Warlock_vs_Warrior+Shaman,Priest+Warlock,Warrior+Shaman,2,team2,kill,46.02
Priest+Warlock_vs_Warrior+Shaman,Priest+Warlock,Warrior+Shaman,3,team2,kill,46.87
Priest+Warlock_vs_Warrior+Shaman,Priest+Warlock,Warrior+Shaman,4,team2,kill,47.15
Priest+Warlock_vs_Warrior+Shaman,Priest+Warlock,Warrior+Shaman,5,team2,kill,45.35
Priest+Warlock_vs_Warrior+Shaman,Priest+Warlock,Warrior+Shaman,6,team2,kill,46.27
Priest+Warlock_vs_Warrior+Shaman,Priest+Warlock,Warrior+Shaman,7,team2,kill,42.23
Priest+Warlock_vs_Warrior+Shaman,Priest+Warlock,Warrior+Shaman,8,team2,kill,39.48
Priest+Warlock_vs_Warrior+Shaman,Priest+Warlock,Warrior+Shaman,9,team2,kill,41.63
Priest+Warlock_vs_Mage+Rogue,Priest+Warlock,Mage+Rogue,0,team1,kill,42.22
Priest+Warlock_vs_Mage+Rogue,Priest+Warlock,Mage+Rogue,1,team2,kill,21.20
Priest+Warlock_vs_Mage+Rogue,Priest+Warlock,Mage+Rogue,2,team2,kill,21.22
Priest+Warlock_vs_Mage+Rogue,Priest+Warlock,Mage+Rogue,3,team2,kill,43.07
Priest+Warlock_vs_Mage+Rogue,Priest+Warlock,Mage+Rogue,4,team2,kill,41.57
Priest+Warlock_vs_Mage+Rogue,Priest+Warlock,Mage+Rogue,5,team2,kill,36.55
Priest+Warlock_vs_Mage+Rogue,Priest+Warlock,Mage+Rogue,6,team2,kill,20.97
Priest+Warlock_vs_Mage+Rogue,Priest+Warlock,Mage+Rogue,7,team1,kill,35.02
Priest+Warlock_vs_Mage+Rogue,Priest+Warlock,Mage+Rogue,8,team2,kill,24.27
Priest+Warlock_vs_Mage+Rogue,Priest+Warlock,Mage+Rogue,9,team1,kill,36.68
Priest+Warlock_vs_Mage+Priest,Priest+Warlock,Mage+Priest,0,team1,kill,55.98
Priest+Warlock_vs_Mage+Priest,Priest+Warlock,Mage+Priest,1,team1,kill,43.88
Priest+Warlock_vs_Mage+Priest,Priest+Warlock,Mage+Priest,2,team1,kill,44.43
Priest+Warlock_vs_Mage+Priest,Priest+Warlock,Mage+Priest,3,team1,kill,43.47
Priest+Warlock_vs_Mage+Priest,Priest+Warlock,Mage+Priest,4,team1,kill,40.00
Priest+Warlock_vs_Mage+Priest,Priest+Warlock,Mage+Priest,5,team1,kill,69.03
Priest+Warlock_vs_Mage+Priest,Priest+Warlock,Mage+Priest,6,team1,kill,41.80
Priest+Warlock_vs_Mage+Priest,Priest+Warlock,Mage+Priest,7,team2,kill,69.57
Priest+Warlock_vs_Mage+Priest,Priest+Warlock,Mage+Priest,8,team1,kill,66.77
Priest+Warlock_vs_Mage+Priest,Priest+Warlock,Mage+Priest,9,team1,kill,43.23
Priest+Warlock_vs_Mage+Warlock,Priest+Warlock,Mage+Warlock,0,team2,kill,22.08
Priest+Warlock_vs_Mage+Warlock,Priest+Warlock,Mage+Warlock,1,team2,kill,23.60
Priest+Warlock_vs_Mage+Warlock,Priest+Warlock,Mage+Warlock,2,team2,kill,22.08
Priest+Warlock_vs_Mage+Warlock,Priest+Warlock,Mage+Warlock,3,team2,kill,25.12
Priest+Warlock_vs_Mage+Warlock,Priest+Warlock,Mage+Warlock,4,team2,kill,22.08
Priest+Warlock_vs_Mage+Warlock,Priest+Warlock,Mage+Warlock,5,team2,kill,22.08
Priest+Warlock_vs_Mage+Warlock,Priest+Warlock,Mage+Warlock,6,team2,kill,20.60
Priest+Warlock_vs_Mage+Warlock,Priest+Warlock,Mage+Warlock,7,team2,kill,22.08
Priest+Warlock_vs_Mage+Warlock,Priest+Warlock,Mage+Warlock,8,team2,kill,23.60
Priest+Warlock_vs_Mage+Warlock,Priest+Warlock,Mage+Warlock,9,team2,kill,23.60
Priest+Warlock_vs_Mage+Paladin,Priest+Warlock,Mage+Paladin,0,team1,kill,90.97
Priest+Warlock_vs_Mage+Paladin,Priest+Warlock,Mage+Paladin,1,team1,kill,86.92
Priest+Warlock_vs_Mage+Paladin,Priest+Warlock,Mage+Paladin,2,team2,kill,87.55
Priest+Warlock_vs_Mage+Paladin,Priest+Warlock,Mage+Paladin,3,team1,kill,68.90
Priest+Warlock_vs_Mage+Paladin,Priest+Warlock,Mage+Paladin,4,team1,kill,63.53
Priest+Warlock_vs_Mage+Paladin,Priest+Warlock,Mage+Paladin,5,team1,kill,83.99
Priest+Warlock_vs_Mage+Paladin,Priest+Warlock,Mage+Paladin,6,team1,kill,119.43
Priest+Warlock_vs_Mage+Paladin,Priest+Warlock,Mage+Paladin,7,team2,kill,69.38
Priest+Warlock_vs_Mage+Paladin,Priest+Warlock,Mage+Paladin,8,team1,kill,72.87
Priest+Warlock_vs_Mage+Paladin,Priest+Warlock,Mage+Paladin,9,team1,kill,69.17
Priest+Warlock_vs_Mage+Hunter,Priest+Warlock,Mage+Hunter,0,team1,kill,30.82
Priest+Warlock_vs_Mage+Hunter,Priest+Warlock,Mage+Hunter,1,team1,kill,31.03
Priest+Warlock_vs_Mage+Hunter,Priest+Warlock,Mage+Hunter,2,team1,kill,34.67
Priest+Warlock_vs_Mage+Hunter,Priest+Warlock,Mage+Hunter,3,team1,kill,31.68
Priest+Warlock_vs_Mage+Hunter,Priest+Warlock,Mage+Hunter,4,team1,kill,34.67
Priest+Warlock_vs_Mage+Hunter,Priest+Warlock,Mage+Hunter,5,team1,kill,30.60
Priest+Warlock_vs_Mage+Hunter,Priest+Warlock,Mage+Hunter,6,team1,kill,34.67
Priest+Warlock_vs_Mage+Hunter,Priest+Warlock,Mage+Hunter,7,team1,kill,30.22
Priest+Warlock_vs_Mage+Hunter,Priest+Warlock,Mage+Hunter,8,team2,kill,24.00
Priest+Warlock_vs_Mage+Hunter,Priest+Warlock,Mage+Hunter,9,team1,kill,31.25
Priest+Warlock_vs_Mage+Shaman,Priest+Warlock,Mage+Shaman,0,team1,kill,52.07
Priest+Warlock_vs_Mage+Shaman,Priest+Warlock,Mage+Shaman,1,team1,kill,56.03
Priest+Warlock_vs_Mage+Shaman,Priest+Warlock,Mage+Shaman,2,team1,kill,56.55
Priest+Warlock_vs_Mage+Shaman,Priest+Warlock,Mage+Shaman,3,team1,kill,63.08
Priest+Warlock_vs_Mage+Shaman,Priest+Warlock,Mage+Shaman,4,team1,kill,46.38
Priest+Warlock_vs_Mage+Shaman,Priest+Warlock,Mage+Shaman,5,team2,kill,54.25
Priest+Warlock_vs_Mage+Shaman,Priest+Warlock,Mage+Shaman,6,team2,kill,51.17
Priest+Warlock_vs_Mage+Shaman,Priest+Warlock,Mage+Shaman,7,team2,kill,33.10
Priest+Warlock_vs_Mage+Shaman,Priest+Warlock,Mage+Shaman,8,team2,kill,45.25
Priest+Warlock_vs_Mage+Shaman,Priest+Warlock,Mage+Shaman,9,team2,kill,41.60
Priest+Warlock_vs_Rogue+Priest,Priest+Warlock,Rogue+Priest,0,team2,kill,42.58
Priest+Warlock_vs_Rogue+Priest,Priest+Warlock,Rogue+Priest,1,team1,kill,49.00
Priest+Warlock_vs_Rogue+Priest,Priest+Warlock,Rogue+Priest,2,team1,kill,37.60
Priest+Warlock_vs_Rogue+Priest,Priest+Warlock,Rogue+Priest,3,team2,kill,44.15
Priest+Warlock_vs_Rogue+Priest,Priest+Warlock,Rogue+Priest,4,team1,kill,44.33
Priest+Warlock_vs_Rogue+Priest,Priest+Warlock,Rogue+Priest,5,team1,kill,44.30
Priest+Warlock_vs_Rogue+Priest,Priest+Warlock,Rogue+Priest,6,team2,kill,29.30
Priest+Warlock_vs_Rogue+Priest,Priest+Warlock,Rogue+Priest,7,team1,kill,39.30
Priest+Warlock_vs_Rogue+Priest,Priest+Warlock,Rogue+Priest,8,team1,kill,32.93
Priest+Warlock_vs_Rogue+Priest,Priest+Warlock,Rogue+Priest,9,team1,kill,43.57
Priest+Warlock_vs_Rogue+Warlock,Priest+Warlock,Rogue+Warlock,0,team1,kill,35.17
Priest+Warlock_vs_Rogue+Warlock,Priest+Warlock,Rogue+Warlock,1,team2,kill,24.25
Priest+Warlock_vs_Rogue+Warlock,Priest+Warlock,Rogue+Warlock,2,team1,kill,34.70
Priest+Warlock_vs_Rogue+Warlock,Priest+Warlock,Rogue+Warlock,3,team1,kill,35.35
Priest+Warlock_vs_Rogue+Warlock,Priest+Warlock,Rogue+Warlock,4,team1,kill,36.07
Priest+Warlock_vs_Rogue+Warlock,Priest+Warlock,Rogue+Warlock,5,team1,kill,45.62
Priest+Warlock_vs_Rogue+Warlock,Priest+Warlock,Rogue+Warlock,6,team1,kill,32.75
Priest+Warlock_vs_Rogue+Warlock,Priest+Warlock,Rogue+Warlock,7,team2,kill,27.80
Priest+Warlock_vs_Rogue+Warlock,Priest+Warlock,Rogue+Warlock,8,team1,kill,34.85
Priest+Warlock_vs_Rogue+Warlock,Priest+Warlock,Rogue+Warlock,9,team2,kill,24.65
Priest+Warlock_vs_Rogue+Paladin,Priest+Warlock,Rogue+Paladin,0,team2,kill,30.55
Priest+Warlock_vs_Rogue+Paladin,Priest+Warlock,Rogue+Paladin,1,team2,kill,43.63
Priest+Warlock_vs_Rogue+Paladin,Priest+Warlock,Rogue+Paladin,2,team2,kill,43.10
Priest+Warlock_vs_Rogue+Paladin,Priest+Warlock,Rogue+Paladin,3,team2,kill,41.95
Priest+Warlock_vs_Rogue+Paladin,Priest+Warlock,Rogue+Paladin,4,team2,kill,45.73
Priest+Warlock_vs_Rogue+Paladin,Priest+Warlock,Rogue+Paladin,5,team2,kill,42.45
Priest+Warlock_vs_Rogue+Paladin,Priest+Warlock,Rogue+Paladin,6,team2,kill,39.97
Priest+Warlock_vs_Rogue+Paladin,Priest+Warlock,Rogue+Paladin,7,team2,kill,41.83
Priest+Warlock_vs_Rogue+Paladin,Priest+Warlock,Rogue+Paladin,8,team2,kill,44.32
Priest+Warlock_vs_Rogue+Paladin,Priest+Warlock,Rogue+Paladin,9,team2,kill,39.58
Priest+Warlock_vs_Rogue+Hunter,Priest+Warlock,Rogue+Hunter,0,team1,kill,25.35
Priest+Warlock_vs_Rogue+Hunter,Priest+Warlock,Rogue+Hunter,1,team2,kill,37.23
Priest+Warlock_vs_Rogue+Hunter,Priest+Warlock,Rogue+Hunter,2,team1,kill,27.05
Priest+Warlock_vs_Rogue+Hunter,Priest+Warlock,Rogue+Hunter,3,team1,kill,29.67
Priest+Warlock_vs_Rogue+Hunter,Priest+Warlock,Rogue+Hunter,4,team1,kill,34.25
Priest+Warlock_vs_Rogue+Hunter,Priest+Warlock,Rogue+Hunter,5,team2,kill,42.18
Priest+Warlock_vs_Rogue+Hunter,Priest+Warlock,Rogue+Hunter,6,team2,kill,27.00
Priest+Warlock_vs_Rogue+Hunter,Priest+Warlock,Rogue+Hunter,7,team2,kill,39.88
Priest+Warlock_vs_Rogue+Hunter,Priest+Warlock,Rogue+Hunter,8,team2,kill,27.97
Priest+Warlock_vs_Rogue+Hunter,Priest+Warlock,Rogue+Hunter,9,team1,kill,30.20
Priest+Warlock_vs_Rogue+Shaman,Priest+Warlock,Rogue+Shaman,0,team2,kill,21.25
Priest+Warlock_vs_Rogue+Shaman,Priest+Warlock,Rogue+Shaman,1,team2,kill,43.85
Priest+Warlock_vs_Rogue+Shaman,Priest+Warlock,Rogue+Shaman,2,team2,kill,28.22
Priest+Warlock_vs_Rogue+Shaman,Priest+Warlock,Rogue+Shaman,3,team2,kill,44.40
Priest+Warlock_vs_Rogue+Shaman,Priest+Warlock,Rogue+Shaman,4,team1,kill,28.73
Priest+Warlock_vs_Rogue+Shaman,Priest+Warlock,Rogue+Shaman,5,team1,kill,36.22
Priest+Warlock_vs_Rogue+Shaman,Priest+Warlock,Rogue+Shaman,6,team2,kill,36.70
Priest+Warlock_vs_Rogue+Shaman,Priest+Warlock,Rogue+Shaman,7,team2,kill,28.75
Priest+Warlock_vs_Rogue+Shaman,Priest+Warlock,Rogue+Shaman,8,team2,kill,26.82
Priest+Warlock_vs_Rogue+Shaman,Priest+Warlock,Rogue+Shaman,9,team1,kill,40.07
Priest+Warlock_vs_Priest+Warlock,Priest+Warlock,Priest+Warlock,0,team2,kill,79.94
Priest+Warlock_vs_Priest+Warlock,Priest+Warlock,Priest+Warlock,1,team2,kill,89.02
Priest+Warlock_vs_Priest+Warlock,Priest+Warlock,Priest+Warlock,2,team1,kill,96.92
Priest+Warlock_vs_Priest+Warlock,Priest+Warlock,Priest+Warlock,3,team1,kill,105.97
Priest+Warlock_vs_Priest+Warlock,Priest+Warlock,Priest+Warlock,4,team1,kill,63.82
Priest+Warlock_vs_Priest+Warlock,Priest+Warlock,Priest+Warlock,5,team2,kill,69.28
Priest+Warlock_vs_Priest+Warlock,Priest+Warlock,Priest+Warlock,6,team2,kill,56.13
Priest+Warlock_vs_Priest+Warlock,Priest+Warlock,Priest+Warlock,7,team2,kill,72.52
Priest+Warlock_vs_Priest+Warlock,Priest+Warlock,Priest+Warlock,8,team2,kill,81.59
Priest+Warlock_vs_Priest+Warlock,Priest+Warlock,Priest+Warlock,9,team1,kill,175.33
Priest+Warlock_vs_Priest+Hunter,Priest+Warlock,Priest+Hunter,0,team1,kill,38.42
Priest+Warlock_vs_Priest+Hunter,Priest+Warlock,Priest+Hunter,1,team1,kill,47.53
Priest+Warlock_vs_Priest+Hunter,Priest+Warlock,Priest+Hunter,2,team1,kill,45.75
Priest+Warlock_vs_Priest+Hunter,Priest+Warlock,Priest+Hunter,3,team1,kill,38.22
Priest+Warlock_vs_Priest+Hunter,Priest+Warlock,Priest+Hunter,4,team1,kill,53.67
Priest+Warlock_vs_Priest+Hunter,Priest+Warlock,Priest+Hunter,5,team1,kill,45.48
Priest+Warlock_vs_Priest+Hunter,Priest+Warlock,Priest+Hunter,6,team1,kill,191.15
Priest+Warlock_vs_Priest+Hunter,Priest+Warlock,Priest+Hunter,7,team1,kill,38.57
Priest+Warlock_vs_Priest+Hunter,Priest+Warlock,Priest+Hunter,8,team2,kill,52.38
Priest+Warlock_vs_Priest+Hunter,Priest+Warlock,Priest+Hunter,9,team1,kill,52.88
Priest+Warlock_vs_Warlock+Paladin,Priest+Warlock,Warlock+Paladin,0,team2,kill,61.33
Priest+Warlock_vs_Warlock+Paladin,Priest+Warlock,Warlock+Paladin,1,team1,kill,77.59
Priest+Warlock_vs_Warlock+Paladin,Priest+Warlock,Warlock+Paladin,2,team2,kill,81.80
Priest+Warlock_vs_Warlock+Paladin,Priest+Warlock,Warlock+Paladin,3,team2,kill,56.33
Priest+Warlock_vs_Warlock+Paladin,Priest+Warlock,Warlock+Paladin,4,team1,kill,164.05
Priest+Warlock_vs_Warlock+Paladin,Priest+Warlock,Warlock+Paladin,5,team1,kill,125.00
Priest+Warlock_vs_Warlock+Paladin,Priest+Warlock,Warlock+Paladin,6,team1,kill,81.74
Priest+Warlock_vs_Warlock+Paladin,Priest+Warlock,Warlock+Paladin,7,team2,kill,77.25
Priest+Warlock_vs_Warlock+Paladin,Priest+Warlock,Warlock+Paladin,8,team2,kill,71.30
Priest+Warlock_vs_Warlock+Paladin,Priest+Warlock,Warlock+Paladin,9,team2,kill,61.88
Priest+Warlock_vs_Warlock+Hunter,Priest+Warlock,Warlock+Hunter,0,team1,kill,45.68
Priest+Warlock_vs_Warlock+Hunter,Priest+Warlock,Warlock+Hunter,1,team1,kill,39.30
Priest+Warlock_vs_Warlock+Hunter,Priest+Warlock,Warlock+Hunter,2,team2,kill,42.45
Priest+Warlock_vs_Warlock+Hunter,Priest+Warlock,Warlock+Hunter,3,team2,kill,34.57
Priest+Warlock_vs_Warlock+Hunter,Priest+Warlock,Warlock+Hunter,4,team1,kill,32.80
Priest+Warlock_vs_Warlock+Hunter,Priest+Warlock,Warlock+Hunter,5,team1,kill,42.93
Priest+Warlock_vs_Warlock+Hunter,Priest+Warlock,Warlock+Hunter,6,team1,kill,38.78
Priest+Warlock_vs_Warlock+Hunter,Priest+Warlock,Warlock+Hunter,7,team2,kill,26.93
Priest+Warlock_vs_Warlock+Hunter,Priest+Warlock,Warlock+Hunter,8,team2,kill,33.48
Priest+Warlock_vs_Warlock+Hunter,Priest+Warlock,Warlock+Hunter,9,team1,kill,30.98
Priest+Warlock_vs_Warlock+Shaman,Priest+Warlock,Warlock+Shaman,0,team2,kill,55.43
Priest+Warlock_vs_Warlock+Shaman,Priest+Warlock,Warlock+Shaman,1,team2,kill,48.50
Priest+Warlock_vs_Warlock+Shaman,Priest+Warlock,Warlock+Shaman,2,team1,kill,64.48
Priest+Warlock_vs_Warlock+Shaman,Priest+Warlock,Warlock+Shaman,3,team1,kill,54.82
Priest+Warlock_vs_Warlock+Shaman,Priest+Warlock,Warlock+Shaman,4,team2,kill,51.98
Priest+Warlock_vs_Warlock+Shaman,Priest+Warlock,Warlock+Shaman,5,team2,kill,47.75
Priest+Warlock_vs_Warlock+Shaman,Priest+Warlock,Warlock+Shaman,6,team2,kill,43.38
Priest+Warlock_vs_Warlock+Shaman,Priest+Warlock,Warlock+Shaman,7,team2,kill,43.30
Priest+Warlock_vs_Warlock+Shaman,Priest+Warlock,Warlock+Shaman,8,team2,kill,53.45
Priest+Warlock_vs_Warlock+Shaman,Priest+Warlock,Warlock+Shaman,9,team2,kill,53.48
Priest+Warlock_vs_Paladin+Hunter,Priest+Warlock,Paladin+Hunter,0,team1,kill,79.72
Priest+Warlock_vs_Paladin+Hunter,Priest+Warlock,Paladin+Hunter,1,team1,kill,68.33
Priest+Warlock_vs_Paladin+Hunter,Priest+Warlock,Paladin+Hunter,2,team1,kill,81.15
Priest+Warlock_vs_Paladin+Hunter,Priest+Warlock,Paladin+Hunter,3,team1,kill,77.35
Priest+Warlock_vs_Paladin+Hunter,Priest+Warlock,Paladin+Hunter,4,team1,kill,64.00
Priest+Warlock_vs_Paladin+Hunter,Priest+Warlock,Paladin+Hunter,5,team1,kill,79.72
Priest+Warlock_vs_Paladin+Hunter,Priest+Warlock,Paladin+Hunter,6,team1,kill,83.44
Priest+Warlock_vs_Paladin+Hunter,Priest+Warlock,Paladin+Hunter,7,team1,kill,73.97
Priest+Warlock_vs_Paladin+Hunter,Priest+Warlock,Paladin+Hunter,8,team1,kill,78.64
Priest+Warlock_vs_Paladin+Hunter,Priest+Warlock,Paladin+Hunter,9,team1,kill,78.69
Priest+Warlock_vs_Hunter+Shaman,Priest+Warlock,Hunter+Shaman,0,team2,kill,49.40
Priest+Warlock_vs_Hunter+Shaman,Priest+Warlock,Hunter+Shaman,1,team1,kill,37.03
Priest+Warlock_vs_Hunter+Shaman,Priest+Warlock,Hunter+Shaman,2,team1,kill,55.58
Priest+Warlock_vs_Hunter+Shaman,Priest+Warlock,Hunter+Shaman,3,team1,kill,42.60
Priest+Warlock_vs_Hunter+Shaman,Priest+Warlock,Hunter+Shaman,4,team2,kill,58.02
Priest+Warlock_vs_Hunter+Shaman,Priest+Warlock,Hunter+Shaman,5,team1,kill,44.45
Priest+Warlock_vs_Hunter+Shaman,Priest+Warlock,Hunter+Shaman,6,team2,kill,70.52
Priest+Warlock_vs_Hunter+Shaman,Priest+Warlock,Hunter+Shaman,7,team1,kill,44.32
Priest+Warlock_vs_Hunter+Shaman,Priest+Warlock,Hunter+Shaman,8,team1,kill,46.08
Priest+Warlock_vs_Hunter+Shaman,Priest+Warlock,Hunter+Shaman,9,team2,kill,55.38
Priest+Hunter_vs_Warrior+Mage,Priest+Hunter,Warrior+Mage,0,team2,kill,24.13
Priest+Hunter_vs_Warrior+Mage,Priest+Hunter,Warrior+Mage,1,team2,kill,24.13
Priest+Hunter_vs_Warrior+Mage,Priest+Hunter,Warrior+Mage,2,team2,kill,22.57
Priest+Hunter_vs_Warrior+Mage,Priest+Hunter,Warrior+Mage,3,team1,kill,25.58
Priest+Hunter_vs_Warrior+Mage,Priest+Hunter,Warrior+Mage,4,team2,kill,30.83
Priest+Hunter_vs_Warrior+Mage,Priest+Hunter,Warrior+Mage,5,team1,kill,25.92
Priest+Hunter_vs_Warrior+Mage,Priest+Hunter,Warrior+Mage,6,team2,kill,24.13
Priest+Hunter_vs_Warrior+Mage,Priest+Hunter,Warrior+Mage,7,team1,kill,24.90
Priest+Hunter_vs_Warrior+Mage,Priest+Hunter,Warrior+Mage,8,team1,kill,24.48
Priest+Hunter_vs_Warrior+Mage,Priest+Hunter,Warrior+Mage,9,team1,kill,25.92
Priest+Hunter_vs_Warrior+Rogue,Priest+Hunter,Warrior+Rogue,0,team1,kill,22.95
Priest+Hunter_vs_Warrior+Rogue,Priest+Hunter,Warrior+Rogue,1,team1,kill,22.83
Priest+Hunter_vs_Warrior+Rogue,Priest+Hunter,Warrior+Rogue,2,team1,kill,19.60
Priest+Hunter_vs_Warrior+Rogue,Priest+Hunter,Warrior+Rogue,3,team1,kill,22.83
Priest+Hunter_vs_Warrior+Rogue,Priest+Hunter,Warrior+Rogue,4,team1,kill,20.68
Priest+Hunter_vs_Warrior+Rogue,Priest+Hunter,Warrior+Rogue,5,team1,kill,20.53
Priest+Hunter_vs_Warrior+Rogue,Priest+Hunter,Warrior+Rogue,6,team1,kill,22.95
Priest+Hunter_vs_Warrior+Rogue,Priest+Hunter,Warrior+Rogue,7,team1,kill,20.08
Priest+Hunter_vs_Warrior+Rogue,Priest+Hunter,Warrior+Rogue,8,team1,kill,22.95
Priest+Hunter_vs_Warrior+Rogue,Priest+Hunter,Warrior+Rogue,9,team1,kill,21.58
Priest+Hunter_vs_Warrior+Priest,Priest+Hunter,Warrior+Priest,0,team2,kill,41.48
Priest+Hunter_vs_Warrior+Priest,Priest+Hunter,Warrior+Priest,1,team2,kill,48.13
Priest+Hunter_vs_Warrior+Priest,Priest+Hunter,Warrior+Priest,2,team2,kill,47.30
Priest+Hunter_vs_Warrior+Priest,Priest+Hunter,Warrior+Priest,3,team2,kill,64.40
Priest+Hunter_vs_Warrior+Priest,Priest+Hunter,Warrior+Priest,4,team2,kill,56.87
Priest+Hunter_vs_Warrior+Priest,Priest+Hunter,Warrior+Priest,5,team2,kill,49.85
Priest+Hunter_vs_Warrior+Priest,Priest+Hunter,Warrior+Priest,6,team2,kill,45.47
Priest+Hunter_vs_Warrior+Priest,Priest+Hunter,Warrior+Priest,7,team2,kill,39.45
Priest+Hunter_vs_Warrior+Priest,Priest+Hunter,Warrior+Priest,8,team2,kill,47.08
Priest+Hunter_vs_Warrior+Priest,Priest+Hunter,Warrior+Priest,9,team2,kill,48.47
Priest+Hunter_vs_Warrior+Warlock,Priest+Hunter,Warrior+Warlock,0,team2,kill,31.93
Priest+Hunter_vs_Warrior+Warlock,Priest+Hunter,Warrior+Warlock,1,team1,kill,42.62
Priest+Hunter_vs_Warrior+Warlock,Priest+Hunter,Warrior+Warlock,2,team1,kill,33.05
Priest+Hunter_vs_Warrior+Warlock,Priest+Hunter,Warrior+Warlock,3,team1,kill,33.02
Priest+Hunter_vs_Warrior+Warlock,Priest+Hunter,Warrior+Warlock,4,team2,kill,55.07
Priest+Hunter_vs_Warrior+Warlock,Priest+Hunter,Warrior+Warlock,5,team1,kill,21.70
Priest+Hunter_vs_Warrior+Warlock,Priest+Hunter,Warrior+Warlock,6,team1,kill,25.32
Priest+Hunter_vs_Warrior+Warlock,Priest+Hunter,Warrior+Warlock,7,team2,kill,33.18
Priest+Hunter_vs_Warrior+Warlock,Priest+Hunter,Warrior+Warlock,8,team1,kill,19.78
Priest+Hunter_vs_Warrior+Warlock,Priest+Hunter,Warrior+Warlock,9,team1,kill,22.92
Priest+Hunter_vs_Warrior+Paladin,Priest+Hunter,Warrior+Paladin,0,team2,kill,58.18
Priest+Hunter_vs_Warrior+Paladin,Priest+Hunter,Warrior+Paladin,1,team2,kill,71.38
Priest+Hunter_vs_Warrior+Paladin,Priest+Hunter,Warrior+Paladin,2,team2,kill,57.70
Priest+Hunter_vs_Warrior+Paladin,Priest+Hunter,Warrior+Paladin,3,team1,kill,100.66
Priest+Hunter_vs_Warrior+Paladin,Priest+Hunter,Warrior+Paladin,4,team2,kill,37.92
Priest+Hunter_vs_Warrior+Paladin,Priest+Hunter,Warrior+Paladin,5,team1,kill,98.12
Priest+Hunter_vs_Warrior+Paladin,Priest+Hunter,Warrior+Paladin,6,team2,kill,65.00
Priest+Hunter_vs_Warrior+Paladin,Priest+Hunter,Warrior+Paladin,7,team2,kill,44.97
Priest+Hunter_vs_Warrior+Paladin,Priest+Hunter,Warrior+Paladin,8,team2,kill,64.35
Priest+Hunter_vs_Warrior+Paladin,Priest+Hunter,Warrior+Paladin,9,team2,kill,34.15
Priest+Hunter_vs_Warrior+Hunter,Priest+Hunter,Warrior+Hunter,0,team1,kill,52.53
Priest+Hunter_vs_Warrior+Hunter,Priest+Hunter,Warrior+Hunter,1,team2,kill,21.53
Priest+Hunter_vs_Warrior+Hunter,Priest+Hunter,Warrior+Hunter,2,team1,kill,29.80
Priest+Hunter_vs_Warrior+Hunter,Priest+Hunter,Warrior+Hunter,3,team1,kill,26.37
Priest+Hunter_vs_Warrior+Hunter,Priest+Hunter,Warrior+Hunter,4,team1,kill,27.85
Priest+Hunter_vs_Warrior+Hunter,Priest+Hunter,Warrior+Hunter,5,team1,kill,20.52
Priest+Hunter_vs_Warrior+Hunter,Priest+Hunter,Warrior+Hunter,6,team2,kill,16.08
Priest+Hunter_vs_Warrior+Hunter,Priest+Hunter,Warrior+Hunter,7,team1,kill,53.50
Priest+Hunter_vs_Warrior+Hunter,Priest+Hunter,Warrior+Hunter,8,team2,kill,17.97
Priest+Hunter_vs_Warrior+Hunter,Priest+Hunter,Warrior+Hunter,9,team1,kill,30.57
Priest+Hunter_vs_Warrior+Shaman,Priest+Hunter,Warrior+Shaman,0,team1,kill,37.48
Priest+Hunter_vs_Warrior+Shaman,Priest+Hunter,Warrior+Shaman,1,team2,kill,48.13
Priest+Hunter_vs_Warrior+Shaman,Priest+Hunter,Warrior+Shaman,2,team2,kill,46.33
Priest+Hunter_vs_Warrior+Shaman,Priest+Hunter,Warrior+Shaman,3,team2,kill,47.55
Priest+Hunter_vs_Warrior+Shaman,Priest+Hunter,Warrior+Shaman,4,team2,kill,44.73
Priest+Hunter_vs_Warrior+Shaman,Priest+Hunter,Warrior+Shaman,5,team2,kill,70.82
Priest+Hunter_vs_Warrior+Shaman,Priest+Hunter,Warrior+Shaman,6,team1,kill,37.95
Priest+Hunter_vs_Warrior+Shaman,Priest+Hunter,Warrior+Shaman,7,team2,kill,47.55
Priest+Hunter_vs_Warrior+Shaman,Priest+Hunter,Warrior+Shaman,8,team2,kill,46.70
Priest+Hunter_vs_Warrior+Shaman,Priest+Hunter,Warrior+Shaman,9,team2,kill,58.63
Priest+Hunter_vs_Mage+Rogue,Priest+Hunter,Mage+Rogue,0,team1,kill,31.17
Priest+Hunter_vs_Mage+Rogue,Priest+Hunter,Mage+Rogue,1,team1,kill,40.55
Priest+Hunter_vs_Mage+Rogue,Priest+Hunter,Mage+Rogue,2,team1,kill,32.07
Priest+Hunter_vs_Mage+Rogue,Priest+Hunter,Mage+Rogue,3,team1,kill,50.43
Priest+Hunter_vs_Mage+Rogue,Priest+Hunter,Mage+Rogue,4,team2,kill,46.68
Priest+Hunter_vs_Mage+Rogue,Priest+Hunter,Mage+Rogue,5,team2,kill,37.70
Priest+Hunter_vs_Mage+Rogue,Priest+Hunter,Mage+Rogue,6,team2,kill,46.55
Priest+Hunter_vs_Mage+Rogue,Priest+Hunter,Mage+Rogue,7,team1,kill,48.88
Priest+Hunter_vs_Mage+Rogue,Priest+Hunter,Mage+Rogue,8,team2,kill,32.77
Priest+Hunter_vs_Mage+Rogue,Priest+Hunter,Mage+Rogue,9,team1,kill,24.72
Priest+Hunter_vs_Mage+Priest,Priest+Hunter,Mage+Priest,0,team1,kill,72.40
Priest+Hunter_vs_Mage+Priest,Priest+Hunter,Mage+Priest,1,team1,kill,52.52
Priest+Hunter_vs_Mage+Priest,Priest+Hunter,Mage+Priest,2,team1,kill,57.67
Priest+Hunter_vs_Mage+Priest,Priest+Hunter,Mage+Priest,3,team1,kill,56.53
Priest+Hunter_vs_Mage+Priest,Priest+Hunter,Mage+Priest,4,team1,kill,58.65
Priest+Hunter_vs_Mage+Priest,Priest+Hunter,Mage+Priest,5,team1,kill,53.83
Priest+Hunter_vs_Mage+Priest,Priest+Hunter,Mage+Priest,6,team1,kill,60.70
Priest+Hunter_vs_Mage+Priest,Priest+Hunter,Mage+Priest,7,team1,kill,55.82
Priest+Hunter_vs_Mage+Priest,Priest+Hunter,Mage+Priest,8,team1,kill,51.20
Priest+Hunter_vs_Mage+Priest,Priest+Hunter,Mage+Priest,9,team1,kill,52.82
Priest+Hunter_vs_Mage+Warlock,Priest+Hunter,Mage+Warlock,0,team2,kill,17.58
Priest+Hunter_vs_Mage+Warlock,Priest+Hunter,Mage+Warlock,1,team2,kill,16.37
Priest+Hunter_vs_Mage+Warlock,Priest+Hunter,Mage+Warlock,2,team2,kill,18.95
Priest+Hunter_vs_Mage+Warlock,Priest+Hunter,Mage+Warlock,3,team2,kill,16.12
Priest+Hunter_vs_Mage+Warlock,Priest+Hunter,Mage+Warlock,4,team2,kill,19.05
Priest+Hunter_vs_Mage+Warlock,Priest+Hunter,Mage+Warlock,5,team2,kill,17.45
Priest+Hunter_vs_Mage+Warlock,Priest+Hunter,Mage+Warlock,6,team2,kill,17.68
Priest+Hunter_vs_Mage+Warlock,Priest+Hunter,Mage+Warlock,7,team2,kill,16.05
Priest+Hunter_vs_Mage+Warlock,Priest+Hunter,Mage+Warlock,8,team2,kill,16.18
Priest+Hunter_vs_Mage+Warlock,Priest+Hunter,Mage+Warlock,9,team2,kill,18.95
Priest+Hunter_vs_Mage+Paladin,Priest+Hunter,Mage+Paladin,0,team2,kill,101.67
Priest+Hunter_vs_Mage+Paladin,Priest+Hunter,Mage+Paladin,1,team1,kill,100.81
Priest+Hunter_vs_Mage+Paladin,Priest+Hunter,Mage+Paladin,2,team2,kill,88.59
Priest+Hunter_vs_Mage+Paladin,Priest+Hunter,Mage+Paladin,3,team2,kill,81.37
Priest+Hunter_vs_Mage+Paladin,Priest+Hunter,Mage+Paladin,4,team2,kill,88.55
Priest+Hunter_vs_Mage+Paladin,Priest+Hunter,Mage+Paladin,5,team2,kill,81.72
Priest+Hunter_vs_Mage+Paladin,Priest+Hunter,Mage+Paladin,6,team2,kill,92.51
Priest+Hunter_vs_Mage+Paladin,Priest+Hunter,Mage+Paladin,7,team2,kill,96.04
Priest+Hunter_vs_Mage+Paladin,Priest+Hunter,Mage+Paladin,8,team2,kill,93.49
Priest+Hunter_vs_Mage+Paladin,Priest+Hunter,Mage+Paladin,9,team2,kill,87.29
Priest+Hunter_vs_Mage+Hunter,Priest+Hunter,Mage+Hunter,0,team2,kill,16.17
Priest+Hunter_vs_Mage+Hunter,Priest+Hunter,Mage+Hunter,1,team1,kill,37.73
Priest+Hunter_vs_Mage+Hunter,Priest+Hunter,Mage+Hunter,2,team2,kill,19.08
Priest+Hunter_vs_Mage+Hunter,Priest+Hunter,Mage+Hunter,3,team2,kill,28.05
Priest+Hunter_vs_Mage+Hunter,Priest+Hunter,Mage+Hunter,4,team2,kill,15.95
Priest+Hunter_vs_Mage+Hunter,Priest+Hunter,Mage+Hunter,5,team2,kill,16.17
Priest+Hunter_vs_Mage+Hunter,Priest+Hunter,Mage+Hunter,6,team1,kill,28.03
Priest+Hunter_vs_Mage+Hunter,Priest+Hunter,Mage+Hunter,7,team1,kill,21.08
Priest+Hunter_vs_Mage+Hunter,Priest+Hunter,Mage+Hunter,8,team2,kill,28.05
Priest+Hunter_vs_Mage+Hunter,Priest+Hunter,Mage+Hunter,9,team2,kill,18.60
Priest+Hunter_vs_Mage+Shaman,Priest+Hunter,Mage+Shaman,0,team2,kill,54.42
Priest+Hunter_vs_Mage+Shaman,Priest+Hunter,Mage+Shaman,1,team2,kill,30.72
Priest+Hunter_vs_Mage+Shaman,Priest+Hunter,Mage+Shaman,2,team2,kill,63.10
Priest+Hunter_vs_Mage+Shaman,Priest+Hunter,Mage+Shaman,3,team2,kill,54.37
Priest+Hunter_vs_Mage+Shaman,Priest+Hunter,Mage+Shaman,4,team2,kill,72.18
Priest+Hunter_vs_Mage+Shaman,Priest+Hunter,Mage+Shaman,5,team2,kill,74.40
Priest+Hunter_vs_Mage+Shaman,Priest+Hunter,Mage+Shaman,6,team2,kill,21.53
Priest+Hunter_vs_Mage+Shaman,Priest+Hunter,Mage+Shaman,7,team1,kill,80.40
Priest+Hunter_vs_Mage+Shaman,Priest+Hunter,Mage+Shaman,8,team2,kill,30.72
Priest+Hunter_vs_Mage+Shaman,Priest+Hunter,Mage+Shaman,9,team2,kill,18.58
Priest+Hunter_vs_Rogue+Priest,Priest+Hunter,Rogue+Priest,0,team1,kill,71.70
Priest+Hunter_vs_Rogue+Priest,Priest+Hunter,Rogue+Priest,1,team1,kill,67.32
Priest+Hunter_vs_Rogue+Priest,Priest+Hunter,Rogue+Priest,2,team1,kill,62.52
Priest+Hunter_vs_Rogue+Priest,Priest+Hunter,Rogue+Priest,3,team1,kill,65.35
Priest+Hunter_vs_Rogue+Priest,Priest+Hunter,Rogue+Priest,4,team1,kill,54.47
Priest+Hunter_vs_Rogue+Priest,Priest+Hunter,Rogue+Priest,5,team2,kill,54.47
Priest+Hunter_vs_Rogue+Priest,Priest+Hunter,Rogue+Priest,6,team1,kill,51.33
Priest+Hunter_vs_Rogue+Priest,Priest+Hunter,Rogue+Priest,7,team2,kill,64.95
Priest+Hunter_vs_Rogue+Priest,Priest+Hunter,Rogue+Priest,8,team2,kill,61.82
Priest+Hunter_vs_Rogue+Priest,Priest+Hunter,Rogue+Priest,9,team1,kill,60.25
Priest+Hunter_vs_Rogue+Warlock,Priest+Hunter,Rogue+Warlock,0,team1,kill,42.37
Priest+Hunter_vs_Rogue+Warlock,Priest+Hunter,Rogue+Warlock,1,team1,kill,40.50
Priest+Hunter_vs_Rogue+Warlock,Priest+Hunter,Rogue+Warlock,2,team1,kill,31.15
Priest+Hunter_vs_Rogue+Warlock,Priest+Hunter,Rogue+Warlock,3,team1,kill,30.03
Priest+Hunter_vs_Rogue+Warlock,Priest+Hunter,Rogue+Warlock,4,team1,kill,42.62
Priest+Hunter_vs_Rogue+Warlock,Priest+Hunter,Rogue+Warlock,5,team1,kill,42.98
Priest+Hunter_vs_Rogue+Warlock,Priest+Hunter,Rogue+Warlock,6,team1,kill,41.42
Priest+Hunter_vs_Rogue+Warlock,Priest+Hunter,Rogue+Warlock,7,team1,kill,27.40
Priest+Hunter_vs_Rogue+Warlock,Priest+Hunter,Rogue+Warlock,8,team1,kill,40.90
Priest+Hunter_vs_Rogue+Warlock,Priest+Hunter,Rogue+Warlock,9,team1,kill,42.98
Priest+Hunter_vs_Rogue+Paladin,Priest+Hunter,Rogue+Paladin,0,team2,kill,48.23
Priest+Hunter_vs_Rogue+Paladin,Priest+Hunter,Rogue+Paladin,1,team2,kill,46.82
Priest+Hunter_vs_Rogue+Paladin,Priest+Hunter,Rogue+Paladin,2,team2,kill,57.72
Priest+Hunter_vs_Rogue+Paladin,Priest+Hunter,Rogue+Paladin,3,team2,kill,64.40
Priest+Hunter_vs_Rogue+Paladin,Priest+Hunter,Rogue+Paladin,4,team2,kill,51.07
Priest+Hunter_vs_Rogue+Paladin,Priest+Hunter,Rogue+Paladin,5,team2,kill,54.95
Priest+Hunter_vs_Rogue+Paladin,Priest+Hunter,Rogue+Paladin,6,team2,kill,68.03
Priest+Hunter_vs_Rogue+Paladin,Priest+Hunter,Rogue+Paladin,7,team1,kill,77.74
Priest+Hunter_vs_Rogue+Paladin,Priest+Hunter,Rogue+Paladin,8,team2,kill,95.31
Priest+Hunter_vs_Rogue+Paladin,Priest+Hunter,Rogue+Paladin,9,team2,kill,115.38
Priest+Hunter_vs_Rogue+Hunter,Priest+Hunter,Rogue+Hunter,0,team1,kill,20.82
Priest+Hunter_vs_Rogue+Hunter,Priest+Hunter,Rogue+Hunter,1,team1,kill,20.65
Priest+Hunter_vs_Rogue+Hunter,Priest+Hunter,Rogue+Hunter,2,team1,kill,20.85
Priest+Hunter_vs_Rogue+Hunter,Priest+Hunter,Rogue+Hunter,3,team1,kill,19.78
Priest+Hunter_vs_Rogue+Hunter,Priest+Hunter,Rogue+Hunter,4,team1,kill,20.43
Priest+Hunter_vs_Rogue+Hunter,Priest+Hunter,Rogue+Hunter,5,team1,kill,19.87
Priest+Hunter_vs_Rogue+Hunter,Priest+Hunter,Rogue+Hunter,6,team1,kill,18.73
Priest+Hunter_vs_Rogue+Hunter,Priest+Hunter,Rogue+Hunter,7,team1,kill,20.43
Priest+Hunter_vs_Rogue+Hunter,Priest+Hunter,Rogue+Hunter,8,team1,kill,19.78
Priest+Hunter_vs_Rogue+Hunter,Priest+Hunter,Rogue+Hunter,9,team1,kill,20.80
Priest+Hunter_vs_Rogue+Shaman,Priest+Hunter,Rogue+Shaman,0,team2,kill,48.07
Priest+Hunter_vs_Rogue+Shaman,Priest+Hunter,Rogue+Shaman,1,team2,kill,35.42
Priest+Hunter_vs_Rogue+Shaman,Priest+Hunter,Rogue+Shaman,2,team2,kill,36.73
Priest+Hunter_vs_Rogue+Shaman,Priest+Hunter,Rogue+Shaman,3,team2,kill,65.67
Priest+Hunter_vs_Rogue+Shaman,Priest+Hunter,Rogue+Shaman,4,team2,kill,38.57
Priest+Hunter_vs_Rogue+Shaman,Priest+Hunter,Rogue+Shaman,5,team2,kill,35.47
Priest+Hunter_vs_Rogue+Shaman,Priest+Hunter,Rogue+Shaman,6,team2,kill,37.42
Priest+Hunter_vs_Rogue+Shaman,Priest+Hunter,Rogue+Shaman,7,team2,kill,43.58
Priest+Hunter_vs_Rogue+Shaman,Priest+Hunter,Rogue+Shaman,8,team2,kill,38.93
Priest+Hunter_vs_Rogue+Shaman,Priest+Hunter,Rogue+Shaman,9,team2,kill,43.77
Priest+Hunter_vs_Priest+Warlock,Priest+Hunter,Priest+Warlock,0,team2,kill,38.42
Priest+Hunter_vs_Priest+Warlock,Priest+Hunter,Priest+Warlock,1,team2,kill,47.53
Priest+Hunter_vs_Priest+Warlock,Priest+Hunter,Priest+Warlock,2,team2,kill,45.75
Priest+Hunter_vs_Priest+Warlock,Priest+Hunter,Priest+Warlock,3,team2,kill,38.22
Priest+Hunter_vs_Priest+Warlock,Priest+Hunter,Priest+Warlock,4,team2,kill,53.67
Priest+Hunter_vs_Priest+Warlock,Priest+Hunter,Priest+Warlock,5,team2,kill,45.48
Priest+Hunter_vs_Priest+Warlock,Priest+Hunter,Priest+Warlock,6,team2,kill,196.40
Priest+Hunter_vs_Priest+Warlock,Priest+Hunter,Priest+Warlock,7,team2,kill,43.47
Priest+Hunter_vs_Priest+Warlock,Priest+Hunter,Priest+Warlock,8,team1,kill,52.38
Priest+Hunter_vs_Priest+Warlock,Priest+Hunter,Priest+Warlock,9,team2,kill,52.88
Priest+Hunter_vs_Priest+Hunter,Priest+Hunter,Priest+Hunter,0,team1,kill,54.35
Priest+Hunter_vs_Priest+Hunter,Priest+Hunter,Priest+Hunter,1,team2,kill,52.02
Priest+Hunter_vs_Priest+Hunter,Priest+Hunter,Priest+Hunter,2,team2,kill,54.35
Priest+Hunter_vs_Priest+Hunter,Priest+Hunter,Priest+Hunter,3,team1,kill,54.35
Priest+Hunter_vs_Priest+Hunter,Priest+Hunter,Priest+Hunter,4,team1,kill,48.43
Priest+Hunter_vs_Priest+Hunter,Priest+Hunter,Priest+Hunter,5,team2,kill,47.10
Priest+Hunter_vs_Priest+Hunter,Priest+Hunter,Priest+Hunter,6,team1,kill,50.97
Priest+Hunter_vs_Priest+Hunter,Priest+Hunter,Priest+Hunter,7,team1,kill,54.07
Priest+Hunter_vs_Priest+Hunter,Priest+Hunter,Priest+Hunter,8,team1,kill,46.03
Priest+Hunter_vs_Priest+Hunter,Priest+Hunter,Priest+Hunter,9,team2,kill,51.93
Priest+Hunter_vs_Warlock+Paladin,Priest+Hunter,Warlock+Paladin,0,team2,kill,79.82
Priest+Hunter_vs_Warlock+Paladin,Priest+Hunter,Warlock+Paladin,1,team2,kill,59.75
Priest+Hunter_vs_Warlock+Paladin,Priest+Hunter,Warlock+Paladin,2,team2,kill,57.50
Priest+Hunter_vs_Warlock+Paladin,Priest+Hunter,Warlock+Paladin,3,team2,kill,62.08
Priest+Hunter_vs_Warlock+Paladin,Priest+Hunter,Warlock+Paladin,4,team2,kill,56.55
Priest+Hunter_vs_Warlock+Paladin,Priest+Hunter,Warlock+Paladin,5,team2,kill,59.27
Priest+Hunter_vs_Warlock+Paladin,Priest+Hunter,Warlock+Paladin,6,team2,kill,64.13
Priest+Hunter_vs_Warlock+Paladin,Priest+Hunter,Warlock+Paladin,7,team2,kill,69.53
Priest+Hunter_vs_Warlock+Paladin,Priest+Hunter,Warlock+Paladin,8,team2,kill,58.60
Priest+Hunter_vs_Warlock+Paladin,Priest+Hunter,Warlock+Paladin,9,team2,kill,57.63
Priest+Hunter_vs_Warlock+Hunter,Priest+Hunter,Warlock+Hunter,0,team1,kill,32.40
Priest+Hunter_vs_Warlock+Hunter,Priest+Hunter,Warlock+Hunter,1,team1,kill,32.02
Priest+Hunter_vs_Warlock+Hunter,Priest+Hunter,Warlock+Hunter,2,team1,kill,31.72
Priest+Hunter_vs_Warlock+Hunter,Priest+Hunter,Warlock+Hunter,3,team1,kill,32.93
Priest+Hunter_vs_Warlock+Hunter,Priest+Hunter,Warlock+Hunter,4,team2,kill,21.52
Priest+Hunter_vs_Warlock+Hunter,Priest+Hunter,Warlock+Hunter,5,team2,kill,28.93
Priest+Hunter_vs_Warlock+Hunter,Priest+Hunter,Warlock+Hunter,6,team1,kill,32.52
Priest+Hunter_vs_Warlock+Hunter,Priest+Hunter,Warlock+Hunter,7,team1,kill,30.27
Priest+Hunter_vs_Warlock+Hunter,Priest+Hunter,Warlock+Hunter,8,team1,kill,31.50
Priest+Hunter_vs_Warlock+Hunter,Priest+Hunter,Warlock+Hunter,9,team1,kill,30.28
Priest+Hunter_vs_Warlock+Shaman,Priest+Hunter,Warlock+Shaman,0,team2,kill,49.75
Priest+Hunter_vs_Warlock+Shaman,Priest+Hunter,Warlock+Shaman,1,team2,kill,28.38
Priest+Hunter_vs_Warlock+Shaman,Priest+Hunter,Warlock+Shaman,2,team2,kill,56.38
Priest+Hunter_vs_Warlock+Shaman,Priest+Hunter,Warlock+Shaman,3,team2,kill,22.23
Priest+Hunter_vs_Warlock+Shaman,Priest+Hunter,Warlock+Shaman,4,team2,kill,42.95
Priest+Hunter_vs_Warlock+Shaman,Priest+Hunter,Warlock+Shaman,5,team2,kill,44.62
Priest+Hunter_vs_Warlock+Shaman,Priest+Hunter,Warlock+Shaman,6,team2,kill,50.42
Priest+Hunter_vs_Warlock+Shaman,Priest+Hunter,Warlock+Shaman,7,team2,kill,42.82
Priest+Hunter_vs_Warlock+Shaman,Priest+Hunter,Warlock+Shaman,8,team2,kill,31.80
Priest+Hunter_vs_Warlock+Shaman,Priest+Hunter,Warlock+Shaman,9,team2,kill,42.32
Priest+Hunter_vs_Paladin+Hunter,Priest+Hunter,Paladin+Hunter,0,team2,kill,54.10
Priest+Hunter_vs_Paladin+Hunter,Priest+Hunter,Paladin+Hunter,1,team1,kill,146.19
Priest+Hunter_vs_Paladin+Hunter,Priest+Hunter,Paladin+Hunter,2,team2,kill,61.60
Priest+Hunter_vs_Paladin+Hunter,Priest+Hunter,Paladin+Hunter,3,team2,kill,59.58
Priest+Hunter_vs_Paladin+Hunter,Priest+Hunter,Paladin+Hunter,4,team1,kill,75.18
Priest+Hunter_vs_Paladin+Hunter,Priest+Hunter,Paladin+Hunter,5,team2,kill,57.20
Priest+Hunter_vs_Paladin+Hunter,Priest+Hunter,Paladin+Hunter,6,team1,kill,71.23
Priest+Hunter_vs_Paladin+Hunter,Priest+Hunter,Paladin+Hunter,7,team2,kill,56.45
Priest+Hunter_vs_Paladin+Hunter,Priest+Hunter,Paladin+Hunter,8,team2,kill,64.02
Priest+Hunter_vs_Paladin+Hunter,Priest+Hunter,Paladin+Hunter,9,team2,kill,49.52
Priest+Hunter_vs_Hunter+Shaman,Priest+Hunter,Hunter+Shaman,0,team2,kill,48.88
Priest+Hunter_vs_Hunter+Shaman,Priest+Hunter,Hunter+Shaman,1,team2,kill,54.48
Priest+Hunter_vs_Hunter+Shaman,Priest+Hunter,Hunter+Shaman,2,team2,kill,44.05
Priest+Hunter_vs_Hunter+Shaman,Priest+Hunter,Hunter+Shaman,3,team1,kill,54.20
Priest+Hunter_vs_Hunter+Shaman,Priest+Hunter,Hunter+Shaman,4,team1,kill,46.95
Priest+Hunter_vs_Hunter+Shaman,Priest+Hunter,Hunter+Shaman,5,team2,kill,50.22
Priest+Hunter_vs_Hunter+Shaman,Priest+Hunter,Hunter+Shaman,6,team1,kill,43.53
Priest+Hunter_vs_Hunter+Shaman,Priest+Hunter,Hunter+Shaman,7,team2,kill,47.37
Priest+Hunter_vs_Hunter+Shaman,Priest+Hunter,Hunter+Shaman,8,team2,kill,52.13
Priest+Hunter_vs_Hunter+Shaman,Priest+Hunter,Hunter+Shaman,9,team2,kill,44.70
Warlock+Paladin_vs_Warrior+Mage,Warlock+Paladin,Warrior+Mage,0,team1,kill,41.57
Warlock+Paladin_vs_Warrior+Mage,Warlock+Paladin,Warrior+Mage,1,team2,kill,39.98
Warlock+Paladin_vs_Warrior+Mage,Warlock+Paladin,Warrior+Mage,2,team1,kill,40.83
Warlock+Paladin_vs_Warrior+Mage,Warlock+Paladin,Warrior+Mage,3,team1,kill,37.45
Warlock+Paladin_vs_Warrior+Mage,Warlock+Paladin,Warrior+Mage,4,team1,kill,29.68
Warlock+Paladin_vs_Warrior+Mage,Warlock+Paladin,Warrior+Mage,5,team1,kill,36.27
Warlock+Paladin_vs_Warrior+Mage,Warlock+Paladin,Warrior+Mage,6,team1,kill,36.83
Warlock+Paladin_vs_Warrior+Mage,Warlock+Paladin,Warrior+Mage,7,team1,kill,35.05
Warlock+Paladin_vs_Warrior+Mage,Warlock+Paladin,Warrior+Mage,8,team1,kill,36.63
Warlock+Paladin_vs_Warrior+Mage,Warlock+Paladin,Warrior+Mage,9,team1,kill,38.28
Warlock+Paladin_vs_Warrior+Rogue,Warlock+Paladin,Warrior+Rogue,0,team1,kill,47.65
Warlock+Paladin_vs_Warrior+Rogue,Warlock+Paladin,Warrior+Rogue,1,team1,kill,62.08
Warlock+Paladin_vs_Warrior+Rogue,Warlock+Paladin,Warrior+Rogue,2,team1,kill,61.33
Warlock+Paladin_vs_Warrior+Rogue,Warlock+Paladin,Warrior+Rogue,3,team2,kill,63.05
Warlock+Paladin_vs_Warrior+Rogue,Warlock+Paladin,Warrior+Rogue,4,team1,kill,60.50
Warlock+Paladin_vs_Warrior+Rogue,Warlock+Paladin,Warrior+Rogue,5,team2,kill,54.23
Warlock+Paladin_vs_Warrior+Rogue,Warlock+Paladin,Warrior+Rogue,6,team2,kill,55.52
Warlock+Paladin_vs_Warrior+Rogue,Warlock+Paladin,Warrior+Rogue,7,team1,kill,60.28
Warlock+Paladin_vs_Warrior+Rogue,Warlock+Paladin,Warrior+Rogue,8,team1,kill,34.73
Warlock+Paladin_vs_Warrior+Rogue,Warlock+Paladin,Warrior+Rogue,9,team2,kill,44.23
Warlock+Paladin_vs_Warrior+Priest,Warlock+Paladin,Warrior+Priest,0,team2,kill,51.77
Warlock+Paladin_vs_Warrior+Priest,Warlock+Paladin,Warrior+Priest,1,team2,kill,75.17
Warlock+Paladin_vs_Warrior+Priest,Warlock+Paladin,Warrior+Priest,2,team2,kill,144.31
Warlock+Paladin_vs_Warrior+Priest,Warlock+Paladin,Warrior+Priest,3,team2,kill,65.35
Warlock+Paladin_vs_Warrior+Priest,Warlock+Paladin,Warrior+Priest,4,team2,kill,145.29
Warlock+Paladin_vs_Warrior+Priest,Warlock+Paladin,Warrior+Priest,5,team2,kill,63.87
Warlock+Paladin_vs_Warrior+Priest,Warlock+Paladin,Warrior+Priest,6,team2,kill,146.79
Warlock+Paladin_vs_Warrior+Priest,Warlock+Paladin,Warrior+Priest,7,team2,kill,58.55
Warlock+Paladin_vs_Warrior+Priest,Warlock+Paladin,Warrior+Priest,8,team1,kill,60.73
Warlock+Paladin_vs_Warrior+Priest,Warlock+Paladin,Warrior+Priest,9,team2,kill,123.51
Warlock+Paladin_vs_Warrior+Warlock,Warlock+Paladin,Warrior+Warlock,0,team1,kill,35.03
Warlock+Paladin_vs_Warrior+Warlock,Warlock+Paladin,Warrior+Warlock,1,team1,kill,36.58
Warlock+Paladin_vs_Warrior+Warlock,Warlock+Paladin,Warrior+Warlock,2,team1,kill,32.03
Warlock+Paladin_vs_Warrior+Warlock,Warlock+Paladin,Warrior+Warlock,3,team1,kill,45.33
Warlock+Paladin_vs_Warrior+Warlock,Warlock+Paladin,Warrior+Warlock,4,team1,kill,48.87
Warlock+Paladin_vs_Warrior+Warlock,Warlock+Paladin,Warrior+Warlock,5,team1,kill,42.58
Warlock+Paladin_vs_Warrior+Warlock,Warlock+Paladin,Warrior+Warlock,6,team1,kill,50.20
Warlock+Paladin_vs_Warrior+Warlock,Warlock+Paladin,Warrior+Warlock,7,team1,kill,37.67
Warlock+Paladin_vs_Warrior+Warlock,Warlock+Paladin,Warrior+Warlock,8,team1,kill,61.57
Warlock+Paladin_vs_Warrior+Warlock,Warlock+Paladin,Warrior+Warlock,9,team1,kill,45.83
Warlock+Paladin_vs_Warrior+Paladin,Warlock+Paladin,Warrior+Paladin,0,team2,kill,61.37
Warlock+Paladin_vs_Warrior+Paladin,Warlock+Paladin,Warrior+Paladin,1,team2,kill,59.25
Warlock+Paladin_vs_Warrior+Paladin,Warlock+Paladin,Warrior+Paladin,2,team2,kill,62.72
Warlock+Paladin_vs_Warrior+Paladin,Warlock+Paladin,Warrior+Paladin,3,team1,kill,95.66
Warlock+Paladin_vs_Warrior+Paladin,Warlock+Paladin,Warrior+Paladin,4,team2,kill,53.10
Warlock+Paladin_vs_Warrior+Paladin,Warlock+Paladin,Warrior+Paladin,5,team2,kill,54.60
Warlock+Paladin_vs_Warrior+Paladin,Warlock+Paladin,Warrior+Paladin,6,team1,kill,89.85
Warlock+Paladin_vs_Warrior+Paladin,Warlock+Paladin,Warrior+Paladin,7,team1,kill,116.64
Warlock+Paladin_vs_Warrior+Paladin,Warlock+Paladin,Warrior+Paladin,8,team2,kill,61.78
Warlock+Paladin_vs_Warrior+Paladin,Warlock+Paladin,Warrior+Paladin,9,team1,kill,92.46
Warlock+Paladin_vs_Warrior+Hunter,Warlock+Paladin,Warrior+Hunter,0,team1,kill,39.25
Warlock+Paladin_vs_Warrior+Hunter,Warlock+Paladin,Warrior+Hunter,1,team1,kill,31.17
Warlock+Paladin_vs_Warrior+Hunter,Warlock+Paladin,Warrior+Hunter,2,team1,kill,50.75
Warlock+Paladin_vs_Warrior+Hunter,Warlock+Paladin,Warrior+Hunter,3,team1,kill,51.27
Warlock+Paladin_vs_Warrior+Hunter,Warlock+Paladin,Warrior+Hunter,4,team1,kill,29.90
Warlock+Paladin_vs_Warrior+Hunter,Warlock+Paladin,Warrior+Hunter,5,team1,kill,76.19
Warlock+Paladin_vs_Warrior+Hunter,Warlock+Paladin,Warrior+Hunter,6,team1,kill,34.55
Warlock+Paladin_vs_Warrior+Hunter,Warlock+Paladin,Warrior+Hunter,7,team1,kill,37.88
Warlock+Paladin_vs_Warrior+Hunter,Warlock+Paladin,Warrior+Hunter,8,team1,kill,45.20
Warlock+Paladin_vs_Warrior+Hunter,Warlock+Paladin,Warrior+Hunter,9,team1,kill,34.73
Warlock+Paladin_vs_Warrior+Shaman,Warlock+Paladin,Warrior+Shaman,0,team1,kill,223.02
Warlock+Paladin_vs_Warrior+Shaman,Warlock+Paladin,Warrior+Shaman,1,team2,kill,46.07
Warlock+Paladin_vs_Warrior+Shaman,Warlock+Paladin,Warrior+Shaman,2,team2,kill,58.33
Warlock+Paladin_vs_Warrior+Shaman,Warlock+Paladin,Warrior+Shaman,3,team2,kill,53.70
Warlock+Paladin_vs_Warrior+Shaman,Warlock+Paladin,Warrior+Shaman,4,team2,kill,50.35
Warlock+Paladin_vs_Warrior+Shaman,Warlock+Paladin,Warrior+Shaman,5,team1,kill,126.05
Warlock+Paladin_vs_Warrior+Shaman,Warlock+Paladin,Warrior+Shaman,6,team2,kill,50.50
Warlock+Paladin_vs_Warrior+Shaman,Warlock+Paladin,Warrior+Shaman,7,team2,kill,62.58
Warlock+Paladin_vs_Warrior+Shaman,Warlock+Paladin,Warrior+Shaman,8,team2,kill,57.40
Warlock+Paladin_vs_Warrior+Shaman,Warlock+Paladin,Warrior+Shaman,9,team2,kill,55.23
Warlock+Paladin_vs_Mage+Rogue,Warlock+Paladin,Mage+Rogue,0,team2,kill,28.32
Warlock+Paladin_vs_Mage+Rogue,Warlock+Paladin,Mage+Rogue,1,team2,kill,54.85
Warlock+Paladin_vs_Mage+Rogue,Warlock+Paladin,Mage+Rogue,2,team2,kill,29.23
Warlock+Paladin_vs_Mage+Rogue,Warlock+Paladin,Mage+Rogue,3,team2,kill,29.15
Warlock+Paladin_vs_Mage+Rogue,Warlock+Paladin,Mage+Rogue,4,team2,kill,33.25
Warlock+Paladin_vs_Mage+Rogue,Warlock+Paladin,Mage+Rogue,5,team2,kill,29.62
Warlock+Paladin_vs_Mage+Rogue,Warlock+Paladin,Mage+Rogue,6,team2,kill,29.68
Warlock+Paladin_vs_Mage+Rogue,Warlock+Paladin,Mage+Rogue,7,team2,kill,28.58
Warlock+Paladin_vs_Mage+Rogue,Warlock+Paladin,Mage+Rogue,8,team2,kill,26.87
Warlock+Paladin_vs_Mage+Rogue,Warlock+Paladin,Mage+Rogue,9,team2,kill,30.33
Warlock+Paladin_vs_Mage+Priest,Warlock+Paladin,Mage+Priest,0,team1,kill,38.22
Warlock+Paladin_vs_Mage+Priest,Warlock+Paladin,Mage+Priest,1,team1,kill,82.65
Warlock+Paladin_vs_Mage+Priest,Warlock+Paladin,Mage+Priest,2,team1,kill,74.50
Warlock+Paladin_vs_Mage+Priest,Warlock+Paladin,Mage+Priest,3,team1,kill,83.94
Warlock+Paladin_vs_Mage+Priest,Warlock+Paladin,Mage+Priest,4,team2,kill,35.28
Warlock+Paladin_vs_Mage+Priest,Warlock+Paladin,Mage+Priest,5,team1,kill,76.40
Warlock+Paladin_vs_Mage+Priest,Warlock+Paladin,Mage+Priest,6,team2,kill,55.27
Warlock+Paladin_vs_Mage+Priest,Warlock+Paladin,Mage+Priest,7,team2,kill,64.83
Warlock+Paladin_vs_Mage+Priest,Warlock+Paladin,Mage+Priest,8,team2,kill,48.28
Warlock+Paladin_vs_Mage+Priest,Warlock+Paladin,Mage+Priest,9,team2,kill,74.75
Warlock+Paladin_vs_Mage+Warlock,Warlock+Paladin,Mage+Warlock,0,team2,kill,41.25
Warlock+Paladin_vs_Mage+Warlock,Warlock+Paladin,Mage+Warlock,1,team2,kill,43.92
Warlock+Paladin_vs_Mage+Warlock,Warlock+Paladin,Mage+Warlock,2,team2,kill,40.88
Warlock+Paladin_vs_Mage+Warlock,Warlock+Paladin,Mage+Warlock,3,team2,kill,40.82
Warlock+Paladin_vs_Mage+Warlock,Warlock+Paladin,Mage+Warlock,4,team2,kill,40.45
Warlock+Paladin_vs_Mage+Warlock,Warlock+Paladin,Mage+Warlock,5,team2,kill,46.40
Warlock+Paladin_vs_Mage+Warlock,Warlock+Paladin,Mage+Warlock,6,team2,kill,48.30
Warlock+Paladin_vs_Mage+Warlock,Warlock+Paladin,Mage+Warlock,7,team2,kill,39.93
Warlock+Paladin_vs_Mage+Warlock,Warlock+Paladin,Mage+Warlock,8,team2,kill,42.08
Warlock+Paladin_vs_Mage+Warlock,Warlock+Paladin,Mage+Warlock,9,team2,kill,46.72
Warlock+Paladin_vs_Mage+Paladin,Warlock+Paladin,Mage+Paladin,0,team1,kill,126.73
Warlock+Paladin_vs_Mage+Paladin,Warlock+Paladin,Mage+Paladin,1,team1,kill,96.76
Warlock+Paladin_vs_Mage+Paladin,Warlock+Paladin,Mage+Paladin,2,team1,kill,109.01
Warlock+Paladin_vs_Mage+Paladin,Warlock+Paladin,Mage+Paladin,3,team1,kill,162.99
Warlock+Paladin_vs_Mage+Paladin,Warlock+Paladin,Mage+Paladin,4,team2,kill,36.38
Warlock+Paladin_vs_Mage+Paladin,Warlock+Paladin,Mage+Paladin,5,team1,kill,129.66
Warlock+Paladin_vs_Mage+Paladin,Warlock+Paladin,Mage+Paladin,6,team1,kill,170.17
Warlock+Paladin_vs_Mage+Paladin,Warlock+Paladin,Mage+Paladin,7,team2,kill,115.13
Warlock+Paladin_vs_Mage+Paladin,Warlock+Paladin,Mage+Paladin,8,team1,kill,110.23
Warlock+Paladin_vs_Mage+Paladin,Warlock+Paladin,Mage+Paladin,9,team1,kill,100.82
Warlock+Paladin_vs_Mage+Hunter,Warlock+Paladin,Mage+Hunter,0,team1,kill,34.92
Warlock+Paladin_vs_Mage+Hunter,Warlock+Paladin,Mage+Hunter,1,team1,kill,70.50
Warlock+Paladin_vs_Mage+Hunter,Warlock+Paladin,Mage+Hunter,2,team1,kill,34.92
Warlock+Paladin_vs_Mage+Hunter,Warlock+Paladin,Mage+Hunter,3,team1,kill,34.47
Warlock+Paladin_vs_Mage+Hunter,Warlock+Paladin,Mage+Hunter,4,team1,kill,34.92
Warlock+Paladin_vs_Mage+Hunter,Warlock+Paladin,Mage+Hunter,5,team1,kill,34.92
Warlock+Paladin_vs_Mage+Hunter,Warlock+Paladin,Mage+Hunter,6,team1,kill,36.28
Warlock+Paladin_vs_Mage+Hunter,Warlock+Paladin,Mage+Hunter,7,team1,kill,34.92
Warlock+Paladin_vs_Mage+Hunter,Warlock+Paladin,Mage+Hunter,8,team1,kill,38.72
Warlock+Paladin_vs_Mage+Hunter,Warlock+Paladin,Mage+Hunter,9,team1,kill,34.47
Warlock+Paladin_vs_Mage+Shaman,Warlock+Paladin,Mage+Shaman,0,team2,kill,31.30
Warlock+Paladin_vs_Mage+Shaman,Warlock+Paladin,Mage+Shaman,1,team2,kill,35.68
Warlock+Paladin_vs_Mage+Shaman,Warlock+Paladin,Mage+Shaman,2,team2,kill,31.87
Warlock+Paladin_vs_Mage+Shaman,Warlock+Paladin,Mage+Shaman,3,team2,kill,55.05
Warlock+Paladin_vs_Mage+Shaman,Warlock+Paladin,Mage+Shaman,4,team2,kill,30.18
Warlock+Paladin_vs_Mage+Shaman,Warlock+Paladin,Mage+Shaman,5,team1,kill,54.53
Warlock+Paladin_vs_Mage+Shaman,Warlock+Paladin,Mage+Shaman,6,team1,kill,76.75
Warlock+Paladin_vs_Mage+Shaman,Warlock+Paladin,Mage+Shaman,7,team1,kill,31.63
Warlock+Paladin_vs_Mage+Shaman,Warlock+Paladin,Mage+Shaman,8,team1,kill,60.98
Warlock+Paladin_vs_Mage+Shaman,Warlock+Paladin,Mage+Shaman,9,team2,kill,34.57
Warlock+Paladin_vs_Rogue+Priest,Warlock+Paladin,Rogue+Priest,0,team2,kill,66.60
Warlock+Paladin_vs_Rogue+Priest,Warlock+Paladin,Rogue+Priest,1,team2,kill,66.37
Warlock+Paladin_vs_Rogue+Priest,Warlock+Paladin,Rogue+Priest,2,team2,kill,69.70
Warlock+Paladin_vs_Rogue+Priest,Warlock+Paladin,Rogue+Priest,3,team2,kill,66.50
Warlock+Paladin_vs_Rogue+Priest,Warlock+Paladin,Rogue+Priest,4,team2,kill,68.12
Warlock+Paladin_vs_Rogue+Priest,Warlock+Paladin,Rogue+Priest,5,team2,kill,70.27
Warlock+Paladin_vs_Rogue+Priest,Warlock+Paladin,Rogue+Priest,6,team2,kill,62.83
Warlock+Paladin_vs_Rogue+Priest,Warlock+Paladin,Rogue+Priest,7,team2,kill,64.88
Warlock+Paladin_vs_Rogue+Priest,Warlock+Paladin,Rogue+Priest,8,team2,kill,68.12
Warlock+Paladin_vs_Rogue+Priest,Warlock+Paladin,Rogue+Priest,9,team2,kill,68.18
Warlock+Paladin_vs_Rogue+Warlock,Warlock+Paladin,Rogue+Warlock,0,team1,kill,50.18
Warlock+Paladin_vs_Rogue+Warlock,Warlock+Paladin,Rogue+Warlock,1,team2,kill,52.92
Warlock+Paladin_vs_Rogue+Warlock,Warlock+Paladin,Rogue+Warlock,2,team1,kill,49.23
Warlock+Paladin_vs_Rogue+Warlock,Warlock+Paladin,Rogue+Warlock,3,team2,kill,62.18
Warlock+Paladin_vs_Rogue+Warlock,Warlock+Paladin,Rogue+Warlock,4,team2,kill,57.30
Warlock+Paladin_vs_Rogue+Warlock,Warlock+Paladin,Rogue+Warlock,5,team1,kill,52.93
Warlock+Paladin_vs_Rogue+Warlock,Warlock+Paladin,Rogue+Warlock,6,team2,kill,50.58
Warlock+Paladin_vs_Rogue+Warlock,Warlock+Paladin,Rogue+Warlock,7,team2,kill,62.00
Warlock+Paladin_vs_Rogue+Warlock,Warlock+Paladin,Rogue+Warlock,8,team2,kill,55.25
Warlock+Paladin_vs_Rogue+Warlock,Warlock+Paladin,Rogue+Warlock,9,team1,kill,49.23
Warlock+Paladin_vs_Rogue+Paladin,Warlock+Paladin,Rogue+Paladin,0,team2,kill,69.03
Warlock+Paladin_vs_Rogue+Paladin,Warlock+Paladin,Rogue+Paladin,1,team2,kill,70.08
Warlock+Paladin_vs_Rogue+Paladin,Warlock+Paladin,Rogue+Paladin,2,team1,kill,129.30
Warlock+Paladin_vs_Rogue+Paladin,Warlock+Paladin,Rogue+Paladin,3,team2,kill,59.97
Warlock+Paladin_vs_Rogue+Paladin,Warlock+Paladin,Rogue+Paladin,4,team2,kill,65.35
Warlock+Paladin_vs_Rogue+Paladin,Warlock+Paladin,Rogue+Paladin,5,team2,kill,76.59
Warlock+Paladin_vs_Rogue+Paladin,Warlock+Paladin,Rogue+Paladin,6,team2,kill,67.52
Warlock+Paladin_vs_Rogue+Paladin,Warlock+Paladin,Rogue+Paladin,7,team2,kill,76.42
Warlock+Paladin_vs_Rogue+Paladin,Warlock+Paladin,Rogue+Paladin,8,team2,kill,81.62
Warlock+Paladin_vs_Rogue+Paladin,Warlock+Paladin,Rogue+Paladin,9,team2,kill,62.45
Warlock+Paladin_vs_Rogue+Hunter,Warlock+Paladin,Rogue+Hunter,0,team1,kill,35.82
Warlock+Paladin_vs_Rogue+Hunter,Warlock+Paladin,Rogue+Hunter,1,team1,kill,43.95
Warlock+Paladin_vs_Rogue+Hunter,Warlock+Paladin,Rogue+Hunter,2,team1,kill,37.58
Warlock+Paladin_vs_Rogue+Hunter,Warlock+Paladin,Rogue+Hunter,3,team1,kill,43.25
Warlock+Paladin_vs_Rogue+Hunter,Warlock+Paladin,Rogue+Hunter,4,team1,kill,41.92
Warlock+Paladin_vs_Rogue+Hunter,Warlock+Paladin,Rogue+Hunter,5,team1,kill,42.22
Warlock+Paladin_vs_Rogue+Hunter,Warlock+Paladin,Rogue+Hunter,6,team1,kill,45.93
Warlock+Paladin_vs_Rogue+Hunter,Warlock+Paladin,Rogue+Hunter,7,team1,kill,42.05
Warlock+Paladin_vs_Rogue+Hunter,Warlock+Paladin,Rogue+Hunter,8,team1,kill,36.67
Warlock+Paladin_vs_Rogue+Hunter,Warlock+Paladin,Rogue+Hunter,9,team1,kill,39.77
Warlock+Paladin_vs_Rogue+Shaman,Warlock+Paladin,Rogue+Shaman,0,team2,kill,66.60
Warlock+Paladin_vs_Rogue+Shaman,Warlock+Paladin,Rogue+Shaman,1,team2,kill,63.03
Warlock+Paladin_vs_Rogue+Shaman,Warlock+Paladin,Rogue+Shaman,2,team2,kill,62.05
Warlock+Paladin_vs_Rogue+Shaman,Warlock+Paladin,Rogue+Shaman,3,team2,kill,58.55
Warlock+Paladin_vs_Rogue+Shaman,Warlock+Paladin,Rogue+Shaman,4,team2,kill,61.25
Warlock+Paladin_vs_Rogue+Shaman,Warlock+Paladin,Rogue+Shaman,5,team2,kill,61.47
Warlock+Paladin_vs_Rogue+Shaman,Warlock+Paladin,Rogue+Shaman,6,team2,kill,59.35
Warlock+Paladin_vs_Rogue+Shaman,Warlock+Paladin,Rogue+Shaman,7,team2,kill,60.67
Warlock+Paladin_vs_Rogue+Shaman,Warlock+Paladin,Rogue+Shaman,8,team2,kill,64.57
Warlock+Paladin_vs_Rogue+Shaman,Warlock+Paladin,Rogue+Shaman,9,team2,kill,47.83
Warlock+Paladin_vs_Priest+Warlock,Warlock+Paladin,Priest+Warlock,0,team1,kill,68.87
Warlock+Paladin_vs_Priest+Warlock,Warlock+Paladin,Priest+Warlock,1,team2,kill,83.99
Warlock+Paladin_vs_Priest+Warlock,Warlock+Paladin,Priest+Warlock,2,team1,kill,56.12
Warlock+Paladin_vs_Priest+Warlock,Warlock+Paladin,Priest+Warlock,3,team1,kill,84.04
Warlock+Paladin_vs_Priest+Warlock,Warlock+Paladin,Priest+Warlock,4,team1,kill,114.56
Warlock+Paladin_vs_Priest+Warlock,Warlock+Paladin,Priest+Warlock,5,team2,kill,88.62
Warlock+Paladin_vs_Priest+Warlock,Warlock+Paladin,Priest+Warlock,6,team2,kill,127.96
Warlock+Paladin_vs_Priest+Warlock,Warlock+Paladin,Priest+Warlock,7,team1,kill,53.83
Warlock+Paladin_vs_Priest+Warlock,Warlock+Paladin,Priest+Warlock,8,team1,kill,57.23
Warlock+Paladin_vs_Priest+Warlock,Warlock+Paladin,Priest+Warlock,9,team2,kill,71.87
Warlock+Paladin_vs_Priest+Hunter,Warlock+Paladin,Priest+Hunter,0,team1,kill,59.22
Warlock+Paladin_vs_Priest+Hunter,Warlock+Paladin,Priest+Hunter,1,team1,kill,59.27
Warlock+Paladin_vs_Priest+Hunter,Warlock+Paladin,Priest+Hunter,2,team1,kill,56.25
Warlock+Paladin_vs_Priest+Hunter,Warlock+Paladin,Priest+Hunter,3,team1,kill,55.22
Warlock+Paladin_vs_Priest+Hunter,Warlock+Paladin,Priest+Hunter,4,team1,kill,67.55
Warlock+Paladin_vs_Priest+Hunter,Warlock+Paladin,Priest+Hunter,5,team1,kill,71.58
Warlock+Paladin_vs_Priest+Hunter,Warlock+Paladin,Priest+Hunter,6,team1,kill,63.97
Warlock+Paladin_vs_Priest+Hunter,Warlock+Paladin,Priest+Hunter,7,team1,kill,42.28
Warlock+Paladin_vs_Priest+Hunter,Warlock+Paladin,Priest+Hunter,8,team1,kill,55.22
Warlock+Paladin_vs_Priest+Hunter,Warlock+Paladin,Priest+Hunter,9,team1,kill,60.03
Warlock+Paladin_vs_Warlock+Paladin,Warlock+Paladin,Warlock+Paladin,0,team2,kill,107.74
Warlock+Paladin_vs_Warlock+Paladin,Warlock+Paladin,Warlock+Paladin,1,team2,kill,131.78
Warlock+Paladin_vs_Warlock+Paladin,Warlock+Paladin,Warlock+Paladin,2,team1,kill,75.69
Warlock+Paladin_vs_Warlock+Paladin,Warlock+Paladin,Warlock+Paladin,3,team1,kill,150.67
Warlock+Paladin_vs_Warlock+Paladin,Warlock+Paladin,Warlock+Paladin,4,team1,kill,144.06
Warlock+Paladin_vs_Warlock+Paladin,Warlock+Paladin,Warlock+Paladin,5,team1,kill,77.82
Warlock+Paladin_vs_Warlock+Paladin,Warlock+Paladin,Warlock+Paladin,6,team2,kill,157.21
Warlock+Paladin_vs_Warlock+Paladin,Warlock+Paladin,Warlock+Paladin,7,team1,kill,165.09
Warlock+Paladin_vs_Warlock+Paladin,Warlock+Paladin,Warlock+Paladin,8,team2,kill,127.31
Warlock+Paladin_vs_Warlock+Paladin,Warlock+Paladin,Warlock+Paladin,9,team1,kill,92.82
Warlock+Paladin_vs_Warlock+Hunter,Warlock+Paladin,Warlock+Hunter,0,team1,kill,48.97
Warlock+Paladin_vs_Warlock+Hunter,Warlock+Paladin,Warlock+Hunter,1,team1,kill,60.83
Warlock+Paladin_vs_Warlock+Hunter,Warlock+Paladin,Warlock+Hunter,2,team1,kill,66.87
Warlock+Paladin_vs_Warlock+Hunter,Warlock+Paladin,Warlock+Hunter,3,team1,kill,81.77
Warlock+Paladin_vs_Warlock+Hunter,Warlock+Paladin,Warlock+Hunter,4,team1,kill,66.75
Warlock+Paladin_vs_Warlock+Hunter,Warlock+Paladin,Warlock+Hunter,5,team1,kill,57.78
Warlock+Paladin_vs_Warlock+Hunter,Warlock+Paladin,Warlock+Hunter,6,team1,kill,64.40
Warlock+Paladin_vs_Warlock+Hunter,Warlock+Paladin,Warlock+Hunter,7,team1,kill,44.92
Warlock+Paladin_vs_Warlock+Hunter,Warlock+Paladin,Warlock+Hunter,8,team1,kill,45.42
Warlock+Paladin_vs_Warlock+Hunter,Warlock+Paladin,Warlock+Hunter,9,team2,kill,51.97
Warlock+Paladin_vs_Warlock+Shaman,Warlock+Paladin,Warlock+Shaman,0,team1,kill,52.90
Warlock+Paladin_vs_Warlock+Shaman,Warlock+Paladin,Warlock+Shaman,1,team1,kill,82.49
Warlock+Paladin_vs_Warlock+Shaman,Warlock+Paladin,Warlock+Shaman,2,team2,kill,40.95
Warlock+Paladin_vs_Warlock+Shaman,Warlock+Paladin,Warlock+Shaman,3,team2,kill,73.95
Warlock+Paladin_vs_Warlock+Shaman,Warlock+Paladin,Warlock+Shaman,4,team2,kill,47.05
Warlock+Paladin_vs_Warlock+Shaman,Warlock+Paladin,Warlock+Shaman,5,team1,kill,142.79
Warlock+Paladin_vs_Warlock+Shaman,Warlock+Paladin,Warlock+Shaman,6,team1,kill,60.87
Warlock+Paladin_vs_Warlock+Shaman,Warlock+Paladin,Warlock+Shaman,7,team2,kill,75.48
Warlock+Paladin_vs_Warlock+Shaman,Warlock+Paladin,Warlock+Shaman,8,team1,kill,70.42
Warlock+Paladin_vs_Warlock+Shaman,Warlock+Paladin,Warlock+Shaman,9,team1,kill,76.85
Warlock+Paladin_vs_Paladin+Hunter,Warlock+Paladin,Paladin+Hunter,0,team2,kill,158.97
Warlock+Paladin_vs_Paladin+Hunter,Warlock+Paladin,Paladin+Hunter,1,team1,kill,103.11
Warlock+Paladin_vs_Paladin+Hunter,Warlock+Paladin,Paladin+Hunter,2,team2,kill,143.69
Warlock+Paladin_vs_Paladin+Hunter,Warlock+Paladin,Paladin+Hunter,3,team1,kill,92.29
Warlock+Paladin_vs_Paladin+Hunter,Warlock+Paladin,Paladin+Hunter,4,team1,kill,150.36
Warlock+Paladin_vs_Paladin+Hunter,Warlock+Paladin,Paladin+Hunter,5,team1,kill,83.25
Warlock+Paladin_vs_Paladin+Hunter,Warlock+Paladin,Paladin+Hunter,6,team1,kill,106.09
Warlock+Paladin_vs_Paladin+Hunter,Warlock+Paladin,Paladin+Hunter,7,team1,kill,80.22
Warlock+Paladin_vs_Paladin+Hunter,Warlock+Paladin,Paladin+Hunter,8,team1,kill,104.06
Warlock+Paladin_vs_Paladin+Hunter,Warlock+Paladin,Paladin+Hunter,9,team2,kill,144.48
Warlock+Paladin_vs_Hunter+Shaman,Warlock+Paladin,Hunter+Shaman,0,team1,kill,42.98
Warlock+Paladin_vs_Hunter+Shaman,Warlock+Paladin,Hunter+Shaman,1,team1,kill,46.05
Warlock+Paladin_vs_Hunter+Shaman,Warlock+Paladin,Hunter+Shaman,2,team1,kill,44.40
Warlock+Paladin_vs_Hunter+Shaman,Warlock+Paladin,Hunter+Shaman,3,team1,kill,56.13
Warlock+Paladin_vs_Hunter+Shaman,Warlock+Paladin,Hunter+Shaman,4,team1,kill,42.98
Warlock+Paladin_vs_Hunter+Shaman,Warlock+Paladin,Hunter+Shaman,5,team1,kill,58.77
Warlock+Paladin_vs_Hunter+Shaman,Warlock+Paladin,Hunter+Shaman,6,team1,kill,54.25
Warlock+Paladin_vs_Hunter+Shaman,Warlock+Paladin,Hunter+Shaman,7,team1,kill,42.98
Warlock+Paladin_vs_Hunter+Shaman,Warlock+Paladin,Hunter+Shaman,8,team1,kill,42.98
Warlock+Paladin_vs_Hunter+Shaman,Warlock+Paladin,Hunter+Shaman,9,team1,kill,41.13
Warlock+Hunter_vs_Warrior+Mage,Warlock+Hunter,Warrior+Mage,0,team2,kill,34.57
Warlock+Hunter_vs_Warrior+Mage,Warlock+Hunter,Warrior+Mage,1,team2,kill,19.97
Warlock+Hunter_vs_Warrior+Mage,Warlock+Hunter,Warrior+Mage,2,team2,kill,19.67
Warlock+Hunter_vs_Warrior+Mage,Warlock+Hunter,Warrior+Mage,3,team2,kill,21.37
Warlock+Hunter_vs_Warrior+Mage,Warlock+Hunter,Warrior+Mage,4,team2,kill,24.17
Warlock+Hunter_vs_Warrior+Mage,Warlock+Hunter,Warrior+Mage,5,team2,kill,22.98
Warlock+Hunter_vs_Warrior+Mage,Warlock+Hunter,Warrior+Mage,6,team2,kill,22.15
Warlock+Hunter_vs_Warrior+Mage,Warlock+Hunter,Warrior+Mage,7,team2,kill,20.58
Warlock+Hunter_vs_Warrior+Mage,Warlock+Hunter,Warrior+Mage,8,team2,kill,21.12
Warlock+Hunter_vs_Warrior+Mage,Warlock+Hunter,Warrior+Mage,9,team2,kill,30.05
Warlock+Hunter_vs_Warrior+Rogue,Warlock+Hunter,Warrior+Rogue,0,team1,kill,20.65
Warlock+Hunter_vs_Warrior+Rogue,Warlock+Hunter,Warrior+Rogue,1,team1,kill,20.92
Warlock+Hunter_vs_Warrior+Rogue,Warlock+Hunter,Warrior+Rogue,2,team1,kill,20.63
Warlock+Hunter_vs_Warrior+Rogue,Warlock+Hunter,Warrior+Rogue,3,team1,kill,20.68
Warlock+Hunter_vs_Warrior+Rogue,Warlock+Hunter,Warrior+Rogue,4,team1,kill,20.75
Warlock+Hunter_vs_Warrior+Rogue,Warlock+Hunter,Warrior+Rogue,5,team1,kill,20.63
Warlock+Hunter_vs_Warrior+Rogue,Warlock+Hunter,Warrior+Rogue,6,team1,kill,21.18
Warlock+Hunter_vs_Warrior+Rogue,Warlock+Hunter,Warrior+Rogue,7,team1,kill,20.53
Warlock+Hunter_vs_Warrior+Rogue,Warlock+Hunter,Warrior+Rogue,8,team1,kill,21.15
Warlock+Hunter_vs_Warrior+Rogue,Warlock+Hunter,Warrior+Rogue,9,team1,kill,21.25
Warlock+Hunter_vs_Warrior+Priest,Warlock+Hunter,Warrior+Priest,0,team2,kill,43.55
Warlock+Hunter_vs_Warrior+Priest,Warlock+Hunter,Warrior+Priest,1,team2,kill,29.20
Warlock+Hunter_vs_Warrior+Priest,Warlock+Hunter,Warrior+Priest,2,team2,kill,25.95
Warlock+Hunter_vs_Warrior+Priest,Warlock+Hunter,Warrior+Priest,3,team2,kill,30.73
Warlock+Hunter_vs_Warrior+Priest,Warlock+Hunter,Warrior+Priest,4,team2,kill,29.20
Warlock+Hunter_vs_Warrior+Priest,Warlock+Hunter,Warrior+Priest,5,team2,kill,41.33
Warlock+Hunter_vs_Warrior+Priest,Warlock+Hunter,Warrior+Priest,6,team2,kill,43.55
Warlock+Hunter_vs_Warrior+Priest,Warlock+Hunter,Warrior+Priest,7,team2,kill,44.12
Warlock+Hunter_vs_Warrior+Priest,Warlock+Hunter,Warrior+Priest,8,team2,kill,25.57
Warlock+Hunter_vs_Warrior+Priest,Warlock+Hunter,Warrior+Priest,9,team2,kill,25.38
Warlock+Hunter_vs_Warrior+Warlock,Warlock+Hunter,Warrior+Warlock,0,team1,kill,24.18
Warlock+Hunter_vs_Warrior+Warlock,Warlock+Hunter,Warrior+Warlock,1,team1,kill,22.28
Warlock+Hunter_vs_Warrior+Warlock,Warlock+Hunter,Warrior+Warlock,2,team1,kill,26.22
Warlock+Hunter_vs_Warrior+Warlock,Warlock+Hunter,Warrior+Warlock,3,team1,kill,26.82
Warlock+Hunter_vs_Warrior+Warlock,Warlock+Hunter,Warrior+Warlock,4,team1,kill,26.92
Warlock+Hunter_vs_Warrior+Warlock,Warlock+Hunter,Warrior+Warlock,5,team2,kill,25.97
Warlock+Hunter_vs_Warrior+Warlock,Warlock+Hunter,Warrior+Warlock,6,team2,kill,25.02
Warlock+Hunter_vs_Warrior+Warlock,Warlock+Hunter,Warrior+Warlock,7,team1,kill,25.30
Warlock+Hunter_vs_Warrior+Warlock,Warlock+Hunter,Warrior+Warlock,8,team1,kill,26.78
Warlock+Hunter_vs_Warrior+Warlock,Warlock+Hunter,Warrior+Warlock,9,team1,kill,24.37
Warlock+Hunter_vs_Warrior+Paladin,Warlock+Hunter,Warrior+Paladin,0,team2,kill,41.53
Warlock+Hunter_vs_Warrior+Paladin,Warlock+Hunter,Warrior+Paladin,1,team2,kill,31.25
Warlock+Hunter_vs_Warrior+Paladin,Warlock+Hunter,Warrior+Paladin,2,team2,kill,30.47
Warlock+Hunter_vs_Warrior+Paladin,Warlock+Hunter,Warrior+Paladin,3,team2,kill,34.13
Warlock+Hunter_vs_Warrior+Paladin,Warlock+Hunter,Warrior+Paladin,4,team2,kill,37.48
Warlock+Hunter_vs_Warrior+Paladin,Warlock+Hunter,Warrior+Paladin,5,team2,kill,30.60
Warlock+Hunter_vs_Warrior+Paladin,Warlock+Hunter,Warrior+Paladin,6,team2,kill,43.87
Warlock+Hunter_vs_Warrior+Paladin,Warlock+Hunter,Warrior+Paladin,7,team2,kill,27.70
Warlock+Hunter_vs_Warrior+Paladin,Warlock+Hunter,Warrior+Paladin,8,team2,kill,51.17
Warlock+Hunter_vs_Warrior+Paladin,Warlock+Hunter,Warrior+Paladin,9,team2,kill,44.08
Warlock+Hunter_vs_Warrior+Hunter,Warlock+Hunter,Warrior+Hunter,0,team2,kill,23.90
Warlock+Hunter_vs_Warrior+Hunter,Warlock+Hunter,Warrior+Hunter,1,team2,kill,19.97
Warlock+Hunter_vs_Warrior+Hunter,Warlock+Hunter,Warrior+Hunter,2,team1,kill,20.43
Warlock+Hunter_vs_Warrior+Hunter,Warlock+Hunter,Warrior+Hunter,3,team2,kill,22.40
Warlock+Hunter_vs_Warrior+Hunter,Warlock+Hunter,Warrior+Hunter,4,team2,kill,21.47
Warlock+Hunter_vs_Warrior+Hunter,Warlock+Hunter,Warrior+Hunter,5,team2,kill,23.37
Warlock+Hunter_vs_Warrior+Hunter,Warlock+Hunter,Warrior+Hunter,6,team1,kill,19.45
Warlock+Hunter_vs_Warrior+Hunter,Warlock+Hunter,Warrior+Hunter,7,team2,kill,22.25
Warlock+Hunter_vs_Warrior+Hunter,Warlock+Hunter,Warrior+Hunter,8,team2,kill,20.57
Warlock+Hunter_vs_Warrior+Hunter,Warlock+Hunter,Warrior+Hunter,9,team1,kill,24.22
Warlock+Hunter_vs_Warrior+Shaman,Warlock+Hunter,Warrior+Shaman,0,team2,kill,29.87
Warlock+Hunter_vs_Warrior+Shaman,Warlock+Hunter,Warrior+Shaman,1,team2,kill,39.18
Warlock+Hunter_vs_Warrior+Shaman,Warlock+Hunter,Warrior+Shaman,2,team2,kill,28.63
Warlock+Hunter_vs_Warrior+Shaman,Warlock+Hunter,Warrior+Shaman,3,team2,kill,30.80
Warlock+Hunter_vs_Warrior+Shaman,Warlock+Hunter,Warrior+Shaman,4,team2,kill,30.82
Warlock+Hunter_vs_Warrior+Shaman,Warlock+Hunter,Warrior+Shaman,5,team2,kill,30.82
Warlock+Hunter_vs_Warrior+Shaman,Warlock+Hunter,Warrior+Shaman,6,team2,kill,38.72
Warlock+Hunter_vs_Warrior+Shaman,Warlock+Hunter,Warrior+Shaman,7,team2,kill,32.15
Warlock+Hunter_vs_Warrior+Shaman,Warlock+Hunter,Warrior+Shaman,8,team2,kill,37.67
Warlock+Hunter_vs_Warrior+Shaman,Warlock+Hunter,Warrior+Shaman,9,team2,kill,28.75
Warlock+Hunter_vs_Mage+Rogue,Warlock+Hunter,Mage+Rogue,0,team1,kill,29.42
Warlock+Hunter_vs_Mage+Rogue,Warlock+Hunter,Mage+Rogue,1,team1,kill,36.55
Warlock+Hunter_vs_Mage+Rogue,Warlock+Hunter,Mage+Rogue,2,team1,kill,35.65
Warlock+Hunter_vs_Mage+Rogue,Warlock+Hunter,Mage+Rogue,3,team1,kill,36.98
Warlock+Hunter_vs_Mage+Rogue,Warlock+Hunter,Mage+Rogue,4,team1,kill,36.53
Warlock+Hunter_vs_Mage+Rogue,Warlock+Hunter,Mage+Rogue,5,team1,kill,36.98
Warlock+Hunter_vs_Mage+Rogue,Warlock+Hunter,Mage+Rogue,6,team1,kill,36.03
Warlock+Hunter_vs_Mage+Rogue,Warlock+Hunter,Mage+Rogue,7,team1,kill,36.53
Warlock+Hunter_vs_Mage+Rogue,Warlock+Hunter,Mage+Rogue,8,team1,kill,36.53
Warlock+Hunter_vs_Mage+Rogue,Warlock+Hunter,Mage+Rogue,9,team1,kill,36.55
Warlock+Hunter_vs_Mage+Priest,Warlock+Hunter,Mage+Priest,0,team2,kill,24.22
Warlock+Hunter_vs_Mage+Priest,Warlock+Hunter,Mage+Priest,1,team2,kill,24.23
Warlock+Hunter_vs_Mage+Priest,Warlock+Hunter,Mage+Priest,2,team2,kill,24.53
Warlock+Hunter_vs_Mage+Priest,Warlock+Hunter,Mage+Priest,3,team2,kill,24.27
Warlock+Hunter_vs_Mage+Priest,Warlock+Hunter,Mage+Priest,4,team2,kill,24.32
Warlock+Hunter_vs_Mage+Priest,Warlock+Hunter,Mage+Priest,5,team2,kill,24.30
Warlock+Hunter_vs_Mage+Priest,Warlock+Hunter,Mage+Priest,6,team2,kill,24.32
Warlock+Hunter_vs_Mage+Priest,Warlock+Hunter,Mage+Priest,7,team2,kill,22.63
Warlock+Hunter_vs_Mage+Priest,Warlock+Hunter,Mage+Priest,8,team2,kill,21.28
Warlock+Hunter_vs_Mage+Priest,Warlock+Hunter,Mage+Priest,9,team2,kill,24.27
Warlock+Hunter_vs_Mage+Warlock,Warlock+Hunter,Mage+Warlock,0,team2,kill,20.00
Warlock+Hunter_vs_Mage+Warlock,Warlock+Hunter,Mage+Warlock,1,team1,kill,19.65
Warlock+Hunter_vs_Mage+Warlock,Warlock+Hunter,Mage+Warlock,2,team1,kill,21.03
Warlock+Hunter_vs_Mage+Warlock,Warlock+Hunter,Mage+Warlock,3,team2,kill,18.48
Warlock+Hunter_vs_Mage+Warlock,Warlock+Hunter,Mage+Warlock,4,team2,kill,18.48
Warlock+Hunter_vs_Mage+Warlock,Warlock+Hunter,Mage+Warlock,5,team1,kill,21.03
Warlock+Hunter_vs_Mage+Warlock,Warlock+Hunter,Mage+Warlock,6,team1,kill,20.62
Warlock+Hunter_vs_Mage+Warlock,Warlock+Hunter,Mage+Warlock,7,team1,kill,18.35
Warlock+Hunter_vs_Mage+Warlock,Warlock+Hunter,Mage+Warlock,8,team2,kill,20.00
Warlock+Hunter_vs_Mage+Warlock,Warlock+Hunter,Mage+Warlock,9,team2,kill,20.00
Warlock+Hunter_vs_Mage+Paladin,Warlock+Hunter,Mage+Paladin,0,team2,kill,22.33
Warlock+Hunter_vs_Mage+Paladin,Warlock+Hunter,Mage+Paladin,1,team2,kill,30.23
Warlock+Hunter_vs_Mage+Paladin,Warlock+Hunter,Mage+Paladin,2,team2,kill,25.27
Warlock+Hunter_vs_Mage+Paladin,Warlock+Hunter,Mage+Paladin,3,team2,kill,25.15
Warlock+Hunter_vs_Mage+Paladin,Warlock+Hunter,Mage+Paladin,4,team2,kill,26.48
Warlock+Hunter_vs_Mage+Paladin,Warlock+Hunter,Mage+Paladin,5,team2,kill,28.68
Warlock+Hunter_vs_Mage+Paladin,Warlock+Hunter,Mage+Paladin,6,team2,kill,26.08
Warlock+Hunter_vs_Mage+Paladin,Warlock+Hunter,Mage+Paladin,7,team2,kill,22.22
Warlock+Hunter_vs_Mage+Paladin,Warlock+Hunter,Mage+Paladin,8,team2,kill,30.03
Warlock+Hunter_vs_Mage+Paladin,Warlock+Hunter,Mage+Paladin,9,team2,kill,28.40
Warlock+Hunter_vs_Mage+Hunter,Warlock+Hunter,Mage+Hunter,0,team2,kill,16.15
Warlock+Hunter_vs_Mage+Hunter,Warlock+Hunter,Mage+Hunter,1,team2,kill,19.18
Warlock+Hunter_vs_Mage+Hunter,Warlock+Hunter,Mage+Hunter,2,team2,kill,16.30
Warlock+Hunter_vs_Mage+Hunter,Warlock+Hunter,Mage+Hunter,3,team2,kill,16.28
Warlock+Hunter_vs_Mage+Hunter,Warlock+Hunter,Mage+Hunter,4,team2,kill,16.30
Warlock+Hunter_vs_Mage+Hunter,Warlock+Hunter,Mage+Hunter,5,team2,kill,15.60
Warlock+Hunter_vs_Mage+Hunter,Warlock+Hunter,Mage+Hunter,6,team2,kill,16.28
Warlock+Hunter_vs_Mage+Hunter,Warlock+Hunter,Mage+Hunter,7,team2,kill,14.87
Warlock+Hunter_vs_Mage+Hunter,Warlock+Hunter,Mage+Hunter,8,team2,kill,16.30
Warlock+Hunter_vs_Mage+Hunter,Warlock+Hunter,Mage+Hunter,9,team2,kill,16.30
Warlock+Hunter_vs_Mage+Shaman,Warlock+Hunter,Mage+Shaman,0,team2,kill,20.12
Warlock+Hunter_vs_Mage+Shaman,Warlock+Hunter,Mage+Shaman,1,team2,kill,18.18
Warlock+Hunter_vs_Mage+Shaman,Warlock+Hunter,Mage+Shaman,2,team2,kill,18.22
Warlock+Hunter_vs_Mage+Shaman,Warlock+Hunter,Mage+Shaman,3,team2,kill,13.17
Warlock+Hunter_vs_Mage+Shaman,Warlock+Hunter,Mage+Shaman,4,team2,kill,13.05
Warlock+Hunter_vs_Mage+Shaman,Warlock+Hunter,Mage+Shaman,5,team2,kill,20.02
Warlock+Hunter_vs_Mage+Shaman,Warlock+Hunter,Mage+Shaman,6,team2,kill,13.17
Warlock+Hunter_vs_Mage+Shaman,Warlock+Hunter,Mage+Shaman,7,team2,kill,18.47
Warlock+Hunter_vs_Mage+Shaman,Warlock+Hunter,Mage+Shaman,8,team2,kill,18.22
Warlock+Hunter_vs_Mage+Shaman,Warlock+Hunter,Mage+Shaman,9,team2,kill,13.17
Warlock+Hunter_vs_Rogue+Priest,Warlock+Hunter,Rogue+Priest,0,team2,kill,32.73
Warlock+Hunter_vs_Rogue+Priest,Warlock+Hunter,Rogue+Priest,1,team2,kill,30.90
Warlock+Hunter_vs_Rogue+Priest,Warlock+Hunter,Rogue+Priest,2,team2,kill,33.57
Warlock+Hunter_vs_Rogue+Priest,Warlock+Hunter,Rogue+Priest,3,team2,kill,33.63
Warlock+Hunter_vs_Rogue+Priest,Warlock+Hunter,Rogue+Priest,4,team2,kill,55.12
Warlock+Hunter_vs_Rogue+Priest,Warlock+Hunter,Rogue+Priest,5,team2,kill,34.23
Warlock+Hunter_vs_Rogue+Priest,Warlock+Hunter,Rogue+Priest,6,team2,kill,64.70
Warlock+Hunter_vs_Rogue+Priest,Warlock+Hunter,Rogue+Priest,7,team2,kill,32.63
Warlock+Hunter_vs_Rogue+Priest,Warlock+Hunter,Rogue+Priest,8,team2,kill,32.62
Warlock+Hunter_vs_Rogue+Priest,Warlock+Hunter,Rogue+Priest,9,team2,kill,59.10
Warlock+Hunter_vs_Rogue+Warlock,Warlock+Hunter,Rogue+Warlock,0,team1,kill,21.30
Warlock+Hunter_vs_Rogue+Warlock,Warlock+Hunter,Rogue+Warlock,1,team1,kill,22.68
Warlock+Hunter_vs_Rogue+Warlock,Warlock+Hunter,Rogue+Warlock,2,team1,kill,22.78
Warlock+Hunter_vs_Rogue+Warlock,Warlock+Hunter,Rogue+Warlock,3,team1,kill,23.07
Warlock+Hunter_vs_Rogue+Warlock,Warlock+Hunter,Rogue+Warlock,4,team1,kill,23.07
Warlock+Hunter_vs_Rogue+Warlock,Warlock+Hunter,Rogue+Warlock,5,team1,kill,21.07
Warlock+Hunter_vs_Rogue+Warlock,Warlock+Hunter,Rogue+Warlock,6,team1,kill,23.07
Warlock+Hunter_vs_Rogue+Warlock,Warlock+Hunter,Rogue+Warlock,7,team1,kill,22.28
Warlock+Hunter_vs_Rogue+Warlock,Warlock+Hunter,Rogue+Warlock,8,team1,kill,22.15
Warlock+Hunter_vs_Rogue+Warlock,Warlock+Hunter,Rogue+Warlock,9,team1,kill,21.83
Warlock+Hunter_vs_Rogue+Paladin,Warlock+Hunter,Rogue+Paladin,0,team2,kill,47.55
Warlock+Hunter_vs_Rogue+Paladin,Warlock+Hunter,Rogue+Paladin,1,team2,kill,48.67
Warlock+Hunter_vs_Rogue+Paladin,Warlock+Hunter,Rogue+Paladin,2,team2,kill,56.58
Warlock+Hunter_vs_Rogue+Paladin,Warlock+Hunter,Rogue+Paladin,3,team2,kill,37.18
Warlock+Hunter_vs_Rogue+Paladin,Warlock+Hunter,Rogue+Paladin,4,team2,kill,42.58
Warlock+Hunter_vs_Rogue+Paladin,Warlock+Hunter,Rogue+Paladin,5,team2,kill,47.13
Warlock+Hunter_vs_Rogue+Paladin,Warlock+Hunter,Rogue+Paladin,6,team2,kill,43.72
Warlock+Hunter_vs_Rogue+Paladin,Warlock+Hunter,Rogue+Paladin,7,team2,kill,31.32
Warlock+Hunter_vs_Rogue+Paladin,Warlock+Hunter,Rogue+Paladin,8,team2,kill,46.75
Warlock+Hunter_vs_Rogue+Paladin,Warlock+Hunter,Rogue+Paladin,9,team2,kill,34.35
Warlock+Hunter_vs_Rogue+Hunter,Warlock+Hunter,Rogue+Hunter,0,team1,kill,20.32
Warlock+Hunter_vs_Rogue+Hunter,Warlock+Hunter,Rogue+Hunter,1,team1,kill,20.43
Warlock+Hunter_vs_Rogue+Hunter,Warlock+Hunter,Rogue+Hunter,2,team1,kill,19.92
Warlock+Hunter_vs_Rogue+Hunter,Warlock+Hunter,Rogue+Hunter,3,team2,kill,29.70
Warlock+Hunter_vs_Rogue+Hunter,Warlock+Hunter,Rogue+Hunter,4,team1,kill,20.43
Warlock+Hunter_vs_Rogue+Hunter,Warlock+Hunter,Rogue+Hunter,5,team1,kill,19.92
Warlock+Hunter_vs_Rogue+Hunter,Warlock+Hunter,Rogue+Hunter,6,team1,kill,18.55
Warlock+Hunter_vs_Rogue+Hunter,Warlock+Hunter,Rogue+Hunter,7,team1,kill,20.25
Warlock+Hunter_vs_Rogue+Hunter,Warlock+Hunter,Rogue+Hunter,8,team1,kill,19.92
Warlock+Hunter_vs_Rogue+Hunter,Warlock+Hunter,Rogue+Hunter,9,team1,kill,20.25
Warlock+Hunter_vs_Rogue+Shaman,Warlock+Hunter,Rogue+Shaman,0,team1,kill,37.08
Warlock+Hunter_vs_Rogue+Shaman,Warlock+Hunter,Rogue+Shaman,1,team2,kill,46.92
Warlock+Hunter_vs_Rogue+Shaman,Warlock+Hunter,Rogue+Shaman,2,team2,kill,44.85
Warlock+Hunter_vs_Rogue+Shaman,Warlock+Hunter,Rogue+Shaman,3,team2,kill,61.98
Warlock+Hunter_vs_Rogue+Shaman,Warlock+Hunter,Rogue+Shaman,4,team1,kill,34.88
Warlock+Hunter_vs_Rogue+Shaman,Warlock+Hunter,Rogue+Shaman,5,team2,kill,48.68
Warlock+Hunter_vs_Rogue+Shaman,Warlock+Hunter,Rogue+Shaman,6,team2,kill,49.02
Warlock+Hunter_vs_Rogue+Shaman,Warlock+Hunter,Rogue+Shaman,7,team2,kill,65.50
Warlock+Hunter_vs_Rogue+Shaman,Warlock+Hunter,Rogue+Shaman,8,team2,kill,50.37
Warlock+Hunter_vs_Rogue+Shaman,Warlock+Hunter,Rogue+Shaman,9,team1,kill,52.65
Warlock+Hunter_vs_Priest+Warlock,Warlock+Hunter,Priest+Warlock,0,team2,kill,37.17
Warlock+Hunter_vs_Priest+Warlock,Warlock+Hunter,Priest+Warlock,1,team2,kill,37.40
Warlock+Hunter_vs_Priest+Warlock,Warlock+Hunter,Priest+Warlock,2,team1,kill,45.67
Warlock+Hunter_vs_Priest+Warlock,Warlock+Hunter,Priest+Warlock,3,team2,kill,38.15
Warlock+Hunter_vs_Priest+Warlock,Warlock+Hunter,Priest+Warlock,4,team2,kill,32.80
Warlock+Hunter_vs_Priest+Warlock,Warlock+Hunter,Priest+Warlock,5,team1,kill,51.05
Warlock+Hunter_vs_Priest+Warlock,Warlock+Hunter,Priest+Warlock,6,team1,kill,28.45
Warlock+Hunter_vs_Priest+Warlock,Warlock+Hunter,Priest+Warlock,7,team1,kill,25.87
Warlock+Hunter_vs_Priest+Warlock,Warlock+Hunter,Priest+Warlock,8,team2,kill,37.77
Warlock+Hunter_vs_Priest+Warlock,Warlock+Hunter,Priest+Warlock,9,team2,kill,38.05
Warlock+Hunter_vs_Priest+Hunter,Warlock+Hunter,Priest+Hunter,0,team2,kill,35.05
Warlock+Hunter_vs_Priest+Hunter,Warlock+Hunter,Priest+Hunter,1,team2,kill,31.92
Warlock+Hunter_vs_Priest+Hunter,Warlock+Hunter,Priest+Hunter,2,team2,kill,32.40
Warlock+Hunter_vs_Priest+Hunter,Warlock+Hunter,Priest+Hunter,3,team2,kill,31.48
Warlock+Hunter_vs_Priest+Hunter,Warlock+Hunter,Priest+Hunter,4,team2,kill,33.92
Warlock+Hunter_vs_Priest+Hunter,Warlock+Hunter,Priest+Hunter,5,team2,kill,30.45
Warlock+Hunter_vs_Priest+Hunter,Warlock+Hunter,Priest+Hunter,6,team1,kill,26.90
Warlock+Hunter_vs_Priest+Hunter,Warlock+Hunter,Priest+Hunter,7,team2,kill,32.15
Warlock+Hunter_vs_Priest+Hunter,Warlock+Hunter,Priest+Hunter,8,team2,kill,32.53
Warlock+Hunter_vs_Priest+Hunter,Warlock+Hunter,Priest+Hunter,9,team1,kill,26.67
Warlock+Hunter_vs_Warlock+Paladin,Warlock+Hunter,Warlock+Paladin,0,team2,kill,36.95
Warlock+Hunter_vs_Warlock+Paladin,Warlock+Hunter,Warlock+Paladin,1,team2,kill,64.90
Warlock+Hunter_vs_Warlock+Paladin,Warlock+Hunter,Warlock+Paladin,2,team2,kill,53.85
Warlock+Hunter_vs_Warlock+Paladin,Warlock+Hunter,Warlock+Paladin,3,team2,kill,64.17
Warlock+Hunter_vs_Warlock+Paladin,Warlock+Hunter,Warlock+Paladin,4,team2,kill,64.93
Warlock+Hunter_vs_Warlock+Paladin,Warlock+Hunter,Warlock+Paladin,5,team2,kill,56.90
Warlock+Hunter_vs_Warlock+Paladin,Warlock+Hunter,Warlock+Paladin,6,team2,kill,61.17
Warlock+Hunter_vs_Warlock+Paladin,Warlock+Hunter,Warlock+Paladin,7,team2,kill,49.48
Warlock+Hunter_vs_Warlock+Paladin,Warlock+Hunter,Warlock+Paladin,8,team2,kill,38.95
Warlock+Hunter_vs_Warlock+Paladin,Warlock+Hunter,Warlock+Paladin,9,team2,kill,65.78
Warlock+Hunter_vs_Warlock+Hunter,Warlock+Hunter,Warlock+Hunter,0,team1,kill,20.25
Warlock+Hunter_vs_Warlock+Hunter,Warlock+Hunter,Warlock+Hunter,1,team2,kill,18.07
Warlock+Hunter_vs_Warlock+Hunter,Warlock+Hunter,Warlock+Hunter,2,team1,kill,19.82
Warlock+Hunter_vs_Warlock+Hunter,Warlock+Hunter,Warlock+Hunter,3,team2,kill,20.25
Warlock+Hunter_vs_Warlock+Hunter,Warlock+Hunter,Warlock+Hunter,4,team2,kill,19.48
Warlock+Hunter_vs_Warlock+Hunter,Warlock+Hunter,Warlock+Hunter,5,draw,kill,20.25
Warlock+Hunter_vs_Warlock+Hunter,Warlock+Hunter,Warlock+Hunter,6,team1,kill,18.07
Warlock+Hunter_vs_Warlock+Hunter,Warlock+Hunter,Warlock+Hunter,7,team1,kill,19.65
Warlock+Hunter_vs_Warlock+Hunter,Warlock+Hunter,Warlock+Hunter,8,team2,kill,20.25
Warlock+Hunter_vs_Warlock+Hunter,Warlock+Hunter,Warlock+Hunter,9,draw,kill,23.60
Warlock+Hunter_vs_Warlock+Shaman,Warlock+Hunter,Warlock+Shaman,0,team2,kill,21.32
Warlock+Hunter_vs_Warlock+Shaman,Warlock+Hunter,Warlock+Shaman,1,team2,kill,23.58
Warlock+Hunter_vs_Warlock+Shaman,Warlock+Hunter,Warlock+Shaman,2,team2,kill,23.17
Warlock+Hunter_vs_Warlock+Shaman,Warlock+Hunter,Warlock+Shaman,3,team2,kill,22.45
Warlock+Hunter_vs_Warlock+Shaman,Warlock+Hunter,Warlock+Shaman,4,team2,kill,21.58
Warlock+Hunter_vs_Warlock+Shaman,Warlock+Hunter,Warlock+Shaman,5,team2,kill,22.30
Warlock+Hunter_vs_Warlock+Shaman,Warlock+Hunter,Warlock+Shaman,6,team2,kill,22.30
Warlock+Hunter_vs_Warlock+Shaman,Warlock+Hunter,Warlock+Shaman,7,team2,kill,24.33
Warlock+Hunter_vs_Warlock+Shaman,Warlock+Hunter,Warlock+Shaman,8,team2,kill,23.15
Warlock+Hunter_vs_Warlock+Shaman,Warlock+Hunter,Warlock+Shaman,9,team2,kill,23.12
Warlock+Hunter_vs_Paladin+Hunter,Warlock+Hunter,Paladin+Hunter,0,team2,kill,31.87
Warlock+Hunter_vs_Paladin+Hunter,Warlock+Hunter,Paladin+Hunter,1,team1,kill,45.30
Warlock+Hunter_vs_Paladin+Hunter,Warlock+Hunter,Paladin+Hunter,2,team2,kill,34.63
Warlock+Hunter_vs_Paladin+Hunter,Warlock+Hunter,Paladin+Hunter,3,team1,kill,50.40
Warlock+Hunter_vs_Paladin+Hunter,Warlock+Hunter,Paladin+Hunter,4,team2,kill,44.35
Warlock+Hunter_vs_Paladin+Hunter,Warlock+Hunter,Paladin+Hunter,5,team2,kill,37.77
Warlock+Hunter_vs_Paladin+Hunter,Warlock+Hunter,Paladin+Hunter,6,team1,kill,40.77
Warlock+Hunter_vs_Paladin+Hunter,Warlock+Hunter,Paladin+Hunter,7,team2,kill,65.02
Warlock+Hunter_vs_Paladin+Hunter,Warlock+Hunter,Paladin+Hunter,8,team1,kill,55.85
Warlock+Hunter_vs_Paladin+Hunter,Warlock+Hunter,Paladin+Hunter,9,team1,kill,52.82
Warlock+Hunter_vs_Hunter+Shaman,Warlock+Hunter,Hunter+Shaman,0,team1,kill,42.25
Warlock+Hunter_vs_Hunter+Shaman,Warlock+Hunter,Hunter+Shaman,1,team1,kill,30.48
Warlock+Hunter_vs_Hunter+Shaman,Warlock+Hunter,Hunter+Shaman,2,team1,kill,32.07
Warlock+Hunter_vs_Hunter+Shaman,Warlock+Hunter,Hunter+Shaman,3,team1,kill,44.35
Warlock+Hunter_vs_Hunter+Shaman,Warlock+Hunter,Hunter+Shaman,4,team2,kill,18.12
Warlock+Hunter_vs_Hunter+Shaman,Warlock+Hunter,Hunter+Shaman,5,team1,kill,22.87
Warlock+Hunter_vs_Hunter+Shaman,Warlock+Hunter,Hunter+Shaman,6,team1,kill,40.32
Warlock+Hunter_vs_Hunter+Shaman,Warlock+Hunter,Hunter+Shaman,7,team1,kill,44.33
Warlock+Hunter_vs_Hunter+Shaman,Warlock+Hunter,Hunter+Shaman,8,team1,kill,42.53
Warlock+Hunter_vs_Hunter+Shaman,Warlock+Hunter,Hunter+Shaman,9,team1,kill,21.62
Warlock+Shaman_vs_Warrior+Mage,Warlock+Shaman,Warrior+Mage,0,team2,kill,25.50
Warlock+Shaman_vs_Warrior+Mage,Warlock+Shaman,Warrior+Mage,1,team2,kill,20.95
Warlock+Shaman_vs_Warrior+Mage,Warlock+Shaman,Warrior+Mage,2,team1,kill,24.62
Warlock+Shaman_vs_Warrior+Mage,Warlock+Shaman,Warrior+Mage,3,team1,kill,24.17
Warlock+Shaman_vs_Warrior+Mage,Warlock+Shaman,Warrior+Mage,4,team1,kill,26.08
Warlock+Shaman_vs_Warrior+Mage,Warlock+Shaman,Warrior+Mage,5,team1,kill,23.60
Warlock+Shaman_vs_Warrior+Mage,Warlock+Shaman,Warrior+Mage,6,team1,kill,24.62
Warlock+Shaman_vs_Warrior+Mage,Warlock+Shaman,Warrior+Mage,7,team1,kill,26.62
Warlock+Shaman_vs_Warrior+Mage,Warlock+Shaman,Warrior+Mage,8,team2,kill,23.98
Warlock+Shaman_vs_Warrior+Mage,Warlock+Shaman,Warrior+Mage,9,team1,kill,26.62
Warlock+Shaman_vs_Warrior+Rogue,Warlock+Shaman,Warrior+Rogue,0,team2,kill,25.32
Warlock+Shaman_vs_Warrior+Rogue,Warlock+Shaman,Warrior+Rogue,1,team1,kill,41.40
Warlock+Shaman_vs_Warrior+Rogue,Warlock+Shaman,Warrior+Rogue,2,team2,kill,16.07
Warlock+Shaman_vs_Warrior+Rogue,Warlock+Shaman,Warrior+Rogue,3,team2,kill,17.48
Warlock+Shaman_vs_Warrior+Rogue,Warlock+Shaman,Warrior+Rogue,4,team2,kill,23.55
Warlock+Shaman_vs_Warrior+Rogue,Warlock+Shaman,Warrior+Rogue,5,team1,kill,24.90
Warlock+Shaman_vs_Warrior+Rogue,Warlock+Shaman,Warrior+Rogue,6,team2,kill,16.07
Warlock+Shaman_vs_Warrior+Rogue,Warlock+Shaman,Warrior+Rogue,7,team2,kill,23.32
Warlock+Shaman_vs_Warrior+Rogue,Warlock+Shaman,Warrior+Rogue,8,team1,kill,27.68
Warlock+Shaman_vs_Warrior+Rogue,Warlock+Shaman,Warrior+Rogue,9,team2,kill,14.65
Warlock+Shaman_vs_Warrior+Priest,Warlock+Shaman,Warrior+Priest,0,team2,kill,41.78
Warlock+Shaman_vs_Warrior+Priest,Warlock+Shaman,Warrior+Priest,1,team1,kill,26.12
Warlock+Shaman_vs_Warrior+Priest,Warlock+Shaman,Warrior+Priest,2,team1,kill,31.05
Warlock+Shaman_vs_Warrior+Priest,Warlock+Shaman,Warrior+Priest,3,team1,kill,18.27
Warlock+Shaman_vs_Warrior+Priest,Warlock+Shaman,Warrior+Priest,4,team1,kill,31.90
Warlock+Shaman_vs_Warrior+Priest,Warlock+Shaman,Warrior+Priest,5,team1,kill,30.87
Warlock+Shaman_vs_Warrior+Priest,Warlock+Shaman,Warrior+Priest,6,team1,kill,41.07
Warlock+Shaman_vs_Warrior+Priest,Warlock+Shaman,Warrior+Priest,7,team2,kill,35.95
Warlock+Shaman_vs_Warrior+Priest,Warlock+Shaman,Warrior+Priest,8,team1,kill,70.95
Warlock+Shaman_vs_Warrior+Priest,Warlock+Shaman,Warrior+Priest,9,team2,kill,44.72
Warlock+Shaman_vs_Warrior+Warlock,Warlock+Shaman,Warrior+Warlock,0,team2,kill,29.37
Warlock+Shaman_vs_Warrior+Warlock,Warlock+Shaman,Warrior+Warlock,1,team2,kill,24.47
Warlock+Shaman_vs_Warrior+Warlock,Warlock+Shaman,Warrior+Warlock,2,team2,kill,25.85
Warlock+Shaman_vs_Warrior+Warlock,Warlock+Shaman,Warrior+Warlock,3,team1,kill,28.42
Warlock+Shaman_vs_Warrior+Warlock,Warlock+Shaman,Warrior+Warlock,4,team2,kill,25.55
Warlock+Shaman_vs_Warrior+Warlock,Warlock+Shaman,Warrior+Warlock,5,team2,kill,22.92
Warlock+Shaman_vs_Warrior+Warlock,Warlock+Shaman,Warrior+Warlock,6,team1,kill,21.93
Warlock+Shaman_vs_Warrior+Warlock,Warlock+Shaman,Warrior+Warlock,7,team2,kill,27.47
Warlock+Shaman_vs_Warrior+Warlock,Warlock+Shaman,Warrior+Warlock,8,team2,kill,26.92
Warlock+Shaman_vs_Warrior+Warlock,Warlock+Shaman,Warrior+Warlock,9,team1,kill,24.15
Warlock+Shaman_vs_Warrior+Paladin,Warlock+Shaman,Warrior+Paladin,0,team2,kill,32.15
Warlock+Shaman_vs_Warrior+Paladin,Warlock+Shaman,Warrior+Paladin,1,team2,kill,35.97
Warlock+Shaman_vs_Warrior+Paladin,Warlock+Shaman,Warrior+Paladin,2,team1,kill,74.42
Warlock+Shaman_vs_Warrior+Paladin,Warlock+Shaman,Warrior+Paladin,3,team2,kill,126.91
Warlock+Shaman_vs_Warrior+Paladin,Warlock+Shaman,Warrior+Paladin,4,team2,kill,29.87
Warlock+Shaman_vs_Warrior+Paladin,Warlock+Shaman,Warrior+Paladin,5,team2,kill,189.91
Warlock+Shaman_vs_Warrior+Paladin,Warlock+Shaman,Warrior+Paladin,6,team2,kill,181.80
Warlock+Shaman_vs_Warrior+Paladin,Warlock+Shaman,Warrior+Paladin,7,team1,kill,76.49
Warlock+Shaman_vs_Warrior+Paladin,Warlock+Shaman,Warrior+Paladin,8,team2,kill,137.13
Warlock+Shaman_vs_Warrior+Paladin,Warlock+Shaman,Warrior+Paladin,9,team1,kill,56.68
Warlock+Shaman_vs_Warrior+Hunter,Warlock+Shaman,Warrior+Hunter,0,team1,kill,19.45
Warlock+Shaman_vs_Warrior+Hunter,Warlock+Shaman,Warrior+Hunter,1,team1,kill,19.45
Warlock+Shaman_vs_Warrior+Hunter,Warlock+Shaman,Warrior+Hunter,2,team1,kill,17.75
Warlock+Shaman_vs_Warrior+Hunter,Warlock+Shaman,Warrior+Hunter,3,team1,kill,19.67
Warlock+Shaman_vs_Warrior+Hunter,Warlock+Shaman,Warrior+Hunter,4,team1,kill,19.25
Warlock+Shaman_vs_Warrior+Hunter,Warlock+Shaman,Warrior+Hunter,5,team1,kill,19.25
Warlock+Shaman_vs_Warrior+Hunter,Warlock+Shaman,Warrior+Hunter,6,team1,kill,19.15
Warlock+Shaman_vs_Warrior+Hunter,Warlock+Shaman,Warrior+Hunter,7,team1,kill,19.15
Warlock+Shaman_vs_Warrior+Hunter,Warlock+Shaman,Warrior+Hunter,8,team1,kill,19.60
Warlock+Shaman_vs_Warrior+Hunter,Warlock+Shaman,Warrior+Hunter,9,team1,kill,17.75
Warlock+Shaman_vs_Warrior+Shaman,Warlock+Shaman,Warrior+Shaman,0,team2,kill,47.22
Warlock+Shaman_vs_Warrior+Shaman,Warlock+Shaman,Warrior+Shaman,1,team1,kill,52.27
Warlock+Shaman_vs_Warrior+Shaman,Warlock+Shaman,Warrior+Shaman,2,team2,kill,30.48
Warlock+Shaman_vs_Warrior+Shaman,Warlock+Shaman,Warrior+Shaman,3,team1,kill,52.95
Warlock+Shaman_vs_Warrior+Shaman,Warlock+Shaman,Warrior+Shaman,4,team2,kill,39.67
Warlock+Shaman_vs_Warrior+Shaman,Warlock+Shaman,Warrior+Shaman,5,team2,kill,34.08
Warlock+Shaman_vs_Warrior+Shaman,Warlock+Shaman,Warrior+Shaman,6,team2,kill,24.45
Warlock+Shaman_vs_Warrior+Shaman,Warlock+Shaman,Warrior+Shaman,7,team2,kill,28.02
Warlock+Shaman_vs_Warrior+Shaman,Warlock+Shaman,Warrior+Shaman,8,team2,kill,35.08
Warlock+Shaman_vs_Warrior+Shaman,Warlock+Shaman,Warrior+Shaman,9,team2,kill,47.22
Warlock+Shaman_vs_Mage+Rogue,Warlock+Shaman,Mage+Rogue,0,team2,kill,27.02
Warlock+Shaman_vs_Mage+Rogue,Warlock+Shaman,Mage+Rogue,1,team2,kill,25.63
Warlock+Shaman_vs_Mage+Rogue,Warlock+Shaman,Mage+Rogue,2,team2,kill,21.72
Warlock+Shaman_vs_Mage+Rogue,Warlock+Shaman,Mage+Rogue,3,team2,kill,23.65
Warlock+Shaman_vs_Mage+Rogue,Warlock+Shaman,Mage+Rogue,4,team2,kill,23.87
Warlock+Shaman_vs_Mage+Rogue,Warlock+Shaman,Mage+Rogue,5,team2,kill,25.53
Warlock+Shaman_vs_Mage+Rogue,Warlock+Shaman,Mage+Rogue,6,team2,kill,21.82
Warlock+Shaman_vs_Mage+Rogue,Warlock+Shaman,Mage+Rogue,7,team2,kill,22.98
Warlock+Shaman_vs_Mage+Rogue,Warlock+Shaman,Mage+Rogue,8,team2,kill,23.67
Warlock+Shaman_vs_Mage+Rogue,Warlock+Shaman,Mage+Rogue,9,team2,kill,25.43
Warlock+Shaman_vs_Mage+Priest,Warlock+Shaman,Mage+Priest,0,team2,kill,38.63
Warlock+Shaman_vs_Mage+Priest,Warlock+Shaman,Mage+Priest,1,team2,kill,32.37
Warlock+Shaman_vs_Mage+Priest,Warlock+Shaman,Mage+Priest,2,team2,kill,17.70
Warlock+Shaman_vs_Mage+Priest,Warlock+Shaman,Mage+Priest,3,team2,kill,22.55
Warlock+Shaman_vs_Mage+Priest,Warlock+Shaman,Mage+Priest,4,team2,kill,31.18
Warlock+Shaman_vs_Mage+Priest,Warlock+Shaman,Mage+Priest,5,team2,kill,30.45
Warlock+Shaman_vs_Mage+Priest,Warlock+Shaman,Mage+Priest,6,team2,kill,65.82
Warlock+Shaman_vs_Mage+Priest,Warlock+Shaman,Mage+Priest,7,team2,kill,22.83
Warlock+Shaman_vs_Mage+Priest,Warlock+Shaman,Mage+Priest,8,team2,kill,31.55
Warlock+Shaman_vs_Mage+Priest,Warlock+Shaman,Mage+Priest,9,team2,kill,48.07
Warlock+Shaman_vs_Mage+Warlock,Warlock+Shaman,Mage+Warlock,0,team2,kill,24.53
Warlock+Shaman_vs_Mage+Warlock,Warlock+Shaman,Mage+Warlock,1,team2,kill,24.60
Warlock+Shaman_vs_Mage+Warlock,Warlock+Shaman,Mage+Warlock,2,team2,kill,21.72
Warlock+Shaman_vs_Mage+Warlock,Warlock+Shaman,Mage+Warlock,3,team2,kill,21.62
Warlock+Shaman_vs_Mage+Warlock,Warlock+Shaman,Mage+Warlock,4,team2,kill,26.68
Warlock+Shaman_vs_Mage+Warlock,Warlock+Shaman,Mage+Warlock,5,team2,kill,21.82
Warlock+Shaman_vs_Mage+Warlock,Warlock+Shaman,Mage+Warlock,6,team2,kill,21.58
Warlock+Shaman_vs_Mage+Warlock,Warlock+Shaman,Mage+Warlock,7,team2,kill,22.02
Warlock+Shaman_vs_Mage+Warlock,Warlock+Shaman,Mage+Warlock,8,team2,kill,22.53
Warlock+Shaman_vs_Mage+Warlock,Warlock+Shaman,Mage+Warlock,9,team2,kill,23.20
Warlock+Shaman_vs_Mage+Paladin,Warlock+Shaman,Mage+Paladin,0,team2,kill,23.78
Warlock+Shaman_vs_Mage+Paladin,Warlock+Shaman,Mage+Paladin,1,team1,kill,77.95
Warlock+Shaman_vs_Mage+Paladin,Warlock+Shaman,Mage+Paladin,2,team2,kill,33.33
Warlock+Shaman_vs_Mage+Paladin,Warlock+Shaman,Mage+Paladin,3,team2,kill,30.75
Warlock+Shaman_vs_Mage+Paladin,Warlock+Shaman,Mage+Paladin,4,team2,kill,31.38
Warlock+Shaman_vs_Mage+Paladin,Warlock+Shaman,Mage+Paladin,5,team2,kill,251.50
Warlock+Shaman_vs_Mage+Paladin,Warlock+Shaman,Mage+Paladin,6,team2,kill,40.70
Warlock+Shaman_vs_Mage+Paladin,Warlock+Shaman,Mage+Paladin,7,team1,kill,88.97
Warlock+Shaman_vs_Mage+Paladin,Warlock+Shaman,Mage+Paladin,8,team2,kill,67.80
Warlock+Shaman_vs_Mage+Paladin,Warlock+Shaman,Mage+Paladin,9,team2,kill,33.22
Warlock+Shaman_vs_Mage+Hunter,Warlock+Shaman,Mage+Hunter,0,team1,kill,25.15
Warlock+Shaman_vs_Mage+Hunter,Warlock+Shaman,Mage+Hunter,1,team1,kill,26.23
Warlock+Shaman_vs_Mage+Hunter,Warlock+Shaman,Mage+Hunter,2,team1,kill,24.32
Warlock+Shaman_vs_Mage+Hunter,Warlock+Shaman,Mage+Hunter,3,team1,kill,18.53
Warlock+Shaman_vs_Mage+Hunter,Warlock+Shaman,Mage+Hunter,4,team1,kill,25.15
Warlock+Shaman_vs_Mage+Hunter,Warlock+Shaman,Mage+Hunter,5,team1,kill,25.15
Warlock+Shaman_vs_Mage+Hunter,Warlock+Shaman,Mage+Hunter,6,team1,kill,18.52
Warlock+Shaman_vs_Mage+Hunter,Warlock+Shaman,Mage+Hunter,7,team1,kill,25.15
Warlock+Shaman_vs_Mage+Hunter,Warlock+Shaman,Mage+Hunter,8,team1,kill,25.15
Warlock+Shaman_vs_Mage+Hunter,Warlock+Shaman,Mage+Hunter,9,team1,kill,20.25
Warlock+Shaman_vs_Mage+Shaman,Warlock+Shaman,Mage+Shaman,0,team2,kill,16.40
Warlock+Shaman_vs_Mage+Shaman,Warlock+Shaman,Mage+Shaman,1,team2,kill,18.02
Warlock+Shaman_vs_Mage+Shaman,Warlock+Shaman,Mage+Shaman,2,team2,kill,17.85
Warlock+Shaman_vs_Mage+Shaman,Warlock+Shaman,Mage+Shaman,3,team2,kill,30.70
Warlock+Shaman_vs_Mage+Shaman,Warlock+Shaman,Mage+Shaman,4,team2,kill,16.38
Warlock+Shaman_vs_Mage+Shaman,Warlock+Shaman,Mage+Shaman,5,team2,kill,19.50
Warlock+Shaman_vs_Mage+Shaman,Warlock+Shaman,Mage+Shaman,6,team2,kill,23.85
Warlock+Shaman_vs_Mage+Shaman,Warlock+Shaman,Mage+Shaman,7,team2,kill,22.83
Warlock+Shaman_vs_Mage+Shaman,Warlock+Shaman,Mage+Shaman,8,team2,kill,17.83
Warlock+Shaman_vs_Mage+Shaman,Warlock+Shaman,Mage+Shaman,9,team2,kill,14.80
Warlock+Shaman_vs_Rogue+Priest,Warlock+Shaman,Rogue+Priest,0,team1,kill,40.85
Warlock+Shaman_vs_Rogue+Priest,Warlock+Shaman,Rogue+Priest,1,team1,kill,32.60
Warlock+Shaman_vs_Rogue+Priest,Warlock+Shaman,Rogue+Priest,2,team1,kill,24.68
Warlock+Shaman_vs_Rogue+Priest,Warlock+Shaman,Rogue+Priest,3,team2,kill,24.12
Warlock+Shaman_vs_Rogue+Priest,Warlock+Shaman,Rogue+Priest,4,team1,kill,26.60
Warlock+Shaman_vs_Rogue+Priest,Warlock+Shaman,Rogue+Priest,5,team1,kill,26.37
Warlock+Shaman_vs_Rogue+Priest,Warlock+Shaman,Rogue+Priest,6,team1,kill,30.10
Warlock+Shaman_vs_Rogue+Priest,Warlock+Shaman,Rogue+Priest,7,team2,kill,24.12
Warlock+Shaman_vs_Rogue+Priest,Warlock+Shaman,Rogue+Priest,8,team2,kill,31.75
Warlock+Shaman_vs_Rogue+Priest,Warlock+Shaman,Rogue+Priest,9,team1,kill,27.20
Warlock+Shaman_vs_Rogue+Warlock,Warlock+Shaman,Rogue+Warlock,0,team2,kill,31.57
Warlock+Shaman_vs_Rogue+Warlock,Warlock+Shaman,Rogue+Warlock,1,team1,kill,28.70
Warlock+Shaman_vs_Rogue+Warlock,Warlock+Shaman,Rogue+Warlock,2,team1,kill,25.72
Warlock+Shaman_vs_Rogue+Warlock,Warlock+Shaman,Rogue+Warlock,3,team2,kill,35.63
Warlock+Shaman_vs_Rogue+Warlock,Warlock+Shaman,Rogue+Warlock,4,team1,kill,28.25
Warlock+Shaman_vs_Rogue+Warlock,Warlock+Shaman,Rogue+Warlock,5,team1,kill,28.15
Warlock+Shaman_vs_Rogue+Warlock,Warlock+Shaman,Rogue+Warlock,6,team2,kill,39.40
Warlock+Shaman_vs_Rogue+Warlock,Warlock+Shaman,Rogue+Warlock,7,team2,kill,32.88
Warlock+Shaman_vs_Rogue+Warlock,Warlock+Shaman,Rogue+Warlock,8,team1,kill,30.28
Warlock+Shaman_vs_Rogue+Warlock,Warlock+Shaman,Rogue+Warlock,9,team2,kill,24.70
Warlock+Shaman_vs_Rogue+Paladin,Warlock+Shaman,Rogue+Paladin,0,team2,kill,43.00
Warlock+Shaman_vs_Rogue+Paladin,Warlock+Shaman,Rogue+Paladin,1,team2,kill,40.23
Warlock+Shaman_vs_Rogue+Paladin,Warlock+Shaman,Rogue+Paladin,2,team2,kill,52.58
Warlock+Shaman_vs_Rogue+Paladin,Warlock+Shaman,Rogue+Paladin,3,team2,kill,37.53
Warlock+Shaman_vs_Rogue+Paladin,Warlock+Shaman,Rogue+Paladin,4,team2,kill,33.45
Warlock+Shaman_vs_Rogue+Paladin,Warlock+Shaman,Rogue+Paladin,5,team2,kill,46.85
Warlock+Shaman_vs_Rogue+Paladin,Warlock+Shaman,Rogue+Paladin,6,team2,kill,40.05
Warlock+Shaman_vs_Rogue+Paladin,Warlock+Shaman,Rogue+Paladin,7,team2,kill,39.00
Warlock+Shaman_vs_Rogue+Paladin,Warlock+Shaman,Rogue+Paladin,8,team2,kill,46.05
Warlock+Shaman_vs_Rogue+Paladin,Warlock+Shaman,Rogue+Paladin,9,team2,kill,46.52
Warlock+Shaman_vs_Rogue+Hunter,Warlock+Shaman,Rogue+Hunter,0,team1,kill,19.60
Warlock+Shaman_vs_Rogue+Hunter,Warlock+Shaman,Rogue+Hunter,1,team1,kill,19.60
Warlock+Shaman_vs_Rogue+Hunter,Warlock+Shaman,Rogue+Hunter,2,team1,kill,19.60
Warlock+Shaman_vs_Rogue+Hunter,Warlock+Shaman,Rogue+Hunter,3,team1,kill,20.50
Warlock+Shaman_vs_Rogue+Hunter,Warlock+Shaman,Rogue+Hunter,4,team1,kill,19.60
Warlock+Shaman_vs_Rogue+Hunter,Warlock+Shaman,Rogue+Hunter,5,team1,kill,21.12
Warlock+Shaman_vs_Rogue+Hunter,Warlock+Shaman,Rogue+Hunter,6,team1,kill,25.10
Warlock+Shaman_vs_Rogue+Hunter,Warlock+Shaman,Rogue+Hunter,7,team1,kill,19.60
Warlock+Shaman_vs_Rogue+Hunter,Warlock+Shaman,Rogue+Hunter,8,team1,kill,19.60
Warlock+Shaman_vs_Rogue+Hunter,Warlock+Shaman,Rogue+Hunter,9,team1,kill,20.20
Warlock+Shaman_vs_Rogue+Shaman,Warlock+Shaman,Rogue+Shaman,0,team2,kill,21.90
Warlock+Shaman_vs_Rogue+Shaman,Warlock+Shaman,Rogue+Shaman,1,team2,kill,53.20
Warlock+Shaman_vs_Rogue+Shaman,Warlock+Shaman,Rogue+Shaman,2,team2,kill,51.50
Warlock+Shaman_vs_Rogue+Shaman,Warlock+Shaman,Rogue+Shaman,3,team2,kill,46.22
Warlock+Shaman_vs_Rogue+Shaman,Warlock+Shaman,Rogue+Shaman,4,team2,kill,36.30
Warlock+Shaman_vs_Rogue+Shaman,Warlock+Shaman,Rogue+Shaman,5,team2,kill,21.90
Warlock+Shaman_vs_Rogue+Shaman,Warlock+Shaman,Rogue+Shaman,6,team2,kill,49.05
Warlock+Shaman_vs_Rogue+Shaman,Warlock+Shaman,Rogue+Shaman,7,team2,kill,21.92
Warlock+Shaman_vs_Rogue+Shaman,Warlock+Shaman,Rogue+Shaman,8,team2,kill,21.90
Warlock+Shaman_vs_Rogue+Shaman,Warlock+Shaman,Rogue+Shaman,9,team2,kill,45.18
Warlock+Shaman_vs_Priest+Warlock,Warlock+Shaman,Priest+Warlock,0,team1,kill,53.58
Warlock+Shaman_vs_Priest+Warlock,Warlock+Shaman,Priest+Warlock,1,team1,kill,50.18
Warlock+Shaman_vs_Priest+Warlock,Warlock+Shaman,Priest+Warlock,2,team1,kill,46.22
Warlock+Shaman_vs_Priest+Warlock,Warlock+Shaman,Priest+Warlock,3,team1,kill,48.48
Warlock+Shaman_vs_Priest+Warlock,Warlock+Shaman,Priest+Warlock,4,team1,kill,52.58
Warlock+Shaman_vs_Priest+Warlock,Warlock+Shaman,Priest+Warlock,5,team1,kill,49.17
Warlock+Shaman_vs_Priest+Warlock,Warlock+Shaman,Priest+Warlock,6,team1,kill,40.72
Warlock+Shaman_vs_Priest+Warlock,Warlock+Shaman,Priest+Warlock,7,team2,kill,53.45
Warlock+Shaman_vs_Priest+Warlock,Warlock+Shaman,Priest+Warlock,8,team1,kill,42.63
Warlock+Shaman_vs_Priest+Warlock,Warlock+Shaman,Priest+Warlock,9,team1,kill,37.08
Warlock+Shaman_vs_Priest+Hunter,Warlock+Shaman,Priest+Hunter,0,team1,kill,45.23
Warlock+Shaman_vs_Priest+Hunter,Warlock+Shaman,Priest+Hunter,1,team1,kill,51.48
Warlock+Shaman_vs_Priest+Hunter,Warlock+Shaman,Priest+Hunter,2,team1,kill,47.07
Warlock+Shaman_vs_Priest+Hunter,Warlock+Shaman,Priest+Hunter,3,team1,kill,40.97
Warlock+Shaman_vs_Priest+Hunter,Warlock+Shaman,Priest+Hunter,4,team1,kill,60.00
Warlock+Shaman_vs_Priest+Hunter,Warlock+Shaman,Priest+Hunter,5,team1,kill,31.42
Warlock+Shaman_vs_Priest+Hunter,Warlock+Shaman,Priest+Hunter,6,team1,kill,39.38
Warlock+Shaman_vs_Priest+Hunter,Warlock+Shaman,Priest+Hunter,7,team1,kill,28.20
Warlock+Shaman_vs_Priest+Hunter,Warlock+Shaman,Priest+Hunter,8,team1,kill,44.13
Warlock+Shaman_vs_Priest+Hunter,Warlock+Shaman,Priest+Hunter,9,team1,kill,41.18
Warlock+Shaman_vs_Warlock+Paladin,Warlock+Shaman,Warlock+Paladin,0,team2,kill,100.42
Warlock+Shaman_vs_Warlock+Paladin,Warlock+Shaman,Warlock+Paladin,1,team1,kill,71.13
Warlock+Shaman_vs_Warlock+Paladin,Warlock+Shaman,Warlock+Paladin,2,team1,kill,60.37
Warlock+Shaman_vs_Warlock+Paladin,Warlock+Shaman,Warlock+Paladin,3,team1,kill,79.94
Warlock+Shaman_vs_Warlock+Paladin,Warlock+Shaman,Warlock+Paladin,4,team2,kill,137.04
Warlock+Shaman_vs_Warlock+Paladin,Warlock+Shaman,Warlock+Paladin,5,team2,kill,59.58
Warlock+Shaman_vs_Warlock+Paladin,Warlock+Shaman,Warlock+Paladin,6,team2,kill,44.63
Warlock+Shaman_vs_Warlock+Paladin,Warlock+Shaman,Warlock+Paladin,7,team2,kill,73.42
Warlock+Shaman_vs_Warlock+Paladin,Warlock+Shaman,Warlock+Paladin,8,team1,kill,74.23
Warlock+Shaman_vs_Warlock+Paladin,Warlock+Shaman,Warlock+Paladin,9,team2,kill,85.65
Warlock+Shaman_vs_Warlock+Hunter,Warlock+Shaman,Warlock+Hunter,0,team1,kill,22.30
Warlock+Shaman_vs_Warlock+Hunter,Warlock+Shaman,Warlock+Hunter,1,team1,kill,23.03
Warlock+Shaman_vs_Warlock+Hunter,Warlock+Shaman,Warlock+Hunter,2,team1,kill,23.10
Warlock+Shaman_vs_Warlock+Hunter,Warlock+Shaman,Warlock+Hunter,3,team1,kill,22.30
Warlock+Shaman_vs_Warlock+Hunter,Warlock+Shaman,Warlock+Hunter,4,team1,kill,21.60
Warlock+Shaman_vs_Warlock+Hunter,Warlock+Shaman,Warlock+Hunter,5,team1,kill,22.83
Warlock+Shaman_vs_Warlock+Hunter,Warlock+Shaman,Warlock+Hunter,6,team1,kill,22.30
Warlock+Shaman_vs_Warlock+Hunter,Warlock+Shaman,Warlock+Hunter,7,team1,kill,22.95
Warlock+Shaman_vs_Warlock+Hunter,Warlock+Shaman,Warlock+Hunter,8,team1,kill,23.43
Warlock+Shaman_vs_Warlock+Hunter,Warlock+Shaman,Warlock+Hunter,9,team1,kill,23.00
Warlock+Shaman_vs_Warlock+Shaman,Warlock+Shaman,Warlock+Shaman,0,team2,kill,38.18
Warlock+Shaman_vs_Warlock+Shaman,Warlock+Shaman,Warlock+Shaman,1,draw,cap,300.00
Warlock+Shaman_vs_Warlock+Shaman,Warlock+Shaman,Warlock+Shaman,2,team2,kill,31.90
Warlock+Shaman_vs_Warlock+Shaman,Warlock+Shaman,Warlock+Shaman,3,team2,kill,36.57
Warlock+Shaman_vs_Warlock+Shaman,Warlock+Shaman,Warlock+Shaman,4,team1,kill,44.78
Warlock+Shaman_vs_Warlock+Shaman,Warlock+Shaman,Warlock+Shaman,5,team1,kill,84.09
Warlock+Shaman_vs_Warlock+Shaman,Warlock+Shaman,Warlock+Shaman,6,draw,cap,300.00
Warlock+Shaman_vs_Warlock+Shaman,Warlock+Shaman,Warlock+Shaman,7,team1,kill,74.22
Warlock+Shaman_vs_Warlock+Shaman,Warlock+Shaman,Warlock+Shaman,8,team1,kill,29.93
Warlock+Shaman_vs_Warlock+Shaman,Warlock+Shaman,Warlock+Shaman,9,team2,kill,37.73
Warlock+Shaman_vs_Paladin+Hunter,Warlock+Shaman,Paladin+Hunter,0,team1,kill,95.01
Warlock+Shaman_vs_Paladin+Hunter,Warlock+Shaman,Paladin+Hunter,1,draw,cap,300.00
Warlock+Shaman_vs_Paladin+Hunter,Warlock+Shaman,Paladin+Hunter,2,team1,kill,94.67
Warlock+Shaman_vs_Paladin+Hunter,Warlock+Shaman,Paladin+Hunter,3,team2,kill,78.62
Warlock+Shaman_vs_Paladin+Hunter,Warlock+Shaman,Paladin+Hunter,4,team1,kill,54.35
Warlock+Shaman_vs_Paladin+Hunter,Warlock+Shaman,Paladin+Hunter,5,draw,cap,300.00
Warlock+Shaman_vs_Paladin+Hunter,Warlock+Shaman,Paladin+Hunter,6,team2,kill,53.32
Warlock+Shaman_vs_Paladin+Hunter,Warlock+Shaman,Paladin+Hunter,7,team1,kill,69.67
Warlock+Shaman_vs_Paladin+Hunter,Warlock+Shaman,Paladin+Hunter,8,draw,cap,300.00
Warlock+Shaman_vs_Paladin+Hunter,Warlock+Shaman,Paladin+Hunter,9,team1,kill,66.22
Warlock+Shaman_vs_Hunter+Shaman,Warlock+Shaman,Hunter+Shaman,0,team1,kill,39.30
Warlock+Shaman_vs_Hunter+Shaman,Warlock+Shaman,Hunter+Shaman,1,team1,kill,33.63
Warlock+Shaman_vs_Hunter+Shaman,Warlock+Shaman,Hunter+Shaman,2,team1,kill,44.65
Warlock+Shaman_vs_Hunter+Shaman,Warlock+Shaman,Hunter+Shaman,3,team1,kill,45.20
Warlock+Shaman_vs_Hunter+Shaman,Warlock+Shaman,Hunter+Shaman,4,team1,kill,39.38
Warlock+Shaman_vs_Hunter+Shaman,Warlock+Shaman,Hunter+Shaman,5,team1,kill,35.35
Warlock+Shaman_vs_Hunter+Shaman,Warlock+Shaman,Hunter+Shaman,6,team1,kill,32.35
Warlock+Shaman_vs_Hunter+Shaman,Warlock+Shaman,Hunter+Shaman,7,team1,kill,54.22
Warlock+Shaman_vs_Hunter+Shaman,Warlock+Shaman,Hunter+Shaman,8,team1,kill,43.87
Warlock+Shaman_vs_Hunter+Shaman,Warlock+Shaman,Hunter+Shaman,9,team1,kill,49.32
Paladin+Hunter_vs_Warrior+Mage,Paladin+Hunter,Warrior+Mage,0,team1,kill,32.58
Paladin+Hunter_vs_Warrior+Mage,Paladin+Hunter,Warrior+Mage,1,team1,kill,48.18
Paladin+Hunter_vs_Warrior+Mage,Paladin+Hunter,Warrior+Mage,2,team2,kill,54.88
Paladin+Hunter_vs_Warrior+Mage,Paladin+Hunter,Warrior+Mage,3,team1,kill,48.18
Paladin+Hunter_vs_Warrior+Mage,Paladin+Hunter,Warrior+Mage,4,team2,kill,34.73
Paladin+Hunter_vs_Warrior+Mage,Paladin+Hunter,Warrior+Mage,5,team2,kill,37.55
Paladin+Hunter_vs_Warrior+Mage,Paladin+Hunter,Warrior+Mage,6,team2,kill,37.55
Paladin+Hunter_vs_Warrior+Mage,Paladin+Hunter,Warrior+Mage,7,team2,kill,61.00
Paladin+Hunter_vs_Warrior+Mage,Paladin+Hunter,Warrior+Mage,8,team2,kill,37.55
Paladin+Hunter_vs_Warrior+Mage,Paladin+Hunter,Warrior+Mage,9,team1,kill,48.18
Paladin+Hunter_vs_Warrior+Rogue,Paladin+Hunter,Warrior+Rogue,0,team1,kill,25.37
Paladin+Hunter_vs_Warrior+Rogue,Paladin+Hunter,Warrior+Rogue,1,team1,kill,27.15
Paladin+Hunter_vs_Warrior+Rogue,Paladin+Hunter,Warrior+Rogue,2,team1,kill,24.60
Paladin+Hunter_vs_Warrior+Rogue,Paladin+Hunter,Warrior+Rogue,3,team1,kill,27.18
Paladin+Hunter_vs_Warrior+Rogue,Paladin+Hunter,Warrior+Rogue,4,team1,kill,25.37
Paladin+Hunter_vs_Warrior+Rogue,Paladin+Hunter,Warrior+Rogue,5,team1,kill,27.95
Paladin+Hunter_vs_Warrior+Rogue,Paladin+Hunter,Warrior+Rogue,6,team1,kill,27.15
Paladin+Hunter_vs_Warrior+Rogue,Paladin+Hunter,Warrior+Rogue,7,team1,kill,27.15
Paladin+Hunter_vs_Warrior+Rogue,Paladin+Hunter,Warrior+Rogue,8,team1,kill,27.97
Paladin+Hunter_vs_Warrior+Rogue,Paladin+Hunter,Warrior+Rogue,9,team1,kill,27.95
Paladin+Hunter_vs_Warrior+Priest,Paladin+Hunter,Warrior+Priest,0,team2,kill,59.92
Paladin+Hunter_vs_Warrior+Priest,Paladin+Hunter,Warrior+Priest,1,team2,kill,113.33
Paladin+Hunter_vs_Warrior+Priest,Paladin+Hunter,Warrior+Priest,2,team1,kill,46.33
Paladin+Hunter_vs_Warrior+Priest,Paladin+Hunter,Warrior+Priest,3,team2,kill,117.43
Paladin+Hunter_vs_Warrior+Priest,Paladin+Hunter,Warrior+Priest,4,team1,kill,104.49
Paladin+Hunter_vs_Warrior+Priest,Paladin+Hunter,Warrior+Priest,5,team2,kill,111.59
Paladin+Hunter_vs_Warrior+Priest,Paladin+Hunter,Warrior+Priest,6,team2,kill,57.98
Paladin+Hunter_vs_Warrior+Priest,Paladin+Hunter,Warrior+Priest,7,team2,kill,66.95
Paladin+Hunter_vs_Warrior+Priest,Paladin+Hunter,Warrior+Priest,8,team2,kill,112.59
Paladin+Hunter_vs_Warrior+Priest,Paladin+Hunter,Warrior+Priest,9,team2,kill,64.58
Paladin+Hunter_vs_Warrior+Warlock,Paladin+Hunter,Warrior+Warlock,0,team1,kill,40.77
Paladin+Hunter_vs_Warrior+Warlock,Paladin+Hunter,Warrior+Warlock,1,team1,kill,47.38
Paladin+Hunter_vs_Warrior+Warlock,Paladin+Hunter,Warrior+Warlock,2,team1,kill,44.57
Paladin+Hunter_vs_Warrior+Warlock,Paladin+Hunter,Warrior+Warlock,3,team2,kill,60.00
Paladin+Hunter_vs_Warrior+Warlock,Paladin+Hunter,Warrior+Warlock,4,team1,kill,35.63
Paladin+Hunter_vs_Warrior+Warlock,Paladin+Hunter,Warrior+Warlock,5,team1,kill,47.40
Paladin+Hunter_vs_Warrior+Warlock,Paladin+Hunter,Warrior+Warlock,6,team1,kill,37.18
Paladin+Hunter_vs_Warrior+Warlock,Paladin+Hunter,Warrior+Warlock,7,team1,kill,34.83
Paladin+Hunter_vs_Warrior+Warlock,Paladin+Hunter,Warrior+Warlock,8,team2,kill,43.03
Paladin+Hunter_vs_Warrior+Warlock,Paladin+Hunter,Warrior+Warlock,9,team1,kill,49.88
Paladin+Hunter_vs_Warrior+Paladin,Paladin+Hunter,Warrior+Paladin,0,team2,kill,97.17
Paladin+Hunter_vs_Warrior+Paladin,Paladin+Hunter,Warrior+Paladin,1,team2,kill,89.54
Paladin+Hunter_vs_Warrior+Paladin,Paladin+Hunter,Warrior+Paladin,2,team2,kill,98.79
Paladin+Hunter_vs_Warrior+Paladin,Paladin+Hunter,Warrior+Paladin,3,team2,kill,86.54
Paladin+Hunter_vs_Warrior+Paladin,Paladin+Hunter,Warrior+Paladin,4,team2,kill,86.72
Paladin+Hunter_vs_Warrior+Paladin,Paladin+Hunter,Warrior+Paladin,5,team2,kill,103.14
Paladin+Hunter_vs_Warrior+Paladin,Paladin+Hunter,Warrior+Paladin,6,team2,kill,93.92
Paladin+Hunter_vs_Warrior+Paladin,Paladin+Hunter,Warrior+Paladin,7,team2,kill,103.66
Paladin+Hunter_vs_Warrior+Paladin,Paladin+Hunter,Warrior+Paladin,8,team2,kill,109.11
Paladin+Hunter_vs_Warrior+Paladin,Paladin+Hunter,Warrior+Paladin,9,team2,kill,86.17
Paladin+Hunter_vs_Warrior+Hunter,Paladin+Hunter,Warrior+Hunter,0,team1,kill,40.77
Paladin+Hunter_vs_Warrior+Hunter,Paladin+Hunter,Warrior+Hunter,1,team1,kill,57.90
Paladin+Hunter_vs_Warrior+Hunter,Paladin+Hunter,Warrior+Hunter,2,team1,kill,56.52
Paladin+Hunter_vs_Warrior+Hunter,Paladin+Hunter,Warrior+Hunter,3,team1,kill,58.93
Paladin+Hunter_vs_Warrior+Hunter,Paladin+Hunter,Warrior+Hunter,4,team2,kill,52.30
Paladin+Hunter_vs_Warrior+Hunter,Paladin+Hunter,Warrior+Hunter,5,team1,kill,41.50
Paladin+Hunter_vs_Warrior+Hunter,Paladin+Hunter,Warrior+Hunter,6,team1,kill,60.28
Paladin+Hunter_vs_Warrior+Hunter,Paladin+Hunter,Warrior+Hunter,7,team1,kill,41.50
Paladin+Hunter_vs_Warrior+Hunter,Paladin+Hunter,Warrior+Hunter,8,team1,kill,32.37
Paladin+Hunter_vs_Warrior+Hunter,Paladin+Hunter,Warrior+Hunter,9,team1,kill,59.13
Paladin+Hunter_vs_Warrior+Shaman,Paladin+Hunter,Warrior+Shaman,0,team2,kill,62.80
Paladin+Hunter_vs_Warrior+Shaman,Paladin+Hunter,Warrior+Shaman,1,team2,kill,63.78
Paladin+Hunter_vs_Warrior+Shaman,Paladin+Hunter,Warrior+Shaman,2,team2,kill,59.93
Paladin+Hunter_vs_Warrior+Shaman,Paladin+Hunter,Warrior+Shaman,3,team2,kill,67.53
Paladin+Hunter_vs_Warrior+Shaman,Paladin+Hunter,Warrior+Shaman,4,team2,kill,63.72
Paladin+Hunter_vs_Warrior+Shaman,Paladin+Hunter,Warrior+Shaman,5,team2,kill,61.63
Paladin+Hunter_vs_Warrior+Shaman,Paladin+Hunter,Warrior+Shaman,6,team2,kill,58.57
Paladin+Hunter_vs_Warrior+Shaman,Paladin+Hunter,Warrior+Shaman,7,team2,kill,59.30
Paladin+Hunter_vs_Warrior+Shaman,Paladin+Hunter,Warrior+Shaman,8,team2,kill,61.03
Paladin+Hunter_vs_Warrior+Shaman,Paladin+Hunter,Warrior+Shaman,9,team2,kill,71.85
Paladin+Hunter_vs_Mage+Rogue,Paladin+Hunter,Mage+Rogue,0,team1,kill,54.68
Paladin+Hunter_vs_Mage+Rogue,Paladin+Hunter,Mage+Rogue,1,team1,kill,56.77
Paladin+Hunter_vs_Mage+Rogue,Paladin+Hunter,Mage+Rogue,2,team1,kill,60.90
Paladin+Hunter_vs_Mage+Rogue,Paladin+Hunter,Mage+Rogue,3,team1,kill,56.77
Paladin+Hunter_vs_Mage+Rogue,Paladin+Hunter,Mage+Rogue,4,team1,kill,45.83
Paladin+Hunter_vs_Mage+Rogue,Paladin+Hunter,Mage+Rogue,5,team1,kill,52.18
Paladin+Hunter_vs_Mage+Rogue,Paladin+Hunter,Mage+Rogue,6,team2,kill,47.57
Paladin+Hunter_vs_Mage+Rogue,Paladin+Hunter,Mage+Rogue,7,team1,kill,52.28
Paladin+Hunter_vs_Mage+Rogue,Paladin+Hunter,Mage+Rogue,8,team1,kill,54.52
Paladin+Hunter_vs_Mage+Rogue,Paladin+Hunter,Mage+Rogue,9,team1,kill,53.67
Paladin+Hunter_vs_Mage+Priest,Paladin+Hunter,Mage+Priest,0,team2,kill,34.17
Paladin+Hunter_vs_Mage+Priest,Paladin+Hunter,Mage+Priest,1,team2,kill,74.17
Paladin+Hunter_vs_Mage+Priest,Paladin+Hunter,Mage+Priest,2,team1,kill,37.42
Paladin+Hunter_vs_Mage+Priest,Paladin+Hunter,Mage+Priest,3,team2,kill,74.17
Paladin+Hunter_vs_Mage+Priest,Paladin+Hunter,Mage+Priest,4,team2,kill,34.17
Paladin+Hunter_vs_Mage+Priest,Paladin+Hunter,Mage+Priest,5,team1,kill,59.55
Paladin+Hunter_vs_Mage+Priest,Paladin+Hunter,Mage+Priest,6,team2,kill,74.17
Paladin+Hunter_vs_Mage+Priest,Paladin+Hunter,Mage+Priest,7,team2,kill,34.17
Paladin+Hunter_vs_Mage+Priest,Paladin+Hunter,Mage+Priest,8,team2,kill,97.46
Paladin+Hunter_vs_Mage+Priest,Paladin+Hunter,Mage+Priest,9,team2,kill,62.45
Paladin+Hunter_vs_Mage+Warlock,Paladin+Hunter,Mage+Warlock,0,team2,kill,47.88
Paladin+Hunter_vs_Mage+Warlock,Paladin+Hunter,Mage+Warlock,1,team2,kill,46.38
Paladin+Hunter_vs_Mage+Warlock,Paladin+Hunter,Mage+Warlock,2,team1,kill,28.35
Paladin+Hunter_vs_Mage+Warlock,Paladin+Hunter,Mage+Warlock,3,team2,kill,35.02
Paladin+Hunter_vs_Mage+Warlock,Paladin+Hunter,Mage+Warlock,4,team2,kill,37.87
Paladin+Hunter_vs_Mage+Warlock,Paladin+Hunter,Mage+Warlock,5,team2,kill,35.27
Paladin+Hunter_vs_Mage+Warlock,Paladin+Hunter,Mage+Warlock,6,team2,kill,42.22
Paladin+Hunter_vs_Mage+Warlock,Paladin+Hunter,Mage+Warlock,7,team1,kill,56.75
Paladin+Hunter_vs_Mage+Warlock,Paladin+Hunter,Mage+Warlock,8,draw,kill,65.20
Paladin+Hunter_vs_Mage+Warlock,Paladin+Hunter,Mage+Warlock,9,team2,kill,35.85
Paladin+Hunter_vs_Mage+Paladin,Paladin+Hunter,Mage+Paladin,0,team2,kill,44.57
Paladin+Hunter_vs_Mage+Paladin,Paladin+Hunter,Mage+Paladin,1,team2,kill,62.92
Paladin+Hunter_vs_Mage+Paladin,Paladin+Hunter,Mage+Paladin,2,team2,kill,64.70
Paladin+Hunter_vs_Mage+Paladin,Paladin+Hunter,Mage+Paladin,3,team2,kill,133.84
Paladin+Hunter_vs_Mage+Paladin,Paladin+Hunter,Mage+Paladin,4,team2,kill,119.31
Paladin+Hunter_vs_Mage+Paladin,Paladin+Hunter,Mage+Paladin,5,team2,kill,81.00
Paladin+Hunter_vs_Mage+Paladin,Paladin+Hunter,Mage+Paladin,6,team2,kill,54.17
Paladin+Hunter_vs_Mage+Paladin,Paladin+Hunter,Mage+Paladin,7,team2,kill,63.85
Paladin+Hunter_vs_Mage+Paladin,Paladin+Hunter,Mage+Paladin,8,team2,kill,66.53
Paladin+Hunter_vs_Mage+Paladin,Paladin+Hunter,Mage+Paladin,9,team2,kill,54.17
Paladin+Hunter_vs_Mage+Hunter,Paladin+Hunter,Mage+Hunter,0,team1,kill,58.65
Paladin+Hunter_vs_Mage+Hunter,Paladin+Hunter,Mage+Hunter,1,team1,kill,38.60
Paladin+Hunter_vs_Mage+Hunter,Paladin+Hunter,Mage+Hunter,2,team1,kill,44.03
Paladin+Hunter_vs_Mage+Hunter,Paladin+Hunter,Mage+Hunter,3,team2,kill,35.02
Paladin+Hunter_vs_Mage+Hunter,Paladin+Hunter,Mage+Hunter,4,team2,kill,36.78
Paladin+Hunter_vs_Mage+Hunter,Paladin+Hunter,Mage+Hunter,5,team2,kill,39.78
Paladin+Hunter_vs_Mage+Hunter,Paladin+Hunter,Mage+Hunter,6,team2,kill,36.78
Paladin+Hunter_vs_Mage+Hunter,Paladin+Hunter,Mage+Hunter,7,team2,kill,41.43
Paladin+Hunter_vs_Mage+Hunter,Paladin+Hunter,Mage+Hunter,8,team1,kill,59.08
Paladin+Hunter_vs_Mage+Hunter,Paladin+Hunter,Mage+Hunter,9,team1,kill,41.52
Paladin+Hunter_vs_Mage+Shaman,Paladin+Hunter,Mage+Shaman,0,team2,kill,29.87
Paladin+Hunter_vs_Mage+Shaman,Paladin+Hunter,Mage+Shaman,1,team2,kill,26.80
Paladin+Hunter_vs_Mage+Shaman,Paladin+Hunter,Mage+Shaman,2,team2,kill,26.82
Paladin+Hunter_vs_Mage+Shaman,Paladin+Hunter,Mage+Shaman,3,team2,kill,26.80
Paladin+Hunter_vs_Mage+Shaman,Paladin+Hunter,Mage+Shaman,4,team2,kill,26.80
Paladin+Hunter_vs_Mage+Shaman,Paladin+Hunter,Mage+Shaman,5,team2,kill,32.93
Paladin+Hunter_vs_Mage+Shaman,Paladin+Hunter,Mage+Shaman,6,team2,kill,27.93
Paladin+Hunter_vs_Mage+Shaman,Paladin+Hunter,Mage+Shaman,7,team2,kill,26.82
Paladin+Hunter_vs_Mage+Shaman,Paladin+Hunter,Mage+Shaman,8,team2,kill,24.30
Paladin+Hunter_vs_Mage+Shaman,Paladin+Hunter,Mage+Shaman,9,team2,kill,29.95
Paladin+Hunter_vs_Rogue+Priest,Paladin+Hunter,Rogue+Priest,0,team1,kill,71.97
Paladin+Hunter_vs_Rogue+Priest,Paladin+Hunter,Rogue+Priest,1,team1,kill,75.17
Paladin+Hunter_vs_Rogue+Priest,Paladin+Hunter,Rogue+Priest,2,team2,kill,108.58
Paladin+Hunter_vs_Rogue+Priest,Paladin+Hunter,Rogue+Priest,3,team2,kill,77.54
Paladin+Hunter_vs_Rogue+Priest,Paladin+Hunter,Rogue+Priest,4,team2,kill,92.57
Paladin+Hunter_vs_Rogue+Priest,Paladin+Hunter,Rogue+Priest,5,team2,kill,93.34
Paladin+Hunter_vs_Rogue+Priest,Paladin+Hunter,Rogue+Priest,6,team2,kill,91.94
Paladin+Hunter_vs_Rogue+Priest,Paladin+Hunter,Rogue+Priest,7,team2,kill,63.47
Paladin+Hunter_vs_Rogue+Priest,Paladin+Hunter,Rogue+Priest,8,team2,kill,87.85
Paladin+Hunter_vs_Rogue+Priest,Paladin+Hunter,Rogue+Priest,9,team1,kill,70.33
Paladin+Hunter_vs_Rogue+Warlock,Paladin+Hunter,Rogue+Warlock,0,team1,kill,30.82
Paladin+Hunter_vs_Rogue+Warlock,Paladin+Hunter,Rogue+Warlock,1,team1,kill,32.62
Paladin+Hunter_vs_Rogue+Warlock,Paladin+Hunter,Rogue+Warlock,2,team1,kill,44.53
Paladin+Hunter_vs_Rogue+Warlock,Paladin+Hunter,Rogue+Warlock,3,team1,kill,32.93
Paladin+Hunter_vs_Rogue+Warlock,Paladin+Hunter,Rogue+Warlock,4,team1,kill,39.22
Paladin+Hunter_vs_Rogue+Warlock,Paladin+Hunter,Rogue+Warlock,5,team1,kill,30.92
Paladin+Hunter_vs_Rogue+Warlock,Paladin+Hunter,Rogue+Warlock,6,team1,kill,30.13
Paladin+Hunter_vs_Rogue+Warlock,Paladin+Hunter,Rogue+Warlock,7,team1,kill,33.20
Paladin+Hunter_vs_Rogue+Warlock,Paladin+Hunter,Rogue+Warlock,8,team1,kill,32.93
Paladin+Hunter_vs_Rogue+Warlock,Paladin+Hunter,Rogue+Warlock,9,team1,kill,42.38
Paladin+Hunter_vs_Rogue+Paladin,Paladin+Hunter,Rogue+Paladin,0,team1,kill,153.07
Paladin+Hunter_vs_Rogue+Paladin,Paladin+Hunter,Rogue+Paladin,1,team2,kill,80.25
Paladin+Hunter_vs_Rogue+Paladin,Paladin+Hunter,Rogue+Paladin,2,team2,kill,89.10
Paladin+Hunter_vs_Rogue+Paladin,Paladin+Hunter,Rogue+Paladin,3,team2,kill,85.55
Paladin+Hunter_vs_Rogue+Paladin,Paladin+Hunter,Rogue+Paladin,4,team2,kill,78.95
Paladin+Hunter_vs_Rogue+Paladin,Paladin+Hunter,Rogue+Paladin,5,team2,kill,78.69
Paladin+Hunter_vs_Rogue+Paladin,Paladin+Hunter,Rogue+Paladin,6,team1,kill,109.14
Paladin+Hunter_vs_Rogue+Paladin,Paladin+Hunter,Rogue+Paladin,7,team2,kill,90.10
Paladin+Hunter_vs_Rogue+Paladin,Paladin+Hunter,Rogue+Paladin,8,team2,kill,85.15
Paladin+Hunter_vs_Rogue+Paladin,Paladin+Hunter,Rogue+Paladin,9,team2,kill,85.12
Paladin+Hunter_vs_Rogue+Hunter,Paladin+Hunter,Rogue+Hunter,0,team1,kill,25.35
Paladin+Hunter_vs_Rogue+Hunter,Paladin+Hunter,Rogue+Hunter,1,team1,kill,25.35
Paladin+Hunter_vs_Rogue+Hunter,Paladin+Hunter,Rogue+Hunter,2,team1,kill,25.35
Paladin+Hunter_vs_Rogue+Hunter,Paladin+Hunter,Rogue+Hunter,3,team1,kill,23.30
Paladin+Hunter_vs_Rogue+Hunter,Paladin+Hunter,Rogue+Hunter,4,team1,kill,23.28
Paladin+Hunter_vs_Rogue+Hunter,Paladin+Hunter,Rogue+Hunter,5,team1,kill,30.08
Paladin+Hunter_vs_Rogue+Hunter,Paladin+Hunter,Rogue+Hunter,6,team1,kill,25.35
Paladin+Hunter_vs_Rogue+Hunter,Paladin+Hunter,Rogue+Hunter,7,team1,kill,23.25
Paladin+Hunter_vs_Rogue+Hunter,Paladin+Hunter,Rogue+Hunter,8,team1,kill,23.25
Paladin+Hunter_vs_Rogue+Hunter,Paladin+Hunter,Rogue+Hunter,9,team1,kill,23.28
Paladin+Hunter_vs_Rogue+Shaman,Paladin+Hunter,Rogue+Shaman,0,team2,kill,81.50
Paladin+Hunter_vs_Rogue+Shaman,Paladin+Hunter,Rogue+Shaman,1,team2,kill,104.79
Paladin+Hunter_vs_Rogue+Shaman,Paladin+Hunter,Rogue+Shaman,2,team1,kill,73.95
Paladin+Hunter_vs_Rogue+Shaman,Paladin+Hunter,Rogue+Shaman,3,team2,kill,79.72
Paladin+Hunter_vs_Rogue+Shaman,Paladin+Hunter,Rogue+Shaman,4,team2,kill,77.87
Paladin+Hunter_vs_Rogue+Shaman,Paladin+Hunter,Rogue+Shaman,5,team2,kill,79.20
Paladin+Hunter_vs_Rogue+Shaman,Paladin+Hunter,Rogue+Shaman,6,team2,kill,83.20
Paladin+Hunter_vs_Rogue+Shaman,Paladin+Hunter,Rogue+Shaman,7,team2,kill,76.85
Paladin+Hunter_vs_Rogue+Shaman,Paladin+Hunter,Rogue+Shaman,8,draw,cap,300.00
Paladin+Hunter_vs_Rogue+Shaman,Paladin+Hunter,Rogue+Shaman,9,team2,kill,72.22
Paladin+Hunter_vs_Priest+Warlock,Paladin+Hunter,Priest+Warlock,0,team1,kill,153.21
Paladin+Hunter_vs_Priest+Warlock,Paladin+Hunter,Priest+Warlock,1,team2,kill,81.67
Paladin+Hunter_vs_Priest+Warlock,Paladin+Hunter,Priest+Warlock,2,team2,kill,67.07
Paladin+Hunter_vs_Priest+Warlock,Paladin+Hunter,Priest+Warlock,3,team2,kill,74.52
Paladin+Hunter_vs_Priest+Warlock,Paladin+Hunter,Priest+Warlock,4,team2,kill,62.15
Paladin+Hunter_vs_Priest+Warlock,Paladin+Hunter,Priest+Warlock,5,team2,kill,78.89
Paladin+Hunter_vs_Priest+Warlock,Paladin+Hunter,Priest+Warlock,6,team2,kill,65.87
Paladin+Hunter_vs_Priest+Warlock,Paladin+Hunter,Priest+Warlock,7,team2,kill,86.64
Paladin+Hunter_vs_Priest+Warlock,Paladin+Hunter,Priest+Warlock,8,team2,kill,70.52
Paladin+Hunter_vs_Priest+Warlock,Paladin+Hunter,Priest+Warlock,9,team2,kill,74.40
Paladin+Hunter_vs_Priest+Hunter,Paladin+Hunter,Priest+Hunter,0,team1,kill,54.10
Paladin+Hunter_vs_Priest+Hunter,Paladin+Hunter,Priest+Hunter,1,team2,kill,146.19
Paladin+Hunter_vs_Priest+Hunter,Paladin+Hunter,Priest+Hunter,2,team1,kill,61.60
Paladin+Hunter_vs_Priest+Hunter,Paladin+Hunter,Priest+Hunter,3,team1,kill,59.58
Paladin+Hunter_vs_Priest+Hunter,Paladin+Hunter,Priest+Hunter,4,team2,kill,75.18
Paladin+Hunter_vs_Priest+Hunter,Paladin+Hunter,Priest+Hunter,5,team1,kill,57.20
Paladin+Hunter_vs_Priest+Hunter,Paladin+Hunter,Priest+Hunter,6,team2,kill,71.23
Paladin+Hunter_vs_Priest+Hunter,Paladin+Hunter,Priest+Hunter,7,team1,kill,56.45
Paladin+Hunter_vs_Priest+Hunter,Paladin+Hunter,Priest+Hunter,8,team1,kill,64.02
Paladin+Hunter_vs_Priest+Hunter,Paladin+Hunter,Priest+Hunter,9,team1,kill,49.52
Paladin+Hunter_vs_Warlock+Paladin,Paladin+Hunter,Warlock+Paladin,0,team1,kill,128.93
Paladin+Hunter_vs_Warlock+Paladin,Paladin+Hunter,Warlock+Paladin,1,team2,kill,100.46
Paladin+Hunter_vs_Warlock+Paladin,Paladin+Hunter,Warlock+Paladin,2,team2,kill,121.63
Paladin+Hunter_vs_Warlock+Paladin,Paladin+Hunter,Warlock+Paladin,3,team2,kill,128.10
Paladin+Hunter_vs_Warlock+Paladin,Paladin+Hunter,Warlock+Paladin,4,team2,kill,150.36
Paladin+Hunter_vs_Warlock+Paladin,Paladin+Hunter,Warlock+Paladin,5,team2,kill,85.20
Paladin+Hunter_vs_Warlock+Paladin,Paladin+Hunter,Warlock+Paladin,6,team2,kill,121.79
Paladin+Hunter_vs_Warlock+Paladin,Paladin+Hunter,Warlock+Paladin,7,team2,kill,74.02
Paladin+Hunter_vs_Warlock+Paladin,Paladin+Hunter,Warlock+Paladin,8,team2,kill,89.42
Paladin+Hunter_vs_Warlock+Paladin,Paladin+Hunter,Warlock+Paladin,9,team2,kill,129.86
Paladin+Hunter_vs_Warlock+Hunter,Paladin+Hunter,Warlock+Hunter,0,team1,kill,29.45
Paladin+Hunter_vs_Warlock+Hunter,Paladin+Hunter,Warlock+Hunter,1,team2,kill,49.72
Paladin+Hunter_vs_Warlock+Hunter,Paladin+Hunter,Warlock+Hunter,2,team1,kill,57.03
Paladin+Hunter_vs_Warlock+Hunter,Paladin+Hunter,Warlock+Hunter,3,team2,kill,59.55
Paladin+Hunter_vs_Warlock+Hunter,Paladin+Hunter,Warlock+Hunter,4,team1,kill,33.97
Paladin+Hunter_vs_Warlock+Hunter,Paladin+Hunter,Warlock+Hunter,5,team1,kill,31.63
Paladin+Hunter_vs_Warlock+Hunter,Paladin+Hunter,Warlock+Hunter,6,team2,kill,38.05
Paladin+Hunter_vs_Warlock+Hunter,Paladin+Hunter,Warlock+Hunter,7,team2,kill,50.45
Paladin+Hunter_vs_Warlock+Hunter,Paladin+Hunter,Warlock+Hunter,8,team1,kill,70.47
Paladin+Hunter_vs_Warlock+Hunter,Paladin+Hunter,Warlock+Hunter,9,team1,kill,73.30
Paladin+Hunter_vs_Warlock+Shaman,Paladin+Hunter,Warlock+Shaman,0,team2,kill,158.84
Paladin+Hunter_vs_Warlock+Shaman,Paladin+Hunter,Warlock+Shaman,1,team2,kill,71.92
Paladin+Hunter_vs_Warlock+Shaman,Paladin+Hunter,Warlock+Shaman,2,team2,kill,65.43
Paladin+Hunter_vs_Warlock+Shaman,Paladin+Hunter,Warlock+Shaman,3,draw,cap,300.00
Paladin+Hunter_vs_Warlock+Shaman,Paladin+Hunter,Warlock+Shaman,4,team2,kill,53.00
Paladin+Hunter_vs_Warlock+Shaman,Paladin+Hunter,Warlock+Shaman,5,team2,kill,58.97
Paladin+Hunter_vs_Warlock+Shaman,Paladin+Hunter,Warlock+Shaman,6,team2,kill,73.08
Paladin+Hunter_vs_Warlock+Shaman,Paladin+Hunter,Warlock+Shaman,7,team2,kill,69.27
Paladin+Hunter_vs_Warlock+Shaman,Paladin+Hunter,Warlock+Shaman,8,draw,cap,300.00
Paladin+Hunter_vs_Warlock+Shaman,Paladin+Hunter,Warlock+Shaman,9,draw,cap,300.00
Paladin+Hunter_vs_Paladin+Hunter,Paladin+Hunter,Paladin+Hunter,0,team2,kill,97.82
Paladin+Hunter_vs_Paladin+Hunter,Paladin+Hunter,Paladin+Hunter,1,team1,kill,95.36
Paladin+Hunter_vs_Paladin+Hunter,Paladin+Hunter,Paladin+Hunter,2,team2,kill,95.19
Paladin+Hunter_vs_Paladin+Hunter,Paladin+Hunter,Paladin+Hunter,3,team1,kill,98.19
Paladin+Hunter_vs_Paladin+Hunter,Paladin+Hunter,Paladin+Hunter,4,team2,kill,95.96
Paladin+Hunter_vs_Paladin+Hunter,Paladin+Hunter,Paladin+Hunter,5,team2,kill,100.24
Paladin+Hunter_vs_Paladin+Hunter,Paladin+Hunter,Paladin+Hunter,6,team2,kill,100.09
Paladin+Hunter_vs_Paladin+Hunter,Paladin+Hunter,Paladin+Hunter,7,team2,kill,89.54
Paladin+Hunter_vs_Paladin+Hunter,Paladin+Hunter,Paladin+Hunter,8,team2,kill,89.04
Paladin+Hunter_vs_Paladin+Hunter,Paladin+Hunter,Paladin+Hunter,9,team2,kill,109.63
Paladin+Hunter_vs_Hunter+Shaman,Paladin+Hunter,Hunter+Shaman,0,team1,kill,94.26
Paladin+Hunter_vs_Hunter+Shaman,Paladin+Hunter,Hunter+Shaman,1,team1,kill,67.75
Paladin+Hunter_vs_Hunter+Shaman,Paladin+Hunter,Hunter+Shaman,2,team1,kill,101.51
Paladin+Hunter_vs_Hunter+Shaman,Paladin+Hunter,Hunter+Shaman,3,team1,kill,68.60
Paladin+Hunter_vs_Hunter+Shaman,Paladin+Hunter,Hunter+Shaman,4,team1,kill,72.17
Paladin+Hunter_vs_Hunter+Shaman,Paladin+Hunter,Hunter+Shaman,5,team1,kill,87.42
Paladin+Hunter_vs_Hunter+Shaman,Paladin+Hunter,Hunter+Shaman,6,team1,kill,62.40
Paladin+Hunter_vs_Hunter+Shaman,Paladin+Hunter,Hunter+Shaman,7,team1,kill,54.20
Paladin+Hunter_vs_Hunter+Shaman,Paladin+Hunter,Hunter+Shaman,8,team1,kill,68.28
Paladin+Hunter_vs_Hunter+Shaman,Paladin+Hunter,Hunter+Shaman,9,team1,kill,75.74
Hunter+Shaman_vs_Warrior+Mage,Hunter+Shaman,Warrior+Mage,0,team2,kill,23.18
Hunter+Shaman_vs_Warrior+Mage,Hunter+Shaman,Warrior+Mage,1,team2,kill,26.20
Hunter+Shaman_vs_Warrior+Mage,Hunter+Shaman,Warrior+Mage,2,team2,kill,26.90
Hunter+Shaman_vs_Warrior+Mage,Hunter+Shaman,Warrior+Mage,3,team2,kill,28.23
Hunter+Shaman_vs_Warrior+Mage,Hunter+Shaman,Warrior+Mage,4,team2,kill,21.65
Hunter+Shaman_vs_Warrior+Mage,Hunter+Shaman,Warrior+Mage,5,team2,kill,23.37
Hunter+Shaman_vs_Warrior+Mage,Hunter+Shaman,Warrior+Mage,6,team2,kill,24.67
Hunter+Shaman_vs_Warrior+Mage,Hunter+Shaman,Warrior+Mage,7,team2,kill,25.18
Hunter+Shaman_vs_Warrior+Mage,Hunter+Shaman,Warrior+Mage,8,team2,kill,25.12
Hunter+Shaman_vs_Warrior+Mage,Hunter+Shaman,Warrior+Mage,9,team2,kill,23.37
Hunter+Shaman_vs_Warrior+Rogue,Hunter+Shaman,Warrior+Rogue,0,team1,kill,14.43
Hunter+Shaman_vs_Warrior+Rogue,Hunter+Shaman,Warrior+Rogue,1,team1,kill,15.37
Hunter+Shaman_vs_Warrior+Rogue,Hunter+Shaman,Warrior+Rogue,2,team1,kill,15.37
Hunter+Shaman_vs_Warrior+Rogue,Hunter+Shaman,Warrior+Rogue,3,team1,kill,15.37
Hunter+Shaman_vs_Warrior+Rogue,Hunter+Shaman,Warrior+Rogue,4,team1,kill,15.37
Hunter+Shaman_vs_Warrior+Rogue,Hunter+Shaman,Warrior+Rogue,5,team1,kill,13.95
Hunter+Shaman_vs_Warrior+Rogue,Hunter+Shaman,Warrior+Rogue,6,team1,kill,14.58
Hunter+Shaman_vs_Warrior+Rogue,Hunter+Shaman,Warrior+Rogue,7,team1,kill,13.97
Hunter+Shaman_vs_Warrior+Rogue,Hunter+Shaman,Warrior+Rogue,8,team1,kill,15.37
Hunter+Shaman_vs_Warrior+Rogue,Hunter+Shaman,Warrior+Rogue,9,team1,kill,15.37
Hunter+Shaman_vs_Warrior+Priest,Hunter+Shaman,Warrior+Priest,0,team2,kill,23.57
Hunter+Shaman_vs_Warrior+Priest,Hunter+Shaman,Warrior+Priest,1,team1,kill,31.12
Hunter+Shaman_vs_Warrior+Priest,Hunter+Shaman,Warrior+Priest,2,team1,kill,33.43
Hunter+Shaman_vs_Warrior+Priest,Hunter+Shaman,Warrior+Priest,3,team2,kill,42.43
Hunter+Shaman_vs_Warrior+Priest,Hunter+Shaman,Warrior+Priest,4,team1,kill,55.10
Hunter+Shaman_vs_Warrior+Priest,Hunter+Shaman,Warrior+Priest,5,team2,kill,23.12
Hunter+Shaman_vs_Warrior+Priest,Hunter+Shaman,Warrior+Priest,6,team1,kill,52.68
Hunter+Shaman_vs_Warrior+Priest,Hunter+Shaman,Warrior+Priest,7,team1,kill,26.67
Hunter+Shaman_vs_Warrior+Priest,Hunter+Shaman,Warrior+Priest,8,team1,kill,60.65
Hunter+Shaman_vs_Warrior+Priest,Hunter+Shaman,Warrior+Priest,9,team1,kill,34.62
Hunter+Shaman_vs_Warrior+Warlock,Hunter+Shaman,Warrior+Warlock,0,team2,kill,29.83
Hunter+Shaman_vs_Warrior+Warlock,Hunter+Shaman,Warrior+Warlock,1,team2,kill,24.23
Hunter+Shaman_vs_Warrior+Warlock,Hunter+Shaman,Warrior+Warlock,2,team1,kill,42.08
Hunter+Shaman_vs_Warrior+Warlock,Hunter+Shaman,Warrior+Warlock,3,team2,kill,27.48
Hunter+Shaman_vs_Warrior+Warlock,Hunter+Shaman,Warrior+Warlock,4,team2,kill,25.77
Hunter+Shaman_vs_Warrior+Warlock,Hunter+Shaman,Warrior+Warlock,5,team2,kill,27.43
Hunter+Shaman_vs_Warrior+Warlock,Hunter+Shaman,Warrior+Warlock,6,team2,kill,23.72
Hunter+Shaman_vs_Warrior+Warlock,Hunter+Shaman,Warrior+Warlock,7,team2,kill,31.38
Hunter+Shaman_vs_Warrior+Warlock,Hunter+Shaman,Warrior+Warlock,8,team2,kill,21.87
Hunter+Shaman_vs_Warrior+Warlock,Hunter+Shaman,Warrior+Warlock,9,team1,kill,42.12
Hunter+Shaman_vs_Warrior+Paladin,Hunter+Shaman,Warrior+Paladin,0,draw,cap,300.00
Hunter+Shaman_vs_Warrior+Paladin,Hunter+Shaman,Warrior+Paladin,1,team1,kill,103.56
Hunter+Shaman_vs_Warrior+Paladin,Hunter+Shaman,Warrior+Paladin,2,team2,kill,95.46
Hunter+Shaman_vs_Warrior+Paladin,Hunter+Shaman,Warrior+Paladin,3,draw,cap,300.00
Hunter+Shaman_vs_Warrior+Paladin,Hunter+Shaman,Warrior+Paladin,4,team2,kill,78.62
Hunter+Shaman_vs_Warrior+Paladin,Hunter+Shaman,Warrior+Paladin,5,draw,kill,189.80
Hunter+Shaman_vs_Warrior+Paladin,Hunter+Shaman,Warrior+Paladin,6,team2,kill,182.68
Hunter+Shaman_vs_Warrior+Paladin,Hunter+Shaman,Warrior+Paladin,7,team1,kill,115.16
Hunter+Shaman_vs_Warrior+Paladin,Hunter+Shaman,Warrior+Paladin,8,team1,kill,122.45
Hunter+Shaman_vs_Warrior+Paladin,Hunter+Shaman,Warrior+Paladin,9,team1,kill,104.37
Hunter+Shaman_vs_Warrior+Hunter,Hunter+Shaman,Warrior+Hunter,0,team1,kill,17.58
Hunter+Shaman_vs_Warrior+Hunter,Hunter+Shaman,Warrior+Hunter,1,team1,kill,19.15
Hunter+Shaman_vs_Warrior+Hunter,Hunter+Shaman,Warrior+Hunter,2,team1,kill,14.97
Hunter+Shaman_vs_Warrior+Hunter,Hunter+Shaman,Warrior+Hunter,3,team1,kill,17.22
Hunter+Shaman_vs_Warrior+Hunter,Hunter+Shaman,Warrior+Hunter,4,team1,kill,16.80
Hunter+Shaman_vs_Warrior+Hunter,Hunter+Shaman,Warrior+Hunter,5,team1,kill,17.22
Hunter+Shaman_vs_Warrior+Hunter,Hunter+Shaman,Warrior+Hunter,6,team1,kill,17.22
Hunter+Shaman_vs_Warrior+Hunter,Hunter+Shaman,Warrior+Hunter,7,team1,kill,19.60
Hunter+Shaman_vs_Warrior+Hunter,Hunter+Shaman,Warrior+Hunter,8,team1,kill,19.60
Hunter+Shaman_vs_Warrior+Hunter,Hunter+Shaman,Warrior+Hunter,9,team1,kill,19.15
Hunter+Shaman_vs_Warrior+Shaman,Hunter+Shaman,Warrior+Shaman,0,team1,kill,50.35
Hunter+Shaman_vs_Warrior+Shaman,Hunter+Shaman,Warrior+Shaman,1,team1,kill,48.13
Hunter+Shaman_vs_Warrior+Shaman,Hunter+Shaman,Warrior+Shaman,2,team1,kill,62.03
Hunter+Shaman_vs_Warrior+Shaman,Hunter+Shaman,Warrior+Shaman,3,team1,kill,60.58
Hunter+Shaman_vs_Warrior+Shaman,Hunter+Shaman,Warrior+Shaman,4,team1,kill,52.58
Hunter+Shaman_vs_Warrior+Shaman,Hunter+Shaman,Warrior+Shaman,5,team1,kill,49.95
Hunter+Shaman_vs_Warrior+Shaman,Hunter+Shaman,Warrior+Shaman,6,team2,kill,23.63
Hunter+Shaman_vs_Warrior+Shaman,Hunter+Shaman,Warrior+Shaman,7,team1,kill,52.77
Hunter+Shaman_vs_Warrior+Shaman,Hunter+Shaman,Warrior+Shaman,8,team1,kill,47.93
Hunter+Shaman_vs_Warrior+Shaman,Hunter+Shaman,Warrior+Shaman,9,team1,kill,56.18
Hunter+Shaman_vs_Mage+Rogue,Hunter+Shaman,Mage+Rogue,0,team2,kill,21.72
Hunter+Shaman_vs_Mage+Rogue,Hunter+Shaman,Mage+Rogue,1,team2,kill,25.32
Hunter+Shaman_vs_Mage+Rogue,Hunter+Shaman,Mage+Rogue,2,team2,kill,21.57
Hunter+Shaman_vs_Mage+Rogue,Hunter+Shaman,Mage+Rogue,3,team2,kill,21.38
Hunter+Shaman_vs_Mage+Rogue,Hunter+Shaman,Mage+Rogue,4,team2,kill,30.22
Hunter+Shaman_vs_Mage+Rogue,Hunter+Shaman,Mage+Rogue,5,team2,kill,23.78
Hunter+Shaman_vs_Mage+Rogue,Hunter+Shaman,Mage+Rogue,6,team2,kill,29.18
Hunter+Shaman_vs_Mage+Rogue,Hunter+Shaman,Mage+Rogue,7,team2,kill,21.40
Hunter+Shaman_vs_Mage+Rogue,Hunter+Shaman,Mage+Rogue,8,team2,kill,23.85
Hunter+Shaman_vs_Mage+Rogue,Hunter+Shaman,Mage+Rogue,9,team2,kill,28.02
Hunter+Shaman_vs_Mage+Priest,Hunter+Shaman,Mage+Priest,0,team2,kill,28.30
Hunter+Shaman_vs_Mage+Priest,Hunter+Shaman,Mage+Priest,1,team2,kill,28.28
Hunter+Shaman_vs_Mage+Priest,Hunter+Shaman,Mage+Priest,2,team2,kill,31.65
Hunter+Shaman_vs_Mage+Priest,Hunter+Shaman,Mage+Priest,3,team2,kill,64.28
Hunter+Shaman_vs_Mage+Priest,Hunter+Shaman,Mage+Priest,4,team2,kill,29.10
Hunter+Shaman_vs_Mage+Priest,Hunter+Shaman,Mage+Priest,5,team2,kill,28.28
Hunter+Shaman_vs_Mage+Priest,Hunter+Shaman,Mage+Priest,6,team2,kill,54.87
Hunter+Shaman_vs_Mage+Priest,Hunter+Shaman,Mage+Priest,7,team2,kill,40.87
Hunter+Shaman_vs_Mage+Priest,Hunter+Shaman,Mage+Priest,8,team2,kill,31.32
Hunter+Shaman_vs_Mage+Priest,Hunter+Shaman,Mage+Priest,9,team2,kill,22.22
Hunter+Shaman_vs_Mage+Warlock,Hunter+Shaman,Mage+Warlock,0,team2,kill,30.62
Hunter+Shaman_vs_Mage+Warlock,Hunter+Shaman,Mage+Warlock,1,team2,kill,46.52
Hunter+Shaman_vs_Mage+Warlock,Hunter+Shaman,Mage+Warlock,2,team2,kill,33.58
Hunter+Shaman_vs_Mage+Warlock,Hunter+Shaman,Mage+Warlock,3,team2,kill,28.88
Hunter+Shaman_vs_Mage+Warlock,Hunter+Shaman,Mage+Warlock,4,team2,kill,30.28
Hunter+Shaman_vs_Mage+Warlock,Hunter+Shaman,Mage+Warlock,5,team2,kill,27.95
Hunter+Shaman_vs_Mage+Warlock,Hunter+Shaman,Mage+Warlock,6,team2,kill,29.60
Hunter+Shaman_vs_Mage+Warlock,Hunter+Shaman,Mage+Warlock,7,team1,kill,32.45
Hunter+Shaman_vs_Mage+Warlock,Hunter+Shaman,Mage+Warlock,8,team2,kill,26.00
Hunter+Shaman_vs_Mage+Warlock,Hunter+Shaman,Mage+Warlock,9,team2,kill,28.68
Hunter+Shaman_vs_Mage+Paladin,Hunter+Shaman,Mage+Paladin,0,team2,kill,28.73
Hunter+Shaman_vs_Mage+Paladin,Hunter+Shaman,Mage+Paladin,1,team2,kill,35.18
Hunter+Shaman_vs_Mage+Paladin,Hunter+Shaman,Mage+Paladin,2,team2,kill,22.90
Hunter+Shaman_vs_Mage+Paladin,Hunter+Shaman,Mage+Paladin,3,team2,kill,32.83
Hunter+Shaman_vs_Mage+Paladin,Hunter+Shaman,Mage+Paladin,4,team2,kill,32.83
Hunter+Shaman_vs_Mage+Paladin,Hunter+Shaman,Mage+Paladin,5,team2,kill,27.30
Hunter+Shaman_vs_Mage+Paladin,Hunter+Shaman,Mage+Paladin,6,team2,kill,35.62
Hunter+Shaman_vs_Mage+Paladin,Hunter+Shaman,Mage+Paladin,7,team2,kill,30.47
Hunter+Shaman_vs_Mage+Paladin,Hunter+Shaman,Mage+Paladin,8,team2,kill,25.82
Hunter+Shaman_vs_Mage+Paladin,Hunter+Shaman,Mage+Paladin,9,team2,kill,32.83
Hunter+Shaman_vs_Mage+Hunter,Hunter+Shaman,Mage+Hunter,0,team2,kill,19.98
Hunter+Shaman_vs_Mage+Hunter,Hunter+Shaman,Mage+Hunter,1,team2,kill,20.03
Hunter+Shaman_vs_Mage+Hunter,Hunter+Shaman,Mage+Hunter,2,team2,kill,28.70
Hunter+Shaman_vs_Mage+Hunter,Hunter+Shaman,Mage+Hunter,3,team1,kill,23.90
Hunter+Shaman_vs_Mage+Hunter,Hunter+Shaman,Mage+Hunter,4,team2,kill,14.77
Hunter+Shaman_vs_Mage+Hunter,Hunter+Shaman,Mage+Hunter,5,team1,kill,24.12
Hunter+Shaman_vs_Mage+Hunter,Hunter+Shaman,Mage+Hunter,6,team2,kill,20.20
Hunter+Shaman_vs_Mage+Hunter,Hunter+Shaman,Mage+Hunter,7,team2,kill,27.43
Hunter+Shaman_vs_Mage+Hunter,Hunter+Shaman,Mage+Hunter,8,team2,kill,22.37
Hunter+Shaman_vs_Mage+Hunter,Hunter+Shaman,Mage+Hunter,9,team2,kill,41.28
Hunter+Shaman_vs_Mage+Shaman,Hunter+Shaman,Mage+Shaman,0,team2,kill,14.70
Hunter+Shaman_vs_Mage+Shaman,Hunter+Shaman,Mage+Shaman,1,team2,kill,14.70
Hunter+Shaman_vs_Mage+Shaman,Hunter+Shaman,Mage+Shaman,2,team2,kill,14.70
Hunter+Shaman_vs_Mage+Shaman,Hunter+Shaman,Mage+Shaman,3,team2,kill,14.70
Hunter+Shaman_vs_Mage+Shaman,Hunter+Shaman,Mage+Shaman,4,team2,kill,14.03
Hunter+Shaman_vs_Mage+Shaman,Hunter+Shaman,Mage+Shaman,5,team2,kill,14.70
Hunter+Shaman_vs_Mage+Shaman,Hunter+Shaman,Mage+Shaman,6,team2,kill,14.70
Hunter+Shaman_vs_Mage+Shaman,Hunter+Shaman,Mage+Shaman,7,team2,kill,14.70
Hunter+Shaman_vs_Mage+Shaman,Hunter+Shaman,Mage+Shaman,8,team2,kill,14.70
Hunter+Shaman_vs_Mage+Shaman,Hunter+Shaman,Mage+Shaman,9,team2,kill,13.53
Hunter+Shaman_vs_Rogue+Priest,Hunter+Shaman,Rogue+Priest,0,team2,kill,58.20
Hunter+Shaman_vs_Rogue+Priest,Hunter+Shaman,Rogue+Priest,1,team2,kill,44.93
Hunter+Shaman_vs_Rogue+Priest,Hunter+Shaman,Rogue+Priest,2,team2,kill,45.87
Hunter+Shaman_vs_Rogue+Priest,Hunter+Shaman,Rogue+Priest,3,team2,kill,47.68
Hunter+Shaman_vs_Rogue+Priest,Hunter+Shaman,Rogue+Priest,4,team2,kill,49.62
Hunter+Shaman_vs_Rogue+Priest,Hunter+Shaman,Rogue+Priest,5,team2,kill,50.20
Hunter+Shaman_vs_Rogue+Priest,Hunter+Shaman,Rogue+Priest,6,team2,kill,53.28
Hunter+Shaman_vs_Rogue+Priest,Hunter+Shaman,Rogue+Priest,7,team2,kill,57.05
Hunter+Shaman_vs_Rogue+Priest,Hunter+Shaman,Rogue+Priest,8,team2,kill,35.93
Hunter+Shaman_vs_Rogue+Priest,Hunter+Shaman,Rogue+Priest,9,team2,kill,45.50
Hunter+Shaman_vs_Rogue+Warlock,Hunter+Shaman,Rogue+Warlock,0,team1,kill,29.32
Hunter+Shaman_vs_Rogue+Warlock,Hunter+Shaman,Rogue+Warlock,1,team1,kill,24.57
Hunter+Shaman_vs_Rogue+Warlock,Hunter+Shaman,Rogue+Warlock,2,team1,kill,29.32
Hunter+Shaman_vs_Rogue+Warlock,Hunter+Shaman,Rogue+Warlock,3,team1,kill,29.32
Hunter+Shaman_vs_Rogue+Warlock,Hunter+Shaman,Rogue+Warlock,4,team1,kill,29.30
Hunter+Shaman_vs_Rogue+Warlock,Hunter+Shaman,Rogue+Warlock,5,team2,kill,32.87
Hunter+Shaman_vs_Rogue+Warlock,Hunter+Shaman,Rogue+Warlock,6,team1,kill,22.75
Hunter+Shaman_vs_Rogue+Warlock,Hunter+Shaman,Rogue+Warlock,7,team1,kill,29.33
Hunter+Shaman_vs_Rogue+Warlock,Hunter+Shaman,Rogue+Warlock,8,team1,kill,26.27
Hunter+Shaman_vs_Rogue+Warlock,Hunter+Shaman,Rogue+Warlock,9,team1,kill,23.20
Hunter+Shaman_vs_Rogue+Paladin,Hunter+Shaman,Rogue+Paladin,0,team2,kill,39.88
Hunter+Shaman_vs_Rogue+Paladin,Hunter+Shaman,Rogue+Paladin,1,team2,kill,49.65
Hunter+Shaman_vs_Rogue+Paladin,Hunter+Shaman,Rogue+Paladin,2,team2,kill,38.35
Hunter+Shaman_vs_Rogue+Paladin,Hunter+Shaman,Rogue+Paladin,3,team2,kill,48.18
Hunter+Shaman_vs_Rogue+Paladin,Hunter+Shaman,Rogue+Paladin,4,team2,kill,49.50
Hunter+Shaman_vs_Rogue+Paladin,Hunter+Shaman,Rogue+Paladin,5,team2,kill,53.15
Hunter+Shaman_vs_Rogue+Paladin,Hunter+Shaman,Rogue+Paladin,6,team2,kill,49.98
Hunter+Shaman_vs_Rogue+Paladin,Hunter+Shaman,Rogue+Paladin,7,team2,kill,54.25
Hunter+Shaman_vs_Rogue+Paladin,Hunter+Shaman,Rogue+Paladin,8,team2,kill,43.97
Hunter+Shaman_vs_Rogue+Paladin,Hunter+Shaman,Rogue+Paladin,9,team2,kill,43.32
Hunter+Shaman_vs_Rogue+Hunter,Hunter+Shaman,Rogue+Hunter,0,team1,kill,16.97
Hunter+Shaman_vs_Rogue+Hunter,Hunter+Shaman,Rogue+Hunter,1,team1,kill,16.97
Hunter+Shaman_vs_Rogue+Hunter,Hunter+Shaman,Rogue+Hunter,2,team1,kill,18.03
Hunter+Shaman_vs_Rogue+Hunter,Hunter+Shaman,Rogue+Hunter,3,team1,kill,16.97
Hunter+Shaman_vs_Rogue+Hunter,Hunter+Shaman,Rogue+Hunter,4,team1,kill,16.97
Hunter+Shaman_vs_Rogue+Hunter,Hunter+Shaman,Rogue+Hunter,5,team1,kill,16.97
Hunter+Shaman_vs_Rogue+Hunter,Hunter+Shaman,Rogue+Hunter,6,team1,kill,18.03
Hunter+Shaman_vs_Rogue+Hunter,Hunter+Shaman,Rogue+Hunter,7,team1,kill,16.97
Hunter+Shaman_vs_Rogue+Hunter,Hunter+Shaman,Rogue+Hunter,8,team1,kill,18.03
Hunter+Shaman_vs_Rogue+Hunter,Hunter+Shaman,Rogue+Hunter,9,team1,kill,18.03
Hunter+Shaman_vs_Rogue+Shaman,Hunter+Shaman,Rogue+Shaman,0,team2,kill,41.02
Hunter+Shaman_vs_Rogue+Shaman,Hunter+Shaman,Rogue+Shaman,1,team2,kill,54.92
Hunter+Shaman_vs_Rogue+Shaman,Hunter+Shaman,Rogue+Shaman,2,team2,kill,41.02
Hunter+Shaman_vs_Rogue+Shaman,Hunter+Shaman,Rogue+Shaman,3,team2,kill,69.03
Hunter+Shaman_vs_Rogue+Shaman,Hunter+Shaman,Rogue+Shaman,4,team2,kill,41.02
Hunter+Shaman_vs_Rogue+Shaman,Hunter+Shaman,Rogue+Shaman,5,team2,kill,54.35
Hunter+Shaman_vs_Rogue+Shaman,Hunter+Shaman,Rogue+Shaman,6,team2,kill,41.40
Hunter+Shaman_vs_Rogue+Shaman,Hunter+Shaman,Rogue+Shaman,7,team2,kill,41.02
Hunter+Shaman_vs_Rogue+Shaman,Hunter+Shaman,Rogue+Shaman,8,team2,kill,69.67
Hunter+Shaman_vs_Rogue+Shaman,Hunter+Shaman,Rogue+Shaman,9,team2,kill,55.87
Hunter+Shaman_vs_Priest+Warlock,Hunter+Shaman,Priest+Warlock,0,team1,kill,57.27
Hunter+Shaman_vs_Priest+Warlock,Hunter+Shaman,Priest+Warlock,1,team2,kill,54.45
Hunter+Shaman_vs_Priest+Warlock,Hunter+Shaman,Priest+Warlock,2,team2,kill,51.02
Hunter+Shaman_vs_Priest+Warlock,Hunter+Shaman,Priest+Warlock,3,team2,kill,54.62
Hunter+Shaman_vs_Priest+Warlock,Hunter+Shaman,Priest+Warlock,4,team2,kill,47.68
Hunter+Shaman_vs_Priest+Warlock,Hunter+Shaman,Priest+Warlock,5,team2,kill,40.57
Hunter+Shaman_vs_Priest+Warlock,Hunter+Shaman,Priest+Warlock,6,team2,kill,43.72
Hunter+Shaman_vs_Priest+Warlock,Hunter+Shaman,Priest+Warlock,7,team2,kill,79.49
Hunter+Shaman_vs_Priest+Warlock,Hunter+Shaman,Priest+Warlock,8,team2,kill,42.33
Hunter+Shaman_vs_Priest+Warlock,Hunter+Shaman,Priest+Warlock,9,team2,kill,47.32
Hunter+Shaman_vs_Priest+Hunter,Hunter+Shaman,Priest+Hunter,0,team1,kill,48.88
Hunter+Shaman_vs_Priest+Hunter,Hunter+Shaman,Priest+Hunter,1,team1,kill,54.48
Hunter+Shaman_vs_Priest+Hunter,Hunter+Shaman,Priest+Hunter,2,team1,kill,44.05
Hunter+Shaman_vs_Priest+Hunter,Hunter+Shaman,Priest+Hunter,3,team2,kill,51.78
Hunter+Shaman_vs_Priest+Hunter,Hunter+Shaman,Priest+Hunter,4,team2,kill,46.95
Hunter+Shaman_vs_Priest+Hunter,Hunter+Shaman,Priest+Hunter,5,team1,kill,50.22
Hunter+Shaman_vs_Priest+Hunter,Hunter+Shaman,Priest+Hunter,6,team2,kill,48.37
Hunter+Shaman_vs_Priest+Hunter,Hunter+Shaman,Priest+Hunter,7,team1,kill,47.37
Hunter+Shaman_vs_Priest+Hunter,Hunter+Shaman,Priest+Hunter,8,team1,kill,52.13
Hunter+Shaman_vs_Priest+Hunter,Hunter+Shaman,Priest+Hunter,9,team1,kill,44.70
Hunter+Shaman_vs_Warlock+Paladin,Hunter+Shaman,Warlock+Paladin,0,team2,kill,42.98
Hunter+Shaman_vs_Warlock+Paladin,Hunter+Shaman,Warlock+Paladin,1,team2,kill,46.05
Hunter+Shaman_vs_Warlock+Paladin,Hunter+Shaman,Warlock+Paladin,2,team2,kill,44.40
Hunter+Shaman_vs_Warlock+Paladin,Hunter+Shaman,Warlock+Paladin,3,team2,kill,56.13
Hunter+Shaman_vs_Warlock+Paladin,Hunter+Shaman,Warlock+Paladin,4,team2,kill,42.98
Hunter+Shaman_vs_Warlock+Paladin,Hunter+Shaman,Warlock+Paladin,5,team2,kill,56.95
Hunter+Shaman_vs_Warlock+Paladin,Hunter+Shaman,Warlock+Paladin,6,team2,kill,54.25
Hunter+Shaman_vs_Warlock+Paladin,Hunter+Shaman,Warlock+Paladin,7,team2,kill,42.98
Hunter+Shaman_vs_Warlock+Paladin,Hunter+Shaman,Warlock+Paladin,8,team2,kill,42.98
Hunter+Shaman_vs_Warlock+Paladin,Hunter+Shaman,Warlock+Paladin,9,team2,kill,41.13
Hunter+Shaman_vs_Warlock+Hunter,Hunter+Shaman,Warlock+Hunter,0,team2,kill,42.25
Hunter+Shaman_vs_Warlock+Hunter,Hunter+Shaman,Warlock+Hunter,1,team2,kill,30.48
Hunter+Shaman_vs_Warlock+Hunter,Hunter+Shaman,Warlock+Hunter,2,team2,kill,32.07
Hunter+Shaman_vs_Warlock+Hunter,Hunter+Shaman,Warlock+Hunter,3,team2,kill,44.35
Hunter+Shaman_vs_Warlock+Hunter,Hunter+Shaman,Warlock+Hunter,4,team1,kill,18.12
Hunter+Shaman_vs_Warlock+Hunter,Hunter+Shaman,Warlock+Hunter,5,team2,kill,22.87
Hunter+Shaman_vs_Warlock+Hunter,Hunter+Shaman,Warlock+Hunter,6,team2,kill,39.77
Hunter+Shaman_vs_Warlock+Hunter,Hunter+Shaman,Warlock+Hunter,7,team2,kill,44.33
Hunter+Shaman_vs_Warlock+Hunter,Hunter+Shaman,Warlock+Hunter,8,team2,kill,42.53
Hunter+Shaman_vs_Warlock+Hunter,Hunter+Shaman,Warlock+Hunter,9,team2,kill,21.62
Hunter+Shaman_vs_Warlock+Shaman,Hunter+Shaman,Warlock+Shaman,0,team2,kill,39.38
Hunter+Shaman_vs_Warlock+Shaman,Hunter+Shaman,Warlock+Shaman,1,team2,kill,33.58
Hunter+Shaman_vs_Warlock+Shaman,Hunter+Shaman,Warlock+Shaman,2,team2,kill,42.27
Hunter+Shaman_vs_Warlock+Shaman,Hunter+Shaman,Warlock+Shaman,3,team2,kill,43.10
Hunter+Shaman_vs_Warlock+Shaman,Hunter+Shaman,Warlock+Shaman,4,team2,kill,39.38
Hunter+Shaman_vs_Warlock+Shaman,Hunter+Shaman,Warlock+Shaman,5,team2,kill,36.37
Hunter+Shaman_vs_Warlock+Shaman,Hunter+Shaman,Warlock+Shaman,6,team2,kill,32.35
Hunter+Shaman_vs_Warlock+Shaman,Hunter+Shaman,Warlock+Shaman,7,team2,kill,51.13
Hunter+Shaman_vs_Warlock+Shaman,Hunter+Shaman,Warlock+Shaman,8,team2,kill,45.68
Hunter+Shaman_vs_Warlock+Shaman,Hunter+Shaman,Warlock+Shaman,9,team2,kill,49.32
Hunter+Shaman_vs_Paladin+Hunter,Hunter+Shaman,Paladin+Hunter,0,team2,kill,67.80
Hunter+Shaman_vs_Paladin+Hunter,Hunter+Shaman,Paladin+Hunter,1,team2,kill,102.17
Hunter+Shaman_vs_Paladin+Hunter,Hunter+Shaman,Paladin+Hunter,2,team2,kill,85.67
Hunter+Shaman_vs_Paladin+Hunter,Hunter+Shaman,Paladin+Hunter,3,team2,kill,66.35
Hunter+Shaman_vs_Paladin+Hunter,Hunter+Shaman,Paladin+Hunter,4,team2,kill,62.08
Hunter+Shaman_vs_Paladin+Hunter,Hunter+Shaman,Paladin+Hunter,5,team2,kill,150.19
Hunter+Shaman_vs_Paladin+Hunter,Hunter+Shaman,Paladin+Hunter,6,team2,kill,59.38
Hunter+Shaman_vs_Paladin+Hunter,Hunter+Shaman,Paladin+Hunter,7,team2,kill,56.62
Hunter+Shaman_vs_Paladin+Hunter,Hunter+Shaman,Paladin+Hunter,8,team2,kill,46.95
Hunter+Shaman_vs_Paladin+Hunter,Hunter+Shaman,Paladin+Hunter,9,team2,kill,69.17
Hunter+Shaman_vs_Hunter+Shaman,Hunter+Shaman,Hunter+Shaman,0,draw,cap,300.00
Hunter+Shaman_vs_Hunter+Shaman,Hunter+Shaman,Hunter+Shaman,1,team1,kill,35.62
Hunter+Shaman_vs_Hunter+Shaman,Hunter+Shaman,Hunter+Shaman,2,team1,kill,23.33
Hunter+Shaman_vs_Hunter+Shaman,Hunter+Shaman,Hunter+Shaman,3,team2,kill,23.18
Hunter+Shaman_vs_Hunter+Shaman,Hunter+Shaman,Hunter+Shaman,4,team1,kill,17.17
Hunter+Shaman_vs_Hunter+Shaman,Hunter+Shaman,Hunter+Shaman,5,team1,kill,23.33
Hunter+Shaman_vs_Hunter+Shaman,Hunter+Shaman,Hunter+Shaman,6,team1,kill,34.18
Hunter+Shaman_vs_Hunter+Shaman,Hunter+Shaman,Hunter+Shaman,7,team2,kill,23.23
Hunter+Shaman_vs_Hunter+Shaman,Hunter+Shaman,Hunter+Shaman,8,team2,kill,48.43
Hunter+Shaman_vs_Hunter+Shaman,Hunter+Shaman,Hunter+Shaman,9,team1,kill,53.35
